t,drift_x,drift_y,lean,dpitch,base_z,tilt_rad,gx,gy,gz,yaw_delta,cmd_vx,cmd_vy,cmd_yaw,meta_selected,meta_safety_hold
0.0199962,0,0,0,0,0.732346,0,-0.0147913,-0.0010859,-0.99989,0,0.4,0,0,DISABLED,0
0.0399961,9.15444e-06,-3.50177e-06,0,3.81935e-06,0.732344,0,-0.0147875,-0.00108481,-0.99989,-1.42362e-05,0.4,0,0,DISABLED,0
0.0599961,4.16152e-05,-5.74486e-06,0,1.69389e-05,0.732339,0,-0.0147744,-0.00108444,-0.99989,-3.37083e-05,0.4,0,0,DISABLED,0
0.0799961,0.000103627,-3.33386e-05,0,2.93441e-05,0.732324,0,-0.014762,-0.00113044,-0.99989,-7.22781e-05,0.4,0,0,DISABLED,0
0.0999961,0.000213375,-0.000204401,0,0.000204167,0.732269,0.00059802,-0.0145872,-0.00161666,-0.999892,-0.000173777,0.4,0,0,DISABLED,0
0.119996,0.000343449,-0.000371644,0,0.000471152,0.732209,0.00119604,-0.0143202,-0.00221255,-0.999895,-0.000250714,0.4,0,0,DISABLED,0
0.139996,0.000643095,-0.000295877,0,0.000647338,0.732086,0.000913491,-0.014144,-0.00170868,-0.999898,-0.00075037,0.4,0,0,DISABLED,0
0.159996,0.00122286,0.000231834,0,0.000175017,0.731784,0.00204263,-0.0146163,0.000937004,-0.999893,-0.001784,0.4,0,0,DISABLED,0
0.179996,0.00208931,0.00124795,0,-0.000954592,0.731275,0.00648699,-0.0157459,0.00532635,-0.999862,-0.00261722,0.4,0,0,DISABLED,0
0.199996,0.00311101,0.00259844,0,-0.00201784,0.730822,0.0105406,-0.0168092,0.0092644,-0.999816,-0.00192836,0.4,0,0,DISABLED,0
0.219996,0.00443877,0.00406199,0,-0.00316787,0.730871,0.0114513,-0.0179592,0.00991876,-0.99979,-0.00203157,0.4,0,0,DISABLED,0
0.239996,0.00622782,0.00560131,0,-0.0043917,0.731434,0.00992309,-0.0191831,0.00780746,-0.999785,-0.00356223,0.4,0,0,DISABLED,0
0.259996,0.00839643,0.00719337,0,-0.00508705,0.732216,0.00728343,-0.0198784,0.00412958,-0.999794,-0.00569846,0.4,0,0,DISABLED,0
0.279996,0.0110681,0.009021,0,-0.00479341,0.732938,0.00499147,-0.0195848,0.000306242,-0.999808,-0.00725287,0.4,0,0,DISABLED,0
0.299996,0.0134165,0.0106283,0,-0.00344377,0.733225,0.00363762,-0.0182351,-0.00225202,-0.999831,-0.00823939,0.4,0,0,DISABLED,0
0.319996,0.0161965,0.0125867,0,-0.001438,0.733153,0.00236703,-0.0162294,-0.00296623,-0.999864,-0.0090549,0.4,0,0,DISABLED,0
0.339996,0.0191854,0.0147747,0,0.00081165,0.732674,0.00138107,-0.0139797,-0.00218977,-0.9999,-0.009243,0.4,0,0,DISABLED,0
0.359996,0.0223425,0.017316,0,0.00312352,0.731806,0.00327549,-0.0116678,-8.6306e-05,-0.999932,-0.00872672,0.4,0,0,DISABLED,0
0.379996,0.0249793,0.0196819,0,0.00462674,0.730703,0.00616668,-0.0101646,0.00300266,-0.999944,-0.00812546,0.4,0,0,DISABLED,0
0.399996,0.0295471,0.0232398,0,0.00465325,0.728944,0.0050034,-0.0101381,0.000756241,-0.999948,-0.00664891,0.4,0,0,DISABLED,0
0.419996,0.0330063,0.0255218,0,0.00132344,0.728501,0.00660536,-0.0134679,-0.00755549,-0.999881,-0.00623874,0.4,0,0,DISABLED,0
0.439996,0.0369964,0.0283249,0,-0.00407605,0.728592,0.00876192,-0.0188674,-0.00884143,-0.999783,-0.00287724,0.4,0,0,DISABLED,0
0.459996,0.0414042,0.030796,0,-0.00969988,0.728968,0.0108307,-0.0244912,-0.00590976,-0.999683,-0.000175258,0.4,0,0,DISABLED,0
0.479996,0.0459704,0.03277,0,-0.0147697,0.729374,0.0148185,-0.029561,-0.00222799,-0.99956,0.00132686,0.4,0,0,DISABLED,0
0.499996,0.0505266,0.0342412,0,-0.0169519,0.729632,0.016957,-0.0317433,-0.000880212,-0.999496,0.00195936,0.4,0,0,DISABLED,0
0.519996,0.0551417,0.0353606,0,-0.0167704,0.729852,0.0167874,-0.0315618,-0.00179602,-0.9995,0.00167413,0.4,0,0,DISABLED,0
0.539996,0.0599495,0.0361872,0,-0.0154193,0.73024,0.0156023,-0.0302106,-0.00345046,-0.999538,0.00105189,0.4,0,0,DISABLED,0
0.559996,0.065021,0.0366752,0,-0.0137069,0.73086,0.0141054,-0.0284982,-0.00439915,-0.999584,0.000528786,0.4,0,0,DISABLED,0
0.579996,0.0703607,0.0368474,0,-0.0118712,0.731606,0.0122947,-0.0266625,-0.00427416,-0.999635,0.000221837,0.4,0,0,DISABLED,0
0.599996,0.0759346,0.0367938,0,-0.00991326,0.732275,0.0101017,-0.0247046,-0.00304176,-0.99969,3.48631e-05,0.4,0,0,DISABLED,0
0.619996,0.0811178,0.0366134,0,-0.00830398,0.732673,0.00830798,-0.0230953,-0.00114291,-0.999733,8.4471e-06,0.4,0,0,DISABLED,0
0.639996,0.087604,0.0361961,0,-0.00590723,0.732779,0.00688807,-0.0206986,0.00246919,-0.999783,0.000222566,0.4,0,0,DISABLED,0
0.659996,0.0935814,0.035552,0,-0.00393672,0.732402,0.00710111,-0.0187281,0.00482268,-0.999813,0.000397285,0.4,0,0,DISABLED,0
0.679996,0.0995705,0.0345218,0,-0.0020818,0.731451,0.00534886,-0.0168731,0.00384254,-0.99985,0.000652971,0.4,0,0,DISABLED,0
0.699996,0.105544,0.033213,0,-0.000966252,0.730061,0.00161945,-0.0157576,0.00022317,-0.999876,-8.59648e-05,0.4,0,0,DISABLED,0
0.719995,0.112046,0.0320015,0,-0.00307323,0.729376,0.00433994,-0.0178646,0.00197041,-0.999838,-0.000451574,0.4,0,0,DISABLED,0
0.739995,0.119106,0.0308783,0,-0.00661497,0.729563,0.00761157,-0.0214063,0.00267559,-0.999767,-0.00308664,0.4,0,0,DISABLED,0
0.759995,0.126533,0.0300674,0,-0.0093169,0.730151,0.00937961,-0.0241083,5.99737e-05,-0.999709,-0.00851428,0.4,0,0,DISABLED,0
0.779995,0.133886,0.0294908,0,-0.00977925,0.730953,0.0104154,-0.0245706,-0.00468165,-0.999687,-0.0112982,0.4,0,0,DISABLED,0
0.799995,0.140858,0.0291834,0,-0.00824051,0.731794,0.0117544,-0.0230319,-0.00946749,-0.99969,-0.0124379,0.4,0,0,DISABLED,0
0.819995,0.147483,0.0292178,0,-0.00491949,0.73252,0.0132513,-0.0197108,-0.0133901,-0.999716,-0.0125425,0.4,0,0,DISABLED,0
0.839995,0.154054,0.0295403,0,-0.00224367,0.733036,0.0144931,-0.017035,-0.0154012,-0.999736,-0.0120267,0.4,0,0,DISABLED,0
0.859995,0.160689,0.0301017,0,-0.000231705,0.733336,0.0164792,-0.0150231,-0.0175604,-0.999733,-0.0117331,0.4,0,0,DISABLED,0
0.879995,0.16793,0.0309972,0,0.00206855,0.733351,0.0192735,-0.0127228,-0.0202484,-0.999714,-0.0122653,0.4,0,0,DISABLED,0
0.899995,0.17377,0.0319829,0,0.00506243,0.733067,0.021807,-0.00972892,-0.0222986,-0.999704,-0.0128716,0.4,0,0,DISABLED,0
0.919995,0.18018,0.033487,0,0.00863025,0.732417,0.0228456,-0.0061611,-0.0222363,-0.999734,-0.013707,0.4,0,0,DISABLED,0
0.939995,0.186622,0.0355269,0,0.011918,0.731535,0.0218698,-0.00287338,-0.0194236,-0.999807,-0.0149744,0.4,0,0,DISABLED,0
0.959995,0.191857,0.037589,0,0.0136216,0.730785,0.0196714,-0.00116971,-0.0152789,-0.999883,-0.0156922,0.4,0,0,DISABLED,0
0.979995,0.1998,0.0412698,0,0.0150846,0.729578,0.0157619,0.000293221,-0.00566903,-0.999984,-0.0152778,0.4,0,0,DISABLED,0
0.999995,0.207592,0.0445081,0,0.0129379,0.728561,0.0130199,-0.00185349,0.00038281,-0.999998,-0.0177439,0.4,0,0,DISABLED,0
1.02,0.212638,0.0460744,0,0.0092924,0.728428,0.00975956,-0.00549895,-0.00407339,-0.999977,-0.0149075,0.4,0,0,DISABLED,0
1.04,0.221011,0.0489112,0,0.0045697,0.7289,0.00609864,-0.0102216,-0.00512981,-0.999935,-0.00776939,0.4,0,0,DISABLED,0
1.06,0.228867,0.0514135,0,0.000194346,0.729709,0.00129187,-0.014597,0.000172872,-0.999893,-0.00539007,0.4,0,0,DISABLED,0
1.08,0.236,0.0532165,0,-0.00322065,0.730258,0.00739712,-0.018012,0.00556515,-0.999822,-0.00433448,0.4,0,0,DISABLED,0
1.1,0.242888,0.0546863,0,-0.00437965,0.73041,0.010902,-0.019171,0.00889646,-0.999777,-0.00300824,0.4,0,0,DISABLED,0
1.12,0.248949,0.0558957,0,-0.0041828,0.730456,0.0123527,-0.0189742,0.0105392,-0.999764,-0.00227506,0.4,0,0,DISABLED,0
1.14,0.255616,0.0570677,0,-0.00349699,0.730725,0.0134611,-0.0182883,0.0119084,-0.999762,-0.00194663,0.4,0,0,DISABLED,0
1.16,0.262794,0.058079,0,-0.00210692,0.731309,0.015313,-0.0168983,0.0140805,-0.999758,-0.0021384,0.4,0,0,DISABLED,0
1.18,0.268556,0.0587136,0,-0.000540522,0.731852,0.0180634,-0.0153319,0.0169703,-0.999738,-0.00191706,0.4,0,0,DISABLED,0
1.2,0.274849,0.059237,0,0.0012824,0.732293,0.0213121,-0.013509,0.0201896,-0.999705,-0.00243042,0.4,0,0,DISABLED,0
1.22,0.281061,0.0594365,0,0.0025758,0.732407,0.0236431,-0.0122155,0.0224173,-0.999674,-0.00139763,0.4,0,0,DISABLED,0
1.24,0.284766,0.0594176,0,0.00276443,0.732321,0.0242874,-0.0120269,0.0230444,-0.999662,-0.000988141,0.4,0,0,DISABLED,0
1.25999,0.293233,0.0589842,0,0.00194147,0.731769,0.0230508,-0.0128499,0.0218817,-0.999678,-0.00220088,0.4,0,0,DISABLED,0
1.27999,0.299179,0.0583687,0,0.000441366,0.731192,0.0203037,-0.01435,0.0192153,-0.999712,-0.00173017,0.4,0,0,DISABLED,0
1.29999,0.304921,0.0576938,0,-0.00101405,0.730587,0.0158787,-0.0158054,0.0147593,-0.999766,-0.00358591,0.4,0,0,DISABLED,0
1.31999,0.310924,0.057141,0,-0.00371141,0.730531,0.0141476,-0.0185028,0.012568,-0.99975,-0.00567545,0.4,0,0,DISABLED,0
1.33999,0.317059,0.0567865,0,-0.00543806,0.730847,0.0119405,-0.0202294,0.00954229,-0.99975,-0.010526,0.4,0,0,DISABLED,0
1.35999,0.323686,0.0566428,0,-0.00696973,0.731251,0.00962426,-0.0217611,0.00554139,-0.999748,-0.0151103,0.4,0,0,DISABLED,0
1.37999,0.330668,0.0565465,0,-0.00778618,0.731885,0.00807514,-0.0225775,0.0010492,-0.999745,-0.0157761,0.4,0,0,DISABLED,0
1.39999,0.336721,0.0564832,0,-0.00680103,0.73254,0.00741321,-0.0215924,-0.0040318,-0.999759,-0.0155666,0.4,0,0,DISABLED,0
1.41999,0.343695,0.0566339,0,-0.0032699,0.733275,0.00879587,-0.0180613,-0.00924463,-0.999794,-0.0166317,0.4,0,0,DISABLED,0
1.43999,0.349896,0.0570013,0,0.000121655,0.73376,0.0110432,-0.0146697,-0.0121256,-0.999819,-0.0157544,0.4,0,0,DISABLED,0
1.45999,0.356137,0.0575985,0,0.00281979,0.733999,0.0144849,-0.0119716,-0.0152904,-0.999811,-0.0148909,0.4,0,0,DISABLED,0
1.47999,0.362377,0.0584695,0,0.00537924,0.733915,0.0183839,-0.00941211,-0.0186646,-0.999781,-0.0149684,0.4,0,0,DISABLED,0
1.49999,0.368568,0.059604,0,0.00831659,0.733463,0.0215402,-0.00647476,-0.0209561,-0.999759,-0.0152169,0.4,0,0,DISABLED,0
1.51999,0.374705,0.0611165,0,0.0116928,0.732682,0.0229003,-0.00309855,-0.0207728,-0.999779,-0.0155274,0.4,0,0,DISABLED,0
1.53999,0.380256,0.0629124,0,0.0142744,0.731823,0.0226543,-0.000516905,-0.0186776,-0.999825,-0.0162447,0.4,0,0,DISABLED,0
1.55999,0.387143,0.065739,0,0.0169729,0.73073,0.0198494,0.00218158,-0.0113779,-0.999933,-0.017417,0.4,0,0,DISABLED,0
1.57999,0.393542,0.0687955,0,0.0174767,0.729595,0.0175104,0.00268534,-0.00219914,-0.999994,-0.01752,0.4,0,0,DISABLED,0
1.59999,0.400208,0.0715057,0,0.0151242,0.728769,0.015125,0.000332894,-0.00102579,-0.999999,-0.016121,0.4,0,0,DISABLED,0
1.61999,0.406928,0.0738665,0,0.0110867,0.728745,0.0119205,-0.0037047,-0.00547103,-0.999978,-0.0120963,0.4,0,0,DISABLED,0
1.63999,0.413582,0.0763881,0,0.00664005,0.729192,0.00759589,-0.0081513,-0.0047799,-0.999955,-0.00821851,0.4,0,0,DISABLED,0
1.65999,0.420444,0.0787084,0,0.00144524,0.729875,0.00234172,-0.0133461,0.000792079,-0.999911,-0.00595473,0.4,0,0,DISABLED,0
1.67999,0.427281,0.0804796,0,-0.00221674,0.730413,0.00776661,-0.0170081,0.00636091,-0.999835,-0.00415819,0.4,0,0,DISABLED,0
1.69999,0.433949,0.0818147,0,-0.00339323,0.73058,0.0105179,-0.0181846,0.00886628,-0.999795,-0.00287911,0.4,0,0,DISABLED,0
1.71999,0.440576,0.0830126,0,-0.0033036,0.730642,0.0114409,-0.0180949,0.00986793,-0.999788,-0.00229218,0.4,0,0,DISABLED,0
1.73999,0.447221,0.0840423,0,-0.00283023,0.730927,0.0120893,-0.0176216,0.0106679,-0.999788,-0.00194902,0.4,0,0,DISABLED,0
1.75999,0.452478,0.0846616,0,-0.00203672,0.731323,0.012775,-0.0168281,0.0115249,-0.999792,-0.00167906,0.4,0,0,DISABLED,0
1.77999,0.457662,0.0851213,0,-0.000532115,0.731792,0.0148667,-0.0153235,0.0137725,-0.999788,-0.00095118,0.4,0,0,DISABLED,0
1.79999,0.466631,0.0856686,0,0.00155412,0.732514,0.0188007,-0.0132372,0.017649,-0.999757,-0.000942795,0.4,0,0,DISABLED,0
1.81999,0.472976,0.0857809,0,0.00293464,0.732706,0.021601,-0.0118567,0.0203161,-0.999723,-0.00068789,0.4,0,0,DISABLED,0
1.83999,0.479246,0.0856012,0,0.00352629,0.732562,0.0228143,-0.0112651,0.0214569,-0.999706,-0.000149297,0.4,0,0,DISABLED,0
1.85999,0.485428,0.0852071,0,0.0031728,0.732177,0.0225038,-0.0116185,0.0211939,-0.999708,-0.000688354,0.4,0,0,DISABLED,0
1.87999,0.491419,0.0845222,0,0.00264401,0.731538,0.0196168,-0.0121473,0.0183488,-0.999758,-0.00148818,0.4,0,0,DISABLED,0
1.89999,0.497313,0.0837455,0,0.00174487,0.730811,0.0158072,-0.0130465,0.0146221,-0.999808,-0.00371926,0.4,0,0,DISABLED,0
1.91999,0.503591,0.0830118,0,-0.000971097,0.730645,0.0138883,-0.0157624,0.0127688,-0.999794,-0.00543193,0.4,0,0,DISABLED,0
1.93999,0.510071,0.0825268,0,-0.00306124,0.730866,0.0109347,-0.0178526,0.00941013,-0.999796,-0.010048,0.4,0,0,DISABLED,0
1.95999,0.517003,0.0823975,0,-0.00474742,0.731191,0.0084573,-0.0195388,0.00591595,-0.999792,-0.0143418,0.4,0,0,DISABLED,0
1.97999,0.524228,0.0823635,0,-0.00587177,0.731768,0.00624352,-0.0206631,0.00101936,-0.999786,-0.0157845,0.4,0,0,DISABLED,0
1.99999,0.531769,0.0823764,0,-0.00455592,0.73253,0.00560993,-0.0193473,-0.00436639,-0.999803,-0.0153753,0.4,0,0,DISABLED,0
2.01999,0.537592,0.0825596,0,-0.00130365,0.733119,0.00777428,-0.016095,-0.00874449,-0.999832,-0.0156063,0.4,0,0,DISABLED,0
2.03999,0.543994,0.0829691,0,0.00184001,0.733619,0.0114565,-0.0129513,-0.0123927,-0.999839,-0.0156297,0.4,0,0,DISABLED,0
2.05999,0.550404,0.0835937,0,0.00433666,0.733835,0.0156709,-0.0104547,-0.0161443,-0.999815,-0.0156698,0.4,0,0,DISABLED,0
2.07999,0.556765,0.0844792,0,0.00678121,0.7337,0.0199423,-0.00801014,-0.0198385,-0.999771,-0.016166,0.4,0,0,DISABLED,0
2.09999,0.563051,0.0856615,0,0.00962905,0.733195,0.0232054,-0.0051623,-0.0222004,-0.99974,-0.0168659,0.4,0,0,DISABLED,0
2.11999,0.569283,0.0872458,0,0.0128515,0.732402,0.0244708,-0.00193982,-0.0219094,-0.999758,-0.0178494,0.4,0,0,DISABLED,0
2.13999,0.575543,0.0893155,0,0.0157675,0.7315,0.0233718,0.000976107,-0.0183366,-0.999831,-0.01891,0.4,0,0,DISABLED,0
2.15999,0.581955,0.0919025,0,0.0173096,0.730654,0.0202213,0.00251827,-0.0115404,-0.99993,-0.0198261,0.4,0,0,DISABLED,0
2.17999,0.588432,0.0948776,0,0.0174459,0.729605,0.0174797,0.00265453,-0.00216804,-0.999994,-0.0190025,0.4,0,0,DISABLED,0
2.19999,0.595172,0.0975414,0,0.0143988,0.728766,0.0144065,-0.00039251,-0.00157502,-0.999999,-0.0177059,0.4,0,0,DISABLED,0
2.21999,0.602566,0.100092,0,0.0105089,0.72871,0.0114669,-0.0042824,-0.00567682,-0.999975,-0.0143645,0.4,0,0,DISABLED,0
2.23999,0.609292,0.102535,0,0.00649444,0.729184,0.00736481,-0.00829691,-0.00456034,-0.999955,-0.0117473,0.4,0,0,DISABLED,0
2.25999,0.615521,0.10447,0,0.00143251,0.729792,0.00251358,-0.0133588,0.000972718,-0.99991,-0.00962374,0.4,0,0,DISABLED,0
2.27999,0.623052,0.106233,0,-0.0020315,0.730307,0.00758804,-0.0168229,0.00621757,-0.999839,-0.00826241,0.4,0,0,DISABLED,0
2.29999,0.629062,0.107331,0,-0.0026433,0.730385,0.00977177,-0.0174347,0.00832137,-0.999813,-0.00707549,0.4,0,0,DISABLED,0
2.31999,0.635712,0.108488,0,-0.00255011,0.730423,0.0105236,-0.0173415,0.00912278,-0.999808,-0.00722958,0.4,0,0,DISABLED,0
2.33999,0.642996,0.109548,0,-0.00214276,0.730762,0.0112623,-0.0169341,0.00997129,-0.999807,-0.0070698,0.4,0,0,DISABLED,0
2.35999,0.649466,0.110227,0,-0.00100486,0.731317,0.0124393,-0.0157962,0.0113127,-0.999811,-0.00646461,0.4,0,0,DISABLED,0
2.37999,0.655202,0.110653,0,0.000749545,0.731854,0.0155372,-0.0140418,0.0144319,-0.999797,-0.00430608,0.4,0,0,DISABLED,0
2.39999,0.661504,0.111008,0,0.0024042,0.73233,0.0180171,-0.0123872,0.0167681,-0.999783,-0.00618432,0.4,0,0,DISABLED,0
2.41999,0.667725,0.111061,0,0.00376141,0.732553,0.02045,-0.0110299,0.0190156,-0.999758,-0.00611159,0.4,0,0,DISABLED,0
2.43999,0.67448,0.11077,0,0.00423677,0.732457,0.0215347,-0.0105546,0.0200241,-0.999744,-0.00612793,0.4,0,0,DISABLED,0
2.45999,0.679952,0.110331,0,0.00368786,0.732176,0.0212083,-0.0111035,0.0197998,-0.999742,-0.00684064,0.4,0,0,DISABLED,0
2.47999,0.685818,0.109589,0,0.00299948,0.731589,0.0183969,-0.0117919,0.0170612,-0.999785,-0.00835822,0.4,0,0,DISABLED,0
2.49999,0.691594,0.108753,0,0.00189339,0.73085,0.0146608,-0.012898,0.0134521,-0.999826,-0.0104506,0.4,0,0,DISABLED,0
2.51999,0.697731,0.10798,0,-0.00103995,0.730648,0.0133186,-0.0158313,0.0121917,-0.9998,-0.0115227,0.4,0,0,DISABLED,0
2.53999,0.704139,0.107479,0,-0.00365683,0.730861,0.011257,-0.0184482,0.00956157,-0.999784,-0.0158585,0.4,0,0,DISABLED,0
2.55999,0.71098,0.107299,0,-0.00560061,0.731191,0.00920643,-0.020392,0.00621819,-0.999773,-0.0202729,0.4,0,0,DISABLED,0
2.57999,0.71813,0.107238,0,-0.00684036,0.731781,0.00730794,-0.0216317,0.0014941,-0.999765,-0.0219272,0.4,0,0,DISABLED,0
2.59999,0.722315,0.107214,0,-0.00652561,0.732204,0.00656916,-0.021317,-0.00182379,-0.999771,-0.0220485,0.4,0,0,DISABLED,0
2.61999,0.731413,0.107395,0,-0.00168674,0.733147,0.0076194,-0.0164781,-0.00851034,-0.999828,-0.0233766,0.4,0,0,DISABLED,0
2.63999,0.737773,0.107767,0,0.0015458,0.733614,0.00996505,-0.0132455,-0.0109272,-0.999853,-0.0228178,0.4,0,0,DISABLED,0
2.65999,0.744207,0.108332,0,0.00432502,0.733828,0.0136152,-0.0104663,-0.0139966,-0.999847,-0.0221704,0.4,0,0,DISABLED,0
2.67999,0.750611,0.109164,0,0.00696469,0.733728,0.0178208,-0.00782666,-0.0174877,-0.999816,-0.022744,0.4,0,0,DISABLED,0
2.69999,0.756964,0.110247,0,0.00947734,0.733283,0.021056,-0.00531401,-0.0198865,-0.999788,-0.0234666,0.4,0,0,DISABLED,0
2.71999,0.762621,0.111511,0,0.0126666,0.732617,0.0228143,-0.00212474,-0.0200618,-0.999797,-0.0240605,0.4,0,0,DISABLED,0
2.73999,0.769532,0.113596,0,0.0161035,0.731596,0.0222374,0.00131215,-0.0164234,-0.999864,-0.0250752,0.4,0,0,DISABLED,0
2.75999,0.775992,0.116077,0,0.0178465,0.730689,0.0198194,0.00305513,-0.00970751,-0.999948,-0.0259431,0.4,0,0,DISABLED,0
2.77999,0.781902,0.11871,0,0.0181835,0.729736,0.0182309,0.00339211,-0.00236823,-0.999991,-0.0259642,0.4,0,0,DISABLED,0
2.79999,0.78947,0.121613,0,0.0155873,0.728778,0.0157051,0.000795999,0.000846643,-0.999999,-0.0248186,0.4,0,0,DISABLED,0
2.81999,0.796385,0.123824,0,0.0106968,0.728698,0.0110755,-0.00409458,-0.00395311,-0.999984,-0.0195397,0.4,0,0,DISABLED,0
2.83999,0.803169,0.126195,0,0.00625142,0.729141,0.00656008,-0.00853993,-0.00307706,-0.999959,-0.0153304,0.4,0,0,DISABLED,0
2.85999,0.810091,0.128382,0,0.00179944,0.729835,0.00338291,-0.0129919,0.00178327,-0.999914,-0.0132153,0.4,0,0,DISABLED,0
2.87999,0.816941,0.130037,0,-0.00190726,0.730348,0.00842907,-0.0166986,0.00712596,-0.999835,-0.0113121,0.4,0,0,DISABLED,0
2.89999,0.82362,0.131274,0,-0.00283604,0.730477,0.0107699,-0.0176274,0.00930199,-0.999801,-0.00997678,0.4,0,0,DISABLED,0
2.91999,0.830244,0.132364,0,-0.00262687,0.730497,0.0115652,-0.0174182,0.0101755,-0.999797,-0.00974448,0.4,0,0,DISABLED,0
2.93999,0.836863,0.133249,0,-0.00206968,0.730744,0.0121631,-0.016861,0.0108996,-0.999798,-0.00974517,0.4,0,0,DISABLED,0
2.95999,0.843371,0.133838,0,-0.000944455,0.731235,0.0132783,-0.0157358,0.0121581,-0.999802,-0.00965615,0.4,0,0,DISABLED,0
2.97999,0.850378,0.13424,0,0.000688401,0.731882,0.0155295,-0.0141029,0.0144267,-0.999796,-0.0104134,0.4,0,0,DISABLED,0
2.99999,0.85602,0.134393,0,0.00252987,0.732323,0.0186607,-0.0122615,0.0174025,-0.999773,-0.0113847,0.4,0,0,DISABLED,0
3.01999,0.862223,0.134291,0,0.00384691,0.732539,0.02109,-0.0109444,0.0196487,-0.999747,-0.0111239,0.4,0,0,DISABLED,0
3.03999,0.868346,0.133874,0,0.00449908,0.732402,0.0220219,-0.0102923,0.0204696,-0.999738,-0.0107612,0.4,0,0,DISABLED,0
3.05999,0.874437,0.13328,0,0.00383347,0.732045,0.0215014,-0.0109579,0.0200694,-0.999739,-0.0113751,0.4,0,0,DISABLED,0
3.08,0.880318,0.132459,0,0.00299407,0.731446,0.0183547,-0.0117973,0.0170214,-0.999786,-0.0127414,0.4,0,0,DISABLED,0
3.1,0.884881,0.131733,0,0.002314,0.730848,0.0146689,-0.0124774,0.0133982,-0.999832,-0.015158,0.4,0,0,DISABLED,0
3.12,0.89227,0.13075,0,-0.0014825,0.73061,0.0127235,-0.0162738,0.0115503,-0.999801,-0.0181302,0.4,0,0,DISABLED,0
3.14,0.89863,0.130053,0,-0.00386015,0.730836,0.010084,-0.0186515,0.0082305,-0.999792,-0.0226456,0.4,0,0,DISABLED,0
3.16,0.905413,0.129644,0,-0.00531162,0.731176,0.00814862,-0.020103,0.00509212,-0.999785,-0.0267583,0.4,0,0,DISABLED,0
3.18,0.912464,0.129342,0,-0.00629876,0.731786,0.00635705,-0.0210901,-0.000223688,-0.999778,-0.0287433,0.4,0,0,DISABLED,0
3.2,0.919193,0.129133,0,-0.00460116,0.732496,0.00687941,-0.0193925,-0.00619546,-0.999793,-0.0287014,0.4,0,0,DISABLED,0
3.22,0.92551,0.129171,0,-0.00163817,0.733152,0.00897697,-0.0164295,-0.00991616,-0.999816,-0.0280627,0.4,0,0,DISABLED,0
3.24,0.931717,0.12948,0,0.00154543,0.733657,0.0124489,-0.0132459,-0.0134381,-0.999822,-0.0276865,0.4,0,0,DISABLED,0
3.26,0.937954,0.13002,0,0.00400651,0.7339,0.0163667,-0.0107848,-0.0169538,-0.999798,-0.027544,0.4,0,0,DISABLED,0
3.28,0.944211,0.130819,0,0.00621777,0.733786,0.020336,-0.00857358,-0.0204449,-0.999754,-0.0280215,0.4,0,0,DISABLED,0
3.3,0.950413,0.131894,0,0.00863427,0.733298,0.0232952,-0.00615707,-0.0227229,-0.999723,-0.0284789,0.4,0,0,DISABLED,0
3.32,0.956545,0.13341,0,0.0123576,0.73248,0.0246987,-0.00243377,-0.0224687,-0.999745,-0.0291917,0.4,0,0,DISABLED,0
3.34,0.962755,0.135426,0,0.0154086,0.731522,0.0238115,0.000617237,-0.0192381,-0.999815,-0.0304994,0.4,0,0,DISABLED,0
3.36,0.969076,0.137978,0,0.0173579,0.730573,0.0207394,0.00256652,-0.0124381,-0.999919,-0.0313134,0.4,0,0,DISABLED,0
3.38,0.97548,0.140955,0,0.0178473,0.729476,0.0179707,0.00305594,-0.00320032,-0.99999,-0.0313422,0.4,0,0,DISABLED,0
3.4,0.98217,0.143555,0,0.015428,0.728666,0.0154487,0.000636694,-0.00187585,-0.999998,-0.0297061,0.4,0,0,DISABLED,0
3.42,0.988873,0.145783,0,0.0115581,0.728663,0.0125917,-0.00323328,-0.00608475,-0.999976,-0.0257404,0.4,0,0,DISABLED,0
3.44,0.995527,0.148162,0,0.00730613,0.729146,0.00830798,-0.00748522,-0.0050547,-0.999959,-0.0222556,0.4,0,0,DISABLED,0
3.46,1.0024,0.150322,0,0.0023339,0.729843,0.0029701,-0.0124574,0.000744408,-0.999922,-0.0199583,0.4,0,0,DISABLED,0
3.48,1.00991,0.152089,0,-0.00113823,0.73039,0.00697407,-0.0159296,0.00579428,-0.999856,-0.0191804,0.4,0,0,DISABLED,0
3.5,1.01457,0.152949,0,-0.00210079,0.730499,0.00943031,-0.0168921,0.00810688,-0.999824,-0.0181335,0.4,0,0,DISABLED,0
3.52001,1.02246,0.154255,0,-0.00175067,0.730507,0.0108691,-0.016542,0.00963909,-0.999817,-0.0166128,0.4,0,0,DISABLED,0
3.54001,1.02908,0.155148,0,-0.00118561,0.730744,0.01142,-0.015977,0.0102741,-0.99982,-0.0166628,0.4,0,0,DISABLED,0
3.56001,1.03564,0.155758,0,-0.000256187,0.731234,0.0125395,-0.0150475,0.0114512,-0.999821,-0.0163218,0.4,0,0,DISABLED,0
3.58001,1.04209,0.156167,0,0.00115637,0.731831,0.0149467,-0.013635,0.0138147,-0.999812,-0.0166329,0.4,0,0,DISABLED,0
3.60001,1.04842,0.156394,0,0.00286267,0.732337,0.0184131,-0.0119287,0.0171051,-0.999783,-0.0172199,0.4,0,0,DISABLED,0
3.62001,1.05526,0.156305,0,0.00417401,0.732537,0.021121,-0.0106173,0.0196146,-0.999751,-0.0167649,0.4,0,0,DISABLED,0
3.64001,1.06083,0.155976,0,0.00464486,0.732387,0.0223443,-0.0101465,0.0207688,-0.999733,-0.0163162,0.4,0,0,DISABLED,0
3.66001,1.06695,0.155418,0,0.00389021,0.731995,0.021837,-0.0109011,0.0204019,-0.999732,-0.0168181,0.4,0,0,DISABLED,0
3.68001,1.07285,0.154605,0,0.00311552,0.731372,0.0190213,-0.0116758,0.0176769,-0.999776,-0.0179229,0.4,0,0,DISABLED,0
3.70001,1.07868,0.153728,0,0.0013575,0.730713,0.0143734,-0.0134338,0.0132256,-0.999822,-0.0211935,0.4,0,0,DISABLED,0
3.72001,1.08486,0.152861,0,-0.00116943,0.730605,0.0124153,-0.0159608,0.0112697,-0.999809,-0.0232167,0.4,0,0,DISABLED,0
3.74001,1.0912,0.152215,0,-0.00304157,0.730879,0.00932224,-0.0178329,0.00773018,-0.999811,-0.028372,0.4,0,0,DISABLED,0
3.76001,1.09803,0.151876,0,-0.00453392,0.731247,0.00689672,-0.0193253,0.00410454,-0.999805,-0.0323909,0.4,0,0,DISABLED,0
3.78001,1.10517,0.151632,0,-0.00543646,0.731857,0.00543728,-0.0202278,-0.00112452,-0.999795,-0.0339151,0.4,0,0,DISABLED,0
3.80001,1.112,0.151465,0,-0.00403271,0.732554,0.00694838,-0.0188241,-0.00674049,-0.9998,-0.0338939,0.4,0,0,DISABLED,0
3.82001,1.11715,0.151475,0,-0.00138528,0.73308,0.00921937,-0.0161766,-0.0101996,-0.999817,-0.0337639,0.4,0,0,DISABLED,0
3.84001,1.12474,0.151799,0,0.00268882,0.733694,0.0135845,-0.0121025,-0.0144016,-0.999823,-0.0343767,0.4,0,0,DISABLED,0
3.86001,1.12983,0.152184,0,0.00518096,0.733883,0.0174627,-0.00961039,-0.0177613,-0.999796,-0.034446,0.4,0,0,DISABLED,0
3.88001,1.13753,0.153089,0,0.00715948,0.733724,0.0213763,-0.00763187,-0.0212268,-0.999746,-0.0352752,0.4,0,0,DISABLED,0
3.90001,1.14387,0.154143,0,0.00970178,0.733207,0.0246116,-0.00508957,-0.0237045,-0.999706,-0.0359777,0.4,0,0,DISABLED,0
3.92001,1.1501,0.155602,0,0.0130894,0.732418,0.0258404,-0.00170198,-0.0233675,-0.999726,-0.0366894,0.4,0,0,DISABLED,0
3.94001,1.15638,0.157561,0,0.0161961,0.73152,0.0247517,0.00140478,-0.0198002,-0.999803,-0.0376981,0.4,0,0,DISABLED,0
3.96002,1.16282,0.160045,0,0.0179493,0.730657,0.0215236,0.00315791,-0.0129652,-0.999911,-0.0382753,0.4,0,0,DISABLED,0
3.98002,1.16937,0.162951,0,0.0181535,0.729627,0.0183807,0.00336217,-0.00397254,-0.999986,-0.0380176,0.4,0,0,DISABLED,0
4.00002,1.1762,0.165626,0,0.0155665,0.728718,0.0155946,0.000775118,-0.00196786,-0.999998,-0.037365,0.4,0,0,DISABLED,0
4.02002,1.18301,0.167803,0,0.0117096,0.728601,0.0128818,-0.00308171,-0.00645682,-0.999974,-0.0335435,0.4,0,0,DISABLED,0
4.04002,1.18976,0.170101,0,0.00757061,0.729029,0.00894371,-0.00722074,-0.00584736,-0.999957,-0.0299025,0.4,0,0,DISABLED,0
4.06002,1.19672,0.172193,0,0.00265327,0.729721,0.00276214,-0.0121381,-0.000328463,-0.999926,-0.0276981,0.4,0,0,DISABLED,0
4.08002,1.20433,0.173904,0,-0.00105408,0.730303,0.00668608,-0.0158454,0.00552532,-0.999859,-0.0262293,0.4,0,0,DISABLED,0
4.10002,1.20903,0.174716,0,-0.00177792,0.73041,0.00904971,-0.0165693,0.00778971,-0.999832,-0.0249547,0.4,0,0,DISABLED,0
4.12002,1.21696,0.176002,0,-0.0015524,0.730444,0.0103925,-0.0163437,0.0091854,-0.999824,-0.0243751,0.4,0,0,DISABLED,0
4.14002,1.22354,0.17694,0,-0.00115178,0.73072,0.011156,-0.0159431,0.0100091,-0.999823,-0.0245406,0.4,0,0,DISABLED,0
4.16002,1.22998,0.177672,0,-0.000139551,0.731257,0.0125727,-0.0149309,0.0114849,-0.999823,-0.0247405,0.4,0,0,DISABLED,0
4.18002,1.23626,0.178222,0,0.00146629,0.731886,0.015278,-0.0133251,0.0141193,-0.999812,-0.0254019,0.4,0,0,DISABLED,0
4.20002,1.24244,0.17856,0,0.00320188,0.732389,0.0186127,-0.0115895,0.01725,-0.999784,-0.0260803,0.4,0,0,DISABLED,0
4.22002,1.24914,0.178541,0,0.00455516,0.732574,0.0212701,-0.0102362,0.0196885,-0.999754,-0.025161,0.4,0,0,DISABLED,0
4.24002,1.25462,0.178293,0,0.0047359,0.732463,0.0222293,-0.0100554,0.0206303,-0.999737,-0.0247247,0.4,0,0,DISABLED,0
4.26002,1.26052,0.17775,0,0.00401079,0.732061,0.0211605,-0.0107806,0.0196918,-0.999748,-0.0268743,0.4,0,0,DISABLED,0
4.28002,1.2664,0.176996,0,0.00244719,0.731474,0.0188102,-0.0123442,0.0175619,-0.99977,-0.0270486,0.4,0,0,DISABLED,0
4.30002,1.27205,0.176167,0,0.00104207,0.730779,0.0147014,-0.0137493,0.0135776,-0.999813,-0.0290194,0.4,0,0,DISABLED,0
4.32002,1.27625,0.175722,0,-0.00129508,0.730627,0.013828,-0.0160864,0.0126805,-0.99979,-0.0313378,0.4,0,0,DISABLED,0
4.34002,1.28403,0.174848,0,-0.00380774,0.730865,0.0109728,-0.0185991,0.00920744,-0.999785,-0.035015,0.4,0,0,DISABLED,0
4.36002,1.29065,0.1746,0,-0.00557173,0.731181,0.00838653,-0.0203631,0.00518053,-0.999779,-0.0417632,0.4,0,0,DISABLED,0
4.38002,1.2976,0.174328,0,-0.00682584,0.731751,0.00707588,-0.0216172,0.000769232,-0.999766,-0.0427592,0.4,0,0,DISABLED,0
4.40003,1.30169,0.174152,0,-0.00639246,0.732192,0.00670388,-0.0211838,-0.00309693,-0.999771,-0.043265,0.4,0,0,DISABLED,0
4.42003,1.31055,0.173906,0,-0.00235893,0.733215,0.00832232,-0.0171503,-0.0090633,-0.999812,-0.0445657,0.4,0,0,DISABLED,0
4.44003,1.31672,0.173965,0,0.00110208,0.733763,0.0113939,-0.0136893,-0.0124302,-0.999829,-0.0444829,0.4,0,0,DISABLED,0
4.46003,1.32292,0.174246,0,0.00405362,0.734021,0.0155295,-0.0107377,-0.0160735,-0.999813,-0.0437443,0.4,0,0,DISABLED,0
4.48003,1.32909,0.174811,0,0.00637554,0.73395,0.0192115,-0.00841581,-0.0192073,-0.99978,-0.0438932,0.4,0,0,DISABLED,0
4.50003,1.3346,0.175556,0,0.00925289,0.733592,0.0225356,-0.00553846,-0.0216343,-0.999751,-0.0442676,0.4,0,0,DISABLED,0
4.52003,1.34189,0.177023,0,0.0124817,0.732722,0.0240059,-0.0023096,-0.0215894,-0.999764,-0.0446467,0.4,0,0,DISABLED,0
4.54003,1.34739,0.178606,0,0.0155879,0.73188,0.02358,0.000796505,-0.0187765,-0.999823,-0.0457024,0.4,0,0,DISABLED,0
4.56003,1.35366,0.180926,0,0.0174698,0.730952,0.0208569,0.00267844,-0.0124831,-0.999919,-0.0468267,0.4,0,0,DISABLED,0
4.58003,1.3594,0.18342,0,0.0179149,0.72999,0.0183189,0.00312351,-0.00491155,-0.999983,-0.046971,0.4,0,0,DISABLED,0
4.60003,1.36675,0.186208,0,0.0150156,0.728917,0.0150262,0.000224261,-0.000535626,-1,-0.0455448,0.4,0,0,DISABLED,0
4.62003,1.3736,0.188326,0,0.00995034,0.728755,0.0105519,-0.00484101,-0.00459544,-0.999978,-0.0411307,0.4,0,0,DISABLED,0
4.64003,1.38019,0.190624,0,0.00559787,0.729149,0.0062244,-0.00919348,-0.00381451,-0.99995,-0.0371989,0.4,0,0,DISABLED,0
4.66003,1.38692,0.1927,0,0.000952999,0.729839,0.00288871,-0.0138384,0.00162438,-0.999903,-0.0349876,0.4,0,0,DISABLED,0
4.68003,1.3937,0.194234,0,-0.00259841,0.730406,0.00787332,-0.0173898,0.00635094,-0.999829,-0.0338624,0.4,0,0,DISABLED,0
4.70003,1.40038,0.195365,0,-0.0039692,0.730606,0.0106026,-0.0187606,0.00874062,-0.999786,-0.0324316,0.4,0,0,DISABLED,0
4.72003,1.40697,0.196382,0,-0.00388616,0.730689,0.0115446,-0.0186775,0.00978681,-0.999778,-0.031935,0.4,0,0,DISABLED,0
4.74003,1.41224,0.197091,0,-0.00350229,0.730902,0.0120152,-0.0182936,0.0104079,-0.999779,-0.031885,0.4,0,0,DISABLED,0
4.76003,1.42005,0.197795,0,-0.00227559,0.731525,0.0129326,-0.0170669,0.0116422,-0.999787,-0.0314214,0.4,0,0,DISABLED,0
4.78003,1.42391,0.198032,0,-0.00137793,0.731892,0.0141897,-0.0161693,0.0130378,-0.999784,-0.0308112,0.4,0,0,DISABLED,0
4.80003,1.4328,0.198512,0,0.000496239,0.732681,0.0178208,-0.0142951,0.0167284,-0.999758,-0.0333687,0.4,0,0,DISABLED,0
4.82003,1.43897,0.198488,0,0.00253872,0.732901,0.0216065,-0.0122526,0.0203707,-0.999717,-0.0316636,0.4,0,0,DISABLED,0
4.84004,1.44509,0.198121,0,0.0033294,0.732682,0.0225911,-0.011462,0.0212594,-0.999708,-0.0308231,0.4,0,0,DISABLED,0
4.86004,1.44996,0.197681,0,0.00301831,0.732325,0.022363,-0.011773,0.021074,-0.999709,-0.0310498,0.4,0,0,DISABLED,0
4.88004,1.45702,0.196733,0,0.00226942,0.731551,0.018968,-0.0125219,0.0177457,-0.999764,-0.0327084,0.4,0,0,DISABLED,0
4.90004,1.46282,0.195817,0,0.00111269,0.730833,0.0149745,-0.0136787,0.0138465,-0.999811,-0.0346454,0.4,0,0,DISABLED,0
4.92004,1.46899,0.194955,0,-0.00147267,0.730688,0.013341,-0.016264,0.0121736,-0.999794,-0.0359112,0.4,0,0,DISABLED,0
4.94004,1.47527,0.194341,0,-0.003752,0.730935,0.0102946,-0.0185433,0.00850028,-0.999792,-0.0412351,0.4,0,0,DISABLED,0
4.96004,1.47998,0.19412,0,-0.00503598,0.731152,0.0085554,-0.0198273,0.00583027,-0.999786,-0.0454251,0.4,0,0,DISABLED,0
4.98004,1.48924,0.193816,0,-0.00714518,0.731896,0.00716794,-0.0219365,-0.000635161,-0.999759,-0.0481888,0.4,0,0,DISABLED,0
5.00004,1.49606,0.19364,0,-0.00603857,0.732602,0.00806775,-0.0208299,-0.0064272,-0.999762,-0.0482353,0.4,0,0,DISABLED,0
5.02004,1.50244,0.193631,0,-0.00269639,0.733253,0.00996505,-0.0174877,-0.0106746,-0.99979,-0.0479078,0.4,0,0,DISABLED,0
5.04004,1.50808,0.193794,0,0.000422356,0.733726,0.0127516,-0.014369,-0.0138326,-0.999801,-0.0478942,0.4,0,0,DISABLED,0
5.06004,1.51499,0.194183,0,0.00342759,0.734056,0.0169991,-0.0113638,-0.0177357,-0.999778,-0.0470928,0.4,0,0,DISABLED,0
5.08004,1.52128,0.194821,0,0.00586486,0.733977,0.021228,-0.00892649,-0.0214872,-0.999729,-0.0477409,0.4,0,0,DISABLED,0
5.10004,1.52751,0.195751,0,0.0086093,0.733488,0.0242677,-0.00618205,-0.0237739,-0.999698,-0.0483614,0.4,0,0,DISABLED,0
5.12004,1.53371,0.197092,0,0.0117542,0.7327,0.0252571,-0.00303715,-0.0234421,-0.999721,-0.0492287,0.4,0,0,DISABLED,0
5.14004,1.53931,0.198728,0,0.014452,0.731866,0.0241964,-0.000339313,-0.0204883,-0.99979,-0.0502953,0.4,0,0,DISABLED,0
5.16004,1.54566,0.201066,0,0.0164106,0.730937,0.0207652,0.00161929,-0.0138114,-0.999903,-0.0511483,0.4,0,0,DISABLED,0
5.18004,1.55281,0.204124,0,0.0166527,0.729756,0.0168583,0.00186132,-0.00371213,-0.999991,-0.0512005,0.4,0,0,DISABLED,0
5.20004,1.55954,0.206614,0,0.0140608,0.728844,0.0140801,-0.000730576,-0.0018115,-0.999998,-0.0502101,0.4,0,0,DISABLED,0
5.22004,1.56632,0.208696,0,0.00973945,0.72875,0.0110594,-0.0050519,-0.00632987,-0.999967,-0.0468386,0.4,0,0,DISABLED,0
5.24004,1.573,0.210928,0,0.00532841,0.729184,0.00699114,-0.00946294,-0.00560899,-0.99994,-0.0429629,0.4,0,0,DISABLED,0
5.26005,1.57987,0.21296,0,0.000321778,0.729878,0.00114512,-0.0144696,2.73367e-05,-0.999895,-0.0406515,0.4,0,0,DISABLED,0
5.28005,1.58673,0.214474,0,-0.00323568,0.73042,0.00712625,-0.018027,0.00526324,-0.999824,-0.0394977,0.4,0,0,DISABLED,0
5.30005,1.59341,0.215597,0,-0.00437668,0.73059,0.00997103,-0.019168,0.00786973,-0.999785,-0.038293,0.4,0,0,DISABLED,0
5.32005,1.60004,0.216619,0,-0.00436197,0.73071,0.0109456,-0.0191533,0.0089499,-0.999776,-0.0382074,0.4,0,0,DISABLED,0
5.34005,1.60666,0.217498,0,-0.00401783,0.731037,0.0115497,-0.0188092,0.00973733,-0.999776,-0.037879,0.4,0,0,DISABLED,0
5.36005,1.61315,0.218121,0,-0.00267022,0.731568,0.0127516,-0.0174616,0.0113802,-0.999783,-0.0370588,0.4,0,0,DISABLED,0
5.38005,1.61953,0.218544,0,-0.00106758,0.732165,0.0147419,-0.0158589,0.0136154,-0.999782,-0.0371995,0.4,0,0,DISABLED,0
5.40005,1.62583,0.218793,0,0.000662358,0.732669,0.0176562,-0.014129,0.0165589,-0.999763,-0.0380789,0.4,0,0,DISABLED,0
5.42005,1.63203,0.21876,0,0.00213714,0.732907,0.0205024,-0.0126542,0.0193036,-0.999734,-0.0374394,0.4,0,0,DISABLED,0
5.44005,1.63633,0.21855,0,0.00265781,0.732856,0.0218288,-0.0121335,0.0205813,-0.999715,-0.0368749,0.4,0,0,DISABLED,0
5.46005,1.64417,0.21787,0,0.00227183,0.732369,0.021393,-0.0125195,0.0201861,-0.999718,-0.037574,0.4,0,0,DISABLED,0
5.48005,1.65004,0.217074,0,0.00140781,0.731711,0.0182635,-0.0133835,0.0171204,-0.999764,-0.0382075,0.4,0,0,DISABLED,0
5.50005,1.65514,0.216298,0,0.000725577,0.731017,0.0149944,-0.0140658,0.0138898,-0.999805,-0.0407384,0.4,0,0,DISABLED,0
5.52005,1.6618,0.215329,0,-0.00239378,0.730798,0.013399,-0.0171851,0.0120948,-0.999779,-0.0420063,0.4,0,0,DISABLED,0
5.54005,1.66803,0.214628,0,-0.00446985,0.730989,0.0108196,-0.0192612,0.0087679,-0.999776,-0.0460783,0.4,0,0,DISABLED,0
5.56005,1.67475,0.214254,0,-0.00619877,0.7313,0.00896368,-0.0209901,0.00538376,-0.999765,-0.0505721,0.4,0,0,DISABLED,0
5.58005,1.68179,0.213997,0,-0.0074497,0.731892,0.00766619,-0.022241,0.00072717,-0.999752,-0.0521887,0.4,0,0,DISABLED,0
5.60005,1.6885,0.213797,0,-0.00626766,0.732598,0.00721766,-0.021059,-0.00466424,-0.999767,-0.0520503,0.4,0,0,DISABLED,0
5.62005,1.69354,0.213794,0,-0.0037113,0.733133,0.00800843,-0.0185026,-0.00818323,-0.999795,-0.0519603,0.4,0,0,DISABLED,0
5.64005,1.70162,0.214133,0,0.000278573,0.733793,0.0112729,-0.0145128,-0.0123591,-0.999818,-0.0521542,0.4,0,0,DISABLED,0
5.66005,1.70729,0.214564,0,0.00276198,0.733971,0.0149387,-0.0120294,-0.0157659,-0.999803,-0.0520206,0.4,0,0,DISABLED,0
5.68005,1.71237,0.21512,0,0.00497633,0.733886,0.0188893,-0.00981502,-0.019305,-0.999765,-0.0524991,0.4,0,0,DISABLED,0
5.70006,1.71991,0.216289,0,0.00777845,0.733322,0.0219133,-0.0070129,-0.021571,-0.999743,-0.0530312,0.4,0,0,DISABLED,0
5.72006,1.72614,0.217662,0,0.0111595,0.732515,0.0231128,-0.00363188,-0.0213259,-0.999766,-0.0534565,0.4,0,0,DISABLED,0
5.74006,1.73241,0.219525,0,0.0143711,0.731554,0.0223257,-0.000420235,-0.0181678,-0.999835,-0.0544147,0.4,0,0,DISABLED,0
5.76006,1.7388,0.221921,0,0.0164818,0.730587,0.0195163,0.0016905,-0.0115378,-0.999932,-0.0551799,0.4,0,0,DISABLED,0
5.78006,1.74598,0.22502,0,0.0170009,0.729336,0.0170586,0.00220956,-0.00248439,-0.999994,-0.0548897,0.4,0,0,DISABLED,0
5.80006,1.75209,0.227198,0,0.0146172,0.728619,0.0146364,-0.000174199,-0.00181081,-0.999998,-0.0540148,0.4,0,0,DISABLED,0
5.82006,1.75891,0.229277,0,0.0109446,0.728557,0.0120696,-0.00384674,-0.00617886,-0.999974,-0.0504756,0.4,0,0,DISABLED,0
5.84006,1.76568,0.231484,0,0.00633713,0.728976,0.00783538,-0.00845422,-0.00569839,-0.999948,-0.0436022,0.4,0,0,DISABLED,0
5.86006,1.77123,0.233218,0,0.00240464,0.729536,0.00241687,-0.0123867,-0.00141098,-0.999922,-0.0422984,0.4,0,0,DISABLED,0
5.88006,1.77956,0.235172,0,-0.00199491,0.730254,0.00694838,-0.0167863,0.00556433,-0.999844,-0.0410352,0.4,0,0,DISABLED,0
5.90006,1.78631,0.236303,0,-0.00300288,0.730469,0.0101017,-0.0177942,0.00855979,-0.999805,-0.039598,0.4,0,0,DISABLED,0
5.92006,1.793,0.237315,0,-0.00292978,0.730559,0.0112835,-0.0177211,0.00980758,-0.999795,-0.0390951,0.4,0,0,DISABLED,0
5.94006,1.79964,0.238191,0,-0.00244767,0.730863,0.0122656,-0.017239,0.0109322,-0.999792,-0.0387349,0.4,0,0,DISABLED,0
5.96006,1.80421,0.238664,0,-0.0017465,0.731226,0.0131656,-0.0165379,0.0119626,-0.999792,-0.0383846,0.4,0,0,DISABLED,0
5.98006,1.81249,0.239265,0,0.000307743,0.732045,0.0162827,-0.0144836,0.0151902,-0.99978,-0.0380905,0.4,0,0,DISABLED,0
6.00006,1.81876,0.239535,0,0.00206874,0.73256,0.019559,-0.0127226,0.0183632,-0.99975,-0.038684,0.4,0,0,DISABLED,0
6.02006,1.82556,0.239492,0,0.00357137,0.732767,0.0221299,-0.01122,0.0207544,-0.999722,-0.0379838,0.4,0,0,DISABLED,0
6.04006,1.83107,0.239222,0,0.00397688,0.732658,0.023226,-0.0108145,0.0217983,-0.999704,-0.0374209,0.4,0,0,DISABLED,0
6.06006,1.83711,0.238727,0,0.00327136,0.732327,0.0229731,-0.01152,0.0216531,-0.999699,-0.0379385,0.4,0,0,DISABLED,0
6.08006,1.84295,0.237982,0,0.00237029,0.731752,0.020112,-0.0124211,0.0188833,-0.999745,-0.0389337,0.4,0,0,DISABLED,0
6.10006,1.84864,0.237118,0,0.00127673,0.731045,0.0158749,-0.0135146,0.014736,-0.9998,-0.0410358,0.4,0,0,DISABLED,0
6.12006,1.8547,0.236245,0,-0.000953824,0.730809,0.0141308,-0.0157452,0.0130112,-0.999791,-0.041291,0.4,0,0,DISABLED,0
6.14007,1.86097,0.235717,0,-0.00367019,0.730956,0.0108581,-0.0184615,0.00913202,-0.999788,-0.0471637,0.4,0,0,DISABLED,0
6.16007,1.86844,0.235527,0,-0.00544925,0.731305,0.00906945,-0.0202406,0.00616734,-0.999776,-0.0516258,0.4,0,0,DISABLED,0
6.18007,1.87487,0.2354,0,-0.00685417,0.731821,0.00733237,-0.0216455,0.00149926,-0.999765,-0.0536891,0.4,0,0,DISABLED,0
6.20007,1.88169,0.235273,0,-0.00574853,0.73251,0.00637577,-0.0205399,-0.00383956,-0.999782,-0.054265,0.4,0,0,DISABLED,0
6.22007,1.88804,0.235287,0,-0.00242301,0.733169,0.0071346,-0.0172144,-0.00779377,-0.999821,-0.0543964,0.4,0,0,DISABLED,0
6.24007,1.89435,0.23549,0,0.000652899,0.73369,0.010219,-0.0141385,-0.0112818,-0.999836,-0.0544183,0.4,0,0,DISABLED,0
6.26007,1.9007,0.235886,0,0.00289286,0.733934,0.0142484,-0.0118985,-0.0150373,-0.999816,-0.054527,0.4,0,0,DISABLED,0
6.28007,1.90513,0.236302,0,0.00438374,0.733895,0.0171874,-0.0104076,-0.0177035,-0.999789,-0.0549343,0.4,0,0,DISABLED,0
6.30007,1.91325,0.237406,0,0.00782338,0.733329,0.021407,-0.00696797,-0.0210101,-0.999755,-0.0559942,0.4,0,0,DISABLED,0
6.32007,1.92009,0.238788,0,0.0112198,0.732413,0.0225832,-0.00357151,-0.0206836,-0.99978,-0.0569218,0.4,0,0,DISABLED,0
6.34007,1.92569,0.240352,0,0.0140551,0.731478,0.0218261,-0.00073629,-0.0177843,-0.999842,-0.0578855,0.4,0,0,DISABLED,0
6.36007,1.93209,0.242631,0,0.0158626,0.730497,0.0187785,0.00107124,-0.0111344,-0.999937,-0.0589361,0.4,0,0,DISABLED,0
6.38007,1.93857,0.245312,0,0.0161897,0.729346,0.016202,0.00139835,-0.00173275,-0.999997,-0.0586329,0.4,0,0,DISABLED,0
6.40007,1.94531,0.247594,0,0.0136081,0.728507,0.0136064,-0.0011833,-0.00120085,-0.999999,-0.0575252,0.4,0,0,DISABLED,0
6.42007,1.95206,0.249554,0,0.00950575,0.728474,0.0106082,-0.0052856,-0.0057929,-0.999969,-0.0537021,0.4,0,0,DISABLED,0
6.44007,1.95878,0.251676,0,0.00506554,0.728949,0.00630054,-0.00972581,-0.00482667,-0.999941,-0.0500171,0.4,0,0,DISABLED,0
6.46007,1.96572,0.253547,0,-5.93625e-06,0.729656,0.00185932,-0.0147973,0.000747118,-0.99989,-0.047611,0.4,0,0,DISABLED,0
6.48007,1.97124,0.25466,0,-0.00291672,0.730123,0.00696551,-0.0177081,0.0052432,-0.999829,-0.0460644,0.4,0,0,DISABLED,0
6.50007,1.9793,0.25585,0,-0.00418545,0.730376,0.010084,-0.0189768,0.00808738,-0.999787,-0.044616,0.4,0,0,DISABLED,0
6.52007,1.98662,0.256821,0,-0.00372411,0.730458,0.0106026,-0.0185155,0.00884234,-0.999789,-0.044187,0.4,0,0,DISABLED,0
6.54007,1.99264,0.257502,0,-0.0030708,0.730731,0.0110755,-0.0178621,0.00955748,-0.999795,-0.0442817,0.4,0,0,DISABLED,0
6.56007,1.99985,0.258042,0,-0.00183217,0.731308,0.0119355,-0.0166235,0.0107061,-0.999804,-0.0442927,0.4,0,0,DISABLED,0
6.58008,2.00628,0.258309,0,-0.000131034,0.731922,0.0139397,-0.0149224,0.0128521,-0.999806,-0.0446876,0.4,0,0,DISABLED,0
6.60008,2.01198,0.258377,0,0.00172393,0.732379,0.0169359,-0.0130674,0.0157643,-0.99979,-0.0455207,0.4,0,0,DISABLED,0
6.62008,2.01822,0.258157,0,0.00331171,0.732613,0.0195163,-0.0114796,0.0181443,-0.999769,-0.0448914,0.4,0,0,DISABLED,0
6.64008,2.0238,0.25772,0,0.00381322,0.732543,0.020543,-0.0109781,0.0190989,-0.999757,-0.0447436,0.4,0,0,DISABLED,0
6.66008,2.03051,0.256928,0,0.00336799,0.732176,0.0199064,-0.0114234,0.0185322,-0.999763,-0.0456851,0.4,0,0,DISABLED,0
6.68008,2.03646,0.255964,0,0.00250316,0.731603,0.0177907,-0.0122882,0.0165247,-0.999788,-0.0460644,0.4,0,0,DISABLED,0
6.70008,2.04227,0.254997,0,0.0012019,0.730904,0.0134434,-0.0135895,0.0123003,-0.999832,-0.0497421,0.4,0,0,DISABLED,0
6.72008,2.04845,0.254058,0,-0.00178203,0.730765,0.0121533,-0.0165734,0.0109371,-0.999803,-0.0517728,0.4,0,0,DISABLED,0
6.74008,2.05486,0.253304,0,-0.00409646,0.731027,0.0100306,-0.0188878,0.00806788,-0.999789,-0.0562344,0.4,0,0,DISABLED,0
6.76008,2.06101,0.252856,0,-0.0056081,0.73134,0.00819239,-0.0203994,0.00488472,-0.99978,-0.0602603,0.4,0,0,DISABLED,0
6.78008,2.06899,0.252466,0,-0.00702223,0.731969,0.00702516,-0.0218136,-0.000914496,-0.999762,-0.0634487,0.4,0,0,DISABLED,0
6.80008,2.07585,0.252178,0,-0.00552236,0.732628,0.00734049,-0.0203137,-0.00591553,-0.999776,-0.062803,0.4,0,0,DISABLED,0
6.82008,2.08235,0.252124,0,-0.0020143,0.733233,0.00926452,-0.0168057,-0.0101269,-0.999807,-0.0637991,0.4,0,0,DISABLED,0
6.84008,2.08874,0.252259,0,0.0014103,0.733685,0.0117239,-0.013381,-0.0127237,-0.99983,-0.0630639,0.4,0,0,DISABLED,0
6.86008,2.09518,0.252586,0,0.0038861,0.733914,0.0153829,-0.0109052,-0.01597,-0.999813,-0.0629722,0.4,0,0,DISABLED,0
6.88008,2.10161,0.253155,0,0.00617863,0.733819,0.0194735,-0.00861272,-0.0195535,-0.999772,-0.0635947,0.4,0,0,DISABLED,0
6.90008,2.10859,0.254078,0,0.0089104,0.733289,0.0227724,-0.00588095,-0.0220408,-0.99974,-0.064181,0.4,0,0,DISABLED,0
6.92008,2.11425,0.255204,0,0.0122074,0.732559,0.0239612,-0.0025839,-0.021705,-0.999761,-0.0648946,0.4,0,0,DISABLED,0
6.94008,2.12063,0.256933,0,0.0150931,0.731634,0.0228951,0.000301749,-0.0182988,-0.999833,-0.0661544,0.4,0,0,DISABLED,0
6.96008,2.12712,0.259204,0,0.0170412,0.730687,0.0199154,0.00224984,-0.0113929,-0.999933,-0.0668996,0.4,0,0,DISABLED,0
6.98008,2.13378,0.261915,0,0.0173323,0.72959,0.0173874,0.0025409,-0.00249626,-0.999994,-0.0671533,0.4,0,0,DISABLED,0
7.00008,2.14068,0.264308,0,0.0143022,0.728652,0.0143027,-0.000489141,-0.00128013,-0.999999,-0.0654145,0.4,0,0,DISABLED,0
7.02009,2.14755,0.266281,0,0.0106942,0.728569,0.0118955,-0.00409719,-0.0062935,-0.999972,-0.0640618,0.4,0,0,DISABLED,0
7.04009,2.15441,0.268339,0,0.00610714,0.729041,0.00732424,-0.00868421,-0.00512438,-0.999949,-0.0588733,0.4,0,0,DISABLED,0
7.06009,2.16151,0.270148,0,0.000816685,0.729763,0.00215619,-0.0139747,0.000920941,-0.999902,-0.0554777,0.4,0,0,DISABLED,0
7.08009,2.16852,0.27146,0,-0.00265299,0.730289,0.00752494,-0.0174443,0.00595459,-0.99983,-0.0543909,0.4,0,0,DISABLED,0
7.10009,2.17534,0.27245,0,-0.0035935,0.730433,0.0102248,-0.0183849,0.00848718,-0.999795,-0.0534321,0.4,0,0,DISABLED,0
7.12009,2.18211,0.273389,0,-0.00336881,0.730485,0.0112305,-0.0181602,0.00962534,-0.999789,-0.0531713,0.4,0,0,DISABLED,0
7.14009,2.18887,0.274164,0,-0.00281794,0.730772,0.0119455,-0.0176093,0.0105204,-0.99979,-0.0530801,0.4,0,0,DISABLED,0
7.16009,2.1955,0.274676,0,-0.00168381,0.731303,0.0130107,-0.0164752,0.0118123,-0.999794,-0.0529768,0.4,0,0,DISABLED,0
7.18009,2.20202,0.274986,0,-3.62284e-05,0.731924,0.0155218,-0.0148276,0.0144365,-0.999786,-0.0525764,0.4,0,0,DISABLED,0
7.20009,2.20843,0.275119,0,0.00177272,0.732429,0.0186447,-0.0130186,0.0174731,-0.999763,-0.0533928,0.4,0,0,DISABLED,0
7.22009,2.21472,0.274928,0,0.00341148,0.732633,0.0213372,-0.0113799,0.0199758,-0.999736,-0.0524471,0.4,0,0,DISABLED,0
7.24009,2.22098,0.27446,0,0.00382537,0.732524,0.0224216,-0.010966,0.0210104,-0.999719,-0.0521196,0.4,0,0,DISABLED,0
7.26009,2.22592,0.273935,0,0.00338366,0.732276,0.0222909,-0.0114077,0.0209457,-0.999716,-0.0527,0.4,0,0,DISABLED,0
7.28009,2.2319,0.273082,0,0.00257277,0.731772,0.0200199,-0.0122186,0.0187656,-0.999749,-0.0542008,0.4,0,0,DISABLED,0
7.30009,2.23895,0.271904,0,0.00104556,0.730997,0.0151683,-0.0137458,0.0140459,-0.999807,-0.0573488,0.4,0,0,DISABLED,0
7.32009,2.24452,0.270962,0,-0.00158622,0.730849,0.0136414,-0.0163776,0.0124618,-0.999788,-0.057457,0.4,0,0,DISABLED,0
7.34009,2.25152,0.270071,0,-0.00419743,0.731099,0.0104668,-0.0189888,0.00849898,-0.999784,-0.0627671,0.4,0,0,DISABLED,0
7.36009,2.25823,0.269549,0,-0.00564064,0.731436,0.00825761,-0.020432,0.00494084,-0.999779,-0.0673322,0.4,0,0,DISABLED,0
7.38009,2.26466,0.269119,0,-0.00704892,0.731942,0.00723416,-0.0218403,0.000517358,-0.999761,-0.0693891,0.4,0,0,DISABLED,0
7.40009,2.27166,0.268622,0,-0.00668209,0.732625,0.00761157,-0.0214734,-0.00473264,-0.999758,-0.0705454,0.4,0,0,DISABLED,0
7.42009,2.27874,0.268274,0,-0.0031,0.733286,0.00895703,-0.0178914,-0.00948836,-0.999795,-0.0713006,0.4,0,0,DISABLED,0
7.44009,2.28501,0.268214,0,0.000430049,0.733729,0.011204,-0.0143613,-0.0122815,-0.999821,-0.070815,0.4,0,0,DISABLED,0
7.4601,2.29196,0.268395,0,0.00306074,0.733968,0.0147984,-0.0117306,-0.0155648,-0.99981,-0.0699616,0.4,0,0,DISABLED,0
7.4801,2.29765,0.268784,0,0.00551163,0.733879,0.0189743,-0.00927972,-0.0192405,-0.999772,-0.070369,0.4,0,0,DISABLED,0
7.5001,2.30391,0.269471,0,0.00834541,0.733433,0.0222695,-0.00644594,-0.0217335,-0.999743,-0.0709422,0.4,0,0,DISABLED,0
7.5201,2.30951,0.27044,0,0.0113772,0.732714,0.0234126,-0.00341417,-0.0215467,-0.999762,-0.0715219,0.4,0,0,DISABLED,0
7.5401,2.31653,0.272151,0,0.0146496,0.731773,0.022146,-0.000141782,-0.0176949,-0.999843,-0.0730874,0.4,0,0,DISABLED,0
7.5601,2.32299,0.274252,0,0.0163582,0.730904,0.0193876,0.00156687,-0.0114891,-0.999933,-0.0736184,0.4,0,0,DISABLED,0
7.5801,2.32957,0.276802,0,0.0169494,0.729914,0.0170061,0.00215805,-0.00246068,-0.999995,-0.073462,0.4,0,0,DISABLED,0
7.6001,2.33639,0.279168,0,0.0148742,0.728999,0.0148947,8.28552e-05,-0.000292827,-1,-0.073197,0.4,0,0,DISABLED,0
7.6201,2.34323,0.280999,0,0.0110062,0.728845,0.0117086,-0.00378519,-0.00508627,-0.99998,-0.0691692,0.4,0,0,DISABLED,0
7.6401,2.35001,0.282984,0,0.00659788,0.729239,0.00768948,-0.00819347,-0.00503963,-0.999954,-0.0659263,0.4,0,0,DISABLED,0
7.6601,2.35699,0.284774,0,0.00142562,0.729911,0.00221079,-0.0133657,0.000585772,-0.99991,-0.063338,0.4,0,0,DISABLED,0
7.6801,2.3639,0.286046,0,-0.00215845,0.730428,0.00719285,-0.0169498,0.00577642,-0.99984,-0.0617078,0.4,0,0,DISABLED,0
7.7001,2.3706,0.286948,0,-0.00325332,0.730568,0.00990505,-0.0180447,0.00826566,-0.999803,-0.0604992,0.4,0,0,DISABLED,0
7.7201,2.37723,0.287748,0,-0.00312684,0.730605,0.0108636,-0.0179182,0.00931558,-0.999796,-0.0601734,0.4,0,0,DISABLED,0
7.7401,2.38385,0.288392,0,-0.00268918,0.730875,0.0115549,-0.0174805,0.0101521,-0.999796,-0.0601617,0.4,0,0,DISABLED,0
7.7601,2.38906,0.28872,0,-0.00192029,0.731272,0.0123768,-0.0167116,0.0111369,-0.999798,-0.0599365,0.4,0,0,DISABLED,0
7.7801,2.39673,0.288948,0,-7.24886e-05,0.732004,0.0155141,-0.0148638,0.0144274,-0.999785,-0.0583342,0.4,0,0,DISABLED,0
7.8001,2.40304,0.289,0,0.0015371,0.732515,0.018555,-0.0132543,0.0174055,-0.999761,-0.0596769,0.4,0,0,DISABLED,0
7.8201,2.40925,0.288763,0,0.00295568,0.732745,0.0212224,-0.0118357,0.0199266,-0.999731,-0.0595848,0.4,0,0,DISABLED,0
7.8401,2.41538,0.288212,0,0.00348012,0.732649,0.0223923,-0.0113112,0.0210366,-0.999715,-0.0590066,0.4,0,0,DISABLED,0
7.8601,2.42021,0.287602,0,0.00298935,0.732373,0.0220219,-0.011802,0.0207339,-0.999715,-0.0598582,0.4,0,0,DISABLED,0
7.88011,2.42725,0.286399,0,0.00229306,0.731639,0.0191556,-0.0124983,0.0179327,-0.999761,-0.061201,0.4,0,0,DISABLED,0
7.90011,2.43297,0.285251,0,0.00131148,0.7309,0.0153169,-0.0134799,0.0141761,-0.999809,-0.0631212,0.4,0,0,DISABLED,0
7.92011,2.43905,0.284142,0,-0.0013619,0.730692,0.0134078,-0.0161532,0.0122502,-0.999794,-0.0645776,0.4,0,0,DISABLED,0
7.94011,2.44534,0.283318,0,-0.00340512,0.730884,0.0109347,-0.0181965,0.00930178,-0.999791,-0.0692008,0.4,0,0,DISABLED,0
7.96011,2.45288,0.28277,0,-0.00522522,0.731237,0.00870048,-0.0200166,0.00586974,-0.999782,-0.0745398,0.4,0,0,DISABLED,0
7.98011,2.45926,0.282359,0,-0.00631223,0.731753,0.00669499,-0.0211036,0.00114167,-0.999777,-0.0757863,0.4,0,0,DISABLED,0
8.00011,2.46473,0.282042,0,-0.00552209,0.732308,0.00594021,-0.0203134,-0.00325891,-0.999788,-0.0757257,0.4,0,0,DISABLED,0
8.02011,2.47307,0.281824,0,-0.00157166,0.733188,0.00783538,-0.016363,-0.00876162,-0.999828,-0.0767498,0.4,0,0,DISABLED,0
8.04011,2.47877,0.281858,0,0.00183069,0.733634,0.0111773,-0.0129607,-0.0121131,-0.999843,-0.0766252,0.4,0,0,DISABLED,0
8.06011,2.48451,0.282043,0,0.00419498,0.733852,0.0147943,-0.0105964,-0.0152741,-0.999827,-0.0763888,0.4,0,0,DISABLED,0
8.08011,2.48958,0.282352,0,0.00635347,0.733837,0.0183547,-0.00843788,-0.0183036,-0.999797,-0.0763842,0.4,0,0,DISABLED,0
8.10011,2.49776,0.28329,0,0.0101826,0.733282,0.0228143,-0.00460873,-0.0215004,-0.999758,-0.0777669,0.4,0,0,DISABLED,0
8.12011,2.50348,0.2843,0,0.0126875,0.732558,0.023996,-0.00210384,-0.0214525,-0.999768,-0.0788483,0.4,0,0,DISABLED,0
8.14011,2.51051,0.286067,0,0.0157187,0.7315,0.0230534,0.000927352,-0.0179475,-0.999838,-0.0799266,0.4,0,0,DISABLED,0
8.16011,2.51702,0.288258,0,0.017386,0.730566,0.0203828,0.00259466,-0.0117272,-0.999928,-0.080604,0.4,0,0,DISABLED,0
8.18011,2.52367,0.290844,0,0.01771,0.729465,0.0177135,0.00291861,-0.00152487,-0.999995,-0.0803006,0.4,0,0,DISABLED,0
8.20011,2.53057,0.293046,0,0.0150907,0.728635,0.0150935,0.000299316,-0.000719898,-1,-0.0791923,0.4,0,0,DISABLED,0
8.22011,2.53746,0.29488,0,0.0111145,0.728603,0.0119655,-0.0036769,-0.00551957,-0.999978,-0.0753741,0.4,0,0,DISABLED,0
8.24011,2.54432,0.29689,0,0.00679254,0.729072,0.0076194,-0.00799881,-0.00454324,-0.999958,-0.0714997,0.4,0,0,DISABLED,0
8.26011,2.55069,0.29852,0,0.00225627,0.729695,0.00276214,-0.0125351,0.00052383,-0.999921,-0.0692923,0.4,0,0,DISABLED,0
8.28011,2.55837,0.299945,0,-0.00148616,0.730251,0.00714295,-0.0162775,0.00590622,-0.99985,-0.0680977,0.4,0,0,DISABLED,0
8.30011,2.56516,0.300846,0,-0.00230934,0.73037,0.00974734,-0.0171007,0.00838524,-0.999819,-0.0667953,0.4,0,0,DISABLED,0
8.32012,2.57121,0.301575,0,-0.00214061,0.73039,0.0106587,-0.016932,0.00935005,-0.999813,-0.0666735,0.4,0,0,DISABLED,0
8.34012,2.57795,0.302231,0,-0.00168876,0.730585,0.0117137,-0.0164801,0.0105011,-0.999809,-0.0652199,0.4,0,0,DISABLED,0
8.36012,2.58517,0.302631,0,-0.000515815,0.731128,0.0124871,-0.0153072,0.0113875,-0.999818,-0.0665477,0.4,0,0,DISABLED,0
8.38012,2.59162,0.302759,0,0.00106138,0.731747,0.0150777,-0.01373,0.0139558,-0.999808,-0.0662525,0.4,0,0,DISABLED,0
8.40012,2.59794,0.302733,0,0.00287735,0.732247,0.0184033,-0.011914,0.0170903,-0.999783,-0.0669397,0.4,0,0,DISABLED,0
8.42012,2.60476,0.302351,0,0.004335,0.732441,0.0210135,-0.0104564,0.0194756,-0.999756,-0.0664128,0.4,0,0,DISABLED,0
8.44012,2.60968,0.30186,0,0.00464364,0.732349,0.0219188,-0.0101477,0.0203333,-0.999742,-0.0662326,0.4,0,0,DISABLED,0
8.46012,2.61576,0.301064,0,0.00390943,0.73205,0.0216616,-0.0108819,0.0202172,-0.999736,-0.0668393,0.4,0,0,DISABLED,0
8.48012,2.62223,0.299957,0,0.00272423,0.73147,0.0184648,-0.0120671,0.0171768,-0.99978,-0.0684027,0.4,0,0,DISABLED,0
8.50012,2.62799,0.298862,0,0.00127539,0.730841,0.0145997,-0.013516,0.0134582,-0.999818,-0.0707763,0.4,0,0,DISABLED,0
8.52012,2.6341,0.297728,0,-0.00176723,0.730727,0.0128679,-0.0165586,0.0116606,-0.999795,-0.0717253,0.4,0,0,DISABLED,0
8.54012,2.64048,0.296875,0,-0.00426683,0.730975,0.0105575,-0.0190582,0.00856706,-0.999782,-0.0765862,0.4,0,0,DISABLED,0
8.56012,2.64729,0.296285,0,-0.00590536,0.731318,0.0085554,-0.0206967,0.00510005,-0.999773,-0.0806211,0.4,0,0,DISABLED,0
8.58012,2.65439,0.295787,0,-0.00674131,0.731918,0.00686206,-0.0215327,0.000195836,-0.999768,-0.0817148,0.4,0,0,DISABLED,0
8.60012,2.6612,0.295388,0,-0.00530784,0.732617,0.00663237,-0.0200992,-0.00505974,-0.999785,-0.0815589,0.4,0,0,DISABLED,0
8.62012,2.66762,0.295216,0,-0.00189375,0.733271,0.00813397,-0.0166851,-0.0089919,-0.99982,-0.0815537,0.4,0,0,DISABLED,0
8.64012,2.67399,0.29529,0,0.00152329,0.733759,0.0114461,-0.0132681,-0.0124308,-0.999835,-0.0829314,0.4,0,0,DISABLED,0
8.66012,2.68039,0.295532,0,0.0041187,0.733969,0.0149785,-0.0106727,-0.0154876,-0.999823,-0.0824645,0.4,0,0,DISABLED,0
8.68012,2.68679,0.296031,0,0.0065298,0.733846,0.018905,-0.00826155,-0.0188274,-0.999789,-0.0825473,0.4,0,0,DISABLED,0
8.70012,2.69315,0.296844,0,0.00924304,0.733345,0.0220002,-0.00554831,-0.0210489,-0.999763,-0.0833472,0.4,0,0,DISABLED,0
8.72012,2.6995,0.298035,0,0.0122717,0.732546,0.0232362,-0.00251964,-0.0208149,-0.99978,-0.0842041,0.4,0,0,DISABLED,0
8.74012,2.7046,0.299323,0,0.0149691,0.731794,0.0225038,0.000177726,-0.0178884,-0.99984,-0.0850195,0.4,0,0,DISABLED,0
8.76013,2.7111,0.30141,0,0.0168031,0.730868,0.0200645,0.00201174,-0.0120512,-0.999925,-0.08563,0.4,0,0,DISABLED,0
8.78013,2.71912,0.30445,0,0.01713,0.729572,0.0171319,0.0023386,-0.00130779,-0.999996,-0.0851751,0.4,0,0,DISABLED,0
8.80013,2.72538,0.306475,0,0.0147496,0.728807,0.0147701,-4.17104e-05,-0.000236936,-1,-0.0844248,0.4,0,0,DISABLED,0
8.82013,2.73309,0.308521,0,0.00996209,0.728752,0.0107478,-0.00482926,-0.00512594,-0.999975,-0.0789784,0.4,0,0,DISABLED,0
8.84013,2.73995,0.310627,0,0.00574766,0.729217,0.00656008,-0.00904369,-0.00425554,-0.99995,-0.0752389,0.4,0,0,DISABLED,0
8.86013,2.747,0.312561,0,0.00129385,0.729907,0.00229024,-0.0134975,0.000788422,-0.999909,-0.0732186,0.4,0,0,DISABLED,0
8.88013,2.75329,0.313851,0,-0.00241309,0.730401,0.00774355,-0.0172044,0.0062691,-0.999832,-0.0716274,0.4,0,0,DISABLED,0
8.90013,2.76071,0.314958,0,-0.00351817,0.730608,0.0108581,-0.0183095,0.00918433,-0.99979,-0.0700257,0.4,0,0,DISABLED,0
8.92013,2.76738,0.315806,0,-0.00313305,0.730661,0.0118503,-0.0179244,0.0103462,-0.999786,-0.069476,0.4,0,0,DISABLED,0
8.94013,2.7747,0.31653,0,-0.00245469,0.730963,0.0126059,-0.017246,0.0112767,-0.999788,-0.0694445,0.4,0,0,DISABLED,0
8.96013,2.78056,0.316862,0,-0.00123092,0.731414,0.0138151,-0.0160223,0.0126748,-0.999791,-0.0692754,0.4,0,0,DISABLED,0
8.98013,2.78694,0.317028,0,0.000426838,0.731996,0.0161652,-0.0143645,0.0150733,-0.999783,-0.0697625,0.4,0,0,DISABLED,0
9.00013,2.7932,0.317006,0,0.00224517,0.732472,0.0193691,-0.0125462,0.0181528,-0.999757,-0.0705474,0.4,0,0,DISABLED,0
9.02013,2.79937,0.316701,0,0.00360651,0.732644,0.0219324,-0.0111848,0.0205497,-0.999726,-0.0699953,0.4,0,0,DISABLED,0
9.04013,2.80546,0.316119,0,0.00388384,0.732475,0.0227986,-0.0109075,0.0213782,-0.999712,-0.0696589,0.4,0,0,DISABLED,0
9.06013,2.81144,0.315327,0,0.00318272,0.73208,0.0221272,-0.0116086,0.0208138,-0.999716,-0.070244,0.4,0,0,DISABLED,0
9.08013,2.81719,0.314268,0,0.00233312,0.731467,0.0188039,-0.0124582,0.0175712,-0.999768,-0.0709769,0.4,0,0,DISABLED,0
9.10013,2.82286,0.313149,0,0.000959407,0.730805,0.0147257,-0.0138319,0.0136088,-0.999812,-0.0735408,0.4,0,0,DISABLED,0
9.12013,2.82948,0.311941,0,-0.00187772,0.7307,0.0125157,-0.0166691,0.0112859,-0.999797,-0.075882,0.4,0,0,DISABLED,0
9.14013,2.83516,0.311154,0,-0.00437017,0.730993,0.00938596,-0.0191615,0.0072194,-0.99979,-0.0828247,0.4,0,0,DISABLED,0
9.16013,2.84172,0.310454,0,-0.00539784,0.731386,0.00714295,-0.0201892,0.00359106,-0.99979,-0.0858084,0.4,0,0,DISABLED,0
9.18013,2.84863,0.309855,0,-0.00600767,0.732016,0.00601994,-0.020799,-0.00131635,-0.999783,-0.0872136,0.4,0,0,DISABLED,0
9.20014,2.85527,0.309311,0,-0.00460472,0.732733,0.00732424,-0.0193961,-0.00677739,-0.999789,-0.0870238,0.4,0,0,DISABLED,0
9.22014,2.86153,0.309006,0,-0.00133932,0.733388,0.0100425,-0.0161307,-0.0110399,-0.999809,-0.086962,0.4,0,0,DISABLED,0
9.24014,2.86772,0.30896,0,0.00182847,0.73387,0.0135097,-0.0129629,-0.0144706,-0.999811,-0.0866434,0.4,0,0,DISABLED,0
9.26014,2.87394,0.309143,0,0.00429226,0.734082,0.017408,-0.0104991,-0.0179564,-0.999784,-0.0862814,0.4,0,0,DISABLED,0
9.28014,2.87768,0.309378,0,0.00564456,0.734046,0.0198434,-0.00914679,-0.0201091,-0.999756,-0.086362,0.4,0,0,DISABLED,0
9.30014,2.88635,0.310315,0,0.00947863,0.733452,0.0243976,-0.00531272,-0.023568,-0.999708,-0.0868682,0.4,0,0,DISABLED,0
9.32014,2.8932,0.311597,0,0.0126357,0.732492,0.0253184,-0.0021556,-0.0230217,-0.999733,-0.0876893,0.4,0,0,DISABLED,0
9.34014,2.89889,0.313092,0,0.0154749,0.731567,0.0244293,0.000683576,-0.0199854,-0.9998,-0.0889373,0.4,0,0,DISABLED,0
9.36014,2.90529,0.315294,0,0.0175104,0.730536,0.021183,0.00271909,-0.013004,-0.999912,-0.0896924,0.4,0,0,DISABLED,0
9.38014,2.91181,0.317906,0,0.0180204,0.729366,0.0181621,0.00322903,-0.00336212,-0.999989,-0.0895502,0.4,0,0,DISABLED,0
9.40014,2.91856,0.320068,0,0.0161175,0.728589,0.0161688,0.00132613,-0.00239409,-0.999996,-0.0886681,0.4,0,0,DISABLED,0
9.42014,2.92549,0.321892,0,0.011716,0.728602,0.0130016,-0.00307533,-0.00672511,-0.999973,-0.0819954,0.4,0,0,DISABLED,0
9.44014,2.9322,0.324036,0,0.00702798,0.729067,0.00832232,-0.00776337,-0.00553608,-0.999955,-0.0767859,0.4,0,0,DISABLED,0
9.46014,2.9391,0.326064,0,0.00245572,0.729773,0.00280496,-0.0123356,0.000288789,-0.999924,-0.0758417,0.4,0,0,DISABLED,0
9.48014,2.94602,0.327533,0,-0.000742226,0.730327,0.00628159,-0.0155336,0.00515264,-0.999866,-0.0748248,0.4,0,0,DISABLED,0
9.50014,2.9527,0.328585,0,-0.00200271,0.73052,0.009649,-0.0167941,0.00834979,-0.999824,-0.0731796,0.4,0,0,DISABLED,0
9.52014,2.95926,0.329418,0,-0.00176619,0.730599,0.0110809,-0.0165575,0.00985178,-0.999814,-0.0721549,0.4,0,0,DISABLED,0
9.54014,2.96579,0.330006,0,-0.00118668,0.730886,0.0118151,-0.015978,0.010671,-0.999815,-0.0721231,0.4,0,0,DISABLED,0
9.56014,2.9722,0.33026,0,-6.24759e-05,0.731412,0.0132873,-0.0148538,0.0121997,-0.999815,-0.0721827,0.4,0,0,DISABLED,0
9.58014,2.97848,0.330225,0,0.00149185,0.732024,0.016213,-0.0132995,0.0150562,-0.999798,-0.0718356,0.4,0,0,DISABLED,0
9.60014,2.98467,0.33,0,0.00309865,0.732501,0.0198043,-0.0116927,0.0184729,-0.999761,-0.0722942,0.4,0,0,DISABLED,0
9.62014,2.99075,0.329524,0,0.0042959,0.732652,0.0227672,-0.0104954,0.0212746,-0.999719,-0.0715218,0.4,0,0,DISABLED,0
9.64015,2.99672,0.328769,0,0.00455869,0.732424,0.0237036,-0.0102327,0.0221762,-0.999702,-0.0706274,0.4,0,0,DISABLED,0
9.66015,3.00311,0.327696,0,0.00420737,0.731884,0.0230844,-0.010584,0.0216123,-0.99971,-0.0706716,0.4,0,0,DISABLED,0
9.68015,3.00812,0.326581,0,0.00335586,0.73122,0.0173806,-0.0114355,0.0159671,-0.999807,-0.0726451,0.4,0,0,DISABLED,0
9.70015,3.01379,0.325281,0,0.00167292,0.730608,0.0140079,-0.0131184,0.0128213,-0.999832,-0.0737815,0.4,0,0,DISABLED,0
9.72015,3.01979,0.323976,0,-0.00130196,0.730616,0.0111986,-0.0160933,0.0100364,-0.99982,-0.0760609,0.4,0,0,DISABLED,0
9.74015,3.02593,0.322881,0,-0.00305016,0.730945,0.00753285,-0.0178415,0.00580703,-0.999824,-0.0815931,0.4,0,0,DISABLED,0
9.76015,3.0333,0.321866,0,-0.00450123,0.731392,0.00528158,-0.0192926,0.00166383,-0.999812,-0.0850147,0.4,0,0,DISABLED,0
9.78015,3.03676,0.321427,0,-0.00512559,0.731696,0.00516749,-0.0199169,-0.00169587,-0.9998,-0.0859619,0.4,0,0,DISABLED,0
9.80015,3.04605,0.320445,0,-0.00342607,0.732634,0.0092838,-0.0182174,-0.0097119,-0.999787,-0.086106,0.4,0,0,DISABLED,0
9.82015,3.05291,0.320095,0,1.89124e-05,0.733264,0.0128679,-0.0147724,-0.0139522,-0.999794,-0.0861593,0.4,0,0,DISABLED,0
9.84015,3.05723,0.320035,0,0.00328131,0.733566,0.016191,-0.01151,-0.016941,-0.99979,-0.0848914,0.4,0,0,DISABLED,0
9.86015,3.06533,0.320206,0,0.00593298,0.733844,0.0202213,-0.00885837,-0.0204154,-0.999752,-0.0845472,0.4,0,0,DISABLED,0
9.88015,3.07096,0.320551,0,0.00843821,0.733744,0.0244269,-0.00635314,-0.0240091,-0.999692,-0.0850294,0.4,0,0,DISABLED,0
9.90015,3.07721,0.321187,0,0.0112925,0.733302,0.0276481,-0.00349889,-0.026323,-0.999647,-0.0854585,0.4,0,0,DISABLED,0
9.92015,3.08345,0.322248,0,0.0145566,0.732574,0.0287868,-0.00023473,-0.0259188,-0.999664,-0.0861913,0.4,0,0,DISABLED,0
9.94015,3.08979,0.323834,0,0.0174724,0.731748,0.0277686,0.00268102,-0.0226672,-0.999739,-0.0872354,0.4,0,0,DISABLED,0
9.96015,3.09565,0.325739,0,0.0190776,0.731056,0.0248287,0.00428628,-0.0169763,-0.999847,-0.0878297,0.4,0,0,DISABLED,0
9.98015,3.10298,0.328554,0,0.0194754,0.730106,0.0203125,0.00468408,-0.00684926,-0.999966,-0.0872919,0.4,0,0,DISABLED,0
10.0002,3.10987,0.330983,0,0.0172587,0.729206,0.0173703,0.00246731,-0.00305481,-0.999992,-0.0867668,0.4,0,0,DISABLED,0
10.0202,3.11615,0.33266,0,0.0135667,0.729012,0.0147338,-0.00122467,-0.00684281,-0.999976,-0.0838249,0.4,0,0,DISABLED,0
10.0402,3.12296,0.334555,0,0.00971567,0.729274,0.0118251,-0.00507568,-0.00782685,-0.999956,-0.0770027,0.4,0,0,DISABLED,0
10.0602,3.1306,0.336701,0,0.00494282,0.729968,0.00503901,-0.00984853,-0.00212038,-0.999949,-0.0749617,0.4,0,0,DISABLED,0
10.0802,3.13759,0.338117,0,0.00122464,0.730546,0.00485834,-0.0135667,0.00362646,-0.999901,-0.0748594,0.4,0,0,DISABLED,0
10.1002,3.1444,0.33907,0,-0.00040079,0.730762,0.00832948,-0.0151921,0.00723336,-0.999858,-0.0735666,0.4,0,0,DISABLED,0
10.1202,3.15104,0.339909,0,-0.000603134,0.730828,0.0100128,-0.0153945,0.00890763,-0.999842,-0.0730833,0.4,0,0,DISABLED,0
10.1402,3.1576,0.340669,0,-0.000379081,0.731105,0.0116218,-0.0151704,0.010531,-0.999829,-0.0725952,0.4,0,0,DISABLED,0
10.1602,3.164,0.341301,0,0.000415095,0.731656,0.0132783,-0.0143763,0.0121856,-0.999822,-0.0740196,0.4,0,0,DISABLED,0
10.1802,3.17021,0.341776,0,0.00169139,0.732328,0.016191,-0.0131,0.0150159,-0.999801,-0.0743776,0.4,0,0,DISABLED,0
10.2002,3.17688,0.34207,0,0.0032554,0.732867,0.0199483,-0.0115359,0.0185932,-0.999761,-0.0744805,0.4,0,0,DISABLED,0
10.2202,3.18228,0.342047,0,0.00412238,0.73298,0.0228012,-0.010669,0.021342,-0.999715,-0.0735026,0.4,0,0,DISABLED,0
10.2402,3.18818,0.341763,0,0.00387387,0.732768,0.023864,-0.0109175,0.0224617,-0.999688,-0.0733186,0.4,0,0,DISABLED,0
10.2602,3.19392,0.341231,0,0.00273001,0.732322,0.0233259,-0.0120613,0.0220799,-0.999683,-0.0736629,0.4,0,0,DISABLED,0
10.2802,3.19941,0.340437,0,0.00141076,0.731676,0.020005,-0.0133806,0.0188681,-0.999732,-0.074183,0.4,0,0,DISABLED,0
10.3002,3.2047,0.339553,0,2.14698e-05,0.730982,0.0154718,-0.0147699,0.0143825,-0.999787,-0.0758714,0.4,0,0,DISABLED,0
10.3202,3.21036,0.338708,0,-0.00309081,0.73087,0.0136239,-0.0178822,0.0121846,-0.999766,-0.0767328,0.4,0,0,DISABLED,0
10.3402,3.21622,0.338069,0,-0.00521381,0.731135,0.0111986,-0.0200052,0.00882308,-0.999761,-0.081081,0.4,0,0,DISABLED,0
10.3602,3.22262,0.337663,0,-0.00692401,0.731485,0.00948074,-0.0217154,0.00538648,-0.99975,-0.0856851,0.4,0,0,DISABLED,0
10.3802,3.22938,0.337306,0,-0.00809421,0.73208,0.00828643,-0.0228856,0.000677218,-0.999738,-0.0875276,0.4,0,0,DISABLED,0
10.4002,3.23588,0.337018,0,-0.00697278,0.732788,0.00774355,-0.0217641,-0.00444225,-0.999753,-0.0877316,0.4,0,0,DISABLED,0
10.4202,3.242,0.336932,0,-0.00370448,0.733462,0.00798607,-0.0184958,-0.00815249,-0.999796,-0.0875071,0.4,0,0,DISABLED,0
10.4402,3.24808,0.337041,0,-0.000362558,0.734014,0.010335,-0.0151539,-0.0114134,-0.99982,-0.0876122,0.4,0,0,DISABLED,0
10.4602,3.25426,0.337326,0,0.00219857,0.734299,0.0139653,-0.0125928,-0.0148766,-0.99981,-0.0875157,0.4,0,0,DISABLED,0
10.4802,3.26046,0.337843,0,0.00461034,0.734212,0.0177538,-0.010181,-0.0182307,-0.999782,-0.0878924,0.4,0,0,DISABLED,0
10.5002,3.26662,0.33863,0,0.00739956,0.733732,0.0205343,-0.00739179,-0.0202392,-0.999768,-0.0884032,0.4,0,0,DISABLED,0
10.5202,3.27277,0.339766,0,0.0105453,0.73292,0.0215623,-0.00424607,-0.0198916,-0.999793,-0.0887424,0.4,0,0,DISABLED,0
10.5402,3.27898,0.341382,0,0.0135168,0.731926,0.0208312,-0.00127456,-0.0169357,-0.999856,-0.0897475,0.4,0,0,DISABLED,0
10.5602,3.2853,0.343533,0,0.0155423,0.730873,0.0181588,0.00075098,-0.0104802,-0.999945,-0.0906982,0.4,0,0,DISABLED,0
10.5802,3.29175,0.346108,0,0.0160451,0.729629,0.0160467,0.00125375,-0.00129078,-0.999998,-0.0904858,0.4,0,0,DISABLED,0
10.6002,3.29845,0.348286,0,0.0139157,0.728796,0.0139226,-0.000875662,-0.000657758,-0.999999,-0.0898887,0.4,0,0,DISABLED,0
10.6202,3.30522,0.350138,0,0.00908155,0.728765,0.0102481,-0.0057098,-0.00583159,-0.999967,-0.0854883,0.4,0,0,DISABLED,0
10.6402,3.31197,0.352147,0,0.00410736,0.729202,0.00575676,-0.010684,-0.00512798,-0.99993,-0.0816983,0.4,0,0,DISABLED,0
10.6602,3.31958,0.354096,0,-0.00189153,0.729913,0.00288871,-0.0166829,0.0010918,-0.99986,-0.0793317,0.4,0,0,DISABLED,0
10.6802,3.32643,0.355294,0,-0.00501236,0.7304,0.00847139,-0.0198037,0.00574353,-0.999787,-0.0776106,0.4,0,0,DISABLED,0
10.7002,3.3324,0.356009,0,-0.00642195,0.730518,0.0114304,-0.0212133,0.00837081,-0.99974,-0.0762033,0.4,0,0,DISABLED,0
10.7202,3.33897,0.356687,0,-0.00608842,0.730575,0.0116012,-0.0208798,0.00878589,-0.999743,-0.0757966,0.4,0,0,DISABLED,0
10.7402,3.34561,0.357238,0,-0.00536416,0.73087,0.0116934,-0.0201555,0.00929989,-0.999754,-0.0751899,0.4,0,0,DISABLED,0
10.7602,3.35218,0.357542,0,-0.00416567,0.731391,0.0119555,-0.018957,0.010117,-0.999769,-0.0749335,0.4,0,0,DISABLED,0
10.7802,3.35866,0.35764,0,-0.00253793,0.732002,0.0132558,-0.0173293,0.0119246,-0.999779,-0.0753314,0.4,0,0,DISABLED,0
10.8002,3.36504,0.357583,0,-0.000641249,0.732544,0.0161098,-0.0154326,0.0150077,-0.999768,-0.0760328,0.4,0,0,DISABLED,0
10.8202,3.36944,0.357406,0,0.000665869,0.732771,0.0183612,-0.0141255,0.0172621,-0.999751,-0.0758299,0.4,0,0,DISABLED,0
10.8402,3.37754,0.356678,0,0.00186679,0.732687,0.0204645,-0.0129246,0.0192923,-0.99973,-0.0750866,0.4,0,0,DISABLED,0
10.8602,3.38364,0.355816,0,0.00171212,0.732186,0.0196472,-0.0130792,0.0184839,-0.999744,-0.0759321,0.4,0,0,DISABLED,0
10.8802,3.38846,0.354969,0,0.00112217,0.731623,0.0182374,-0.0136692,0.0171142,-0.99976,-0.075903,0.4,0,0,DISABLED,0
10.9002,3.39605,0.353567,0,-6.32592e-05,0.730647,0.0128865,-0.0148546,0.0117997,-0.99982,-0.0795598,0.4,0,0,DISABLED,0
10.9202,3.40164,0.352638,0,-0.00322687,0.730609,0.0117696,-0.0180182,0.0102327,-0.999785,-0.0820424,0.4,0,0,DISABLED,0
10.9402,3.40801,0.351689,0,-0.00488599,0.730945,0.00969829,-0.0196773,0.00728836,-0.99978,-0.0855528,0.4,0,0,DISABLED,0
10.9602,3.41483,0.350934,0,-0.0062875,0.731333,0.00766619,-0.0210788,0.00330224,-0.999772,-0.0900434,0.4,0,0,DISABLED,0
10.9802,3.422,0.350237,0,-0.00711353,0.731921,0.00725062,-0.0219049,0.000298874,-0.99976,-0.0916757,0.4,0,0,DISABLED,0
11.0002,3.42902,0.349648,0,-0.00640032,0.732575,0.00936053,-0.0211917,-0.00791138,-0.999744,-0.0927972,0.4,0,0,DISABLED,0
11.0202,3.4349,0.349341,0,-0.00318465,0.733085,0.0108086,-0.017976,-0.0114137,-0.999773,-0.0922136,0.4,0,0,DISABLED,0
11.0402,3.44196,0.349239,0,0.00102285,0.733578,0.0135097,-0.0137685,-0.0145557,-0.999799,-0.0914519,0.4,0,0,DISABLED,0
11.0602,3.44844,0.34935,0,0.00394605,0.733809,0.0172497,-0.0108453,-0.0178758,-0.999781,-0.0913547,0.4,0,0,DISABLED,0
11.0802,3.45429,0.349637,0,0.00632323,0.733758,0.0209766,-0.00846812,-0.0210851,-0.999742,-0.0918174,0.4,0,0,DISABLED,0
11.1002,3.45945,0.350078,0,0.0088896,0.733451,0.0241125,-0.00590175,-0.0235021,-0.999706,-0.0927069,0.4,0,0,DISABLED,0
11.1202,3.46785,0.351282,0,0.0126304,0.732507,0.0258174,-0.00216091,-0.0236032,-0.999719,-0.0938243,0.4,0,0,DISABLED,0
11.1402,3.47375,0.352598,0,0.0152645,0.731701,0.0249938,0.000473171,-0.0208743,-0.999782,-0.0947306,0.4,0,0,DISABLED,0
11.1602,3.48118,0.354829,0,0.01705,0.730804,0.0210078,0.00225864,-0.0133581,-0.999908,-0.0951079,0.4,0,0,DISABLED,0
11.1802,3.48803,0.357314,0,0.0173565,0.729795,0.0175172,0.00256511,-0.0034654,-0.999991,-0.0942265,0.4,0,0,DISABLED,0
11.2002,3.49519,0.359494,0,0.0148115,0.728976,0.0148225,2.01796e-05,-0.00161533,-0.999999,-0.0936591,0.4,0,0,DISABLED,0
11.2202,3.50225,0.361262,0,0.01121,0.728898,0.0121876,-0.00358139,-0.00587327,-0.999976,-0.0899973,0.4,0,0,DISABLED,0
11.2402,3.50928,0.363156,0,0.00711511,0.729306,0.00830081,-0.00767624,-0.00536716,-0.999956,-0.0866182,0.4,0,0,DISABLED,0
11.2602,3.51654,0.364817,0,0.00207848,0.729947,0.00241687,-0.0127129,0.000157179,-0.999919,-0.0843086,0.4,0,0,DISABLED,0
11.2802,3.52368,0.365954,0,-0.00134426,0.730408,0.00639444,-0.0161356,0.00516942,-0.999856,-0.0829287,0.4,0,0,DISABLED,0
11.3002,3.53057,0.366734,0,-0.00226731,0.7305,0.00922584,-0.0170587,0.00785633,-0.999824,-0.0813998,0.4,0,0,DISABLED,0
11.3202,3.53734,0.367444,0,-0.00211019,0.730509,0.0101488,-0.0169015,0.00884138,-0.999818,-0.0815262,0.4,0,0,DISABLED,0
11.3402,3.54469,0.368047,0,-0.00162168,0.730803,0.0112358,-0.016413,0.0100283,-0.999815,-0.0814875,0.4,0,0,DISABLED,0
11.3602,3.55052,0.368347,0,-0.000464932,0.731269,0.0125585,-0.0152563,0.0114606,-0.999818,-0.0824219,0.4,0,0,DISABLED,0
11.3802,3.55687,0.368473,0,0.00125038,0.731877,0.0154371,-0.013541,0.0142999,-0.999806,-0.0819379,0.4,0,0,DISABLED,0
11.4002,3.56311,0.368414,0,0.00302975,0.732347,0.0187117,-0.0117616,0.0173761,-0.99978,-0.0820815,0.4,0,0,DISABLED,0
11.4202,3.56927,0.368055,0,0.00418504,0.732521,0.021228,-0.0106063,0.019725,-0.999749,-0.081247,0.4,0,0,DISABLED,0
11.4402,3.57532,0.3674,0,0.00430906,0.732409,0.0221272,-0.0104823,0.0206163,-0.999732,-0.0812187,0.4,0,0,DISABLED,0
11.4602,3.58125,0.366521,0,0.00345806,0.732104,0.0216313,-0.0113333,0.0202637,-0.99973,-0.0818285,0.4,0,0,DISABLED,0
11.4802,3.587,0.365444,0,0.00223279,0.731588,0.0189082,-0.0125586,0.0176888,-0.999765,-0.0825749,0.4,0,0,DISABLED,0
11.5002,3.5925,0.364296,0,0.00128688,0.730879,0.0144602,-0.0135045,0.0133164,-0.99982,-0.0853525,0.4,0,0,DISABLED,0
11.5202,3.59845,0.363319,0,-0.00175975,0.730779,0.0137112,-0.0165511,0.0125093,-0.999785,-0.0887414,0.4,0,0,DISABLED,0
11.5402,3.6053,0.362337,0,-0.00415926,0.731145,0.0118352,-0.0189506,0.00999749,-0.99977,-0.0935625,0.4,0,0,DISABLED,0
11.5602,3.61127,0.361691,0,-0.00585782,0.731504,0.00899024,-0.0206492,0.00573549,-0.99977,-0.0979358,0.4,0,0,DISABLED,0
11.5802,3.61817,0.361041,0,-0.0065496,0.73211,0.0069226,-0.0213409,0.00115975,-0.999772,-0.0983943,0.4,0,0,DISABLED,0
11.6002,3.62491,0.360523,0,-0.00606024,0.7328,0.00656008,-0.0208516,-0.00358543,-0.999776,-0.0986701,0.4,0,0,DISABLED,0
11.6202,3.63119,0.360278,0,-0.00222313,0.733404,0.0074613,-0.0170145,-0.008209,-0.999822,-0.0986841,0.4,0,0,DISABLED,0
11.6402,3.63742,0.360262,0,0.00114604,0.733853,0.00985074,-0.0136453,-0.0108701,-0.999848,-0.098196,0.4,0,0,DISABLED,0
11.6602,3.64373,0.360441,0,0.00346614,0.734051,0.0129786,-0.0113252,-0.013591,-0.999843,-0.0974957,0.4,0,0,DISABLED,0
11.6802,3.65006,0.360888,0,0.00615506,0.733918,0.0172255,-0.00863629,-0.0171743,-0.999815,-0.0976852,0.4,0,0,DISABLED,0
11.7002,3.65636,0.361607,0,0.00889384,0.733415,0.0202331,-0.00589751,-0.0192574,-0.999797,-0.0981427,0.4,0,0,DISABLED,0
11.7202,3.66265,0.362679,0,0.0120102,0.732591,0.0215568,-0.00278116,-0.0189863,-0.999816,-0.0985805,0.4,0,0,DISABLED,0
11.7402,3.66896,0.364242,0,0.0150729,0.731592,0.0209311,0.000281555,-0.0156124,-0.999878,-0.099324,0.4,0,0,DISABLED,0
11.7602,3.67542,0.366338,0,0.0170757,0.730563,0.018699,0.00228432,-0.00870983,-0.999959,-0.100038,0.4,0,0,DISABLED,0
11.7802,3.68204,0.368829,0,0.0173662,0.72936,0.0174217,0.00257485,0.000322961,-0.999997,-0.0996,0.4,0,0,DISABLED,0
11.8002,3.68894,0.370917,0,0.0146763,0.728551,0.014754,-0.000115061,0.000420072,-1,-0.0979846,0.4,0,0,DISABLED,0
11.8202,3.69579,0.372687,0,0.0107802,0.728557,0.0111773,-0.00401117,-0.00403885,-0.999984,-0.0936114,0.4,0,0,DISABLED,0
11.8402,3.70268,0.374609,0,0.00617165,0.729052,0.00644088,-0.0086197,-0.0029424,-0.999959,-0.0900249,0.4,0,0,DISABLED,0
11.8602,3.70979,0.376284,0,0.000809927,0.729768,0.00420036,-0.0139814,0.00303832,-0.999898,-0.0873162,0.4,0,0,DISABLED,0
11.8802,3.71678,0.377415,0,-0.00264986,0.730303,0.00968599,-0.0174412,0.00822664,-0.999814,-0.0854766,0.4,0,0,DISABLED,0
11.9002,3.72423,0.378207,0,-0.00351594,0.730472,0.0120943,-0.0183073,0.0104838,-0.999777,-0.0838263,0.4,0,0,DISABLED,0
11.9202,3.73029,0.378765,0,-0.00317673,0.730507,0.0127563,-0.0179681,0.0112672,-0.999775,-0.0829121,0.4,0,0,DISABLED,0
11.9402,3.73771,0.379255,0,-0.00256325,0.730829,0.0132558,-0.0173546,0.0119203,-0.999778,-0.082531,0.4,0,0,DISABLED,0
11.9602,3.74368,0.379418,0,-0.00143964,0.731307,0.0140758,-0.016231,0.0129168,-0.999785,-0.0821102,0.4,0,0,DISABLED,0
11.9802,3.75019,0.379425,0,0.000187314,0.731939,0.0160467,-0.014604,0.0149588,-0.999781,-0.0823341,0.4,0,0,DISABLED,0
12.0002,3.7566,0.379282,0,0.00231021,0.732471,0.019732,-0.0124811,0.0185103,-0.999751,-0.0826319,0,0,0,DISABLED,0
12.0202,3.76288,0.37886,0,0.00369417,0.732706,0.0221917,-0.0110972,0.0207974,-0.999722,-0.0821389,0,0,0,DISABLED,0
12.0402,3.76969,0.378015,0,0.0041399,0.732632,0.023172,-0.0106514,0.0217148,-0.999707,-0.0818469,0,0,0,DISABLED,0
12.0602,3.77517,0.377086,0,0.00344268,0.732434,0.0226254,-0.0113487,0.021279,-0.999709,-0.0819749,0,0,0,DISABLED,0
12.0802,3.78106,0.375835,0,0.00227227,0.732044,0.0195742,-0.0125191,0.0183527,-0.999753,-0.0826559,0,0,0,DISABLED,0
12.1002,3.78681,0.374517,0,0.00103835,0.731453,0.0149467,-0.013753,0.0138237,-0.99981,-0.085252,0,0,0,DISABLED,0
12.1202,3.79339,0.373368,0,-0.00175782,0.731389,0.0138022,-0.0165492,0.012603,-0.999784,-0.0894039,0,0,0,DISABLED,0
12.1402,3.79854,0.372601,0,-0.00233164,0.73168,0.0118704,-0.017123,0.0105548,-0.999798,-0.0946792,0,0,0,DISABLED,0
12.1602,3.80432,0.371922,0,-0.00223292,0.732015,0.00815593,-0.0170243,0.00675842,-0.999832,-0.0987338,0,0,0,DISABLED,0
12.1802,3.81005,0.371333,0,-0.00203654,0.732483,0.00376642,-0.0168279,0.00209229,-0.999856,-0.0998844,0,0,0,DISABLED,0
12.2002,3.81528,0.370778,0,-0.000527889,0.733071,0.00251358,-0.0153192,-0.00356327,-0.999876,-0.100158,0,0,0,DISABLED,0
12.2202,3.82006,0.370421,0,0.00172337,0.733705,0.00803073,-0.013068,-0.00893206,-0.999875,-0.100407,0,0,0,DISABLED,0
12.2402,3.82468,0.370347,0,0.00331648,0.734258,0.0127282,-0.0114749,-0.0133719,-0.999845,-0.100757,0,0,0,DISABLED,0
12.2602,3.82784,0.370491,0,0.004126,0.734512,0.0157846,-0.0106653,-0.0163222,-0.99981,-0.101311,0,0,0,DISABLED,0
12.2802,3.83362,0.371211,0,0.00437601,0.73456,0.0191307,-0.0104153,-0.0197077,-0.999752,-0.102657,0,0,0,DISABLED,0
12.3002,3.83858,0.372187,0,0.00178835,0.734167,0.018734,-0.013003,-0.0197345,-0.999721,-0.105568,0,0,0,DISABLED,0
12.3202,3.84321,0.37345,0,-0.00031442,0.732692,0.0106587,-0.0151058,-0.011736,-0.999817,-0.106421,0,0,0,DISABLED,0
12.3402,3.84757,0.374187,0,-0.0039003,0.730918,0.0115446,-0.0186916,-0.0119505,-0.999754,-0.107052,0,0,0,DISABLED,0
12.3602,3.85189,0.374908,0,-0.00908513,0.730264,0.0189491,-0.0238765,-0.0177131,-0.999558,-0.106614,0,0,0,DISABLED,0
12.3802,3.85538,0.375946,0,-0.0103521,0.730069,0.0197591,-0.0251435,-0.0179124,-0.999523,-0.103666,0,0,0,DISABLED,0
12.4002,3.85816,0.376756,0,-0.00818139,0.72996,0.0183157,-0.0229727,-0.0174712,-0.999583,-0.103359,0,0,0,DISABLED,0
12.4202,3.86048,0.377261,0,-0.00390488,0.729962,0.0169429,-0.0186962,-0.0175738,-0.999671,-0.104082,0,0,0,DISABLED,0
12.4402,3.86258,0.377703,0,0.00100458,0.730137,0.0160095,-0.0137868,-0.0170636,-0.999759,-0.104669,0,0,0,DISABLED,0
12.4602,3.86452,0.378087,0,0.00590485,0.730411,0.0164828,-0.0088865,-0.0164744,-0.999825,-0.104803,0,0,0,DISABLED,0
12.4802,3.86626,0.378322,0,0.0105116,0.730722,0.0181621,-0.00427972,-0.0158983,-0.999864,-0.10481,0,0,0,DISABLED,0
12.5002,3.86777,0.378353,0,0.0145293,0.73102,0.0202714,-0.000262054,-0.0152207,-0.999884,-0.104909,0,0,0,DISABLED,0
12.5202,3.86897,0.378243,0,0.0177336,0.731256,0.0220921,0.00294224,-0.0142608,-0.999894,-0.105087,0,0,0,DISABLED,0
12.5402,3.87021,0.377987,0,0.0202592,0.731478,0.0236835,0.0054678,-0.0133487,-0.999896,-0.105149,0,0,0,DISABLED,0
12.5602,3.8712,0.37766,0,0.0223543,0.731609,0.0252524,0.00756295,-0.0128313,-0.999889,-0.105154,0,0,0,DISABLED,0
12.5802,3.87186,0.377366,0,0.0241121,0.731664,0.0267473,0.00932072,-0.0126623,-0.999876,-0.105188,0,0,0,DISABLED,0
12.6002,3.87244,0.377016,0,0.0255135,0.731691,0.028008,0.0107222,-0.0126411,-0.999863,-0.105303,0,0,0,DISABLED,0
12.6202,3.8729,0.376608,0,0.0266386,0.731696,0.0290732,0.0118472,-0.0127291,-0.999849,-0.105567,0,0,0,DISABLED,0
12.6402,3.87314,0.376267,0,0.0275535,0.731681,0.0300135,0.0127622,-0.0129806,-0.999834,-0.105944,0,0,0,DISABLED,0
12.6602,3.87326,0.375882,0,0.0282681,0.731646,0.0308365,0.0134768,-0.0134022,-0.999819,-0.106414,0,0,0,DISABLED,0
12.6802,3.87325,0.375524,0,0.0287935,0.731609,0.0315285,0.0140021,-0.0139261,-0.999805,-0.106976,0,0,0,DISABLED,0
12.7002,3.87309,0.375067,0,0.0291799,0.731564,0.0321242,0.0143886,-0.0145174,-0.999791,-0.107653,0,0,0,DISABLED,0
12.7202,3.87281,0.374636,0,0.0294541,0.731525,0.032647,0.0146628,-0.0151654,-0.999777,-0.108508,0,0,0,DISABLED,0
12.7402,3.87241,0.374191,0,0.0296018,0.731487,0.0330877,0.0148104,-0.0158662,-0.999764,-0.109508,0,0,0,DISABLED,0
12.7602,3.8719,0.373736,0,0.0296554,0.731451,0.0335263,0.0148641,-0.0167195,-0.99975,-0.110664,0,0,0,DISABLED,0
12.7802,3.87128,0.373276,0,0.0296565,0.731423,0.0338765,0.0148652,-0.0174547,-0.999737,-0.111595,0,0,0,DISABLED,0
12.8002,3.87057,0.372812,0,0.0295636,0.731402,0.034204,0.0147723,-0.0182849,-0.999724,-0.112593,0,0,0,DISABLED,0
12.8202,3.86977,0.372348,0,0.0292827,0.731381,0.0343917,0.0144913,-0.019121,-0.999712,-0.113541,0,0,0,DISABLED,0
12.8402,3.86882,0.371838,0,0.0287811,0.731356,0.0344195,0.0139898,-0.0199609,-0.999703,-0.114437,0,0,0,DISABLED,0
12.8602,3.86807,0.371469,0,0.0281578,0.731336,0.0343293,0.0133665,-0.0207226,-0.999696,-0.115215,0,0,0,DISABLED,0
12.8802,3.8671,0.371029,0,0.0272276,0.731335,0.0338924,0.0124363,-0.0212658,-0.999696,-0.115995,0,0,0,DISABLED,0
12.9002,3.86599,0.370594,0,0.0260583,0.731384,0.0330011,0.011267,-0.0213355,-0.999709,-0.116587,0,0,0,DISABLED,0
12.9202,3.86484,0.370202,0,0.0249533,0.731459,0.0320982,0.0101619,-0.021275,-0.999722,-0.117033,0,0,0,DISABLED,0
12.9402,3.86388,0.369914,0,0.0234451,0.731532,0.0308036,0.00865379,-0.0210629,-0.999741,-0.117522,0,0,0,DISABLED,0
12.9602,3.86281,0.36963,0,0.022143,0.731611,0.02969,0.00735168,-0.0208616,-0.999755,-0.117896,0,0,0,DISABLED,0
12.9802,3.86175,0.369385,0,0.0207885,0.731681,0.0285477,0.00599711,-0.020649,-0.999769,-0.118283,0,0,0,DISABLED,0
13.0002,3.86071,0.369184,0,0.0193677,0.731743,0.027362,0.0045763,-0.0204102,-0.999781,-0.11868,0,0,0,DISABLED,0
13.0202,3.85991,0.369054,0,0.0181778,0.731784,0.0263951,0.00338648,-0.0202224,-0.99979,-0.118995,0,0,0,DISABLED,0
13.0402,3.85877,0.368916,0,0.0163434,0.731834,0.0249699,0.00155209,-0.0199642,-0.999799,-0.11946,0,0,0,DISABLED,0
13.0602,3.85786,0.368852,0,0.0148181,0.731868,0.023854,2.67101e-05,-0.0197775,-0.999804,-0.119833,0,0,0,DISABLED,0
13.0802,3.85701,0.368835,0,0.0133548,0.731898,0.0228352,-0.00143652,-0.01961,-0.999807,-0.120214,0,0,0,DISABLED,0
13.1002,3.85622,0.36886,0,0.011978,0.731926,0.0219296,-0.00281333,-0.0194561,-0.999807,-0.120597,0,0,0,DISABLED,0
13.1202,3.85549,0.368931,0,0.0107027,0.731952,0.0211295,-0.00408867,-0.0193012,-0.999805,-0.120991,0,0,0,DISABLED,0
13.1402,3.85481,0.369049,0,0.00953572,0.731978,0.0204208,-0.00525563,-0.0191435,-0.999803,-0.121398,0,0,0,DISABLED,0
13.1602,3.8542,0.369211,0,0.00846999,0.732003,0.0197983,-0.00632136,-0.0189777,-0.9998,-0.12182,0,0,0,DISABLED,0
13.1802,3.85359,0.369425,0,0.00759887,0.73203,0.019289,-0.00719248,-0.0188142,-0.999797,-0.122228,0,0,0,DISABLED,0
13.2002,3.85314,0.36962,0,0.00663062,0.732048,0.0187181,-0.00816073,-0.0185912,-0.999794,-0.122762,0,0,0,DISABLED,0
13.2202,3.8527,0.369849,0,0.00582785,0.732062,0.0182374,-0.0089635,-0.018367,-0.999791,-0.123259,0,0,0,DISABLED,0
13.2402,3.85231,0.370085,0,0.00509224,0.732072,0.0177974,-0.00969911,-0.0181361,-0.999788,-0.12377,0,0,0,DISABLED,0
13.2602,3.85197,0.370321,0,0.00442429,0.732079,0.0173977,-0.0103671,-0.0179098,-0.999786,-0.124279,0,0,0,DISABLED,0
13.2802,3.85167,0.370552,0,0.0038795,0.732083,0.0170761,-0.0109118,-0.0177168,-0.999784,-0.124723,0,0,0,DISABLED,0
13.3002,3.85142,0.370774,0,0.00323599,0.732085,0.0167127,-0.0115554,-0.0174812,-0.99978,-0.125277,0,0,0,DISABLED,0
13.3202,3.8512,0.370984,0,0.00281499,0.732086,0.0164828,-0.0119764,-0.0173283,-0.999778,-0.125658,0,0,0,DISABLED,0
13.3402,3.85102,0.371181,0,0.00240756,0.732087,0.0162791,-0.0123838,-0.0171827,-0.999776,-0.12605,0,0,0,DISABLED,0
13.3602,3.85088,0.371365,0,0.00205839,0.732087,0.0161098,-0.012733,-0.0170628,-0.999773,-0.126415,0,0,0,DISABLED,0
13.3802,3.85077,0.371535,0,0.00176346,0.732087,0.015976,-0.0130279,-0.0169643,-0.999771,-0.126756,0,0,0,DISABLED,0
13.4002,3.85068,0.371692,0,0.00151935,0.732087,0.0158674,-0.013272,-0.0168802,-0.999769,-0.127075,0,0,0,DISABLED,0
13.4202,3.85062,0.371833,0,0.00132171,0.732086,0.015777,-0.0134696,-0.0168073,-0.999768,-0.127373,0,0,0,DISABLED,0
13.4402,3.85058,0.371973,0,0.00116474,0.732085,0.0156975,-0.0136266,-0.0167418,-0.999767,-0.127655,0,0,0,DISABLED,0
13.4602,3.85057,0.372075,0,0.00104403,0.732082,0.0156328,-0.0137473,-0.0166805,-0.999766,-0.127924,0,0,0,DISABLED,0
13.4802,3.85057,0.372176,0,0.000954441,0.73208,0.015564,-0.0138369,-0.0166223,-0.999766,-0.128179,0,0,0,DISABLED,0
13.5002,3.85057,0.372263,0,0.000887676,0.732076,0.0155064,-0.0139037,-0.0165667,-0.999766,-0.12842,0,0,0,DISABLED,0
13.5202,3.85059,0.372337,0,0.0008377,0.732073,0.0154525,-0.0139536,-0.0165146,-0.999766,-0.128648,0,0,0,DISABLED,0
13.5402,3.85061,0.372399,0,0.00080147,0.732069,0.0154023,-0.0139899,-0.0164687,-0.999767,-0.128861,0,0,0,DISABLED,0
13.5602,3.85064,0.372452,0,0.000771448,0.732064,0.0153597,-0.0140199,-0.0164253,-0.999767,-0.129078,0,0,0,DISABLED,0
13.5802,3.85067,0.372495,0,0.000751692,0.732059,0.0153286,-0.0140397,-0.0163946,-0.999767,-0.129244,0,0,0,DISABLED,0
13.6002,3.85071,0.372532,0,0.000733882,0.732053,0.0152975,-0.0140575,-0.0163644,-0.999767,-0.129419,0,0,0,DISABLED,0
13.6202,3.85075,0.372567,0,0.000719935,0.732046,0.0152663,-0.0140714,-0.0163371,-0.999768,-0.129586,0,0,0,DISABLED,0
13.6402,3.85079,0.372591,0,0.000709319,0.732041,0.0152428,-0.014082,-0.0163118,-0.999768,-0.129747,0,0,0,DISABLED,0
13.6602,3.85083,0.372615,0,0.000701518,0.732035,0.0152193,-0.0140898,-0.0162885,-0.999768,-0.129902,0,0,0,DISABLED,0
13.6802,3.85087,0.372636,0,0.000696081,0.732029,0.0151997,-0.0140953,-0.0162668,-0.999768,-0.130053,0,0,0,DISABLED,0
13.7002,3.85092,0.372656,0,0.00069269,0.732023,0.0151762,-0.0140987,-0.0162463,-0.999769,-0.1302,0,0,0,DISABLED,0
13.7202,3.85095,0.37267,0,0.000691328,0.732018,0.0151605,-0.0141,-0.0162304,-0.999769,-0.130316,0,0,0,DISABLED,0
13.7402,3.85101,0.37269,0,0.000691186,0.732011,0.0151408,-0.0141002,-0.0162072,-0.999769,-0.130486,0,0,0,DISABLED,0
13.7602,3.85105,0.372706,0,0.000692706,0.732005,0.0151172,-0.0140986,-0.0161882,-0.99977,-0.130625,0,0,0,DISABLED,0
13.7802,3.85109,0.372721,0,0.000695474,0.732,0.0150974,-0.0140959,-0.0161694,-0.99977,-0.130762,0,0,0,DISABLED,0
13.8002,3.85113,0.372734,0,0.000698809,0.731995,0.0150856,-0.0140925,-0.0161524,-0.99977,-0.130884,0,0,0,DISABLED,0
13.8202,3.85118,0.372752,0,0.000703962,0.731989,0.0150619,-0.0140874,-0.0161317,-0.999771,-0.131032,0,0,0,DISABLED,0
13.8402,3.85122,0.372766,0,0.000709552,0.731984,0.015046,-0.0140818,-0.0161128,-0.999771,-0.131165,0,0,0,DISABLED,0
13.8602,3.85126,0.372778,0,0.000715851,0.73198,0.0150262,-0.0140755,-0.0160936,-0.999771,-0.131296,0,0,0,DISABLED,0
13.8802,3.8513,0.372792,0,0.000722756,0.731975,0.0150064,-0.0140686,-0.0160743,-0.999772,-0.131427,0,0,0,DISABLED,0
13.9002,3.85134,0.372808,0,0.000730182,0.73197,0.0149865,-0.0140612,-0.0160548,-0.999772,-0.131556,0,0,0,DISABLED,0
13.9202,3.85137,0.37282,0,0.000738055,0.731967,0.0149666,-0.0140533,-0.016035,-0.999773,-0.131685,0,0,0,DISABLED,0
13.9402,3.8514,0.372834,0,0.000746323,0.731963,0.0149506,-0.014045,-0.016015,-0.999773,-0.131813,0,0,0,DISABLED,0
13.9602,3.85144,0.372848,0,0.000754938,0.731959,0.0149267,-0.0140364,-0.0159947,-0.999774,-0.131941,0,0,0,DISABLED,0
13.9802,3.85147,0.372862,0,0.000763869,0.731956,0.0149107,-0.0140275,-0.0159741,-0.999774,-0.132068,0,0,0,DISABLED,0
14.0002,3.85151,0.372876,0,0.00077307,0.731952,0.0148907,-0.0140183,-0.0159533,-0.999774,-0.132195,0,0,0,DISABLED,0
14.0202,3.85154,0.372891,0,0.000782465,0.731949,0.0148667,-0.0140089,-0.0159322,-0.999775,-0.132321,0,0,0,DISABLED,0
14.0402,3.85157,0.372904,0,0.000792034,0.731946,0.0148466,-0.0139993,-0.0159108,-0.999775,-0.132448,0,0,0,DISABLED,0
14.0602,3.8516,0.372918,0,0.000801754,0.731944,0.0148265,-0.0139896,-0.0158892,-0.999776,-0.132574,0,0,0,DISABLED,0
14.0802,3.85163,0.372932,0,0.000811587,0.731941,0.0148064,-0.0139798,-0.0158673,-0.999776,-0.132699,0,0,0,DISABLED,0
14.1002,3.85165,0.372947,0,0.000821516,0.731939,0.0147863,-0.0139698,-0.0158452,-0.999777,-0.132825,0,0,0,DISABLED,0
14.1202,3.85168,0.372962,0,0.000831538,0.731936,0.014758,-0.0139598,-0.0158228,-0.999777,-0.132951,0,0,0,DISABLED,0
14.1402,3.85171,0.372976,0,0.00084162,0.731934,0.0147378,-0.0139497,-0.0158003,-0.999778,-0.133076,0,0,0,DISABLED,0
14.1602,3.85173,0.372991,0,0.000851741,0.731932,0.0147176,-0.0139396,-0.0157775,-0.999778,-0.133201,0,0,0,DISABLED,0
14.1802,3.85176,0.373006,0,0.000861884,0.73193,0.0146933,-0.0139295,-0.0157545,-0.999779,-0.133326,0,0,0,DISABLED,0
14.2002,3.85178,0.373021,0,0.000872036,0.731928,0.014673,-0.0139193,-0.0157313,-0.999779,-0.133452,0,0,0,DISABLED,0
14.2202,3.8518,0.373036,0,0.000882178,0.731926,0.0146486,-0.0139092,-0.015708,-0.99978,-0.133577,0,0,0,DISABLED,0
14.2402,3.85183,0.373051,0,0.000891306,0.731925,0.0146282,-0.0139,-0.0156868,-0.99978,-0.133689,0,0,0,DISABLED,0
14.2603,3.85185,0.373066,0,0.000902452,0.731923,0.0146037,-0.0138889,-0.0156607,-0.999781,-0.133826,0,0,0,DISABLED,0
14.2803,3.85187,0.373081,0,0.000911566,0.731922,0.0145833,-0.0138798,-0.0156393,-0.999781,-0.133938,0,0,0,DISABLED,0
14.3003,3.85189,0.373096,0,0.000922661,0.73192,0.0145588,-0.0138687,-0.0156131,-0.999782,-0.134074,0,0,0,DISABLED,0
14.3203,3.85191,0.373111,0,0.000932646,0.731919,0.0145342,-0.0138587,-0.0155892,-0.999782,-0.134197,0,0,0,DISABLED,0
14.3403,3.85193,0.373127,0,0.000942456,0.731918,0.0145137,-0.0138489,-0.0155653,-0.999783,-0.134321,0,0,0,DISABLED,0
14.3603,3.85195,0.373142,0,0.000952058,0.731916,0.014489,-0.0138393,-0.0155414,-0.999783,-0.134444,0,0,0,DISABLED,0
14.3803,3.85197,0.373157,0,0.000961465,0.731915,0.0144643,-0.0138299,-0.0155175,-0.999784,-0.134567,0,0,0,DISABLED,0
14.4003,3.85199,0.373172,0,0.000970684,0.731914,0.0144396,-0.0138207,-0.0154936,-0.999784,-0.13469,0,0,0,DISABLED,0
14.4203,3.85201,0.373189,0,0.000977043,0.731913,0.0144272,-0.0138143,-0.0154769,-0.999785,-0.134777,0,0,0,DISABLED,0
14.4403,3.85202,0.373203,0,0.000988632,0.731912,0.0143941,-0.0138027,-0.0154459,-0.999785,-0.134936,0,0,0,DISABLED,0
14.4603,3.85204,0.373218,0,0.000997367,0.731911,0.0143734,-0.013794,-0.0154221,-0.999786,-0.13506,0,0,0,DISABLED,0
14.4803,3.85206,0.373233,0,0.00100595,0.731911,0.0143526,-0.0137854,-0.0153982,-0.999786,-0.135183,0,0,0,DISABLED,0
14.5003,3.85207,0.373248,0,0.00101438,0.73191,0.0143235,-0.013777,-0.0153743,-0.999787,-0.135306,0,0,0,DISABLED,0
14.5203,3.85209,0.373265,0,0.001021,0.731909,0.0143068,-0.0137703,-0.0153552,-0.999787,-0.135404,0,0,0,DISABLED,0
14.5403,3.8521,0.373279,0,0.00103078,0.731908,0.0142777,-0.0137606,-0.0153265,-0.999788,-0.135552,0,0,0,DISABLED,0
14.5603,3.85212,0.373294,0,0.00103879,0.731908,0.0142526,-0.0137526,-0.0153026,-0.999788,-0.135675,0,0,0,DISABLED,0
14.5803,3.85213,0.373309,0,0.00104668,0.731907,0.0142317,-0.0137447,-0.0152786,-0.999789,-0.135798,0,0,0,DISABLED,0
14.6003,3.85215,0.373324,0,0.00105366,0.731906,0.0142107,-0.0137377,-0.015257,-0.999789,-0.135908,0,0,0,DISABLED,0
14.6203,3.85216,0.373339,0,0.00106205,0.731906,0.0141813,-0.0137293,-0.0152306,-0.99979,-0.136043,0,0,0,DISABLED,0
14.6403,3.85218,0.373354,0,0.00106956,0.731905,0.0141645,-0.0137218,-0.0152066,-0.99979,-0.136165,0,0,0,DISABLED,0
14.6603,3.85219,0.373371,0,0.00107841,0.731905,0.014135,-0.0137129,-0.0151778,-0.999791,-0.136312,0,0,0,DISABLED,0
14.6803,3.8522,0.373383,0,0.00108206,0.731904,0.0141223,-0.0137093,-0.0151657,-0.999791,-0.136373,0,0,0,DISABLED,0
14.7003,3.85222,0.373399,0,0.00109138,0.731904,0.0140928,-0.0137,-0.0151345,-0.999792,-0.136532,0,0,0,DISABLED,0
14.7203,3.85223,0.373412,0,0.00109912,0.731903,0.0140674,-0.0136922,-0.015108,-0.999792,-0.136666,0,0,0,DISABLED,0
14.7403,3.85225,0.373429,0,0.00110537,0.731903,0.0140462,-0.013686,-0.0150864,-0.999793,-0.136776,0,0,0,DISABLED,0
14.7603,3.85226,0.373443,0,0.00111219,0.731902,0.0140207,-0.0136792,-0.0150623,-0.999793,-0.136897,0,0,0,DISABLED,0
14.7803,3.85227,0.373458,0,0.0011189,0.731902,0.0139994,-0.0136725,-0.0150382,-0.999793,-0.137019,0,0,0,DISABLED,0
14.8003,3.85228,0.373473,0,0.00112549,0.731902,0.0139738,-0.0136659,-0.0150141,-0.999794,-0.13714,0,0,0,DISABLED,0
14.8203,3.85229,0.373486,0,0.00113132,0.731901,0.0139525,-0.01366,-0.0149925,-0.999794,-0.137249,0,0,0,DISABLED,0
14.8403,3.85231,0.373501,0,0.00113767,0.731901,0.0139311,-0.0136537,-0.0149684,-0.999795,-0.13737,0,0,0,DISABLED,0
14.8603,3.85232,0.373517,0,0.00114452,0.7319,0.0139011,-0.0136468,-0.0149419,-0.999795,-0.137503,0,0,0,DISABLED,0
14.8803,3.85233,0.373531,0,0.00115063,0.7319,0.0138797,-0.0136407,-0.0149178,-0.999796,-0.137624,0,0,0,DISABLED,0
14.9003,3.85234,0.373544,0,0.00115605,0.7319,0.0138582,-0.0136353,-0.0148961,-0.999796,-0.137732,0,0,0,DISABLED,0
14.9203,3.85236,0.373561,0,0.00116254,0.731899,0.0138324,-0.0136288,-0.0148695,-0.999797,-0.137865,0,0,0,DISABLED,0
14.9403,3.85237,0.373574,0,0.00116835,0.731899,0.0138108,-0.013623,-0.0148455,-0.999797,-0.137985,0,0,0,DISABLED,0
14.9603,3.85238,0.373587,0,0.00117293,0.731899,0.0137892,-0.0136184,-0.0148262,-0.999797,-0.138081,0,0,0,DISABLED,0
14.9803,3.85239,0.373603,0,0.00117968,0.731899,0.0137632,-0.0136117,-0.0147973,-0.999798,-0.138224,0,0,0,DISABLED,0
15.0003,3.8524,0.373616,0,0.00118519,0.731898,0.0137372,-0.0136062,-0.0147732,-0.999798,-0.138344,0,0,0,DISABLED,0
15.0203,3.85241,0.373631,0,0.00119062,0.731898,0.0137155,-0.0136007,-0.0147492,-0.999799,-0.138463,0,0,0,DISABLED,0
15.0403,3.85242,0.373645,0,0.00119595,0.731898,0.0136938,-0.0135954,-0.0147251,-0.999799,-0.138582,0,0,0,DISABLED,0
15.0603,3.85243,0.373659,0,0.00120119,0.731897,0.013672,-0.0135902,-0.0147011,-0.9998,-0.138701,0,0,0,DISABLED,0
15.0803,3.85244,0.373675,0,0.00120634,0.731897,0.0136458,-0.013585,-0.0146771,-0.9998,-0.13882,0,0,0,DISABLED,0
15.1003,3.85245,0.373687,0,0.0012114,0.731897,0.0136196,-0.0135799,-0.0146531,-0.9998,-0.138938,0,0,0,DISABLED,0
15.1203,3.85246,0.373697,0,0.00121439,0.731897,0.0136064,-0.013577,-0.0146387,-0.999801,-0.139009,0,0,0,DISABLED,0
15.1403,3.85247,0.373717,0,0.00122173,0.731896,0.0135757,-0.0135696,-0.0146027,-0.999801,-0.139187,0,0,0,DISABLED,0
15.1603,3.85248,0.373729,0,0.00122605,0.731896,0.0135494,-0.0135653,-0.014581,-0.999802,-0.139293,0,0,0,DISABLED,0
15.1803,3.85249,0.373743,0,0.00122937,0.731896,0.0135362,-0.013562,-0.0145642,-0.999802,-0.139375,0,0,0,DISABLED,0
15.2003,3.8525,0.373757,0,0.00123542,0.731896,0.0135053,-0.0135559,-0.014533,-0.999802,-0.139528,0,0,0,DISABLED,0
15.2203,3.85251,0.37377,0,0.00123998,0.731896,0.0134832,-0.0135514,-0.014509,-0.999803,-0.139645,0,0,0,DISABLED,0
15.2403,3.85252,0.373784,0,0.00124446,0.731895,0.0134567,-0.0135469,-0.0144851,-0.999803,-0.139763,0,0,0,DISABLED,0
15.2603,3.85252,0.373798,0,0.00124886,0.731895,0.0134345,-0.0135425,-0.0144611,-0.999804,-0.13988,0,0,0,DISABLED,0
15.2803,3.85253,0.373811,0,0.00125317,0.731895,0.0134078,-0.0135382,-0.0144371,-0.999804,-0.139996,0,0,0,DISABLED,0
15.3003,3.85254,0.373825,0,0.0012574,0.731895,0.0133901,-0.013534,-0.0144132,-0.999804,-0.140113,0,0,0,DISABLED,0
15.3203,3.85255,0.373839,0,0.00126154,0.731895,0.0133633,-0.0135298,-0.0143893,-0.999805,-0.140229,0,0,0,DISABLED,0
15.3403,3.85256,0.373852,0,0.00126559,0.731894,0.013341,-0.0135258,-0.0143654,-0.999805,-0.140345,0,0,0,DISABLED,0
15.3603,3.85257,0.373866,0,0.00126956,0.731894,0.0133142,-0.0135218,-0.0143416,-0.999806,-0.14046,0,0,0,DISABLED,0
15.3803,3.85258,0.373878,0,0.00127306,0.731894,0.0132918,-0.0135183,-0.0143201,-0.999806,-0.140564,0,0,0,DISABLED,0
15.4003,3.85258,0.373894,0,0.00127726,0.731894,0.0132693,-0.0135141,-0.0142938,-0.999807,-0.140691,0,0,0,DISABLED,0
15.4203,3.85259,0.373904,0,0.00128062,0.731894,0.0132468,-0.0135107,-0.0142724,-0.999807,-0.140795,0,0,0,DISABLED,0
15.4403,3.8526,0.373919,0,0.00128465,0.731894,0.0132243,-0.0135067,-0.0142461,-0.999807,-0.140921,0,0,0,DISABLED,0
15.4603,3.85261,0.373932,0,0.00128823,0.731894,0.0132018,-0.0135031,-0.0142223,-0.999808,-0.141036,0,0,0,DISABLED,0
15.4803,3.85262,0.373946,0,0.00129173,0.731893,0.0131746,-0.0134996,-0.0141985,-0.999808,-0.14115,0,0,0,DISABLED,0
15.5003,3.85262,0.373959,0,0.00129516,0.731893,0.0131565,-0.0134962,-0.0141747,-0.999808,-0.141264,0,0,0,DISABLED,0
15.5203,3.85263,0.373972,0,0.00129851,0.731893,0.0131293,-0.0134928,-0.0141509,-0.999809,-0.141378,0,0,0,DISABLED,0
15.5403,3.85264,0.373985,0,0.00130182,0.731893,0.0131066,-0.0134895,-0.0141271,-0.999809,-0.141492,0,0,0,DISABLED,0
15.5603,3.85265,0.373998,0,0.00130507,0.731893,0.0130838,-0.0134863,-0.0141034,-0.99981,-0.141605,0,0,0,DISABLED,0
15.5803,3.85265,0.374011,0,0.00130827,0.731893,0.013061,-0.0134831,-0.0140798,-0.99981,-0.141718,0,0,0,DISABLED,0
15.6003,3.85266,0.374024,0,0.00131141,0.731893,0.0130382,-0.0134799,-0.0140562,-0.99981,-0.141831,0,0,0,DISABLED,0
15.6203,3.85267,0.374037,0,0.00131448,0.731893,0.0130153,-0.0134769,-0.0140327,-0.999811,-0.141943,0,0,0,DISABLED,0
15.6403,3.85267,0.37405,0,0.00131748,0.731893,0.0129924,-0.0134739,-0.0140092,-0.999811,-0.142056,0,0,0,DISABLED,0
15.6603,3.85268,0.374063,0,0.00132041,0.731892,0.0129649,-0.0134709,-0.0139859,-0.999811,-0.142168,0,0,0,DISABLED,0
15.6803,3.85269,0.374076,0,0.00132325,0.731892,0.0129418,-0.0134681,-0.0139625,-0.999812,-0.14228,0,0,0,DISABLED,0
15.7003,3.85269,0.374089,0,0.001326,0.731892,0.0129234,-0.0134654,-0.0139392,-0.999812,-0.142391,0,0,0,DISABLED,0
15.7203,3.8527,0.374101,0,0.00132892,0.731892,0.0129003,-0.0134624,-0.0139136,-0.999813,-0.142514,0,0,0,DISABLED,0
15.7403,3.85271,0.374114,0,0.00133124,0.731892,0.0128772,-0.0134601,-0.0138927,-0.999813,-0.142614,0,0,0,DISABLED,0
15.7603,3.85271,0.374127,0,0.00133373,0.731892,0.012854,-0.0134576,-0.0138694,-0.999813,-0.142726,0,0,0,DISABLED,0
15.7803,3.85272,0.37414,0,0.00133616,0.731892,0.0128308,-0.0134552,-0.0138462,-0.999814,-0.142836,0,0,0,DISABLED,0
15.8003,3.85272,0.374153,0,0.0013385,0.731892,0.0128076,-0.0134528,-0.013823,-0.999814,-0.142947,0,0,0,DISABLED,0
15.8203,3.85273,0.374165,0,0.00134078,0.731892,0.0127843,-0.0134506,-0.0137998,-0.999814,-0.143058,0,0,0,DISABLED,0
15.8403,3.85274,0.374178,0,0.001343,0.731892,0.0127656,-0.0134483,-0.0137766,-0.999815,-0.143168,0,0,0,DISABLED,0
15.8603,3.85274,0.374191,0,0.00134515,0.731892,0.0127423,-0.0134462,-0.0137534,-0.999815,-0.143278,0,0,0,DISABLED,0
15.8803,3.85275,0.374203,0,0.00134724,0.731892,0.0127189,-0.0134441,-0.0137303,-0.999815,-0.143388,0,0,0,DISABLED,0
15.9003,3.85275,0.374214,0,0.00134886,0.731892,0.0126954,-0.0134425,-0.0137118,-0.999816,-0.143476,0,0,0,DISABLED,0
15.9203,3.85276,0.374226,0,0.00135083,0.731891,0.0126766,-0.0134405,-0.0136887,-0.999816,-0.143585,0,0,0,DISABLED,0
15.9403,3.85276,0.374241,0,0.00135312,0.731891,0.0126484,-0.0134382,-0.013661,-0.999816,-0.143716,0,0,0,DISABLED,0
15.9603,3.85277,0.374254,0,0.00135497,0.731891,0.0126248,-0.0134364,-0.0136379,-0.999817,-0.143825,0,0,0,DISABLED,0
15.9803,3.85278,0.374267,0,0.00135676,0.731891,0.0126011,-0.0134346,-0.0136148,-0.999817,-0.143934,0,0,0,DISABLED,0
16.0003,3.85278,0.374279,0,0.0013585,0.731891,0.0125822,-0.0134329,-0.0135918,-0.999817,-0.144043,0,0,0,DISABLED,0
16.0203,3.85279,0.374292,0,0.00136018,0.731891,0.0125585,-0.0134312,-0.0135688,-0.999818,-0.144151,0,0,0,DISABLED,0
16.0403,3.85279,0.374304,0,0.00136181,0.731891,0.0125347,-0.0134295,-0.0135458,-0.999818,-0.144259,0,0,0,DISABLED,0
16.0603,3.8528,0.374314,0,0.00136338,0.731891,0.0125109,-0.013428,-0.0135229,-0.999818,-0.144367,0,0,0,DISABLED,0
16.0803,3.8528,0.374329,0,0.00136489,0.731891,0.0124871,-0.0134265,-0.0135,-0.999819,-0.144475,0,0,0,DISABLED,0
16.1003,3.85281,0.374342,0,0.00136635,0.731891,0.012468,-0.013425,-0.0134771,-0.999819,-0.144583,0,0,0,DISABLED,0
16.1203,3.85281,0.374354,0,0.00136776,0.731891,0.0124441,-0.0134236,-0.0134542,-0.999819,-0.14469,0,0,0,DISABLED,0
16.1403,3.85282,0.374366,0,0.00136911,0.731891,0.0124201,-0.0134222,-0.0134313,-0.99982,-0.144797,0,0,0,DISABLED,0
16.1603,3.85282,0.374379,0,0.00137041,0.731891,0.0123961,-0.0134209,-0.0134085,-0.99982,-0.144904,0,0,0,DISABLED,0
16.1803,3.85283,0.374391,0,0.00137165,0.731891,0.0123768,-0.0134197,-0.0133857,-0.99982,-0.145011,0,0,0,DISABLED,0
16.2003,3.85283,0.374401,0,0.00137261,0.731891,0.0123624,-0.0134187,-0.0133675,-0.999821,-0.145096,0,0,0,DISABLED,0
16.2203,3.85283,0.374416,0,0.00137398,0.731891,0.0123286,-0.0134174,-0.0133402,-0.999821,-0.145223,0,0,0,DISABLED,0
16.2403,3.85284,0.374428,0,0.00137507,0.731891,0.0123092,-0.0134163,-0.0133174,-0.999821,-0.14533,0,0,0,DISABLED,0
16.2603,3.85284,0.37444,0,0.00137611,0.731891,0.0122898,-0.0134152,-0.0132947,-0.999822,-0.145435,0,0,0,DISABLED,0
16.2803,3.85285,0.374453,0,0.00137711,0.731891,0.0122607,-0.0134142,-0.013272,-0.999822,-0.145541,0,0,0,DISABLED,0
16.3003,3.85285,0.374465,0,0.00137806,0.731891,0.0122412,-0.0134133,-0.0132493,-0.999822,-0.145647,0,0,0,DISABLED,0
16.3203,3.85286,0.374477,0,0.00137888,0.731891,0.0122217,-0.0134125,-0.013229,-0.999823,-0.145742,0,0,0,DISABLED,0
16.3403,3.85286,0.374489,0,0.00137983,0.731891,0.0121973,-0.0134115,-0.0132041,-0.999823,-0.145857,0,0,0,DISABLED,0
16.3603,3.85286,0.374502,0,0.00138064,0.731891,0.0121729,-0.0134107,-0.0131815,-0.999823,-0.145962,0,0,0,DISABLED,0
16.3803,3.85287,0.374514,0,0.0013814,0.731891,0.0121484,-0.01341,-0.0131589,-0.999824,-0.146067,0,0,0,DISABLED,0
16.4003,3.85287,0.374526,0,0.00138212,0.731891,0.0121287,-0.0134092,-0.0131363,-0.999824,-0.146171,0,0,0,DISABLED,0
16.4203,3.85288,0.374538,0,0.00138284,0.731891,0.0121091,-0.0134085,-0.0131138,-0.999824,-0.146275,0,0,0,DISABLED,0
16.4403,3.85288,0.37455,0,0.00138352,0.731891,0.0120844,-0.0134078,-0.0130913,-0.999824,-0.146378,0,0,0,DISABLED,0
16.4603,3.85289,0.374562,0,0.00138417,0.731891,0.0120647,-0.0134072,-0.0130689,-0.999825,-0.146482,0,0,0,DISABLED,0
16.4803,3.85289,0.374574,0,0.00138478,0.731891,0.0120399,-0.0134066,-0.0130467,-0.999825,-0.146585,0,0,0,DISABLED,0
16.5003,3.85289,0.374586,0,0.00138534,0.731891,0.0120201,-0.013406,-0.0130245,-0.999825,-0.146688,0,0,0,DISABLED,0
16.5203,3.8529,0.374598,0,0.00138586,0.731891,0.0119953,-0.0134055,-0.0130023,-0.999826,-0.14679,0,0,0,DISABLED,0
16.5403,3.8529,0.37461,0,0.00138631,0.731891,0.0119754,-0.013405,-0.0129803,-0.999826,-0.146893,0,0,0,DISABLED,0
16.5603,3.8529,0.374622,0,0.00138671,0.731891,0.0119505,-0.0134046,-0.0129582,-0.999826,-0.146995,0,0,0,DISABLED,0
16.5803,3.85291,0.374633,0,0.00138704,0.731891,0.0119305,-0.0134043,-0.0129362,-0.999826,-0.147097,0,0,0,DISABLED,0
16.6003,3.85291,0.374645,0,0.00138727,0.731891,0.0119105,-0.0134041,-0.0129187,-0.999827,-0.147178,0,0,0,DISABLED,0
16.6203,3.85291,0.374656,0,0.00138754,0.731891,0.0118905,-0.0134038,-0.0128945,-0.999827,-0.14729,0,0,0,DISABLED,0
16.6403,3.85292,0.374669,0,0.00138772,0.731891,0.0118654,-0.0134036,-0.0128726,-0.999827,-0.147391,0,0,0,DISABLED,0
16.6603,3.85292,0.37468,0,0.00138788,0.731891,0.0118453,-0.0134035,-0.0128485,-0.999828,-0.147503,0,0,0,DISABLED,0
16.6803,3.85292,0.37469,0,0.00138796,0.731891,0.0118251,-0.0134034,-0.012831,-0.999828,-0.147583,0,0,0,DISABLED,0
16.7003,3.85293,0.374704,0,0.00138804,0.731891,0.011805,-0.0134033,-0.012807,-0.999828,-0.147694,0,0,0,DISABLED,0
16.7203,3.85293,0.374716,0,0.00138807,0.731891,0.0117797,-0.0134033,-0.012783,-0.999828,-0.147805,0,0,0,DISABLED,0
16.7403,3.85293,0.374727,0,0.00138806,0.731891,0.0117544,-0.0134033,-0.0127612,-0.999829,-0.147905,0,0,0,DISABLED,0
16.7603,3.85294,0.374739,0,0.00138802,0.731891,0.0117391,-0.0134033,-0.0127395,-0.999829,-0.148005,0,0,0,DISABLED,0
16.7803,3.85294,0.37475,0,0.00138793,0.731891,0.0117137,-0.0134034,-0.0127178,-0.999829,-0.148105,0,0,0,DISABLED,0
16.8003,3.85294,0.374762,0,0.00138782,0.731891,0.0116934,-0.0134035,-0.0126962,-0.99983,-0.148205,0,0,0,DISABLED,0
16.8203,3.85295,0.374772,0,0.00138768,0.731891,0.011673,-0.0134037,-0.0126767,-0.99983,-0.148294,0,0,0,DISABLED,0
16.8403,3.85295,0.374784,0,0.00138747,0.731891,0.0116474,-0.0134039,-0.012653,-0.99983,-0.148403,0,0,0,DISABLED,0
16.8603,3.85295,0.374797,0,0.00138724,0.731891,0.011632,-0.0134041,-0.0126314,-0.99983,-0.148502,0,0,0,DISABLED,0
16.8803,3.85295,0.374809,0,0.00138695,0.731891,0.0116064,-0.0134044,-0.0126078,-0.999831,-0.148611,0,0,0,DISABLED,0
16.9003,3.85296,0.374815,0,0.00138666,0.731891,0.0115807,-0.0134047,-0.0125863,-0.999831,-0.14871,0,0,0,DISABLED,0
16.9203,3.85296,0.374832,0,0.00138638,0.731891,0.0115652,-0.013405,-0.012567,-0.999831,-0.148798,0,0,0,DISABLED,0
16.9403,3.85296,0.374843,0,0.00138602,0.731891,0.0115446,-0.0134053,-0.0125456,-0.999831,-0.148896,0,0,0,DISABLED,0
16.9603,3.85297,0.374855,0,0.00138564,0.731891,0.0115239,-0.0134057,-0.0125242,-0.999832,-0.148994,0,0,0,DISABLED,0
16.9803,3.85297,0.374864,0,0.00138526,0.731891,0.0115032,-0.0134061,-0.012505,-0.999832,-0.149082,0,0,0,DISABLED,0
17.0003,3.85297,0.374877,0,0.00138477,0.731891,0.0114825,-0.0134066,-0.0124816,-0.999832,-0.149189,0,0,0,DISABLED,0
17.0203,3.85297,0.374888,0,0.00138428,0.731891,0.0114565,-0.0134071,-0.0124603,-0.999833,-0.149287,0,0,0,DISABLED,0
17.0403,3.85298,0.374899,0,0.00138378,0.731891,0.0114356,-0.0134076,-0.012439,-0.999833,-0.149384,0,0,0,DISABLED,0
17.0603,3.85298,0.374912,0,0.00138324,0.731891,0.0114148,-0.0134081,-0.0124178,-0.999833,-0.149481,0,0,0,DISABLED,0
17.0803,3.85298,0.374922,0,0.00138268,0.731891,0.0113991,-0.0134087,-0.0123966,-0.999833,-0.149578,0,0,0,DISABLED,0
17.1003,3.85298,0.374933,0,0.00138203,0.731891,0.0113729,-0.0134093,-0.0123733,-0.999834,-0.149684,0,0,0,DISABLED,0
17.1203,3.85299,0.374945,0,0.00138147,0.731891,0.0113519,-0.0134099,-0.0123543,-0.999834,-0.14977,0,0,0,DISABLED,0
17.1403,3.85299,0.374956,0,0.00138102,0.731891,0.0113362,-0.0134103,-0.0123396,-0.999834,-0.149838,0,0,0,DISABLED,0
17.1603,3.85299,0.374967,0,0.00138015,0.731891,0.0113151,-0.0134112,-0.0123122,-0.999834,-0.149963,0,0,0,DISABLED,0
17.1803,3.85299,0.374978,0,0.00137945,0.731891,0.0112888,-0.0134119,-0.0122912,-0.999835,-0.150058,0,0,0,DISABLED,0
17.2003,3.853,0.37499,0,0.00137872,0.731891,0.0112676,-0.0134126,-0.0122702,-0.999835,-0.150154,0,0,0,DISABLED,0
17.2203,3.853,0.375001,0,0.00137797,0.731891,0.0112464,-0.0134134,-0.0122492,-0.999835,-0.150249,0,0,0,DISABLED,0
17.2403,3.853,0.375012,0,0.0013772,0.731891,0.0112252,-0.0134141,-0.0122283,-0.999835,-0.150345,0,0,0,DISABLED,0
17.2603,3.853,0.375024,0,0.00137632,0.731891,0.0112093,-0.013415,-0.0122053,-0.999835,-0.150449,0,0,0,DISABLED,0
17.2803,3.853,0.375034,0,0.00137558,0.731891,0.011188,-0.0134158,-0.0121865,-0.999836,-0.150534,0,0,0,DISABLED,0
17.3003,3.85301,0.375045,0,0.00137474,0.731891,0.0111667,-0.0134166,-0.0121657,-0.999836,-0.150629,0,0,0,DISABLED,0
17.3203,3.85301,0.375056,0,0.00137386,0.731891,0.0111453,-0.0134175,-0.0121449,-0.999836,-0.150723,0,0,0,DISABLED,0
17.3403,3.85301,0.375066,0,0.00137315,0.731891,0.0111292,-0.0134182,-0.0121283,-0.999836,-0.150799,0,0,0,DISABLED,0
17.3603,3.85301,0.375078,0,0.00137204,0.731891,0.0111024,-0.0134193,-0.0121034,-0.999837,-0.150912,0,0,0,DISABLED,0
17.3803,3.85302,0.37509,0,0.001371,0.731891,0.0110809,-0.0134203,-0.0120806,-0.999837,-0.151015,0,0,0,DISABLED,0
17.4003,3.85302,0.375101,0,0.00137013,0.731891,0.0110648,-0.0134212,-0.012062,-0.999837,-0.151099,0,0,0,DISABLED,0
17.4203,3.85302,0.375112,0,0.00136915,0.731891,0.0110432,-0.0134222,-0.0120414,-0.999837,-0.151193,0,0,0,DISABLED,0
17.4403,3.85302,0.375124,0,0.00136815,0.731891,0.0110216,-0.0134232,-0.0120208,-0.999838,-0.151286,0,0,0,DISABLED,0
17.4603,3.85302,0.375131,0,0.00136733,0.731891,0.0110054,-0.013424,-0.0120043,-0.999838,-0.151361,0,0,0,DISABLED,0
17.4803,3.85303,0.375145,0,0.00136607,0.731891,0.0109782,-0.0134253,-0.0119796,-0.999838,-0.151473,0,0,0,DISABLED,0
17.5003,3.85303,0.375156,0,0.001365,0.731891,0.0109565,-0.0134263,-0.0119591,-0.999838,-0.151566,0,0,0,DISABLED,0
17.5203,3.85303,0.375166,0,0.00136391,0.731891,0.0109347,-0.0134274,-0.0119386,-0.999839,-0.151658,0,0,0,DISABLED,0
17.5403,3.85303,0.375177,0,0.00136281,0.731891,0.0109129,-0.0134285,-0.0119181,-0.999839,-0.151751,0,0,0,DISABLED,0
17.5603,3.85303,0.375188,0,0.00136168,0.731891,0.010902,-0.0134297,-0.0118977,-0.999839,-0.151843,0,0,0,DISABLED,0
17.5803,3.85304,0.375199,0,0.00136054,0.731891,0.0108801,-0.0134308,-0.0118773,-0.999839,-0.151935,0,0,0,DISABLED,0
17.6003,3.85304,0.37521,0,0.00135938,0.731891,0.0108581,-0.013432,-0.0118569,-0.999839,-0.152027,0,0,0,DISABLED,0
17.6203,3.85304,0.375221,0,0.00135819,0.731891,0.0108362,-0.0134332,-0.0118366,-0.99984,-0.152119,0,0,0,DISABLED,0
17.6403,3.85304,0.375232,0,0.00135699,0.731891,0.0108141,-0.0134344,-0.0118163,-0.99984,-0.15221,0,0,0,DISABLED,0
17.6603,3.85304,0.375243,0,0.00135577,0.731891,0.0107976,-0.0134356,-0.0117961,-0.99984,-0.152302,0,0,0,DISABLED,0
17.6803,3.85304,0.375253,0,0.00135453,0.731891,0.0107755,-0.0134368,-0.0117758,-0.99984,-0.152393,0,0,0,DISABLED,0
17.7003,3.85305,0.375264,0,0.00135327,0.731891,0.0107533,-0.0134381,-0.0117556,-0.999841,-0.152484,0,0,0,DISABLED,0
17.7203,3.85305,0.375275,0,0.00135199,0.731891,0.0107367,-0.0134394,-0.0117355,-0.999841,-0.152575,0,0,0,DISABLED,0
17.7403,3.85305,0.375285,0,0.00135096,0.731891,0.01072,-0.0134404,-0.0117194,-0.999841,-0.152648,0,0,0,DISABLED,0
17.7603,3.85305,0.375294,0,0.00134952,0.731891,0.0106978,-0.0134418,-0.0116972,-0.999841,-0.152747,0,0,0,DISABLED,0
17.7803,3.85305,0.375307,0,0.00134805,0.731891,0.0106754,-0.0134433,-0.0116751,-0.999841,-0.152847,0,0,0,DISABLED,0
17.8003,3.85306,0.375318,0,0.0013467,0.731891,0.0106531,-0.0134446,-0.011655,-0.999842,-0.152937,0,0,0,DISABLED,0
17.8203,3.85306,0.375329,0,0.00134535,0.731891,0.0106307,-0.013446,-0.011635,-0.999842,-0.153027,0,0,0,DISABLED,0
17.8403,3.85306,0.375339,0,0.00134398,0.731891,0.0106139,-0.0134474,-0.011615,-0.999842,-0.153117,0,0,0,DISABLED,0
17.8603,3.85306,0.37535,0,0.00134259,0.731891,0.0105914,-0.0134488,-0.011595,-0.999842,-0.153207,0,0,0,DISABLED,0
17.8803,3.85306,0.375361,0,0.00134118,0.731891,0.0105745,-0.0134502,-0.0115751,-0.999843,-0.153296,0,0,0,DISABLED,0
17.9003,3.85306,0.375371,0,0.00133962,0.731891,0.0105519,-0.0134517,-0.0115532,-0.999843,-0.153395,0,0,0,DISABLED,0
17.9203,3.85306,0.375382,0,0.00133832,0.731891,0.0105349,-0.013453,-0.0115354,-0.999843,-0.153475,0,0,0,DISABLED,0
17.9403,3.85307,0.375389,0,0.00133687,0.731891,0.0105123,-0.0134545,-0.0115156,-0.999843,-0.153564,0,0,0,DISABLED,0
17.9603,3.85307,0.375403,0,0.00133526,0.731891,0.0104896,-0.0134561,-0.0114938,-0.999843,-0.153662,0,0,0,DISABLED,0
17.9803,3.85307,0.375414,0,0.00133392,0.731891,0.0104725,-0.0134574,-0.011476,-0.999844,-0.153741,0,0,0,DISABLED,0
18.0003,3.85307,0.375424,0,0.00133242,0.731891,0.0104554,-0.0134589,-0.0114563,-0.999844,-0.15383,0,0,0,DISABLED,0
