t,drift_x,drift_y,lean,dpitch,base_z,tilt_rad,gx,gy,gz,yaw_delta,cmd_vx,cmd_vy,cmd_yaw,meta_selected,meta_safety_hold
0.0199962,0,0,0,0,0.732343,0,-0.0147745,-0.00114732,-0.99989,0,0.4,0,0,DISABLED,0
0.0399961,7.70297e-06,-3.47989e-06,0,3.27639e-06,0.732341,0,-0.0147712,-0.00114601,-0.99989,-1.44411e-05,0.4,0,0,DISABLED,0
0.0599961,3.871e-05,-5.73089e-06,0,1.52476e-05,0.732336,0,-0.0147592,-0.00114552,-0.99989,-3.44012e-05,0.4,0,0,DISABLED,0
0.0799961,0.000107729,-3.32654e-05,0,2.98768e-05,0.73232,0,-0.0147446,-0.00119168,-0.999891,-7.51149e-05,0.4,0,0,DISABLED,0
0.0999961,0.000188638,-0.000169775,0,0.000210227,0.732273,0.000488281,-0.0145643,-0.00163982,-0.999893,-0.000181289,0.4,0,0,DISABLED,0
0.119996,0.00032547,-0.000349936,0,0.000501056,0.732207,0.00129187,-0.0142734,-0.00230465,-0.999895,-0.000271576,0.4,0,0,DISABLED,0
0.139996,0.000625118,-0.000270869,0,0.000665202,0.732085,0.000913491,-0.0141093,-0.00179223,-0.999899,-0.000777973,0.4,0,0,DISABLED,0
0.159996,0.00120765,0.00025216,0,0.000173225,0.731785,0.00198341,-0.0146013,0.000829279,-0.999893,-0.00182514,0.4,0,0,DISABLED,0
0.179996,0.00207548,0.0012586,0,-0.000963847,0.731277,0.00642235,-0.0157383,0.00520228,-0.999863,-0.00265865,0.4,0,0,DISABLED,0
0.199996,0.00310406,0.00260082,0,-0.00205379,0.730823,0.0104782,-0.0168283,0.00912785,-0.999817,-0.00205419,0.4,0,0,DISABLED,0
0.219996,0.00447075,0.00406914,0,-0.00338271,0.73085,0.0113729,-0.0181572,0.00971312,-0.999788,-0.00237218,0.4,0,0,DISABLED,0
0.239996,0.00621192,0.0056089,0,-0.00441818,0.731382,0.0100781,-0.0191927,0.0079073,-0.999785,-0.00358335,0.4,0,0,DISABLED,0
0.259996,0.00860613,0.00737524,0,-0.00497151,0.732241,0.00856237,-0.019746,0.00582097,-0.999788,-0.0050965,0.4,0,0,DISABLED,0
0.279996,0.0108489,0.00889289,0,-0.00503499,0.732871,0.00516749,-0.0198095,5.86954e-06,-0.999804,-0.00844392,0.4,0,0,DISABLED,0
0.299996,0.0137565,0.0109001,0,-0.00359679,0.733223,0.00395176,-0.0183713,-0.00278339,-0.999827,-0.00981744,0.4,0,0,DISABLED,0
0.319996,0.0162809,0.0126961,0,-0.00171492,0.733126,0.00267443,-0.0164894,-0.00319613,-0.999859,-0.0103489,0.4,0,0,DISABLED,0
0.339996,0.0192693,0.0149206,0,0.000982602,0.732639,0.00114512,-0.0137919,-0.00174926,-0.999903,-0.0103933,0.4,0,0,DISABLED,0
0.359996,0.0224774,0.0174378,0,0.00297208,0.731779,0.00318321,-0.0118024,-4.89836e-05,-0.99993,-0.0102021,0.4,0,0,DISABLED,0
0.379996,0.0257936,0.0204159,0,0.00495121,0.730349,0.00710111,-0.00982327,0.00394281,-0.999944,-0.00918298,0.4,0,0,DISABLED,0
0.399996,0.0297366,0.0233769,0,0.00448659,0.728952,0.00451496,-0.0102879,-0.000694082,-0.999947,-0.00829219,0.4,0,0,DISABLED,0
0.419996,0.0332036,0.0256879,0,0.00168553,0.728463,0.00715129,-0.0130889,-0.00809799,-0.999882,-0.00761499,0.4,0,0,DISABLED,0
0.439996,0.0376788,0.0287385,0,-0.00298716,0.728529,0.0091088,-0.0177616,-0.00975031,-0.999795,-0.00435694,0.4,0,0,DISABLED,0
0.459996,0.0417564,0.0308417,0,-0.0093343,0.728858,0.0109456,-0.0241088,-0.00686171,-0.999686,-0.00133438,0.4,0,0,DISABLED,0
0.479996,0.046438,0.0326409,0,-0.0144621,0.729246,0.0146608,-0.0292366,-0.003562,-0.999566,0.000133704,0.4,0,0,DISABLED,0
0.499996,0.0506128,0.0338788,0,-0.0164324,0.729469,0.0164792,-0.0312069,-0.00234299,-0.99951,0.00059743,0.4,0,0,DISABLED,0
0.519996,0.055735,0.0350596,0,-0.0160423,0.729666,0.0161725,-0.0308167,-0.00317841,-0.99952,0.00065149,0.4,0,0,DISABLED,0
0.539996,0.0611069,0.0359019,0,-0.014345,0.730053,0.0148305,-0.0291195,-0.00491373,-0.999564,0.000433184,0.4,0,0,DISABLED,0
0.559996,0.0652188,0.0362645,0,-0.0126422,0.730548,0.0135406,-0.0274167,-0.0059936,-0.999606,-0.00086355,0.4,0,0,DISABLED,0
0.579996,0.0711728,0.0364052,0,-0.0110069,0.731414,0.0119005,-0.0257814,-0.00567366,-0.999651,-0.0011427,0.4,0,0,DISABLED,0
0.599996,0.0768242,0.0363103,0,-0.00903148,0.732149,0.00943031,-0.023806,-0.0038777,-0.999709,-0.00109895,0.4,0,0,DISABLED,0
0.619996,0.0814844,0.0361093,0,-0.0073848,0.732553,0.00738905,-0.0221593,-0.00140661,-0.999753,-0.000533499,0.4,0,0,DISABLED,0
0.639996,0.0886354,0.035602,0,-0.00502163,0.732695,0.00623397,-0.0197961,0.00254131,-0.999801,-0.000344625,0.4,0,0,DISABLED,0
0.659996,0.0952891,0.0348087,0,-0.0032776,0.732233,0.00677464,-0.0180521,0.00478325,-0.999826,-0.000343332,0.4,0,0,DISABLED,0
0.679996,0.100726,0.0337736,0,-0.00168606,0.73134,0.00463225,-0.0164605,0.00315636,-0.99986,0.000222255,0.4,0,0,DISABLED,0
0.699996,0.106729,0.0324127,0,-0.00090414,0.730014,0.000976562,-0.0156786,-0.000710594,-0.999877,-0.000330439,0.4,0,0,DISABLED,0
0.719995,0.114,0.0310482,0,-0.00394696,0.729396,0.00460644,-0.0187214,0.00123831,-0.999824,-0.0010356,0.4,0,0,DISABLED,0
0.739995,0.120414,0.029993,0,-0.00730411,0.729643,0.00784298,-0.0220786,0.00169204,-0.999755,-0.00332634,0.4,0,0,DISABLED,0
0.759995,0.127838,0.0290815,0,-0.00972955,0.730302,0.00972284,-0.024504,-0.00107263,-0.999699,-0.00826738,0.4,0,0,DISABLED,0
0.779995,0.13518,0.0284444,0,-0.00974403,0.731146,0.0108417,-0.0245185,-0.0059036,-0.999682,-0.0112129,0.4,0,0,DISABLED,0
0.799995,0.142902,0.0280927,0,-0.00746508,0.732045,0.0128772,-0.0222396,-0.0116451,-0.999685,-0.0126037,0.4,0,0,DISABLED,0
0.819995,0.148921,0.028131,0,-0.004653,0.732659,0.0138582,-0.0194275,-0.0142014,-0.99971,-0.0117504,0.4,0,0,DISABLED,0
0.839995,0.155563,0.0284683,0,-0.00194855,0.733168,0.0148466,-0.016723,-0.0158637,-0.999734,-0.0111511,0.4,0,0,DISABLED,0
0.859995,0.162917,0.0290782,0,0.000326157,0.73351,0.0169324,-0.0144483,-0.0180754,-0.999732,-0.0105433,0.4,0,0,DISABLED,0
0.879995,0.168902,0.029803,0,0.00235645,0.73353,0.0195377,-0.012418,-0.0205433,-0.999712,-0.0114935,0.4,0,0,DISABLED,0
0.899995,0.174807,0.0307349,0,0.00488763,0.733258,0.0218043,-0.00988684,-0.0223978,-0.9997,-0.0120177,0.4,0,0,DISABLED,0
0.919995,0.181911,0.0323514,0,0.00870596,0.732526,0.0229289,-0.00606851,-0.0223572,-0.999732,-0.0129967,0.4,0,0,DISABLED,0
0.939995,0.188443,0.0343855,0,0.0117605,0.731621,0.0217303,-0.00301401,-0.0194186,-0.999807,-0.0143324,0.4,0,0,DISABLED,0
0.959995,0.195071,0.037013,0,0.0140697,0.730639,0.0176055,-0.000704816,-0.0117307,-0.999931,-0.0151964,0.4,0,0,DISABLED,0
0.979995,0.201799,0.0400963,0,0.0146672,0.729494,0.0147378,-0.000107238,-0.002609,-0.999997,-0.0151322,0.4,0,0,DISABLED,0
0.999995,0.208843,0.0428093,0,0.0124338,0.728602,0.0124489,-0.00234071,-0.000514441,-0.999997,-0.0142593,0.4,0,0,DISABLED,0
1.02,0.215966,0.0450627,0,0.00953598,0.728557,0.00990505,-0.0052385,-0.00382742,-0.999979,-0.0116684,0.4,0,0,DISABLED,0
1.04,0.223707,0.047658,0,0.00400136,0.729089,0.00468343,-0.0107731,-0.00360088,-0.999936,-0.00474579,0.4,0,0,DISABLED,0
1.06,0.230206,0.049586,0,-5.92303e-05,0.729771,0.00318321,-0.0148337,0.00204226,-0.999888,-0.00178494,0.4,0,0,DISABLED,0
1.08,0.237393,0.0512553,0,-0.00340973,0.730347,0.00849247,-0.0181842,0.00663001,-0.999813,-0.000922125,0.4,0,0,DISABLED,0
1.1,0.244384,0.0525762,0,-0.00457394,0.730531,0.0113467,-0.0193484,0.00923408,-0.99977,0.000617279,0.4,0,0,DISABLED,0
1.12,0.251237,0.053777,0,-0.0044476,0.730546,0.0124393,-0.0192221,0.0104652,-0.99976,0.0017634,0.4,0,0,DISABLED,0
1.14,0.258668,0.0549067,0,-0.00366342,0.730784,0.0132108,-0.0184379,0.0115416,-0.999763,0.00219009,0.4,0,0,DISABLED,0
1.16,0.265253,0.0556693,0,-0.00231908,0.731273,0.0142442,-0.0170936,0.012909,-0.999771,0.00160997,0.4,0,0,DISABLED,0
1.18,0.271061,0.0562005,0,-0.000741023,0.731809,0.0162351,-0.0155155,0.0150698,-0.999766,0.000586636,0.4,0,0,DISABLED,0
1.2,0.2774,0.0565901,0,0.00120021,0.732288,0.0194275,-0.0135743,0.0182426,-0.999741,0.000336485,0.4,0,0,DISABLED,0
1.22,0.283658,0.0566819,0,0.00260181,0.732448,0.021848,-0.0121727,0.0205461,-0.999715,0.00124831,0.4,0,0,DISABLED,0
1.24,0.289845,0.0564965,0,0.00291259,0.732268,0.0225409,-0.0118619,0.021204,-0.999705,0.00138758,0.4,0,0,DISABLED,0
1.25999,0.295951,0.0561105,0,0.00207881,0.731914,0.0220381,-0.0126957,0.0207938,-0.999703,0.000892954,0.4,0,0,DISABLED,0
1.27999,0.300094,0.0556934,0,0.00147878,0.731573,0.0206068,-0.0132957,0.0194065,-0.999723,0.000372607,0.4,0,0,DISABLED,0
1.29999,0.307609,0.0547959,0,-0.000330924,0.730803,0.0145465,-0.0151054,0.0133942,-0.999796,-0.00354623,0.4,0,0,DISABLED,0
1.31999,0.314382,0.0540595,0,-0.00334022,0.730783,0.0131927,-0.0181147,0.0116144,-0.999768,-0.00432961,0.4,0,0,DISABLED,0
1.33999,0.319375,0.0536323,0,-0.00525198,0.731025,0.0109074,-0.0200265,0.0084101,-0.999764,-0.00784474,0.4,0,0,DISABLED,0
1.35999,0.326772,0.0534067,0,-0.00735276,0.731398,0.00870733,-0.0221272,0.00351434,-0.999749,-0.0151292,0.4,0,0,DISABLED,0
1.37999,0.33394,0.0532628,0,-0.00866355,0.731948,0.0086799,-0.023438,-0.000604406,-0.999725,-0.0167035,0.4,0,0,DISABLED,0
1.39999,0.340752,0.0530775,0,-0.00757623,0.73265,0.00885665,-0.0223507,-0.0057199,-0.999734,-0.0163323,0.4,0,0,DISABLED,0
1.41999,0.346506,0.0530627,0,-0.00386689,0.733274,0.0100247,-0.0186414,-0.0103952,-0.999772,-0.0168755,0.4,0,0,DISABLED,0
1.43999,0.352116,0.0532064,0,-0.00109882,0.733801,0.0118955,-0.0158733,-0.0129933,-0.99979,-0.0163469,0.4,0,0,DISABLED,0
1.45999,0.35962,0.053684,0,0.00195906,0.734195,0.0158223,-0.0128154,-0.0168472,-0.999776,-0.0159115,0.4,0,0,DISABLED,0
1.47999,0.365858,0.0543655,0,0.00450006,0.734132,0.0196714,-0.0102744,-0.0202956,-0.999741,-0.0161788,0.4,0,0,DISABLED,0
1.49999,0.372046,0.0553115,0,0.00736863,0.733678,0.0226201,-0.00740585,-0.0225339,-0.999719,-0.0164431,0.4,0,0,DISABLED,0
1.51999,0.378179,0.056667,0,0.0107031,0.732908,0.0236759,-0.00407135,-0.0222659,-0.999744,-0.0169443,0.4,0,0,DISABLED,0
1.53999,0.384348,0.0585486,0,0.0138072,0.731983,0.0227541,-0.000967315,-0.0192317,-0.999815,-0.0180233,0.4,0,0,DISABLED,0
1.55999,0.390634,0.0610124,0,0.0157611,0.731055,0.0194796,0.000986632,-0.0125932,-0.99992,-0.0188408,0.4,0,0,DISABLED,0
1.57999,0.397014,0.063926,0,0.0162169,0.729956,0.0163448,0.00144246,-0.00320059,-0.999994,-0.0186294,0.4,0,0,DISABLED,0
1.59999,0.403662,0.0665822,0,0.0138354,0.729027,0.0138367,-0.000939051,-0.00100113,-0.999999,-0.0177737,0.4,0,0,DISABLED,0
1.61999,0.408398,0.0681208,0,0.0108567,0.728873,0.0113046,-0.0039178,-0.00430778,-0.999983,-0.0154257,0.4,0,0,DISABLED,0
1.63999,0.416282,0.0708253,0,0.00571377,0.729216,0.00705057,-0.00906071,-0.00527989,-0.999945,-0.00768627,0.4,0,0,DISABLED,0
1.65999,0.423718,0.0732859,0,0.00112612,0.72998,0.00201324,-0.0136484,0.000507623,-0.999907,-0.00529308,0.4,0,0,DISABLED,0
1.67999,0.430553,0.0750088,0,-0.00255351,0.730583,0.00752494,-0.017328,0.0059257,-0.999832,-0.00468854,0.4,0,0,DISABLED,0
1.69999,0.437244,0.0762926,0,-0.00394455,0.730802,0.0110594,-0.018719,0.00918277,-0.999783,-0.00288637,0.4,0,0,DISABLED,0
1.71999,0.442498,0.077224,0,-0.00390082,0.730823,0.0123044,-0.0186753,0.0105206,-0.99977,-0.00176517,0.4,0,0,DISABLED,0
1.73999,0.451004,0.0785851,0,-0.00347568,0.731161,0.0129786,-0.0182502,0.0113549,-0.999769,-0.00136896,0.4,0,0,DISABLED,0
1.75999,0.456777,0.0793439,0,-0.00263276,0.73166,0.0138108,-0.0174072,0.0124094,-0.999771,-0.00151723,0.4,0,0,DISABLED,0
1.77999,0.463667,0.0800967,0,-0.00114228,0.73237,0.0160467,-0.0159168,0.0148554,-0.999763,-0.00178253,0.4,0,0,DISABLED,0
1.79999,0.469209,0.0805656,0,0.000587352,0.732837,0.019258,-0.0141871,0.0180999,-0.999736,-0.0023171,0.4,0,0,DISABLED,0
1.81999,0.47346,0.0807635,0,0.00172065,0.733021,0.0213875,-0.0130538,0.0201712,-0.999711,-0.00173474,0.4,0,0,DISABLED,0
1.83999,0.481444,0.0809323,0,0.00163645,0.732932,0.0244732,-0.013138,0.0232724,-0.999643,-0.000942016,0.4,0,0,DISABLED,0
1.85999,0.487226,0.0806973,0,0.00143064,0.732423,0.0234228,-0.0133438,0.0222325,-0.999664,-0.00207753,0.4,0,0,DISABLED,0
1.87999,0.492832,0.0800994,0,0.000855392,0.731638,0.0196047,-0.0139191,0.0184365,-0.999733,-0.00221431,0.4,0,0,DISABLED,0
1.89999,0.498376,0.0794208,0,-0.000401535,0.730852,0.0154603,-0.015176,0.014303,-0.999783,-0.00368782,0.4,0,0,DISABLED,0
1.91999,0.504278,0.0787904,0,-0.00361545,0.730642,0.0131792,-0.0183899,0.0115266,-0.999764,-0.00606606,0.4,0,0,DISABLED,0
1.93999,0.510307,0.0783641,0,-0.00504685,0.730849,0.0109945,-0.0198213,0.00861708,-0.999766,-0.0095378,0.4,0,0,DISABLED,0
1.95999,0.516898,0.0782751,0,-0.0065828,0.731193,0.00932863,-0.0213573,0.00546088,-0.999757,-0.0139077,0.4,0,0,DISABLED,0
1.97999,0.52454,0.0782762,0,-0.00768649,0.731865,0.00773585,-0.022461,-0.000274564,-0.999748,-0.0159449,0.4,0,0,DISABLED,0
1.99999,0.530452,0.0783421,0,-0.0063023,0.732507,0.00742125,-0.0210768,-0.00505779,-0.999765,-0.0152116,0.4,0,0,DISABLED,0
2.01999,0.537271,0.0786783,0,-0.0025819,0.733257,0.00889023,-0.0173564,-0.00965108,-0.999803,-0.0149789,0.4,0,0,DISABLED,0
2.03999,0.54281,0.0791334,0,0.00028013,0.733742,0.0117239,-0.0144943,-0.0128628,-0.999812,-0.0144702,0.4,0,0,DISABLED,0
2.05999,0.549617,0.0799138,0,0.00309632,0.734024,0.0162094,-0.0116782,-0.0170583,-0.999786,-0.0140333,0.4,0,0,DISABLED,0
2.07999,0.555151,0.0807832,0,0.00544344,0.733924,0.0199154,-0.00933104,-0.020305,-0.99975,-0.0142096,0.4,0,0,DISABLED,0
2.09999,0.560641,0.0818912,0,0.00808579,0.73351,0.0226964,-0.00668869,-0.0223556,-0.999728,-0.0144874,0.4,0,0,DISABLED,0
2.11999,0.567915,0.0838839,0,0.0116604,0.732533,0.0239288,-0.0031141,-0.0220406,-0.999752,-0.0150584,0.4,0,0,DISABLED,0
2.13999,0.57405,0.0860822,0,0.0145092,0.731555,0.0228769,-0.000265252,-0.018832,-0.999823,-0.0161765,0.4,0,0,DISABLED,0
2.15999,0.580276,0.0888133,0,0.0164103,0.730578,0.0191991,0.00163585,-0.0111178,-0.999937,-0.0168041,0.4,0,0,DISABLED,0
2.17999,0.583405,0.0903504,0,0.0167623,0.73003,0.0175478,0.00198787,-0.00633969,-0.999978,-0.0168203,0.4,0,0,DISABLED,0
2.19999,0.591743,0.0940932,0,0.0147862,0.728697,0.0147903,1.16744e-05,-0.000766034,-1,-0.0148526,0.4,0,0,DISABLED,0
2.21999,0.599202,0.0966804,0,0.00901674,0.728567,0.0101135,-0.00575774,-0.0057212,-0.999967,-0.00935503,0.4,0,0,DISABLED,0
2.23999,0.603756,0.0984733,0,0.00534237,0.728844,0.00677464,-0.00943211,-0.00531412,-0.999941,-0.00601124,0.4,0,0,DISABLED,0
2.25999,0.613007,0.101818,0,-0.000685145,0.729847,0.00360469,-0.0154596,0.00238655,-0.999878,-0.00277172,0.4,0,0,DISABLED,0
2.27999,0.618992,0.103388,0,-0.00361005,0.730356,0.00865928,-0.0183845,0.00672751,-0.999808,-0.00154899,0.4,0,0,DISABLED,0
2.29999,0.625529,0.104757,0,-0.00485707,0.730544,0.0112411,-0.0196316,0.00898594,-0.999767,-0.000395942,0.4,0,0,DISABLED,0
2.31999,0.631962,0.106003,0,-0.00471883,0.730622,0.0122169,-0.0194933,0.0101191,-0.999759,0.000178184,0.4,0,0,DISABLED,0
2.33999,0.638381,0.107074,0,-0.00419343,0.730924,0.0128308,-0.0189679,0.0109755,-0.99976,0.000493681,0.4,0,0,DISABLED,0
2.35999,0.644688,0.107872,0,-0.00379366,0.731466,0.0131837,-0.0185681,0.0114797,-0.999762,0.000983642,0.4,0,0,DISABLED,0
2.37999,0.650914,0.108462,0,-0.0014823,0.7321,0.0159124,-0.0162568,0.0146962,-0.99976,0.00086374,0.4,0,0,DISABLED,0
2.39999,0.657086,0.108893,0,0.000213207,0.7326,0.019112,-0.0145613,0.0179636,-0.999733,0.000573624,0.4,0,0,DISABLED,0
2.41999,0.663227,0.109096,0,0.00149425,0.73281,0.0216891,-0.0132802,0.0204905,-0.999702,0.000286408,0.4,0,0,DISABLED,0
2.43999,0.669249,0.108977,0,0.00230704,0.732681,0.0229289,-0.0124674,0.0216659,-0.999688,0.00109231,0.4,0,0,DISABLED,0
2.45999,0.675225,0.108659,0,0.0019869,0.732322,0.0229133,-0.0127876,0.021679,-0.999683,0.000944091,0.4,0,0,DISABLED,0
2.47999,0.680982,0.108066,0,0.00164707,0.731672,0.019996,-0.0131274,0.0187781,-0.999738,-0.000421209,0.4,0,0,DISABLED,0
2.49999,0.686589,0.107327,0,0.00116764,0.730891,0.0157316,-0.0136068,0.0145386,-0.999802,-0.00235962,0.4,0,0,DISABLED,0
2.51999,0.692649,0.106697,0,-0.000552324,0.730693,0.0148667,-0.0153268,0.0137054,-0.999789,-0.00382417,0.4,0,0,DISABLED,0
2.53999,0.698817,0.106181,0,-0.00382382,0.730875,0.0105462,-0.0185983,0.00867921,-0.999789,-0.00903305,0.4,0,0,DISABLED,0
2.55999,0.705492,0.106079,0,-0.00547171,0.731218,0.0085135,-0.0202462,0.00537246,-0.999781,-0.0123376,0.4,0,0,DISABLED,0
2.57999,0.712539,0.10603,0,-0.00689892,0.731813,0.00729161,-0.0216734,0.00119156,-0.999764,-0.0139088,0.4,0,0,DISABLED,0
2.59999,0.719288,0.105965,0,-0.00600666,0.732546,0.00705057,-0.0207811,-0.00483152,-0.999772,-0.0152404,0.4,0,0,DISABLED,0
2.61999,0.725013,0.105994,0,-0.00321717,0.733162,0.00835092,-0.0179917,-0.0088531,-0.999799,-0.0161592,0.4,0,0,DISABLED,0
2.63999,0.731864,0.106267,0,0.000453545,0.733737,0.0113309,-0.0143209,-0.01247,-0.99982,-0.0157673,0.4,0,0,DISABLED,0
2.65999,0.738113,0.106779,0,0.00284682,0.733977,0.0146851,-0.0119277,-0.0155544,-0.999808,-0.0156872,0.4,0,0,DISABLED,0
2.67999,0.744386,0.107579,0,0.00529722,0.733873,0.0191058,-0.00947725,-0.0195055,-0.999765,-0.0165932,0.4,0,0,DISABLED,0
2.69999,0.750601,0.108631,0,0.00816704,0.733397,0.0224402,-0.00660744,-0.0220468,-0.999735,-0.0172957,0.4,0,0,DISABLED,0
2.71999,0.756723,0.110039,0,0.0110864,0.732618,0.0235395,-0.00368808,-0.0219107,-0.999753,-0.0178172,0.4,0,0,DISABLED,0
2.73999,0.762765,0.111945,0,0.0147441,0.731577,0.0233156,-3.03813e-05,-0.0192065,-0.999816,-0.0191488,0.4,0,0,DISABLED,0
2.75999,0.768443,0.114156,0,0.0166629,0.730696,0.0207078,0.00188842,-0.013443,-0.999908,-0.0209753,0.4,0,0,DISABLED,0
2.77999,0.775518,0.117325,0,0.0169656,0.729494,0.0172152,0.00219112,-0.00406399,-0.999989,-0.0205151,0.4,0,0,DISABLED,0
2.79999,0.780851,0.119474,0,0.0144885,0.728731,0.0145137,-0.000285965,-0.00202669,-0.999998,-0.0192364,0.4,0,0,DISABLED,0
2.81999,0.789029,0.122134,0,0.0100901,0.728543,0.0114461,-0.00468437,-0.0065468,-0.999968,-0.0151332,0.4,0,0,DISABLED,0
2.83999,0.796355,0.124771,0,0.00534026,0.729021,0.00704211,-0.00943422,-0.0057382,-0.999939,-0.00998192,0.4,0,0,DISABLED,0
2.85999,0.8032,0.127,0,0.00086836,0.729714,0.000845728,-0.0139061,-0.00101815,-0.999903,-0.00854883,0.4,0,0,DISABLED,0
2.87999,0.809358,0.128563,0,-0.00289842,0.730214,0.00624352,-0.0176729,0.00438343,-0.999834,-0.00729042,0.4,0,0,DISABLED,0
2.89999,0.816025,0.129909,0,-0.00409003,0.730412,0.00953716,-0.0188645,0.00746337,-0.999794,-0.00561574,0.4,0,0,DISABLED,0
2.91999,0.8226,0.131128,0,-0.00380202,0.730446,0.0104212,-0.0185765,0.00855236,-0.999791,-0.00515604,0.4,0,0,DISABLED,0
2.93999,0.829198,0.132204,0,-0.00320568,0.730683,0.0110054,-0.0179802,0.00938038,-0.999794,-0.00481311,0.4,0,0,DISABLED,0
2.95999,0.83572,0.133008,0,-0.00201697,0.731167,0.0120498,-0.0167914,0.010735,-0.999801,-0.00394836,0.4,0,0,DISABLED,0
2.97999,0.842115,0.133602,0,-0.00063445,0.731779,0.0135889,-0.0154089,0.0124263,-0.999804,-0.00485131,0.4,0,0,DISABLED,0
2.99999,0.847157,0.133929,0,0.000862542,0.73224,0.016191,-0.0139119,0.0150166,-0.99979,-0.00492458,0.4,0,0,DISABLED,0
3.01999,0.855231,0.134097,0,0.00309608,0.732628,0.0203154,-0.0116784,0.0189282,-0.999753,-0.00388118,0.4,0,0,DISABLED,0
3.03999,0.860175,0.133955,0,0.00366796,0.732559,0.0215042,-0.0111065,0.02004,-0.999738,-0.0032348,0.4,0,0,DISABLED,0
3.05999,0.866915,0.133599,0,0.00313851,0.732205,0.0213316,-0.011636,0.0199505,-0.999733,-0.00416396,0.4,0,0,DISABLED,0
3.08,0.872811,0.133004,0,0.00243326,0.731622,0.0184648,-0.0123412,0.0171564,-0.999777,-0.00563353,0.4,0,0,DISABLED,0
3.1,0.878577,0.132273,0,0.00138283,0.730905,0.0142818,-0.0133917,0.0130693,-0.999825,-0.0082181,0.4,0,0,DISABLED,0
3.12,0.884716,0.131537,0,-0.00152391,0.730725,0.0128448,-0.0162984,0.0116088,-0.9998,-0.0088978,0.4,0,0,DISABLED,0
3.14,0.891109,0.131052,0,-0.00406024,0.730929,0.0105349,-0.0188347,0.00857202,-0.999786,-0.0133174,0.4,0,0,DISABLED,0
3.16,0.897237,0.130918,0,-0.00600982,0.731185,0.00873467,-0.0207843,0.00518581,-0.999771,-0.0179597,0.4,0,0,DISABLED,0
3.18,0.905072,0.130875,0,-0.00728186,0.731826,0.00752494,-0.0220563,0.000749036,-0.999756,-0.0189184,0.4,0,0,DISABLED,0
3.2,0.91128,0.130878,0,-0.00624394,0.732484,0.00721766,-0.0210184,-0.00476377,-0.999768,-0.019303,0.4,0,0,DISABLED,0
3.22,0.918367,0.131067,0,-0.00291531,0.733223,0.00827924,-0.0176898,-0.00889462,-0.999804,-0.0192739,0.4,0,0,DISABLED,0
3.24,0.925321,0.13153,0,0.000561601,0.73377,0.0109945,-0.0142129,-0.0121304,-0.999825,-0.0190199,0.4,0,0,DISABLED,0
3.26,0.931044,0.132111,0,0.00330174,0.733973,0.0147419,-0.0114727,-0.0155126,-0.999814,-0.0188554,0.4,0,0,DISABLED,0
3.28,0.937414,0.133032,0,0.00572442,0.733857,0.0187435,-0.00905006,-0.0189934,-0.999779,-0.0195184,0.4,0,0,DISABLED,0
3.3,0.944382,0.134395,0,0.00836882,0.733271,0.0217659,-0.00640566,-0.0212396,-0.999754,-0.0205833,0.4,0,0,DISABLED,0
3.32,0.950665,0.136004,0,0.011451,0.732444,0.0230223,-0.0033235,-0.0211177,-0.999771,-0.0214178,0.4,0,0,DISABLED,0
3.34,0.957579,0.138335,0,0.0148924,0.731417,0.0218725,0.000117962,-0.017167,-0.999853,-0.0223326,0.4,0,0,DISABLED,0
3.36,0.961996,0.140157,0,0.0169376,0.730725,0.0198584,0.00216309,-0.0115137,-0.999931,-0.0227312,0.4,0,0,DISABLED,0
3.38,0.969825,0.143752,0,0.0174729,0.729327,0.0174763,0.00269845,-0.00151099,-0.999995,-0.0228575,0.4,0,0,DISABLED,0
3.4,0.975925,0.146064,0,0.0150902,0.728571,0.0151014,0.00031571,-0.00177963,-0.999998,-0.021453,0.4,0,0,DISABLED,0
3.42,0.982829,0.148365,0,0.0105569,0.728538,0.0118604,-0.00421756,-0.00654468,-0.99997,-0.0177851,0.4,0,0,DISABLED,0
3.44,0.989605,0.150844,0,0.00602338,0.72901,0.00738098,-0.0087511,-0.00541055,-0.999947,-0.0142192,0.4,0,0,DISABLED,0
3.46,0.996584,0.153094,0,0.000917698,0.729708,0.00176052,-0.0138568,0.000372077,-0.999904,-0.0118461,0.4,0,0,DISABLED,0
3.48,1.00353,0.154812,0,-0.00262414,0.730233,0.00718456,-0.0173986,0.00554127,-0.999833,-0.0104892,0.4,0,0,DISABLED,0
3.5,1.0103,0.156161,0,-0.00366788,0.730388,0.00996505,-0.0184424,0.00811738,-0.999797,-0.0092065,0.4,0,0,DISABLED,0
3.52001,1.01699,0.157423,0,-0.00351033,0.730445,0.0110054,-0.0182848,0.00928134,-0.99979,-0.00890121,0.4,0,0,DISABLED,0
3.54001,1.02101,0.158116,0,-0.0031852,0.730578,0.0115343,-0.0179597,0.00993728,-0.999789,-0.0088599,0.4,0,0,DISABLED,0
3.56001,1.03022,0.159314,0,-0.00175735,0.731268,0.0129878,-0.0165318,0.011718,-0.999795,-0.00764014,0.4,0,0,DISABLED,0
3.58001,1.03667,0.159921,0,-0.000103444,0.731866,0.0153791,-0.0148779,0.0142303,-0.999788,-0.00734456,0.4,0,0,DISABLED,0
3.60001,1.04304,0.160364,0,0.0016788,0.732368,0.0183287,-0.0130957,0.0171045,-0.999768,-0.00845719,0.4,0,0,DISABLED,0
3.62001,1.04931,0.160489,0,0.00324261,0.732614,0.0210984,-0.0115319,0.0196982,-0.999739,-0.00773874,0.4,0,0,DISABLED,0
3.64001,1.05614,0.160287,0,0.00374595,0.732519,0.0222668,-0.0110285,0.0208016,-0.999723,-0.00756367,0.4,0,0,DISABLED,0
3.66001,1.06226,0.159869,0,0.0031916,0.732193,0.0219025,-0.0115829,0.020522,-0.999722,-0.00809197,0.4,0,0,DISABLED,0
3.68001,1.06759,0.159273,0,0.00254427,0.731682,0.0194674,-0.0122302,0.018152,-0.99976,-0.00886335,0.4,0,0,DISABLED,0
3.70001,1.07397,0.158451,0,0.0014286,0.730909,0.0151997,-0.0133459,0.0139868,-0.999813,-0.0114513,0.4,0,0,DISABLED,0
3.72001,1.07951,0.157778,0,-0.000680336,0.730716,0.0138151,-0.0154548,0.0126506,-0.999801,-0.0119182,0.4,0,0,DISABLED,0
3.74001,1.08596,0.157353,0,-0.00302493,0.730882,0.0119505,-0.0177994,0.010416,-0.999787,-0.0150797,0.4,0,0,DISABLED,0
3.76001,1.09289,0.157374,0,-0.0058618,0.731176,0.00907602,-0.0206363,0.00577681,-0.99977,-0.0229356,0.4,0,0,DISABLED,0
3.78001,1.10085,0.157498,0,-0.00738419,0.73182,0.00777428,-0.0221587,0.00125412,-0.999754,-0.024545,0.4,0,0,DISABLED,0
3.80001,1.10701,0.157536,0,-0.00620531,0.732482,0.00683595,-0.0209798,-0.0039966,-0.999772,-0.0242741,0.4,0,0,DISABLED,0
3.82001,1.11343,0.157676,0,-0.00279076,0.733196,0.00758804,-0.0175652,-0.00820005,-0.999812,-0.0248932,0.4,0,0,DISABLED,0
3.84001,1.11979,0.157965,0,0.000333655,0.733759,0.0105632,-0.0144408,-0.0117037,-0.999827,-0.0251541,0.4,0,0,DISABLED,0
3.86001,1.12555,0.158405,0,0.00256279,0.734014,0.0144808,-0.0122117,-0.015396,-0.999807,-0.0251007,0.4,0,0,DISABLED,0
3.88001,1.1325,0.159247,0,0.0047808,0.733916,0.0185067,-0.00999368,-0.0190237,-0.999769,-0.0255533,0.4,0,0,DISABLED,0
3.90001,1.13625,0.159854,0,0.00656836,0.733669,0.0207968,-0.00820612,-0.0208771,-0.999748,-0.0260136,0.4,0,0,DISABLED,0
3.92001,1.1449,0.161752,0,0.00963205,0.732627,0.02248,-0.00514243,-0.021459,-0.999757,-0.0263087,0.4,0,0,DISABLED,0
3.94001,1.15111,0.16368,0,0.013662,0.731609,0.0215817,-0.00111246,-0.0178532,-0.99984,-0.0281237,0.4,0,0,DISABLED,0
3.96002,1.15815,0.166432,0,0.0153933,0.730504,0.018497,0.000618861,-0.0114027,-0.999935,-0.0293976,0.4,0,0,DISABLED,0
3.98002,1.16396,0.169106,0,0.0157474,0.729475,0.015777,0.00097297,-0.00212716,-0.999997,-0.0295969,0.4,0,0,DISABLED,0
4.00002,1.17068,0.17173,0,0.0133165,0.728692,0.0133455,-0.00145796,-0.000216384,-0.999999,-0.0287737,0.4,0,0,DISABLED,0
4.02002,1.17738,0.173944,0,0.00951341,0.728686,0.0100484,-0.00526106,-0.00439106,-0.999977,-0.0241937,0.4,0,0,DISABLED,0
4.04002,1.18398,0.175702,0,0.00530533,0.72915,0.00602984,-0.00946915,-0.00400566,-0.999947,-0.0203018,0.4,0,0,DISABLED,0
4.06002,1.1915,0.176152,0,-0.000251336,0.729923,0.00332964,-0.0150258,0.00217995,-0.999885,-0.0171824,0.4,0,0,DISABLED,0
4.08002,1.1915,0.176152,0,-0.0030854,0.729923,0.00847842,-0.0178599,0.00674709,-0.999818,-0.0155716,0.4,0,0,DISABLED,0
4.10002,1.2041,0.173982,0,-0.00400542,0.730637,0.0119754,-0.0187799,0.010135,-0.999772,-0.0140907,0.4,0,0,DISABLED,0
4.12002,1.21051,0.17208,0,-0.00318696,0.730702,0.012997,-0.0179614,0.0114503,-0.999773,-0.0130568,0.4,0,0,DISABLED,0
4.14002,1.21692,0.169762,0,-0.0020264,0.730965,0.013545,-0.0168009,0.0122433,-0.999784,-0.0135035,0.4,0,0,DISABLED,0
4.16002,1.22321,0.16675,0,-0.000215903,0.731468,0.0139439,-0.0149904,0.0127937,-0.999806,-0.0133216,0.4,0,0,DISABLED,0
4.18002,1.23001,0.162639,0,0.00213606,0.732146,0.0150935,-0.0126384,0.0137916,-0.999825,-0.0137882,0.4,0,0,DISABLED,0
4.20002,1.23549,0.158625,0,0.00402575,0.732669,0.0161836,-0.0107487,0.0145288,-0.999837,-0.0157909,0.4,0,0,DISABLED,0
4.22002,1.24151,0.153378,0,0.00602831,0.733083,0.0173084,-0.00874616,0.0150765,-0.999848,-0.0167507,0.4,0,0,DISABLED,0
4.24002,1.24626,0.149096,0,0.00723809,0.733169,0.017646,-0.00753639,0.0149425,-0.99986,-0.0172083,0.4,0,0,DISABLED,0
4.26002,1.25286,0.144035,0,0.00761313,0.732874,0.0151172,-0.00716135,0.0119125,-0.999903,-0.0189031,0.4,0,0,DISABLED,0
4.28002,1.25905,0.139087,0,0.00811071,0.731471,0.00943663,-0.00666377,0.00368313,-0.999971,-0.0216403,0.4,0,0,DISABLED,0
4.30002,1.26496,0.134457,0,0.00568251,0.730291,0.00723416,-0.00909197,0.00333271,-0.999953,-0.0284326,0.4,0,0,DISABLED,0
4.32002,1.27192,0.128924,0,-0.000574222,0.730085,0.00077204,-0.0153487,-0.000634564,-0.999882,-0.0295087,0.4,0,0,DISABLED,0
4.34002,1.27931,0.123443,0,-0.00528098,0.730939,0.0085554,-0.0200555,-0.00787875,-0.999768,-0.0323608,0.4,0,0,DISABLED,0
4.36002,1.28721,0.117872,0,-0.00518566,0.732225,0.0141855,-0.0199601,-0.0143515,-0.999698,-0.0320304,0.4,0,0,DISABLED,0
4.38002,1.29416,0.113413,0,-0.00296727,0.733211,0.0186702,-0.0177417,-0.0195819,-0.999651,-0.0312749,0.4,0,0,DISABLED,0
4.40003,1.30026,0.109936,0,-8.55187e-05,0.733895,0.0232542,-0.01486,-0.0244005,-0.999592,-0.0308839,0.4,0,0,DISABLED,0
4.42003,1.30554,0.107134,0,0.00226328,0.734352,0.025852,-0.0125112,-0.026899,-0.99956,-0.0304491,0.4,0,0,DISABLED,0
4.44003,1.3133,0.10325,0,0.00561952,0.734806,0.0282454,-0.00915496,-0.028825,-0.999543,-0.0300509,0.4,0,0,DISABLED,0
4.46003,1.31971,0.100217,0,0.00837166,0.734958,0.030695,-0.00640282,-0.0306764,-0.999509,-0.0306824,0.4,0,0,DISABLED,0
4.48003,1.32613,0.0973752,0,0.0112924,0.734918,0.0338008,-0.00348212,-0.0330002,-0.999449,-0.0311681,0.4,0,0,DISABLED,0
4.50003,1.33256,0.094888,0,0.0145754,0.734762,0.0363421,-0.000199045,-0.0344332,-0.999407,-0.0316487,0.4,0,0,DISABLED,0
4.52003,1.33912,0.0928801,0,0.0178453,0.734519,0.0381414,0.00307086,-0.034851,-0.999388,-0.0324074,0.4,0,0,DISABLED,0
4.54003,1.34592,0.0914608,0,0.0203004,0.734303,0.0378165,0.00552596,-0.0330465,-0.999439,-0.0325468,0.4,0,0,DISABLED,0
4.56003,1.35302,0.0906435,0,0.0213836,0.734274,0.0350068,0.00660908,-0.0288596,-0.999562,-0.0329429,0.4,0,0,DISABLED,0
4.58003,1.36043,0.0902975,0,0.0208383,0.734464,0.0300036,0.0060638,-0.0227311,-0.999723,-0.0335263,0.4,0,0,DISABLED,0
4.60003,1.36804,0.0902534,0,0.0189354,0.734643,0.0231308,0.00416095,-0.0144298,-0.999887,-0.0331154,0.4,0,0,DISABLED,0
4.62003,1.37571,0.0904002,0,0.0161532,0.734406,0.0166089,0.00137877,-0.00501346,-0.999986,-0.0322256,0.4,0,0,DISABLED,0
4.64003,1.38331,0.0905415,0,0.0123779,0.733519,0.012997,-0.00239655,0.00282737,-0.999993,-0.0326667,0.4,0,0,DISABLED,0
4.66003,1.39018,0.0900358,0,0.00776443,0.73315,0.00847842,-0.00701005,0.00225599,-0.999973,-0.0319713,0.4,0,0,DISABLED,0
4.68003,1.39858,0.0892535,0,0.00268732,0.733159,0.00408526,-0.0120872,0.00193958,-0.999925,-0.0270095,0.4,0,0,DISABLED,0
4.70003,1.40694,0.0884097,0,-0.000666735,0.73342,0.00428465,-0.0154412,0.00307852,-0.999876,-0.0247602,0.4,0,0,DISABLED,0
4.72003,1.41216,0.0877857,0,-0.00151907,0.733516,0.00477169,-0.0162935,0.00338604,-0.999862,-0.0250786,0.4,0,0,DISABLED,0
4.74003,1.42106,0.0866173,0,-0.00162741,0.733546,0.0053711,-0.0164019,0.00396378,-0.999858,-0.024586,0.4,0,0,DISABLED,0
4.76003,1.42829,0.0856882,0,-0.000422108,0.733593,0.00603971,-0.0151966,0.00488372,-0.999873,-0.0245479,0.4,0,0,DISABLED,0
4.78003,1.4346,0.0848747,0,0.00187776,0.733673,0.00797113,-0.0128967,0.00660636,-0.999895,-0.0252521,0.4,0,0,DISABLED,0
4.80003,1.4422,0.0836887,0,0.00371471,0.733791,0.0104383,-0.0110598,0.00860964,-0.999902,-0.0257629,0.4,0,0,DISABLED,0
4.82003,1.44905,0.082348,0,0.00463098,0.733742,0.0125917,-0.0101435,0.0105599,-0.999893,-0.0257739,0.4,0,0,DISABLED,0
4.84004,1.45583,0.0807928,0,0.00482485,0.733454,0.0135625,-0.00994963,0.0115284,-0.999884,-0.0266715,0.4,0,0,DISABLED,0
4.86004,1.46312,0.0788778,0,0.00432024,0.732816,0.0126436,-0.0104542,0.0107368,-0.999888,-0.0270107,0.4,0,0,DISABLED,0
4.88004,1.469,0.0771195,0,0.00330121,0.731862,0.0100128,-0.0114733,0.00830505,-0.9999,-0.0260118,0.4,0,0,DISABLED,0
4.90004,1.47553,0.0753498,0,0.00100378,0.730823,0.00943031,-0.0137707,0.00822676,-0.999871,-0.0289549,0.4,0,0,DISABLED,0
4.92004,1.48098,0.0740302,0,-0.00192786,0.73063,0.0115652,-0.0167023,0.0102574,-0.999808,-0.0308875,0.4,0,0,DISABLED,0
4.94004,1.48879,0.072196,0,-0.00524395,0.730969,0.0107422,-0.0200184,0.00822829,-0.999766,-0.0378424,0.4,0,0,DISABLED,0
4.96004,1.49702,0.0707569,0,-0.00697395,0.73169,0.00817782,-0.0217484,0.00311763,-0.999759,-0.0452244,0.4,0,0,DISABLED,0
4.98004,1.50438,0.0696439,0,-0.00623374,0.732415,0.00628159,-0.0210082,-0.00189581,-0.999777,-0.0468278,0.4,0,0,DISABLED,0
5.00004,1.51137,0.0688035,0,-0.0034987,0.733095,0.00636642,-0.0182732,-0.00646399,-0.999812,-0.04777,0.4,0,0,DISABLED,0
5.02004,1.51814,0.0682469,0,-0.000253297,0.733615,0.00884318,-0.0150278,-0.00998348,-0.999837,-0.048797,0.4,0,0,DISABLED,0
5.04004,1.52491,0.0679363,0,0.00131379,0.733878,0.0114669,-0.0134607,-0.0125391,-0.999831,-0.0490538,0.4,0,0,DISABLED,0
5.06004,1.53234,0.0678673,0,0.00241759,0.73385,0.0149187,-0.0123569,-0.0158665,-0.999798,-0.0496518,0.4,0,0,DISABLED,0
5.08004,1.53765,0.067992,0,0.00374532,0.733632,0.0182733,-0.0110292,-0.0190322,-0.999758,-0.0505355,0.4,0,0,DISABLED,0
5.10004,1.54488,0.0684874,0,0.0061766,0.73301,0.0214209,-0.00859788,-0.0216583,-0.999728,-0.0524613,0.4,0,0,DISABLED,0
5.12004,1.55206,0.0694336,0,0.00892141,0.732085,0.022111,-0.00585307,-0.0213759,-0.999754,-0.0537567,0.4,0,0,DISABLED,0
5.14004,1.55794,0.0706779,0,0.01177,0.731272,0.0203213,-0.00300449,-0.0177135,-0.999839,-0.0551278,0.4,0,0,DISABLED,0
5.16004,1.56454,0.0726034,0,0.0136835,0.730419,0.0165045,-0.00109096,-0.0103754,-0.999946,-0.055907,0.4,0,0,DISABLED,0
5.18004,1.57195,0.0752047,0,0.0139096,0.729311,0.0139311,-0.000864871,-0.000400942,-1,-0.055655,0.4,0,0,DISABLED,0
5.20004,1.57821,0.0770412,0,0.0116462,0.728599,0.0117594,-0.00312827,0.000484427,-0.999995,-0.0553164,0.4,0,0,DISABLED,0
5.22004,1.5851,0.0787043,0,0.00808529,0.728541,0.00854843,-0.00668918,-0.00392967,-0.99997,-0.0513289,0.4,0,0,DISABLED,0
5.24004,1.59124,0.0803195,0,0.00409972,0.728954,0.00479661,-0.0106748,-0.00366268,-0.999936,-0.0473672,0.4,0,0,DISABLED,0
5.26005,1.59834,0.0819787,0,-0.000439466,0.729681,0.00198341,-0.0152139,0.000795895,-0.999884,-0.0457687,0.4,0,0,DISABLED,0
5.28005,1.60539,0.0831699,0,-0.00397534,0.730283,0.00874831,-0.0187498,0.00665042,-0.999802,-0.0435978,0.4,0,0,DISABLED,0
5.30005,1.61284,0.0840593,0,-0.00456236,0.730469,0.0115032,-0.0193368,0.00940913,-0.999769,-0.041816,0.4,0,0,DISABLED,0
5.32005,1.61954,0.0847968,0,-0.00383872,0.73045,0.0117239,-0.0186132,0.00993274,-0.999777,-0.0415107,0.4,0,0,DISABLED,0
5.34005,1.62628,0.0853926,0,-0.00311579,0.730692,0.0120449,-0.0178903,0.010488,-0.999785,-0.0408689,0.4,0,0,DISABLED,0
5.36005,1.63289,0.0857474,0,-0.00191615,0.731203,0.0127936,-0.0166906,0.0115041,-0.999795,-0.0401936,0.4,0,0,DISABLED,0
5.38005,1.63935,0.0859245,0,-0.000192216,0.73182,0.0145342,-0.0149667,0.0133849,-0.999798,-0.0405128,0.4,0,0,DISABLED,0
5.40005,1.64569,0.0859005,0,0.00183107,0.73234,0.0172739,-0.0129434,0.0160288,-0.999788,-0.0409066,0.4,0,0,DISABLED,0
5.42005,1.65191,0.0855445,0,0.00369302,0.732572,0.019735,-0.0110815,0.0182383,-0.999772,-0.0398587,0.4,0,0,DISABLED,0
5.44005,1.65875,0.084846,0,0.00412625,0.732506,0.0207853,-0.0106482,0.019223,-0.999759,-0.039845,0.4,0,0,DISABLED,0
5.46005,1.66428,0.0841004,0,0.00352611,0.732273,0.020333,-0.0112484,0.0188763,-0.999759,-0.0403472,0.4,0,0,DISABLED,0
5.48005,1.67021,0.0830526,0,0.00269243,0.731745,0.0173977,-0.012082,0.0160389,-0.999798,-0.0413767,0.4,0,0,DISABLED,0
5.50005,1.67601,0.0819528,0,0.00155549,0.730999,0.0133186,-0.013219,0.0120772,-0.99984,-0.044074,0.4,0,0,DISABLED,0
5.52005,1.68224,0.0808983,0,-0.00165244,0.730784,0.0122071,-0.0164269,0.0109469,-0.999805,-0.0457167,0.4,0,0,DISABLED,0
5.54005,1.68875,0.0800512,0,-0.00443511,0.730998,0.0107256,-0.0192096,0.00861625,-0.999778,-0.0492482,0.4,0,0,DISABLED,0
5.56005,1.69433,0.0796794,0,-0.0061911,0.731238,0.00942399,-0.0209656,0.00595769,-0.999762,-0.0545236,0.4,0,0,DISABLED,0
5.58005,1.70313,0.0792655,0,-0.00777713,0.731886,0.00787332,-0.0225516,5.2223e-05,-0.999746,-0.0580472,0.4,0,0,DISABLED,0
5.60005,1.7101,0.0790242,0,-0.00612053,0.732529,0.00712625,-0.020895,-0.00479455,-0.99977,-0.0571153,0.4,0,0,DISABLED,0
5.62005,1.71663,0.0789949,0,-0.00244247,0.733161,0.0074613,-0.0172169,-0.00819668,-0.999818,-0.0565726,0.4,0,0,DISABLED,0
5.64005,1.72379,0.0791832,0,0.00107171,0.73372,0.0103983,-0.0137028,-0.0114898,-0.99984,-0.0570834,0.4,0,0,DISABLED,0
5.66005,1.72969,0.0794492,0,0.00307214,0.733951,0.0137329,-0.0117023,-0.0145299,-0.999826,-0.0571009,0.4,0,0,DISABLED,0
5.68005,1.73617,0.0799421,0,0.00532478,0.733878,0.0179109,-0.0094497,-0.0182472,-0.999789,-0.0576835,0.4,0,0,DISABLED,0
5.70006,1.74258,0.0806956,0,0.00804273,0.733423,0.0211915,-0.00673175,-0.0207523,-0.999762,-0.0584635,0.4,0,0,DISABLED,0
5.72006,1.74831,0.0816999,0,0.0108258,0.73273,0.0223976,-0.0039487,-0.020753,-0.999777,-0.0591429,0.4,0,0,DISABLED,0
5.74006,1.75273,0.0827563,0,0.0132,0.732016,0.0222561,-0.0015745,-0.0190639,-0.999817,-0.0599344,0.4,0,0,DISABLED,0
5.76006,1.76255,0.0859903,0,0.0164315,0.730237,0.0196351,0.001657,-0.011897,-0.999928,-0.0644787,0.4,0,0,DISABLED,0
5.78006,1.76869,0.0884337,0,0.0163075,0.72912,0.0165009,0.001533,-0.00365061,-0.999992,-0.0646807,0.4,0,0,DISABLED,0
5.80006,1.77562,0.0906724,0,0.0138793,0.728265,0.0139824,-0.000895227,-0.00284962,-0.999996,-0.0628193,0.4,0,0,DISABLED,0
5.82006,1.78264,0.0925634,0,0.00955134,0.728266,0.0113414,-0.00522314,-0.00725805,-0.99996,-0.0584307,0.4,0,0,DISABLED,0
5.84006,1.78959,0.0946393,0,0.00499752,0.728785,0.00698261,-0.00977695,-0.00602501,-0.999934,-0.0543642,0.4,0,0,DISABLED,0
5.86006,1.79668,0.0964762,0,-4.30569e-05,0.729533,0.00077204,-0.0148175,-0.00038983,-0.99989,-0.0522065,0.4,0,0,DISABLED,0
5.88006,1.80371,0.0977575,0,-0.00301551,0.730097,0.00591003,-0.01779,0.00393841,-0.999834,-0.0509866,0.4,0,0,DISABLED,0
5.90006,1.81055,0.0986326,0,-0.0044029,0.73026,0.00937961,-0.0191774,0.00712755,-0.999791,-0.0490695,0.4,0,0,DISABLED,0
5.92006,1.81735,0.0994039,0,-0.00389379,0.730295,0.0100009,-0.0186683,0.00806304,-0.999793,-0.0481039,0.4,0,0,DISABLED,0
5.94006,1.8242,0.100054,0,-0.00309132,0.730554,0.0104668,-0.0178658,0.00884909,-0.999801,-0.0477105,0.4,0,0,DISABLED,0
5.96006,1.83093,0.100461,0,-0.00190348,0.731056,0.0111185,-0.016678,0.00980737,-0.999813,-0.0481164,0.4,0,0,DISABLED,0
5.98006,1.8375,0.100634,0,-3.37511e-05,0.731661,0.0134078,-0.0148082,0.0122607,-0.999815,-0.0480253,0.4,0,0,DISABLED,0
6.00006,1.84396,0.10059,0,0.00203416,0.732177,0.0166806,-0.0127403,0.0154058,-0.9998,-0.0484167,0.4,0,0,DISABLED,0
6.02006,1.8497,0.100309,0,0.00363603,0.7324,0.0191556,-0.0111384,0.0176581,-0.999782,-0.0482909,0.4,0,0,DISABLED,0
6.04006,1.8567,0.0997033,0,0.00398362,0.732358,0.0202861,-0.0107909,0.0187412,-0.999766,-0.0486106,0.4,0,0,DISABLED,0
6.06006,1.86293,0.0988929,0,0.00349976,0.732077,0.0196987,-0.0112747,0.0182372,-0.99977,-0.0495269,0.4,0,0,DISABLED,0
6.08006,1.86895,0.0978201,0,0.0027451,0.731538,0.0167376,-0.0120294,0.0153624,-0.99981,-0.0507512,0.4,0,0,DISABLED,0
6.10006,1.87555,0.0965898,0,0.00109457,0.730803,0.0130153,-0.0136799,0.0118184,-0.999837,-0.0538406,0.4,0,0,DISABLED,0
6.12006,1.88124,0.0955841,0,-0.00154588,0.730664,0.0117442,-0.0163204,0.0104916,-0.999812,-0.0556735,0.4,0,0,DISABLED,0
6.14007,1.88785,0.0947262,0,-0.00407529,0.730927,0.00968599,-0.0188498,0.00763317,-0.999793,-0.0609764,0.4,0,0,DISABLED,0
6.16007,1.89485,0.094189,0,-0.00569535,0.731287,0.00746928,-0.0204698,0.00368448,-0.999784,-0.0659483,0.4,0,0,DISABLED,0
6.18007,1.90206,0.0937278,0,-0.00613423,0.731881,0.00617633,-0.0209087,-0.000454428,-0.999781,-0.0660026,0.4,0,0,DISABLED,0
6.20007,1.90969,0.093335,0,-0.00438311,0.732642,0.00679221,-0.0191576,-0.0063247,-0.999796,-0.0659459,0.4,0,0,DISABLED,0
6.22007,1.91428,0.0932178,0,-0.00165634,0.733103,0.00845025,-0.0164308,-0.00942885,-0.999821,-0.0655692,0.4,0,0,DISABLED,0
6.24007,1.92008,0.0932358,0,0.000965277,0.733605,0.0108196,-0.0138092,-0.011927,-0.999834,-0.0644212,0.4,0,0,DISABLED,0
6.26007,1.92844,0.0936069,0,0.00458207,0.733984,0.0162497,-0.0101924,-0.0167385,-0.999808,-0.0641727,0.4,0,0,DISABLED,0
6.28007,1.93491,0.09421,0,0.00692221,0.733809,0.0203037,-0.00785227,-0.0202331,-0.999764,-0.0652684,0.4,0,0,DISABLED,0
6.30007,1.94133,0.0950905,0,0.0095395,0.733227,0.0232721,-0.00523497,-0.0223729,-0.999736,-0.0656887,0.4,0,0,DISABLED,0
6.32007,1.9483,0.0965621,0,0.0128155,0.732284,0.0242849,-0.00195896,-0.0217746,-0.999761,-0.0663672,0.4,0,0,DISABLED,0
6.34007,1.95407,0.0982174,0,0.015747,0.731453,0.0230197,0.000972535,-0.0179377,-0.999839,-0.0675607,0.4,0,0,DISABLED,0
6.36007,1.96063,0.100528,0,0.0173629,0.730556,0.0198524,0.00258837,-0.0107764,-0.999939,-0.0680478,0.4,0,0,DISABLED,0
6.38007,1.968,0.103494,0,0.0172715,0.729362,0.0172705,0.00249706,-0.0010441,-0.999996,-0.0673511,0.4,0,0,DISABLED,0
6.40007,1.97488,0.105788,0,0.014653,0.728505,0.0146648,-0.000121514,-0.0017881,-0.999998,-0.0671697,0.4,0,0,DISABLED,0
6.42007,1.98184,0.107703,0,0.0107219,0.728394,0.0118201,-0.00405255,-0.00612961,-0.999973,-0.0629334,0.4,0,0,DISABLED,0
6.44007,1.98744,0.109401,0,0.0063428,0.728728,0.00759589,-0.00843168,-0.00533806,-0.99995,-0.0593459,0.4,0,0,DISABLED,0
6.46007,1.99529,0.111508,0,0.000743359,0.729522,0.00300997,-0.0140311,0.0017657,-0.9999,-0.0566301,0.4,0,0,DISABLED,0
6.48007,2.00232,0.112853,0,-0.00221939,0.730102,0.00873467,-0.0169939,0.00729773,-0.999829,-0.0553378,0.4,0,0,DISABLED,0
6.50007,2.00919,0.113803,0,-0.00284217,0.730283,0.0111506,-0.0176167,0.00963366,-0.999798,-0.0540239,0.4,0,0,DISABLED,0
6.52007,2.01605,0.114694,0,-0.00263113,0.730325,0.0121091,-0.0174056,0.0106708,-0.999792,-0.0530487,0.4,0,0,DISABLED,0
6.54007,2.02155,0.115333,0,-0.00241018,0.730534,0.0127001,-0.0171847,0.0113199,-0.999788,-0.0528281,0.4,0,0,DISABLED,0
6.56007,2.02965,0.115994,0,-0.00123933,0.731152,0.0142985,-0.0160138,0.0130944,-0.999786,-0.0506096,0.4,0,0,DISABLED,0
6.58008,2.03623,0.116386,0,0.000378259,0.731767,0.0163303,-0.0143962,0.015176,-0.999781,-0.0510249,0.4,0,0,DISABLED,0
6.60008,2.0427,0.116582,0,0.00226419,0.73228,0.0193075,-0.0125103,0.0180249,-0.999759,-0.0516142,0.4,0,0,DISABLED,0
6.62008,2.04906,0.11646,0,0.00384993,0.732512,0.0219839,-0.0109245,0.0204942,-0.99973,-0.0506901,0.4,0,0,DISABLED,0
6.64008,2.05536,0.116045,0,0.00428059,0.732435,0.0231154,-0.0104939,0.0215693,-0.999712,-0.0503637,0.4,0,0,DISABLED,0
6.66008,2.0616,0.115418,0,0.00348488,0.732153,0.0231463,-0.0112896,0.0217358,-0.9997,-0.0504365,0.4,0,0,DISABLED,0
6.68008,2.06762,0.114571,0,0.0024924,0.731653,0.0204325,-0.0122821,0.0191317,-0.999742,-0.0514288,0.4,0,0,DISABLED,0
6.70008,2.07346,0.113629,0,0.00143954,0.730994,0.0160875,-0.0133349,0.0148752,-0.9998,-0.0538047,0.4,0,0,DISABLED,0
6.72008,2.07782,0.113004,0,-0.00166365,0.73083,0.0146567,-0.0164381,0.0134118,-0.999775,-0.0550702,0.4,0,0,DISABLED,0
6.74008,2.08676,0.111925,0,-0.00372987,0.731068,0.0121336,-0.0185043,0.010401,-0.999775,-0.058925,0.4,0,0,DISABLED,0
6.76008,2.09368,0.111527,0,-0.00535813,0.731396,0.00985679,-0.0201326,0.00712055,-0.999772,-0.0633661,0.4,0,0,DISABLED,0
6.78008,2.09874,0.111308,0,-0.00651982,0.731789,0.00812664,-0.0212943,0.00369722,-0.999766,-0.0649918,0.4,0,0,DISABLED,0
6.80008,2.10513,0.111036,0,-0.00621728,0.732413,0.00626259,-0.0209918,-0.00189903,-0.999778,-0.0657422,0.4,0,0,DISABLED,0
6.82008,2.11368,0.110906,0,-0.00240045,0.733247,0.00653277,-0.0171749,-0.00722179,-0.999826,-0.0668268,0.4,0,0,DISABLED,0
6.84008,2.11883,0.110984,0,0.000388362,0.73363,0.00835805,-0.0143861,-0.00949609,-0.999851,-0.0664025,0.4,0,0,DISABLED,0
6.86008,2.1267,0.111339,0,0.00327482,0.733915,0.0128169,-0.0114997,-0.0135364,-0.999842,-0.0667588,0.4,0,0,DISABLED,0
6.88008,2.13328,0.111892,0,0.00515945,0.733779,0.016791,-0.00961503,-0.0171259,-0.999807,-0.0681515,0.4,0,0,DISABLED,0
6.90008,2.13978,0.112661,0,0.0074639,0.733278,0.0198884,-0.00731058,-0.0195818,-0.999782,-0.0690425,0.4,0,0,DISABLED,0
6.92008,2.14617,0.113753,0,0.0105477,0.732479,0.0212813,-0.00422679,-0.0196305,-0.999798,-0.0695899,0.4,0,0,DISABLED,0
6.94008,2.1532,0.115492,0,0.01401,0.731448,0.0205633,-0.000764442,-0.016198,-0.999869,-0.0707621,0.4,0,0,DISABLED,0
6.96008,2.15914,0.117385,0,0.0156454,0.730646,0.0181621,0.000870897,-0.0103727,-0.999946,-0.0713819,0.4,0,0,DISABLED,0
6.98008,2.16652,0.120166,0,0.0159533,0.729467,0.0159648,0.00117884,-0.000599213,-0.999999,-0.0707806,0.4,0,0,DISABLED,0
7.00008,2.17276,0.122202,0,0.0137473,0.728662,0.0138022,-0.00102719,8.34982e-05,-0.999999,-0.0705998,0.4,0,0,DISABLED,0
7.02009,2.17973,0.124048,0,0.00962302,0.728524,0.0103177,-0.00515146,-0.00486116,-0.999975,-0.0668929,0.4,0,0,DISABLED,0
7.04009,2.18667,0.126031,0,0.00505986,0.728945,0.00609864,-0.00971462,-0.00454266,-0.999942,-0.0630632,0.4,0,0,DISABLED,0
7.06009,2.19379,0.127797,0,-9.98443e-05,0.729648,0.00189111,-0.0148743,0.000751499,-0.999889,-0.0607891,0.4,0,0,DISABLED,0
7.08009,2.20087,0.129045,0,-0.00358692,0.730235,0.00830081,-0.0183614,0.00632943,-0.999811,-0.0585241,0.4,0,0,DISABLED,0
7.10009,2.2084,0.130009,0,-0.00448167,0.730443,0.0107976,-0.0192562,0.00867435,-0.999777,-0.0571061,0.4,0,0,DISABLED,0
7.12009,2.2145,0.130756,0,-0.00425514,0.730527,0.0113099,-0.0190296,0.00933049,-0.999775,-0.0572745,0.4,0,0,DISABLED,0
7.14009,2.22126,0.131476,0,-0.0036741,0.730805,0.0120052,-0.0184486,0.0102804,-0.999777,-0.056501,0.4,0,0,DISABLED,0
7.16009,2.2272,0.131926,0,-0.00253208,0.731246,0.012761,-0.0173066,0.0113593,-0.999786,-0.0559147,0.4,0,0,DISABLED,0
7.18009,2.23366,0.132224,0,-0.000721941,0.731826,0.0146282,-0.0154964,0.0134617,-0.999789,-0.0552631,0.4,0,0,DISABLED,0
7.20009,2.24068,0.132294,0,0.00148185,0.732383,0.0177907,-0.0132926,0.0165796,-0.999774,-0.0548269,0.4,0,0,DISABLED,0
7.22009,2.2464,0.132133,0,0.0027405,0.732627,0.0200377,-0.012034,0.0186998,-0.999753,-0.0548853,0.4,0,0,DISABLED,0
7.24009,2.25324,0.131567,0,0.00372117,0.73256,0.0213121,-0.0110533,0.0198371,-0.999742,-0.0548411,0.4,0,0,DISABLED,0
7.26009,2.26006,0.130792,0,0.00309439,0.732258,0.0211492,-0.0116801,0.0197749,-0.999736,-0.0553137,0.4,0,0,DISABLED,0
7.28009,2.26548,0.129984,0,0.00236026,0.731776,0.0190025,-0.0124142,0.0177055,-0.999766,-0.0559829,0.4,0,0,DISABLED,0
7.30009,2.27127,0.129013,0,0.00165698,0.731016,0.0148627,-0.0131175,0.0136222,-0.999821,-0.0592909,0.4,0,0,DISABLED,0
7.32009,2.27739,0.127932,0,-0.000713651,0.730707,0.013828,-0.0154881,0.0126574,-0.9998,-0.0578902,0.4,0,0,DISABLED,0
7.34009,2.28395,0.127219,0,-0.00364325,0.730787,0.0117493,-0.0184177,0.0100213,-0.99978,-0.0631865,0.4,0,0,DISABLED,0
7.36009,2.29098,0.126876,0,-0.00602051,0.731058,0.010381,-0.020795,0.00731107,-0.999757,-0.0680441,0.4,0,0,DISABLED,0
7.38009,2.29825,0.126596,0,-0.00727115,0.731627,0.00831515,-0.0220456,0.00287842,-0.999753,-0.0696666,0.4,0,0,DISABLED,0
7.40009,2.30518,0.126367,0,-0.00585409,0.73233,0.00596024,-0.0206286,-0.00222431,-0.999785,-0.0698891,0.4,0,0,DISABLED,0
7.42009,2.31174,0.126309,0,-0.00250214,0.732982,0.00564172,-0.0172766,-0.00620762,-0.999831,-0.0703015,0.4,0,0,DISABLED,0
7.44009,2.31826,0.126451,0,0.000734081,0.733477,0.00830798,-0.0140404,-0.00942677,-0.999857,-0.0708441,0.4,0,0,DISABLED,0
7.4601,2.32485,0.126772,0,0.00300843,0.733683,0.0119903,-0.0117661,-0.0127549,-0.999849,-0.0714068,0.4,0,0,DISABLED,0
7.4801,2.33075,0.127231,0,0.00494145,0.733576,0.0155678,-0.00983303,-0.0159119,-0.999825,-0.0720274,0.4,0,0,DISABLED,0
7.5001,2.33787,0.128065,0,0.00784155,0.733041,0.0191151,-0.00693292,-0.01858,-0.999803,-0.073327,0.4,0,0,DISABLED,0
7.5201,2.34495,0.12928,0,0.0111795,0.732155,0.0204529,-0.00359498,-0.0182726,-0.999827,-0.0743649,0.4,0,0,DISABLED,0
7.5401,2.35077,0.130676,0,0.0137774,0.731356,0.0194888,-0.000997087,-0.0149308,-0.999888,-0.0749252,0.4,0,0,DISABLED,0
7.5601,2.35806,0.132925,0,0.0154644,0.730437,0.0170026,0.000689936,-0.00821187,-0.999966,-0.0752875,0.4,0,0,DISABLED,0
7.5801,2.36413,0.135122,0,0.0156519,0.729479,0.0157543,0.000877377,0.00064169,-0.999999,-0.0742669,0.4,0,0,DISABLED,0
7.6001,2.37115,0.137279,0,0.0129146,0.728654,0.0131248,-0.00185984,0.00117872,-0.999998,-0.0735039,0.4,0,0,DISABLED,0
7.6201,2.37814,0.139122,0,0.00884862,0.72857,0.00914798,-0.00592586,-0.00347318,-0.999976,-0.0696628,0.4,0,0,DISABLED,0
7.6401,2.38506,0.14111,0,0.00454187,0.729002,0.00483374,-0.0102326,-0.00281517,-0.999944,-0.065846,0.4,0,0,DISABLED,0
7.6601,2.39218,0.142858,0,-0.000434799,0.729711,0.00396682,-0.0152093,0.00280035,-0.99988,-0.0629522,0.4,0,0,DISABLED,0
7.6801,2.3992,0.144079,0,-0.00379726,0.730255,0.00906945,-0.0185717,0.00708574,-0.999802,-0.0619858,0.4,0,0,DISABLED,0
7.7001,2.40602,0.144942,0,-0.00469059,0.730422,0.0112729,-0.0194651,0.00910678,-0.999769,-0.0605711,0.4,0,0,DISABLED,0
7.7201,2.41276,0.145754,0,-0.00442872,0.730491,0.01203,-0.0192032,0.0100343,-0.999765,-0.0601972,0.4,0,0,DISABLED,0
7.7401,2.41944,0.146432,0,-0.00375412,0.730788,0.0125347,-0.0185286,0.0108101,-0.99977,-0.0601082,0.4,0,0,DISABLED,0
7.7601,2.42598,0.146877,0,-0.00240421,0.731307,0.0134965,-0.0171787,0.0121351,-0.999779,-0.0594386,0.4,0,0,DISABLED,0
7.7801,2.43236,0.147124,0,-0.000541867,0.731914,0.0153208,-0.0153163,0.0141617,-0.999782,-0.0597024,0.4,0,0,DISABLED,0
7.8001,2.43864,0.147153,0,0.0014252,0.732434,0.0177639,-0.0133493,0.0165564,-0.999774,-0.060641,0.4,0,0,DISABLED,0
7.8201,2.4436,0.14695,0,0.00302875,0.732672,0.020109,-0.0117457,0.018732,-0.999756,-0.0600774,0.4,0,0,DISABLED,0
7.8401,2.45095,0.146269,0,0.00371856,0.732641,0.0211126,-0.0110559,0.0196355,-0.999746,-0.0600078,0.4,0,0,DISABLED,0
7.8601,2.4576,0.145405,0,0.00318255,0.732336,0.020854,-0.0115919,0.0194626,-0.999743,-0.0606397,0.4,0,0,DISABLED,0
7.88011,2.46346,0.144419,0,0.00224526,0.731772,0.0176562,-0.0125292,0.0163653,-0.999788,-0.0620426,0.4,0,0,DISABLED,0
7.90011,2.46857,0.143488,0,0.0014056,0.731111,0.0141308,-0.0133689,0.0129132,-0.999827,-0.0643504,0.4,0,0,DISABLED,0
7.92011,2.47404,0.142527,0,-0.000923206,0.730869,0.013152,-0.0156977,0.0119749,-0.999805,-0.0646098,0.4,0,0,DISABLED,0
7.94011,2.4792,0.141824,0,-0.00432806,0.730971,0.0112358,-0.0191025,0.00921999,-0.999775,-0.0688401,0.4,0,0,DISABLED,0
7.96011,2.48801,0.141271,0,-0.00668848,0.731304,0.00919348,-0.021463,0.00515793,-0.999756,-0.0768218,0.4,0,0,DISABLED,0
7.98011,2.4944,0.140989,0,-0.00753366,0.73181,0.00820693,-0.0223081,0.00210462,-0.999749,-0.0778615,0.4,0,0,DISABLED,0
8.00011,2.50193,0.140651,0,-0.00617877,0.732606,0.00680974,-0.0209533,-0.00400409,-0.999772,-0.0784393,0.4,0,0,DISABLED,0
8.02011,2.50833,0.140505,0,-0.00265822,0.733282,0.00732424,-0.0174327,-0.00797068,-0.999816,-0.0793898,0.4,0,0,DISABLED,0
8.04011,2.51469,0.140517,0,0.000433847,0.73379,0.00972897,-0.0143406,-0.0108693,-0.999838,-0.0789044,0.4,0,0,DISABLED,0
8.06011,2.52111,0.140726,0,0.00251249,0.734031,0.0133811,-0.012262,-0.0142887,-0.999823,-0.0788952,0.4,0,0,DISABLED,0
8.08011,2.52749,0.141148,0,0.00444623,0.733937,0.017329,-0.0103283,-0.0178974,-0.999786,-0.0795235,0.4,0,0,DISABLED,0
8.10011,2.53381,0.14182,0,0.00678163,0.733462,0.0203154,-0.00799285,-0.0202962,-0.999762,-0.0804059,0.4,0,0,DISABLED,0
8.12011,2.53946,0.142693,0,0.00964099,0.73277,0.0214348,-0.00513348,-0.0202908,-0.999781,-0.0809368,0.4,0,0,DISABLED,0
8.14011,2.547,0.144446,0,0.01257,0.731659,0.0203477,-0.00220445,-0.0171477,-0.999851,-0.0818303,0.4,0,0,DISABLED,0
8.16011,2.55279,0.146265,0,0.0144287,0.730832,0.0172082,-0.000345803,-0.0105222,-0.999945,-0.0825239,0.4,0,0,DISABLED,0
8.18011,2.55934,0.148706,0,0.0148639,0.729724,0.0150024,8.94695e-05,-0.0031739,-0.999995,-0.0824085,0.4,0,0,DISABLED,0
8.20011,2.56618,0.150865,0,0.0119707,0.728803,0.0120251,-0.00280376,-1.31444e-05,-0.999996,-0.0816516,0.4,0,0,DISABLED,0
8.22011,2.57315,0.152662,0,0.00700982,0.728644,0.0076194,-0.00776466,-0.00412865,-0.999961,-0.0759182,0.4,0,0,DISABLED,0
8.24011,2.57849,0.1543,0,0.00372026,0.728918,0.00483374,-0.0110542,-0.00422651,-0.99993,-0.0730019,0.4,0,0,DISABLED,0
8.26011,2.5867,0.156509,0,-0.00187384,0.729736,0.00376642,-0.0166483,0.00211608,-0.999859,-0.0698784,0.4,0,0,DISABLED,0
8.28011,2.59357,0.157709,0,-0.00532274,0.730325,0.00972897,-0.0200972,0.00699885,-0.999774,-0.0680259,0.4,0,0,DISABLED,0
8.30011,2.60027,0.15853,0,-0.00644364,0.730539,0.0120992,-0.0212181,0.00908877,-0.999734,-0.0666785,0.4,0,0,DISABLED,0
8.32012,2.60687,0.159303,0,-0.00605731,0.730592,0.0127516,-0.0208318,0.0100733,-0.999732,-0.0658449,0.4,0,0,DISABLED,0
8.34012,2.61344,0.159966,0,-0.0053622,0.730884,0.0130291,-0.0201367,0.0107226,-0.99974,-0.0658164,0.4,0,0,DISABLED,0
8.36012,2.61989,0.160424,0,-0.00414875,0.731432,0.0133633,-0.0189232,0.0115541,-0.999754,-0.0664722,0.4,0,0,DISABLED,0
8.38012,2.62686,0.160655,0,-0.00227945,0.732231,0.0151329,-0.0170539,0.0138117,-0.999759,-0.0652353,0.4,0,0,DISABLED,0
8.40012,2.63255,0.160712,0,-0.000361578,0.732798,0.0184486,-0.0151361,0.0172963,-0.999736,-0.0631311,0.4,0,0,DISABLED,0
8.42012,2.6388,0.160609,0,0.00111964,0.733115,0.0213484,-0.0136548,0.0201714,-0.999703,-0.063002,0.4,0,0,DISABLED,0
8.44012,2.64491,0.160197,0,0.00185434,0.733047,0.0230016,-0.0129201,0.0217797,-0.999679,-0.0628712,0.4,0,0,DISABLED,0
8.46012,2.6509,0.159531,0,0.00164077,0.732681,0.0229471,-0.0131337,0.0217404,-0.999677,-0.0632951,0.4,0,0,DISABLED,0
8.48012,2.65614,0.158724,0,0.00103506,0.732116,0.0203535,-0.0137394,0.0191786,-0.999722,-0.0641263,0.4,0,0,DISABLED,0
8.50012,2.66296,0.157527,0,0.000175391,0.731188,0.0154255,-0.0145991,0.0142776,-0.999792,-0.0665877,0.4,0,0,DISABLED,0
8.52012,2.66844,0.156642,0,-0.00270586,0.730986,0.0139397,-0.0174803,0.012526,-0.999769,-0.0671822,0.4,0,0,DISABLED,0
8.54012,2.67479,0.155909,0,-0.00536848,0.7312,0.0116985,-0.020143,0.00924611,-0.999754,-0.0725636,0.4,0,0,DISABLED,0
8.56012,2.68139,0.155367,0,-0.00659682,0.731504,0.00946186,-0.0213713,0.00563152,-0.999756,-0.0770338,0.4,0,0,DISABLED,0
8.58012,2.68764,0.15496,0,-0.00744618,0.731989,0.00800098,-0.0222207,0.00177573,-0.999752,-0.0786552,0.4,0,0,DISABLED,0
8.60012,2.69511,0.154507,0,-0.00654976,0.732755,0.00726705,-0.0213242,-0.00428027,-0.999763,-0.0796779,0.4,0,0,DISABLED,0
8.62012,2.70205,0.154261,0,-0.00300146,0.733471,0.00826482,-0.0177759,-0.00884239,-0.999803,-0.0797455,0.4,0,0,DISABLED,0
8.64012,2.70766,0.15422,0,0.000142819,0.733918,0.011097,-0.0146317,-0.0122398,-0.999818,-0.0791846,0.4,0,0,DISABLED,0
8.66012,2.71397,0.154377,0,0.00226416,0.734144,0.0145588,-0.0125103,-0.0155296,-0.999801,-0.079658,0.4,0,0,DISABLED,0
8.68012,2.72024,0.154739,0,0.00451998,0.734039,0.0184841,-0.0102545,-0.0190696,-0.999766,-0.0799998,0.4,0,0,DISABLED,0
8.70012,2.72584,0.155296,0,0.00685548,0.733628,0.0212364,-0.007919,-0.0212446,-0.999743,-0.0805487,0.4,0,0,DISABLED,0
8.72012,2.73204,0.156276,0,0.00988946,0.732831,0.0224481,-0.00488501,-0.0212992,-0.999761,-0.0809654,0.4,0,0,DISABLED,0
8.74012,2.73896,0.157909,0,0.0129293,0.731771,0.021482,-0.00184517,-0.0183019,-0.999831,-0.082564,0.4,0,0,DISABLED,0
8.76013,2.74471,0.159733,0,0.0148166,0.730876,0.0187021,4.21618e-05,-0.0125602,-0.999921,-0.0834291,0.4,0,0,DISABLED,0
8.78013,2.75187,0.16247,0,0.0154626,0.729631,0.0155103,0.000688147,-0.00233042,-0.999997,-0.0834574,0.4,0,0,DISABLED,0
8.80013,2.75861,0.164605,0,0.0130573,0.728768,0.013061,-0.00171723,-0.00096498,-0.999998,-0.0826277,0.4,0,0,DISABLED,0
8.82013,2.76413,0.166019,0,0.00893783,0.728676,0.00971671,-0.00583665,-0.0049634,-0.999971,-0.0785917,0.4,0,0,DISABLED,0
8.84013,2.77352,0.168792,0,0.00524674,0.72927,0.00671277,-0.00952773,-0.00532746,-0.99994,-0.073492,0.4,0,0,DISABLED,0
8.86013,2.77902,0.170238,0,-0.000410713,0.729862,0.00290927,-0.0151852,0.00173638,-0.999883,-0.0694819,0.4,0,0,DISABLED,0
8.88013,2.7859,0.171498,0,-0.0039548,0.730481,0.00931585,-0.0187293,0.00728303,-0.999798,-0.068214,0.4,0,0,DISABLED,0
8.90013,2.7933,0.172338,0,-0.00516825,0.730706,0.0122753,-0.0199427,0.00998293,-0.999751,-0.0665447,0.4,0,0,DISABLED,0
8.92013,2.79993,0.173051,0,-0.00505449,0.730817,0.0130062,-0.019829,0.0108358,-0.999745,-0.0663055,0.4,0,0,DISABLED,0
8.94013,2.80587,0.173634,0,-0.00462521,0.731119,0.0137546,-0.0193997,0.0118033,-0.999742,-0.0657216,0.4,0,0,DISABLED,0
8.96013,2.81232,0.174125,0,-0.00346456,0.731661,0.0148225,-0.018239,0.0132636,-0.999746,-0.0648892,0.4,0,0,DISABLED,0
8.98013,2.81862,0.174479,0,-0.00176396,0.732284,0.0167198,-0.0165384,0.0154792,-0.999743,-0.0653313,0.4,0,0,DISABLED,0
9.00013,2.82604,0.174657,0,0.000110094,0.732879,0.0195955,-0.0146644,0.0184511,-0.999722,-0.0657393,0.4,0,0,DISABLED,0
9.02013,2.83155,0.174541,0,0.00163322,0.733037,0.0224083,-0.0131413,0.0212017,-0.999689,-0.0649319,0.4,0,0,DISABLED,0
9.04013,2.83702,0.174233,0,0.00186774,0.732929,0.0235395,-0.0129067,0.0223184,-0.999668,-0.0645555,0.4,0,0,DISABLED,0
9.06013,2.84294,0.173704,0,0.00134327,0.732563,0.0232593,-0.0134312,0.0220727,-0.999666,-0.0654317,0.4,0,0,DISABLED,0
9.08013,2.84861,0.172885,0,0.000718115,0.73193,0.0202596,-0.0140564,0.0191016,-0.999719,-0.0661457,0.4,0,0,DISABLED,0
9.10013,2.85414,0.171934,0,-0.000410199,0.731187,0.0159312,-0.0151847,0.014775,-0.999776,-0.0679408,0.4,0,0,DISABLED,0
9.12013,2.85942,0.17104,0,-0.00245234,0.73096,0.0142609,-0.0172268,0.0129023,-0.999768,-0.0678259,0.4,0,0,DISABLED,0
9.14013,2.86619,0.17027,0,-0.00507023,0.731144,0.0113677,-0.0198447,0.00902356,-0.999762,-0.073305,0.4,0,0,DISABLED,0
9.16013,2.87283,0.16991,0,-0.00702334,0.731427,0.00959945,-0.0217978,0.00539215,-0.999748,-0.0787219,0.4,0,0,DISABLED,0
9.18013,2.87978,0.16961,0,-0.00799944,0.731982,0.00842907,-0.0227739,0.00150971,-0.99974,-0.0800771,0.4,0,0,DISABLED,0
9.20014,2.88645,0.169344,0,-0.0068471,0.732702,0.00728343,-0.0216216,-0.00361678,-0.99976,-0.0807725,0.4,0,0,DISABLED,0
9.22014,2.89087,0.169236,0,-0.0047207,0.733204,0.00725884,-0.0194952,-0.00665971,-0.999788,-0.0811719,0.4,0,0,DISABLED,0
9.24014,2.89959,0.169264,0,-0.000410806,0.733989,0.0103003,-0.0151853,-0.0114366,-0.999819,-0.0807875,0.4,0,0,DISABLED,0
9.26014,2.90594,0.169541,0,0.00168459,0.734165,0.0141012,-0.0130899,-0.0151441,-0.9998,-0.0820975,0.4,0,0,DISABLED,0
9.28014,2.91037,0.169833,0,0.00310366,0.734071,0.0166698,-0.0116708,-0.0175223,-0.999778,-0.0821473,0.4,0,0,DISABLED,0
9.30014,2.91784,0.170642,0,0.00641395,0.733514,0.0201564,-0.00836053,-0.0202544,-0.99976,-0.0827563,0.4,0,0,DISABLED,0
9.32014,2.92406,0.17168,0,0.00954288,0.732712,0.0213205,-0.0052316,-0.0202108,-0.999782,-0.0835177,0.4,0,0,DISABLED,0
9.34014,2.93036,0.173168,0,0.0124536,0.731751,0.0204936,-0.00232087,-0.0174251,-0.999846,-0.0846114,0.4,0,0,DISABLED,0
9.36014,2.93741,0.175421,0,0.0146151,0.730658,0.0170726,-0.000159393,-0.00997141,-0.99995,-0.0853342,0.4,0,0,DISABLED,0
9.38014,2.94328,0.177662,0,0.0151005,0.729643,0.0151053,0.000326017,-0.00145296,-0.999999,-0.085147,0.4,0,0,DISABLED,0
9.40014,2.95001,0.179884,0,0.0130142,0.728738,0.013061,-0.00176032,-2.94317e-05,-0.999998,-0.0851206,0.4,0,0,DISABLED,0
9.42014,2.95677,0.181626,0,0.00909062,0.72862,0.00993509,-0.00568386,-0.00515778,-0.999971,-0.080994,0.4,0,0,DISABLED,0
9.44014,2.96423,0.183727,0,0.00389312,0.729095,0.00514437,-0.0108814,-0.00451434,-0.999931,-0.0767046,0.4,0,0,DISABLED,0
9.46014,2.96979,0.185096,0,-0.000376049,0.729626,0.000913491,-0.0151505,-0.00035771,-0.999885,-0.075045,0.4,0,0,DISABLED,0
9.48014,2.97735,0.186437,0,-0.00436547,0.730216,0.00817053,-0.0191399,0.00575724,-0.9998,-0.0728283,0.4,0,0,DISABLED,0
9.50014,2.98401,0.18721,0,-0.00520599,0.730378,0.0105066,-0.0199805,0.00797402,-0.999769,-0.0715983,0.4,0,0,DISABLED,0
9.52014,2.99065,0.187859,0,-0.00487625,0.730441,0.0109238,-0.0196507,0.00862719,-0.99977,-0.0712466,0.4,0,0,DISABLED,0
9.54014,2.99732,0.188372,0,-0.00420797,0.73074,0.0111933,-0.0189824,0.00922336,-0.999777,-0.0713445,0.4,0,0,DISABLED,0
9.56014,3.00453,0.188628,0,-0.00279006,0.731335,0.0119804,-0.0175645,0.0105022,-0.999791,-0.070505,0.4,0,0,DISABLED,0
9.58014,3.01096,0.188687,0,-0.000999752,0.731956,0.0137155,-0.0157742,0.0125338,-0.999797,-0.0713652,0.4,0,0,DISABLED,0
9.60014,3.01727,0.188581,0,0.0010123,0.732463,0.0166519,-0.0137622,0.0154715,-0.999786,-0.0724223,0.4,0,0,DISABLED,0
9.62014,3.02224,0.188281,0,0.00236473,0.732664,0.0188387,-0.0124097,0.0175395,-0.999769,-0.0720931,0.4,0,0,DISABLED,0
9.64015,3.02964,0.187473,0,0.00298218,0.732553,0.0200377,-0.0117923,0.0186665,-0.999756,-0.0721075,0.4,0,0,DISABLED,0
9.66015,3.03392,0.186853,0,0.00254399,0.732324,0.0199004,-0.0122305,0.0185877,-0.999752,-0.0723037,0.4,0,0,DISABLED,0
9.68015,3.04102,0.18556,0,0.00140985,0.731641,0.0159648,-0.0133646,0.0147556,-0.999802,-0.0741154,0.4,0,0,DISABLED,0
9.70015,3.04747,0.184297,0,-0.000313475,0.730932,0.0129557,-0.015088,0.0118039,-0.999816,-0.0763018,0.4,0,0,DISABLED,0
9.72015,3.05238,0.183324,0,-0.00265995,0.730813,0.0117746,-0.0174344,0.0103227,-0.999795,-0.0773212,0.4,0,0,DISABLED,0
9.74015,3.05755,0.182556,0,-0.00523775,0.731037,0.0100721,-0.0200122,0.00745579,-0.999772,-0.083855,0.4,0,0,DISABLED,0
9.76015,3.06691,0.181407,0,-0.00685061,0.731631,0.00765062,-0.0216251,0.00225934,-0.999764,-0.0888059,0.4,0,0,DISABLED,0
9.78015,3.07178,0.180919,0,-0.00673024,0.732068,0.00684466,-0.0215047,-0.00236074,-0.999766,-0.0886585,0.4,0,0,DISABLED,0
9.80015,3.07988,0.180249,0,-0.00450415,0.732907,0.00840783,-0.0192786,-0.00824201,-0.99978,-0.0884123,0.4,0,0,DISABLED,0
9.82015,3.08629,0.179924,0,-0.000938893,0.733546,0.0109238,-0.0157134,-0.0120325,-0.999804,-0.0885754,0.4,0,0,DISABLED,0
9.84015,3.09201,0.179829,0,0.00229349,0.733981,0.0141139,-0.012481,-0.0150723,-0.999808,-0.0889656,0.4,0,0,DISABLED,0
9.86015,3.09968,0.179992,0,0.00477517,0.734195,0.0179773,-0.00999931,-0.018476,-0.999779,-0.0894758,0.4,0,0,DISABLED,0
9.88015,3.10539,0.180355,0,0.00670102,0.734045,0.0212561,-0.00807346,-0.0213178,-0.99974,-0.0897212,0.4,0,0,DISABLED,0
9.90015,3.1123,0.181144,0,0.00950986,0.733479,0.0243487,-0.00526462,-0.0235613,-0.999709,-0.0902896,0.4,0,0,DISABLED,0
9.92015,3.11794,0.182149,0,0.0121456,0.732778,0.025276,-0.00262885,-0.0233138,-0.999725,-0.09096,0.4,0,0,DISABLED,0
9.94015,3.12424,0.183746,0,0.0149931,0.731856,0.0241569,0.000218609,-0.0200846,-0.999798,-0.0920071,0.4,0,0,DISABLED,0
9.96015,3.13067,0.185886,0,0.0168671,0.730916,0.0207451,0.00209258,-0.0132258,-0.99991,-0.0928313,0.4,0,0,DISABLED,0
9.98015,3.13724,0.188437,0,0.0171966,0.729789,0.0174217,0.00242213,-0.00395368,-0.999989,-0.0928219,0.4,0,0,DISABLED,0
10.0002,3.14411,0.190694,0,0.0155673,0.72891,0.0155678,0.000792821,-0.0011856,-0.999999,-0.0927959,0.4,0,0,DISABLED,0
10.0202,3.15096,0.192468,0,0.0104563,0.728789,0.0117341,-0.00431819,-0.00647225,-0.99997,-0.0866783,0.4,0,0,DISABLED,0
10.0402,3.15772,0.192922,0,0.00588285,0.729137,0.00807514,-0.00889163,-0.00668781,-0.999938,-0.08175,0.4,0,0,DISABLED,0
10.0602,3.16461,0.191172,0,0.000469426,0.729738,0.000488281,-0.0143051,-0.00110334,-0.999897,-0.0789306,0.4,0,0,DISABLED,0
10.0802,3.17066,0.188025,0,-0.00278658,0.730176,0.00626259,-0.0175611,0.00446304,-0.999836,-0.077246,0.4,0,0,DISABLED,0
10.1002,3.17768,0.182779,0,-0.00326273,0.730267,0.0103925,-0.0180372,0.00872069,-0.999799,-0.0754235,0.4,0,0,DISABLED,0
10.1202,3.1839,0.177104,0,-0.00174669,0.730152,0.0117949,-0.0165212,0.010517,-0.999808,-0.0745737,0.4,0,0,DISABLED,0
10.1402,3.19018,0.17061,0,-0.000194759,0.730269,0.0128633,-0.0149692,0.011715,-0.999819,-0.0743211,0.4,0,0,DISABLED,0
10.1602,3.19698,0.16221,0,0.0018575,0.730726,0.0136283,-0.012917,0.0123554,-0.99984,-0.0753341,0.4,0,0,DISABLED,0
10.1802,3.20299,0.153356,0,0.00399345,0.731245,0.0146037,-0.010781,0.012898,-0.999859,-0.0771563,0.4,0,0,DISABLED,0
10.2002,3.2083,0.144345,0,0.00664999,0.731622,0.0162754,-0.00812448,0.0137069,-0.999873,-0.0784249,0.4,0,0,DISABLED,0
10.2202,3.21407,0.133241,0,0.00929965,0.731665,0.0171978,-0.00547483,0.0133203,-0.999896,-0.0791657,0.4,0,0,DISABLED,0
10.2402,3.21976,0.122706,0,0.0116586,0.731147,0.0166018,-0.0031159,0.0106717,-0.999938,-0.0820336,0.4,0,0,DISABLED,0
10.2602,3.22539,0.11316,0,0.0133587,0.729604,0.0136676,-0.00141578,0.00174216,-0.999997,-0.084911,0.4,0,0,DISABLED,0
10.2802,3.23093,0.104058,0,0.0131955,0.726772,0.0144189,-0.001579,-0.00696937,-0.999974,-0.0952772,0.4,0,0,DISABLED,0
10.3002,3.23737,0.0939088,0,0.00718816,0.725173,0.0107256,-0.00758632,-0.00910881,-0.99993,-0.101729,0.4,0,0,DISABLED,0
10.3202,3.24566,0.0814452,0,-0.00274159,0.72634,0.0241372,-0.0175161,-0.0251253,-0.999531,-0.103454,0.4,0,0,DISABLED,0
10.3402,3.25244,0.0708538,0,-0.00402867,0.728376,0.0341325,-0.0188031,-0.0350323,-0.999209,-0.104084,0.4,0,0,DISABLED,0
10.3602,3.25821,0.0621618,0,-0.000866351,0.730051,0.039269,-0.0156408,-0.0403964,-0.999061,-0.105135,0.4,0,0,DISABLED,0
10.3802,3.26473,0.0530936,0,0.0029166,0.731439,0.0446047,-0.0118579,-0.0456423,-0.998887,-0.107439,0.4,0,0,DISABLED,0
10.4002,3.27119,0.0444102,0,0.00642161,0.732261,0.048034,-0.00835287,-0.0487314,-0.998777,-0.108589,0.4,0,0,DISABLED,0
10.4202,3.27738,0.0360028,0,0.0102945,0.732768,0.0492863,-0.00447994,-0.0493291,-0.998773,-0.108848,0.4,0,0,DISABLED,0
10.4402,3.28286,0.0286499,0,0.013669,0.733176,0.050425,-0.00110548,-0.0496661,-0.998765,-0.109301,0.4,0,0,DISABLED,0
10.4602,3.28957,0.0199031,0,0.017491,0.733617,0.0534581,0.00271656,-0.0516416,-0.998662,-0.11109,0.4,0,0,DISABLED,0
10.4802,3.29569,0.0122221,0,0.0209683,0.733853,0.056788,0.0061938,-0.0538973,-0.998527,-0.112219,0.4,0,0,DISABLED,0
10.5002,3.30187,0.00494165,0,0.0246258,0.733915,0.0595701,0.00985132,-0.0553599,-0.998418,-0.113136,0.4,0,0,DISABLED,0
10.5202,3.3089,-0.0024949,0,0.0280553,0.733968,0.0606349,0.0132809,-0.0548703,-0.998405,-0.114243,0.4,0,0,DISABLED,0
10.5402,3.31499,-0.00822813,0,0.0295228,0.73423,0.0596021,0.0147483,-0.0528947,-0.998491,-0.11472,0.4,0,0,DISABLED,0
10.5602,3.32211,-0.0143365,0,0.0297883,0.734832,0.0571179,0.0150138,-0.0498574,-0.998644,-0.114932,0.4,0,0,DISABLED,0
10.5802,3.32955,-0.0201829,0,0.0287648,0.735792,0.0533844,0.0139903,-0.0460984,-0.998839,-0.115721,0.4,0,0,DISABLED,0
10.6002,3.33644,-0.0252506,0,0.0269606,0.736885,0.0480166,0.0121861,-0.0408672,-0.99909,-0.116408,0.4,0,0,DISABLED,0
10.6202,3.34599,-0.0321311,0,0.0221719,0.738538,0.0374362,0.00739746,-0.0313061,-0.999482,-0.116533,0.4,0,0,DISABLED,0
10.6402,3.35405,-0.0377785,0,0.0177738,0.739513,0.0247638,0.00299932,-0.0183902,-0.999826,-0.119403,0.4,0,0,DISABLED,0
10.6602,3.36177,-0.0432359,0,0.0137961,0.738327,0.0169007,-0.000978391,0.00861549,-0.999962,-0.127432,0.4,0,0,DISABLED,0
10.6802,3.36852,-0.0511134,0,0.0125528,0.737287,0.0129188,-0.00222166,0.0018984,-0.999996,-0.127535,0.4,0,0,DISABLED,0
10.7002,3.37476,-0.0575019,0,0.0113767,0.737005,0.0142442,-0.00339776,-0.00971738,-0.999947,-0.128791,0.4,0,0,DISABLED,0
10.7202,3.38203,-0.063615,0,0.0097209,0.736993,0.0145711,-0.00505357,-0.0120042,-0.999915,-0.126473,0.4,0,0,DISABLED,0
10.7402,3.38991,-0.0704613,0,0.00918968,0.736886,0.0135713,-0.0055848,-0.0111377,-0.999922,-0.125391,0.4,0,0,DISABLED,0
10.7602,3.39602,-0.0764577,0,0.0105063,0.736696,0.0144272,-0.00426818,-0.0110322,-0.99993,-0.12816,0.4,0,0,DISABLED,0
10.7802,3.40255,-0.0833788,0,0.0131245,0.736308,0.0161393,-0.00165001,-0.0105397,-0.999943,-0.131049,0.4,0,0,DISABLED,0
10.8002,3.40971,-0.0911397,0,0.0159966,0.735478,0.0177471,0.00122208,-0.0088316,-0.99996,-0.13276,0.4,0,0,DISABLED,0
10.8202,3.41563,-0.0977938,0,0.017808,0.734172,0.019258,0.00303355,-0.00847774,-0.999959,-0.133609,0.4,0,0,DISABLED,0
10.8402,3.42223,-0.105929,0,0.0186241,0.731515,0.0212701,0.00384962,-0.0114234,-0.999927,-0.134871,0.4,0,0,DISABLED,0
10.8602,3.42907,-0.114572,0,0.0163879,0.727764,0.0185325,0.0016134,-0.00980164,-0.999951,-0.139202,0.4,0,0,DISABLED,0
10.8802,3.43676,-0.122346,0,0.00855251,0.726283,0.0108965,-0.00622197,0.00560247,-0.999965,-0.1418,0.4,0,0,DISABLED,0
10.9002,3.44449,-0.129874,0,0.00131483,0.726783,0.00508611,-0.0134596,0.00376612,-0.999902,-0.146579,0.4,0,0,DISABLED,0
10.9202,3.4518,-0.136203,0,-0.00217466,0.72814,0.00253718,-0.0169491,-0.00244275,-0.999853,-0.152245,0.4,0,0,DISABLED,0
10.9402,3.45947,-0.141817,0,-0.00222164,0.729639,0.00578774,-0.0169961,-0.00648947,-0.999834,-0.156552,0.4,0,0,DISABLED,0
10.9602,3.46568,-0.145758,0,-0.00166345,0.730512,0.00856933,-0.0164379,-0.00954908,-0.999819,-0.158652,0.4,0,0,DISABLED,0
10.9802,3.47258,-0.14949,0,-0.00144807,0.731043,0.0115291,-0.0162225,-0.0125799,-0.999789,-0.160707,0.4,0,0,DISABLED,0
11.0002,3.47946,-0.152387,0,-0.00135682,0.731271,0.0125014,-0.0161313,-0.0135739,-0.999778,-0.16285,0.4,0,0,DISABLED,0
11.0202,3.48642,-0.154672,0,-0.00170595,0.731392,0.012035,-0.0164804,-0.0130567,-0.999779,-0.164657,0.4,0,0,DISABLED,0
11.0402,3.49211,-0.1562,0,-0.00244437,0.731472,0.0115601,-0.0172189,-0.0124442,-0.999774,-0.165815,0.4,0,0,DISABLED,0
11.0602,3.50075,-0.158134,0,-0.00311869,0.731545,0.0116576,-0.0178932,-0.0123755,-0.999763,-0.167515,0.4,0,0,DISABLED,0
11.0802,3.50872,-0.159657,0,-0.00281919,0.731454,0.0113729,-0.0175937,-0.0121637,-0.999771,-0.168278,0.4,0,0,DISABLED,0
11.1002,3.51444,-0.160633,0,-0.0015756,0.731293,0.0106475,-0.0163501,-0.0116712,-0.999798,-0.169,0.4,0,0,DISABLED,0
11.1202,3.52213,-0.161672,0,0.00162328,0.731009,0.00825761,-0.0131512,-0.00924603,-0.999871,-0.171133,0.4,0,0,DISABLED,0
11.1402,3.52913,-0.162222,0,0.00486098,0.730905,0.00553506,-0.0099135,-0.00378767,-0.999944,-0.17218,0.4,0,0,DISABLED,0
11.1602,3.53625,-0.162544,0,0.00732136,0.730909,0.00826482,-0.00745312,0.00269125,-0.999969,-0.170424,0.4,0,0,DISABLED,0
11.1802,3.54343,-0.162405,0,0.00914797,0.730651,0.0151723,-0.00562651,0.0109567,-0.999924,-0.166825,0.4,0,0,DISABLED,0
11.2002,3.54921,-0.161895,0,0.00974798,0.729987,0.0212729,-0.00502649,0.0177607,-0.99983,-0.164537,0.4,0,0,DISABLED,0
11.2202,3.55824,-0.161823,0,0.00622722,0.729348,0.0159461,-0.00854725,0.0135297,-0.999872,-0.161833,0.4,0,0,DISABLED,0
11.2402,3.56566,-0.161689,0,0.00251041,0.729477,0.0127001,-0.0122641,0.011301,-0.999861,-0.155816,0.4,0,0,DISABLED,0
11.2602,3.57297,-0.161372,0,-0.00115555,0.730073,0.0171284,-0.01593,0.0159399,-0.999746,-0.152219,0.4,0,0,DISABLED,0
11.2802,3.58003,-0.161498,0,-0.00357463,0.73059,0.0200585,-0.0183491,0.0185902,-0.999659,-0.150362,0.4,0,0,DISABLED,0
11.3002,3.58687,-0.161969,0,-0.00413621,0.730731,0.0208312,-0.0189107,0.0192686,-0.999635,-0.148734,0.4,0,0,DISABLED,0
11.3202,3.59364,-0.162642,0,-0.00392655,0.730695,0.0207193,-0.018701,0.0191976,-0.999641,-0.148174,0.4,0,0,DISABLED,0
11.3402,3.60096,-0.163686,0,-0.00297932,0.730848,0.020106,-0.0177538,0.0187364,-0.999667,-0.148387,0.4,0,0,DISABLED,0
11.3602,3.60679,-0.164811,0,-0.00161969,0.731198,0.0194765,-0.0163942,0.0182635,-0.999699,-0.150331,0.4,0,0,DISABLED,0
11.3802,3.61308,-0.166319,0,0.000523794,0.731747,0.0198043,-0.0142507,0.0186511,-0.999725,-0.152089,0.4,0,0,DISABLED,0
11.4002,3.61982,-0.168231,0,0.00322244,0.732367,0.0214237,-0.011552,0.0200321,-0.999733,-0.153485,0.4,0,0,DISABLED,0
11.4202,3.62524,-0.170052,0,0.00502878,0.73271,0.0224853,-0.0097457,0.0207665,-0.999737,-0.154001,0.4,0,0,DISABLED,0
11.4402,3.63115,-0.17232,0,0.00617096,0.732838,0.0225224,-0.00860351,0.0205117,-0.999753,-0.154625,0.4,0,0,DISABLED,0
11.4602,3.637,-0.174744,0,0.00624978,0.732744,0.0211633,-0.00852469,0.0190716,-0.999782,-0.156352,0.4,0,0,DISABLED,0
11.4802,3.64272,-0.177333,0,0.0058745,0.732255,0.0173634,-0.00889998,0.0151921,-0.999845,-0.158039,0.4,0,0,DISABLED,0
11.5002,3.64828,-0.179937,0,0.00521721,0.731222,0.0117949,-0.00955727,0.00943054,-0.99991,-0.162843,0.4,0,0,DISABLED,0
11.5202,3.65513,-0.182868,0,0.000884234,0.73065,0.00937961,-0.0138902,0.00818732,-0.99987,-0.166725,0.4,0,0,DISABLED,0
11.5402,3.66186,-0.185487,0,-0.00291793,0.730746,0.00695695,-0.0176924,0.00516505,-0.99983,-0.17015,0.4,0,0,DISABLED,0
11.5602,3.66817,-0.187545,0,-0.00457248,0.731112,0.00534886,-0.019347,0.00162844,-0.999812,-0.173113,0.4,0,0,DISABLED,0
11.5802,3.67526,-0.189614,0,-0.004452,0.731722,0.00494348,-0.0192265,-0.00329769,-0.99981,-0.173978,0.4,0,0,DISABLED,0
11.6002,3.68145,-0.191204,0,-0.00260942,0.732356,0.00717625,-0.0173839,-0.00783275,-0.999818,-0.173909,0.4,0,0,DISABLED,0
11.6202,3.68875,-0.192749,0,0.00122814,0.73302,0.0115446,-0.0135463,-0.0126278,-0.999829,-0.175393,0.4,0,0,DISABLED,0
11.6402,3.69527,-0.19381,0,0.0047568,0.73339,0.0142693,-0.0100177,-0.0146005,-0.999843,-0.174006,0.4,0,0,DISABLED,0
11.6602,3.70186,-0.194603,0,0.00739211,0.733536,0.0179342,-0.00738237,-0.0174855,-0.99982,-0.173837,0.4,0,0,DISABLED,0
11.6802,3.70853,-0.195096,0,0.00956763,0.733377,0.0220138,-0.00520685,-0.0209708,-0.999767,-0.175148,0.4,0,0,DISABLED,0
11.7002,3.71514,-0.195307,0,0.0122178,0.732874,0.0252453,-0.0025567,-0.0232399,-0.999727,-0.176031,0.4,0,0,DISABLED,0
11.7202,3.72176,-0.195086,0,0.0153354,0.732113,0.0265639,0.000560878,-0.0228373,-0.999739,-0.177195,0.4,0,0,DISABLED,0
11.7402,3.72717,-0.194551,0,0.0175665,0.731453,0.0258566,0.00279202,-0.0201168,-0.999794,-0.178227,0.4,0,0,DISABLED,0
11.7602,3.73414,-0.193416,0,0.0194952,0.730694,0.022224,0.0047207,-0.0118134,-0.999919,-0.179131,0.4,0,0,DISABLED,0
11.7802,3.74278,-0.191574,0,0.0194833,0.72969,0.0195407,0.00470882,-0.00262754,-0.999985,-0.178463,0.4,0,0,DISABLED,0
11.8002,3.7495,-0.190367,0,0.0172799,0.728977,0.0173531,0.00250545,0.000451988,-0.999997,-0.177524,0.4,0,0,DISABLED,0
11.8202,3.7578,-0.189456,0,0.0125236,0.728917,0.0127423,-0.00225085,-0.00352097,-0.999991,-0.171647,0.4,0,0,DISABLED,0
11.8402,3.76507,-0.188352,0,0.00894979,0.729348,0.00919348,-0.00582468,-0.00325389,-0.999978,-0.167968,0.4,0,0,DISABLED,0
11.8602,3.7732,-0.187264,0,0.00561043,0.730112,0.00602984,-0.00916405,0.00106317,-0.999957,-0.16592,0.4,0,0,DISABLED,0
11.8802,3.77903,-0.186849,0,0.00184927,0.730566,0.00852749,-0.0129252,0.00718392,-0.999891,-0.163937,0.4,0,0,DISABLED,0
11.9002,3.78671,-0.186734,0,0.000826178,0.730752,0.0115239,-0.0139483,0.0103449,-0.999849,-0.161889,0.4,0,0,DISABLED,0
11.9202,3.79354,-0.186779,0,0.0011506,0.730738,0.0126295,-0.0136239,0.011427,-0.999842,-0.161397,0.4,0,0,DISABLED,0
11.9402,3.79897,-0.186901,0,0.00150613,0.730864,0.0135273,-0.0132683,0.0122967,-0.999836,-0.161277,0.4,0,0,DISABLED,0
11.9602,3.80754,-0.187431,0,0.00281816,0.731417,0.0161541,-0.0119563,0.0147595,-0.99982,-0.160116,0.4,0,0,DISABLED,0
11.9802,3.8133,-0.187959,0,0.00415293,0.731901,0.0186383,-0.0106215,0.0170199,-0.999799,-0.161184,0.4,0,0,DISABLED,0
12.0002,3.81831,-0.188552,0,0.00545886,0.732256,0.0212083,-0.00931562,0.0193468,-0.999769,-0.162146,0.4,0,0,DISABLED,0
12.0202,3.82441,-0.189583,0,0.00690897,0.732436,0.0238964,-0.00786551,0.0217254,-0.999733,-0.161175,0.4,0,0,DISABLED,0
12.0402,3.83171,-0.191193,0,0.00665061,0.732231,0.0246963,-0.00812387,0.0226385,-0.999711,-0.15997,0.4,0,0,DISABLED,0
12.0602,3.83712,-0.192517,0,0.00492183,0.731874,0.023405,-0.00985264,0.0217366,-0.999715,-0.161097,0.4,0,0,DISABLED,0
12.0802,3.84335,-0.194375,0,0.00369991,0.731231,0.019996,-0.0110746,0.018502,-0.999767,-0.162236,0.4,0,0,DISABLED,0
12.1002,3.84885,-0.196194,0,0.00209925,0.730556,0.0153169,-0.0126752,0.0140246,-0.999821,-0.164332,0.4,0,0,DISABLED,0
12.1202,3.8535,-0.19763,0,-0.000327015,0.730384,0.0134345,-0.0151015,0.0122851,-0.999811,-0.165965,0.4,0,0,DISABLED,0
12.1402,3.8615,-0.199633,0,-0.00311038,0.730701,0.010681,-0.0178849,0.00907511,-0.999799,-0.172197,0.4,0,0,DISABLED,0
12.1602,3.86747,-0.200781,0,-0.00483496,0.731046,0.00778194,-0.0196094,0.00494781,-0.999795,-0.178724,0.4,0,0,DISABLED,0
12.1802,3.8751,-0.202223,0,-0.00562839,0.731756,0.00567332,-0.0204029,-0.000468737,-0.999792,-0.180206,0.4,0,0,DISABLED,0
12.2002,3.88038,-0.203259,0,-0.00442127,0.732361,0.00578774,-0.0191958,-0.00487533,-0.999804,-0.179909,0.4,0,0,DISABLED,0
12.2202,3.88787,-0.204516,0,-0.00035961,0.733195,0.00923229,-0.0151341,-0.0103734,-0.999832,-0.181236,0.4,0,0,DISABLED,0
12.2402,3.89343,-0.205216,0,0.0023697,0.733651,0.0124009,-0.0124048,-0.013318,-0.999834,-0.18086,0.4,0,0,DISABLED,0
12.2602,3.89842,-0.205657,0,0.00415873,0.733876,0.0155793,-0.0106157,-0.0161585,-0.999813,-0.180457,0.4,0,0,DISABLED,0
12.2802,3.90584,-0.205975,0,0.00706084,0.733817,0.0205604,-0.00771364,-0.0204571,-0.999761,-0.180386,0.4,0,0,DISABLED,0
12.3002,3.91206,-0.205892,0,0.00970407,0.733318,0.0235446,-0.00507041,-0.0225986,-0.999732,-0.181007,0.4,0,0,DISABLED,0
12.3202,3.91835,-0.205404,0,0.0125579,0.732486,0.024677,-0.00221659,-0.0223873,-0.999747,-0.181823,0.4,0,0,DISABLED,0
12.3402,3.92473,-0.204414,0,0.0151266,0.731526,0.0239039,0.000352155,-0.0196561,-0.999807,-0.182971,0.4,0,0,DISABLED,0
12.3602,3.93129,-0.202918,0,0.017207,0.7306,0.0204383,0.00243248,-0.012173,-0.999923,-0.18385,0.4,0,0,DISABLED,0
12.3802,3.93802,-0.201041,0,0.0175232,0.729533,0.017619,0.00274872,-0.00298202,-0.999992,-0.183633,0.4,0,0,DISABLED,0
12.4002,3.94497,-0.199494,0,0.0151027,0.728691,0.0151093,0.000328215,-0.0016612,-0.999999,-0.182891,0.4,0,0,DISABLED,0
12.4202,3.95187,-0.198348,0,0.0109278,0.728614,0.0120992,-0.0038467,-0.00635006,-0.999972,-0.178113,0.4,0,0,DISABLED,0
12.4402,3.95876,-0.197032,0,0.00694144,0.729041,0.00822144,-0.00783304,-0.00556158,-0.999954,-0.175213,0.4,0,0,DISABLED,0
12.4602,3.96584,-0.195927,0,0.00183812,0.729714,0.00218366,-0.0129364,3.85955e-05,-0.999916,-0.173201,0.4,0,0,DISABLED,0
12.4802,3.97279,-0.195352,0,-0.00162053,0.730234,0.00665032,-0.016395,0.00530887,-0.999852,-0.172081,0.4,0,0,DISABLED,0
12.5002,3.9795,-0.195173,0,-0.002546,0.730388,0.00941133,-0.0173205,0.00791487,-0.999819,-0.170911,0.4,0,0,DISABLED,0
12.5202,3.98615,-0.195117,0,-0.00230396,0.730451,0.0103696,-0.0170784,0.00896585,-0.999814,-0.170615,0.4,0,0,DISABLED,0
12.5402,3.99278,-0.195222,0,-0.00178668,0.730745,0.0111185,-0.0165612,0.00982657,-0.999815,-0.170459,0.4,0,0,DISABLED,0
12.5602,3.99993,-0.195614,0,-0.000564007,0.73131,0.0127142,-0.0153385,0.011558,-0.999816,-0.169667,0.4,0,0,DISABLED,0
12.5802,4.00565,-0.196082,0,0.000825014,0.731849,0.014677,-0.0139495,0.0135077,-0.999811,-0.170801,0.4,0,0,DISABLED,0
12.6002,4.01187,-0.196783,0,0.00256214,0.732361,0.0179309,-0.0122123,0.0166003,-0.999788,-0.17171,0.4,0,0,DISABLED,0
12.6202,4.01796,-0.19778,0,0.00399394,0.732582,0.0207882,-0.0107805,0.0192535,-0.999757,-0.170863,0.4,0,0,DISABLED,0
12.6402,4.02395,-0.19906,0,0.00435261,0.732447,0.021848,-0.0104219,0.0202597,-0.99974,-0.170529,0.4,0,0,DISABLED,0
12.6602,4.02984,-0.200531,0,0.00368719,0.732069,0.0213791,-0.0110873,0.0199085,-0.99974,-0.171248,0.4,0,0,DISABLED,0
12.6802,4.03548,-0.202218,0,0.00279523,0.731453,0.0182831,-0.0119793,0.0169218,-0.999785,-0.172258,0.4,0,0,DISABLED,0
12.7002,4.04106,-0.203947,0,0.00133068,0.730792,0.0146323,-0.0134438,0.013425,-0.99982,-0.174892,0.4,0,0,DISABLED,0
12.7202,4.04696,-0.205703,0,-0.00161025,0.730677,0.0127001,-0.0163847,0.0114496,-0.9998,-0.17725,0.4,0,0,DISABLED,0
12.7402,4.0525,-0.207116,0,-0.00376765,0.730931,0.0101017,-0.0185421,0.00822464,-0.999794,-0.182522,0.4,0,0,DISABLED,0
12.7602,4.05982,-0.20855,0,-0.00554505,0.731277,0.00750114,-0.0203195,0.00390423,-0.999786,-0.189607,0.4,0,0,DISABLED,0
12.7802,4.06658,-0.209862,0,-0.00592899,0.731833,0.00620522,-0.0207035,0.000680219,-0.999785,-0.186575,0.4,0,0,DISABLED,0
12.8002,4.07325,-0.21094,0,-0.00469067,0.732582,0.00609864,-0.0194651,-0.00504217,-0.999798,-0.188708,0.4,0,0,DISABLED,0
12.8202,4.07962,-0.211793,0,-0.00180084,0.733299,0.00906945,-0.0165753,-0.0100337,-0.999812,-0.190175,0.4,0,0,DISABLED,0
12.8402,4.08584,-0.212463,0,0.00138864,0.733819,0.012568,-0.0133858,-0.0136352,-0.999817,-0.189594,0.4,0,0,DISABLED,0
12.8602,4.0927,-0.212924,0,0.00435425,0.734052,0.0170551,-0.0104202,-0.0176353,-0.99979,-0.189606,0.4,0,0,DISABLED,0
12.8802,4.09898,-0.21307,0,0.00675704,0.733904,0.0211069,-0.00801744,-0.0211418,-0.999744,-0.189994,0.4,0,0,DISABLED,0
12.9002,4.10525,-0.212937,0,0.00955522,0.733402,0.0241421,-0.00521926,-0.0233199,-0.999714,-0.190226,0.4,0,0,DISABLED,0
12.9202,4.11088,-0.21247,0,0.0124975,0.732711,0.0251128,-0.00227695,-0.022928,-0.999735,-0.190787,0.4,0,0,DISABLED,0
12.9402,4.11721,-0.211482,0,0.0157124,0.731757,0.0243193,0.000937914,-0.0197075,-0.999805,-0.192003,0.4,0,0,DISABLED,0
12.9602,4.12382,-0.209978,0,0.0174268,0.730828,0.021183,0.00265237,-0.0131937,-0.999909,-0.193098,0.4,0,0,DISABLED,0
12.9802,4.13059,-0.208066,0,0.0175707,0.72972,0.0177873,0.00279621,-0.00391242,-0.999988,-0.192898,0.4,0,0,DISABLED,0
13.0002,4.13755,-0.206501,0,0.0149212,0.728787,0.0149546,0.000146754,-0.00214874,-0.999998,-0.191614,0.4,0,0,DISABLED,0
13.0202,4.14452,-0.205349,0,0.0104406,0.728671,0.0117493,-0.00433386,-0.00653754,-0.999969,-0.187966,0.4,0,0,DISABLED,0
13.0402,4.15213,-0.203925,0,0.00581969,0.729172,0.00732424,-0.00895479,-0.00560519,-0.999944,-0.184255,0.4,0,0,DISABLED,0
13.0602,4.15777,-0.203088,0,0.00117507,0.729738,0.00133721,-0.0135994,-0.000466881,-0.999907,-0.182117,0.4,0,0,DISABLED,0
13.0802,4.16542,-0.202491,0,-0.00272332,0.730347,0.00701667,-0.0174978,0.00532141,-0.999833,-0.18049,0.4,0,0,DISABLED,0
13.1002,4.17282,-0.202352,0,-0.00367713,0.730496,0.009649,-0.0184516,0.00777283,-0.9998,-0.179041,0.4,0,0,DISABLED,0
13.1202,4.17886,-0.202321,0,-0.00347832,0.73051,0.010335,-0.0182528,0.00858055,-0.999797,-0.178461,0.4,0,0,DISABLED,0
13.1402,4.18628,-0.20244,0,-0.00302476,0.730788,0.0110594,-0.0177992,0.00948825,-0.999797,-0.177572,0.4,0,0,DISABLED,0
13.1602,4.19288,-0.202783,0,-0.00255367,0.73132,0.0113886,-0.0173281,0.00995315,-0.9998,-0.177785,0.4,0,0,DISABLED,0
13.1802,4.19742,-0.203146,0,-0.00125565,0.731768,0.0129326,-0.0160301,0.0117265,-0.999803,-0.177525,0.4,0,0,DISABLED,0
13.2002,4.20511,-0.203913,0,0.000869872,0.732452,0.0169886,-0.0139046,0.0158167,-0.999778,-0.177753,0.4,0,0,DISABLED,0
13.2202,4.21139,-0.204807,0,0.00246739,0.732699,0.0200556,-0.0123071,0.0187566,-0.999748,-0.177168,0.4,0,0,DISABLED,0
13.2402,4.21684,-0.205945,0,0.00399013,0.732519,0.0211182,-0.0107844,0.0195897,-0.99975,-0.176102,0.4,0,0,DISABLED,0
13.2602,4.22357,-0.207574,0,0.00379364,0.732074,0.0216671,-0.0109808,0.0201834,-0.999736,-0.175166,0.4,0,0,DISABLED,0
13.2802,4.22951,-0.209189,0,0.00279026,0.731472,0.0191836,-0.0119842,0.0178305,-0.999769,-0.176882,0.4,0,0,DISABLED,0
13.3002,4.23525,-0.210861,0,0.0019677,0.730722,0.0152428,-0.0128068,0.0139699,-0.99982,-0.179733,0.4,0,0,DISABLED,0
13.3202,4.24145,-0.212519,0,-0.000790891,0.730553,0.0145547,-0.0155654,0.0133868,-0.999789,-0.181137,0.4,0,0,DISABLED,0
13.3402,4.2471,-0.213923,0,-0.00303022,0.730751,0.0122412,-0.0178047,0.0107103,-0.999784,-0.185283,0.4,0,0,DISABLED,0
13.3602,4.25379,-0.215219,0,-0.00481019,0.731047,0.00908915,-0.0195847,0.00655825,-0.999787,-0.191406,0.4,0,0,DISABLED,0
13.3802,4.26178,-0.216535,0,-0.00661531,0.731636,0.00715129,-0.0213898,0.0015544,-0.99977,-0.194623,0.4,0,0,DISABLED,0
13.4002,4.26862,-0.217725,0,-0.00555981,0.732309,0.00608886,-0.0203343,-0.00362578,-0.999787,-0.194385,0.4,0,0,DISABLED,0
13.4202,4.27503,-0.218725,0,-0.00224353,0.732982,0.00682723,-0.017018,-0.00759614,-0.999826,-0.194003,0.4,0,0,DISABLED,0
13.4402,4.28142,-0.219519,0,0.000893728,0.733546,0.0103638,-0.0138808,-0.011467,-0.999838,-0.194954,0.4,0,0,DISABLED,0
13.4602,4.28789,-0.220133,0,0.00316657,0.733807,0.0146404,-0.0116079,-0.0154406,-0.999813,-0.195543,0.4,0,0,DISABLED,0
13.4802,4.29498,-0.220513,0,0.00559051,0.733644,0.0192487,-0.00918396,-0.019564,-0.999766,-0.196455,0.4,0,0,DISABLED,0
13.5002,4.30073,-0.220581,0,0.00805804,0.733193,0.0222132,-0.00671644,-0.0218453,-0.999739,-0.197021,0.4,0,0,DISABLED,0
13.5202,4.30581,-0.220366,0,0.011022,0.73258,0.0234507,-0.00375244,-0.0218468,-0.999754,-0.197581,0.4,0,0,DISABLED,0
13.5402,4.31358,-0.219455,0,0.0143469,0.731507,0.0223283,-0.000427617,-0.0182538,-0.999833,-0.198985,0.4,0,0,DISABLED,0
13.5602,4.32036,-0.218176,0,0.015801,0.730669,0.0188766,0.00102655,-0.0114704,-0.999934,-0.199714,0.4,0,0,DISABLED,0
13.5802,4.32728,-0.216495,0,0.0158411,0.729644,0.0158749,0.0010666,-0.00216672,-0.999997,-0.199235,0.4,0,0,DISABLED,0
13.6002,4.33445,-0.215074,0,0.0130713,0.728768,0.0131384,-0.00170318,0.000165489,-0.999999,-0.198681,0.4,0,0,DISABLED,0
13.6202,4.34158,-0.214059,0,0.0086943,0.728634,0.009161,-0.00608018,-0.00403887,-0.999973,-0.194617,0.4,0,0,DISABLED,0
13.6402,4.34855,-0.212877,0,0.00459899,0.729036,0.00524761,-0.0101755,-0.00367021,-0.999941,-0.190026,0.4,0,0,DISABLED,0
13.6602,4.35639,-0.211808,0,-0.000241824,0.729861,0.00340049,-0.0150163,0.00225056,-0.999885,-0.186856,0.4,0,0,DISABLED,0
13.6802,4.36338,-0.211395,0,-0.00391081,0.730436,0.0091805,-0.0186853,0.00715677,-0.9998,-0.185429,0.4,0,0,DISABLED,0
13.7002,4.37016,-0.211285,0,-0.00492058,0.730638,0.0115291,-0.0196951,0.00927186,-0.999763,-0.184111,0.4,0,0,DISABLED,0
13.7202,4.37619,-0.211224,0,-0.00492415,0.730745,0.0123865,-0.0196986,0.0102163,-0.999754,-0.184067,0.4,0,0,DISABLED,0
13.7402,4.38345,-0.2113,0,-0.00431598,0.731117,0.0131656,-0.0190905,0.0112887,-0.999754,-0.183706,0.4,0,0,DISABLED,0
13.7602,4.38984,-0.211569,0,-0.00299258,0.731696,0.0139696,-0.0177671,0.0124964,-0.999764,-0.184263,0.4,0,0,DISABLED,0
13.7802,4.39544,-0.211934,0,-0.00139783,0.732293,0.0155831,-0.0161723,0.0143697,-0.999766,-0.185398,0.4,0,0,DISABLED,0
13.8002,4.40152,-0.212522,0,0.000595335,0.732848,0.0185838,-0.0141791,0.017424,-0.999748,-0.185704,0.4,0,0,DISABLED,0
13.8202,4.4075,-0.213378,0,0.0020459,0.733089,0.0211577,-0.0127286,0.0199125,-0.999721,-0.184939,0.4,0,0,DISABLED,0
13.8402,4.41341,-0.214471,0,0.00230162,0.732973,0.0223363,-0.0124729,0.0210713,-0.9997,-0.184615,0.4,0,0,DISABLED,0
13.8602,4.41911,-0.215757,0,0.00185621,0.732551,0.0216671,-0.0129183,0.0204431,-0.999708,-0.185713,0.4,0,0,DISABLED,0
13.8802,4.42458,-0.217276,0,0.00104382,0.731873,0.0188292,-0.0137307,0.0176538,-0.99975,-0.186348,0.4,0,0,DISABLED,0
13.9002,4.42983,-0.218871,0,0.000199026,0.731094,0.0144396,-0.0145755,0.0132907,-0.999805,-0.188444,0.4,0,0,DISABLED,0
13.9202,4.43548,-0.220511,0,-0.00276237,0.730926,0.0129786,-0.0175368,0.0115318,-0.99978,-0.188759,0.4,0,0,DISABLED,0
13.9402,4.44144,-0.222005,0,-0.00542072,0.731131,0.0107145,-0.0201952,0.00809065,-0.999763,-0.192511,0.4,0,0,DISABLED,0
13.9602,4.44792,-0.223241,0,-0.00739113,0.731439,0.00934778,-0.0221656,0.00456198,-0.999744,-0.196995,0.4,0,0,DISABLED,0
13.9802,4.45337,-0.224175,0,-0.00860334,0.731883,0.00866616,-0.0233778,-6.87893e-05,-0.999727,-0.198826,0.4,0,0,DISABLED,0
14.0002,4.46134,-0.225478,0,-0.00758101,0.73272,0.0086799,-0.0223555,-0.00535834,-0.999736,-0.199373,0.4,0,0,DISABLED,0
14.0202,4.46756,-0.226288,0,-0.00413184,0.733359,0.00910225,-0.0189063,-0.009256,-0.999778,-0.199971,0.4,0,0,DISABLED,0
14.0402,4.47309,-0.226838,0,-0.00082568,0.733815,0.0104154,-0.0156002,-0.0115283,-0.999812,-0.199397,0.4,0,0,DISABLED,0
14.0602,4.47811,-0.227194,0,0.00140584,0.734075,0.0129188,-0.0133686,-0.0139906,-0.999813,-0.199701,0.4,0,0,DISABLED,0
14.0802,4.48707,-0.227471,0,0.00423149,0.734003,0.017784,-0.010543,-0.0184213,-0.999775,-0.200881,0.4,0,0,DISABLED,0
14.1002,4.49283,-0.227415,0,0.00667788,0.733537,0.0206645,-0.0080966,-0.0206999,-0.999753,-0.201673,0.4,0,0,DISABLED,0
14.1202,4.49921,-0.227017,0,0.00986139,0.732678,0.021543,-0.00491309,-0.0203004,-0.999782,-0.201962,0.4,0,0,DISABLED,0
14.1402,4.50568,-0.22615,0,0.0127291,0.731676,0.0208397,-0.00204535,-0.0176491,-0.999842,-0.20285,0.4,0,0,DISABLED,0
14.1602,4.51237,-0.224792,0,0.0151338,0.730664,0.0178809,0.000359286,-0.0106671,-0.999943,-0.203875,0.4,0,0,DISABLED,0
14.1802,4.51853,-0.223223,0,0.0158056,0.729632,0.0158147,0.00103114,-0.00169852,-0.999998,-0.203537,0.4,0,0,DISABLED,0
14.2002,4.52564,-0.221742,0,0.0138587,0.728769,0.0138711,-0.000915822,-0.000580765,-0.999999,-0.203027,0.4,0,0,DISABLED,0
14.2202,4.53273,-0.220727,0,0.0100774,0.72868,0.0111185,-0.00469709,-0.0058459,-0.999972,-0.199069,0.4,0,0,DISABLED,0
14.2402,4.54123,-0.219304,0,0.00530209,0.729183,0.0071346,-0.00947239,-0.0059267,-0.999938,-0.193012,0.4,0,0,DISABLED,0
14.2603,4.54776,-0.218368,0,2.91057e-05,0.729777,0.00059802,-0.0147454,-0.0004944,-0.999891,-0.190847,0.4,0,0,DISABLED,0
14.2803,4.55489,-0.217799,0,-0.00384332,0.730298,0.00717625,-0.0186178,0.00490847,-0.999815,-0.189608,0.4,0,0,DISABLED,0
14.3003,4.56171,-0.217618,0,-0.00502142,0.730454,0.0103465,-0.0197959,0.00789845,-0.999773,-0.188042,0.4,0,0,DISABLED,0
14.3203,4.56839,-0.217563,0,-0.0047955,0.73051,0.0112993,-0.01957,0.0090787,-0.999767,-0.18781,0.4,0,0,DISABLED,0
14.3403,4.57504,-0.217651,0,-0.00418477,0.730804,0.0118754,-0.0189592,0.00996698,-0.999771,-0.187915,0.4,0,0,DISABLED,0
14.3603,4.58153,-0.217969,0,-0.00296756,0.731348,0.0129511,-0.017742,0.0114569,-0.999777,-0.187131,0.4,0,0,DISABLED,0
14.3803,4.58787,-0.218443,0,-0.00126942,0.731983,0.0151132,-0.0160439,0.0139112,-0.999775,-0.187396,0.4,0,0,DISABLED,0
14.4003,4.59409,-0.219069,0,0.000613138,0.732509,0.0182145,-0.0141613,0.0170554,-0.999754,-0.188113,0.4,0,0,DISABLED,0
14.4203,4.60017,-0.219971,0,0.0021317,0.732732,0.020914,-0.0126428,0.0196588,-0.999727,-0.187507,0.4,0,0,DISABLED,0
14.4403,4.60615,-0.221145,0,0.00252454,0.732607,0.0222266,-0.0122499,0.0209355,-0.999706,-0.187167,0.4,0,0,DISABLED,0
14.4603,4.61261,-0.222682,0,0.00165244,0.732198,0.02224,-0.013122,0.0210329,-0.999693,-0.187284,0.4,0,0,DISABLED,0
14.4803,4.61811,-0.224318,0,0.00110522,0.73153,0.0183157,-0.0136693,0.0171319,-0.99976,-0.189164,0.4,0,0,DISABLED,0
14.5003,4.62301,-0.225838,0,0.000119328,0.730924,0.0152193,-0.0146552,0.0140731,-0.999794,-0.190947,0.4,0,0,DISABLED,0
14.5203,4.62883,-0.227621,0,-0.00271117,0.730721,0.0130016,-0.0174856,0.0115708,-0.99978,-0.192357,0.4,0,0,DISABLED,0
14.5403,4.63495,-0.229109,0,-0.00492371,0.730891,0.0105688,-0.0196982,0.00820621,-0.999772,-0.197218,0.4,0,0,DISABLED,0
14.5603,4.63956,-0.229955,0,-0.00656228,0.731079,0.00914798,-0.0213368,0.00521681,-0.999759,-0.201102,0.4,0,0,DISABLED,0
14.5803,4.64853,-0.231468,0,-0.00733972,0.731815,0.00753285,-0.0221142,0.000546379,-0.999755,-0.202108,0.4,0,0,DISABLED,0
14.6003,4.65521,-0.232507,0,-0.00599722,0.732505,0.00703364,-0.0207717,-0.00482423,-0.999773,-0.202297,0.4,0,0,DISABLED,0
14.6203,4.66089,-0.233219,0,-0.00293789,0.733082,0.00785057,-0.0177124,-0.00843152,-0.999808,-0.202469,0.4,0,0,DISABLED,0
14.6403,4.66846,-0.233884,0,0.000649888,0.733666,0.0106363,-0.0141246,-0.0117652,-0.999831,-0.202329,0.4,0,0,DISABLED,0
14.6603,4.67488,-0.23423,0,0.00323646,0.733867,0.0148265,-0.011538,-0.015618,-0.999811,-0.202508,0.4,0,0,DISABLED,0
14.6803,4.68001,-0.234333,0,0.00511356,0.733777,0.0180765,-0.00966092,-0.0184825,-0.999783,-0.202914,0.4,0,0,DISABLED,0
14.7003,4.68579,-0.234208,0,0.00780501,0.733361,0.0211267,-0.00696947,-0.020777,-0.99976,-0.204071,0.4,0,0,DISABLED,0
14.7203,4.69359,-0.233659,0,0.0109254,0.732403,0.0225118,-0.00384906,-0.0208289,-0.999776,-0.205142,0.4,0,0,DISABLED,0
14.7403,4.69882,-0.232963,0,0.0133903,0.731601,0.0220165,-0.00138418,-0.0186256,-0.999826,-0.205803,0.4,0,0,DISABLED,0
14.7603,4.70692,-0.231327,0,0.0158941,0.730426,0.0186702,0.00111965,-0.0109442,-0.99994,-0.206603,0.4,0,0,DISABLED,0
14.7803,4.71388,-0.229532,0,0.0162703,0.729305,0.01629,0.00149587,-0.00192003,-0.999997,-0.206302,0.4,0,0,DISABLED,0
14.8003,4.71889,-0.228482,0,0.0134807,0.72871,0.0135273,-0.00129376,-0.00226561,-0.999997,-0.204393,0.4,0,0,DISABLED,0
14.8203,4.7281,-0.227058,0,0.01131,0.728612,0.0120251,-0.00346444,-0.00523774,-0.99998,-0.201986,0.4,0,0,DISABLED,0
14.8403,4.73517,-0.22578,0,0.00639972,0.729079,0.00750908,-0.00837476,-0.00507066,-0.999952,-0.195032,0.4,0,0,DISABLED,0
14.8603,4.74244,-0.224741,0,0.00167529,0.729795,0.00253718,-0.0130992,0.000773443,-0.999914,-0.193098,0.4,0,0,DISABLED,0
14.8803,4.7496,-0.224229,0,-0.0015117,0.730344,0.0071346,-0.0162862,0.00582878,-0.99985,-0.192829,0.4,0,0,DISABLED,0
14.9003,4.75647,-0.224071,0,-0.00265003,0.730515,0.0107976,-0.0174245,0.00932107,-0.999805,-0.191552,0.4,0,0,DISABLED,0
14.9203,4.76322,-0.223981,0,-0.00241966,0.730578,0.0121091,-0.0171941,0.0107206,-0.999795,-0.191022,0.4,0,0,DISABLED,0
14.9403,4.7699,-0.223996,0,-0.00184736,0.730867,0.0131837,-0.0166218,0.0119031,-0.999791,-0.191126,0.4,0,0,DISABLED,0
14.9603,4.7764,-0.224189,0,-0.00108996,0.73141,0.0142609,-0.0158644,0.0130697,-0.999789,-0.191032,0.4,0,0,DISABLED,0
14.9803,4.78274,-0.224556,0,0.000993652,0.732026,0.0179375,-0.0137808,0.0167612,-0.999765,-0.190484,0.4,0,0,DISABLED,0
15.0003,4.78897,-0.2251,0,0.00265818,0.732493,0.0209054,-0.0121163,0.0195851,-0.999735,-0.191317,0.4,0,0,DISABLED,0
15.0203,4.79505,-0.225952,0,0.0040482,0.732643,0.0230197,-0.0107263,0.0215154,-0.999711,-0.190828,0.4,0,0,DISABLED,0
15.0403,4.80103,-0.22707,0,0.00430417,0.732516,0.023879,-0.0104703,0.0223414,-0.999696,-0.190712,0.4,0,0,DISABLED,0
15.0603,4.80744,-0.228543,0,0.00341345,0.732163,0.023354,-0.011361,0.0219563,-0.999694,-0.191731,0.4,0,0,DISABLED,0
15.0803,4.81249,-0.229946,0,0.00247006,0.731681,0.0208426,-0.0123044,0.0195485,-0.999733,-0.192348,0.4,0,0,DISABLED,0
15.1003,4.81732,-0.231409,0,0.00169419,0.731044,0.0166089,-0.0130803,0.0153712,-0.999796,-0.194769,0.4,0,0,DISABLED,0
15.1203,4.82433,-0.233352,0,-0.00183413,0.730804,0.0150658,-0.0166086,0.0138053,-0.999767,-0.196451,0.4,0,0,DISABLED,0
15.1403,4.82961,-0.234748,0,-0.00374967,0.730931,0.012212,-0.0185241,0.0104745,-0.999774,-0.199603,0.4,0,0,DISABLED,0
15.1603,4.8361,-0.235984,0,-0.00559637,0.731198,0.010184,-0.0203708,0.00735891,-0.999765,-0.205623,0.4,0,0,DISABLED,0
15.1803,4.84366,-0.237332,0,-0.00720571,0.731826,0.0086317,-0.0219802,0.00359225,-0.999752,-0.207626,0.4,0,0,DISABLED,0
15.2003,4.84956,-0.238384,0,-0.00645198,0.732485,0.00646859,-0.0212265,-0.00155095,-0.999774,-0.20814,0.4,0,0,DISABLED,0
15.2203,4.85455,-0.239169,0,-0.00423222,0.733051,0.00597023,-0.0190067,-0.00536745,-0.999805,-0.208725,0.4,0,0,DISABLED,0
15.2403,4.86069,-0.239971,0,-0.00120527,0.733634,0.00754866,-0.0159798,-0.00860089,-0.999835,-0.20764,0.4,0,0,DISABLED,0
15.2603,4.8682,-0.240661,0,0.00149768,0.733976,0.0119205,-0.0132768,-0.0129728,-0.999828,-0.208358,0.4,0,0,DISABLED,0
15.2803,4.87454,-0.241012,0,0.00346717,0.733858,0.0157354,-0.0113073,-0.0164948,-0.9998,-0.209126,0.4,0,0,DISABLED,0
15.3003,4.88084,-0.241108,0,0.00601451,0.73336,0.0185164,-0.00875997,-0.0186615,-0.999788,-0.209725,0.4,0,0,DISABLED,0
15.3203,4.88711,-0.240884,0,0.0092402,0.732582,0.0197832,-0.00553428,-0.0186405,-0.999811,-0.210148,0.4,0,0,DISABLED,0
15.3403,4.89346,-0.240209,0,0.0124844,0.731661,0.0192022,-0.00229011,-0.0157378,-0.999874,-0.211167,0.4,0,0,DISABLED,0
15.3603,4.89932,-0.239162,0,0.0146822,0.730782,0.0172567,-9.22339e-05,-0.0102104,-0.999948,-0.212089,0.4,0,0,DISABLED,0
15.3803,4.90676,-0.237413,0,0.0154093,0.729588,0.0154178,0.000634862,-0.000581093,-1,-0.212319,0.4,0,0,DISABLED,0
15.4003,4.9123,-0.236274,0,0.0139731,0.728798,0.01424,-0.000801419,0.00158815,-0.999998,-0.212376,0.4,0,0,DISABLED,0
15.4203,4.92078,-0.235298,0,0.00843748,0.728579,0.0090563,-0.006337,-0.00443372,-0.99997,-0.205942,0.4,0,0,DISABLED,0
15.4403,4.92844,-0.234072,0,0.00302913,0.729054,0.00408526,-0.0117453,-0.00388959,-0.999923,-0.201131,0.4,0,0,DISABLED,0
15.4603,4.93337,-0.233338,0,-0.00116209,0.72953,0.00185932,-0.0159366,0.000303301,-0.999873,-0.199571,0.4,0,0,DISABLED,0
15.4803,4.94166,-0.232682,0,-0.00528751,0.730224,0.00899024,-0.020062,0.00612519,-0.99978,-0.197046,0.4,0,0,DISABLED,0
15.5003,4.94827,-0.2326,0,-0.00627988,0.730423,0.0114877,-0.0210544,0.00846898,-0.999742,-0.195618,0.4,0,0,DISABLED,0
15.5203,4.9548,-0.232698,0,-0.00578813,0.730453,0.0118453,-0.0205626,0.0091861,-0.999746,-0.195202,0.4,0,0,DISABLED,0
15.5403,4.96203,-0.233048,0,-0.00486736,0.730714,0.011805,-0.0196418,0.00960588,-0.999761,-0.194952,0.4,0,0,DISABLED,0
15.5603,4.96787,-0.233618,0,-0.00384052,0.731167,0.0117797,-0.018615,0.0099848,-0.999777,-0.195453,0.4,0,0,DISABLED,0
15.5803,4.97297,-0.234288,0,-0.00245392,0.731659,0.0126766,-0.0172284,0.011286,-0.999788,-0.195937,0.4,0,0,DISABLED,0
15.6003,4.97923,-0.235295,0,-0.000479405,0.732264,0.0154988,-0.0152539,0.0143413,-0.999781,-0.195645,0.4,0,0,DISABLED,0
15.6203,4.98663,-0.236727,0,0.0014834,0.732673,0.0188893,-0.0132911,0.0176817,-0.999755,-0.195496,0.4,0,0,DISABLED,0
15.6403,4.9927,-0.238197,0,0.00240404,0.732598,0.0203682,-0.0123704,0.0190777,-0.999741,-0.19516,0.4,0,0,DISABLED,0
15.6603,4.99863,-0.239883,0,0.00242266,0.732207,0.0199274,-0.0123518,0.0186299,-0.99975,-0.195747,0.4,0,0,DISABLED,0
15.6803,5.0043,-0.241813,0,0.00229815,0.7315,0.0166913,-0.0124763,0.0153841,-0.999804,-0.197207,0.4,0,0,DISABLED,0
15.7003,5.0099,-0.243835,0,0.00157115,0.730669,0.0128029,-0.0132033,0.0115589,-0.999846,-0.199826,0.4,0,0,DISABLED,0
15.7203,5.01594,-0.245888,0,-0.00135711,0.730439,0.0113046,-0.0161316,0.0100777,-0.999819,-0.202423,0.4,0,0,DISABLED,0
15.7403,5.02215,-0.247805,0,-0.0033019,0.73064,0.00897697,-0.0180764,0.00719998,-0.999811,-0.20624,0.4,0,0,DISABLED,0
15.7603,5.02899,-0.249436,0,-0.00524418,0.730971,0.00705901,-0.0200187,0.00357484,-0.999793,-0.211999,0.4,0,0,DISABLED,0
15.7803,5.03606,-0.251045,0,-0.00632831,0.731574,0.00633827,-0.0211028,-0.00154459,-0.999776,-0.213145,0.4,0,0,DISABLED,0
15.8003,5.04277,-0.252488,0,-0.00476898,0.732272,0.00766619,-0.0195435,-0.00714537,-0.999783,-0.212903,0.4,0,0,DISABLED,0
15.8203,5.04911,-0.253593,0,-0.00121128,0.732918,0.0102714,-0.0159858,-0.0113452,-0.999808,-0.212814,0.4,0,0,DISABLED,0
15.8403,5.05543,-0.254422,0,0.00213771,0.733416,0.0137329,-0.0126368,-0.0147128,-0.999812,-0.212473,0.4,0,0,DISABLED,0
15.8603,5.06181,-0.255035,0,0.00477281,0.733663,0.0178576,-0.0100017,-0.0183511,-0.999782,-0.212385,0.4,0,0,DISABLED,0
15.8803,5.06821,-0.255389,0,0.00740747,0.733549,0.022011,-0.00736701,-0.0218721,-0.999734,-0.212837,0.4,0,0,DISABLED,0
15.9003,5.07461,-0.255441,0,0.0104297,0.733068,0.0254265,-0.00434473,-0.0243362,-0.999694,-0.213528,0.4,0,0,DISABLED,0
15.9203,5.0817,-0.254995,0,0.0141644,0.732204,0.0266781,-0.000610043,-0.0237548,-0.999718,-0.214602,0.4,0,0,DISABLED,0
15.9403,5.08764,-0.25419,0,0.0167647,0.731425,0.0254429,0.0019902,-0.0202839,-0.999792,-0.21548,0.4,0,0,DISABLED,0
15.9603,5.09447,-0.252831,0,0.0184197,0.730599,0.0220975,0.00364522,-0.0133564,-0.999904,-0.21608,0.4,0,0,DISABLED,0
15.9803,5.10147,-0.251099,0,0.0186265,0.729618,0.0188514,0.00385198,-0.00404716,-0.999984,-0.215417,0.4,0,0,DISABLED,0
16.0003,5.10865,-0.249721,0,0.0161757,0.728783,0.0162277,0.00140119,-0.00245733,-0.999996,-0.214172,0.4,0,0,DISABLED,0
16.0203,5.1158,-0.248745,0,0.0121399,0.728702,0.0133097,-0.00263458,-0.00660498,-0.999975,-0.210355,0.4,0,0,DISABLED,0
16.0403,5.1229,-0.247643,0,0.007892,0.729132,0.0090563,-0.00688248,-0.00558031,-0.999961,-0.206629,0.4,0,0,DISABLED,0
16.0603,5.13015,-0.246801,0,0.00301465,0.729816,0.00322044,-0.0117598,2.66521e-06,-0.999931,-0.204386,0.4,0,0,DISABLED,0
16.0803,5.13725,-0.246446,0,-0.000349228,0.730332,0.00623397,-0.0151237,0.00507153,-0.999873,-0.203327,0.4,0,0,DISABLED,0
16.1003,5.14409,-0.246421,0,-0.00135734,0.730473,0.00884318,-0.0161318,0.00759306,-0.999841,-0.202445,0.4,0,0,DISABLED,0
16.1203,5.15084,-0.246494,0,-0.00130626,0.730513,0.0100544,-0.0160807,0.00881697,-0.999832,-0.201786,0.4,0,0,DISABLED,0
16.1403,5.1582,-0.246754,0,-0.000902548,0.730831,0.0111506,-0.015677,0.0099635,-0.999827,-0.201961,0.4,0,0,DISABLED,0
16.1603,5.16405,-0.247174,0,-6.11413e-06,0.731308,0.01253,-0.0147806,0.0113836,-0.999826,-0.202239,0.4,0,0,DISABLED,0
16.1803,5.17038,-0.2478,0,0.00153333,0.731924,0.0152897,-0.0132411,0.0140629,-0.999813,-0.202929,0.4,0,0,DISABLED,0
16.2003,5.17655,-0.248616,0,0.00323811,0.732418,0.0186862,-0.0115364,0.0172544,-0.999785,-0.203626,0.4,0,0,DISABLED,0
16.2203,5.18258,-0.249744,0,0.00451235,0.732598,0.0213121,-0.0102621,0.0196803,-0.999754,-0.202533,0.4,0,0,DISABLED,0
16.2403,5.18853,-0.251123,0,0.00461889,0.73246,0.0222186,-0.0101556,0.0205834,-0.999737,-0.202352,0.4,0,0,DISABLED,0
16.2603,5.19433,-0.252688,0,0.003761,0.732106,0.0217221,-0.0110135,0.0202442,-0.999734,-0.20309,0.4,0,0,DISABLED,0
16.2803,5.19988,-0.25447,0,0.002719,0.731523,0.018555,-0.0120555,0.0172068,-0.999779,-0.204152,0.4,0,0,DISABLED,0
16.3003,5.20585,-0.256474,0,0.00110068,0.730818,0.0143526,-0.0136738,0.0131611,-0.99982,-0.207215,0.4,0,0,DISABLED,0
16.3203,5.21043,-0.258048,0,-0.00187598,0.730708,0.0122315,-0.0166505,0.0109396,-0.999802,-0.208462,0.4,0,0,DISABLED,0
16.3403,5.21585,-0.259658,0,-0.00375798,0.730923,0.0102656,-0.0185325,0.00840771,-0.999793,-0.211971,0.4,0,0,DISABLED,0
16.3603,5.22363,-0.261474,0,-0.00572851,0.731315,0.00782015,-0.020503,0.0041715,-0.999781,-0.21812,0.4,0,0,DISABLED,0
16.3803,5.2298,-0.262752,0,-0.00650857,0.731839,0.00673051,-0.021283,0.000529616,-0.999773,-0.219462,0.4,0,0,DISABLED,0
16.4003,5.23714,-0.264212,0,-0.00528769,0.732603,0.00718456,-0.0200622,-0.00601583,-0.999781,-0.2193,0.4,0,0,DISABLED,0
16.4203,5.24339,-0.265252,0,-0.00171431,0.733254,0.00891033,-0.0164888,-0.00989274,-0.999815,-0.219038,0.4,0,0,DISABLED,0
16.4403,5.24961,-0.266083,0,0.00167621,0.733771,0.0119455,-0.0130983,-0.0129699,-0.99983,-0.218649,0.4,0,0,DISABLED,0
16.4603,5.25591,-0.266713,0,0.00418605,0.734046,0.0159162,-0.0105884,-0.0165001,-0.999808,-0.218477,0.4,0,0,DISABLED,0
16.4803,5.26159,-0.26706,0,0.00654608,0.734003,0.0200437,-0.0082284,-0.0200885,-0.999764,-0.218886,0.4,0,0,DISABLED,0
16.5003,5.26913,-0.267164,0,0.00956916,0.733454,0.0233999,-0.00520532,-0.0224987,-0.999733,-0.219397,0.4,0,0,DISABLED,0
16.5203,5.27482,-0.266883,0,0.0123644,0.73275,0.0244513,-0.00241004,-0.0222412,-0.99975,-0.219972,0.4,0,0,DISABLED,0
16.5403,5.28125,-0.266104,0,0.0152495,0.731835,0.0234075,0.00047505,-0.0189048,-0.999821,-0.220802,0.4,0,0,DISABLED,0
16.5603,5.28791,-0.26481,0,0.0169442,0.73092,0.0201208,0.00216973,-0.0119987,-0.999926,-0.221419,0.4,0,0,DISABLED,0
16.5803,5.29476,-0.263134,0,0.0170661,0.729812,0.0171527,0.0022916,-0.00286839,-0.999993,-0.221222,0.4,0,0,DISABLED,0
16.6003,5.30181,-0.261822,0,0.0143515,0.72893,0.0143651,-0.000422945,-0.0017712,-0.999998,-0.220374,0.4,0,0,DISABLED,0
16.6203,5.30948,-0.260809,0,0.00981978,0.728835,0.0111773,-0.0049547,-0.00648912,-0.999967,-0.21581,0.4,0,0,DISABLED,0
16.6403,5.31649,-0.259747,0,0.00501425,0.729273,0.00636642,-0.00976023,-0.00507661,-0.99994,-0.212686,0.4,0,0,DISABLED,0
16.6603,5.32293,-0.259038,0,0.000251484,0.729849,0.0010358,-0.014523,-8.59443e-05,-0.999895,-0.211,0.4,0,0,DISABLED,0
16.6803,5.32991,-0.25874,0,-0.0031843,0.730327,0.00720113,-0.0179588,0.00531223,-0.999825,-0.209145,0.4,0,0,DISABLED,0
16.7003,5.3353,-0.258792,0,-0.00403148,0.730446,0.00937325,-0.018806,0.00731617,-0.999796,-0.208179,0.4,0,0,DISABLED,0
16.7203,5.3413,-0.258983,0,-0.00359399,0.730426,0.0101311,-0.0183685,0.00832561,-0.999797,-0.206741,0.4,0,0,DISABLED,0
16.7403,5.3507,-0.259539,0,-0.00274344,0.730661,0.0103465,-0.0175179,0.0088252,-0.999808,-0.205566,0.4,0,0,DISABLED,0
16.7603,5.35669,-0.260141,0,-0.00184171,0.731081,0.0106363,-0.0166162,0.00932411,-0.999818,-0.206038,0.4,0,0,DISABLED,0
16.7803,5.36385,-0.261103,0,-0.000187967,0.731742,0.0127189,-0.0149624,0.0115706,-0.999821,-0.20599,0.4,0,0,DISABLED,0
16.8003,5.36958,-0.262012,0,0.00144522,0.732226,0.0156442,-0.0133293,0.0144298,-0.999807,-0.206669,0.4,0,0,DISABLED,0
16.8203,5.3758,-0.263271,0,0.00313224,0.732481,0.0187085,-0.0116422,0.0172971,-0.999783,-0.206249,0.4,0,0,DISABLED,0
16.8403,5.3819,-0.264827,0,0.00381724,0.732367,0.0200318,-0.0109572,0.0185181,-0.999768,-0.205729,0.4,0,0,DISABLED,0
16.8603,5.38671,-0.266238,0,0.00345437,0.732063,0.0196351,-0.0113201,0.0181798,-0.999771,-0.206165,0.4,0,0,DISABLED,0
16.8803,5.39369,-0.268586,0,0.00260255,0.731325,0.0166018,-0.0121719,0.0152508,-0.99981,-0.207484,0.4,0,0,DISABLED,0
16.9003,5.3994,-0.270632,0,0.00124895,0.730613,0.0129234,-0.0135255,0.0117165,-0.99984,-0.209785,0.4,0,0,DISABLED,0
16.9203,5.40544,-0.272708,0,-0.00166895,0.73046,0.0114669,-0.0164434,0.0101963,-0.999813,-0.21148,0.4,0,0,DISABLED,0
16.9403,5.41241,-0.274727,0,-0.00430575,0.730787,0.00906288,-0.0190802,0.00682575,-0.999795,-0.217918,0.4,0,0,DISABLED,0
16.9603,5.41914,-0.276416,0,-0.00571528,0.731207,0.00730794,-0.0204898,0.00339715,-0.999784,-0.221194,0.4,0,0,DISABLED,0
16.9803,5.42541,-0.277948,0,-0.00640194,0.73179,0.00643162,-0.0211764,-0.00174859,-0.999774,-0.221952,0.4,0,0,DISABLED,0
17.0003,5.43208,-0.279522,0,-0.00501967,0.732515,0.00751701,-0.0197941,-0.00673989,-0.999781,-0.221701,0.4,0,0,DISABLED,0
