t,drift_x,drift_y,lean,dpitch,base_z,tilt_rad,gx,gy,gz,yaw_delta,cmd_vx,cmd_vy,cmd_yaw,meta_selected,meta_safety_hold
0.0199962,0,0,0,0,0.732804,0,-0.0200383,-0.00315292,-0.999794,0,0.4,0,0,DISABLED,0
0.0399961,1.58669e-05,7.49715e-08,0,-6.46897e-06,0.7328,0,-0.0200448,-0.00315743,-0.999794,2.39746e-06,0.4,0,0,DISABLED,0
0.0599961,0.000114691,1.49803e-06,0,-0.000170384,0.732784,0,-0.0202087,-0.00317071,-0.999791,1.09351e-05,0.4,0,0,DISABLED,0
0.0799961,0.000495733,-2.62866e-05,0,-0.000975884,0.732757,0.000913491,-0.0210142,-0.00326902,-0.999774,1.08086e-05,0.4,0,0,DISABLED,0
0.0999961,0.000724924,-4.88157e-05,0,-0.0023223,0.732748,0.00234172,-0.0223606,-0.0033477,-0.999744,-1.89847e-05,0.4,0,0,DISABLED,0
0.119996,0.0018551,6.63865e-05,0,-0.00275962,0.732767,0.00278363,-0.0227979,-0.0027998,-0.999736,-5.87571e-05,0.4,0,0,DISABLED,0
0.139996,0.00274205,0.00070062,0,-0.00194899,0.732816,0.0046451,-0.0219873,0.00106576,-0.999758,-0.00035628,0.4,0,0,DISABLED,0
0.159996,0.00394594,0.00170569,0,-0.00150543,0.732835,0.00721766,-0.0215438,0.00390383,-0.99976,-0.00119439,0.4,0,0,DISABLED,0
0.179996,0.00560268,0.00290736,0,-0.00222418,0.732936,0.0071095,-0.0222625,0.00360697,-0.999746,-0.00262633,0.4,0,0,DISABLED,0
0.199996,0.00752498,0.00445071,0,-0.00324284,0.733037,0.00563114,-0.0232812,0.00146058,-0.999728,-0.00340029,0.4,0,0,DISABLED,0
0.219996,0.00989824,0.00657904,0,-0.00416054,0.733052,0.00473407,-0.0241989,-0.000907876,-0.999707,-0.00407183,0.4,0,0,DISABLED,0
0.239996,0.0118919,0.00853594,0,-0.00411372,0.733035,0.00414321,-0.024152,-0.00259334,-0.999705,-0.00339945,0.4,0,0,DISABLED,0
0.259996,0.014363,0.0109094,0,-0.00384838,0.733047,0.00401164,-0.0238867,-0.00426866,-0.999706,-0.00260957,0.4,0,0,DISABLED,0
0.279996,0.0171141,0.0134407,0,-0.00333634,0.733067,0.00438095,-0.0233747,-0.00597679,-0.999709,-0.00136252,0.4,0,0,DISABLED,0
0.299996,0.0204933,0.0164269,0,-0.00254114,0.733054,0.0053377,-0.0225795,-0.0078466,-0.999714,-0.00103582,0.4,0,0,DISABLED,0
0.319996,0.0239315,0.0193534,0,-0.0016908,0.732966,0.0062721,-0.0217291,-0.0091882,-0.999722,-0.00087221,0.4,0,0,DISABLED,0
0.339996,0.0276386,0.0225309,0,-0.00012804,0.732742,0.00664136,-0.0201664,-0.00979701,-0.999749,-0.000869066,0.4,0,0,DISABLED,0
0.359996,0.0312214,0.0255516,0,0.00171474,0.732319,0.00620522,-0.0183236,-0.00911817,-0.999791,-0.000512097,0.4,0,0,DISABLED,0
0.379996,0.0353968,0.0291131,0,0.00392171,0.731301,0.00480902,-0.0161166,-0.00594923,-0.999852,0.0017264,0.4,0,0,DISABLED,0
0.399996,0.0379974,0.031239,0,0.00460605,0.730539,0.00558864,-0.0154323,-0.0063109,-0.999861,0.00246342,0.4,0,0,DISABLED,0
0.419996,0.0445173,0.0352315,0,0.00395704,0.729988,0.0173806,-0.0160813,-0.0200766,-0.999669,0.00215107,0.4,0,0,DISABLED,0
0.439996,0.0491999,0.0384275,0,0.00338193,0.730357,0.0150024,-0.0166564,-0.0177662,-0.999703,0.00571665,0.4,0,0,DISABLED,0
0.459996,0.0543801,0.0414654,0,0.000666654,0.730946,0.00608886,-0.0193717,-0.00920113,-0.99977,0.0107307,0.4,0,0,DISABLED,0
0.479996,0.0595524,0.0440612,0,-0.00147648,0.731314,0.00169146,-0.0215148,-0.00398728,-0.999761,0.0141751,0.4,0,0,DISABLED,0
0.499996,0.0634874,0.0457806,0,-0.00174418,0.73142,0.00189111,-0.0217825,-0.00240187,-0.99976,0.0163678,0.4,0,0,DISABLED,0
0.519996,0.0683869,0.0475764,0,-0.00162715,0.731497,0.0029901,-0.0216655,-0.000638188,-0.999765,0.0183918,0.4,0,0,DISABLED,0
0.539996,0.0750941,0.0492838,0,-0.00236026,0.731592,0.00636642,-0.0223986,0.00276433,-0.999745,0.0209304,0.4,0,0,DISABLED,0
0.559996,0.0789123,0.0498567,0,-0.00315943,0.731616,0.00822868,-0.0231978,0.00444364,-0.999721,0.0213551,0.4,0,0,DISABLED,0
0.579996,0.0857117,0.0502515,0,-0.00402864,0.731554,0.0111292,-0.024067,0.00722444,-0.999684,0.0228038,0.4,0,0,DISABLED,0
0.599996,0.0910193,0.0501381,0,-0.00398419,0.731394,0.0122995,-0.0240225,0.0084812,-0.999675,0.0233124,0.4,0,0,DISABLED,0
0.619996,0.0977337,0.0496152,0,-0.00270823,0.731073,0.0129142,-0.0227466,0.00947333,-0.999696,0.0236364,0.4,0,0,DISABLED,0
0.639996,0.104097,0.0488806,0,-0.00101732,0.7307,0.0134699,-0.0210557,0.0102814,-0.999725,0.0236482,0.4,0,0,DISABLED,0
0.659996,0.11071,0.0480407,0,0.00123925,0.730248,0.0145792,-0.0187991,0.011373,-0.999759,0.0235453,0.4,0,0,DISABLED,0
0.679996,0.11748,0.0471585,0,0.00347002,0.729611,0.0148907,-0.0165683,0.0113306,-0.999799,0.0226725,0.4,0,0,DISABLED,0
0.699996,0.124284,0.0460024,0,0.00489087,0.728682,0.0127703,-0.0151475,0.00864386,-0.999848,0.0209661,0.4,0,0,DISABLED,0
0.719995,0.131118,0.0451143,0,0.0038072,0.728695,0.0159872,-0.0162311,0.0123768,-0.999792,0.017537,0.4,0,0,DISABLED,0
0.739995,0.137827,0.0439436,0,0.00156489,0.729417,0.0174934,-0.0184734,0.0142707,-0.999727,0.0119154,0.4,0,0,DISABLED,0
0.759995,0.144757,0.042346,0,-0.00163158,0.730106,0.014758,-0.0216699,0.0115133,-0.999699,0.00678764,0.4,0,0,DISABLED,0
0.779995,0.151861,0.040754,0,-0.00397478,0.730781,0.0105575,-0.0240131,0.00662844,-0.99969,0.00354705,0.4,0,0,DISABLED,0
0.799995,0.158948,0.0396455,0,-0.00455588,0.731105,0.00751701,-0.0245942,0.0028298,-0.999694,0.00149107,0.4,0,0,DISABLED,0
0.819995,0.166186,0.0391481,0,-0.00472297,0.731096,0.00593016,-0.0247613,0.000432822,-0.999693,-0.000252941,0.4,0,0,DISABLED,0
0.839995,0.173591,0.039138,0,-0.0049954,0.730958,0.00519051,-0.0250337,-0.00175953,-0.999685,-0.00144261,0.4,0,0,DISABLED,0
0.859995,0.181077,0.0394254,0,-0.00514249,0.730826,0.0053377,-0.0251808,-0.00456844,-0.999672,-0.00154849,0.4,0,0,DISABLED,0
0.879995,0.188583,0.0399318,0,-0.0047047,0.730728,0.00658729,-0.024743,-0.00775465,-0.999664,-0.00130485,0.4,0,0,DISABLED,0
0.899995,0.196046,0.040697,0,-0.00313619,0.730653,0.00811196,-0.0231745,-0.0106328,-0.999675,-0.00096506,0.4,0,0,DISABLED,0
0.919995,0.203435,0.0417954,0,-0.000229172,0.730557,0.00971671,-0.0202675,-0.0128714,-0.999712,-0.000947422,0.4,0,0,DISABLED,0
0.939995,0.210792,0.0432409,0,0.0041829,0.730364,0.0121435,-0.0158554,-0.014554,-0.999768,-0.00163264,0.4,0,0,DISABLED,0
0.959995,0.21812,0.0449709,0,0.00823457,0.730002,0.0146404,-0.0118038,-0.0152625,-0.999814,-0.0023188,0.4,0,0,DISABLED,0
0.979995,0.225392,0.0470151,0,0.0124883,0.729493,0.0164104,-0.00755001,-0.0137954,-0.999876,-0.00278341,0.4,0,0,DISABLED,0
0.999995,0.231218,0.0489176,0,0.0147493,0.728916,0.0161725,-0.00528901,-0.00978826,-0.999938,-0.0020872,0.4,0,0,DISABLED,0
1.02,0.240272,0.0512914,0,0.0136599,0.72842,0.0154757,-0.00637848,-0.0104239,-0.999925,0.00159102,0.4,0,0,DISABLED,0
1.04,0.247198,0.0528839,0,0.0103284,0.728938,0.0159199,-0.00970992,-0.0152689,-0.999836,0.00381322,0.4,0,0,DISABLED,0
1.06,0.255504,0.0552521,0,0.0063592,0.729469,0.010404,-0.0136791,-0.0113896,-0.999842,0.00923684,0.4,0,0,DISABLED,0
1.08,0.262822,0.0572349,0,0.00409462,0.729932,0.00424271,-0.0159437,-0.00425035,-0.999864,0.0123276,0.4,0,0,DISABLED,0
1.1,0.269876,0.058779,0,0.00358928,0.73023,0.00515594,-0.0164491,0.000550053,-0.999865,0.0158662,0.4,0,0,DISABLED,0
1.12,0.276865,0.0601132,0,0.00414912,0.730376,0.00705901,-0.0158892,0.00255337,-0.99987,0.018943,0.4,0,0,DISABLED,0
1.14,0.283937,0.0611842,0,0.00444508,0.730457,0.00887682,-0.0155932,0.00453158,-0.999868,0.0210836,0.4,0,0,DISABLED,0
1.16,0.291813,0.0618785,0,0.00429506,0.730533,0.0107921,-0.0157433,0.00675154,-0.999853,0.0214605,0.4,0,0,DISABLED,0
1.18,0.298247,0.062008,0,0.00436801,0.730523,0.0129003,-0.0156703,0.00899135,-0.999837,0.0228301,0.4,0,0,DISABLED,0
1.2,0.305286,0.0617523,0,0.00504076,0.730401,0.0140843,-0.0149976,0.00999915,-0.999838,0.0219318,0.4,0,0,DISABLED,0
1.22,0.312221,0.0610173,0,0.00647672,0.730161,0.0151447,-0.0135616,0.0105412,-0.999852,0.0215829,0.4,0,0,DISABLED,0
1.24,0.31909,0.0598751,0,0.00831397,0.729814,0.0167127,-0.0117244,0.0113438,-0.999867,0.0220009,0.4,0,0,DISABLED,0
1.25999,0.325889,0.0583775,0,0.0101834,0.729451,0.0176899,-0.00985491,0.0113084,-0.999887,0.0228786,0.4,0,0,DISABLED,0
1.27999,0.332735,0.056554,0,0.0110536,0.729268,0.0160319,-0.00898474,0.0084566,-0.999924,0.0239163,0.4,0,0,DISABLED,0
1.29999,0.339732,0.0545681,0,0.00995559,0.729135,0.0112305,-0.0100827,0.0020452,-0.999947,0.0231351,0.4,0,0,DISABLED,0
1.31999,0.346896,0.0531679,0,0.00646653,0.729644,0.00799353,-0.0135718,0.00154052,-0.999907,0.0196957,0.4,0,0,DISABLED,0
1.33999,0.353588,0.051813,0,0.00440687,0.730625,0.0070843,-0.0156315,0.00238461,-0.999875,0.0141445,0.4,0,0,DISABLED,0
1.35999,0.36029,0.0499717,0,0.00283425,0.731401,0.00431239,-0.0172041,0.000108313,-0.999852,0.010077,0.4,0,0,DISABLED,0
1.37999,0.367211,0.0479897,0,0.00185309,0.732026,0.00223759,-0.0181852,-0.00441628,-0.999825,0.00787713,0.4,0,0,DISABLED,0
1.39999,0.374115,0.0463819,0,0.00213514,0.732193,0.00531532,-0.0179032,-0.00802458,-0.999808,0.00705571,0.4,0,0,DISABLED,0
1.41999,0.381139,0.0452964,0,0.00236574,0.73201,0.00758804,-0.0176726,-0.0103663,-0.99979,0.00752621,0.4,0,0,DISABLED,0
1.43999,0.389105,0.0445882,0,0.0019983,0.731696,0.0103292,-0.01804,-0.0132913,-0.999749,0.00668501,0.4,0,0,DISABLED,0
1.45999,0.396413,0.0442447,0,0.00164712,0.731453,0.0136938,-0.0183912,-0.0167488,-0.999691,0.0073441,0.4,0,0,DISABLED,0
1.47999,0.40303,0.044196,0,0.00180231,0.731257,0.0165081,-0.018236,-0.0195622,-0.999642,0.00777018,0.4,0,0,DISABLED,0
1.49999,0.41109,0.0444694,0,0.00285329,0.73104,0.0190151,-0.017185,-0.0219513,-0.999611,0.00812231,0.4,0,0,DISABLED,0
1.51999,0.417632,0.0450124,0,0.00511899,0.730841,0.0209425,-0.0149193,-0.0234584,-0.999613,0.00781056,0.4,0,0,DISABLED,0
1.53999,0.42563,0.0460897,0,0.00850256,0.73052,0.0228899,-0.0115358,-0.0244026,-0.999636,0.00704125,0.4,0,0,DISABLED,0
1.55999,0.432079,0.0474342,0,0.0121321,0.730131,0.0237614,-0.0079062,-0.0235813,-0.999691,0.0049617,0.4,0,0,DISABLED,0
1.57999,0.43936,0.0493518,0,0.0151204,0.729792,0.0227803,-0.00491795,-0.0201914,-0.999784,0.00407097,0.4,0,0,DISABLED,0
1.59999,0.446755,0.0515329,0,0.0162191,0.729433,0.0195163,-0.00381926,-0.014004,-0.999895,0.00509258,0.4,0,0,DISABLED,0
1.61999,0.454237,0.0533647,0,0.0149346,0.729261,0.0169077,-0.00510376,-0.0110784,-0.999926,0.00771899,0.4,0,0,DISABLED,0
1.63999,0.459587,0.0542538,0,0.0124096,0.72973,0.0163885,-0.00762869,-0.0138566,-0.999875,0.00928527,0.4,0,0,DISABLED,0
1.65999,0.467906,0.055947,0,0.00792877,0.730361,0.0120152,-0.0121096,-0.0121791,-0.999852,0.0137194,0.4,0,0,DISABLED,0
1.67999,0.476625,0.0578908,0,0.00476455,0.730861,0.00488282,-0.0152738,-0.00209555,-0.999881,0.0172742,0.4,0,0,DISABLED,0
1.69999,0.483609,0.0591646,0,0.00438589,0.731101,0.00775124,-0.0156524,0.003238,-0.999872,0.0193222,0.4,0,0,DISABLED,0
1.71999,0.490506,0.0602518,0,0.00516513,0.731188,0.0102481,-0.0148732,0.00570058,-0.999873,0.0222298,0.4,0,0,DISABLED,0
1.73999,0.497488,0.0611959,0,0.00550688,0.73123,0.0121484,-0.0145315,0.00767218,-0.999865,0.0242931,0.4,0,0,DISABLED,0
1.75999,0.504572,0.0617959,0,0.00532166,0.731283,0.0141981,-0.0147167,0.0100097,-0.999842,0.0258074,0.4,0,0,DISABLED,0
1.77999,0.511658,0.0619811,0,0.00508998,0.731316,0.0158034,-0.0149484,0.0118096,-0.999819,0.0266382,0.4,0,0,DISABLED,0
1.79999,0.518686,0.0617812,0,0.00524395,0.731255,0.0169781,-0.0147944,0.0129956,-0.999806,0.0271818,0.4,0,0,DISABLED,0
1.81999,0.525643,0.0611937,0,0.00583427,0.731063,0.0180138,-0.0142041,0.0138897,-0.999803,0.0276676,0.4,0,0,DISABLED,0
1.83999,0.532499,0.0601973,0,0.00708446,0.730742,0.0193876,-0.0129539,0.0148941,-0.999805,0.0287617,0.4,0,0,DISABLED,0
1.85999,0.539314,0.0587917,0,0.00842572,0.730388,0.0202596,-0.0116126,0.0152734,-0.999816,0.0305227,0.4,0,0,DISABLED,0
1.87999,0.546142,0.0569506,0,0.00913544,0.730131,0.0179641,-0.0109029,0.0123147,-0.999865,0.0323123,0.4,0,0,DISABLED,0
1.89999,0.549577,0.055917,0,0.00900912,0.730016,0.0152232,-0.0110292,0.00911887,-0.999898,0.0325604,0.4,0,0,DISABLED,0
1.91999,0.560225,0.0536097,0,0.00395774,0.730286,0.00715129,-0.0160806,0.00280038,-0.999867,0.0279952,0.4,0,0,DISABLED,0
1.93999,0.567078,0.0523965,0,2.74014e-05,0.73125,0.00550266,-0.0200109,0.00235764,-0.999797,0.0218396,0.4,0,0,DISABLED,0
1.95999,0.57364,0.0505618,0,-0.00177595,0.732094,0.00304932,-0.0218143,-0.000666683,-0.999762,0.0177138,0.4,0,0,DISABLED,0
1.97999,0.58027,0.0483528,0,-0.00204983,0.732798,0.0029701,-0.0220882,-0.00530602,-0.999742,0.0161598,0.4,0,0,DISABLED,0
1.99999,0.587599,0.0463859,0,-0.00118349,0.73303,0.00593016,-0.0212218,-0.00896008,-0.999735,0.0156472,0.4,0,0,DISABLED,0
2.01999,0.593766,0.0452666,0,-0.000997478,0.732884,0.00786574,-0.0210358,-0.0109582,-0.999719,0.0160182,0.4,0,0,DISABLED,0
2.03999,0.600792,0.044383,0,-0.00144809,0.732614,0.0106531,-0.0214864,-0.0137079,-0.999675,0.0163697,0.4,0,0,DISABLED,0
2.05999,0.607958,0.043783,0,-0.00223733,0.732381,0.0146648,-0.0222757,-0.0176434,-0.999596,0.0169828,0.4,0,0,DISABLED,0
2.07999,0.615192,0.043478,0,-0.00249606,0.732184,0.0177034,-0.0225344,-0.0206761,-0.999532,0.0179851,0.4,0,0,DISABLED,0
2.09999,0.62246,0.0434903,0,-0.00204879,0.73201,0.0202919,-0.0220871,-0.0233403,-0.999484,0.0185682,0.4,0,0,DISABLED,0
2.11999,0.629708,0.0438287,0,-0.000470702,0.73181,0.0218125,-0.020509,-0.024957,-0.999478,0.0186254,0.4,0,0,DISABLED,0
2.13999,0.63694,0.0445476,0,0.00218115,0.731524,0.0226464,-0.0178572,-0.0256948,-0.99951,0.0179167,0.4,0,0,DISABLED,0
2.15999,0.643424,0.0455776,0,0.00526725,0.731162,0.0229107,-0.0147711,-0.0254484,-0.999567,0.0165935,0.4,0,0,DISABLED,0
2.17999,0.65137,0.0473682,0,0.00875448,0.730719,0.0211915,-0.0112838,-0.0224501,-0.999684,0.015714,0.4,0,0,DISABLED,0
2.19999,0.658622,0.0493784,0,0.0107089,0.730296,0.0169042,-0.00932947,-0.0162338,-0.999825,0.0163458,0.4,0,0,DISABLED,0
2.21999,0.665932,0.0511871,0,0.0106082,0.729963,0.0137242,-0.00943014,-0.0118528,-0.999885,0.0181186,0.4,0,0,DISABLED,0
2.23999,0.673385,0.0523706,0,0.00762853,0.730531,0.0136633,-0.0124098,-0.0144923,-0.999818,0.020337,0.4,0,0,DISABLED,0
2.25999,0.680023,0.0537016,0,0.00479304,0.731021,0.00947445,-0.0152453,-0.0113259,-0.99982,0.0226657,0.4,0,0,DISABLED,0
2.27999,0.687959,0.0554309,0,0.00222895,0.731419,0.00221079,-0.0178094,-0.00313463,-0.999837,0.0252898,0.4,0,0,DISABLED,0
2.29999,0.69427,0.0565875,0,0.00177164,0.731596,0.00346989,-0.0182667,-0.000167523,-0.999833,0.0263852,0.4,0,0,DISABLED,0
2.31999,0.701928,0.05773,0,0.00202367,0.73161,0.00748523,-0.0180147,0.00405765,-0.999829,0.0308057,0.4,0,0,DISABLED,0
2.33999,0.709028,0.0585853,0,0.00214171,0.731549,0.00946186,-0.0178966,0.00606581,-0.999821,0.0333107,0.4,0,0,DISABLED,0
2.35999,0.716268,0.0591419,0,0.00187008,0.731503,0.0116576,-0.0181683,0.00835356,-0.9998,0.0344612,0.4,0,0,DISABLED,0
2.37999,0.723551,0.0592779,0,0.00173397,0.731438,0.0137242,-0.0183044,0.0104608,-0.999778,0.0353719,0.4,0,0,DISABLED,0
2.39999,0.730848,0.058962,0,0.00194007,0.731293,0.0153247,-0.0180983,0.0120483,-0.999764,0.0362193,0.4,0,0,DISABLED,0
2.41999,0.738109,0.0581846,0,0.00285216,0.731021,0.0166376,-0.0171862,0.0132384,-0.999765,0.0371821,0.4,0,0,DISABLED,0
2.43999,0.742428,0.0575158,0,0.00378498,0.730784,0.0175614,-0.0162534,0.0139975,-0.99977,0.0378277,0.4,0,0,DISABLED,0
2.45999,0.752457,0.0554029,0,0.00635855,0.730104,0.0193383,-0.0136798,0.0151135,-0.999792,0.0394264,0.4,0,0,DISABLED,0
2.47999,0.759567,0.0533892,0,0.00792027,0.729615,0.0172325,-0.0121181,0.0121552,-0.999853,0.0410894,0.4,0,0,DISABLED,0
2.49999,0.76692,0.0512366,0,0.0070525,0.729274,0.0118302,-0.0129858,0.00634409,-0.999896,0.0416415,0.4,0,0,DISABLED,0
2.51999,0.77431,0.0496714,0,0.0044691,0.729748,0.00899687,-0.0155692,0.00465101,-0.999868,0.0379703,0.4,0,0,DISABLED,0
2.53999,0.781283,0.0483636,0,0.00317613,0.730925,0.0081193,-0.0168622,0.00432788,-0.999848,0.030248,0.4,0,0,DISABLED,0
2.55999,0.788224,0.0464279,0,0.00224277,0.731906,0.00432619,-0.0177956,0.000562305,-0.999842,0.0254632,0.4,0,0,DISABLED,0
2.57999,0.795388,0.0442439,0,0.00187326,0.732639,0.00192237,-0.0181651,-0.0035763,-0.999829,0.0245716,0.4,0,0,DISABLED,0
2.59999,0.802498,0.0423715,0,0.00298685,0.73286,0.00709271,-0.0170515,-0.00958967,-0.999809,0.0242806,0.4,0,0,DISABLED,0
2.61999,0.808955,0.0411563,0,0.00438003,0.732709,0.0101722,-0.0156583,-0.0123375,-0.999801,0.0239672,0.4,0,0,DISABLED,0
2.63999,0.817758,0.0400177,0,0.0049724,0.732381,0.0131066,-0.0150659,-0.0152801,-0.99977,0.0245516,0.4,0,0,DISABLED,0
2.65999,0.824514,0.0394775,0,0.00483165,0.732106,0.0161541,-0.0152067,-0.0185699,-0.999712,0.0240424,0.4,0,0,DISABLED,0
2.67999,0.831984,0.0391679,0,0.00510494,0.731814,0.0191276,-0.0149334,-0.0215847,-0.999655,0.0248234,0.4,0,0,DISABLED,0
2.69999,0.839408,0.0391847,0,0.0061903,0.731553,0.0218179,-0.013848,-0.0240729,-0.999614,0.0247622,0.4,0,0,DISABLED,0
2.71999,0.846778,0.0395336,0,0.00824592,0.731275,0.0242136,-0.0117924,-0.0259149,-0.999595,0.0241693,0.4,0,0,DISABLED,0
2.73999,0.854108,0.0402817,0,0.0110548,0.730937,0.0260815,-0.00898348,-0.0267719,-0.999601,0.0230011,0.4,0,0,DISABLED,0
2.75999,0.861466,0.041486,0,0.0137859,0.730608,0.0266558,-0.0062524,-0.0259669,-0.999643,0.0218248,0.4,0,0,DISABLED,0
2.77999,0.868904,0.0431392,0,0.015642,0.730406,0.0242186,-0.00439634,-0.0216437,-0.999756,0.0220336,0.4,0,0,DISABLED,0
2.79999,0.876381,0.0450803,0,0.0160348,0.730194,0.0209311,-0.00400354,-0.0166091,-0.999854,0.0228658,0.4,0,0,DISABLED,0
2.81999,0.884761,0.0470258,0,0.0140307,0.730023,0.016017,-0.00600762,-0.0108731,-0.999923,0.0247862,0.4,0,0,DISABLED,0
2.83999,0.890853,0.0479619,0,0.0114388,0.730433,0.0150935,-0.0085995,-0.0129991,-0.999879,0.0250125,0.4,0,0,DISABLED,0
2.85999,0.897684,0.0490908,0,0.00703834,0.730856,0.00974734,-0.013,-0.009886,-0.999867,0.0303765,0.4,0,0,DISABLED,0
2.87999,0.906491,0.0507782,0,0.00486767,0.731222,0.00488282,-0.0151707,-0.00328911,-0.999879,0.0330581,0.4,0,0,DISABLED,0
2.89999,0.913488,0.0519544,0,0.00457694,0.731334,0.00621482,-0.0154614,0.00103862,-0.99988,0.0348977,0.4,0,0,DISABLED,0
2.91999,0.920449,0.0529731,0,0.00509164,0.731323,0.00812664,-0.0149467,0.00317936,-0.999883,0.0376845,0.4,0,0,DISABLED,0
2.93999,0.927538,0.0538315,0,0.00520488,0.731295,0.00987492,-0.0148335,0.00523831,-0.999876,0.0398395,0.4,0,0,DISABLED,0
2.95999,0.93474,0.0543495,0,0.00487333,0.731302,0.0118604,-0.015165,0.00765813,-0.999856,0.0411194,0.4,0,0,DISABLED,0
2.97999,0.941949,0.0544195,0,0.00467477,0.731285,0.0136371,-0.0153636,0.00965843,-0.999835,0.0417944,0.4,0,0,DISABLED,0
2.99999,0.949837,0.054007,0,0.00492865,0.731153,0.0152115,-0.0151097,0.011239,-0.999823,0.0423312,0.4,0,0,DISABLED,0
3.01999,0.956228,0.0532946,0,0.00569898,0.730923,0.0163958,-0.0143394,0.0122223,-0.999822,0.0427937,0.4,0,0,DISABLED,0
3.03999,0.963232,0.0521198,0,0.00716023,0.730536,0.0180039,-0.0128781,0.0133671,-0.999828,0.0436537,0.4,0,0,DISABLED,0
3.05999,0.970144,0.0505023,0,0.00896895,0.730071,0.0189491,-0.0110694,0.0135412,-0.999847,0.0454973,0.4,0,0,DISABLED,0
3.08,0.97716,0.0485389,0,0.00968678,0.729741,0.0169112,-0.0103515,0.0107062,-0.999889,0.0469854,0.4,0,0,DISABLED,0
3.1,0.984319,0.0463869,0,0.00839749,0.729496,0.0108141,-0.0116408,0.00365082,-0.999926,0.0467735,0.4,0,0,DISABLED,0
3.12,0.991529,0.0447062,0,0.00605152,0.729852,0.00842907,-0.0139868,0.00270809,-0.999898,0.0451232,0.4,0,0,DISABLED,0
3.14,0.99823,0.043324,0,0.00492565,0.730803,0.00830798,-0.0151127,0.00353842,-0.99988,0.0408796,0.4,0,0,DISABLED,0
3.16,1.0058,0.0413602,0,0.00299004,0.731738,0.00612789,-0.0170483,0.00220176,-0.999852,0.0346927,0.4,0,0,DISABLED,0
3.18,1.01219,0.0395513,0,0.00124606,0.732362,0.00138107,-0.0187923,-0.00382542,-0.999816,0.0323596,0.4,0,0,DISABLED,0
3.2,1.01918,0.0378043,0,0.00154148,0.7326,0.00540429,-0.0184968,-0.00833736,-0.999794,0.0324294,0.4,0,0,DISABLED,0
3.22,1.02624,0.0365584,0,0.00211727,0.732459,0.00814862,-0.0179211,-0.0110241,-0.999779,0.0322842,0.4,0,0,DISABLED,0
3.24,1.03343,0.0356662,0,0.00218319,0.732205,0.0106082,-0.0178551,-0.0135307,-0.999749,0.0322615,0.4,0,0,DISABLED,0
3.26,1.04072,0.0350508,0,0.00195313,0.731985,0.0138022,-0.0180852,-0.0168163,-0.999695,0.0328669,0.4,0,0,DISABLED,0
3.28,1.04808,0.0347537,0,0.00192239,0.731792,0.0173049,-0.0181159,-0.0203489,-0.999629,0.0331739,0.4,0,0,DISABLED,0
3.3,1.05543,0.0347819,0,0.00259485,0.731608,0.0199811,-0.0174435,-0.0229617,-0.999584,0.0335296,0.4,0,0,DISABLED,0
3.32,1.06271,0.03514,0,0.00435753,0.731394,0.0220029,-0.0156808,-0.0247161,-0.999572,0.0333508,0.4,0,0,DISABLED,0
3.34,1.06996,0.0358903,0,0.00706706,0.731108,0.0236457,-0.0129713,-0.0257154,-0.999585,0.0324162,0.4,0,0,DISABLED,0
3.36,1.0772,0.0371029,0,0.0101259,0.730775,0.024334,-0.00991246,-0.0252761,-0.999631,0.0312244,0.4,0,0,DISABLED,0
3.38,1.08447,0.038795,0,0.0125357,0.730507,0.0225647,-0.00750267,-0.021917,-0.999732,0.0312794,0.4,0,0,DISABLED,0
3.4,1.09243,0.0410871,0,0.0142222,0.73018,0.0179641,-0.00581614,-0.0141268,-0.999883,0.0339245,0.4,0,0,DISABLED,0
3.42,1.09909,0.0429506,0,0.0136424,0.729934,0.01505,-0.00639589,-0.00950489,-0.999934,0.0336353,0.4,0,0,DISABLED,0
3.44,1.10731,0.0443303,0,0.0109767,0.730477,0.0142818,-0.00906163,-0.0122846,-0.999883,0.0348636,0.4,0,0,DISABLED,0
3.46,1.11397,0.0456435,0,0.00745455,0.730905,0.0102888,-0.0125838,-0.0102372,-0.999868,0.0388826,0.4,0,0,DISABLED,0
3.48,1.12119,0.0472349,0,0.00477623,0.731224,0.00478416,-0.0152621,-0.00336331,-0.999878,0.0414242,0.4,0,0,DISABLED,0
3.5,1.12814,0.0485718,0,0.004045,0.731353,0.00631943,-0.0159933,0.00169406,-0.999871,0.0438235,0.4,0,0,DISABLED,0
3.52001,1.13507,0.049703,0,0.00414631,0.731333,0.00816323,-0.015892,0.00387263,-0.999866,0.0465382,0.4,0,0,DISABLED,0
3.54001,1.14001,0.0504084,0,0.00401514,0.731301,0.00933502,-0.0160232,0.00526883,-0.999858,0.0483293,0.4,0,0,DISABLED,0
3.56001,1.14939,0.0513513,0,0.00313707,0.731272,0.0122558,-0.0169013,0.00869383,-0.999819,0.0506118,0.4,0,0,DISABLED,0
3.58001,1.15302,0.0515215,0,0.00254954,0.731241,0.0144313,-0.0174888,0.0110515,-0.999786,0.0519571,0.4,0,0,DISABLED,0
3.60001,1.16322,0.0513653,0,0.00247793,0.731063,0.0159386,-0.0175604,0.0125924,-0.999767,0.0531384,0.4,0,0,DISABLED,0
3.62001,1.1712,0.0506352,0,0.00320214,0.730751,0.0171666,-0.0168362,0.0137152,-0.999764,0.0541897,0.4,0,0,DISABLED,0
3.64001,1.17839,0.049572,0,0.00474328,0.730356,0.0185196,-0.0152951,0.0147514,-0.999774,0.0548939,0.4,0,0,DISABLED,0
3.66001,1.18408,0.0484379,0,0.00639573,0.729986,0.0195803,-0.0136426,0.0153535,-0.999789,0.0558455,0.4,0,0,DISABLED,0
3.68001,1.19264,0.0462292,0,0.0082269,0.729539,0.0180237,-0.0118114,0.0128859,-0.999847,0.0579902,0.4,0,0,DISABLED,0
3.70001,1.19997,0.044191,0,0.00755668,0.729305,0.0125632,-0.0124817,0.00687981,-0.999898,0.0583193,0.4,0,0,DISABLED,0
3.72001,1.20738,0.0427779,0,0.00457769,0.72984,0.00961806,-0.0154606,0.00529982,-0.999866,0.0539936,0.4,0,0,DISABLED,0
3.74001,1.21492,0.0412667,0,0.00374317,0.730988,0.00898361,-0.0162952,0.00501989,-0.999855,0.0495774,0.4,0,0,DISABLED,0
3.76001,1.22122,0.0396146,0,0.00270657,0.731741,0.0062721,-0.0173318,0.00250145,-0.999847,0.0461299,0.4,0,0,DISABLED,0
3.78001,1.2284,0.0376057,0,0.00216246,0.732382,0.00229024,-0.0178759,-0.00237713,-0.999837,0.0439008,0.4,0,0,DISABLED,0
3.80001,1.23555,0.0359645,0,0.00276296,0.732552,0.00411433,-0.0172754,-0.00619579,-0.999832,0.0435684,0.4,0,0,DISABLED,0
3.82001,1.24279,0.0348561,0,0.00319743,0.732353,0.00642235,-0.0168409,-0.00873357,-0.99982,0.0442732,0.4,0,0,DISABLED,0
3.84001,1.25024,0.0342017,0,0.0029322,0.732019,0.00922584,-0.0171061,-0.0119069,-0.999783,0.0431245,0.4,0,0,DISABLED,0
3.86001,1.25774,0.0338158,0,0.00264382,0.731712,0.0123816,-0.0173945,-0.015247,-0.999732,0.0438539,0.4,0,0,DISABLED,0
3.88001,1.26528,0.0337342,0,0.00279418,0.731441,0.0159499,-0.0172441,-0.0188576,-0.999673,0.0441874,0.4,0,0,DISABLED,0
3.90001,1.27282,0.0339769,0,0.00392575,0.731187,0.0193968,-0.0161126,-0.0221468,-0.999625,0.0440505,0.4,0,0,DISABLED,0
3.92001,1.28027,0.0345549,0,0.00625155,0.730929,0.0218807,-0.0137868,-0.0241201,-0.999614,0.0439951,0.4,0,0,DISABLED,0
3.94001,1.28764,0.0355245,0,0.00914425,0.730639,0.023834,-0.0108941,-0.0251613,-0.999624,0.0433401,0.4,0,0,DISABLED,0
3.96002,1.29501,0.0369614,0,0.0123635,0.730371,0.024783,-0.00767484,-0.0246307,-0.999667,0.0423004,0.4,0,0,DISABLED,0
3.98002,1.30246,0.0388595,0,0.0145053,0.73022,0.0230301,-0.005533,-0.021041,-0.999763,0.0422695,0.4,0,0,DISABLED,0
4.00002,1.30995,0.0410312,0,0.0153198,0.730042,0.0192239,-0.00471857,-0.0147625,-0.99988,0.0435784,0.4,0,0,DISABLED,0
4.02002,1.31758,0.0430462,0,0.0139495,0.729877,0.0155333,-0.00608888,-0.00998252,-0.999932,0.0453836,0.4,0,0,DISABLED,0
4.04002,1.32523,0.0443553,0,0.0109012,0.730454,0.0149227,-0.00913712,-0.0133389,-0.999869,0.0462943,0.4,0,0,DISABLED,0
4.06002,1.33202,0.0456765,0,0.00780863,0.730846,0.0116372,-0.0122297,-0.0117789,-0.999856,0.0500723,0.4,0,0,DISABLED,0
4.08002,1.33934,0.0473213,0,0.00529162,0.731134,0.00553506,-0.0147467,-0.00475737,-0.99988,0.0527593,0.4,0,0,DISABLED,0
4.10002,1.3471,0.0488381,0,0.00472968,0.731252,0.00597023,-0.0153086,0.000484953,-0.999883,0.0552502,0.4,0,0,DISABLED,0
4.12002,1.35273,0.0497924,0,0.00486701,0.731233,0.00710111,-0.0151713,0.0020048,-0.999883,0.0573167,0.4,0,0,DISABLED,0
4.14002,1.36138,0.0510474,0,0.0045943,0.731185,0.00927095,-0.015444,0.00489499,-0.999869,0.0606521,0.4,0,0,DISABLED,0
4.16002,1.36873,0.0517311,0,0.0039113,0.731154,0.0113257,-0.016127,0.00747526,-0.999842,0.0623956,0.4,0,0,DISABLED,0
4.18002,1.37534,0.0519711,0,0.00355557,0.731096,0.0132153,-0.0164828,0.00958056,-0.999818,0.0633551,0.4,0,0,DISABLED,0
4.20002,1.38411,0.0517339,0,0.00368414,0.730926,0.0147782,-0.0163542,0.0111626,-0.999804,0.063635,0.4,0,0,DISABLED,0
4.22002,1.39135,0.0510626,0,0.00458088,0.730657,0.0159723,-0.0154574,0.0121508,-0.999807,0.0642258,0.4,0,0,DISABLED,0
4.24002,1.39781,0.0501316,0,0.00609106,0.730312,0.0175478,-0.0139473,0.0133056,-0.999814,0.0650847,0.4,0,0,DISABLED,0
4.26002,1.40492,0.0487026,0,0.00787533,0.729898,0.0185485,-0.012163,0.0136412,-0.999833,0.0664102,0.4,0,0,DISABLED,0
4.28002,1.41208,0.0468899,0,0.00883921,0.729614,0.0165298,-0.0111991,0.0108137,-0.999879,0.067886,0.4,0,0,DISABLED,0
4.30002,1.41867,0.0451377,0,0.00797992,0.729433,0.0117137,-0.0120584,0.00541785,-0.999913,0.0679501,0.4,0,0,DISABLED,0
4.32002,1.42686,0.0436847,0,0.00414337,0.730003,0.00818511,-0.015895,0.00390047,-0.999866,0.0629497,0.4,0,0,DISABLED,0
4.34002,1.43376,0.0424122,0,0.00294607,0.731028,0.00770497,-0.0170923,0.00396981,-0.999846,0.0584786,0.4,0,0,DISABLED,0
4.36002,1.43855,0.0411903,0,0.00201312,0.731586,0.00516749,-0.0180252,0.0016129,-0.999836,0.055377,0.4,0,0,DISABLED,0
4.38002,1.44776,0.0386266,0,0.00171014,0.732404,0.00172634,-0.0183282,-0.00272501,-0.999828,0.0540768,0.4,0,0,DISABLED,0
4.40003,1.45485,0.0370552,0,0.00229015,0.732526,0.00384473,-0.0177482,-0.00624872,-0.999823,0.0539498,0.4,0,0,DISABLED,0
4.42003,1.46205,0.0360339,0,0.0025402,0.732305,0.00623397,-0.0174981,-0.00884152,-0.999808,0.0542072,0.4,0,0,DISABLED,0
4.44003,1.46938,0.035419,0,0.00229079,0.732001,0.00894371,-0.0177475,-0.0117952,-0.999773,0.0545409,0.4,0,0,DISABLED,0
4.46003,1.4768,0.0351293,0,0.00195449,0.731739,0.0120696,-0.0180838,-0.0150633,-0.999723,0.0557655,0.4,0,0,DISABLED,0
4.48003,1.48427,0.0351829,0,0.00205676,0.731521,0.0155103,-0.0179816,-0.0185235,-0.999667,0.0557927,0.4,0,0,DISABLED,0
4.50003,1.49172,0.0355506,0,0.0030298,0.73131,0.0184454,-0.0170085,-0.0213458,-0.999627,0.0557388,0.4,0,0,DISABLED,0
4.52003,1.49837,0.0361713,0,0.00492217,0.731093,0.0206183,-0.0151162,-0.0231735,-0.999617,0.055336,0.4,0,0,DISABLED,0
4.54003,1.50644,0.0373946,0,0.0082846,0.730735,0.0227016,-0.0117537,-0.0242867,-0.999636,0.0537676,0.4,0,0,DISABLED,0
4.56003,1.51379,0.0389714,0,0.0114243,0.730385,0.0235269,-0.00861404,-0.0237204,-0.999682,0.0525712,0.4,0,0,DISABLED,0
4.58003,1.52117,0.041011,0,0.0138271,0.73012,0.0219242,-0.00621127,-0.0201688,-0.999777,0.0526521,0.4,0,0,DISABLED,0
4.60003,1.5286,0.0433424,0,0.014741,0.72983,0.0183677,-0.00529731,-0.0141082,-0.999886,0.0536632,0.4,0,0,DISABLED,0
4.62003,1.53615,0.0453963,0,0.013481,0.729701,0.0155448,-0.00655729,-0.0108913,-0.999919,0.055505,0.4,0,0,DISABLED,0
4.64003,1.54381,0.0469204,0,0.0102034,0.730338,0.014673,-0.00983491,-0.0136956,-0.999858,0.0575571,0.4,0,0,DISABLED,0
4.66003,1.55199,0.0488737,0,0.00714275,0.730809,0.0104725,-0.0128956,-0.0108062,-0.999858,0.060687,0.4,0,0,DISABLED,0
4.68003,1.55845,0.0504754,0,0.00533209,0.731046,0.00539325,-0.0147062,-0.00389433,-0.999884,0.0628568,0.4,0,0,DISABLED,0
4.70003,1.56545,0.051951,0,0.00512135,0.731147,0.00626259,-0.014917,0.000458808,-0.999889,0.0649869,0.4,0,0,DISABLED,0
4.72003,1.57176,0.0530956,0,0.00525943,0.731154,0.00760373,-0.0147789,0.00234313,-0.999888,0.0670149,0.4,0,0,DISABLED,0
4.74003,1.57891,0.0541665,0,0.00506737,0.731186,0.00920643,-0.014971,0.00452983,-0.999878,0.0688091,0.4,0,0,DISABLED,0
4.76003,1.58689,0.0549472,0,0.00463353,0.731186,0.0118453,-0.0154048,0.00775254,-0.999851,0.0713563,0.4,0,0,DISABLED,0
4.78003,1.59343,0.0551976,0,0.00445476,0.731128,0.0133901,-0.0155836,0.00947888,-0.999834,0.0718279,0.4,0,0,DISABLED,0
4.80003,1.59848,0.0551339,0,0.00477372,0.731012,0.0148426,-0.0152646,0.0109031,-0.999824,0.0725624,0.4,0,0,DISABLED,0
4.82003,1.60858,0.0543661,0,0.00562968,0.730609,0.0159349,-0.0144086,0.011754,-0.999827,0.0733573,0.4,0,0,DISABLED,0
4.84004,1.61643,0.0532223,0,0.00709369,0.730147,0.0176494,-0.0129446,0.0130122,-0.999832,0.0743133,0.4,0,0,DISABLED,0
4.86004,1.6228,0.051903,0,0.00895255,0.729767,0.0186639,-0.0110858,0.0132226,-0.999851,0.0758897,0.4,0,0,DISABLED,0
4.88004,1.62994,0.0501089,0,0.00989934,0.729501,0.0166376,-0.010139,0.0102176,-0.999896,0.0771348,0.4,0,0,DISABLED,0
4.90004,1.63726,0.0482275,0,0.00882117,0.729349,0.0115549,-0.0112172,0.00430441,-0.999928,0.0763914,0.4,0,0,DISABLED,0
4.92004,1.64546,0.0467862,0,0.00590535,0.730021,0.00822868,-0.014133,0.00257547,-0.999897,0.0735852,0.4,0,0,DISABLED,0
4.94004,1.65221,0.045502,0,0.00442326,0.731004,0.00751701,-0.0156151,0.00291999,-0.999874,0.0684239,0.4,0,0,DISABLED,0
4.96004,1.65849,0.0440574,0,0.00291358,0.731748,0.00472146,-0.0171247,0.000573805,-0.999853,0.0618279,0.4,0,0,DISABLED,0
4.98004,1.66567,0.0421814,0,0.00197857,0.732405,0.00223759,-0.0180598,-0.00422604,-0.999828,0.0597409,0.4,0,0,DISABLED,0
5.00004,1.67346,0.0404223,0,0.00269133,0.732607,0.00562055,-0.017347,-0.00809502,-0.999817,0.0592442,0.4,0,0,DISABLED,0
5.02004,1.67986,0.0394617,0,0.00358017,0.732451,0.00806775,-0.0164582,-0.0103857,-0.999811,0.0588659,0.4,0,0,DISABLED,0
5.04004,1.68564,0.0388831,0,0.00377122,0.732233,0.00982044,-0.0162671,-0.0122221,-0.999793,0.0588675,0.4,0,0,DISABLED,0
5.06004,1.69447,0.0384201,0,0.0034469,0.731928,0.0134167,-0.0165914,-0.016118,-0.999732,0.0587745,0.4,0,0,DISABLED,0
5.08004,1.70188,0.038396,0,0.00334627,0.731696,0.0165406,-0.0166921,-0.019349,-0.999673,0.0590897,0.4,0,0,DISABLED,0
5.10004,1.71001,0.0387379,0,0.00397112,0.731436,0.0194337,-0.0160672,-0.0221748,-0.999625,0.0587031,0.4,0,0,DISABLED,0
5.12004,1.7166,0.0393075,0,0.00570076,0.731196,0.0218043,-0.0143376,-0.024196,-0.999604,0.0581055,0.4,0,0,DISABLED,0
5.14004,1.72385,0.0403248,0,0.00841095,0.730885,0.0235699,-0.0116274,-0.0251676,-0.999616,0.057285,0.4,0,0,DISABLED,0
5.16004,1.73181,0.0420073,0,0.0108002,0.730519,0.0243854,-0.00923811,-0.0250148,-0.999644,0.0561926,0.4,0,0,DISABLED,0
5.18004,1.73761,0.0436003,0,0.0135118,0.730315,0.0230586,-0.0065265,-0.0218382,-0.99974,0.0556927,0.4,0,0,DISABLED,0
5.20004,1.74564,0.0461137,0,0.014738,0.730037,0.0187721,-0.00530037,-0.0147796,-0.999877,0.0572673,0.4,0,0,DISABLED,0
5.22004,1.75306,0.0482109,0,0.0137365,0.72988,0.0154255,-0.00630178,-0.0101665,-0.999928,0.0584672,0.4,0,0,DISABLED,0
5.24004,1.76062,0.0496596,0,0.0109842,0.730503,0.0144478,-0.00905411,-0.0125336,-0.99988,0.0601128,0.4,0,0,DISABLED,0
5.26005,1.76806,0.0513691,0,0.00727792,0.731061,0.00981437,-0.0127604,-0.0097329,-0.999871,0.0653679,0.4,0,0,DISABLED,0
5.28005,1.77244,0.0525109,0,0.00515507,0.731278,0.00516749,-0.0148833,-0.00352095,-0.999883,0.0679423,0.4,0,0,DISABLED,0
5.30005,1.78213,0.0548118,0,0.00457077,0.731488,0.0074613,-0.0154676,0.00273625,-0.999877,0.0698077,0.4,0,0,DISABLED,0
5.32005,1.78894,0.0561252,0,0.00537075,0.731449,0.00967984,-0.0146676,0.00489315,-0.99988,0.0729225,0.4,0,0,DISABLED,0
5.34005,1.79665,0.0574092,0,0.0054223,0.7314,0.0113677,-0.014616,0.00683195,-0.99987,0.0755562,0.4,0,0,DISABLED,0
5.36005,1.8031,0.0582108,0,0.00497238,0.731369,0.0132558,-0.0150659,0.00913869,-0.999845,0.0773757,0.4,0,0,DISABLED,0
5.38005,1.81028,0.0586907,0,0.00461196,0.731338,0.0146486,-0.0154264,0.0107502,-0.999823,0.0781335,0.4,0,0,DISABLED,0
5.40005,1.81744,0.0587274,0,0.00476181,0.731202,0.016017,-0.0152765,0.0121418,-0.99981,0.0793724,0.4,0,0,DISABLED,0
5.42005,1.82318,0.0584757,0,0.00522702,0.731011,0.0168512,-0.0148113,0.0128707,-0.999807,0.079928,0.4,0,0,DISABLED,0
5.44005,1.83169,0.057612,0,0.00671395,0.730556,0.0184131,-0.0133244,0.0139904,-0.999813,0.0808482,0.4,0,0,DISABLED,0
5.46005,1.83871,0.0564178,0,0.00849336,0.730091,0.0194551,-0.011545,0.0143518,-0.99983,0.0822919,0.4,0,0,DISABLED,0
5.48005,1.84651,0.05462,0,0.00951689,0.729682,0.0172463,-0.0105214,0.0112254,-0.999882,0.0839273,0.4,0,0,DISABLED,0
5.50005,1.85306,0.0530165,0,0.0084845,0.729462,0.0123672,-0.0115538,0.00584426,-0.999916,0.0843443,0.4,0,0,DISABLED,0
5.52005,1.85972,0.0519071,0,0.00558779,0.729863,0.00889023,-0.0144505,0.00375986,-0.999889,0.081231,0.4,0,0,DISABLED,0
5.54005,1.86727,0.0507393,0,0.00383919,0.731013,0.00738905,-0.0161991,0.00316463,-0.999864,0.073444,0.4,0,0,DISABLED,0
5.56005,1.87415,0.0492297,0,0.0024785,0.731848,0.00418614,-0.0175598,0.000239096,-0.999846,0.0686319,0.4,0,0,DISABLED,0
5.58005,1.88127,0.0474538,0,0.00187594,0.732487,0.00192237,-0.0181624,-0.00368152,-0.999828,0.067718,0.4,0,0,DISABLED,0
5.60005,1.88833,0.0459781,0,0.00262582,0.732699,0.00528158,-0.0174125,-0.00773704,-0.999818,0.0669921,0.4,0,0,DISABLED,0
5.62005,1.89543,0.0450163,0,0.0033116,0.73256,0.00756444,-0.0167267,-0.00995951,-0.999811,0.066963,0.4,0,0,DISABLED,0
5.64005,1.90265,0.0444441,0,0.00347393,0.732299,0.0101194,-0.0165644,-0.0126553,-0.999783,0.0673013,0.4,0,0,DISABLED,0
5.66005,1.90997,0.0442133,0,0.00336901,0.732048,0.0131837,-0.0166693,-0.0158982,-0.999735,0.0677277,0.4,0,0,DISABLED,0
5.68005,1.91809,0.0443419,0,0.0034663,0.731798,0.0163776,-0.016572,-0.0191586,-0.999679,0.0680521,0.4,0,0,DISABLED,0
5.70006,1.92325,0.044633,0,0.00426481,0.731644,0.019258,-0.0157735,-0.0219305,-0.999635,0.0679628,0.4,0,0,DISABLED,0
5.72006,1.93204,0.0455218,0,0.0061279,0.731337,0.0217193,-0.0139104,-0.0239872,-0.999615,0.0671625,0.4,0,0,DISABLED,0
5.74006,1.9393,0.0466809,0,0.00883345,0.731009,0.0236734,-0.0112049,-0.025116,-0.999622,0.066209,0.4,0,0,DISABLED,0
5.76006,1.94653,0.0483216,0,0.0118526,0.730646,0.0245534,-0.00818577,-0.0246555,-0.999663,0.0647493,0.4,0,0,DISABLED,0
5.78006,1.95381,0.0504211,0,0.0140143,0.730386,0.0231025,-0.00602401,-0.021518,-0.99975,0.0641243,0.4,0,0,DISABLED,0
5.80006,1.9611,0.0527984,0,0.0148694,0.730091,0.0191805,-0.00516894,-0.0152637,-0.99987,0.0652036,0.4,0,0,DISABLED,0
5.82006,1.96851,0.0549209,0,0.0136326,0.729954,0.0160616,-0.00640575,-0.0116462,-0.999912,0.0667437,0.4,0,0,DISABLED,0
5.84006,1.97602,0.0565114,0,0.0105066,0.730575,0.0153829,-0.00953169,-0.0143943,-0.999851,0.067999,0.4,0,0,DISABLED,0
5.86006,1.98346,0.0583224,0,0.00696151,0.731073,0.0105462,-0.0130768,-0.0110829,-0.999853,0.0725496,0.4,0,0,DISABLED,0
5.88006,1.99059,0.060202,0,0.00487817,0.731394,0.00490717,-0.0151602,-0.00365256,-0.999878,0.0748127,0.4,0,0,DISABLED,0
5.90006,1.99749,0.0617792,0,0.00471594,0.731534,0.00635705,-0.0153224,0.00110097,-0.999882,0.0768196,0.4,0,0,DISABLED,0
5.92006,2.00439,0.0631456,0,0.00514898,0.731528,0.00839364,-0.0148893,0.00347293,-0.999883,0.0794697,0.4,0,0,DISABLED,0
5.94006,2.01143,0.0643213,0,0.00513427,0.731487,0.010219,-0.0149041,0.00567755,-0.999873,0.0813983,0.4,0,0,DISABLED,0
5.96006,2.01858,0.0651445,0,0.00477029,0.731463,0.0122071,-0.015268,0.00808509,-0.999851,0.0826971,0.4,0,0,DISABLED,0
5.98006,2.02576,0.0655241,0,0.00456814,0.731413,0.0139781,-0.0154702,0.0100604,-0.99983,0.0833271,0.4,0,0,DISABLED,0
6.00006,2.03293,0.0654741,0,0.00475877,0.731265,0.0153442,-0.0152796,0.0114371,-0.999818,0.0836772,0.4,0,0,DISABLED,0
6.02006,2.04007,0.0649896,0,0.00561881,0.730984,0.0166233,-0.0144195,0.0124962,-0.999818,0.0843406,0.4,0,0,DISABLED,0
6.04006,2.04717,0.064126,0,0.0069716,0.730573,0.0182276,-0.0130667,0.0136926,-0.999821,0.0850853,0.4,0,0,DISABLED,0
6.06006,2.0542,0.0628364,0,0.00865091,0.730112,0.0191743,-0.0113874,0.0139605,-0.999838,0.0862832,0.4,0,0,DISABLED,0
6.08006,2.06129,0.0611527,0,0.00960156,0.729765,0.0171319,-0.0104368,0.0110319,-0.999885,0.0877072,0.4,0,0,DISABLED,0
6.10006,2.06929,0.0592036,0,0.00820477,0.729518,0.0111346,-0.0118336,0.00437041,-0.99992,0.0873068,0.4,0,0,DISABLED,0
6.12006,2.07588,0.0581313,0,0.0053178,0.730001,0.00811196,-0.0147205,0.00296867,-0.999887,0.0840276,0.4,0,0,DISABLED,0
6.14007,2.08266,0.0569331,0,0.00389849,0.730963,0.00723416,-0.0161398,0.00293397,-0.999865,0.0791761,0.4,0,0,DISABLED,0
6.16007,2.08817,0.0557209,0,0.00293257,0.731592,0.00577743,-0.0171058,0.00181988,-0.999852,0.0763583,0.4,0,0,DISABLED,0
6.18007,2.09679,0.0536873,0,0.00135851,0.732369,0.00158221,-0.0186798,-0.00398497,-0.999818,0.0737063,0.4,0,0,DISABLED,0
6.20007,2.10394,0.0523595,0,0.0016496,0.732592,0.00534886,-0.0183887,-0.00824424,-0.999797,0.0728073,0.4,0,0,DISABLED,0
6.22007,2.11114,0.0515254,0,0.00208022,0.732443,0.00827924,-0.0179581,-0.0111692,-0.999776,0.0726226,0.4,0,0,DISABLED,0
6.24007,2.11846,0.0510488,0,0.00205446,0.732183,0.0112252,-0.0179839,-0.0141932,-0.999738,0.0725777,0.4,0,0,DISABLED,0
6.26007,2.12512,0.0508688,0,0.00189023,0.731969,0.0141939,-0.0181481,-0.0172191,-0.999687,0.0727839,0.4,0,0,DISABLED,0
6.28007,2.13333,0.0509663,0,0.00202027,0.731725,0.0185935,-0.0180181,-0.0216356,-0.999604,0.0722004,0.4,0,0,DISABLED,0
6.30007,2.13855,0.0512151,0,0.00246527,0.73157,0.0202743,-0.0175731,-0.0232731,-0.999575,0.072421,0.4,0,0,DISABLED,0
6.32007,2.14813,0.0521334,0,0.00492524,0.731302,0.0229964,-0.0151131,-0.0256168,-0.999558,0.0717997,0.4,0,0,DISABLED,0
6.34007,2.15473,0.0531276,0,0.00756922,0.731031,0.0245316,-0.0124691,-0.0264855,-0.999571,0.0702714,0.4,0,0,DISABLED,0
6.36007,2.16277,0.0548026,0,0.0111165,0.730626,0.0254663,-0.00892187,-0.0260626,-0.99962,0.0684922,0.4,0,0,DISABLED,0
6.38007,2.17013,0.0568154,0,0.0135762,0.730345,0.0237864,-0.00646213,-0.0226823,-0.999722,0.068003,0.4,0,0,DISABLED,0
6.40007,2.17529,0.0584326,0,0.0145657,0.730168,0.020771,-0.00547259,-0.0179632,-0.999824,0.0682127,0.4,0,0,DISABLED,0
6.42007,2.18505,0.0611756,0,0.013423,0.729923,0.0162461,-0.0066153,-0.0123021,-0.999902,0.0712975,0.4,0,0,DISABLED,0
6.44007,2.19352,0.062833,0,0.0103569,0.730656,0.0150935,-0.00968146,-0.0141351,-0.999853,0.074173,0.4,0,0,DISABLED,0
6.46007,2.20015,0.0645111,0,0.00720135,0.731113,0.0103753,-0.012837,-0.0106236,-0.999861,0.0770632,0.4,0,0,DISABLED,0
6.48007,2.20732,0.0663949,0,0.00546658,0.731416,0.00547006,-0.0145718,-0.00336771,-0.999888,0.0792549,0.4,0,0,DISABLED,0
6.50007,2.21429,0.0680059,0,0.00530653,0.731536,0.00677464,-0.0147318,0.00104563,-0.999891,0.0812457,0.4,0,0,DISABLED,0
6.52007,2.22054,0.069323,0,0.00567293,0.731524,0.0085205,-0.0143654,0.00319906,-0.999892,0.0836127,0.4,0,0,DISABLED,0
6.54007,2.2283,0.0707348,0,0.00575962,0.731466,0.0104383,-0.0142787,0.00555434,-0.999883,0.0858791,0.4,0,0,DISABLED,0
6.56007,2.23475,0.0715745,0,0.00541699,0.731435,0.0120201,-0.0146213,0.00758013,-0.999864,0.0870624,0.4,0,0,DISABLED,0
6.58008,2.24266,0.0721048,0,0.00512545,0.731346,0.0140504,-0.0149129,0.0099299,-0.999839,0.0885198,0.4,0,0,DISABLED,0
6.60008,2.24987,0.0721371,0,0.00513547,0.731152,0.0152037,-0.0149029,0.0111569,-0.999827,0.0890812,0.4,0,0,DISABLED,0
6.62008,2.25703,0.0717516,0,0.00586228,0.730842,0.0163667,-0.0141761,0.0121273,-0.999826,0.0893404,0.4,0,0,DISABLED,0
6.64008,2.2641,0.0709549,0,0.00738481,0.730407,0.0178342,-0.0126535,0.0130831,-0.999834,0.09006,0.4,0,0,DISABLED,0
6.66008,2.2711,0.0697107,0,0.00937755,0.729899,0.0189271,-0.0106608,0.0132894,-0.999855,0.0915418,0.4,0,0,DISABLED,0
6.68008,2.27893,0.0679172,0,0.0103184,0.729515,0.0167412,-0.00971995,0.0100271,-0.999902,0.0927607,0.4,0,0,DISABLED,0
6.70008,2.28549,0.0663655,0,0.00921029,0.729322,0.0120399,-0.010828,0.00459749,-0.999931,0.0923657,0.4,0,0,DISABLED,0
6.72008,2.2921,0.0653495,0,0.00637441,0.729762,0.00908915,-0.0136639,0.00332119,-0.999901,0.089032,0.4,0,0,DISABLED,0
6.74008,2.30034,0.0641021,0,0.0043175,0.730988,0.00785816,-0.0157208,0.00340483,-0.999871,0.0817809,0.4,0,0,DISABLED,0
6.76008,2.30663,0.0627229,0,0.00263066,0.731737,0.00431239,-0.0174077,0.000277011,-0.999848,0.0774987,0.4,0,0,DISABLED,0
6.78008,2.31377,0.0609708,0,0.00209872,0.732372,0.00231612,-0.0179396,-0.0041087,-0.999831,0.0761585,0.4,0,0,DISABLED,0
6.80008,2.32153,0.0594588,0,0.00278054,0.732536,0.00520198,-0.0172578,-0.00755721,-0.999822,0.0763451,0.4,0,0,DISABLED,0
6.82008,2.32793,0.0587101,0,0.00334257,0.732365,0.00765841,-0.0166958,-0.0100454,-0.99981,0.0762379,0.4,0,0,DISABLED,0
6.84008,2.33517,0.0582427,0,0.00332083,0.732084,0.0102888,-0.0167175,-0.0128931,-0.999777,0.0766091,0.4,0,0,DISABLED,0
6.86008,2.34249,0.058103,0,0.00312054,0.731822,0.0134522,-0.0169178,-0.016237,-0.999725,0.0773182,0.4,0,0,DISABLED,0
6.88008,2.34986,0.0582885,0,0.00326521,0.731587,0.0166305,-0.0167731,-0.0194589,-0.99967,0.0778741,0.4,0,0,DISABLED,0
6.90008,2.35647,0.0587356,0,0.00359378,0.731384,0.0181161,-0.0164446,-0.0209096,-0.999646,0.0778621,0.4,0,0,DISABLED,0
6.92008,2.36449,0.0596827,0,0.00597371,0.73111,0.0212196,-0.0140646,-0.023513,-0.999625,0.077441,0.4,0,0,DISABLED,0
6.94008,2.3725,0.0610704,0,0.00902411,0.730697,0.0229341,-0.0110142,-0.0242351,-0.999646,0.0761726,0.4,0,0,DISABLED,0
6.96008,2.37902,0.0626073,0,0.0121887,0.730304,0.0238515,-0.00784959,-0.023654,-0.999689,0.0749896,0.4,0,0,DISABLED,0
6.98008,2.38628,0.0647886,0,0.0146825,0.729969,0.0225964,-0.00535587,-0.0203293,-0.999779,0.0749529,0.4,0,0,DISABLED,0
7.00008,2.39359,0.0672952,0,0.0156614,0.729665,0.0187785,-0.00437693,-0.0135115,-0.999899,0.0761657,0.4,0,0,DISABLED,0
7.02009,2.40102,0.0695509,0,0.0145482,0.729546,0.0165946,-0.0054901,-0.0111368,-0.999923,0.0773271,0.4,0,0,DISABLED,0
7.04009,2.40858,0.0713041,0,0.0114603,0.730207,0.0156747,-0.00857805,-0.0138429,-0.999867,0.079415,0.4,0,0,DISABLED,0
7.06009,2.4145,0.0729075,0,0.00899668,0.730639,0.0123624,-0.0110417,-0.0116269,-0.999871,0.082218,0.4,0,0,DISABLED,0
7.08009,2.4231,0.0754095,0,0.00664006,0.731055,0.00664136,-0.0133983,-0.00301426,-0.999906,0.0849862,0.4,0,0,DISABLED,0
7.10009,2.42937,0.0769353,0,0.00629153,0.73119,0.00804556,-0.0137468,0.00186269,-0.999904,0.0869999,0.4,0,0,DISABLED,0
7.12009,2.43703,0.0785173,0,0.00674337,0.731182,0.0100247,-0.013295,0.00425887,-0.999903,0.0905333,0.4,0,0,DISABLED,0
7.14009,2.44483,0.079877,0,0.00682249,0.731128,0.0117594,-0.0132158,0.00642199,-0.999892,0.0929478,0.4,0,0,DISABLED,0
7.16009,2.45129,0.0806675,0,0.00662841,0.731105,0.0132918,-0.0134099,0.0083699,-0.999875,0.0942277,0.4,0,0,DISABLED,0
7.18009,2.45848,0.0811141,0,0.00650338,0.731085,0.0149944,-0.0135349,0.0103561,-0.999855,0.0952451,0.4,0,0,DISABLED,0
7.20009,2.46636,0.0811196,0,0.00682804,0.73095,0.0163849,-0.0132103,0.0117419,-0.999844,0.0961451,0.4,0,0,DISABLED,0
7.22009,2.47277,0.0807715,0,0.00772919,0.730721,0.0177269,-0.0123091,0.0128032,-0.999842,0.0967769,0.4,0,0,DISABLED,0
7.24009,2.4784,0.0801883,0,0.0088961,0.730433,0.01899,-0.0111422,0.0136245,-0.999845,0.0976032,0.4,0,0,DISABLED,0
7.26009,2.4867,0.0787372,0,0.0114339,0.729881,0.0205314,-0.00860448,0.013898,-0.999866,0.100811,0.4,0,0,DISABLED,0
7.28009,2.49387,0.0772248,0,0.0118223,0.729597,0.0188007,-0.00821603,0.0114641,-0.999901,0.102148,0.4,0,0,DISABLED,0
7.30009,2.5012,0.0756097,0,0.0105728,0.729407,0.0138151,-0.00946548,0.00573968,-0.999939,0.101599,0.4,0,0,DISABLED,0
7.32009,2.50858,0.0746642,0,0.00665922,0.729988,0.0100009,-0.0133791,0.00430639,-0.999901,0.0977564,0.4,0,0,DISABLED,0
7.34009,2.51542,0.0737197,0,0.00490513,0.731033,0.0088701,-0.0151332,0.00423579,-0.999876,0.0916217,0.4,0,0,DISABLED,0
7.36009,2.52231,0.0722413,0,0.00365146,0.731855,0.0056943,-0.0163869,0.00120424,-0.999865,0.0878,0.4,0,0,DISABLED,0
7.38009,2.52936,0.0705548,0,0.00337966,0.73246,0.00341797,-0.0166587,-0.00263339,-0.999858,0.0870907,0.4,0,0,DISABLED,0
7.40009,2.53565,0.0693376,0,0.00414528,0.732598,0.00503901,-0.0158931,-0.00600801,-0.999856,0.086962,0.4,0,0,DISABLED,0
7.42009,2.54273,0.0685467,0,0.00449567,0.732392,0.00664136,-0.0155427,-0.00805079,-0.999847,0.086871,0.4,0,0,DISABLED,0
7.44009,2.54996,0.0682,0,0.00414304,0.732061,0.0085065,-0.0158953,-0.0105848,-0.999818,0.0866058,0.4,0,0,DISABLED,0
7.4601,2.55878,0.0682066,0,0.0033338,0.731702,0.0116012,-0.0167045,-0.0142699,-0.999759,0.0868102,0.4,0,0,DISABLED,0
7.4801,2.56543,0.0684952,0,0.00302983,0.731486,0.0148064,-0.0170085,-0.0176431,-0.9997,0.0874242,0.4,0,0,DISABLED,0
7.5001,2.57205,0.0690389,0,0.00351924,0.731302,0.0174695,-0.0165191,-0.0202661,-0.999658,0.0877592,0.4,0,0,DISABLED,0
7.5201,2.58004,0.0700851,0,0.0055089,0.731082,0.020239,-0.0145294,-0.0226288,-0.999638,0.0873495,0.4,0,0,DISABLED,0
7.5401,2.58723,0.0714511,0,0.00838306,0.730799,0.0223497,-0.0116553,-0.0238685,-0.999647,0.0862742,0.4,0,0,DISABLED,0
7.5601,2.59439,0.0732728,0,0.0115576,0.730456,0.0234406,-0.00848069,-0.0235463,-0.999687,0.0852661,0.4,0,0,DISABLED,0
7.5801,2.60155,0.0755763,0,0.0140344,0.730185,0.0221837,-0.0060039,-0.0203346,-0.999775,0.0851209,0.4,0,0,DISABLED,0
7.6001,2.60805,0.0779187,0,0.0149662,0.729933,0.0191681,-0.00507212,-0.0151232,-0.999873,0.0857236,0.4,0,0,DISABLED,0
7.6201,2.61689,0.0807509,0,0.0137586,0.7297,0.0149586,-0.0062797,-0.00902668,-0.99994,0.0905193,0.4,0,0,DISABLED,0
7.6401,2.62276,0.0822447,0,0.0114471,0.730137,0.0144767,-0.00859125,-0.0120079,-0.999891,0.0897614,0.4,0,0,DISABLED,0
7.6601,2.63071,0.0844026,0,0.00813107,0.730673,0.0105349,-0.0119073,-0.00984659,-0.999881,0.0947014,0.4,0,0,DISABLED,0
7.6801,2.63782,0.086437,0,0.00548901,0.731024,0.00550266,-0.0145493,-0.00294581,-0.99989,0.0984067,0.4,0,0,DISABLED,0
7.7001,2.64466,0.0882169,0,0.00478502,0.731219,0.00686206,-0.0152533,0.00175048,-0.999882,0.100895,0.4,0,0,DISABLED,0
7.7201,2.65214,0.0899937,0,0.00502992,0.731255,0.00893704,-0.0150084,0.00422668,-0.999878,0.104053,0.4,0,0,DISABLED,0
7.7401,2.65835,0.0913151,0,0.00513937,0.731138,0.010891,-0.014899,0.0064436,-0.999868,0.108342,0.4,0,0,DISABLED,0
7.7601,2.66469,0.092457,0,0.00458189,0.731,0.0117086,-0.0154564,0.00762805,-0.999851,0.10878,0.4,0,0,DISABLED,0
7.7801,2.66966,0.0931096,0,0.00384899,0.730939,0.0125443,-0.0161893,0.0087909,-0.99983,0.108121,0.4,0,0,DISABLED,0
7.8001,2.67891,0.0936325,0,0.00341846,0.730862,0.0140037,-0.0166199,0.0104322,-0.999807,0.109335,0.4,0,0,DISABLED,0
7.8201,2.68675,0.0935065,0,0.00390807,0.730668,0.015541,-0.0161303,0.0118925,-0.999799,0.110552,0.4,0,0,DISABLED,0
7.8401,2.69453,0.0929026,0,0.00534337,0.73027,0.0170761,-0.014695,0.0130673,-0.999807,0.111216,0.4,0,0,DISABLED,0
7.8601,2.70087,0.0920142,0,0.00729748,0.729882,0.0185646,-0.0127408,0.013918,-0.999822,0.112572,0.4,0,0,DISABLED,0
7.88011,2.70726,0.0907426,0,0.00856169,0.729576,0.0176933,-0.0114766,0.0123278,-0.999858,0.114326,0.4,0,0,DISABLED,0
7.90011,2.71532,0.0889581,0,0.00810983,0.729339,0.0125585,-0.0119285,0.00643798,-0.999908,0.11479,0.4,0,0,DISABLED,0
7.92011,2.72347,0.087918,0,0.00461437,0.729981,0.00828643,-0.015424,0.00372823,-0.999874,0.110234,0.4,0,0,DISABLED,0
7.94011,2.7296,0.0870648,0,0.00366518,0.730955,0.00748523,-0.0163732,0.00336649,-0.99986,0.106042,0.4,0,0,DISABLED,0
7.96011,2.7358,0.0858317,0,0.00331459,0.731737,0.00645937,-0.0167237,0.00238086,-0.999857,0.103922,0.4,0,0,DISABLED,0
7.98011,2.74372,0.0840746,0,0.00197521,0.73251,0.00234172,-0.0180631,-0.00446235,-0.999827,0.100191,0.4,0,0,DISABLED,0
8.00011,2.75083,0.0828636,0,0.00267394,0.732725,0.00630054,-0.0173644,-0.00886693,-0.99981,0.0999729,0.4,0,0,DISABLED,0
8.02011,2.75805,0.0822207,0,0.00311846,0.732537,0.009174,-0.0169199,-0.0117836,-0.999787,0.100507,0.4,0,0,DISABLED,0
8.04011,2.7654,0.0819718,0,0.00292541,0.732221,0.0122898,-0.0171129,-0.0150937,-0.99974,0.100775,0.4,0,0,DISABLED,0
8.06011,2.77133,0.0819641,0,0.00272056,0.731991,0.0145915,-0.0173178,-0.017488,-0.999697,0.101324,0.4,0,0,DISABLED,0
8.08011,2.77801,0.0821445,0,0.00273209,0.731807,0.0176865,-0.0173062,-0.0206245,-0.999637,0.102505,0.4,0,0,DISABLED,0
8.10011,2.78768,0.0828661,0,0.00372963,0.73155,0.0221137,-0.0163087,-0.0249518,-0.999556,0.10165,0.4,0,0,DISABLED,0
8.12011,2.79435,0.0836779,0,0.0053756,0.731301,0.0240531,-0.0146627,-0.0265966,-0.999539,0.101325,0.4,0,0,DISABLED,0
8.14011,2.80242,0.0850678,0,0.00849036,0.730917,0.0260633,-0.011548,-0.0277928,-0.999547,0.100141,0.4,0,0,DISABLED,0
8.16011,2.8097,0.0867977,0,0.0117115,0.730571,0.0267874,-0.00832683,-0.0272439,-0.999594,0.0987279,0.4,0,0,DISABLED,0
8.18011,2.81629,0.0887614,0,0.0137252,0.730376,0.025485,-0.00631313,-0.0246246,-0.999677,0.0984881,0.4,0,0,DISABLED,0
8.20011,2.8251,0.0917693,0,0.0152565,0.730117,0.0209368,-0.00478181,-0.0174945,-0.999836,0.100578,0.4,0,0,DISABLED,0
8.22011,2.83184,0.0939484,0,0.0143207,0.729909,0.0160727,-0.00571764,-0.0104397,-0.999929,0.103197,0.4,0,0,DISABLED,0
8.24011,2.83866,0.0954912,0,0.011835,0.730383,0.0152624,-0.00820336,-0.012792,-0.999885,0.103769,0.4,0,0,DISABLED,0
8.26011,2.84769,0.0977832,0,0.00741355,0.731002,0.0100958,-0.0126248,-0.0100064,-0.99987,0.109186,0.4,0,0,DISABLED,0
8.28011,2.85414,0.0996522,0,0.00539119,0.73128,0.00544823,-0.0146471,-0.00385918,-0.999885,0.111312,0.4,0,0,DISABLED,0
8.30011,2.86103,0.101508,0,0.0051129,0.731414,0.00665032,-0.0149254,0.00108564,-0.999888,0.113827,0.4,0,0,DISABLED,0
8.32012,2.86721,0.103042,0,0.0052443,0.73142,0.00725062,-0.014794,0.00184938,-0.999889,0.114819,0.4,0,0,DISABLED,0
8.34012,2.87565,0.104874,0,0.00518075,0.731358,0.00968599,-0.0148576,0.00503097,-0.999877,0.118948,0.4,0,0,DISABLED,0
8.36012,2.88213,0.105934,0,0.00445893,0.731307,0.0110162,-0.0155794,0.00692204,-0.999855,0.120175,0.4,0,0,DISABLED,0
8.38012,2.89006,0.106755,0,0.00392551,0.731226,0.0125014,-0.0161128,0.00872021,-0.999832,0.120507,0.4,0,0,DISABLED,0
8.40012,2.8965,0.107018,0,0.00409583,0.731094,0.0137805,-0.0159425,0.0100046,-0.999823,0.120988,0.4,0,0,DISABLED,0
8.42012,2.90363,0.106887,0,0.0049534,0.730839,0.0150895,-0.0150849,0.0111006,-0.999825,0.121685,0.4,0,0,DISABLED,0
8.44012,2.91074,0.106349,0,0.00626998,0.730454,0.0166698,-0.0137683,0.0122929,-0.99983,0.122509,0.4,0,0,DISABLED,0
8.46012,2.91779,0.105359,0,0.00798663,0.73002,0.0175784,-0.0120517,0.01251,-0.999849,0.124036,0.4,0,0,DISABLED,0
8.48012,2.92483,0.103901,0,0.00946839,0.729644,0.0159984,-0.0105699,0.00973909,-0.999897,0.126406,0.4,0,0,DISABLED,0
8.50012,2.93213,0.102354,0,0.00855866,0.729387,0.011204,-0.0114797,0.00407368,-0.999926,0.126585,0.4,0,0,DISABLED,0
8.52012,2.93948,0.101474,0,0.0053142,0.729892,0.00815593,-0.0147241,0.0030311,-0.999887,0.122743,0.4,0,0,DISABLED,0
8.54012,2.94638,0.100644,0,0.00326089,0.730937,0.00716794,-0.0167774,0.00323374,-0.999854,0.116865,0.4,0,0,DISABLED,0
8.56012,2.95334,0.0993083,0,0.00168409,0.731784,0.00409982,-0.0183542,0.0005869,-0.999831,0.113187,0.4,0,0,DISABLED,0
8.58012,2.96046,0.0977615,0,0.00103641,0.732428,0.00129187,-0.0190019,-0.00393524,-0.999812,0.112403,0.4,0,0,DISABLED,0
8.60012,2.96824,0.0965098,0,0.00160186,0.732607,0.00484606,-0.0184365,-0.0077278,-0.9998,0.111925,0.4,0,0,DISABLED,0
8.62012,2.97466,0.0959758,0,0.00197605,0.732432,0.00698261,-0.0180623,-0.00985868,-0.999788,0.111773,0.4,0,0,DISABLED,0
8.64012,2.98192,0.0957702,0,0.00182211,0.732141,0.0102307,-0.0182162,-0.0132208,-0.999747,0.111774,0.4,0,0,DISABLED,0
8.66012,2.98926,0.0958813,0,0.00140177,0.731873,0.0135141,-0.0186366,-0.0165944,-0.999689,0.112238,0.4,0,0,DISABLED,0
8.68012,2.99662,0.0962994,0,0.00136183,0.731648,0.0166053,-0.0186765,-0.0197021,-0.999631,0.113199,0.4,0,0,DISABLED,0
8.70012,3.00395,0.0970445,0,0.00189932,0.731468,0.0187053,-0.018139,-0.0217601,-0.999599,0.113262,0.4,0,0,DISABLED,0
8.72012,3.01193,0.0982506,0,0.00406736,0.731251,0.0211858,-0.015971,-0.0239428,-0.999586,0.112306,0.4,0,0,DISABLED,0
8.74012,3.01842,0.0995628,0,0.00688083,0.730988,0.0227357,-0.0131575,-0.0248183,-0.999605,0.111233,0.4,0,0,DISABLED,0
8.76013,3.02558,0.101457,0,0.0100986,0.730641,0.0235775,-0.00993972,-0.0244549,-0.999651,0.109996,0.4,0,0,DISABLED,0
8.78013,3.03129,0.103324,0,0.0124966,0.730411,0.0224614,-0.00754175,-0.0218174,-0.999734,0.109823,0.4,0,0,DISABLED,0
8.80013,3.03769,0.105735,0,0.0139741,0.730186,0.0195925,-0.00606427,-0.0168865,-0.999839,0.111353,0.4,0,0,DISABLED,0
8.82013,3.04789,0.109447,0,0.0133193,0.729855,0.0148225,-0.00671899,-0.00965316,-0.999931,0.112924,0.4,0,0,DISABLED,0
8.84013,3.05458,0.111187,0,0.0102307,0.730342,0.0136851,-0.00980762,-0.0122403,-0.999877,0.114442,0.4,0,0,DISABLED,0
8.86013,3.06187,0.113327,0,0.00692053,0.73085,0.00958703,-0.0131178,-0.00978069,-0.999866,0.117793,0.4,0,0,DISABLED,0
8.88013,3.0689,0.11557,0,0.00470019,0.731169,0.00472146,-0.0153381,-0.00290755,-0.999878,0.120234,0.4,0,0,DISABLED,0
8.90013,3.07573,0.117547,0,0.00427882,0.731308,0.00660536,-0.0157595,0.00187914,-0.999874,0.122418,0.4,0,0,DISABLED,0
8.92013,3.08256,0.11933,0,0.00447612,0.731313,0.00865239,-0.0155622,0.00424868,-0.99987,0.125112,0.4,0,0,DISABLED,0
8.94013,3.08954,0.120941,0,0.00433205,0.731289,0.0105519,-0.0157063,0.00646633,-0.999856,0.127339,0.4,0,0,DISABLED,0
8.96013,3.09664,0.122223,0,0.00390032,0.73129,0.012568,-0.016138,0.00879725,-0.999831,0.128675,0.4,0,0,DISABLED,0
8.98013,3.10378,0.123066,0,0.00370531,0.731272,0.0143568,-0.016333,0.0107188,-0.999809,0.129407,0.4,0,0,DISABLED,0
9.00013,3.11092,0.12346,0,0.00394201,0.731161,0.0156671,-0.0160963,0.0120125,-0.999798,0.130014,0.4,0,0,DISABLED,0
9.02013,3.11804,0.12342,0,0.00486598,0.730919,0.016957,-0.0151724,0.0130929,-0.999799,0.13088,0.4,0,0,DISABLED,0
9.04013,3.12512,0.122974,0,0.00640226,0.730543,0.0185292,-0.0136361,0.0142358,-0.999806,0.131988,0.4,0,0,DISABLED,0
9.06013,3.13215,0.122065,0,0.00850912,0.730093,0.0194429,-0.0115292,0.0143313,-0.999831,0.13431,0.4,0,0,DISABLED,0
9.08013,3.13714,0.121204,0,0.00921532,0.729857,0.0174934,-0.010823,0.0117149,-0.999873,0.135708,0.4,0,0,DISABLED,0
9.10013,3.14663,0.119422,0,0.00810845,0.729555,0.0116627,-0.0119299,0.00522463,-0.999915,0.135056,0.4,0,0,DISABLED,0
9.12013,3.154,0.118689,0,0.00484657,0.730066,0.00856237,-0.0151918,0.00390528,-0.999877,0.131625,0.4,0,0,DISABLED,0
9.14013,3.1609,0.117986,0,0.00314713,0.73108,0.00794866,-0.0168912,0.00414679,-0.999849,0.127125,0.4,0,0,DISABLED,0
9.16013,3.16787,0.116831,0,0.00141507,0.731897,0.00411433,-0.0186233,0.000721383,-0.999826,0.121992,0.4,0,0,DISABLED,0
9.18013,3.17502,0.115491,0,0.000972209,0.732541,0.00109183,-0.0190661,-0.00370345,-0.999811,0.120527,0.4,0,0,DISABLED,0
9.20014,3.18281,0.114423,0,0.00158062,0.732715,0.00439453,-0.0184577,-0.00726543,-0.999803,0.120598,0.4,0,0,DISABLED,0
9.22014,3.18997,0.113996,0,0.00193626,0.73252,0.00701667,-0.0181021,-0.00990536,-0.999787,0.120464,0.4,0,0,DISABLED,0
9.24014,3.1965,0.113899,0,0.00180021,0.732271,0.00937325,-0.0182381,-0.0123554,-0.999757,0.121,0.4,0,0,DISABLED,0
9.26014,3.20455,0.114103,0,0.00154645,0.732008,0.0120102,-0.0184919,-0.0150639,-0.999716,0.121761,0.4,0,0,DISABLED,0
9.28014,3.20971,0.11445,0,0.00138637,0.731866,0.0150935,-0.018652,-0.0181798,-0.999661,0.122153,0.4,0,0,DISABLED,0
9.30014,3.2186,0.115436,0,0.00193219,0.73159,0.0187435,-0.0181061,-0.0217937,-0.999599,0.121453,0.4,0,0,DISABLED,0
9.32014,3.22596,0.116589,0,0.00347326,0.731291,0.0205778,-0.0165651,-0.0234324,-0.999588,0.121323,0.4,0,0,DISABLED,0
9.34014,3.23324,0.118121,0,0.00618513,0.730937,0.0223363,-0.0138532,-0.0246141,-0.999601,0.120499,0.4,0,0,DISABLED,0
9.36014,3.24041,0.120134,0,0.00955242,0.730558,0.0232721,-0.0104859,-0.0243719,-0.999648,0.119239,0.4,0,0,DISABLED,0
9.38014,3.24754,0.122648,0,0.0124192,0.730271,0.0218589,-0.00761911,-0.0211425,-0.999747,0.118945,0.4,0,0,DISABLED,0
9.40014,3.25474,0.125483,0,0.0137217,0.729982,0.0183579,-0.0063166,-0.0153442,-0.999862,0.119342,0.4,0,0,DISABLED,0
9.42014,3.26128,0.127829,0,0.0129313,0.729787,0.015441,-0.00710705,-0.0115863,-0.999908,0.12204,0.4,0,0,DISABLED,0
9.44014,3.26958,0.130061,0,0.00961245,0.730468,0.0143568,-0.0104259,-0.0138173,-0.99985,0.125611,0.4,0,0,DISABLED,0
9.46014,3.27684,0.132454,0,0.00671833,0.730999,0.00987492,-0.01332,-0.0103892,-0.999857,0.128175,0.4,0,0,DISABLED,0
9.48014,3.28387,0.134852,0,0.00492139,0.731336,0.0049314,-0.0151169,-0.00302025,-0.999881,0.130634,0.4,0,0,DISABLED,0
9.50014,3.29075,0.136916,0,0.00462298,0.731479,0.00669499,-0.0154153,0.00168661,-0.99988,0.133152,0.4,0,0,DISABLED,0
9.52014,3.29623,0.138399,0,0.00499614,0.731453,0.00837942,-0.0150422,0.00357287,-0.99988,0.136067,0.4,0,0,DISABLED,0
9.54014,3.30461,0.140426,0,0.00497224,0.731408,0.0101957,-0.0150661,0.00574668,-0.99987,0.137975,0.4,0,0,DISABLED,0
9.56014,3.31105,0.141626,0,0.00453332,0.731388,0.0120795,-0.015505,0.00804599,-0.999847,0.139659,0.4,0,0,DISABLED,0
9.58014,3.31897,0.142615,0,0.00420471,0.731307,0.0142065,-0.0158336,0.0104202,-0.99982,0.141003,0.4,0,0,DISABLED,0
9.60014,3.32618,0.143056,0,0.0043759,0.731131,0.0154178,-0.0156624,0.0116306,-0.99981,0.141445,0.4,0,0,DISABLED,0
9.62014,3.33336,0.143061,0,0.00531968,0.730839,0.0166734,-0.0147186,0.0126492,-0.999812,0.142154,0.4,0,0,DISABLED,0
9.64015,3.33765,0.142871,0,0.0062221,0.730607,0.0176156,-0.0138162,0.0133295,-0.999816,0.142671,0.4,0,0,DISABLED,0
9.66015,3.34832,0.141712,0,0.00890798,0.729928,0.0193814,-0.0111303,0.0140602,-0.999839,0.145037,0.4,0,0,DISABLED,0
9.68015,3.35337,0.140881,0,0.00992322,0.729667,0.0181949,-0.0101151,0.0120973,-0.999876,0.146738,0.4,0,0,DISABLED,0
9.70015,3.36227,0.139353,0,0.00881386,0.729352,0.0119953,-0.0112245,0.00497893,-0.999925,0.146661,0.4,0,0,DISABLED,0
9.72015,3.36972,0.138729,0,0.00569539,0.729898,0.00881618,-0.0143429,0.00357136,-0.999891,0.142887,0.4,0,0,DISABLED,0
9.74015,3.37731,0.137998,0,0.00434641,0.731073,0.00779725,-0.0156919,0.00331609,-0.999871,0.136972,0.4,0,0,DISABLED,0
9.76015,3.38221,0.137219,0,0.00354025,0.731679,0.005839,-0.0164981,0.00148611,-0.999863,0.133753,0.4,0,0,DISABLED,0
9.78015,3.39015,0.135718,0,0.00288877,0.732457,0.00302971,-0.0171496,-0.00411195,-0.999844,0.131415,0.4,0,0,DISABLED,0
9.80015,3.39804,0.134561,0,0.00366053,0.7327,0.0062244,-0.0163778,-0.00819185,-0.999832,0.130777,0.4,0,0,DISABLED,0
9.82015,3.40527,0.1341,0,0.00422014,0.732514,0.0086386,-0.0158182,-0.010698,-0.999818,0.131067,0.4,0,0,DISABLED,0
9.84015,3.41261,0.134045,0,0.00407428,0.732215,0.0110755,-0.0159641,-0.0134506,-0.999782,0.131331,0.4,0,0,DISABLED,0
9.86015,3.42003,0.134285,0,0.00368945,0.731947,0.0142023,-0.0163489,-0.0168703,-0.999724,0.131795,0.4,0,0,DISABLED,0
9.88015,3.42745,0.134821,0,0.00366174,0.731715,0.0175784,-0.0163766,-0.0203466,-0.999659,0.132338,0.4,0,0,DISABLED,0
9.90015,3.43483,0.135675,0,0.00444265,0.7315,0.0203448,-0.0155957,-0.0230048,-0.999614,0.133123,0.4,0,0,DISABLED,0
9.92015,3.4421,0.13688,0,0.00641146,0.731277,0.0227148,-0.0136269,-0.0249426,-0.999596,0.13263,0.4,0,0,DISABLED,0
9.94015,3.44857,0.138292,0,0.00896263,0.731028,0.0245194,-0.0110757,-0.0259755,-0.999601,0.131447,0.4,0,0,DISABLED,0
9.96015,3.45638,0.140513,0,0.0126364,0.730616,0.0256947,-0.00740191,-0.025524,-0.999647,0.129487,0.4,0,0,DISABLED,0
9.98015,3.46358,0.143017,0,0.014727,0.730352,0.023996,-0.0053113,-0.0220955,-0.999742,0.12935,0.4,0,0,DISABLED,0
10.0002,3.47155,0.146113,0,0.0152504,0.73003,0.0192766,-0.00478792,-0.0149406,-0.999877,0.130902,0.4,0,0,DISABLED,0
10.0202,3.47894,0.148668,0,0.013806,0.729897,0.0160764,-0.00623234,-0.0113835,-0.999916,0.13189,0.4,0,0,DISABLED,0
10.0402,3.4857,0.150512,0,0.0103335,0.730412,0.0149905,-0.00970487,-0.0140164,-0.999855,0.133781,0.4,0,0,DISABLED,0
10.0602,3.49371,0.153029,0,0.00688362,0.730916,0.00988698,-0.0131547,-0.0102436,-0.999861,0.137421,0.4,0,0,DISABLED,0
10.0802,3.50001,0.155088,0,0.00531241,0.731176,0.00540429,-0.0147259,-0.00409,-0.999883,0.13913,0.4,0,0,DISABLED,0
10.1002,3.50685,0.157072,0,0.00513627,0.731289,0.00634767,-0.0149021,0.000565871,-0.999889,0.141694,0.4,0,0,DISABLED,0
10.1202,3.51371,0.158855,0,0.00534399,0.731274,0.00772814,-0.0146943,0.00242737,-0.999889,0.143877,0.4,0,0,DISABLED,0
10.1402,3.52072,0.160448,0,0.0051784,0.731243,0.00934778,-0.0148599,0.00462316,-0.999879,0.145886,0.4,0,0,DISABLED,0
10.1602,3.52857,0.161783,0,0.00474906,0.731223,0.011188,-0.0152893,0.00697642,-0.999859,0.147247,0.4,0,0,DISABLED,0
10.1802,3.53574,0.162513,0,0.00456939,0.731166,0.0128587,-0.0154689,0.008866,-0.999841,0.14788,0.4,0,0,DISABLED,0
10.2002,3.54221,0.162791,0,0.00489784,0.731027,0.0143318,-0.0151405,0.010314,-0.999832,0.148368,0.4,0,0,DISABLED,0
10.2202,3.54938,0.16269,0,0.005755,0.730751,0.0155717,-0.0142833,0.0113187,-0.999834,0.14883,0.4,0,0,DISABLED,0
10.2402,3.55721,0.162123,0,0.00730291,0.730304,0.0174251,-0.0127354,0.012669,-0.999839,0.149595,0.4,0,0,DISABLED,0
10.2602,3.5636,0.161283,0,0.00823818,0.729932,0.0182341,-0.0118001,0.0131149,-0.999844,0.150272,0.4,0,0,DISABLED,0
10.2802,3.57083,0.160022,0,0.00976908,0.729661,0.0161467,-0.0102692,0.00969952,-0.9999,0.152836,0.4,0,0,DISABLED,0
10.3002,3.57826,0.158748,0,0.00832184,0.729476,0.0107589,-0.0117165,0.00366594,-0.999925,0.152557,0.4,0,0,DISABLED,0
10.3202,3.5856,0.15806,0,0.00544367,0.730071,0.00811196,-0.0145947,0.00285581,-0.999889,0.14965,0.4,0,0,DISABLED,0
10.3402,3.59244,0.157319,0,0.00426029,0.731095,0.0070843,-0.015778,0.00250281,-0.999872,0.143306,0.4,0,0,DISABLED,0
10.3602,3.6002,0.155979,0,0.00302508,0.731976,0.00436732,-0.0170133,-5.00004e-06,-0.999855,0.139856,0.4,0,0,DISABLED,0
10.3802,3.60673,0.154765,0,0.00231346,0.732487,0.00262948,-0.0177249,-0.00442763,-0.999833,0.138975,0.4,0,0,DISABLED,0
10.4002,3.6139,0.153785,0,0.00281759,0.732632,0.00578774,-0.0172207,-0.00821261,-0.999818,0.138342,0.4,0,0,DISABLED,0
10.4202,3.62109,0.153333,0,0.00328418,0.73243,0.00845025,-0.0167542,-0.010939,-0.9998,0.138144,0.4,0,0,DISABLED,0
10.4402,3.62911,0.153284,0,0.00321252,0.732106,0.0112252,-0.0168258,-0.0139092,-0.999762,0.138455,0.4,0,0,DISABLED,0
10.4602,3.63573,0.153527,0,0.00296508,0.731868,0.0143443,-0.0170732,-0.0171865,-0.999707,0.139461,0.4,0,0,DISABLED,0
10.4802,3.6431,0.154118,0,0.00311252,0.731636,0.0175274,-0.0169258,-0.0203989,-0.999649,0.13977,0.4,0,0,DISABLED,0
10.5002,3.65043,0.155029,0,0.00405624,0.731416,0.020183,-0.0159821,-0.022923,-0.999609,0.139768,0.4,0,0,DISABLED,0
10.5202,3.65766,0.156267,0,0.00611529,0.731172,0.0223523,-0.013923,-0.0246503,-0.999599,0.139432,0.4,0,0,DISABLED,0
10.5402,3.66481,0.157904,0,0.00905698,0.730865,0.0241298,-0.0109813,-0.0255182,-0.999614,0.138358,0.4,0,0,DISABLED,0
10.5602,3.67262,0.160256,0,0.0121029,0.730513,0.0248022,-0.00793544,-0.0248012,-0.999661,0.137131,0.4,0,0,DISABLED,0
10.5802,3.67975,0.162873,0,0.0142088,0.730298,0.0229315,-0.00582949,-0.0211541,-0.999759,0.137199,0.4,0,0,DISABLED,0
10.6002,3.6862,0.165469,0,0.0148182,0.730066,0.0190025,-0.00522009,-0.0150489,-0.999873,0.138252,0.4,0,0,DISABLED,0
10.6202,3.69348,0.168186,0,0.0133314,0.729849,0.0152702,-0.0067069,-0.0106022,-0.999921,0.139901,0.4,0,0,DISABLED,0
10.6402,3.70167,0.170516,0,0.00993646,0.730453,0.01424,-0.0101019,-0.0133487,-0.99986,0.1415,0.4,0,0,DISABLED,0
10.6602,3.70742,0.172381,0,0.00710672,0.730826,0.0106082,-0.0129316,-0.0110289,-0.999856,0.144228,0.4,0,0,DISABLED,0
10.6802,3.71513,0.17498,0,0.00475606,0.731169,0.00479661,-0.0152823,-0.00258489,-0.99988,0.147394,0.4,0,0,DISABLED,0
10.7002,3.72198,0.176973,0,0.00430318,0.731299,0.00665928,-0.0157351,0.00192446,-0.999874,0.149909,0.4,0,0,DISABLED,0
10.7202,3.72881,0.178768,0,0.00464661,0.731298,0.0085135,-0.0153917,0.00397197,-0.999874,0.152609,0.4,0,0,DISABLED,0
10.7402,3.73647,0.18057,0,0.00472967,0.731267,0.0106643,-0.0153087,0.0064039,-0.999862,0.155035,0.4,0,0,DISABLED,0
10.7602,3.74213,0.181637,0,0.00458641,0.73126,0.0120548,-0.0154519,0.00799867,-0.999849,0.155797,0.4,0,0,DISABLED,0
10.7802,3.74925,0.182573,0,0.0044404,0.731244,0.0141223,-0.0155979,0.0102532,-0.999826,0.156524,0.4,0,0,DISABLED,0
10.8002,3.75714,0.18308,0,0.00465637,0.731111,0.0157505,-0.015382,0.0118941,-0.999811,0.157736,0.4,0,0,DISABLED,0
10.8202,3.76432,0.183121,0,0.0054153,0.73085,0.0169288,-0.014623,0.012887,-0.99981,0.15837,0.4,0,0,DISABLED,0
10.8402,3.77139,0.182709,0,0.00723071,0.730395,0.0182472,-0.0128076,0.0136008,-0.999825,0.15979,0.4,0,0,DISABLED,0
10.8602,3.77857,0.181946,0,0.00889284,0.729948,0.0191276,-0.0111455,0.0137823,-0.999843,0.161358,0.4,0,0,DISABLED,0
10.8802,3.78582,0.180835,0,0.00958988,0.729648,0.0168441,-0.0104484,0.010691,-0.999888,0.162512,0.4,0,0,DISABLED,0
10.9002,3.79324,0.179639,0,0.00844021,0.729453,0.0120647,-0.0115981,0.00546277,-0.999918,0.162193,0.4,0,0,DISABLED,0
10.9202,3.80151,0.178992,0,0.00485551,0.730074,0.00837942,-0.0151828,0.00366477,-0.999878,0.157968,0.4,0,0,DISABLED,0
10.9402,3.80769,0.178344,0,0.00354736,0.730924,0.00767396,-0.016491,0.00365415,-0.999857,0.153595,0.4,0,0,DISABLED,0
10.9602,3.81471,0.177277,0,0.00273283,0.731679,0.00612789,-0.0173055,0.00233593,-0.999848,0.150846,0.4,0,0,DISABLED,0
10.9802,3.82197,0.176089,0,0.00182574,0.73227,0.00185932,-0.0182126,-0.00276618,-0.99983,0.14849,0.4,0,0,DISABLED,0
11.0002,3.82919,0.175281,0,0.00218975,0.732453,0.00432619,-0.0178486,-0.00689117,-0.999817,0.147665,0.4,0,0,DISABLED,0
11.0202,3.83645,0.174976,0,0.00246559,0.732285,0.00668608,-0.0175727,-0.00936951,-0.999802,0.147969,0.4,0,0,DISABLED,0
11.0402,3.84452,0.175088,0,0.00238696,0.732007,0.00930304,-0.0176514,-0.0121459,-0.99977,0.148189,0.4,0,0,DISABLED,0
11.0602,3.8512,0.175488,0,0.00202805,0.7318,0.0131701,-0.0180103,-0.016165,-0.999707,0.147788,0.4,0,0,DISABLED,0
11.0802,3.85864,0.176212,0,0.00208899,0.731592,0.016555,-0.0179493,-0.0195751,-0.999647,0.148301,0.4,0,0,DISABLED,0
11.1002,3.86602,0.177254,0,0.00302354,0.731391,0.0195803,-0.0170148,-0.0224952,-0.999602,0.148243,0.4,0,0,DISABLED,0
11.1202,3.87328,0.178628,0,0.00514911,0.731162,0.0219758,-0.0148892,-0.0245133,-0.999589,0.147708,0.4,0,0,DISABLED,0
11.1402,3.88047,0.180375,0,0.00811557,0.730872,0.0239114,-0.0119228,-0.0256436,-0.9996,0.146746,0.4,0,0,DISABLED,0
11.1602,3.8876,0.182566,0,0.0113076,0.730568,0.0247782,-0.00873069,-0.0251992,-0.999644,0.14547,0.4,0,0,DISABLED,0
11.1802,3.8947,0.185233,0,0.0138473,0.73035,0.0229757,-0.00619106,-0.0214872,-0.99975,0.145363,0.4,0,0,DISABLED,0
11.2002,3.90184,0.188203,0,0.0147617,0.730105,0.0191649,-0.00527662,-0.015372,-0.999868,0.14585,0.4,0,0,DISABLED,0
11.2202,3.90915,0.190924,0,0.0133808,0.729967,0.0157808,-0.00665751,-0.0115144,-0.999912,0.147522,0.4,0,0,DISABLED,0
11.2402,3.91661,0.193089,0,0.0100585,0.730567,0.0147822,-0.00997981,-0.0139879,-0.999852,0.149538,0.4,0,0,DISABLED,0
11.2602,3.92455,0.195762,0,0.00694057,0.731064,0.0102015,-0.0130978,-0.0106315,-0.999858,0.152517,0.4,0,0,DISABLED,0
11.2802,3.93082,0.197923,0,0.00495185,0.731312,0.00496753,-0.0150865,-0.00293883,-0.999882,0.154983,0.4,0,0,DISABLED,0
11.3002,3.93832,0.200205,0,0.00477053,0.73141,0.00641306,-0.0152678,0.00112616,-0.999883,0.157146,0.4,0,0,DISABLED,0
11.3202,3.94447,0.201912,0,0.00492889,0.731386,0.00792614,-0.0151094,0.00305487,-0.999881,0.159171,0.4,0,0,DISABLED,0
11.3402,3.95142,0.20363,0,0.00479228,0.73135,0.00971671,-0.015246,0.00529606,-0.99987,0.161126,0.4,0,0,DISABLED,0
11.3602,3.95922,0.20511,0,0.0043348,0.73133,0.0118654,-0.0157035,0.0078986,-0.999846,0.162546,0.4,0,0,DISABLED,0
11.3802,3.96565,0.20593,0,0.00414978,0.731288,0.0133499,-0.0158886,0.00953926,-0.999828,0.162696,0.4,0,0,DISABLED,0
11.4002,3.97352,0.206423,0,0.00438545,0.73111,0.0147297,-0.0156529,0.0109078,-0.999818,0.16321,0.4,0,0,DISABLED,0
11.4202,3.97997,0.206445,0,0.00521868,0.730858,0.0159199,-0.0148197,0.0118878,-0.99982,0.163774,0.4,0,0,DISABLED,0
11.4402,3.98705,0.20603,0,0.00709827,0.730393,0.017408,-0.0129401,0.0127432,-0.999835,0.165291,0.4,0,0,DISABLED,0
11.4602,3.99497,0.205174,0,0.00860824,0.729871,0.0184648,-0.0114301,0.0131834,-0.999848,0.166456,0.4,0,0,DISABLED,0
11.4802,4.00077,0.204289,0,0.00944935,0.7296,0.0170061,-0.010589,0.0109838,-0.999884,0.167608,0.4,0,0,DISABLED,0
11.5002,4.00894,0.203044,0,0.00816814,0.729357,0.0112676,-0.0118702,0.00460925,-0.999919,0.166453,0.4,0,0,DISABLED,0
11.5202,4.01642,0.202539,0,0.00473804,0.729962,0.00813397,-0.0153003,0.00344659,-0.999877,0.162448,0.4,0,0,DISABLED,0
11.5402,4.02334,0.20192,0,0.00317305,0.731004,0.00680098,-0.0168653,0.00287276,-0.999854,0.156485,0.4,0,0,DISABLED,0
11.5602,4.03041,0.200845,0,0.00208227,0.731808,0.00422864,-0.0179561,0.00054287,-0.999839,0.153697,0.4,0,0,DISABLED,0
11.5802,4.03769,0.199601,0,0.0015754,0.732402,0.00172634,-0.0184629,-0.00393022,-0.999822,0.152034,0.4,0,0,DISABLED,0
11.6002,4.04491,0.198723,0,0.00212844,0.732568,0.0049314,-0.0179099,-0.00759948,-0.999811,0.15145,0.4,0,0,DISABLED,0
11.6202,4.05214,0.198368,0,0.00264754,0.732376,0.00758018,-0.0173908,-0.0102548,-0.999796,0.151736,0.4,0,0,DISABLED,0
11.6402,4.05946,0.198417,0,0.00265807,0.73209,0.0104611,-0.0173803,-0.0132714,-0.999761,0.151939,0.4,0,0,DISABLED,0
11.6602,4.06685,0.198813,0,0.00243877,0.731814,0.0138065,-0.0175996,-0.0167412,-0.999705,0.151976,0.4,0,0,DISABLED,0
11.6802,4.07424,0.199522,0,0.00262623,0.731572,0.0168724,-0.0174121,-0.0198197,-0.999652,0.152568,0.4,0,0,DISABLED,0
11.7002,4.08159,0.200559,0,0.00378598,0.73136,0.0198644,-0.0162524,-0.0226518,-0.999611,0.15231,0.4,0,0,DISABLED,0
11.7202,4.08884,0.201916,0,0.00575984,0.73113,0.0219378,-0.0142785,-0.0243194,-0.999602,0.152018,0.4,0,0,DISABLED,0
11.7402,4.09598,0.203674,0,0.00883013,0.730845,0.023839,-0.0112082,-0.0252938,-0.999617,0.151009,0.4,0,0,DISABLED,0
11.7602,4.10237,0.205658,0,0.0116295,0.730587,0.024631,-0.00840885,-0.0248636,-0.999655,0.149864,0.4,0,0,DISABLED,0
11.7802,4.11015,0.208618,0,0.0143036,0.73034,0.0226675,-0.00573468,-0.0207395,-0.999768,0.149792,0.4,0,0,DISABLED,0
11.8002,4.1173,0.211617,0,0.0150115,0.730092,0.019406,-0.00502684,-0.0154495,-0.999868,0.150175,0.4,0,0,DISABLED,0
11.8202,4.12536,0.214633,0,0.0131044,0.729926,0.0149905,-0.00693388,-0.0104328,-0.999922,0.152538,0.4,0,0,DISABLED,0
11.8402,4.1328,0.216837,0,0.00998415,0.730504,0.0139525,-0.0100542,-0.0128932,-0.999866,0.153628,0.4,0,0,DISABLED,0
11.8602,4.13927,0.219028,0,0.00681103,0.730924,0.00959324,-0.0132273,-0.00990457,-0.999863,0.156656,0.4,0,0,DISABLED,0
11.8802,4.14553,0.221225,0,0.00505551,0.731205,0.00507437,-0.0149828,-0.0036228,-0.999881,0.158645,0.4,0,0,DISABLED,0
11.9002,4.15301,0.223566,0,0.00476281,0.731331,0.00673051,-0.0152755,0.00159956,-0.999882,0.161128,0.4,0,0,DISABLED,0
11.9202,4.15982,0.225489,0,0.00511982,0.731305,0.00861096,-0.0149185,0.00376676,-0.999882,0.163668,0.4,0,0,DISABLED,0
11.9402,4.16679,0.227263,0,0.00505075,0.731253,0.0104725,-0.0149876,0.00601832,-0.99987,0.166172,0.4,0,0,DISABLED,0
11.9602,4.1739,0.228724,0,0.00464942,0.731232,0.0123624,-0.0153889,0.00830446,-0.999847,0.167388,0.4,0,0,DISABLED,0
11.9802,4.18105,0.229748,0,0.00446784,0.731203,0.0140589,-0.0155705,0.0101785,-0.999827,0.167988,0.4,0,0,DISABLED,0
12.0002,4.18679,0.230254,0,0.00465203,0.731119,0.0152663,-0.0153863,0.0113879,-0.999817,0.168414,0,0,0,DISABLED,0
12.0202,4.19538,0.23046,0,0.00571847,0.730827,0.0166412,-0.0143199,0.0124769,-0.99982,0.169643,0,0,0,DISABLED,0
12.0402,4.20319,0.23012,0,0.00722132,0.730413,0.017974,-0.012817,0.0133065,-0.999829,0.170757,0,0,0,DISABLED,0
12.0602,4.20955,0.229436,0,0.00866544,0.730149,0.0184938,-0.0113729,0.0131862,-0.999848,0.172198,0,0,0,DISABLED,0
12.0802,4.2167,0.228355,0,0.00928527,0.7301,0.0158524,-0.0107531,0.00969103,-0.999895,0.173079,0,0,0,DISABLED,0
12.1002,4.22389,0.227148,0,0.00839595,0.730156,0.0105857,-0.0116424,0.00328439,-0.999927,0.172423,0,0,0,DISABLED,0
12.1202,4.23026,0.226442,0,0.00643174,0.73066,0.00803815,-0.0136066,0.00166311,-0.999906,0.171653,0,0,0,DISABLED,0
12.1402,4.23786,0.225713,0,0.00613105,0.731976,0.00825761,-0.0139073,0.0023724,-0.9999,0.164176,0,0,0,DISABLED,0
12.1602,4.24327,0.224555,0,0.00716083,0.732769,0.00754076,-0.0128775,-0.000815268,-0.999917,0.159271,0,0,0,DISABLED,0
12.1802,4.24969,0.222892,0,0.00875566,0.733428,0.00891033,-0.0112827,-0.00478497,-0.999925,0.158719,0,0,0,DISABLED,0
12.2002,4.25467,0.221899,0,0.0108064,0.733539,0.0113414,-0.00923194,-0.00658981,-0.999936,0.158241,0,0,0,DISABLED,0
12.2202,4.25839,0.221451,0,0.0124409,0.733436,0.0129878,-0.00759744,-0.00687809,-0.999947,0.157283,0,0,0,DISABLED,0
12.2402,4.26457,0.221181,0,0.0127039,0.733173,0.0134078,-0.00733442,-0.00744661,-0.999945,0.155982,0,0,0,DISABLED,0
12.2602,4.27003,0.221331,0,0.0125946,0.732946,0.0136371,-0.00744374,-0.00837267,-0.999937,0.155009,0,0,0,DISABLED,0
12.2802,4.27449,0.221763,0,0.0115178,0.73273,0.0127423,-0.00852054,-0.00860538,-0.999927,0.154447,0,0,0,DISABLED,0
12.3002,4.28004,0.222591,0,0.0084177,0.732261,0.00953716,-0.0116206,-0.00763405,-0.999903,0.152706,0,0,0,DISABLED,0
12.3202,4.28478,0.223513,0,0.00574449,0.731615,0.00630999,-0.0142938,-0.00576989,-0.999881,0.151532,0,0,0,DISABLED,0
12.3402,4.2896,0.224967,0,0.00311349,0.730689,0.00320188,-0.0169248,-0.00237118,-0.999854,0.150593,0,0,0,DISABLED,0
12.3602,4.29256,0.226096,0,0.000493094,0.730049,0.00332964,-0.0195452,0.000156913,-0.999809,0.149492,0,0,0,DISABLED,0
12.3802,4.29759,0.227758,0,-0.00453175,0.729869,0.00455439,-0.0245701,-0.00284077,-0.999694,0.148501,0,0,0,DISABLED,0
12.4002,4.30105,0.229158,0,-0.00639629,0.730399,0.00650534,-0.0264346,-0.0042959,-0.999641,0.149007,0,0,0,DISABLED,0
12.4202,4.30398,0.230553,0,-0.00677958,0.731044,0.00687074,-0.0268179,-0.00424772,-0.999631,0.149932,0,0,0,DISABLED,0
12.4402,4.30668,0.231905,0,-0.00699406,0.731452,0.00720113,-0.0270324,-0.00482927,-0.999623,0.150387,0,0,0,DISABLED,0
12.4602,4.30913,0.233333,0,-0.00666594,0.731492,0.00705901,-0.0267043,-0.00546757,-0.999628,0.150899,0,0,0,DISABLED,0
12.4802,4.31092,0.234752,0,-0.00371043,0.731059,0.00572561,-0.0237488,-0.00751123,-0.99969,0.150578,0,0,0,DISABLED,0
12.5002,4.31203,0.235798,0,-0.000752736,0.73036,0.00759589,-0.0207911,-0.0107083,-0.999726,0.150188,0,0,0,DISABLED,0
12.5202,4.3134,0.236934,0,0.000716567,0.730197,0.00901672,-0.0193218,-0.0121395,-0.99974,0.150866,0,0,0,DISABLED,0
12.5402,4.31436,0.237923,0,0.0015617,0.730596,0.00827203,-0.0184766,-0.0112792,-0.999766,0.15,0,0,0,DISABLED,0
12.5602,4.31497,0.238664,0,0.00325961,0.731348,0.00841491,-0.0167787,-0.0109153,-0.9998,0.148678,0,0,0,DISABLED,0
12.5802,4.31533,0.239119,0,0.00508086,0.731916,0.00903653,-0.0149575,-0.0106306,-0.999832,0.148088,0,0,0,DISABLED,0
12.6002,4.31553,0.239429,0,0.00688467,0.732159,0.00966751,-0.0131537,-0.00993206,-0.999864,0.148425,0,0,0,DISABLED,0
12.6202,4.31559,0.239684,0,0.00859744,0.732158,0.0100544,-0.0114409,-0.00835493,-0.9999,0.150257,0,0,0,DISABLED,0
12.6402,4.31542,0.239869,0,0.0104436,0.73206,0.0108636,-0.00959476,-0.00614937,-0.999935,0.152079,0,0,0,DISABLED,0
12.6602,4.31517,0.239876,0,0.0110872,0.732173,0.0114877,-0.00895116,-0.00615144,-0.999941,0.15167,0,0,0,DISABLED,0
12.6802,4.31481,0.239909,0,0.0111681,0.732282,0.0115136,-0.00887024,-0.00595149,-0.999943,0.150858,0,0,0,DISABLED,0
12.7002,4.31434,0.239939,0,0.0110109,0.732369,0.0112888,-0.00902747,-0.00564949,-0.999943,0.150524,0,0,0,DISABLED,0
12.7202,4.3138,0.239957,0,0.0106612,0.732445,0.010891,-0.00937715,-0.00537797,-0.999942,0.150306,0,0,0,DISABLED,0
12.7402,4.31313,0.24,0,0.0101718,0.732524,0.0103638,-0.00986654,-0.00512911,-0.999938,0.1501,0,0,0,DISABLED,0
12.7602,4.31255,0.240071,0,0.00960306,0.732588,0.00975956,-0.0104353,-0.00487375,-0.999934,0.149893,0,0,0,DISABLED,0
12.7802,4.31186,0.24018,0,0.00899174,0.73266,0.0091088,-0.0110466,-0.00459364,-0.999928,0.149674,0,0,0,DISABLED,0
12.8002,4.31114,0.240305,0,0.00834285,0.732728,0.00842907,-0.0116955,-0.00430316,-0.999922,0.149438,0,0,0,DISABLED,0
12.8202,4.31032,0.240441,0,0.00766203,0.732797,0.00772042,-0.0123763,-0.00405187,-0.999915,0.149202,0,0,0,DISABLED,0
12.8402,4.30965,0.240539,0,0.00688186,0.732849,0.0069226,-0.0131565,-0.00389008,-0.999906,0.149003,0,0,0,DISABLED,0
12.8602,4.30891,0.240619,0,0.00620471,0.732904,0.00625306,-0.0138336,-0.00383243,-0.999897,0.148914,0,0,0,DISABLED,0
12.8802,4.30818,0.240658,0,0.00541275,0.732955,0.00544823,-0.0146256,-0.00379234,-0.999886,0.148856,0,0,0,DISABLED,0
12.9002,4.30739,0.240658,0,0.00450423,0.733007,0.00455439,-0.0155341,-0.00375279,-0.999872,0.148808,0,0,0,DISABLED,0
12.9202,4.30677,0.240633,0,0.00374459,0.733045,0.00378221,-0.0162937,-0.00372067,-0.99986,0.148773,0,0,0,DISABLED,0
12.9402,4.30611,0.240583,0,0.00290169,0.733084,0.00294996,-0.0171366,-0.00368894,-0.999846,0.148739,0,0,0,DISABLED,0
12.9602,4.30548,0.24052,0,0.00207469,0.733119,0.00212837,-0.0179636,-0.00366636,-0.999832,0.148712,0,0,0,DISABLED,0
12.9802,4.30487,0.240448,0,0.0012725,0.733151,0.00133721,-0.0187658,-0.00365176,-0.999817,0.148692,0,0,0,DISABLED,0
13.0002,4.3043,0.240372,0,0.000500109,0.73318,0.000690534,-0.0195382,-0.00364299,-0.999802,0.148678,0,0,0,DISABLED,0
13.0202,4.30377,0.240294,0,-0.000238497,0.733206,0.000488281,-0.0202768,-0.00363855,-0.999788,0.148668,0,0,0,DISABLED,0
13.0402,4.30327,0.240216,0,-0.00094053,0.733229,0.0010358,-0.0209789,-0.00363736,-0.999773,0.148663,0,0,0,DISABLED,0
13.0602,4.3028,0.24014,0,-0.00160136,0.733249,0.00169146,-0.0216397,-0.00363851,-0.999759,0.148662,0,0,0,DISABLED,0
13.0802,4.30237,0.240067,0,-0.00221499,0.733267,0.00226407,-0.0222533,-0.00364133,-0.999746,0.148662,0,0,0,DISABLED,0
13.1002,4.30197,0.239998,0,-0.00277973,0.733283,0.00282613,-0.0228181,-0.00364552,-0.999733,0.148664,0,0,0,DISABLED,0
13.1202,4.30162,0.239933,0,-0.003296,0.733296,0.00332964,-0.0233343,-0.00365049,-0.999721,0.148667,0,0,0,DISABLED,0
13.1402,4.30129,0.239873,0,-0.00376461,0.733308,0.00379794,-0.0238029,-0.00365559,-0.99971,0.148671,0,0,0,DISABLED,0
13.1602,4.301,0.239819,0,-0.00418658,0.733318,0.00421452,-0.0242249,-0.00366042,-0.9997,0.148672,0,0,0,DISABLED,0
13.1802,4.30075,0.239771,0,-0.00456257,0.733326,0.00459348,-0.0246009,-0.00366458,-0.999691,0.148673,0,0,0,DISABLED,0
13.2002,4.30052,0.239727,0,-0.00489307,0.733333,0.0049193,-0.0249314,-0.00366849,-0.999682,0.148674,0,0,0,DISABLED,0
13.2202,4.30032,0.239689,0,-0.00517955,0.733339,0.00521342,-0.0252179,-0.00367254,-0.999675,0.148674,0,0,0,DISABLED,0
13.2402,4.30015,0.239655,0,-0.00542499,0.733344,0.00544823,-0.0254633,-0.00367684,-0.999669,0.148674,0,0,0,DISABLED,0
13.2602,4.30001,0.239625,0,-0.00563285,0.733349,0.00566281,-0.0256712,-0.0036814,-0.999664,0.148673,0,0,0,DISABLED,0
13.2802,4.29988,0.239598,0,-0.0058066,0.733352,0.00582879,-0.0258449,-0.00368617,-0.999659,0.148672,0,0,0,DISABLED,0
13.3002,4.29978,0.239575,0,-0.00594961,0.733356,0.00598021,-0.0259879,-0.00369109,-0.999655,0.148669,0,0,0,DISABLED,0
13.3202,4.29969,0.239554,0,-0.00606504,0.733358,0.00608886,-0.0261034,-0.00369613,-0.999652,0.148666,0,0,0,DISABLED,0
13.3402,4.29963,0.239539,0,-0.00615592,0.73336,0.00618598,-0.0261942,-0.00370123,-0.99965,0.148662,0,0,0,DISABLED,0
13.3602,4.29957,0.239524,0,-0.00622507,0.733362,0.00625306,-0.0262634,-0.00370635,-0.999648,0.148658,0,0,0,DISABLED,0
13.3802,4.29953,0.239512,0,-0.00627514,0.733363,0.00630054,-0.0263135,-0.00371144,-0.999647,0.148652,0,0,0,DISABLED,0
13.4002,4.2995,0.239502,0,-0.00630991,0.733364,0.00633827,-0.0263482,-0.00371647,-0.999646,0.148646,0,0,0,DISABLED,0
13.4202,4.29948,0.239494,0,-0.0063352,0.733365,0.00636642,-0.0263735,-0.0037214,-0.999645,0.14864,0,0,0,DISABLED,0
13.4402,4.29946,0.239487,0,-0.00635509,0.733364,0.00638512,-0.0263934,-0.00372664,-0.999645,0.148631,0,0,0,DISABLED,0
13.4602,4.29945,0.239482,0,-0.0063669,0.733364,0.00640376,-0.0264052,-0.00373076,-0.999644,0.148624,0,0,0,DISABLED,0
13.4802,4.29944,0.239477,0,-0.00637696,0.733363,0.00640376,-0.0264153,-0.00373512,-0.999644,0.148616,0,0,0,DISABLED,0
13.5002,4.29944,0.239473,0,-0.00638484,0.733363,0.00641306,-0.0264232,-0.00373928,-0.999644,0.148607,0,0,0,DISABLED,0
13.5202,4.29944,0.23947,0,-0.0063912,0.733362,0.00642235,-0.0264295,-0.00374324,-0.999644,0.148598,0,0,0,DISABLED,0
13.5402,4.29944,0.239467,0,-0.00639655,0.733361,0.00643162,-0.0264349,-0.003747,-0.999644,0.148589,0,0,0,DISABLED,0
13.5602,4.29944,0.239465,0,-0.00639952,0.73336,0.00643162,-0.0264379,-0.00374914,-0.999643,0.148583,0,0,0,DISABLED,0
13.5802,4.29943,0.239463,0,-0.00640697,0.733358,0.00644088,-0.0264453,-0.00375417,-0.999643,0.148569,0,0,0,DISABLED,0
13.6002,4.29943,0.239461,0,-0.00641161,0.733358,0.00644088,-0.0264499,-0.00375699,-0.999643,0.148561,0,0,0,DISABLED,0
13.6202,4.29943,0.23946,0,-0.0064169,0.733357,0.00645013,-0.0264552,-0.00375995,-0.999643,0.148551,0,0,0,DISABLED,0
13.6402,4.29943,0.239458,0,-0.00642232,0.733355,0.00645013,-0.0264606,-0.00376276,-0.999643,0.148542,0,0,0,DISABLED,0
13.6602,4.29943,0.239457,0,-0.00642783,0.733355,0.00645937,-0.0264662,-0.00376543,-0.999643,0.148532,0,0,0,DISABLED,0
13.6802,4.29943,0.239456,0,-0.0064334,0.733354,0.00646859,-0.0264717,-0.00376799,-0.999642,0.148523,0,0,0,DISABLED,0
13.7002,4.29943,0.239455,0,-0.00643901,0.733353,0.00646859,-0.0264773,-0.00377045,-0.999642,0.148513,0,0,0,DISABLED,0
13.7202,4.29943,0.239454,0,-0.00644465,0.733352,0.00647779,-0.026483,-0.00377281,-0.999642,0.148504,0,0,0,DISABLED,0
13.7402,4.29943,0.239454,0,-0.00644918,0.733351,0.00648699,-0.0264875,-0.00377464,-0.999642,0.148497,0,0,0,DISABLED,0
13.7602,4.29943,0.239453,0,-0.00645598,0.73335,0.00648699,-0.0264943,-0.00377727,-0.999642,0.148487,0,0,0,DISABLED,0
13.7802,4.29924,0.239437,0,-0.00546676,0.733252,0.00552428,-0.0255051,-0.00388752,-0.999667,0.147596,0,0,0,DISABLED,0
13.8002,4.29907,0.239432,0,-0.00447447,0.733076,0.00455439,-0.0245128,-0.00398739,-0.999692,0.146453,0,0,0,DISABLED,0
13.8202,4.29907,0.239439,0,-0.00431237,0.732944,0.00442158,-0.0243507,-0.00410147,-0.999695,0.145895,0,0,0,DISABLED,0
13.8402,4.29906,0.239413,0,-0.00425544,0.732851,0.00443504,-0.0242938,-0.00437961,-0.999695,0.14514,0,0,0,DISABLED,0
13.8602,4.29906,0.239358,0,-0.00424109,0.732792,0.00450173,-0.0242794,-0.00464296,-0.999694,0.14455,0,0,0,DISABLED,0
13.8802,4.29908,0.239295,0,-0.00423734,0.732751,0.00455439,-0.0242757,-0.00483026,-0.999694,0.144199,0,0,0,DISABLED,0
13.9002,4.29916,0.239201,0,-0.00417957,0.732716,0.00459348,-0.0242179,-0.0050502,-0.999694,0.143971,0,0,0,DISABLED,0
13.9202,4.29925,0.239101,0,-0.00407195,0.732689,0.00458049,-0.0241103,-0.00525656,-0.999695,0.143905,0,0,0,DISABLED,0
13.9402,4.29937,0.238973,0,-0.00393631,0.732659,0.00458049,-0.0239746,-0.00549378,-0.999697,0.143862,0,0,0,DISABLED,0
13.9602,4.2995,0.238822,0,-0.00379135,0.732628,0.00458049,-0.0238297,-0.0057353,-0.9997,0.143804,0,0,0,DISABLED,0
13.9802,4.29964,0.238672,0,-0.00363646,0.7326,0.00456746,-0.0236748,-0.00592844,-0.999702,0.143699,0,0,0,DISABLED,0
14.0002,4.29979,0.238536,0,-0.00346498,0.73258,0.00450173,-0.0235033,-0.00602493,-0.999706,0.143515,0,0,0,DISABLED,0
14.0202,4.29993,0.238415,0,-0.00327465,0.732567,0.00438095,-0.023313,-0.00606166,-0.99971,0.14328,0,0,0,DISABLED,0
14.0402,4.30007,0.238311,0,-0.00307615,0.732556,0.00425674,-0.0231145,-0.00607878,-0.999714,0.14304,0,0,0,DISABLED,0
14.0602,4.30021,0.238224,0,-0.00288144,0.732548,0.00411433,-0.0229198,-0.00608532,-0.999719,0.142819,0,0,0,DISABLED,0
14.0802,4.30035,0.238151,0,-0.00269563,0.732539,0.00398182,-0.022734,-0.00608468,-0.999723,0.142625,0,0,0,DISABLED,0
14.1002,4.30046,0.23811,0,-0.00252051,0.732533,0.0038602,-0.0225588,-0.00608136,-0.999727,0.142447,0,0,0,DISABLED,0
14.1202,4.30058,0.238085,0,-0.00235625,0.732526,0.00376642,-0.0223946,-0.0060781,-0.999731,0.14228,0,0,0,DISABLED,0
14.1402,4.30069,0.238079,0,-0.00218743,0.732519,0.00365396,-0.0222258,-0.00607117,-0.999735,0.142102,0,0,0,DISABLED,0
14.1602,4.30077,0.23808,0,-0.00205877,0.732514,0.00357147,-0.0220971,-0.00606194,-0.999737,0.141959,0,0,0,DISABLED,0
14.1802,4.30086,0.238085,0,-0.00191267,0.732509,0.00345267,-0.021951,-0.00604779,-0.999741,0.141792,0,0,0,DISABLED,0
14.2002,4.30094,0.238092,0,-0.00180167,0.732505,0.00338291,-0.02184,-0.00603485,-0.999743,0.141662,0,0,0,DISABLED,0
14.2202,4.30101,0.238101,0,-0.00168724,0.732501,0.00332964,-0.0217256,-0.00601976,-0.999746,0.141527,0,0,0,DISABLED,0
14.2402,4.30108,0.238109,0,-0.00158202,0.732497,0.00325724,-0.0216203,-0.00600442,-0.999748,0.141401,0,0,0,DISABLED,0
14.2603,4.30112,0.238116,0,-0.00150428,0.732494,0.00322044,-0.0215426,-0.00599217,-0.99975,0.141308,0,0,0,DISABLED,0
14.2803,4.30117,0.238123,0,-0.00141514,0.732492,0.00314553,-0.0214535,-0.00597697,-0.999752,0.141196,0,0,0,DISABLED,0
14.3003,4.30123,0.238131,0,-0.00131911,0.732489,0.0031074,-0.0213574,-0.00595885,-0.999754,0.141071,0,0,0,DISABLED,0
14.3203,4.30126,0.238137,0,-0.0012545,0.732487,0.00304932,-0.0212928,-0.00594541,-0.999756,0.140981,0,0,0,DISABLED,0
14.3403,4.3013,0.238142,0,-0.00118367,0.732485,0.00300997,-0.021222,-0.00592917,-0.999757,0.140878,0,0,0,DISABLED,0
14.3603,4.30132,0.238146,0,-0.00112085,0.732484,0.0029701,-0.0211592,-0.00591314,-0.999759,0.140781,0,0,0,DISABLED,0
14.3803,4.30134,0.238149,0,-0.001075,0.732483,0.00294996,-0.0211133,-0.0059002,-0.99976,0.140705,0,0,0,DISABLED,0
14.4003,4.30136,0.238152,0,-0.0010338,0.732482,0.00290927,-0.0210721,-0.00588744,-0.999761,0.140633,0,0,0,DISABLED,0
14.4203,4.30137,0.238154,0,-0.000993118,0.732481,0.00288871,-0.0210314,-0.00587349,-0.999762,0.140556,0,0,0,DISABLED,0
14.4403,4.30138,0.238155,0,-0.000953842,0.732481,0.002868,-0.0209922,-0.00585848,-0.999762,0.140477,0,0,0,DISABLED,0
14.4603,4.30139,0.238155,0,-0.000927903,0.732481,0.00284715,-0.0209662,-0.00584776,-0.999763,0.140423,0,0,0,DISABLED,0
14.4803,4.30139,0.238156,0,-0.000891969,0.732481,0.00282613,-0.0209303,-0.00583196,-0.999764,0.140344,0,0,0,DISABLED,0
14.5003,4.30139,0.238156,0,-0.000864029,0.732481,0.00280496,-0.0209024,-0.00581898,-0.999765,0.140282,0,0,0,DISABLED,0
14.5203,4.30139,0.238156,0,-0.00083732,0.732481,0.00278363,-0.0208756,-0.00580615,-0.999765,0.140223,0,0,0,DISABLED,0
14.5403,4.3014,0.238157,0,-0.000810897,0.732481,0.00274047,-0.0208492,-0.00579346,-0.999766,0.140166,0,0,0,DISABLED,0
14.5603,4.3014,0.238157,0,-0.000784347,0.732482,0.00274047,-0.0208227,-0.00578098,-0.999766,0.140111,0,0,0,DISABLED,0
14.5803,4.3014,0.238157,0,-0.000757594,0.732482,0.00271864,-0.0207959,-0.00576868,-0.999767,0.140059,0,0,0,DISABLED,0
14.6003,4.3014,0.238157,0,-0.000736052,0.732482,0.00269662,-0.0207744,-0.00575898,-0.999768,0.140019,0,0,0,DISABLED,0
14.6203,4.3014,0.238158,0,-0.000700811,0.732483,0.00267443,-0.0207391,-0.00574341,-0.999768,0.139957,0,0,0,DISABLED,0
14.6403,4.3014,0.238158,0,-0.000676285,0.732483,0.00267443,-0.0207146,-0.00573279,-0.999769,0.139916,0,0,0,DISABLED,0
14.6603,4.3014,0.238159,0,-0.000648934,0.732483,0.00265205,-0.0206873,-0.00572114,-0.99977,0.139873,0,0,0,DISABLED,0
14.6803,4.3014,0.238159,0,-0.000624198,0.732484,0.00260671,-0.0206625,-0.00571078,-0.99977,0.139835,0,0,0,DISABLED,0
14.7003,4.3014,0.238159,0,-0.000599327,0.732484,0.00260671,-0.0206377,-0.00570058,-0.999771,0.139799,0,0,0,DISABLED,0
14.7203,4.3014,0.23816,0,-0.000566062,0.732485,0.00258374,-0.0206044,-0.00568715,-0.999772,0.139753,0,0,0,DISABLED,0
14.7403,4.3014,0.23816,0,-0.000538288,0.732485,0.00256057,-0.0205766,-0.00567611,-0.999772,0.139716,0,0,0,DISABLED,0
14.7603,4.3014,0.23816,0,-0.00051048,0.732486,0.00256057,-0.0205488,-0.00566524,-0.999773,0.139681,0,0,0,DISABLED,0
14.7803,4.3014,0.238161,0,-0.000482624,0.732486,0.00253718,-0.020521,-0.00565454,-0.999773,0.139648,0,0,0,DISABLED,0
14.8003,4.3014,0.238161,0,-0.000454726,0.732487,0.00253718,-0.0204931,-0.005644,-0.999774,0.139615,0,0,0,DISABLED,0
14.8203,4.3014,0.238161,0,-0.00042682,0.732487,0.00251358,-0.0204651,-0.00563358,-0.999775,0.139582,0,0,0,DISABLED,0
14.8403,4.3014,0.238162,0,-0.000398925,0.732488,0.00248976,-0.0204373,-0.00562328,-0.999775,0.139551,0,0,0,DISABLED,0
14.8603,4.3014,0.238162,0,-0.000371045,0.732488,0.00248976,-0.0204094,-0.0056131,-0.999776,0.13952,0,0,0,DISABLED,0
14.8803,4.3014,0.238162,0,-0.000340397,0.732489,0.0024657,-0.0203787,-0.00560206,-0.999777,0.139486,0,0,0,DISABLED,0
14.9003,4.3014,0.238163,0,-0.000315359,0.73249,0.00244141,-0.0203537,-0.00559312,-0.999777,0.139459,0,0,0,DISABLED,0
14.9203,4.3014,0.238163,0,-0.000290355,0.73249,0.00244141,-0.0203287,-0.00558423,-0.999778,0.139433,0,0,0,DISABLED,0
14.9403,4.3014,0.238164,0,-0.000262579,0.732491,0.00241687,-0.0203009,-0.00557439,-0.999778,0.139404,0,0,0,DISABLED,0
14.9603,4.3014,0.238164,0,-0.000232108,0.732492,0.00241687,-0.0202704,-0.00556359,-0.999779,0.139373,0,0,0,DISABLED,0
14.9803,4.3014,0.238164,0,-0.000207255,0.732492,0.00241687,-0.0202456,-0.00555477,-0.99978,0.139347,0,0,0,DISABLED,0
15.0003,4.3014,0.238165,0,-0.000176985,0.732493,0.00239208,-0.0202153,-0.005544,-0.99978,0.139317,0,0,0,DISABLED,0
15.0203,4.3014,0.238166,0,-0.000146782,0.732494,0.00236703,-0.0201851,-0.00553329,-0.999781,0.139287,0,0,0,DISABLED,0
15.0403,4.3014,0.238166,0,-0.000124887,0.732494,0.00236703,-0.0201632,-0.00552553,-0.999781,0.139266,0,0,0,DISABLED,0
15.0603,4.3014,0.238167,0,-0.000103036,0.732495,0.00236703,-0.0201414,-0.00551779,-0.999782,0.139245,0,0,0,DISABLED,0
15.0803,4.3014,0.238167,0,-6.76345e-05,0.732496,0.00234172,-0.020106,-0.00550526,-0.999783,0.139211,0,0,0,DISABLED,0
15.1003,4.3014,0.238168,0,-4.05423e-05,0.732496,0.00234172,-0.0200789,-0.00549567,-0.999783,0.139186,0,0,0,DISABLED,0
15.1203,4.3014,0.238168,0,-1.35936e-05,0.732497,0.00234172,-0.0200519,-0.00548613,-0.999784,0.139161,0,0,0,DISABLED,0
15.1403,4.3014,0.238169,0,1.3249e-05,0.732498,0.00231612,-0.0200251,-0.00547663,-0.999784,0.139136,0,0,0,DISABLED,0
15.1603,4.3014,0.238169,0,3.19779e-05,0.732498,0.00231612,-0.0200064,-0.00547003,-0.999785,0.139119,0,0,0,DISABLED,0
15.1803,4.3014,0.23817,0,5.86417e-05,0.732499,0.00229024,-0.0199797,-0.00546063,-0.999785,0.139095,0,0,0,DISABLED,0
15.2003,4.30139,0.238171,0,9.57735e-05,0.7325,0.00229024,-0.0199426,-0.00544755,-0.999786,0.139062,0,0,0,DISABLED,0
15.2203,4.30139,0.238171,0,0.00011947,0.732501,0.00229024,-0.0199189,-0.0054392,-0.999787,0.139041,0,0,0,DISABLED,0
15.2403,4.30139,0.238172,0,0.000148263,0.732502,0.00226407,-0.0198901,-0.00542905,-0.999787,0.139016,0,0,0,DISABLED,0
15.2603,4.30139,0.238172,0,0.000171712,0.732502,0.00226407,-0.0198666,-0.00542081,-0.999788,0.138996,0,0,0,DISABLED,0
15.2803,4.30139,0.238172,0,0.000197642,0.732503,0.00226407,-0.0198407,-0.00541171,-0.999789,0.138973,0,0,0,DISABLED,0
15.3003,4.30139,0.238173,0,0.000225997,0.732504,0.00226407,-0.0198123,-0.00540177,-0.999789,0.138949,0,0,0,DISABLED,0
15.3203,4.30139,0.238174,0,0.000249047,0.732505,0.00226407,-0.0197893,-0.00539369,-0.99979,0.13893,0,0,0,DISABLED,0
15.3403,4.30139,0.238174,0,0.000274509,0.732505,0.00223759,-0.0197638,-0.00538477,-0.99979,0.138909,0,0,0,DISABLED,0
15.3603,4.30139,0.238174,0,0.000299819,0.732506,0.00223759,-0.0197385,-0.00537591,-0.999791,0.138888,0,0,0,DISABLED,0
15.3803,4.30139,0.238175,0,0.000324968,0.732507,0.00223759,-0.0197134,-0.00536713,-0.999791,0.138867,0,0,0,DISABLED,0
15.4003,4.30139,0.238175,0,0.000349952,0.732508,0.00223759,-0.0196884,-0.0053584,-0.999792,0.138847,0,0,0,DISABLED,0
15.4203,4.30139,0.238176,0,0.000374772,0.732508,0.00221079,-0.0196636,-0.00534975,-0.999792,0.138826,0,0,0,DISABLED,0
15.4403,4.30139,0.238176,0,0.000399426,0.732509,0.00221079,-0.0196389,-0.00534116,-0.999793,0.138807,0,0,0,DISABLED,0
15.4603,4.30139,0.238177,0,0.000423914,0.73251,0.00221079,-0.0196144,-0.00533264,-0.999793,0.138787,0,0,0,DISABLED,0
15.4803,4.30139,0.238177,0,0.00044824,0.732511,0.00218366,-0.0195901,-0.00532419,-0.999794,0.138768,0,0,0,DISABLED,0
15.5003,4.30139,0.238177,0,0.000472389,0.732512,0.00221079,-0.0195659,-0.0053158,-0.999794,0.138749,0,0,0,DISABLED,0
15.5203,4.30139,0.238178,0,0.00049636,0.732512,0.00218366,-0.019542,-0.00530748,-0.999795,0.13873,0,0,0,DISABLED,0
15.5403,4.30139,0.238178,0,0.00052253,0.732513,0.00221079,-0.0195158,-0.00529841,-0.999795,0.138709,0,0,0,DISABLED,0
15.5603,4.30139,0.238178,0,0.000543775,0.732514,0.00218366,-0.0194946,-0.00529104,-0.999796,0.138693,0,0,0,DISABLED,0
15.5803,4.30139,0.238179,0,0.000567216,0.732515,0.00221079,-0.0194711,-0.00528292,-0.999796,0.138675,0,0,0,DISABLED,0
15.6003,4.30139,0.238179,0,0.000590492,0.732515,0.00218366,-0.0194478,-0.00527487,-0.999797,0.138657,0,0,0,DISABLED,0
15.6203,4.30139,0.23818,0,0.000613585,0.732516,0.00218366,-0.0194247,-0.00526687,-0.999797,0.138639,0,0,0,DISABLED,0
15.6403,4.30139,0.23818,0,0.000636503,0.732517,0.00218366,-0.0194018,-0.00525888,-0.999798,0.138621,0,0,0,DISABLED,0
15.6603,4.30139,0.23818,0,0.000659253,0.732518,0.00218366,-0.0193791,-0.00525098,-0.999798,0.138604,0,0,0,DISABLED,0
15.6803,4.30139,0.238181,0,0.000681831,0.732519,0.00218366,-0.0193565,-0.00524315,-0.999799,0.138587,0,0,0,DISABLED,0
15.7003,4.30139,0.238181,0,0.00070424,0.732519,0.00218366,-0.0193341,-0.00523541,-0.999799,0.13857,0,0,0,DISABLED,0
15.7203,4.30139,0.238181,0,0.000726435,0.73252,0.00218366,-0.0193119,-0.00522776,-0.9998,0.138553,0,0,0,DISABLED,0
15.7403,4.30139,0.238182,0,0.000748334,0.732521,0.00218366,-0.01929,-0.00522018,-0.9998,0.138537,0,0,0,DISABLED,0
15.7603,4.30139,0.238182,0,0.000769937,0.732522,0.00218366,-0.0192684,-0.00521267,-0.999801,0.13852,0,0,0,DISABLED,0
15.7803,4.30138,0.238183,0,0.000791218,0.732522,0.00218366,-0.0192471,-0.00520521,-0.999801,0.138504,0,0,0,DISABLED,0
15.8003,4.30138,0.238183,0,0.000812184,0.732523,0.00218366,-0.0192261,-0.0051978,-0.999802,0.138488,0,0,0,DISABLED,0
15.8203,4.30138,0.238183,0,0.000830803,0.732524,0.00218366,-0.0192075,-0.00519117,-0.999802,0.138474,0,0,0,DISABLED,0
15.8403,4.30138,0.238184,0,0.000853157,0.732525,0.00218366,-0.0191852,-0.00518312,-0.999803,0.138457,0,0,0,DISABLED,0
15.8603,4.30138,0.238184,0,0.000873113,0.732526,0.00218366,-0.0191652,-0.00517586,-0.999803,0.138441,0,0,0,DISABLED,0
15.8803,4.30138,0.238184,0,0.000892723,0.732527,0.00218366,-0.0191456,-0.00516866,-0.999803,0.138426,0,0,0,DISABLED,0
15.9003,4.30138,0.238185,0,0.000912011,0.732528,0.00218366,-0.0191263,-0.00516151,-0.999804,0.13841,0,0,0,DISABLED,0
15.9203,4.30137,0.238185,0,0.000930985,0.732528,0.00221079,-0.0191073,-0.00515442,-0.999804,0.138395,0,0,0,DISABLED,0
15.9403,4.30137,0.238185,0,0.00094964,0.732529,0.00218366,-0.0190887,-0.00514738,-0.999805,0.13838,0,0,0,DISABLED,0
15.9603,4.30137,0.238186,0,0.00096616,0.73253,0.00218366,-0.0190722,-0.00514109,-0.999805,0.138367,0,0,0,DISABLED,0
15.9803,4.30137,0.238186,0,0.000986008,0.732531,0.00218366,-0.0190523,-0.00513345,-0.999805,0.13835,0,0,0,DISABLED,0
16.0003,4.30136,0.238187,0,0.00100196,0.732532,0.00221079,-0.0190364,-0.00512724,-0.999806,0.138337,0,0,0,DISABLED,0
16.0203,4.30136,0.238187,0,0.00102112,0.732533,0.00221079,-0.0190172,-0.00511972,-0.999806,0.138321,0,0,0,DISABLED,0
16.0403,4.30136,0.238187,0,0.00103823,0.732534,0.00221079,-0.0190001,-0.00511295,-0.999806,0.138307,0,0,0,DISABLED,0
16.0603,4.30136,0.238188,0,0.00105504,0.732535,0.00221079,-0.0189833,-0.00510623,-0.999807,0.138292,0,0,0,DISABLED,0
16.0803,4.30135,0.238188,0,0.00106993,0.732535,0.00221079,-0.0189684,-0.00510022,-0.999807,0.13828,0,0,0,DISABLED,0
16.1003,4.30135,0.238188,0,0.00108783,0.732536,0.00221079,-0.0189505,-0.00509293,-0.999807,0.138264,0,0,0,DISABLED,0
16.1203,4.30135,0.238189,0,0.00110381,0.732537,0.00221079,-0.0189345,-0.00508637,-0.999808,0.13825,0,0,0,DISABLED,0
16.1403,4.30134,0.238189,0,0.00111951,0.732538,0.00221079,-0.0189188,-0.00507986,-0.999808,0.138236,0,0,0,DISABLED,0
16.1603,4.30134,0.238189,0,0.00113495,0.732539,0.00223759,-0.0189034,-0.00507341,-0.999808,0.138223,0,0,0,DISABLED,0
16.1803,4.30134,0.23819,0,0.00115013,0.73254,0.00221079,-0.0188882,-0.00506701,-0.999809,0.138209,0,0,0,DISABLED,0
16.2003,4.30133,0.23819,0,0.00116359,0.732541,0.00223759,-0.0188747,-0.0050613,-0.999809,0.138197,0,0,0,DISABLED,0
16.2203,4.30133,0.23819,0,0.0011798,0.732542,0.00223759,-0.0188585,-0.00505438,-0.999809,0.138182,0,0,0,DISABLED,0
16.2403,4.30133,0.238191,0,0.00119425,0.732542,0.00223759,-0.0188441,-0.00504814,-0.99981,0.138168,0,0,0,DISABLED,0
16.2603,4.30132,0.238191,0,0.00120844,0.732543,0.00223759,-0.0188299,-0.00504195,-0.99981,0.138155,0,0,0,DISABLED,0
16.2803,4.30132,0.238192,0,0.00122239,0.732544,0.00223759,-0.0188159,-0.00503582,-0.99981,0.138142,0,0,0,DISABLED,0
16.3003,4.30131,0.238192,0,0.00123611,0.732545,0.00223759,-0.0188022,-0.00502975,-0.999811,0.138129,0,0,0,DISABLED,0
16.3203,4.30131,0.238192,0,0.00124829,0.732546,0.00223759,-0.01879,-0.00502432,-0.999811,0.138117,0,0,0,DISABLED,0
16.3403,4.30131,0.238193,0,0.00126293,0.732547,0.00226407,-0.0187754,-0.00501775,-0.999811,0.138103,0,0,0,DISABLED,0
16.3603,4.3013,0.238193,0,0.00127599,0.732547,0.00223759,-0.0187623,-0.00501182,-0.999811,0.13809,0,0,0,DISABLED,0
16.3803,4.3013,0.238193,0,0.00128882,0.732548,0.00223759,-0.0187495,-0.00500595,-0.999812,0.138077,0,0,0,DISABLED,0
16.4003,4.3013,0.238194,0,0.00130143,0.732549,0.00223759,-0.0187369,-0.00500013,-0.999812,0.138065,0,0,0,DISABLED,0
16.4203,4.30129,0.238194,0,0.00131384,0.73255,0.00226407,-0.0187245,-0.00499436,-0.999812,0.138052,0,0,0,DISABLED,0
16.4403,4.30129,0.238194,0,0.00132606,0.732551,0.00223759,-0.0187123,-0.00498864,-0.999812,0.138039,0,0,0,DISABLED,0
16.4603,4.30128,0.238195,0,0.00133807,0.732552,0.00226407,-0.0187003,-0.00498297,-0.999813,0.138027,0,0,0,DISABLED,0
16.4803,4.30128,0.238195,0,0.00134988,0.732552,0.00226407,-0.0186885,-0.00497734,-0.999813,0.138015,0,0,0,DISABLED,0
16.5003,4.30128,0.238195,0,0.00136149,0.732553,0.00226407,-0.0186768,-0.00497177,-0.999813,0.138002,0,0,0,DISABLED,0
16.5203,4.30127,0.238196,0,0.00137291,0.732554,0.00226407,-0.0186654,-0.00496625,-0.999813,0.13799,0,0,0,DISABLED,0
16.5403,4.30127,0.238196,0,0.00138414,0.732555,0.00226407,-0.0186542,-0.00496077,-0.999814,0.137978,0,0,0,DISABLED,0
16.5603,4.30126,0.238196,0,0.00139519,0.732555,0.00226407,-0.0186431,-0.00495534,-0.999814,0.137966,0,0,0,DISABLED,0
16.5803,4.30126,0.238197,0,0.00140606,0.732556,0.00226407,-0.0186323,-0.00494996,-0.999814,0.137954,0,0,0,DISABLED,0
16.6003,4.30126,0.238197,0,0.00141676,0.732557,0.00226407,-0.0186216,-0.00494462,-0.999814,0.137942,0,0,0,DISABLED,0
16.6203,4.30125,0.238197,0,0.00142728,0.732558,0.00229024,-0.018611,-0.00493933,-0.999815,0.13793,0,0,0,DISABLED,0
16.6403,4.30125,0.238198,0,0.00143763,0.732558,0.00229024,-0.0186007,-0.00493409,-0.999815,0.137918,0,0,0,DISABLED,0
16.6603,4.30125,0.238198,0,0.00144881,0.732559,0.00229024,-0.0185895,-0.00492838,-0.999815,0.137905,0,0,0,DISABLED,0
16.6803,4.30124,0.238198,0,0.00145782,0.73256,0.00229024,-0.0185805,-0.00492375,-0.999815,0.137895,0,0,0,DISABLED,0
16.7003,4.30124,0.238199,0,0.00146768,0.73256,0.00229024,-0.0185707,-0.00491865,-0.999815,0.137883,0,0,0,DISABLED,0
16.7203,4.30123,0.238199,0,0.00147739,0.732561,0.00229024,-0.0185609,-0.00491359,-0.999816,0.137871,0,0,0,DISABLED,0
16.7403,4.30123,0.2382,0,0.00148409,0.732562,0.00229024,-0.0185542,-0.00491007,-0.999816,0.137863,0,0,0,DISABLED,0
16.7603,4.30123,0.2382,0,0.00149633,0.732562,0.00229024,-0.018542,-0.00490359,-0.999816,0.137848,0,0,0,DISABLED,0
16.7803,4.30122,0.2382,0,0.00150645,0.732563,0.00229024,-0.0185319,-0.00489816,-0.999816,0.137836,0,0,0,DISABLED,0
16.8003,4.30122,0.238201,0,0.00151279,0.732564,0.00229024,-0.0185255,-0.00489474,-0.999816,0.137828,0,0,0,DISABLED,0
16.8203,4.30122,0.238201,0,0.00152263,0.732564,0.00231612,-0.0185157,-0.0048894,-0.999817,0.137815,0,0,0,DISABLED,0
16.8403,4.30121,0.238201,0,0.00153233,0.732565,0.00229024,-0.018506,-0.00488412,-0.999817,0.137803,0,0,0,DISABLED,0
16.8603,4.30121,0.238202,0,0.001541,0.732566,0.00229024,-0.0184973,-0.00487936,-0.999817,0.137792,0,0,0,DISABLED,0
16.8803,4.3012,0.238202,0,0.00154952,0.732566,0.00229024,-0.0184888,-0.00487464,-0.999817,0.137781,0,0,0,DISABLED,0
16.9003,4.3012,0.238202,0,0.00155876,0.732567,0.00231612,-0.0184796,-0.0048695,-0.999817,0.137768,0,0,0,DISABLED,0
16.9203,4.3012,0.238203,0,0.00156621,0.732567,0.00231612,-0.0184721,-0.00486533,-0.999818,0.137758,0,0,0,DISABLED,0
16.9403,4.30119,0.238203,0,0.00157437,0.732568,0.00231612,-0.018464,-0.00486074,-0.999818,0.137747,0,0,0,DISABLED,0
16.9603,4.30119,0.238203,0,0.00158243,0.732569,0.00229024,-0.0184559,-0.00485619,-0.999818,0.137736,0,0,0,DISABLED,0
16.9803,4.30119,0.238204,0,0.00159114,0.732569,0.00231612,-0.0184472,-0.00485122,-0.999818,0.137725,0,0,0,DISABLED,0
17.0003,4.30118,0.238204,0,0.00159814,0.73257,0.00231612,-0.0184402,-0.00484718,-0.999818,0.137715,0,0,0,DISABLED,0
17.0203,4.30118,0.238204,0,0.0016058,0.73257,0.00231612,-0.0184325,-0.00484274,-0.999818,0.137704,0,0,0,DISABLED,0
17.0403,4.30118,0.238205,0,0.00161335,0.732571,0.00231612,-0.018425,-0.00483834,-0.999819,0.137693,0,0,0,DISABLED,0
17.0603,4.30117,0.238205,0,0.00162077,0.732571,0.00234172,-0.0184176,-0.00483396,-0.999819,0.137683,0,0,0,DISABLED,0
17.0803,4.30117,0.238205,0,0.00162808,0.732572,0.00231612,-0.0184102,-0.00482962,-0.999819,0.137672,0,0,0,DISABLED,0
17.1003,4.30117,0.238206,0,0.00163527,0.732572,0.00234172,-0.0184031,-0.00482532,-0.999819,0.137661,0,0,0,DISABLED,0
17.1203,4.30116,0.238206,0,0.00164235,0.732573,0.00231612,-0.018396,-0.00482105,-0.999819,0.137651,0,0,0,DISABLED,0
17.1403,4.30116,0.238206,0,0.00164932,0.732573,0.00234172,-0.018389,-0.00481682,-0.999819,0.13764,0,0,0,DISABLED,0
17.1603,4.30116,0.238207,0,0.0016562,0.732574,0.00234172,-0.0183821,-0.00481262,-0.999819,0.13763,0,0,0,DISABLED,0
17.1803,4.30115,0.238207,0,0.00166229,0.732574,0.00234172,-0.018376,-0.00480887,-0.99982,0.13762,0,0,0,DISABLED,0
17.2003,4.30115,0.238207,0,0.00166765,0.732575,0.00234172,-0.0183707,-0.00480556,-0.99982,0.137612,0,0,0,DISABLED,0
17.2203,4.30115,0.238208,0,0.00167621,0.732575,0.00234172,-0.0183621,-0.00480022,-0.99982,0.137599,0,0,0,DISABLED,0
17.2403,4.30114,0.238208,0,0.00168267,0.732576,0.00234172,-0.0183557,-0.00479615,-0.99982,0.137588,0,0,0,DISABLED,0
17.2603,4.30114,0.238209,0,0.00168902,0.732576,0.00234172,-0.0183493,-0.00479211,-0.99982,0.137578,0,0,0,DISABLED,0
17.2803,4.30114,0.238209,0,0.00169529,0.732577,0.00234172,-0.018343,-0.00478811,-0.99982,0.137568,0,0,0,DISABLED,0
17.3003,4.30113,0.238209,0,0.00170026,0.732577,0.00234172,-0.0183381,-0.00478494,-0.99982,0.13756,0,0,0,DISABLED,0
17.3203,4.30113,0.238209,0,0.0017058,0.732577,0.00234172,-0.0183325,-0.00478139,-0.999821,0.137551,0,0,0,DISABLED,0
17.3403,4.30113,0.23821,0,0.00171367,0.732578,0.00234172,-0.0183247,-0.0047763,-0.999821,0.137537,0,0,0,DISABLED,0
17.3603,4.30112,0.23821,0,0.00172018,0.732578,0.00234172,-0.0183182,-0.00477203,-0.999821,0.137526,0,0,0,DISABLED,0
17.3803,4.30112,0.238211,0,0.00172542,0.732579,0.00234172,-0.0183129,-0.00476857,-0.999821,0.137517,0,0,0,DISABLED,0
17.4003,4.30112,0.238211,0,0.00173119,0.732579,0.00234172,-0.0183071,-0.00476476,-0.999821,0.137507,0,0,0,DISABLED,0
17.4203,4.30112,0.238211,0,0.00173691,0.73258,0.00234172,-0.0183014,-0.00476098,-0.999821,0.137497,0,0,0,DISABLED,0
17.4403,4.30111,0.238212,0,0.00174255,0.73258,0.00236703,-0.0182958,-0.00475723,-0.999821,0.137487,0,0,0,DISABLED,0
17.4603,4.30111,0.238212,0,0.00174812,0.73258,0.00236703,-0.0182902,-0.0047535,-0.999821,0.137478,0,0,0,DISABLED,0
17.4803,4.30111,0.238212,0,0.00175361,0.732581,0.00236703,-0.0182847,-0.0047498,-0.999822,0.137468,0,0,0,DISABLED,0
17.5003,4.30111,0.238213,0,0.00175902,0.732581,0.00236703,-0.0182793,-0.00474613,-0.999822,0.137458,0,0,0,DISABLED,0
17.5203,4.3011,0.238213,0,0.00176436,0.732582,0.00236703,-0.018274,-0.00474248,-0.999822,0.137448,0,0,0,DISABLED,0
17.5403,4.3011,0.238213,0,0.00176859,0.732582,0.00236703,-0.0182697,-0.00473958,-0.999822,0.13744,0,0,0,DISABLED,0
17.5603,4.3011,0.238214,0,0.00177381,0.732582,0.00236703,-0.0182645,-0.00473598,-0.999822,0.137431,0,0,0,DISABLED,0
17.5803,4.30109,0.238214,0,0.00177998,0.732583,0.00236703,-0.0182584,-0.00473169,-0.999822,0.137419,0,0,0,DISABLED,0
17.6003,4.30109,0.238214,0,0.00178503,0.732583,0.00236703,-0.0182533,-0.00472814,-0.999822,0.13741,0,0,0,DISABLED,0
17.6203,4.30109,0.238215,0,0.00179002,0.732583,0.00236703,-0.0182483,-0.00472462,-0.999822,0.1374,0,0,0,DISABLED,0
17.6403,4.30109,0.238215,0,0.00179496,0.732584,0.00236703,-0.0182434,-0.00472113,-0.999822,0.13739,0,0,0,DISABLED,0
17.6603,4.30108,0.238215,0,0.00179839,0.732584,0.00236703,-0.0182399,-0.0047187,-0.999822,0.137384,0,0,0,DISABLED,0
17.6803,4.30108,0.238216,0,0.00180276,0.732584,0.00236703,-0.0182356,-0.0047156,-0.999823,0.137375,0,0,0,DISABLED,0
17.7003,4.30108,0.238216,0,0.00180945,0.732585,0.00236703,-0.0182289,-0.00471081,-0.999823,0.137362,0,0,0,DISABLED,0
17.7203,4.30108,0.238217,0,0.00181459,0.732585,0.00236703,-0.0182237,-0.00470709,-0.999823,0.137352,0,0,0,DISABLED,0
17.7403,4.30107,0.238217,0,0.0018192,0.732585,0.00236703,-0.0182191,-0.00470375,-0.999823,0.137343,0,0,0,DISABLED,0
17.7603,4.30107,0.238217,0,0.00182331,0.732586,0.00239208,-0.018215,-0.00470079,-0.999823,0.137334,0,0,0,DISABLED,0
17.7803,4.30107,0.238218,0,0.00182786,0.732586,0.00236703,-0.0182105,-0.00469753,-0.999823,0.137325,0,0,0,DISABLED,0
17.8003,4.30107,0.238218,0,0.0018328,0.732586,0.00236703,-0.0182055,-0.00469398,-0.999823,0.137315,0,0,0,DISABLED,0
17.8203,4.30107,0.238218,0,0.00183678,0.732587,0.00239208,-0.0182015,-0.00469111,-0.999823,0.137307,0,0,0,DISABLED,0
17.8403,4.30106,0.238219,0,0.00184072,0.732587,0.00239208,-0.0181976,-0.00468825,-0.999823,0.137299,0,0,0,DISABLED,0
17.8603,4.30106,0.238219,0,0.00184546,0.732587,0.00239208,-0.0181929,-0.0046848,-0.999824,0.13729,0,0,0,DISABLED,0
17.8803,4.30106,0.238219,0,0.00184927,0.732588,0.00236703,-0.0181891,-0.004682,-0.999824,0.137282,0,0,0,DISABLED,0
17.9003,4.30106,0.23822,0,0.00185387,0.732588,0.00239208,-0.0181845,-0.00467861,-0.999824,0.137272,0,0,0,DISABLED,0
17.9203,4.30105,0.23822,0,0.00185799,0.732588,0.00239208,-0.0181803,-0.00467556,-0.999824,0.137264,0,0,0,DISABLED,0
17.9403,4.30105,0.238221,0,0.00186125,0.732588,0.00239208,-0.0181771,-0.00467313,-0.999824,0.137257,0,0,0,DISABLED,0
17.9603,4.30105,0.238221,0,0.00186488,0.732589,0.00239208,-0.0181735,-0.00467042,-0.999824,0.137249,0,0,0,DISABLED,0
17.9803,4.30105,0.238221,0,0.00187005,0.732589,0.00239208,-0.0181683,-0.00466652,-0.999824,0.137238,0,0,0,DISABLED,0
18.0003,4.30105,0.238222,0,0.00187396,0.732589,0.00239208,-0.0181644,-0.00466355,-0.999824,0.137229,0,0,0,DISABLED,0
