t,drift_x,drift_y,lean,dpitch,base_z,tilt_rad,gx,gy,gz,yaw_delta,cmd_vx,cmd_vy,cmd_yaw,meta_selected,meta_safety_hold
0.0199962,0,0,0,0,0.732862,0,-0.0157394,-0.000457038,-0.999876,0,0.4,0,0,DISABLED,0
0.0399961,1.09365e-05,-1.98837e-07,0,-4.37722e-06,0.732859,0,-0.0157437,-0.000457107,-0.999876,3.34892e-06,0.4,0,0,DISABLED,0
0.0599961,8.07028e-05,-1.42958e-07,0,-1.56853e-05,0.732846,0,-0.015755,-0.000456184,-0.999876,1.04753e-05,0.4,0,0,DISABLED,0
0.0799961,0.00026951,-2.58917e-05,0,-0.000269797,0.73281,0.000345267,-0.0160092,-0.000466429,-0.999872,1.88428e-05,0.4,0,0,DISABLED,0
0.0999961,0.000663714,-7.75056e-05,0,-0.000881827,0.732728,0.000913491,-0.0166212,-0.000543838,-0.999862,-3.41519e-05,0.4,0,0,DISABLED,0
0.119996,0.00138798,-3.35868e-05,0,-0.00186962,0.732674,0.00189111,-0.017609,-0.000597617,-0.999845,0.000295175,0.4,0,0,DISABLED,0
0.139996,0.00205123,0.000379487,0,-0.00215832,0.732593,0.00244141,-0.0178977,0.000626464,-0.99984,0.000370329,0.4,0,0,DISABLED,0
0.159996,0.00279478,0.00136571,0,-0.00147585,0.732509,0.00229024,-0.0172152,0.00129853,-0.999851,0.000765203,0.4,0,0,DISABLED,0
0.179996,0.00393261,0.00258981,0,-0.00144969,0.732783,0.0024657,-0.017189,-0.00245326,-0.999849,0.00154089,0.4,0,0,DISABLED,0
0.199996,0.0055147,0.00408242,0,-0.0018975,0.733219,0.00620522,-0.0176369,-0.00635981,-0.999824,0.00288619,0.4,0,0,DISABLED,0
0.219996,0.00731199,0.00584373,0,-0.00177108,0.73355,0.0074613,-0.0175104,-0.00770471,-0.999817,0.00404556,0.4,0,0,DISABLED,0
0.239996,0.00928209,0.00783171,0,-0.00125562,0.733794,0.00822144,-0.016995,-0.00858313,-0.999819,0.00515278,0.4,0,0,DISABLED,0
0.259996,0.0113178,0.00979705,0,-0.00101892,0.733995,0.00923875,-0.0167583,-0.00963782,-0.999813,0.00576454,0.4,0,0,DISABLED,0
0.279996,0.0141751,0.0124143,0,-0.00094106,0.734203,0.0104668,-0.0166804,-0.0108793,-0.999802,0.00601724,0.4,0,0,DISABLED,0
0.299996,0.0173682,0.015261,0,-0.000540068,0.734264,0.0106195,-0.0162794,-0.0110607,-0.999806,0.0063501,0.4,0,0,DISABLED,0
0.319996,0.0201583,0.0177839,0,0.000659418,0.734187,0.00986888,-0.0150799,-0.0103011,-0.999833,0.00649471,0.4,0,0,DISABLED,0
0.339996,0.0234303,0.0208685,0,0.00266628,0.73396,0.00836518,-0.0130731,-0.00838241,-0.999879,0.00617882,0.4,0,0,DISABLED,0
0.359996,0.0268415,0.0242398,0,0.00550663,0.733497,0.00721766,-0.0102327,-0.0051202,-0.999935,0.00578755,0.4,0,0,DISABLED,0
0.379996,0.0304428,0.027838,0,0.00845198,0.732615,0.00846435,-0.00728738,-0.000943064,-0.999973,0.00560881,0.4,0,0,DISABLED,0
0.399996,0.0346168,0.0313065,0,0.0102184,0.732081,0.0111453,-0.00552099,-0.00489999,-0.999973,0.00825106,0.4,0,0,DISABLED,0
0.419996,0.0382182,0.0340556,0,0.00979127,0.732257,0.0117746,-0.00594808,-0.00699056,-0.999958,0.00877346,0.4,0,0,DISABLED,0
0.439996,0.0427359,0.0370092,0,0.00653197,0.732816,0.00700817,-0.00920739,-0.00298044,-0.999953,0.0113861,0.4,0,0,DISABLED,0
0.459996,0.0482882,0.0398744,0,0.0011697,0.733641,0.00531532,-0.0145696,0.00472225,-0.999883,0.0169708,0.4,0,0,DISABLED,0
0.479996,0.0526661,0.042,0,-0.00150346,0.734099,0.00880264,-0.0172428,0.00820893,-0.999818,0.0182914,0.4,0,0,DISABLED,0
0.499996,0.0576104,0.0440014,0,-0.00363582,0.73429,0.0103408,-0.0193752,0.00922419,-0.99977,0.0189363,0.4,0,0,DISABLED,0
0.519996,0.0628034,0.0455128,0,-0.00552479,0.734315,0.0110594,-0.0212641,0.00912645,-0.999732,0.0196258,0.4,0,0,DISABLED,0
0.539996,0.0671282,0.0463817,0,-0.00682457,0.734338,0.0116064,-0.0225639,0.00892985,-0.999705,0.0186441,0.4,0,0,DISABLED,0
0.559996,0.0737983,0.0470354,0,-0.00757458,0.734387,0.0125632,-0.0233139,0.00956714,-0.999682,0.0192703,0.4,0,0,DISABLED,0
0.579996,0.0794384,0.047161,0,-0.00692671,0.734309,0.0129326,-0.0226661,0.0104641,-0.999688,0.0201332,0.4,0,0,DISABLED,0
0.599996,0.0851228,0.0469998,0,-0.00532101,0.734091,0.0128587,-0.0210604,0.0112484,-0.999715,0.0202102,0.4,0,0,DISABLED,0
0.619996,0.0908168,0.0464967,0,-0.00284639,0.733743,0.0127001,-0.0185857,0.0119193,-0.999756,0.0209333,0.4,0,0,DISABLED,0
0.639996,0.0970527,0.0455114,0,0.000381025,0.73316,0.0126342,-0.0153583,0.0121656,-0.999808,0.0222885,0.4,0,0,DISABLED,0
0.659996,0.102166,0.0444106,0,0.00370175,0.732556,0.012789,-0.0120376,0.0117795,-0.999858,0.0238441,0.4,0,0,DISABLED,0
0.679996,0.107861,0.0428391,0,0.00636622,0.731794,0.0114252,-0.00937313,0.00902796,-0.999915,0.0250507,0.4,0,0,DISABLED,0
0.699996,0.113627,0.0411735,0,0.00723549,0.731216,0.0100306,-0.00850386,0.00648629,-0.999943,0.0232615,0.4,0,0,DISABLED,0
0.719995,0.119727,0.0397607,0,0.00515423,0.731563,0.00956212,-0.0105851,0.00759961,-0.999915,0.0192737,0.4,0,0,DISABLED,0
0.739995,0.125837,0.0380014,0,0.00263848,0.732261,0.00490717,-0.0131009,0.00366542,-0.999907,0.014947,0.4,0,0,DISABLED,0
0.759995,0.131982,0.036233,0,0.000189977,0.732946,0.00280496,-0.0155494,-0.00325704,-0.999874,0.0122602,0.4,0,0,DISABLED,0
0.779995,0.138773,0.034675,0,-0.00196628,0.733629,0.00935416,-0.0177056,-0.00959984,-0.999797,0.0113109,0.4,0,0,DISABLED,0
0.799995,0.144248,0.0337721,0,-0.00272769,0.733961,0.0139738,-0.018467,-0.0141627,-0.999729,0.0107224,0.4,0,0,DISABLED,0
0.819995,0.150949,0.0330247,0,-0.00204008,0.734112,0.0174148,-0.0177794,-0.0177513,-0.999684,0.0098209,0.4,0,0,DISABLED,0
0.839995,0.15657,0.0326454,0,-0.000926003,0.734144,0.0188861,-0.0166654,-0.0193216,-0.999674,0.00970834,0.4,0,0,DISABLED,0
0.859995,0.163042,0.0324583,0,0.000372465,0.734138,0.0200526,-0.0153669,-0.0205066,-0.999672,0.00932584,0.4,0,0,DISABLED,0
0.879995,0.166356,0.032438,0,0.0010279,0.734118,0.0208369,-0.0147115,-0.0212672,-0.999666,0.00883118,0.4,0,0,DISABLED,0
0.899995,0.176495,0.0325991,0,0.00336849,0.733938,0.024253,-0.0123709,-0.0244734,-0.999624,0.00806988,0.4,0,0,DISABLED,0
0.919995,0.183226,0.0328914,0,0.00602674,0.733597,0.0275639,-0.00971261,-0.0273513,-0.999579,0.00734493,0.4,0,0,DISABLED,0
0.939995,0.189877,0.0333824,0,0.0091722,0.733153,0.0308133,-0.00656716,-0.029869,-0.999532,0.00743285,0.4,0,0,DISABLED,0
0.959995,0.196413,0.0342697,0,0.0123294,0.732794,0.0317546,-0.00340999,-0.0297158,-0.999553,0.00738631,0.4,0,0,DISABLED,0
0.979995,0.202999,0.0355602,0,0.0142736,0.732578,0.029196,-0.0014658,-0.0259244,-0.999663,0.00721053,0.4,0,0,DISABLED,0
0.999995,0.209594,0.0370106,0,0.0151264,0.732267,0.0252736,-0.00061291,-0.0207024,-0.999785,0.00709327,0.4,0,0,DISABLED,0
1.02,0.216106,0.0382145,0,0.0150107,0.732254,0.0229938,-0.000728677,-0.0178721,-0.99984,0.00869479,0.4,0,0,DISABLED,0
1.04,0.222818,0.0391708,0,0.0130849,0.732658,0.0198614,-0.00265447,-0.0153955,-0.999878,0.0116731,0.4,0,0,DISABLED,0
1.06,0.230304,0.0402819,0,0.0111195,0.733125,0.0152154,-0.00461986,-0.0108398,-0.999931,0.014267,0.4,0,0,DISABLED,0
1.08,0.237126,0.0413105,0,0.00991152,0.733442,0.0109184,-0.00582783,-0.00504434,-0.99997,0.0150502,0.4,0,0,DISABLED,0
1.1,0.243298,0.0419838,0,0.00978977,0.733535,0.00992309,-0.00594959,-0.00207725,-0.99998,0.0158249,0.4,0,0,DISABLED,0
1.12,0.25109,0.0423073,0,0.00939773,0.733493,0.00942399,-0.00634162,0.000252025,-0.99998,0.01726,0.4,0,0,DISABLED,0
1.14,0.258275,0.0422065,0,0.00898928,0.733488,0.00933502,-0.00675007,0.00207547,-0.999975,0.0176249,0.4,0,0,DISABLED,0
1.16,0.264677,0.0418404,0,0.00912658,0.733481,0.0106531,-0.00661278,0.00504315,-0.999965,0.019857,0.4,0,0,DISABLED,0
1.18,0.270298,0.0414082,0,0.00962666,0.733428,0.0121238,-0.00611269,0.00690693,-0.999957,0.0204816,0.4,0,0,DISABLED,0
1.2,0.279346,0.0406766,0,0.0110799,0.733253,0.0149865,-0.00465943,0.00963378,-0.999943,0.0205892,0.4,0,0,DISABLED,0
1.22,0.285454,0.0401143,0,0.0128493,0.733068,0.0172808,-0.00289003,0.0110967,-0.999934,0.0210621,0.4,0,0,DISABLED,0
1.24,0.29153,0.0393527,0,0.0144302,0.732958,0.0184551,-0.00130911,0.011046,-0.999938,0.0210878,0.4,0,0,DISABLED,0
1.25999,0.299046,0.0380344,0,0.0152129,0.732999,0.0180732,-0.000526425,0.00929933,-0.999957,0.0207806,0.4,0,0,DISABLED,0
1.27999,0.305372,0.0365545,0,0.0144347,0.733052,0.0162937,-0.00130468,0.00710015,-0.999974,0.020763,0.4,0,0,DISABLED,0
1.29999,0.311801,0.0346181,0,0.0119116,0.732755,0.0122315,-0.00382773,0.00231984,-0.99999,0.0191841,0.4,0,0,DISABLED,0
1.31999,0.320618,0.0319198,0,0.00782822,0.732472,0.00820693,-0.00791113,0.00200832,-0.999967,0.0164987,0.4,0,0,DISABLED,0
1.33999,0.32787,0.029813,0,0.00440647,0.732896,0.00447518,-0.0113329,0.000272382,-0.999936,0.0126635,0.4,0,0,DISABLED,0
1.35999,0.334813,0.0279378,0,0.00279535,0.733498,0.00472146,-0.012944,-0.0042596,-0.999907,0.00992085,0.4,0,0,DISABLED,0
1.37999,0.341649,0.0266198,0,0.00182856,0.733941,0.0071346,-0.0139108,-0.0073574,-0.999876,0.00849007,0.4,0,0,DISABLED,0
1.39999,0.347766,0.0258228,0,0.0014038,0.734061,0.00885665,-0.0143356,-0.00919618,-0.999855,0.00729996,0.4,0,0,DISABLED,0
1.41999,0.355325,0.0252046,0,0.00128795,0.733983,0.0107644,-0.0144514,-0.0111371,-0.999834,0.00584149,0.4,0,0,DISABLED,0
1.43999,0.362374,0.0249656,0,0.00129747,0.733862,0.0122315,-0.0144419,-0.0126167,-0.999816,0.00412862,0.4,0,0,DISABLED,0
1.45999,0.369587,0.0249617,0,0.00141991,0.733729,0.0134744,-0.0143194,-0.0138532,-0.999802,0.00306914,0.4,0,0,DISABLED,0
1.47999,0.376881,0.0251162,0,0.00192696,0.733585,0.0150856,-0.0138124,-0.0154172,-0.999786,0.00276754,0.4,0,0,DISABLED,0
1.49999,0.38414,0.0253553,0,0.00334726,0.733438,0.0178041,-0.0123921,-0.0179429,-0.999762,0.00263434,0.4,0,0,DISABLED,0
1.51999,0.391998,0.0257883,0,0.00622599,0.733249,0.021507,-0.00951337,-0.0210418,-0.999733,0.00221502,0.4,0,0,DISABLED,0
1.53999,0.398356,0.0264009,0,0.00891016,0.733157,0.0234609,-0.00682919,-0.0221582,-0.999731,0.00183611,0.4,0,0,DISABLED,0
1.55999,0.406107,0.0274943,0,0.0112744,0.733262,0.0230766,-0.00446497,-0.0205913,-0.999778,0.00213897,0.4,0,0,DISABLED,0
1.57999,0.41038,0.0281878,0,0.0121413,0.733372,0.0213037,-0.00359801,-0.0179619,-0.999832,0.00290287,0.4,0,0,DISABLED,0
1.59999,0.419612,0.0298843,0,0.0122536,0.733265,0.0164358,-0.00348575,-0.0114087,-0.999929,0.00440235,0.4,0,0,DISABLED,0
1.61999,0.426642,0.0310961,0,0.0112531,0.733149,0.0138453,-0.00448624,-0.00851867,-0.999954,0.00632534,0.4,0,0,DISABLED,0
1.63999,0.433841,0.0321867,0,0.00872255,0.733323,0.0107145,-0.0070168,-0.0066773,-0.999953,0.00798142,0.4,0,0,DISABLED,0
1.65999,0.440998,0.0332556,0,0.00711803,0.733568,0.00764283,-0.00862133,-0.00323731,-0.999958,0.0104633,0.4,0,0,DISABLED,0
1.67999,0.44818,0.0342571,0,0.00660502,0.733772,0.00677464,-0.00913433,0.0010558,-0.999958,0.0120975,0.4,0,0,DISABLED,0
1.69999,0.455312,0.0349625,0,0.00719246,0.733759,0.00793365,-0.00854689,0.00290063,-0.999959,0.012343,0.4,0,0,DISABLED,0
1.71999,0.462631,0.0351823,0,0.00738419,0.733641,0.00847842,-0.00835516,0.0037077,-0.999958,0.0133339,0.4,0,0,DISABLED,0
1.73999,0.470052,0.0350052,0,0.0072155,0.733567,0.00896368,-0.00852385,0.0048653,-0.999952,0.0144601,0.4,0,0,DISABLED,0
1.75999,0.477379,0.0345611,0,0.00737903,0.733527,0.0100187,-0.00836032,0.00631659,-0.999945,0.0153854,0.4,0,0,DISABLED,0
1.77999,0.485224,0.0339277,0,0.00826252,0.733453,0.0115858,-0.00747683,0.00766929,-0.999943,0.0160253,0.4,0,0,DISABLED,0
1.79999,0.492224,0.0333476,0,0.00962743,0.733318,0.0135889,-0.00611193,0.00912993,-0.99994,0.0165706,0.4,0,0,DISABLED,0
1.81999,0.498417,0.032764,0,0.0111075,0.733171,0.0153403,-0.00463182,0.0101198,-0.999938,0.0169974,0.4,0,0,DISABLED,0
1.83999,0.505238,0.0319043,0,0.0126598,0.733048,0.0162754,-0.00307959,0.00976747,-0.999948,0.0170468,0.4,0,0,DISABLED,0
1.85999,0.512213,0.0307171,0,0.0127005,0.733096,0.0153636,-0.00303886,0.00818546,-0.999962,0.0171855,0.4,0,0,DISABLED,0
1.87999,0.519306,0.0290736,0,0.011271,0.73309,0.0123479,-0.00446832,0.00458916,-0.999979,0.017133,0.4,0,0,DISABLED,0
1.89999,0.526425,0.026875,0,0.00975642,0.732606,0.00986284,-0.00598293,0.000978348,-0.999982,0.0170441,0.4,0,0,DISABLED,0
1.91999,0.534604,0.0246112,0,0.00411835,0.732501,0.00440808,-0.011621,0.00109415,-0.999932,0.0121394,0.4,0,0,DISABLED,0
1.93999,0.541184,0.0227065,0,0.00101729,0.732923,0.0010358,-0.0147221,-0.000331225,-0.999892,0.00778347,0.4,0,0,DISABLED,0
1.95999,0.548077,0.0206887,0,-0.000312652,0.733581,0.0055993,-0.016052,-0.00604101,-0.999853,0.00519558,0.4,0,0,DISABLED,0
1.97999,0.554861,0.0192949,0,-0.000570467,0.734106,0.00897697,-0.0163098,-0.00941086,-0.999823,0.00417747,0.4,0,0,DISABLED,0
1.99999,0.561645,0.0184413,0,-0.000481408,0.734253,0.0106419,-0.0162208,-0.0110821,-0.999807,0.00269538,0.4,0,0,DISABLED,0
2.01999,0.568514,0.0179036,0,-0.000204954,0.734145,0.0118955,-0.0159443,-0.012348,-0.999797,0.00188079,0.4,0,0,DISABLED,0
2.03999,0.576261,0.0176076,0,9.08952e-05,0.733994,0.0130838,-0.0156485,-0.0135392,-0.999786,0.00117866,0.4,0,0,DISABLED,0
2.05999,0.583489,0.0175804,0,0.000437543,0.733858,0.014336,-0.0153018,-0.0147852,-0.999774,0.000745038,0.4,0,0,DISABLED,0
2.07999,0.590775,0.0177261,0,0.00104702,0.733666,0.0159087,-0.0146923,-0.0163316,-0.999759,-0.000229276,0.4,0,0,DISABLED,0
2.09999,0.597294,0.0179087,0,0.00272249,0.73347,0.0186255,-0.0130169,-0.0188825,-0.999737,0.000357349,0.4,0,0,DISABLED,0
2.11999,0.603723,0.0182129,0,0.00514986,0.733244,0.021543,-0.0105895,-0.0213741,-0.999715,0.000436199,0.4,0,0,DISABLED,0
2.13999,0.610109,0.0187231,0,0.00791401,0.73305,0.0238665,-0.00782534,-0.0229752,-0.999705,0.000303107,0.4,0,0,DISABLED,0
2.15999,0.618577,0.0198287,0,0.0112256,0.732997,0.0241174,-0.00451373,-0.0218025,-0.999752,0.000400266,0.4,0,0,DISABLED,0
2.17999,0.625657,0.0210608,0,0.0128758,0.733089,0.0217659,-0.00286358,-0.0180021,-0.999834,0.00203789,0.4,0,0,DISABLED,0
2.19999,0.632099,0.0223495,0,0.0131749,0.733072,0.0183904,-0.00256443,-0.0132879,-0.999908,0.00105549,0.4,0,0,DISABLED,0
2.21999,0.639752,0.0236687,0,0.0129552,0.732887,0.0159685,-0.00278414,-0.00979266,-0.999948,0.00461259,0.4,0,0,DISABLED,0
2.23999,0.646041,0.0244996,0,0.0111885,0.733074,0.0138496,-0.00455087,-0.0086175,-0.999952,0.00748407,0.4,0,0,DISABLED,0
2.25999,0.654061,0.0255147,0,0.00869851,0.7335,0.0104782,-0.00704084,-0.00628883,-0.999955,0.0120524,0.4,0,0,DISABLED,0
2.27999,0.661169,0.0264983,0,0.00733421,0.733839,0.00742928,-0.00840514,-0.00164349,-0.999963,0.0139282,0.4,0,0,DISABLED,0
2.29999,0.667568,0.0271252,0,0.00761759,0.733947,0.00793365,-0.00812177,0.00173964,-0.999965,0.0153066,0.4,0,0,DISABLED,0
2.31999,0.674863,0.0273928,0,0.0079175,0.733878,0.00865928,-0.00782186,0.00303748,-0.999965,0.0158549,0.4,0,0,DISABLED,0
2.33999,0.683033,0.0271797,0,0.00819624,0.733646,0.00949331,-0.00754311,0.00434117,-0.999962,0.0185635,0.4,0,0,DISABLED,0
2.35999,0.690425,0.0267746,0,0.00859039,0.733419,0.0100958,-0.00714897,0.00485311,-0.999963,0.0195038,0.4,0,0,DISABLED,0
2.37999,0.697711,0.0262519,0,0.00927324,0.733286,0.0111453,-0.00646612,0.0057292,-0.999963,0.0200245,0.4,0,0,DISABLED,0
2.39999,0.705566,0.0255894,0,0.0103523,0.73316,0.012854,-0.00538703,0.00716107,-0.99996,0.0213777,0.4,0,0,DISABLED,0
2.41999,0.711894,0.0250051,0,0.0119456,0.733043,0.015125,-0.0037937,0.00882022,-0.999954,0.0226993,0.4,0,0,DISABLED,0
2.43999,0.718842,0.0241455,0,0.0132954,0.73295,0.0161799,-0.00244394,0.00876221,-0.999959,0.0236124,0.4,0,0,DISABLED,0
2.45999,0.725179,0.0230961,0,0.0134884,0.732996,0.015648,-0.00225096,0.00747297,-0.99997,0.024001,0.4,0,0,DISABLED,0
2.47999,0.731496,0.0217065,0,0.0131936,0.73304,0.0139951,-0.00254576,0.00420855,-0.999988,0.022272,0.4,0,0,DISABLED,0
2.49999,0.740229,0.0191713,0,0.0100151,0.73247,0.0100484,-0.00572422,0.000291754,-0.999984,0.0261366,0.4,0,0,DISABLED,0
2.51999,0.748613,0.0169739,0,0.0046919,0.732325,0.00508611,-0.0110475,0.00151509,-0.999938,0.0239028,0.4,0,0,DISABLED,0
2.53999,0.754732,0.0152228,0,-0.000204667,0.732616,0.00059802,-0.015944,-0.001001,-0.999872,0.0215006,0.4,0,0,DISABLED,0
2.55999,0.762518,0.0129885,0,-0.00126405,0.7332,0.00656008,-0.0170034,-0.0068883,-0.999832,0.0192053,0.4,0,0,DISABLED,0
2.57999,0.769433,0.0116573,0,-0.00113446,0.733626,0.009161,-0.0168738,-0.00954652,-0.999812,0.0189546,0.4,0,0,DISABLED,0
2.59999,0.77571,0.0109635,0,-0.000994209,0.733824,0.0101957,-0.0167336,-0.0106026,-0.999804,0.0188204,0.4,0,0,DISABLED,0
2.61999,0.782803,0.0105678,0,-0.000602324,0.733936,0.0123141,-0.0163417,-0.0127534,-0.999785,0.0172466,0.4,0,0,DISABLED,0
2.63999,0.790766,0.0104768,0,8.61064e-05,0.733981,0.0140674,-0.0156532,-0.0145235,-0.999772,0.0160894,0.4,0,0,DISABLED,0
2.65999,0.797362,0.0105907,0,0.00124545,0.733896,0.0154757,-0.0144939,-0.0158799,-0.999769,0.0149427,0.4,0,0,DISABLED,0
2.67999,0.805518,0.0109265,0,0.0025638,0.733648,0.0167874,-0.0131756,-0.0170451,-0.999768,0.0143618,0.4,0,0,DISABLED,0
2.69999,0.812932,0.0113351,0,0.00427184,0.733394,0.0190964,-0.0114675,-0.0190678,-0.999752,0.0144614,0.4,0,0,DISABLED,0
2.71999,0.820245,0.0118882,0,0.00678338,0.733181,0.0220083,-0.00895597,-0.0213943,-0.999731,0.0143666,0.4,0,0,DISABLED,0
2.73999,0.827476,0.0127577,0,0.0095875,0.733107,0.0235674,-0.00615185,-0.0219852,-0.999739,0.0138597,0.4,0,0,DISABLED,0
2.75999,0.834725,0.0139289,0,0.0115955,0.733251,0.0225726,-0.00414384,-0.0198199,-0.999795,0.0143687,0.4,0,0,DISABLED,0
2.77999,0.842049,0.0153021,0,0.0123118,0.733478,0.0198794,-0.00342759,-0.0160634,-0.999865,0.0159729,0.4,0,0,DISABLED,0
2.79999,0.849335,0.0169162,0,0.0122892,0.733424,0.0158937,-0.00345015,-0.0105371,-0.999939,0.016335,0.4,0,0,DISABLED,0
2.81999,0.856515,0.0184684,0,0.0115145,0.733225,0.0130199,-0.00422482,-0.00653251,-0.99997,0.0183662,0.4,0,0,DISABLED,0
2.83999,0.863782,0.0196853,0,0.00947294,0.733372,0.0106363,-0.00626642,-0.00528835,-0.999966,0.0201795,0.4,0,0,DISABLED,0
2.85999,0.871192,0.020791,0,0.00742835,0.733635,0.00769723,-0.00831101,-0.00245557,-0.999962,0.0239806,0.4,0,0,DISABLED,0
2.87999,0.878459,0.0218812,0,0.00710338,0.733832,0.00730794,-0.00863597,0.00124353,-0.999962,0.0252187,0.4,0,0,DISABLED,0
2.89999,0.886418,0.0227461,0,0.00795924,0.733799,0.00875512,-0.00778011,0.00318546,-0.999965,0.0261724,0.4,0,0,DISABLED,0
2.91999,0.893082,0.0230374,0,0.00827115,0.733685,0.00934778,-0.0074682,0.00389592,-0.999965,0.0270487,0.4,0,0,DISABLED,0
2.93999,0.900552,0.0229925,0,0.00826712,0.733595,0.00982044,-0.00747223,0.00483996,-0.99996,0.0280225,0.4,0,0,DISABLED,0
2.95999,0.908648,0.0226271,0,0.00860453,0.733523,0.0109782,-0.00713482,0.0063592,-0.999954,0.0297854,0.4,0,0,DISABLED,0
2.97999,0.912982,0.0223674,0,0.00905373,0.733472,0.0117696,-0.00668563,0.00705567,-0.999953,0.0302743,0.4,0,0,DISABLED,0
2.99999,0.92221,0.0217756,0,0.0106407,0.733281,0.0141054,-0.0050986,0.00880252,-0.999948,0.031266,0.4,0,0,DISABLED,0
3.01999,0.929881,0.0211732,0,0.0123312,0.733021,0.0160616,-0.00340819,0.00983682,-0.999946,0.0324266,0.4,0,0,DISABLED,0
3.03999,0.936144,0.0204979,0,0.0131115,0.732898,0.0165658,-0.00262781,0.00967081,-0.99995,0.0326642,0.4,0,0,DISABLED,0
3.05999,0.942446,0.0195659,0,0.0134729,0.73291,0.0158524,-0.00226645,0.00789193,-0.999966,0.0326191,0.4,0,0,DISABLED,0
3.08,0.948868,0.0182986,0,0.0125838,0.732978,0.0140207,-0.00315554,0.00572095,-0.999979,0.0328395,0.4,0,0,DISABLED,0
3.1,0.958326,0.0157216,0,0.00922785,0.732546,0.00925164,-0.00651151,0.00016672,-0.999979,0.0315041,0.4,0,0,DISABLED,0
3.12,0.965061,0.0138322,0,0.00529987,0.732397,0.00534886,-0.0104395,0.000188368,-0.999945,0.0296174,0.4,0,0,DISABLED,0
3.14,0.973154,0.0115897,0,0.00165807,0.732852,0.00182698,-0.0140813,-0.00123151,-0.9999,0.0262396,0.4,0,0,DISABLED,0
3.16,0.980191,0.00981318,0,9.93349e-06,0.733439,0.00547006,-0.0157294,-0.00591943,-0.999859,0.0232428,0.4,0,0,DISABLED,0
3.18,0.986444,0.00869567,0,-0.000657173,0.733844,0.00810461,-0.0163965,-0.0085307,-0.999829,0.0223149,0.4,0,0,DISABLED,0
3.2,0.993361,0.00789867,0,-0.000870988,0.733996,0.0100781,-0.0166103,-0.0104967,-0.999807,0.0212776,0.4,0,0,DISABLED,0
3.22,1.00034,0.00741766,0,-0.000695854,0.733947,0.0116372,-0.0164352,-0.0120698,-0.999792,0.0203091,0.4,0,0,DISABLED,0
3.24,1.00818,0.00721096,0,-0.000292039,0.733864,0.0131339,-0.0160314,-0.0135817,-0.999779,0.019221,0.4,0,0,DISABLED,0
3.26,1.01546,0.0072652,0,0.000154116,0.733776,0.0140801,-0.0155852,-0.0145349,-0.999773,0.0193327,0.4,0,0,DISABLED,0
3.28,1.02207,0.00746995,0,0.000975141,0.733678,0.0158034,-0.0147642,-0.016232,-0.999759,0.0185337,0.4,0,0,DISABLED,0
3.3,1.03006,0.00778072,0,0.00284345,0.733522,0.0190182,-0.0128959,-0.0192608,-0.999731,0.0180577,0.4,0,0,DISABLED,0
3.32,1.0365,0.00815862,0,0.00570109,0.733349,0.0224349,-0.0100383,-0.0221571,-0.999704,0.0182031,0.4,0,0,DISABLED,0
3.34,1.0436,0.00886955,0,0.0087455,0.733209,0.0245,-0.00699386,-0.023343,-0.999703,0.0180577,0.4,0,0,DISABLED,0
3.36,1.05069,0.00992504,0,0.0110858,0.733259,0.023879,-0.00465355,-0.0216093,-0.999756,0.0184195,0.4,0,0,DISABLED,0
3.38,1.05784,0.0111868,0,0.0120375,0.733421,0.0214709,-0.0037019,-0.0182317,-0.999827,0.0192613,0.4,0,0,DISABLED,0
3.4,1.06492,0.012643,0,0.0121894,0.733306,0.0170761,-0.00354996,-0.0124142,-0.999917,0.0202681,0.4,0,0,DISABLED,0
3.42,1.07053,0.013703,0,0.0117594,0.733178,0.0149187,-0.00397999,-0.00963793,-0.999946,0.0228367,0.4,0,0,DISABLED,0
3.44,1.07924,0.0151605,0,0.00835329,0.733255,0.0108141,-0.00738606,-0.00732366,-0.999946,0.0250327,0.4,0,0,DISABLED,0
3.46,1.08728,0.016505,0,0.0064094,0.733487,0.00817782,-0.00932995,-0.00552723,-0.999941,0.0272959,0.4,0,0,DISABLED,0
3.48,1.09437,0.0177615,0,0.00545246,0.733721,0.005839,-0.0102869,0.00161971,-0.999946,0.0292226,0.4,0,0,DISABLED,0
3.5,1.10142,0.0187021,0,0.00690266,0.733752,0.00806775,-0.00883669,0.00371248,-0.999954,0.0298765,0.4,0,0,DISABLED,0
3.52001,1.10794,0.0191267,0,0.0077971,0.733685,0.00922584,-0.00794225,0.00447883,-0.999958,0.0306201,0.4,0,0,DISABLED,0
3.54001,1.11463,0.0191945,0,0.00798216,0.733628,0.0102656,-0.0077572,0.0059958,-0.999952,0.0328595,0.4,0,0,DISABLED,0
3.56001,1.12273,0.0190093,0,0.0081538,0.733599,0.0113519,-0.00758556,0.007443,-0.999944,0.0341644,0.4,0,0,DISABLED,0
3.58001,1.12992,0.0187212,0,0.00887732,0.733558,0.0129003,-0.00686204,0.00890527,-0.999937,0.0349866,0.4,0,0,DISABLED,0
3.60001,1.13696,0.0183939,0,0.0101883,0.73344,0.0149227,-0.00555106,0.0104463,-0.99993,0.0360107,0.4,0,0,DISABLED,0
3.62001,1.14455,0.0179767,0,0.0117122,0.733238,0.0167945,-0.00402711,0.0115823,-0.999925,0.0367254,0.4,0,0,DISABLED,0
3.64001,1.14866,0.0176437,0,0.012587,0.733155,0.0173977,-0.00315232,0.011554,-0.999928,0.0370368,0.4,0,0,DISABLED,0
3.66001,1.15783,0.0165531,0,0.0121195,0.733259,0.0157051,-0.00361986,0.00953102,-0.999948,0.0374124,0.4,0,0,DISABLED,0
3.68001,1.16269,0.0156703,0,0.0115514,0.733243,0.0135713,-0.00418791,0.00666895,-0.999969,0.0365546,0.4,0,0,DISABLED,0
3.70001,1.17201,0.0133606,0,0.00829583,0.732804,0.00870048,-0.00744353,0.0021484,-0.99997,0.0362776,0.4,0,0,DISABLED,0
3.72001,1.17947,0.011298,0,0.00312204,0.732486,0.00325724,-0.0126173,0.000447821,-0.99992,0.0343427,0.4,0,0,DISABLED,0
3.74001,1.18521,0.00977651,0,0.000522383,0.732675,0.00059802,-0.015217,-0.000601032,-0.999884,0.0314839,0.4,0,0,DISABLED,0
3.76001,1.19346,0.00773905,0,-0.00084587,0.733319,0.0053041,-0.0165852,-0.00569156,-0.999846,0.0268607,0.4,0,0,DISABLED,0
3.78001,1.20025,0.00663253,0,-0.00126243,0.733812,0.00827203,-0.0170018,-0.00862962,-0.999818,0.0252527,0.4,0,0,DISABLED,0
3.80001,1.20568,0.00612284,0,-0.00134642,0.733977,0.00963664,-0.0170858,-0.00999513,-0.999804,0.0244861,0.4,0,0,DISABLED,0
3.82001,1.21388,0.00575978,0,-0.00103474,0.73408,0.0115549,-0.0167741,-0.0119596,-0.999788,0.0236665,0.4,0,0,DISABLED,0
3.84001,1.2209,0.00577664,0,-0.000712272,0.734089,0.0134788,-0.0164516,-0.013914,-0.999768,0.0216636,0.4,0,0,DISABLED,0
3.86001,1.22805,0.0059567,0,-0.000150518,0.734008,0.0147257,-0.0158899,-0.0151802,-0.999758,0.0213819,0.4,0,0,DISABLED,0
3.88001,1.23525,0.00628667,0,0.000852277,0.733844,0.0161282,-0.0148871,-0.0165622,-0.999752,0.0213551,0.4,0,0,DISABLED,0
3.90001,1.23957,0.00651837,0,0.00176399,0.73373,0.0175172,-0.0139754,-0.0178869,-0.999742,0.0213919,0.4,0,0,DISABLED,0
3.92001,1.24956,0.00719243,0,0.00521231,0.733435,0.0218589,-0.010527,-0.0216839,-0.999709,0.021689,0.4,0,0,DISABLED,0
3.94001,1.25585,0.00787966,0,0.00521231,0.733115,0.0218589,-0.010527,-0.0216839,-0.999709,0.021689,0.4,0,0,DISABLED,0
3.96002,1.26289,0.00897634,0,0.0120376,0.732836,0.0256645,-0.00370171,-0.023124,-0.999726,0.0191779,0.4,0,0,DISABLED,0
3.98002,1.2693,0.0101447,0,0.0130913,0.732734,0.023829,-0.00264807,-0.0203641,-0.999789,0.0203843,0.4,0,0,DISABLED,0
4.00002,1.27854,0.011831,0,0.0135954,0.732464,0.0186511,-0.00214394,-0.013225,-0.99991,0.0254584,0.4,0,0,DISABLED,0
4.02002,1.28481,0.0129764,0,0.0130281,0.732486,0.0171492,-0.00271122,-0.0116059,-0.999929,0.0264462,0.4,0,0,DISABLED,0
4.04002,1.29333,0.0142578,0,0.0093552,0.732759,0.0132738,-0.00638415,-0.00987548,-0.999931,0.0286562,0.4,0,0,DISABLED,0
4.06002,1.30126,0.0152635,0,0.00368603,0.732885,0.00629107,-0.0120533,-0.00554994,-0.999912,0.0339752,0.4,0,0,DISABLED,0
4.08002,1.31036,0.0164001,0,0.000698539,0.732858,0.000845728,-0.0150408,-5.27808e-05,-0.999887,0.0366694,0.4,0,0,DISABLED,0
4.10002,1.3208,0.0173019,0,0.000684767,0.732496,0.00373464,-0.0150546,0.00320654,-0.999882,0.0389997,0.4,0,0,DISABLED,0
4.12002,1.32683,0.0175643,0,0.00105939,0.732205,0.00480902,-0.01468,0.00422455,-0.999883,0.04029,0.4,0,0,DISABLED,0
4.14002,1.34181,0.0175042,0,0.00227147,0.731436,0.00819239,-0.0134679,0.00741461,-0.999882,0.0459578,0.4,0,0,DISABLED,0
4.16002,1.34848,0.0172925,0,0.00356488,0.731071,0.0100544,-0.0121745,0.00893965,-0.999886,0.0479466,0.4,0,0,DISABLED,0
4.18002,1.36318,0.0167243,0,0.00729029,0.730301,0.0147095,-0.00844907,0.0123178,-0.999888,0.051312,0.4,0,0,DISABLED,0
4.20002,1.37375,0.016184,0,0.0100196,0.729888,0.017111,-0.00571972,0.0134124,-0.999894,0.0529716,0.4,0,0,DISABLED,0
4.22002,1.38877,0.0153311,0,0.010826,0.729876,0.0174114,-0.00491331,0.0131769,-0.999901,0.0520969,0.4,0,0,DISABLED,0
4.24002,1.40017,0.0144802,0,0.0113998,0.730348,0.0171388,-0.00433952,0.0123357,-0.999914,0.0509196,0.4,0,0,DISABLED,0
4.26002,1.41269,0.0131838,0,0.0130133,0.731228,0.0174422,-0.00272602,0.0111525,-0.999934,0.0496159,0.4,0,0,DISABLED,0
4.28002,1.42534,0.0113407,0,0.014202,0.731966,0.0172221,-0.00153736,0.0092846,-0.999956,0.04887,0.4,0,0,DISABLED,0
4.30002,1.43814,0.00893721,0,0.0143985,0.731879,0.0149745,-0.00134088,0.00365637,-0.999992,0.047397,0.4,0,0,DISABLED,0
4.32002,1.45105,0.0065928,0,0.0129393,0.731933,0.0134345,-0.00280003,0.00315345,-0.999991,0.0520933,0.4,0,0,DISABLED,0
4.34002,1.46422,0.00403435,0,0.0141973,0.732215,0.0142442,-0.00154202,-0.00156845,-0.999998,0.0582862,0.4,0,0,DISABLED,0
4.36002,1.47422,0.00265445,0,0.0173245,0.732744,0.0178007,0.00158518,-0.00453619,-0.999988,0.0597168,0.4,0,0,DISABLED,0
4.38002,1.48624,0.00171287,0,0.0181387,0.73302,0.0187562,0.00239931,-0.00522421,-0.999983,0.0592521,0.4,0,0,DISABLED,0
4.40003,1.49593,0.0013723,0,0.0198336,0.732696,0.021138,0.00409421,-0.00775805,-0.999961,0.0587597,0.4,0,0,DISABLED,0
4.42003,1.50652,0.00158137,0,0.0200327,0.732081,0.0217605,0.00429337,-0.00895266,-0.999951,0.0558488,0.4,0,0,DISABLED,0
4.44003,1.51471,0.00197819,0,0.0207087,0.731638,0.0222534,0.00496933,-0.00860163,-0.999951,0.0564144,0.4,0,0,DISABLED,0
4.46003,1.52768,0.00302681,0,0.0215092,0.731272,0.0227724,0.00576982,-0.00792793,-0.999952,0.0574287,0.4,0,0,DISABLED,0
4.48003,1.53752,0.00415562,0,0.0216693,0.731349,0.0227515,0.00592997,-0.0073882,-0.999955,0.0580568,0.4,0,0,DISABLED,0
4.50003,1.54431,0.00511153,0,0.0218835,0.731602,0.0228586,0.00614411,-0.00705906,-0.999956,0.0578857,0.4,0,0,DISABLED,0
4.52003,1.55675,0.00717615,0,0.0226628,0.732475,0.0235167,0.00692341,-0.00673188,-0.999953,0.0563293,0.4,0,0,DISABLED,0
4.54003,1.56532,0.00876656,0,0.0233921,0.733322,0.0241248,0.00765277,-0.00635487,-0.999951,0.0557603,0.4,0,0,DISABLED,0
4.56003,1.57481,0.0106688,0,0.0245452,0.734325,0.025089,0.00880582,-0.00564203,-0.999945,0.0554831,0.4,0,0,DISABLED,0
4.58003,1.58445,0.0126507,0,0.0251417,0.735149,0.0255248,0.00940239,-0.00486873,-0.999944,0.0556088,0.4,0,0,DISABLED,0
4.60003,1.59522,0.0150699,0,0.0248112,0.735249,0.0248311,0.00907181,-0.0014623,-0.999958,0.0562381,0.4,0,0,DISABLED,0
4.62003,1.60406,0.0171811,0,0.0231663,0.734625,0.023438,0.0074269,0.0030971,-0.999968,0.0575689,0.4,0,0,DISABLED,0
4.64003,1.61563,0.0192944,0,0.0209941,0.734525,0.021121,0.00525473,0.00184913,-0.999985,0.0581391,0.4,0,0,DISABLED,0
4.66003,1.6228,0.0205081,0,0.0199715,0.734665,0.0202773,0.00423214,0.00304508,-0.999986,0.0633879,0.4,0,0,DISABLED,0
4.68003,1.62876,0.0214855,0,0.0207966,0.73477,0.0213568,0.00505722,0.0043988,-0.999978,0.0658585,0.4,0,0,DISABLED,0
4.70003,1.63964,0.0230337,0,0.0221408,0.734582,0.0227593,0.00640143,0.00481011,-0.999968,0.0671731,0.4,0,0,DISABLED,0
4.72003,1.64809,0.0238653,0,0.0215612,0.734246,0.022395,0.00582181,0.00559468,-0.999967,0.0696734,0.4,0,0,DISABLED,0
4.74003,1.65477,0.0243749,0,0.0205547,0.733957,0.0217193,0.00481531,0.00655818,-0.999967,0.0715387,0.4,0,0,DISABLED,0
4.76003,1.66453,0.0249472,0,0.0191252,0.733514,0.0208883,0.00338589,0.00793864,-0.999963,0.0737097,0.4,0,0,DISABLED,0
4.78003,1.67246,0.0253419,0,0.0181437,0.733141,0.0205285,0.0024043,0.00914247,-0.999955,0.0747086,0.4,0,0,DISABLED,0
4.80003,1.6802,0.0257067,0,0.0173877,0.732781,0.0208683,0.00164831,0.0110837,-0.999937,0.0752406,0.4,0,0,DISABLED,0
4.82003,1.68772,0.0258972,0,0.0170351,0.732455,0.0211351,0.00129572,0.0120471,-0.999927,0.0758428,0.4,0,0,DISABLED,0
4.84004,1.69518,0.0258309,0,0.0160479,0.732354,0.0202684,0.000308537,0.0119234,-0.999929,0.0761548,0.4,0,0,DISABLED,0
4.86004,1.70272,0.0254356,0,0.0139375,0.732479,0.0181095,-0.00180189,0.0111059,-0.999937,0.0769006,0.4,0,0,DISABLED,0
4.88004,1.71037,0.0246043,0,0.0102409,0.732673,0.0139482,-0.00549849,0.00901209,-0.999944,0.0782725,0.4,0,0,DISABLED,0
4.90004,1.71804,0.0231801,0,0.00625866,0.732579,0.00818511,-0.00948069,0.00482102,-0.999943,0.0792637,0.4,0,0,DISABLED,0
4.92004,1.72343,0.0219909,0,0.0023461,0.732278,0.00327549,-0.0133932,0.00182163,-0.999909,0.0783389,0.4,0,0,DISABLED,0
4.94004,1.72901,0.0210668,0,-0.00285874,0.732276,0.00439453,-0.0185981,0.00287216,-0.999823,0.0770622,0.4,0,0,DISABLED,0
4.96004,1.73942,0.0194089,0,-0.00843839,0.732859,0.00843614,-0.0241777,-0.000338463,-0.999708,0.0717632,0.4,0,0,DISABLED,0
4.98004,1.7488,0.0183778,0,-0.00966114,0.733737,0.0112093,-0.0254005,-0.00613672,-0.999659,0.0689436,0.4,0,0,DISABLED,0
5.00004,1.7552,0.0180821,0,-0.00909554,0.734026,0.0118453,-0.0248349,-0.00804356,-0.999659,0.0682498,0.4,0,0,DISABLED,0
5.02004,1.76236,0.0180939,0,-0.00860444,0.734108,0.01181,-0.0243438,-0.00854506,-0.999667,0.0675553,0.4,0,0,DISABLED,0
5.04004,1.76964,0.0183789,0,-0.00802573,0.734177,0.0119854,-0.0237651,-0.00935857,-0.999674,0.06575,0.4,0,0,DISABLED,0
5.06004,1.77777,0.0189745,0,-0.00767831,0.734285,0.0127235,-0.0234177,-0.0106009,-0.99967,0.064786,0.4,0,0,DISABLED,0
5.08004,1.7845,0.0196546,0,-0.00707143,0.734335,0.0134478,-0.0228108,-0.0118944,-0.999669,0.064596,0.4,0,0,DISABLED,0
5.10004,1.79197,0.0205663,0,-0.00558906,0.734317,0.0144148,-0.0213284,-0.0137402,-0.999678,0.064369,0.4,0,0,DISABLED,0
5.12004,1.79936,0.0215888,0,-0.00297112,0.734216,0.0157846,-0.0187105,-0.0159607,-0.999698,0.064444,0.4,0,0,DISABLED,0
5.14004,1.80664,0.0227979,0,0.00071968,0.733986,0.0175036,-0.0150197,-0.0179469,-0.999726,0.0641386,0.4,0,0,DISABLED,0
5.16004,1.81461,0.0244907,0,0.00418481,0.733736,0.017575,-0.0115545,-0.017521,-0.99978,0.0641275,0.4,0,0,DISABLED,0
5.18004,1.82044,0.0259011,0,0.0061439,0.7336,0.0154487,-0.00959546,-0.0146303,-0.999847,0.0642751,0.4,0,0,DISABLED,0
5.20004,1.82913,0.0280955,0,0.00711574,0.733117,0.00994109,-0.00862361,-0.00739835,-0.999935,0.0697854,0.4,0,0,DISABLED,0
5.22004,1.83572,0.0297257,0,0.00612732,0.732891,0.00808989,-0.00961204,-0.00573387,-0.999937,0.0723038,0.4,0,0,DISABLED,0
5.24004,1.84271,0.0315049,0,0.00533386,0.733042,0.00678343,-0.0104055,-0.00463718,-0.999935,0.0723039,0.4,0,0,DISABLED,0
5.26005,1.84988,0.0330721,0,0.00369356,0.733363,0.00418614,-0.0120458,-0.00241385,-0.999925,0.0760731,0.4,0,0,DISABLED,0
5.28005,1.85658,0.0344743,0,0.00139333,0.73364,0.00253718,-0.014346,0.00165761,-0.999896,0.0788887,0.4,0,0,DISABLED,0
5.30005,1.8647,0.0359643,0,0.000524918,0.733699,0.0053377,-0.0152144,0.00485175,-0.999873,0.0813811,0.4,0,0,DISABLED,0
5.32005,1.87206,0.0368944,0,0.000506021,0.733529,0.00547006,-0.0152333,0.00498291,-0.999872,0.0813684,0.4,0,0,DISABLED,0
5.34005,1.8796,0.0373996,0,0.000219964,0.733404,0.00582879,-0.0155194,0.00536878,-0.999865,0.0821826,0.4,0,0,DISABLED,0
5.36005,1.88718,0.0376062,0,0.000123898,0.733375,0.00730794,-0.0156155,0.00684673,-0.999855,0.0834095,0.4,0,0,DISABLED,0
5.38005,1.89388,0.0376556,0,0.000836251,0.733351,0.00883644,-0.0149031,0.00833259,-0.999854,0.0842228,0.4,0,0,DISABLED,0
5.40005,1.9018,0.0375656,0,0.00340833,0.733199,0.0112888,-0.012331,0.0103012,-0.999871,0.087565,0.4,0,0,DISABLED,0
5.42005,1.90896,0.0375323,0,0.00575524,0.732981,0.0130656,-0.00998411,0.011273,-0.999887,0.0872977,0.4,0,0,DISABLED,0
5.44005,1.9161,0.0373571,0,0.00762795,0.732795,0.0139054,-0.0081114,0.0111651,-0.999905,0.086404,0.4,0,0,DISABLED,0
5.46005,1.92338,0.0367755,0,0.00828023,0.732813,0.0128726,-0.00745913,0.00939932,-0.999928,0.0863108,0.4,0,0,DISABLED,0
5.48005,1.93087,0.0357767,0,0.00739389,0.732872,0.0102598,-0.00834546,0.00665627,-0.999943,0.0865749,0.4,0,0,DISABLED,0
5.50005,1.93915,0.0340494,0,0.00563813,0.732407,0.00591003,-0.0101012,0.00130174,-0.999948,0.0853114,0.4,0,0,DISABLED,0
5.52005,1.94617,0.0326897,0,0.00182922,0.732338,0.00248976,-0.0139101,0.00122117,-0.999902,0.0819655,0.4,0,0,DISABLED,0
5.54005,1.95381,0.0310701,0,-0.00116452,0.732803,0.00129187,-0.0169039,-0.00095786,-0.999857,0.0789781,0.4,0,0,DISABLED,0
5.56005,1.96111,0.0295893,0,-0.00212182,0.733469,0.00638512,-0.0178612,-0.00647345,-0.99982,0.0761308,0.4,0,0,DISABLED,0
5.58005,1.9683,0.0287195,0,-0.00255572,0.733994,0.00964282,-0.0182951,-0.00975028,-0.999785,0.0748418,0.4,0,0,DISABLED,0
5.60005,1.97542,0.0283355,0,-0.0025769,0.734185,0.0116832,-0.0183163,-0.0118469,-0.999762,0.0733119,0.4,0,0,DISABLED,0
5.62005,1.98256,0.028262,0,-0.00226225,0.734138,0.0132873,-0.0180016,-0.0135486,-0.999746,0.0723171,0.4,0,0,DISABLED,0
5.64005,1.98981,0.028491,0,-0.00171949,0.734015,0.0145997,-0.0174588,-0.0149565,-0.999736,0.0707159,0.4,0,0,DISABLED,0
5.66005,1.99722,0.0289448,0,-0.00116768,0.733876,0.0154255,-0.016907,-0.0158404,-0.999732,0.0702119,0.4,0,0,DISABLED,0
5.68005,2.00468,0.029579,0,-0.000226658,0.733715,0.0167732,-0.015966,-0.0172275,-0.999724,0.0699173,0.4,0,0,DISABLED,0
5.70006,2.01208,0.0302961,0,0.00159868,0.733522,0.0192735,-0.0141407,-0.0196635,-0.999707,0.0697976,0.4,0,0,DISABLED,0
5.72006,2.01936,0.0311282,0,0.0044354,0.733294,0.0224029,-0.011304,-0.022416,-0.999685,0.0698108,0.4,0,0,DISABLED,0
5.74006,2.02653,0.0322334,0,0.00759341,0.733125,0.0244732,-0.00814594,-0.023723,-0.999685,0.0695008,0.4,0,0,DISABLED,0
5.76006,2.03365,0.03366,0,0.0101178,0.733171,0.0239985,-0.00562154,-0.0222197,-0.999737,0.0698427,0.4,0,0,DISABLED,0
5.78006,2.04083,0.0352969,0,0.0112203,0.733345,0.0219812,-0.00451907,-0.0193587,-0.999802,0.0700872,0.4,0,0,DISABLED,0
5.80006,2.04722,0.0369089,0,0.0115647,0.733268,0.0180369,-0.00417462,-0.0142986,-0.999889,0.0716045,0.4,0,0,DISABLED,0
5.82006,2.05506,0.0388373,0,0.010723,0.733097,0.0144972,-0.00501638,-0.0102116,-0.999935,0.075572,0.4,0,0,DISABLED,0
5.84006,2.06202,0.0403773,0,0.00986238,0.733256,0.0128401,-0.00587698,-0.0086753,-0.999945,0.0770939,0.4,0,0,DISABLED,0
5.86006,2.06915,0.0418316,0,0.00851294,0.733522,0.0100247,-0.00722641,-0.00574748,-0.999957,0.0802444,0.4,0,0,DISABLED,0
5.88006,2.07634,0.0432773,0,0.00764749,0.733724,0.00775124,-0.00809186,-0.00170706,-0.999966,0.0817678,0.4,0,0,DISABLED,0
5.90006,2.08353,0.0444352,0,0.007693,0.733694,0.00774355,-0.00804635,0.000416499,-0.999968,0.0825245,0.4,0,0,DISABLED,0
5.92006,2.09088,0.045132,0,0.00757638,0.733542,0.00782776,-0.00816297,0.00151453,-0.999966,0.0836512,0.4,0,0,DISABLED,0
5.94006,2.09833,0.0454234,0,0.00732797,0.733438,0.007896,-0.00841139,0.0024707,-0.999962,0.0844071,0.4,0,0,DISABLED,0
5.96006,2.10574,0.0454031,0,0.00732293,0.733366,0.00904313,-0.00841642,0.00483767,-0.999953,0.0863798,0.4,0,0,DISABLED,0
5.98006,2.11303,0.0452575,0,0.00801218,0.733268,0.0105293,-0.00772718,0.00637954,-0.99995,0.0870792,0.4,0,0,DISABLED,0
6.00006,2.12087,0.04509,0,0.00945301,0.733083,0.0127563,-0.00628634,0.00810551,-0.999947,0.087925,0.4,0,0,DISABLED,0
6.02006,2.12718,0.0449132,0,0.0112989,0.732926,0.0150302,-0.00444043,0.00945167,-0.999945,0.0885004,0.4,0,0,DISABLED,0
6.04006,2.13486,0.0444369,0,0.0127151,0.732858,0.0160838,-0.00302426,0.00939443,-0.999951,0.088764,0.4,0,0,DISABLED,0
6.06006,2.13981,0.0439368,0,0.0132383,0.732903,0.0157732,-0.00250108,0.00811298,-0.999964,0.0884097,0.4,0,0,DISABLED,0
6.08006,2.14878,0.0426125,0,0.0109739,0.732966,0.0127189,-0.00476547,0.0059762,-0.999971,0.0908683,0.4,0,0,DISABLED,0
6.10006,2.15613,0.0410061,0,0.00878703,0.732474,0.00886338,-0.00695232,0.000696997,-0.999976,0.0869405,0.4,0,0,DISABLED,0
6.12006,2.16377,0.0393446,0,0.00467136,0.732449,0.0050153,-0.011068,0.00134442,-0.999938,0.0850738,0.4,0,0,DISABLED,0
6.14007,2.17122,0.037561,0,0.00190666,0.732886,0.00234172,-0.0138327,-0.00179229,-0.999903,0.0822798,0.4,0,0,DISABLED,0
6.16007,2.17835,0.0360899,0,0.0010143,0.733472,0.00626259,-0.0147251,-0.00663333,-0.99987,0.0802713,0.4,0,0,DISABLED,0
6.18007,2.18536,0.0353098,0,0.000788311,0.733882,0.00897697,-0.014951,-0.00939918,-0.999844,0.0785042,0.4,0,0,DISABLED,0
6.20007,2.19303,0.0350129,0,0.000896446,0.733964,0.0105009,-0.0148429,-0.0109176,-0.99983,0.0767844,0.4,0,0,DISABLED,0
6.22007,2.19864,0.0350209,0,0.00111518,0.73391,0.0114252,-0.0146242,-0.0118223,-0.999823,0.0761409,0.4,0,0,DISABLED,0
6.24007,2.2065,0.0353383,0,0.00154685,0.733833,0.0132873,-0.0141925,-0.0136516,-0.999806,0.074274,0.4,0,0,DISABLED,0
6.26007,2.21382,0.0359069,0,0.00188932,0.73373,0.0144396,-0.01385,-0.0147734,-0.999795,0.0731788,0.4,0,0,DISABLED,0
6.28007,2.22117,0.0366541,0,0.00279975,0.733551,0.0163412,-0.0129396,-0.0165543,-0.999779,0.0718349,0.4,0,0,DISABLED,0
6.30007,2.22848,0.0374548,0,0.00446222,0.733333,0.0189428,-0.0112771,-0.0188683,-0.999758,0.0717023,0.4,0,0,DISABLED,0
6.32007,2.23567,0.0383749,0,0.00710551,0.733128,0.022307,-0.00863384,-0.0216042,-0.999729,0.0716023,0.4,0,0,DISABLED,0
6.34007,2.24205,0.0394472,0,0.0100233,0.732965,0.0251839,-0.00571604,-0.0235597,-0.999706,0.0704984,0.4,0,0,DISABLED,0
6.36007,2.24985,0.0411392,0,0.0126904,0.733037,0.0248742,-0.00304895,-0.0218524,-0.999757,0.0705818,0.4,0,0,DISABLED,0
6.38007,2.25702,0.0428558,0,0.0135993,0.733218,0.0221164,-0.00214001,-0.0178967,-0.999838,0.0722968,0.4,0,0,DISABLED,0
6.40007,2.26487,0.0449216,0,0.0135548,0.733132,0.0178876,-0.00218456,-0.0121304,-0.999924,0.0736216,0.4,0,0,DISABLED,0
6.42007,2.27116,0.0465895,0,0.0128957,0.733036,0.0155678,-0.00284364,-0.00917289,-0.999954,0.0747419,0.4,0,0,DISABLED,0
6.44007,2.27828,0.0482047,0,0.0109031,0.733217,0.0130016,-0.0048362,-0.00754194,-0.99996,0.0764455,0.4,0,0,DISABLED,0
6.46007,2.28551,0.0496832,0,0.00899478,0.733505,0.00997103,-0.00674457,-0.00476744,-0.999966,0.079469,0.4,0,0,DISABLED,0
6.48007,2.29274,0.0511295,0,0.00815484,0.733731,0.00815593,-0.00758452,-0.000636684,-0.999971,0.0809915,0.4,0,0,DISABLED,0
6.50007,2.29993,0.0523021,0,0.00851776,0.733718,0.00870048,-0.00722159,0.00133183,-0.999973,0.0814492,0.4,0,0,DISABLED,0
6.52007,2.30808,0.0530634,0,0.00851365,0.733561,0.00893704,-0.0072257,0.00225165,-0.999971,0.0827645,0.4,0,0,DISABLED,0
6.54007,2.31561,0.0533446,0,0.00821154,0.733462,0.00912188,-0.00752781,0.00352046,-0.999965,0.0839524,0.4,0,0,DISABLED,0
6.56007,2.32302,0.0533558,0,0.00838237,0.7334,0.0101135,-0.00735699,0.00519919,-0.999959,0.0850514,0.4,0,0,DISABLED,0
6.58008,2.32955,0.0532685,0,0.00914684,0.733337,0.011498,-0.00659252,0.00650868,-0.999957,0.0854243,0.4,0,0,DISABLED,0
6.60008,2.33804,0.0530797,0,0.0110566,0.733153,0.0143277,-0.00468272,0.00865098,-0.999952,0.0871333,0.4,0,0,DISABLED,0
6.62008,2.34366,0.0529049,0,0.0122197,0.733011,0.0157732,-0.00351969,0.00951214,-0.999949,0.0877015,0.4,0,0,DISABLED,0
6.64008,2.35142,0.0524317,0,0.0130531,0.732982,0.0162204,-0.00268626,0.00917219,-0.999954,0.0876846,0.4,0,0,DISABLED,0
6.66008,2.3579,0.0517697,0,0.0128658,0.733103,0.0150856,-0.00287352,0.00742221,-0.999968,0.0874362,0.4,0,0,DISABLED,0
6.68008,2.36598,0.0504679,0,0.0111812,0.733102,0.0120548,-0.0045582,0.0040459,-0.999981,0.0872055,0.4,0,0,DISABLED,0
6.70008,2.37188,0.0490677,0,0.00898268,0.732689,0.00899024,-0.00675667,-0.000273534,-0.999977,0.0861291,0.4,0,0,DISABLED,0
6.72008,2.3796,0.0473054,0,0.00475241,0.732363,0.00478416,-0.0109869,-1.69693e-05,-0.99994,0.0830489,0.4,0,0,DISABLED,0
6.74008,2.38785,0.0452924,0,0.00123257,0.732714,0.00195313,-0.0145068,-0.00197121,-0.999893,0.0801573,0.4,0,0,DISABLED,0
6.76008,2.39499,0.0437384,0,0.000249404,0.733323,0.00620522,-0.0154899,-0.00665282,-0.999858,0.0778513,0.4,0,0,DISABLED,0
6.78008,2.40204,0.0428385,0,-0.000181369,0.733814,0.00899024,-0.0159207,-0.00944891,-0.999829,0.0762435,0.4,0,0,DISABLED,0
6.80008,2.40903,0.0424145,0,-0.000168962,0.733983,0.01072,-0.0159083,-0.011171,-0.999811,0.0745129,0.4,0,0,DISABLED,0
6.82008,2.41535,0.0422954,0,5.41564e-05,0.73394,0.0120943,-0.0156852,-0.0125472,-0.999798,0.0732501,0.4,0,0,DISABLED,0
6.84008,2.42178,0.0423965,0,0.000349796,0.733855,0.0133276,-0.0153896,-0.0137774,-0.999787,0.0721152,0.4,0,0,DISABLED,0
6.86008,2.43128,0.0429336,0,0.000802557,0.733677,0.0149147,-0.0149368,-0.0153466,-0.999771,0.0699876,0.4,0,0,DISABLED,0
6.88008,2.43865,0.043517,0,0.0013484,0.733491,0.0159573,-0.014391,-0.0163523,-0.999763,0.0700869,0.4,0,0,DISABLED,0
6.90008,2.44523,0.0441037,0,0.0030736,0.733304,0.0189397,-0.0126657,-0.0191451,-0.999736,0.0696502,0.4,0,0,DISABLED,0
6.92008,2.45244,0.0448629,0,0.00568949,0.733096,0.0222588,-0.0100499,-0.0219755,-0.999708,0.0696293,0.4,0,0,DISABLED,0
6.94008,2.45883,0.0457797,0,0.00841874,0.732976,0.0243731,-0.00732061,-0.0233293,-0.999701,0.0693292,0.4,0,0,DISABLED,0
6.96008,2.46592,0.0471325,0,0.0109363,0.733027,0.0243511,-0.00480306,-0.022215,-0.999742,0.0694008,0.4,0,0,DISABLED,0
6.98008,2.47445,0.0490981,0,0.0124644,0.733265,0.02224,-0.00327497,-0.0188714,-0.999817,0.0704446,0.4,0,0,DISABLED,0
7.00008,2.48086,0.0507529,0,0.0126402,0.733268,0.0186543,-0.00309912,-0.0141735,-0.999895,0.0701324,0.4,0,0,DISABLED,0
7.02009,2.4878,0.0524437,0,0.0123701,0.733097,0.0156899,-0.00336923,-0.0101046,-0.999943,0.072489,0.4,0,0,DISABLED,0
7.04009,2.49482,0.0537868,0,0.0106503,0.733255,0.013399,-0.00508907,-0.00858944,-0.99995,0.075328,0.4,0,0,DISABLED,0
7.06009,2.5027,0.055268,0,0.00843316,0.733626,0.00950586,-0.00730619,-0.00483024,-0.999962,0.079168,0.4,0,0,DISABLED,0
7.08009,2.50699,0.0561047,0,0.00775976,0.733796,0.00794116,-0.00797959,-0.00215115,-0.999966,0.0799539,0.4,0,0,DISABLED,0
7.10009,2.51691,0.057762,0,0.00814231,0.733838,0.00832948,-0.00759704,0.00126385,-0.99997,0.0809051,0.4,0,0,DISABLED,0
7.12009,2.52424,0.0584536,0,0.00838099,0.733644,0.00872784,-0.00735836,0.0019652,-0.999971,0.0821851,0.4,0,0,DISABLED,0
7.14009,2.53172,0.0587692,0,0.0082656,0.733502,0.00889023,-0.00747376,0.00281392,-0.999968,0.0823561,0.4,0,0,DISABLED,0
7.16009,2.5384,0.0587849,0,0.00840854,0.73344,0.00963664,-0.00733081,0.00424937,-0.999964,0.0829835,0.4,0,0,DISABLED,0
7.18009,2.54566,0.0586219,0,0.00921076,0.733374,0.011188,-0.00652859,0.00588938,-0.999961,0.0842925,0.4,0,0,DISABLED,0
7.20009,2.55352,0.0584287,0,0.0105265,0.733237,0.0132918,-0.00521285,0.007656,-0.999957,0.0850385,0.4,0,0,DISABLED,0
7.22009,2.55981,0.0582358,0,0.0119933,0.733091,0.0150816,-0.00374603,0.0086884,-0.999955,0.085494,0.4,0,0,DISABLED,0
7.24009,2.56676,0.057802,0,0.0133389,0.733005,0.0159909,-0.00240045,0.00835945,-0.999962,0.0856373,0.4,0,0,DISABLED,0
7.26009,2.57387,0.0570272,0,0.0133608,0.733085,0.015235,-0.00237851,0.0068587,-0.999974,0.0858857,0.4,0,0,DISABLED,0
7.28009,2.58116,0.0558132,0,0.0117827,0.733091,0.0124536,-0.00395663,0.00356265,-0.999986,0.0859348,0.4,0,0,DISABLED,0
7.30009,2.5885,0.0540568,0,0.00969177,0.732652,0.00969829,-0.00604758,-0.000779431,-0.999981,0.0833868,0.4,0,0,DISABLED,0
7.32009,2.59609,0.0521307,0,0.00578823,0.732358,0.00586955,-0.00995112,-0.00138657,-0.99995,0.0818466,0.4,0,0,DISABLED,0
7.34009,2.60358,0.0504171,0,0.0024429,0.732695,0.00343536,-0.0132965,-0.0028729,-0.999907,0.0773844,0.4,0,0,DISABLED,0
7.36009,2.61074,0.048945,0,0.00113379,0.733301,0.00662338,-0.0146056,-0.00698086,-0.999869,0.0746659,0.4,0,0,DISABLED,0
7.38009,2.61843,0.0480297,0,0.000714377,0.733819,0.00965517,-0.015025,-0.0100838,-0.999836,0.0725896,0.4,0,0,DISABLED,0
7.40009,2.62466,0.0476831,0,0.000822148,0.733953,0.0111024,-0.0149172,-0.0115232,-0.999822,0.0716046,0.4,0,0,DISABLED,0
7.42009,2.63166,0.0476239,0,0.00104303,0.733824,0.0126719,-0.0146963,-0.0130839,-0.999806,0.0692201,0.4,0,0,DISABLED,0
7.44009,2.63951,0.0478524,0,0.00122714,0.733627,0.0135494,-0.0145122,-0.0139477,-0.999797,0.0684835,0.4,0,0,DISABLED,0
7.4601,2.64608,0.0482808,0,0.00141021,0.733482,0.0145629,-0.0143291,-0.0149465,-0.999786,0.0674568,0.4,0,0,DISABLED,0
7.4801,2.65342,0.0489139,0,0.00209801,0.73334,0.0163156,-0.0136413,-0.0166348,-0.999769,0.0675049,0.4,0,0,DISABLED,0
7.5001,2.6607,0.0496237,0,0.00360086,0.733213,0.0189554,-0.0121385,-0.0190693,-0.999744,0.0675678,0.4,0,0,DISABLED,0
7.5201,2.66854,0.0505417,0,0.00664995,0.733062,0.0228404,-0.0090894,-0.0223082,-0.99971,0.0673574,0.4,0,0,DISABLED,0
7.5401,2.67417,0.0514215,0,0.00910103,0.733007,0.0245971,-0.00663832,-0.0233094,-0.999706,0.067077,0.4,0,0,DISABLED,0
7.5601,2.68188,0.0529045,0,0.0115184,0.733169,0.0239039,-0.00422098,-0.0214,-0.999762,0.0681032,0.4,0,0,DISABLED,0
7.5801,2.68892,0.0544586,0,0.0123065,0.733371,0.0212897,-0.00343287,-0.0178268,-0.999835,0.0700148,0.4,0,0,DISABLED,0
7.6001,2.69595,0.0562566,0,0.0122084,0.733337,0.01736,-0.00353095,-0.0128007,-0.999912,0.071307,0.4,0,0,DISABLED,0
7.6201,2.70283,0.0581056,0,0.0116365,0.733178,0.0145219,-0.00410283,-0.00914663,-0.99995,0.0723393,0.4,0,0,DISABLED,0
7.6401,2.70996,0.0596875,0,0.00919188,0.733258,0.0113729,-0.00654748,-0.0071572,-0.999953,0.0750047,0.4,0,0,DISABLED,0
7.6601,2.71708,0.0611631,0,0.00731609,0.73353,0.00818511,-0.00842326,-0.00412069,-0.999956,0.078554,0.4,0,0,DISABLED,0
7.6801,2.72415,0.0626184,0,0.00681318,0.73378,0.00684466,-0.00892617,0.000198558,-0.99996,0.0802998,0.4,0,0,DISABLED,0
7.7001,2.73116,0.0638262,0,0.00753542,0.733807,0.00800098,-0.00820394,0.00222105,-0.999964,0.0806953,0.4,0,0,DISABLED,0
7.7201,2.73838,0.0645743,0,0.00781368,0.733709,0.00847842,-0.00792567,0.002822,-0.999965,0.0815174,0.4,0,0,DISABLED,0
7.7401,2.74578,0.0648963,0,0.00772276,0.733608,0.0092129,-0.00801659,0.00456615,-0.999957,0.0841478,0.4,0,0,DISABLED,0
7.7601,2.75172,0.0649542,0,0.00760301,0.733544,0.00957458,-0.00813634,0.0053547,-0.999953,0.0849212,0.4,0,0,DISABLED,0
7.7801,2.76041,0.0648671,0,0.00840391,0.733441,0.0113572,-0.00733544,0.00718034,-0.999947,0.0859646,0.4,0,0,DISABLED,0
7.8001,2.76749,0.0647537,0,0.00984855,0.733292,0.0133633,-0.0058908,0.00857218,-0.999946,0.0868234,0.4,0,0,DISABLED,0
7.8201,2.77445,0.0646344,0,0.0115941,0.733116,0.015541,-0.0041453,0.00989473,-0.999942,0.0873753,0.4,0,0,DISABLED,0
7.8401,2.78137,0.0642889,0,0.0130556,0.733014,0.0165766,-0.0026838,0.00975422,-0.999949,0.0879191,0.4,0,0,DISABLED,0
7.8601,2.78841,0.0636358,0,0.0132972,0.733087,0.0158937,-0.0024422,0.0082513,-0.999963,0.088086,0.4,0,0,DISABLED,0
7.88011,2.79567,0.0625822,0,0.0118777,0.733164,0.0134522,-0.00386167,0.00586343,-0.999975,0.0884879,0.4,0,0,DISABLED,0
7.90011,2.80151,0.061303,0,0.0101178,0.732851,0.0103292,-0.00562152,0.00162921,-0.999983,0.087991,0.4,0,0,DISABLED,0
7.92011,2.80826,0.0597877,0,0.00657945,0.732425,0.00663237,-0.0091599,0.000315519,-0.999958,0.0849441,0.4,0,0,DISABLED,0
7.94011,2.81828,0.0578928,0,-0.000194633,0.732821,0.00109183,-0.015934,0.000616561,-0.999873,0.0782452,0.4,0,0,DISABLED,0
7.96011,2.82543,0.0563216,0,-0.00115769,0.733448,0.00544823,-0.016897,-0.00577321,-0.999841,0.0718812,0.4,0,0,DISABLED,0
7.98011,2.83231,0.0551589,0,-0.00104775,0.733983,0.0086455,-0.0167871,-0.0090375,-0.999818,0.0724921,0.4,0,0,DISABLED,0
8.00011,2.8391,0.0545826,0,-0.000925811,0.734189,0.00939866,-0.0166652,-0.0098098,-0.999813,0.072263,0.4,0,0,DISABLED,0
8.02011,2.84592,0.0544409,0,-0.000876227,0.734165,0.0105745,-0.0166156,-0.0109938,-0.999802,0.0704049,0.4,0,0,DISABLED,0
8.04011,2.85286,0.0546401,0,-0.000878027,0.73408,0.0120152,-0.0166174,-0.0124371,-0.999785,0.0692131,0.4,0,0,DISABLED,0
8.06011,2.85996,0.05511,0,-0.00079775,0.733967,0.0131066,-0.0165371,-0.0135373,-0.999772,0.0688464,0.4,0,0,DISABLED,0
8.08011,2.86716,0.0557663,0,-0.000198487,0.733811,0.014616,-0.0159378,-0.0150741,-0.999759,0.0685011,0.4,0,0,DISABLED,0
8.10011,2.87431,0.0564829,0,0.00146099,0.733636,0.0170412,-0.0142784,-0.0174347,-0.999746,0.0688269,0.4,0,0,DISABLED,0
8.12011,2.88135,0.0573104,0,0.0043687,0.7334,0.0203154,-0.0113706,-0.0202974,-0.999729,0.0686102,0.4,0,0,DISABLED,0
8.14011,2.88833,0.0583373,0,0.00762793,0.733177,0.0229393,-0.00811142,-0.0220907,-0.999723,0.0685555,0.4,0,0,DISABLED,0
8.16011,2.89523,0.059678,0,0.00983647,0.733102,0.0235623,-0.00590288,-0.0218672,-0.999743,0.068564,0.4,0,0,DISABLED,0
8.18011,2.90218,0.0612519,0,0.0121874,0.733157,0.0210163,-0.00355193,-0.0175768,-0.999839,0.0699503,0.4,0,0,DISABLED,0
8.20011,2.90914,0.062972,0,0.0124515,0.733025,0.0171701,-0.00328781,-0.0122744,-0.999919,0.0717921,0.4,0,0,DISABLED,0
8.22011,2.91596,0.0645849,0,0.0119414,0.732925,0.0151369,-0.00379796,-0.00976161,-0.999945,0.0741814,0.4,0,0,DISABLED,0
8.24011,2.92359,0.0661724,0,0.0100548,0.733183,0.0126201,-0.00568452,-0.00808281,-0.999951,0.0768951,0.4,0,0,DISABLED,0
8.26011,2.92995,0.0674593,0,0.00786652,0.733515,0.00891033,-0.00787283,-0.00463765,-0.999958,0.0803992,0.4,0,0,DISABLED,0
8.28011,2.93704,0.0688694,0,0.00671045,0.733817,0.00671277,-0.00902891,-0.000224648,-0.999959,0.0818593,0.4,0,0,DISABLED,0
8.30011,2.94338,0.0699231,0,0.00679645,0.733867,0.00720113,-0.0089429,0.00193687,-0.999958,0.0825897,0.4,0,0,DISABLED,0
8.32012,2.95212,0.0707945,0,0.00684745,0.733689,0.0077127,-0.00889191,0.00307559,-0.999956,0.084481,0.4,0,0,DISABLED,0
8.34012,2.95959,0.071091,0,0.00652283,0.733569,0.00788089,-0.00921653,0.00395181,-0.99995,0.0850371,0.4,0,0,DISABLED,0
8.36012,2.96626,0.0711022,0,0.00663395,0.733522,0.00874831,-0.00910541,0.00524366,-0.999945,0.085733,0.4,0,0,DISABLED,0
8.38012,2.97351,0.0709625,0,0.00753248,0.733473,0.0104725,-0.00820687,0.0068222,-0.999943,0.0865722,0.4,0,0,DISABLED,0
8.40012,2.9799,0.070783,0,0.00889061,0.73337,0.0125014,-0.00684874,0.00833157,-0.999942,0.0876886,0.4,0,0,DISABLED,0
8.42012,2.98762,0.0705582,0,0.0107291,0.733176,0.0148346,-0.00501029,0.00978778,-0.99994,0.0882999,0.4,0,0,DISABLED,0
8.44012,2.99458,0.0701358,0,0.0122764,0.733032,0.0157921,-0.00346296,0.00947922,-0.999949,0.08863,0.4,0,0,DISABLED,0
8.46012,3.00094,0.06947,0,0.0127346,0.733032,0.0152741,-0.00300475,0.00797017,-0.999964,0.0888357,0.4,0,0,DISABLED,0
8.48012,3.00888,0.0681838,0,0.0118604,0.733004,0.0128957,-0.00387892,0.00460703,-0.999982,0.0885646,0.4,0,0,DISABLED,0
8.50012,3.01626,0.0664515,0,0.00956441,0.732508,0.00958081,-0.00617495,0.000105799,-0.999981,0.0876037,0.4,0,0,DISABLED,0
8.52012,3.02392,0.064754,0,0.00519837,0.732342,0.00529285,-0.010541,0.000531699,-0.999944,0.0845094,0.4,0,0,DISABLED,0
8.54012,3.03138,0.0630205,0,0.00201175,0.732784,0.00226407,-0.0137276,-0.00151783,-0.999905,0.0811846,0.4,0,0,DISABLED,0
8.56012,3.03855,0.0614696,0,0.000833763,0.733442,0.00680098,-0.0149056,-0.00720379,-0.999863,0.077304,0.4,0,0,DISABLED,0
8.58012,3.04557,0.0605522,0,0.00037514,0.733939,0.00952465,-0.0153642,-0.00997453,-0.999832,0.0765873,0.4,0,0,DISABLED,0
8.60012,3.05254,0.0601529,0,0.000308082,0.734104,0.0112782,-0.0154313,-0.0117297,-0.999812,0.0753442,0.4,0,0,DISABLED,0
8.62012,3.05955,0.060073,0,0.000525855,0.734058,0.0129786,-0.0152135,-0.0134233,-0.999794,0.0741771,0.4,0,0,DISABLED,0
8.64012,3.06669,0.0602772,0,0.000906217,0.733948,0.0144189,-0.0148331,-0.0148475,-0.99978,0.0728478,0.4,0,0,DISABLED,0
8.66012,3.07397,0.0607171,0,0.0013513,0.733793,0.0154834,-0.0143881,-0.0158798,-0.99977,0.0719716,0.4,0,0,DISABLED,0
8.68012,3.08133,0.0613331,0,0.00209605,0.733611,0.016791,-0.0136433,-0.0171154,-0.99976,0.0720408,0.4,0,0,DISABLED,0
8.70012,3.08937,0.06213,0,0.00398307,0.733392,0.0200526,-0.0117563,-0.0201115,-0.999729,0.0711633,0.4,0,0,DISABLED,0
8.72012,3.09583,0.062876,0,0.00644185,0.733209,0.0229938,-0.00929751,-0.0225293,-0.999703,0.0713463,0.4,0,0,DISABLED,0
8.74012,3.1029,0.0639749,0,0.00949427,0.7331,0.0250629,-0.00624508,-0.0236502,-0.999701,0.0712108,0.4,0,0,DISABLED,0
8.76013,3.10996,0.0653863,0,0.0117843,0.733218,0.024602,-0.00395504,-0.0220519,-0.999749,0.0716822,0.4,0,0,DISABLED,0
8.78013,3.11636,0.0668357,0,0.0126125,0.733413,0.0229393,-0.00312686,-0.0196163,-0.999803,0.0725377,0.4,0,0,DISABLED,0
8.80013,3.12343,0.0686297,0,0.0127599,0.733424,0.018345,-0.00297949,-0.0136326,-0.999903,0.0749285,0.4,0,0,DISABLED,0
8.82013,3.13108,0.070653,0,0.0121792,0.733154,0.0148506,-0.00356016,-0.00895289,-0.999954,0.0765249,0.4,0,0,DISABLED,0
8.84013,3.1374,0.0719831,0,0.0105925,0.733215,0.0127376,-0.00514683,-0.00752843,-0.999958,0.07847,0.4,0,0,DISABLED,0
8.86013,3.14537,0.0734833,0,0.0080668,0.733532,0.00898361,-0.00767255,-0.00441059,-0.999961,0.0846504,0.4,0,0,DISABLED,0
8.88013,3.15248,0.0749267,0,0.0073752,0.73375,0.0073729,-0.00836415,-0.000502825,-0.999965,0.0860239,0.4,0,0,DISABLED,0
8.90013,3.15952,0.0761369,0,0.00796951,0.733756,0.00824316,-0.00776985,0.00165613,-0.999968,0.0865902,0.4,0,0,DISABLED,0
8.92013,3.16676,0.0769046,0,0.00833957,0.733623,0.00889694,-0.00739979,0.00265308,-0.999969,0.0878923,0.4,0,0,DISABLED,0
8.94013,3.1734,0.0772397,0,0.00827226,0.733544,0.00923229,-0.00746709,0.00363623,-0.999965,0.0890312,0.4,0,0,DISABLED,0
8.96013,3.1822,0.0773063,0,0.00843627,0.733483,0.0104269,-0.00730308,0.00567089,-0.999957,0.091352,0.4,0,0,DISABLED,0
8.98013,3.18869,0.0772509,0,0.0089906,0.733431,0.011632,-0.00674875,0.00691975,-0.999953,0.0915821,0.4,0,0,DISABLED,0
9.00013,3.19574,0.0771679,0,0.010238,0.733334,0.0136327,-0.0055013,0.00854,-0.999948,0.0921782,0.4,0,0,DISABLED,0
9.02013,3.20264,0.0770172,0,0.0119525,0.733192,0.0157278,-0.00378688,0.00976062,-0.999945,0.0930217,0.4,0,0,DISABLED,0
9.04013,3.2102,0.0766041,0,0.0133944,0.733089,0.0166376,-0.00234499,0.00940808,-0.999953,0.0933559,0.4,0,0,DISABLED,0
9.06013,3.21654,0.0759724,0,0.0133381,0.73316,0.0157581,-0.0024013,0.00793293,-0.999966,0.0936518,0.4,0,0,DISABLED,0
9.08013,3.22445,0.0747022,0,0.0118007,0.733141,0.0127423,-0.00393866,0.00434668,-0.999983,0.0936989,0.4,0,0,DISABLED,0
9.10013,3.23174,0.0730017,0,0.00908887,0.732598,0.00908915,-0.00665048,-0.00035555,-0.999978,0.0921153,0.4,0,0,DISABLED,0
9.12013,3.23853,0.0715314,0,0.00499909,0.732465,0.00502717,-0.0107403,4.64627e-05,-0.999942,0.0900734,0.4,0,0,DISABLED,0
9.14013,3.24598,0.0699177,0,0.00123795,0.732869,0.00195313,-0.0145014,-0.00193477,-0.999893,0.0860096,0.4,0,0,DISABLED,0
9.16013,3.25165,0.0687417,0,9.34042e-05,0.733355,0.00528158,-0.0156459,-0.00573261,-0.999861,0.0840359,0.4,0,0,DISABLED,0
9.18013,3.25791,0.0679082,0,-0.000407105,0.733826,0.00847842,-0.0161465,-0.00892106,-0.99983,0.0824362,0.4,0,0,DISABLED,0
9.20014,3.2676,0.0674673,0,-0.000416547,0.73407,0.0108801,-0.0161559,-0.0113247,-0.999805,0.0805905,0.4,0,0,DISABLED,0
9.22014,3.27251,0.0674899,0,-0.000252783,0.734019,0.0119605,-0.0159921,-0.0124139,-0.999795,0.0795725,0.4,0,0,DISABLED,0
9.24014,3.2811,0.0677844,0,0.00021481,0.733889,0.0132828,-0.0155245,-0.0137368,-0.999785,0.0781617,0.4,0,0,DISABLED,0
9.26014,3.28842,0.0682875,0,0.000722704,0.733763,0.0141054,-0.0150166,-0.014541,-0.999781,0.0769436,0.4,0,0,DISABLED,0
9.28014,3.29581,0.0689713,0,0.00155117,0.733602,0.0154023,-0.0141882,-0.0157796,-0.999775,0.0762751,0.4,0,0,DISABLED,0
9.30014,3.30316,0.0697544,0,0.00314861,0.733404,0.0178943,-0.0125907,-0.0180724,-0.999757,0.0759821,0.4,0,0,DISABLED,0
9.32014,3.31037,0.070668,0,0.0057825,0.73323,0.0211351,-0.00995686,-0.0207876,-0.999734,0.0756745,0.4,0,0,DISABLED,0
9.34014,3.31749,0.0718945,0,0.00877966,0.733155,0.0232157,-0.0069597,-0.0219483,-0.999735,0.0749884,0.4,0,0,DISABLED,0
9.36014,3.32529,0.0736174,0,0.0110527,0.733307,0.0226306,-0.00468668,-0.0202014,-0.999785,0.0752312,0.4,0,0,DISABLED,0
9.38014,3.33175,0.0751987,0,0.0119544,0.733494,0.0201623,-0.00378494,-0.0166887,-0.999854,0.0765435,0.4,0,0,DISABLED,0
9.40014,3.33885,0.0771624,0,0.012026,0.733389,0.0160356,-0.00371331,-0.0110592,-0.999932,0.0776531,0.4,0,0,DISABLED,0
9.42014,3.3459,0.0790477,0,0.0110877,0.733217,0.0132918,-0.00465162,-0.00778359,-0.999959,0.0801446,0.4,0,0,DISABLED,0
9.44014,3.35014,0.0800972,0,0.00945292,0.733258,0.0111399,-0.00628644,-0.00635326,-0.99996,0.0813527,0.4,0,0,DISABLED,0
9.46014,3.36009,0.0822565,0,0.0078152,0.733607,0.00852749,-0.00792415,-0.00386261,-0.999961,0.0844588,0.4,0,0,DISABLED,0
9.48014,3.36588,0.0834432,0,0.00692708,0.733796,0.0069312,-0.00881227,-0.000560179,-0.999961,0.0863323,0.4,0,0,DISABLED,0
9.50014,3.37447,0.0849233,0,0.00716625,0.733783,0.00747726,-0.00857311,0.00167015,-0.999962,0.0868661,0.4,0,0,DISABLED,0
9.52014,3.3826,0.0857025,0,0.00714104,0.733589,0.00770497,-0.00859831,0.00243932,-0.99996,0.0884476,0.4,0,0,DISABLED,0
9.54014,3.38936,0.0860042,0,0.00692874,0.733475,0.00791108,-0.00881061,0.00335547,-0.999956,0.0889853,0.4,0,0,DISABLED,0
9.56014,3.39677,0.0860224,0,0.00720832,0.733357,0.00904313,-0.00853103,0.00500168,-0.999951,0.0911532,0.4,0,0,DISABLED,0
9.58014,3.40404,0.0858828,0,0.00806504,0.733221,0.010404,-0.00767432,0.00611805,-0.999952,0.0922939,0.4,0,0,DISABLED,0
9.60014,3.41193,0.0857588,0,0.009372,0.733063,0.0123044,-0.00636735,0.00751757,-0.999951,0.0926497,0.4,0,0,DISABLED,0
9.62014,3.41828,0.0856329,0,0.0108157,0.732934,0.0141476,-0.00492369,0.00866397,-0.99995,0.0931794,0.4,0,0,DISABLED,0
9.64015,3.42526,0.0852668,0,0.0123452,0.732857,0.0152272,-0.00339412,0.00845392,-0.999959,0.0936105,0.4,0,0,DISABLED,0
9.66015,3.43239,0.084568,0,0.0126575,0.732932,0.014677,-0.00308185,0.00696445,-0.999971,0.093904,0.4,0,0,DISABLED,0
9.68015,3.43973,0.0834466,0,0.0113528,0.732966,0.012468,-0.00438659,0.0046889,-0.999979,0.0948974,0.4,0,0,DISABLED,0
9.70015,3.44708,0.0818291,0,0.00883931,0.732513,0.00884992,-0.00690004,2.63598e-05,-0.999976,0.0919586,0.4,0,0,DISABLED,0
9.72015,3.45467,0.0801846,0,0.00509978,0.732526,0.00517901,-0.0106396,0.000431088,-0.999943,0.0896783,0.4,0,0,DISABLED,0
9.74015,3.46221,0.0784397,0,0.00152117,0.733016,0.00265205,-0.0142182,-0.00263046,-0.999895,0.0866566,0.4,0,0,DISABLED,0
9.76015,3.46941,0.0770028,0,0.000112152,0.733618,0.00714295,-0.0156272,-0.00759886,-0.999849,0.0843152,0.4,0,0,DISABLED,0
9.78015,3.47713,0.0761499,0,-0.000246165,0.734029,0.0103119,-0.0159855,-0.0107669,-0.999814,0.0823063,0.4,0,0,DISABLED,0
9.80015,3.48339,0.0758379,0,-0.000121975,0.734106,0.0116985,-0.0158613,-0.0121525,-0.9998,0.0819912,0.4,0,0,DISABLED,0
9.82015,3.49042,0.0758075,0,0.00031444,0.734071,0.0133097,-0.0154249,-0.0137616,-0.999786,0.0807226,0.4,0,0,DISABLED,0
9.84015,3.49758,0.0760731,0,0.000760941,0.73402,0.0146445,-0.0149784,-0.015078,-0.999774,0.0790162,0.4,0,0,DISABLED,0
9.86015,3.50487,0.0765482,0,0.00138895,0.733921,0.0159237,-0.0143504,-0.0163186,-0.999764,0.0780423,0.4,0,0,DISABLED,0
9.88015,3.51221,0.0772023,0,0.00232319,0.733756,0.0173634,-0.0134162,-0.0176652,-0.999754,0.0777945,0.4,0,0,DISABLED,0
9.90015,3.51951,0.0779414,0,0.00402752,0.733554,0.0200942,-0.0117118,-0.0201428,-0.999729,0.0774022,0.4,0,0,DISABLED,0
9.92015,3.5274,0.0788934,0,0.0069835,0.733298,0.0236331,-0.00875585,-0.0230341,-0.999696,0.0771611,0.4,0,0,DISABLED,0
9.94015,3.53377,0.0799319,0,0.00958205,0.733179,0.0251744,-0.00615731,-0.0237354,-0.999699,0.0769379,0.4,0,0,DISABLED,0
9.96015,3.53872,0.0809195,0,0.0117009,0.733225,0.0244781,-0.0040385,-0.0219583,-0.999751,0.077399,0.4,0,0,DISABLED,0
9.98015,3.54795,0.0830303,0,0.0124594,0.733476,0.022331,-0.00327996,-0.0189884,-0.999814,0.0782386,0.4,0,0,DISABLED,0
10.0002,3.55502,0.0848835,0,0.0124702,0.733415,0.0175512,-0.00326916,-0.0128051,-0.999913,0.079949,0.4,0,0,DISABLED,0
10.0202,3.56197,0.0867489,0,0.0118195,0.733198,0.0144808,-0.0039199,-0.00882411,-0.999953,0.0808068,0.4,0,0,DISABLED,0
10.0402,3.57049,0.0882281,0,0.00538696,0.733163,0.00884992,-0.0103524,-0.00747441,-0.999918,0.0839115,0.4,0,0,DISABLED,0
10.0602,3.58067,0.0896217,0,-0.00315718,0.733051,0.00427072,-0.0188965,-0.0033132,-0.999816,0.0902087,0.4,0,0,DISABLED,0
10.0802,3.59156,0.0910024,0,-0.00684965,0.732708,0.00700817,-0.022589,0.00101572,-0.999744,0.0937298,0.4,0,0,DISABLED,0
10.1002,3.60439,0.0922263,0,-0.00725568,0.731898,0.00971671,-0.022995,0.00600746,-0.999718,0.099633,0.4,0,0,DISABLED,0
10.1202,3.61593,0.0929256,0,-0.00532129,0.730992,0.00962426,-0.0210606,0.00755832,-0.99975,0.103586,0.4,0,0,DISABLED,0
10.1402,3.6298,0.0933643,0,-0.00248758,0.729925,0.010283,-0.0182269,0.0095183,-0.999789,0.107214,0.4,0,0,DISABLED,0
10.1602,3.64448,0.0934662,0,0.00148697,0.72889,0.0126578,-0.0142524,0.0121135,-0.999825,0.111914,0.4,0,0,DISABLED,0
10.1802,3.66167,0.0933747,0,0.00532253,0.728094,0.0149546,-0.0104168,0.0135149,-0.999854,0.114714,0.4,0,0,DISABLED,0
10.2002,3.67681,0.0932542,0,0.00651165,0.727925,0.0155793,-0.0092277,0.0136941,-0.999864,0.11482,0.4,0,0,DISABLED,0
10.2202,3.69487,0.0930045,0,0.00586424,0.728268,0.0157921,-0.00987511,0.0142035,-0.99985,0.114569,0.4,0,0,DISABLED,0
10.2402,3.71279,0.0924207,0,0.00878058,0.729189,0.0167198,-0.00695877,0.0137701,-0.999881,0.114412,0.4,0,0,DISABLED,0
10.2602,3.73036,0.0914695,0,0.0150791,0.730365,0.0200615,-0.000660227,0.0127734,-0.999918,0.112832,0.4,0,0,DISABLED,0
10.2802,3.75006,0.0897281,0,0.0218573,0.730955,0.0239313,0.00611797,0.00928459,-0.999938,0.111452,0.4,0,0,DISABLED,0
10.3002,3.76648,0.0881438,0,0.0253167,0.730434,0.026334,0.00957732,0.00679205,-0.999931,0.113392,0.4,0,0,DISABLED,0
10.3202,3.78626,0.0870316,0,0.0271425,0.731257,0.0292552,0.0114031,0.0104557,-0.99988,0.116952,0.4,0,0,DISABLED,0
10.3402,3.80154,0.0859669,0,0.0296072,0.733385,0.030416,0.0138678,0.00649922,-0.999883,0.118423,0.4,0,0,DISABLED,0
10.3602,3.8165,0.0851523,0,0.0310379,0.735915,0.0313845,0.0152986,0.0041851,-0.999874,0.119786,0.4,0,0,DISABLED,0
10.3802,3.83489,0.0847406,0,0.0297274,0.738703,0.0298323,0.0139881,0.00202799,-0.9999,0.114432,0.4,0,0,DISABLED,0
10.4002,3.85139,0.0846341,0,0.0275071,0.740463,0.0275098,0.0117677,-0.00012768,-0.999931,0.110397,0.4,0,0,DISABLED,0
10.4202,3.86784,0.0848767,0,0.0254363,0.741687,0.0254991,0.0096969,-0.00224318,-0.99995,0.108782,0.4,0,0,DISABLED,0
10.4402,3.88413,0.0855259,0,0.0240704,0.742525,0.0244683,0.00833101,-0.00484014,-0.999954,0.10706,0.4,0,0,DISABLED,0
10.4602,3.9001,0.0866301,0,0.0240859,0.742932,0.02473,0.00834653,-0.00605227,-0.999947,0.105508,0.4,0,0,DISABLED,0
10.4802,3.9158,0.0880369,0,0.0249591,0.742874,0.0256529,0.00921974,-0.00637284,-0.999937,0.103246,0.4,0,0,DISABLED,0
10.5002,3.93291,0.0896377,0,0.0266923,0.742341,0.0273119,0.010953,-0.0062411,-0.999921,0.0994394,0.4,0,0,DISABLED,0
10.5202,3.94688,0.0908349,0,0.0290191,0.741534,0.0294319,0.0132797,-0.00535899,-0.999897,0.0960842,0.4,0,0,DISABLED,0
10.5402,3.96417,0.0920893,0,0.0313309,0.739956,0.0315172,0.0155915,-0.00385971,-0.999871,0.093511,0.4,0,0,DISABLED,0
10.5602,3.97863,0.0930562,0,0.0325816,0.737877,0.0325867,0.0168422,-0.000849243,-0.999858,0.0916371,0.4,0,0,DISABLED,0
10.5802,3.99489,0.0944233,0,0.0325652,0.734269,0.0336363,0.0168258,0.00795592,-0.999827,0.0914436,0.4,0,0,DISABLED,0
10.6002,4.01181,0.0950206,0,0.0324423,0.732184,0.032473,0.016703,-0.00185591,-0.999859,0.0935844,0.4,0,0,DISABLED,0
10.6202,4.0244,0.0957565,0,0.0327382,0.732073,0.0334782,0.0169989,-0.00744357,-0.999828,0.0958692,0.4,0,0,DISABLED,0
10.6402,4.038,0.0969859,0,0.030124,0.732801,0.0306464,0.0143846,-0.00607658,-0.999878,0.0932565,0.4,0,0,DISABLED,0
10.6602,4.05129,0.0979784,0,0.0258752,0.733703,0.0259785,0.0101359,-0.00276171,-0.999945,0.0865682,0.4,0,0,DISABLED,0
10.6802,4.06422,0.0984957,0,0.0214992,0.734245,0.0220624,0.00575985,0.00449115,-0.999973,0.0813034,0.4,0,0,DISABLED,0
10.7002,4.0768,0.0983528,0,0.017481,0.734478,0.021457,0.00174166,0.011984,-0.999927,0.0783989,0.4,0,0,DISABLED,0
10.7202,4.08896,0.0975981,0,0.0159036,0.734575,0.0222615,0.000164286,0.0151182,-0.999886,0.0772439,0.4,0,0,DISABLED,0
10.7402,4.10192,0.096336,0,0.0158233,0.734657,0.0231128,8.3974e-05,0.0163864,-0.999866,0.0766489,0.4,0,0,DISABLED,0
10.7602,4.11117,0.0952781,0,0.0162294,0.734801,0.023537,0.000490091,0.0165864,-0.999862,0.0765867,0.4,0,0,DISABLED,0
10.7802,4.12476,0.0934343,0,0.0167706,0.735181,0.0240531,0.00103124,0.0167832,-0.999859,0.0768779,0.4,0,0,DISABLED,0
10.8002,4.13493,0.0917752,0,0.0160797,0.73561,0.0237914,0.000340341,0.0170762,-0.999854,0.0769186,0.4,0,0,DISABLED,0
10.8202,4.14617,0.0895033,0,0.0148598,0.736153,0.0225488,-0.000879578,0.0165025,-0.999863,0.0765304,0.4,0,0,DISABLED,0
10.8402,4.15747,0.0867049,0,0.0131783,0.736568,0.0202361,-0.00256104,0.0148973,-0.999886,0.0755163,0.4,0,0,DISABLED,0
10.8602,4.16664,0.0840994,0,0.011344,0.736618,0.0177303,-0.00439531,0.0131684,-0.999904,0.0753779,0.4,0,0,DISABLED,0
10.8802,4.18058,0.0795431,0,0.00772742,0.735507,0.00982044,-0.00801193,0.00560606,-0.999952,0.0751713,0.4,0,0,DISABLED,0
10.9002,4.19219,0.0755673,0,0.00358803,0.733545,0.00362119,-0.0121513,-0.000875003,-0.999926,0.075215,0.4,0,0,DISABLED,0
10.9202,4.20285,0.0726815,0,0.00206514,0.73289,0.00280496,-0.0136742,0.00142467,-0.999905,0.0749374,0.4,0,0,DISABLED,0
10.9402,4.21223,0.0700848,0,0.00226253,0.733166,0.00251358,-0.0134768,0.000586217,-0.999909,0.0747503,0.4,0,0,DISABLED,0
10.9602,4.22181,0.0680479,0,0.0024635,0.73367,0.00248976,-0.0132759,-0.000165914,-0.999912,0.0758257,0.4,0,0,DISABLED,0
10.9802,4.22945,0.0670315,0,0.00138892,0.733766,0.00165584,-0.0143504,-0.00130421,-0.999896,0.0748239,0.4,0,0,DISABLED,0
11.0002,4.23874,0.0664777,0,-0.00098169,0.733678,0.00329364,-0.016721,-0.003603,-0.999854,0.0733638,0.4,0,0,DISABLED,0
11.0202,4.2463,0.0664608,0,-0.00327422,0.733667,0.00601004,-0.0190136,-0.00548884,-0.999804,0.0724112,0.4,0,0,DISABLED,0
11.0402,4.25447,0.0667293,0,-0.00485002,0.733692,0.00873467,-0.0205894,-0.00772646,-0.999758,0.0699379,0.4,0,0,DISABLED,0
11.0602,4.2635,0.0670875,0,-0.00662241,0.733871,0.0109184,-0.0223618,-0.00913776,-0.999708,0.0693003,0.4,0,0,DISABLED,0
11.0802,4.27161,0.067427,0,-0.00719396,0.734059,0.0124584,-0.0229333,-0.0106249,-0.999681,0.0681697,0.4,0,0,DISABLED,0
11.1002,4.27967,0.0677632,0,-0.00693894,0.734228,0.0135889,-0.0226783,-0.0121415,-0.999669,0.0680876,0.4,0,0,DISABLED,0
11.1202,4.28753,0.0680644,0,-0.00520905,0.734311,0.0146201,-0.0209484,-0.0141184,-0.999681,0.0681188,0.4,0,0,DISABLED,0
11.1402,4.29444,0.0683592,0,-0.00272951,0.734305,0.015648,-0.0184689,-0.0158661,-0.999704,0.0685791,0.4,0,0,DISABLED,0
11.1602,4.30202,0.0688452,0,0.000181161,0.734233,0.0163047,-0.0155582,-0.0167633,-0.999738,0.068927,0.4,0,0,DISABLED,0
11.1802,4.30961,0.0696543,0,0.00197734,0.734153,0.014311,-0.013762,-0.0146292,-0.999798,0.0694883,0.4,0,0,DISABLED,0
11.2002,4.31713,0.070809,0,0.00260247,0.733896,0.0079786,-0.0131369,-0.0079978,-0.999882,0.0722464,0.4,0,0,DISABLED,0
11.2202,4.32544,0.072109,0,0.00100594,0.733463,0.00433994,-0.0147334,-0.00466941,-0.999881,0.0716066,0.4,0,0,DISABLED,0
11.2402,4.33215,0.0730693,0,-0.00126293,0.733389,0.00271864,-0.0170023,-0.00287484,-0.999851,0.0726993,0.4,0,0,DISABLED,0
11.2602,4.34056,0.0741527,0,-0.0048044,0.733718,0.00488282,-0.0205437,0.000396803,-0.999789,0.0779433,0.4,0,0,DISABLED,0
11.2802,4.34739,0.075061,0,-0.00661075,0.734001,0.00774355,-0.0223501,0.00357776,-0.999744,0.079916,0.4,0,0,DISABLED,0
11.3002,4.35488,0.0759904,0,-0.00696694,0.734096,0.00923875,-0.0227063,0.00561536,-0.999726,0.0811693,0.4,0,0,DISABLED,0
11.3202,4.36174,0.0766486,0,-0.00699043,0.733977,0.00956212,-0.0227298,0.00607055,-0.999723,0.0827213,0.4,0,0,DISABLED,0
11.3402,4.37187,0.0771543,0,-0.00710563,0.733757,0.00947445,-0.022845,0.00581656,-0.999722,0.0841443,0.4,0,0,DISABLED,0
11.3602,4.37893,0.0771971,0,-0.00692264,0.733644,0.00937961,-0.022662,0.00587616,-0.999726,0.0858882,0.4,0,0,DISABLED,0
11.3802,4.38597,0.0771049,0,-0.0064428,0.733614,0.00925808,-0.0221821,0.00619045,-0.999735,0.086296,0.4,0,0,DISABLED,0
11.4002,4.3921,0.0769208,0,-0.00507009,0.733593,0.00904313,-0.0208094,0.00703354,-0.999759,0.0878866,0.4,0,0,DISABLED,0
11.4202,4.40184,0.0765372,0,-0.0019957,0.733448,0.00876192,-0.0177351,0.00806894,-0.99981,0.0898501,0.4,0,0,DISABLED,0
11.4402,4.40847,0.0761182,0,0.000780937,0.733271,0.00882969,-0.0149584,0.00833889,-0.999853,0.0911886,0.4,0,0,DISABLED,0
11.4602,4.41659,0.075268,0,0.00351979,0.733095,0.00780489,-0.0122196,0.00651168,-0.999904,0.0916389,0.4,0,0,DISABLED,0
11.4802,4.42181,0.0744663,0,0.0044972,0.732968,0.00625306,-0.0112422,0.00388946,-0.999929,0.0909452,0.4,0,0,DISABLED,0
11.5002,4.43187,0.0723692,0,0.00344608,0.732215,0.00358812,-0.0122933,-0.00142247,-0.999923,0.0890074,0.4,0,0,DISABLED,0
11.5202,4.43991,0.0707681,0,0.000429394,0.732103,0.000488281,-0.01531,-0.000756921,-0.999883,0.0871067,0.4,0,0,DISABLED,0
11.5402,4.44725,0.0692586,0,-0.00348712,0.732527,0.00443504,-0.0192265,-0.00318221,-0.99981,0.0817151,0.4,0,0,DISABLED,0
11.5602,4.45489,0.067654,0,-0.00459259,0.733174,0.00913494,-0.0203319,-0.00835652,-0.999758,0.079404,0.4,0,0,DISABLED,0
11.5802,4.46302,0.0665332,0,-0.00449204,0.733741,0.0125869,-0.0202314,-0.0122156,-0.999721,0.0784096,0.4,0,0,DISABLED,0
11.6002,4.46958,0.0660599,0,-0.00356367,0.733921,0.0148466,-0.019303,-0.0148695,-0.999703,0.0772308,0.4,0,0,DISABLED,0
11.6202,4.47688,0.0658633,0,-0.00269956,0.733877,0.0157468,-0.0184389,-0.0159688,-0.999702,0.0764471,0.4,0,0,DISABLED,0
11.6402,4.48433,0.0659686,0,-0.000590393,0.733732,0.0167981,-0.0163297,-0.0172451,-0.999718,0.0754309,0.4,0,0,DISABLED,0
11.6602,4.49196,0.0662989,0,0.000635364,0.73355,0.0174319,-0.015104,-0.0178753,-0.999726,0.0757427,0.4,0,0,DISABLED,0
11.6802,4.49962,0.066821,0,0.0022117,0.733296,0.019452,-0.0135277,-0.0197851,-0.999713,0.0746921,0.4,0,0,DISABLED,0
11.7002,4.50721,0.0674567,0,0.00411572,0.73298,0.0221541,-0.0116236,-0.0222243,-0.999685,0.0745207,0.4,0,0,DISABLED,0
11.7202,4.51464,0.0682624,0,0.00742174,0.732733,0.0255481,-0.00831761,-0.0249026,-0.999655,0.0748898,0.4,0,0,DISABLED,0
11.7402,4.52197,0.0694322,0,0.00994302,0.732691,0.0263453,-0.00579634,-0.0248536,-0.999674,0.0748199,0.4,0,0,DISABLED,0
11.7602,4.52932,0.0709021,0,0.0118335,0.732907,0.0253161,-0.00390583,-0.0228357,-0.999732,0.0755717,0.4,0,0,DISABLED,0
11.7802,4.53673,0.0725735,0,0.0125487,0.73327,0.0230947,-0.00319065,-0.0198427,-0.999798,0.0763704,0.4,0,0,DISABLED,0
11.8002,4.54408,0.0744574,0,0.0127677,0.733346,0.0187276,-0.00297161,-0.0141565,-0.999895,0.0771123,0.4,0,0,DISABLED,0
11.8202,4.55062,0.0761534,0,0.0123291,0.733162,0.0151172,-0.00341028,-0.00920008,-0.999952,0.0794587,0.4,0,0,DISABLED,0
11.8402,4.55897,0.0778422,0,0.00943857,0.73327,0.01203,-0.00630078,-0.00791972,-0.999949,0.0826428,0.4,0,0,DISABLED,0
11.8602,4.56696,0.0796767,0,0.00843762,0.733547,0.00926452,-0.00730173,-0.00428499,-0.999964,0.0846512,0.4,0,0,DISABLED,0
11.8802,4.57339,0.0812249,0,0.00898121,0.733735,0.00899024,-0.00675814,-0.000736718,-0.999977,0.0854631,0.4,0,0,DISABLED,0
11.9002,4.58062,0.0827058,0,0.010076,0.733741,0.0102714,-0.00566336,0.00153186,-0.999983,0.0868213,0.4,0,0,DISABLED,0
11.9202,4.588,0.0837336,0,0.0107761,0.733634,0.011204,-0.00496323,0.0026071,-0.999984,0.0882029,0.4,0,0,DISABLED,0
11.9402,4.59549,0.0843295,0,0.0108966,0.733552,0.0117493,-0.00484275,0.00394094,-0.999981,0.0895937,0.4,0,0,DISABLED,0
11.9602,4.60288,0.0846357,0,0.0111608,0.73349,0.0126672,-0.00457855,0.00554174,-0.999974,0.0903232,0.4,0,0,DISABLED,0
11.9802,4.61079,0.0847876,0,0.0121502,0.733367,0.0144684,-0.00358918,0.00739787,-0.999966,0.0913192,0.4,0,0,DISABLED,0
12.0002,4.61784,0.0848869,0,0.0131659,0.73319,0.0160838,-0.00257343,0.00877537,-0.999958,0.0918209,0.4,0,0,DISABLED,0
12.0202,4.62411,0.0848847,0,0.0142235,0.733039,0.017408,-0.00151582,0.00957606,-0.999953,0.0921585,0.4,0,0,DISABLED,0
12.0402,4.63105,0.0846651,0,0.014713,0.732991,0.0174353,-0.00102636,0.00890068,-0.99996,0.0921488,0.4,0,0,DISABLED,0
12.0602,4.63813,0.0841206,0,0.0140256,0.733113,0.0161836,-0.00171372,0.00761354,-0.99997,0.0927497,0.4,0,0,DISABLED,0
12.0802,4.64539,0.0831274,0,0.0119344,0.733214,0.0133767,-0.00380498,0.00558635,-0.999977,0.0943857,0.4,0,0,DISABLED,0
12.1002,4.65261,0.0816088,0,0.00923332,0.732877,0.00930304,-0.00650604,0.000640687,-0.999979,0.0929312,0.4,0,0,DISABLED,0
12.1202,4.66007,0.0800706,0,0.00475354,0.732743,0.00485834,-0.0109858,0.000570053,-0.99994,0.0903354,0.4,0,0,DISABLED,0
12.1402,4.66739,0.0785574,0,0.00113813,0.733183,0.00124488,-0.0146012,-0.000971243,-0.999893,0.0868454,0.4,0,0,DISABLED,0
12.1602,4.67437,0.0772081,0,-0.000363279,0.733786,0.00507437,-0.0161026,-0.00551109,-0.999855,0.0842804,0.4,0,0,DISABLED,0
12.1802,4.68124,0.0764429,0,-0.00118166,0.734227,0.00806036,-0.016921,-0.00842911,-0.999821,0.0829075,0.4,0,0,DISABLED,0
12.2002,4.68805,0.0761567,0,-0.0015137,0.734333,0.00983863,-0.0172531,-0.0101781,-0.999799,0.0814253,0.4,0,0,DISABLED,0
12.2202,4.69356,0.0761705,0,-0.00160585,0.734228,0.0110594,-0.0173452,-0.0113997,-0.999785,0.0800859,0.4,0,0,DISABLED,0
12.2402,4.70272,0.0765254,0,-0.00165071,0.734135,0.0120795,-0.0173901,-0.0124209,-0.999772,0.0805724,0.4,0,0,DISABLED,0
12.2602,4.70921,0.0770496,0,-0.00141749,0.734085,0.0135009,-0.0171568,-0.0138832,-0.999756,0.0789224,0.4,0,0,DISABLED,0
12.2802,4.71649,0.0777842,0,-0.00070761,0.73396,0.0152584,-0.016447,-0.0156966,-0.999741,0.0777357,0.4,0,0,DISABLED,0
12.3002,4.72376,0.0785755,0,0.000816291,0.733765,0.0174011,-0.0149231,-0.0178373,-0.99973,0.0778385,0.4,0,0,DISABLED,0
12.3202,4.73163,0.0795833,0,0.0032402,0.733473,0.0201711,-0.0124992,-0.0203671,-0.999714,0.0776311,0.4,0,0,DISABLED,0
12.3402,4.73802,0.0806256,0,0.00669842,0.73325,0.0231695,-0.00904093,-0.0226373,-0.999703,0.0774609,0.4,0,0,DISABLED,0
12.3602,4.74505,0.0821044,0,0.00956453,0.733175,0.0230456,-0.00617482,-0.0214257,-0.999751,0.0778162,0.4,0,0,DISABLED,0
12.3802,4.75068,0.0834579,0,0.0110838,0.733204,0.0207739,-0.00465558,-0.0180262,-0.999827,0.0792272,0.4,0,0,DISABLED,0
12.4002,4.75776,0.0853013,0,0.0114913,0.73308,0.0174046,-0.00424804,-0.013525,-0.9999,0.0799912,0.4,0,0,DISABLED,0
12.4202,4.76615,0.0873248,0,0.0108056,0.732803,0.0142526,-0.00493375,-0.00975429,-0.99994,0.0850851,0.4,0,0,DISABLED,0
12.4402,4.77319,0.088835,0,0.00887674,0.732968,0.0120052,-0.00686262,-0.0085433,-0.99994,0.0873912,0.4,0,0,DISABLED,0
12.4602,4.78112,0.0905047,0,0.00664757,0.733311,0.00820693,-0.00909179,-0.00526889,-0.999945,0.0913361,0.4,0,0,DISABLED,0
12.4802,4.78824,0.0920029,0,0.0057908,0.733533,0.00582879,-0.00994856,-0.00109476,-0.99995,0.093004,0.4,0,0,DISABLED,0
12.5002,4.79466,0.0930836,0,0.00600911,0.733529,0.00617633,-0.00973025,0.000990426,-0.999952,0.0939705,0.4,0,0,DISABLED,0
12.5202,4.80273,0.093895,0,0.00606268,0.733405,0.00659633,-0.00967667,0.00215255,-0.999951,0.0953009,0.4,0,0,DISABLED,0
12.5402,4.80497,0.0940216,0,0.00602836,0.733375,0.00672164,-0.009711,0.00251218,-0.99995,0.0957709,0.4,0,0,DISABLED,0
12.5602,4.8169,0.0942123,0,0.00599515,0.733397,0.00776661,-0.00974421,0.0044811,-0.999942,0.0964215,0.4,0,0,DISABLED,0
12.5802,4.8249,0.0940722,0,0.00714011,0.733351,0.00986284,-0.00859925,0.00634233,-0.999943,0.0980897,0.4,0,0,DISABLED,0
12.6002,4.83133,0.0940016,0,0.00844018,0.733226,0.0117594,-0.00729918,0.00773097,-0.999943,0.0980588,0.4,0,0,DISABLED,0
12.6202,4.83831,0.0938478,0,0.0103473,0.733065,0.0138625,-0.00539207,0.00877248,-0.999947,0.0983267,0.4,0,0,DISABLED,0
12.6402,4.8453,0.093468,0,0.0116121,0.733042,0.0145874,-0.00412724,0.00837113,-0.999956,0.0981935,0.4,0,0,DISABLED,0
12.6602,4.85248,0.0927626,0,0.011466,0.733175,0.0135713,-0.00427335,0.00680033,-0.999968,0.0981306,0.4,0,0,DISABLED,0
12.6802,4.85981,0.0916021,0,0.00992298,0.733179,0.0105349,-0.00581637,0.00307503,-0.999978,0.0980266,0.4,0,0,DISABLED,0
12.7002,4.8672,0.0898916,0,0.00786304,0.732613,0.00793365,-0.00787631,-0.00152559,-0.999968,0.0966777,0.4,0,0,DISABLED,0
12.7202,4.87329,0.0885913,0,0.00465282,0.732435,0.00467069,-0.0110865,-0.000845965,-0.999938,0.0947679,0.4,0,0,DISABLED,0
12.7402,4.88232,0.0866578,0,0.00050741,0.732898,0.00345267,-0.0152319,-0.00387576,-0.999876,0.090445,0.4,0,0,DISABLED,0
12.7602,4.89029,0.0852615,0,-0.00071617,0.733586,0.00761157,-0.0164555,-0.00803103,-0.999832,0.0884591,0.4,0,0,DISABLED,0
12.7802,4.89666,0.0846577,0,-0.00127885,0.733965,0.0101135,-0.0170182,-0.0104857,-0.9998,0.0872445,0.4,0,0,DISABLED,0
12.8002,4.90366,0.0843963,0,-0.00130401,0.734076,0.0115136,-0.0170434,-0.0118951,-0.999784,0.0856909,0.4,0,0,DISABLED,0
12.8202,4.91001,0.0843977,0,-0.00117769,0.734015,0.0127001,-0.016917,-0.0131034,-0.999771,0.0846892,0.4,0,0,DISABLED,0
12.8402,4.91793,0.0847405,0,-0.000940515,0.733923,0.0140716,-0.0166799,-0.0144987,-0.999756,0.0832656,0.4,0,0,DISABLED,0
12.8602,4.92527,0.0853544,0,-0.000547536,0.733797,0.0152858,-0.0162869,-0.0157329,-0.999744,0.081686,0.4,0,0,DISABLED,0
12.8802,4.93268,0.0861228,0,0.000259138,0.733634,0.0166484,-0.0154802,-0.017103,-0.999734,0.0813706,0.4,0,0,DISABLED,0
12.9002,4.94075,0.0870594,0,0.00228874,0.733419,0.0196199,-0.0134506,-0.0199449,-0.999711,0.0807038,0.4,0,0,DISABLED,0
12.9202,4.94654,0.0878288,0,0.00451871,0.733264,0.0219785,-0.0112206,-0.0219637,-0.999696,0.0809926,0.4,0,0,DISABLED,0
12.9402,4.95297,0.0889108,0,0.00747466,0.733122,0.0243193,-0.0082647,-0.0235968,-0.999687,0.0805934,0.4,0,0,DISABLED,0
12.9602,4.96151,0.0908011,0,0.0106069,0.733189,0.0240556,-0.00513246,-0.0220483,-0.999744,0.0805381,0.4,0,0,DISABLED,0
12.9802,4.96871,0.0926134,0,0.0116744,0.733383,0.0214959,-0.00406495,-0.0185027,-0.999821,0.0813093,0.4,0,0,DISABLED,0
13.0002,4.9758,0.0945768,0,0.0120104,0.733295,0.017097,-0.00372893,-0.0126235,-0.999913,0.0826001,0.4,0,0,DISABLED,0
13.0202,4.98276,0.0964239,0,0.0115497,0.733159,0.0144931,-0.00418962,-0.00921147,-0.999949,0.0848071,0.4,0,0,DISABLED,0
13.0402,4.98994,0.0980813,0,0.0092331,0.733313,0.0116678,-0.00650626,-0.00758785,-0.99995,0.0870824,0.4,0,0,DISABLED,0
13.0602,4.99496,0.0992235,0,0.00796038,0.733508,0.00948074,-0.00777897,-0.00560403,-0.999954,0.0892997,0.4,0,0,DISABLED,0
13.0802,5.00289,0.101019,0,0.00686686,0.733834,0.00687941,-0.00887249,-8.49701e-06,-0.999961,0.0924029,0.4,0,0,DISABLED,0
13.1002,5.01144,0.10265,0,0.00785396,0.733872,0.0086455,-0.00788539,0.00315299,-0.999964,0.0931394,0.4,0,0,DISABLED,0
13.1202,5.01877,0.103478,0,0.00853999,0.733698,0.00943663,-0.00719936,0.00356215,-0.999968,0.0935553,0.4,0,0,DISABLED,0
13.1402,5.02627,0.103894,0,0.0085005,0.733563,0.0098083,-0.00723885,0.00443514,-0.999964,0.0944817,0.4,0,0,DISABLED,0
13.1602,5.03373,0.104017,0,0.00852953,0.733522,0.0106978,-0.00720982,0.00599478,-0.999956,0.0962622,0.4,0,0,DISABLED,0
13.1802,5.04102,0.103999,0,0.009211,0.733468,0.0123237,-0.00652835,0.00773537,-0.999949,0.0978782,0.4,0,0,DISABLED,0
13.2002,5.04815,0.103972,0,0.0104396,0.733338,0.0143193,-0.00529977,0.00934187,-0.999942,0.0987555,0.4,0,0,DISABLED,0
13.2202,5.05516,0.103905,0,0.011905,0.733162,0.0161652,-0.00383437,0.0104751,-0.999938,0.0993723,0.4,0,0,DISABLED,0
13.2402,5.06213,0.103619,0,0.0129967,0.733064,0.0166734,-0.00274265,0.0099904,-0.999946,0.0994998,0.4,0,0,DISABLED,0
13.2602,5.06995,0.102923,0,0.0128677,0.73313,0.0154448,-0.00287162,0.00808206,-0.999963,0.0996064,0.4,0,0,DISABLED,0
13.2802,5.07727,0.101805,0,0.011094,0.733142,0.0124776,-0.00464532,0.00524649,-0.999975,0.100362,0.4,0,0,DISABLED,0
13.3002,5.08387,0.100304,0,0.00884405,0.732675,0.00889694,-0.0068953,0.000547506,-0.999976,0.0998003,0.4,0,0,DISABLED,0
13.3202,5.09145,0.0987569,0,0.00438689,0.732473,0.00463225,-0.0113525,0.00100716,-0.999935,0.0973247,0.4,0,0,DISABLED,0
13.3402,5.09895,0.0972226,0,0.000559484,0.732872,0.000690534,-0.0151799,-0.000757267,-0.999884,0.0939672,0.4,0,0,DISABLED,0
13.3602,5.10468,0.0961138,0,-0.000752276,0.733369,0.00427072,-0.0164916,-0.00465636,-0.999853,0.0918852,0.4,0,0,DISABLED,0
13.3802,5.11309,0.0952168,0,-0.00167456,0.733977,0.00765062,-0.0174139,-0.00791746,-0.999817,0.0908877,0.4,0,0,DISABLED,0
13.4002,5.11935,0.0949961,0,-0.00179524,0.734158,0.00946816,-0.0175346,-0.00975299,-0.999799,0.0896406,0.4,0,0,DISABLED,0
13.4202,5.1271,0.0950704,0,-0.00164203,0.734079,0.0115239,-0.0173814,-0.0118641,-0.999779,0.0876961,0.4,0,0,DISABLED,0
13.4402,5.135,0.0954581,0,-0.00127944,0.733927,0.0124201,-0.0170188,-0.0128077,-0.999773,0.0869369,0.4,0,0,DISABLED,0
13.4602,5.14232,0.0960745,0,-0.000729609,0.733798,0.0133455,-0.016469,-0.0137835,-0.999769,0.0858432,0.4,0,0,DISABLED,0
13.4802,5.14896,0.0967743,0,7.50478e-05,0.733671,0.0145874,-0.0156643,-0.0150432,-0.999764,0.0855845,0.4,0,0,DISABLED,0
13.5002,5.1541,0.0973831,0,0.00121425,0.733554,0.0162864,-0.0145251,-0.0167022,-0.999755,0.085048,0.4,0,0,DISABLED,0
13.5202,5.16351,0.0986562,0,0.00429584,0.733289,0.0200199,-0.0114435,-0.0200093,-0.999734,0.0848622,0.4,0,0,DISABLED,0
13.5402,5.17065,0.0999383,0,0.00785539,0.733071,0.0228325,-0.00788397,-0.0218955,-0.999729,0.0842913,0.4,0,0,DISABLED,0
13.5602,5.17773,0.101579,0,0.0101208,0.733038,0.0227541,-0.00561852,-0.020834,-0.999767,0.0843902,0.4,0,0,DISABLED,0
13.5802,5.18486,0.103397,0,0.0120048,0.733107,0.0198914,-0.00373451,-0.0163131,-0.99986,0.0859574,0.4,0,0,DISABLED,0
13.6002,5.19195,0.105349,0,0.0123426,0.732934,0.0162057,-0.00339672,-0.0109585,-0.999934,0.087579,0.4,0,0,DISABLED,0
13.6202,5.19898,0.107224,0,0.0120658,0.732863,0.0149427,-0.00367356,-0.00927063,-0.99995,0.0894975,0.4,0,0,DISABLED,0
13.6402,5.20624,0.108926,0,0.00880553,0.733084,0.0108196,-0.00693382,-0.00674324,-0.999953,0.0926115,0.4,0,0,DISABLED,0
13.6602,5.21445,0.110701,0,0.00591478,0.733355,0.00650534,-0.00982457,-0.00316397,-0.999947,0.0973002,0.4,0,0,DISABLED,0
13.6802,5.22082,0.112203,0,0.00553449,0.733523,0.00554582,-0.0102049,-0.000697445,-0.999948,0.0971129,0.4,0,0,DISABLED,0
13.7002,5.22784,0.113562,0,0.00691175,0.733555,0.0074613,-0.0088276,0.00235222,-0.999958,0.0978441,0.4,0,0,DISABLED,0
13.7202,5.23515,0.114438,0,0.00750527,0.733504,0.00845025,-0.00823409,0.00342795,-0.99996,0.0995501,0.4,0,0,DISABLED,0
13.7402,5.2434,0.114903,0,0.00764997,0.733416,0.0092129,-0.00808938,0.00466571,-0.999956,0.100693,0.4,0,0,DISABLED,0
13.7602,5.25007,0.115013,0,0.00816633,0.733355,0.010254,-0.00757302,0.00574327,-0.999955,0.101028,0.4,0,0,DISABLED,0
13.7802,5.25798,0.114936,0,0.00960248,0.733223,0.0123382,-0.00613688,0.00729226,-0.999955,0.103083,0.4,0,0,DISABLED,0
13.8002,5.26443,0.114899,0,0.010789,0.733092,0.0140292,-0.0049504,0.00850869,-0.999952,0.103222,0.4,0,0,DISABLED,0
13.8202,5.27145,0.114799,0,0.0122178,0.73294,0.0156633,-0.00352159,0.00934051,-0.99995,0.103488,0.4,0,0,DISABLED,0
13.8402,5.27842,0.114472,0,0.0133124,0.732878,0.016143,-0.00242699,0.00866723,-0.999959,0.103478,0.4,0,0,DISABLED,0
13.8602,5.28555,0.113832,0,0.0130679,0.733001,0.0150856,-0.00267145,0.00707809,-0.999971,0.103806,0.4,0,0,DISABLED,0
13.8802,5.29284,0.112752,0,0.0115283,0.733078,0.0124297,-0.00421109,0.00418579,-0.999982,0.104152,0.4,0,0,DISABLED,0
13.9002,5.29943,0.111279,0,0.0093933,0.732695,0.00939231,-0.00634605,-0.000654971,-0.99998,0.103632,0.4,0,0,DISABLED,0
13.9202,5.30791,0.109496,0,0.00392681,0.732384,0.00393665,-0.0118125,-0.000542004,-0.99993,0.0988874,0.4,0,0,DISABLED,0
13.9402,5.31539,0.107673,0,0.000474787,0.732767,0.00133721,-0.0152646,-0.00170211,-0.999882,0.0963184,0.4,0,0,DISABLED,0
13.9602,5.32308,0.105801,0,2.13291e-05,0.73352,0.00687941,-0.015718,-0.00733364,-0.99985,0.0935584,0.4,0,0,DISABLED,0
13.9802,5.3293,0.104887,0,-7.651e-05,0.734052,0.00935416,-0.0158159,-0.00981109,-0.999827,0.0922774,0.4,0,0,DISABLED,0
14.0002,5.33619,0.104407,0,-7.18161e-05,0.734307,0.0110648,-0.0158112,-0.0115177,-0.999809,0.0901014,0.4,0,0,DISABLED,0
14.0202,5.34311,0.104269,0,0.000144987,0.734294,0.0124919,-0.0155944,-0.0129428,-0.999795,0.0888094,0.4,0,0,DISABLED,0
14.0402,5.35015,0.104409,0,0.000404255,0.734222,0.0138883,-0.0153351,-0.0143354,-0.99978,0.0875066,0.4,0,0,DISABLED,0
14.0602,5.35806,0.104843,0,0.000685682,0.734073,0.0153208,-0.0150537,-0.0157589,-0.999762,0.0859442,0.4,0,0,DISABLED,0
14.0802,5.36387,0.105275,0,0.00103262,0.733924,0.0161615,-0.0147067,-0.0165866,-0.999754,0.0861943,0.4,0,0,DISABLED,0
14.1002,5.37179,0.105961,0,0.00265087,0.733676,0.0191805,-0.0130885,-0.0194522,-0.999725,0.0860097,0.4,0,0,DISABLED,0
14.1202,5.37961,0.106775,0,0.00536525,0.733368,0.0227462,-0.0103741,-0.0225613,-0.999692,0.0861914,0.4,0,0,DISABLED,0
14.1402,5.38451,0.107434,0,0.00715718,0.733175,0.0243878,-0.00858218,-0.023769,-0.999681,0.0862681,0.4,0,0,DISABLED,0
14.1602,5.39281,0.10893,0,0.0102665,0.733038,0.025389,-0.00547283,-0.0236768,-0.999705,0.0863887,0.4,0,0,DISABLED,0
14.1802,5.39977,0.110442,0,0.0120119,0.733086,0.0231282,-0.0037274,-0.0202189,-0.999789,0.0872425,0.4,0,0,DISABLED,0
14.2002,5.40532,0.111763,0,0.0121875,0.733011,0.0200139,-0.00355185,-0.0163294,-0.99986,0.0881894,0.4,0,0,DISABLED,0
14.2202,5.4143,0.113786,0,0.0113279,0.732852,0.0165262,-0.00441149,-0.012489,-0.999912,0.0911968,0.4,0,0,DISABLED,0
14.2402,5.42053,0.114972,0,0.00952227,0.733046,0.0138668,-0.00621708,-0.0105389,-0.999925,0.0947416,0.4,0,0,DISABLED,0
14.2603,5.42672,0.116213,0,0.00827509,0.733384,0.010781,-0.00746427,-0.00736397,-0.999945,0.0975418,0.4,0,0,DISABLED,0
14.2803,5.43374,0.117635,0,0.0071908,0.733719,0.00742928,-0.00854855,-0.00230766,-0.999961,0.09991,0.4,0,0,DISABLED,0
14.3003,5.44141,0.118959,0,0.00740063,0.733776,0.0074373,-0.00833873,0.000264263,-0.999965,0.100196,0.4,0,0,DISABLED,0
14.3203,5.4486,0.119701,0,0.00751501,0.733656,0.00774355,-0.00822434,0.00141942,-0.999965,0.101515,0.4,0,0,DISABLED,0
14.3403,5.45599,0.120001,0,0.00735626,0.733501,0.00818511,-0.0083831,0.00314275,-0.99996,0.104425,0.4,0,0,DISABLED,0
14.3603,5.46336,0.120062,0,0.00732881,0.73341,0.00876192,-0.00841054,0.00434459,-0.999955,0.104291,0.4,0,0,DISABLED,0
14.3803,5.47056,0.119961,0,0.00807162,0.73336,0.0102888,-0.00766773,0.00591753,-0.999953,0.104692,0.4,0,0,DISABLED,0
14.4003,5.47763,0.119823,0,0.00942481,0.733277,0.0125727,-0.00631455,0.00785846,-0.999949,0.105391,0.4,0,0,DISABLED,0
14.4203,5.48181,0.119729,0,0.0110396,0.7332,0.014754,-0.00469971,0.0093278,-0.999945,0.105999,0.4,0,0,DISABLED,0
14.4403,5.49141,0.119245,0,0.0130629,0.732981,0.0163558,-0.00267641,0.00938542,-0.999952,0.106543,0.4,0,0,DISABLED,0
14.4603,5.49848,0.118514,0,0.0133547,0.732983,0.0157921,-0.00238466,0.00797547,-0.999965,0.107024,0.4,0,0,DISABLED,0
14.4803,5.50574,0.11736,0,0.0121296,0.73296,0.013341,-0.00360977,0.00509134,-0.999981,0.107255,0.4,0,0,DISABLED,0
14.5003,5.51306,0.115701,0,0.00994962,0.73243,0.00996505,-0.00578973,0.000142328,-0.999983,0.105061,0.4,0,0,DISABLED,0
14.5203,5.52064,0.114139,0,0.00566419,0.732344,0.00596024,-0.0100752,0.00141686,-0.999948,0.102761,0.4,0,0,DISABLED,0
14.5403,5.52813,0.112533,0,0.00207325,0.732822,0.00212837,-0.0136661,-0.000919137,-0.999906,0.0987037,0.4,0,0,DISABLED,0
14.5603,5.53531,0.11113,0,0.000511506,0.733497,0.00611816,-0.0152278,-0.00654668,-0.999863,0.094965,0.4,0,0,DISABLED,0
14.5803,5.54301,0.11031,0,-0.000170894,0.734011,0.00884992,-0.0159102,-0.00930525,-0.99983,0.0939798,0.4,0,0,DISABLED,0
14.6003,5.54925,0.110061,0,-0.000329545,0.734128,0.0106139,-0.0160689,-0.0110623,-0.99981,0.0925225,0.4,0,0,DISABLED,0
14.6203,5.55625,0.110071,0,-0.000185119,0.734066,0.0122217,-0.0159245,-0.012673,-0.999793,0.0913806,0.4,0,0,DISABLED,0
14.6403,5.56339,0.110365,0,7.52416e-05,0.733973,0.0134345,-0.0156641,-0.0138892,-0.999781,0.090461,0.4,0,0,DISABLED,0
14.6603,5.57213,0.111062,0,0.00051575,0.733812,0.0146241,-0.0152236,-0.0150716,-0.999771,0.0891501,0.4,0,0,DISABLED,0
14.6803,5.57801,0.111675,0,0.00129272,0.733661,0.016312,-0.0144466,-0.0167204,-0.999756,0.0880282,0.4,0,0,DISABLED,0
14.7003,5.5846,0.112412,0,0.00265883,0.733475,0.0185421,-0.0130805,-0.0188084,-0.999738,0.0881104,0.4,0,0,DISABLED,0
14.7203,5.59251,0.113455,0,0.00565689,0.733205,0.0223043,-0.0100825,-0.022032,-0.999706,0.0876936,0.4,0,0,DISABLED,0
14.7403,5.59964,0.114685,0,0.00868658,0.733039,0.0244342,-0.00705277,-0.0232942,-0.999704,0.0873744,0.4,0,0,DISABLED,0
14.7603,5.60672,0.116229,0,0.011157,0.733099,0.0238865,-0.00458237,-0.0215765,-0.999757,0.0877402,0.4,0,0,DISABLED,0
14.7803,5.61385,0.11797,0,0.0122621,0.733276,0.0215734,-0.00347724,-0.0182049,-0.999828,0.0884581,0.4,0,0,DISABLED,0
14.8003,5.62093,0.119899,0,0.0125347,0.733214,0.0172463,-0.00320466,-0.0123046,-0.999919,0.0907565,0.4,0,0,DISABLED,0
14.8203,5.62787,0.121872,0,0.0122309,0.733039,0.0147095,-0.00350843,-0.00863132,-0.999957,0.0919019,0.4,0,0,DISABLED,0
14.8403,5.63492,0.123532,0,0.0105644,0.733161,0.0125014,-0.00517495,-0.00713648,-0.999961,0.093851,0.4,0,0,DISABLED,0
14.8603,5.64215,0.125036,0,0.0086217,0.733429,0.00959324,-0.00711765,-0.00465723,-0.999964,0.097436,0.4,0,0,DISABLED,0
14.8803,5.65007,0.126656,0,0.00777794,0.733643,0.00779725,-0.00796141,-0.000990828,-0.999968,0.0989413,0.4,0,0,DISABLED,0
14.9003,5.65653,0.12774,0,0.00799641,0.733608,0.00811196,-0.00774294,0.000900706,-0.99997,0.0996355,0.4,0,0,DISABLED,0
14.9203,5.6639,0.128522,0,0.0079961,0.733459,0.00831515,-0.00774326,0.00183694,-0.999968,0.100796,0.4,0,0,DISABLED,0
14.9403,5.67139,0.128906,0,0.00777214,0.733356,0.00854843,-0.00796722,0.00309012,-0.999963,0.101733,0.4,0,0,DISABLED,0
14.9603,5.68026,0.128987,0,0.00811798,0.733294,0.00979613,-0.00762137,0.00502014,-0.999958,0.103001,0.4,0,0,DISABLED,0
14.9803,5.68602,0.128902,0,0.00907402,0.733208,0.0113782,-0.00666533,0.00641002,-0.999957,0.104487,0.4,0,0,DISABLED,0
15.0003,5.69318,0.128843,0,0.0102486,0.733086,0.0131792,-0.00549077,0.00782935,-0.999954,0.104415,0.4,0,0,DISABLED,0
15.0203,5.7002,0.128719,0,0.0117061,0.732968,0.0149785,-0.00403326,0.00888575,-0.999952,0.104714,0.4,0,0,DISABLED,0
15.0403,5.70721,0.128365,0,0.0127764,0.732942,0.0155257,-0.00296298,0.00836161,-0.999961,0.104586,0.4,0,0,DISABLED,0
15.0603,5.71508,0.127583,0,0.0127681,0.733039,0.0146648,-0.00297127,0.00675396,-0.999973,0.10444,0.4,0,0,DISABLED,0
15.0803,5.72171,0.126514,0,0.0112738,0.73304,0.0121091,-0.00446557,0.00397003,-0.999982,0.105147,0.4,0,0,DISABLED,0
15.1003,5.72909,0.124817,0,0.00894699,0.732496,0.00897697,-0.00679237,-0.00117346,-0.999976,0.103571,0.4,0,0,DISABLED,0
15.1203,5.73674,0.123249,0,0.00455779,0.732353,0.00456746,-0.0111816,-0.000142212,-0.999937,0.100618,0.4,0,0,DISABLED,0
15.1403,5.7443,0.121627,0,0.000972925,0.732817,0.0020716,-0.0147664,-0.00228745,-0.999888,0.097026,0.4,0,0,DISABLED,0
15.1603,5.75147,0.120222,0,-0.000318673,0.733481,0.00674819,-0.016058,-0.00719633,-0.999845,0.0945823,0.4,0,0,DISABLED,0
15.1803,5.75848,0.119468,0,-0.000726646,0.733953,0.00949958,-0.016466,-0.00992368,-0.999815,0.0931307,0.4,0,0,DISABLED,0
15.2003,5.76544,0.1192,0,-0.000710795,0.73407,0.011097,-0.0164501,-0.0115252,-0.999798,0.0912792,0.4,0,0,DISABLED,0
15.2203,5.77315,0.119236,0,-0.000418887,0.733976,0.0125205,-0.0161582,-0.0129683,-0.999785,0.0902199,0.4,0,0,DISABLED,0
15.2403,5.7796,0.119525,0,-0.000141844,0.733866,0.0136371,-0.0158812,-0.0140907,-0.999775,0.0887952,0.4,0,0,DISABLED,0
15.2603,5.7869,0.120062,0,0.000135385,0.733744,0.0145219,-0.015604,-0.0149747,-0.999766,0.0884697,0.4,0,0,DISABLED,0
15.2803,5.79424,0.120794,0,0.000891125,0.733587,0.0163047,-0.0148482,-0.0167366,-0.99975,0.0872962,0.4,0,0,DISABLED,0
15.3003,5.80152,0.121589,0,0.00255825,0.7334,0.0189586,-0.0131811,-0.0192419,-0.999728,0.0872692,0.4,0,0,DISABLED,0
15.3203,5.80867,0.122519,0,0.0053319,0.73319,0.0220651,-0.0104075,-0.0218676,-0.999707,0.0873131,0.4,0,0,DISABLED,0
15.3403,5.81572,0.123733,0,0.00844118,0.733058,0.0241323,-0.00729818,-0.0230656,-0.999707,0.0869877,0.4,0,0,DISABLED,0
15.3603,5.82343,0.125448,0,0.0109318,0.733142,0.0237664,-0.00480756,-0.0215603,-0.999756,0.0871908,0.4,0,0,DISABLED,0
15.3803,5.8305,0.127233,0,0.0121128,0.733324,0.0211943,-0.00362652,-0.0178439,-0.999834,0.0883481,0.4,0,0,DISABLED,0
15.4003,5.83679,0.129018,0,0.012283,0.733247,0.0175376,-0.00345632,-0.0129723,-0.99991,0.0885231,0.4,0,0,DISABLED,0
15.4203,5.84365,0.130881,0,0.0118867,0.733086,0.0148747,-0.00385266,-0.00939235,-0.999948,0.0906122,0.4,0,0,DISABLED,0
15.4403,5.84854,0.132006,0,0.0106155,0.733155,0.0132333,-0.00512387,-0.00835806,-0.999952,0.0917731,0.4,0,0,DISABLED,0
15.4603,5.85862,0.134031,0,0.00773413,0.733546,0.00887682,-0.00800522,-0.00481745,-0.999956,0.0976348,0.4,0,0,DISABLED,0
15.4803,5.86514,0.135318,0,0.00645162,0.733769,0.00648699,-0.00928773,0.0002609,-0.999957,0.10024,0.4,0,0,DISABLED,0
15.5003,5.87287,0.136634,0,0.00733961,0.733737,0.00788845,-0.00839974,0.00242407,-0.999962,0.100043,0.4,0,0,DISABLED,0
15.5203,5.87934,0.137301,0,0.0078763,0.733603,0.00856933,-0.00786305,0.00291544,-0.999965,0.100735,0.4,0,0,DISABLED,0
15.5403,5.88673,0.137661,0,0.00763701,0.733528,0.0089237,-0.00810234,0.00415902,-0.999959,0.102183,0.4,0,0,DISABLED,0
15.5603,5.89264,0.137733,0,0.00745313,0.733511,0.00954341,-0.00828622,0.00549886,-0.999951,0.103204,0.4,0,0,DISABLED,0
15.5803,5.90058,0.137645,0,0.00804245,0.73345,0.0110324,-0.00769691,0.00709506,-0.999945,0.104608,0.4,0,0,DISABLED,0
15.6003,5.90837,0.137501,0,0.00957064,0.73327,0.0133186,-0.00616872,0.00879763,-0.999942,0.105893,0.4,0,0,DISABLED,0
15.6203,5.91468,0.137389,0,0.011002,0.733068,0.0150421,-0.0047374,0.00979955,-0.999941,0.106422,0.4,0,0,DISABLED,0
15.6403,5.92229,0.137058,0,0.0128453,0.732836,0.0163558,-0.00289405,0.00966851,-0.999949,0.107168,0.4,0,0,DISABLED,0
15.6603,5.92935,0.136432,0,0.0133084,0.732823,0.0158411,-0.00243094,0.00813686,-0.999964,0.107616,0.4,0,0,DISABLED,0
15.6803,5.93665,0.135389,0,0.0121151,0.732827,0.0134832,-0.00362421,0.00545942,-0.999979,0.107992,0.4,0,0,DISABLED,0
15.7003,5.94403,0.133792,0,0.00982079,0.732343,0.00986888,-0.00591856,0.000483388,-0.999982,0.106246,0.4,0,0,DISABLED,0
15.7203,5.95166,0.132272,0,0.00547106,0.732256,0.00572561,-0.0102683,0.00121931,-0.999947,0.103558,0.4,0,0,DISABLED,0
15.7403,5.95918,0.130712,0,0.00193615,0.732732,0.00204263,-0.0138032,-0.00112849,-0.999904,0.0998475,0.4,0,0,DISABLED,0
15.7603,5.96706,0.129254,0,0.000479372,0.733459,0.00642235,-0.01526,-0.00685761,-0.99986,0.0965763,0.4,0,0,DISABLED,0
15.7803,5.97336,0.128639,0,-2.883e-05,0.733879,0.0086455,-0.0157682,-0.00910151,-0.999834,0.0957924,0.4,0,0,DISABLED,0
15.8003,5.98031,0.128414,0,-0.00016968,0.734028,0.0102772,-0.015909,-0.0107283,-0.999816,0.0944246,0.4,0,0,DISABLED,0
15.8203,5.9873,0.128493,0,-8.77865e-06,0.73398,0.0118503,-0.0157481,-0.0123036,-0.9998,0.093204,0.4,0,0,DISABLED,0
15.8403,5.99514,0.128893,0,0.000296526,0.733888,0.0131611,-0.0154428,-0.0136114,-0.999788,0.0922381,0.4,0,0,DISABLED,0
15.8603,6.00167,0.129439,0,0.000779163,0.733788,0.0143568,-0.0149602,-0.0147914,-0.999779,0.0914012,0.4,0,0,DISABLED,0
15.8803,6.00897,0.130226,0,0.00169481,0.733608,0.0162974,-0.0140445,-0.0166629,-0.999763,0.0898994,0.4,0,0,DISABLED,0
15.9003,6.01625,0.13108,0,0.00331064,0.733393,0.0187085,-0.0124287,-0.0188716,-0.999745,0.0902423,0.4,0,0,DISABLED,0
15.9203,6.0234,0.132077,0,0.00598636,0.733178,0.0218125,-0.00975299,-0.0214333,-0.999723,0.0902196,0.4,0,0,DISABLED,0
15.9403,6.03045,0.133358,0,0.00910339,0.733028,0.0241174,-0.00663596,-0.0227896,-0.999718,0.089611,0.4,0,0,DISABLED,0
15.9603,6.03747,0.134961,0,0.0114868,0.733111,0.0235901,-0.00425257,-0.0210567,-0.999769,0.0898869,0.4,0,0,DISABLED,0
15.9803,6.04454,0.136762,0,0.0125319,0.733291,0.0210645,-0.00320744,-0.0173844,-0.999844,0.0912588,0.4,0,0,DISABLED,0
16.0003,6.05226,0.138955,0,0.0126495,0.733181,0.0167661,-0.00308984,-0.0114601,-0.99993,0.0921736,0.4,0,0,DISABLED,0
16.0203,6.05915,0.140871,0,0.0122273,0.733082,0.0146933,-0.00351203,-0.00859752,-0.999957,0.0932003,0.4,0,0,DISABLED,0
16.0403,6.06548,0.142371,0,0.0102811,0.73324,0.0121876,-0.00545828,-0.00699658,-0.999961,0.0948793,0.4,0,0,DISABLED,0
16.0603,6.07267,0.143929,0,0.00831368,0.733501,0.00913494,-0.00742567,-0.00423861,-0.999963,0.0978912,0.4,0,0,DISABLED,0
16.0803,6.08054,0.145598,0,0.00762392,0.733716,0.00764283,-0.00811544,-5.93443e-05,-0.999967,0.0991669,0.4,0,0,DISABLED,0
16.1003,6.08698,0.146713,0,0.00796193,0.733699,0.00822868,-0.00777743,0.00159912,-0.999968,0.0994617,0.4,0,0,DISABLED,0
16.1203,6.09432,0.147527,0,0.00805264,0.73357,0.00860404,-0.00768671,0.00256683,-0.999967,0.100495,0.4,0,0,DISABLED,0
16.1403,6.1018,0.147925,0,0.00790189,0.733451,0.00898361,-0.00783747,0.00380753,-0.999962,0.102081,0.4,0,0,DISABLED,0
16.1603,6.10851,0.148055,0,0.00790081,0.733397,0.00951213,-0.00783854,0.00484534,-0.999958,0.102035,0.4,0,0,DISABLED,0
16.1803,6.11647,0.147992,0,0.00913334,0.733308,0.0115704,-0.00660602,0.00664452,-0.999956,0.104091,0.4,0,0,DISABLED,0
16.2003,6.12362,0.147912,0,0.0105556,0.733148,0.0136108,-0.00518375,0.00813228,-0.999954,0.105259,0.4,0,0,DISABLED,0
16.2203,6.13066,0.147799,0,0.0124825,0.732929,0.0159012,-0.00325684,0.00939391,-0.999951,0.106206,0.4,0,0,DISABLED,0
16.2403,6.13842,0.147414,0,0.0136683,0.732833,0.0165081,-0.00207102,0.00879888,-0.999959,0.106284,0.4,0,0,DISABLED,0
16.2603,6.14491,0.146809,0,0.0136652,0.732937,0.0155908,-0.0020742,0.00705294,-0.999973,0.106302,0.4,0,0,DISABLED,0
16.2803,6.1523,0.145724,0,0.0124026,0.732977,0.0134212,-0.00333676,0.00466071,-0.999984,0.107021,0.4,0,0,DISABLED,0
16.3003,6.16049,0.143914,0,0.0102513,0.732457,0.010254,-0.00548803,-0.000530362,-0.999985,0.103776,0.4,0,0,DISABLED,0
16.3203,6.16742,0.142384,0,0.00629639,0.732283,0.00630054,-0.00944296,-0.000631109,-0.999955,0.101753,0.4,0,0,DISABLED,0
16.3403,6.1751,0.140817,0,0.00259847,0.732689,0.0031074,-0.0131409,-0.00217379,-0.999911,0.0964238,0.4,0,0,DISABLED,0
16.3603,6.18303,0.13929,0,0.00148841,0.733404,0.00643162,-0.0142509,-0.00671872,-0.999876,0.0938978,0.4,0,0,DISABLED,0
16.3803,6.18934,0.138604,0,0.00129321,0.733842,0.0092452,-0.0144461,-0.00960915,-0.999849,0.092601,0.4,0,0,DISABLED,0
16.4003,6.1956,0.138338,0,0.00149869,0.733985,0.0110324,-0.0142407,-0.0113839,-0.999834,0.0906732,0.4,0,0,DISABLED,0
16.4203,6.20327,0.138342,0,0.00196014,0.733906,0.0124153,-0.0137792,-0.0127146,-0.999824,0.0895315,0.4,0,0,DISABLED,0
16.4403,6.20895,0.138546,0,0.00228512,0.733812,0.0134876,-0.0134542,-0.0137485,-0.999815,0.0886238,0.4,0,0,DISABLED,0
16.4603,6.21765,0.139148,0,0.00261994,0.73366,0.0147621,-0.0131194,-0.0149802,-0.999802,0.0876621,0.4,0,0,DISABLED,0
16.4803,6.22567,0.139928,0,0.00332637,0.733461,0.0166877,-0.012413,-0.0168074,-0.999782,0.0866949,0.4,0,0,DISABLED,0
16.5003,6.23145,0.140537,0,0.00464341,0.733302,0.0191712,-0.0110959,-0.0190586,-0.999757,0.0868225,0.4,0,0,DISABLED,0
16.5203,6.23785,0.141322,0,0.0072594,0.73308,0.0229237,-0.00847995,-0.0221983,-0.999718,0.086134,0.4,0,0,DISABLED,0
16.5403,6.2463,0.142702,0,0.0105428,0.73282,0.0260152,-0.00519651,-0.0242386,-0.999693,0.085345,0.4,0,0,DISABLED,0
16.5603,6.2533,0.144204,0,0.012849,0.732864,0.0255388,-0.00289038,-0.0225271,-0.999742,0.0858381,0.4,0,0,DISABLED,0
16.5803,6.26035,0.145847,0,0.0138335,0.733047,0.0232414,-0.00190588,-0.0191297,-0.999815,0.0871724,0.4,0,0,DISABLED,0
16.6003,6.26804,0.147819,0,0.0139717,0.732982,0.0189743,-0.00176763,-0.013297,-0.99991,0.089601,0.4,0,0,DISABLED,0
16.6203,6.2735,0.149283,0,0.013514,0.732894,0.0167697,-0.00222538,-0.010385,-0.999944,0.0903218,0.4,0,0,DISABLED,0
16.6403,6.28072,0.150968,0,0.0110219,0.73301,0.0137935,-0.00471741,-0.00875266,-0.999951,0.0923378,0.4,0,0,DISABLED,0
16.6603,6.28856,0.1527,0,0.00858049,0.733302,0.00975345,-0.00715886,-0.00509265,-0.999961,0.0960762,0.4,0,0,DISABLED,0
16.6803,6.29632,0.154391,0,0.00824935,0.73357,0.00825039,-0.00749,-0.000503563,-0.999972,0.0974917,0.4,0,0,DISABLED,0
16.7003,6.3027,0.155572,0,0.00890719,0.73359,0.00918699,-0.00683216,0.00178098,-0.999975,0.09836,0.4,0,0,DISABLED,0
16.7203,6.3099,0.156453,0,0.0095087,0.733485,0.009977,-0.00623065,0.00256766,-0.999977,0.0989889,0.4,0,0,DISABLED,0
16.7403,6.31801,0.15694,0,0.00935109,0.733432,0.0103753,-0.00638826,0.00403856,-0.999971,0.100609,0.4,0,0,DISABLED,0
16.7603,6.32461,0.157094,0,0.00930718,0.733437,0.0111185,-0.00643217,0.00562121,-0.999964,0.10132,0.4,0,0,DISABLED,0
16.7803,6.33176,0.157126,0,0.00998143,0.733413,0.0126719,-0.00575792,0.00734728,-0.999956,0.101963,0.4,0,0,DISABLED,0
16.8003,6.33876,0.15713,0,0.011184,0.733318,0.0146526,-0.00455537,0.00901068,-0.999949,0.102557,0.4,0,0,DISABLED,0
16.8203,6.34565,0.157077,0,0.0125185,0.733182,0.0163704,-0.00322089,0.0100906,-0.999944,0.102949,0.4,0,0,DISABLED,0
16.8403,6.35249,0.156804,0,0.0135705,0.733088,0.0168406,-0.00216885,0.00951469,-0.999952,0.102958,0.4,0,0,DISABLED,0
16.8603,6.36022,0.15614,0,0.0131683,0.733173,0.0154795,-0.00257102,0.00767619,-0.999967,0.103228,0.4,0,0,DISABLED,0
16.8803,6.36666,0.155192,0,0.0117673,0.733191,0.0129372,-0.00397208,0.00491855,-0.99998,0.103461,0.4,0,0,DISABLED,0
16.9003,6.37462,0.153439,0,0.00917883,0.732637,0.00918699,-0.00656053,-0.000134587,-0.999978,0.103103,0.4,0,0,DISABLED,0
16.9203,6.38212,0.152029,0,0.00666726,0.732551,0.00666823,-0.0090721,-0.000279785,-0.999959,0.101257,0.4,0,0,DISABLED,0
16.9403,6.38878,0.150746,0,0.000383072,0.73297,0.0010358,-0.0153563,-0.00136478,-0.999881,0.0957629,0.4,0,0,DISABLED,0
16.9603,6.39585,0.149505,0,-0.00143779,0.733605,0.00608886,-0.0171771,-0.00636869,-0.999832,0.0928556,0.4,0,0,DISABLED,0
16.9803,6.40273,0.148796,0,-0.00207121,0.734076,0.00932224,-0.0178106,-0.00954066,-0.999796,0.0914432,0.4,0,0,DISABLED,0
17.0003,6.40952,0.148547,0,-0.0021968,0.734229,0.0106643,-0.0179362,-0.0108903,-0.99978,0.0901508,0.4,0,0,DISABLED,0
