t,drift_x,drift_y,lean,dpitch,base_z,tilt_rad,gx,gy,gz,yaw_delta,cmd_vx,cmd_vy,cmd_yaw,meta_selected,meta_safety_hold
0.0199962,0,0,0,0,0.732862,0.000345267,-0.0157428,-0.000457343,-0.999876,0,0.4,0,0,DISABLED,0
0.0399961,1.36262e-05,-2.26311e-07,0,-4.5225e-06,0.732858,0,-0.0157473,-0.000457334,-0.999876,3.74438e-06,0.4,0,0,DISABLED,0
0.0599961,7.57109e-05,-1.73226e-07,0,-1.46367e-05,0.732847,0.000345267,-0.0157574,-0.000456216,-0.999876,1.10622e-05,0.4,0,0,DISABLED,0
0.0799961,0.000277392,-2.58572e-05,0,-0.000267833,0.732809,0.000345267,-0.0160106,-0.000466368,-0.999872,1.94584e-05,0.4,0,0,DISABLED,0
0.0999961,0.000676595,-6.69132e-05,0,-0.000881353,0.732727,0.000913491,-0.0166241,-0.0005394,-0.999862,-3.99741e-05,0.4,0,0,DISABLED,0
0.119996,0.00132439,-2.88519e-05,0,-0.00185665,0.732673,0.00185932,-0.0175994,-0.000593567,-0.999845,0.000293581,0.4,0,0,DISABLED,0
0.139996,0.00206852,0.000394795,0,-0.00213969,0.732592,0.00241687,-0.0178825,0.000625587,-0.99984,0.000369921,0.4,0,0,DISABLED,0
0.159996,0.00282369,0.00137645,0,-0.00149486,0.732511,0.00229024,-0.0172376,0.00126032,-0.999851,0.000723833,0.4,0,0,DISABLED,0
0.179996,0.00395822,0.00259368,0,-0.00150006,0.732784,0.00294996,-0.0172428,-0.00297817,-0.999847,0.00156371,0.4,0,0,DISABLED,0
0.199996,0.00553044,0.00407732,0,-0.00183507,0.733218,0.00599017,-0.0175779,-0.00615961,-0.999827,0.00279167,0.4,0,0,DISABLED,0
0.219996,0.0073163,0.00581774,0,-0.00170656,0.733553,0.00738905,-0.0174493,-0.00764208,-0.999819,0.00435501,0.4,0,0,DISABLED,0
0.239996,0.00930064,0.0077986,0,-0.00124805,0.733793,0.00814862,-0.0169908,-0.0085093,-0.999819,0.00534574,0.4,0,0,DISABLED,0
0.259996,0.0115792,0.00997055,0,-0.000962185,0.734014,0.00914798,-0.016705,-0.00954761,-0.999815,0.00631002,0.4,0,0,DISABLED,0
0.279996,0.0141862,0.012333,0,-0.00080478,0.734195,0.0100009,-0.0165476,-0.0104228,-0.999809,0.00680998,0.4,0,0,DISABLED,0
0.299996,0.0170669,0.0148847,0,-0.000285013,0.734258,0.0101429,-0.0160278,-0.0105947,-0.999815,0.00695658,0.4,0,0,DISABLED,0
0.319996,0.0201532,0.0176559,0,0.000793299,0.734185,0.00957458,-0.0149495,-0.00999654,-0.999838,0.00704387,0.4,0,0,DISABLED,0
0.339996,0.0237446,0.0210628,0,0.00331305,0.733927,0.00806036,-0.0124297,-0.00780607,-0.999892,0.00645441,0.4,0,0,DISABLED,0
0.359996,0.0261441,0.0234147,0,0.0052194,0.733624,0.00741321,-0.0105234,-0.00571414,-0.999928,0.00617826,0.4,0,0,DISABLED,0
0.379996,0.0304394,0.0277172,0,0.00881284,0.732614,0.00881618,-0.00692994,-0.000655048,-0.999976,0.0059168,0.4,0,0,DISABLED,0
0.399996,0.0346106,0.0311623,0,0.0106634,0.732073,0.0112517,-0.00507935,-0.00402869,-0.999979,0.00839311,0.4,0,0,DISABLED,0
0.419996,0.0386414,0.0342094,0,0.0102734,0.7323,0.0120498,-0.00546939,-0.00674894,-0.999962,0.0093258,0.4,0,0,DISABLED,0
0.439996,0.0432465,0.0371533,0,0.00704407,0.73291,0.00729978,-0.00869871,-0.00238468,-0.999959,0.0123088,0.4,0,0,DISABLED,0
0.459996,0.0482191,0.0398143,0,0.00243952,0.733655,0.0053041,-0.0133033,0.00424641,-0.999902,0.0164728,0.4,0,0,DISABLED,0
0.479996,0.0521362,0.041765,0,-0.000685683,0.734089,0.00879587,-0.0164285,0.00830657,-0.999831,0.0187848,0.4,0,0,DISABLED,0
0.499996,0.0575937,0.0440869,0,-0.00271828,0.734292,0.0104725,-0.0184611,0.00965151,-0.999783,0.0207495,0.4,0,0,DISABLED,0
0.519996,0.0627654,0.0457112,0,-0.004506,0.734297,0.0107589,-0.0202488,0.00931329,-0.999752,0.0199241,0.4,0,0,DISABLED,0
0.539996,0.0681773,0.046732,0,-0.00596608,0.734312,0.0114825,-0.0217089,0.0093537,-0.999721,0.019543,0.4,0,0,DISABLED,0
0.559996,0.0737397,0.047238,0,-0.00661457,0.734304,0.0120992,-0.0223573,0.00967272,-0.999703,0.0195846,0.4,0,0,DISABLED,0
0.579996,0.0776828,0.0473696,0,-0.00651717,0.734247,0.0124776,-0.02226,0.0101811,-0.9997,0.0197112,0.4,0,0,DISABLED,0
0.599996,0.0850492,0.0471815,0,-0.00480827,0.733963,0.012468,-0.020551,0.0110482,-0.999728,0.0203678,0.4,0,0,DISABLED,0
0.619996,0.0907931,0.0466673,0,-0.00256168,0.733579,0.0122558,-0.0183045,0.0115229,-0.999766,0.020907,0.4,0,0,DISABLED,0
0.639996,0.0965155,0.0457979,0,0.000886898,0.733044,0.0122801,-0.0148559,0.0117887,-0.99982,0.0216462,0.4,0,0,DISABLED,0
0.659996,0.102175,0.0445533,0,0.00411556,0.732377,0.0127048,-0.0116272,0.0115577,-0.999866,0.0227257,0.4,0,0,DISABLED,0
0.679996,0.107871,0.0428913,0,0.00693294,0.731654,0.0117544,-0.00880984,0.00903588,-0.99992,0.0242406,0.4,0,0,DISABLED,0
0.699996,0.114248,0.0409783,0,0.00781302,0.731142,0.0104154,-0.00792976,0.00642837,-0.999948,0.0222189,0.4,0,0,DISABLED,0
0.719995,0.119689,0.0396087,0,0.00625376,0.731527,0.00976566,-0.00948902,0.0070417,-0.99993,0.0195922,0.4,0,0,DISABLED,0
0.739995,0.125782,0.0378572,0,0.00397741,0.732222,0.0053377,-0.0117654,0.00310177,-0.999926,0.0159806,0.4,0,0,DISABLED,0
0.759995,0.131995,0.0361768,0,0.00140164,0.732907,0.00345267,-0.0143411,-0.00359689,-0.999891,0.0136104,0.4,0,0,DISABLED,0
0.779995,0.138266,0.0348188,0,-0.000844732,0.733497,0.00951839,-0.0165875,-0.00993383,-0.999813,0.0126121,0.4,0,0,DISABLED,0
0.799995,0.144442,0.0338203,0,-0.00156743,0.733806,0.0144478,-0.0173102,-0.0148224,-0.99974,0.012351,0.4,0,0,DISABLED,0
0.819995,0.150596,0.0330905,0,-0.00106069,0.733902,0.0168512,-0.0168035,-0.0172768,-0.99971,0.0124091,0.4,0,0,DISABLED,0
0.839995,0.157549,0.0325901,0,0.000260207,0.73393,0.0189994,-0.0154826,-0.0194545,-0.999691,0.0121259,0.4,0,0,DISABLED,0
0.859995,0.163459,0.0324034,0,0.00146855,0.733929,0.0204529,-0.0142742,-0.0208564,-0.999681,0.0115038,0.4,0,0,DISABLED,0
0.879995,0.170196,0.0323581,0,0.00234869,0.733884,0.0218015,-0.0133941,-0.0221302,-0.999665,0.0109475,0.4,0,0,DISABLED,0
0.899995,0.177676,0.0324811,0,0.00461949,0.733709,0.0254593,-0.0111233,-0.0254911,-0.999613,0.00989872,0.4,0,0,DISABLED,0
0.919995,0.183075,0.0326825,0,0.00699249,0.733465,0.0288406,-0.0087503,-0.0284338,-0.999557,0.00930411,0.4,0,0,DISABLED,0
0.939995,0.19038,0.0332252,0,0.0105945,0.732984,0.032965,-0.00514828,-0.0316693,-0.999485,0.00883394,0.4,0,0,DISABLED,0
0.959995,0.196938,0.0342125,0,0.0136152,0.732644,0.03348,-0.00212762,-0.0310395,-0.999516,0.00851823,0.4,0,0,DISABLED,0
0.979995,0.203546,0.0355944,0,0.0153457,0.732463,0.0307687,-0.000397035,-0.0271232,-0.999632,0.00758194,0.4,0,0,DISABLED,0
0.999995,0.21015,0.0370903,0,0.0160166,0.732181,0.0264425,0.000273797,-0.021495,-0.999769,0.00787381,0.4,0,0,DISABLED,0
1.02,0.216731,0.0384018,0,0.0155998,0.732163,0.0235345,-0.000143017,-0.0180739,-0.999837,0.00868284,0.4,0,0,DISABLED,0
1.04,0.224051,0.039457,0,0.0141548,0.73261,0.0207049,-0.00158798,-0.0155668,-0.999878,0.0111304,0.4,0,0,DISABLED,0
1.06,0.230222,0.040337,0,0.0121467,0.733003,0.0160801,-0.00359609,-0.0109907,-0.999933,0.0141357,0.4,0,0,DISABLED,0
1.08,0.237117,0.0413411,0,0.0109423,0.733348,0.0119953,-0.00480053,-0.00536604,-0.999974,0.0152147,0.4,0,0,DISABLED,0
1.1,0.243983,0.0420906,0,0.0109478,0.733442,0.0110594,-0.00479497,-0.00201473,-0.999986,0.0156104,0.4,0,0,DISABLED,0
1.12,0.251034,0.0424157,0,0.0108182,0.733411,0.0108251,-0.00492456,-0.000210854,-0.999988,0.0160019,0.4,0,0,DISABLED,0
1.14,0.25751,0.0423588,0,0.010474,0.733391,0.0107311,-0.00526874,0.0018497,-0.999984,0.0173976,0.4,0,0,DISABLED,0
1.16,0.265406,0.0420073,0,0.0103532,0.733402,0.0117188,-0.00538957,0.00502716,-0.999973,0.0187143,0.4,0,0,DISABLED,0
1.18,0.272462,0.041542,0,0.0109972,0.733366,0.0136064,-0.00474556,0.00754598,-0.99996,0.0191281,0.4,0,0,DISABLED,0
1.2,0.279378,0.0410128,0,0.0124135,0.73323,0.0162461,-0.00332928,0.0100215,-0.999944,0.0200062,0.4,0,0,DISABLED,0
1.22,0.286171,0.0404073,0,0.0142129,0.733059,0.0187117,-0.00152985,0.0117104,-0.99993,0.0204393,0.4,0,0,DISABLED,0
1.24,0.292939,0.0395403,0,0.0156414,0.732991,0.0197078,-0.000101411,0.0115305,-0.999934,0.0203367,0.4,0,0,DISABLED,0
1.25999,0.299859,0.0383068,0,0.0157744,0.733105,0.0189711,3.16294e-05,0.01008,-0.999949,0.0202979,0.4,0,0,DISABLED,0
1.27999,0.306949,0.0366057,0,0.0144974,0.733151,0.0164176,-0.00124536,0.00724226,-0.999973,0.0204083,0.4,0,0,DISABLED,0
1.29999,0.314819,0.0341572,0,0.0121416,0.732626,0.0125252,-0.00360122,0.00261942,-0.99999,0.0189815,0.4,0,0,DISABLED,0
1.31999,0.321478,0.0322283,0,0.00792945,0.732545,0.00866616,-0.00781333,0.00303321,-0.999965,0.0164257,0.4,0,0,DISABLED,0
1.33999,0.32874,0.0301041,0,0.00452072,0.732971,0.00473407,-0.0112221,0.000952729,-0.999937,0.0130625,0.4,0,0,DISABLED,0
1.35999,0.335684,0.028246,0,0.00295421,0.733561,0.00479661,-0.0127886,-0.00423125,-0.999909,0.0105035,0.4,0,0,DISABLED,0
1.37999,0.341844,0.0270941,0,0.00229953,0.733953,0.00646859,-0.0134432,-0.00650644,-0.999888,0.00972561,0.4,0,0,DISABLED,0
1.39999,0.348666,0.0263013,0,0.00179581,0.734054,0.00798607,-0.013947,-0.00824014,-0.999869,0.00782249,0.4,0,0,DISABLED,0
1.41999,0.354847,0.0258663,0,0.00166944,0.733965,0.00938596,-0.0140733,-0.00968998,-0.999854,0.00664522,0.4,0,0,DISABLED,0
1.43999,0.363319,0.0256585,0,0.00160666,0.733848,0.0110755,-0.0141361,-0.0114115,-0.999835,0.00498422,0.4,0,0,DISABLED,0
1.45999,0.370575,0.025747,0,0.00167154,0.73376,0.0125062,-0.0140712,-0.0128483,-0.999818,0.00391166,0.4,0,0,DISABLED,0
1.47999,0.377892,0.0259898,0,0.00220551,0.733639,0.0143526,-0.0135373,-0.0146373,-0.999801,0.00312302,0.4,0,0,DISABLED,0
1.49999,0.385166,0.0262995,0,0.00364138,0.733492,0.0171214,-0.0121014,-0.0171829,-0.999779,0.00284258,0.4,0,0,DISABLED,0
1.51999,0.392338,0.0267481,0,0.00613656,0.733324,0.0204674,-0.00960622,-0.019984,-0.999754,0.00267133,0.4,0,0,DISABLED,0
1.53999,0.399442,0.0274909,0,0.00897852,0.733224,0.0226964,-0.00676427,-0.0213015,-0.99975,0.00226243,0.4,0,0,DISABLED,0
1.55999,0.40653,0.0285604,0,0.0112117,0.733312,0.0221971,-0.00453104,-0.0196111,-0.999797,0.00253881,0.4,0,0,DISABLED,0
1.57999,0.413695,0.0298108,0,0.0120455,0.733458,0.0200793,-0.00369726,-0.0165207,-0.999857,0.00341085,0.4,0,0,DISABLED,0
1.59999,0.420794,0.0312586,0,0.0121352,0.73331,0.0158862,-0.00360756,-0.0107104,-0.999936,0.00391219,0.4,0,0,DISABLED,0
1.61999,0.427888,0.0325549,0,0.0109793,0.733215,0.0131882,-0.00476345,-0.00776336,-0.999959,0.00721525,0.4,0,0,DISABLED,0
1.63999,0.43497,0.0337433,0,0.00914085,0.733401,0.0107145,-0.00660194,-0.00604431,-0.99996,0.0086635,0.4,0,0,DISABLED,0
1.65999,0.442175,0.0348193,0,0.00739437,0.73365,0.0077896,-0.00834842,-0.002896,-0.999961,0.0113167,0.4,0,0,DISABLED,0
1.67999,0.447945,0.0356313,0,0.00671595,0.733822,0.00677464,-0.00902683,0.000396723,-0.999959,0.0124898,0.4,0,0,DISABLED,0
1.69999,0.455846,0.036463,0,0.00686447,0.73382,0.00755655,-0.00887831,0.00269748,-0.999957,0.0131053,0.4,0,0,DISABLED,0
1.71999,0.46397,0.036704,0,0.00685104,0.733642,0.00800098,-0.00889174,0.00366198,-0.999954,0.0150099,0.4,0,0,DISABLED,0
1.73999,0.471472,0.0365306,0,0.00654467,0.733505,0.00832948,-0.00919811,0.00468068,-0.999947,0.0161355,0.4,0,0,DISABLED,0
1.75999,0.478856,0.0361129,0,0.00672354,0.733424,0.0091805,-0.00901925,0.0057909,-0.999943,0.0164661,0.4,0,0,DISABLED,0
1.77999,0.48602,0.0355595,0,0.00772055,0.733366,0.0108362,-0.00802223,0.00714593,-0.999942,0.0170866,0.4,0,0,DISABLED,0
1.79999,0.493749,0.0349244,0,0.00914413,0.733252,0.0129234,-0.00659865,0.00866787,-0.999941,0.0178512,0.4,0,0,DISABLED,0
1.81999,0.499981,0.0343578,0,0.010754,0.733121,0.0148346,-0.00498883,0.00976118,-0.99994,0.0183707,0.4,0,0,DISABLED,0
1.83999,0.506853,0.0335088,0,0.0120665,0.73303,0.0155026,-0.00367627,0.00927213,-0.99995,0.0184242,0.4,0,0,DISABLED,0
1.85999,0.514544,0.0321806,0,0.0121712,0.733098,0.0145833,-0.00357156,0.00757127,-0.999965,0.0184578,0.4,0,0,DISABLED,0
1.87999,0.520976,0.0306818,0,0.0109026,0.733095,0.01203,-0.00484014,0.00462623,-0.999978,0.0186722,0.4,0,0,DISABLED,0
1.89999,0.52669,0.0289494,0,0.00917438,0.732729,0.0092129,-0.0065684,0.000426959,-0.999978,0.0179724,0.4,0,0,DISABLED,0
1.91999,0.535598,0.0263541,0,0.00409824,0.732366,0.00414321,-0.0116445,8.79462e-05,-0.999932,0.0141006,0.4,0,0,DISABLED,0
1.93999,0.542934,0.0242402,0,0.000525787,0.73276,0.00129187,-0.015217,-0.00162056,-0.999883,0.00987567,0.4,0,0,DISABLED,0
1.95999,0.549903,0.0223025,0,-0.000655506,0.733388,0.00594021,-0.0163983,-0.00635397,-0.999845,0.00721513,0.4,0,0,DISABLED,0
1.97999,0.556765,0.0209736,0,-0.00101995,0.733884,0.00891701,-0.0167627,-0.00931138,-0.999816,0.00551372,0.4,0,0,DISABLED,0
1.99999,0.561546,0.0203389,0,-0.000996189,0.734033,0.0103292,-0.016739,-0.0107321,-0.999802,0.00435389,0.4,0,0,DISABLED,0
2.01999,0.570521,0.0195672,0,-0.000840437,0.733957,0.0116883,-0.0165832,-0.0121111,-0.999789,0.00310636,0.4,0,0,DISABLED,0
2.03999,0.578309,0.0193109,0,-0.000555394,0.73382,0.0130107,-0.0162982,-0.0134525,-0.999777,0.00193387,0.4,0,0,DISABLED,0
2.05999,0.584111,0.0193137,0,-0.000359315,0.733724,0.0139268,-0.0161021,-0.0143769,-0.999767,0.00134006,0.4,0,0,DISABLED,0
2.07999,0.592169,0.0195056,0,0.000480396,0.733539,0.0162681,-0.0152624,-0.0167171,-0.999744,-0.000268157,0.4,0,0,DISABLED,0
2.09999,0.599479,0.0197523,0,0.00209194,0.733326,0.0187117,-0.0136508,-0.0190521,-0.999725,-4.45137e-05,0.4,0,0,DISABLED,0
2.11999,0.606677,0.0201297,0,0.00490888,0.733108,0.021807,-0.0108339,-0.0217043,-0.999706,9.92258e-05,0.4,0,0,DISABLED,0
2.13999,0.613784,0.0207697,0,0.00824868,0.732968,0.0242161,-0.0074941,-0.0232255,-0.999702,-0.000275918,0.4,0,0,DISABLED,0
2.15999,0.620876,0.0217173,0,0.0109842,0.733054,0.0240283,-0.00475859,-0.0218269,-0.99975,2.30687e-05,0.4,0,0,DISABLED,0
2.17999,0.626612,0.0226215,0,0.0121117,0.733214,0.0224534,-0.00363107,-0.0193638,-0.999806,0.000731102,0.4,0,0,DISABLED,0
2.19999,0.635188,0.0241724,0,0.0125898,0.73318,0.0174593,-0.00315303,-0.0125499,-0.999916,0.00325241,0.4,0,0,DISABLED,0
2.21999,0.642233,0.0254743,0,0.0121391,0.733057,0.0151526,-0.00360364,-0.00952762,-0.999948,0.00417174,0.4,0,0,DISABLED,0
2.23999,0.649353,0.0265488,0,0.0104939,0.733209,0.0127469,-0.00524893,-0.00768457,-0.999957,0.00580001,0.4,0,0,DISABLED,0
2.25999,0.656601,0.0274869,0,0.00881241,0.733448,0.00985074,-0.00693037,-0.00485708,-0.999964,0.00893835,0.4,0,0,DISABLED,0
2.27999,0.663869,0.0284177,0,0.00807471,0.733631,0.00807514,-0.00766808,-0.000567744,-0.99997,0.0102326,0.4,0,0,DISABLED,0
2.29999,0.67185,0.0291113,0,0.00832382,0.733606,0.00849247,-0.00741896,0.00123254,-0.999972,0.0105438,0.4,0,0,DISABLED,0
2.31999,0.679256,0.0292576,0,0.00840628,0.733486,0.00874149,-0.00733651,0.00192694,-0.999971,0.0112852,0.4,0,0,DISABLED,0
2.33999,0.686022,0.0290322,0,0.00810765,0.733406,0.0091805,-0.00763514,0.00383822,-0.999963,0.0134002,0.4,0,0,DISABLED,0
2.35999,0.693494,0.0285207,0,0.00807611,0.733331,0.0100068,-0.00766668,0.00544687,-0.999956,0.0145381,0.4,0,0,DISABLED,0
2.37999,0.700782,0.0279019,0,0.00899691,0.733232,0.0117999,-0.00674587,0.00718095,-0.999951,0.0152213,0.4,0,0,DISABLED,0
2.39999,0.707884,0.0272818,0,0.0103642,0.733108,0.0138367,-0.00537859,0.00870773,-0.999948,0.0156722,0.4,0,0,DISABLED,0
2.41999,0.714862,0.0266077,0,0.0115645,0.733008,0.0154603,-0.00417827,0.00979679,-0.999943,0.0160972,0.4,0,0,DISABLED,0
2.43999,0.721838,0.0256999,0,0.0130776,0.732996,0.0164648,-0.0026652,0.0095466,-0.999951,0.0161179,0.4,0,0,DISABLED,0
2.45999,0.72971,0.0243,0,0.012632,0.733142,0.0150856,-0.00311081,0.00779186,-0.999965,0.0163226,0.4,0,0,DISABLED,0
2.47999,0.736249,0.0227121,0,0.0114132,0.73317,0.0128726,-0.00432959,0.00549203,-0.999976,0.0168207,0.4,0,0,DISABLED,0
2.49999,0.742727,0.0206603,0,0.00977745,0.732726,0.00994109,-0.00596534,0.00132262,-0.999981,0.0176382,0.4,0,0,DISABLED,0
2.51999,0.75183,0.0183234,0,0.00406985,0.732638,0.00465791,-0.0116729,0.00180171,-0.99993,0.0103053,0.4,0,0,DISABLED,0
2.53999,0.759211,0.0161707,0,8.41189e-05,0.733232,0.000488281,-0.0156587,-7.68005e-05,-0.999877,0.00438748,0.4,0,0,DISABLED,0
2.55999,0.765477,0.0142942,0,-0.00102094,0.733895,0.00543728,-0.0167637,-0.00579444,-0.999843,0.00214199,0.4,0,0,DISABLED,0
2.57999,0.772301,0.0128059,0,-0.00122367,0.734425,0.00871417,-0.0169664,-0.00907963,-0.999815,0.000852455,0.4,0,0,DISABLED,0
2.59999,0.779111,0.0118549,0,-0.00123229,0.734541,0.0100366,-0.0169751,-0.0104118,-0.999802,-0.000438853,0.4,0,0,DISABLED,0
2.61999,0.786002,0.0112377,0,-0.00116555,0.734392,0.0114043,-0.0169083,-0.0117984,-0.999787,-0.00149032,0.4,0,0,DISABLED,0
2.63999,0.793034,0.0108904,0,-0.00111019,0.73422,0.0124632,-0.016853,-0.0128692,-0.999775,-0.00176104,0.4,0,0,DISABLED,0
2.65999,0.800963,0.0107932,0,-0.000992227,0.734041,0.0137112,-0.016735,-0.0141292,-0.99976,-0.00192062,0.4,0,0,DISABLED,0
2.67999,0.80752,0.0108575,0,-0.000474695,0.733882,0.0154834,-0.0162175,-0.0159346,-0.999741,-0.00163657,0.4,0,0,DISABLED,0
2.69999,0.814747,0.0110264,0,0.00114902,0.73368,0.0181785,-0.0145938,-0.0185979,-0.999721,-0.00157577,0.4,0,0,DISABLED,0
2.71999,0.82186,0.01132,0,0.0039934,0.733427,0.0213484,-0.0117494,-0.0214292,-0.999701,-0.00144429,0.4,0,0,DISABLED,0
2.73999,0.829572,0.0119239,0,0.00786715,0.733117,0.0242604,-0.00787564,-0.0234076,-0.999695,-0.00177308,0.4,0,0,DISABLED,0
2.75999,0.836566,0.0128146,0,0.0105086,0.733041,0.0242849,-0.00523419,-0.0223495,-0.999736,-0.00150909,0.4,0,0,DISABLED,0
2.77999,0.842919,0.0137661,0,0.0121258,0.733103,0.0215872,-0.00361695,-0.018317,-0.999826,7.64977e-05,0.4,0,0,DISABLED,0
2.79999,0.849931,0.0149729,0,0.0125499,0.732954,0.0180468,-0.00319288,-0.013421,-0.999905,0.00152742,0.4,0,0,DISABLED,0
2.81999,0.856862,0.0161195,0,0.0120655,0.732868,0.0157505,-0.00367732,-0.0105746,-0.999937,0.00379973,0.4,0,0,DISABLED,0
2.83999,0.863901,0.0170779,0,0.0102551,0.73305,0.0132288,-0.0054877,-0.00881425,-0.999946,0.00606112,0.4,0,0,DISABLED,0
2.85999,0.871833,0.0180226,0,0.00828661,0.73336,0.00983257,-0.00745617,-0.00574558,-0.999956,0.00925038,0.4,0,0,DISABLED,0
2.87999,0.878305,0.0187757,0,0.00739747,0.733564,0.00749319,-0.00834531,-0.00159501,-0.999964,0.0104855,0.4,0,0,DISABLED,0
2.89999,0.885492,0.0193179,0,0.00755873,0.733574,0.0076194,-0.00818405,0.000511522,-0.999966,0.0112062,0.4,0,0,DISABLED,0
2.91999,0.892863,0.0193953,0,0.00748422,0.73346,0.00775893,-0.00825857,0.00158469,-0.999965,0.0123999,0.4,0,0,DISABLED,0
2.93999,0.901099,0.0189736,0,0.00727551,0.733323,0.00805296,-0.00846727,0.002991,-0.99996,0.0145008,0.4,0,0,DISABLED,0
2.95999,0.907782,0.0183865,0,0.00737968,0.733244,0.00882969,-0.00836311,0.00438288,-0.999955,0.0155284,0.4,0,0,DISABLED,0
2.97999,0.915061,0.0176293,0,0.00816098,0.733188,0.0102656,-0.0075818,0.00576035,-0.999955,0.0158549,0.4,0,0,DISABLED,0
2.99999,0.92216,0.0168402,0,0.00981482,0.733095,0.0127376,-0.00592796,0.00765899,-0.999953,0.0172623,0.4,0,0,DISABLED,0
3.01999,0.929148,0.0160284,0,0.0117268,0.732965,0.0151093,-0.00401603,0.00906933,-0.999951,0.0181076,0.4,0,0,DISABLED,0
3.03999,0.936105,0.0149988,0,0.0133365,0.732906,0.0161135,-0.00240624,0.00858312,-0.99996,0.0181279,0.4,0,0,DISABLED,0
3.05999,0.942484,0.0137699,0,0.0135014,0.732991,0.0156252,-0.00224142,0.00740036,-0.99997,0.0184595,0.4,0,0,DISABLED,0
3.08,0.950406,0.0117772,0,0.0125195,0.733014,0.0132783,-0.00322332,0.00397085,-0.999987,0.0180965,0.4,0,0,DISABLED,0
3.1,0.957696,0.00940404,0,0.0102831,0.732478,0.010283,-0.00545968,-0.000639815,-0.999985,0.0167579,0.4,0,0,DISABLED,0
3.12,0.965259,0.00709659,0,0.00603967,0.732349,0.00609864,-0.00970312,0.000395169,-0.999953,0.0140306,0.4,0,0,DISABLED,0
3.14,0.972698,0.00476667,0,0.00267876,0.732793,0.00304932,-0.013064,-0.0019086,-0.999913,0.0104922,0.4,0,0,DISABLED,0
3.16,0.979806,0.00272733,0,0.00141697,0.733424,0.00639444,-0.0143258,-0.00668555,-0.999875,0.00819588,0.4,0,0,DISABLED,0
3.18,0.987504,0.00124188,0,0.000951544,0.733904,0.00899024,-0.0147912,-0.00939764,-0.999846,0.00692973,0.4,0,0,DISABLED,0
3.2,0.993784,0.000442114,0,0.000919865,0.733998,0.0105009,-0.0148229,-0.010914,-0.999831,0.00566706,0.4,0,0,DISABLED,0
3.22,1.00014,-8.83224e-05,0,0.00102049,0.733864,0.0119854,-0.0147223,-0.0124005,-0.999815,0.00377449,0.4,0,0,DISABLED,0
3.24,1.00881,-0.000442111,0,0.00126536,0.733596,0.0132918,-0.0144774,-0.0136864,-0.999802,0.00188262,0.4,0,0,DISABLED,0
3.26,1.01474,-0.000499128,0,0.00136429,0.733442,0.0139525,-0.0143785,-0.0143402,-0.999794,0.00180113,0.4,0,0,DISABLED,0
3.28,1.02298,-0.000373507,0,0.00201129,0.733242,0.0159499,-0.0137315,-0.0162789,-0.999773,0.000644543,0.4,0,0,DISABLED,0
3.3,1.0304,-0.000171791,0,0.00361433,0.733069,0.0187817,-0.0121284,-0.0188865,-0.999748,0.000530555,0.4,0,0,DISABLED,0
3.32,1.03769,0.000168761,0,0.00639107,0.732917,0.0222213,-0.00935171,-0.0217409,-0.99972,0.00046012,0.4,0,0,DISABLED,0
3.34,1.04562,0.000894165,0,0.00979682,0.732884,0.0244,-0.00594596,-0.0228022,-0.999722,5.46383e-05,0.4,0,0,DISABLED,0
3.36,1.05284,0.00186197,0,0.0118417,0.73308,0.0238465,-0.00390106,-0.0211539,-0.999769,0.000571917,0.4,0,0,DISABLED,0
3.38,1.0594,0.00291729,0,0.012888,0.733317,0.0213149,-0.00285482,-0.0174317,-0.999844,0.00310967,0.4,0,0,DISABLED,0
3.4,1.06673,0.00433516,0,0.0128907,0.733393,0.0178041,-0.00285207,-0.0127367,-0.999915,0.00307372,0.4,0,0,DISABLED,0
3.42,1.07457,0.00582026,0,0.0126457,0.733157,0.0148747,-0.00309708,-0.00828777,-0.999961,0.00500117,0.4,0,0,DISABLED,0
3.44,1.08033,0.00658583,0,0.0106901,0.733254,0.0125538,-0.00505272,-0.00702992,-0.999963,0.00777219,0.4,0,0,DISABLED,0
3.46,1.08839,0.0075875,0,0.00859665,0.733608,0.00935416,-0.00714613,-0.00413331,-0.999966,0.0116848,0.4,0,0,DISABLED,0
3.48,1.09566,0.00848126,0,0.00786631,0.733851,0.00787332,-0.00787647,-0.000278738,-0.999969,0.0134993,0.4,0,0,DISABLED,0
3.5,1.10286,0.0091375,0,0.00836627,0.733832,0.00858323,-0.00737651,0.00145484,-0.999972,0.0142992,0.4,0,0,DISABLED,0
3.52001,1.10949,0.00937436,0,0.00858865,0.733684,0.00897697,-0.00715413,0.00214308,-0.999972,0.0153403,0.4,0,0,DISABLED,0
3.54001,1.11771,0.00924159,0,0.00833402,0.733614,0.00912188,-0.00740876,0.0032397,-0.999967,0.0156019,0.4,0,0,DISABLED,0
3.56001,1.12508,0.00880958,0,0.00852264,0.733576,0.0100662,-0.00722015,0.00488899,-0.999962,0.0172127,0.4,0,0,DISABLED,0
3.58001,1.13228,0.00826512,0,0.00930156,0.733499,0.0114461,-0.00644122,0.00621095,-0.99996,0.017977,0.4,0,0,DISABLED,0
3.60001,1.13934,0.00770807,0,0.0105425,0.733362,0.0132648,-0.00520029,0.00759208,-0.999958,0.0186023,0.4,0,0,DISABLED,0
3.62001,1.14628,0.0070951,0,0.0119997,0.733198,0.0150619,-0.00374304,0.00863828,-0.999956,0.0191382,0.4,0,0,DISABLED,0
3.64001,1.15249,0.00635258,0,0.0130314,0.733106,0.0157619,-0.00271136,0.00841251,-0.999961,0.0193033,0.4,0,0,DISABLED,0
3.66001,1.16016,0.00507886,0,0.0131206,0.733124,0.0148947,-0.0026222,0.00658988,-0.999975,0.0190761,0.4,0,0,DISABLED,0
3.68001,1.16665,0.00363846,0,0.0116038,0.733138,0.0127423,-0.00413896,0.00479944,-0.99998,0.0202532,0.4,0,0,DISABLED,0
3.70001,1.17529,0.00112058,0,0.00913631,0.732586,0.00914798,-0.00660647,1.6497e-05,-0.999978,0.018682,0.4,0,0,DISABLED,0
3.72001,1.18198,-0.000714377,0,0.00441276,0.732573,0.00456746,-0.01133,0.00067518,-0.999936,0.0147523,0.4,0,0,DISABLED,0
3.74001,1.18929,-0.00288545,0,0.00104054,0.73307,0.00119604,-0.0147022,-0.00103883,-0.999891,0.0118496,0.4,0,0,DISABLED,0
3.76001,1.19624,-0.00486946,0,-0.000422707,0.733723,0.00646859,-0.0161655,-0.00690761,-0.999845,0.00888041,0.4,0,0,DISABLED,0
3.78001,1.20311,-0.00623688,0,-0.000952896,0.734206,0.00963045,-0.0166957,-0.0100368,-0.99981,0.00726082,0.4,0,0,DISABLED,0
3.80001,1.20996,-0.00713235,0,-0.00103411,0.734348,0.0108801,-0.0167769,-0.011285,-0.999796,0.00637843,0.4,0,0,DISABLED,0
3.82001,1.21691,-0.00767525,0,-0.000932461,0.734216,0.012761,-0.0166752,-0.013179,-0.999774,0.00443626,0.4,0,0,DISABLED,0
3.84001,1.22404,-0.00795962,0,-0.000782514,0.734053,0.0136327,-0.0165253,-0.014068,-0.999765,0.00382122,0.4,0,0,DISABLED,0
3.86001,1.2306,-0.0080211,0,-0.000495244,0.733924,0.0145342,-0.016238,-0.0149833,-0.999756,0.00317887,0.4,0,0,DISABLED,0
3.88001,1.23943,-0.00789033,0,0.000381518,0.733739,0.0161762,-0.0153613,-0.0166289,-0.999744,0.00274726,0.4,0,0,DISABLED,0
3.90001,1.24601,-0.00771022,0,0.00215312,0.733564,0.0189113,-0.0135897,-0.019247,-0.999722,0.00236646,0.4,0,0,DISABLED,0
3.92001,1.25393,-0.00734521,0,0.00498241,0.733304,0.0220165,-0.0107604,-0.0219006,-0.999702,0.002579,0.4,0,0,DISABLED,0
3.94001,1.26034,-0.00678143,0,0.00819056,0.733158,0.0240902,-0.00755222,-0.0231115,-0.999704,0.00236519,0.4,0,0,DISABLED,0
3.96002,1.26745,-0.00583736,0,0.0106941,0.73321,0.0236078,-0.00504867,-0.021503,-0.999756,0.00275773,0.4,0,0,DISABLED,0
3.98002,1.27391,-0.00480178,0,0.0117393,0.733357,0.0214681,-0.00400352,-0.0184307,-0.999822,0.00381202,0.4,0,0,DISABLED,0
4.00002,1.28106,-0.00345552,0,0.0120163,0.733305,0.0172428,-0.00372645,-0.0128216,-0.999911,0.0054746,0.4,0,0,DISABLED,0
4.02002,1.28884,-0.00204282,0,0.0113938,0.733095,0.0141392,-0.00434895,-0.00882511,-0.999952,0.00892297,0.4,0,0,DISABLED,0
4.04002,1.2959,-0.000359588,0,0.00977435,0.733258,0.0117848,-0.00596843,-0.00703672,-0.999957,0.0109867,0.4,0,0,DISABLED,0
4.06002,1.30309,0.00231788,0,0.00773002,0.733609,0.00831515,-0.00801276,-0.0035106,-0.999962,0.0146285,0.4,0,0,DISABLED,0
4.08002,1.31027,0.00568818,0,0.00709479,0.733871,0.00710111,-0.00864799,-0.000300951,-0.999963,0.0160658,0.4,0,0,DISABLED,0
4.10002,1.31745,0.00922039,0,0.00721692,0.73388,0.00758018,-0.00852587,0.00185566,-0.999962,0.017631,0.4,0,0,DISABLED,0
4.12002,1.32483,0.0126509,0,0.00694159,0.733761,0.00768948,-0.00880119,0.00285133,-0.999957,0.0182802,0.4,0,0,DISABLED,0
4.14002,1.33234,0.0160111,0,0.00632737,0.733702,0.00840073,-0.00941541,0.00506873,-0.999943,0.0191806,0.4,0,0,DISABLED,0
4.16002,1.33978,0.0194575,0,0.00603104,0.733695,0.0106754,-0.00971174,0.00834724,-0.999918,0.019916,0.4,0,0,DISABLED,0
4.18002,1.34711,0.023111,0,0.00622541,0.733652,0.0139653,-0.00951737,0.0120413,-0.999882,0.0206237,0.4,0,0,DISABLED,0
4.20002,1.35503,0.0274849,0,0.0069744,0.733452,0.0177907,-0.00876838,0.015908,-0.999835,0.0214462,0.4,0,0,DISABLED,0
4.22002,1.36208,0.031725,0,0.00832531,0.733116,0.0221541,-0.00741747,0.020071,-0.999771,0.0226059,0.4,0,0,DISABLED,0
4.24002,1.36838,0.0349284,0,0.0091445,0.732852,0.024063,-0.00659829,0.0217982,-0.999741,0.023906,0.4,0,0,DISABLED,0
4.26002,1.37404,0.0370258,0,0.00916917,0.732823,0.0239811,-0.00657361,0.021703,-0.999743,0.0247143,0.4,0,0,DISABLED,0
4.28002,1.38256,0.0393863,0,0.0084396,0.733154,0.0217084,-0.00730318,0.01954,-0.999782,0.0254419,0.4,0,0,DISABLED,0
4.30002,1.3905,0.0411296,0,0.00603961,0.733668,0.0175206,-0.00970318,0.0159851,-0.999825,0.0275126,0.4,0,0,DISABLED,0
4.32002,1.39699,0.0425377,0,0.00268683,0.734033,0.0109945,-0.013056,0.0101999,-0.999863,0.0269251,0.4,0,0,DISABLED,0
4.34002,1.40433,0.0444712,0,-0.00206533,0.734308,0.00667716,-0.0178081,0.0058838,-0.999824,0.0284917,0.4,0,0,DISABLED,0
4.36002,1.41108,0.0469975,0,-0.0044009,0.734435,0.00691398,-0.0201437,0.00487366,-0.999785,0.0248121,0.4,0,0,DISABLED,0
4.38002,1.41731,0.0494523,0,-0.00441807,0.734686,0.00707588,-0.0201609,0.00505662,-0.999784,0.0226298,0.4,0,0,DISABLED,0
4.40003,1.42356,0.0514754,0,-0.00427658,0.735017,0.00525896,-0.0200194,0.00260539,-0.999796,0.0241237,0.4,0,0,DISABLED,0
4.42003,1.42994,0.0538657,0,-0.0040678,0.735196,0.00432619,-0.0198106,0.000984589,-0.999803,0.0252498,0.4,0,0,DISABLED,0
4.44003,1.43645,0.0566534,0,-0.00336008,0.735243,0.00340049,-0.0191029,6.8701e-06,-0.999818,0.0258349,0.4,0,0,DISABLED,0
4.46003,1.44307,0.0597728,0,-0.00188061,0.735268,0.00192237,-0.0176234,-0.000829758,-0.999844,0.0261454,0.4,0,0,DISABLED,0
4.48003,1.44981,0.0631374,0,0.000288099,0.735268,0.00124488,-0.0154547,-0.00162784,-0.999879,0.0261916,0.4,0,0,DISABLED,0
4.50003,1.45667,0.0666517,0,0.00292288,0.735172,0.00353794,-0.0128199,-0.00243708,-0.999915,0.0264674,0.4,0,0,DISABLED,0
4.52003,1.46351,0.0703627,0,0.00621171,0.734903,0.00682723,-0.00953107,-0.00327264,-0.999949,0.0253743,0.4,0,0,DISABLED,0
4.54003,1.47034,0.0742908,0,0.00958545,0.734485,0.00998298,-0.00615733,-0.00324271,-0.999976,0.0246106,0.4,0,0,DISABLED,0
4.56003,1.4771,0.0785334,0,0.0121657,0.733778,0.012251,-0.00357705,-0.00188924,-0.999992,0.0238186,0.4,0,0,DISABLED,0
4.58003,1.48392,0.0831076,0,0.014084,0.732716,0.0144808,-0.0016588,0.00291311,-0.999994,0.0252264,0.4,0,0,DISABLED,0
4.60003,1.49173,0.0878986,0,0.0122794,0.732145,0.0126295,-0.00346342,0.00250377,-0.999991,0.0269444,0.4,0,0,DISABLED,0
4.62003,1.4983,0.0913459,0,0.00849907,0.732398,0.00934778,-0.00724371,0.00344013,-0.999968,0.0305485,0.4,0,0,DISABLED,0
4.64003,1.50639,0.0951908,0,0.0049083,0.733012,0.00994109,-0.0108345,0.00818629,-0.999908,0.0337528,0.4,0,0,DISABLED,0
4.66003,1.51289,0.0980389,0,0.00300008,0.733434,0.0134078,-0.0127427,0.0126097,-0.999839,0.0365981,0.4,0,0,DISABLED,0
4.68003,1.5201,0.100855,0,0.0021422,0.73358,0.0144437,-0.0136006,0.0138228,-0.999812,0.0381128,0.4,0,0,DISABLED,0
4.70003,1.52753,0.103153,0,0.00124667,0.733511,0.0137372,-0.0144961,0.0132195,-0.999808,0.0383489,0.4,0,0,DISABLED,0
4.72003,1.53359,0.104567,0,0.000837722,0.733412,0.0132648,-0.0149051,0.0127786,-0.999807,0.0385382,0.4,0,0,DISABLED,0
4.74003,1.54339,0.10622,0,0.00123933,0.733211,0.0130747,-0.0145035,0.0125532,-0.999816,0.0393589,0.4,0,0,DISABLED,0
4.76003,1.55009,0.107012,0,0.00257762,0.732992,0.0134345,-0.0131652,0.0127268,-0.999832,0.0395781,0.4,0,0,DISABLED,0
4.78003,1.5567,0.107527,0,0.00429237,0.732652,0.0139994,-0.0114504,0.0128672,-0.999852,0.0395014,0.4,0,0,DISABLED,0
4.80003,1.56458,0.107791,0,0.00695566,0.732024,0.015125,-0.00878713,0.0129694,-0.999877,0.040529,0.4,0,0,DISABLED,0
4.82003,1.57097,0.107738,0,0.00874329,0.731491,0.0152076,-0.00699949,0.0119828,-0.999904,0.0404951,0.4,0,0,DISABLED,0
4.84004,1.57876,0.107237,0,0.00959263,0.731089,0.0135009,-0.00615016,0.00904272,-0.99994,0.0395054,0.4,0,0,DISABLED,0
4.86004,1.58586,0.106354,0,0.00937229,0.731064,0.0110216,-0.00637049,0.00534233,-0.999965,0.0391049,0.4,0,0,DISABLED,0
4.88004,1.59232,0.105232,0,0.00805247,0.731161,0.00833663,-0.00769031,0.00167965,-0.999969,0.0390567,0.4,0,0,DISABLED,0
4.90004,1.60027,0.103461,0,0.00508091,0.731088,0.00603971,-0.0106619,-0.00371062,-0.999936,0.0372823,0.4,0,0,DISABLED,0
4.92004,1.60841,0.101746,0,0.00123312,0.731529,0.00467069,-0.0145097,-0.00495778,-0.999882,0.0341038,0.4,0,0,DISABLED,0
4.94004,1.61477,0.100174,0,-0.000508195,0.732221,0.00898361,-0.016251,-0.00942495,-0.999824,0.0299787,0.4,0,0,DISABLED,0
4.96004,1.62232,0.0984449,0,-0.000574032,0.733122,0.0145711,-0.0163168,-0.0150178,-0.999754,0.0280616,0.4,0,0,DISABLED,0
4.98004,1.6285,0.0975164,0,-0.000429835,0.733607,0.018208,-0.0161726,-0.0186607,-0.999695,0.0258333,0.4,0,0,DISABLED,0
5.00004,1.63536,0.0968704,0,-1.74306e-05,0.733814,0.0209794,-0.0157602,-0.0214348,-0.999646,0.0235104,0.4,0,0,DISABLED,0
5.02004,1.64221,0.0965149,0,0.000832349,0.733847,0.0230223,-0.0149104,-0.0234611,-0.999614,0.0224659,0.4,0,0,DISABLED,0
5.04004,1.64914,0.0964574,0,0.00177399,0.733835,0.0243364,-0.0139688,-0.0247265,-0.999597,0.0214591,0.4,0,0,DISABLED,0
5.06004,1.65687,0.0967331,0,0.00278462,0.733725,0.025478,-0.0129582,-0.0257799,-0.999584,0.0193598,0.4,0,0,DISABLED,0
5.08004,1.66328,0.0971178,0,0.00356056,0.73358,0.0266401,-0.0121822,-0.0268575,-0.999565,0.0197298,0.4,0,0,DISABLED,0
5.10004,1.66961,0.0976703,0,0.00484691,0.733373,0.0289911,-0.0108959,-0.0290382,-0.999519,0.020041,0.4,0,0,DISABLED,0
5.12004,1.67716,0.0986587,0,0.00736592,0.733043,0.032429,-0.00837686,-0.032034,-0.999452,0.0200373,0.4,0,0,DISABLED,0
5.14004,1.68444,0.100188,0,0.0103958,0.732703,0.0334782,-0.00534698,-0.0322761,-0.999465,0.0196432,0.4,0,0,DISABLED,0
5.16004,1.69037,0.101812,0,0.0127384,0.732533,0.0317903,-0.00300433,-0.0295789,-0.999558,0.0193865,0.4,0,0,DISABLED,0
5.18004,1.69706,0.103832,0,0.0136648,0.732431,0.0282538,-0.00207802,-0.0251849,-0.999681,0.0188293,0.4,0,0,DISABLED,0
5.20004,1.7031,0.105705,0,0.0137135,0.732266,0.0243291,-0.00202924,-0.0205524,-0.999787,0.0188324,0.4,0,0,DISABLED,0
5.22004,1.71057,0.1077,0,0.0124175,0.732267,0.0197108,-0.00332528,-0.0157636,-0.99987,0.0199269,0.4,0,0,DISABLED,0
5.24004,1.71724,0.109031,0,0.0113387,0.732756,0.0170586,-0.00440408,-0.0132025,-0.999903,0.0228554,0.4,0,0,DISABLED,0
5.26005,1.72403,0.110499,0,0.010085,0.733282,0.0127329,-0.0056578,-0.00822547,-0.99995,0.0256428,0.4,0,0,DISABLED,0
5.28005,1.73085,0.112073,0,0.00938358,0.733674,0.00965517,-0.0063592,-0.00270526,-0.999976,0.0264272,0.4,0,0,DISABLED,0
5.30005,1.73842,0.113488,0,0.00925289,0.73378,0.00929663,-0.00648989,0.000387498,-0.999979,0.026712,0.4,0,0,DISABLED,0
5.32005,1.74481,0.114211,0,0.00885891,0.733771,0.00926452,-0.00688388,0.00224669,-0.999974,0.0272593,0.4,0,0,DISABLED,0
5.34005,1.74913,0.114496,0,0.00837437,0.733766,0.00952465,-0.00736841,0.00407895,-0.999965,0.0279291,0.4,0,0,DISABLED,0
5.36005,1.75915,0.114801,0,0.00839476,0.733757,0.011156,-0.00734802,0.00688782,-0.999949,0.0290014,0.4,0,0,DISABLED,0
5.38005,1.76621,0.114848,0,0.0089628,0.733642,0.0131792,-0.00677998,0.00920523,-0.999935,0.0291117,0.4,0,0,DISABLED,0
5.40005,1.77316,0.114816,0,0.010149,0.733388,0.0154525,-0.00559381,0.011198,-0.999922,0.0292414,0.4,0,0,DISABLED,0
5.42005,1.77996,0.114691,0,0.0119727,0.733021,0.0178776,-0.00377013,0.0128161,-0.999911,0.0296232,0.4,0,0,DISABLED,0
5.44005,1.78668,0.114305,0,0.0136476,0.732691,0.0192053,-0.00209515,0.0130501,-0.999913,0.0299058,0.4,0,0,DISABLED,0
5.46005,1.7942,0.113435,0,0.0141677,0.73258,0.0188039,-0.00157508,0.0119052,-0.999928,0.0303458,0.4,0,0,DISABLED,0
5.48005,1.80051,0.112324,0,0.0132388,0.732579,0.016537,-0.00250394,0.00945081,-0.999952,0.0308262,0.4,0,0,DISABLED,0
5.50005,1.80542,0.111161,0,0.0116825,0.732409,0.0133097,-0.00406028,0.00591788,-0.999974,0.0302787,0.4,0,0,DISABLED,0
5.52005,1.8148,0.109051,0,0.00710901,0.732316,0.0091805,-0.00863377,0.00534432,-0.999948,0.0267827,0.4,0,0,DISABLED,0
5.54005,1.82204,0.107514,0,0.00325264,0.732807,0.00514437,-0.0124901,0.00352139,-0.999916,0.0218095,0.4,0,0,DISABLED,0
5.56005,1.82892,0.106003,0,0.00156887,0.733379,0.00192237,-0.0141739,-0.00156046,-0.999898,0.0195477,0.4,0,0,DISABLED,0
5.58005,1.83568,0.104943,0,0.000643923,0.733852,0.0053041,-0.0150989,-0.00571791,-0.99987,0.0188912,0.4,0,0,DISABLED,0
5.60005,1.84239,0.104357,0,0.000314552,0.734013,0.0077127,-0.0154282,-0.00815412,-0.999848,0.0180982,0.4,0,0,DISABLED,0
5.62005,1.84917,0.104122,0,0.000367252,0.733959,0.00964282,-0.0153755,-0.0100885,-0.999831,0.0174498,0.4,0,0,DISABLED,0
5.64005,1.854,0.104143,0,0.000486267,0.733905,0.0108526,-0.0152565,-0.0112961,-0.99982,0.0170455,0.4,0,0,DISABLED,0
5.66005,1.8632,0.104576,0,0.000871727,0.733818,0.0129649,-0.0148711,-0.0133942,-0.9998,0.0157525,0.4,0,0,DISABLED,0
5.68005,1.86608,0.104786,0,0.00159772,0.733774,0.0149745,-0.0141451,-0.0153441,-0.999782,0.0153607,0.4,0,0,DISABLED,0
5.70006,1.87763,0.105757,0,0.00317476,0.733527,0.0179442,-0.012568,-0.0181166,-0.999757,0.0150529,0.4,0,0,DISABLED,0
5.72006,1.88474,0.106512,0,0.00583566,0.733328,0.0214709,-0.00990713,-0.0211203,-0.999728,0.0152011,0.4,0,0,DISABLED,0
5.74006,1.89177,0.107518,0,0.00894262,0.733183,0.0240976,-0.00680016,-0.0228324,-0.999716,0.0149249,0.4,0,0,DISABLED,0
5.76006,1.89877,0.108839,0,0.0115317,0.733211,0.0239239,-0.00421104,-0.021418,-0.999762,0.0150988,0.4,0,0,DISABLED,0
5.78006,1.90587,0.110341,0,0.0126324,0.733329,0.0215042,-0.00311035,-0.0178581,-0.999836,0.0158555,0.4,0,0,DISABLED,0
5.80006,1.9129,0.112005,0,0.012821,0.733142,0.0171597,-0.00292176,-0.0118596,-0.999925,0.0174604,0.4,0,0,DISABLED,0
5.82006,1.91991,0.113553,0,0.0118335,0.733011,0.0145874,-0.00390933,-0.00899031,-0.999952,0.0200501,0.4,0,0,DISABLED,0
5.84006,1.92697,0.114975,0,0.0105615,0.733155,0.012974,-0.00518129,-0.00799053,-0.999955,0.0204055,0.4,0,0,DISABLED,0
5.86006,1.93423,0.11618,0,0.0076569,0.733387,0.00846435,-0.00808588,-0.00406379,-0.999959,0.025441,0.4,0,0,DISABLED,0
5.88006,1.9415,0.1173,0,0.00641282,0.733594,0.00645937,-0.00932997,0.000251004,-0.999956,0.0274707,0.4,0,0,DISABLED,0
5.90006,1.94794,0.118115,0,0.00651008,0.73358,0.00705057,-0.0092327,0.00223959,-0.999955,0.0276496,0.4,0,0,DISABLED,0
5.92006,1.95594,0.118581,0,0.00653964,0.73342,0.00746928,-0.00920315,0.00314662,-0.999953,0.0296985,0.4,0,0,DISABLED,0
5.94006,1.96411,0.118582,0,0.0059717,0.733334,0.00770497,-0.00977108,0.00441146,-0.999943,0.031776,0.4,0,0,DISABLED,0
5.96006,1.97143,0.118331,0,0.00586852,0.733324,0.0086386,-0.00987426,0.00588095,-0.999934,0.0325024,0.4,0,0,DISABLED,0
5.98006,1.97785,0.117991,0,0.00667783,0.733306,0.0103581,-0.00906495,0.00745677,-0.999931,0.0331926,0.4,0,0,DISABLED,0
6.00006,1.98554,0.117566,0,0.00810411,0.733223,0.0126011,-0.00763868,0.00918787,-0.999929,0.0339403,0.4,0,0,DISABLED,0
6.02006,1.99036,0.11726,0,0.00954537,0.733134,0.0144024,-0.00619741,0.0103278,-0.999927,0.0347448,0.4,0,0,DISABLED,0
6.04006,1.99787,0.116588,0,0.0113926,0.732984,0.0157013,-0.00435017,0.0103499,-0.999937,0.0353037,0.4,0,0,DISABLED,0
6.06006,2.00554,0.115528,0,0.0116997,0.733008,0.0148506,-0.0040431,0.00868273,-0.999954,0.035808,0.4,0,0,DISABLED,0
6.08006,2.01268,0.114084,0,0.0105058,0.733004,0.0121484,-0.00523697,0.00564198,-0.99997,0.0362077,0.4,0,0,DISABLED,0
6.10006,2.02057,0.111883,0,0.00827868,0.732489,0.00835805,-0.0074641,0.000672251,-0.999972,0.0349739,0.4,0,0,DISABLED,0
6.12006,2.02801,0.109958,0,0.00409502,0.732451,0.00429854,-0.0116478,0.00080594,-0.999932,0.0324502,0.4,0,0,DISABLED,0
6.14007,2.03455,0.108195,0,0.000714079,0.732869,0.00119604,-0.0150287,-0.00137429,-0.999886,0.0289847,0.4,0,0,DISABLED,0
6.16007,2.04153,0.106474,0,-0.000672448,0.733504,0.00556727,-0.0164152,-0.00598621,-0.999847,0.0269681,0.4,0,0,DISABLED,0
6.18007,2.0491,0.105282,0,-0.00130642,0.734006,0.0086799,-0.0170492,-0.00903244,-0.999814,0.0253963,0.4,0,0,DISABLED,0
6.20007,2.05526,0.104731,0,-0.00139579,0.734088,0.0105009,-0.0171386,-0.0108632,-0.999794,0.0232135,0.4,0,0,DISABLED,0
6.22007,2.06287,0.104346,0,-0.00116936,0.733979,0.0116883,-0.0169121,-0.0120848,-0.999784,0.0227198,0.4,0,0,DISABLED,0
6.24007,2.06927,0.10428,0,-0.000895103,0.733899,0.0127516,-0.0166379,-0.0131739,-0.999775,0.0221561,0.4,0,0,DISABLED,0
6.26007,2.07653,0.104452,0,-0.000494797,0.733815,0.0139354,-0.0162376,-0.0143811,-0.999765,0.0211362,0.4,0,0,DISABLED,0
6.28007,2.08458,0.104829,0,0.000370151,0.733671,0.015541,-0.0153726,-0.015993,-0.999754,0.020614,0.4,0,0,DISABLED,0
6.30007,2.08823,0.105033,0,0.00240981,0.733585,0.0183547,-0.013333,-0.0186542,-0.999737,0.0205429,0.4,0,0,DISABLED,0
6.32007,2.09758,0.105686,0,0.00497173,0.73334,0.0210871,-0.0107711,-0.0209512,-0.999722,0.0208254,0.4,0,0,DISABLED,0
6.34007,2.10538,0.106587,0,0.0083879,0.733201,0.0232593,-0.00735488,-0.0221535,-0.999728,0.0205978,0.4,0,0,DISABLED,0
6.36007,2.11104,0.107499,0,0.0103444,0.733259,0.0228925,-0.00539835,-0.020877,-0.999767,0.0208645,0.4,0,0,DISABLED,0
6.38007,2.11956,0.109136,0,0.0117262,0.733448,0.0200942,-0.00401661,-0.0167737,-0.999851,0.0230941,0.4,0,0,DISABLED,0
6.40007,2.12669,0.110741,0,0.0118564,0.733351,0.0162717,-0.00388637,-0.0115992,-0.999925,0.0234089,0.4,0,0,DISABLED,0
6.42007,2.13367,0.112237,0,0.0113371,0.733176,0.0137242,-0.00440568,-0.00818608,-0.999957,0.0257075,0.4,0,0,DISABLED,0
6.44007,2.14076,0.113473,0,0.00939409,0.733304,0.0112146,-0.00634869,-0.0065739,-0.999958,0.0279555,0.4,0,0,DISABLED,0
6.46007,2.1482,0.114607,0,0.00653124,0.733586,0.00714295,-0.00921154,-0.0033267,-0.999952,0.0335691,0.4,0,0,DISABLED,0
6.48007,2.1561,0.115932,0,0.00592157,0.733835,0.00605942,-0.00982121,0.000842952,-0.999951,0.0341273,0.4,0,0,DISABLED,0
6.50007,2.1632,0.1168,0,0.00702942,0.73386,0.00786574,-0.00871337,0.00307857,-0.999957,0.034381,0.4,0,0,DISABLED,0
6.52007,2.16976,0.117156,0,0.00784701,0.733792,0.00910225,-0.00789578,0.00415173,-0.99996,0.0353632,0.4,0,0,DISABLED,0
6.54007,2.17719,0.117156,0,0.00811476,0.733719,0.00990505,-0.00762802,0.00522403,-0.999957,0.0362788,0.4,0,0,DISABLED,0
6.56007,2.18456,0.116883,0,0.0085022,0.733651,0.0109074,-0.00724058,0.00637152,-0.999954,0.0370747,0.4,0,0,DISABLED,0
6.58008,2.19177,0.116485,0,0.00918765,0.733563,0.0119953,-0.00655513,0.00725398,-0.999952,0.0373943,0.4,0,0,DISABLED,0
6.60008,2.19884,0.116027,0,0.0108257,0.733408,0.0142526,-0.00491709,0.00881273,-0.999949,0.0386332,0.4,0,0,DISABLED,0
6.62008,2.20577,0.115504,0,0.0125517,0.733186,0.0161946,-0.00319112,0.0097723,-0.999947,0.0397628,0.4,0,0,DISABLED,0
6.64008,2.21267,0.114789,0,0.0138507,0.73303,0.0169605,-0.00189209,0.00933043,-0.999955,0.0399406,0.4,0,0,DISABLED,0
6.66008,2.21967,0.113743,0,0.013948,0.733062,0.0160912,-0.00179482,0.00756241,-0.99997,0.0401097,0.4,0,0,DISABLED,0
6.68008,2.22755,0.112095,0,0.0123342,0.733062,0.0132018,-0.00340855,0.00424381,-0.999985,0.0402477,0.4,0,0,DISABLED,0
6.70008,2.23258,0.11068,0,0.0106956,0.732752,0.0107311,-0.00504721,0.000452689,-0.999987,0.039386,0.4,0,0,DISABLED,0
6.72008,2.24228,0.108014,0,0.00549201,0.732417,0.00553506,-0.0102508,0.000163826,-0.999947,0.0362562,0.4,0,0,DISABLED,0
6.74008,2.24957,0.105972,0,0.00185934,0.732819,0.00210018,-0.0138834,-0.0013698,-0.999903,0.0326348,0.4,0,0,DISABLED,0
6.76008,2.25587,0.104362,0,0.00051297,0.733391,0.00550266,-0.0152298,-0.00592927,-0.999866,0.0298008,0.4,0,0,DISABLED,0
6.78008,2.26278,0.103166,0,-4.76539e-05,0.733928,0.00828643,-0.0157904,-0.00874018,-0.999837,0.0280951,0.4,0,0,DISABLED,0
6.80008,2.26964,0.102458,0,-0.000110367,0.734125,0.00991708,-0.0158531,-0.0103704,-0.999821,0.0264634,0.4,0,0,DISABLED,0
6.82008,2.27658,0.102073,0,8.50148e-05,0.734063,0.0113677,-0.0156578,-0.0118218,-0.999808,0.0252598,0.4,0,0,DISABLED,0
6.84008,2.28365,0.101972,0,0.000346252,0.733949,0.0125822,-0.0153965,-0.013035,-0.999797,0.0244049,0.4,0,0,DISABLED,0
6.86008,2.2909,0.102109,0,0.000691766,0.733839,0.0138711,-0.015051,-0.0143089,-0.999784,0.0241042,0.4,0,0,DISABLED,0
6.88008,2.29818,0.102406,0,0.00145727,0.733688,0.0155487,-0.0142855,-0.015934,-0.999771,0.0240868,0.4,0,0,DISABLED,0
6.90008,2.30541,0.102779,0,0.00321788,0.733499,0.0183287,-0.0125249,-0.0185018,-0.99975,0.0242934,0.4,0,0,DISABLED,0
6.92008,2.31253,0.103297,0,0.00591438,0.733277,0.021612,-0.00982841,-0.0212434,-0.999726,0.0243375,0.4,0,0,DISABLED,0
6.94008,2.32029,0.1042,0,0.00882744,0.73311,0.0237337,-0.00691534,-0.0224893,-0.999723,0.0241608,0.4,0,0,DISABLED,0
6.96008,2.32661,0.10523,0,0.0111334,0.733151,0.0233437,-0.00460939,-0.0209713,-0.999769,0.0246167,0.4,0,0,DISABLED,0
6.98008,2.33366,0.10657,0,0.012203,0.733299,0.0210702,-0.00353982,-0.0176313,-0.999838,0.0258567,0.4,0,0,DISABLED,0
7.00008,2.33928,0.107802,0,0.0123857,0.733251,0.0179142,-0.00335712,-0.0134014,-0.999905,0.0259976,0.4,0,0,DISABLED,0
7.02009,2.34752,0.109405,0,0.0119204,0.732978,0.0147014,-0.00382241,-0.00905868,-0.999952,0.0302552,0.4,0,0,DISABLED,0
7.04009,2.35456,0.110453,0,0.00963755,0.733143,0.0123189,-0.00610524,-0.00812816,-0.999948,0.0330669,0.4,0,0,DISABLED,0
7.06009,2.36168,0.111549,0,0.00763032,0.733429,0.00878231,-0.00811246,-0.00481057,-0.999956,0.0364453,0.4,0,0,DISABLED,0
7.08009,2.36941,0.112699,0,0.00717848,0.733654,0.0072094,-0.0085643,-0.00109796,-0.999963,0.0372858,0.4,0,0,DISABLED,0
7.10009,2.37581,0.113354,0,0.00746628,0.733628,0.00757231,-0.0082765,0.000791191,-0.999965,0.0386066,0.4,0,0,DISABLED,0
7.12009,2.38314,0.113655,0,0.00734826,0.733509,0.00772814,-0.00839453,0.00192216,-0.999963,0.0400021,0.4,0,0,DISABLED,0
7.14009,2.39055,0.113562,0,0.00708154,0.733438,0.00794866,-0.00866124,0.00314888,-0.999958,0.0408445,0.4,0,0,DISABLED,0
7.16009,2.39786,0.113198,0,0.00728871,0.733417,0.0089237,-0.00845407,0.00469115,-0.999953,0.0417445,0.4,0,0,DISABLED,0
7.18009,2.40571,0.112651,0,0.00818159,0.733377,0.0105406,-0.00756119,0.00619103,-0.999952,0.0424834,0.4,0,0,DISABLED,0
7.20009,2.41204,0.112201,0,0.00953479,0.733288,0.0126436,-0.006208,0.00784388,-0.99995,0.0430694,0.4,0,0,DISABLED,0
7.22009,2.41894,0.111647,0,0.0112593,0.733148,0.0147419,-0.00448348,0.00906033,-0.999949,0.0435985,0.4,0,0,DISABLED,0
7.24009,2.42579,0.110858,0,0.0127831,0.733049,0.0157468,-0.00295965,0.00873794,-0.999957,0.0437451,0.4,0,0,DISABLED,0
7.26009,2.43278,0.109726,0,0.0130076,0.733089,0.0150579,-0.00273516,0.00712652,-0.999971,0.0437474,0.4,0,0,DISABLED,0
7.28009,2.43994,0.108136,0,0.0118065,0.73304,0.0126625,-0.00393631,0.00411016,-0.999984,0.0439061,0.4,0,0,DISABLED,0
7.30009,2.44713,0.106032,0,0.00956568,0.732455,0.00957458,-0.00617711,-0.000729486,-0.999981,0.0419497,0.4,0,0,DISABLED,0
7.32009,2.4546,0.104016,0,0.00523223,0.732361,0.0053041,-0.0105106,0.000452203,-0.999945,0.0394193,0.4,0,0,DISABLED,0
7.34009,2.46197,0.10192,0,0.00169336,0.732827,0.00236703,-0.0140494,-0.00210583,-0.999899,0.0362583,0.4,0,0,DISABLED,0
7.36009,2.46902,0.100116,0,0.000218976,0.733479,0.00659633,-0.0155238,-0.00704693,-0.999855,0.0339269,0.4,0,0,DISABLED,0
7.38009,2.47596,0.0989679,0,-0.000414776,0.733961,0.00932224,-0.0161576,-0.00977103,-0.999822,0.0327383,0.4,0,0,DISABLED,0
7.40009,2.48286,0.0982781,0,-0.000452129,0.734115,0.0112782,-0.0161949,-0.0117201,-0.9998,0.0311088,0.4,0,0,DISABLED,0
7.42009,2.48983,0.0978981,0,-0.000216605,0.734021,0.0128633,-0.0159594,-0.013316,-0.999784,0.0295985,0.4,0,0,DISABLED,0
7.44009,2.49697,0.0977843,0,9.82452e-05,0.733891,0.0138022,-0.0156445,-0.0142527,-0.999776,0.0289162,0.4,0,0,DISABLED,0
7.4601,2.50427,0.0979209,0,0.000502346,0.733764,0.014758,-0.0152404,-0.0152038,-0.999768,0.0281181,0.4,0,0,DISABLED,0
7.4801,2.51163,0.0982335,0,0.00132437,0.733614,0.0163631,-0.0144184,-0.0167686,-0.999755,0.0274841,0.4,0,0,DISABLED,0
7.5001,2.51894,0.0986355,0,0.00306811,0.73343,0.0190151,-0.0126747,-0.0192224,-0.999735,0.0272067,0.4,0,0,DISABLED,0
7.5201,2.52542,0.0991116,0,0.00552673,0.733243,0.021837,-0.0102161,-0.0215829,-0.999715,0.0271489,0.4,0,0,DISABLED,0
7.5401,2.53186,0.0998051,0,0.00810259,0.733149,0.02358,-0.00764019,-0.0226011,-0.999715,0.0270854,0.4,0,0,DISABLED,0
7.5601,2.54109,0.101267,0,0.0108991,0.733264,0.0230275,-0.00484369,-0.0207371,-0.999773,0.0274684,0.4,0,0,DISABLED,0
7.5801,2.54683,0.102364,0,0.0118176,0.733416,0.0202478,-0.00392513,-0.0168945,-0.99985,0.0285622,0.4,0,0,DISABLED,0
7.6001,2.55539,0.104285,0,0.0118822,0.733351,0.0164684,-0.00386054,-0.0118597,-0.999922,0.0294196,0.4,0,0,DISABLED,0
7.6201,2.56164,0.10574,0,0.0115548,0.733201,0.0138711,-0.004188,-0.00813153,-0.999958,0.030616,0.4,0,0,DISABLED,0
7.6401,2.5687,0.107012,0,0.00972968,0.733316,0.0113467,-0.00601311,-0.00628834,-0.999962,0.0332442,0.4,0,0,DISABLED,0
7.6601,2.57662,0.10824,0,0.00825395,0.733609,0.00901011,-0.00748883,-0.00406845,-0.999964,0.03533,0.4,0,0,DISABLED,0
7.6801,2.58307,0.109216,0,0.00764756,0.733797,0.00765062,-0.00809522,-0.000375073,-0.999967,0.0366911,0.4,0,0,DISABLED,0
7.7001,2.59027,0.110031,0,0.00792181,0.733783,0.0081413,-0.00782097,0.00143003,-0.999968,0.0374275,0.4,0,0,DISABLED,0
7.7201,2.59842,0.110398,0,0.00792936,0.733616,0.00843614,-0.00781342,0.00241499,-0.999967,0.0386948,0.4,0,0,DISABLED,0
7.7401,2.60518,0.110341,0,0.00771141,0.733502,0.00868677,-0.00803137,0.00353262,-0.999961,0.0397028,0.4,0,0,DISABLED,0
7.7601,2.6126,0.110024,0,0.00793769,0.733412,0.00961806,-0.0078051,0.00496908,-0.999957,0.0405027,0.4,0,0,DISABLED,0
7.7801,2.61985,0.10957,0,0.0088707,0.733322,0.0111933,-0.00687208,0.00636121,-0.999956,0.0411015,0.4,0,0,DISABLED,0
7.8001,2.62695,0.109091,0,0.0103465,0.733192,0.0133276,-0.00539629,0.00794135,-0.999954,0.0420195,0.4,0,0,DISABLED,0
7.8201,2.63393,0.10857,0,0.0121522,0.733024,0.015518,-0.00359058,0.00919475,-0.999951,0.0427578,0.4,0,0,DISABLED,0
7.8401,2.64088,0.107829,0,0.0135015,0.732932,0.0164176,-0.00224133,0.00888318,-0.999958,0.0428049,0.4,0,0,DISABLED,0
7.8601,2.64798,0.106742,0,0.0135448,0.733003,0.0156252,-0.00219794,0.0073305,-0.999971,0.0429166,0.4,0,0,DISABLED,0
7.88011,2.65524,0.105199,0,0.0122072,0.733007,0.0131611,-0.00353563,0.00445943,-0.999984,0.0431083,0.4,0,0,DISABLED,0
7.90011,2.6596,0.10398,0,0.0109434,0.732751,0.0110755,-0.00479937,0.0012384,-0.999988,0.0427204,0.4,0,0,DISABLED,0
7.92011,2.67084,0.100996,0,0.00538958,0.732278,0.00555655,-0.0103532,0.000907991,-0.999946,0.0380598,0.4,0,0,DISABLED,0
7.94011,2.67766,0.0992183,0,0.000859082,0.732646,0.000913491,-0.0148837,-0.000660666,-0.999889,0.0326725,0.4,0,0,DISABLED,0
7.96011,2.68475,0.0973303,0,-0.000380844,0.733296,0.00535999,-0.0161236,-0.00579316,-0.999853,0.02969,0.4,0,0,DISABLED,0
7.98011,2.69165,0.0960413,0,-0.000457972,0.733838,0.00819966,-0.0162008,-0.00863571,-0.999831,0.0280546,0.4,0,0,DISABLED,0
8.00011,2.6985,0.0952577,0,-0.00019468,0.734038,0.0097351,-0.0159375,-0.0101877,-0.999821,0.0264537,0.4,0,0,DISABLED,0
8.02011,2.70544,0.094836,0,9.71667e-05,0.733981,0.011188,-0.0156456,-0.0116452,-0.99981,0.025181,0.4,0,0,DISABLED,0
8.04011,2.71252,0.094728,0,0.00037245,0.733868,0.0123092,-0.0153703,-0.0127569,-0.999801,0.0245061,0.4,0,0,DISABLED,0
8.06011,2.71975,0.0948807,0,0.000691183,0.733741,0.0134832,-0.0150516,-0.013921,-0.99979,0.0238707,0.4,0,0,DISABLED,0
8.08011,2.72705,0.095201,0,0.00144588,0.733585,0.0153597,-0.0142969,-0.0157481,-0.999774,0.0236209,0.4,0,0,DISABLED,0
8.10011,2.73428,0.0955988,0,0.00316316,0.733401,0.0182733,-0.0125796,-0.018455,-0.999751,0.0237256,0.4,0,0,DISABLED,0
8.12011,2.7414,0.0961337,0,0.00593761,0.733191,0.0215982,-0.00980517,-0.0212251,-0.999727,0.0237039,0.4,0,0,DISABLED,0
8.14011,2.74844,0.0969411,0,0.00899115,0.733044,0.0238065,-0.00675163,-0.0225011,-0.999724,0.0234271,0.4,0,0,DISABLED,0
8.16011,2.75546,0.098047,0,0.0113586,0.733115,0.0235142,-0.00438422,-0.0210422,-0.999769,0.023926,0.4,0,0,DISABLED,0
8.18011,2.76249,0.0993718,0,0.0126161,0.733255,0.0206472,-0.0031267,-0.0168021,-0.999854,0.0267239,0.4,0,0,DISABLED,0
8.20011,2.76885,0.100806,0,0.0126999,0.733229,0.0179043,-0.00304287,-0.013075,-0.99991,0.025861,0.4,0,0,DISABLED,0
8.22011,2.77721,0.102528,0,0.0121467,0.733027,0.0148346,-0.00359604,-0.00897366,-0.999953,0.0300107,0.4,0,0,DISABLED,0
8.24011,2.78343,0.10359,0,0.0106714,0.733193,0.0128726,-0.00507137,-0.00765603,-0.999958,0.032408,0.4,0,0,DISABLED,0
8.26011,2.79052,0.104739,0,0.00876969,0.73355,0.00971671,-0.00697309,-0.00463581,-0.999965,0.0360408,0.4,0,0,DISABLED,0
8.28011,2.79767,0.105841,0,0.00770995,0.733841,0.0077127,-0.00803283,-0.000282907,-0.999968,0.0383584,0.4,0,0,DISABLED,0
8.30011,2.8047,0.106689,0,0.00804071,0.73385,0.00823593,-0.00770207,0.00129031,-0.999969,0.0383526,0.4,0,0,DISABLED,0
8.32012,2.81194,0.107068,0,0.00806804,0.733717,0.00849949,-0.00767475,0.00219924,-0.999968,0.0398831,0.4,0,0,DISABLED,0
8.34012,2.81932,0.107054,0,0.00769123,0.733621,0.00862479,-0.00805155,0.00342996,-0.999962,0.0409827,0.4,0,0,DISABLED,0
8.36012,2.82661,0.106772,0,0.00776837,0.733563,0.009405,-0.00797442,0.00484202,-0.999956,0.0418412,0.4,0,0,DISABLED,0
8.38012,2.83372,0.106356,0,0.00859003,0.733491,0.0108417,-0.00715276,0.00615459,-0.999955,0.0424879,0.4,0,0,DISABLED,0
8.40012,2.84071,0.105927,0,0.00986256,0.733372,0.0127516,-0.00588022,0.00762969,-0.999954,0.0429818,0.4,0,0,DISABLED,0
8.42012,2.84758,0.105448,0,0.0115112,0.733208,0.0147984,-0.00423156,0.00884115,-0.999952,0.0435443,0.4,0,0,DISABLED,0
8.44012,2.85437,0.104744,0,0.0131012,0.733051,0.0160021,-0.00264153,0.00873253,-0.999958,0.0440026,0.4,0,0,DISABLED,0
8.46012,2.86132,0.103707,0,0.0132662,0.733063,0.0153829,-0.00247655,0.00732796,-0.99997,0.0443082,0.4,0,0,DISABLED,0
8.48012,2.86843,0.102232,0,0.0120754,0.733018,0.0130107,-0.00366736,0.00438005,-0.999984,0.0443135,0.4,0,0,DISABLED,0
8.50012,2.87557,0.100244,0,0.00981752,0.732474,0.00981437,-0.00592527,-0.000332505,-0.999982,0.0424352,0.4,0,0,DISABLED,0
8.52012,2.88298,0.0983185,0,0.00600812,0.732365,0.00609864,-0.00973467,0.000590073,-0.999952,0.0400404,0.4,0,0,DISABLED,0
8.54012,2.88977,0.0965408,0,0.00143596,0.732779,0.00154408,-0.0143068,-0.000976014,-0.999897,0.0346379,0.4,0,0,DISABLED,0
8.56012,2.89749,0.0943293,0,0.0001605,0.733533,0.00827203,-0.0155823,-0.00872552,-0.99984,0.0297107,0.4,0,0,DISABLED,0
8.58012,2.90431,0.0929855,0,0.000240606,0.73409,0.0114928,-0.0155022,-0.0119436,-0.999808,0.0302419,0.4,0,0,DISABLED,0
8.60012,2.91111,0.0922741,0,0.000588878,0.734313,0.0129878,-0.0151539,-0.0134277,-0.999795,0.0294942,0.4,0,0,DISABLED,0
8.62012,2.91868,0.0919151,0,0.00104731,0.734323,0.0144972,-0.0146955,-0.0149156,-0.999781,0.028051,0.4,0,0,DISABLED,0
8.64012,2.92501,0.0918426,0,0.0015175,0.734275,0.0156937,-0.0142253,-0.0160769,-0.99977,0.0271936,0.4,0,0,DISABLED,0
8.66012,2.93217,0.0919453,0,0.00211063,0.734175,0.0166376,-0.0136321,-0.0169573,-0.999763,0.026602,0.4,0,0,DISABLED,0
8.68012,2.93942,0.0922174,0,0.00297839,0.734006,0.0179309,-0.0127644,-0.0181405,-0.999754,0.0263783,0.4,0,0,DISABLED,0
8.70012,2.94663,0.0925845,0,0.00454748,0.73379,0.0205343,-0.0111953,-0.0204807,-0.999728,0.0258688,0.4,0,0,DISABLED,0
8.72012,2.95374,0.0930464,0,0.00702329,0.73353,0.0237413,-0.00871949,-0.0231335,-0.999694,0.0257811,0.4,0,0,DISABLED,0
8.74012,2.96078,0.0937609,0,0.00983908,0.733317,0.0257688,-0.00590371,-0.0242752,-0.999688,0.0255299,0.4,0,0,DISABLED,0
8.76013,2.96779,0.0947912,0,0.0120242,0.733313,0.0252736,-0.00371862,-0.0226868,-0.999736,0.0259066,0.4,0,0,DISABLED,0
8.78013,2.97487,0.096042,0,0.0128401,0.733427,0.0227986,-0.0029027,-0.0192944,-0.99981,0.0266316,0.4,0,0,DISABLED,0
8.80013,2.9798,0.0970403,0,0.0128377,0.733376,0.0182961,-0.00290506,-0.0134922,-0.999905,0.0279389,0.4,0,0,DISABLED,0
8.82013,2.98888,0.0988149,0,0.0118927,0.733129,0.0153403,-0.00385006,-0.0101485,-0.999941,0.0301349,0.4,0,0,DISABLED,0
8.84013,2.99582,0.0999753,0,0.010415,0.733283,0.0132648,-0.00532776,-0.00867366,-0.999948,0.031027,0.4,0,0,DISABLED,0
8.86013,3.00295,0.101045,0,0.00827069,0.733598,0.00953716,-0.00747209,-0.00520939,-0.999959,0.0350236,0.4,0,0,DISABLED,0
8.88013,3.01012,0.102089,0,0.0071319,0.733858,0.00715129,-0.00861089,-0.000892428,-0.999963,0.0366612,0.4,0,0,DISABLED,0
8.90013,3.01649,0.102817,0,0.0072476,0.733878,0.00742125,-0.00849518,0.00113938,-0.999963,0.0369363,0.4,0,0,DISABLED,0
8.92013,3.02373,0.10318,0,0.00733071,0.733712,0.00775893,-0.00841207,0.00207171,-0.999962,0.0386628,0.4,0,0,DISABLED,0
8.94013,3.03186,0.103105,0,0.00698307,0.733532,0.00782776,-0.00875972,0.00308048,-0.999957,0.0404374,0.4,0,0,DISABLED,0
8.96013,3.03924,0.102743,0,0.00683467,0.733454,0.00834378,-0.00890811,0.00433649,-0.999951,0.0410342,0.4,0,0,DISABLED,0
8.98013,3.04643,0.102224,0,0.00750957,0.733409,0.00977786,-0.00823322,0.00579965,-0.999949,0.0416711,0.4,0,0,DISABLED,0
9.00013,3.05347,0.101684,0,0.0087365,0.733329,0.0117239,-0.00700629,0.00736141,-0.999948,0.0424447,0.4,0,0,DISABLED,0
9.02013,3.06038,0.101114,0,0.0107347,0.733195,0.014286,-0.00500805,0.00896781,-0.999947,0.0434971,0.4,0,0,DISABLED,0
9.04013,3.06726,0.100344,0,0.0123049,0.733083,0.0154294,-0.00343792,0.00884736,-0.999955,0.0441073,0.4,0,0,DISABLED,0
9.06013,3.07426,0.0992681,0,0.0126497,0.733125,0.0149107,-0.00309305,0.00743587,-0.999968,0.0443695,0.4,0,0,DISABLED,0
9.08013,3.0814,0.0977551,0,0.0118265,0.733091,0.0128679,-0.00391632,0.00460928,-0.999982,0.0438144,0.4,0,0,DISABLED,0
9.10013,3.08859,0.0957033,0,0.00949389,0.732567,0.00949958,-0.00624889,-0.000609475,-0.99998,0.0414461,0.4,0,0,DISABLED,0
9.12013,3.09608,0.0936897,0,0.00513595,0.732465,0.00522484,-0.0106068,0.000498276,-0.999944,0.0392763,0.4,0,0,DISABLED,0
9.14013,3.10346,0.0916146,0,0.00159275,0.732911,0.00212837,-0.01415,-0.00185661,-0.999898,0.0358415,0.4,0,0,DISABLED,0
9.16013,3.11052,0.0898016,0,9.37134e-05,0.733536,0.00621482,-0.0156491,-0.00666386,-0.999855,0.0332698,0.4,0,0,DISABLED,0
9.18013,3.11747,0.0886134,0,-0.000612475,0.734001,0.00897697,-0.0163553,-0.00941256,-0.999822,0.0320198,0.4,0,0,DISABLED,0
9.20014,3.12438,0.0878915,0,-0.000772342,0.734152,0.010781,-0.0165151,-0.0112094,-0.999801,0.0307665,0.4,0,0,DISABLED,0
9.22014,3.13208,0.0874622,0,-0.000592262,0.734088,0.0124776,-0.016335,-0.01292,-0.999783,0.0293586,0.4,0,0,DISABLED,0
9.24014,3.13852,0.0873542,0,-0.000255015,0.734002,0.0137025,-0.0159978,-0.0141548,-0.999772,0.0284242,0.4,0,0,DISABLED,0
9.26014,3.14654,0.0874869,0,0.000239069,0.733864,0.0147822,-0.0155037,-0.0152368,-0.999764,0.0275822,0.4,0,0,DISABLED,0
9.28014,3.1539,0.087774,0,0.00111219,0.733691,0.0163631,-0.0146306,-0.0167847,-0.999752,0.0270595,0.4,0,0,DISABLED,0
9.30014,3.16048,0.0880965,0,0.00280823,0.733507,0.018905,-0.0129346,-0.0191524,-0.999733,0.0271353,0.4,0,0,DISABLED,0
9.32014,3.16769,0.0885995,0,0.00555262,0.733278,0.0220327,-0.0101902,-0.0217798,-0.999711,0.0269711,0.4,0,0,DISABLED,0
9.34014,3.17482,0.0893895,0,0.00859008,0.733123,0.0240506,-0.0071527,-0.0229216,-0.999712,0.0266118,0.4,0,0,DISABLED,0
9.36014,3.18264,0.0906235,0,0.0111162,0.733209,0.0232977,-0.00462654,-0.0209303,-0.99977,0.0272663,0.4,0,0,DISABLED,0
9.38014,3.18909,0.0918271,0,0.0119517,0.733366,0.0210504,-0.00379106,-0.0177841,-0.999835,0.0280741,0.4,0,0,DISABLED,0
9.40014,3.19621,0.0933662,0,0.0121465,0.733263,0.0169042,-0.00359625,-0.0122164,-0.999919,0.0291126,0.4,0,0,DISABLED,0
9.42014,3.20321,0.0948625,0,0.0116418,0.733094,0.0142442,-0.00410095,-0.0086669,-0.999954,0.0307008,0.4,0,0,DISABLED,0
9.44014,3.20887,0.0958167,0,0.0103233,0.73318,0.012549,-0.00541952,-0.00759419,-0.999956,0.0318831,0.4,0,0,DISABLED,0
9.46014,3.21759,0.0970434,0,0.00800265,0.733446,0.0089237,-0.00774013,-0.00440091,-0.99996,0.036342,0.4,0,0,DISABLED,0
9.48014,3.22562,0.0981383,0,0.00695449,0.733645,0.00698261,-0.00878829,0.000130109,-0.999961,0.0379163,0.4,0,0,DISABLED,0
9.50014,3.23209,0.0988146,0,0.00732553,0.733603,0.00768948,-0.00841725,0.00187855,-0.999963,0.0379559,0.4,0,0,DISABLED,0
9.52014,3.23942,0.0991198,0,0.00755828,0.733458,0.00823593,-0.00818451,0.00281541,-0.999963,0.0391741,0.4,0,0,DISABLED,0
9.54014,3.24687,0.0990302,0,0.0073465,0.733381,0.00865928,-0.00839628,0.00411856,-0.999956,0.0405209,0.4,0,0,DISABLED,0
9.56014,3.25425,0.0986738,0,0.00743366,0.733361,0.00975345,-0.00830912,0.00585452,-0.999948,0.0415304,0.4,0,0,DISABLED,0
9.58014,3.26143,0.0981516,0,0.00862443,0.733283,0.0118905,-0.00711836,0.007731,-0.999945,0.0431566,0.4,0,0,DISABLED,0
9.60014,3.26852,0.0976549,0,0.00978265,0.733153,0.013672,-0.00596014,0.00909046,-0.999941,0.0432401,0.4,0,0,DISABLED,0
9.62014,3.27549,0.0971104,0,0.0114073,0.733014,0.0156175,-0.00433549,0.010207,-0.999938,0.0435635,0.4,0,0,DISABLED,0
9.64015,3.28242,0.0963356,0,0.0126393,0.732969,0.0162387,-0.00310353,0.00973848,-0.999948,0.0434974,0.4,0,0,DISABLED,0
9.66015,3.2895,0.0952229,0,0.0125938,0.733072,0.015278,-0.00314899,0.00819128,-0.999961,0.0436543,0.4,0,0,DISABLED,0
9.68015,3.29604,0.093834,0,0.0112224,0.733095,0.0129049,-0.00452038,0.00591896,-0.999972,0.0447315,0.4,0,0,DISABLED,0
9.70015,3.30396,0.0915679,0,0.00851745,0.732554,0.0085205,-0.00722533,-0.000449403,-0.999974,0.0406573,0.4,0,0,DISABLED,0
9.72015,3.31067,0.0896683,0,0.005228,0.73241,0.00527028,-0.0105148,0.000104881,-0.999945,0.0395853,0.4,0,0,DISABLED,0
9.74015,3.31867,0.0874251,0,0.00195264,0.732843,0.00271864,-0.0137901,-0.00232695,-0.999902,0.0372355,0.4,0,0,DISABLED,0
9.76015,3.32579,0.085794,0,0.000266929,0.733433,0.00621482,-0.0154759,-0.00666778,-0.999858,0.0339937,0.4,0,0,DISABLED,0
9.78015,3.33281,0.0847209,0,-0.000544602,0.733822,0.00876192,-0.0162874,-0.00919822,-0.999825,0.0324105,0.4,0,0,DISABLED,0
9.80015,3.33977,0.0840576,0,-0.000732832,0.733898,0.0104497,-0.0164756,-0.010878,-0.999805,0.0311814,0.4,0,0,DISABLED,0
9.82015,3.34681,0.0836811,0,-0.000610547,0.733838,0.0118201,-0.0163533,-0.0122569,-0.999791,0.0303381,0.4,0,0,DISABLED,0
9.84015,3.354,0.0836033,0,-0.000393393,0.733803,0.0130656,-0.0161362,-0.0135156,-0.999778,0.0290779,0.4,0,0,DISABLED,0
9.86015,3.36134,0.0837709,0,3.70182e-05,0.73377,0.0145342,-0.0157058,-0.0149875,-0.999764,0.0276063,0.4,0,0,DISABLED,0
9.88015,3.36871,0.0840761,0,0.00102411,0.733676,0.0164684,-0.0147187,-0.0168956,-0.999749,0.0268348,0.4,0,0,DISABLED,0
9.90015,3.37604,0.0844595,0,0.00289683,0.733519,0.0191681,-0.012846,-0.0194049,-0.999729,0.0266652,0.4,0,0,DISABLED,0
9.92015,3.38327,0.084987,0,0.00567237,0.733324,0.022339,-0.0100704,-0.0220629,-0.999706,0.0265711,0.4,0,0,DISABLED,0
9.94015,3.389,0.0856224,0,0.00861488,0.733216,0.0242284,-0.0071279,-0.0231018,-0.999708,0.026225,0.4,0,0,DISABLED,0
9.96015,3.39617,0.086741,0,0.0106557,0.733267,0.0236658,-0.00508711,-0.0215871,-0.999754,0.0263766,0.4,0,0,DISABLED,0
9.98015,3.40485,0.0883211,0,0.0115508,0.733494,0.0208997,-0.00419202,-0.0178711,-0.999831,0.0267515,0.4,0,0,DISABLED,0
10.0002,3.41198,0.0897801,0,0.0117236,0.733358,0.0163303,-0.00401916,-0.0118227,-0.999922,0.0291958,0.4,0,0,DISABLED,0
10.0202,3.41906,0.0913047,0,0.0108877,0.733208,0.0135053,-0.00485505,-0.0084439,-0.999953,0.0298033,0.4,0,0,DISABLED,0
10.0402,3.42621,0.0940716,0,0.00882798,0.733323,0.0105857,-0.0069148,-0.00629698,-0.999956,0.0303957,0.4,0,0,DISABLED,0
10.0602,3.43419,0.0993494,0,0.00691363,0.733541,0.00747726,-0.00882915,-0.00329987,-0.999956,0.0327726,0.4,0,0,DISABLED,0
10.0802,3.44068,0.104845,0,0.0063096,0.733677,0.00635705,-0.00943319,0.000336825,-0.999955,0.034179,0.4,0,0,DISABLED,0
10.1002,3.44799,0.111376,0,0.0063042,0.733629,0.00694838,-0.00943859,0.00244692,-0.999952,0.036044,0.4,0,0,DISABLED,0
10.1202,3.45559,0.118088,0,0.00574816,0.733461,0.00738098,-0.00999462,0.00417675,-0.999941,0.0375854,0.4,0,0,DISABLED,0
10.1402,3.46332,0.125094,0,0.00482591,0.733312,0.009649,-0.0109169,0.00789914,-0.999909,0.0386305,0.4,0,0,DISABLED,0
10.1602,3.47101,0.132548,0,0.00435891,0.733163,0.0133499,-0.0113839,0.0121592,-0.999861,0.0393049,0.4,0,0,DISABLED,0
10.1802,3.47858,0.140569,0,0.00448763,0.732986,0.0183579,-0.0112552,0.0173437,-0.999786,0.0404814,0.4,0,0,DISABLED,0
10.2002,3.48599,0.149202,0,0.00542387,0.732898,0.0227724,-0.0103189,0.0216579,-0.999712,0.0420046,0.4,0,0,DISABLED,0
10.2202,3.49335,0.158625,0,0.00611278,0.733003,0.0257341,-0.00963,0.0245376,-0.999653,0.0434887,0.4,0,0,DISABLED,0
10.2402,3.50083,0.16744,0,0.00606954,0.733297,0.0286914,-0.00967324,0.0275808,-0.999573,0.0461665,0.4,0,0,DISABLED,0
10.2602,3.50847,0.175016,0,0.00519485,0.733779,0.031083,-0.0105479,0.0301829,-0.999489,0.0470608,0.4,0,0,DISABLED,0
10.2802,3.5161,0.182063,0,0.00388182,0.734342,0.0327691,-0.011861,0.032077,-0.999415,0.0471421,0.4,0,0,DISABLED,0
10.3002,3.52371,0.189094,0,0.00201661,0.734881,0.0324345,-0.0137262,0.0319099,-0.999397,0.0472175,0.4,0,0,DISABLED,0
10.3202,3.53132,0.196383,0,-0.000894533,0.735465,0.0273903,-0.0166373,0.0269147,-0.999499,0.0463481,0.4,0,0,DISABLED,0
10.3402,3.53897,0.204036,0,-0.00517147,0.736084,0.017558,-0.0209143,0.0163218,-0.999648,0.0446511,0.4,0,0,DISABLED,0
10.3602,3.54633,0.212617,0,-0.00892791,0.736716,0.0119205,-0.0246707,0.00744263,-0.999668,0.0431677,0.4,0,0,DISABLED,0
10.3802,3.553,0.221031,0,-0.00972871,0.73723,0.0123961,-0.0254715,0.00721981,-0.999649,0.0424657,0.4,0,0,DISABLED,0
10.4002,3.5594,0.228083,0,-0.00924892,0.737867,0.0118151,-0.0249917,0.00689391,-0.999664,0.0421221,0.4,0,0,DISABLED,0
10.4202,3.56579,0.234958,0,-0.00877439,0.738452,0.0106587,-0.0245172,0.00559336,-0.999684,0.0435283,0.4,0,0,DISABLED,0
10.4402,3.57206,0.242605,0,-0.00790536,0.738598,0.00952465,-0.0236481,0.00485931,-0.999709,0.0442577,0.4,0,0,DISABLED,0
10.4602,3.57827,0.250952,0,-0.00645833,0.738268,0.00813397,-0.0222011,0.00448465,-0.999743,0.0449357,0.4,0,0,DISABLED,0
10.4802,3.58444,0.259776,0,-0.00398719,0.737548,0.00612789,-0.01973,0.00418492,-0.999797,0.0458458,0.4,0,0,DISABLED,0
10.5002,3.59062,0.269234,0,-0.000822986,0.736163,0.00626259,-0.0165658,0.00574773,-0.999846,0.0461134,0.4,0,0,DISABLED,0
10.5202,3.59679,0.279684,0,0.00224804,0.733455,0.0136327,-0.0134947,0.0129903,-0.999825,0.0472583,0.4,0,0,DISABLED,0
10.5402,3.60311,0.290335,0,0.00239438,0.730067,0.0128865,-0.0133484,0.0122023,-0.999836,0.0545935,0.4,0,0,DISABLED,0
10.5602,3.61022,0.299791,0,-0.00334574,0.7291,0.00338291,-0.0190885,1.57941e-06,-0.999818,0.0576173,0.4,0,0,DISABLED,0
10.5802,3.6172,0.308196,0,-0.0098158,0.729398,0.010254,-0.0255586,0.00248706,-0.99967,0.0604451,0.4,0,0,DISABLED,0
10.6002,3.62398,0.314716,0,-0.013503,0.730111,0.0147499,-0.0292458,0.00546734,-0.999557,0.0619851,0.4,0,0,DISABLED,0
10.6202,3.63075,0.320139,0,-0.0161363,0.730661,0.0177806,-0.0318791,0.00699762,-0.999467,0.0641086,0.4,0,0,DISABLED,0
10.6402,3.63762,0.325204,0,-0.0185007,0.730952,0.0210588,-0.0342435,0.00958631,-0.999368,0.0656449,0.4,0,0,DISABLED,0
10.6602,3.64471,0.329519,0,-0.0205696,0.731057,0.0235724,-0.0363124,0.0110337,-0.99928,0.0670974,0.4,0,0,DISABLED,0
10.6802,3.65191,0.333031,0,-0.0215095,0.73107,0.0245194,-0.0372523,0.0112925,-0.999242,0.0684006,0.4,0,0,DISABLED,0
10.7002,3.65994,0.336228,0,-0.0214178,0.731003,0.0248503,-0.0371606,0.0121317,-0.999236,0.0692142,0.4,0,0,DISABLED,0
10.7202,3.6666,0.338366,0,-0.0204581,0.730898,0.024879,-0.0362009,0.0136836,-0.999251,0.0695939,0.4,0,0,DISABLED,0
10.7402,3.67394,0.340317,0,-0.0183819,0.730702,0.0244342,-0.0341247,0.0156246,-0.999295,0.0697818,0.4,0,0,DISABLED,0
10.7602,3.67898,0.341489,0,-0.0161614,0.730518,0.0240481,-0.0319042,0.0173386,-0.999341,0.0697015,0.4,0,0,DISABLED,0
10.7802,3.68804,0.343341,0,-0.0106816,0.730107,0.0237337,-0.0264244,0.0207306,-0.999436,0.0697608,0.4,0,0,DISABLED,0
10.8002,3.69416,0.344314,0,-0.00680422,0.729909,0.0227384,-0.022547,0.0212362,-0.99952,0.0693567,0.4,0,0,DISABLED,0
10.8202,3.70179,0.345093,0,-0.00367284,0.730059,0.0203125,-0.0194156,0.019518,-0.999621,0.0677633,0.4,0,0,DISABLED,0
10.8402,3.70968,0.345389,0,-0.00251625,0.730707,0.0180963,-0.018259,0.0174635,-0.999681,0.0658783,0.4,0,0,DISABLED,0
10.8602,3.7148,0.345267,0,-0.00228059,0.731311,0.0162167,-0.0180234,0.0156014,-0.999716,0.064303,0.4,0,0,DISABLED,0
10.8802,3.7237,0.344338,0,-0.00241095,0.732373,0.0127843,-0.0181537,0.0120945,-0.999762,0.0629698,0.4,0,0,DISABLED,0
10.9002,3.73118,0.34284,0,-0.00308442,0.732612,0.00487059,-0.0188272,0.00329507,-0.999817,0.0635838,0.4,0,0,DISABLED,0
10.9202,3.73866,0.341555,0,-0.00462708,0.732515,0.00467069,-0.0203699,-0.00103674,-0.999792,0.0616296,0.4,0,0,DISABLED,0
10.9402,3.74603,0.340508,0,-0.00644267,0.733114,0.00656008,-0.0221854,-0.00171312,-0.999752,0.0594936,0.4,0,0,DISABLED,0
10.9602,3.75293,0.33942,0,-0.00699636,0.733951,0.011204,-0.0227391,-0.00921438,-0.999699,0.0559597,0.4,0,0,DISABLED,0
10.9802,3.75965,0.338884,0,-0.00715698,0.734544,0.0138453,-0.0228998,-0.0123083,-0.999662,0.053991,0.4,0,0,DISABLED,0
11.0002,3.76504,0.338841,0,-0.00769386,0.7347,0.0159124,-0.0234366,-0.0143839,-0.999622,0.0510854,0.4,0,0,DISABLED,0
11.0202,3.77052,0.339017,0,-0.00820705,0.734623,0.0169675,-0.0239498,-0.0153045,-0.999596,0.0496019,0.4,0,0,DISABLED,0
11.0402,3.78109,0.339701,0,-0.0091619,0.734501,0.0182374,-0.0249047,-0.0162217,-0.999558,0.0481576,0.4,0,0,DISABLED,0
11.0602,3.78762,0.340291,0,-0.00965521,0.734504,0.0190495,-0.025398,-0.0168769,-0.999535,0.0462869,0.4,0,0,DISABLED,0
11.0802,3.79498,0.341029,0,-0.00975534,0.734512,0.0196259,-0.0254981,-0.017482,-0.999522,0.0455162,0.4,0,0,DISABLED,0
11.1002,3.80235,0.341814,0,-0.00885987,0.734482,0.02045,-0.0246026,-0.018884,-0.999519,0.04536,0.4,0,0,DISABLED,0
11.1202,3.80962,0.342675,0,-0.00666049,0.734371,0.0214181,-0.0224033,-0.0208094,-0.999532,0.0457934,0.4,0,0,DISABLED,0
11.1402,3.81742,0.343787,0,-0.00366378,0.734103,0.0224402,-0.0194066,-0.0225927,-0.999556,0.046208,0.4,0,0,DISABLED,0
11.1602,3.82298,0.344781,0,-8.55327e-06,0.733839,0.0226911,-0.0157513,-0.0231467,-0.999608,0.046378,0.4,0,0,DISABLED,0
11.1802,3.83059,0.34647,0,0.00272344,0.733419,0.0204907,-0.0130193,-0.0207646,-0.9997,0.0464769,0.4,0,0,DISABLED,0
11.2002,3.83748,0.348146,0,0.0039862,0.732857,0.0167519,-0.0117566,-0.0167242,-0.999791,0.047871,0.4,0,0,DISABLED,0
11.2202,3.84435,0.349711,0,0.00372083,0.732648,0.015278,-0.0120219,-0.0152718,-0.999811,0.0497687,0.4,0,0,DISABLED,0
11.2402,3.85136,0.351203,0,0.00181499,0.732783,0.0122169,-0.0139278,-0.0125366,-0.999824,0.0513596,0.4,0,0,DISABLED,0
11.2602,3.85862,0.352525,0,-0.000695173,0.733113,0.00808989,-0.016438,-0.00851754,-0.999829,0.0542411,0.4,0,0,DISABLED,0
11.2802,3.86588,0.353834,0,-0.00199774,0.733463,0.00353794,-0.0177405,-0.0033556,-0.999837,0.0549871,0.4,0,0,DISABLED,0
11.3002,3.87313,0.354851,0,-0.00194525,0.733592,0.00195313,-0.017688,-0.000398732,-0.999843,0.0550299,0.4,0,0,DISABLED,0
11.3202,3.88059,0.355406,0,-0.00188306,0.733565,0.00236703,-0.0176258,0.000980761,-0.999844,0.055595,0.4,0,0,DISABLED,0
11.3402,3.88822,0.35553,0,-0.00193596,0.73354,0.00343536,-0.0176787,0.00236125,-0.999841,0.0561336,0.4,0,0,DISABLED,0
11.3602,3.89583,0.355376,0,-0.00155214,0.733546,0.00505083,-0.0172949,0.00434295,-0.999841,0.0566677,0.4,0,0,DISABLED,0
11.3802,3.90329,0.355063,0,-0.000253197,0.73352,0.00681849,-0.015996,0.00635037,-0.999852,0.057093,0.4,0,0,DISABLED,0
11.4002,3.91133,0.354653,0,0.00188368,0.733393,0.00881618,-0.0138591,0.00815564,-0.999871,0.0574736,0.4,0,0,DISABLED,0
11.4202,3.91776,0.35427,0,0.00475995,0.733214,0.0112993,-0.0109828,0.00978905,-0.999892,0.0579458,0.4,0,0,DISABLED,0
11.4402,3.92485,0.353611,0,0.0075227,0.733026,0.012854,-0.00822009,0.00996679,-0.999917,0.0582537,0.4,0,0,DISABLED,0
11.4602,3.93208,0.352612,0,0.00899576,0.733,0.0125347,-0.00674702,0.00826957,-0.999943,0.0579591,0.4,0,0,DISABLED,0
11.4802,3.94024,0.351017,0,0.00869031,0.732897,0.0106363,-0.00705247,0.00567518,-0.999959,0.0578462,0.4,0,0,DISABLED,0
11.5002,3.947,0.349272,0,0.00716461,0.732396,0.00734861,-0.00857817,0.00118976,-0.999963,0.0553697,0.4,0,0,DISABLED,0
11.5202,3.95475,0.347405,0,0.00362602,0.732308,0.00417188,-0.0121168,0.00159284,-0.999925,0.0520934,0.4,0,0,DISABLED,0
11.5402,3.96235,0.345484,0,0.000801197,0.732766,0.00154408,-0.0149416,-0.00177701,-0.999887,0.0481394,0.4,0,0,DISABLED,0
11.5602,3.96894,0.343969,0,-4.71957e-05,0.73332,0.00523624,-0.01579,-0.00568278,-0.999859,0.0463664,0.4,0,0,DISABLED,0
11.5802,3.97686,0.342813,0,-0.000470975,0.733788,0.00872101,-0.0162138,-0.00916439,-0.999827,0.0440315,0.4,0,0,DISABLED,0
11.6002,3.98397,0.342224,0,-0.000304572,0.733878,0.0106251,-0.0160474,-0.0110734,-0.99981,0.0426041,0.4,0,0,DISABLED,0
11.6202,3.99114,0.34195,0,0.000186798,0.733779,0.0123141,-0.015556,-0.0127702,-0.999797,0.0414507,0.4,0,0,DISABLED,0
11.6402,3.99844,0.341989,0,0.000752029,0.733656,0.0136676,-0.0149908,-0.014105,-0.999788,0.0402498,0.4,0,0,DISABLED,0
11.6602,4.00439,0.342208,0,0.00123174,0.733553,0.0146811,-0.014511,-0.0150816,-0.999781,0.0395062,0.4,0,0,DISABLED,0
11.6802,4.01189,0.342661,0,0.002408,0.733389,0.0172325,-0.0133348,-0.0175207,-0.999758,0.0378952,0.4,0,0,DISABLED,0
11.7002,4.02083,0.343318,0,0.00422811,0.73312,0.0202272,-0.0115147,-0.0202381,-0.999729,0.0375471,0.4,0,0,DISABLED,0
11.7202,4.02741,0.343937,0,0.0067026,0.732912,0.0232388,-0.00904018,-0.0227089,-0.999701,0.0373645,0.4,0,0,DISABLED,0
11.7402,4.03536,0.345019,0,0.00997968,0.732811,0.0254124,-0.0057631,-0.0238276,-0.999699,0.0368018,0.4,0,0,DISABLED,0
11.7602,4.0426,0.346317,0,0.0120563,0.732979,0.0247011,-0.0036865,-0.0220181,-0.999751,0.0370686,0.4,0,0,DISABLED,0
11.7802,4.04917,0.347649,0,0.0127657,0.733232,0.0230301,-0.0029771,-0.0196222,-0.999803,0.037652,0.4,0,0,DISABLED,0
11.8002,4.05783,0.349607,0,0.0130254,0.733148,0.0191867,-0.0027174,-0.014541,-0.999891,0.0367009,0.4,0,0,DISABLED,0
11.8202,4.06436,0.35091,0,0.0119352,0.733026,0.0152193,-0.00380762,-0.00990187,-0.999944,0.041307,0.4,0,0,DISABLED,0
11.8402,4.07016,0.351927,0,0.010436,0.733163,0.0135318,-0.00530682,-0.0090647,-0.999945,0.0421719,0.4,0,0,DISABLED,0
11.8602,4.07893,0.353467,0,0.00853854,0.733485,0.00967368,-0.00720424,-0.0050005,-0.999962,0.0466875,0.4,0,0,DISABLED,0
11.8802,4.08618,0.354725,0,0.00828863,0.733676,0.00830081,-0.00745415,-0.000742995,-0.999972,0.0479105,0.4,0,0,DISABLED,0
11.9002,4.09265,0.355581,0,0.00896987,0.733641,0.0090957,-0.00677291,0.00104211,-0.999977,0.048088,0.4,0,0,DISABLED,0
11.9202,4.09996,0.356052,0,0.00942556,0.733519,0.00975345,-0.00631722,0.00205953,-0.999978,0.048936,0.4,0,0,DISABLED,0
11.9402,4.10811,0.356116,0,0.00910436,0.733502,0.0100068,-0.00663843,0.00369021,-0.999971,0.0492169,0.4,0,0,DISABLED,0
11.9602,4.1154,0.355878,0,0.00929123,0.733493,0.0110648,-0.00645155,0.00553958,-0.999964,0.050553,0.4,0,0,DISABLED,0
11.9802,4.12247,0.355564,0,0.0101667,0.733408,0.0127376,-0.00557613,0.00721204,-0.999958,0.0508021,0.4,0,0,DISABLED,0
12.0002,4.12941,0.355235,0,0.0113961,0.733266,0.014673,-0.0043467,0.0087864,-0.999952,0.0510065,0.4,0,0,DISABLED,0
12.0202,4.13694,0.354735,0,0.0125535,0.733114,0.0160356,-0.00318933,0.00951601,-0.99995,0.051285,0.4,0,0,DISABLED,0
12.0402,4.14311,0.354111,0,0.0131636,0.733102,0.0159984,-0.00257923,0.00863541,-0.999959,0.0510417,0.4,0,0,DISABLED,0
12.0602,4.15008,0.353122,0,0.0125879,0.733224,0.0146486,-0.0031549,0.00702529,-0.99997,0.0509534,0.4,0,0,DISABLED,0
12.0802,4.15718,0.351661,0,0.0108154,0.733252,0.0117035,-0.00492739,0.00401382,-0.99998,0.0511486,0.4,0,0,DISABLED,0
12.1002,4.1643,0.349631,0,0.00813938,0.732737,0.00817053,-0.0076034,-0.0011566,-0.99997,0.0499644,0.4,0,0,DISABLED,0
12.1202,4.17167,0.347705,0,0.0035726,0.73256,0.00358812,-0.0121702,-0.000523945,-0.999926,0.0471881,0.4,0,0,DISABLED,0
12.1402,4.17961,0.345581,0,2.01836e-05,0.733043,0.00201324,-0.0157226,-0.00246661,-0.999873,0.0433979,0.4,0,0,DISABLED,0
12.1602,4.18582,0.344072,0,-0.00135653,0.733614,0.00675702,-0.0170993,-0.00706383,-0.999829,0.0408479,0.4,0,0,DISABLED,0
12.1802,4.19263,0.343004,0,-0.00196269,0.734079,0.00943031,-0.0177055,-0.00967828,-0.999796,0.0392861,0.4,0,0,DISABLED,0
12.2002,4.19942,0.342408,0,-0.00211495,0.73423,0.0109347,-0.0178577,-0.0111805,-0.999778,0.0380335,0.4,0,0,DISABLED,0
12.2202,4.20632,0.342125,0,-0.00204284,0.734191,0.0124105,-0.0177856,-0.0126935,-0.999761,0.0365546,0.4,0,0,DISABLED,0
12.2402,4.21338,0.342097,0,-0.00186768,0.734132,0.0135889,-0.0176105,-0.0139191,-0.999748,0.0352575,0.4,0,0,DISABLED,0
12.2602,4.2206,0.342297,0,-0.00154235,0.73405,0.0144808,-0.0172851,-0.0148534,-0.99974,0.0342278,0.4,0,0,DISABLED,0
12.2802,4.22789,0.342668,0,-0.000803139,0.733915,0.0156823,-0.0165459,-0.0161191,-0.999733,0.0335202,0.4,0,0,DISABLED,0
12.3002,4.23515,0.343125,0,0.000830434,0.733733,0.017737,-0.0149123,-0.0181744,-0.999724,0.0333093,0.4,0,0,DISABLED,0
12.3202,4.24231,0.343713,0,0.00354995,0.73351,0.0204062,-0.0121928,-0.0205514,-0.999714,0.0333074,0.4,0,0,DISABLED,0
12.3402,4.25011,0.344659,0,0.00672592,0.733287,0.0226754,-0.00901687,-0.022111,-0.999715,0.032977,0.4,0,0,DISABLED,0
12.3602,4.25643,0.345741,0,0.00951965,0.733263,0.0224083,-0.00622313,-0.0207401,-0.999766,0.0331558,0.4,0,0,DISABLED,0
12.3802,4.26352,0.347146,0,0.0109368,0.733321,0.0198974,-0.00480594,-0.017076,-0.999843,0.0340468,0.4,0,0,DISABLED,0
12.4002,4.27127,0.348836,0,0.0112998,0.733097,0.0159648,-0.00444301,-0.0117333,-0.999921,0.0354161,0.4,0,0,DISABLED,0
12.4202,4.27752,0.35016,0,0.0107101,0.732997,0.0137978,-0.00503264,-0.00916009,-0.999945,0.0372643,0.4,0,0,DISABLED,0
12.4402,4.28531,0.351563,0,0.00884537,0.733168,0.0112835,-0.00689741,-0.00746261,-0.999948,0.0388535,0.4,0,0,DISABLED,0
12.4602,4.29177,0.352601,0,0.00706014,0.733394,0.00825039,-0.00868265,-0.00471378,-0.999951,0.041303,0.4,0,0,DISABLED,0
12.4802,4.29898,0.353705,0,0.00628271,0.733612,0.00629107,-0.00946007,-0.000745061,-0.999955,0.0427113,0.4,0,0,DISABLED,0
12.5002,4.3062,0.354521,0,0.006411,0.73361,0.00666823,-0.00933178,0.00134118,-0.999956,0.0434626,0.4,0,0,DISABLED,0
12.5202,4.3136,0.35488,0,0.00628888,0.733485,0.00691398,-0.0094539,0.00241014,-0.999952,0.0445591,0.4,0,0,DISABLED,0
12.5402,4.3211,0.354834,0,0.00611124,0.733402,0.00728343,-0.00963154,0.00350789,-0.999947,0.0450722,0.4,0,0,DISABLED,0
12.5602,4.3285,0.35451,0,0.00638887,0.73337,0.00853448,-0.00935391,0.00520515,-0.999943,0.0458256,0.4,0,0,DISABLED,0
12.5802,4.33573,0.354041,0,0.00741275,0.733325,0.0103753,-0.00833003,0.00680092,-0.999942,0.0463825,0.4,0,0,DISABLED,0
12.6002,4.34285,0.353561,0,0.00895466,0.733219,0.0126766,-0.00678812,0.00851334,-0.999941,0.0470213,0.4,0,0,DISABLED,0
12.6202,4.34982,0.353021,0,0.0109593,0.733058,0.0149307,-0.00478348,0.009683,-0.999942,0.0476616,0.4,0,0,DISABLED,0
12.6402,4.35676,0.352259,0,0.0125537,0.732967,0.0158824,-0.00318906,0.00926857,-0.999952,0.0475955,0.4,0,0,DISABLED,0
12.6602,4.36385,0.351152,0,0.0127985,0.733038,0.0151329,-0.0029443,0.00761678,-0.999967,0.0475015,0.4,0,0,DISABLED,0
12.6802,4.37111,0.349586,0,0.0116216,0.733025,0.0126484,-0.00412115,0.00453625,-0.999981,0.047488,0.4,0,0,DISABLED,0
12.7002,4.37841,0.347492,0,0.00937701,0.732475,0.00937961,-0.00636577,-0.000359685,-0.99998,0.0457662,0.4,0,0,DISABLED,0
12.7202,4.3852,0.345682,0,0.00558398,0.732336,0.00567332,-0.0101588,0.000492729,-0.999948,0.0434211,0.4,0,0,DISABLED,0
12.7402,4.39357,0.343415,0,0.001058,0.732819,0.00176052,-0.0146848,-0.00184744,-0.99989,0.0383245,0.4,0,0,DISABLED,0
12.7602,4.40067,0.341527,0,-8.96007e-05,0.733477,0.00662338,-0.0158324,-0.00707878,-0.99985,0.0361381,0.4,0,0,DISABLED,0
12.7802,4.40762,0.340292,0,-0.000233863,0.733981,0.00972284,-0.0159766,-0.0101781,-0.999821,0.0350931,0.4,0,0,DISABLED,0
12.8002,4.41452,0.33957,0,-1.82539e-06,0.734158,0.0116166,-0.0157446,-0.0120714,-0.999803,0.0334697,0.4,0,0,DISABLED,0
12.8202,4.42148,0.339176,0,0.000426115,0.734109,0.0130793,-0.0153167,-0.0135273,-0.999791,0.0320234,0.4,0,0,DISABLED,0
12.8402,4.4286,0.339048,0,0.000853865,0.734003,0.0141855,-0.0148889,-0.0146177,-0.999782,0.0309234,0.4,0,0,DISABLED,0
12.8602,4.43586,0.339147,0,0.00131211,0.733874,0.0152115,-0.0144307,-0.0156073,-0.999774,0.0301715,0.4,0,0,DISABLED,0
12.8802,4.44317,0.339407,0,0.0021042,0.733724,0.0167483,-0.0136386,-0.0170702,-0.999761,0.0302436,0.4,0,0,DISABLED,0
12.9002,4.45041,0.339755,0,0.00379328,0.733539,0.0196775,-0.0119495,-0.0197659,-0.999733,0.0298314,0.4,0,0,DISABLED,0
12.9202,4.45754,0.340232,0,0.00639778,0.733311,0.0228691,-0.009345,-0.0224127,-0.999705,0.0297285,0.4,0,0,DISABLED,0
12.9402,4.46458,0.340991,0,0.00924444,0.73315,0.0247493,-0.00649834,-0.0234153,-0.999705,0.0294568,0.4,0,0,DISABLED,0
12.9602,4.4716,0.342063,0,0.0113959,0.733206,0.0241865,-0.00434693,-0.0217914,-0.999753,0.0299373,0.4,0,0,DISABLED,0
12.9802,4.47868,0.343339,0,0.0122196,0.733375,0.0219351,-0.00352314,-0.0186719,-0.999819,0.0306899,0.4,0,0,DISABLED,0
13.0002,4.48568,0.344806,0,0.0123232,0.733284,0.0178676,-0.00341959,-0.013394,-0.999904,0.0312499,0.4,0,0,DISABLED,0
13.0202,4.49258,0.346131,0,0.0116112,0.733194,0.0151644,-0.00413161,-0.0102089,-0.999939,0.0339156,0.4,0,0,DISABLED,0
13.0402,4.49958,0.347275,0,0.00972018,0.733401,0.0126342,-0.0060226,-0.00852457,-0.999946,0.0358489,0.4,0,0,DISABLED,0
13.0602,4.5067,0.348396,0,0.00789348,0.7337,0.00914146,-0.0078493,-0.00505902,-0.999956,0.0383906,0.4,0,0,DISABLED,0
13.0802,4.51381,0.349466,0,0.00718488,0.733932,0.00719285,-0.0085579,-0.000739715,-0.999963,0.0395969,0.4,0,0,DISABLED,0
13.1002,4.52092,0.350253,0,0.00751487,0.733918,0.00775124,-0.00822791,0.00141789,-0.999965,0.0400123,0.4,0,0,DISABLED,0
13.1202,4.5282,0.350568,0,0.00759424,0.733773,0.00810461,-0.00814854,0.00236204,-0.999964,0.0408946,0.4,0,0,DISABLED,0
13.1402,4.5356,0.350488,0,0.0073658,0.733673,0.00839364,-0.00837699,0.00355931,-0.999959,0.0416931,0.4,0,0,DISABLED,0
13.1602,4.54294,0.350128,0,0.00743892,0.733635,0.00921937,-0.00830386,0.00498863,-0.999953,0.0421712,0.4,0,0,DISABLED,0
13.1802,4.55009,0.349621,0,0.00818804,0.733589,0.0106307,-0.00755474,0.00632107,-0.999951,0.0429307,0.4,0,0,DISABLED,0
13.2002,4.55781,0.349034,0,0.00978205,0.733434,0.0130245,-0.00596073,0.00814054,-0.999949,0.0441792,0.4,0,0,DISABLED,0
13.2202,4.56473,0.348458,0,0.0114582,0.733242,0.015046,-0.00428455,0.00929328,-0.999948,0.0448173,0.4,0,0,DISABLED,0
13.2402,4.57091,0.347762,0,0.0129811,0.733121,0.0160616,-0.00276172,0.00899755,-0.999956,0.0450248,0.4,0,0,DISABLED,0
13.2602,4.5779,0.346674,0,0.0133575,0.733137,0.0154757,-0.00238532,0.00736102,-0.99997,0.0450719,0.4,0,0,DISABLED,0
13.2802,4.58578,0.344967,0,0.0122664,0.733049,0.0131837,-0.00347634,0.00438035,-0.999984,0.0450832,0.4,0,0,DISABLED,0
13.3002,4.58866,0.344157,0,0.0113033,0.732842,0.0114877,-0.00443949,0.00158738,-0.999989,0.0445636,0.4,0,0,DISABLED,0
13.3202,4.59968,0.341235,0,0.00565466,0.732204,0.00593016,-0.0100881,0.00131115,-0.999948,0.0397466,0.4,0,0,DISABLED,0
13.3402,4.60725,0.33932,0,0.000745549,0.73257,0.000845728,-0.0149972,-0.000115829,-0.999888,0.0343978,0.4,0,0,DISABLED,0
13.3602,4.61427,0.337455,0,-0.000645436,0.733215,0.00477169,-0.0163882,-0.00517205,-0.999852,0.0313159,0.4,0,0,DISABLED,0
13.3802,4.62108,0.336179,0,-0.000708846,0.733764,0.00750114,-0.0164516,-0.00791779,-0.999833,0.0293825,0.4,0,0,DISABLED,0
13.4002,4.62785,0.335412,0,-0.000378629,0.733982,0.00906288,-0.0161214,-0.00950898,-0.999825,0.0277478,0.4,0,0,DISABLED,0
13.4202,4.63403,0.335057,0,-0.000129061,0.73395,0.0103696,-0.0158718,-0.0108218,-0.999815,0.0266497,0.4,0,0,DISABLED,0
13.4402,4.64032,0.335001,0,0.000248751,0.733824,0.01181,-0.015494,-0.0122576,-0.999805,0.0245478,0.4,0,0,DISABLED,0
13.4602,4.64968,0.335268,0,0.000460236,0.733611,0.0125347,-0.0152825,-0.0129791,-0.999799,0.0243622,0.4,0,0,DISABLED,0
13.4802,4.65697,0.335685,0,0.00112863,0.733438,0.0140122,-0.0146142,-0.0144245,-0.999789,0.0241831,0.4,0,0,DISABLED,0
13.5002,4.66277,0.336086,0,0.00258625,0.733302,0.0163521,-0.0131565,-0.0166007,-0.999776,0.0240845,0.4,0,0,DISABLED,0
13.5202,4.6706,0.336771,0,0.00570635,0.733092,0.0201652,-0.0100364,-0.0197996,-0.999754,0.0237714,0.4,0,0,DISABLED,0
13.5402,4.67766,0.337666,0,0.00893555,0.732952,0.0226227,-0.00680724,-0.021242,-0.999751,0.0234774,0.4,0,0,DISABLED,0
13.5602,4.68469,0.338875,0,0.0116413,0.733015,0.0225356,-0.00410153,-0.019752,-0.999797,0.0238658,0.4,0,0,DISABLED,0
13.5802,4.69178,0.340268,0,0.0129775,0.733179,0.0205952,-0.00276532,-0.0164495,-0.999861,0.0250109,0.4,0,0,DISABLED,0
13.6002,4.69882,0.341829,0,0.0133778,0.733081,0.0172567,-0.00236503,-0.0113573,-0.999933,0.0265074,0.4,0,0,DISABLED,0
13.6202,4.70574,0.343354,0,0.013039,0.73297,0.0154371,-0.0027038,-0.00872031,-0.999958,0.0283172,0.4,0,0,DISABLED,0
13.6402,4.71283,0.344618,0,0.0111409,0.733128,0.0131021,-0.00460186,-0.00734874,-0.999962,0.0307657,0.4,0,0,DISABLED,0
13.6602,4.72081,0.345905,0,0.00916325,0.73339,0.00995906,-0.00657953,-0.00435061,-0.999969,0.0336411,0.4,0,0,DISABLED,0
13.6802,4.72729,0.346907,0,0.00845368,0.733553,0.0084573,-0.0072891,-0.000373217,-0.999973,0.034806,0.4,0,0,DISABLED,0
13.7002,4.73449,0.347726,0,0.00877149,0.733531,0.00901011,-0.00697129,0.00159299,-0.999974,0.0354009,0.4,0,0,DISABLED,0
13.7202,4.74188,0.348068,0,0.008768,0.733409,0.0092838,-0.00697478,0.00258753,-0.999972,0.0364652,0.4,0,0,DISABLED,0
13.7402,4.74938,0.347992,0,0.00851864,0.733335,0.00959945,-0.00722415,0.00396806,-0.999966,0.0375539,0.4,0,0,DISABLED,0
13.7602,4.75679,0.347639,0,0.0086942,0.733297,0.0106754,-0.00704858,0.0057384,-0.999959,0.0385928,0.4,0,0,DISABLED,0
13.7802,4.76402,0.347162,0,0.00960876,0.733231,0.0124249,-0.00613402,0.00741297,-0.999954,0.0392578,0.4,0,0,DISABLED,0
13.8002,4.77111,0.346674,0,0.0110275,0.733099,0.0146201,-0.00471529,0.00913589,-0.999947,0.040004,0.4,0,0,DISABLED,0
13.8202,4.77809,0.346124,0,0.012614,0.732949,0.0165226,-0.00312883,0.0102142,-0.999943,0.0404414,0.4,0,0,DISABLED,0
13.8402,4.78435,0.345431,0,0.0137107,0.732909,0.0169007,-0.00203204,0.00942251,-0.999954,0.0402033,0.4,0,0,DISABLED,0
13.8602,4.78927,0.344718,0,0.0137135,0.732978,0.0165045,-0.00202929,0.00872731,-0.99996,0.0402317,0.4,0,0,DISABLED,0
13.8802,4.80012,0.342473,0,0.0119101,0.733083,0.0130336,-0.00383266,0.00483211,-0.999981,0.0404989,0.4,0,0,DISABLED,0
13.9002,4.80667,0.340591,0,0.00944089,0.732627,0.00945556,-0.00630189,0.000118723,-0.99998,0.0389717,0.4,0,0,DISABLED,0
13.9202,4.81424,0.338507,0,0.00496664,0.732473,0.00510949,-0.0107761,0.000735035,-0.999942,0.0368544,0.4,0,0,DISABLED,0
13.9402,4.82236,0.336187,0,0.00167329,0.732944,0.00195313,-0.0140695,-0.00145191,-0.9999,0.0332946,0.4,0,0,DISABLED,0
13.9602,4.82941,0.334391,0,0.000585102,0.733559,0.00573601,-0.0151577,-0.00616217,-0.999866,0.0307754,0.4,0,0,DISABLED,0
13.9802,4.83497,0.333423,0,0.000251465,0.733932,0.0081413,-0.0154913,-0.00858594,-0.999843,0.029682,0.4,0,0,DISABLED,0
14.0002,4.84262,0.332621,0,0.000134357,0.734089,0.00992309,-0.0156084,-0.010375,-0.999824,0.028091,0.4,0,0,DISABLED,0
14.0202,4.84967,0.332262,0,0.000210736,0.73397,0.0116423,-0.015532,-0.0120948,-0.999806,0.0257369,0.4,0,0,DISABLED,0
14.0402,4.85689,0.332147,0,0.000388729,0.733821,0.0128818,-0.0153541,-0.0133342,-0.999793,0.0243713,0.4,0,0,DISABLED,0
14.0602,4.86425,0.332257,0,0.000708303,0.733662,0.0140843,-0.0150345,-0.0145202,-0.999782,0.0229119,0.4,0,0,DISABLED,0
14.0802,4.87168,0.332518,0,0.00139487,0.733491,0.0155218,-0.0143479,-0.0159136,-0.99977,0.0225697,0.4,0,0,DISABLED,0
14.1002,4.87905,0.332863,0,0.00297606,0.73332,0.0182505,-0.0127667,-0.0184659,-0.999748,0.0223017,0.4,0,0,DISABLED,0
14.1202,4.88629,0.333347,0,0.00564436,0.733153,0.0215844,-0.0100984,-0.0212908,-0.999722,0.022119,0.4,0,0,DISABLED,0
14.1402,4.89344,0.334137,0,0.0086258,0.733078,0.0235977,-0.00711698,-0.0224215,-0.999723,0.0216792,0.4,0,0,DISABLED,0
14.1602,4.90131,0.335367,0,0.0108767,0.733222,0.0229393,-0.00486609,-0.0206523,-0.999775,0.0220952,0.4,0,0,DISABLED,0
14.1802,4.90854,0.336682,0,0.0117432,0.733428,0.020601,-0.00399958,-0.0173828,-0.999841,0.0232274,0.4,0,0,DISABLED,0
14.2002,4.91499,0.338049,0,0.0117982,0.733377,0.0164213,-0.00394462,-0.0118797,-0.999922,0.0253183,0.4,0,0,DISABLED,0
14.2202,4.92203,0.339642,0,0.0112734,0.733155,0.0135757,-0.00446941,-0.00802118,-0.999958,0.0261414,0.4,0,0,DISABLED,0
14.2402,4.92913,0.340837,0,0.00954013,0.733249,0.0112623,-0.00620265,-0.00644187,-0.99996,0.0285484,0.4,0,0,DISABLED,0
14.2603,4.93635,0.341843,0,0.00773211,0.733515,0.00859017,-0.00801068,-0.00419525,-0.999959,0.032047,0.4,0,0,DISABLED,0
14.2803,4.94213,0.34265,0,0.00699152,0.733699,0.00704211,-0.00875126,-0.00129384,-0.999961,0.0334674,0.4,0,0,DISABLED,0
14.3003,4.95075,0.343591,0,0.00713289,0.733716,0.00725062,-0.00860989,0.000825987,-0.999963,0.0340588,0.4,0,0,DISABLED,0
14.3203,4.95742,0.343901,0,0.00702788,0.733604,0.00742928,-0.00871491,0.00195013,-0.99996,0.0357208,0.4,0,0,DISABLED,0
14.3403,4.96565,0.343887,0,0.00690504,0.733471,0.00785057,-0.00883774,0.00326891,-0.999956,0.036725,0.4,0,0,DISABLED,0
14.3603,4.97302,0.343573,0,0.00732874,0.733368,0.00890363,-0.00841404,0.00459213,-0.999954,0.0379871,0.4,0,0,DISABLED,0
14.3803,4.98098,0.343098,0,0.00824537,0.733282,0.0103465,-0.00749741,0.00578784,-0.999955,0.0384936,0.4,0,0,DISABLED,0
14.4003,4.98738,0.342694,0,0.00967659,0.733192,0.0124393,-0.00606619,0.00736048,-0.999955,0.0393371,0.4,0,0,DISABLED,0
14.4203,4.99435,0.342188,0,0.0114627,0.733058,0.0146445,-0.00428008,0.00865421,-0.999953,0.0400778,0.4,0,0,DISABLED,0
14.4403,5.0013,0.341451,0,0.0128804,0.732982,0.0156404,-0.00286242,0.00841127,-0.999961,0.0403324,0.4,0,0,DISABLED,0
14.4603,5.00838,0.340365,0,0.0129964,0.733052,0.0149267,-0.00274637,0.00688519,-0.999973,0.0405563,0.4,0,0,DISABLED,0
14.4803,5.01562,0.338825,0,0.0117156,0.733041,0.0125205,-0.00402721,0.00395019,-0.999984,0.0407696,0.4,0,0,DISABLED,0
14.5003,5.02287,0.336753,0,0.00942229,0.732501,0.00943031,-0.00632049,-0.000837872,-0.99998,0.0392033,0.4,0,0,DISABLED,0
14.5203,5.03042,0.33474,0,0.00497361,0.732354,0.00502717,-0.0107692,0.000253886,-0.999942,0.0361134,0.4,0,0,DISABLED,0
14.5403,5.03778,0.332637,0,0.00167234,0.732793,0.00221079,-0.0140704,-0.00190136,-0.999899,0.0329124,0.4,0,0,DISABLED,0
14.5603,5.04483,0.330803,0,0.000416081,0.733433,0.00626259,-0.0153267,-0.00670522,-0.99986,0.0305224,0.4,0,0,DISABLED,0
14.5803,5.05178,0.329627,0,-0.000114933,0.733907,0.00906288,-0.0158577,-0.00951663,-0.999829,0.02906,0.4,0,0,DISABLED,0
14.6003,5.05869,0.328925,0,-0.000143116,0.734048,0.0108031,-0.0158859,-0.0112546,-0.99981,0.0277098,0.4,0,0,DISABLED,0
14.6203,5.06567,0.328538,0,0.000151679,0.733977,0.0122801,-0.0155911,-0.0127354,-0.999797,0.0266453,0.4,0,0,DISABLED,0
14.6403,5.0728,0.328451,0,0.000566546,0.733857,0.0136414,-0.0151762,-0.0140828,-0.999786,0.024913,0.4,0,0,DISABLED,0
14.6603,5.0801,0.328581,0,0.00094654,0.733724,0.0146526,-0.0147962,-0.0150794,-0.999777,0.0244735,0.4,0,0,DISABLED,0
14.6803,5.08745,0.328882,0,0.00178328,0.733564,0.0163704,-0.0139595,-0.016725,-0.999763,0.0240201,0.4,0,0,DISABLED,0
14.7003,5.09474,0.329264,0,0.00354637,0.733379,0.0191991,-0.0121964,-0.0193266,-0.999739,0.0238298,0.4,0,0,DISABLED,0
14.7203,5.10192,0.329783,0,0.00631376,0.733173,0.0224959,-0.00942903,-0.0220488,-0.999712,0.0238025,0.4,0,0,DISABLED,0
14.7403,5.1076,0.330408,0,0.00877012,0.73306,0.0243609,-0.00697266,-0.0231844,-0.999707,0.0235164,0.4,0,0,DISABLED,0
14.7603,5.11612,0.331731,0,0.0115073,0.733157,0.0237513,-0.00423544,-0.021233,-0.999766,0.0240073,0.4,0,0,DISABLED,0
14.7803,5.12329,0.333049,0,0.0123089,0.733354,0.0213428,-0.00343384,-0.0178896,-0.999834,0.0249699,0.4,0,0,DISABLED,0
14.8003,5.1304,0.334557,0,0.0123495,0.733294,0.0172394,-0.00339324,-0.0124825,-0.999916,0.0263978,0.4,0,0,DISABLED,0
14.8203,5.1367,0.335928,0,0.011873,0.733157,0.0146445,-0.00386975,-0.00902447,-0.999952,0.0278808,0.4,0,0,DISABLED,0
14.8403,5.14503,0.337302,0,0.0108468,0.733315,0.0127936,-0.00489601,-0.00724274,-0.999962,0.0296907,0.4,0,0,DISABLED,0
14.8603,5.15163,0.338191,0,0.008451,0.733552,0.00934778,-0.00729178,-0.00445162,-0.999964,0.0335561,0.4,0,0,DISABLED,0
14.8803,5.15888,0.339186,0,0.00751587,0.733748,0.00752494,-0.00822691,-0.000459059,-0.999966,0.0346385,0.4,0,0,DISABLED,0
14.9003,5.16675,0.33995,0,0.0081085,0.733701,0.00832232,-0.00763428,0.00141212,-0.99997,0.0351184,0.4,0,0,DISABLED,0
14.9203,5.17339,0.340166,0,0.0084183,0.733498,0.00889023,-0.00732449,0.00238058,-0.99997,0.0379269,0.4,0,0,DISABLED,0
14.9403,5.18091,0.340067,0,0.00816136,0.733341,0.00890363,-0.00758142,0.00311241,-0.999966,0.0380835,0.4,0,0,DISABLED,0
14.9603,5.18835,0.339651,0,0.00824239,0.733288,0.009649,-0.0075004,0.00455002,-0.999961,0.038638,0.4,0,0,DISABLED,0
14.9803,5.1956,0.339069,0,0.0090807,0.733254,0.011294,-0.00666208,0.00625778,-0.999958,0.0396475,0.4,0,0,DISABLED,0
15.0003,5.20272,0.338478,0,0.0104647,0.733159,0.0135097,-0.00527811,0.00808323,-0.999953,0.0405866,0.4,0,0,DISABLED,0
15.0203,5.2097,0.337854,0,0.0121736,0.733014,0.015629,-0.00356923,0.00934002,-0.99995,0.0412702,0.4,0,0,DISABLED,0
15.0403,5.21665,0.337013,0,0.0134528,0.732949,0.0163813,-0.00229001,0.00889023,-0.999958,0.0412869,0.4,0,0,DISABLED,0
15.0603,5.2237,0.335832,0,0.013553,0.733016,0.0154332,-0.00218976,0.0069183,-0.999974,0.0410205,0.4,0,0,DISABLED,0
15.0803,5.23174,0.333988,0,0.0120127,0.733026,0.0130702,-0.00373011,0.00469202,-0.999982,0.0420676,0.4,0,0,DISABLED,0
15.1003,5.23905,0.331755,0,0.00962118,0.732515,0.00961806,-0.0061216,-0.000488105,-0.999981,0.0397223,0.4,0,0,DISABLED,0
15.1203,5.24583,0.329783,0,0.00556279,0.732357,0.00556727,-0.01018,-0.000356574,-0.999948,0.0373518,0.4,0,0,DISABLED,0
15.1403,5.25324,0.327692,0,0.00232508,0.732765,0.00282613,-0.0134177,-0.00206592,-0.999908,0.0336221,0.4,0,0,DISABLED,0
15.1603,5.26034,0.325868,0,0.00106089,0.733397,0.00609864,-0.0146819,-0.00645743,-0.999871,0.0309735,0.4,0,0,DISABLED,0
15.1803,5.26731,0.324667,0,0.000595449,0.733852,0.00858323,-0.0151473,-0.00901742,-0.999845,0.029556,0.4,0,0,DISABLED,0
15.2003,5.27496,0.323868,0,0.000565105,0.73397,0.0103868,-0.0151777,-0.0108266,-0.999826,0.0280091,0.4,0,0,DISABLED,0
15.2203,5.28127,0.323474,0,0.000799294,0.733897,0.0118905,-0.0149435,-0.0123138,-0.999812,0.0270766,0.4,0,0,DISABLED,0
15.2403,5.28841,0.32331,0,0.00106006,0.733773,0.0130428,-0.0146827,-0.0134533,-0.999802,0.0260973,0.4,0,0,DISABLED,0
15.2603,5.29351,0.323339,0,0.00120373,0.733685,0.0136589,-0.0145391,-0.0140614,-0.999795,0.0258981,0.4,0,0,DISABLED,0
15.2803,5.3038,0.323701,0,0.00200301,0.733469,0.0159909,-0.0137398,-0.0163207,-0.999772,0.0249935,0.4,0,0,DISABLED,0
15.3003,5.3104,0.324041,0,0.00360096,0.733277,0.0186287,-0.0121418,-0.0187352,-0.999751,0.0246875,0.4,0,0,DISABLED,0
15.3203,5.31761,0.324548,0,0.00637447,0.733034,0.0216781,-0.00936832,-0.0211785,-0.999732,0.0248959,0.4,0,0,DISABLED,0
15.3403,5.32471,0.325326,0,0.00958238,0.732901,0.0239736,-0.00616041,-0.0224307,-0.999729,0.0246267,0.4,0,0,DISABLED,0
15.3603,5.33254,0.326522,0,0.0120215,0.73305,0.0238865,-0.00372124,-0.0210974,-0.999771,0.0249174,0.4,0,0,DISABLED,0
15.3803,5.33973,0.327799,0,0.0129628,0.733296,0.0220273,-0.00278001,-0.0182616,-0.999829,0.0260762,0.4,0,0,DISABLED,0
15.4003,5.34614,0.329124,0,0.0131851,0.733235,0.0176865,-0.00255763,-0.0122416,-0.999922,0.0278164,0.4,0,0,DISABLED,0
15.4203,5.35245,0.330375,0,0.0127823,0.733125,0.0155218,-0.00296046,-0.00926366,-0.999953,0.0297215,0.4,0,0,DISABLED,0
15.4403,5.36049,0.331716,0,0.00975979,0.733271,0.0119505,-0.00598299,-0.00735121,-0.999955,0.032275,0.4,0,0,DISABLED,0
15.4603,5.36768,0.332921,0,0.00809097,0.733533,0.00884318,-0.00765181,-0.00402755,-0.999963,0.0349383,0.4,0,0,DISABLED,0
15.4803,5.37479,0.334102,0,0.00778854,0.733747,0.0077896,-0.00795425,-0.000344198,-0.999968,0.0360829,0.4,0,0,DISABLED,0
15.5003,5.38191,0.335005,0,0.0083108,0.733746,0.00861788,-0.00743198,0.0018302,-0.999971,0.0369594,0.4,0,0,DISABLED,0
15.5203,5.39,0.335465,0,0.00849536,0.733555,0.009174,-0.00724742,0.00299755,-0.999969,0.0398469,0.4,0,0,DISABLED,0
15.5403,5.3967,0.335499,0,0.00827866,0.733436,0.00930945,-0.00746412,0.00379043,-0.999965,0.0404902,0.4,0,0,DISABLED,0
15.5603,5.40478,0.335213,0,0.00846067,0.733375,0.0102132,-0.00728211,0.00526373,-0.99996,0.0410163,0.4,0,0,DISABLED,0
15.5803,5.41121,0.334841,0,0.00924307,0.73334,0.0116934,-0.00649972,0.0067037,-0.999956,0.0416319,0.4,0,0,DISABLED,0
15.6003,5.41823,0.334413,0,0.0105149,0.733256,0.0137632,-0.00522786,0.0084174,-0.999951,0.0423269,0.4,0,0,DISABLED,0
15.6203,5.42514,0.333935,0,0.0119089,0.733134,0.0155908,-0.00383389,0.00960206,-0.999947,0.0428425,0.4,0,0,DISABLED,0
15.6403,5.43205,0.333255,0,0.0127315,0.733135,0.0159835,-0.00301131,0.00920615,-0.999953,0.0427155,0.4,0,0,DISABLED,0
15.6603,5.43966,0.33211,0,0.01284,0.733244,0.0148947,-0.00290281,0.00708775,-0.999971,0.042082,0.4,0,0,DISABLED,0
15.6803,5.44606,0.330758,0,0.0114211,0.733253,0.0123672,-0.00432166,0.00428562,-0.999981,0.0426608,0.4,0,0,DISABLED,0
15.7003,5.45321,0.328717,0,0.0088399,0.732757,0.00884318,-0.00690288,-0.000546609,-0.999976,0.0417682,0.4,0,0,DISABLED,0
15.7203,5.46062,0.3267,0,0.00442802,0.732543,0.00442158,-0.0113148,-0.00041943,-0.999936,0.0392776,0.4,0,0,DISABLED,0
15.7403,5.46789,0.324741,0,0.000900907,0.732926,0.00258374,-0.0148419,-0.0028651,-0.999886,0.0352615,0.4,0,0,DISABLED,0
15.7603,5.47486,0.323034,0,-0.000241764,0.73352,0.00611816,-0.0159845,-0.00656552,-0.999851,0.0336687,0.4,0,0,DISABLED,0
15.7803,5.48173,0.321951,0,-0.000875559,0.733957,0.00889694,-0.0166183,-0.00930692,-0.999819,0.031942,0.4,0,0,DISABLED,0
15.8003,5.48857,0.321313,0,-0.000965178,0.734089,0.0103868,-0.016708,-0.0107971,-0.999802,0.0308441,0.4,0,0,DISABLED,0
15.8203,5.49549,0.320967,0,-0.000810167,0.734035,0.0118955,-0.0165529,-0.0123198,-0.999787,0.0300012,0.4,0,0,DISABLED,0
15.8403,5.50256,0.32092,0,-0.000531336,0.733958,0.0130975,-0.0162741,-0.0135414,-0.999776,0.0290825,0.4,0,0,DISABLED,0
15.8603,5.50979,0.321124,0,-0.000152864,0.733864,0.0141687,-0.0158956,-0.0146225,-0.999767,0.0283823,0.4,0,0,DISABLED,0
15.8803,5.51709,0.321496,0,0.000650444,0.73373,0.0156671,-0.0150923,-0.0161122,-0.999756,0.0279822,0.4,0,0,DISABLED,0
15.9003,5.52435,0.321962,0,0.00238359,0.733547,0.0183027,-0.0133592,-0.0186053,-0.999738,0.0272516,0.4,0,0,DISABLED,0
15.9203,5.53152,0.322544,0,0.00511955,0.733327,0.0213289,-0.0106232,-0.0211613,-0.99972,0.0274126,0.4,0,0,DISABLED,0
15.9403,5.5386,0.323397,0,0.00827269,0.733162,0.0235471,-0.0074701,-0.0225042,-0.999719,0.0272585,0.4,0,0,DISABLED,0
15.9603,5.54566,0.32458,0,0.0108439,0.733206,0.0231669,-0.00489888,-0.0209269,-0.999769,0.0276221,0.4,0,0,DISABLED,0
15.9803,5.55207,0.325818,0,0.0119402,0.733336,0.0211154,-0.00380259,-0.0178683,-0.999833,0.0284711,0.4,0,0,DISABLED,0
16.0003,5.55987,0.327533,0,0.0122518,0.733237,0.016555,-0.003491,-0.0115893,-0.999927,0.0308895,0.4,0,0,DISABLED,0
16.0203,5.56678,0.329092,0,0.0119916,0.733026,0.0142943,-0.00375113,-0.0082383,-0.999959,0.0323407,0.4,0,0,DISABLED,0
16.0403,5.57385,0.330356,0,0.0101009,0.733151,0.0118955,-0.00564187,-0.00674237,-0.999961,0.0345807,0.4,0,0,DISABLED,0
16.0603,5.58105,0.331484,0,0.00810918,0.733427,0.00894371,-0.0076336,-0.00422662,-0.999962,0.0378979,0.4,0,0,DISABLED,0
16.0803,5.58825,0.332595,0,0.00720061,0.733655,0.00720113,-0.00854217,-0.000397574,-0.999963,0.0398005,0.4,0,0,DISABLED,0
16.1003,5.59616,0.333519,0,0.00729893,0.733637,0.00758018,-0.00844385,0.0015965,-0.999963,0.040695,0.4,0,0,DISABLED,0
16.1203,5.60279,0.333875,0,0.00722258,0.733517,0.00782776,-0.0085202,0.00255226,-0.99996,0.0418605,0.4,0,0,DISABLED,0
16.1403,5.61025,0.333897,0,0.00698321,0.733423,0.00814862,-0.00875957,0.00373524,-0.999955,0.0426881,0.4,0,0,DISABLED,0
16.1603,5.61764,0.333649,0,0.00709877,0.733391,0.00908259,-0.00864401,0.00520076,-0.999949,0.0431625,0.4,0,0,DISABLED,0
16.1803,5.62485,0.333255,0,0.00806079,0.733358,0.0108581,-0.00768199,0.00682138,-0.999947,0.0443139,0.4,0,0,DISABLED,0
16.2003,5.63192,0.332858,0,0.00958274,0.733254,0.0131475,-0.00616005,0.00854019,-0.999945,0.0451952,0.4,0,0,DISABLED,0
16.2203,5.63888,0.332413,0,0.0113931,0.733097,0.0153053,-0.00434972,0.00975817,-0.999943,0.0457032,0.4,0,0,DISABLED,0
16.2403,5.6458,0.33173,0,0.0127888,0.733008,0.0161393,-0.00295398,0.00938321,-0.999952,0.0457201,0.4,0,0,DISABLED,0
16.2603,5.65359,0.330568,0,0.0128658,0.733085,0.0152741,-0.00287702,0.00777304,-0.999966,0.0458253,0.4,0,0,DISABLED,0
16.2803,5.66011,0.329204,0,0.0115603,0.733071,0.0127001,-0.00418245,0.00480525,-0.99998,0.0461112,0.4,0,0,DISABLED,0
16.3003,5.66811,0.326984,0,0.0092732,0.732483,0.00927738,-0.00646958,-0.000184807,-0.999979,0.0443518,0.4,0,0,DISABLED,0
16.3203,5.67489,0.325242,0,0.00500977,0.732422,0.00513277,-0.010733,0.000640686,-0.999942,0.0417849,0.4,0,0,DISABLED,0
16.3403,5.68229,0.323249,0,0.00158879,0.732865,0.00210018,-0.014154,-0.0017994,-0.999898,0.0383348,0.4,0,0,DISABLED,0
16.3603,5.68937,0.321522,0,0.000237285,0.733491,0.00621482,-0.0155055,-0.00667111,-0.999858,0.0359239,0.4,0,0,DISABLED,0
16.3803,5.69633,0.320437,0,-0.000276593,0.733941,0.00899024,-0.0160194,-0.00944494,-0.999827,0.0345513,0.4,0,0,DISABLED,0
16.4003,5.70326,0.319815,0,-0.000297936,0.734064,0.0107311,-0.0160407,-0.0111793,-0.999809,0.0331463,0.4,0,0,DISABLED,0
16.4203,5.71027,0.319507,0,-8.75853e-05,0.733959,0.0122364,-0.0158304,-0.0126874,-0.999794,0.0317011,0.4,0,0,DISABLED,0
16.4403,5.7167,0.319456,0,0.000180827,0.733846,0.0131701,-0.015562,-0.0136248,-0.999786,0.0309885,0.4,0,0,DISABLED,0
16.4603,5.72474,0.319682,0,0.000643868,0.7337,0.014489,-0.0150989,-0.0149275,-0.999775,0.0293929,0.4,0,0,DISABLED,0
16.4803,5.73212,0.320068,0,0.00143005,0.733537,0.015976,-0.0143127,-0.016367,-0.999764,0.0289695,0.4,0,0,DISABLED,0
16.5003,5.73946,0.320536,0,0.00313788,0.733355,0.0186063,-0.0126049,-0.0187957,-0.999744,0.0287662,0.4,0,0,DISABLED,0
16.5203,5.74596,0.321057,0,0.00554279,0.733203,0.0213679,-0.0102,-0.0210928,-0.999725,0.0290338,0.4,0,0,DISABLED,0
16.5403,5.75376,0.322022,0,0.00941721,0.732992,0.0249723,-0.00632557,-0.0235868,-0.999702,0.0272838,0.4,0,0,DISABLED,0
16.5603,5.76088,0.323264,0,0.0120463,0.733021,0.0247373,-0.00369645,-0.0220635,-0.99975,0.0273206,0.4,0,0,DISABLED,0
16.5803,5.76882,0.324809,0,0.0131517,0.733178,0.0216616,-0.00259106,-0.0176681,-0.999841,0.0288521,0.4,0,0,DISABLED,0
16.6003,5.77595,0.326345,0,0.0132816,0.733043,0.0180468,-0.00246113,-0.0126707,-0.999917,0.0300812,0.4,0,0,DISABLED,0
16.6203,5.7823,0.327705,0,0.0125575,0.732946,0.0154718,-0.00318533,-0.00949296,-0.99995,0.0319106,0.4,0,0,DISABLED,0
16.6403,5.78936,0.328965,0,0.0109533,0.733076,0.0134389,-0.00478947,-0.00824277,-0.999955,0.032422,0.4,0,0,DISABLED,0
16.6603,5.79597,0.329955,0,0.00860414,0.733263,0.00982044,-0.00713864,-0.0051818,-0.999961,0.0360104,0.4,0,0,DISABLED,0
16.6803,5.80481,0.33122,0,0.00733938,0.733481,0.00734861,-0.0084034,-0.000797865,-0.999964,0.0380103,0.4,0,0,DISABLED,0
16.7003,5.8113,0.331917,0,0.00774225,0.733436,0.00788845,-0.00800053,0.0010241,-0.999967,0.0381144,0.4,0,0,DISABLED,0
16.7203,5.81872,0.332236,0,0.00785704,0.733305,0.00822144,-0.00788575,0.00197674,-0.999967,0.0394127,0.4,0,0,DISABLED,0
16.7403,5.82628,0.332159,0,0.00758666,0.733243,0.00852749,-0.00815613,0.00343957,-0.999961,0.0406261,0.4,0,0,DISABLED,0
16.7603,5.82928,0.332038,0,0.00756973,0.733232,0.00899024,-0.00817306,0.00439171,-0.999957,0.0413646,0.4,0,0,DISABLED,0
16.7803,5.83883,0.331466,0,0.00847379,0.733195,0.0109456,-0.00726899,0.00646688,-0.999953,0.0427952,0.4,0,0,DISABLED,0
16.8003,5.84824,0.330797,0,0.0102225,0.733011,0.0135053,-0.00552027,0.00836916,-0.99995,0.0441698,0.4,0,0,DISABLED,0
16.8203,5.85601,0.330188,0,0.0123555,0.732703,0.0158674,-0.00338732,0.00949648,-0.999949,0.0455352,0.4,0,0,DISABLED,0
16.8403,5.86097,0.329677,0,0.0137335,0.732579,0.016883,-0.00200932,0.00936306,-0.999954,0.0459777,0.4,0,0,DISABLED,0
16.8603,5.86956,0.328435,0,0.0143522,0.732639,0.0163156,-0.00139063,0.00729682,-0.999972,0.045477,0.4,0,0,DISABLED,0
16.8803,5.87703,0.326956,0,0.0128068,0.73275,0.0139354,-0.00293597,0.00503624,-0.999983,0.0458515,0.4,0,0,DISABLED,0
16.9003,5.8845,0.324875,0,0.010442,0.732324,0.0104497,-0.00530077,-0.000129422,-0.999986,0.044281,0.4,0,0,DISABLED,0
16.9203,5.8915,0.322997,0,0.0063387,0.732104,0.00639444,-0.00940408,0.0003505,-0.999956,0.0405184,0.4,0,0,DISABLED,0
16.9403,5.89997,0.320529,0,0.00193483,0.73254,0.0020716,-0.0138079,-0.00114819,-0.999904,0.0380696,0.4,0,0,DISABLED,0
16.9603,5.90718,0.318502,0,0.000782689,0.733231,0.00589993,-0.0149601,-0.00630242,-0.999868,0.0358733,0.4,0,0,DISABLED,0
16.9803,5.91426,0.317151,0,0.000436971,0.733795,0.00896368,-0.0153058,-0.00940573,-0.999839,0.0340357,0.4,0,0,DISABLED,0
17.0003,5.92128,0.316294,0,0.000492047,0.734011,0.0108086,-0.0152507,-0.0112482,-0.99982,0.0321814,0.4,0,0,DISABLED,0
