t,drift_x,drift_y,lean,dpitch,base_z,tilt_rad,gx,gy,gz,yaw_delta,cmd_vx,cmd_vy,cmd_yaw,meta_selected,meta_safety_hold,prob_slope_up,prob_slope_down,prob_flat,prob_NEUTRAL,weight_slope_up,weight_slope_down,weight_flat
0.0199988,0,0,0,0,0.733604,0,-0.0282225,-0.00217673,-0.999599,0,0.4,0,0,flat,0,8.637e-15,1.76043e-14,1,1.38091e-09,0,0,1
0.0399988,-3.55579e-06,-2.0233e-06,0,1.53091e-05,0.733606,0,-0.0282072,-0.00217862,-0.9996,-1.77175e-05,0.4,0,0,flat,0,1.10528e-14,2.05992e-14,1,1.04286e-09,0,0,1
0.0599988,-3.95812e-06,-3.16108e-06,0,2.88319e-05,0.733607,0,-0.0281937,-0.00218067,-0.9996,-3.35239e-05,0.4,0,0,flat,0,1.34688e-14,2.16598e-14,1,7.05595e-10,0,0,1
0.0799987,3.0268e-06,-3.61263e-06,0,4.77005e-05,0.733606,0,-0.0281748,-0.00218457,-0.999601,-5.27371e-05,0.4,0,0,flat,0,1.58253e-14,2.13507e-14,1,4.45233e-10,0,0,1
0.0999987,2.36109e-05,-3.70314e-06,0,7.20285e-05,0.733604,0,-0.0281505,-0.00218898,-0.999601,-6.92979e-05,0.4,0,0,flat,0,1.81245e-14,2.05427e-14,1,2.68183e-10,0,0,1
0.119999,6.29164e-05,-3.64409e-06,0,0.000109013,0.733599,0,-0.0281135,-0.00219474,-0.999602,-8.44281e-05,0.4,0,0,flat,0,2.03638e-14,1.98359e-14,1,1.55692e-10,0,0,1
0.139999,0.000129707,-3.43932e-06,0,0.000173436,0.733593,0,-0.0280491,-0.00220202,-0.999604,-9.7882e-05,0.4,0,0,flat,0,2.23629e-14,1.94531e-14,1,8.764e-11,0,0,1
0.159999,0.00021725,-3.16577e-06,0,0.00026623,0.733585,0,-0.0279563,-0.0022096,-0.999607,-0.000109199,0.4,0,0,flat,0,2.41149e-14,1.99718e-14,1,4.90106e-11,0,0,1
0.179999,0.000364913,-2.48564e-06,0,0.000433613,0.733575,0.000488281,-0.0277889,-0.00222064,-0.999611,-0.00012246,0.4,0,0,flat,0,2.56175e-14,2.19535e-14,1,2.77981e-11,0,0,1
0.199999,0.000544526,-9.71602e-07,0,0.000646465,0.733563,0.00059802,-0.027576,-0.00223238,-0.999617,-0.000134204,0.4,0,0,flat,0,2.68778e-14,2.60913e-14,1,1.62104e-11,0,0,1
0.219999,0.000772232,1.66585e-06,0,0.000925004,0.733549,0.000913491,-0.0272975,-0.00224555,-0.999625,-0.000146126,0.4,0,0,flat,0,2.80354e-14,3.33331e-14,1,9.77997e-12,0,0,1
0.239999,0.000652006,0.000133781,0,0.00298063,0.733498,0.0030688,-0.0252419,-0.00154217,-0.99968,0.00170761,0.4,0,0,flat,0,2.24957e-14,3.41739e-14,1,4.70615e-12,0,0,1
0.259999,0.000256907,0.000979302,0,0.00597406,0.733324,0.00679221,-0.0222484,0.00106576,-0.999752,0.00365241,0.4,0,0,flat,0,3.24105e-13,1.41498e-12,1,4.89756e-12,0,0,1
0.279999,0.000209099,0.00249912,0,0.0071443,0.733215,0.00869363,-0.0210782,0.00276892,-0.999774,0.00345903,0.4,0,0,flat,0,3.15109e-13,2.32388e-12,1,1.51749e-11,0,0,1
0.299999,0.000186598,0.00389432,0,0.00772226,0.733243,0.00944925,-0.0205002,0.00325881,-0.999785,0.00416867,0.4,0,0,flat,0,1.03304e-13,3.35883e-12,1,1.91254e-11,0,0,1
0.319999,1.20141e-05,0.00524067,0,0.00879703,0.733348,0.0105236,-0.0194255,0.00359404,-0.999805,0.00637517,0.4,0,0,flat,0,1.2496e-13,3.10797e-11,1,2.33992e-11,0,0,1
0.339998,-0.000215119,0.0067361,0,0.010059,0.733404,0.0120893,-0.0181635,0.00451837,-0.999825,0.00782467,0.4,0,0,flat,0,3.3286e-13,4.7615e-10,1,5.69815e-11,0,0,1
0.359998,-0.000559393,0.0085405,0,0.0120684,0.733241,0.0153558,-0.0161541,0.00731482,-0.999843,0.00932126,0.4,0,0,flat,0,9.58806e-13,7.05789e-09,1,1.65129e-10,0,0,1
0.379998,-0.000979736,0.0106645,0,0.0146616,0.732805,0.0199363,-0.0135609,0.0113246,-0.999844,0.0124271,0.4,0,0,flat,0,2.08408e-12,6.06053e-08,1,3.23973e-10,0,0,1
0.399998,-0.00104525,0.0124897,0,0.0152496,0.732968,0.0174011,-0.0129729,0.00619313,-0.999897,0.0144835,0.4,0,0,flat,0,3.44195e-12,5.10644e-07,1,3.17962e-10,0,0,1
0.419998,-0.000592034,0.0145871,0,0.0136136,0.733529,0.0140249,-0.0146089,0.00118414,-0.999893,0.0148908,0.4,0,0,flat,0,3.61924e-12,5.52774e-07,0.999999,2.80838e-10,0,0,1
0.439998,-0.000164885,0.0165677,0,0.0126706,0.734008,0.0133097,-0.0155519,0.00187533,-0.999877,0.0162979,0.4,0,0,flat,0,5.43196e-12,2.74668e-07,1,2.38181e-10,0,0,1
0.459998,0.000296585,0.0187866,0,0.0117952,0.734483,0.014423,-0.0164273,0.00612316,-0.999846,0.0166276,0.4,0,0,flat,0,3.44806e-11,2.75133e-07,1,4.56689e-10,0,0,1
0.479998,0.00107143,0.0214563,0,0.0100429,0.735025,0.0174388,-0.0181796,0.0120814,-0.999762,0.0174158,0.4,0,0,flat,0,1.15118e-10,3.07534e-07,1,7.54289e-10,0,0,1
0.499998,0.00204384,0.0235432,0,0.00700051,0.735372,0.0201327,-0.021222,0.0166994,-0.999635,0.0183546,0.4,0,0,flat,0,1.35918e-10,3.19898e-07,1,9.57047e-10,0,0,1
0.519998,0.00324762,0.02519,0,0.0038109,0.735625,0.0220651,-0.0244116,0.0195563,-0.999511,0.0188722,0.4,0,0,flat,0,1.4335e-10,5.06351e-07,1,1.3865e-09,0,0,1
0.539998,0.00461479,0.0263503,0,0.000991328,0.73585,0.0242898,-0.0272312,0.0220894,-0.999385,0.0187702,0.4,0,0,flat,0,2.69169e-10,1.3337e-06,0.999999,2.52696e-09,0,0,1
0.559998,0.00633798,0.026958,0,-0.00111177,0.736041,0.0260747,-0.0293343,0.0238721,-0.999285,0.0185282,0.4,0,0,flat,0,5.30658e-10,3.36634e-06,0.999997,4.08853e-09,0,0,1
0.579998,0.00797213,0.0269036,0,-0.00234127,0.736112,0.0266155,-0.0305638,0.0243297,-0.999237,0.0183392,0.4,0,0,flat,0,8.09239e-10,5.9997e-06,0.999994,4.3964e-09,0,0,1
0.599998,0.0100592,0.0262922,0,-0.00243615,0.736103,0.0259073,-0.0306586,0.0236119,-0.999251,0.0181704,0.4,0,0,flat,0,8.57341e-10,5.87675e-06,0.999994,3.34823e-09,0,0,1
0.619998,0.0122112,0.0252828,0,-0.00146407,0.735998,0.0245898,-0.0296866,0.0223684,-0.999309,0.0180334,0.4,0,0,flat,0,5.95789e-10,3.12478e-06,0.999997,2.03146e-09,0,0,1
0.639998,0.0152889,0.0234511,0,0.000930736,0.735725,0.0221407,-0.0272918,0.019941,-0.999429,0.0169692,0.4,0,0,flat,0,3.59857e-10,1.33822e-06,0.999999,1.40859e-09,0,0,1
0.659998,0.0189231,0.0208688,0,0.00454869,0.735207,0.0185582,-0.0236738,0.0158158,-0.999595,0.014335,0.4,0,0,flat,0,2.07343e-10,6.8837e-07,0.999999,1.3416e-09,0,0,1
0.679998,0.0225219,0.0181408,0,0.0070295,0.734552,0.0159946,-0.021193,0.0121878,-0.999701,0.0134177,0.4,0,0,flat,0,1.42685e-10,6.04146e-07,0.999999,1.92364e-09,0,0,1
0.699998,0.0270221,0.0144661,0,0.0102226,0.73332,0.0121973,-0.0179999,0.0044728,-0.999828,0.0125454,0.4,0,0,flat,0,1.636e-10,1.50206e-06,0.999998,4.95418e-09,0,0,1
0.719998,0.0318571,0.0111103,0,0.0122943,0.732423,0.0138711,-0.0159282,0.0042426,-0.999864,0.0165952,0.4,0,0,flat,0,7.62137e-10,1.15777e-05,0.999988,4.1159e-08,0,0,1
0.739998,0.0370249,0.00818744,0,0.0124233,0.73178,0.0173153,-0.0157992,0.00987777,-0.999826,0.0221646,0.4,0,0,flat,0,2.70463e-09,3.30812e-05,0.999967,1.10226e-07,0,0,1
0.759998,0.041842,0.00525863,0,0.0131215,0.731519,0.0173806,-0.015101,0.0092173,-0.999843,0.021638,0.4,0,0,flat,0,4.431e-09,4.56905e-05,0.999954,8.7276e-08,0,0,1
0.779998,0.0476989,0.0025529,0,0.0105316,0.731709,0.0112305,-0.0176909,0.00170242,-0.999842,0.0154052,0.4,0,0,flat,0,1.51484e-09,3.97263e-06,0.999996,1.43105e-08,0,0,1
0.799998,0.052581,0.000662163,0,0.00806472,0.732033,0.00862479,-0.0201578,-0.00522877,-0.999783,0.0143306,0.4,0,0,flat,0,1.01341e-09,1.21017e-06,0.999999,7.76689e-09,0,0,1
0.819998,0.057604,-0.00106729,0,0.00856541,0.732378,0.0120893,-0.0196571,-0.0107055,-0.999749,0.0163134,0.4,0,0,flat,0,1.28653e-09,6.55862e-07,0.999999,5.3151e-09,0,0,1
0.839998,0.0625787,-0.00233539,0,0.0112436,0.7327,0.0168724,-0.0169789,-0.0147549,-0.999747,0.0164692,0.4,0,0,flat,0,1.96993e-09,3.49357e-07,1,4.11851e-09,0,0,1
0.859998,0.0677249,-0.00321892,0,0.0144689,0.733005,0.0216836,-0.0137536,-0.0183271,-0.999737,0.016085,0.4,0,0,flat,0,2.43744e-09,2.4903e-07,1,4.67146e-09,0,0,1
0.879998,0.0730808,-0.0037364,0,0.0173429,0.73325,0.0261204,-0.0108796,-0.0217065,-0.999705,0.01554,0.4,0,0,flat,0,2.58869e-09,2.1969e-07,1,7.32175e-09,0,0,1
0.899998,0.0785701,-0.00382462,0,0.0197185,0.73344,0.0298901,-0.00850397,-0.0246352,-0.99966,0.0152188,0.4,0,0,flat,0,2.97256e-09,2.80142e-07,1,1.3665e-08,0,0,1
0.919998,0.0840884,-0.00345827,0,0.0220143,0.7336,0.0331957,-0.00620819,-0.0270195,-0.999616,0.0149855,0.4,0,0,flat,0,4.24334e-09,3.9768e-07,1,2.66059e-08,0,0,1
0.939998,0.0896249,-0.00257837,0,0.0245733,0.733685,0.0358582,-0.00364919,-0.0282896,-0.999593,0.0144248,0.4,0,0,flat,0,6.82756e-09,6.01339e-07,0.999999,5.57761e-08,0,0,1
0.959998,0.0945242,-0.00130425,0,0.0281229,0.733646,0.0376252,-9.96172e-05,-0.0271668,-0.999631,0.0137853,0.4,0,0,flat,0,1.38382e-08,1.30269e-06,0.999999,1.44563e-07,0,0,1
0.979998,0.100332,0.000802608,0,0.0329032,0.733444,0.0390069,0.0046807,-0.0231202,-0.999722,0.0128505,0.4,0,0,flat,0,3.22608e-08,5.23975e-06,0.999994,3.83719e-07,0,0,1
0.999998,0.105702,0.00316749,0,0.0368552,0.733062,0.0387985,0.00863271,-0.0142875,-0.999861,0.0122819,0.4,0,0,flat,0,7.70413e-08,2.07957e-05,0.999978,9.32789e-07,0,0,1
1.02,0.111868,0.00597499,0,0.0376488,0.732338,0.0377881,0.00942628,-0.00536606,-0.999941,0.0130832,0.4,0,0,flat,0,9.61798e-08,1.72281e-05,0.999981,1.43886e-06,0,0,1
1.04,0.117401,0.00758106,0,0.0347253,0.732434,0.0348121,0.00650282,-0.00457372,-0.999968,0.015036,0.4,0,0,flat,0,4.02209e-08,5.87133e-06,0.999993,5.43423e-07,0,0,1
1.06,0.123377,0.0095266,0,0.0323727,0.733059,0.0323848,0.0041502,-0.00141575,-0.99999,0.0187718,0.4,0,0,flat,0,2.00237e-08,1.98134e-07,1,2.35232e-07,0,0,1
1.08,0.129211,0.0116582,0,0.0315907,0.733784,0.0327837,0.00336817,0.00656446,-0.999973,0.025432,0.4,0,0,flat,0,4.71658e-08,1.11653e-07,1,1.82083e-07,0,0,1
1.1,0.135344,0.0139289,0,0.0301365,0.73446,0.0345578,0.001914,0.0147287,-0.99989,0.0280465,0.4,0,0,flat,0,8.86889e-08,4.21563e-08,1,2.4476e-07,0,0,1
1.12,0.141703,0.0161246,0,0.028122,0.734991,0.0371244,-0.000100508,0.0220537,-0.999757,0.0299972,0.4,0,0,flat,0,2.00458e-07,1.67312e-07,0.999999,5.32699e-07,0,0,1
1.14,0.148177,0.0180123,0,0.0261704,0.735389,0.0397758,-0.00205215,0.0277734,-0.999612,0.0331157,0.4,0,0,flat,0,2.35454e-07,6.55595e-07,0.999998,7.42257e-07,0,0,1
1.16,0.154748,0.019714,0,0.024134,0.735659,0.0423952,-0.00408847,0.0326745,-0.999458,0.0348991,0.4,0,0,flat,0,2.27185e-07,1.53569e-06,0.999997,8.46653e-07,0,0,1
1.18,0.161387,0.0211923,0,0.0224483,0.735762,0.046266,-0.00577424,0.0382706,-0.999251,0.0372242,0.4,0,0,flat,0,1.7679e-07,2.06534e-06,0.999997,6.57304e-07,0,0,1
1.2,0.168083,0.0223123,0,0.0216317,0.73565,0.0501986,-0.00659076,0.0431116,-0.999049,0.0386939,0.4,0,0,flat,0,1.10932e-07,1.50079e-06,0.999998,3.80106e-07,0,0,1
1.22,0.174787,0.0228928,0,0.0224419,0.73531,0.0538305,-0.00578056,0.0467386,-0.99889,0.0413826,0.4,0,0,flat,0,6.03348e-08,8.12815e-07,0.999999,2.04168e-07,0,0,1
1.24,0.181446,0.0228147,0,0.0250269,0.734718,0.0559128,-0.00319564,0.0478088,-0.998851,0.0446114,0.4,0,0,flat,0,3.33262e-08,4.30646e-07,0.999999,1.17645e-07,0,0,1
1.26,0.188042,0.0220806,0,0.0288184,0.733915,0.0555608,0.000595902,0.045313,-0.998973,0.0472159,0.4,0,0,flat,0,2.03763e-08,3.23129e-07,1,9.04792e-08,0,0,1
1.28,0.194827,0.0207007,0,0.0318226,0.733073,0.0529053,0.00360013,0.0400768,-0.99919,0.0499564,0.4,0,0,flat,0,1.73098e-08,4.42286e-07,0.999999,1.18698e-07,0,0,1
1.3,0.201882,0.0187504,0,0.0328897,0.732172,0.0478599,0.00466715,0.0325857,-0.999458,0.0516386,0.4,0,0,flat,0,2.62281e-08,1.65479e-06,0.999998,2.68543e-07,0,0,1
1.32,0.209768,0.0162645,0,0.0322577,0.731119,0.040561,0.00403518,0.0224067,-0.999741,0.0567414,0.4,0,0,flat,0,5.24352e-08,8.05348e-06,0.999991,8.5181e-07,0,0,1
1.34,0.215618,0.015192,0,0.0298184,0.731097,0.0379911,0.00159586,0.0213599,-0.999771,0.0618449,0.4,0,0,flat,0,5.52921e-08,8.43402e-06,0.99999,1.17294e-06,0,0,1
1.36,0.222466,0.0141038,0,0.0277199,0.731821,0.0353997,-0.000502645,0.0198346,-0.999803,0.0559276,0.4,0,0,flat,0,1.58435e-08,2.17101e-06,0.999997,3.22054e-07,0,0,1
1.38,0.229732,0.012912,0,0.026379,0.732513,0.0314377,-0.00184351,0.0149196,-0.999887,0.0490685,0.4,0,0,flat,0,4.34609e-09,3.43844e-07,1,6.6876e-08,0,0,1
1.4,0.236682,0.0121321,0,0.0232617,0.732758,0.0254874,-0.00496083,0.0082269,-0.999954,0.0455258,0.4,0,0,flat,0,1.67178e-09,1.30141e-07,1,2.57063e-08,0,0,1
1.42,0.243542,0.0115078,0,0.0209825,0.732743,0.0214042,-0.00724,0.0020205,-0.999972,0.0444094,0.4,0,0,flat,0,1.03464e-09,7.59897e-08,1,2.10001e-08,0,0,1
1.44,0.250243,0.0109549,0,0.0204824,0.73268,0.0205111,-0.00774015,-0.00319994,-0.999965,0.043757,0.4,0,0,flat,0,9.46793e-10,5.84157e-08,1,1.79858e-08,0,0,1
1.46,0.256927,0.0104705,0,0.0210318,0.732699,0.0219595,-0.00719066,-0.00847386,-0.999938,0.0420649,0.4,0,0,flat,0,7.56293e-10,3.20393e-08,1,1.41117e-08,0,0,1
1.48,0.263617,0.0100295,0,0.0222032,0.732828,0.0247734,-0.00601928,-0.0131613,-0.999895,0.0415507,0.4,0,0,flat,0,6.57355e-10,2.52778e-08,1,1.53662e-08,0,0,1
1.5,0.270243,0.00973035,0,0.0241961,0.733046,0.0289849,-0.00402636,-0.0181327,-0.999828,0.0410449,0.4,0,0,flat,0,7.59223e-10,3.40717e-08,1,2.47933e-08,0,0,1
1.52,0.276863,0.00978402,0,0.0267531,0.733248,0.0340853,-0.00146939,-0.0232929,-0.999728,0.0394829,0.4,0,0,flat,0,1.35386e-09,8.00625e-08,1,5.41057e-08,0,0,1
1.54,0.283321,0.0103455,0,0.030518,0.73323,0.0389626,0.00229554,-0.0263947,-0.999649,0.0380362,0.4,0,0,flat,0,3.16012e-09,2.51402e-07,1,1.42663e-07,0,0,1
1.56,0.289774,0.0115345,0,0.0344497,0.732933,0.0426923,0.00622717,-0.0273887,-0.999605,0.0357227,0.4,0,0,flat,0,1.34838e-08,1.51392e-06,0.999998,4.66802e-07,0,0,1
1.58,0.296124,0.0132574,0,0.0382242,0.732265,0.0447967,0.0100017,-0.0255314,-0.999624,0.0341083,0.4,0,0,flat,0,2.58557e-08,3.70085e-06,0.999995,1.2853e-06,0,0,1
1.6,0.302427,0.0155059,0,0.0410017,0.73116,0.0448473,0.0127792,-0.0203364,-0.999712,0.0315147,0.4,0,0,flat,0,7.68878e-08,1.28717e-05,0.999984,2.82954e-06,0,0,1
1.62,0.309824,0.0179758,0,0.039486,0.729512,0.041049,0.0112635,-0.01338,-0.999847,0.0281459,0.4,0,0,flat,0,5.05117e-08,7.13073e-06,0.99999,2.52827e-06,0,0,1
1.64,0.316418,0.0189577,0,0.0343205,0.729186,0.0372398,0.00609804,-0.0166241,-0.999843,0.0274611,0.4,0,0,flat,0,5.75648e-08,3.63552e-06,0.999994,2.43223e-06,0,0,1
1.66,0.323242,0.0201,0,0.0309912,0.72971,0.0337672,0.00276866,-0.0155772,-0.999875,0.0345289,0.4,0,0,flat,0,3.80827e-08,2.28723e-07,0.999998,1.31846e-06,0,0,1
1.68,0.329692,0.0215852,0,0.0300292,0.730566,0.0309234,0.00180668,-0.00953822,-0.999953,0.0381171,0.4,0,0,flat,0,6.35345e-08,4.53622e-08,0.999999,4.49623e-07,0,0,1
1.7,0.33662,0.0230201,0,0.0277461,0.731394,0.0277686,-0.000476442,-0.00318925,-0.999995,0.0411067,0.4,0,0,flat,0,1.31968e-07,1.48697e-08,1,2.94571e-07,0,0,1
1.72,0.34376,0.0240676,0,0.0252314,0.732055,0.0254124,-0.00299107,0.000806152,-0.999995,0.0432243,0.4,0,0,flat,0,1.49076e-07,1.99154e-08,1,3.11405e-07,0,0,1
1.74,0.350933,0.0247496,0,0.0233505,0.732596,0.0242112,-0.00487195,0.00420377,-0.999979,0.0458738,0.4,0,0,flat,0,2.04887e-07,1.09076e-07,0.999999,5.02284e-07,0,0,1
1.76,0.358181,0.0251303,0,0.0218948,0.733022,0.0241717,-0.00632765,0.00805187,-0.999948,0.0491685,0.4,0,0,flat,0,2.56887e-07,4.07567e-07,0.999999,6.8489e-07,0,0,1
1.78,0.365575,0.0252843,0,0.0204388,0.733285,0.0243242,-0.00778369,0.0110067,-0.999909,0.0500056,0.4,0,0,flat,0,2.2636e-07,8.46685e-07,0.999998,5.65392e-07,0,0,1
1.8,0.372231,0.0252379,0,0.0198866,0.73336,0.0252854,-0.00833586,0.0134324,-0.999875,0.0504851,0.4,0,0,flat,0,1.33216e-07,1.06442e-06,0.999998,3.2455e-07,0,0,1
1.82,0.380253,0.0247799,0,0.021062,0.733193,0.0281227,-0.00716047,0.0164552,-0.999839,0.0545864,0.4,0,0,flat,0,5.85431e-08,7.59578e-07,0.999999,1.33041e-07,0,0,1
1.84,0.387379,0.0239724,0,0.023947,0.732618,0.0304591,-0.00427554,0.0166435,-0.999852,0.057396,0.4,0,0,flat,0,2.25214e-08,3.34685e-07,1,4.4328e-08,0,0,1
1.86,0.394641,0.022602,0,0.02679,0.731715,0.0312475,-0.00143252,0.0139027,-0.999902,0.060299,0.4,0,0,flat,0,1.07875e-08,1.51628e-07,1,1.98536e-08,0,0,1
1.88,0.402354,0.0205783,0,0.0272212,0.73046,0.0292633,-0.00100133,0.00854997,-0.999963,0.0620797,0.4,0,0,flat,0,6.15566e-09,9.8392e-08,1,1.50579e-08,0,0,1
1.9,0.410305,0.0181685,0,0.0257109,0.728839,0.0266446,-0.00251164,0.00479215,-0.999985,0.0654918,0.4,0,0,flat,0,1.10598e-08,2.67448e-07,1,3.47064e-08,0,0,1
1.92,0.419102,0.0163139,0,0.0223082,0.728422,0.0258888,-0.00591428,0.0109564,-0.999923,0.0680665,0.4,0,0,flat,0,1.22059e-08,1.86456e-07,1,5.3188e-08,0,0,1
1.94,0.425687,0.0147142,0,0.0218993,0.728983,0.0256529,-0.00632317,0.0111799,-0.999918,0.059658,0.4,0,0,flat,0,5.35579e-09,2.55357e-07,1,3.05731e-08,0,0,1
1.96,0.432504,0.0128544,0,0.0231729,0.729779,0.0254804,-0.00504958,0.00841176,-0.999952,0.0536894,0.4,0,0,flat,0,2.14138e-09,1.80262e-07,1,1.20074e-08,0,0,1
1.98,0.439308,0.0114463,0,0.0233806,0.730385,0.0244,-0.00484189,0.00478574,-0.999977,0.0525709,0.4,0,0,flat,0,8.92218e-10,1.3731e-07,1,6.58094e-09,0,0,1
2,0.445982,0.0106075,0,0.0226952,0.730626,0.0229835,-0.00552727,0.00141687,-0.999984,0.0555019,0.4,0,0,flat,0,5.7745e-10,3.38518e-08,1,7.73412e-09,0,0,1
2.02,0.452442,0.0104529,0,0.0224211,0.730589,0.0224853,-0.00580142,-0.000552448,-0.999983,0.0539242,0.4,0,0,flat,0,7.41146e-10,2.00393e-08,1,9.18212e-09,0,0,1
2.04,0.45875,0.0106939,0,0.0228851,0.73048,0.0229133,-0.0053374,-0.00117276,-0.999985,0.0503765,0.4,0,0,flat,0,1.22639e-09,2.42967e-08,1,1.29159e-08,0,0,1
2.06,0.464888,0.0109729,0,0.0243078,0.730434,0.0243168,-0.00391469,-0.0016496,-0.999991,0.0490674,0.4,0,0,flat,0,1.11864e-09,3.42632e-08,1,1.4166e-08,0,0,1
2.08,0.470316,0.0112709,0,0.0262525,0.730534,0.0262638,-0.00197003,-0.00278157,-0.999994,0.0483097,0.4,0,0,flat,0,1.03348e-09,9.55961e-08,1,1.83919e-08,0,0,1
2.1,0.476874,0.0118341,0,0.0290836,0.730798,0.0292144,0.000861073,-0.00491018,-0.999988,0.0473401,0.4,0,0,flat,0,1.23539e-09,3.35521e-07,1,3.06674e-08,0,0,1
2.12,0.482721,0.0127282,0,0.0319765,0.731014,0.032383,0.00375402,-0.00726896,-0.999967,0.045458,0.4,0,0,flat,0,2.1232e-09,1.45603e-06,0.999998,7.54592e-08,0,0,1
2.14,0.488525,0.014107,0,0.0346151,0.731162,0.0353626,0.00639262,-0.00938482,-0.999936,0.0431173,0.4,0,0,flat,0,6.53439e-09,1.20377e-05,0.999988,2.67565e-07,0,0,1
2.16,0.493491,0.0157773,0,0.037577,0.731202,0.0381649,0.00935454,-0.00882893,-0.999917,0.0428329,0.4,0,0,flat,0,1.77784e-08,5.54991e-05,0.999943,1.25891e-06,0,0,1
2.18,0.499281,0.0183667,0,0.0412461,0.730977,0.0413269,0.0130236,-0.00469115,-0.999904,0.0429314,0.4,0,0,flat,0,4.53424e-08,0.00027271,0.999723,4.14521e-06,0,0,1
2.2,0.504696,0.0213649,0,0.042355,0.730136,0.0425398,0.0141325,0.00174798,-0.999899,0.0401337,0.4,0,0,flat,0,6.05807e-08,0.000480087,0.999511,8.86333e-06,0,0,1
2.22,0.510601,0.0241321,0,0.0394828,0.729128,0.0398642,0.0112603,0.00328123,-0.999931,0.0385242,0.4,0,0,flat,0,1.06679e-07,0.000413536,0.999573,1.36226e-05,0,0,1
2.24,0.517098,0.0261692,0,0.0332675,0.729299,0.0332728,0.005045,-0.0021014,-0.999985,0.0408022,0.4,0,0,flat,0,1.95744e-07,0.000271828,0.999701,2.70904e-05,0,0,1
2.26,0.523031,0.0284695,0,0.0303052,0.730044,0.0304023,0.00208267,0.000183016,-0.999998,0.0469673,0.4,0,0,flat,0,2.00676e-07,2.67211e-05,0.999966,6.96556e-06,0,0,1
2.28,0.528985,0.03095,0,0.0282296,0.730993,0.0295411,7.12616e-06,0.00651548,-0.999979,0.0513472,0.4,0,0,flat,0,3.80815e-07,8.29654e-06,0.999988,3.73544e-06,0,0,1
2.3,0.535148,0.0331959,0,0.0262215,0.731759,0.029149,-0.00200096,0.0105428,-0.999942,0.0539886,0.4,0,0,flat,0,3.3006e-07,2.34e-06,0.999996,1.80496e-06,0,0,1
2.32,0.541513,0.0350276,0,0.0240498,0.732242,0.0275206,-0.00417267,0.0111929,-0.999929,0.0552736,0.4,0,0,flat,0,2.36215e-07,1.95459e-06,0.999997,1.13709e-06,0,0,1
2.34,0.548067,0.0365066,0,0.0216796,0.732597,0.0255248,-0.00654294,0.0112912,-0.999915,0.0562447,0.4,0,0,flat,0,2.29188e-07,3.28904e-06,0.999995,1.09362e-06,0,0,1
2.36,0.554734,0.0376293,0,0.0196919,0.732871,0.0244488,-0.00853059,0.0123106,-0.999888,0.0584821,0.4,0,0,flat,0,2.33979e-07,5.0025e-06,0.999994,1.03423e-06,0,0,1
2.38,0.561479,0.038355,0,0.0185051,0.733036,0.0245389,-0.00971738,0.0139342,-0.999856,0.06123,0.4,0,0,flat,0,1.96803e-07,6.5666e-06,0.999992,8.49105e-07,0,0,1
2.4,0.56834,0.0386544,0,0.0182377,0.733045,0.0256575,-0.00998484,0.0158633,-0.999824,0.0646623,0.4,0,0,flat,0,1.21256e-07,7.26349e-06,0.999992,5.51703e-07,0,0,1
2.42,0.575412,0.0386,0,0.0186146,0.732845,0.0271301,-0.00960787,0.0175544,-0.9998,0.0678086,0.4,0,0,flat,0,6.1413e-08,5.01429e-06,0.999995,2.5249e-07,0,0,1
2.44,0.582482,0.0382247,0,0.0207166,0.732412,0.0285602,-0.00750595,0.0174804,-0.999819,0.06793,0.4,0,0,flat,0,2.5538e-08,2.68967e-06,0.999997,1.0654e-07,0,0,1
2.46,0.587985,0.0374315,0,0.0246655,0.731749,0.0297201,-0.00355698,0.0143989,-0.99989,0.0680306,0.4,0,0,flat,0,1.0724e-08,1.71535e-06,0.999998,5.70119e-08,0,0,1
2.48,0.596546,0.0351982,0,0.0283601,0.730193,0.0299957,0.000137585,0.00757783,-0.999971,0.0709983,0.4,0,0,flat,0,7.17261e-09,1.67553e-06,0.999998,5.36827e-08,0,0,1
2.5,0.603567,0.0332021,0,0.0273731,0.728863,0.0281735,-0.000849403,0.00448097,-0.99999,0.075977,0.4,0,0,flat,0,1.2771e-08,3.65655e-06,0.999996,1.25255e-07,0,0,1
2.52,0.612429,0.0316133,0,0.0224867,0.728596,0.0259923,-0.00573583,0.0108546,-0.999925,0.0789427,0.4,0,0,flat,0,1.45075e-08,2.81986e-06,0.999997,2.13228e-07,0,0,1
2.54,0.619438,0.0297369,0,0.0221376,0.729232,0.0252335,-0.00608489,0.00992381,-0.999932,0.071722,0.4,0,0,flat,0,6.79756e-09,3.74431e-06,0.999996,1.39137e-07,0,0,1
2.56,0.625883,0.0278388,0,0.0237846,0.730009,0.0252099,-0.00443793,0.00616591,-0.999971,0.0659511,0.4,0,0,flat,0,3.39988e-09,2.24908e-06,0.999998,5.19738e-08,0,0,1
2.58,0.632552,0.0264825,0,0.0231399,0.730634,0.0236078,-0.0050826,0.00246982,-0.999984,0.0647131,0.4,0,0,flat,0,1.83636e-09,7.35216e-07,0.999999,2.65823e-08,0,0,1
2.6,0.639244,0.0256957,0,0.0210825,0.730935,0.0210956,-0.00713995,-0.00159869,-0.999973,0.0640822,0.4,0,0,flat,0,1.0201e-09,1.70442e-07,1,2.12576e-08,0,0,1
2.62,0.645636,0.0254706,0,0.0201214,0.730936,0.0202066,-0.00810114,-0.00395446,-0.999959,0.0618957,0.4,0,0,flat,0,1.0519e-09,1.20905e-07,1,2.16522e-08,0,0,1
2.64,0.651788,0.0255986,0,0.0207078,0.730831,0.0208455,-0.00751469,-0.00453794,-0.999961,0.0595331,0.4,0,0,flat,0,1.37991e-09,1.10272e-07,1,2.32668e-08,0,0,1
2.66,0.657849,0.0258665,0,0.0223245,0.730798,0.02248,-0.00589798,-0.00479222,-0.999971,0.0582028,0.4,0,0,flat,0,1.29911e-09,1.23449e-07,1,2.18187e-08,0,0,1
2.68,0.663894,0.0263092,0,0.0244785,0.730905,0.0247662,-0.003744,-0.00590328,-0.999976,0.0564194,0.4,0,0,flat,0,1.25062e-09,2.53511e-07,1,2.61338e-08,0,0,1
2.7,0.669921,0.0269623,0,0.0265925,0.731122,0.0270509,-0.00163001,-0.00711383,-0.999973,0.0557438,0.4,0,0,flat,0,1.51652e-09,8.11306e-07,0.999999,4.35192e-08,0,0,1
2.72,0.675781,0.0279504,0,0.0298926,0.731335,0.0307125,0.00167007,-0.00921194,-0.999956,0.0548136,0.4,0,0,flat,0,2.33536e-09,2.64269e-06,0.999997,9.54563e-08,0,0,1
2.74,0.681526,0.0294615,0,0.0332285,0.731414,0.0344143,0.00500605,-0.0111244,-0.999926,0.0526743,0.4,0,0,flat,0,6.13626e-09,1.16551e-05,0.999988,2.9545e-07,0,0,1
2.76,0.687115,0.0315176,0,0.0366744,0.731315,0.037717,0.00845186,-0.0109729,-0.999904,0.0510977,0.4,0,0,flat,0,1.80405e-08,5.02135e-05,0.999949,1.18142e-06,0,0,1
2.78,0.692459,0.034094,0,0.0400874,0.73092,0.0404019,0.0118649,-0.00717304,-0.999904,0.0505715,0.4,0,0,flat,0,4.31772e-08,0.000203481,0.999792,4.33969e-06,0,0,1
2.8,0.697347,0.0368969,0,0.0414546,0.730066,0.0414767,0.0132321,-0.00094748,-0.999912,0.0491688,0.4,0,0,flat,0,6.07783e-08,0.000388355,0.999602,9.60365e-06,0,0,1
2.82,0.703812,0.0401337,0,0.0388283,0.728965,0.0390467,0.0106058,0.00189609,-0.999942,0.0486396,0.4,0,0,flat,0,9.78152e-08,0.000227471,0.999759,1.38675e-05,0,0,1
2.84,0.709775,0.042166,0,0.0328107,0.729161,0.0328218,0.00458817,-0.00285337,-0.999985,0.0510033,0.4,0,0,flat,0,1.41645e-07,6.81997e-05,0.999915,1.6534e-05,0,0,1
2.86,0.71558,0.0448544,0,0.0301885,0.729927,0.0302056,0.00196599,-0.00132199,-0.999997,0.0554244,0.4,0,0,flat,0,9.75669e-08,6.76332e-06,0.999984,8.92672e-06,0,0,1
2.88,0.720587,0.0476826,0,0.0297887,0.730875,0.0308732,0.00156617,0.00591887,-0.999981,0.0581096,0.4,0,0,flat,0,3.13082e-07,7.43593e-06,0.999988,4.18566e-06,0,0,1
2.9,0.727762,0.0512844,0,0.0289915,0.732172,0.0339802,0.000768979,0.0155389,-0.999879,0.0619161,0.4,0,0,flat,0,3.56491e-07,1.61632e-06,0.999996,2.10712e-06,0,0,1
2.92,0.734086,0.053604,0,0.0273051,0.73275,0.0326999,-0.00091738,0.0158101,-0.999875,0.0621454,0.4,0,0,flat,0,2.76579e-07,2.17017e-06,0.999995,2.05529e-06,0,0,1
2.94,0.740663,0.0554276,0,0.0247145,0.733111,0.0303984,-0.00350803,0.015515,-0.999873,0.0642743,0.4,0,0,flat,0,2.44981e-07,4.88309e-06,0.999993,1.86462e-06,0,0,1
2.96,0.746642,0.0568077,0,0.0221908,0.733404,0.0291183,-0.00603168,0.0166728,-0.999843,0.066314,0.4,0,0,flat,0,2.51236e-07,7.97917e-06,0.99999,1.81161e-06,0,0,1
2.98,0.753887,0.0580684,0,0.0208957,0.733645,0.0297722,-0.00732678,0.0190245,-0.999792,0.0697277,0.4,0,0,flat,0,2.16474e-07,9.77727e-06,0.999988,1.49382e-06,0,0,1
3,0.760594,0.0587746,0,0.0204465,0.733676,0.0309908,-0.00777601,0.0211097,-0.999747,0.0732587,0.4,0,0,flat,0,1.30141e-07,8.24709e-06,0.999991,8.9279e-07,0,0,1
3.02,0.767445,0.0591276,0,0.0210658,0.733483,0.0325537,-0.00715667,0.0226409,-0.999718,0.0765812,0.4,0,0,flat,0,5.73768e-08,4.48584e-06,0.999995,3.74626e-07,0,0,1
3.04,0.774426,0.0591081,0,0.0229065,0.733004,0.0341848,-0.00531598,0.0231959,-0.999717,0.079686,0.4,0,0,flat,0,2.39641e-08,2.28565e-06,0.999998,1.50574e-07,0,0,1
3.06,0.781392,0.0585722,0,0.0262238,0.7321,0.0349318,-0.00199869,0.0208946,-0.99978,0.0808171,0.4,0,0,flat,0,9.96179e-09,1.35665e-06,0.999999,7.50105e-08,0,0,1
3.08,0.788517,0.0572176,0,0.0291978,0.730793,0.0336292,0.000975299,0.014503,-0.999894,0.0819147,0.4,0,0,flat,0,6.79944e-09,1.57241e-06,0.999998,7.73221e-08,0,0,1
3.1,0.796149,0.0554659,0,0.0287585,0.72934,0.0312455,0.00053597,0.0100302,-0.99995,0.0881254,0.4,0,0,flat,0,1.12203e-08,4.33281e-06,0.999996,1.60353e-07,0,0,1
3.12,0.80475,0.0542096,0,0.0253605,0.728969,0.030249,-0.00286204,0.014307,-0.999894,0.0924257,0.4,0,0,flat,0,2.22985e-08,7.81858e-06,0.999992,3.50832e-07,0,0,1
3.14,0.810334,0.0531645,0,0.025438,0.729498,0.0306698,-0.00278446,0.0149502,-0.999884,0.0872215,0.4,0,0,flat,0,1.10795e-08,6.14886e-06,0.999994,2.37462e-07,0,0,1
3.16,0.817604,0.0514842,0,0.0265616,0.730411,0.0298642,-0.00166087,0.0114661,-0.999933,0.0821557,0.4,0,0,flat,0,5.24909e-09,2.36733e-06,0.999997,8.87947e-08,0,0,1
3.18,0.825274,0.0505253,0,0.0244081,0.731046,0.0257202,-0.00381439,0.00592323,-0.999975,0.076897,0.4,0,0,flat,0,1.87536e-09,5.75971e-07,0.999999,3.66222e-08,0,0,1
3.2,0.831391,0.050198,0,0.0225989,0.731216,0.0229912,-0.00562355,0.00202965,-0.999982,0.0745304,0.4,0,0,flat,0,8.94279e-10,1.7514e-07,1,2.41415e-08,0,0,1
3.22,0.837862,0.0501779,0,0.0221294,0.731154,0.0222186,-0.00609311,-0.00025557,-0.999981,0.0729357,0.4,0,0,flat,0,9.62877e-10,1.24504e-07,1,2.64382e-08,0,0,1
3.24,0.844278,0.0504338,0,0.0224468,0.730993,0.0224614,-0.00577574,-0.00157494,-0.999982,0.0700422,0.4,0,0,flat,0,9.1715e-10,7.96002e-08,1,2.08868e-08,0,0,1
3.26,0.850618,0.0507891,0,0.0236346,0.73083,0.0236381,-0.00458791,-0.0021203,-0.999987,0.0689624,0.4,0,0,flat,0,7.66109e-10,8.64171e-08,1,1.89395e-08,0,0,1
3.28,0.856845,0.0511822,0,0.0258284,0.730888,0.0258773,-0.00239414,-0.00370733,-0.99999,0.0694829,0.4,0,0,flat,0,8.50519e-10,1.68314e-07,1,2.31525e-08,0,0,1
3.3,0.863095,0.0518679,0,0.0281693,0.731126,0.0285978,-5.31906e-05,-0.00707293,-0.999975,0.0675749,0.4,0,0,flat,0,9.94308e-10,3.63644e-07,1,3.57397e-08,0,0,1
3.32,0.8693,0.0529819,0,0.0307348,0.731369,0.031824,0.00251231,-0.0104169,-0.999943,0.065467,0.4,0,0,flat,0,1.71245e-09,1.14327e-06,0.999999,7.46695e-08,0,0,1
3.34,0.875846,0.0548023,0,0.0343055,0.731447,0.0358099,0.00608298,-0.0124358,-0.999904,0.0641643,0.4,0,0,flat,0,4.38415e-09,4.76784e-06,0.999995,2.456e-07,0,0,1
3.36,0.880934,0.0568253,0,0.0386099,0.73128,0.0398821,0.0103874,-0.0121537,-0.999872,0.0625686,0.4,0,0,flat,0,1.54768e-08,2.59816e-05,0.999973,1.06992e-06,0,0,1
3.38,0.886563,0.0596175,0,0.0418792,0.73085,0.0423783,0.0136567,-0.00863224,-0.999869,0.0611318,0.4,0,0,flat,0,4.13536e-08,0.00011709,0.999879,3.9002e-06,0,0,1
3.4,0.892295,0.0630332,0,0.0429065,0.729748,0.0429721,0.014684,0.00012839,-0.999892,0.0604473,0.4,0,0,flat,0,5.97308e-08,0.0001893,0.999801,9.7544e-06,0,0,1
3.42,0.898614,0.0658804,0,0.0395528,0.728982,0.0396196,0.0113303,2.91732e-05,-0.999936,0.0598696,0.4,0,0,flat,0,8.65427e-08,0.000322765,0.999666,1.07174e-05,0,0,1
3.44,0.905362,0.0681288,0,0.034544,0.729488,0.0345922,0.00632146,-0.00389921,-0.999972,0.0651458,0.4,0,0,flat,0,1.39906e-07,6.126e-05,0.999914,2.46949e-05,0,0,1
3.46,0.91147,0.0707436,0,0.0325006,0.730449,0.0326104,0.00427808,0.000453929,-0.999991,0.0732297,0.4,0,0,flat,0,1.43618e-07,9.66894e-06,0.999982,8.56049e-06,0,0,1
3.48,0.917668,0.0736545,0,0.0312193,0.73149,0.0326835,0.00299679,0.00748541,-0.999968,0.0759135,0.4,0,0,flat,0,2.71046e-07,3.32393e-06,0.999993,3.24858e-06,0,0,1
3.5,0.924147,0.0763008,0,0.0294334,0.732248,0.0321761,0.00121088,0.0108105,-0.999941,0.0760783,0.4,0,0,flat,0,2.50105e-07,1.35222e-06,0.999997,1.68393e-06,0,0,1
3.52,0.930872,0.0783732,0,0.0271718,0.732711,0.0305041,-0.00105065,0.0116778,-0.999931,0.0785939,0.4,0,0,flat,0,2.00598e-07,2.10195e-06,0.999996,1.47609e-06,0,0,1
3.54,0.937722,0.0800471,0,0.0248417,0.733018,0.0290917,-0.0033808,0.0129599,-0.99991,0.083063,0.4,0,0,flat,0,2.1829e-07,4.73979e-06,0.999993,1.74116e-06,0,0,1
3.56,0.943973,0.0813363,0,0.022497,0.733136,0.0275488,-0.00572547,0.013719,-0.999889,0.0841739,0.4,0,0,flat,0,2.00379e-07,6.89331e-06,0.999991,1.60915e-06,0,0,1
3.58,0.951625,0.0827045,0,0.0208243,0.733212,0.0270751,-0.00739823,0.0151246,-0.999858,0.0829693,0.4,0,0,flat,0,1.93533e-07,9.89818e-06,0.999988,1.37146e-06,0,0,1
3.6,0.95867,0.0833617,0,0.0203411,0.733152,0.0285393,-0.00788138,0.0178348,-0.99981,0.0878305,0.4,0,0,flat,0,1.22871e-07,1.13574e-05,0.999988,8.84001e-07,0,0,1
3.62,0.965814,0.0835765,0,0.0211524,0.732884,0.0301898,-0.00707009,0.0193598,-0.999788,0.0924687,0.4,0,0,flat,0,5.7601e-08,7.76145e-06,0.999992,4.26977e-07,0,0,1
3.64,0.972301,0.0834441,0,0.0230575,0.732386,0.0316324,-0.00516502,0.0194724,-0.999797,0.095435,0.4,0,0,flat,0,2.74212e-08,4.14398e-06,0.999996,1.81274e-07,0,0,1
3.66,0.980326,0.0827602,0,0.0256109,0.731483,0.0322612,-0.00261158,0.0174386,-0.999845,0.0956661,0.4,0,0,flat,0,1.12506e-08,2.01408e-06,0.999998,8.16754e-08,0,0,1
3.68,0.987773,0.0812242,0,0.0285466,0.730217,0.0306387,0.000324136,0.00893819,-0.99996,0.0951151,0.4,0,0,flat,0,6.2541e-09,1.69419e-06,0.999998,6.85203e-08,0,0,1
3.7,0.995673,0.079139,0,0.0280646,0.728693,0.0287702,-0.000157919,0.00413455,-0.999991,0.102699,0.4,0,0,flat,0,5.85886e-09,2.89501e-06,0.999997,1.06246e-07,0,0,1
3.72,1.004,0.0778363,0,0.0238709,0.728247,0.0268718,-0.00435155,0.0101555,-0.999939,0.109449,0.4,0,0,flat,0,1.06405e-08,2.10589e-06,0.999998,2.28582e-07,0,0,1
3.74,1.00994,0.0768141,0,0.0229525,0.72866,0.0268007,-0.00527,0.0116592,-0.999918,0.0989859,0.4,0,0,flat,0,5.39531e-09,1.35432e-06,0.999999,1.36845e-07,0,0,1
3.76,1.01705,0.0751031,0,0.0263229,0.729576,0.0281968,-0.0018996,0.00791343,-0.999967,0.0898004,0.4,0,0,flat,0,3.66982e-09,1.84812e-06,0.999998,5.12073e-08,0,0,1
3.78,1.02314,0.0741453,0,0.0264437,0.730273,0.0274099,-0.00177875,0.00501504,-0.999986,0.0884228,0.4,0,0,flat,0,2.25307e-09,1.34321e-06,0.999999,3.37434e-08,0,0,1
3.8,1.03432,0.0735496,0,0.0227805,0.730783,0.0227881,-0.00544195,-0.0019559,-0.999983,0.0873366,0.4,0,0,flat,0,9.30625e-10,4.56089e-07,1,2.73273e-08,0,0,1
3.82,1.04035,0.0737829,0,0.0209008,0.730499,0.020988,-0.00732172,-0.00400918,-0.999965,0.0855073,0.4,0,0,flat,0,7.8185e-10,1.92081e-07,1,3.17794e-08,0,0,1
3.84,1.04467,0.0741739,0,0.0208506,0.730069,0.0208798,-0.00737188,-0.00317501,-0.999968,0.0843179,0.4,0,0,flat,0,9.76655e-10,1.42799e-07,1,3.36757e-08,0,0,1
3.86,1.05052,0.0748207,0,0.0231808,0.729619,0.0232285,-0.00504171,-0.000774019,-0.999987,0.0843953,0.4,0,0,flat,0,1.25348e-09,1.19846e-07,1,2.70574e-08,0,0,1
3.88,1.0616,0.0763185,0,0.0268895,0.729812,0.0269006,-0.00133296,-0.00278954,-0.999995,0.0807973,0.4,0,0,flat,0,1.32923e-09,1.93147e-07,1,2.41785e-08,0,0,1
3.9,1.06671,0.0773538,0,0.028815,0.729972,0.0291163,0.000592457,-0.00632751,-0.99998,0.0748667,0.4,0,0,flat,0,1.21688e-09,6.09094e-07,0.999999,3.61252e-08,0,0,1
3.92,1.07313,0.0790877,0,0.0301417,0.730068,0.0308635,0.00191915,-0.00879847,-0.999959,0.0701842,0.4,0,0,flat,0,2.42091e-09,3.90725e-06,0.999996,9.44236e-08,0,0,1
3.94,1.08178,0.0822881,0,0.0335656,0.730092,0.0343709,0.00534307,-0.00955014,-0.99994,0.0701046,0.4,0,0,flat,0,6.18026e-09,2.4172e-05,0.999975,3.95182e-07,0,0,1
3.96,1.08517,0.0840041,0,0.0368225,0.72998,0.0374664,0.00860003,-0.00907972,-0.999922,0.0700375,0.4,0,0,flat,0,2.75954e-08,0.000143518,0.999854,2.3195e-06,0,0,1
3.98,1.08902,0.0862773,0,0.0396476,0.72983,0.0400551,0.0114251,-0.00784769,-0.999904,0.0697353,0.4,0,0,flat,0,1.05761e-07,0.000652477,0.999335,1.25691e-05,0,0,1
4,1.09294,0.0888429,0,0.0417703,0.729636,0.0419128,0.0135478,-0.00557632,-0.999893,0.068969,0.4,0,0,flat,0,1.52128e-07,0.000864228,0.999103,3.22627e-05,0,0,1
4.02,1.09826,0.0928885,0,0.0422713,0.728574,0.0425356,0.0140488,0.00252249,-0.999898,0.0626689,0.4,0,0,flat,0,1.00296e-07,0.000189188,0.999781,2.97992e-05,0,0,1
4.04,1.10498,0.0964826,0,0.0368036,0.727484,0.0368374,0.00858111,-0.000724627,-0.999963,0.0609084,0.4,0,0,flat,0,1.95427e-07,0.000162477,0.999807,3.03699e-05,0,0,1
4.06,1.11185,0.0989333,0,0.0278219,0.727567,0.0283906,-0.000400559,-0.00781267,-0.999969,0.0669999,0.4,0,0,flat,0,3.06406e-07,4.14324e-05,0.999875,8.31194e-05,0,0,1
4.08,1.12048,0.102711,0,0.0223458,0.728741,0.0224853,-0.00587673,0.000303452,-0.999983,0.0794047,0.4,0,0,flat,0,5.1581e-07,2.38084e-05,0.999916,5.92893e-05,0,0,1
4.1,1.12435,0.104384,0,0.0213222,0.729629,0.024152,-0.00690031,0.00915695,-0.999934,0.0848221,0.4,0,0,flat,0,5.36527e-07,3.57664e-06,0.99999,6.33685e-06,0,0,1
4.12,1.13196,0.107613,0,0.0216608,0.73108,0.0250081,-0.0065617,0.0103139,-0.999925,0.0754472,0.4,0,0,flat,0,3.88585e-07,1.74581e-06,0.999996,1.6731e-06,0,0,1
4.14,1.13942,0.109768,0,0.0216096,0.731672,0.0231566,-0.00661294,0.00613388,-0.999959,0.0725701,0.4,0,0,flat,0,3.47925e-07,3.2727e-06,0.999995,1.23413e-06,0,0,1
4.16,1.14656,0.111091,0,0.0206181,0.731597,0.0215457,-0.0076044,0.00406144,-0.999963,0.0784631,0.4,0,0,flat,0,1.88872e-07,3.68567e-06,0.999995,7.97778e-07,0,0,1
4.18,1.15724,0.112591,0,0.0160559,0.731515,0.0168583,-0.0121666,0.00295015,-0.999922,0.0820089,0.4,0,0,flat,0,1.20688e-07,2.81968e-06,0.999996,6.94682e-07,0,0,1
4.2,1.16481,0.113223,0,0.0129924,0.731375,0.0158599,-0.0152301,0.00691451,-0.99986,0.0878446,0.4,0,0,flat,0,1.11189e-07,2.49725e-06,0.999997,4.27978e-07,0,0,1
4.22,1.17498,0.113188,0,0.0130172,0.730891,0.0183742,-0.0152053,0.0107858,-0.999826,0.08955,0.4,0,0,flat,0,1.21374e-07,3.95268e-06,0.999996,2.39417e-07,0,0,1
4.24,1.1815,0.112381,0,0.0157989,0.730325,0.0209197,-0.0124236,0.0115315,-0.999856,0.0910895,0.4,0,0,flat,0,4.52579e-08,1.94342e-06,0.999998,1.18503e-07,0,0,1
4.25999,1.18974,0.110579,0,0.0195512,0.729415,0.0220948,-0.00867135,0.00810245,-0.99993,0.0943216,0.4,0,0,flat,0,1.14358e-08,6.54948e-07,0.999999,4.23279e-08,0,0,1
4.27999,1.19356,0.109479,0,0.0214262,0.728897,0.0225171,-0.00679626,0.00473115,-0.999966,0.0956989,0.4,0,0,flat,0,3.82056e-09,3.4423e-07,1,2.03193e-08,0,0,1
4.29999,1.20255,0.106683,0,0.0226675,0.727452,0.0226832,-0.00555498,-0.00146731,-0.999983,0.100291,0.4,0,0,flat,0,4.54438e-09,4.38731e-07,1,3.03773e-08,0,0,1
4.31999,1.20857,0.105188,0,0.021286,0.726824,0.0214404,-0.00693647,0.000351277,-0.999976,0.102607,0.4,0,0,flat,0,1.95066e-08,2.26627e-06,0.999997,1.95837e-07,0,0,1
4.33999,1.21277,0.10433,0,0.019883,0.726842,0.0208598,-0.00833949,0.00411427,-0.999957,0.104303,0.4,0,0,flat,0,6.37747e-09,7.4714e-07,0.999999,1.06981e-07,0,0,1
4.35999,1.21584,0.103589,0,0.0197963,0.727068,0.0214014,-0.00842621,0.00594004,-0.999947,0.104811,0.4,0,0,flat,0,5.35705e-09,5.7697e-07,0.999999,6.96604e-08,0,0,1
4.37999,1.22803,0.100585,0,0.0230432,0.728736,0.023136,-0.00517928,-0.000149764,-0.999987,0.0912981,0.4,0,0,flat,0,5.8329e-09,9.40293e-07,0.999999,4.98138e-08,0,0,1
4.39999,1.23396,0.0999272,0,0.0208496,0.729598,0.0209282,-0.00737285,-0.0039207,-0.999965,0.0861525,0.4,0,0,flat,0,2.12452e-09,1.08003e-06,0.999999,2.00843e-08,0,0,1
4.41999,1.24341,0.099369,0,0.0175387,0.730265,0.017974,-0.0106838,-0.00609644,-0.999924,0.0884083,0.4,0,0,flat,0,1.13109e-09,7.40539e-07,0.999999,2.73753e-08,0,0,1
4.43999,1.24967,0.0995639,0,0.0166053,0.730154,0.0168865,-0.0116172,-0.00523728,-0.999919,0.0880619,0.4,0,0,flat,0,1.13466e-09,2.65976e-07,1,2.55936e-08,0,0,1
4.45999,1.25522,0.100117,0,0.0163098,0.729937,0.0164394,-0.0119127,-0.00421694,-0.99992,0.0853606,0.4,0,0,flat,0,1.06708e-09,1.74994e-07,1,1.57127e-08,0,0,1
4.47999,1.26069,0.100937,0,0.0170243,0.729752,0.0170412,-0.0111982,-0.00281527,-0.999933,0.0821683,0.4,0,0,flat,0,9.82556e-10,1.81194e-07,1,1.27836e-08,0,0,1
4.49999,1.26668,0.101877,0,0.0189577,0.729786,0.0189617,-0.00926482,-0.00229161,-0.999954,0.0829688,0.4,0,0,flat,0,9.69395e-10,3.74201e-07,1,1.56217e-08,0,0,1
4.51999,1.27392,0.103316,0,0.0212271,0.730081,0.0213037,-0.00699542,-0.00393613,-0.999968,0.0818197,0.4,0,0,flat,0,1.37929e-09,1.25206e-06,0.999999,2.92964e-08,0,0,1
4.53999,1.2801,0.105009,0,0.02348,0.730428,0.0239139,-0.00474246,-0.00667636,-0.999966,0.0793965,0.4,0,0,flat,0,2.83274e-09,4.7055e-06,0.999995,7.73568e-08,0,0,1
4.55999,1.28549,0.106993,0,0.0266598,0.730643,0.0272835,-0.00156267,-0.00795584,-0.999967,0.0784974,0.4,0,0,flat,0,7.10073e-09,1.56536e-05,0.999984,3.40797e-07,0,0,1
4.57999,1.29098,0.1098,0,0.0333753,0.730466,0.0336434,0.00515277,-0.00638048,-0.999966,0.0757781,0.4,0,0,flat,0,3.13832e-08,9.75094e-05,0.999901,1.6092e-06,0,0,1
4.59999,1.29759,0.114008,0,0.0372811,0.729481,0.0373198,0.00905859,-0.000580209,-0.999959,0.0725792,0.4,0,0,flat,0,8.03882e-08,0.000335469,0.999657,7.31193e-06,0,0,1
4.61999,1.30412,0.118172,0,0.0373335,0.728211,0.0377391,0.00911099,0.00330775,-0.999953,0.0705701,0.4,0,0,flat,0,1.30611e-07,0.000125921,0.999859,1.47554e-05,0,0,1
4.63999,1.30963,0.120609,0,0.032421,0.728097,0.032429,0.00419854,-0.00171093,-0.99999,0.0705775,0.4,0,0,flat,0,9.96151e-08,3.01368e-05,0.999958,1.19812e-05,0,0,1
4.65999,1.31531,0.123377,0,0.0286206,0.728559,0.0286436,0.00039809,-0.00322229,-0.999995,0.0728771,0.4,0,0,flat,0,7.66488e-08,4.38217e-06,0.999984,1.13276e-05,0,0,1
4.67999,1.32187,0.127018,0,0.026878,0.729684,0.0276287,-0.00134445,0.00420459,-0.99999,0.0772571,0.4,0,0,flat,0,3.20725e-07,7.65106e-06,0.999987,5.12444e-06,0,0,1
4.69999,1.32892,0.130278,0,0.0250476,0.730848,0.0285602,-0.0031749,0.0115343,-0.999928,0.0826256,0.4,0,0,flat,0,2.05548e-07,7.59335e-07,0.999997,1.57991e-06,0,0,1
4.71999,1.33485,0.132487,0,0.0239533,0.731523,0.0283276,-0.00426918,0.0129423,-0.999907,0.0837149,0.4,0,0,flat,0,1.49634e-07,7.88915e-07,0.999998,1.22348e-06,0,0,1
4.73999,1.34368,0.135067,0,0.0220383,0.732115,0.026696,-0.00618418,0.0128862,-0.999898,0.0856479,0.4,0,0,flat,0,1.66691e-07,2.34985e-06,0.999996,1.13083e-06,0,0,1
4.75999,1.34709,0.135836,0,0.0215275,0.732149,0.0266893,-0.00669502,0.013595,-0.999885,0.0900407,0.4,0,0,flat,0,1.38244e-07,2.57486e-06,0.999997,6.41864e-07,0,0,1
4.77999,1.35562,0.137411,0,0.019587,0.732145,0.0252571,-0.00863553,0.0137665,-0.999868,0.0921923,0.4,0,0,flat,0,1.12754e-07,2.57936e-06,0.999997,5.02175e-07,0,0,1
4.79999,1.36358,0.138501,0,0.0180936,0.732138,0.0252359,-0.0101289,0.0154108,-0.99983,0.091935,0.4,0,0,flat,0,9.04457e-08,2.10567e-06,0.999997,3.06467e-07,0,0,1
4.81999,1.37141,0.13891,0,0.018827,0.731968,0.0275855,-0.00939552,0.0179801,-0.999794,0.0950966,0.4,0,0,flat,0,4.95345e-08,1.50297e-06,0.999998,1.72333e-07,0,0,1
4.83999,1.37721,0.138765,0,0.0208458,0.731651,0.0304591,-0.00737675,0.0200282,-0.999772,0.100883,0.4,0,0,flat,0,2.34271e-08,8.47512e-07,0.999999,8.24658e-08,0,0,1
4.85999,1.38617,0.137936,0,0.0242971,0.730806,0.0317415,-0.00392539,0.018243,-0.999826,0.105093,0.4,0,0,flat,0,8.76036e-09,3.19993e-07,1,3.46527e-08,0,0,1
4.87999,1.39213,0.136926,0,0.0269031,0.729872,0.0318521,-0.00131941,0.0148736,-0.999889,0.105863,0.4,0,0,flat,0,4.03727e-09,2.86931e-07,1,2.38676e-08,0,0,1
4.89999,1.40175,0.134708,0,0.0276837,0.728209,0.0297422,-0.000538755,0.00868622,-0.999962,0.109991,0.4,0,0,flat,0,4.56623e-09,5.43325e-07,0.999999,4.23255e-08,0,0,1
4.91999,1.40935,0.133379,0,0.0248816,0.727742,0.0282559,-0.00334085,0.0112068,-0.999932,0.1159,0.4,0,0,flat,0,1.10404e-08,2.31574e-06,0.999997,1.70025e-07,0,0,1
4.93999,1.41552,0.132309,0,0.024121,0.728206,0.0287309,-0.00410149,0.0134313,-0.999901,0.114867,0.4,0,0,flat,0,4.55552e-09,1.06728e-06,0.999999,1.12822e-07,0,0,1
4.95999,1.42319,0.130804,0,0.0256174,0.7292,0.0285247,-0.00260511,0.010357,-0.999943,0.105416,0.4,0,0,flat,0,2.48866e-09,7.76791e-07,0.999999,3.67903e-08,0,0,1
4.97999,1.43017,0.129896,0,0.0254127,0.730009,0.0268984,-0.00280983,0.00662562,-0.999974,0.101594,0.4,0,0,flat,0,2.06013e-09,9.43792e-07,0.999999,2.32877e-08,0,0,1
4.99999,1.43645,0.12948,0,0.0236026,0.730434,0.0242407,-0.00461986,0.00332155,-0.999984,0.103681,0.4,0,0,flat,0,1.06362e-09,2.93672e-07,1,2.37302e-08,0,0,1
5.01999,1.44379,0.129624,0,0.0220826,0.730559,0.0222266,-0.00613992,0.000303405,-0.999981,0.102257,0.4,0,0,flat,0,9.71781e-10,1.31314e-07,1,2.04273e-08,0,0,1
5.03999,1.45024,0.130238,0,0.0217096,0.730501,0.0217385,-0.00651289,-0.00114201,-0.999978,0.0975562,0.4,0,0,flat,0,1.29704e-09,1.34768e-07,1,2.16113e-08,0,0,1
5.05999,1.45649,0.130954,0,0.0226596,0.730412,0.0226806,-0.0055629,-0.00137881,-0.999984,0.0960713,0.4,0,0,flat,0,1.13176e-09,1.45797e-07,1,2.02282e-08,0,0,1
5.07999,1.4626,0.131737,0,0.0246438,0.730485,0.0246479,-0.00357866,-0.00241537,-0.999991,0.0960926,0.4,0,0,flat,0,1.12238e-09,2.9324e-07,1,2.48459e-08,0,0,1
5.09999,1.46869,0.132758,0,0.0269057,0.730743,0.0270377,-0.00131679,-0.00479911,-0.999988,0.0951272,0.4,0,0,flat,0,1.25475e-09,7.51194e-07,0.999999,3.88599e-08,0,0,1
5.11999,1.4747,0.134161,0,0.0294809,0.73108,0.0300413,0.00125845,-0.00792885,-0.999968,0.0936353,0.4,0,0,flat,0,1.94746e-09,2.27645e-06,0.999998,7.78971e-08,0,0,1
5.13999,1.48043,0.136068,0,0.0331607,0.731294,0.0341272,0.00493822,-0.010224,-0.999936,0.0921734,0.4,0,0,flat,0,4.64101e-09,9.01675e-06,0.999991,2.35038e-07,0,0,1
5.15999,1.486,0.138542,0,0.0369744,0.731329,0.0379094,0.00875195,-0.0105254,-0.999906,0.0902367,0.4,0,0,flat,0,1.61273e-08,5.11738e-05,0.999948,9.6438e-07,0,0,1
5.17999,1.49134,0.141523,0,0.0407463,0.73102,0.0409851,0.0125238,-0.0065539,-0.9999,0.0893834,0.4,0,0,flat,0,4.0892e-08,0.00020164,0.999795,3.79148e-06,0,0,1
5.19999,1.49673,0.145051,0,0.0420497,0.730053,0.0421045,0.0138272,-0.000105859,-0.999904,0.0882553,0.4,0,0,flat,0,5.62731e-08,0.000436162,0.999556,8.13222e-06,0,0,1
5.21999,1.50269,0.148379,0,0.0392733,0.729054,0.0394114,0.0110508,0.00106766,-0.999938,0.0862888,0.4,0,0,flat,0,7.96786e-08,0.000430355,0.999559,1.09443e-05,0,0,1
5.23999,1.5086,0.150627,0,0.0336822,0.729248,0.0337248,0.00545968,-0.0037809,-0.999978,0.0909106,0.4,0,0,flat,0,1.56613e-07,0.000160567,0.999815,2.44288e-05,0,0,1
5.25999,1.51524,0.15355,0,0.0308747,0.730112,0.0309214,0.00265224,-0.000539921,-0.999996,0.100392,0.4,0,0,flat,0,1.66619e-07,1.84875e-05,0.999974,7.38172e-06,0,0,1
5.27999,1.5212,0.156432,0,0.0290311,0.731056,0.0297742,0.00080864,0.00441468,-0.99999,0.101693,0.4,0,0,flat,0,1.48408e-07,1.3782e-06,0.999997,1.835e-06,0,0,1
5.29999,1.52669,0.158991,0,0.0275365,0.731713,0.0292816,-0.000685976,0.00776861,-0.99997,0.0999302,0.4,0,0,flat,0,2.28962e-07,1.57859e-06,0.999997,1.65556e-06,0,0,1
5.31999,1.53374,0.16136,0,0.0258921,0.732219,0.0287516,-0.00233038,0.0103123,-0.999944,0.105146,0.4,0,0,flat,0,2.3695e-07,3.73978e-06,0.999995,1.42409e-06,0,0,1
5.33999,1.54046,0.163088,0,0.0237063,0.73252,0.0268696,-0.00451622,0.0104601,-0.999935,0.107304,0.4,0,0,flat,0,2.00124e-07,5.8746e-06,0.999992,1.54359e-06,0,0,1
5.35999,1.54802,0.164752,0,0.0213037,0.73278,0.0252996,-0.00691884,0.0114638,-0.99991,0.108011,0.4,0,0,flat,0,2.18646e-07,9.26146e-06,0.999989,1.56035e-06,0,0,1
5.37999,1.55423,0.165733,0,0.0200435,0.732892,0.0256366,-0.00817904,0.0138064,-0.999871,0.111325,0.4,0,0,flat,0,1.94769e-07,1.22358e-05,0.999986,1.23601e-06,0,0,1
5.39999,1.56127,0.166429,0,0.0195287,0.73288,0.0267985,-0.00869379,0.0161725,-0.999831,0.11454,0.4,0,0,flat,0,1.27721e-07,1.20048e-05,0.999987,7.63854e-07,0,0,1
5.41999,1.56839,0.166816,0,0.020415,0.732682,0.0285101,-0.00780751,0.0177197,-0.999812,0.115691,0.4,0,0,flat,0,5.91223e-08,6.59136e-06,0.999993,3.41483e-07,0,0,1
5.43999,1.57543,0.166725,0,0.0235913,0.732171,0.0308597,-0.00463125,0.0177131,-0.999832,0.117187,0.4,0,0,flat,0,2.45447e-08,3.96577e-06,0.999996,1.49177e-07,0,0,1
5.45999,1.58273,0.165951,0,0.0267095,0.73138,0.0317715,-0.00151301,0.0150262,-0.999886,0.120363,0.4,0,0,flat,0,1.1629e-08,2.5631e-06,0.999997,8.30166e-08,0,0,1
5.47999,1.59039,0.164366,0,0.0282472,0.730133,0.0298203,2.47298e-05,0.0073655,-0.999973,0.121578,0.4,0,0,flat,0,6.40894e-09,2.2403e-06,0.999998,6.46934e-08,0,0,1
5.49999,1.59843,0.16263,0,0.0269168,0.728771,0.0276654,-0.00130573,0.00419781,-0.99999,0.127141,0.4,0,0,flat,0,1.18438e-08,6.50429e-06,0.999993,1.48779e-07,0,0,1
5.51999,1.60671,0.161609,0,0.0229918,0.728573,0.0261318,-0.00523069,0.0102345,-0.999934,0.129703,0.4,0,0,flat,0,1.19397e-08,3.80815e-06,0.999996,1.99441e-07,0,0,1
5.53999,1.61383,0.160057,0,0.0242394,0.729203,0.0272529,-0.00398315,0.0102697,-0.999939,0.125149,0.4,0,0,flat,0,6.92784e-09,3.81957e-06,0.999996,1.42124e-07,0,0,1
5.55999,1.62048,0.158527,0,0.0269505,0.729975,0.0283612,-0.00127195,0.00664602,-0.999977,0.120364,0.4,0,0,flat,0,3.08156e-09,2.64778e-06,0.999997,5.9623e-08,0,0,1
5.57999,1.62845,0.157656,0,0.0255359,0.730648,0.0259303,-0.00268664,0.00230888,-0.999994,0.115206,0.4,0,0,flat,0,1.68675e-09,8.19115e-07,0.999999,3.21149e-08,0,0,1
5.59999,1.63464,0.157322,0,0.0233215,0.730855,0.0233335,-0.00490101,-0.00158659,-0.999987,0.113744,0.4,0,0,flat,0,9.65621e-10,4.19499e-07,1,2.67115e-08,0,0,1
5.61999,1.64169,0.157327,0,0.0231073,0.730764,0.0231282,-0.00511524,-0.00303105,-0.999982,0.114188,0.4,0,0,flat,0,1.27409e-09,2.77688e-07,1,3.83164e-08,0,0,1
5.63999,1.64677,0.157669,0,0.0234081,0.730618,0.0234838,-0.00481441,-0.00398939,-0.99998,0.110685,0.4,0,0,flat,0,1.35125e-09,1.82134e-07,1,2.99968e-08,0,0,1
5.65999,1.65363,0.158339,0,0.0245822,0.730428,0.0246794,-0.00364027,-0.00431587,-0.999984,0.10751,0.4,0,0,flat,0,1.27601e-09,1.64828e-07,1,2.42595e-08,0,0,1
5.67999,1.65977,0.159069,0,0.0264914,0.730339,0.0265863,-0.00173106,-0.00434845,-0.999989,0.106286,0.4,0,0,flat,0,1.3569e-09,3.74953e-07,1,2.99478e-08,0,0,1
5.69999,1.66575,0.159839,0,0.0292677,0.730468,0.0294623,0.00104525,-0.00552714,-0.999984,0.107443,0.4,0,0,flat,0,1.59407e-09,1.10835e-06,0.999999,5.05373e-08,0,0,1
5.71999,1.6717,0.160999,0,0.0320541,0.730725,0.0326616,0.00383158,-0.00842415,-0.999957,0.105596,0.4,0,0,flat,0,2.64231e-09,3.62713e-06,0.999996,1.08899e-07,0,0,1
5.73999,1.67733,0.16268,0,0.0359272,0.730884,0.0368714,0.00770471,-0.0104547,-0.999916,0.103304,0.4,0,0,flat,0,6.09046e-09,1.23975e-05,0.999987,2.98127e-07,0,0,1
5.75999,1.68279,0.164943,0,0.0396897,0.730889,0.0405331,0.0114672,-0.0103879,-0.99988,0.100925,0.4,0,0,flat,0,2.50728e-08,8.55565e-05,0.999913,1.18822e-06,0,0,1
5.77999,1.68816,0.167715,0,0.0424142,0.730689,0.0426392,0.0141917,-0.00651047,-0.999878,0.100621,0.4,0,0,flat,0,4.98082e-08,0.000251829,0.999743,5.2898e-06,0,0,1
5.79999,1.69354,0.171058,0,0.0433906,0.729875,0.0435002,0.0151681,0.000847772,-0.999885,0.0997767,0.4,0,0,flat,0,6.42605e-08,0.00052042,0.999469,1.10145e-05,0,0,1
5.81999,1.69877,0.173967,0,0.0410758,0.729081,0.0414048,0.0128533,0.00299997,-0.999913,0.0990199,0.4,0,0,flat,0,1.04816e-07,0.000733725,0.999251,1.48021e-05,0,0,1
5.83999,1.70571,0.176823,0,0.0356443,0.729435,0.0356514,0.00742181,-0.00182291,-0.999971,0.101921,0.4,0,0,flat,0,1.97136e-07,0.000199376,0.999776,2.39853e-05,0,0,1
5.85999,1.71158,0.179649,0,0.0333182,0.730317,0.0334586,0.00509569,0.000826344,-0.999987,0.109475,0.4,0,0,flat,0,1.68684e-07,1.57095e-05,0.999978,5.70912e-06,0,0,1
5.87999,1.71815,0.182979,0,0.0310084,0.731406,0.0326999,0.00278589,0.00819182,-0.999963,0.115096,0.4,0,0,flat,0,2.88489e-07,4.45828e-06,0.999992,3.1816e-06,0,0,1
5.89999,1.72369,0.185547,0,0.0286325,0.732108,0.0318334,0.000410015,0.0117279,-0.999931,0.115081,0.4,0,0,flat,0,2.71545e-07,1.52466e-06,0.999997,1.5962e-06,0,0,1
5.91999,1.73064,0.188145,0,0.0266111,0.732636,0.03059,-0.00161139,0.0129064,-0.999915,0.11646,0.4,0,0,flat,0,2.28599e-07,2.70058e-06,0.999996,1.48352e-06,0,0,1
5.93999,1.73584,0.189711,0,0.024216,0.732931,0.0288757,-0.00400652,0.013544,-0.9999,0.117995,0.4,0,0,flat,0,2.46258e-07,6.56334e-06,0.999992,1.66064e-06,0,0,1
5.95999,1.74248,0.191412,0,0.021903,0.733259,0.0277772,-0.00631949,0.0149038,-0.999869,0.119296,0.4,0,0,flat,0,2.51534e-07,1.01981e-05,0.999988,1.81069e-06,0,0,1
5.97999,1.74984,0.192858,0,0.0206195,0.73349,0.0283255,-0.00760304,0.0172392,-0.999822,0.122203,0.4,0,0,flat,0,2.12621e-07,1.3576e-05,0.999985,1.50316e-06,0,0,1
5.99999,1.75597,0.193722,0,0.0202433,0.733532,0.0293833,-0.00797917,0.019118,-0.999785,0.124578,0.4,0,0,flat,0,1.27258e-07,1.28418e-05,0.999986,8.89665e-07,0,0,1
6.01999,1.76353,0.194393,0,0.0214555,0.733322,0.0313997,-0.00676699,0.020747,-0.999762,0.127302,0.4,0,0,flat,0,5.94534e-08,7.94315e-06,0.999992,3.99456e-07,0,0,1
6.03999,1.77044,0.194532,0,0.0241853,0.73278,0.0331741,-0.00403724,0.0205245,-0.999781,0.129381,0.4,0,0,flat,0,2.52368e-08,4.52394e-06,0.999995,1.7498e-07,0,0,1
6.05999,1.77821,0.193906,0,0.0274473,0.731756,0.0331885,-0.000775152,0.0164752,-0.999864,0.131018,0.4,0,0,flat,0,1.12943e-08,2.88805e-06,0.999997,9.11784e-08,0,0,1
6.08,1.78472,0.192642,0,0.0294204,0.730487,0.0315739,0.00119793,0.00926776,-0.999956,0.131554,0.4,0,0,flat,0,7.49836e-09,2.91194e-06,0.999997,8.34742e-08,0,0,1
6.1,1.7925,0.191146,0,0.0280354,0.729159,0.0293691,-0.000187143,0.00656029,-0.999978,0.13874,0.4,0,0,flat,0,1.88067e-08,9.30956e-06,0.99999,2.70766e-07,0,0,1
6.12,1.80027,0.190195,0,0.0252987,0.728949,0.0285706,-0.00292381,0.0110895,-0.999934,0.14163,0.4,0,0,flat,0,1.49055e-08,7.7197e-06,0.999992,2.65809e-07,0,0,1
6.14,1.80722,0.188971,0,0.0259793,0.729643,0.0291224,-0.00224322,0.0109709,-0.999937,0.132813,0.4,0,0,flat,0,8.60644e-09,7.63866e-06,0.999992,1.82425e-07,0,0,1
6.16,1.8139,0.187529,0,0.0272766,0.730487,0.0289376,-0.00094594,0.00747593,-0.999972,0.126092,0.4,0,0,flat,0,3.5027e-09,3.18027e-06,0.999997,6.88649e-08,0,0,1
6.18,1.82076,0.186557,0,0.026437,0.731117,0.0269361,-0.00178548,0.00296507,-0.999994,0.123612,0.4,0,0,flat,0,1.42012e-09,1.30805e-06,0.999999,3.37585e-08,0,0,1
6.2,1.82751,0.186148,0,0.0245508,0.73138,0.0245607,-0.00367171,-0.00168014,-0.999992,0.124193,0.4,0,0,flat,0,8.17827e-10,3.49158e-07,1,3.25267e-08,0,0,1
6.22,1.83398,0.186299,0,0.0233201,0.731282,0.0234685,-0.00490241,-0.00477159,-0.999977,0.123087,0.4,0,0,flat,0,8.51659e-10,1.77213e-07,1,3.01269e-08,0,0,1
6.24,1.84002,0.186805,0,0.0245356,0.731078,0.0247156,-0.00368688,-0.00511404,-0.99998,0.121536,0.4,0,0,flat,0,1.38728e-09,1.64048e-07,1,3.55622e-08,0,0,1
6.26,1.84605,0.187448,0,0.0263801,0.731033,0.0265751,-0.00184237,-0.00535105,-0.999984,0.119941,0.4,0,0,flat,0,1.4085e-09,1.72362e-07,1,3.22321e-08,0,0,1
6.28,1.85209,0.188218,0,0.0284051,0.731178,0.0287847,0.00018256,-0.00680412,-0.999977,0.117821,0.4,0,0,flat,0,1.19803e-09,2.94559e-07,1,3.28369e-08,0,0,1
6.3,1.85805,0.189177,0,0.0307207,0.731398,0.0314415,0.00249819,-0.00885512,-0.999958,0.116148,0.4,0,0,flat,0,1.28019e-09,8.44228e-07,0.999999,4.9088e-08,0,0,1
6.32,1.86386,0.190466,0,0.0333916,0.731582,0.0346146,0.00516905,-0.0112881,-0.999923,0.114501,0.4,0,0,flat,0,2.12681e-09,2.99709e-06,0.999997,1.06835e-07,0,0,1
6.34,1.86947,0.192236,0,0.0364827,0.731629,0.0380804,0.00826024,-0.0130751,-0.99988,0.11269,0.4,0,0,flat,0,5.60949e-09,1.45302e-05,0.999985,3.31482e-07,0,0,1
6.36,1.87476,0.194536,0,0.0401461,0.731468,0.0414422,0.0119236,-0.0124437,-0.999851,0.111439,0.4,0,0,flat,0,1.76146e-08,6.88261e-05,0.99993,1.35639e-06,0,0,1
6.38,1.87944,0.197035,0,0.0427404,0.73113,0.0433849,0.014518,-0.00960408,-0.999848,0.110082,0.4,0,0,flat,0,4.71949e-08,0.000302772,0.999692,4.7524e-06,0,0,1
6.4,1.88572,0.201059,0,0.0439901,0.729855,0.0440004,0.0157676,-0.00147206,-0.999875,0.109354,0.4,0,0,flat,0,5.80829e-08,0.000493613,0.999494,1.19524e-05,0,0,1
6.42,1.89101,0.203619,0,0.0407093,0.729147,0.0407414,0.0124868,-0.000630413,-0.999922,0.108531,0.4,0,0,flat,0,9.83558e-08,0.000728866,0.999256,1.46305e-05,0,0,1
6.44,1.89728,0.206036,0,0.0356065,0.729521,0.0357166,0.007384,-0.00492917,-0.999961,0.111639,0.4,0,0,flat,0,1.51714e-07,0.000180852,0.99979,2.92477e-05,0,0,1
6.46,1.90294,0.208836,0,0.0333486,0.730367,0.0333641,0.00512609,-0.00128243,-0.999986,0.118048,0.4,0,0,flat,0,1.65251e-07,2.50815e-05,0.999967,8.25315e-06,0,0,1
6.48,1.90875,0.211825,0,0.0315877,0.73135,0.0326068,0.0033652,0.0058934,-0.999977,0.121921,0.4,0,0,flat,0,3.02182e-07,6.46227e-06,0.999989,3.9184e-06,0,0,1
6.5,1.9149,0.214495,0,0.0291673,0.732111,0.0315607,0.000944755,0.00986828,-0.999951,0.124445,0.4,0,0,flat,0,2.59788e-07,2.23985e-06,0.999995,2.16157e-06,0,0,1
6.52001,1.92126,0.216735,0,0.0266362,0.73261,0.0299161,-0.00158631,0.0114346,-0.999933,0.126892,0.4,0,0,flat,0,1.96321e-07,2.6075e-06,0.999995,1.62367e-06,0,0,1
6.54001,1.92774,0.218642,0,0.0245559,0.732988,0.0287827,-0.00366657,0.012833,-0.999911,0.129088,0.4,0,0,flat,0,1.89683e-07,4.29398e-06,0.999994,1.4571e-06,0,0,1
6.56001,1.93433,0.220217,0,0.0224467,0.733256,0.0284116,-0.00577582,0.0152366,-0.999867,0.132194,0.4,0,0,flat,0,1.96749e-07,7.85121e-06,0.99999,1.4055e-06,0,0,1
6.58001,1.94109,0.221439,0,0.0209456,0.733318,0.0285873,-0.00727688,0.0172755,-0.999824,0.134901,0.4,0,0,flat,0,1.63528e-07,1.06697e-05,0.999988,1.06978e-06,0,0,1
6.60001,1.94801,0.222371,0,0.0200702,0.733249,0.0288633,-0.00815233,0.0185622,-0.999794,0.135396,0.4,0,0,flat,0,9.94628e-08,8.90727e-06,0.99999,5.92755e-07,0,0,1
6.62001,1.95495,0.222878,0,0.0210511,0.733006,0.0307455,-0.00717139,0.0202305,-0.99977,0.138369,0.4,0,0,flat,0,4.71157e-08,6.09398e-06,0.999994,2.80856e-07,0,0,1
6.64001,1.96186,0.222917,0,0.0240589,0.732439,0.03274,-0.00416359,0.0200224,-0.999791,0.140693,0.4,0,0,flat,0,2.08322e-08,3.63163e-06,0.999996,1.31333e-07,0,0,1
6.66001,1.96895,0.222347,0,0.0269047,0.731521,0.0335067,-0.0013178,0.0177885,-0.999841,0.142142,0.4,0,0,flat,0,1.05704e-08,2.32257e-06,0.999997,7.83799e-08,0,0,1
6.68001,1.9757,0.221168,0,0.0289669,0.730342,0.0319959,0.000744448,0.0114015,-0.999935,0.144678,0.4,0,0,flat,0,7.01156e-09,2.28097e-06,0.999998,7.26902e-08,0,0,1
6.70001,1.98443,0.219516,0,0.0270623,0.728767,0.0287495,-0.00116018,0.00751572,-0.999971,0.150033,0.4,0,0,flat,0,1.24508e-08,6.25523e-06,0.999994,1.69062e-07,0,0,1
6.72001,1.99246,0.218725,0,0.0230954,0.728624,0.0274989,-0.00512711,0.0127432,-0.999906,0.151993,0.4,0,0,flat,0,1.12146e-08,3.29957e-06,0.999996,2.15556e-07,0,0,1
6.74001,1.99884,0.21758,0,0.0232731,0.729218,0.0272966,-0.00494937,0.012082,-0.999915,0.145247,0.4,0,0,flat,0,6.57981e-09,4.20602e-06,0.999996,1.37346e-07,0,0,1
6.76001,2.00616,0.21604,0,0.0251472,0.730134,0.0272135,-0.00307534,0.00821503,-0.999962,0.139206,0.4,0,0,flat,0,2.72696e-09,1.89835e-06,0.999998,4.77049e-08,0,0,1
6.78001,2.01294,0.215185,0,0.0247276,0.730757,0.0256157,-0.00349486,0.00449644,-0.999984,0.139155,0.4,0,0,flat,0,1.45181e-09,7.99886e-07,0.999999,2.84362e-08,0,0,1
6.80001,2.01977,0.214954,0,0.0225113,0.731045,0.0226016,-0.00571121,-0.0002019,-0.999984,0.138085,0.4,0,0,flat,0,9.87972e-10,2.66014e-07,1,2.75515e-08,0,0,1
6.82001,2.0263,0.215258,0,0.0211668,0.730993,0.0211971,-0.00705571,-0.00316567,-0.99997,0.134985,0.4,0,0,flat,0,1.0743e-09,1.93233e-07,1,2.93111e-08,0,0,1
6.84001,2.03244,0.215806,0,0.0217718,0.730785,0.0218234,-0.00645071,-0.00361996,-0.999973,0.133417,0.4,0,0,flat,0,1.37825e-09,1.86758e-07,1,3.26882e-08,0,0,1
6.86001,2.03848,0.216451,0,0.0235688,0.730666,0.0236381,-0.00465367,-0.0039336,-0.999981,0.132237,0.4,0,0,flat,0,1.43714e-09,2.48044e-07,1,3.1785e-08,0,0,1
6.88001,2.04454,0.217251,0,0.0257021,0.730722,0.0258335,-0.00252035,-0.00474734,-0.999986,0.131175,0.4,0,0,flat,0,1.29288e-09,4.00209e-07,1,3.28286e-08,0,0,1
6.90001,2.05052,0.218205,0,0.028268,0.730955,0.0286123,4.54872e-05,-0.0065759,-0.999978,0.130521,0.4,0,0,flat,0,1.45044e-09,1.04674e-06,0.999999,5.00497e-08,0,0,1
6.92001,2.05636,0.219513,0,0.0311823,0.731215,0.0320034,0.00295981,-0.00935726,-0.999952,0.128747,0.4,0,0,flat,0,2.30788e-09,3.28506e-06,0.999997,1.07388e-07,0,0,1
6.94001,2.06207,0.221302,0,0.0342827,0.731404,0.0355593,0.0060602,-0.0116076,-0.999914,0.127064,0.4,0,0,flat,0,5.99114e-09,1.3935e-05,0.999986,3.32546e-07,0,0,1
6.96002,2.06738,0.223612,0,0.0382919,0.731361,0.0393008,0.0100694,-0.0110091,-0.999889,0.126447,0.4,0,0,flat,0,1.74584e-08,5.72821e-05,0.999941,1.38182e-06,0,0,1
6.98002,2.07253,0.226458,0,0.0415449,0.731021,0.0418659,0.0133224,-0.0073198,-0.999884,0.125534,0.4,0,0,flat,0,4.38522e-08,0.000234617,0.999761,4.75421e-06,0,0,1
7.00002,2.07772,0.229902,0,0.042706,0.730023,0.0427857,0.0144835,0.000366431,-0.999895,0.124377,0.4,0,0,flat,0,6.05365e-08,0.000377493,0.999611,1.10404e-05,0,0,1
7.02002,2.0835,0.233024,0,0.039645,0.729203,0.0397743,0.0114225,0.00095843,-0.999934,0.12325,0.4,0,0,flat,0,8.35433e-08,0.000682404,0.999305,1.24678e-05,0,0,1
7.04002,2.08965,0.235525,0,0.0350866,0.729636,0.035097,0.00686411,-0.00283914,-0.999972,0.12797,0.4,0,0,flat,0,1.44091e-07,0.000136126,0.999838,2.61923e-05,0,0,1
7.06002,2.09548,0.23827,0,0.0326757,0.730541,0.0328527,0.0044532,0.00118992,-0.999989,0.137383,0.4,0,0,flat,0,1.48219e-07,1.28691e-05,0.999982,5.50594e-06,0,0,1
7.08002,2.10133,0.241265,0,0.0305345,0.731491,0.0317396,0.00231198,0.00646789,-0.999976,0.138979,0.4,0,0,flat,0,1.32729e-07,8.35468e-07,0.999997,1.66696e-06,0,0,1
7.10002,2.10733,0.244194,0,0.0283708,0.732167,0.0308481,0.000148348,0.00991976,-0.999951,0.13752,0.4,0,0,flat,0,2.3125e-07,1.47023e-06,0.999997,1.84079e-06,0,0,1
7.12002,2.11362,0.246519,0,0.0262977,0.732601,0.0298782,-0.00192485,0.0119959,-0.999926,0.141981,0.4,0,0,flat,0,2.15091e-07,2.9494e-06,0.999995,1.39714e-06,0,0,1
7.14002,2.12016,0.24851,0,0.0238274,0.732942,0.0281947,-0.00439505,0.0128921,-0.999907,0.144587,0.4,0,0,flat,0,1.97288e-07,4.23565e-06,0.999994,1.53679e-06,0,0,1
7.16002,2.1275,0.250422,0,0.0215324,0.733251,0.0271235,-0.00669009,0.0143125,-0.999875,0.145646,0.4,0,0,flat,0,1.99763e-07,7.02001e-06,0.999991,1.52096e-06,0,0,1
7.18002,2.13354,0.251645,0,0.0203366,0.7334,0.0278715,-0.00788586,0.0168785,-0.999826,0.148404,0.4,0,0,flat,0,1.73752e-07,1.04638e-05,0.999988,1.299e-06,0,0,1
7.20002,2.14044,0.252666,0,0.0199481,0.733419,0.0290732,-0.00827442,0.0189693,-0.999786,0.150943,0.4,0,0,flat,0,1.09642e-07,1.07632e-05,0.999988,8.12774e-07,0,0,1
7.22002,2.14811,0.253323,0,0.0214672,0.733147,0.0311653,-0.00675528,0.0204147,-0.999769,0.154438,0.4,0,0,flat,0,5.20089e-08,7.079e-06,0.999992,3.88521e-07,0,0,1
7.24002,2.15451,0.253463,0,0.0238033,0.732647,0.0328109,-0.00441923,0.0203999,-0.999782,0.15704,0.4,0,0,flat,0,2.36061e-08,4.20276e-06,0.999996,1.78638e-07,0,0,1
7.26002,2.16181,0.253037,0,0.0267296,0.73179,0.0331543,-0.00149287,0.0174304,-0.999847,0.158334,0.4,0,0,flat,0,1.12681e-08,2.73879e-06,0.999997,9.64066e-08,0,0,1
7.28002,2.16936,0.251726,0,0.0287957,0.730467,0.0311787,0.000573232,0.00976571,-0.999952,0.158976,0.4,0,0,flat,0,7.38267e-09,2.81004e-06,0.999997,9.14351e-08,0,0,1
7.30002,2.17737,0.25028,0,0.0275537,0.729057,0.0289046,-0.000668787,0.00654091,-0.999978,0.164769,0.4,0,0,flat,0,1.35318e-08,7.1224e-06,0.999993,1.93462e-07,0,0,1
7.32002,2.18531,0.249448,0,0.0248128,0.728829,0.0282285,-0.00340972,0.0112731,-0.999931,0.167336,0.4,0,0,flat,0,1.31925e-08,4.00325e-06,0.999996,2.45654e-07,0,0,1
7.34002,2.19186,0.248461,0,0.0245531,0.729402,0.0279825,-0.00366937,0.011237,-0.99993,0.159337,0.4,0,0,flat,0,7.7149e-09,5.06449e-06,0.999995,1.6062e-07,0,0,1
7.36002,2.19948,0.247065,0,0.025235,0.730256,0.0271301,-0.00298746,0.00777286,-0.999965,0.153546,0.4,0,0,flat,0,2.75462e-09,1.63884e-06,0.999998,5.2233e-08,0,0,1
7.38002,2.20641,0.24638,0,0.0242321,0.730837,0.0248407,-0.00399038,0.00326822,-0.999987,0.151514,0.4,0,0,flat,0,1.28643e-09,5.60597e-07,0.999999,2.87711e-08,0,0,1
7.40003,2.21322,0.24634,0,0.0224329,0.731096,0.0224641,-0.00578958,-0.0010815,-0.999983,0.149741,0.4,0,0,flat,0,8.90195e-10,2.2e-07,1,2.47476e-08,0,0,1
7.42003,2.21975,0.246817,0,0.0214526,0.731028,0.0214959,-0.00676991,-0.00344546,-0.999971,0.146849,0.4,0,0,flat,0,1.00552e-09,1.55678e-07,1,2.6294e-08,0,0,1
7.44003,2.226,0.247566,0,0.0219192,0.730767,0.0219785,-0.00630326,-0.0037301,-0.999973,0.144737,0.4,0,0,flat,0,1.15998e-09,1.42137e-07,1,2.96837e-08,0,0,1
7.46003,2.23212,0.24842,0,0.0236188,0.730537,0.0236608,-0.00460366,-0.00350128,-0.999983,0.14401,0.4,0,0,flat,0,1.22346e-09,1.95878e-07,1,3.09578e-08,0,0,1
7.48003,2.23761,0.249277,0,0.0258436,0.730514,0.0259004,-0.00237887,-0.00380351,-0.99999,0.14447,0.4,0,0,flat,0,1.231e-09,3.49116e-07,1,3.42778e-08,0,0,1
7.50003,2.24424,0.250489,0,0.0285165,0.730764,0.0287599,0.000293975,-0.00587087,-0.999983,0.144166,0.4,0,0,flat,0,1.32884e-09,7.44419e-07,0.999999,4.83743e-08,0,0,1
7.52003,2.25013,0.252004,0,0.0315563,0.731035,0.0322705,0.00333377,-0.00890578,-0.999955,0.141766,0.4,0,0,flat,0,2.11207e-09,2.28618e-06,0.999998,9.58709e-08,0,0,1
7.54003,2.25591,0.254033,0,0.0343033,0.731202,0.0354788,0.00608078,-0.0112229,-0.999919,0.13949,0.4,0,0,flat,0,5.97819e-09,1.2286e-05,0.999987,2.86661e-07,0,0,1
7.56003,2.26142,0.256576,0,0.038006,0.731202,0.0390146,0.0097835,-0.0109741,-0.999892,0.138822,0.4,0,0,flat,0,1.80605e-08,5.37363e-05,0.999945,1.34568e-06,0,0,1
7.58003,2.26667,0.259617,0,0.0411931,0.730919,0.0414623,0.0129706,-0.0068463,-0.999892,0.138703,0.4,0,0,flat,0,4.63539e-08,0.000246109,0.999748,5.53313e-06,0,0,1
7.60003,2.27194,0.263242,0,0.0423913,0.729956,0.0425089,0.0141688,0.000935961,-0.999899,0.137964,0.4,0,0,flat,0,6.6492e-08,0.000421772,0.999565,1.3004e-05,0,0,1
7.62003,2.27785,0.266655,0,0.0391237,0.729081,0.0393751,0.0109012,0.00221978,-0.999938,0.136989,0.4,0,0,flat,0,9.90481e-08,0.000816991,0.999167,1.58635e-05,0,0,1
7.64003,2.2835,0.269196,0,0.0342922,0.729376,0.034298,0.00606969,-0.00176967,-0.99998,0.140769,0.4,0,0,flat,0,1.66421e-07,0.000116885,0.999856,2.67737e-05,0,0,1
7.66003,2.28973,0.272535,0,0.0330655,0.730321,0.0331957,0.00484302,0.000710815,-0.999988,0.146924,0.4,0,0,flat,0,1.65982e-07,1.22357e-05,0.999982,5.93725e-06,0,0,1
7.68003,2.29561,0.275797,0,0.0310264,0.731284,0.0320871,0.00280389,0.00598998,-0.999978,0.150762,0.4,0,0,flat,0,2.74532e-07,2.95611e-06,0.999994,3.15714e-06,0,0,1
7.70003,2.30182,0.278877,0,0.0282442,0.732016,0.0310657,2.16878e-05,0.0107458,-0.999942,0.154995,0.4,0,0,flat,0,2.34745e-07,1.13048e-06,0.999997,1.82015e-06,0,0,1
7.72003,2.30813,0.281519,0,0.0258754,0.732439,0.0299758,-0.00234711,0.0129486,-0.999913,0.159011,0.4,0,0,flat,0,1.90915e-07,1.39092e-06,0.999997,1.40981e-06,0,0,1
7.74003,2.31524,0.284055,0,0.023323,0.732751,0.028008,-0.00489951,0.013324,-0.999899,0.159318,0.4,0,0,flat,0,1.99577e-07,3.19071e-06,0.999995,1.45314e-06,0,0,1
7.76003,2.32051,0.285676,0,0.0214269,0.732953,0.0269935,-0.00679558,0.0142371,-0.999876,0.159486,0.4,0,0,flat,0,2.12672e-07,5.95508e-06,0.999992,1.51117e-06,0,0,1
7.78003,2.32788,0.287481,0,0.0201309,0.733187,0.0271037,-0.00809156,0.0159667,-0.99984,0.161246,0.4,0,0,flat,0,1.86893e-07,9.70872e-06,0.999989,1.32562e-06,0,0,1
7.80003,2.33469,0.288679,0,0.0200356,0.733253,0.0286103,-0.00818692,0.018241,-0.9998,0.165453,0.4,0,0,flat,0,1.14989e-07,9.67252e-06,0.999989,8.69999e-07,0,0,1
7.82003,2.3416,0.289516,0,0.0211746,0.733074,0.0306639,-0.0070479,0.0200017,-0.999775,0.169873,0.4,0,0,flat,0,5.80443e-08,6.57718e-06,0.999993,4.31233e-07,0,0,1
7.84004,2.34867,0.289967,0,0.0231803,0.732584,0.0323166,-0.00504217,0.0203352,-0.99978,0.173205,0.4,0,0,flat,0,2.94992e-08,3.61507e-06,0.999996,1.96796e-07,0,0,1
7.86004,2.35642,0.289857,0,0.0266954,0.731623,0.032561,-0.00152713,0.0164617,-0.999863,0.172663,0.4,0,0,flat,0,1.12597e-08,1.88794e-06,0.999998,8.62804e-08,0,0,1
7.88004,2.36295,0.289042,0,0.0291918,0.73042,0.0323314,0.000969338,0.0117086,-0.999931,0.17544,0.4,0,0,flat,0,7.29252e-09,1.99679e-06,0.999998,8.4831e-08,0,0,1
7.90004,2.37084,0.287687,0,0.0280875,0.728805,0.029533,-0.00013504,0.00693959,-0.999976,0.18093,0.4,0,0,flat,0,1.1374e-08,3.64443e-06,0.999996,1.6911e-07,0,0,1
7.92004,2.37896,0.287092,0,0.0241171,0.728361,0.0276395,-0.0041054,0.0113172,-0.999928,0.184507,0.4,0,0,flat,0,1.4543e-08,5.81924e-06,0.999994,2.87385e-07,0,0,1
7.94004,2.38601,0.286073,0,0.0238605,0.728925,0.0282454,-0.00436199,0.0129319,-0.999907,0.182076,0.4,0,0,flat,0,6.78275e-09,2.88015e-06,0.999997,1.77746e-07,0,0,1
7.96004,2.39251,0.285102,0,0.0255714,0.729671,0.0284158,-0.0026511,0.0102071,-0.999944,0.177513,0.4,0,0,flat,0,3.1425e-09,1.85675e-06,0.999998,6.50755e-08,0,0,1
7.98004,2.40022,0.284933,0,0.0227817,0.730342,0.024115,-0.00544076,0.00571525,-0.999969,0.170647,0.4,0,0,flat,0,1.50291e-09,4.62555e-07,1,2.53382e-08,0,0,1
8.00004,2.40631,0.285121,0,0.0202934,0.730586,0.0207767,-0.00792906,0.00224603,-0.999966,0.168254,0.4,0,0,flat,0,8.26036e-10,1.70141e-07,1,2.0299e-08,0,0,1
8.02004,2.41275,0.285638,0,0.0189041,0.7306,0.0189962,-0.00931844,-0.000341669,-0.999957,0.165753,0.4,0,0,flat,0,8.97577e-10,1.20832e-07,1,2.0112e-08,0,0,1
8.04004,2.41835,0.286304,0,0.0190891,0.730477,0.0191276,-0.00913338,-0.00108063,-0.999958,0.164337,0.4,0,0,flat,0,7.90092e-10,8.22686e-08,1,1.52519e-08,0,0,1
8.06004,2.42568,0.287334,0,0.0206215,0.73041,0.0206328,-0.00760101,-0.00163126,-0.99997,0.163612,0.4,0,0,flat,0,7.5225e-10,9.40709e-08,1,1.36319e-08,0,0,1
8.08004,2.43123,0.288309,0,0.0222479,0.730541,0.0222722,-0.00597459,-0.00311755,-0.999977,0.162177,0.4,0,0,flat,0,7.20544e-10,1.45524e-07,1,1.55497e-08,0,0,1
8.10004,2.43738,0.289584,0,0.0243654,0.730873,0.0246141,-0.00385715,-0.00563818,-0.999977,0.1613,0.4,0,0,flat,0,8.60686e-10,3.54343e-07,1,2.42789e-08,0,0,1
8.12004,2.44339,0.291225,0,0.0271584,0.731226,0.0279547,-0.00106409,-0.00878546,-0.999961,0.15995,0.4,0,0,flat,0,1.36826e-09,9.63403e-07,0.999999,5.41057e-08,0,0,1
8.14004,2.44906,0.293403,0,0.0312199,0.731369,0.0323848,0.00299741,-0.0107675,-0.999938,0.158137,0.4,0,0,flat,0,3.5981e-09,3.8326e-06,0.999996,1.82625e-07,0,0,1
8.16004,2.45462,0.2962,0,0.0350633,0.731246,0.0362057,0.00684076,-0.0111834,-0.999914,0.155267,0.4,0,0,flat,0,1.67475e-08,2.79383e-05,0.999971,7.80622e-07,0,0,1
8.18004,2.46012,0.299526,0,0.0376609,0.730808,0.0380444,0.00943839,-0.00753129,-0.999927,0.153993,0.4,0,0,flat,0,3.68946e-08,8.24923e-05,0.999914,3.47056e-06,0,0,1
8.20004,2.4655,0.303402,0,0.0388461,0.729598,0.0390253,0.0106236,0.00150461,-0.999942,0.15417,0.4,0,0,flat,0,6.45897e-08,0.00019191,0.999798,9.70013e-06,0,0,1
8.22004,2.47158,0.306669,0,0.0354237,0.728908,0.0354805,0.00720118,-0.000257027,-0.999974,0.153744,0.4,0,0,flat,0,8.88963e-08,0.00039461,0.999595,1.08661e-05,0,0,1
8.24004,2.47792,0.309521,0,0.0309677,0.729474,0.03101,0.00274517,-0.00370087,-0.999989,0.159025,0.4,0,0,flat,0,1.36361e-07,5.92373e-05,0.999917,2.37207e-05,0,0,1
8.26005,2.48377,0.312643,0,0.0292892,0.730431,0.0294157,0.00106669,0.000494254,-0.999999,0.165551,0.4,0,0,flat,0,1.59456e-07,6.95732e-06,0.999988,4.89914e-06,0,0,1
8.28005,2.4899,0.315966,0,0.0271824,0.731413,0.0288737,-0.00104011,0.00755053,-0.999971,0.170986,0.4,0,0,flat,0,2.39205e-07,1.33962e-06,0.999996,2.23112e-06,0,0,1
8.30005,2.49621,0.319056,0,0.0252211,0.732118,0.0283885,-0.00300144,0.0108424,-0.999937,0.17191,0.4,0,0,flat,0,1.78151e-07,3.19777e-07,0.999998,1.16023e-06,0,0,1
8.32005,2.50264,0.321688,0,0.0233883,0.732494,0.0267205,-0.00483423,0.0107343,-0.999931,0.17151,0.4,0,0,flat,0,1.77897e-07,1.14259e-06,0.999997,1.24582e-06,0,0,1
8.34005,2.50931,0.323837,0,0.0214436,0.732769,0.0252713,-0.00677892,0.0111877,-0.999914,0.174757,0.4,0,0,flat,0,2.01065e-07,3.68647e-06,0.999995,1.26931e-06,0,0,1
8.36005,2.51689,0.325878,0,0.0193306,0.733049,0.0241446,-0.00889189,0.0122863,-0.999885,0.177022,0.4,0,0,flat,0,2.0827e-07,6.43579e-06,0.999992,1.40647e-06,0,0,1
8.38005,2.52314,0.327261,0,0.0181038,0.733189,0.0247325,-0.0101187,0.0146698,-0.999841,0.17983,0.4,0,0,flat,0,1.89792e-07,9.7674e-06,0.999989,1.22709e-06,0,0,1
8.40005,2.53095,0.32861,0,0.0177345,0.733207,0.0260541,-0.010488,0.0169075,-0.999802,0.181903,0.4,0,0,flat,0,1.2517e-07,9.9898e-06,0.999989,7.72056e-07,0,0,1
8.42005,2.53737,0.329385,0,0.0190592,0.733027,0.028025,-0.00916329,0.0183646,-0.999789,0.183834,0.4,0,0,flat,0,5.77525e-08,6.38356e-06,0.999993,3.58002e-07,0,0,1
8.44005,2.54449,0.329766,0,0.0224154,0.732503,0.0302056,-0.00580705,0.0180644,-0.99982,0.186157,0.4,0,0,flat,0,2.369e-08,3.70569e-06,0.999996,1.55583e-07,0,0,1
8.46005,2.5526,0.329442,0,0.0263227,0.73153,0.0311098,-0.00189983,0.0143996,-0.999894,0.188672,0.4,0,0,flat,0,1.09177e-08,2.11115e-06,0.999998,8.1197e-08,0,0,1
8.48005,2.55961,0.328488,0,0.0280434,0.73033,0.0298941,-0.000179106,0.00816727,-0.999967,0.190114,0.4,0,0,flat,0,7.38172e-09,1.94948e-06,0.999998,7.39876e-08,0,0,1
8.50005,2.56783,0.327249,0,0.0268369,0.728874,0.0278029,-0.00138558,0.00507114,-0.999986,0.196107,0.4,0,0,flat,0,1.37255e-08,5.09597e-06,0.999995,1.66712e-07,0,0,1
8.52005,2.57601,0.326685,0,0.023873,0.728612,0.0268074,-0.00434949,0.0100076,-0.99994,0.198082,0.4,0,0,flat,0,1.28372e-08,3.04398e-06,0.999997,2.13767e-07,0,0,1
8.54005,2.58351,0.325853,0,0.023634,0.729294,0.0264199,-0.00458854,0.00961968,-0.999943,0.18683,0.4,0,0,flat,0,7.02045e-09,3.63173e-06,0.999996,1.32896e-07,0,0,1
8.56005,2.59043,0.324658,0,0.0252411,0.730156,0.0269316,-0.00298142,0.00720297,-0.99997,0.186371,0.4,0,0,flat,0,2.84993e-09,2.19804e-06,0.999998,4.97166e-08,0,0,1
8.58005,2.59746,0.32406,0,0.0246987,0.730764,0.0251128,-0.00352379,0.00232867,-0.999991,0.186855,0.4,0,0,flat,0,1.62266e-09,7.51681e-07,0.999999,4.10884e-08,0,0,1
8.60005,2.6045,0.324247,0,0.0227366,0.731028,0.0227462,-0.00548591,-0.00266674,-0.999981,0.182008,0.4,0,0,flat,0,9.85313e-10,2.7717e-07,1,2.48358e-08,0,0,1
8.62005,2.61104,0.324814,0,0.0224818,0.730932,0.0225515,-0.00574066,-0.00390392,-0.999976,0.180349,0.4,0,0,flat,0,1.05821e-09,2.00833e-07,1,2.70075e-08,0,0,1
8.64005,2.61726,0.325551,0,0.0239201,0.730729,0.0239861,-0.00430243,-0.00392455,-0.999983,0.179658,0.4,0,0,flat,0,1.33191e-09,1.93279e-07,1,3.23456e-08,0,0,1
8.66005,2.62354,0.326567,0,0.0253815,0.730496,0.025464,-0.00284102,-0.00414213,-0.999987,0.176962,0.4,0,0,flat,0,1.1151e-09,2.18489e-07,1,2.82861e-08,0,0,1
8.68005,2.62969,0.32765,0,0.0275457,0.730435,0.0276287,-0.00067676,-0.00427744,-0.999991,0.176547,0.4,0,0,flat,0,1.20252e-09,4.33134e-07,1,3.19639e-08,0,0,1
8.70006,2.63572,0.328855,0,0.030158,0.730606,0.0303866,0.00193548,-0.00586833,-0.999981,0.176174,0.4,0,0,flat,0,1.47119e-09,1.1473e-06,0.999999,5.06519e-08,0,0,1
8.72006,2.6416,0.330393,0,0.0331011,0.730868,0.0337566,0.00487857,-0.00877154,-0.99995,0.174413,0.4,0,0,flat,0,2.38272e-09,3.66098e-06,0.999996,1.06175e-07,0,0,1
8.74006,2.64716,0.332419,0,0.0367703,0.731028,0.0378054,0.00854775,-0.0109439,-0.999904,0.172495,0.4,0,0,flat,0,6.33045e-09,1.66788e-05,0.999983,3.38913e-07,0,0,1
8.76006,2.65246,0.33501,0,0.040533,0.731027,0.0414494,0.0123105,-0.0108204,-0.999866,0.170781,0.4,0,0,flat,0,2.22459e-08,9.08411e-05,0.999908,1.4487e-06,0,0,1
8.78006,2.65713,0.337792,0,0.0430991,0.730874,0.0434851,0.0148766,-0.00792053,-0.999858,0.17011,0.4,0,0,flat,0,4.7598e-08,0.000324684,0.99967,5.52589e-06,0,0,1
8.80006,2.66283,0.341861,0,0.0441069,0.730037,0.0441748,0.0158844,0.000176992,-0.999874,0.169077,0.4,0,0,flat,0,6.19008e-08,0.000563875,0.999424,1.23109e-05,0,0,1
8.82006,2.66848,0.345392,0,0.0411671,0.72917,0.0413745,0.0129446,0.00191871,-0.999914,0.168408,0.4,0,0,flat,0,1.38405e-07,0.000511136,0.99947,1.88587e-05,0,0,1
8.84006,2.67485,0.348406,0,0.0347141,0.729431,0.0347401,0.00649164,-0.00338299,-0.999973,0.170352,0.4,0,0,flat,0,2.02401e-07,0.000208016,0.999761,3.08459e-05,0,0,1
8.86006,2.68048,0.351698,0,0.0322138,0.730215,0.032252,0.00399134,-0.00067009,-0.999992,0.176768,0.4,0,0,flat,0,2.08478e-07,2.55197e-05,0.999964,9.73327e-06,0,0,1
8.88006,2.68604,0.355171,0,0.0306063,0.731169,0.0314206,0.00238376,0.00491636,-0.999985,0.178946,0.4,0,0,flat,0,3.10312e-07,6.0305e-06,0.99999,4.01208e-06,0,0,1
8.90006,2.69201,0.358466,0,0.0280572,0.731969,0.0303591,-0.000165296,0.00940744,-0.999956,0.181111,0.4,0,0,flat,0,3.29261e-07,2.79679e-06,0.999995,2.42938e-06,0,0,1
8.92006,2.69824,0.361286,0,0.0254623,0.732494,0.0291817,-0.0027602,0.0120739,-0.999923,0.185589,0.4,0,0,flat,0,2.32914e-07,2.32774e-06,0.999996,1.58259e-06,0,0,1
8.94006,2.70465,0.363784,0,0.0228202,0.732867,0.0273468,-0.00540233,0.0128883,-0.999902,0.186774,0.4,0,0,flat,0,2.08429e-07,3.14639e-06,0.999995,1.40351e-06,0,0,1
8.96006,2.71117,0.365988,0,0.0206022,0.73317,0.0262524,-0.00762035,0.0140897,-0.999872,0.18731,0.4,0,0,flat,0,2.10926e-07,5.25598e-06,0.999993,1.35719e-06,0,0,1
8.98006,2.71778,0.367741,0,0.0195702,0.733349,0.0269272,-0.00865232,0.0163139,-0.999829,0.190691,0.4,0,0,flat,0,1.70297e-07,7.78073e-06,0.999991,1.0655e-06,0,0,1
9.00006,2.72462,0.36913,0,0.0191808,0.733382,0.0277815,-0.00904167,0.0179181,-0.999799,0.193267,0.4,0,0,flat,0,1.00605e-07,7.64939e-06,0.999992,6.17838e-07,0,0,1
9.02006,2.73152,0.370162,0,0.0204214,0.733179,0.029682,-0.00780107,0.0193588,-0.999782,0.196114,0.4,0,0,flat,0,4.88842e-08,5.07162e-06,0.999995,2.92212e-07,0,0,1
9.04006,2.73924,0.370782,0,0.0235006,0.732564,0.031839,-0.00472194,0.0193011,-0.999803,0.199377,0.4,0,0,flat,0,2.29259e-08,3.12734e-06,0.999997,1.3908e-07,0,0,1
9.06006,2.74584,0.370779,0,0.0259686,0.731775,0.0321872,-0.00225387,0.016835,-0.999856,0.201433,0.4,0,0,flat,0,1.15584e-08,2.16172e-06,0.999998,8.09548e-08,0,0,1
9.08006,2.75346,0.37001,0,0.0277265,0.730475,0.0301621,-0.000495969,0.00968732,-0.999953,0.202307,0.4,0,0,flat,0,7.41877e-09,2.30405e-06,0.999998,7.55218e-08,0,0,1
9.10006,2.76149,0.369057,0,0.026483,0.729055,0.0277793,-0.00173946,0.00619491,-0.999979,0.208579,0.4,0,0,flat,0,1.22782e-08,5.86969e-06,0.999994,1.54601e-07,0,0,1
9.12006,2.76959,0.368805,0,0.0230203,0.728818,0.0266647,-0.00520216,0.0112733,-0.999923,0.211467,0.4,0,0,flat,0,1.23227e-08,3.34884e-06,0.999996,2.07796e-07,0,0,1
9.14007,2.77686,0.368123,0,0.0231693,0.729479,0.0266267,-0.0050532,0.0109332,-0.999927,0.203148,0.4,0,0,flat,0,7.38507e-09,4.36252e-06,0.999995,1.41437e-07,0,0,1
9.16007,2.78362,0.367212,0,0.0248453,0.73028,0.026874,-0.0033772,0.00805209,-0.999962,0.200235,0.4,0,0,flat,0,2.78244e-09,1.81071e-06,0.999998,4.87468e-08,0,0,1
9.18007,2.79062,0.366979,0,0.0237072,0.730878,0.0243584,-0.00451532,0.00339742,-0.999984,0.197296,0.4,0,0,flat,0,1.48615e-09,5.38173e-07,0.999999,2.95282e-08,0,0,1
9.20007,2.79749,0.367325,0,0.0217313,0.731132,0.0217632,-0.00649117,-0.00108158,-0.999978,0.194213,0.4,0,0,flat,0,9.25834e-10,2.16591e-07,1,2.32999e-08,0,0,1
9.22007,2.80394,0.368041,0,0.0211662,0.731072,0.0211915,-0.00705627,-0.00307557,-0.99997,0.192261,0.4,0,0,flat,0,1.11883e-09,1.55746e-07,1,2.63299e-08,0,0,1
9.24007,2.81079,0.369079,0,0.0220008,0.730872,0.0220489,-0.00622173,-0.00358425,-0.999974,0.190383,0.4,0,0,flat,0,1.24445e-09,1.3253e-07,1,2.63432e-08,0,0,1
9.26007,2.81884,0.370583,0,0.0238738,0.730686,0.024001,-0.0043487,-0.00459535,-0.99998,0.186456,0.4,0,0,flat,0,1.14212e-09,1.59335e-07,1,2.45462e-08,0,0,1
9.28007,2.82382,0.37174,0,0.02504,0.730527,0.0252146,-0.00318246,-0.00509613,-0.999982,0.183394,0.4,0,0,flat,0,1.08265e-09,3.37335e-07,1,3.02635e-08,0,0,1
9.30007,2.82874,0.372973,0,0.0265525,0.73044,0.0267473,-0.00167001,-0.00537162,-0.999984,0.182608,0.4,0,0,flat,0,1.63291e-09,1.27267e-06,0.999999,5.60276e-08,0,0,1
9.32007,2.83472,0.374579,0,0.0292926,0.730572,0.02968,0.00107011,-0.00692423,-0.999975,0.184781,0.4,0,0,flat,0,2.31431e-09,3.18843e-06,0.999997,1.1752e-07,0,0,1
9.34007,2.84027,0.376599,0,0.0338181,0.730703,0.0345509,0.00559559,-0.00923285,-0.999942,0.184215,0.4,0,0,flat,0,5.1544e-09,9.47124e-06,0.99999,3.44649e-07,0,0,1
9.36007,2.84553,0.379237,0,0.038725,0.730671,0.039496,0.0105025,-0.00992774,-0.999896,0.181812,0.4,0,0,flat,0,1.86219e-08,5.26245e-05,0.999946,1.16501e-06,0,0,1
9.38007,2.85072,0.382511,0,0.042325,0.730448,0.0426769,0.0141025,-0.00760975,-0.999872,0.179177,0.4,0,0,flat,0,5.52706e-08,0.000191921,0.999803,4.5833e-06,0,0,1
9.40007,2.85648,0.386845,0,0.0436506,0.729543,0.0437994,0.0154281,0.0013676,-0.99988,0.178607,0.4,0,0,flat,0,5.9755e-08,0.000345777,0.999642,1.26394e-05,0,0,1
9.42007,2.86167,0.390191,0,0.0412157,0.728801,0.0415829,0.0129932,0.00330644,-0.99991,0.178773,0.4,0,0,flat,0,1.03125e-07,0.000686079,0.999295,1.87488e-05,0,0,1
9.44007,2.86795,0.393165,0,0.036582,0.729251,0.036602,0.00835952,-0.00113211,-0.999964,0.183592,0.4,0,0,flat,0,1.98673e-07,0.000146441,0.999813,3.99054e-05,0,0,1
9.46007,2.87379,0.396358,0,0.0346732,0.730219,0.0348652,0.00645065,0.00144043,-0.999978,0.19148,0.4,0,0,flat,0,2.13005e-07,1.9204e-05,0.999968,1.22226e-05,0,0,1
9.48007,2.87962,0.399871,0,0.0326512,0.731264,0.0340835,0.00442874,0.00758242,-0.999961,0.194013,0.4,0,0,flat,0,2.02215e-07,2.14411e-06,0.999994,3.20756e-06,0,0,1
9.50007,2.88566,0.403411,0,0.0304779,0.732033,0.0339047,0.00225538,0.012668,-0.999917,0.193816,0.4,0,0,flat,0,2.69429e-07,1.73334e-06,0.999996,2.30242e-06,0,0,1
9.52007,2.89193,0.406356,0,0.028676,0.732472,0.0334355,0.000453504,0.0150124,-0.999887,0.197955,0.4,0,0,flat,0,2.69624e-07,3.39321e-06,0.999995,1.70705e-06,0,0,1
9.54007,2.89847,0.408887,0,0.0263193,0.732756,0.0315323,-0.00190324,0.0151839,-0.999883,0.200822,0.4,0,0,flat,0,2.37875e-07,5.65875e-06,0.999992,1.9208e-06,0,0,1
9.56007,2.90517,0.41119,0,0.0238216,0.732954,0.0300929,-0.00440088,0.0162082,-0.999859,0.202433,0.4,0,0,flat,0,2.35393e-07,8.22782e-06,0.99999,1.78733e-06,0,0,1
9.58008,2.91257,0.413369,0,0.0221452,0.733079,0.0299996,-0.00607731,0.0180554,-0.999819,0.20317,0.4,0,0,flat,0,2.08599e-07,1.05197e-05,0.999988,1.43672e-06,0,0,1
9.60008,2.91866,0.414751,0,0.0219455,0.733054,0.0313845,-0.00627695,0.0202575,-0.999775,0.205487,0.4,0,0,flat,0,1.29827e-07,9.07041e-06,0.99999,9.12232e-07,0,0,1
9.62008,2.92483,0.415744,0,0.0229625,0.732839,0.0332262,-0.00525999,0.0218337,-0.999748,0.209468,0.4,0,0,flat,0,6.0442e-08,5.85504e-06,0.999994,4.32658e-07,0,0,1
9.64008,2.93251,0.416507,0,0.0251647,0.73226,0.0345163,-0.00305781,0.021447,-0.999765,0.212459,0.4,0,0,flat,0,2.76835e-08,2.94022e-06,0.999997,1.77776e-07,0,0,1
9.66008,2.93994,0.416749,0,0.0260426,0.731787,0.0344351,-0.00217988,0.0203456,-0.999791,0.216125,0.4,0,0,flat,0,9.15933e-09,1.46278e-06,0.999998,7.05311e-08,0,0,1
9.68008,2.94809,0.416911,0,0.0276947,0.732156,0.0359462,-0.000527764,0.0207349,-0.999785,0.216152,0.4,0,0,flat,0,4.35037e-09,5.33635e-07,0.999999,5.86315e-08,0,0,1
9.70008,2.95337,0.416699,0,0.0344167,0.732961,0.0411781,0.00619417,0.0204261,-0.999772,0.210357,0.4,0,0,flat,0,4.3186e-09,1.54609e-06,0.999998,6.15419e-08,0,0,1
9.72008,2.96014,0.415808,0,0.0437801,0.734407,0.0479097,0.0155576,0.0172705,-0.99973,0.201648,0.4,0,0,flat,0,6.17369e-09,3.03597e-06,0.999997,8.64145e-08,0,0,1
9.74008,2.96563,0.41454,0,0.0511661,0.735412,0.0528805,0.0229436,0.0111493,-0.999675,0.198255,0.4,0,0,flat,0,9.04518e-09,4.81198e-06,0.999995,1.49075e-07,0,0,1
9.76008,2.97201,0.413658,0,0.0567744,0.736118,0.057478,0.0285519,0.00673999,-0.99957,0.197515,0.4,0,0,flat,0,6.35843e-09,1.30323e-06,0.999999,1.67541e-07,0,0,1
9.78008,2.9778,0.41404,0,0.0564045,0.736342,0.056664,0.028182,0.0031599,-0.999598,0.192571,0.4,0,0,flat,0,6.59725e-09,1.30083e-07,1,1.56765e-07,0,0,1
9.80008,2.98308,0.414994,0,0.0545161,0.736269,0.0545436,0.0262936,-0.000721128,-0.999654,0.189117,0.4,0,0,flat,0,2.38952e-09,1.75694e-08,1,1.05263e-07,0,0,1
9.82008,2.9877,0.416365,0,0.0533154,0.736092,0.0533241,0.0250929,-0.00260708,-0.999682,0.18584,0.4,0,0,flat,0,7.54963e-10,9.5441e-09,1,3.66703e-08,0,0,1
9.84008,2.99235,0.418316,0,0.0523067,0.735866,0.0523216,0.0240842,-0.00311146,-0.999705,0.180412,0.4,0,0,flat,0,3.99728e-10,1.09192e-08,1,1.4663e-08,0,0,1
9.86008,2.99584,0.420219,0,0.0518683,0.735655,0.051881,0.0236459,-0.00301868,-0.999716,0.176614,0.4,0,0,flat,0,4.049e-10,4.11941e-08,1,1.38589e-08,0,0,1
9.88008,2.99931,0.422577,0,0.0520956,0.735381,0.0521023,0.0238731,-0.00243319,-0.999712,0.176142,0.4,0,0,flat,0,6.35274e-10,2.79976e-07,1,2.747e-08,0,0,1
9.90008,3.00239,0.425249,0,0.0525945,0.735197,0.0526024,0.024372,-0.00254224,-0.9997,0.177988,0.4,0,0,flat,0,1.34446e-09,2.1486e-06,0.999998,8.83561e-08,0,0,1
9.92008,3.00493,0.428197,0,0.052281,0.735229,0.0522885,0.0240585,-0.00258186,-0.999707,0.178138,0.4,0,0,flat,0,2.6214e-09,8.79568e-06,0.999991,3.0163e-07,0,0,1
9.94008,3.00787,0.43253,0,0.0504751,0.735612,0.0504817,0.0222526,-0.00234984,-0.99975,0.17649,0.4,0,0,flat,0,4.54151e-09,2.21898e-05,0.999977,7.37516e-07,0,0,1
9.96008,3.01056,0.437258,0,0.0470685,0.736541,0.0470849,0.018846,-0.00323272,-0.999817,0.171432,0.4,0,0,flat,0,7.21932e-09,3.1992e-05,0.999967,1.4031e-06,0,0,1
9.98008,3.01293,0.44278,0,0.0441907,0.738018,0.0441978,0.0159682,-0.00181428,-0.999871,0.164399,0.4,0,0,flat,0,8.74559e-09,2.70357e-05,0.999971,2.13592e-06,0,0,1
10.0001,3.01502,0.449457,0,0.0433861,0.740023,0.0440302,0.0151636,0.00529916,-0.999871,0.159497,0.4,0,0,flat,0,2.21209e-08,2.08113e-05,0.999976,3.6123e-06,0,0,1
10.0201,3.01628,0.455068,0,0.0460523,0.741271,0.0512996,0.0178298,0.0204088,-0.999633,0.161184,0.4,0,0,flat,0,3.60334e-08,1.01688e-06,0.999996,2.84592e-06,0,0,1
10.0401,3.01758,0.461325,0,0.0495633,0.741167,0.062064,0.0213408,0.0351594,-0.999154,0.160601,0.4,0,0,flat,0,8.27751e-08,2.33306e-08,0.999998,1.45278e-06,0,0,1
10.0601,3.01907,0.466386,0,0.0505975,0.740259,0.0610583,0.022375,0.0319802,-0.999238,0.164316,0.4,0,0,flat,0,4.70054e-07,2.60023e-08,0.999996,3.23483e-06,0,0,1
10.0801,3.02107,0.471039,0,0.0456051,0.740217,0.0513693,0.0173826,0.021454,-0.999619,0.162608,0.4,0,0,flat,0,7.20494e-07,3.8465e-07,0.999992,7.36832e-06,0,0,1
10.1001,3.02294,0.476348,0,0.0377835,0.740922,0.047114,0.00956095,0.0259616,-0.999617,0.161106,0.4,0,0,flat,0,4.20859e-06,1.07105e-06,0.999984,1.08156e-05,0,0,1
10.1201,3.02438,0.481436,0,0.0313684,0.742068,0.0473085,0.00314593,0.0332314,-0.999443,0.164376,0.4,0,0,flat,0,3.99143e-06,5.13505e-08,0.999994,2.20192e-06,0,0,1
10.1401,3.02525,0.484877,0,0.02739,0.742835,0.045944,-0.000832531,0.0347043,-0.999397,0.165261,0.4,0,0,flat,0,2.38422e-06,4.77996e-09,0.999997,1.12461e-06,0,0,1
10.1601,3.02618,0.488199,0,0.0205618,0.743411,0.0429415,-0.00766066,0.0355159,-0.99934,0.166516,0.4,0,0,flat,0,2.60898e-06,2.90651e-09,0.999996,1.31409e-06,0,0,1
10.1801,3.02697,0.491075,0,0.0132696,0.743666,0.0412041,-0.0149529,0.0368267,-0.99921,0.168743,0.4,0,0,flat,0,3.27918e-06,2.50263e-09,0.999995,1.6263e-06,0,0,1
10.2001,3.02747,0.493435,0,0.00643093,0.74367,0.0408612,-0.0217916,0.0381662,-0.999034,0.171693,0.4,0,0,flat,0,2.93081e-06,2.6821e-09,0.999996,1.24396e-06,0,0,1
10.2201,3.02765,0.495515,0,0.00109907,0.743754,0.0432804,-0.0271234,0.0410783,-0.998788,0.174589,0.4,0,0,flat,0,1.41332e-06,1.75964e-09,0.999998,6.80647e-07,0,0,1
10.2401,3.02722,0.497301,0,-0.000286153,0.743918,0.0450965,-0.0285087,0.0429059,-0.998672,0.175724,0.4,0,0,flat,0,6.3304e-07,1.58471e-09,0.999999,3.40466e-07,0,0,1
10.2601,3.02619,0.498744,0,0.00250625,0.744251,0.0463935,-0.0257163,0.0441367,-0.998694,0.176656,0.4,0,0,flat,0,2.51378e-07,2.34445e-09,1,2.20236e-07,0,0,1
10.2801,3.0249,0.499807,0,0.00727038,0.744919,0.0479109,-0.0209521,0.0451664,-0.99876,0.177249,0.4,0,0,flat,0,1.73556e-07,8.51039e-09,1,2.41218e-07,0,0,1
10.3001,3.02334,0.500533,0,0.012549,0.746079,0.0494542,-0.0156735,0.0456468,-0.998835,0.1753,0.4,0,0,flat,0,1.73201e-07,4.08834e-08,0.999999,4.28751e-07,0,0,1
10.3201,3.02121,0.501005,0,0.0184069,0.747841,0.0518879,-0.00981555,0.0463252,-0.998878,0.169927,0.4,0,0,flat,0,1.95486e-07,1.4787e-07,0.999999,6.94881e-07,0,0,1
10.3401,3.01895,0.501117,0,0.0231851,0.749766,0.0535918,-0.00503736,0.0461285,-0.998923,0.162836,0.4,0,0,flat,0,2.32204e-07,2.66283e-07,0.999999,8.97609e-07,0,0,1
10.3601,3.01604,0.500595,0,0.0250579,0.751883,0.0508981,-0.00316459,0.042116,-0.999108,0.158055,0.4,0,0,flat,0,3.4735e-07,3.11118e-07,0.999998,8.86958e-07,0,0,1
10.3801,3.01341,0.499732,0,0.0226151,0.752738,0.0375729,-0.00560735,0.0278247,-0.999597,0.153881,0.4,0,0,flat,0,3.42992e-07,8.67323e-08,0.999999,4.38187e-07,0,0,1
10.4001,3.01042,0.499202,0,0.0170837,0.751468,0.0240481,-0.0111388,0.0147443,-0.999829,0.149339,0.4,0,0,flat,0,2.98801e-07,7.17431e-09,0.999999,2.08179e-07,0,0,1
10.4201,3.00745,0.499084,0,0.0129591,0.748451,0.0146648,-0.0152634,0.00467339,-0.999873,0.144984,0.4,0,0,flat,0,4.82988e-07,3.65091e-10,0.999999,1.64221e-07,0,0,1
10.4401,3.00358,0.499991,0,0.0106668,0.745075,0.0138237,-0.0175557,0.00661194,-0.999824,0.14073,0.4,0,0,flat,0,3.30075e-07,3.72568e-11,1,1.0423e-07,0,0,1
10.4601,2.99854,0.502417,0,0.00500506,0.743514,0.0308848,-0.0232174,0.0282977,-0.99933,0.140501,0.4,0,0,flat,0,1.54589e-06,1.22166e-11,0.999998,1.43926e-07,0,0,1
10.4801,2.99449,0.503286,0,-0.000495814,0.743025,0.036957,-0.0287183,0.0347688,-0.998983,0.144279,0.4,0,0,flat,0,2.68688e-07,2.75476e-12,1,4.65751e-08,0,0,1
10.5001,2.98942,0.503969,0,-0.00750368,0.742922,0.0386199,-0.0357262,0.0356962,-0.998724,0.146682,0.4,0,0,flat,0,4.76121e-07,5.26269e-12,1,3.69457e-08,0,0,1
10.5201,2.98486,0.504786,0,-0.0146928,0.74283,0.039588,-0.0429153,0.0345625,-0.998481,0.147833,0.4,0,0,flat,0,8.2576e-06,4.87208e-11,0.999992,2.73982e-07,0,0,1
10.5401,2.98021,0.506139,0,-0.0215045,0.742259,0.0435632,-0.049727,0.0356761,-0.998125,0.151337,0.4,0,0,flat,0,0.00020594,2.63132e-10,0.999789,4.74464e-06,0,0,1
10.5601,2.97541,0.508437,0,-0.0277696,0.741038,0.050239,-0.0559921,0.0396362,-0.997644,0.155694,0.4,0,0,flat,0,0.00466273,7.90405e-10,0.995245,9.2413e-05,0,0,1
10.5801,2.97047,0.512211,0,-0.0339882,0.739003,0.0588732,-0.0622107,0.045813,-0.997011,0.160066,0.4,0,0,flat,0,0.088157,1.41006e-09,0.911005,0.000837717,0,0,1
10.6001,2.96485,0.517732,0,-0.037306,0.736233,0.0646232,-0.0655285,0.0504901,-0.996572,0.165592,0.4,0,0,flat,0,0.605086,7.90236e-10,0.392514,0.00239972,0,0,1
10.6201,2.95892,0.522932,0,-0.0394957,0.735913,0.0501534,-0.0677182,0.0286365,-0.997293,0.17,0.4,0,0,flat,0,0.714031,8.54978e-10,0.284214,0.00175502,0,0,1
10.6401,2.95295,0.529713,0,-0.041056,0.736603,0.0461551,-0.0692785,0.0187892,-0.99742,0.161913,0.4,0,0,flat,0,0.662534,2.79146e-09,0.336685,0.000780376,0,0,1
10.6601,2.94636,0.536426,0,-0.0356178,0.737871,0.0428247,-0.0638403,0.0215171,-0.997728,0.158536,0.4,0,0,flat,0,0.951927,1.68741e-09,0.0478403,0.000233046,0,0,1
10.6801,2.93995,0.542405,0,-0.0297331,0.739457,0.0374442,-0.0579556,0.0205307,-0.998108,0.160564,0.4,0,0,flat,0,0.9374,3.9733e-09,0.0624167,0.000183686,0,0,1
10.7001,2.93501,0.546822,0,-0.0280939,0.740692,0.0334711,-0.0563163,0.0159679,-0.998285,0.163123,0.4,0,0,flat,0,0.935557,9.42507e-09,0.0641353,0.000307213,0,0,1
10.7201,2.93086,0.550188,0,-0.0286848,0.741495,0.0319232,-0.0569073,0.0117678,-0.99831,0.164953,0.4,0,0,flat,0,0.985825,1.61985e-08,0.0139302,0.000244986,0,0,1
10.7401,2.92622,0.553154,0,-0.0295228,0.741962,0.0307823,-0.0577453,0.00643342,-0.998311,0.166131,0.4,0,0,slope_up,0,0.993566,2.04805e-08,0.00619568,0.000238698,0.1,0,0.9
10.7601,2.92154,0.555161,0,-0.0299255,0.742064,0.0300711,-0.058148,0.00047151,-0.998308,0.169705,0.4,0,0,slope_up,0,0.989134,2.49999e-08,0.0105024,0.000363325,0.2,0,0.8
10.7801,2.91672,0.5562,0,-0.0289845,0.741843,0.0294764,-0.057207,-0.00737288,-0.998335,0.174202,0.4,0,0,slope_up,0,0.949553,4.56117e-08,0.0498426,0.000604603,0.3,0,0.7
10.8001,2.91162,0.556396,0,-0.0258213,0.741376,0.0295935,-0.0540438,-0.0165823,-0.998401,0.178155,0.4,0,0,slope_up,0,0.804313,9.54965e-08,0.195131,0.000556748,0.4,0,0.6
10.8201,2.9063,0.555777,0,-0.0206697,0.740737,0.0321946,-0.0488922,-0.0268302,-0.998444,0.181049,0.4,0,0,slope_up,0,0.48457,1.63612e-07,0.515159,0.000270512,0.5,0,0.5
10.8401,2.90095,0.554332,0,-0.0146681,0.739979,0.0384714,-0.0428906,-0.0377173,-0.998368,0.183855,0.4,0,0,slope_up,0,0.203837,1.3146e-07,0.796095,6.73414e-05,0.6,0,0.4
10.8601,2.89573,0.552136,0,-0.00858599,0.739032,0.0484099,-0.0368085,-0.0497894,-0.998081,0.186051,0.4,0,0,slope_up,0,0.0905015,7.62638e-08,0.909484,1.47371e-05,0.7,0,0.3
10.8801,2.89086,0.549212,0,-0.00341727,0.737569,0.0638236,-0.0316398,-0.0658571,-0.997327,0.187471,0.4,0,0,slope_up,0,0.0817674,4.61077e-08,0.918227,5.66511e-06,0.8,0,0.2
10.9001,2.88611,0.545797,0,0.00220299,0.735183,0.0847531,-0.0260195,-0.0867946,-0.995886,0.183025,0.4,0,0,slope_up,0,0.332256,4.21292e-08,0.667717,2.7292e-05,0.9,0,0.1
10.9201,2.88216,0.544584,0,-0.00108179,0.735687,0.0736241,-0.0293043,-0.0757189,-0.996698,0.190109,0.4,0,0,slope_up,0,0.996153,1.46656e-09,0.00384459,2.09797e-06,1,0,0
10.9401,2.88071,0.542616,0,-0.0138075,0.736993,0.0677355,-0.04203,-0.068417,-0.996771,0.198682,0.4,0,0,slope_up,0,0.992911,8.31212e-10,0.00706696,2.23865e-05,1,0,0
10.9601,2.87877,0.539931,0,-0.0178601,0.738687,0.0712941,-0.0460826,-0.0711074,-0.996404,0.192542,0.4,0,0,slope_up,0,0.997552,1.27818e-09,0.00243753,1.04473e-05,1,0,0
10.9801,2.87633,0.537403,0,-0.0131756,0.741547,0.0772719,-0.0413981,-0.0782152,-0.996077,0.185969,0.4,0,0,slope_up,0,0.999983,2.70196e-09,1.55784e-05,1.30872e-06,1,0,0
11.0001,2.87422,0.535503,0,-0.00291693,0.745344,0.0875134,-0.0311394,-0.0895164,-0.995498,0.18148,0.4,0,0,slope_up,0,0.999997,3.17811e-09,2.30039e-06,9.558e-07,1,0,0
11.0201,2.87235,0.534511,0,0.00833004,0.749053,0.0961205,-0.0198925,-0.0977882,-0.995008,0.179999,0.4,0,0,slope_up,0,0.999987,3.54669e-09,8.41579e-06,4.0644e-06,1,0,0
11.0401,2.87048,0.534681,0,0.0209487,0.752075,0.104018,-0.0072738,-0.103891,-0.994562,0.171974,0.4,0,0,slope_up,0,0.999943,3.01277e-09,3.51236e-05,2.22032e-05,1,0,0
11.0601,2.86869,0.535857,0,0.0336469,0.75414,0.109376,0.00542444,-0.106059,-0.994345,0.160865,0.4,0,0,slope_up,0,0.999876,3.49076e-09,6.51157e-05,5.84141e-05,1,0,0
11.0801,2.86725,0.537467,0,0.0452922,0.755237,0.112526,0.0170697,-0.104985,-0.994327,0.154873,0.4,0,0,slope_up,0,0.999948,2.12471e-09,1.65568e-05,3.58819e-05,1,0,0
11.1001,2.8662,0.539449,0,0.0546539,0.755573,0.114516,0.0264314,-0.102602,-0.994371,0.153278,0.4,0,0,slope_up,0,0.999947,8.4991e-10,1.63529e-05,3.6847e-05,1,0,0
11.1201,2.86545,0.542394,0,0.0653278,0.755288,0.114855,0.0371053,-0.0964373,-0.994647,0.153685,0.4,0,0,slope_up,0,0.999958,1.4496e-10,1.02701e-05,3.20807e-05,1,0,0
11.1401,2.86536,0.545396,0,0.0713256,0.754786,0.113658,0.0431031,-0.090469,-0.994966,0.155013,0.4,0,0,slope_up,0,0.999972,3.1212e-11,5.08622e-06,2.2406e-05,1,0,0
11.1601,2.86565,0.548828,0,0.0764869,0.754089,0.111151,0.0482644,-0.0826372,-0.99541,0.158021,0.4,0,0,slope_up,0,0.999981,8.46032e-12,2.29669e-06,1.70075e-05,1,0,0
11.1801,2.86649,0.553356,0,0.08236,0.75303,0.108091,0.0541375,-0.0720036,-0.995934,0.164036,0.4,0,0,slope_up,0,0.999989,3.26337e-12,7.27336e-07,9.99081e-06,1,0,0
11.2001,2.86772,0.557712,0,0.0873512,0.751762,0.104901,0.0591287,-0.0600885,-0.99644,0.172302,0.4,0,0,slope_up,0,0.999993,1.67344e-12,3.18545e-07,6.96589e-06,1,0,0
11.2201,2.86966,0.562652,0,0.0902146,0.749811,0.098801,0.0619921,-0.0422906,-0.99718,0.181002,0.4,0,0,slope_up,0,0.999994,9.72282e-13,1.44656e-07,5.9245e-06,1,0,0
11.2401,2.87151,0.567355,0,0.0927939,0.74696,0.0942827,0.0645714,-0.0185614,-0.99774,0.194158,0.4,0,0,slope_up,0,0.99999,7.46478e-13,4.68842e-08,9.79708e-06,1,0,0
11.2601,2.87475,0.570706,0,0.0927126,0.745843,0.0943371,0.0644901,-0.0193175,-0.997731,0.202476,0.4,0,0,slope_up,0,0.999994,1.24125e-12,1.09226e-08,5.66825e-06,1,0,0
11.2801,2.87813,0.573644,0,0.088681,0.745494,0.0899689,0.0604585,-0.0170804,-0.998025,0.205567,0.4,0,0,slope_up,0,0.999985,8.3628e-11,7.73873e-08,1.51818e-05,1,0,0
11.3001,2.88201,0.577141,0,0.0852662,0.745215,0.0854173,0.0570437,-0.00662272,-0.99835,0.214052,0.4,0,0,slope_up,0,0.999988,3.58367e-10,4.69871e-08,1.20006e-05,1,0,0
11.3201,2.88587,0.579937,0,0.0829653,0.74497,0.0830927,0.0547428,0.00181659,-0.998499,0.221238,0.4,0,0,slope_up,0,0.999991,2.11133e-10,1.80758e-08,8.88022e-06,1,0,0
11.3401,2.89014,0.5825,0,0.0817146,0.74464,0.0824091,0.0534921,0.00826236,-0.998534,0.22745,0.4,0,0,slope_up,0,0.999997,5.26864e-11,2.80079e-09,3.38206e-06,1,0,0
11.3601,2.89471,0.58499,0,0.0818672,0.744082,0.0832986,0.0536447,0.0130231,-0.998475,0.231271,0.4,0,0,slope_up,0,0.999999,7.33671e-12,3.73166e-10,1.04289e-06,1,0,0
11.3801,2.89967,0.587522,0,0.0825819,0.743223,0.0849071,0.0543594,0.0174086,-0.99837,0.232533,0.4,0,0,slope_up,0,0.999999,2.99559e-12,1.35735e-10,5.79715e-07,1,0,0
11.4001,2.9052,0.590058,0,0.0828431,0.742064,0.0863401,0.0546206,0.0220144,-0.998264,0.232589,0.4,0,0,slope_up,0,1,2.18416e-12,9.57403e-11,4.94719e-07,1,0,0
11.4201,2.91132,0.59221,0,0.0829592,0.741096,0.0865265,0.0547367,0.0222815,-0.998252,0.231934,0.4,0,0,slope_up,0,1,2.50928e-12,9.31657e-11,4.77691e-07,1,0,0
11.4401,2.91717,0.593998,0,0.0834707,0.740595,0.0866382,0.0552482,0.0208954,-0.998254,0.231398,0.4,0,0,slope_up,0,1,4.83836e-13,9.36477e-12,2.62575e-07,1,0,0
11.4601,2.92461,0.596366,0,0.08398,0.740136,0.087465,0.0557575,0.0221255,-0.998199,0.229235,0.4,0,0,slope_up,0,1,7.9515e-13,1.28801e-11,5.03566e-07,1,0,0
11.4801,2.93151,0.598482,0,0.0847844,0.739549,0.0885803,0.0565619,0.0233334,-0.998126,0.226232,0.4,0,0,slope_up,0,0.999999,3.0642e-12,2.23821e-11,1.43491e-06,1,0,0
11.5001,2.93793,0.600271,0,0.0852966,0.738737,0.0892235,0.0570741,0.0238561,-0.998085,0.224119,0.4,0,0,slope_up,0,0.999996,1.45408e-11,8.05068e-11,3.60862e-06,1,0,0
11.5201,2.94595,0.602213,0,0.0853978,0.737286,0.0894166,0.0571752,0.024184,-0.998071,0.225798,0.4,0,0,slope_up,0,0.999994,6.21481e-11,2.72873e-10,5.56513e-06,1,0,0
11.5401,2.95384,0.604053,0,0.0827744,0.736062,0.0884711,0.0545519,0.0289373,-0.998092,0.232564,0.4,0,0,slope_up,0,0.999986,1.05347e-10,4.06636e-09,1.37033e-05,1,0,0
11.5601,2.961,0.605634,0,0.0830785,0.735101,0.0888414,0.054856,0.0291791,-0.998068,0.230977,0.4,0,0,slope_up,0,0.999989,1.59813e-10,1.84176e-08,1.10241e-05,1,0,0
11.5801,2.96788,0.607736,0,0.0840351,0.735245,0.0903456,0.0558126,0.0308734,-0.997964,0.22452,0.4,0,0,slope_up,0,0.999996,1.34765e-10,6.79189e-08,3.49112e-06,1,0,0
11.6001,2.97508,0.610304,0,0.0845376,0.736243,0.0909514,0.0563151,0.0312458,-0.997924,0.21778,0.4,0,0,slope_up,0,0.999996,1.33561e-10,9.63707e-08,3.67716e-06,1,0,0
11.6201,2.98294,0.612905,0,0.0882534,0.737962,0.0920972,0.0600309,0.0239842,-0.997908,0.21361,0.4,0,0,slope_up,0,0.999992,1.25654e-09,2.95148e-08,7.90588e-06,1,0,0
11.6401,2.98851,0.614812,0,0.0930064,0.739326,0.0947091,0.0647839,0.0154196,-0.99778,0.211514,0.4,0,0,slope_up,0,0.999967,1.37533e-08,1.73596e-07,3.30555e-05,1,0,0
11.6601,2.99598,0.617837,0,0.100622,0.740842,0.100848,0.0723996,0.00347195,-0.99737,0.208677,0.4,0,0,slope_up,0,0.999921,7.43766e-08,1.2784e-06,7.79507e-05,1,0,0
11.6801,3.00258,0.621098,0,0.107344,0.741622,0.107507,0.0791213,-0.00620347,-0.996846,0.20597,0.4,0,0,slope_up,0,0.999863,2.06128e-07,6.55269e-06,0.000129867,1,0,0
11.7001,3.00824,0.624363,0,0.113816,0.741844,0.114572,0.0855931,-0.0143049,-0.996228,0.205298,0.4,0,0,slope_up,0,0.999764,3.9479e-07,2.09976e-05,0.000214682,1,0,0
11.7201,3.01482,0.628594,0,0.119084,0.741773,0.120788,0.0908614,-0.0215459,-0.99563,0.20556,0.4,0,0,slope_up,0,0.999771,2.15123e-07,2.27534e-05,0.000205803,1,0,0
11.7401,3.01945,0.63198,0,0.123822,0.741543,0.12687,0.0955999,-0.02903,-0.994996,0.204781,0.4,0,0,slope_up,0,0.999788,1.28709e-07,2.04706e-05,0.00019132,1,0,0
11.7601,3.02641,0.637749,0,0.126638,0.740749,0.130976,0.0984157,-0.0348457,-0.994535,0.203757,0.4,0,0,slope_up,0,0.999863,4.62699e-08,8.12798e-06,0.000129275,1,0,0
11.7801,3.03223,0.643054,0,0.12884,0.739561,0.13393,0.100617,-0.0379757,-0.9942,0.204383,0.4,0,0,slope_up,0,0.999931,9.09798e-09,2.17553e-06,6.696e-05,1,0,0
11.8001,3.03784,0.649097,0,0.130838,0.737486,0.134675,0.102615,-0.0331901,-0.994167,0.205763,0.4,0,0,slope_up,0,0.999962,1.79278e-09,5.06471e-07,3.74182e-05,1,0,0
11.8201,3.04319,0.654453,0,0.13069,0.735541,0.133344,0.102468,-0.0276089,-0.994353,0.20522,0.4,0,0,slope_up,0,0.999973,7.56713e-10,1.79025e-07,2.66939e-05,1,0,0
11.8401,3.05017,0.659675,0,0.127944,0.73494,0.131283,0.0997214,-0.030731,-0.994541,0.207598,0.4,0,0,slope_up,0,0.999984,7.73326e-10,1.01851e-07,1.56897e-05,1,0,0
11.8601,3.05557,0.663695,0,0.126716,0.735779,0.129221,0.0984933,-0.0265629,-0.994783,0.218054,0.4,0,0,slope_up,0,0.999991,2.3773e-11,9.02919e-08,8.56034e-06,1,0,0
11.8801,3.06155,0.668769,0,0.128232,0.737966,0.129297,0.100009,-0.0172866,-0.994836,0.217974,0.4,0,0,slope_up,0,0.999997,1.59824e-12,7.64797e-09,3.0871e-06,1,0,0
11.9001,3.06642,0.673077,0,0.133243,0.740364,0.133576,0.105021,-0.00813951,-0.994437,0.212254,0.4,0,0,slope_up,0,1,1.39668e-13,1.09042e-11,2.42501e-07,1,0,0
11.9201,3.07185,0.676244,0,0.137817,0.742577,0.138041,0.109594,-0.00242292,-0.993973,0.217988,0.4,0,0,slope_up,0,1,1.46765e-13,6.65392e-12,2.24365e-07,1,0,0
11.9401,3.0776,0.678628,0,0.140554,0.744379,0.140829,0.112332,0.000884324,-0.99367,0.222719,0.4,0,0,slope_up,0,1,3.229e-13,1.55089e-11,4.26776e-07,1,0,0
11.9601,3.08346,0.680745,0,0.140879,0.745827,0.141316,0.112656,0.00520938,-0.99362,0.222296,0.4,0,0,slope_up,0,1,1.0798e-12,1.44374e-12,1.15785e-07,1,0,0
11.9801,3.0893,0.682756,0,0.13893,0.746967,0.139764,0.110707,0.0107459,-0.993795,0.219138,0.4,0,0,slope_up,0,1,1.86909e-12,3.69933e-13,5.10032e-08,1,0,0
12.0001,3.09496,0.684712,0,0.135642,0.747764,0.137081,0.10742,0.0160621,-0.994084,0.213539,0.4,0,0,slope_up,0,1,2.24912e-12,1.87398e-13,3.83114e-08,1,0,0
12.0201,3.10027,0.68653,0,0.132809,0.748314,0.134955,0.104587,0.0206015,-0.994302,0.21096,0.4,0,0,slope_up,0,1,2.67787e-12,1.49659e-13,4.11004e-08,1,0,0
12.0401,3.10525,0.688217,0,0.13055,0.748667,0.133251,0.102328,0.0235138,-0.994473,0.209428,0.4,0,0,slope_up,0,1,2.98225e-12,1.49687e-13,5.12257e-08,1,0,0
12.0601,3.1105,0.689896,0,0.128217,0.748921,0.130906,0.0999941,0.0232947,-0.994715,0.208823,0.4,0,0,slope_up,0,1,3.26816e-12,2.79651e-13,7.87969e-08,1,0,0
12.0801,3.115,0.691377,0,0.124688,0.749081,0.127355,0.0964654,0.0229165,-0.995072,0.209915,0.4,0,0,slope_up,0,1,4.06654e-12,6.24559e-13,1.18267e-07,1,0,0
12.1001,3.12018,0.693437,0,0.11982,0.750033,0.123454,0.0915979,0.0269308,-0.995432,0.208433,0.4,0,0,slope_up,0,1,6.41608e-12,4.08715e-12,4.38306e-07,1,0,0
12.1201,3.12464,0.695222,0,0.119148,0.752296,0.123203,0.0909256,0.0285863,-0.995447,0.199234,0.4,0,0,slope_up,0,0.999999,4.84581e-11,6.68941e-12,6.37036e-07,1,0,0
12.1401,3.12865,0.695945,0,0.121627,0.755578,0.124906,0.0934041,0.0255664,-0.9953,0.192833,0.4,0,0,slope_up,0,0.999999,2.76136e-10,3.28591e-11,7.25367e-07,1,0,0
12.1601,3.13258,0.695955,0,0.123984,0.759366,0.125562,0.0957611,0.0166515,-0.995265,0.188334,0.4,0,0,slope_up,0,1,1.55093e-10,3.7894e-10,2.96014e-07,1,0,0
12.1801,3.13672,0.696132,0,0.123825,0.763026,0.124256,0.0956026,0.00614605,-0.995401,0.185999,0.4,0,0,slope_up,0,1,3.28322e-11,2.41799e-09,1.82519e-07,1,0,0
12.2001,3.14138,0.696639,0,0.122991,0.76628,0.123187,0.0947687,-0.00563448,-0.995483,0.182496,0.4,0,0,slope_up,0,1,1.32737e-11,5.05784e-10,2.31899e-07,1,0,0
12.2201,3.14501,0.697071,0,0.123432,0.768406,0.124424,0.0952097,-0.0165765,-0.995319,0.177044,0.4,0,0,slope_up,0,1,7.80545e-12,4.47347e-11,1.33468e-07,1,0,0
12.2401,3.14869,0.697485,0,0.12528,0.770138,0.127663,0.0970571,-0.0258193,-0.994944,0.175623,0.4,0,0,slope_up,0,1,7.667e-12,1.91196e-11,1.09116e-07,1,0,0
12.2601,3.15225,0.697969,0,0.126649,0.77134,0.130564,0.098427,-0.0331214,-0.994593,0.175013,0.4,0,0,slope_up,0,1,8.27154e-12,6.57378e-11,2.61534e-07,1,0,0
12.2801,3.15542,0.698541,0,0.126653,0.772155,0.132252,0.0984308,-0.0395455,-0.994358,0.171969,0.4,0,0,slope_up,0,1,1.17299e-11,5.5679e-11,2.56e-07,1,0,0
12.3001,3.15943,0.699454,0,0.125383,0.773004,0.133607,0.0971609,-0.0477102,-0.994124,0.169544,0.4,0,0,slope_up,0,1,2.1131e-11,3.67224e-11,2.69667e-07,1,0,0
12.3201,3.16216,0.700455,0,0.12409,0.773463,0.13448,0.0958676,-0.0534359,-0.993959,0.16667,0.4,0,0,slope_up,0,1,3.44813e-11,6.1145e-11,4.11393e-07,1,0,0
12.3401,3.16502,0.701937,0,0.122702,0.773846,0.13518,0.0944799,-0.0583602,-0.993815,0.164291,0.4,0,0,slope_up,0,1,3.50884e-11,8.07582e-11,4.92458e-07,1,0,0
12.3601,3.16804,0.70395,0,0.120576,0.774108,0.136547,0.0923533,-0.0657449,-0.993553,0.161643,0.4,0,0,slope_up,0,0.999999,2.05921e-11,1.36312e-10,6.49006e-07,1,0,0
12.3801,3.17051,0.70594,0,0.119604,0.774096,0.13707,0.0913815,-0.0686297,-0.993448,0.159883,0.4,0,0,slope_up,0,0.999999,7.53519e-12,2.89925e-10,1.00697e-06,1,0,0
12.4001,3.17326,0.708547,0,0.119339,0.773682,0.136403,0.0911162,-0.0677378,-0.993534,0.157835,0.4,0,0,slope_up,0,0.999999,2.19728e-12,3.45148e-10,1.33304e-06,1,0,0
12.4201,3.17644,0.711949,0,0.118824,0.772491,0.132649,0.0906015,-0.0606574,-0.994038,0.156349,0.4,0,0,slope_up,0,0.999999,7.73259e-13,2.17675e-10,1.26699e-06,1,0,0
12.4401,3.17939,0.714212,0,0.11639,0.77167,0.130393,0.0881675,-0.0605141,-0.994266,0.151948,0.4,0,0,slope_up,0,0.999999,4.90085e-13,1.71624e-10,1.32421e-06,1,0,0
12.4601,3.1831,0.716645,0,0.110844,0.771538,0.126909,0.0826211,-0.0635963,-0.99455,0.143113,0.4,0,0,slope_up,0,0.999999,8.57142e-13,1.79275e-10,7.1291e-07,1,0,0
12.4801,3.18581,0.719869,0,0.106379,0.772487,0.118729,0.0781566,-0.0545813,-0.995446,0.13187,0.4,0,0,slope_up,0,0.999999,1.18435e-12,2.27605e-10,7.86077e-07,1,0,0
12.5001,3.18868,0.723173,0,0.102121,0.774139,0.110705,0.0738982,-0.0446421,-0.996266,0.122217,0.4,0,0,slope_up,0,1,1.67732e-13,5.8721e-11,4.9791e-07,1,0,0
12.5201,3.19213,0.726076,0,0.0978167,0.776155,0.103753,0.0695942,-0.0365233,-0.996907,0.118675,0.4,0,0,slope_up,0,0.999999,1.77531e-13,1.1508e-10,9.63634e-07,1,0,0
12.5401,3.19522,0.728462,0,0.0964521,0.778014,0.10024,0.0682296,-0.0292145,-0.997242,0.116703,0.4,0,0,slope_up,0,0.999999,1.09801e-13,8.61842e-11,5.6217e-07,1,0,0
12.5601,3.19914,0.731068,0,0.0968307,0.779921,0.0989429,0.0686081,-0.0221951,-0.997397,0.109219,0.4,0,0,slope_up,0,1,6.28042e-14,4.05526e-11,4.09357e-07,1,0,0
12.5801,3.20313,0.733259,0,0.0971725,0.780798,0.0980769,0.06895,-0.0150014,-0.997507,0.101068,0.4,0,0,slope_up,0,1,1.44286e-13,1.27839e-12,8.14615e-08,1,0,0
12.6001,3.2075,0.73607,0,0.0971361,0.779575,0.0974675,0.0689136,0.00510099,-0.99761,0.0942077,0.4,0,0,slope_up,0,1,5.35824e-13,2.67437e-12,1.08941e-07,1,0,0
12.6201,3.21163,0.739286,0,0.0989337,0.774462,0.105404,0.0707112,0.0339435,-0.996919,0.0859478,0.4,0,0,slope_up,0,1,8.43743e-12,5.14922e-12,4.55198e-07,1,0,0
12.6401,3.21525,0.7416,0,0.101461,0.766582,0.114388,0.0732389,0.0503912,-0.996041,0.0786563,0.4,0,0,slope_up,0,1,8.00743e-12,7.79554e-13,1.40629e-07,1,0,0
12.6601,3.21996,0.744898,0,0.102849,0.753693,0.124183,0.0746267,0.067119,-0.99495,0.0674407,0.4,0,0,slope_up,0,1,1.38116e-11,9.65861e-13,1.45278e-07,1,0,0
12.6801,3.22378,0.745651,0,0.104167,0.744751,0.11661,0.0759443,0.0499564,-0.99586,0.0462392,0.4,0,0,slope_up,0,1,4.08231e-11,9.98541e-13,2.39407e-07,1,0,0
12.7001,3.2287,0.746333,0,0.102861,0.743339,0.111329,0.0746382,0.0401407,-0.996402,0.0413125,0.4,0,0,slope_up,0,0.999977,1.15843e-08,1.13799e-09,2.32421e-05,1,0,0
12.7201,3.23468,0.749984,0,0.0943569,0.744985,0.117258,0.0661344,0.0672057,-0.995545,0.0414318,0.4,0,0,slope_up,0,0.999983,1.06231e-09,2.149e-11,1.667e-05,1,0,0
12.7401,3.23859,0.752646,0,0.095613,0.747362,0.126162,0.0673905,0.0798482,-0.994526,0.0197921,0.4,0,0,slope_up,0,0.999971,1.03438e-08,5.06141e-12,2.91978e-05,1,0,0
12.7601,3.24034,0.753306,0,0.107749,0.750403,0.136128,0.0795261,0.0806233,-0.993567,-0.0029139,0.4,0,0,slope_up,0,0.999966,2.19272e-08,3.28981e-12,3.38085e-05,1,0,0
12.7801,3.24265,0.753114,0,0.116461,0.753957,0.145403,0.0882386,0.0843772,-0.992519,-0.0168595,0.4,0,0,slope_up,0,0.999967,1.10532e-08,4.56744e-12,3.2528e-05,1,0,0
12.8001,3.24552,0.75266,0,0.119751,0.75765,0.14623,0.091529,0.0812157,-0.992485,-0.0372129,0.4,0,0,slope_up,0,0.999992,2.58433e-09,7.32443e-13,8.28405e-06,1,0,0
12.8201,3.24875,0.752329,0,0.11886,0.760708,0.13807,0.0906379,0.0676024,-0.993587,-0.0626107,0.4,0,0,slope_up,0,0.999999,3.11406e-10,1.37062e-13,1.18898e-06,1,0,0
12.8401,3.25258,0.752173,0,0.115502,0.763392,0.125536,0.0872792,0.0465837,-0.995094,-0.0845848,0.4,0,0,slope_up,0,1,1.34414e-11,5.54046e-14,2.37355e-07,1,0,0
12.8602,3.25643,0.75208,0,0.115038,0.765938,0.118589,0.0868155,0.0260939,-0.995883,-0.10023,0.4,0,0,slope_up,0,1,1.08598e-11,2.83322e-13,3.56377e-07,1,0,0
12.8802,3.25962,0.752037,0,0.121411,0.768033,0.122412,0.0931884,0.0122841,-0.995573,-0.111427,0.4,0,0,slope_up,0,0.999999,3.83558e-11,1.0401e-12,7.5602e-07,1,0,0
12.9002,3.26266,0.752177,0,0.130751,0.769634,0.131058,0.102528,0.00349515,-0.994724,-0.121318,0.4,0,0,slope_up,0,0.999998,2.236e-10,7.69619e-12,1.8224e-06,1,0,0
12.9202,3.26619,0.752657,0,0.138155,0.770953,0.138466,0.109933,-0.00697123,-0.993915,-0.131863,0.4,0,0,slope_up,0,0.999998,4.05522e-10,1.45207e-11,1.99289e-06,1,0,0
12.9402,3.27026,0.753934,0,0.1426,0.771941,0.143591,0.114378,-0.0166109,-0.993298,-0.14313,0.4,0,0,slope_up,0,0.999998,3.77847e-10,1.7305e-11,1.77487e-06,1,0,0
12.9602,3.27485,0.756468,0,0.144725,0.772301,0.145921,0.116502,-0.01851,-0.993018,-0.153611,0.4,0,0,slope_up,0,0.999999,2.0909e-10,1.26507e-11,9.98908e-07,1,0,0
12.9802,3.27994,0.760255,0,0.14472,0.771653,0.145273,0.116497,-0.0112046,-0.993128,-0.163834,0.4,0,0,slope_up,0,0.999999,5.95107e-11,5.91851e-12,7.55573e-07,1,0,0
13.0002,3.28548,0.765428,0,0.141892,0.769368,0.142446,0.11367,0.00709198,-0.993493,-0.180412,0.4,0,0,slope_up,0,0.999999,2.09071e-11,3.57408e-12,1.4307e-06,1,0,0
13.0202,3.29145,0.77169,0,0.136658,0.764082,0.142647,0.108436,0.0378158,-0.993384,-0.19814,0.4,0,0,slope_up,0,0.999997,2.55984e-11,2.25083e-12,2.9222e-06,1,0,0
13.0402,3.29769,0.778541,0,0.129959,0.755335,0.148867,0.101737,0.0697869,-0.992361,-0.216087,0.4,0,0,slope_up,0,0.999996,1.09694e-10,3.90087e-12,3.86382e-06,1,0,0
13.0602,3.30227,0.783665,0,0.126811,0.746589,0.1491,0.0985886,0.0756348,-0.99225,-0.237051,0.4,0,0,slope_up,0,0.999997,4.94423e-10,4.44753e-12,3.08133e-06,1,0,0
13.0802,3.30643,0.786446,0,0.117712,0.741575,0.135345,0.0894895,0.064171,-0.993918,-0.263075,0.4,0,0,slope_up,0,0.999978,5.83588e-08,1.70588e-11,2.22799e-05,1,0,0
13.1002,3.31164,0.788127,0,0.106771,0.73974,0.122917,0.078549,0.0584039,-0.995198,-0.278958,0.4,0,0,slope_up,0,0.999958,1.38397e-07,1.2329e-10,4.2013e-05,1,0,0
13.1202,3.31584,0.789497,0,0.100144,0.740592,0.123234,0.0719215,0.0693602,-0.994996,-0.290862,0.4,0,0,slope_up,0,0.999493,1.06986e-06,3.34787e-08,0.000505876,1,0,0
13.1402,3.31948,0.790403,0,0.0980243,0.742241,0.127651,0.0698018,0.0792906,-0.994405,-0.304877,0.4,0,0,slope_up,0,0.989681,9.31439e-06,1.37652e-06,0.0103085,1,0,0
13.1602,3.32251,0.790789,0,0.100928,0.743809,0.132518,0.0727059,0.0833565,-0.993864,-0.315755,0.4,0,0,slope_up,0,0.951729,3.32519e-05,1.25613e-06,0.0482368,1,0,0
13.1802,3.32543,0.790596,0,0.105609,0.745251,0.137356,0.077387,0.0852564,-0.993349,-0.320902,0.4,0,0,slope_up,0,0.71954,9.41416e-05,4.37695e-06,0.280362,1,0,0
13.2002,3.32836,0.790147,0,0.110695,0.746765,0.142378,0.0824723,0.0869159,-0.992796,-0.330911,0.4,0,0,slope_up,0,0.527636,0.000202026,2.50835e-06,0.47216,1,0,0
13.2202,3.33039,0.789557,0,0.114401,0.747939,0.146345,0.0861789,0.0885887,-0.992333,-0.342644,0.4,0,0,slope_up,0,0.46415,0.000200513,1.56541e-06,0.535648,1,0,0
13.2402,3.33199,0.788849,0,0.11812,0.74902,0.150179,0.0898979,0.090015,-0.991875,-0.35692,0.4,0,0,slope_up,0,0.49451,0.000120149,1.66204e-06,0.505369,1,0,0
13.2602,3.33334,0.788029,0,0.123226,0.750226,0.155181,0.0950031,0.0915177,-0.991261,-0.376699,0.4,0,0,slope_up,0,0.530916,6.23087e-05,1.80116e-06,0.46902,1,0,0
13.2802,3.33409,0.787529,0,0.128084,0.75126,0.159633,0.0998616,0.0923957,-0.990702,-0.401309,0.4,0,0,slope_up,0,0.578516,2.6747e-05,9.80393e-07,0.421457,1,0,0
13.3002,3.33451,0.787174,0,0.132434,0.752149,0.163826,0.104212,0.0934829,-0.990152,-0.426305,0.4,0,0,slope_up,0,0.628133,1.8894e-05,3.94489e-07,0.371847,1,0,0
13.3202,3.33474,0.786803,0,0.136265,0.753402,0.166863,0.108043,0.0932894,-0.98976,-0.452763,0.4,0,0,slope_up,0,0.563305,7.38269e-06,3.33885e-07,0.436687,1,0,0
13.3402,3.33409,0.786785,0,0.142191,0.754748,0.170848,0.113968,0.0915927,-0.989253,-0.489047,0.4,0,0,slope_up,0,0.517642,1.01163e-05,2.37696e-07,0.482347,1,0,0
13.3602,3.33325,0.786612,0,0.146767,0.755909,0.175194,0.118545,0.0924462,-0.988636,-0.524163,0.4,0,0,slope_up,0,0.68258,7.01762e-06,5.10724e-08,0.317413,1,0,0
13.3802,3.33185,0.786093,0,0.150738,0.757803,0.181466,0.122515,0.0976979,-0.987646,-0.570256,0.4,0,0,slope_up,0,0.768217,3.73793e-06,1.80155e-08,0.23178,1,0,0
13.4002,3.33066,0.785199,0,0.15089,0.759999,0.184073,0.122667,0.102062,-0.987186,-0.593245,0.4,0,0,slope_up,0,0.913177,3.23118e-06,1.45874e-09,0.0868193,1,0,0
13.4202,3.32849,0.783108,0,0.14903,0.762333,0.178932,0.120808,0.0957413,-0.988048,-0.612924,0.4,0,0,slope_up,0,0.925569,1.50191e-06,3.73925e-09,0.07443,1,0,0
13.4402,3.32682,0.780968,0,0.143305,0.763928,0.169527,0.115082,0.0874475,-0.989499,-0.632896,0.4,0,0,slope_up,0,0.967257,5.47028e-07,3.38508e-09,0.0327428,1,0,0
13.4602,3.3264,0.777825,0,0.127582,0.765677,0.145256,0.0993593,0.0666646,-0.992816,-0.669424,0.4,0,0,slope_up,0,0.996229,4.76513e-08,4.88805e-10,0.00377086,1,0,0
13.4802,3.3263,0.775232,0,0.118544,0.767303,0.129362,0.0903218,0.0491495,-0.994699,-0.687242,0.4,0,0,slope_up,0,0.996239,1.44354e-08,2.31085e-09,0.00376092,1,0,0
13.5002,3.32561,0.773062,0,0.119094,0.769084,0.125675,0.0908719,0.0374497,-0.995158,-0.699641,0.4,0,0,slope_up,0,0.997063,1.02454e-08,2.193e-09,0.00293727,1,0,0
13.5202,3.3256,0.7707,0,0.123876,0.769842,0.130336,0.095654,0.0377504,-0.994699,-0.706858,0.4,0,0,slope_up,0,0.9984,1.13789e-09,8.76217e-10,0.00160013,1,0,0
13.5402,3.32608,0.768063,0,0.131539,0.770853,0.136067,0.103316,0.0317869,-0.994141,-0.707191,0.4,0,0,slope_up,0,0.999161,1.99968e-10,8.0712e-10,0.000838705,1,0,0
13.5602,3.32742,0.765937,0,0.140641,0.771251,0.144215,0.112418,0.0285123,-0.993252,-0.702671,0.4,0,0,slope_up,0,0.999307,5.25554e-11,1.50908e-09,0.00069273,1,0,0
13.5802,3.32957,0.764281,0,0.149014,0.770962,0.152396,0.120791,0.0281668,-0.992278,-0.693668,0.4,0,0,slope_up,0,0.999085,3.85558e-11,3.27186e-09,0.000914717,1,0,0
13.6002,3.33335,0.763367,0,0.156903,0.769189,0.161859,0.12868,0.0358918,-0.991036,-0.681439,0.4,0,0,slope_up,0,0.998074,5.91323e-11,6.48006e-09,0.00192574,1,0,0
13.6202,3.33805,0.763763,0,0.162173,0.765216,0.17237,0.13395,0.0547035,-0.989477,-0.672706,0.4,0,0,slope_up,0,0.993304,4.38368e-10,1.41249e-08,0.00669589,1,0,0
13.6402,3.34355,0.765055,0,0.164502,0.757606,0.187246,0.13628,0.0857869,-0.986949,-0.671145,0.4,0,0,slope_up,0,0.974746,2.63418e-08,7.97406e-08,0.0252537,1,0,0
13.6602,3.34774,0.765818,0,0.167824,0.748311,0.203688,0.139602,0.111553,-0.983904,-0.666771,0.4,0,0,slope_up,0,0.951752,8.9085e-07,1.34967e-07,0.048247,1,0,0
13.6802,3.34826,0.762637,0,0.179052,0.741635,0.204716,0.150829,0.0950792,-0.983977,-0.651964,0.4,0,0,slope_up,0,0.99837,2.98479e-08,1.0562e-10,0.00162979,1,0,0
13.7002,3.34943,0.758954,0,0.181209,0.740078,0.202503,0.152986,0.08615,-0.984466,-0.66128,0.4,0,0,slope_up,0,0.999493,2.31037e-08,7.1351e-12,0.000507511,1,0,0
13.7202,3.35146,0.756239,0,0.180834,0.740801,0.207516,0.152612,0.097557,-0.983459,-0.67636,0.4,0,0,slope_up,0,0.988837,3.48504e-07,6.54947e-11,0.0111631,1,0,0
13.7402,3.35279,0.753086,0,0.181613,0.742748,0.212445,0.15339,0.105928,-0.982472,-0.69078,0.4,0,0,slope_up,0,0.736367,7.04832e-06,3.65794e-09,0.263626,1,0,0
13.7602,3.35361,0.749453,0,0.183575,0.744961,0.215424,0.155352,0.108346,-0.9819,-0.699348,0.4,0,0,slope_up,0,0.490542,1.55869e-05,3.18547e-09,0.509442,1,0,0
13.7802,3.35449,0.745575,0,0.185108,0.747279,0.218257,0.156885,0.111177,-0.981339,-0.710225,0.4,0,0,slope_up,0,0.612167,1.34448e-05,3.16741e-09,0.38782,1,0,0
13.8002,3.35531,0.741896,0,0.187135,0.74938,0.221144,0.158913,0.113285,-0.980772,-0.712108,0.4,0,0,slope_up,0,0.887076,3.37857e-06,2.5943e-09,0.112921,1,0,0
13.8202,3.35631,0.73736,0,0.190625,0.751893,0.225556,0.162403,0.115865,-0.979898,-0.709827,0.4,0,0,slope_up,0,0.945903,7.00599e-07,1.36259e-08,0.0540961,1,0,0
13.8402,3.35699,0.733032,0,0.194781,0.754069,0.226937,0.166559,0.111594,-0.979696,-0.713596,0.4,0,0,slope_up,0,0.972923,2.15177e-07,3.49258e-08,0.0270772,1,0,0
13.8602,3.35754,0.728447,0,0.200273,0.756401,0.229272,0.17205,0.106519,-0.979312,-0.719503,0.4,0,0,slope_up,0,0.981686,1.59073e-07,7.01583e-08,0.0183134,1,0,0
13.8802,3.35814,0.723483,0,0.205999,0.759359,0.233404,0.177777,0.104362,-0.978521,-0.730777,0.4,0,0,slope_up,0,0.979031,1.91128e-07,1.08536e-07,0.0209683,1,0,0
13.9002,3.35815,0.717558,0,0.211865,0.76309,0.23673,0.183642,0.0999136,-0.977902,-0.743281,0.4,0,0,slope_up,0,0.962828,1.07564e-06,1.06236e-07,0.0371708,1,0,0
13.9202,3.35736,0.710354,0,0.216848,0.76749,0.23753,0.188626,0.0908773,-0.977835,-0.756656,0.4,0,0,slope_up,0,0.956623,1.64974e-05,5.87692e-08,0.0433603,1,0,0
13.9402,3.35621,0.70252,0,0.220289,0.772064,0.235777,0.192066,0.0775321,-0.978315,-0.774491,0.4,0,0,slope_up,0,0.98126,4.52439e-06,3.47279e-08,0.0187359,1,0,0
13.9602,3.35573,0.694172,0,0.217891,0.776769,0.226494,0.189669,0.0546766,-0.980325,-0.788743,0.4,0,0,slope_up,0,0.976811,2.70224e-07,3.44136e-08,0.0231882,1,0,0
13.9802,3.35642,0.684748,0,0.209245,0.781168,0.21439,0.181022,0.0392765,-0.982694,-0.801843,0.4,0,0,slope_up,0,0.993558,3.90991e-08,4.99477e-09,0.00644172,1,0,0
14.0002,3.35698,0.677596,0,0.204987,0.784167,0.207618,0.176765,0.0240191,-0.98396,-0.815532,0.4,0,0,slope_up,0,0.998376,1.85034e-08,8.62374e-10,0.00162405,1,0,0
14.0202,3.35717,0.670637,0,0.207099,0.787247,0.20829,0.178877,0.00731133,-0.983844,-0.825914,0.4,0,0,slope_up,0,0.998036,1.52649e-08,2.94339e-09,0.00196412,1,0,0
14.0402,3.35759,0.664698,0,0.214106,0.789977,0.215229,0.185884,-0.00576452,-0.982555,-0.831558,0.4,0,0,slope_up,0,0.99755,9.0044e-09,8.59368e-09,0.00245008,1,0,0
14.0602,3.35884,0.65939,0,0.22155,0.792577,0.223194,0.193328,-0.0155649,-0.981011,-0.834576,0.4,0,0,slope_up,0,0.997746,3.71999e-09,1.4039e-08,0.00225427,1,0,0
14.0802,3.3607,0.65427,0,0.227783,0.795449,0.230482,0.19956,-0.0266569,-0.979523,-0.833727,0.4,0,0,slope_up,0,0.999276,7.66003e-10,1.13668e-08,0.000723568,1,0,0
14.1002,3.36261,0.649195,0,0.234418,0.79859,0.239196,0.206195,-0.0410204,-0.977651,-0.82543,0.4,0,0,slope_up,0,0.99903,9.41497e-10,6.79535e-08,0.000970263,1,0,0
14.1202,3.36433,0.644493,0,0.243731,0.801993,0.251897,0.215508,-0.0578293,-0.974788,-0.808914,0.4,0,0,slope_up,0,0.996718,5.69431e-09,7.11183e-07,0.00328171,1,0,0
14.1402,3.36556,0.640308,0,0.256958,0.806672,0.271585,0.228736,-0.0821983,-0.970012,-0.784608,0.4,0,0,slope_up,0,0.997207,1.46161e-08,7.88673e-07,0.00279242,1,0,0
14.1602,3.36804,0.637604,0,0.26957,0.812355,0.288553,0.241348,-0.0963342,-0.965645,-0.760505,0.4,0,0,slope_up,0,0.996885,1.47155e-07,1.58315e-06,0.00311328,1,0,0
14.1802,3.37203,0.635143,0,0.2758,0.818927,0.297042,0.247578,-0.103208,-0.963355,-0.735934,0.4,0,0,slope_up,0,0.999424,6.09099e-08,3.26204e-07,0.000575445,1,0,0
14.2002,3.37675,0.632415,0,0.277387,0.826329,0.300165,0.249165,-0.107544,-0.962471,-0.712775,0.4,0,0,slope_up,0,0.999775,1.58524e-08,1.54014e-07,0.000224715,1,0,0
14.2202,3.38188,0.629256,0,0.276057,0.834093,0.298331,0.247835,-0.106073,-0.962978,-0.681559,0.4,0,0,slope_up,0,0.999848,2.20687e-08,5.12834e-07,0.000151079,1,0,0
14.2402,3.3878,0.625594,0,0.269989,0.841267,0.28826,0.241766,-0.0942638,-0.965745,-0.648476,0.4,0,0,slope_up,0,0.999933,1.10698e-08,1.33548e-06,6.59654e-05,1,0,0
14.2602,3.39449,0.622068,0,0.259456,0.845877,0.268038,0.231234,-0.0594823,-0.971078,-0.632267,0.4,0,0,slope_up,0,0.999534,5.1882e-08,1.11485e-05,0.000454911,1,0,0
14.2802,3.40063,0.617999,0,0.24839,0.846712,0.25046,0.220167,-0.0130689,-0.975375,-0.614031,0.4,0,0,slope_up,0,0.998856,1.2609e-05,1.72084e-05,0.00111449,1,0,0
14.3002,3.4043,0.611232,0,0.239759,0.847994,0.241546,0.211537,-0.0111132,-0.977307,-0.599814,0.4,0,0,slope_up,0,0.999383,3.63538e-05,5.55011e-06,0.000574938,1,0,0
14.3202,3.40842,0.604911,0,0.23004,0.849921,0.231619,0.201818,-0.0111094,-0.97936,-0.590558,0.4,0,0,slope_up,0,0.999797,8.83458e-06,1.62952e-06,0.000192559,1,0,0
14.3402,3.4137,0.599951,0,0.217399,0.852146,0.218682,0.189176,0.00538712,-0.981928,-0.58282,0.4,0,0,slope_up,0,0.999962,1.98315e-08,1.61441e-06,3.64739e-05,1,0,0
14.3602,3.41984,0.594287,0,0.201371,0.854198,0.203973,0.173148,0.0240148,-0.984603,-0.572934,0.4,0,0,slope_up,0,0.999988,2.47192e-10,6.37104e-07,1.17542e-05,1,0,0
14.3802,3.42495,0.589367,0,0.18753,0.855242,0.192307,0.159307,0.0369444,-0.986538,-0.566035,0.4,0,0,slope_up,0,0.999996,1.19444e-11,2.57079e-07,4.12854e-06,1,0,0
14.4002,3.43071,0.583161,0,0.171645,0.855972,0.17875,0.143422,0.0456122,-0.98861,-0.558008,0.4,0,0,slope_up,0,0.999997,2.38166e-12,5.23501e-08,2.58673e-06,1,0,0
14.4202,3.43652,0.576802,0,0.157519,0.856238,0.168132,0.129296,0.0552574,-0.990065,-0.548841,0.4,0,0,slope_up,0,0.999998,8.02683e-13,2.20722e-08,2.19288e-06,1,0,0
14.4402,3.44241,0.570369,0,0.145039,0.856034,0.160192,0.116817,0.0648809,-0.991032,-0.543661,0.4,0,0,slope_up,0,0.999997,3.64339e-13,1.30134e-08,3.09025e-06,1,0,0
14.4602,3.44821,0.563573,0,0.134659,0.855358,0.154654,0.106437,0.0731455,-0.991625,-0.538329,0.4,0,0,slope_up,0,0.999994,2.56184e-13,8.01326e-09,6.04379e-06,1,0,0
14.4802,3.45388,0.556363,0,0.12646,0.854179,0.151061,0.0982377,0.0798322,-0.991956,-0.531353,0.4,0,0,slope_up,0,0.999993,2.46555e-13,3.12593e-09,6.75653e-06,1,0,0
14.5002,3.45914,0.548712,0,0.120654,0.852497,0.147245,0.0924316,0.0816812,-0.992363,-0.523167,0.4,0,0,slope_up,0,0.999997,2.70629e-13,3.23483e-10,2.62599e-06,1,0,0
14.5202,3.46401,0.540599,0,0.116621,0.850354,0.141282,0.0883988,0.0770991,-0.993097,-0.513154,0.4,0,0,slope_up,0,0.999999,2.75817e-13,7.49501e-11,9.55501e-07,1,0,0
14.5402,3.4693,0.532764,0,0.109855,0.848586,0.133964,0.0816324,0.0741052,-0.993904,-0.486406,0.4,0,0,slope_up,0,0.999999,2.6667e-13,7.28453e-11,5.57289e-07,1,0,0
14.5602,3.47472,0.525177,0,0.100899,0.848543,0.125607,0.0726766,0.0723353,-0.994729,-0.45025,0.4,0,0,slope_up,0,0.999994,6.43185e-13,3.36272e-09,5.7602e-06,1,0,0
14.5802,3.47973,0.518099,0,0.091619,0.849884,0.109641,0.0633965,0.0578588,-0.99631,-0.431647,0.4,0,0,slope_up,0,0.999991,8.04108e-13,9.88146e-09,8.97313e-06,1,0,0
14.6002,3.4846,0.512736,0,0.0866414,0.852184,0.100605,0.0584189,0.0488107,-0.997098,-0.425695,0.4,0,0,slope_up,0,0.999997,6.94844e-13,3.15418e-09,2.87397e-06,1,0,0
14.6202,3.4888,0.508206,0,0.0888376,0.854836,0.0977708,0.0606151,0.0385003,-0.997418,-0.423208,0.4,0,0,slope_up,0,1,7.25735e-13,8.24455e-11,4.22838e-07,1,0,0
14.6402,3.49267,0.503803,0,0.0956711,0.857782,0.10036,0.0674486,0.0279174,-0.997332,-0.411944,0.4,0,0,slope_up,0,1,1.26743e-12,9.43658e-12,7.96203e-08,1,0,0
14.6602,3.49713,0.499252,0,0.101113,0.860831,0.102579,0.0728909,0.0146716,-0.997232,-0.400843,0.4,0,0,slope_up,0,1,5.3005e-13,4.69119e-12,6.00513e-08,1,0,0
14.6802,3.50268,0.494372,0,0.105048,0.863884,0.105128,0.0768251,-0.00247949,-0.997042,-0.395668,0.4,0,0,slope_up,0,1,3.51673e-13,2.14277e-11,6.50411e-08,1,0,0
14.7002,3.50676,0.490848,0,0.107738,0.86575,0.108606,0.0795158,-0.0151294,-0.996719,-0.391738,0.4,0,0,slope_up,0,1,4.36099e-13,2.19837e-11,4.15739e-08,1,0,0
14.7202,3.51223,0.486083,0,0.111576,0.867757,0.115762,0.083354,-0.0325623,-0.995988,-0.387379,0.4,0,0,slope_up,0,1,7.25201e-13,3.97717e-11,3.93444e-08,1,0,0
14.7402,3.51712,0.482126,0,0.114765,0.868972,0.122672,0.0865427,-0.0450638,-0.995228,-0.385761,0.4,0,0,slope_up,0,1,1.54771e-12,1.34663e-10,5.12773e-08,1,0,0
14.7602,3.52152,0.478847,0,0.117911,0.869665,0.130193,0.0896881,-0.0569095,-0.994343,-0.384327,0.4,0,0,slope_up,0,1,2.81673e-12,3.51834e-10,7.92267e-08,1,0,0
14.7802,3.52722,0.474851,0,0.122005,0.870145,0.138806,0.0937821,-0.0678369,-0.993279,-0.383228,0.4,0,0,slope_up,0,1,2.85812e-12,6.72056e-10,1.20448e-07,1,0,0
14.8002,3.53148,0.47206,0,0.124822,0.870168,0.143969,0.096599,-0.0733251,-0.992619,-0.382908,0.4,0,0,slope_up,0,1,2.43634e-12,7.6975e-10,1.23847e-07,1,0,0
14.8202,3.53627,0.468751,0,0.126733,0.870141,0.148865,0.0985103,-0.0796362,-0.991944,-0.381138,0.4,0,0,slope_up,0,1,8.33428e-13,9.64521e-10,1.27223e-07,1,0,0
14.8402,3.54044,0.465863,0,0.128248,0.869936,0.151467,0.100026,-0.0820939,-0.991592,-0.3789,0.4,0,0,slope_up,0,1,2.615e-13,5.04482e-10,1.06407e-07,1,0,0
14.8602,3.54564,0.461842,0,0.128402,0.869672,0.152306,0.10018,-0.08341,-0.991467,-0.382167,0.4,0,0,slope_up,0,1,1.00875e-13,1.43751e-10,9.02135e-08,1,0,0
14.8802,3.54983,0.457626,0,0.126359,0.870213,0.150918,0.0981367,-0.0840463,-0.991618,-0.381565,0.4,0,0,slope_up,0,1,2.40419e-13,2.65185e-10,2.53528e-07,1,0,0
14.9002,3.55382,0.452937,0,0.12821,0.872225,0.147068,0.0999879,-0.0735796,-0.992264,-0.37158,0.4,0,0,slope_up,0,1,3.8714e-13,2.19918e-10,2.7774e-07,1,0,0
14.9202,3.55736,0.448616,0,0.129073,0.875182,0.141446,0.100851,-0.0593774,-0.993128,-0.358041,0.4,0,0,slope_up,0,1,3.75651e-13,4.8091e-11,1.22166e-07,1,0,0
14.9402,3.56163,0.443723,0,0.125595,0.878168,0.13318,0.0973723,-0.0458511,-0.994191,-0.341905,0.4,0,0,slope_up,0,1,4.33564e-13,6.46399e-12,9.11974e-08,1,0,0
14.9602,3.56588,0.438491,0,0.123305,0.880788,0.127775,0.0950826,-0.0350028,-0.994854,-0.334465,0.4,0,0,slope_up,0,1,3.60092e-13,7.82261e-12,9.85062e-08,1,0,0
14.9802,3.56955,0.433695,0,0.126993,0.8831,0.128907,0.0987703,-0.0232501,-0.994839,-0.333764,0.4,0,0,slope_up,0,1,1.45985e-12,7.57456e-13,2.64561e-08,1,0,0
15.0002,3.57317,0.429128,0,0.132677,0.885053,0.133135,0.104455,-0.0104848,-0.994474,-0.333428,0.4,0,0,slope_up,0,1,2.38658e-12,3.3779e-13,2.24519e-08,1,0,0
15.0202,3.57695,0.424632,0,0.137624,0.886564,0.137859,0.109401,-0.000377042,-0.993998,-0.333664,0.4,0,0,slope_up,0,1,1.5186e-12,5.75373e-14,1.14275e-08,1,0,0
15.0402,3.5808,0.420173,0,0.140785,0.887457,0.141229,0.112563,0.00532312,-0.99363,-0.333933,0.4,0,0,slope_up,0,1,4.65025e-13,9.79657e-15,4.06801e-09,1,0,0
15.0602,3.58464,0.415617,0,0.141707,0.887625,0.142204,0.113484,0.00619911,-0.99352,-0.334354,0.4,0,0,slope_up,0,1,1.49432e-13,8.52235e-15,2.68404e-09,1,0,0
15.0802,3.58859,0.410712,0,0.139204,0.886855,0.139578,0.110982,0.00409222,-0.993814,-0.334207,0.4,0,0,slope_up,0,1,4.85776e-14,8.04241e-15,2.51139e-09,1,0,0
15.1002,3.59319,0.404463,0,0.131288,0.885823,0.13155,0.103066,0.00224513,-0.994672,-0.325496,0.4,0,0,slope_up,0,1,1.47065e-14,2.81813e-14,1.02472e-08,1,0,0
15.1202,3.59701,0.398902,0,0.122363,0.885458,0.122555,0.0941403,-0.00561335,-0.995543,-0.314295,0.4,0,0,slope_up,0,1,2.57858e-14,6.94876e-13,3.8586e-08,1,0,0
15.1402,3.60112,0.39348,0,0.11394,0.885466,0.114929,0.0857171,-0.0163318,-0.996186,-0.311287,0.4,0,0,slope_up,0,1,3.59752e-14,6.39209e-13,4.19243e-08,1,0,0
15.1602,3.60463,0.389151,0,0.110989,0.886069,0.112772,0.0827661,-0.02154,-0.996336,-0.313962,0.4,0,0,slope_up,0,1,5.73116e-14,9.18421e-14,1.52953e-08,1,0,0
15.1802,3.60772,0.385435,0,0.112441,0.88712,0.114969,0.0842187,-0.0255923,-0.996119,-0.315435,0.4,0,0,slope_up,0,1,8.94489e-14,9.14577e-15,6.93194e-09,1,0,0
15.2002,3.61101,0.382087,0,0.115053,0.888384,0.118975,0.0868309,-0.0319438,-0.995711,-0.318606,0.4,0,0,slope_up,0,1,1.92267e-13,1.27906e-14,7.30565e-09,1,0,0
15.2202,3.61405,0.379335,0,0.118752,0.889509,0.124182,0.0905296,-0.0379503,-0.99517,-0.318487,0.4,0,0,slope_up,0,1,1.46482e-13,1.56662e-14,5.12297e-09,1,0,0
15.2402,3.61785,0.376217,0,0.122997,0.890782,0.130045,0.0947749,-0.0438175,-0.994534,-0.314792,0.4,0,0,slope_up,0,1,6.40002e-14,9.48506e-15,4.7492e-09,1,0,0
15.2602,3.62152,0.373736,0,0.12559,0.891833,0.134138,0.097367,-0.0486794,-0.994057,-0.314593,0.4,0,0,slope_up,0,1,6.71044e-14,2.66032e-14,6.11169e-09,1,0,0
15.2802,3.62508,0.371451,0,0.128837,0.89278,0.139706,0.100614,-0.0555462,-0.993374,-0.313805,0.4,0,0,slope_up,0,1,1.18673e-13,5.09554e-14,6.29641e-09,1,0,0
15.3002,3.62844,0.369262,0,0.131521,0.89359,0.145036,0.103298,-0.0626163,-0.992678,-0.313734,0.4,0,0,slope_up,0,1,3.49408e-13,2.32911e-13,9.9609e-09,1,0,0
15.3202,3.63157,0.367275,0,0.134078,0.894214,0.150119,0.105855,-0.0689491,-0.991988,-0.31381,0.4,0,0,slope_up,0,1,9.11076e-13,1.59368e-12,2.09352e-08,1,0,0
15.3402,3.6345,0.365458,0,0.136443,0.894648,0.15495,0.10822,-0.0748116,-0.991308,-0.313588,0.4,0,0,slope_up,0,1,1.80293e-12,4.65873e-12,3.28228e-08,1,0,0
15.3602,3.63729,0.363748,0,0.138542,0.895025,0.159677,0.11032,-0.0807128,-0.990613,-0.312879,0.4,0,0,slope_up,0,1,1.07001e-12,4.80521e-12,3.13387e-08,1,0,0
15.3802,3.64,0.362218,0,0.140637,0.895296,0.163701,0.112414,-0.0850474,-0.990015,-0.312768,0.4,0,0,slope_up,0,1,5.13275e-13,3.96153e-12,2.67892e-08,1,0,0
15.4002,3.6427,0.360738,0,0.142217,0.89548,0.166731,0.113994,-0.0882478,-0.989554,-0.311651,0.4,0,0,slope_up,0,1,2.80554e-13,2.96837e-12,2.44661e-08,1,0,0
15.4202,3.64501,0.359447,0,0.143677,0.895622,0.168469,0.115454,-0.0891582,-0.989303,-0.309788,0.4,0,0,slope_up,0,1,1.48564e-13,3.26273e-12,3.08463e-08,1,0,0
15.4402,3.64782,0.358007,0,0.144545,0.895668,0.167977,0.116322,-0.086753,-0.989416,-0.308555,0.4,0,0,slope_up,0,1,1.44887e-13,3.31924e-12,4.11867e-08,1,0,0
15.4602,3.65081,0.356248,0,0.141216,0.895868,0.163364,0.112994,-0.0833923,-0.99009,-0.315172,0.4,0,0,slope_up,0,1,1.64277e-13,4.90879e-12,5.37629e-08,1,0,0
15.4802,3.65363,0.354149,0,0.136593,0.89702,0.157118,0.108371,-0.0790089,-0.990966,-0.320789,0.4,0,0,slope_up,0,1,3.48537e-13,5.8396e-12,6.35731e-08,1,0,0
15.5002,3.65567,0.352066,0,0.133698,0.899778,0.14903,0.105475,-0.0672785,-0.992143,-0.312896,0.4,0,0,slope_up,0,1,3.08703e-12,2.09561e-11,1.06321e-07,1,0,0
15.5202,3.65883,0.349421,0,0.125874,0.903591,0.137597,0.0976511,-0.0571559,-0.993578,-0.296888,0.4,0,0,slope_up,0,1,2.84377e-12,1.98645e-11,9.93692e-08,1,0,0
15.5402,3.66166,0.347586,0,0.12014,0.906791,0.128799,0.0919177,-0.0480841,-0.994605,-0.289938,0.4,0,0,slope_up,0,1,5.28904e-13,8.23728e-12,6.55005e-08,1,0,0
15.5602,3.66458,0.34588,0,0.118041,0.910134,0.123239,0.0898185,-0.0370526,-0.995269,-0.28639,0.4,0,0,slope_up,0,1,3.77931e-13,1.00007e-12,1.90244e-08,1,0,0
15.5802,3.66753,0.344033,0,0.11825,0.912994,0.120725,0.0900271,-0.0257997,-0.995605,-0.281188,0.4,0,0,slope_up,0,1,1.17701e-13,2.69956e-13,1.11597e-08,1,0,0
15.6002,3.67076,0.342,0,0.118249,0.915344,0.119148,0.0900261,-0.0156801,-0.995816,-0.277218,0.4,0,0,slope_up,0,1,9.80461e-14,1.36355e-13,1.1901e-08,1,0,0
15.6202,3.67416,0.33981,0,0.117929,0.917148,0.118111,0.0897061,-0.00585128,-0.995951,-0.272258,0.4,0,0,slope_up,0,1,1.00724e-13,1.3341e-13,1.54609e-08,1,0,0
15.6402,3.6772,0.337685,0,0.117622,0.918214,0.117804,0.0893994,0.00154567,-0.995995,-0.268227,0.4,0,0,slope_up,0,1,1.0478e-13,1.70174e-13,2.02563e-08,1,0,0
15.6602,3.6808,0.334848,0,0.116822,0.918664,0.117275,0.0885996,0.00662861,-0.996045,-0.266365,0.4,0,0,slope_up,0,1,8.48981e-14,1.71419e-13,2.12286e-08,1,0,0
15.6802,3.68404,0.33199,0,0.114612,0.91828,0.11517,0.0863899,0.00792395,-0.99623,-0.266946,0.4,0,0,slope_up,0,1,8.38508e-14,1.31984e-13,1.65992e-08,1,0,0
15.7002,3.6871,0.32871,0,0.111077,0.917127,0.11137,0.0828546,0.00436787,-0.996552,-0.269079,0.4,0,0,slope_up,0,1,1.28094e-13,1.03523e-13,1.61471e-08,1,0,0
15.7202,3.6898,0.32552,0,0.105825,0.915745,0.105973,0.077603,0.00153359,-0.996983,-0.267102,0.4,0,0,slope_up,0,1,2.15447e-13,1.77841e-13,2.34059e-08,1,0,0
15.7402,3.69374,0.321638,0,0.0934796,0.914946,0.0938512,0.0652571,0.00557359,-0.997853,-0.255904,0.4,0,0,slope_up,0,1,1.7745e-13,1.96568e-12,9.32197e-08,1,0,0
15.7602,3.69648,0.318122,0,0.0847099,0.915052,0.0848045,0.0564874,0.00102967,-0.998403,-0.252295,0.4,0,0,slope_up,0,1,1.71344e-13,1.59727e-11,3.41736e-07,1,0,0
15.7802,3.69876,0.315409,0,0.0800826,0.915935,0.0801368,0.0518601,-0.00423577,-0.998645,-0.26042,0.4,0,0,slope_up,0,1,1.36829e-13,1.90618e-12,7.50403e-08,1,0,0
15.8002,3.701,0.313101,0,0.078324,0.917268,0.0785196,0.0501015,-0.00734618,-0.998717,-0.261376,0.4,0,0,slope_up,0,1,1.4174e-13,8.39154e-14,1.09576e-08,1,0,0
15.8202,3.7035,0.311001,0,0.0783575,0.9187,0.0789697,0.0501349,-0.0117793,-0.998673,-0.259729,0.4,0,0,slope_up,0,1,1.57074e-13,6.86154e-14,1.90429e-08,1,0,0
15.8402,3.70631,0.30921,0,0.080145,0.920074,0.0817505,0.0519225,-0.0181428,-0.998486,-0.261322,0.4,0,0,slope_up,0,1,1.01482e-13,9.64438e-14,1.84314e-08,1,0,0
15.8602,3.70939,0.30765,0,0.0835982,0.92124,0.0865438,0.0553757,-0.0244099,-0.998167,-0.261213,0.4,0,0,slope_up,0,1,6.55749e-14,8.58863e-14,9.83363e-09,1,0,0
15.8802,3.71276,0.306235,0,0.0883041,0.922167,0.0925807,0.0600816,-0.0298147,-0.997748,-0.256114,0.4,0,0,slope_up,0,1,5.47978e-14,2.03208e-13,1.33187e-08,1,0,0
15.9002,3.71656,0.305076,0,0.0919391,0.922922,0.0976719,0.0637166,-0.0349537,-0.997356,-0.255116,0.4,0,0,slope_up,0,1,9.86012e-14,1.06815e-12,1.80701e-08,1,0,0
15.9202,3.72058,0.304058,0,0.0957955,0.92357,0.103567,0.067573,-0.0413192,-0.996858,-0.255121,0.4,0,0,slope_up,0,1,1.97858e-13,3.34454e-12,2.54769e-08,1,0,0
15.9402,3.72459,0.303156,0,0.0992859,0.924064,0.108797,0.0710634,-0.0464162,-0.996391,-0.254972,0.4,0,0,slope_up,0,1,5.63107e-13,1.18812e-11,4.2783e-08,1,0,0
15.9602,3.72871,0.302337,0,0.104565,0.924428,0.116762,0.0763426,-0.0538319,-0.995627,-0.254517,0.4,0,0,slope_up,0,1,1.03322e-12,2.92114e-11,5.58006e-08,1,0,0
15.9802,3.73342,0.301469,0,0.109301,0.924704,0.123895,0.0810784,-0.0601542,-0.994891,-0.254076,0.4,0,0,slope_up,0,1,7.62315e-13,9.24759e-11,8.16368e-08,1,0,0
16.0002,3.73733,0.300893,0,0.113587,0.924768,0.12918,0.0853648,-0.0632864,-0.994338,-0.253702,0.4,0,0,slope_up,0,1,3.15971e-13,1.2747e-10,8.59706e-08,1,0,0
16.0202,3.74151,0.300331,0,0.116927,0.924678,0.132898,0.0887044,-0.0648815,-0.993943,-0.25235,0.4,0,0,slope_up,0,1,1.2275e-13,7.58183e-11,7.48728e-08,1,0,0
16.0402,3.74679,0.299651,0,0.119677,0.924237,0.134815,0.0914541,-0.063748,-0.993767,-0.249495,0.4,0,0,slope_up,0,1,5.37882e-14,4.77296e-11,9.28408e-08,1,0,0
16.0602,3.75123,0.298381,0,0.119639,0.923985,0.135375,0.091416,-0.0650262,-0.993687,-0.248657,0.4,0,0,slope_up,0,1,7.49579e-14,4.01041e-11,1.10364e-07,1,0,0
16.0802,3.75618,0.296559,0,0.12044,0.924903,0.135894,0.0922172,-0.0646069,-0.993641,-0.243702,0.4,0,0,slope_up,0,1,8.87711e-14,3.35883e-11,1.70435e-07,1,0,0
16.1002,3.76016,0.295342,0,0.122272,0.927263,0.132242,0.0940494,-0.0520046,-0.994208,-0.231595,0.4,0,0,slope_up,0,1,7.66876e-14,3.00819e-11,9.56112e-08,1,0,0
16.1202,3.76438,0.29392,0,0.120227,0.929819,0.126489,0.0920048,-0.0409281,-0.994917,-0.219659,0.4,0,0,slope_up,0,1,9.02163e-14,2.88473e-11,1.67288e-07,1,0,0
16.1402,3.76981,0.291709,0,0.117867,0.932854,0.121263,0.0896441,-0.0300597,-0.99552,-0.206712,0.4,0,0,slope_up,0,1,9.94161e-14,4.11433e-12,8.5461e-08,1,0,0
16.1602,3.77457,0.289609,0,0.118851,0.935262,0.120338,0.0906284,-0.0201435,-0.995681,-0.197345,0.4,0,0,slope_up,0,1,1.94851e-13,1.58937e-12,5.5771e-08,1,0,0
16.1802,3.77908,0.287513,0,0.122349,0.937248,0.122776,0.0941263,-0.0104775,-0.995505,-0.191847,0.4,0,0,slope_up,0,1,2.48964e-13,4.94459e-13,4.22302e-08,1,0,0
16.2002,3.78367,0.285383,0,0.12547,0.938892,0.125633,0.0972477,-0.00105223,-0.99526,-0.189311,0.4,0,0,slope_up,0,1,2.95491e-13,1.37875e-13,3.23852e-08,1,0,0
16.2202,3.78829,0.283303,0,0.127749,0.94022,0.128377,0.0995261,0.00863888,-0.994997,-0.185965,0.4,0,0,slope_up,0,1,4.53795e-13,6.88854e-14,2.54778e-08,1,0,0
16.2402,3.79273,0.281235,0,0.129399,0.941166,0.13082,0.101177,0.0157634,-0.994744,-0.184136,0.4,0,0,slope_up,0,1,4.19381e-13,6.13981e-14,2.01442e-08,1,0,0
16.2602,3.79692,0.279081,0,0.130179,0.941791,0.132081,0.101957,0.0190023,-0.994607,-0.18307,0.4,0,0,slope_up,0,1,3.38597e-13,6.57271e-14,1.34309e-08,1,0,0
16.2802,3.80108,0.276801,0,0.128788,0.942,0.130865,0.100565,0.0199833,-0.99473,-0.182223,0.4,0,0,slope_up,0,1,2.45373e-13,8.10759e-14,1.18165e-08,1,0,0
16.3002,3.80499,0.274341,0,0.124568,0.941705,0.126577,0.0963458,0.0193519,-0.99516,-0.178321,0.4,0,0,slope_up,0,1,1.9213e-13,5.60223e-14,1.3599e-08,1,0,0
16.3202,3.81049,0.270829,0,0.113943,0.941552,0.116398,0.0857209,0.0210114,-0.996098,-0.16598,0.4,0,0,slope_up,0,1,1.68667e-13,6.40965e-13,6.37276e-08,1,0,0
16.3402,3.8147,0.267515,0,0.106709,0.942022,0.108287,0.0784862,0.0157142,-0.996791,-0.160648,0.4,0,0,slope_up,0,1,1.76876e-13,4.10745e-12,1.34595e-07,1,0,0
16.3602,3.818,0.264739,0,0.104102,0.943341,0.104785,0.0758798,0.00905604,-0.997076,-0.162353,0.4,0,0,slope_up,0,1,1.77118e-13,1.06445e-11,6.55836e-08,1,0,0
16.3802,3.82141,0.26256,0,0.103001,0.94512,0.103291,0.0747789,0.004478,-0.99719,-0.166203,0.4,0,0,slope_up,0,1,1.96466e-13,2.741e-12,3.52459e-08,1,0,0
16.4002,3.8249,0.26078,0,0.103924,0.947038,0.104007,0.0757011,-0.000922107,-0.99713,-0.168527,0.4,0,0,slope_up,0,1,3.87126e-13,6.3506e-13,2.8537e-08,1,0,0
16.4202,3.82842,0.259088,0,0.106869,0.948936,0.107146,0.0786464,-0.00856117,-0.996866,-0.168858,0.4,0,0,slope_up,0,1,3.69827e-13,4.8514e-13,3.10013e-08,1,0,0
16.4402,3.83172,0.257691,0,0.110279,0.950533,0.111266,0.0820568,-0.0161816,-0.996496,-0.168783,0.4,0,0,slope_up,0,1,1.63904e-13,2.40657e-13,2.25267e-08,1,0,0
16.4602,3.8359,0.256267,0,0.11463,0.952178,0.11713,0.0864072,-0.0256341,-0.99593,-0.169538,0.4,0,0,slope_up,0,1,1.41145e-13,1.89668e-13,1.63672e-08,1,0,0
16.4802,3.83977,0.255158,0,0.118109,0.953324,0.122338,0.0898865,-0.0334867,-0.995389,-0.168472,0.4,0,0,slope_up,0,1,1.99321e-13,2.81833e-13,1.5511e-08,1,0,0
16.5002,3.84353,0.254131,0,0.121037,0.954242,0.127487,0.0928147,-0.0416471,-0.994812,-0.167646,0.4,0,0,slope_up,0,1,3.6502e-13,6.42431e-13,2.1858e-08,1,0,0
16.5202,3.84713,0.253352,0,0.123625,0.954933,0.132564,0.0954023,-0.0494564,-0.994209,-0.168894,0.4,0,0,slope_up,0,1,1.00369e-12,2.98515e-12,4.58841e-08,1,0,0
16.5402,3.85058,0.252885,0,0.125722,0.955326,0.136935,0.0974995,-0.0558478,-0.993667,-0.170065,0.4,0,0,slope_up,0,1,2.96416e-12,8.81207e-12,8.02884e-08,1,0,0
16.5602,3.85392,0.252468,0,0.127354,0.955712,0.141614,0.0991312,-0.0634883,-0.993047,-0.169164,0.4,0,0,slope_up,0,1,2.67503e-12,2.9653e-11,1.46632e-07,1,0,0
16.5802,3.85714,0.252237,0,0.129319,0.956051,0.146518,0.101097,-0.0703932,-0.992383,-0.167772,0.4,0,0,slope_up,0,1,1.35314e-12,6.89401e-11,2.12216e-07,1,0,0
16.6002,3.86034,0.252301,0,0.131222,0.956195,0.150196,0.103,-0.0745478,-0.991884,-0.166102,0.4,0,0,slope_up,0,1,5.95427e-13,7.14509e-11,2.19868e-07,1,0,0
16.6202,3.86359,0.252614,0,0.132522,0.95607,0.151785,0.104299,-0.0754565,-0.991679,-0.164583,0.4,0,0,slope_up,0,1,2.28752e-13,4.69271e-11,2.05978e-07,1,0,0
16.6402,3.86691,0.253069,0,0.132632,0.955627,0.150391,0.104409,-0.07235,-0.991899,-0.163821,0.4,0,0,slope_up,0,1,1.29745e-13,2.54642e-11,1.9213e-07,1,0,0
16.6602,3.87045,0.252552,0,0.129142,0.955799,0.147096,0.100919,-0.0719436,-0.99229,-0.167746,0.4,0,0,slope_up,0,1,2.01868e-13,3.21237e-11,1.56982e-07,1,0,0
16.6802,3.87433,0.251573,0,0.123302,0.957728,0.140614,0.0950793,-0.0692125,-0.993061,-0.166869,0.4,0,0,slope_up,0,1,5.59601e-13,7.79855e-11,2.63322e-07,1,0,0
16.7002,3.87706,0.251146,0,0.120444,0.960241,0.133975,0.0922214,-0.0603423,-0.993908,-0.161512,0.4,0,0,slope_up,0,1,3.27833e-13,7.5504e-11,1.68404e-07,1,0,0
16.7202,3.88069,0.250431,0,0.116237,0.963381,0.126133,0.0880144,-0.0507023,-0.994828,-0.152935,0.4,0,0,slope_up,0,1,2.29292e-13,3.41561e-11,1.82822e-07,1,0,0
16.7402,3.88442,0.249567,0,0.113445,0.966456,0.119516,0.0852221,-0.0393423,-0.995585,-0.144505,0.4,0,0,slope_up,0,1,1.40636e-13,8.09355e-12,1.06382e-07,1,0,0
16.7602,3.8879,0.248543,0,0.114529,0.969029,0.11819,0.0863064,-0.0308317,-0.995791,-0.140503,0.4,0,0,slope_up,0,1,4.68364e-14,4.35971e-12,9.58848e-08,1,0,0
16.7802,3.89191,0.24699,0,0.116101,0.971317,0.118068,0.0878783,-0.022924,-0.995867,-0.136575,0.4,0,0,slope_up,0,1,7.95932e-14,3.39355e-13,3.81078e-08,1,0,0
16.8002,3.89546,0.245453,0,0.11645,0.972833,0.117323,0.0882273,-0.0154142,-0.995981,-0.129628,0.4,0,0,slope_up,0,1,9.54899e-14,1.80857e-13,3.35048e-08,1,0,0
16.8202,3.89942,0.243679,0,0.116477,0.974102,0.11674,0.0882547,-0.00794835,-0.996066,-0.125523,0.4,0,0,slope_up,0,1,1.05807e-13,1.92997e-13,4.44257e-08,1,0,0
16.8402,3.90336,0.241924,0,0.115947,0.974985,0.116068,0.087725,-0.00130622,-0.996144,-0.126149,0.4,0,0,slope_up,0,1,1.38489e-13,8.08739e-14,3.15726e-08,1,0,0
16.8602,3.90716,0.240049,0,0.11525,0.975375,0.115509,0.0870271,0.00362072,-0.996199,-0.127116,0.4,0,0,slope_up,0,1,1.60989e-13,4.44259e-14,1.99986e-08,1,0,0
16.8802,3.91063,0.237891,0,0.114678,0.975083,0.114986,0.0864557,0.00451606,-0.996245,-0.127262,0.4,0,0,slope_up,0,1,1.27643e-13,6.51226e-14,1.78413e-08,1,0,0
16.9002,3.9141,0.235286,0,0.112128,0.974105,0.112314,0.0839055,0.00215165,-0.996471,-0.126722,0.4,0,0,slope_up,0,1,1.52964e-13,7.06148e-14,1.90338e-08,1,0,0
16.9202,3.91772,0.232873,0,0.105373,0.973427,0.105669,0.0771501,0.00457055,-0.997009,-0.120751,0.4,0,0,slope_up,0,1,1.96737e-13,2.78744e-13,4.95018e-08,1,0,0
16.9402,3.92214,0.229793,0,0.0951327,0.973648,0.0955793,0.0669102,0.00646049,-0.997738,-0.115599,0.4,0,0,slope_up,0,1,2.72467e-13,3.22948e-12,2.07473e-07,1,0,0
16.9602,3.92491,0.226986,0,0.0912024,0.974738,0.0913286,0.0629799,0.00165673,-0.998013,-0.11909,0.4,0,0,slope_up,0,1,2.02634e-13,2.86914e-12,8.31416e-08,1,0,0
16.9802,3.92763,0.224808,0,0.0891932,0.976349,0.0892355,0.0609707,-0.00257964,-0.998136,-0.123068,0.4,0,0,slope_up,0,1,2.47233e-13,5.7136e-13,2.85401e-08,1,0,0
17.0002,3.93084,0.223343,0,0.0875733,0.978026,0.0878069,0.0593508,-0.00801126,-0.998205,-0.129438,0.4,0,0,slope_up,0,1,4.33046e-13,1.60617e-13,2.22629e-08,1,0,0
17.0202,3.93402,0.222078,0,0.0887991,0.979553,0.0895113,0.0605766,-0.0131025,-0.998078,-0.129793,0.4,0,0,slope_up,0,1,3.62134e-13,9.46331e-14,1.73065e-08,1,0,0
17.0402,3.93735,0.220868,0,0.0918681,0.980935,0.0934528,0.0636456,-0.0190291,-0.997791,-0.128548,0.4,0,0,slope_up,0,1,1.70459e-13,9.44848e-14,2.18631e-08,1,0,0
17.0602,3.94097,0.219966,0,0.0958687,0.982103,0.0986946,0.0676462,-0.0253524,-0.997387,-0.130189,0.4,0,0,slope_up,0,1,1.16714e-13,1.32486e-13,1.59411e-08,1,0,0
17.0802,3.94484,0.219278,0,0.10008,0.983008,0.104217,0.0718572,-0.0309569,-0.996934,-0.130397,0.4,0,0,slope_up,0,1,1.53016e-13,2.08894e-13,1.43579e-08,1,0,0
17.1002,3.9488,0.218718,0,0.104335,0.983678,0.110011,0.0761122,-0.0367361,-0.996422,-0.130541,0.4,0,0,slope_up,0,1,3.3553e-13,7.88281e-13,2.47988e-08,1,0,0
17.1202,3.9528,0.218299,0,0.108026,0.984142,0.11533,0.0798032,-0.0422142,-0.995916,-0.131766,0.4,0,0,slope_up,0,1,8.73047e-13,3.76017e-12,5.13366e-08,1,0,0
17.1402,3.95682,0.218008,0,0.112183,0.984414,0.121565,0.0839608,-0.0486116,-0.995283,-0.132869,0.4,0,0,slope_up,0,1,2.01054e-12,1.31034e-11,9.13384e-08,1,0,0
17.1602,3.96049,0.217774,0,0.115148,0.984614,0.12658,0.0869254,-0.0543144,-0.994733,-0.133002,0.4,0,0,slope_up,0,1,2.15913e-12,3.98809e-11,1.48756e-07,1,0,0
17.1802,3.96499,0.217579,0,0.118934,0.984821,0.133065,0.0907114,-0.0613667,-0.993985,-0.132815,0.4,0,0,slope_up,0,1,1.19548e-12,8.96718e-11,2.0982e-07,1,0,0
17.2002,3.96912,0.21764,0,0.122363,0.984825,0.138054,0.0941406,-0.0655603,-0.993398,-0.132319,0.4,0,0,slope_up,0,1,5.24021e-13,1.10663e-10,2.37424e-07,1,0,0
17.2202,3.97298,0.21782,0,0.124923,0.984644,0.141264,0.0967009,-0.0675459,-0.993019,-0.130046,0.4,0,0,slope_up,0,1,2.08767e-13,7.33239e-11,2.42147e-07,1,0,0
17.2402,3.97773,0.218206,0,0.126561,0.984044,0.141885,0.0983384,-0.0657084,-0.992981,-0.128223,0.4,0,0,slope_up,0,1,1.12557e-13,4.48263e-11,2.75453e-07,1,0,0
17.2603,3.98235,0.218071,0,0.125088,0.983926,0.140613,0.0968652,-0.0658202,-0.993119,-0.133006,0.4,0,0,slope_up,0,1,1.63922e-13,3.5212e-11,2.01007e-07,1,0,0
17.2803,3.98649,0.217707,0,0.124153,0.985276,0.137636,0.0959308,-0.0610229,-0.993516,-0.129592,0.4,0,0,slope_up,0,1,2.62779e-13,8.17035e-11,2.75817e-07,1,0,0
17.3003,3.99058,0.217347,0,0.122502,0.987773,0.131462,0.094279,-0.0493253,-0.994323,-0.115396,0.4,0,0,slope_up,0,1,1.91937e-13,8.05284e-11,1.7683e-07,1,0,0
17.3203,3.99516,0.216855,0,0.118859,0.99062,0.124778,0.090637,-0.0396116,-0.995096,-0.106891,0.4,0,0,slope_up,0,1,1.27008e-13,7.35142e-11,3.28061e-07,1,0,0
17.3403,3.99963,0.216317,0,0.118039,0.99344,0.121588,0.0898162,-0.030732,-0.995484,-0.102113,0.4,0,0,slope_up,0,1,1.6857e-13,1.64887e-12,5.36187e-08,1,0,0
17.3603,4.00385,0.215421,0,0.120724,0.995945,0.122387,0.0925017,-0.02137,-0.995483,-0.0931652,0.4,0,0,slope_up,0,1,2.24348e-13,1.55689e-12,6.45859e-08,1,0,0
17.3803,4.00756,0.214417,0,0.124314,0.997843,0.124987,0.0960914,-0.0135282,-0.995281,-0.0894321,0.4,0,0,slope_up,0,1,1.88154e-13,1.20594e-12,8.61313e-08,1,0,0
17.4003,4.01235,0.213119,0,0.125924,0.999886,0.12611,0.097702,-0.00468765,-0.995205,-0.0875492,0.4,0,0,slope_up,0,1,4.72284e-13,7.82348e-14,3.31528e-08,1,0,0
17.4203,4.0167,0.211855,0,0.126416,1.00145,0.126761,0.0981933,0.00461979,-0.995157,-0.0850753,0.4,0,0,slope_up,0,1,6.00686e-13,8.04348e-14,3.58331e-08,1,0,0
17.4403,4.02078,0.210579,0,0.126604,1.00263,0.127564,0.0983812,0.0120201,-0.995076,-0.0845171,0.4,0,0,slope_up,0,1,4.70782e-13,6.35067e-14,2.89683e-08,1,0,0
17.4603,4.02448,0.209127,0,0.126644,1.00335,0.128036,0.0984213,0.015459,-0.995025,-0.0841377,0.4,0,0,slope_up,0,1,2.92153e-13,4.83207e-14,1.76442e-08,1,0,0
17.4803,4.02813,0.207428,0,0.124787,1.00356,0.126301,0.096564,0.0162539,-0.995194,-0.0829144,0.4,0,0,slope_up,0,1,2.16152e-13,4.07728e-14,1.30668e-08,1,0,0
17.5003,4.0316,0.20565,0,0.119577,1.00327,0.121018,0.0913541,0.0155314,-0.995697,-0.0801909,0.4,0,0,slope_up,0,1,1.49597e-13,5.51215e-14,1.85442e-08,1,0,0
17.5203,4.03597,0.203506,0,0.112175,1.00311,0.114183,0.0839523,0.0185464,-0.996297,-0.0720789,0.4,0,0,slope_up,0,1,2.2081e-13,3.71679e-13,6.19999e-08,1,0,0
17.5403,4.04016,0.200904,0,0.102705,1.00384,0.104609,0.0744822,0.017279,-0.997073,-0.0673168,0.4,0,0,slope_up,0,1,2.59946e-13,2.52091e-12,1.81578e-07,1,0,0
17.5603,4.04288,0.198535,0,0.0999148,1.00538,0.100903,0.0716923,0.0114163,-0.997361,-0.0707954,0.4,0,0,slope_up,0,1,2.69849e-13,4.44969e-12,5.21645e-08,1,0,0
17.5803,4.04586,0.196763,0,0.0973223,1.00741,0.0978782,0.0690998,0.00765801,-0.99758,-0.074552,0.4,0,0,slope_up,0,1,2.06345e-13,1.93806e-12,3.60466e-08,1,0,0
17.6003,4.04911,0.195562,0,0.095883,1.00948,0.0960373,0.0676605,0.00216589,-0.997706,-0.0790559,0.4,0,0,slope_up,0,1,3.51656e-13,3.39884e-13,2.879e-08,1,0,0
17.6203,4.05233,0.194488,0,0.0972335,1.01144,0.0973216,0.069011,-0.00454039,-0.997606,-0.0790889,0.4,0,0,slope_up,0,1,2.63463e-13,1.30634e-13,2.76993e-08,1,0,0
17.6403,4.0557,0.193601,0,0.100208,1.01323,0.100804,0.0719857,-0.0124721,-0.997328,-0.0793931,0.4,0,0,slope_up,0,1,1.33888e-13,7.61568e-14,2.50052e-08,1,0,0
17.6603,4.05926,0.193009,0,0.103958,1.0147,0.105565,0.0757356,-0.0200439,-0.996926,-0.0800619,0.4,0,0,slope_up,0,1,1.12109e-13,6.1317e-14,1.41375e-08,1,0,0
17.6803,4.06302,0.19262,0,0.107336,1.01585,0.110212,0.0791133,-0.0267486,-0.996507,-0.0793608,0.4,0,0,slope_up,0,1,1.51998e-13,1.30811e-13,1.47436e-08,1,0,0
17.7003,4.06683,0.192393,0,0.110442,1.01668,0.114979,0.0822193,-0.0337301,-0.996043,-0.0803038,0.4,0,0,slope_up,0,1,3.45234e-13,6.11969e-13,2.77426e-08,1,0,0
17.7203,4.07057,0.192349,0,0.113319,1.01723,0.119703,0.0850967,-0.040308,-0.995557,-0.0813938,0.4,0,0,slope_up,0,1,9.39827e-13,2.73855e-12,5.68146e-08,1,0,0
17.7403,4.07427,0.192429,0,0.115823,1.01764,0.124407,0.0876001,-0.047138,-0.99504,-0.0815156,0.4,0,0,slope_up,0,1,2.21504e-12,1.09179e-11,1.2148e-07,1,0,0
17.7603,4.07757,0.192584,0,0.11816,1.01797,0.129478,0.0899376,-0.0546422,-0.994447,-0.0812408,0.4,0,0,slope_up,0,1,1.86207e-12,3.08965e-11,1.92447e-07,1,0,0
17.7803,4.08161,0.19306,0,0.12066,1.01821,0.13437,0.0924372,-0.0607965,-0.993861,-0.0809289,0.4,0,0,slope_up,0,1,1.05549e-12,6.67279e-11,2.54214e-07,1,0,0
17.8003,4.08571,0.193929,0,0.123308,1.01813,0.138231,0.0950858,-0.0640955,-0.993403,-0.0805259,0.4,0,0,slope_up,0,1,4.16968e-13,7.4413e-11,2.64547e-07,1,0,0
17.8203,4.08927,0.19479,0,0.124474,1.01779,0.139414,0.0962517,-0.0643942,-0.993272,-0.078609,0.4,0,0,slope_up,0,1,1.82952e-13,5.9876e-11,2.79582e-07,1,0,0
17.8403,4.09323,0.195826,0,0.124854,1.01698,0.138207,0.0966315,-0.0608669,-0.993457,-0.0761142,0.4,0,0,slope_up,0,1,9.79778e-14,5.77729e-11,3.72257e-07,1,0,0
17.8603,4.09757,0.196057,0,0.121383,1.01681,0.135779,0.0931609,-0.0624972,-0.993688,-0.0794817,0.4,0,0,slope_up,0,1,1.41102e-13,4.43043e-11,2.2659e-07,1,0,0
17.8803,4.10197,0.196135,0,0.116334,1.01793,0.13067,0.0881118,-0.0612339,-0.994227,-0.0791895,0.4,0,0,slope_up,0,1,1.67289e-13,6.47406e-11,4.3327e-07,1,0,0
17.9003,4.10571,0.196578,0,0.114217,1.02011,0.124482,0.0859944,-0.0512574,-0.994976,-0.0737473,0.4,0,0,slope_up,0,1,1.19103e-13,4.77387e-11,2.75663e-07,1,0,0
17.9203,4.10974,0.196849,0,0.112533,1.02278,0.118826,0.0843105,-0.0399071,-0.99564,-0.0668095,0.4,0,0,slope_up,0,1,7.98486e-14,1.18172e-11,1.69567e-07,1,0,0
17.9403,4.11412,0.196711,0,0.111725,1.02547,0.115433,0.0835027,-0.03072,-0.996034,-0.0608121,0.4,0,0,slope_up,0,1,5.27786e-14,7.66933e-12,2.23304e-07,1,0,0
17.9603,4.11834,0.196232,0,0.113702,1.02779,0.115852,0.0854791,-0.0237676,-0.996056,-0.05629,0.4,0,0,slope_up,0,1,6.21367e-14,1.6137e-12,1.16369e-07,1,0,0
17.9803,4.1227,0.195432,0,0.116083,1.02976,0.117108,0.0878608,-0.0166784,-0.995993,-0.0506129,0.4,0,0,slope_up,0,1,8.85408e-14,4.06463e-13,7.40421e-08,1,0,0
18.0003,4.12722,0.194527,0,0.117534,1.03145,0.117841,0.089312,-0.00872262,-0.995965,-0.0462312,0.4,0,0,slope_up,0,1,1.37896e-13,9.31169e-14,4.87226e-08,1,0,0
18.0203,4.13165,0.193581,0,0.118731,1.03282,0.118869,0.0905081,-0.000557,-0.995896,-0.0427396,0.4,0,0,slope_up,0,1,1.94722e-13,4.48551e-14,3.94369e-08,1,0,0
18.0403,4.13594,0.192647,0,0.119351,1.03379,0.119805,0.0911282,0.00659858,-0.995817,-0.0427029,0.4,0,0,slope_up,0,1,2.00428e-13,3.60329e-14,3.50584e-08,1,0,0
18.0603,4.1403,0.191451,0,0.120005,1.03428,0.12087,0.0917829,0.0110639,-0.995718,-0.0436127,0.4,0,0,slope_up,0,1,1.82958e-13,1.73033e-14,2.00546e-08,1,0,0
18.0803,4.14367,0.190268,0,0.119766,1.03416,0.12072,0.0915437,0.0118537,-0.995731,-0.0435977,0.4,0,0,slope_up,0,1,1.52159e-13,2.0074e-14,1.45828e-08,1,0,0
18.1003,4.14756,0.188677,0,0.116817,1.03354,0.117703,0.0885945,0.0111973,-0.996005,-0.0417787,0.4,0,0,slope_up,0,1,1.71142e-13,2.45191e-14,1.59812e-08,1,0,0
18.1203,4.15214,0.186959,0,0.108575,1.03325,0.109953,0.0803523,0.0145662,-0.99666,-0.0332457,0.4,0,0,slope_up,0,1,2.45308e-13,2.04137e-13,5.46809e-08,1,0,0
18.1403,4.15605,0.185151,0,0.101975,1.03398,0.103492,0.0737521,0.0150317,-0.997163,-0.0314001,0.4,0,0,slope_up,0,1,2.91914e-13,5.70003e-13,1.19362e-07,1,0,0
18.1603,4.15905,0.183257,0,0.0991673,1.03561,0.10005,0.0709448,0.0105807,-0.997424,-0.0368005,0.4,0,0,slope_up,0,1,3.5253e-13,6.96326e-13,3.31966e-08,1,0,0
18.1803,4.16222,0.181669,0,0.0967241,1.03773,0.0971399,0.0685016,0.00614613,-0.997632,-0.0390634,0.4,0,0,slope_up,0,1,4.1813e-13,1.2277e-12,3.29498e-08,1,0,0
18.2003,4.16569,0.180723,0,0.0952203,1.03982,0.0953003,0.0669978,5.43632e-05,-0.997753,-0.0428727,0.4,0,0,slope_up,0,1,5.6019e-13,2.6805e-13,2.91407e-08,1,0,0
18.2203,4.16921,0.179993,0,0.0961862,1.04174,0.0963996,0.0679637,-0.00766479,-0.997658,-0.0450538,0.4,0,0,slope_up,0,1,3.7671e-13,9.16547e-14,2.29199e-08,1,0,0
18.2403,4.17281,0.17943,0,0.0992065,1.0434,0.100185,0.070984,-0.0156556,-0.997355,-0.0460712,0.4,0,0,slope_up,0,1,1.65153e-13,4.59418e-14,1.76046e-08,1,0,0
18.2603,4.17656,0.179115,0,0.103194,1.04472,0.105364,0.0749714,-0.0230377,-0.99692,-0.0473133,0.4,0,0,slope_up,0,1,1.46734e-13,6.07325e-14,1.38091e-08,1,0,0
18.2803,4.18053,0.178985,0,0.106951,1.0457,0.110527,0.0787288,-0.0296587,-0.996455,-0.0480023,0.4,0,0,slope_up,0,1,2.28418e-13,2.02047e-13,1.86793e-08,1,0,0
18.3003,4.18455,0.178957,0,0.110399,1.0464,0.115689,0.0821765,-0.0363471,-0.995955,-0.0494472,0.4,0,0,slope_up,0,1,5.88512e-13,1.14201e-12,4.08394e-08,1,0,0
18.3203,4.18892,0.179061,0,0.113925,1.04693,0.121486,0.0857025,-0.0439341,-0.995352,-0.051028,0.4,0,0,slope_up,0,1,1.5342e-12,4.30212e-12,8.33024e-08,1,0,0
18.3403,4.19242,0.17927,0,0.116548,1.04723,0.126286,0.0883255,-0.0503504,-0.994818,-0.0519237,0.4,0,0,slope_up,0,1,2.80495e-12,1.9733e-11,1.98407e-07,1,0,0
18.3603,4.19631,0.179628,0,0.119195,1.04754,0.131868,0.0909727,-0.0580956,-0.994157,-0.0521387,0.4,0,0,slope_up,0,1,2.51766e-12,4.76426e-11,3.10674e-07,1,0,0
18.3803,4.2002,0.180186,0,0.121916,1.04778,0.137462,0.0936935,-0.065144,-0.993468,-0.0516452,0.4,0,0,slope_up,0,1,1.3424e-12,9.43065e-11,4.14647e-07,1,0,0
18.4003,4.20402,0.181105,0,0.124981,1.04772,0.141757,0.0967584,-0.068485,-0.992949,-0.0510026,0.4,0,0,slope_up,0,1,5.90177e-13,1.18138e-10,4.92702e-07,1,0,0
18.4203,4.20796,0.182277,0,0.127206,1.04735,0.143863,0.0989832,-0.0687504,-0.992711,-0.049295,0.4,0,0,slope_up,0,1,3.00116e-13,8.05922e-11,4.98609e-07,1,0,0
18.4403,4.21194,0.183548,0,0.127952,1.04664,0.142926,0.0997293,-0.0652341,-0.992874,-0.0484932,0.4,0,0,slope_up,0,1,1.71907e-13,6.76275e-11,5.33643e-07,1,0,0
18.4603,4.21617,0.184129,0,0.125177,1.04689,0.140189,0.0969549,-0.0647092,-0.993183,-0.0531856,0.4,0,0,slope_up,0,1,3.74095e-13,6.38932e-11,3.12534e-07,1,0,0
18.4803,4.22035,0.18452,0,0.121101,1.04859,0.134187,0.0928786,-0.0594582,-0.993901,-0.0495107,0.4,0,0,slope_up,0,1,4.459e-13,1.81749e-10,4.59634e-07,1,0,0
18.5003,4.22436,0.185066,0,0.117652,1.05113,0.127044,0.0894295,-0.0496401,-0.994755,-0.042354,0.4,0,0,slope_up,0,1,2.66648e-13,2.56341e-10,4.53973e-07,1,0,0
18.5203,4.22863,0.185388,0,0.114731,1.05404,0.120795,0.0865081,-0.0395056,-0.995468,-0.0350119,0.4,0,0,slope_up,0,1,2.09768e-13,4.05115e-11,2.94765e-07,1,0,0
18.5403,4.23281,0.185392,0,0.114602,1.05686,0.118189,0.0863797,-0.0305348,-0.995794,-0.0291423,0.4,0,0,slope_up,0,1,1.17899e-13,8.15866e-12,1.70277e-07,1,0,0
18.5603,4.23682,0.184968,0,0.116965,1.05926,0.119052,0.0887427,-0.0236458,-0.995774,-0.0248456,0.4,0,0,slope_up,0,1,1.05737e-13,1.72417e-12,9.00986e-08,1,0,0
18.5803,4.24105,0.184192,0,0.118649,1.06133,0.119654,0.0904266,-0.0165877,-0.995765,-0.0199386,0.4,0,0,slope_up,0,1,1.88412e-13,3.25424e-13,5.21094e-08,1,0,0
18.6003,4.24542,0.183309,0,0.119007,1.0631,0.1193,0.0907848,-0.00839724,-0.995835,-0.0145484,0.4,0,0,slope_up,0,1,3.35497e-13,1.49548e-13,4.45892e-08,1,0,0
18.6203,4.24967,0.182362,0,0.118935,1.0645,0.119076,0.0907128,-0.000478388,-0.995877,-0.0117461,0.4,0,0,slope_up,0,1,3.88319e-13,1.35857e-13,5.24526e-08,1,0,0
18.6403,4.25377,0.181441,0,0.11823,1.06548,0.118685,0.0900072,0.00663585,-0.995919,-0.0134592,0.4,0,0,slope_up,0,1,3.84552e-13,6.60348e-14,3.99096e-08,1,0,0
18.6603,4.25717,0.180414,0,0.11786,1.06593,0.118661,0.0896372,0.010448,-0.99592,-0.0141757,0.4,0,0,slope_up,0,1,2.9581e-13,3.697e-14,2.52992e-08,1,0,0
18.6803,4.26103,0.178877,0,0.116874,1.06577,0.117775,0.0886517,0.0113247,-0.995998,-0.0141144,0.4,0,0,slope_up,0,1,2.10077e-13,4.46819e-14,1.96509e-08,1,0,0
18.7003,4.26458,0.17707,0,0.113797,1.06501,0.114538,0.0855748,0.00981416,-0.996283,-0.0114149,0.4,0,0,slope_up,0,1,2.22564e-13,3.6413e-14,1.85742e-08,1,0,0
18.7203,4.2689,0.175222,0,0.105241,1.06466,0.106607,0.0770187,0.0143022,-0.996927,-0.00147047,0.4,0,0,slope_up,0,1,2.26732e-13,1.26288e-13,4.09416e-08,1,0,0
18.7403,4.27313,0.172984,0,0.0965945,1.0653,0.0981578,0.068372,0.0149238,-0.997548,0.0016057,0.4,0,0,slope_up,0,1,3.84101e-13,1.1307e-12,1.72127e-07,1,0,0
18.7603,4.27537,0.171063,0,0.094779,1.06679,0.0957104,0.0665565,0.0107411,-0.997725,-0.00331216,0.4,0,0,slope_up,0,1,5.11226e-13,1.24931e-12,4.22177e-08,1,0,0
18.7803,4.27809,0.169287,0,0.09247,1.06906,0.0929963,0.0642475,0.00722991,-0.997908,-0.00490528,0.4,0,0,slope_up,0,1,5.79979e-13,1.31823e-12,3.51235e-08,1,0,0
18.8003,4.28141,0.168232,0,0.089491,1.07141,0.0895787,0.0612685,0.00067681,-0.998121,-0.0111632,0.4,0,0,slope_up,0,1,8.80064e-13,3.74003e-13,3.53557e-08,1,0,0
18.8203,4.28464,0.167342,0,0.089728,1.07358,0.0898866,0.0615055,-0.00673981,-0.998084,-0.0126556,0.4,0,0,slope_up,0,1,5.47469e-13,1.06482e-13,3.18915e-08,1,0,0
18.8403,4.28794,0.166611,0,0.0924609,1.07549,0.0933665,0.0642384,-0.0147777,-0.997825,-0.0133647,0.4,0,0,slope_up,0,1,2.37447e-13,5.10961e-14,2.64595e-08,1,0,0
18.8603,4.2911,0.166196,0,0.0960163,1.0769,0.0980349,0.0677938,-0.0216545,-0.997464,-0.0149465,0.4,0,0,slope_up,0,1,1.52186e-13,5.13844e-14,1.54876e-08,1,0,0
18.8803,4.29526,0.165924,0,0.100396,1.0782,0.103963,0.0721736,-0.0288647,-0.996974,-0.0157795,0.4,0,0,slope_up,0,1,1.77799e-13,1.31888e-13,1.6301e-08,1,0,0
18.9003,4.2992,0.165843,0,0.104217,1.07898,0.109392,0.0759943,-0.0350986,-0.99649,-0.0174264,0.4,0,0,slope_up,0,1,4.10771e-13,7.29379e-13,3.40842e-08,1,0,0
18.9203,4.30362,0.16593,0,0.107643,1.07949,0.114539,0.0794205,-0.0409682,-0.995999,-0.0188515,0.4,0,0,slope_up,0,1,1.46e-12,5.07866e-12,8.22581e-08,1,0,0
18.9403,4.30731,0.166019,0,0.110344,1.0798,0.119562,0.0821219,-0.0478386,-0.995474,-0.0194167,0.4,0,0,slope_up,0,1,2.893e-12,2.00947e-11,1.75217e-07,1,0,0
18.9603,4.31139,0.166195,0,0.112976,1.08009,0.124964,0.0847535,-0.055183,-0.994873,-0.0198409,0.4,0,0,slope_up,0,1,2.80204e-12,7.24626e-11,3.2424e-07,1,0,0
18.9803,4.31553,0.166577,0,0.11558,1.08028,0.130269,0.0873574,-0.0618331,-0.994256,-0.0200808,0.4,0,0,slope_up,0,1,1.58408e-12,1.28614e-10,3.9881e-07,1,0,0
19.0003,4.31967,0.16728,0,0.118663,1.08019,0.134673,0.0904401,-0.0653784,-0.993754,-0.020399,0.4,0,0,slope_up,0,1,5.05207e-13,1.56336e-10,4.50583e-07,1,0,0
19.0203,4.32349,0.168163,0,0.121065,1.07979,0.136938,0.0928423,-0.0656503,-0.993514,-0.0199124,0.4,0,0,slope_up,0,1,1.95297e-13,1.11079e-10,4.74019e-07,1,0,0
19.0403,4.32783,0.169359,0,0.122699,1.07891,0.136727,0.0944764,-0.0619609,-0.993597,-0.0186561,0.4,0,0,slope_up,0,1,1.39982e-13,8.00404e-11,5.2449e-07,1,0,0
19.0603,4.33337,0.169816,0,0.120011,1.07869,0.134289,0.0917883,-0.0619317,-0.993851,-0.0217326,0.4,0,0,slope_up,0,1,1.91291e-13,7.32173e-11,3.55695e-07,1,0,0
19.0803,4.3378,0.169931,0,0.115325,1.07991,0.129105,0.0871027,-0.0597805,-0.994404,-0.0180278,0.4,0,0,slope_up,0,0.999999,2.38887e-13,1.74032e-10,6.46026e-07,1,0,0
19.1003,4.34199,0.170541,0,0.113099,1.08214,0.12279,0.0848768,-0.0495812,-0.995157,-0.0118196,0.4,0,0,slope_up,0,1,1.53677e-13,1.49345e-10,5.09127e-07,1,0,0
19.1203,4.34594,0.171009,0,0.111689,1.08454,0.117942,0.0834666,-0.039656,-0.995721,-0.00604487,0.4,0,0,slope_up,0,1,1.01428e-13,2.03357e-11,2.45295e-07,1,0,0
19.1403,4.35104,0.171157,0,0.111461,1.0875,0.114865,0.0832384,-0.0294468,-0.996095,0.000558408,0.4,0,0,slope_up,0,1,6.92015e-14,1.02721e-11,2.84205e-07,1,0,0
19.1603,4.35502,0.170952,0,0.114057,1.08958,0.116018,0.0858341,-0.0227587,-0.996049,0.005037,0.4,0,0,slope_up,0,1,7.54976e-14,2.39453e-12,1.64439e-07,1,0,0
19.1803,4.35997,0.170351,0,0.117709,1.09172,0.118556,0.0894869,-0.0152062,-0.995872,0.00994405,0.4,0,0,slope_up,0,1,1.03678e-13,5.52234e-13,9.91405e-08,1,0,0
19.2003,4.36473,0.169688,0,0.119111,1.09343,0.119349,0.0908884,-0.00724004,-0.995835,0.0130986,0.4,0,0,slope_up,0,1,2.80635e-13,1.02315e-13,6.40498e-08,1,0,0
19.2203,4.36898,0.16904,0,0.119525,1.09479,0.119671,0.0913028,-0.000301109,-0.995823,0.0155659,0.4,0,0,slope_up,0,1,4.47305e-13,5.83554e-14,5.28517e-08,1,0,0
19.2403,4.37393,0.168251,0,0.11965,1.09605,0.120326,0.0914278,0.00921762,-0.995769,0.0151117,0.4,0,0,slope_up,0,1,3.11357e-13,5.50589e-14,5.17654e-08,1,0,0
19.2603,4.37768,0.167475,0,0.119747,1.09667,0.121015,0.0915245,0.0143232,-0.9957,0.0138828,0.4,0,0,slope_up,0,1,2.45446e-13,1.89633e-14,2.42133e-08,1,0,0
19.2803,4.38205,0.166259,0,0.118959,1.09686,0.120477,0.0907361,0.0160276,-0.995746,0.0138702,0.4,0,0,slope_up,0,1,1.98341e-13,2.56046e-14,1.78313e-08,1,0,0
19.3003,4.38616,0.164649,0,0.115692,1.09646,0.117013,0.0874692,0.0145347,-0.996061,0.0174121,0.4,0,0,slope_up,0,1,2.22887e-13,3.24403e-14,2.39507e-08,1,0,0
19.3203,4.39083,0.163039,0,0.108197,1.09639,0.110077,0.0799746,0.0175525,-0.996642,0.02634,0.4,0,0,slope_up,0,1,2.65133e-13,9.35363e-14,4.31613e-08,1,0,0
19.3403,4.39488,0.161543,0,0.102152,1.09738,0.104277,0.0739294,0.0183815,-0.997094,0.023613,0.4,0,0,slope_up,0,1,4.35717e-13,4.30565e-13,8.43554e-08,1,0,0
19.3603,4.3979,0.159577,0,0.100532,1.09927,0.101945,0.0723097,0.0143023,-0.99728,0.0175345,0.4,0,0,slope_up,0,1,5.60346e-13,5.75119e-13,3.8123e-08,1,0,0
19.3803,4.40108,0.157844,0,0.0989757,1.10162,0.0997009,0.0707532,0.00927729,-0.997451,0.0156843,0.4,0,0,slope_up,0,1,7.15671e-13,1.44313e-12,3.92445e-08,1,0,0
19.4003,4.4047,0.15685,0,0.0971867,1.10389,0.0973278,0.0689642,0.00182672,-0.997617,0.010636,0.4,0,0,slope_up,0,1,8.08931e-13,4.4765e-13,4.21921e-08,1,0,0
19.4203,4.40789,0.156199,0,0.0979694,1.10572,0.0980781,0.0697469,-0.00522591,-0.997551,0.00896014,0.4,0,0,slope_up,0,1,4.58969e-13,1.03694e-13,3.10243e-08,1,0,0
19.4403,4.41181,0.155592,0,0.101234,1.10768,0.102041,0.0730117,-0.0143956,-0.997227,0.00781056,0.4,0,0,slope_up,0,1,2.13253e-13,4.30143e-14,2.35254e-08,1,0,0
19.4603,4.4155,0.155332,0,0.105236,1.10907,0.10721,0.0770139,-0.0221826,-0.996783,0.00576342,0.4,0,0,slope_up,0,1,1.8848e-13,4.24992e-14,1.42242e-08,1,0,0
19.4803,4.41978,0.155251,0,0.109127,1.11018,0.112551,0.0809042,-0.0292846,-0.996292,0.00536792,0.4,0,0,slope_up,0,1,2.78245e-13,1.37385e-13,1.79662e-08,1,0,0
19.5003,4.4233,0.155282,0,0.111906,1.11082,0.116834,0.083684,-0.0353064,-0.995867,0.00376203,0.4,0,0,slope_up,0,1,7.11413e-13,9.98938e-13,4.55272e-08,1,0,0
19.5203,4.42674,0.155411,0,0.114813,1.11129,0.121768,0.0865907,-0.0422871,-0.995346,0.00246262,0.4,0,0,slope_up,0,1,2.10329e-12,4.7796e-12,1.03191e-07,1,0,0
19.5403,4.43082,0.155709,0,0.117432,1.11172,0.126848,0.0892095,-0.0496669,-0.994774,0.00176485,0.4,0,0,slope_up,0,1,3.22305e-12,1.62326e-11,2.17583e-07,1,0,0
19.5603,4.43451,0.156178,0,0.119603,1.112,0.131876,0.0913804,-0.0572369,-0.99417,0.00165164,0.4,0,0,slope_up,0,1,3.21004e-12,4.50273e-11,3.63494e-07,1,0,0
19.5803,4.43812,0.156914,0,0.122118,1.11215,0.136794,0.0938957,-0.0632832,-0.993569,0.00176452,0.4,0,0,slope_up,0,1,1.51893e-12,8.65918e-11,4.59434e-07,1,0,0
19.6003,4.44211,0.158137,0,0.124795,1.11197,0.140537,0.0965727,-0.0662254,-0.99312,0.00197017,0.4,0,0,slope_up,0,1,6.83383e-13,1.0254e-10,5.12714e-07,1,0,0
19.6203,4.44546,0.159368,0,0.126354,1.11152,0.141781,0.0981319,-0.0658872,-0.99299,0.00316613,0.4,0,0,slope_up,0,1,3.76884e-13,7.7088e-11,5.20395e-07,1,0,0
19.6403,4.4493,0.160775,0,0.126591,1.11058,0.140272,0.0983686,-0.0619923,-0.993217,0.00556409,0.4,0,0,slope_up,0,0.999999,1.86704e-13,8.45276e-11,5.81076e-07,1,0,0
19.6603,4.45289,0.161483,0,0.124261,1.11044,0.138442,0.0960384,-0.062645,-0.993404,0.000635372,0.4,0,0,slope_up,0,1,2.64968e-13,7.24831e-11,3.47376e-07,1,0,0
19.6803,4.45778,0.162312,0,0.118504,1.11206,0.131091,0.0902813,-0.0577492,-0.994241,0.000558825,0.4,0,0,slope_up,0,0.999999,7.32947e-13,2.16131e-10,5.38633e-07,1,0,0
19.7003,4.46124,0.162962,0,0.115318,1.1142,0.12528,0.087096,-0.0506964,-0.994909,0.00581118,0.4,0,0,slope_up,0,0.999999,3.03355e-13,3.08177e-10,5.67271e-07,1,0,0
19.7203,4.46528,0.163618,0,0.112753,1.11706,0.119381,0.0845305,-0.040977,-0.995578,0.0124651,0.4,0,0,slope_up,0,1,2.12277e-13,7.08444e-11,3.84687e-07,1,0,0
19.7403,4.46934,0.163998,0,0.112496,1.11993,0.116424,0.0842734,-0.0316817,-0.995939,0.0176074,0.4,0,0,slope_up,0,1,8.24627e-14,1.26133e-11,2.276e-07,1,0,0
19.7603,4.47327,0.163916,0,0.11472,1.12238,0.117041,0.0864978,-0.0247328,-0.995945,0.021338,0.4,0,0,slope_up,0,1,6.23783e-14,2.22991e-12,1.1699e-07,1,0,0
19.7803,4.47739,0.163437,0,0.116775,1.12441,0.117946,0.0885524,-0.0178287,-0.995912,0.0271208,0.4,0,0,slope_up,0,1,1.33271e-13,3.11708e-13,5.87155e-08,1,0,0
19.8003,4.483,0.162589,0,0.11752,1.12652,0.117804,0.0892974,-0.00831385,-0.99597,0.0345926,0.4,0,0,slope_up,0,1,2.24347e-13,1.62796e-13,5.62821e-08,1,0,0
19.8203,4.48598,0.162033,0,0.117472,1.12731,0.117604,0.0892494,-0.0036033,-0.996003,0.0381857,0.4,0,0,slope_up,0,1,2.41794e-13,1.86572e-13,8.73206e-08,1,0,0
19.8403,4.49015,0.16128,0,0.116601,1.12815,0.116801,0.0883783,0.00216658,-0.996085,0.0362098,0.4,0,0,slope_up,0,1,3.30611e-13,6.3271e-14,5.38545e-08,1,0,0
19.8603,4.49376,0.160553,0,0.115605,1.12866,0.116114,0.0873824,0.00735501,-0.996148,0.0330751,0.4,0,0,slope_up,0,1,3.67014e-13,2.13679e-14,2.86074e-08,1,0,0
19.8803,4.49786,0.159307,0,0.114615,1.1288,0.115354,0.0863929,0.00980562,-0.996213,0.0325184,0.4,0,0,slope_up,0,1,2.63685e-13,2.94837e-14,2.38541e-08,1,0,0
19.9003,4.5015,0.157743,0,0.112328,1.12829,0.112946,0.0841054,0.0085754,-0.99642,0.0332489,0.4,0,0,slope_up,0,1,2.52927e-13,5.36495e-14,3.38251e-08,1,0,0
19.9203,4.50565,0.156281,0,0.105879,1.12811,0.107042,0.0776568,0.0129643,-0.996896,0.0405762,0.4,0,0,slope_up,0,1,3.52537e-13,9.12448e-14,3.99353e-08,1,0,0
19.9403,4.5095,0.154848,0,0.0992731,1.12916,0.101049,0.0710506,0.0163142,-0.997339,0.0388644,0.4,0,0,slope_up,0,1,4.5481e-13,5.46549e-13,1.31919e-07,1,0,0
19.9603,4.51226,0.152846,0,0.0973103,1.13101,0.0983595,0.0690878,0.0117269,-0.997542,0.0322816,0.4,0,0,slope_up,0,1,5.81711e-13,5.41613e-13,4.4698e-08,1,0,0
19.9803,4.51512,0.151032,0,0.0954184,1.13325,0.095812,0.0671959,0.00586069,-0.997723,0.0294601,0.4,0,0,slope_up,0,1,8.74728e-13,1.13066e-12,3.31842e-08,1,0,0
20.0003,4.51849,0.150034,0,0.09282,1.13538,0.0928832,0.0645975,-0.000534155,-0.997911,0.0257843,0.4,0,0,slope_up,0,1,8.84623e-13,3.84473e-13,4.21315e-08,1,0,0
20.0203,4.52153,0.149549,0,0.0925696,1.13707,0.0927675,0.0643471,-0.00743807,-0.9979,0.0216285,0.4,0,0,slope_up,0,1,5.47538e-13,1.07609e-13,3.59075e-08,1,0,0
20.0403,4.52519,0.149151,0,0.0953901,1.1388,0.0963655,0.0671676,-0.0154397,-0.997622,0.020726,0.4,0,0,slope_up,0,1,2.89348e-13,2.36906e-14,1.20337e-08,1,0,0
20.0603,4.52868,0.148929,0,0.0993314,1.14003,0.101307,0.0711089,-0.0217215,-0.997232,0.022778,0.4,0,0,slope_up,0,1,1.52063e-13,3.26774e-14,1.57695e-08,1,0,0
20.0803,4.53284,0.149076,0,0.103055,1.14106,0.106279,0.0748323,-0.0277959,-0.996809,0.0208324,0.4,0,0,slope_up,0,1,1.91097e-13,2.0059e-13,2.46631e-08,1,0,0
20.1003,4.53635,0.149341,0,0.106548,1.14165,0.111239,0.0783259,-0.0337731,-0.996356,0.0176738,0.4,0,0,slope_up,0,1,5.69039e-13,6.71522e-13,3.65804e-08,1,0,0
20.1203,4.54025,0.149729,0,0.10978,1.14206,0.116104,0.0815575,-0.0395877,-0.995882,0.0160919,0.4,0,0,slope_up,0,1,2.30055e-12,4.27108e-12,8.51861e-08,1,0,0
20.1403,4.54411,0.15011,0,0.112811,1.14239,0.121338,0.084588,-0.0464518,-0.995333,0.0161022,0.4,0,0,slope_up,0,1,3.69922e-12,1.70634e-11,1.9303e-07,1,0,0
20.1603,4.54793,0.150602,0,0.115784,1.14271,0.12709,0.087562,-0.054139,-0.994687,0.0159431,0.4,0,0,slope_up,0,1,3.07782e-12,5.40476e-11,3.55511e-07,1,0,0
20.1803,4.55177,0.151362,0,0.119024,1.14291,0.133085,0.0908012,-0.0612291,-0.993985,0.0159049,0.4,0,0,slope_up,0,1,1.48717e-12,9.25597e-11,4.28941e-07,1,0,0
20.2003,4.55562,0.152478,0,0.121733,1.14281,0.136754,0.0935109,-0.0639584,-0.993562,0.0159229,0.4,0,0,slope_up,0,1,5.05116e-13,9.78657e-11,4.49059e-07,1,0,0
20.2203,4.55921,0.153696,0,0.12394,1.14239,0.138752,0.0957177,-0.0639914,-0.993349,0.0176183,0.4,0,0,slope_up,0,1,2.35002e-13,7.16977e-11,4.73014e-07,1,0,0
20.2403,4.56366,0.155288,0,0.124767,1.14135,0.137801,0.0965445,-0.0600999,-0.993513,0.0196005,0.4,0,0,slope_up,0,0.999999,1.42294e-13,6.93699e-11,5.50373e-07,1,0,0
20.2603,4.56852,0.156196,0,0.12141,1.14127,0.135119,0.0931878,-0.0609561,-0.993781,0.0135862,0.4,0,0,slope_up,0,1,3.10608e-13,8.00325e-11,3.53795e-07,1,0,0
20.2803,4.57205,0.157028,0,0.119154,1.14244,0.130858,0.0909314,-0.0557835,-0.994294,0.0130106,0.4,0,0,slope_up,0,0.999999,2.86481e-13,1.63553e-10,5.38088e-07,1,0,0
20.3003,4.57619,0.157874,0,0.115797,1.14457,0.124053,0.0875743,-0.0462239,-0.995085,0.0216896,0.4,0,0,slope_up,0,1,2.53271e-13,1.97269e-10,4.62483e-07,1,0,0
20.3203,4.58067,0.158512,0,0.112224,1.14716,0.117776,0.0840018,-0.0374758,-0.995761,0.0272829,0.4,0,0,slope_up,0,0.999999,1.56431e-13,9.41129e-11,6.10988e-07,1,0,0
20.3403,4.58485,0.158824,0,0.112383,1.14972,0.115942,0.084161,-0.0301835,-0.995995,0.0303366,0.4,0,0,slope_up,0,1,1.01035e-13,5.03992e-12,1.72135e-07,1,0,0
20.3603,4.58897,0.158666,0,0.114875,1.15203,0.116891,0.0866526,-0.0231159,-0.99597,0.036157,0.4,0,0,slope_up,0,1,1.08967e-13,1.10372e-12,9.29454e-08,1,0,0
20.3803,4.59325,0.158268,0,0.11715,1.15408,0.118048,0.088927,-0.0156485,-0.995915,0.0411432,0.4,0,0,slope_up,0,1,1.59105e-13,2.46786e-13,6.24668e-08,1,0,0
20.4003,4.59765,0.157828,0,0.118131,1.15586,0.11842,0.0899087,-0.00836917,-0.995915,0.0437823,0.4,0,0,slope_up,0,1,3.45684e-13,9.60518e-14,5.1353e-08,1,0,0
20.4203,4.60194,0.157305,0,0.118557,1.15734,0.11872,0.090335,0.000706248,-0.995911,0.0452976,0.4,0,0,slope_up,0,1,4.89904e-13,7.72426e-14,5.54212e-08,1,0,0
20.4403,4.60601,0.156658,0,0.118583,1.15842,0.119117,0.0903609,0.0076323,-0.99588,0.0441948,0.4,0,0,slope_up,0,1,4.22641e-13,5.26411e-14,4.86054e-08,1,0,0
20.4603,4.60987,0.155829,0,0.118099,1.15903,0.119104,0.0898762,0.0122417,-0.995878,0.0429669,0.4,0,0,slope_up,0,1,3.14185e-13,2.91843e-14,2.93035e-08,1,0,0
20.4803,4.61343,0.154693,0,0.117247,1.15904,0.118334,0.0890249,0.0128691,-0.995946,0.0425849,0.4,0,0,slope_up,0,1,2.51355e-13,3.33733e-14,2.15482e-08,1,0,0
20.5003,4.61722,0.153277,0,0.113462,1.15859,0.114604,0.0852399,0.013153,-0.996274,0.0453325,0.4,0,0,slope_up,0,1,2.44632e-13,3.26508e-14,2.30403e-08,1,0,0
20.5203,4.6217,0.151889,0,0.104737,1.15865,0.106811,0.0765148,0.018333,-0.9969,0.0520531,0.4,0,0,slope_up,0,1,3.24917e-13,2.19518e-13,8.51012e-08,1,0,0
20.5403,4.62538,0.150225,0,0.0989284,1.15966,0.101251,0.0707059,0.0190603,-0.997315,0.0501883,0.4,0,0,slope_up,0,1,4.61238e-13,3.04158e-13,1.40279e-07,1,0,0
20.5603,4.62797,0.148259,0,0.0979282,1.16166,0.0994635,0.0697057,0.0148612,-0.997457,0.0470903,0.4,0,0,slope_up,0,1,6.41922e-13,4.72708e-13,3.04999e-08,1,0,0
20.5803,4.63099,0.146703,0,0.0954185,1.16413,0.0960777,0.067196,0.00856862,-0.997703,0.0414544,0.4,0,0,slope_up,0,1,1.03817e-12,1.81647e-12,3.96532e-08,1,0,0
20.6003,4.63442,0.145894,0,0.0927276,1.1665,0.0928067,0.0645051,0.000195932,-0.997917,0.0328569,0.4,0,0,slope_up,0,1,7.93336e-13,2.58991e-13,2.94627e-08,1,0,0
20.6203,4.63776,0.145376,0,0.0927498,1.16851,0.0929179,0.0645273,-0.00687807,-0.997892,0.0306537,0.4,0,0,slope_up,0,1,6.27926e-13,3.75026e-14,1.26061e-08,1,0,0
20.6403,4.64105,0.144878,0,0.0960267,1.17021,0.0968179,0.0678042,-0.0140592,-0.9976,0.0360649,0.4,0,0,slope_up,0,1,2.02381e-13,3.91085e-14,3.76125e-08,1,0,0
20.6603,4.64468,0.144877,0,0.0995365,1.17162,0.101481,0.071314,-0.021577,-0.997221,0.032399,0.4,0,0,slope_up,0,1,1.47711e-13,4.76358e-14,1.95609e-08,1,0,0
20.6803,4.64857,0.145048,0,0.102701,1.17272,0.105986,0.0744785,-0.0280092,-0.996829,0.0309285,0.4,0,0,slope_up,0,1,2.38382e-13,6.74503e-14,1.37797e-08,1,0,0
20.7003,4.65208,0.145264,0,0.105618,1.17347,0.110444,0.0773956,-0.0341187,-0.996417,0.029367,0.4,0,0,slope_up,0,1,6.39297e-13,4.75464e-13,3.39748e-08,1,0,0
20.7203,4.65636,0.145708,0,0.109041,1.17408,0.116107,0.080818,-0.0416977,-0.995856,0.0274036,0.4,0,0,slope_up,0,1,1.85719e-12,3.33811e-12,8.48019e-08,1,0,0
20.7403,4.66023,0.146257,0,0.111731,1.17445,0.121185,0.0835083,-0.0487114,-0.995316,0.0262159,0.4,0,0,slope_up,0,1,3.17143e-12,1.36004e-11,1.87027e-07,1,0,0
20.7603,4.66412,0.146954,0,0.114194,1.17472,0.126366,0.0859717,-0.055871,-0.99473,0.0253549,0.4,0,0,slope_up,0,1,2.76437e-12,4.00019e-11,3.10502e-07,1,0,0
20.7803,4.66842,0.147972,0,0.117106,1.17483,0.13177,0.0888831,-0.0621291,-0.994102,0.0249244,0.4,0,0,slope_up,0,1,1.33924e-12,8.78485e-11,4.23248e-07,1,0,0
20.8003,4.67194,0.149096,0,0.11973,1.17465,0.135029,0.0915074,-0.0641077,-0.993739,0.0245858,0.4,0,0,slope_up,0,1,5.03544e-13,1.17878e-10,5.02457e-07,1,0,0
20.8203,4.67605,0.150562,0,0.121744,1.17407,0.136533,0.0935216,-0.0634517,-0.993593,0.0256325,0.4,0,0,slope_up,0,1,2.30781e-13,8.40514e-11,5.07262e-07,1,0,0
20.8403,4.68022,0.152051,0,0.122359,1.17307,0.135464,0.094137,-0.059766,-0.993764,0.026448,0.4,0,0,slope_up,0,0.999999,1.37433e-13,7.95761e-11,5.8635e-07,1,0,0
20.8603,4.6848,0.152958,0,0.11895,1.17295,0.132534,0.0907277,-0.0601387,-0.994058,0.0213835,0.4,0,0,slope_up,0,1,3.17474e-13,8.39232e-11,3.79824e-07,1,0,0
20.8803,4.68876,0.153919,0,0.116802,1.17421,0.128065,0.0885794,-0.0542388,-0.994591,0.0216511,0.4,0,0,slope_up,0,0.999999,2.58881e-13,1.8751e-10,6.09583e-07,1,0,0
20.9003,4.69297,0.154778,0,0.113679,1.17633,0.121719,0.0854567,-0.0452591,-0.995313,0.0292025,0.4,0,0,slope_up,0,0.999999,1.79947e-13,2.54007e-10,5.7406e-07,1,0,0
20.9203,4.69756,0.155386,0,0.110559,1.17891,0.115746,0.082336,-0.0360221,-0.995953,0.0362551,0.4,0,0,slope_up,0,1,1.33552e-13,4.45244e-11,4.86732e-07,1,0,0
20.9403,4.7019,0.155688,0,0.110902,1.18143,0.113916,0.0826791,-0.0277152,-0.996191,0.0406236,0.4,0,0,slope_up,0,1,7.04813e-14,1.07124e-11,3.15116e-07,1,0,0
20.9603,4.70603,0.15553,0,0.113852,1.18358,0.115691,0.0856297,-0.0220472,-0.996083,0.0439708,0.4,0,0,slope_up,0,1,7.92097e-14,7.50631e-13,9.23164e-08,1,0,0
20.9803,4.71089,0.15493,0,0.117064,1.18561,0.117793,0.0888418,-0.0140801,-0.995946,0.0513017,0.4,0,0,slope_up,0,1,1.5322e-13,1.94611e-13,6.01903e-08,1,0,0
21.0003,4.71455,0.154465,0,0.11805,1.1869,0.118313,0.0898279,-0.00785708,-0.995926,0.0528326,0.4,0,0,slope_up,0,1,3.17931e-13,1.34545e-13,6.94656e-08,1,0,0
21.0203,4.71946,0.153852,0,0.118463,1.18849,0.118613,0.0902409,0.000143203,-0.99592,0.0537625,0.4,0,0,slope_up,0,1,6.86397e-13,5.05164e-14,5.02504e-08,1,0,0
21.0403,4.7237,0.153143,0,0.118558,1.1896,0.119086,0.0903358,0.00756114,-0.995883,0.0536129,0.4,0,0,slope_up,0,1,4.80016e-13,5.40993e-14,5.33419e-08,1,0,0
21.0603,4.72773,0.152267,0,0.118101,1.19027,0.119139,0.0898782,0.0125059,-0.995874,0.0519423,0.4,0,0,slope_up,0,1,3.45521e-13,3.12677e-14,3.36385e-08,1,0,0
21.0803,4.73149,0.151125,0,0.117241,1.19039,0.118449,0.0890188,0.0137835,-0.995935,0.0512919,0.4,0,0,slope_up,0,1,2.85155e-13,3.12453e-14,2.12736e-08,1,0,0
21.1003,4.7353,0.149566,0,0.114387,1.18999,0.115479,0.086165,0.0128084,-0.996199,0.0537002,0.4,0,0,slope_up,0,1,2.85556e-13,3.839e-14,2.64357e-08,1,0,0
21.1203,4.7397,0.148227,0,0.107016,1.19017,0.10903,0.0787934,0.0181998,-0.996725,0.0595892,0.4,0,0,slope_up,0,1,3.2416e-13,1.58066e-13,6.44967e-08,1,0,0
21.1403,4.7434,0.146695,0,0.101826,1.19154,0.104215,0.0736031,0.0196454,-0.997094,0.0561601,0.4,0,0,slope_up,0,1,5.79435e-13,4.53229e-13,1.02445e-07,1,0,0
21.1603,4.74629,0.144651,0,0.100211,1.1937,0.101664,0.0719885,0.0145285,-0.9973,0.0513849,0.4,0,0,slope_up,0,1,8.14549e-13,5.69842e-13,3.77584e-08,1,0,0
21.1803,4.74951,0.143031,0,0.0974957,1.19616,0.0980428,0.0692732,0.00757378,-0.997569,0.0452939,0.4,0,0,slope_up,0,1,8.4769e-13,1.30553e-12,4.19824e-08,1,0,0
21.2003,4.75301,0.142109,0,0.0951821,1.19845,0.0952609,0.0669596,-1.37836e-05,-0.997756,0.0406884,0.4,0,0,slope_up,0,1,9.1349e-13,2.95555e-13,3.08374e-08,1,0,0
21.2203,4.75643,0.141561,0,0.0957468,1.20045,0.0959602,0.0675243,-0.00767752,-0.997688,0.0398014,0.4,0,0,slope_up,0,1,4.14414e-13,6.82681e-14,3.62895e-08,1,0,0
21.2403,4.75986,0.141301,0,0.0984924,1.20217,0.0994023,0.0702699,-0.0151034,-0.997414,0.0395896,0.4,0,0,slope_up,0,1,2.19454e-13,3.16712e-14,2.30057e-08,1,0,0
21.2603,4.76351,0.141283,0,0.101721,1.20359,0.103827,0.0734985,-0.0225886,-0.997039,0.0381708,0.4,0,0,slope_up,0,1,1.88712e-13,3.66983e-14,1.48775e-08,1,0,0
21.2803,4.76689,0.141433,0,0.105102,1.20459,0.108756,0.0768791,-0.0297586,-0.996596,0.036528,0.4,0,0,slope_up,0,1,2.85734e-13,1.35255e-13,2.00136e-08,1,0,0
21.3003,4.771,0.141769,0,0.108217,1.20543,0.113459,0.0799942,-0.0358867,-0.996149,0.0347278,0.4,0,0,slope_up,0,1,7.19195e-13,7.02201e-13,4.04104e-08,1,0,0
21.3203,4.77472,0.142243,0,0.111576,1.20592,0.119016,0.0833538,-0.0431971,-0.995583,0.0336146,0.4,0,0,slope_up,0,1,1.76812e-12,3.11672e-12,8.65354e-08,1,0,0
21.3403,4.77842,0.142853,0,0.114041,1.20626,0.12393,0.0858186,-0.0502685,-0.995042,0.0328171,0.4,0,0,slope_up,0,1,2.61005e-12,1.5142e-11,2.15314e-07,1,0,0
21.3603,4.78211,0.143658,0,0.116273,1.20647,0.128756,0.08805,-0.0570374,-0.994482,0.0321085,0.4,0,0,slope_up,0,1,2.2695e-12,4.59525e-11,3.63694e-07,1,0,0
21.3803,4.7858,0.144724,0,0.118547,1.2065,0.133001,0.0903249,-0.0619942,-0.993981,0.0316365,0.4,0,0,slope_up,0,1,1.21968e-12,8.61791e-11,4.59175e-07,1,0,0
21.4003,4.78965,0.146006,0,0.120367,1.2063,0.135935,0.092144,-0.0648355,-0.993633,0.0320209,0.4,0,0,slope_up,0,1,5.86385e-13,1.11735e-10,5.24077e-07,1,0,0
21.4203,4.79353,0.147493,0,0.121955,1.20571,0.137025,0.093733,-0.0641145,-0.993531,0.0334942,0.4,0,0,slope_up,0,0.999999,2.50366e-13,1.14376e-10,6.4015e-07,1,0,0
21.4403,4.79744,0.149043,0,0.12238,1.20465,0.135659,0.0941579,-0.0601761,-0.993737,0.0340512,0.4,0,0,slope_up,0,0.999999,1.55448e-13,8.22807e-11,6.54425e-07,1,0,0
21.4603,4.8018,0.149981,0,0.118732,1.20449,0.133002,0.0905093,-0.06163,-0.993987,0.027681,0.4,0,0,slope_up,0,1,3.10009e-13,8.52008e-11,3.68851e-07,1,0,0
21.4803,4.80562,0.151005,0,0.115969,1.20566,0.127922,0.0877462,-0.055728,-0.994583,0.0268136,0.4,0,0,slope_up,0,0.999999,3.42762e-13,1.87045e-10,5.59514e-07,1,0,0
21.5003,4.80957,0.151864,0,0.112896,1.20774,0.12169,0.0846732,-0.0471901,-0.995291,0.0346571,0.4,0,0,slope_up,0,1,2.42773e-13,2.42016e-10,5.1221e-07,1,0,0
21.5203,4.81429,0.152638,0,0.109727,1.21059,0.115737,0.0815042,-0.0386004,-0.995925,0.0397433,0.4,0,0,slope_up,0,0.999999,1.54493e-13,8.90989e-11,6.08079e-07,1,0,0
21.5403,4.81798,0.152955,0,0.109831,1.21289,0.1137,0.0816085,-0.0311442,-0.996178,0.0431277,0.4,0,0,slope_up,0,1,8.28533e-14,6.3758e-12,2.0022e-07,1,0,0
21.5603,4.82207,0.152847,0,0.11205,1.21519,0.114353,0.0838275,-0.0244373,-0.996181,0.0484914,0.4,0,0,slope_up,0,1,8.91364e-14,1.46409e-12,1.09325e-07,1,0,0
21.5803,4.82635,0.152507,0,0.114048,1.21722,0.11514,0.0858253,-0.017141,-0.996163,0.0534897,0.4,0,0,slope_up,0,1,1.2738e-13,3.41284e-13,7.45373e-08,1,0,0
21.6003,4.83073,0.152117,0,0.115229,1.21897,0.115503,0.0870062,-0.00824407,-0.996174,0.057501,0.4,0,0,slope_up,0,1,2.58173e-13,1.13658e-13,5.69422e-08,1,0,0
21.6203,4.83502,0.151609,0,0.115724,1.22036,0.115843,0.0875014,-0.00135625,-0.996163,0.0591767,0.4,0,0,slope_up,0,1,4.046e-13,9.396e-14,6.17182e-08,1,0,0
21.6404,4.83918,0.151035,0,0.115611,1.22136,0.115989,0.0873888,0.00561249,-0.996158,0.0578036,0.4,0,0,slope_up,0,1,4.30849e-13,5.97855e-14,5.33898e-08,1,0,0
21.6604,4.84346,0.150147,0,0.11533,1.22193,0.116122,0.0871077,0.0103142,-0.996145,0.0563363,0.4,0,0,slope_up,0,1,3.42109e-13,2.83441e-14,3.23124e-08,1,0,0
21.6804,4.84711,0.149049,0,0.114422,1.22185,0.115328,0.0861997,0.0113123,-0.996214,0.0560128,0.4,0,0,slope_up,0,1,2.80513e-13,3.07749e-14,2.26929e-08,1,0,0
21.7004,4.85047,0.147755,0,0.111766,1.22129,0.112587,0.0835436,0.0105094,-0.996449,0.0570608,0.4,0,0,slope_up,0,1,2.91696e-13,3.2018e-14,2.78671e-08,1,0,0
21.7204,4.8548,0.146422,0,0.104426,1.22114,0.106158,0.0762037,0.0164508,-0.996957,0.064483,0.4,0,0,slope_up,0,1,3.84557e-13,6.70442e-14,4.13459e-08,1,0,0
21.7404,4.85846,0.144916,0,0.0988665,1.22216,0.101124,0.070644,0.0187434,-0.997325,0.0642529,0.4,0,0,slope_up,0,1,5.22904e-13,4.03064e-13,1.42778e-07,1,0,0
21.7604,4.86125,0.143124,0,0.0969131,1.22417,0.0983547,0.0686906,0.0142384,-0.997536,0.0581506,0.4,0,0,slope_up,0,1,8.79893e-13,4.46265e-13,2.89954e-08,1,0,0
21.7804,4.86433,0.141593,0,0.0941611,1.22666,0.0947671,0.0659386,0.00804511,-0.997791,0.053674,0.4,0,0,slope_up,0,1,1.01484e-12,1.14775e-12,3.45698e-08,1,0,0
21.8004,4.86783,0.140856,0,0.0911757,1.22906,0.0912482,0.0629532,3.02386e-05,-0.998016,0.0464671,0.4,0,0,slope_up,0,1,9.16567e-13,2.35496e-13,3.03588e-08,1,0,0
21.8204,4.87089,0.140478,0,0.0911721,1.23097,0.0913495,0.0629496,-0.00707221,-0.997992,0.0442406,0.4,0,0,slope_up,0,1,5.32442e-13,3.97113e-14,2.32054e-08,1,0,0
21.8404,4.87463,0.140221,0,0.0942455,1.23296,0.0953241,0.066023,-0.0161043,-0.997688,0.0430978,0.4,0,0,slope_up,0,1,2.48396e-13,2.12145e-14,2.10504e-08,1,0,0
21.8604,4.87822,0.140292,0,0.0983919,1.23435,0.100735,0.0701694,-0.0234495,-0.997259,0.0416249,0.4,0,0,slope_up,0,1,1.81056e-13,1.97204e-14,1.07401e-08,1,0,0
21.8804,4.88212,0.140612,0,0.102255,1.23536,0.10594,0.0740323,-0.0295448,-0.996818,0.0401106,0.4,0,0,slope_up,0,1,2.12392e-13,1.04143e-13,1.73836e-08,1,0,0
21.9004,4.88618,0.141162,0,0.106012,1.23598,0.111063,0.0777894,-0.0349367,-0.996358,0.0373186,0.4,0,0,slope_up,0,1,6.59417e-13,8.31974e-13,3.67065e-08,1,0,0
21.9204,4.89029,0.141758,0,0.109084,1.23637,0.115765,0.0808618,-0.0405621,-0.9959,0.0362635,0.4,0,0,slope_up,0,1,2.01546e-12,5.55145e-12,9.67477e-08,1,0,0
21.9404,4.89437,0.142396,0,0.111688,1.23666,0.120579,0.0834656,-0.0472292,-0.995391,0.0352332,0.4,0,0,slope_up,0,1,4.1004e-12,2.574e-11,2.49044e-07,1,0,0
21.9604,4.89844,0.14322,0,0.113955,1.23685,0.125391,0.0857327,-0.054081,-0.994849,0.033475,0.4,0,0,slope_up,0,1,5.21581e-12,6.30506e-11,3.92803e-07,1,0,0
21.9804,4.90211,0.144173,0,0.11599,1.23691,0.129512,0.0877672,-0.0593522,-0.994371,0.0322181,0.4,0,0,slope_up,0,1,2.54054e-12,9.59827e-11,4.24254e-07,1,0,0
22.0004,4.90621,0.145467,0,0.118943,1.2368,0.13403,0.0907202,-0.0634679,-0.993852,0.0317138,0.4,0,0,slope_up,0,1,8.03401e-13,1.28294e-10,4.8216e-07,1,0,0
22.0204,4.91074,0.14721,0,0.121887,1.23633,0.136918,0.0936648,-0.0640156,-0.993544,0.0330037,0.4,0,0,slope_up,0,1,2.98611e-13,1.07523e-10,5.28177e-07,1,0,0
22.0404,4.91494,0.149027,0,0.123884,1.23539,0.136952,0.0956616,-0.0599989,-0.993604,0.0353548,0.4,0,0,slope_up,0,0.999999,1.31626e-13,9.0153e-11,5.68249e-07,1,0,0
22.0604,4.91963,0.150137,0,0.12169,1.23507,0.135203,0.0934678,-0.0605694,-0.993778,0.0316905,0.4,0,0,slope_up,0,1,1.97812e-13,8.17381e-11,4.19717e-07,1,0,0
22.0804,4.92418,0.151288,0,0.118443,1.23608,0.131208,0.0902201,-0.0581536,-0.994223,0.0280779,0.4,0,0,slope_up,0,0.999999,2.11141e-13,8.07952e-11,6.25809e-07,1,0,0
22.1004,4.92842,0.152569,0,0.116209,1.23817,0.124609,0.0879866,-0.0466922,-0.995027,0.0354237,0.4,0,0,slope_up,0,1,1.59767e-13,7.44638e-11,3.13501e-07,1,0,0
22.1204,4.93312,0.153555,0,0.11338,1.2408,0.118727,0.0851579,-0.0369478,-0.995682,0.0420843,0.4,0,0,slope_up,0,0.999999,1.35945e-13,6.61111e-11,5.53775e-07,1,0,0
22.1404,4.93765,0.154224,0,0.113492,1.24347,0.116793,0.0852695,-0.0292134,-0.99593,0.0455773,0.4,0,0,slope_up,0,1,1.07762e-13,6.03132e-12,2.22575e-07,1,0,0
22.1604,4.94202,0.154427,0,0.116347,1.24586,0.11815,0.0881246,-0.0219907,-0.995867,0.0511041,0.4,0,0,slope_up,0,1,1.13724e-13,1.38361e-12,1.19438e-07,1,0,0
22.1804,4.94697,0.154334,0,0.119163,1.2482,0.119895,0.0909401,-0.0141444,-0.995756,0.0555729,0.4,0,0,slope_up,0,1,2.12827e-13,3.06755e-13,8.18462e-08,1,0,0
22.2004,4.95114,0.154223,0,0.120078,1.24989,0.120325,0.0918551,-0.00739228,-0.995745,0.0586853,0.4,0,0,slope_up,0,1,4.33373e-13,1.0033e-13,6.49016e-08,1,0,0
22.2204,4.9565,0.153983,0,0.120652,1.25171,0.120919,0.0924295,0.00344339,-0.995713,0.0606251,0.4,0,0,slope_up,0,1,5.158e-13,7.40545e-14,6.29805e-08,1,0,0
22.2404,4.9599,0.153678,0,0.120586,1.25252,0.121207,0.0923632,0.00864202,-0.995688,0.0605115,0.4,0,0,slope_up,0,1,3.70038e-13,4.82204e-14,5.62926e-08,1,0,0
22.2604,4.96402,0.153268,0,0.119663,1.25313,0.120797,0.0914408,0.0133123,-0.995722,0.0568296,0.4,0,0,slope_up,0,1,3.52108e-13,1.45404e-14,2.35547e-08,1,0,0
22.2804,4.96749,0.152648,0,0.118709,1.25326,0.12008,0.0904861,0.0150103,-0.995785,0.0564651,0.4,0,0,slope_up,0,1,2.63917e-13,1.8007e-14,1.74468e-08,1,0,0
22.3004,4.97173,0.151564,0,0.115622,1.2529,0.116858,0.0873994,0.0139252,-0.996076,0.0581326,0.4,0,0,slope_up,0,1,2.28694e-13,3.66381e-14,2.48683e-08,1,0,0
22.3204,4.97616,0.15072,0,0.108434,1.25294,0.110567,0.0802112,0.0189342,-0.996598,0.0660173,0.4,0,0,slope_up,0,1,3.43456e-13,1.10397e-13,4.49606e-08,1,0,0
22.3404,4.98,0.149783,0,0.102774,1.25413,0.105625,0.0745517,0.0218404,-0.996978,0.0641363,0.4,0,0,slope_up,0,1,4.39617e-13,4.10979e-13,1.2731e-07,1,0,0
22.3604,4.98306,0.148142,0,0.101598,1.25656,0.103641,0.0733753,0.0179145,-0.997144,0.059027,0.4,0,0,slope_up,0,1,8.13504e-13,4.83421e-13,3.4858e-08,1,0,0
22.3804,4.98588,0.146961,0,0.0996091,1.25893,0.100605,0.0713866,0.0114595,-0.997383,0.0541682,0.4,0,0,slope_up,0,1,1.69528e-12,3.77257e-12,4.56512e-08,1,0,0
22.4004,4.98942,0.146369,0,0.0965619,1.26138,0.0967285,0.0683394,0.00242113,-0.997659,0.0465539,0.4,0,0,slope_up,0,1,1.18453e-12,5.08917e-13,3.28951e-08,1,0,0
22.4204,4.99255,0.146137,0,0.0965365,1.26326,0.0966241,0.068314,-0.00459587,-0.997653,0.0445482,0.4,0,0,slope_up,0,1,4.25188e-13,4.14497e-14,2.24426e-08,1,0,0
22.4404,4.99595,0.146024,0,0.0991355,1.26501,0.0996506,0.070913,-0.0116278,-0.997415,0.046062,0.4,0,0,slope_up,0,1,1.84936e-13,2.10288e-14,2.04168e-08,1,0,0
22.4604,5.00038,0.146216,0,0.102702,1.26672,0.104252,0.0744796,-0.0196183,-0.99703,0.0450758,0.4,0,0,slope_up,0,1,1.33284e-13,3.21945e-14,1.92308e-08,1,0,0
22.4804,5.0039,0.146622,0,0.105946,1.26768,0.108857,0.0777232,-0.026769,-0.996616,0.0410348,0.4,0,0,slope_up,0,1,2.01669e-13,9.10404e-14,1.89773e-08,1,0,0
22.5004,5.00748,0.147161,0,0.108909,1.2683,0.113085,0.0806861,-0.0322128,-0.996219,0.0385922,0.4,0,0,slope_up,0,1,7.10789e-13,3.58215e-13,2.67777e-08,1,0,0
22.5204,5.01184,0.147775,0,0.112174,1.26884,0.118437,0.0839517,-0.0397593,-0.995676,0.0393719,0.4,0,0,slope_up,0,1,1.60329e-12,2.75347e-12,9.07028e-08,1,0,0
22.5404,5.01571,0.148509,0,0.11445,1.26925,0.122942,0.0862272,-0.0466437,-0.995183,0.0380692,0.4,0,0,slope_up,0,1,3.38708e-12,1.42995e-11,2.55387e-07,1,0,0
22.5604,5.01952,0.149433,0,0.11694,1.26961,0.128353,0.0887175,-0.0546315,-0.994557,0.0370767,0.4,0,0,slope_up,0,1,2.66443e-12,2.44667e-11,3.22503e-07,1,0,0
22.5804,5.02329,0.150678,0,0.119559,1.26978,0.133317,0.0913362,-0.0606665,-0.99397,0.0367752,0.4,0,0,slope_up,0,1,1.28487e-12,4.36885e-11,4.03105e-07,1,0,0
22.6004,5.02712,0.152259,0,0.122034,1.26964,0.136836,0.0938118,-0.0635431,-0.99356,0.0370852,0.4,0,0,slope_up,0,1,4.97433e-13,5.65517e-11,4.48625e-07,1,0,0
22.6204,5.03102,0.154118,0,0.124121,1.26907,0.138244,0.0958989,-0.0624825,-0.993428,0.038868,0.4,0,0,slope_up,0,1,2.06382e-13,5.30461e-11,5.05911e-07,1,0,0
22.6404,5.03453,0.15596,0,0.125051,1.26811,0.137049,0.0968289,-0.0576717,-0.993629,0.0397865,0.4,0,0,slope_up,0,0.999999,1.36866e-13,4.99516e-11,5.57097e-07,1,0,0
22.6604,5.03979,0.157412,0,0.120639,1.26807,0.133056,0.0924167,-0.057793,-0.994042,0.0339207,0.4,0,0,slope_up,0,1,3.18388e-13,5.55739e-11,3.44292e-07,1,0,0
22.6804,5.04388,0.158376,0,0.115337,1.26928,0.12667,0.0871146,-0.0541131,-0.994727,0.0357574,0.4,0,0,slope_up,0,0.999999,2.71465e-13,1.1597e-10,6.89057e-07,1,0,0
22.7004,5.04796,0.15959,0,0.111882,1.27139,0.119958,0.0836598,-0.0450472,-0.995476,0.0410166,0.4,0,0,slope_up,0,0.999999,1.55247e-13,1.11538e-10,6.1258e-07,1,0,0
22.7204,5.05209,0.160675,0,0.110502,1.27395,0.115804,0.0822796,-0.0364037,-0.995944,0.0444824,0.4,0,0,slope_up,0,1,9.75666e-14,2.03637e-11,3.21035e-07,1,0,0
22.7404,5.05587,0.161342,0,0.111334,1.27628,0.114598,0.0831117,-0.0288387,-0.996123,0.0495611,0.4,0,0,slope_up,0,1,5.87859e-14,3.9431e-12,1.86526e-07,1,0,0
22.7604,5.06002,0.161673,0,0.11441,1.27857,0.116216,0.086188,-0.0218882,-0.996038,0.0548334,0.4,0,0,slope_up,0,1,4.78933e-14,2.34511e-12,1.88743e-07,1,0,0
22.7804,5.06475,0.16168,0,0.117582,1.28069,0.118378,0.0893592,-0.0147428,-0.99589,0.0600803,0.4,0,0,slope_up,0,1,1.21338e-13,2.24433e-13,8.3068e-08,1,0,0
22.8004,5.06925,0.161586,0,0.11867,1.28238,0.11893,0.0904471,-0.00776289,-0.995871,0.0622073,0.4,0,0,slope_up,0,1,2.46208e-13,8.76038e-14,7.19054e-08,1,0,0
22.8204,5.07364,0.161457,0,0.118951,1.28384,0.119103,0.0907289,0.000160604,-0.995876,0.0640974,0.4,0,0,slope_up,0,1,4.54713e-13,5.00871e-14,6.27688e-08,1,0,0
22.8404,5.07776,0.161221,0,0.118971,1.28493,0.119477,0.0907486,0.00728375,-0.995847,0.0638475,0.4,0,0,slope_up,0,1,3.73646e-13,3.2015e-14,5.01226e-08,1,0,0
22.8604,5.08208,0.160829,0,0.118098,1.28561,0.119162,0.0898754,0.0127154,-0.995872,0.0621055,0.4,0,0,slope_up,0,1,2.61159e-13,1.79941e-14,3.04747e-08,1,0,0
22.8804,5.08536,0.16027,0,0.117075,1.28565,0.118277,0.0888522,0.0137373,-0.99595,0.0613843,0.4,0,0,slope_up,0,1,2.15201e-13,1.70243e-14,2.06311e-08,1,0,0
22.9004,5.08905,0.159302,0,0.114134,1.28514,0.115185,0.0859115,0.0124823,-0.996225,0.0629768,0.4,0,0,slope_up,0,1,2.18681e-13,2.21562e-14,2.44194e-08,1,0,0
22.9204,5.0928,0.158337,0,0.10824,1.28483,0.109704,0.0800177,0.0150957,-0.996679,0.0708008,0.4,0,0,slope_up,0,1,3.21352e-13,6.3618e-14,4.17373e-08,1,0,0
22.9404,5.09708,0.157373,0,0.100759,1.28586,0.103065,0.0725367,0.019148,-0.997182,0.0701051,0.4,0,0,slope_up,0,1,4.01526e-13,5.63462e-13,1.58954e-07,1,0,0
22.9604,5.0999,0.155994,0,0.098544,1.28784,0.100077,0.0703215,0.0148886,-0.997413,0.0600837,0.4,0,0,slope_up,0,1,7.79233e-13,4.31663e-13,3.7302e-08,1,0,0
22.9804,5.10276,0.154489,0,0.0966697,1.29031,0.0974847,0.0684472,0.0099356,-0.997605,0.0606923,0.4,0,0,slope_up,0,1,1.28582e-12,5.68969e-13,1.9859e-08,1,0,0
23.0004,5.10588,0.153768,0,0.0936978,1.29247,0.0939211,0.0654753,0.00350681,-0.997848,0.0588848,0.4,0,0,slope_up,0,1,1.08661e-12,3.66049e-13,4.97644e-08,1,0,0
23.0204,5.10962,0.153525,0,0.0931104,1.29478,0.0932316,0.0648879,-0.00582748,-0.997876,0.0518085,0.4,0,0,slope_up,0,1,6.93985e-13,1.01883e-13,3.58189e-08,1,0,0
23.0404,5.11296,0.153421,0,0.0956344,1.29653,0.0963135,0.0674119,-0.0130998,-0.997639,0.0512162,0.4,0,0,slope_up,0,1,3.23082e-13,1.61672e-14,1.48841e-08,1,0,0
23.0604,5.11693,0.153449,0,0.0993742,1.29809,0.101165,0.0711517,-0.0207433,-0.99725,0.0515705,0.4,0,0,slope_up,0,1,1.91929e-13,3.4134e-14,1.90346e-08,1,0,0
23.0804,5.12079,0.153758,0,0.102795,1.29916,0.105991,0.0745729,-0.0276532,-0.996832,0.0484679,0.4,0,0,slope_up,0,1,2.33456e-13,1.20556e-13,2.14185e-08,1,0,0
23.1004,5.12473,0.154177,0,0.105891,1.29991,0.110494,0.0776687,-0.0333751,-0.99642,0.0462299,0.4,0,0,slope_up,0,1,6.54012e-13,6.1535e-13,3.99859e-08,1,0,0
23.1204,5.12829,0.154614,0,0.109051,1.30039,0.115612,0.080828,-0.0401961,-0.995917,0.0451866,0.4,0,0,slope_up,0,1,1.82026e-12,3.403e-12,9.5509e-08,1,0,0
23.1404,5.13262,0.155258,0,0.11186,1.30085,0.120962,0.0836375,-0.0478171,-0.995348,0.0441054,0.4,0,0,slope_up,0,1,3.14881e-12,1.72415e-11,2.47907e-07,1,0,0
23.1604,5.13616,0.156002,0,0.114458,1.30109,0.126241,0.0862351,-0.0550111,-0.994755,0.0427134,0.4,0,0,slope_up,0,1,3.00543e-12,4.8924e-11,4.20574e-07,1,0,0
23.1804,5.14015,0.157061,0,0.116949,1.3012,0.131041,0.0887267,-0.0608343,-0.994197,0.0421099,0.4,0,0,slope_up,0,1,1.52047e-12,8.71898e-11,5.18608e-07,1,0,0
23.2004,5.14412,0.158419,0,0.11981,1.301,0.134767,0.0915875,-0.0633834,-0.993778,0.0420073,0.4,0,0,slope_up,0,0.999999,5.5531e-13,1.23957e-10,6.45312e-07,1,0,0
23.2204,5.14821,0.160075,0,0.122098,1.3004,0.136432,0.093876,-0.0625163,-0.993619,0.0430801,0.4,0,0,slope_up,0,0.999999,2.70182e-13,1.01176e-10,6.92854e-07,1,0,0
23.2404,5.15239,0.161818,0,0.122798,1.2994,0.135462,0.0945754,-0.0588214,-0.993778,0.043573,0.4,0,0,slope_up,0,0.999999,1.61753e-13,9.01557e-11,7.22027e-07,1,0,0
23.2604,5.1569,0.163038,0,0.119761,1.29935,0.132497,0.0915385,-0.0583616,-0.99409,0.0381508,0.4,0,0,slope_up,0,1,3.63913e-13,9.5022e-11,4.47013e-07,1,0,0
23.2804,5.16115,0.164153,0,0.116452,1.30065,0.127032,0.0882298,-0.052482,-0.994717,0.0403714,0.4,0,0,slope_up,0,0.999999,3.01476e-13,2.14576e-10,6.73862e-07,1,0,0
23.3004,5.16552,0.165205,0,0.112806,1.30272,0.120238,0.0845836,-0.0433763,-0.995472,0.0492776,0.4,0,0,slope_up,0,0.999999,2.05668e-13,2.79117e-10,6.84338e-07,1,0,0
23.3204,5.16989,0.166079,0,0.1107,1.3052,0.115903,0.0824778,-0.0360959,-0.995939,0.0514237,0.4,0,0,slope_up,0,0.999999,1.22511e-13,7.97971e-11,6.66338e-07,1,0,0
23.3404,5.17374,0.166541,0,0.111552,1.30743,0.11498,0.0833297,-0.0295545,-0.996084,0.055266,0.4,0,0,slope_up,0,1,8.49778e-14,3.81505e-12,1.62771e-07,1,0,0
23.3604,5.17845,0.166598,0,0.114562,1.30995,0.116312,0.0863398,-0.0215666,-0.996032,0.0621041,0.4,0,0,slope_up,0,1,1.09186e-13,1.67069e-12,1.30459e-07,1,0,0
23.3804,5.1828,0.166406,0,0.1174,1.31191,0.118116,0.0891773,-0.0139619,-0.995918,0.0675583,0.4,0,0,slope_up,0,1,2.24288e-13,2.92048e-13,8.02158e-08,1,0,0
23.4004,5.18724,0.166114,0,0.119009,1.31354,0.11922,0.0907866,-0.00658687,-0.995849,0.06999,0.4,0,0,slope_up,0,1,2.98768e-13,1.64018e-13,7.95068e-08,1,0,0
23.4204,5.19166,0.165807,0,0.119221,1.31491,0.119391,0.0909987,0.00092715,-0.995851,0.0691906,0.4,0,0,slope_up,0,1,6.34388e-13,6.60489e-14,5.86793e-08,1,0,0
23.4404,5.19589,0.165389,0,0.118873,1.31601,0.11944,0.0906503,0.00802582,-0.99585,0.0675997,0.4,0,0,slope_up,0,1,6.21754e-13,4.67894e-14,4.86227e-08,1,0,0
23.4604,5.19974,0.16472,0,0.118705,1.31666,0.119745,0.090482,0.0125429,-0.995819,0.0669299,0.4,0,0,slope_up,0,1,4.30367e-13,3.5435e-14,3.35339e-08,1,0,0
23.4804,5.20367,0.163634,0,0.117817,1.3167,0.11895,0.0895942,0.0132483,-0.99589,0.0665841,0.4,0,0,slope_up,0,1,3.01612e-13,3.62599e-14,2.32835e-08,1,0,0
23.5004,5.20702,0.162445,0,0.11483,1.31629,0.11588,0.0866076,0.0124975,-0.996164,0.0685311,0.4,0,0,slope_up,0,1,2.88647e-13,2.84328e-14,2.12401e-08,1,0,0
23.5204,5.21102,0.161414,0,0.1073,1.31634,0.109174,0.0790771,0.0174637,-0.996716,0.0750518,0.4,0,0,slope_up,0,1,3.33799e-13,1.7988e-13,6.67659e-08,1,0,0
23.5404,5.21557,0.159836,0,0.0997713,1.31792,0.10228,0.0715488,0.020007,-0.997236,0.0713409,0.4,0,0,slope_up,0,1,5.97372e-13,6.26285e-13,1.53882e-07,1,0,0
23.5604,5.21798,0.158101,0,0.0987828,1.31989,0.100383,0.0705603,0.0152963,-0.99739,0.0659319,0.4,0,0,slope_up,0,1,7.62964e-13,3.81919e-13,3.05273e-08,1,0,0
23.5804,5.22095,0.156475,0,0.0967439,1.32248,0.0974932,0.0685214,0.00939841,-0.997605,0.0633671,0.4,0,0,slope_up,0,1,9.05251e-13,9.94487e-13,3.11323e-08,1,0,0
23.6004,5.22447,0.155727,0,0.0937914,1.3249,0.0939484,0.0655689,0.00227592,-0.997845,0.0569175,0.4,0,0,slope_up,0,1,9.74113e-13,3.93481e-13,4.04049e-08,1,0,0
23.6204,5.22788,0.155354,0,0.0933107,1.32699,0.093472,0.0650882,-0.0067247,-0.997857,0.0521595,0.4,0,0,slope_up,0,1,6.60918e-13,5.71054e-14,1.99522e-08,1,0,0
23.6404,5.23087,0.155078,0,0.0960063,1.32855,0.0967396,0.0677838,-0.0135758,-0.997608,0.0545651,0.4,0,0,slope_up,0,1,2.89603e-13,2.00727e-14,1.62489e-08,1,0,0
23.6604,5.23482,0.154999,0,0.0993184,1.33012,0.101092,0.0710959,-0.0206522,-0.997256,0.0548916,0.4,0,0,slope_up,0,1,1.69969e-13,5.55867e-14,2.33813e-08,1,0,0
23.6804,5.23829,0.155271,0,0.102216,1.33112,0.105237,0.0739939,-0.0268548,-0.996897,0.0513651,0.4,0,0,slope_up,0,1,2.29783e-13,1.48619e-13,2.1676e-08,1,0,0
23.7004,5.24223,0.155675,0,0.105627,1.3319,0.110315,0.0774045,-0.0336409,-0.996432,0.0487683,0.4,0,0,slope_up,0,1,6.55529e-13,4.46746e-13,3.07151e-08,1,0,0
23.7204,5.24619,0.156174,0,0.10811,1.3324,0.11441,0.0798879,-0.0392539,-0.996031,0.0480573,0.4,0,0,slope_up,0,1,2.07183e-12,3.93547e-12,9.56193e-08,1,0,0
23.7404,5.25053,0.15686,0,0.110757,1.33279,0.119626,0.0825341,-0.047003,-0.995479,0.0469036,0.4,0,0,slope_up,0,1,4.00247e-12,1.95602e-11,2.34355e-07,1,0,0
23.7604,5.25446,0.157704,0,0.113032,1.33303,0.124476,0.0848093,-0.0539101,-0.994938,0.0452553,0.4,0,0,slope_up,0,1,3.42825e-12,5.27224e-11,3.84234e-07,1,0,0
23.7804,5.2589,0.158878,0,0.115306,1.33312,0.129369,0.0870832,-0.0604007,-0.994368,0.0445097,0.4,0,0,slope_up,0,1,1.87526e-12,8.41367e-11,4.35135e-07,1,0,0
23.8004,5.26208,0.159932,0,0.117856,1.33298,0.132747,0.0896333,-0.0627943,-0.993993,0.0444023,0.4,0,0,slope_up,0,0.999999,5.0749e-13,1.26366e-10,5.37948e-07,1,0,0
23.8204,5.26661,0.161718,0,0.12024,1.33237,0.134541,0.0920174,-0.0620358,-0.993823,0.0451143,0.4,0,0,slope_up,0,0.999999,2.20936e-13,1.03132e-10,5.89718e-07,1,0,0
23.8404,5.27081,0.163451,0,0.121365,1.33133,0.133804,0.0931423,-0.0579955,-0.993962,0.0460233,0.4,0,0,slope_up,0,0.999999,1.34464e-13,8.72199e-11,6.45758e-07,1,0,0
23.8604,5.27534,0.164459,0,0.11868,1.33128,0.131707,0.0904577,-0.0588066,-0.994163,0.0414207,0.4,0,0,slope_up,0,1,3.48752e-13,1.11181e-10,4.33418e-07,1,0,0
23.8804,5.28002,0.165345,0,0.113927,1.33265,0.125527,0.085705,-0.054466,-0.994831,0.0454623,0.4,0,0,slope_up,0,0.999999,2.44447e-13,2.30078e-10,7.87525e-07,1,0,0
23.9004,5.2843,0.166405,0,0.111041,1.33481,0.119289,0.0828186,-0.0453785,-0.995531,0.0503667,0.4,0,0,slope_up,0,0.999999,1.27777e-13,2.24985e-10,8.01838e-07,1,0,0
23.9204,5.28778,0.16719,0,0.109934,1.33685,0.115304,0.0817112,-0.0365546,-0.995985,0.0544629,0.4,0,0,slope_up,0,1,8.37932e-14,1.75023e-11,2.9716e-07,1,0,0
23.9404,5.29311,0.167928,0,0.110921,1.33992,0.113872,0.0826985,-0.0274352,-0.996197,0.0599352,0.4,0,0,slope_up,0,1,5.39909e-14,7.26383e-12,2.92116e-07,1,0,0
23.9604,5.29742,0.168039,0,0.114788,1.34208,0.116264,0.0865653,-0.0198709,-0.996048,0.0644547,0.4,0,0,slope_up,0,1,4.49392e-14,3.2437e-12,2.65607e-07,1,0,0
23.9804,5.30192,0.167814,0,0.117843,1.34394,0.118526,0.0896202,-0.0136343,-0.995883,0.0676528,0.4,0,0,slope_up,0,1,1.53719e-13,1.73579e-13,7.94361e-08,1,0,0
24.0004,5.30664,0.167421,0,0.119071,1.34561,0.119262,0.0908484,-0.00599141,-0.995847,0.0727082,0.4,0,0,slope_up,0,1,3.75614e-13,9.42025e-14,7.30868e-08,1,0,0
24.0204,5.31126,0.166995,0,0.119305,1.34698,0.119499,0.091083,0.00170606,-0.995842,0.0744514,0.4,0,0,slope_up,0,1,4.24987e-13,1.00128e-13,8.8418e-08,1,0,0
24.0404,5.31555,0.166574,0,0.11942,1.34802,0.120037,0.0911971,0.00859262,-0.995796,0.0715635,0.4,0,0,slope_up,0,1,4.08013e-13,3.12758e-14,5.19033e-08,1,0,0
24.0604,5.31964,0.166004,0,0.119171,1.34868,0.120319,0.0909483,0.0134051,-0.995765,0.0698138,0.4,0,0,slope_up,0,1,2.84224e-13,1.38951e-14,2.61831e-08,1,0,0
24.0804,5.32343,0.165127,0,0.118494,1.3488,0.119855,0.0902719,0.0149294,-0.995805,0.0693333,0.4,0,0,slope_up,0,1,2.14228e-13,2.08381e-14,2.07119e-08,1,0,0
24.1004,5.32738,0.16401,0,0.115188,1.34847,0.116571,0.0869657,0.0149335,-0.996099,0.0715959,0.4,0,0,slope_up,0,1,2.22039e-13,2.12027e-14,1.97431e-08,1,0,0
24.1204,5.33203,0.163018,0,0.10687,1.34861,0.109164,0.0786472,0.0196261,-0.996709,0.07711,0.4,0,0,slope_up,0,1,2.90793e-13,1.51006e-13,7.48726e-08,1,0,0
24.1404,5.33596,0.16183,0,0.101198,1.34989,0.104046,0.0729751,0.021667,-0.997098,0.0726515,0.4,0,0,slope_up,0,1,5.30178e-13,2.28056e-13,1.21555e-07,1,0,0
24.1604,5.33905,0.159806,0,0.10062,1.35229,0.102494,0.0723976,0.0169509,-0.997232,0.0699057,0.4,0,0,slope_up,0,1,6.66551e-13,2.28949e-13,3.31388e-08,1,0,0
24.1804,5.34187,0.158542,0,0.0990737,1.35459,0.100021,0.0708512,0.0110683,-0.997425,0.0665467,0.4,0,0,slope_up,0,1,1.23034e-12,1.71531e-12,4.17494e-08,1,0,0
24.2004,5.34548,0.157971,0,0.0966022,1.35696,0.096805,0.0683797,0.00312634,-0.997654,0.0587937,0.4,0,0,slope_up,0,1,7.60575e-13,2.67947e-13,3.48707e-08,1,0,0
24.2204,5.34904,0.157674,0,0.0967643,1.35899,0.0968703,0.0685418,-0.00521729,-0.997635,0.0550423,0.4,0,0,slope_up,0,1,4.43712e-13,4.07479e-14,2.50867e-08,1,0,0
24.2404,5.35253,0.157479,0,0.0995628,1.36065,0.100173,0.0713403,-0.0125901,-0.997373,0.0558739,0.4,0,0,slope_up,0,1,2.25062e-13,2.04222e-14,2.02044e-08,1,0,0
24.2604,5.35661,0.157544,0,0.103267,1.36209,0.104952,0.0750441,-0.0204479,-0.996971,0.05492,0.4,0,0,slope_up,0,1,1.7691e-13,4.13783e-14,1.98412e-08,1,0,0
24.2804,5.36012,0.157801,0,0.106142,1.36298,0.108995,0.0779191,-0.0265337,-0.996607,0.0526698,0.4,0,0,slope_up,0,1,2.78437e-13,1.37766e-13,2.32408e-08,1,0,0
24.3004,5.364,0.158133,0,0.10926,1.36371,0.113749,0.0810373,-0.0334059,-0.996151,0.0509867,0.4,0,0,slope_up,0,1,7.99099e-13,6.31759e-13,4.58908e-08,1,0,0
24.3204,5.36744,0.158548,0,0.111854,1.36417,0.118133,0.0836312,-0.0397627,-0.995703,0.0494916,0.4,0,0,slope_up,0,1,1.98908e-12,2.94489e-12,1.10442e-07,1,0,0
24.3404,5.37159,0.159256,0,0.114636,1.36457,0.123543,0.0864134,-0.0478034,-0.995112,0.0481743,0.4,0,0,slope_up,0,1,3.22591e-12,1.12283e-11,2.35327e-07,1,0,0
24.3604,5.37537,0.160069,0,0.116872,1.36483,0.128554,0.0886492,-0.0552671,-0.994528,0.047757,0.4,0,0,slope_up,0,1,2.6305e-12,3.42929e-11,4.06578e-07,1,0,0
24.3804,5.3791,0.161195,0,0.1194,1.36488,0.133098,0.0911776,-0.0604959,-0.993995,0.0474763,0.4,0,0,slope_up,0,1,1.36493e-12,6.67502e-11,5.32522e-07,1,0,0
24.4004,5.38291,0.162662,0,0.12155,1.36463,0.136021,0.0933271,-0.0627044,-0.993659,0.04737,0.4,0,0,slope_up,0,0.999999,6.09442e-13,7.46685e-11,5.70436e-07,1,0,0
24.4204,5.38687,0.164375,0,0.122911,1.36397,0.136767,0.0946885,-0.0616157,-0.993598,0.0488466,0.4,0,0,slope_up,0,0.999999,3.10659e-13,6.9329e-11,6.47822e-07,1,0,0
24.4404,5.39085,0.166029,0,0.122808,1.36297,0.135314,0.0945857,-0.0584495,-0.993799,0.0491385,0.4,0,0,slope_up,0,0.999999,1.92848e-13,7.04153e-11,7.42911e-07,1,0,0
24.4604,5.39504,0.167224,0,0.119437,1.36312,0.132113,0.0912141,-0.058153,-0.994132,0.0434764,0.4,0,0,slope_up,0,1,4.81592e-13,8.1294e-11,4.38173e-07,1,0,0
24.4804,5.39898,0.168343,0,0.115993,1.3646,0.12641,0.0877704,-0.0519825,-0.994783,0.0457269,0.4,0,0,slope_up,0,0.999999,2.98675e-13,1.92043e-10,6.36199e-07,1,0,0
24.5004,5.40322,0.169314,0,0.111747,1.3668,0.119257,0.0835249,-0.0434275,-0.995559,0.0542404,0.4,0,0,slope_up,0,0.999999,2.27254e-13,2.46624e-10,7.44986e-07,1,0,0
24.5204,5.40747,0.170098,0,0.109379,1.36937,0.114571,0.0811561,-0.0358802,-0.996055,0.058163,0.4,0,0,slope_up,0,0.999999,1.41372e-13,4.65038e-11,5.37521e-07,1,0,0
24.5404,5.41149,0.170441,0,0.110601,1.37186,0.11405,0.0823786,-0.0295402,-0.996163,0.0623878,0.4,0,0,slope_up,0,1,9.01274e-14,3.74781e-12,1.67082e-07,1,0,0
24.5604,5.4156,0.170327,0,0.113297,1.37411,0.115341,0.0850746,-0.0231636,-0.996105,0.0691448,0.4,0,0,slope_up,0,1,1.14391e-13,1.21918e-12,1.1831e-07,1,0,0
24.5804,5.41984,0.170012,0,0.115727,1.37606,0.116682,0.0875042,-0.0160987,-0.996034,0.0752172,0.4,0,0,slope_up,0,1,2.01323e-13,2.26086e-13,6.71665e-08,1,0,0
24.6004,5.42416,0.169605,0,0.117094,1.37766,0.117425,0.0888711,-0.00916978,-0.996001,0.0778861,0.4,0,0,slope_up,0,1,2.27396e-13,1.77189e-13,8.33791e-08,1,0,0
24.6204,5.42846,0.16919,0,0.117219,1.37902,0.117342,0.0889961,-0.00281691,-0.996028,0.0769864,0.4,0,0,slope_up,0,1,6.31143e-13,5.44673e-14,5.68603e-08,1,0,0
24.6404,5.43257,0.168588,0,0.116877,1.38008,0.117207,0.088654,0.0048295,-0.996051,0.0761882,0.4,0,0,slope_up,0,1,6.4604e-13,5.39042e-14,5.57272e-08,1,0,0
24.6604,5.43642,0.167769,0,0.116234,1.38068,0.116926,0.0880118,0.00936505,-0.996075,0.0752256,0.4,0,0,slope_up,0,1,4.41154e-13,4.07521e-14,4.11285e-08,1,0,0
24.6804,5.43994,0.16664,0,0.115408,1.38063,0.116178,0.087185,0.0101211,-0.996141,0.074494,0.4,0,0,slope_up,0,1,3.17931e-13,3.42163e-14,2.55926e-08,1,0,0
24.7004,5.44323,0.165313,0,0.112589,1.38011,0.113339,0.0843665,0.00987208,-0.996386,0.0768317,0.4,0,0,slope_up,0,1,2.93211e-13,2.27523e-14,2.01837e-08,1,0,0
24.7204,5.44815,0.163874,0,0.102861,1.38011,0.104472,0.0746382,0.0156549,-0.997088,0.0828796,0.4,0,0,slope_up,0,1,3.027e-13,2.56723e-13,1.02947e-07,1,0,0
24.7404,5.45177,0.162361,0,0.0972878,1.38137,0.0993284,0.0690653,0.0175337,-0.997458,0.0776467,0.4,0,0,slope_up,0,1,6.8238e-13,2.73232e-13,1.1782e-07,1,0,0
24.7604,5.45408,0.160467,0,0.0965761,1.38329,0.0979624,0.0683536,0.0138799,-0.997565,0.0760917,0.4,0,0,slope_up,0,1,7.97549e-13,2.3199e-13,3.10645e-08,1,0,0
24.7804,5.45742,0.158656,0,0.0938822,1.38607,0.0943245,0.0656597,0.00639377,-0.997822,0.0690349,0.4,0,0,slope_up,0,1,1.41451e-12,1.30399e-12,4.45733e-08,1,0,0
24.8004,5.46085,0.157782,0,0.0912125,1.3884,0.0912606,0.06299,-0.00155681,-0.998013,0.0626827,0.4,0,0,slope_up,0,1,1.55019e-12,3.30975e-13,2.52183e-08,1,0,0
24.8204,5.46421,0.157216,0,0.0913326,1.39039,0.0915499,0.0631101,-0.00776269,-0.997976,0.0631165,0.4,0,0,slope_up,0,1,4.11438e-13,4.36317e-14,3.56924e-08,1,0,0
24.8404,5.46759,0.157015,0,0.0941618,1.39207,0.0952747,0.0659393,-0.0163276,-0.99769,0.0604782,0.4,0,0,slope_up,0,1,2.29914e-13,3.07759e-14,2.8404e-08,1,0,0
24.8604,5.47116,0.157128,0,0.0979298,1.39339,0.100327,0.0697073,-0.0236582,-0.997287,0.0570965,0.4,0,0,slope_up,0,1,1.86008e-13,2.16132e-14,1.26213e-08,1,0,0
24.8804,5.47457,0.15743,0,0.101385,1.39424,0.104924,0.0731629,-0.0288694,-0.996902,0.0560549,0.4,0,0,slope_up,0,1,2.7851e-13,8.58645e-14,1.58653e-08,1,0,0
24.9004,5.47889,0.157909,0,0.105055,1.39492,0.110149,0.0768329,-0.0349456,-0.996431,0.0554778,0.4,0,0,slope_up,0,1,5.91999e-13,7.39208e-13,4.61762e-08,1,0,0
24.9204,5.48284,0.158557,0,0.107972,1.39528,0.114724,0.0797497,-0.0405965,-0.995988,0.0532173,0.4,0,0,slope_up,0,1,2.05387e-12,6.7482e-12,1.39245e-07,1,0,0
24.9404,5.48678,0.159257,0,0.110471,1.3956,0.119513,0.0822487,-0.047402,-0.995484,0.0517005,0.4,0,0,slope_up,0,1,3.55039e-12,1.73541e-11,2.46578e-07,1,0,0
24.9604,5.4907,0.160034,0,0.112943,1.39587,0.124788,0.0847208,-0.0548412,-0.994894,0.0510584,0.4,0,0,slope_up,0,1,3.0629e-12,4.69556e-11,3.92242e-07,1,0,0
24.9804,5.4946,0.161078,0,0.115761,1.39597,0.129797,0.0875383,-0.0604462,-0.994326,0.0506017,0.4,0,0,slope_up,0,1,1.49801e-12,9.51468e-11,5.10727e-07,1,0,0
25.0004,5.49865,0.162415,0,0.118253,1.39579,0.133435,0.0900309,-0.0635134,-0.993912,0.0504183,0.4,0,0,slope_up,0,0.999999,5.72913e-13,1.07012e-10,5.49329e-07,1,0,0
25.0204,5.50235,0.163831,0,0.120261,1.39527,0.135023,0.092039,-0.0630593,-0.993757,0.0513572,0.4,0,0,slope_up,0,0.999999,2.14386e-13,8.65359e-11,6.24716e-07,1,0,0
25.0404,5.507,0.165609,0,0.121118,1.39413,0.134224,0.0928955,-0.0595079,-0.993896,0.0514213,0.4,0,0,slope_up,0,0.999999,1.45614e-13,7.50883e-11,7.05368e-07,1,0,0
25.0604,5.51098,0.166666,0,0.119072,1.39401,0.132154,0.0908491,-0.0590207,-0.994114,0.0455041,0.4,0,0,slope_up,0,1,3.14516e-13,7.85342e-11,4.18189e-07,1,0,0
25.0804,5.51563,0.16779,0,0.116017,1.39533,0.12638,0.0877944,-0.0518502,-0.994788,0.0485392,0.4,0,0,slope_up,0,0.999999,3.12534e-13,1.71351e-10,5.40672e-07,1,0,0
25.1004,5.52004,0.168743,0,0.112496,1.39739,0.119783,0.0842732,-0.0429041,-0.995519,0.0579949,0.4,0,0,slope_up,0,0.999999,2.13983e-13,2.48704e-10,6.53677e-07,1,0,0
25.1204,5.52404,0.16954,0,0.110296,1.3996,0.115325,0.0820736,-0.035446,-0.995996,0.0614295,0.4,0,0,slope_up,0,0.999999,1.25521e-13,6.97893e-11,6.43544e-07,1,0,0
25.1404,5.52871,0.170116,0,0.111472,1.40231,0.114345,0.0832496,-0.0271264,-0.996159,0.0651744,0.4,0,0,slope_up,0,1,9.73313e-14,3.451e-12,1.65582e-07,1,0,0
25.1604,5.53251,0.170114,0,0.11458,1.40429,0.116128,0.0863574,-0.0203253,-0.996057,0.0719934,0.4,0,0,slope_up,0,1,1.18458e-13,1.22041e-12,1.25348e-07,1,0,0
25.1804,5.53677,0.169843,0,0.11844,1.40615,0.119162,0.0902178,-0.0140177,-0.995823,0.0761984,0.4,0,0,slope_up,0,1,1.3581e-13,6.36824e-13,1.37533e-07,1,0,0
25.2004,5.54167,0.169551,0,0.120213,1.40802,0.120417,0.0919901,-0.00629357,-0.99574,0.0763066,0.4,0,0,slope_up,0,1,5.78372e-13,6.12937e-14,5.32442e-08,1,0,0
25.2204,5.5457,0.16923,0,0.120365,1.40941,0.12053,0.0921429,0.000504046,-0.995746,0.077061,0.4,0,0,slope_up,0,1,9.20832e-13,7.41498e-14,7.1357e-08,1,0,0
25.2404,5.55026,0.168662,0,0.12055,1.4108,0.12124,0.0923275,0.00937397,-0.995685,0.07627,0.4,0,0,slope_up,0,1,7.42979e-13,5.27217e-14,6.17142e-08,1,0,0
25.2604,5.55406,0.167875,0,0.120542,1.41155,0.121741,0.0923193,0.0138421,-0.995633,0.075651,0.4,0,0,slope_up,0,1,4.26395e-13,2.84198e-14,3.54413e-08,1,0,0
25.2804,5.55774,0.166849,0,0.11923,1.41178,0.120581,0.0910074,0.0148958,-0.995739,0.0751443,0.4,0,0,slope_up,0,1,2.60437e-13,2.32435e-14,2.0822e-08,1,0,0
25.3004,5.56113,0.165641,0,0.116184,1.41153,0.117337,0.0879618,0.0133363,-0.996035,0.0763526,0.4,0,0,slope_up,0,1,2.41104e-13,2.49772e-14,1.93881e-08,1,0,0
25.3204,5.56551,0.164363,0,0.108412,1.41151,0.110114,0.0801894,0.016556,-0.996642,0.0844655,0.4,0,0,slope_up,0,1,3.13573e-13,1.02686e-13,4.14089e-08,1,0,0
25.3404,5.56999,0.163125,0,0.100058,1.41282,0.1026,0.0718358,0.0201881,-0.997212,0.0813065,0.4,0,0,slope_up,0,1,4.9544e-13,6.12425e-13,1.32846e-07,1,0,0
25.3604,5.5728,0.161194,0,0.098536,1.41494,0.100414,0.0703135,0.0168033,-0.997383,0.0797129,0.4,0,0,slope_up,0,1,6.32324e-13,1.83996e-13,3.68758e-08,1,0,0
25.3804,5.57547,0.159446,0,0.0982083,1.41752,0.0988669,0.0699858,0.00866241,-0.99751,0.0769319,0.4,0,0,slope_up,0,1,1.25428e-12,1.24085e-12,4.02567e-08,1,0,0
25.4004,5.57876,0.158502,0,0.0964069,1.41996,0.0964962,0.0681844,0.000338151,-0.997673,0.0719606,0.4,0,0,slope_up,0,1,2.90653e-12,1.72388e-12,3.62086e-08,1,0,0
25.4204,5.58225,0.158051,0,0.0960805,1.42208,0.0962,0.067858,-0.00567371,-0.997679,0.0699793,0.4,0,0,slope_up,0,1,4.53483e-13,8.61427e-14,3.46973e-08,1,0,0
25.4404,5.58569,0.157823,0,0.0982215,1.42391,0.0989948,0.069999,-0.0140026,-0.997449,0.066075,0.4,0,0,slope_up,0,1,2.3507e-13,2.74375e-14,2.34343e-08,1,0,0
25.4604,5.58919,0.157738,0,0.101716,1.42537,0.103597,0.0734933,-0.0214178,-0.997066,0.0659823,0.4,0,0,slope_up,0,1,2.22439e-13,1.31698e-14,9.80469e-09,1,0,0
25.4804,5.59325,0.157891,0,0.105121,1.42652,0.108371,0.0768984,-0.0281314,-0.996642,0.0663784,0.4,0,0,slope_up,0,1,2.3915e-13,1.16821e-13,2.45957e-08,1,0,0
25.5004,5.5966,0.158225,0,0.108318,1.42718,0.113204,0.080095,-0.0346908,-0.996183,0.0642544,0.4,0,0,slope_up,0,1,6.1874e-13,7.61401e-13,4.9295e-08,1,0,0
25.5204,5.6003,0.158701,0,0.110976,1.42771,0.117851,0.0827535,-0.0414451,-0.995708,0.0625879,0.4,0,0,slope_up,0,1,1.75259e-12,2.99983e-12,1.01672e-07,1,0,0
25.5404,5.60396,0.159301,0,0.113224,1.42808,0.122483,0.0850013,-0.0484839,-0.995201,0.0613573,0.4,0,0,slope_up,0,1,3.55504e-12,1.31067e-11,2.3443e-07,1,0,0
25.5604,5.60725,0.15994,0,0.115281,1.42834,0.127285,0.0870587,-0.055705,-0.994645,0.0608543,0.4,0,0,slope_up,0,1,3.28854e-12,3.71824e-11,3.68958e-07,1,0,0
25.5804,5.61125,0.160956,0,0.117633,1.42847,0.131821,0.0894102,-0.0612043,-0.994113,0.0607366,0.4,0,0,slope_up,0,1,1.65011e-12,8.28509e-11,4.85039e-07,1,0,0
25.6004,5.6149,0.16224,0,0.120133,1.42823,0.134909,0.0919101,-0.0630627,-0.993768,0.060159,0.4,0,0,slope_up,0,1,6.33272e-13,1.00653e-10,5.18628e-07,1,0,0
25.6204,5.61878,0.163767,0,0.121458,1.42757,0.135491,0.0932357,-0.0617023,-0.99373,0.0611889,0.4,0,0,slope_up,0,1,3.5148e-13,7.28506e-11,5.12692e-07,1,0,0
25.6404,5.62271,0.165236,0,0.121361,1.42636,0.13344,0.0931381,-0.0571332,-0.994013,0.063176,0.4,0,0,slope_up,0,0.999999,1.7434e-13,7.87892e-11,6.6974e-07,1,0,0
25.6604,5.62706,0.16604,0,0.117304,1.42606,0.130722,0.0890811,-0.0594059,-0.994251,0.0579097,0.4,0,0,slope_up,0,1,4.46972e-13,9.80756e-11,4.08409e-07,1,0,0
25.6804,5.63127,0.166951,0,0.112348,1.42711,0.124383,0.0841251,-0.0551626,-0.994927,0.0581102,0.4,0,0,slope_up,0,0.999999,2.86001e-13,1.41019e-10,6.71983e-07,1,0,0
25.7004,5.6352,0.167941,0,0.108984,1.42906,0.117172,0.0807618,-0.0448492,-0.995724,0.0661077,0.4,0,0,slope_up,0,1,1.31693e-13,1.42844e-10,5.23105e-07,1,0,0
25.7204,5.63929,0.168818,0,0.106552,1.43145,0.111927,0.0783292,-0.0360904,-0.996274,0.068536,0.4,0,0,slope_up,0,0.999999,7.77825e-14,1.57736e-10,9.24565e-07,1,0,0
25.7404,5.64333,0.169419,0,0.107234,1.43385,0.110732,0.079011,-0.0293793,-0.996441,0.0690657,0.4,0,0,slope_up,0,1,4.80696e-14,2.48984e-12,1.76574e-07,1,0,0
25.7604,5.64751,0.169446,0,0.109946,1.43605,0.111962,0.0817234,-0.0227703,-0.996395,0.0756607,0.4,0,0,slope_up,0,1,6.32431e-14,1.59181e-12,1.61608e-07,1,0,0
25.7804,5.65143,0.169275,0,0.112278,1.43782,0.11333,0.0840556,-0.0167707,-0.99632,0.0801109,0.4,0,0,slope_up,0,1,1.22371e-13,4.70138e-13,1.31973e-07,1,0,0
25.8004,5.65638,0.169011,0,0.113873,1.43973,0.114137,0.0856507,-0.00810246,-0.996292,0.0837877,0.4,0,0,slope_up,0,1,2.38996e-13,1.1222e-13,8.29391e-08,1,0,0
25.8204,5.66083,0.168728,0,0.114507,1.44118,0.114637,0.0862846,-8.39173e-05,-0.996271,0.083689,0.4,0,0,slope_up,0,1,3.04496e-13,7.38914e-14,8.4936e-08,1,0,0
25.8404,5.66499,0.168281,0,0.115274,1.44227,0.115754,0.0870513,0.00701084,-0.996179,0.0827936,0.4,0,0,slope_up,0,1,3.89471e-13,3.51483e-14,6.24785e-08,1,0,0
25.8604,5.6689,0.167545,0,0.115677,1.44288,0.116624,0.0874544,0.0116908,-0.9961,0.0822244,0.4,0,0,slope_up,0,1,2.6861e-13,1.97986e-14,3.68297e-08,1,0,0
25.8804,5.67275,0.166589,0,0.114683,1.44294,0.115802,0.0864608,0.013025,-0.99617,0.0818799,0.4,0,0,slope_up,0,1,2.01207e-13,1.99573e-14,2.54543e-08,1,0,0
25.9004,5.67661,0.165387,0,0.111708,1.44249,0.112765,0.0834853,0.0124452,-0.996431,0.0819135,0.4,0,0,slope_up,0,1,2.25621e-13,2.36262e-14,2.93711e-08,1,0,0
25.9204,5.68094,0.16441,0,0.104806,1.44264,0.106916,0.0765833,0.0185237,-0.996891,0.0865664,0.4,0,0,slope_up,0,1,4.41271e-13,1.13861e-13,7.6174e-08,1,0,0
25.9404,5.68474,0.163147,0,0.0994645,1.44409,0.102328,0.071242,0.02155,-0.997226,0.083729,0.4,0,0,slope_up,0,1,8.25675e-13,2.29438e-13,1.4408e-07,1,0,0
25.9604,5.68766,0.161293,0,0.0980806,1.44629,0.0999043,0.0698581,0.0164763,-0.997421,0.0786488,0.4,0,0,slope_up,0,1,9.3091e-13,2.18165e-13,3.49363e-08,1,0,0
25.9804,5.69083,0.159859,0,0.0958265,1.4488,0.096639,0.067604,0.00987906,-0.997663,0.0747334,0.4,0,0,slope_up,0,1,9.92352e-13,7.82399e-13,3.5167e-08,1,0,0
26.0005,5.69411,0.159387,0,0.092722,1.45088,0.0928428,0.0644995,0.00147717,-0.997917,0.0660834,0.4,0,0,slope_up,0,1,8.07555e-13,1.947e-13,3.18724e-08,1,0,0
26.0205,5.69798,0.159195,0,0.0927697,1.45302,0.0929263,0.0645472,-0.00663319,-0.997893,0.0619798,0.4,0,0,slope_up,0,1,5.1008e-13,2.96025e-14,1.90575e-08,1,0,0
26.0405,5.70141,0.159179,0,0.0955791,1.45453,0.0963253,0.0673566,-0.01367,-0.997635,0.062567,0.4,0,0,slope_up,0,1,2.72163e-13,1.40914e-14,1.21528e-08,1,0,0
26.0605,5.70508,0.159311,0,0.0991142,1.45573,0.100705,0.0708917,-0.0196075,-0.997291,0.0640519,0.4,0,0,slope_up,0,1,1.51221e-13,5.62277e-14,2.49716e-08,1,0,0
26.0805,5.70906,0.159828,0,0.102223,1.45668,0.105086,0.0740004,-0.0261774,-0.996915,0.0588092,0.4,0,0,slope_up,0,1,2.45029e-13,1.57924e-13,2.40039e-08,1,0,0
26.1005,5.71308,0.160381,0,0.105452,1.45732,0.109732,0.0772292,-0.0321651,-0.996494,0.0566748,0.4,0,0,slope_up,0,1,8.12704e-13,4.28653e-13,3.2374e-08,1,0,0
26.1205,5.71746,0.161036,0,0.108902,1.4578,0.115214,0.0806793,-0.0394141,-0.995961,0.0562541,0.4,0,0,slope_up,0,1,2.21883e-12,3.14679e-12,9.6775e-08,1,0,0
26.1405,5.72141,0.161843,0,0.111725,1.45813,0.120393,0.0835025,-0.0466401,-0.995416,0.0545446,0.4,0,0,slope_up,0,1,3.78155e-12,1.64305e-11,2.43558e-07,1,0,0
26.1605,5.7254,0.162807,0,0.114004,1.45842,0.12525,0.085782,-0.0536298,-0.994869,0.053748,0.4,0,0,slope_up,0,1,2.82314e-12,3.69629e-11,3.49406e-07,1,0,0
26.1805,5.72897,0.16388,0,0.116864,1.45854,0.130571,0.0886414,-0.0599593,-0.994257,0.0535571,0.4,0,0,slope_up,0,1,1.24783e-12,7.40764e-11,4.66365e-07,1,0,0
26.2005,5.73294,0.165418,0,0.119877,1.45835,0.134477,0.0916548,-0.0626166,-0.99382,0.0534531,0.4,0,0,slope_up,0,0.999999,5.31017e-13,1.10244e-10,5.95401e-07,1,0,0
26.2205,5.73707,0.167236,0,0.121977,1.4577,0.135917,0.0937541,-0.0616053,-0.993688,0.0550208,0.4,0,0,slope_up,0,0.999999,2.62345e-13,8.32244e-11,6.25689e-07,1,0,0
26.2405,5.74128,0.168982,0,0.12229,1.4567,0.134831,0.0940674,-0.0584245,-0.99385,0.0553348,0.4,0,0,slope_up,0,0.999999,1.65248e-13,8.53473e-11,7.76286e-07,1,0,0
26.2605,5.74577,0.170227,0,0.118807,1.4568,0.131264,0.0905849,-0.0575085,-0.994227,0.0503631,0.4,0,0,slope_up,0,1,4.65631e-13,9.64413e-11,4.68495e-07,1,0,0
26.2805,5.75028,0.171291,0,0.114787,1.4582,0.125005,0.0865649,-0.0512452,-0.994927,0.0568879,0.4,0,0,slope_up,0,0.999999,2.67695e-13,2.61995e-10,6.89275e-07,1,0,0
26.3005,5.75466,0.172364,0,0.111286,1.46026,0.118303,0.0830632,-0.0419155,-0.995662,0.0635664,0.4,0,0,slope_up,0,0.999999,1.46425e-13,2.19552e-10,8.53745e-07,1,0,0
26.3205,5.75893,0.17336,0,0.110271,1.46268,0.11478,0.0820481,-0.0336068,-0.996062,0.0651992,0.4,0,0,slope_up,0,1,8.60185e-14,2.09833e-11,3.43874e-07,1,0,0
26.3405,5.76312,0.173887,0,0.112645,1.4651,0.115254,0.0844221,-0.0259983,-0.996091,0.0692772,0.4,0,0,slope_up,0,1,7.39727e-14,2.70392e-12,1.60487e-07,1,0,0
26.3605,5.7674,0.173904,0,0.115691,1.46734,0.117187,0.0874681,-0.0200543,-0.995965,0.074705,0.4,0,0,slope_up,0,1,1.36091e-13,1.36364e-12,1.50387e-07,1,0,0
26.3805,5.77228,0.173688,0,0.118655,1.46957,0.11918,0.0904329,-0.0118617,-0.995832,0.0798616,0.4,0,0,slope_up,0,1,3.50892e-13,2.90546e-13,9.31136e-08,1,0,0
26.4005,5.77628,0.173438,0,0.119989,1.47117,0.120147,0.0917661,-0.00459462,-0.99577,0.0820684,0.4,0,0,slope_up,0,1,6.58874e-13,1.21046e-13,7.32905e-08,1,0,0
26.4205,5.78059,0.173114,0,0.120488,1.47266,0.120746,0.0922656,0.00324593,-0.995729,0.0814279,0.4,0,0,slope_up,0,1,7.4961e-13,6.1621e-14,6.03838e-08,1,0,0
26.4405,5.78465,0.172681,0,0.12055,1.4738,0.12129,0.0923275,0.00988692,-0.99568,0.0799707,0.4,0,0,slope_up,0,1,5.83291e-13,3.62283e-14,4.36376e-08,1,0,0
26.4605,5.78841,0.172041,0,0.120248,1.47445,0.12146,0.0920258,0.0139272,-0.995659,0.0793015,0.4,0,0,slope_up,0,1,3.83849e-13,2.68843e-14,2.91721e-08,1,0,0
26.4805,5.79195,0.171135,0,0.119015,1.47453,0.12027,0.0907923,0.014201,-0.995769,0.0790229,0.4,0,0,slope_up,0,1,2.4703e-13,2.86279e-14,2.01183e-08,1,0,0
26.5005,5.79578,0.170011,0,0.114425,1.47417,0.115683,0.0862027,0.0140349,-0.996179,0.0818233,0.4,0,0,slope_up,0,1,2.52774e-13,2.06826e-14,1.74191e-08,1,0,0
26.5205,5.80026,0.169047,0,0.105166,1.47435,0.107235,0.076944,0.018338,-0.996867,0.0868086,0.4,0,0,slope_up,0,1,3.11769e-13,2.18121e-13,8.42242e-08,1,0,0
26.5405,5.80375,0.167871,0,0.100184,1.47573,0.102718,0.0719617,0.0201617,-0.997204,0.0830886,0.4,0,0,slope_up,0,1,7.73629e-13,3.37104e-13,1.17787e-07,1,0,0
26.5605,5.80643,0.166133,0,0.0986977,1.47794,0.100395,0.0704752,0.0158412,-0.997388,0.0793066,0.4,0,0,slope_up,0,1,1.07273e-12,4.74883e-13,4.31006e-08,1,0,0
26.5805,5.80957,0.164795,0,0.0958762,1.48048,0.0964881,0.0676537,0.00815678,-0.997676,0.0712829,0.4,0,0,slope_up,0,1,1.19822e-12,1.72648e-12,4.59919e-08,1,0,0
26.6005,5.81299,0.16405,0,0.0935469,1.48284,0.0936315,0.0653244,0.000346521,-0.997864,0.0669317,0.4,0,0,slope_up,0,1,1.51789e-12,3.3968e-13,2.31783e-08,1,0,0
26.6205,5.81636,0.163642,0,0.0941557,1.48488,0.0943181,0.0659332,-0.00673816,-0.997801,0.0690444,0.4,0,0,slope_up,0,1,2.92063e-13,5.61331e-14,4.98449e-08,1,0,0
26.6405,5.81975,0.163715,0,0.0970856,1.48662,0.0980142,0.0688631,-0.0151802,-0.997511,0.0653455,0.4,0,0,slope_up,0,1,1.53476e-13,3.12499e-14,3.00267e-08,1,0,0
26.6605,5.82338,0.164009,0,0.100469,1.48803,0.102503,0.0722461,-0.0221166,-0.997142,0.0647478,0.4,0,0,slope_up,0,1,1.57781e-13,1.49655e-14,1.03e-08,1,0,0
26.6805,5.82719,0.164429,0,0.103677,1.4891,0.107198,0.0754549,-0.0290675,-0.996725,0.0639107,0.4,0,0,slope_up,0,1,2.58433e-13,1.29572e-13,2.47063e-08,1,0,0
26.7005,5.83099,0.165043,0,0.107002,1.48984,0.112224,0.0787792,-0.0356478,-0.996255,0.0611913,0.4,0,0,slope_up,0,1,7.44963e-13,7.46323e-13,4.92588e-08,1,0,0
26.7205,5.83401,0.16563,0,0.109942,1.49024,0.117095,0.081719,-0.0420984,-0.995766,0.0597137,0.4,0,0,slope_up,0,1,1.82874e-12,2.52355e-12,9.0181e-08,1,0,0
26.7405,5.8385,0.166649,0,0.112428,1.49067,0.121952,0.0842058,-0.0490236,-0.995242,0.058555,0.4,0,0,slope_up,0,1,3.01332e-12,1.27779e-11,2.24314e-07,1,0,0
26.7605,5.84224,0.167674,0,0.114667,1.49093,0.126845,0.0864449,-0.0559849,-0.994682,0.0577464,0.4,0,0,slope_up,0,1,2.5064e-12,3.47199e-11,3.64172e-07,1,0,0
26.7805,5.84599,0.168931,0,0.117085,1.49102,0.131403,0.0888622,-0.0613646,-0.994152,0.057524,0.4,0,0,slope_up,0,1,1.2079e-12,6.53737e-11,4.64491e-07,1,0,0
26.8005,5.84975,0.170509,0,0.119695,1.49079,0.134605,0.091472,-0.063256,-0.993797,0.0572892,0.4,0,0,slope_up,0,0.999999,5.04486e-13,8.87482e-11,5.52092e-07,1,0,0
26.8205,5.85368,0.172366,0,0.12154,1.49013,0.135511,0.0933179,-0.0615793,-0.99373,0.0579701,0.4,0,0,slope_up,0,0.999999,2.47908e-13,6.89379e-11,5.72378e-07,1,0,0
26.8405,5.85723,0.174155,0,0.122151,1.4891,0.133714,0.0939285,-0.0560344,-0.994001,0.0584475,0.4,0,0,slope_up,0,0.999999,1.65667e-13,6.67291e-11,6.64808e-07,1,0,0
26.8605,5.86164,0.175153,0,0.118607,1.48892,0.131004,0.0903846,-0.0573251,-0.994256,0.0553297,0.4,0,0,slope_up,0,1,4.77542e-13,7.1474e-11,3.78347e-07,1,0,0
26.8805,5.86656,0.176297,0,0.112532,1.49025,0.123721,0.0843096,-0.0531934,-0.995019,0.0567921,0.4,0,0,slope_up,0,0.999999,3.67256e-13,1.25531e-10,8.16101e-07,1,0,0
26.9005,5.87102,0.17742,0,0.107311,1.49226,0.115331,0.0790887,-0.0440952,-0.995892,0.0629078,0.4,0,0,slope_up,0,0.999999,1.05446e-13,1.24072e-10,7.29737e-07,1,0,0
26.9205,5.87496,0.178551,0,0.106752,1.49473,0.11172,0.07853,-0.0347571,-0.996306,0.063933,0.4,0,0,slope_up,0,1,7.05105e-14,6.82875e-12,2.22282e-07,1,0,0
26.9405,5.87921,0.179218,0,0.107823,1.49728,0.110604,0.0796005,-0.0263658,-0.996478,0.0687314,0.4,0,0,slope_up,0,1,4.21753e-14,3.18434e-12,1.93136e-07,1,0,0
26.9605,5.88358,0.179486,0,0.110376,1.4996,0.111805,0.0821537,-0.0193336,-0.996432,0.0726983,0.4,0,0,slope_up,0,1,5.77657e-14,1.53527e-12,1.69378e-07,1,0,0
26.9805,5.8886,0.179589,0,0.112526,1.50176,0.113053,0.0843031,-0.0119187,-0.996369,0.0734605,0.4,0,0,slope_up,0,1,9.26762e-14,2.64236e-13,9.29036e-08,1,0,0
27.0005,5.89284,0.179424,0,0.11334,1.50341,0.113537,0.0851175,-0.00668282,-0.996349,0.0703618,0.4,0,0,slope_up,0,1,1.23792e-13,4.58715e-14,5.52687e-08,1,0,0
27.0205,5.89764,0.178979,0,0.112843,1.50539,0.112957,0.0846206,-0.00358623,-0.996407,0.0667534,0.4,0,0,slope_up,0,1,2.73586e-13,3.68353e-14,4.18207e-08,1,0,0
27.0405,5.90258,0.178472,0,0.110859,1.50746,0.110967,0.0826366,-0.000721584,-0.996579,0.0624588,0.4,0,0,slope_up,0,1,4.00945e-13,3.98443e-14,3.11813e-08,1,0,0
27.0605,5.90771,0.177951,0,0.107336,1.50942,0.10747,0.0791133,0.00102226,-0.996865,0.0575124,0.4,0,0,slope_up,0,1,3.08755e-13,3.68336e-14,1.96896e-08,1,0,0
27.0805,5.91272,0.177361,0,0.10399,1.51099,0.104073,0.0757673,-0.0010935,-0.997125,0.0512543,0.4,0,0,slope_up,0,1,3.07779e-13,1.17308e-13,2.03499e-08,1,0,0
27.1005,5.91809,0.176651,0,0.0988078,1.51193,0.098914,0.0705853,-0.00509324,-0.997493,0.0467259,0.4,0,0,slope_up,0,1,2.61064e-13,9.65264e-14,1.46072e-08,1,0,0
27.1205,5.92422,0.176348,0,0.0899185,1.51278,0.0899915,0.061696,-0.00449842,-0.998085,0.0470979,0.4,0,0,slope_up,0,1,6.66699e-13,1.2834e-12,5.72669e-08,1,0,0
27.1405,5.93021,0.176457,0,0.0825215,1.51365,0.0825784,0.054299,-8.55474e-05,-0.998525,0.0415277,0.4,0,0,slope_up,0,1,1.44743e-12,6.51307e-12,1.76894e-07,1,0,0
27.1605,5.93558,0.176306,0,0.0800264,1.51446,0.0800548,0.0518039,-0.00172784,-0.998656,0.0321752,0.4,0,0,slope_up,0,1,1.10395e-12,1.22076e-12,6.16021e-08,1,0,0
27.1805,5.94116,0.176093,0,0.0791292,1.51526,0.0791983,0.0509067,-0.00480829,-0.998692,0.0303488,0.4,0,0,slope_up,0,1,9.92466e-13,2.42577e-13,3.28094e-08,1,0,0
27.2005,5.94665,0.176099,0,0.0784166,1.51587,0.0786965,0.0501941,-0.00849215,-0.998703,0.0298758,0.4,0,0,slope_up,0,1,9.96563e-13,5.14611e-13,1.50627e-07,1,0,0
27.2205,5.95235,0.176379,0,0.0788604,1.51625,0.0797576,0.0506379,-0.0139242,-0.99862,0.0272781,0.4,0,0,slope_up,0,1,1.2563e-12,3.83215e-13,1.1166e-07,1,0,0
27.2405,5.95962,0.176897,0,0.0797184,1.51626,0.0813531,0.0514959,-0.0182538,-0.998506,0.0272478,0.4,0,0,slope_up,0,1,2.25141e-12,4.80396e-13,1.1036e-07,1,0,0
27.2605,5.96718,0.177792,0,0.0809373,1.51606,0.0831552,0.0527148,-0.0211104,-0.998386,0.0293527,0.4,0,0,slope_up,0,1,4.7362e-12,1.66763e-12,1.34071e-07,1,0,0
27.2805,5.97396,0.179097,0,0.083382,1.51605,0.0859834,0.0551595,-0.0230084,-0.998212,0.0288294,0.4,0,0,slope_up,0,1,1.62475e-11,1.45603e-11,2.40529e-07,1,0,0
27.3005,5.9806,0.180561,0,0.0868924,1.51612,0.0906312,0.0586699,-0.0277717,-0.997891,0.0263907,0.4,0,0,slope_up,0,1,6.0975e-11,9.65878e-11,4.15641e-07,1,0,0
27.3205,5.98786,0.182304,0,0.0911854,1.51613,0.0967896,0.0629629,-0.0344448,-0.997421,0.0253295,0.4,0,0,slope_up,0,0.999999,2.6927e-10,1.4554e-09,1.41458e-06,1,0,0
27.3405,5.99313,0.183714,0,0.0948073,1.51603,0.101775,0.0665848,-0.0389744,-0.997019,0.0248341,0.4,0,0,slope_up,0,0.999995,5.50955e-10,1.43026e-08,4.90582e-06,1,0,0
27.3605,6.00036,0.185883,0,0.10072,1.51572,0.109113,0.0724978,-0.0438782,-0.996403,0.0240663,0.4,0,0,slope_up,0,0.999992,4.33181e-10,3.95099e-08,7.88847e-06,1,0,0
27.3805,6.00711,0.188128,0,0.106266,1.51519,0.115294,0.0780434,-0.0465799,-0.995861,0.0241666,0.4,0,0,slope_up,0,0.999991,2.44374e-10,5.91449e-08,8.66502e-06,1,0,0
27.4005,6.01329,0.190412,0,0.11142,1.51441,0.119992,0.0831976,-0.0463264,-0.995456,0.025352,0.4,0,0,slope_up,0,0.999992,1.43098e-10,4.13123e-08,8.02123e-06,1,0,0
27.4205,6.02032,0.193385,0,0.116028,1.51286,0.122252,0.0878059,-0.0402049,-0.995326,0.0288531,0.4,0,0,slope_up,0,0.99999,1.63059e-10,5.15252e-08,1.01812e-05,1,0,0
27.4405,6.0285,0.196536,0,0.116584,1.51094,0.12038,0.0883615,-0.0316008,-0.995587,0.0274657,0.4,0,0,slope_up,0,0.999987,4.24668e-10,5.72018e-08,1.30757e-05,1,0,0
27.4605,6.03735,0.19924,0,0.111483,1.50921,0.11349,0.0832606,-0.0228291,-0.996266,0.0247425,0.4,0,0,slope_up,0,0.999931,5.01291e-08,6.58721e-07,6.8811e-05,1,0,0
27.4805,6.04479,0.200866,0,0.10689,1.5075,0.107669,0.0786671,-0.0143528,-0.996798,0.0299767,0.4,0,0,slope_up,0,0.999797,1.02522e-06,4.97305e-06,0.000197383,1,0,0
27.5005,6.05163,0.201582,0,0.106241,1.50684,0.107482,0.0780183,-0.017869,-0.996792,0.0279609,0.4,0,0,slope_up,0,0.999947,7.39573e-08,2.14009e-06,5.05704e-05,1,0,0
27.5205,6.05945,0.202715,0,0.110053,1.50752,0.110972,0.0818305,-0.0156266,-0.996524,0.0249934,0.4,0,0,slope_up,0,0.999984,1.02977e-08,5.55278e-07,1.56175e-05,1,0,0
27.5405,6.06708,0.20385,0,0.112647,1.50899,0.112848,0.0844241,-0.0068141,-0.996407,0.0265795,0.4,0,0,slope_up,0,0.999978,1.23845e-09,4.38358e-06,1.7192e-05,1,0,0
27.5605,6.07493,0.20478,0,0.11444,1.51053,0.114585,0.0862175,0.000596097,-0.996276,0.0277701,0.4,0,0,slope_up,0,0.999933,1.54607e-09,1.75407e-05,4.94535e-05,1,0,0
27.5805,6.0829,0.20552,0,0.115506,1.51184,0.116007,0.0872832,0.00726401,-0.996157,0.0322666,0.4,0,0,slope_up,0,0.999889,3.06167e-09,1.19047e-05,9.93583e-05,1,0,0
27.6005,6.09012,0.206158,0,0.115445,1.51275,0.116476,0.0872224,0.012372,-0.996112,0.03498,0.4,0,0,slope_up,0,0.999754,3.47001e-09,2.47992e-05,0.000220925,1,0,0
27.6205,6.09896,0.206992,0,0.113943,1.51353,0.115744,0.0857204,0.017498,-0.996166,0.0328097,0.4,0,0,slope_up,0,0.999516,2.36116e-09,4.78095e-05,0.000436211,1,0,0
27.6405,6.10677,0.207669,0,0.112686,1.51396,0.115296,0.0844631,0.0216754,-0.996191,0.0293784,0.4,0,0,slope_up,0,0.999517,2.46078e-09,1.33126e-05,0.000469598,1,0,0
27.6605,6.11426,0.208032,0,0.112255,1.51402,0.115494,0.0840323,0.0244893,-0.996162,0.0286874,0.4,0,0,slope_up,0,0.999203,2.98282e-09,3.47081e-05,0.000762707,1,0,0
27.6805,6.12181,0.208037,0,0.110763,1.5136,0.114363,0.0825402,0.0258439,-0.996253,0.0276454,0.4,0,0,slope_up,0,0.998947,3.79117e-09,7.4969e-05,0.000978246,1,0,0
27.7005,6.12983,0.207428,0,0.106809,1.51284,0.110611,0.0785865,0.0261961,-0.996563,0.0293899,0.4,0,0,slope_up,0,0.998691,7.00814e-09,5.92436e-05,0.00125012,1,0,0
27.7205,6.13835,0.206248,0,0.101278,1.51204,0.105062,0.0730552,0.0254645,-0.997003,0.0375516,0.4,0,0,slope_up,0,0.996092,1.57026e-08,0.000639679,0.00326823,1,0,0
27.7405,6.14615,0.205066,0,0.0989938,1.5113,0.101467,0.0707713,0.0197666,-0.997297,0.0407332,0.4,0,0,slope_up,0,0.972638,7.62694e-08,0.0236504,0.00371177,1,0,0
27.7605,6.15472,0.203919,0,0.0966891,1.51003,0.0972394,0.0684666,0.00758622,-0.997625,0.0400011,0.4,0,0,slope_up,0,0.844863,3.81339e-07,0.153097,0.00203902,1,0,0
27.7805,6.16283,0.203719,0,0.0939556,1.50911,0.0947362,0.0657331,0.00954111,-0.997792,0.0463117,0.4,0,0,slope_up,0,0.86327,4.78975e-07,0.134775,0.00195441,1,0,0
27.8005,6.16981,0.203946,0,0.094259,1.50947,0.0957727,0.0660365,0.0144698,-0.997712,0.0482824,0.4,0,0,slope_up,0,0.564309,6.18832e-07,0.425464,0.010226,1,0,0
27.8205,6.1772,0.203848,0,0.0978794,1.51075,0.0987496,0.0696569,0.0104261,-0.997517,0.0440869,0.4,0,0,slope_up,0,0.816384,2.43914e-06,0.177739,0.00587407,1,0,0
27.8405,6.18472,0.20377,0,0.10179,1.51238,0.10198,0.0735674,0.00275523,-0.997286,0.0440007,0.4,0,0,slope_up,0,0.958085,4.56608e-06,0.0381317,0.00377853,1,0,0
27.8605,6.19227,0.204195,0,0.105274,1.51379,0.105398,0.0770515,-0.00519089,-0.997014,0.0439327,0.4,0,0,slope_up,0,0.937597,8.91793e-06,0.0592461,0.00314778,1,0,0
27.8805,6.20025,0.20523,0,0.109354,1.51491,0.110039,0.0811318,-0.0135349,-0.996611,0.043355,0.4,0,0,slope_up,0,0.840516,2.09265e-05,0.156372,0.00309133,1,0,0
27.9005,6.20581,0.206299,0,0.112302,1.51547,0.113701,0.0840792,-0.0192458,-0.996273,0.0438517,0.4,0,0,slope_up,0,0.615724,5.92152e-05,0.380558,0.0036586,1,0,0
27.9205,6.2131,0.208235,0,0.116161,1.51601,0.118948,0.0879388,-0.0271512,-0.995756,0.0439656,0.4,0,0,slope_up,0,0.205856,0.000126103,0.791502,0.00251615,1,0,0
27.9405,6.21879,0.21014,0,0.119838,1.51626,0.124231,0.0916156,-0.0343143,-0.995203,0.0445092,0.4,0,0,slope_up,0,0.0869301,9.84907e-05,0.911808,0.00116343,1,0,0
27.9605,6.22544,0.212863,0,0.124393,1.51634,0.130195,0.0961706,-0.039963,-0.994562,0.0457972,0.4,0,0,slope_up,0,0.0450114,4.295e-05,0.9543,0.000645984,1,0,0
27.9805,6.23209,0.216229,0,0.128813,1.51595,0.135175,0.10059,-0.0424333,-0.994023,0.0479562,0.4,0,0,slope_up,0,0.0263917,1.21085e-05,0.97318,0.00041609,1,0,0
28.0005,6.23712,0.219004,0,0.131798,1.51527,0.137731,0.103575,-0.0413552,-0.993761,0.0519083,0.4,0,0,flat,0,0.0212014,3.92549e-06,0.97849,0.000304872,0.9,0,0.1
28.0205,6.2442,0.223454,0,0.134185,1.51356,0.137998,0.105962,-0.0333896,-0.993809,0.0558669,0.4,0,0,flat,0,0.0219531,1.57653e-06,0.977785,0.000260401,0.8,0,0.2
28.0405,6.25135,0.227691,0,0.132734,1.5117,0.135256,0.104512,-0.027039,-0.994156,0.0504336,0.4,0,0,flat,0,0.0209757,1.86261e-06,0.978835,0.000187595,0.7,0,0.3
28.0605,6.25903,0.231964,0,0.128282,1.51019,0.129973,0.100059,-0.0219118,-0.99474,0.0408514,0.4,0,0,flat,0,0.0159503,1.73744e-06,0.983877,0.000170809,0.6,0,0.4
28.0805,6.26681,0.236596,0,0.124053,1.5089,0.124777,0.0958308,-0.0140649,-0.995298,0.03509,0.4,0,0,flat,0,0.0114537,1.06962e-06,0.988442,0.000103745,0.5,0,0.5
28.1005,6.27392,0.241228,0,0.121097,1.50775,0.1213,0.0928749,-0.00612099,-0.995659,0.030655,0.4,0,0,flat,0,0.00738536,3.14321e-07,0.992559,5.53431e-05,0.4,0,0.6
28.1205,6.283,0.247464,0,0.115997,1.50595,0.116372,0.0877741,0.0055675,-0.996125,0.0215254,0.4,0,0,flat,0,0.00498611,1.09552e-07,0.99497,4.38567e-05,0.3,0,0.7
28.1405,6.29185,0.253105,0,0.109543,1.50406,0.110764,0.0813209,0.013547,-0.996596,0.0136156,0.4,0,0,flat,0,0.00249848,9.37249e-08,0.997462,3.96454e-05,0.2,0,0.8
28.1605,6.30005,0.257229,0,0.1047,1.50301,0.106062,0.0764774,0.0142404,-0.99697,0.0161266,0.4,0,0,flat,0,0.00213277,1.5095e-08,0.997806,6.17916e-05,0.1,0,0.9
28.1805,6.30984,0.261908,0,0.101042,1.50281,0.102479,0.0728194,0.0144831,-0.99724,0.0184151,0.4,0,0,flat,0,0.000576071,1.93181e-09,0.999379,4.50759e-05,0,0,1
28.2005,6.31896,0.266127,0,0.096861,1.50386,0.0989616,0.0686385,0.0177956,-0.997483,0.0181951,0.4,0,0,flat,0,0.000703384,1.71143e-09,0.999205,9.18272e-05,0,0,1
28.2205,6.3284,0.270121,0,0.0924185,1.50553,0.0957041,0.064196,0.022469,-0.997684,0.0176036,0.4,0,0,flat,0,0.000379398,8.30841e-10,0.99956,6.06551e-05,0,0,1
28.2405,6.33793,0.273763,0,0.0897329,1.50717,0.0940608,0.0615104,0.0258517,-0.997772,0.0152112,0.4,0,0,flat,0,0.000256743,1.07796e-09,0.999676,6.67972e-05,0,0,1
28.2605,6.34741,0.276958,0,0.0892541,1.50848,0.0939389,0.0610316,0.02695,-0.997772,0.00963713,0.4,0,0,flat,0,0.000129976,1.44827e-09,0.999793,7.64854e-05,0,0,1
28.2805,6.35665,0.279312,0,0.0905964,1.50942,0.0941059,0.0623739,0.0230895,-0.997786,0.00458094,0.4,0,0,flat,0,3.10997e-05,2.53033e-09,0.999887,8.14874e-05,0,0,1
28.3005,6.3662,0.281033,0,0.0899771,1.51015,0.091529,0.0617546,0.0143519,-0.997988,-0.000524962,0.4,0,0,flat,0,1.15361e-05,1.88331e-08,0.999869,0.000119798,0,0,1
28.3205,6.37622,0.282501,0,0.0857137,1.51064,0.0861706,0.0574912,0.00632378,-0.998326,-0.00149004,0.4,0,0,flat,0,1.77396e-05,4.10099e-07,0.999671,0.000311257,0,0,1
28.3405,6.38642,0.283954,0,0.0789633,1.51077,0.0790286,0.0507408,-0.00467927,-0.998701,0.00480333,0.4,0,0,flat,0,9.75062e-05,4.18175e-06,0.998436,0.00146238,0,0,1
28.3605,6.39721,0.286037,0,0.0692126,1.51066,0.0701197,0.0409901,-0.0133172,-0.999071,0.0102565,0.4,0,0,flat,0,1.20362e-05,8.9895e-08,0.999848,0.000139486,0,0,1
28.3805,6.407,0.288695,0,0.065497,1.50993,0.0668678,0.0372745,-0.015574,-0.999184,0.000260826,0.4,0,0,flat,0,7.76599e-06,1.08269e-08,0.99997,2.2296e-05,0,0,1
28.4005,6.41594,0.290641,0,0.0662443,1.50908,0.0673017,0.0380219,-0.0139801,-0.999179,-0.000953186,0.4,0,0,flat,0,2.3595e-05,2.22697e-09,0.999964,1.19264e-05,0,0,1
28.4205,6.42488,0.291512,0,0.0667405,1.50827,0.0688153,0.038518,-0.0188836,-0.999079,0.00573333,0.4,0,0,flat,0,2.75204e-06,2.56245e-10,0.999996,1.1213e-06,0,0,1
28.4405,6.43413,0.292379,0,0.0663963,1.50762,0.0707768,0.0381738,-0.0266364,-0.998916,0.00637819,0.4,0,0,flat,0,3.87944e-07,1.30813e-10,0.999999,2.35692e-07,0,0,1
28.4605,6.4431,0.293631,0,0.0674757,1.50716,0.0737642,0.0392532,-0.0319263,-0.998719,0.0041014,0.4,0,0,flat,0,1.21612e-06,3.80321e-10,0.999998,6.75514e-07,0,0,1
28.4805,6.45207,0.2948,0,0.0685499,1.5069,0.0780723,0.0403274,-0.0394815,-0.998406,0.00219897,0.4,0,0,flat,0,4.4657e-06,2.94516e-09,0.999992,3.49214e-06,0,0,1
28.5005,6.46009,0.295994,0,0.0694373,1.50679,0.0821589,0.0412148,-0.0460224,-0.99809,0.00171917,0.4,0,0,flat,0,6.0672e-06,1.76514e-08,0.999988,6.33794e-06,0,0,1
28.5205,6.46981,0.297872,0,0.0707621,1.50685,0.0852298,0.0425396,-0.049604,-0.997863,0.00428273,0.4,0,0,flat,0,9.89261e-06,7.05106e-08,0.999981,9.11039e-06,0,0,1
28.5405,6.47786,0.299904,0,0.0716314,1.50719,0.0871252,0.0434089,-0.0516881,-0.997719,0.00586964,0.4,0,0,flat,0,1.27646e-05,1.82859e-07,0.999978,9.33101e-06,0,0,1
28.5605,6.48767,0.303319,0,0.0735372,1.50794,0.0876361,0.0453147,-0.0497571,-0.997733,0.0101281,0.4,0,0,flat,0,1.30272e-05,2.72896e-07,0.99998,6.69255e-06,0,0,1
28.5805,6.49676,0.307297,0,0.075017,1.50864,0.0861616,0.0467945,-0.0444708,-0.997914,0.0153173,0.4,0,0,flat,0,1.10003e-05,4.59284e-07,0.999985,4.10022e-06,0,0,1
28.6005,6.50511,0.311655,0,0.0756301,1.50891,0.0836895,0.0474076,-0.0379227,-0.998155,0.015426,0.4,0,0,flat,0,6.57875e-06,2.07577e-07,0.99999,3.06068e-06,0,0,1
28.6205,6.51584,0.318307,0,0.0725186,1.50732,0.0741602,0.0442961,-0.017597,-0.998863,0.00837648,0.4,0,0,flat,0,4.56977e-06,4.44543e-07,0.999992,2.87321e-06,0,0,1
28.6405,6.52609,0.32262,0,0.066768,1.50583,0.068226,0.0385455,-0.0161311,-0.999127,0.00964663,0.4,0,0,flat,0,5.94051e-06,2.60485e-07,0.999991,2.83701e-06,0,0,1
28.6605,6.53633,0.326285,0,0.0573623,1.50535,0.0600488,0.0291398,-0.0199029,-0.999377,0.012485,0.4,0,0,flat,0,9.24756e-06,2.28559e-07,0.999958,3.22318e-05,0,0,1
28.6805,6.54577,0.330062,0,0.0483818,1.50553,0.0498995,0.0201593,-0.0143641,-0.999694,0.0179604,0.4,0,0,flat,0,4.52936e-05,1.86753e-06,0.999875,7.80266e-05,0,0,1
28.7005,6.55481,0.333497,0,0.0393834,1.50602,0.0398103,0.0111609,-0.0079744,-0.999906,0.0206229,0.4,0,0,flat,0,6.23342e-05,4.38394e-07,0.99991,2.68942e-05,0,0,1
28.7205,6.56329,0.336411,0,0.0323578,1.50628,0.033131,0.00413532,-0.00926577,-0.999949,0.0134309,0.4,0,0,flat,0,3.96082e-05,1.31045e-07,0.999947,1.33736e-05,0,0,1
28.7405,6.57145,0.338679,0,0.0272272,1.5064,0.0283107,-0.000995265,-0.00992301,-0.99995,0.0122665,0.4,0,0,flat,0,3.62796e-05,1.86185e-07,0.999953,1.02582e-05,0,0,1
28.7605,6.57866,0.340205,0,0.0237844,1.5065,0.0246286,-0.00443805,-0.00854532,-0.999954,0.0150021,0.4,0,0,flat,0,1.24105e-05,1.66013e-07,0.99998,7.47043e-06,0,0,1
28.7805,6.58807,0.341781,0,0.0206809,1.50663,0.0212336,-0.0075416,-0.00696728,-0.999947,0.0134986,0.4,0,0,flat,0,3.82075e-06,1.26504e-07,0.999991,4.86636e-06,0,0,1
28.8005,6.5948,0.342664,0,0.0195092,1.50668,0.0197983,-0.00871331,-0.00551302,-0.999947,0.00931956,0.4,0,0,flat,0,1.32829e-06,1.00739e-07,0.999997,1.34079e-06,0,0,1
28.8205,6.60203,0.343135,0,0.0194383,1.50657,0.0196533,-0.00878425,-0.00503847,-0.999949,0.00759057,0.4,0,0,flat,0,2.71559e-07,2.97961e-08,0.999999,2.06859e-07,0,0,1
28.8405,6.60927,0.343124,0,0.0190039,1.50619,0.0192549,-0.00921862,-0.00523265,-0.999944,0.00634698,0.4,0,0,flat,0,8.71098e-08,1.29015e-08,1,4.51437e-08,0,0,1
28.8605,6.61575,0.342627,0,0.0187101,1.50563,0.0191089,-0.00951238,-0.00603294,-0.999937,0.00607273,0.4,0,0,flat,0,4.36704e-08,6.85021e-09,1,1.4597e-08,0,0,1
28.8805,6.6235,0.341301,0,0.0193383,1.50458,0.0203653,-0.00888419,-0.00855163,-0.999924,0.00561412,0.4,0,0,flat,0,2.7704e-08,5.55243e-09,1,8.47749e-09,0,0,1
28.9005,6.62998,0.33961,0,0.0189048,1.50346,0.0200496,-0.00931766,-0.0088452,-0.999917,0.00935216,0.4,0,0,flat,0,2.52096e-08,7.09588e-09,1,9.5899e-09,0,0,1
28.9205,6.63762,0.337981,0,0.0162961,1.50295,0.0163193,-0.0119264,-0.00138969,-0.999928,0.0127558,0.4,0,0,flat,0,6.17844e-08,1.70502e-08,1,7.78994e-08,0,0,1
28.9405,6.64564,0.336556,0,0.0172308,1.50415,0.018864,-0.0109917,0.00549506,-0.999924,0.00126598,0.4,0,0,flat,0,3.19781e-08,1.81684e-08,1,5.90337e-08,0,0,1
28.9605,6.65081,0.335287,0,0.0207599,1.50535,0.0218807,-0.0074626,0.00471785,-0.999961,-0.00149112,0.4,0,0,flat,0,2.20809e-08,8.30637e-08,1,4.13815e-08,0,0,1
28.9805,6.65638,0.334697,0,0.0209613,1.50631,0.0213428,-0.00726124,0.00180721,-0.999972,-0.00506563,0.4,0,0,flat,0,1.55035e-08,6.94655e-08,1,4.17386e-08,0,0,1
29.0005,6.66346,0.334714,0,0.0179786,1.50698,0.0179873,-0.0102439,-0.00227154,-0.999945,-0.0107048,0.4,0,0,flat,0,1.00382e-08,4.32753e-08,1,5.13358e-08,0,0,1
29.0205,6.66941,0.335085,0,0.0163914,1.50707,0.0164394,-0.0118311,-0.00339159,-0.999924,-0.0129605,0.4,0,0,flat,0,8.80828e-09,3.6373e-08,1,7.18459e-08,0,0,1
29.0405,6.67492,0.335598,0,0.0169966,1.50698,0.0170096,-0.0112259,-0.00265594,-0.999933,-0.0134971,0.4,0,0,flat,0,6.87696e-09,2.69266e-08,1,5.38153e-08,0,0,1
29.0605,6.68039,0.336251,0,0.0183478,1.50696,0.0183579,-0.00987469,-0.00252986,-0.999948,-0.0150901,0.4,0,0,flat,0,4.36659e-09,1.64636e-08,1,3.05661e-08,0,0,1
29.0805,6.68586,0.336996,0,0.0201629,1.50711,0.0202007,-0.00805962,-0.00333197,-0.999962,-0.0162455,0.4,0,0,flat,0,3.02654e-09,2.27101e-08,1,2.71716e-08,0,0,1
29.1005,6.6913,0.337852,0,0.0223308,1.50741,0.0225673,-0.00589166,-0.00541724,-0.999968,-0.0167803,0.4,0,0,flat,0,2.93056e-09,7.70535e-08,1,4.31469e-08,0,0,1
29.1205,6.6968,0.338999,0,0.0244208,1.50779,0.0251697,-0.00380173,-0.00825386,-0.999959,-0.0174238,0.4,0,0,flat,0,4.29331e-09,4.02085e-07,1,1.05712e-07,0,0,1
29.1405,6.70216,0.340574,0,0.0274523,1.50809,0.0286789,-0.000770165,-0.0104607,-0.999945,-0.0179795,0.4,0,0,flat,0,8.00734e-09,2.49112e-06,0.999997,3.75324e-07,0,0,1
29.1605,6.70718,0.342704,0,0.0320305,1.50807,0.0330986,0.00380796,-0.0104956,-0.999938,-0.0193808,0.4,0,0,flat,0,2.16961e-08,1.87632e-05,0.99998,1.59557e-06,0,0,1
29.1805,6.71206,0.345365,0,0.0364081,1.50759,0.036805,0.00818558,-0.00753323,-0.999938,-0.020814,0.4,0,0,flat,0,5.83475e-08,0.000123666,0.99987,6.01895e-06,0,0,1
29.2005,6.7172,0.348658,0,0.0381038,1.50638,0.0381399,0.00988133,-0.000653648,-0.999951,-0.0233512,0.4,0,0,flat,0,1.04185e-07,0.000358208,0.999625,1.66979e-05,0,0,1
29.2205,6.72284,0.351454,0,0.0351823,1.5053,0.0352089,0.00695983,-0.000930142,-0.999975,-0.0238756,0.4,0,0,flat,0,1.3446e-07,0.000467461,0.999504,2.80875e-05,0,0,1
29.2405,6.72899,0.353484,0,0.028923,1.50554,0.0291797,0.000700548,-0.00599685,-0.999982,-0.018998,0.4,0,0,flat,0,2.24138e-07,0.000252883,0.999697,4.9464e-05,0,0,1
29.2605,6.73457,0.355837,0,0.0259403,1.50634,0.0259463,-0.00228223,-0.00254987,-0.999994,-0.0129514,0.4,0,0,flat,0,2.59524e-07,3.04677e-05,0.999954,1.52863e-05,0,0,1
29.2805,6.74028,0.358346,0,0.0238927,1.50737,0.0249413,-0.00432977,0.00496314,-0.999978,-0.00762202,0.4,0,0,flat,0,3.33825e-07,5.08451e-06,0.99999,5.05637e-06,0,0,1
29.3005,6.74613,0.360579,0,0.0225392,1.50825,0.0251791,-0.00568327,0.0090375,-0.999943,-0.00624854,0.4,0,0,flat,0,2.07356e-07,6.57666e-07,0.999997,1.84187e-06,0,0,1
29.3205,6.75279,0.362481,0,0.0208058,1.50879,0.0235395,-0.00741666,0.00882395,-0.999934,-0.00665034,0.4,0,0,flat,0,1.72082e-07,1.13574e-06,0.999997,1.29407e-06,0,0,1
29.3405,6.75852,0.363614,0,0.0187085,1.50913,0.0216699,-0.00951402,0.00874976,-0.999916,-0.00564659,0.4,0,0,flat,0,1.45479e-07,1.78207e-06,0.999997,8.37582e-07,0,0,1
29.3605,6.76507,0.364518,0,0.016231,1.50953,0.0203066,-0.0119915,0.0100229,-0.999878,-0.00367822,0.4,0,0,flat,0,1.59444e-07,2.02617e-06,0.999997,8.18671e-07,0,0,1
29.3805,6.77165,0.364965,0,0.0148776,1.50979,0.0209965,-0.0133449,0.0126333,-0.999831,0.00125835,0.4,0,0,flat,0,1.42854e-07,3.11295e-06,0.999996,7.17158e-07,0,0,1
29.4005,6.77776,0.365034,0,0.0141718,1.50986,0.0219242,-0.0140507,0.0145467,-0.999795,0.004323,0.4,0,0,flat,0,8.72161e-08,2.86356e-06,0.999997,4.10622e-07,0,0,1
29.4205,6.78538,0.364783,0,0.0150449,1.50973,0.0235522,-0.0131776,0.0159401,-0.999786,0.00608498,0.4,0,0,flat,0,3.84804e-08,1.81918e-06,0.999998,1.84067e-07,0,0,1
29.4405,6.79261,0.364108,0,0.0169573,1.50936,0.0255505,-0.0112652,0.0169332,-0.999793,0.00844103,0.4,0,0,flat,0,1.67775e-08,1.01785e-06,0.999999,8.81051e-08,0,0,1
29.4605,6.8,0.362825,0,0.0201344,1.50854,0.0267205,-0.00808814,0.0153868,-0.999849,0.0091208,0.4,0,0,flat,0,8.24026e-09,9.1036e-07,0.999999,6.02333e-08,0,0,1
29.4805,6.80812,0.360542,0,0.0250061,1.50681,0.0272288,-0.0032164,0.00858527,-0.999958,0.00876297,0.4,0,0,flat,0,6.95864e-09,1.51081e-06,0.999998,7.51397e-08,0,0,1
29.5005,6.81526,0.358505,0,0.0259695,1.50561,0.0275466,-0.00225297,0.00699334,-0.999973,0.0155964,0.4,0,0,flat,0,2.15717e-08,7.57912e-06,0.999992,3.96959e-07,0,0,1
29.5205,6.82344,0.356822,0,0.0236565,1.50538,0.027717,-0.00456598,0.0122601,-0.999914,0.0209576,0.4,0,0,flat,0,3.27989e-08,2.05076e-05,0.999979,5.38728e-07,0,0,1
29.5405,6.83077,0.354858,0,0.0236505,1.50609,0.0278864,-0.00457197,0.0125942,-0.99991,0.0172806,0.4,0,0,flat,0,1.75849e-08,1.49238e-05,0.999985,3.81823e-07,0,0,1
29.5605,6.83842,0.352553,0,0.024164,1.50681,0.0263815,-0.00405853,0.00840013,-0.999956,0.0172377,0.4,0,0,flat,0,4.72749e-09,3.18108e-06,0.999997,9.27519e-08,0,0,1
29.5805,6.84497,0.351441,0,0.0220863,1.50731,0.0226227,-0.00613622,0.00270596,-0.999978,0.0119943,0.4,0,0,flat,0,1.74363e-09,3.77896e-07,1,2.26992e-08,0,0,1
29.6005,6.8521,0.35071,0,0.0200118,1.50753,0.0200407,-0.00821073,-0.00124375,-0.999965,0.00854113,0.4,0,0,flat,0,7.62886e-10,1.01894e-07,1,1.12783e-08,0,0,1
29.6205,6.85813,0.350429,0,0.0197003,1.50743,0.0197138,-0.00852218,-0.00271113,-0.99996,0.00701991,0.4,0,0,flat,0,6.21664e-10,9.33601e-08,1,1.00014e-08,0,0,1
29.6405,6.86525,0.350354,0,0.0213181,1.50721,0.0213289,-0.0069044,-0.00262356,-0.999973,0.00685204,0.4,0,0,flat,0,6.83782e-10,9.73066e-08,1,1.11285e-08,0,0,1
29.6605,6.8718,0.350525,0,0.0233147,1.50716,0.023331,-0.00490784,-0.00295725,-0.999984,0.0053994,0.4,0,0,flat,0,5.94423e-10,9.12837e-08,1,9.61839e-09,0,0,1
29.6805,6.87842,0.35094,0,0.0254694,1.50726,0.0255831,-0.0027531,-0.00455216,-0.999986,0.00218034,0.4,0,0,flat,0,5.46734e-10,1.33343e-07,1,1.0157e-08,0,0,1
29.7005,6.88503,0.351605,0,0.0277175,1.50739,0.0280463,-0.000504985,-0.00642902,-0.999979,-0.000344079,0.4,0,0,flat,0,7.57854e-10,4.65497e-07,1,1.84403e-08,0,0,1
29.7205,6.89148,0.352633,0,0.0304867,1.50768,0.0309041,0.0022642,-0.00720947,-0.999971,-0.000845239,0.4,0,0,flat,0,1.25254e-09,1.68133e-06,0.999998,4.76798e-08,0,0,1
29.7405,6.89774,0.354359,0,0.0336866,1.50837,0.0337902,0.00546411,-0.00475019,-0.999974,-0.00173554,0.4,0,0,flat,0,3.7775e-09,6.51663e-06,0.999993,1.88324e-07,0,0,1
29.7605,6.90425,0.356704,0,0.0349926,1.50958,0.0350664,0.00677006,2.89698e-05,-0.999977,-0.00263084,0.4,0,0,flat,0,1.31487e-08,3.55009e-05,0.999964,6.73076e-07,0,0,1
29.7805,6.91108,0.35937,0,0.0342901,1.51086,0.0353002,0.00606763,0.00618454,-0.999962,-0.00116011,0.4,0,0,flat,0,2.21421e-08,0.000100489,0.999898,1.50836e-06,0,0,1
29.8005,6.91844,0.362316,0,0.0312782,1.51126,0.034017,0.00305568,0.0111854,-0.999933,-0.00102397,0.4,0,0,flat,0,2.97145e-08,7.60833e-05,0.999922,1.87216e-06,0,0,1
29.8205,6.92617,0.36562,0,0.0274338,1.50985,0.0320499,-0.00078865,0.0143895,-0.999896,-0.00306775,0.4,0,0,flat,0,3.46541e-08,3.34281e-05,0.999964,2.51275e-06,0,0,1
29.8405,6.93477,0.368473,0,0.0205732,1.50819,0.022599,-0.00764926,0.00716298,-0.999945,-0.00694631,0.4,0,0,flat,0,5.64034e-08,0.000104409,0.999893,2.64204e-06,0,0,1
29.8605,6.94327,0.372009,0,0.0159039,1.5064,0.018555,-0.0123186,0.00737526,-0.999897,-0.014685,0.4,0,0,flat,0,1.08678e-07,5.14844e-05,0.999944,4.425e-06,0,0,1
29.8805,6.95241,0.376284,0,0.0139358,1.50477,0.0234253,-0.0142867,0.0166531,-0.999759,-0.0286835,0.4,0,0,flat,0,1.36994e-06,0.000507577,0.999482,9.10926e-06,0,0,1
29.9005,6.96045,0.379132,0,0.0118289,1.50356,0.0270002,-0.0163936,0.0220927,-0.999622,-0.040658,0.4,0,0,flat,0,2.31585e-06,0.000242305,0.999739,1.65598e-05,0,0,1
29.9205,6.96982,0.381077,0,0.00948186,1.50204,0.0264289,-0.0187406,0.0224913,-0.999571,-0.0522204,0.4,0,0,flat,0,2.1239e-06,0.000589227,0.999353,5.5677e-05,0,0,1
29.9405,6.9794,0.382056,0,0.0090668,1.50048,0.0260541,-0.0191557,0.0222498,-0.999569,-0.0585362,0.4,0,0,flat,0,3.54895e-06,0.00156208,0.998231,0.000203295,0,0,1
29.9605,6.98925,0.382314,0,0.0106931,1.4991,0.0255738,-0.0175294,0.0210537,-0.999625,-0.0629869,0.4,0,0,flat,0,6.41024e-06,0.00219023,0.997378,0.000425787,0,0,1
29.9805,6.99935,0.382074,0,0.0153713,1.49805,0.0264762,-0.0128512,0.0193787,-0.99973,-0.0644454,0.4,0,0,flat,0,1.37661e-05,0.00250532,0.997098,0.000383214,0,0,1
30.0005,7.00989,0.381475,0,0.0224845,1.49724,0.030314,-0.00573804,0.0181512,-0.999819,-0.0643512,0.4,0,0,flat,0,1.27071e-05,0.00187356,0.997933,0.000180927,0,0,1
30.0205,7.02115,0.380521,0,0.0306228,1.49658,0.0365221,0.00240034,0.0177166,-0.99984,-0.064486,0.4,0,0,flat,0,7.8624e-06,0.00156772,0.998357,6.78933e-05,0,0,1
30.0405,7.03431,0.379072,0,0.0409375,1.4957,0.0455177,0.012715,0.0177142,-0.999762,-0.0650739,0.4,0,0,flat,0,3.38554e-06,0.00119895,0.998773,2.43497e-05,0,0,1
30.0605,7.04524,0.377651,0,0.0520473,1.49443,0.0558007,0.0238248,0.0179236,-0.999555,-0.0645363,0.4,0,0,flat,0,1.41618e-06,0.00102697,0.998959,1.29385e-05,0,0,1
30.0805,7.05759,0.375843,0,0.0657886,1.49172,0.0683465,0.0375661,0.016294,-0.999161,-0.0643281,0.4,0,0,flat,0,4.89983e-07,0.000838494,0.999155,6.02895e-06,0,0,1
30.1005,7.07049,0.373272,0,0.0767826,1.48739,0.076957,0.0485601,0.0026444,-0.998817,-0.0681247,0.4,0,0,flat,0,6.91926e-07,0.00230443,0.997684,1.12144e-05,0,0,1
30.1205,7.08264,0.370262,0,0.0809128,1.48179,0.0818701,0.0526903,-0.0144629,-0.998506,-0.0672394,0.4,0,0,flat,0,9.47887e-06,0.00839095,0.991436,0.000163048,0,0,1
30.1405,7.09867,0.368661,0,0.0762256,1.4749,0.0770709,0.0480031,-0.0133958,-0.998757,-0.0654471,0.4,0,0,flat,0,4.15445e-05,0.00392018,0.995869,0.000169586,0,0,1
30.1605,7.11456,0.369121,0,0.064029,1.47138,0.0641768,0.0358065,0.00198913,-0.999357,-0.0804626,0.4,0,0,flat,0,4.9007e-06,0.000184648,0.999731,7.9755e-05,0,0,1
30.1805,7.12944,0.368404,0,0.0561794,1.46899,0.0562064,0.0279569,-0.00367264,-0.999602,-0.0845026,0.4,0,0,flat,0,1.68307e-06,0.000442196,0.999541,1.54653e-05,0,0,1
30.2005,7.14384,0.367654,0,0.0604202,1.46688,0.0621341,0.0321977,-0.0166232,-0.999343,-0.0790991,0.4,0,0,flat,0,8.29085e-08,0.00175665,0.998238,5.2966e-06,0,0,1
30.2205,7.15725,0.367881,0,0.0676123,1.46501,0.0704372,0.0393898,-0.02186,-0.998985,-0.080066,0.4,0,0,flat,0,1.61629e-07,0.0106709,0.989321,7.99502e-06,0,0,1
30.2405,7.16993,0.368251,0,0.0730969,1.46311,0.0763882,0.0448744,-0.0242751,-0.998698,-0.0814728,0.4,0,0,flat,0,3.94097e-07,0.0294514,0.970512,3.5846e-05,0,0,1
30.2605,7.18303,0.368473,0,0.0767313,1.46095,0.0810467,0.0485088,-0.0281742,-0.998425,-0.0832717,0.4,0,0,flat,0,4.56177e-07,0.0441611,0.955676,0.000162233,0,0,1
30.2805,7.19779,0.3687,0,0.0794884,1.45827,0.0853502,0.0512659,-0.0331557,-0.998134,-0.0851813,0.4,0,0,flat,0,3.47755e-07,0.0447392,0.954899,0.000361196,0,0,1
30.3005,7.2141,0.369115,0,0.0812562,1.45506,0.0878931,0.0530337,-0.0355689,-0.997959,-0.0856024,0.4,0,0,flat,0,2.20272e-07,0.0473902,0.952113,0.000496736,0,0,1
30.3205,7.23062,0.369895,0,0.0829836,1.45165,0.0895893,0.0547611,-0.0358144,-0.997857,-0.0853782,0.4,0,0,flat,0,1.82466e-07,0.0857698,0.913674,0.000555633,0,0,1
30.3405,7.2444,0.370797,0,0.0847142,1.44885,0.0911349,0.0564917,-0.0356424,-0.997767,-0.0845794,0.4,0,0,flat,0,1.34644e-07,0.12661,0.87302,0.000369387,0,0,1
30.3605,7.2617,0.372318,0,0.0867085,1.44499,0.091729,0.058486,-0.0319523,-0.997777,-0.0805819,0.4,0,0,flat,0,7.16912e-08,0.23999,0.759817,0.000192855,0,0,1
30.3806,7.27816,0.37423,0,0.0857462,1.44011,0.0881108,0.0575237,-0.0222709,-0.998096,-0.0748721,0.4,0,0,flat,0,6.61645e-08,0.745281,0.254576,0.000143607,0,0,1
30.4006,7.29365,0.377246,0,0.0804335,1.43325,0.0804741,0.0522109,-0.000718888,-0.998636,-0.076526,0.4,0,0,flat,0,2.40906e-07,0.591285,0.408258,0.000457137,0,0,1
30.4206,7.31215,0.382309,0,0.065868,1.42146,0.0773976,0.0376455,0.0384151,-0.998553,-0.0866242,0.4,0,0,flat,0,2.86159e-06,0.0753615,0.922029,0.00260612,0,0,1
30.4406,7.32929,0.3862,0,0.0485252,1.40839,0.0810386,0.0203027,0.0626759,-0.997827,-0.0952963,0.4,0,0,flat,0,1.52504e-05,0.0221813,0.97426,0.00354381,0,0,1
30.4606,7.34776,0.385464,0,0.0340513,1.39676,0.0526103,0.00582876,0.0379175,-0.999264,-0.087391,0.4,0,0,flat,0,0.00125671,0.309832,0.0836571,0.605255,0,0,1
30.4806,7.3636,0.384119,0,0.0226256,1.39019,0.0343102,-0.00559685,0.0236147,-0.999705,-0.0669528,0.4,0,0,flat,0,0.000510825,0.545262,0.00659435,0.447632,0,0,1
30.5006,7.37845,0.383196,0,0.0141825,1.38618,0.0263295,-0.01404,0.0200029,-0.999701,-0.0645978,0.4,0,0,flat,0,0.000272604,0.866507,0.00406224,0.129158,0,0,1
30.5206,7.39125,0.381948,0,0.00888459,1.38408,0.0182961,-0.0193379,0.0138165,-0.999718,-0.0730793,0.4,0,0,flat,0,0.000142399,0.965184,0.00644947,0.0282242,0,0,1
30.5406,7.40685,0.380105,0,0.00469222,1.3824,0.0164394,-0.0235303,0.0135775,-0.999631,-0.0726365,0.4,0,0,flat,0,4.28804e-05,0.984614,0.00985878,0.00548412,0,0,1
30.5606,7.42228,0.378056,0,0.00346415,1.38108,0.0154911,-0.0247583,0.0129204,-0.99961,-0.0739071,0.4,0,0,flat,0,2.30981e-05,0.972513,0.0239419,0.00352156,0,0,1
30.5806,7.43609,0.376155,0,0.00545269,1.37968,0.0147054,-0.0227698,0.0114747,-0.999675,-0.074082,0.4,0,0,slope_down,0,1.84268e-05,0.844532,0.152852,0.00259772,0,0.1,0.9
30.6006,7.45,0.373905,0,0.00758682,1.37785,0.0163704,-0.0206357,0.0123312,-0.999711,-0.069904,0.4,0,0,slope_down,0,1.16676e-05,0.674309,0.324951,0.000728848,0,0.2,0.8
30.6206,7.46283,0.371362,0,0.00958603,1.37576,0.018845,-0.0186365,0.0140459,-0.999728,-0.0600306,0.4,0,0,slope_down,0,8.10693e-06,0.495381,0.504412,0.000198352,0,0.3,0.7
30.6406,7.47748,0.36789,0,0.0102091,1.373,0.0204325,-0.0180134,0.0155203,-0.999717,-0.0476091,0.4,0,0,slope_down,0,5.51021e-06,0.309103,0.690823,6.8232e-05,0,0.4,0.6
30.6606,7.49231,0.363816,0,0.0111414,1.36972,0.0211267,-0.0170811,0.0157745,-0.99973,-0.0342108,0.4,0,0,slope_down,0,2.78756e-06,0.12764,0.872333,2.41983e-05,0,0.5,0.5
30.6806,7.50723,0.359095,0,0.013083,1.3657,0.02018,-0.0151395,0.0131813,-0.999798,-0.0216412,0.4,0,0,slope_down,0,1.48706e-06,0.0652836,0.934703,1.14796e-05,0,0.6,0.4
30.7006,7.52222,0.353755,0,0.0159819,1.3608,0.0202007,-0.0122406,0.0101748,-0.999873,-0.0063657,0.4,0,0,slope_down,0,1.93151e-06,0.08181,0.918173,1.51276e-05,0,0.7,0.3
30.7206,7.53738,0.347777,0,0.0185188,1.35458,0.0194949,-0.00970373,0.00389983,-0.999945,0.0107614,0.4,0,0,slope_down,0,8.40165e-06,0.123687,0.876234,7.11415e-05,0,0.8,0.2
30.7406,7.55301,0.341652,0,0.0187061,1.34644,0.0189491,-0.00951637,-0.0051669,-0.999941,0.0270001,0.4,0,0,slope_down,0,3.34068e-05,0.160543,0.839078,0.000345826,0,0.9,0.1
30.7606,7.56889,0.336508,0,0.0177416,1.33556,0.0202831,-0.0104809,-0.0120016,-0.999873,0.0465111,0.4,0,0,slope_down,0,4.36913e-05,0.0883351,0.910885,0.000736556,0,1,0
30.7806,7.5832,0.337084,0,0.021912,1.32711,0.0312761,-0.00631051,0.0201375,-0.999777,0.0566571,0.4,0,0,slope_down,0,8.38816e-05,0.0748644,0.922589,0.00246294,0,1,0
30.8006,7.59633,0.337635,0,0.0334642,1.32368,0.0538117,0.00524168,0.0399529,-0.999188,0.0539378,0.4,0,0,slope_down,0,0.000744277,0.235531,0.744943,0.0187817,0,1,0
30.8206,7.61016,0.334749,0,0.0441428,1.32377,0.050615,0.0159203,0.0225772,-0.999618,0.0518521,0.4,0,0,slope_down,0,0.000285106,0.230192,0.763555,0.00596799,0,1,0
30.8406,7.62486,0.331008,0,0.0490414,1.32541,0.0490608,0.0208189,-0.00107008,-0.999783,0.0624734,0.4,0,0,slope_down,0,4.33147e-05,0.847553,0.147219,0.00518463,0,1,0
30.8606,7.64013,0.328315,0,0.0472908,1.32718,0.0496708,0.0190683,-0.0173502,-0.999668,0.0774833,0.4,0,0,slope_down,0,5.34069e-06,0.962304,0.0352309,0.0024598,0,1,0
30.8806,7.65536,0.326967,0,0.0420504,1.32828,0.0480315,0.0138279,-0.0253784,-0.999582,0.0867211,0.4,0,0,slope_down,0,2.98058e-07,0.999118,0.000584123,0.000297186,0,1,0
30.9006,7.67138,0.326635,0,0.0373817,1.32803,0.043112,0.00915917,-0.0236465,-0.999678,0.0881961,0.4,0,0,slope_down,0,3.43482e-08,0.999957,2.45307e-06,4.07576e-05,0,1,0
30.9206,7.68264,0.326637,0,0.0352422,1.32699,0.0385859,0.0070197,-0.0178791,-0.999816,0.0894915,0.4,0,0,slope_down,0,3.06221e-08,0.99998,3.72697e-07,2.00218e-05,0,1,0
30.9406,7.69817,0.326646,0,0.0325901,1.32457,0.0329179,0.00436758,-0.00678525,-0.999967,0.0901835,0.4,0,0,slope_down,0,1.16183e-07,0.999959,8.79234e-07,3.95807e-05,0,1,0
30.9606,7.71284,0.326538,0,0.027081,1.32116,0.02993,-0.00114147,0.0105553,-0.999944,0.0935849,0.4,0,0,slope_down,0,7.86828e-07,0.999821,5.82277e-06,0.000172742,0,1,0
30.9806,7.7266,0.326317,0,0.0201451,1.31697,0.0339381,-0.00807743,0.0251324,-0.999651,0.0981511,0.4,0,0,slope_down,0,1.62718e-06,0.999785,1.35122e-05,0.000200205,0,1,0
31.0006,7.74422,0.326383,0,0.00822175,1.31005,0.048464,-0.0200008,0.0455718,-0.998761,0.106431,0.4,0,0,slope_down,0,1.73305e-06,0.999778,1.44777e-05,0.000205791,0,1,0
31.0206,7.76015,0.326801,0,-0.000960315,1.3017,0.0658856,-0.0291828,0.0636575,-0.997545,0.111815,0.4,0,0,slope_down,0,9.52027e-07,0.999885,1.48994e-05,9.87825e-05,0,1,0
31.0406,7.7778,0.327876,0,-0.00845617,1.28978,0.083938,-0.0366787,0.0812331,-0.99602,0.114717,0.4,0,0,slope_down,0,4.25936e-07,0.999926,5.35198e-06,6.82137e-05,0,1,0
31.0606,7.79195,0.328457,0,-0.0124824,1.27846,0.0939713,-0.0407049,0.0908149,-0.995036,0.117502,0.4,0,0,slope_down,0,2.37842e-07,0.999923,3.64895e-06,7.32762e-05,0,1,0
31.0806,7.8055,0.326374,0,-0.00946249,1.26964,0.0693137,-0.037685,0.0664278,-0.997079,0.118502,0.4,0,0,slope_down,0,1.58246e-06,0.999685,1.1415e-06,0.000312726,0,1,0
31.1006,7.81765,0.325827,0,-0.00723019,1.26382,0.0527936,-0.0354527,0.0500918,-0.998115,0.114132,0.4,0,0,slope_down,0,2.80724e-07,0.999929,1.18485e-07,7.09589e-05,0,1,0
31.1206,7.82974,0.326,0,-0.00980041,1.25926,0.0466562,-0.0380229,0.0434161,-0.998333,0.105847,0.4,0,0,slope_down,0,3.15269e-07,0.99999,2.85996e-07,9.75158e-06,0,1,0
31.1406,7.84217,0.325542,0,-0.0163545,1.2549,0.0431645,-0.044577,0.0377437,-0.998293,0.0959089,0.4,0,0,slope_down,0,4.64755e-07,0.99998,3.43988e-07,1.95781e-05,0,1,0
31.1606,7.85472,0.32433,0,-0.0249823,1.25043,0.0435112,-0.0532048,0.0334082,-0.998025,0.0859792,0.4,0,0,slope_down,0,4.05482e-07,0.999938,3.24512e-07,6.10423e-05,0,1,0
31.1806,7.86701,0.322194,0,-0.0333855,1.24558,0.0461874,-0.061608,0.0296744,-0.997659,0.0781576,0.4,0,0,slope_down,0,2.23053e-07,0.999902,2.41668e-07,9.70404e-05,0,1,0
31.2006,7.87893,0.319122,0,-0.0405129,1.24003,0.047575,-0.0687354,0.0226572,-0.997378,0.0700937,0.4,0,0,slope_down,0,1.39572e-07,0.999875,2.8483e-07,0.000124095,0,1,0
31.2206,7.8894,0.315876,0,-0.046507,1.23459,0.0500904,-0.0747295,0.0162429,-0.997072,0.0654667,0.4,0,0,slope_down,0,1.15937e-07,0.999952,1.7292e-07,4.73731e-05,0,1,0
31.2406,7.90169,0.311397,0,-0.0520575,1.22708,0.0524877,-0.0802801,0.00385246,-0.996765,0.0613028,0.4,0,0,slope_down,0,1.09414e-07,0.999974,1.64405e-07,2.5284e-05,0,1,0
31.2606,7.91347,0.306857,0,-0.0552313,1.21847,0.0554523,-0.0834538,-0.00593091,-0.996494,0.0599315,0.4,0,0,slope_down,0,5.56087e-08,0.99999,6.51703e-08,1.03985e-05,0,1,0
31.2806,7.92333,0.303065,0,-0.0606654,1.21083,0.0614109,-0.0888879,-0.0109356,-0.995982,0.0633268,0.4,0,0,slope_down,0,3.10141e-07,0.999948,3.08504e-07,5.09756e-05,0,1,0
31.3006,7.93416,0.29861,0,-0.0654182,1.20173,0.0675979,-0.0936407,-0.0186353,-0.995432,0.0660003,0.4,0,0,slope_down,0,6.27537e-07,0.999897,9.17932e-07,0.00010137,0,1,0
31.3206,7.94473,0.29598,0,-0.0678482,1.1948,0.0679939,-0.0960707,-0.00183447,-0.995373,0.0643009,0.4,0,0,slope_down,0,7.50082e-08,0.999963,4.87012e-08,3.64166e-05,0,1,0
31.3406,7.95313,0.293327,0,-0.0701753,1.1926,0.0719588,-0.0983978,0.01301,-0.995062,0.0573862,0.4,0,0,slope_down,0,4.93129e-07,0.999938,1.14297e-06,6.07155e-05,0,1,0
31.3606,7.9614,0.289094,0,-0.065735,1.19238,0.0667991,-0.0939575,0.00890549,-0.995536,0.0575079,0.4,0,0,slope_down,0,8.93028e-08,0.999972,3.74109e-07,2.73419e-05,0,1,0
31.3806,7.969,0.284967,0,-0.0568454,1.19386,0.0569652,-0.0850679,-0.00368987,-0.996368,0.0619754,0.4,0,0,slope_down,0,4.14908e-08,0.999978,4.70362e-08,2.20496e-05,0,1,0
31.4006,7.97714,0.281855,0,-0.051115,1.19668,0.0526658,-0.0793375,-0.0145104,-0.996742,0.0639823,0.4,0,0,slope_down,0,1.89203e-08,0.99999,1.48313e-08,9.79069e-06,0,1,0
31.4206,7.98567,0.279711,0,-0.0493906,1.19991,0.0531931,-0.0776131,-0.0217014,-0.996747,0.0629717,0.4,0,0,slope_down,0,3.15088e-09,0.999998,3.0486e-09,2.01189e-06,0,1,0
31.4406,7.99382,0.27804,0,-0.0484329,1.2025,0.0547978,-0.0766554,-0.0276256,-0.996675,0.0612536,0.4,0,0,slope_down,0,1.04986e-09,0.999999,7.5454e-10,9.13559e-07,0,1,0
31.4606,8.0014,0.276846,0,-0.0475655,1.20394,0.0560428,-0.075788,-0.0316495,-0.996622,0.0599656,0.4,0,0,slope_down,0,1.01455e-09,0.999999,6.69253e-10,7.72933e-07,0,1,0
31.4806,8.00862,0.276273,0,-0.0477144,1.20412,0.057144,-0.0759369,-0.0334587,-0.996551,0.0596555,0.4,0,0,slope_down,0,1.06118e-09,0.999999,9.12641e-10,7.82508e-07,0,1,0
31.5006,8.0159,0.276303,0,-0.0503856,1.20328,0.0599255,-0.0786081,-0.0344325,-0.996311,0.0599759,0.4,0,0,slope_down,0,9.81151e-10,0.999999,1.37522e-09,7.82571e-07,0,1,0
31.5206,8.02334,0.276823,0,-0.0546383,1.20159,0.0633885,-0.0828608,-0.0340866,-0.995978,0.0618476,0.4,0,0,slope_down,0,9.07189e-10,0.999999,3.39535e-09,1.14524e-06,0,1,0
31.5406,8.03003,0.277703,0,-0.0584408,1.19933,0.0655879,-0.0866633,-0.0316723,-0.995734,0.0631729,0.4,0,0,slope_down,0,1.21924e-09,0.999999,9.74708e-09,1.32176e-06,0,1,0
31.5606,8.0386,0.279039,0,-0.0641285,1.1961,0.0687633,-0.092351,-0.0265924,-0.995371,0.0659141,0.4,0,0,slope_down,0,1.60512e-09,0.999998,3.75485e-08,1.49099e-06,0,1,0
31.5806,8.0466,0.280472,0,-0.0687305,1.19282,0.0708198,-0.096953,-0.0185896,-0.995115,0.0693453,0.4,0,0,slope_down,0,3.39278e-09,0.999997,2.24928e-07,3.24061e-06,0,1,0
31.6006,8.0548,0.281971,0,-0.0718044,1.18948,0.0726617,-0.100027,-0.0121488,-0.994911,0.0698873,0.4,0,0,slope_down,0,4.91164e-09,0.999996,6.57346e-07,3.01383e-06,0,1,0
31.6206,8.06323,0.283497,0,-0.0746256,1.18621,0.0748329,-0.102848,-0.00426081,-0.994688,0.069268,0.4,0,0,slope_down,0,6.08029e-09,0.999992,2.53791e-06,4.99744e-06,0,1,0
31.6406,8.07132,0.285083,0,-0.0733436,1.18284,0.0737836,-0.101566,0.00410139,-0.99482,0.067114,0.4,0,0,slope_down,0,5.26516e-09,0.999991,4.5036e-06,4.6929e-06,0,1,0
31.6606,8.07839,0.286534,0,-0.0700576,1.17969,0.0715155,-0.0982801,0.0113836,-0.995094,0.0626138,0.4,0,0,slope_down,0,7.76049e-09,0.99999,3.91254e-06,6.28382e-06,0,1,0
31.6806,8.08665,0.285871,0,-0.0667715,1.17801,0.0669373,-0.094994,-0.000327807,-0.995478,0.0649415,0.4,0,0,slope_down,0,1.58647e-07,0.999897,9.3414e-06,9.30314e-05,0,1,0
31.7006,8.09451,0.28539,0,-0.0683728,1.17795,0.0688491,-0.0965953,-0.00887908,-0.995284,0.0675124,0.4,0,0,slope_down,0,1.77469e-08,0.999983,5.42041e-07,1.66833e-05,0,1,0
31.7206,8.10183,0.285761,0,-0.0695898,1.17799,0.0698811,-0.0978123,-0.00653492,-0.995183,0.0684686,0.4,0,0,slope_down,0,2.61175e-08,0.999981,2.64869e-07,1.83308e-05,0,1,0
31.7406,8.10922,0.286218,0,-0.0694401,1.17801,0.0696502,-0.0976626,0.000650238,-0.995219,0.0698045,0.4,0,0,slope_down,0,3.46809e-08,0.999981,4.84859e-07,1.81796e-05,0,1,0
31.7606,8.11487,0.286193,0,-0.0686497,1.17784,0.0691509,-0.0968722,0.00479064,-0.995285,0.0701651,0.4,0,0,slope_down,0,2.64685e-08,0.999987,6.1457e-07,1.2487e-05,0,1,0
31.7806,8.12099,0.28568,0,-0.0685504,1.1773,0.0694049,-0.0967729,0.00768558,-0.995277,0.0704646,0.4,0,0,slope_down,0,1.62726e-08,0.99999,6.1017e-07,9.46906e-06,0,1,0
31.8006,8.12644,0.284781,0,-0.0697058,1.17633,0.070749,-0.0979283,0.00898893,-0.995153,0.0717156,0.4,0,0,slope_down,0,1.07462e-08,0.999991,4.58601e-07,8.20183e-06,0,1,0
31.8206,8.13242,0.283349,0,-0.0720359,1.17439,0.0727396,-0.100258,0.00663928,-0.994939,0.0729213,0.4,0,0,slope_down,0,4.82026e-09,0.999996,2.47363e-07,3.69828e-06,0,1,0
31.8406,8.13831,0.281657,0,-0.0761617,1.1716,0.0765349,-0.104384,0.00316251,-0.994532,0.0732938,0.4,0,0,slope_down,0,3.5664e-09,0.999997,1.37588e-07,2.89963e-06,0,1,0
31.8606,8.14463,0.279722,0,-0.0807529,1.16786,0.0811938,-0.108975,0.00388702,-0.994037,0.0739044,0.4,0,0,slope_down,0,5.91535e-09,0.999996,3.01992e-07,3.3264e-06,0,1,0
31.8806,8.14999,0.277629,0,-0.0843481,1.16382,0.0847355,-0.112571,0.00288316,-0.99364,0.0730751,0.4,0,0,slope_down,0,1.30927e-08,0.999991,9.8874e-07,7.72955e-06,0,1,0
31.9006,8.15545,0.275111,0,-0.0883543,1.15938,0.0886255,-0.116577,-0.000882173,-0.993181,0.0727304,0.4,0,0,slope_down,0,8.16395e-09,0.999994,7.49075e-07,5.6874e-06,0,1,0
31.9206,8.16123,0.272334,0,-0.0928352,1.15428,0.0932668,-0.121058,-0.0072016,-0.992619,0.0736785,0.4,0,0,slope_down,0,1.24228e-08,0.999992,1.72966e-06,6.61842e-06,0,1,0
31.9406,8.16715,0.270765,0,-0.0956886,1.1489,0.0960615,-0.123911,-0.00545286,-0.992278,0.0746194,0.4,0,0,slope_down,0,1.05699e-08,0.999995,1.42631e-06,3.67445e-06,0,1,0
31.9606,8.17198,0.270609,0,-0.0997065,1.14639,0.101647,-0.127929,0.0156727,-0.991659,0.0786317,0.4,0,0,slope_down,0,2.11249e-08,0.999993,1.41326e-06,5.62964e-06,0,1,0
31.9806,8.17627,0.269067,0,-0.0966637,1.14482,0.0991581,-0.124886,0.0183817,-0.992001,0.078937,0.4,0,0,slope_down,0,1.79806e-08,0.999992,1.73486e-06,6.06108e-06,0,1,0
32.0006,8.17995,0.267316,0,-0.0887901,1.14457,0.0898441,-0.117013,0.00967418,-0.993083,0.079119,0.4,0,0,slope_down,0,6.18289e-09,0.999998,1.12663e-07,1.7042e-06,0,1,0
32.0206,8.18429,0.266384,0,-0.0837948,1.1455,0.0842056,-0.112017,0.00329407,-0.993701,0.0817888,0.4,0,0,slope_down,0,2.26106e-09,0.999999,2.99334e-08,8.60606e-07,0,1,0
32.0406,8.18889,0.266218,0,-0.0807927,1.14676,0.0810106,-0.109015,-0.00131264,-0.994039,0.0821295,0.4,0,0,slope_down,0,6.33636e-10,0.999999,1.24227e-08,5.68226e-07,0,1,0
32.0606,8.19382,0.266362,0,-0.0779429,1.14776,0.0781983,-0.106165,-0.00516309,-0.994335,0.0822668,0.4,0,0,slope_down,0,4.88948e-10,0.999999,1.63622e-08,8.53383e-07,0,1,0
32.0806,8.19786,0.26664,0,-0.0766126,1.14804,0.0770058,-0.104835,-0.00774783,-0.994459,0.0837596,0.4,0,0,slope_down,0,4.49708e-10,0.999999,1.5634e-08,8.73228e-07,0,1,0
32.1006,8.20246,0.267285,0,-0.0764595,1.14767,0.0769322,-0.104682,-0.00874763,-0.994467,0.0870892,0.4,0,0,slope_down,0,3.47863e-10,0.999999,1.14295e-08,7.79666e-07,0,1,0
32.1206,8.20723,0.268378,0,-0.0775163,1.14664,0.0779216,-0.105739,-0.00788389,-0.994363,0.0900064,0.4,0,0,slope_down,0,3.0373e-10,0.999999,9.82226e-09,5.97326e-07,0,1,0
32.1406,8.21218,0.269863,0,-0.079109,1.14497,0.0793646,-0.107332,-0.00502309,-0.994211,0.0925157,0.4,0,0,slope_down,0,3.11264e-10,1,1.3351e-08,4.58906e-07,0,1,0
32.1606,8.21789,0.271853,0,-0.0816087,1.14242,0.0819269,-0.109831,0.00186828,-0.993949,0.096227,0.4,0,0,slope_down,0,3.56392e-10,1,2.78678e-08,4.81003e-07,0,1,0
32.1806,8.22286,0.273722,0,-0.083587,1.1399,0.0845211,-0.111809,0.00867713,-0.993692,0.0982099,0.4,0,0,slope_down,0,4.2899e-10,0.999999,6.24837e-08,5.3559e-07,0,1,0
32.2006,8.22865,0.275989,0,-0.0852319,1.13667,0.0876878,-0.113454,0.0173487,-0.993392,0.0995803,0.4,0,0,slope_down,0,4.68565e-10,0.999999,1.4225e-07,5.95723e-07,0,1,0
32.2206,8.23461,0.278399,0,-0.0852991,1.13293,0.0902312,-0.113522,0.0264422,-0.993184,0.0998987,0.4,0,0,slope_down,0,5.83382e-10,0.999999,3.89937e-07,6.70473e-07,0,1,0
32.2406,8.24037,0.280165,0,-0.0827037,1.12895,0.0888138,-0.110926,0.0295122,-0.99339,0.101013,0.4,0,0,slope_down,0,9.90697e-10,0.999998,1.13652e-06,9.40042e-07,0,1,0
32.2606,8.2466,0.280181,0,-0.0830213,1.12684,0.0846932,-0.111244,0.0133559,-0.993703,0.0985417,0.4,0,0,slope_down,0,9.69605e-10,0.999999,2.89469e-07,1.1556e-06,0,1,0
32.2806,8.25317,0.280821,0,-0.0861078,1.1263,0.0866437,-0.11433,0.00488204,-0.993431,0.0992211,0.4,0,0,slope_down,0,9.55982e-10,0.999998,4.57838e-08,1.80052e-06,0,1,0
32.3006,8.2592,0.281841,0,-0.0874367,1.12652,0.0879882,-0.115659,0.00501884,-0.993276,0.101877,0.4,0,0,slope_down,0,1.84986e-09,0.999998,4.78638e-08,2.03305e-06,0,1,0
32.3206,8.2649,0.282607,0,-0.0875408,1.12712,0.0883503,-0.115763,0.00766312,-0.993247,0.103789,0.4,0,0,slope_down,0,6.93945e-09,0.999996,3.12772e-07,3.327e-06,0,1,0
32.3406,8.2705,0.282953,0,-0.0875983,1.12781,0.0887547,-0.115821,0.010395,-0.993216,0.104867,0.4,0,0,slope_down,0,1.02443e-08,0.999997,7.80295e-07,2.52381e-06,0,1,0
32.3606,8.27652,0.282748,0,-0.0876074,1.1283,0.0891218,-0.11583,0.0126966,-0.993188,0.105831,0.4,0,0,slope_down,0,6.46931e-09,0.999998,5.7345e-07,1.86916e-06,0,1,0
32.3806,8.28133,0.282092,0,-0.0876703,1.1283,0.0892843,-0.115893,0.0132824,-0.993173,0.107011,0.4,0,0,slope_down,0,4.64801e-09,0.999998,4.09559e-07,1.88126e-06,0,1,0
32.4006,8.28706,0.280749,0,-0.0881671,1.12765,0.0894313,-0.11639,0.0111418,-0.993141,0.108247,0.4,0,0,slope_down,0,3.14548e-09,0.999998,2.58775e-07,1.37521e-06,0,1,0
32.4206,8.2912,0.279568,0,-0.089364,1.12676,0.0903198,-0.117586,0.00890831,-0.993023,0.108861,0.4,0,0,slope_down,0,1.93277e-09,0.999999,1.39829e-07,7.56461e-07,0,1,0
32.4406,8.29682,0.277689,0,-0.0919032,1.12499,0.0925091,-0.120126,0.00548305,-0.992744,0.109459,0.4,0,0,slope_down,0,1.42237e-09,0.999999,1.01763e-07,5.62869e-07,0,1,0
32.4606,8.3018,0.275684,0,-0.0946066,1.12288,0.0950023,-0.122829,0.00192094,-0.992426,0.109999,0.4,0,0,slope_down,0,1.40868e-09,0.999999,1.58902e-07,7.31016e-07,0,1,0
32.4806,8.30675,0.273448,0,-0.0975966,1.12038,0.0979344,-0.125819,-0.00106253,-0.992053,0.111093,0.4,0,0,slope_down,0,1.39291e-09,0.999999,2.59387e-07,7.70545e-07,0,1,0
32.5006,8.31166,0.270928,0,-0.100379,1.11728,0.100847,-0.128601,-0.00694865,-0.991672,0.110716,0.4,0,0,slope_down,0,1.57172e-09,0.999999,4.95651e-07,6.85556e-07,0,1,0
32.5206,8.31606,0.268343,0,-0.102307,1.11375,0.103789,-0.13053,-0.0172398,-0.991295,0.108356,0.4,0,0,slope_down,0,1.1675e-09,0.999999,6.74622e-07,4.71918e-07,0,1,0
32.5406,8.32131,0.266355,0,-0.105484,1.10949,0.107037,-0.133706,-0.0177516,-0.990862,0.106964,0.4,0,0,slope_down,0,7.07825e-10,0.999999,6.72247e-07,3.02721e-07,0,1,0
32.5606,8.32651,0.265729,0,-0.111759,1.10705,0.112221,-0.139982,-0.00122401,-0.990153,0.107897,0.4,0,0,slope_down,0,4.47789e-09,0.999997,1.95619e-06,1.08974e-06,0,1,0
32.5806,8.33078,0.26399,0,-0.111231,1.10534,0.111737,-0.139453,0.00131066,-0.990228,0.106232,0.4,0,0,slope_down,0,1.25255e-08,0.999989,7.49983e-06,3.2594e-06,0,1,0
32.6006,8.33372,0.261683,0,-0.103412,1.10452,0.103935,-0.131635,-0.00760079,-0.991269,0.105862,0.4,0,0,slope_down,0,4.66753e-09,0.999999,5.23934e-07,8.97297e-07,0,1,0
32.6206,8.33826,0.25954,0,-0.0966398,1.10469,0.0980483,-0.124862,-0.0166415,-0.992034,0.107459,0.4,0,0,slope_down,0,2.08881e-09,0.999999,1.72303e-07,5.15032e-07,0,1,0
32.6406,8.34288,0.258437,0,-0.0920488,1.10525,0.0945356,-0.120271,-0.0223434,-0.99249,0.105211,0.4,0,0,slope_down,0,8.22065e-10,1,8.19689e-08,3.44664e-07,0,1,0
32.6606,8.34748,0.257674,0,-0.0882472,1.10556,0.0914788,-0.11647,-0.0251916,-0.992875,0.103597,0.4,0,0,slope_down,0,9.70621e-10,0.999999,9.11401e-08,5.13418e-07,0,1,0
32.6806,8.35226,0.257182,0,-0.0851793,1.10552,0.0890608,-0.113402,-0.0272726,-0.993175,0.103926,0.4,0,0,slope_down,0,9.12662e-10,0.999999,6.66953e-08,4.90904e-07,0,1,0
32.7006,8.35733,0.257072,0,-0.0837362,1.10504,0.0878211,-0.111959,-0.0277976,-0.993324,0.106896,0.4,0,0,slope_down,0,6.13799e-10,0.999999,4.92735e-08,5.43064e-07,0,1,0
32.7206,8.36148,0.257352,0,-0.083036,1.10428,0.0870121,-0.111259,-0.0273388,-0.993415,0.109497,0.4,0,0,slope_down,0,4.77557e-10,0.999999,3.72142e-08,5.61747e-07,0,1,0
32.7406,8.36519,0.257889,0,-0.0824309,1.10332,0.0856726,-0.110653,-0.0246235,-0.993554,0.112577,0.4,0,0,slope_down,0,3.5133e-10,1,2.72971e-08,4.22281e-07,0,1,0
32.7606,8.37533,0.26033,0,-0.082171,1.09973,0.0834925,-0.110394,-0.0156233,-0.993765,0.117019,0.4,0,0,slope_down,0,3.46469e-10,1,2.68011e-08,3.64602e-07,0,1,0
32.7806,8.38072,0.261998,0,-0.0816802,1.09753,0.0822293,-0.109903,-0.00950699,-0.993897,0.117581,0.4,0,0,slope_down,0,3.85467e-10,1,4.25164e-08,4.07607e-07,0,1,0
32.8006,8.38909,0.264702,0,-0.0810471,1.09428,0.081304,-0.10927,0.000425375,-0.994012,0.118213,0.4,0,0,slope_down,0,3.20545e-10,1,6.95709e-08,4.51905e-07,0,1,0
32.8206,8.39991,0.268216,0,-0.0722876,1.09,0.0760194,-0.10051,0.0207755,-0.994719,0.118709,0.4,0,0,slope_down,0,2.5407e-10,0.999999,1.303e-07,5.71137e-07,0,1,0
32.8406,8.40406,0.26847,0,-0.0651123,1.08932,0.0681096,-0.0933348,0.0173298,-0.995484,0.118103,0.4,0,0,slope_down,0,4.83004e-10,0.999999,2.12686e-07,7.67427e-07,0,1,0
32.8606,8.41061,0.26858,0,-0.0600832,1.08969,0.0610446,-0.0883057,0.0079603,-0.996062,0.114529,0.4,0,0,slope_down,0,3.66688e-10,0.999999,2.31669e-08,5.57494e-07,0,1,0
32.8806,8.41878,0.269283,0,-0.0560877,1.09111,0.0561948,-0.0843102,-0.00107655,-0.996439,0.117758,0.4,0,0,slope_down,0,4.45847e-10,0.999999,5.64476e-09,7.92176e-07,0,1,0
32.9006,8.42843,0.270555,0,-0.0562656,1.09268,0.05683,-0.0844881,0.00508436,-0.996412,0.133493,0.4,0,0,slope_down,0,4.82334e-10,1,8.61098e-09,4.42737e-07,0,1,0
32.9206,8.43406,0.271428,0,-0.0586357,1.09345,0.0604921,-0.0868582,0.0122491,-0.996145,0.1414,0.4,0,0,slope_down,0,2.5941e-09,0.999999,1.62389e-07,8.20494e-07,0,1,0
32.9406,8.43901,0.272361,0,-0.0591944,1.09391,0.0621907,-0.0874169,0.0165238,-0.996035,0.141048,0.4,0,0,slope_down,0,6.95753e-09,0.999998,8.17279e-07,9.88733e-07,0,1,0
32.9606,8.44498,0.273357,0,-0.0573202,1.09391,0.0615448,-0.0855427,0.0199342,-0.996135,0.13607,0.4,0,0,slope_down,0,1.39825e-08,0.999997,1.31224e-06,1.37506e-06,0,1,0
32.9806,8.44819,0.273643,0,-0.0569214,1.0936,0.0614643,-0.0851439,0.0207301,-0.996153,0.135076,0.4,0,0,slope_down,0,6.34773e-09,0.999998,5.04662e-07,1.84075e-06,0,1,0
33.0006,8.45202,0.273669,0,-0.0573228,1.09294,0.0619639,-0.0855453,0.0210654,-0.996112,0.136429,0.4,0,0,slope_down,0,3.02262e-09,0.999998,1.80127e-07,1.83949e-06,0,1,0
33.0206,8.45477,0.273522,0,-0.0581448,1.09224,0.0625607,-0.0863673,0.0206096,-0.99605,0.138442,0.4,0,0,slope_down,0,1.42284e-09,0.999999,7.15752e-08,1.26936e-06,0,1,0
33.0406,8.45955,0.27312,0,-0.0605222,1.0904,0.0636355,-0.0887447,0.0170999,-0.995908,0.139117,0.4,0,0,slope_down,0,9.43319e-10,0.999999,3.72145e-08,6.88475e-07,0,1,0
33.0606,8.46509,0.272411,0,-0.0636672,1.08717,0.0653502,-0.0918897,0.0119778,-0.995697,0.136578,0.4,0,0,slope_down,0,9.86717e-10,0.999999,3.61501e-08,5.16881e-07,0,1,0
33.0806,8.47015,0.271404,0,-0.067915,1.08354,0.0688604,-0.0961375,0.00827085,-0.995334,0.135407,0.4,0,0,slope_down,0,1.51822e-09,0.999999,8.31248e-08,7.58744e-07,0,1,0
33.1006,8.47538,0.269946,0,-0.0734867,1.07938,0.0740507,-0.101709,0.00541968,-0.994799,0.137755,0.4,0,0,slope_down,0,2.10245e-09,0.999999,2.23038e-07,9.27684e-07,0,1,0
33.1206,8.48066,0.268017,0,-0.0791336,1.07455,0.0793376,-0.107356,-0.00236592,-0.994218,0.138818,0.4,0,0,slope_down,0,3.25942e-09,0.999998,6.55084e-07,1.2271e-06,0,1,0
33.1406,8.48586,0.266169,0,-0.083614,1.06894,0.0844123,-0.111836,-0.0119023,-0.993655,0.139281,0.4,0,0,slope_down,0,5.17288e-09,0.999997,1.78181e-06,1.44023e-06,0,1,0
33.1606,8.49046,0.266387,0,-0.0871182,1.06482,0.0873817,-0.115341,-0.000829207,-0.993326,0.139379,0.4,0,0,slope_down,0,8.35607e-09,0.999994,1.3649e-06,4.98118e-06,0,1,0
33.1806,8.49507,0.26608,0,-0.0891707,1.06258,0.0901459,-0.117393,0.00906386,-0.993044,0.138222,0.4,0,0,slope_down,0,3.97933e-08,0.999973,1.0148e-05,1.64987e-05,0,1,0
33.2006,8.49848,0.265013,0,-0.0845944,1.0616,0.085404,-0.112817,0.00767249,-0.993586,0.139398,0.4,0,0,slope_down,0,1.12491e-08,0.999987,2.63723e-06,1.01352e-05,0,1,0
33.2206,8.50308,0.263798,0,-0.0786659,1.06172,0.0788775,-0.106888,-0.000871052,-0.994271,0.141603,0.4,0,0,slope_down,0,6.99378e-09,0.999997,2.08312e-07,2.94434e-06,0,1,0
33.2406,8.50696,0.263591,0,-0.0762139,1.06244,0.0765684,-0.104436,-0.00720432,-0.994505,0.142071,0.4,0,0,slope_down,0,1.69344e-09,0.999999,4.92069e-08,1.2853e-06,0,1,0
33.2606,8.51171,0.263878,0,-0.0742265,1.06312,0.0750908,-0.102449,-0.0122763,-0.994663,0.142554,0.4,0,0,slope_down,0,1.16269e-09,0.999998,4.4721e-08,1.67929e-06,0,1,0
33.2806,8.51554,0.2644,0,-0.0732817,1.06322,0.074531,-0.101504,-0.0147587,-0.994726,0.143864,0.4,0,0,slope_down,0,1.11001e-09,0.999998,4.04976e-08,1.8373e-06,0,1,0
33.3006,8.51991,0.265362,0,-0.073675,1.06276,0.0751988,-0.101898,-0.0163135,-0.994661,0.146494,0.4,0,0,slope_down,0,9.3341e-10,0.999999,2.58355e-08,1.30257e-06,0,1,0
33.3206,8.52493,0.266958,0,-0.0754235,1.06157,0.0768398,-0.103646,-0.0158371,-0.994488,0.14958,0.4,0,0,slope_down,0,5.84074e-10,0.999999,2.00573e-08,9.67434e-07,0,1,0
33.3406,8.52914,0.268662,0,-0.077549,1.06005,0.0784763,-0.105772,-0.0128304,-0.994308,0.152741,0.4,0,0,slope_down,0,4.32044e-10,0.999999,2.07716e-08,6.76767e-07,0,1,0
33.3606,8.53393,0.270949,0,-0.0795892,1.05782,0.0799601,-0.107812,-0.00727279,-0.994145,0.155589,0.4,0,0,slope_down,0,4.35798e-10,0.999999,3.09988e-08,5.6803e-07,0,1,0
33.3806,8.53852,0.273297,0,-0.081737,1.05544,0.0819866,-0.10996,7.46008e-05,-0.993936,0.157214,0.4,0,0,slope_down,0,4.86862e-10,0.999999,7.72249e-08,5.97224e-07,0,1,0
33.4006,8.54334,0.275835,0,-0.0831632,1.0528,0.0838818,-0.111386,0.00685977,-0.993754,0.15803,0.4,0,0,slope_down,0,5.41952e-10,0.999999,1.49224e-07,5.70738e-07,0,1,0
33.4206,8.54957,0.279036,0,-0.0840635,1.04928,0.0863152,-0.112286,0.0163255,-0.993542,0.158168,0.4,0,0,slope_down,0,5.41134e-10,0.999999,3.3196e-07,7.26673e-07,0,1,0
33.4406,8.55503,0.281715,0,-0.0813103,1.0457,0.0856705,-0.109533,0.0240646,-0.993692,0.158425,0.4,0,0,slope_down,0,6.19392e-10,0.999998,7.98534e-07,7.35816e-07,0,1,0
33.4606,8.56139,0.282628,0,-0.0792342,1.04332,0.0807192,-0.107457,0.0121063,-0.994136,0.153989,0.4,0,0,slope_down,0,1.05808e-09,0.999997,2.32982e-06,1.13609e-06,0,1,0
33.4806,8.56773,0.283208,0,-0.0804876,1.04292,0.0807687,-0.10871,0.00118129,-0.994073,0.152835,0.4,0,0,slope_down,0,1.13765e-09,0.999998,1.40212e-07,2.11842e-06,0,1,0
33.5006,8.5736,0.284203,0,-0.0809325,1.04328,0.0811475,-0.109155,-0.00247589,-0.994022,0.156074,0.4,0,0,slope_down,0,8.7215e-10,0.999999,3.48752e-08,1.22101e-06,0,1,0
33.5206,8.57862,0.285264,0,-0.0813235,1.04393,0.0816058,-0.109546,0.00108686,-0.993981,0.159821,0.4,0,0,slope_down,0,1.66229e-09,0.999998,9.61057e-08,1.53683e-06,0,1,0
33.5406,8.58401,0.286335,0,-0.0817966,1.0448,0.0824258,-0.110019,0.00601065,-0.993911,0.159378,0.4,0,0,slope_down,0,6.13449e-09,0.999998,6.99004e-07,1.3763e-06,0,1,0
33.5606,8.58975,0.28689,0,-0.082278,1.04549,0.0831997,-0.110501,0.00856061,-0.993839,0.158102,0.4,0,0,slope_down,0,1.04544e-08,0.999997,1.488e-06,1.6687e-06,0,1,0
33.5806,8.59533,0.286664,0,-0.0827326,1.04558,0.0838228,-0.110955,0.00980502,-0.993777,0.158958,0.4,0,0,slope_down,0,4.7265e-09,0.999998,7.43544e-07,1.2966e-06,0,1,0
33.6006,8.59977,0.286033,0,-0.0836681,1.04509,0.0846234,-0.111891,0.00883966,-0.993681,0.160023,0.4,0,0,slope_down,0,2.95709e-09,0.999999,4.26875e-07,1.05697e-06,0,1,0
33.6206,8.60421,0.285134,0,-0.0853104,1.0441,0.0860063,-0.113533,0.00663592,-0.993512,0.160687,0.4,0,0,slope_down,0,2.18169e-09,0.999999,2.35508e-07,8.2183e-07,0,1,0
33.6406,8.60962,0.283801,0,-0.088546,1.0423,0.0890031,-0.116769,0.00368317,-0.993152,0.161347,0.4,0,0,slope_down,0,1.63631e-09,0.999999,1.47507e-07,5.69796e-07,0,1,0
33.6606,8.61442,0.282351,0,-0.0917584,1.04013,0.0921296,-0.119981,0.00178894,-0.992775,0.162675,0.4,0,0,slope_down,0,1.73985e-09,0.999999,2.28869e-07,7.228e-07,0,1,0
33.6806,8.61913,0.280641,0,-0.0945945,1.03744,0.094915,-0.122817,-0.000587424,-0.992429,0.163236,0.4,0,0,slope_down,0,2.27768e-09,0.999999,5.15157e-07,9.72797e-07,0,1,0
33.7006,8.62386,0.278568,0,-0.0979684,1.03417,0.0984178,-0.126191,-0.00691058,-0.991982,0.162985,0.4,0,0,slope_down,0,2.04767e-09,0.999998,8.12068e-07,7.98527e-07,0,1,0
33.7206,8.6288,0.276127,0,-0.101224,1.03006,0.102728,-0.129447,-0.0173662,-0.991434,0.162038,0.4,0,0,slope_down,0,1.57385e-09,0.999998,1.28485e-06,5.79005e-07,0,1,0
33.7406,8.63348,0.274711,0,-0.104267,1.02576,0.105969,-0.132489,-0.0187133,-0.991008,0.160625,0.4,0,0,slope_down,0,1.54687e-09,0.999998,1.82828e-06,4.22532e-07,0,1,0
33.7606,8.63833,0.274506,0,-0.109814,1.02303,0.110253,-0.138036,-0.00245126,-0.990424,0.160439,0.4,0,0,slope_down,0,8.02352e-09,0.999995,4.00516e-06,1.53321e-06,0,1,0
33.7806,8.6421,0.273151,0,-0.109463,1.02133,0.109916,-0.137686,-0.000185664,-0.990476,0.159611,0.4,0,0,slope_down,0,1.66793e-08,0.999983,1.28548e-05,4.33954e-06,0,1,0
33.8006,8.64566,0.270949,0,-0.102824,1.02033,0.103374,-0.131046,-0.00814764,-0.991343,0.159992,0.4,0,0,slope_down,0,6.7583e-09,0.999997,1.16835e-06,1.56492e-06,0,1,0
33.8206,8.64987,0.269331,0,-0.0977193,1.02036,0.0990406,-0.125942,-0.0160589,-0.991908,0.160665,0.4,0,0,slope_down,0,2.36805e-09,0.999999,1.88093e-07,6.18163e-07,0,1,0
33.8406,8.65501,0.268387,0,-0.0938678,1.02101,0.0964819,-0.12209,-0.0230632,-0.992251,0.158318,0.4,0,0,slope_down,0,9.48794e-10,1,8.50603e-08,4.09169e-07,0,1,0
33.8606,8.65956,0.267964,0,-0.0896279,1.02133,0.0930803,-0.11785,-0.0261917,-0.992686,0.156352,0.4,0,0,slope_down,0,1.09968e-09,0.999999,9.0198e-08,6.06089e-07,0,1,0
33.8806,8.66379,0.267813,0,-0.0863927,1.0213,0.0904011,-0.114615,-0.0278632,-0.993019,0.157127,0.4,0,0,slope_down,0,1.35647e-09,0.999999,8.40814e-08,7.28913e-07,0,1,0
33.9006,8.66928,0.268049,0,-0.0847336,1.02078,0.0888098,-0.112956,-0.0278947,-0.993208,0.160978,0.4,0,0,slope_down,0,1.00409e-09,0.999999,7.14892e-08,8.8536e-07,0,1,0
33.9206,8.67441,0.268857,0,-0.0837723,1.01973,0.0876803,-0.111995,-0.0271943,-0.993337,0.163593,0.4,0,0,slope_down,0,7.39888e-10,0.999999,5.22283e-08,7.38912e-07,0,1,0
33.9406,8.67973,0.270247,0,-0.0833575,1.01812,0.0864493,-0.11158,-0.0241443,-0.993462,0.165812,0.4,0,0,slope_down,0,5.15431e-10,0.999999,4.05948e-08,5.05629e-07,0,1,0
33.9606,8.68527,0.272028,0,-0.0831531,1.01608,0.0849563,-0.111376,-0.0183882,-0.993608,0.168859,0.4,0,0,slope_down,0,3.82139e-10,1,3.8086e-08,3.93989e-07,0,1,0
33.9806,8.69049,0.273932,0,-0.0828261,1.01402,0.0836168,-0.111049,-0.011829,-0.993745,0.170709,0.4,0,0,slope_down,0,3.70305e-10,1,5.1647e-08,4.16146e-07,0,1,0
34.0006,8.6973,0.27658,0,-0.0825673,1.01143,0.082792,-0.11079,-0.0021655,-0.993842,0.171536,0.4,0,0,slope_down,0,3.07977e-10,0.999999,1.03815e-07,5.17673e-07,0,1,0
34.0206,8.70358,0.279018,0,-0.0804558,1.00892,0.0810887,-0.108678,0.00605662,-0.994058,0.170166,0.4,0,0,slope_down,0,2.86931e-10,0.999999,2.26596e-07,4.89968e-07,0,1,0
34.0406,8.70965,0.280677,0,-0.0763919,1.00659,0.07745,-0.104614,0.00937552,-0.994469,0.170134,0.4,0,0,slope_down,0,2.83167e-10,0.999999,3.78257e-07,5.49885e-07,0,1,0
34.0606,8.71613,0.280985,0,-0.0733904,1.00592,0.0735633,-0.101613,-0.00248754,-0.994821,0.164953,0.4,0,0,slope_down,0,3.22569e-10,0.999999,1.57808e-07,6.1355e-07,0,1,0
34.0806,8.72221,0.281499,0,-0.0739476,1.0062,0.0744909,-0.10217,-0.00953827,-0.994721,0.16406,0.4,0,0,slope_down,0,6.99239e-10,0.999998,3.70414e-08,1.84647e-06,0,1,0
34.1006,8.73,0.282208,0,-0.0754065,1.00681,0.0760068,-0.103629,-0.0101004,-0.994565,0.171434,0.4,0,0,slope_down,0,9.70911e-10,0.999998,2.45414e-08,1.50908e-06,0,1,0
34.1206,8.73449,0.282628,0,-0.0769609,1.00717,0.0773298,-0.105183,-0.00738067,-0.994425,0.176517,0.4,0,0,slope_down,0,2.10969e-09,0.999998,1.20969e-07,1.39947e-06,0,1,0
34.1406,8.74114,0.283477,0,-0.0765182,1.00753,0.0767069,-0.104741,-0.00221856,-0.994497,0.173874,0.4,0,0,slope_down,0,6.75434e-09,0.999998,6.39387e-07,1.62542e-06,0,1,0
34.1606,8.74674,0.283798,0,-0.0774449,1.00755,0.0777123,-0.105667,0.00120151,-0.994401,0.172173,0.4,0,0,slope_down,0,9.3236e-09,0.999997,7.87808e-07,1.72859e-06,0,1,0
34.1806,8.75219,0.283442,0,-0.0784696,1.00704,0.0788291,-0.106692,0.00283381,-0.994288,0.17356,0.4,0,0,slope_down,0,6.50582e-09,0.999997,6.87204e-07,2.3622e-06,0,1,0
34.2006,8.75703,0.282695,0,-0.0802171,1.00598,0.0805623,-0.10844,0.00248342,-0.9941,0.175907,0.4,0,0,slope_down,0,2.66848e-09,0.999998,3.06159e-07,1.32318e-06,0,1,0
34.2206,8.76295,0.281499,0,-0.0833016,1.00384,0.0835689,-0.111524,0.000366674,-0.993762,0.176682,0.4,0,0,slope_down,0,1.93522e-09,0.999999,1.77137e-07,8.7987e-07,0,1,0
34.2406,8.76815,0.280184,0,-0.0866231,1.00112,0.0868776,-0.114846,-0.00141367,-0.993382,0.177011,0.4,0,0,slope_down,0,1.80551e-09,0.999999,1.62329e-07,7.05256e-07,0,1,0
34.2606,8.77314,0.278563,0,-0.0896241,0.997712,0.0898992,-0.117847,-0.00304208,-0.993027,0.177259,0.4,0,0,slope_down,0,2.15413e-09,0.999999,3.1971e-07,9.58402e-07,0,1,0
34.2806,8.77813,0.276591,0,-0.0928208,0.993667,0.0932136,-0.121043,-0.00644741,-0.992626,0.17678,0.4,0,0,slope_down,0,3.03458e-09,0.999998,6.58775e-07,1.17565e-06,0,1,0
34.3006,8.78278,0.274529,0,-0.0959792,0.989394,0.0968161,-0.124202,-0.0121292,-0.992183,0.17615,0.4,0,0,slope_down,0,2.85184e-09,0.999998,9.19461e-07,8.20158e-07,0,1,0
34.3206,8.78852,0.272143,0,-0.0997865,0.983421,0.101642,-0.128009,-0.0195122,-0.991581,0.175019,0.4,0,0,slope_down,0,2.84272e-09,0.999998,1.38214e-06,5.87755e-07,0,1,0
34.3406,8.79343,0.271665,0,-0.104502,0.979872,0.104947,-0.132724,-0.00556599,-0.991137,0.174596,0.4,0,0,slope_down,0,4.48117e-09,0.999997,1.18437e-06,1.34523e-06,0,1,0
34.3606,8.79817,0.270177,0,-0.105827,0.977794,0.106257,-0.13405,0.00031676,-0.990975,0.173969,0.4,0,0,slope_down,0,1.91852e-08,0.999987,9.28829e-06,3.60059e-06,0,1,0
34.3806,8.80247,0.267828,0,-0.0997042,0.976853,0.100063,-0.127927,-0.00359791,-0.991777,0.175733,0.4,0,0,slope_down,0,5.03713e-09,0.999996,1.5876e-06,2.06304e-06,0,1,0
34.4006,8.80596,0.266214,0,-0.0932887,0.977088,0.093869,-0.121511,-0.0094148,-0.992545,0.177112,0.4,0,0,slope_down,0,3.8708e-09,0.999999,2.036e-07,9.6289e-07,0,1,0
34.4206,8.81013,0.265391,0,-0.0876979,0.977854,0.0887964,-0.11592,-0.0143052,-0.993155,0.175487,0.4,0,0,slope_down,0,1.88321e-09,1,4.13388e-08,4.89887e-07,0,1,0
34.4406,8.81452,0.265182,0,-0.084027,0.978645,0.0857499,-0.112249,-0.0180208,-0.993517,0.172498,0.4,0,0,slope_down,0,1.15914e-09,0.999999,3.08609e-08,5.47079e-07,0,1,0
34.4606,8.82026,0.265317,0,-0.0811318,0.979081,0.0833845,-0.109354,-0.0204234,-0.993793,0.171124,0.4,0,0,slope_down,0,1.17341e-09,0.999999,4.40963e-08,8.11892e-07,0,1,0
34.4806,8.82341,0.265601,0,-0.080578,0.978938,0.0830647,-0.1088,-0.0214035,-0.993833,0.171123,0.4,0,0,slope_down,0,1.29035e-09,0.999999,5.59051e-08,9.82828e-07,0,1,0
34.5006,8.8281,0.266357,0,-0.0812957,0.978306,0.0839629,-0.109518,-0.0222315,-0.993736,0.172089,0.4,0,0,slope_down,0,1.25802e-09,0.999999,6.16335e-08,1.07247e-06,0,1,0
34.5206,8.83243,0.267442,0,-0.082355,0.977319,0.0847348,-0.110578,-0.0210943,-0.993644,0.174491,0.4,0,0,slope_down,0,9.44444e-10,0.999999,6.67661e-08,1.04368e-06,0,1,0
34.5406,8.83785,0.269371,0,-0.083409,0.975512,0.0849999,-0.111631,-0.0172611,-0.9936,0.177314,0.4,0,0,slope_down,0,6.60301e-10,0.999999,6.31484e-08,6.59914e-07,0,1,0
34.5606,8.84307,0.271593,0,-0.0846397,0.973445,0.0854145,-0.112862,-0.0116922,-0.993542,0.179627,0.4,0,0,slope_down,0,6.08932e-10,0.999999,7.84903e-08,4.96293e-07,0,1,0
34.5806,8.84916,0.274425,0,-0.0857803,0.970751,0.0860285,-0.114003,-0.00295807,-0.993476,0.181186,0.4,0,0,slope_down,0,6.28352e-10,0.999999,1.44338e-07,5.34652e-07,0,1,0
34.6006,8.8544,0.276914,0,-0.0861024,0.968292,0.0865686,-0.114325,0.00396909,-0.993436,0.181276,0.4,0,0,slope_down,0,6.64604e-10,0.999999,3.49887e-07,5.03162e-07,0,1,0
34.6206,8.86038,0.279758,0,-0.0850314,0.965236,0.0868295,-0.113254,0.0141498,-0.993465,0.180958,0.4,0,0,slope_down,0,6.91229e-10,0.999999,9.16175e-07,5.28685e-07,0,1,0
34.6406,8.86624,0.282121,0,-0.0814702,0.962188,0.0845486,-0.109693,0.0195667,-0.993773,0.181155,0.4,0,0,slope_down,0,8.94378e-10,0.999997,1.98058e-06,6.10502e-07,0,1,0
34.6606,8.87187,0.282916,0,-0.0795597,0.960826,0.0804697,-0.107782,0.00841362,-0.994139,0.175646,0.4,0,0,slope_down,0,1.04888e-09,0.999998,8.30511e-07,7.79273e-07,0,1,0
34.6806,8.8804,0.284094,0,-0.0802166,0.960703,0.0804281,-0.108439,-0.00272629,-0.994099,0.173156,0.4,0,0,slope_down,0,1.2901e-09,0.999999,7.90627e-08,1.30303e-06,0,1,0
34.7006,8.88538,0.285157,0,-0.0805956,0.961381,0.0808108,-0.108818,-0.00283945,-0.994058,0.176979,0.4,0,0,slope_down,0,1.24871e-09,0.999999,3.12282e-08,1.44918e-06,0,1,0
34.7206,8.89113,0.286429,0,-0.0798036,0.962266,0.0800668,-0.108026,0.000787852,-0.994148,0.181689,0.4,0,0,slope_down,0,1.78461e-09,0.999999,9.01162e-08,1.38999e-06,0,1,0
34.7407,8.89557,0.287418,0,-0.0794467,0.96298,0.0800056,-0.107669,0.00532026,-0.994173,0.181293,0.4,0,0,slope_down,0,5.70913e-09,0.999999,5.28101e-07,9.52506e-07,0,1,0
34.7607,8.90216,0.288589,0,-0.0797585,0.963842,0.0810563,-0.107981,0.011041,-0.994092,0.179589,0.4,0,0,slope_down,0,1.26631e-08,0.999997,1.4629e-06,1.43338e-06,0,1,0
34.7807,8.90798,0.288762,0,-0.079941,0.963927,0.0815466,-0.108164,0.0128164,-0.994051,0.180138,0.4,0,0,slope_down,0,7.79945e-09,0.999997,9.314e-07,1.54219e-06,0,1,0
34.8007,8.91266,0.288358,0,-0.0807175,0.963401,0.0822119,-0.10894,0.0122449,-0.993973,0.181801,0.4,0,0,slope_down,0,3.24558e-09,0.999998,4.11949e-07,1.15258e-06,0,1,0
34.8207,8.91728,0.287639,0,-0.0823024,0.962294,0.0834303,-0.110525,0.0100504,-0.993823,0.182696,0.4,0,0,slope_down,0,1.64885e-09,0.999999,1.50145e-07,6.25443e-07,0,1,0
34.8407,8.92277,0.286475,0,-0.0850936,0.960188,0.0858292,-0.113316,0.00700593,-0.993534,0.182869,0.4,0,0,slope_down,0,1.27865e-09,0.999999,9.00277e-08,4.84837e-07,0,1,0
34.8607,8.92765,0.28512,0,-0.0881441,0.957637,0.0886524,-0.116367,0.00443232,-0.993196,0.183092,0.4,0,0,slope_down,0,1.37945e-09,0.999999,1.39071e-07,5.4153e-07,0,1,0
34.8807,8.93296,0.283332,0,-0.0915934,0.9542,0.0919883,-0.119816,0.00229776,-0.992793,0.183919,0.4,0,0,slope_down,0,1.95932e-09,0.999999,3.55057e-07,7.63884e-07,0,1,0
34.9007,8.93771,0.281267,0,-0.0948931,0.950349,0.0952596,-0.123116,-0.00544892,-0.992377,0.182887,0.4,0,0,slope_down,0,2.2714e-09,0.999999,6.60952e-07,6.38348e-07,0,1,0
34.9207,8.94218,0.278996,0,-0.0978357,0.946354,0.0992321,-0.126058,-0.0165878,-0.991884,0.181802,0.4,0,0,slope_down,0,1.15825e-09,0.999999,6.7546e-07,4.02657e-07,0,1,0
34.9407,8.94728,0.277276,0,-0.102315,0.941841,0.104523,-0.130538,-0.0215761,-0.991209,0.181917,0.4,0,0,slope_down,0,1.22221e-09,0.999998,1.14295e-06,4.09336e-07,0,1,0
34.9607,8.95207,0.277187,0,-0.107127,0.938968,0.107624,-0.135349,-0.00639124,-0.990777,0.181313,0.4,0,0,slope_down,0,9.5711e-09,0.999992,5.3609e-06,2.12738e-06,0,1,0
34.9807,8.95627,0.275902,0,-0.105852,0.937121,0.106254,-0.134075,-0.00247783,-0.990968,0.180267,0.4,0,0,slope_down,0,3.44803e-08,0.999956,3.7286e-05,7.0639e-06,0,1,0
35.0007,8.95985,0.273692,0,-0.0980609,0.936308,0.0987642,-0.126283,-0.0106517,-0.991937,0.181001,0.4,0,0,slope_down,0,8.92922e-09,0.999997,1.49667e-06,1.8021e-06,0,1,0
35.0207,8.96403,0.272116,0,-0.0918783,0.936495,0.0935951,-0.120101,-0.0183933,-0.992591,0.181927,0.4,0,0,slope_down,0,3.00067e-09,0.999999,1.74477e-07,6.70653e-07,0,1,0
35.0407,8.96854,0.271463,0,-0.0872135,0.936962,0.0899988,-0.115436,-0.0232744,-0.993042,0.179171,0.4,0,0,slope_down,0,1.10457e-09,1,4.78567e-08,3.93407e-07,0,1,0
35.0607,8.97314,0.271133,0,-0.0841665,0.937218,0.0877205,-0.112389,-0.0259787,-0.993325,0.177433,0.4,0,0,slope_down,0,1.15401e-09,0.999999,5.15307e-08,6.31072e-07,0,1,0
35.0807,8.97738,0.271042,0,-0.0821044,0.937147,0.0863228,-0.110327,-0.0280349,-0.9935,0.1773,0.4,0,0,slope_down,0,1.18728e-09,0.999999,4.37329e-08,6.92752e-07,0,1,0
35.1007,8.98278,0.271321,0,-0.081069,0.936603,0.0855262,-0.109291,-0.0286714,-0.993596,0.180356,0.4,0,0,slope_down,0,8.18773e-10,0.999999,3.72858e-08,7.46099e-07,0,1,0
35.1207,8.98782,0.27211,0,-0.080891,0.935604,0.0851948,-0.109113,-0.0281543,-0.993631,0.182968,0.4,0,0,slope_down,0,6.91893e-10,0.999999,3.54452e-08,7.86715e-07,0,1,0
35.1407,8.99305,0.273436,0,-0.0810248,0.934104,0.0845472,-0.109247,-0.025498,-0.993688,0.185793,0.4,0,0,slope_down,0,4.60522e-10,0.999999,3.14801e-08,5.90665e-07,0,1,0
35.1607,8.99843,0.275161,0,-0.0809436,0.932146,0.0830719,-0.109166,-0.0198343,-0.993826,0.189128,0.4,0,0,slope_down,0,3.73352e-10,1,3.15257e-08,4.42043e-07,0,1,0
35.1807,9.00409,0.27727,0,-0.0807451,0.929945,0.0816526,-0.108968,-0.0127514,-0.993963,0.190291,0.4,0,0,slope_down,0,3.73412e-10,1,4.6067e-08,4.2017e-07,0,1,0
35.2007,9.01017,0.27965,0,-0.0806963,0.92767,0.080945,-0.108919,-0.00454456,-0.99404,0.190461,0.4,0,0,slope_down,0,3.69597e-10,1,8.09395e-08,4.14286e-07,0,1,0
35.2207,9.01655,0.282095,0,-0.0801478,0.925305,0.0805408,-0.10837,0.00324293,-0.994105,0.189586,0.4,0,0,slope_down,0,2.54978e-10,0.999999,1.72249e-07,4.65442e-07,0,1,0
35.2407,9.02204,0.283939,0,-0.07703,0.923004,0.0778734,-0.105253,0.00785811,-0.994414,0.188224,0.4,0,0,slope_down,0,2.16562e-10,0.999999,2.49217e-07,4.34368e-07,0,1,0
35.2607,9.02897,0.284142,0,-0.0743677,0.921943,0.0745694,-0.10259,-0.00410244,-0.994715,0.185312,0.4,0,0,slope_down,0,1.68693e-10,0.999999,1.47802e-07,4.69118e-07,0,1,0
35.2807,9.03543,0.284772,0,-0.0744144,0.922116,0.0750391,-0.102637,-0.0103255,-0.994665,0.183692,0.4,0,0,slope_down,0,4.08019e-10,0.999999,3.51178e-08,1.03098e-06,0,1,0
35.3007,9.04154,0.28543,0,-0.0747445,0.922601,0.0754751,-0.102967,-0.0112437,-0.994621,0.186279,0.4,0,0,slope_down,0,8.144e-10,0.999999,2.24413e-08,1.2219e-06,0,1,0
35.3207,9.048,0.286092,0,-0.0757847,0.923151,0.0761496,-0.104007,-0.00738216,-0.994549,0.191314,0.4,0,0,slope_down,0,2.71746e-09,0.999999,9.07624e-08,1.38587e-06,0,1,0
35.3407,9.05308,0.286659,0,-0.0771827,0.923544,0.0773791,-0.105405,-0.00283746,-0.994425,0.19277,0.4,0,0,slope_down,0,7.76488e-09,0.999998,3.83632e-07,1.61849e-06,0,1,0
35.3607,9.05842,0.286979,0,-0.0783739,0.923662,0.0786525,-0.106596,0.00134824,-0.994301,0.193081,0.4,0,0,slope_down,0,8.80534e-09,0.999997,6.02937e-07,1.90163e-06,0,1,0
35.3807,9.06353,0.286771,0,-0.0790719,0.923247,0.0794713,-0.107294,0.00339289,-0.994222,0.19335,0.4,0,0,slope_down,0,5.77412e-09,0.999997,5.14103e-07,1.93793e-06,0,1,0
35.4007,9.06858,0.286056,0,-0.0805016,0.922141,0.0808757,-0.108724,0.00293413,-0.994068,0.193903,0.4,0,0,slope_down,0,3.16888e-09,0.999998,3.07003e-07,1.44866e-06,0,1,0
35.4207,9.07372,0.284942,0,-0.0832053,0.92035,0.0834932,-0.111428,0.0009853,-0.993772,0.194622,0.4,0,0,slope_down,0,2.17323e-09,0.999999,1.48843e-07,1.13981e-06,0,1,0
35.4407,9.07879,0.283529,0,-0.0865385,0.917885,0.0867958,-0.114761,-0.00108462,-0.993393,0.194989,0.4,0,0,slope_down,0,1.56331e-09,0.999999,1.09384e-07,6.5122e-07,0,1,0
35.4607,9.08416,0.281621,0,-0.0899472,0.914435,0.0902266,-0.11817,-0.00319344,-0.992988,0.194981,0.4,0,0,slope_down,0,1.83205e-09,0.999999,1.97625e-07,9.05152e-07,0,1,0
35.4807,9.08857,0.279802,0,-0.0926524,0.911088,0.0929873,-0.120875,-0.00492359,-0.992656,0.195161,0.4,0,0,slope_down,0,2.54436e-09,0.999998,4.28396e-07,1.09487e-06,0,1,0
35.5007,9.09405,0.277223,0,-0.0962974,0.906107,0.0970446,-0.12452,-0.0112137,-0.992154,0.194174,0.4,0,0,slope_down,0,2.58023e-09,0.999999,6.45548e-07,7.38417e-07,0,1,0
35.5207,9.09819,0.275027,0,-0.0991589,0.901769,0.101457,-0.127381,-0.0218856,-0.991612,0.191894,0.4,0,0,slope_down,0,2.25364e-09,0.999998,9.47765e-07,5.53771e-07,0,1,0
35.5407,9.10359,0.274,0,-0.104453,0.897246,0.105333,-0.132675,-0.0122662,-0.991084,0.192537,0.4,0,0,slope_down,0,1.0212e-09,0.999999,4.08575e-07,4.5557e-07,0,1,0
35.5607,9.10859,0.273207,0,-0.108876,0.894691,0.109346,-0.137098,0.000787681,-0.990557,0.192826,0.4,0,0,slope_down,0,1.57614e-08,0.99999,7.26272e-06,2.84352e-06,0,1,0
35.5807,9.11251,0.271238,0,-0.10458,0.89317,0.104974,-0.132802,-0.0011616,-0.991142,0.192944,0.4,0,0,slope_down,0,1.12371e-08,0.999994,2.93074e-06,3.50402e-06,0,1,0
35.6007,9.11639,0.269377,0,-0.0985918,0.892802,0.0990732,-0.126814,-0.00744157,-0.991899,0.193814,0.4,0,0,slope_down,0,5.03585e-09,0.999999,2.50893e-07,1.14905e-06,0,1,0
35.6207,9.12024,0.268438,0,-0.0934532,0.893175,0.0944174,-0.121676,-0.0133094,-0.992481,0.193304,0.4,0,0,slope_down,0,1.84667e-09,0.999999,5.8425e-08,5.64956e-07,0,1,0
35.6407,9.12509,0.267976,0,-0.0888514,0.893822,0.0904367,-0.117074,-0.0174954,-0.992969,0.191032,0.4,0,0,slope_down,0,1.00947e-09,1,2.83298e-08,4.4484e-07,0,1,0
35.6607,9.12952,0.267901,0,-0.0852168,0.894159,0.0872293,-0.113439,-0.0195887,-0.993352,0.190133,0.4,0,0,slope_down,0,9.57036e-10,0.999999,2.86546e-08,5.60514e-07,0,1,0
35.6807,9.13362,0.268131,0,-0.0829834,0.894114,0.0853649,-0.111206,-0.0211528,-0.993572,0.190031,0.4,0,0,slope_down,0,9.93718e-10,0.999999,3.14273e-08,6.89818e-07,0,1,0
35.7007,9.13888,0.268882,0,-0.0819286,0.893579,0.0844498,-0.110151,-0.0216711,-0.993679,0.191918,0.4,0,0,slope_down,0,8.20733e-10,0.999999,3.4664e-08,7.91467e-07,0,1,0
35.7207,9.14436,0.270227,0,-0.0818257,0.892471,0.0841688,-0.110048,-0.0208844,-0.993707,0.193921,0.4,0,0,slope_down,0,6.1705e-10,0.999999,3.636e-08,7.63245e-07,0,1,0
35.7407,9.14903,0.271743,0,-0.082014,0.89111,0.0837829,-0.110237,-0.0181389,-0.99374,0.195663,0.4,0,0,slope_down,0,4.79808e-10,0.999999,3.70944e-08,5.76459e-07,0,1,0
35.7607,9.1544,0.273812,0,-0.0820734,0.889152,0.0829468,-0.110296,-0.0125146,-0.99382,0.197254,0.4,0,0,slope_down,0,4.38082e-10,0.999999,5.09569e-08,4.99712e-07,0,1,0
35.7807,9.16014,0.276193,0,-0.0823683,0.886928,0.0826607,-0.110591,-0.00554309,-0.993851,0.197939,0.4,0,0,slope_down,0,4.9446e-10,0.999999,9.25221e-08,4.94444e-07,0,1,0
35.8007,9.16627,0.278801,0,-0.0825859,0.884514,0.0829634,-0.110808,0.00284296,-0.993838,0.197864,0.4,0,0,slope_down,0,4.76905e-10,0.999999,2.14722e-07,5.73367e-07,0,1,0
35.8207,9.17248,0.281486,0,-0.0809986,0.881819,0.0823881,-0.109221,0.0116535,-0.993949,0.196381,0.4,0,0,slope_down,0,4.7326e-10,0.999999,5.1685e-07,5.13543e-07,0,1,0
35.8407,9.1786,0.283419,0,-0.0774147,0.879263,0.0791765,-0.105637,0.0134612,-0.994314,0.194853,0.4,0,0,slope_down,0,6.02069e-10,0.999998,1.11903e-06,5.67609e-07,0,1,0
35.8607,9.18519,0.283792,0,-0.0761998,0.878253,0.0764186,-0.104422,5.08036e-05,-0.994533,0.190634,0.4,0,0,slope_down,0,4.97912e-10,0.999999,2.46562e-07,8.31823e-07,0,1,0
35.8807,9.19116,0.284656,0,-0.0773177,0.87836,0.0775571,-0.10554,-0.00483301,-0.994403,0.191051,0.4,0,0,slope_down,0,6.57598e-10,0.999999,5.38598e-08,1.07748e-06,0,1,0
35.9007,9.19806,0.285853,0,-0.0781284,0.879012,0.0783774,-0.106351,-0.00498874,-0.994316,0.194181,0.4,0,0,slope_down,0,1.28652e-09,0.999999,5.39567e-08,1.40611e-06,0,1,0
35.9207,9.20391,0.286795,0,-0.0783076,0.879651,0.0785075,-0.10653,-0.00192923,-0.994308,0.19651,0.4,0,0,slope_down,0,4.82548e-09,0.999998,2.71049e-07,1.69657e-06,0,1,0
35.9407,9.20964,0.287607,0,-0.0791707,0.880287,0.0795186,-0.107393,0.0026093,-0.994213,0.197135,0.4,0,0,slope_down,0,1.01311e-08,0.999998,8.33401e-07,1.35595e-06,0,1,0
35.9607,9.21516,0.287996,0,-0.0798552,0.88061,0.0805304,-0.108078,0.00647483,-0.994121,0.197214,0.4,0,0,slope_down,0,1.01825e-08,0.999997,1.10633e-06,1.62445e-06,0,1,0
35.9807,9.22046,0.28783,0,-0.0802109,0.880418,0.0811299,-0.108433,0.00849991,-0.994067,0.197446,0.4,0,0,slope_down,0,6.44036e-09,0.999998,7.86628e-07,1.60674e-06,0,1,0
36.0007,9.22569,0.28709,0,-0.0811136,0.879529,0.0819116,-0.109336,0.00755003,-0.993976,0.198167,0.4,0,0,slope_down,0,3.38428e-09,0.999998,3.90713e-07,1.13844e-06,0,1,0
36.0207,9.23038,0.286073,0,-0.082916,0.878096,0.0834153,-0.111139,0.00455639,-0.993795,0.198373,0.4,0,0,slope_down,0,1.88208e-09,0.999999,1.66833e-07,7.08174e-07,0,1,0
36.0407,9.23609,0.284565,0,-0.08575,0.875611,0.0860708,-0.113973,0.00144366,-0.993483,0.198171,0.4,0,0,slope_down,0,1.47325e-09,0.999999,1.10074e-07,4.92891e-07,0,1,0
36.0607,9.24119,0.282892,0,-0.0890038,0.872721,0.089275,-0.117226,-0.00132282,-0.993104,0.198215,0.4,0,0,slope_down,0,1.57498e-09,0.999999,1.7384e-07,6.33357e-07,0,1,0
36.0807,9.24625,0.280965,0,-0.0924662,0.86928,0.0927662,-0.120689,-0.00341695,-0.992685,0.199176,0.4,0,0,slope_down,0,1.76999e-09,0.999999,3.20877e-07,6.9275e-07,0,1,0
36.1007,9.25134,0.278721,0,-0.0957535,0.865023,0.0963606,-0.123976,-0.00960936,-0.992239,0.198459,0.4,0,0,slope_down,0,2.36382e-09,0.999999,7.95043e-07,5.80478e-07,0,1,0
36.1207,9.25651,0.276245,0,-0.098778,0.859739,0.100812,-0.127001,-0.0204744,-0.991691,0.196007,0.4,0,0,slope_down,0,2.40445e-09,0.999998,1.17071e-06,4.71911e-07,0,1,0
36.1407,9.26137,0.275568,0,-0.103473,0.8556,0.10423,-0.131695,-0.0109747,-0.99123,0.195628,0.4,0,0,slope_down,0,1.79055e-09,0.999999,6.66218e-07,7.05531e-07,0,1,0
36.1607,9.26659,0.274786,0,-0.108992,0.853057,0.109457,-0.137215,0.000567274,-0.990541,0.195656,0.4,0,0,slope_down,0,2.14367e-08,0.999983,1.29973e-05,3.89181e-06,0,1,0
36.1807,9.27112,0.272718,0,-0.105517,0.851419,0.105919,-0.13374,-0.00125878,-0.991016,0.196192,0.4,0,0,slope_down,0,1.36192e-08,0.999984,1.11631e-05,4.52601e-06,0,1,0
36.2007,9.27433,0.271042,0,-0.0979105,0.850979,0.0984269,-0.126133,-0.00813765,-0.99198,0.196471,0.4,0,0,slope_down,0,6.27122e-09,0.999999,4.19134e-07,9.4609e-07,0,1,0
36.2207,9.27854,0.270088,0,-0.0919704,0.851339,0.0930547,-0.120193,-0.0142607,-0.992648,0.195644,0.4,0,0,slope_down,0,3.01151e-09,0.999999,1.18081e-07,6.53018e-07,0,1,0
36.2407,9.28295,0.269672,0,-0.0871064,0.851906,0.0889226,-0.115329,-0.0186933,-0.993151,0.194184,0.4,0,0,slope_down,0,1.37975e-09,0.999999,5.76818e-08,5.58412e-07,0,1,0
36.2607,9.2874,0.269553,0,-0.0827748,0.852232,0.0851913,-0.110997,-0.0212909,-0.993593,0.193807,0.4,0,0,slope_down,0,1.15458e-09,0.999999,4.85506e-08,6.6226e-07,0,1,0
36.2807,9.292,0.269827,0,-0.0798395,0.852148,0.0826874,-0.108062,-0.0228221,-0.993882,0.193976,0.4,0,0,slope_down,0,9.88099e-10,0.999999,4.20413e-08,7.17933e-07,0,1,0
36.3007,9.29688,0.270571,0,-0.0787688,0.851687,0.0818322,-0.106991,-0.0235456,-0.993981,0.195285,0.4,0,0,slope_down,0,7.69687e-10,0.999999,3.90968e-08,7.83162e-07,0,1,0
36.3207,9.30137,0.27164,0,-0.0782918,0.850851,0.0812144,-0.106514,-0.0229522,-0.994046,0.197439,0.4,0,0,slope_down,0,5.42234e-10,0.999999,3.60682e-08,7.77871e-07,0,1,0
36.3407,9.30705,0.273463,0,-0.0781588,0.849265,0.0803784,-0.106381,-0.0200224,-0.994124,0.199975,0.4,0,0,slope_down,0,3.99372e-10,0.999999,3.43044e-08,5.79727e-07,0,1,0
36.3607,9.31303,0.275776,0,-0.0782892,0.847172,0.0794849,-0.106512,-0.0146747,-0.994203,0.201743,0.4,0,0,slope_down,0,3.84705e-10,0.999999,4.41304e-08,5.21913e-07,0,1,0
36.3807,9.31813,0.277964,0,-0.077994,0.845145,0.0782944,-0.106216,-0.006171,-0.994324,0.20224,0.4,0,0,slope_down,0,4.06293e-10,0.999999,8.67861e-08,5.36031e-07,0,1,0
36.4007,9.32416,0.280538,0,-0.0778873,0.842729,0.078125,-0.10611,0.000376893,-0.994354,0.201959,0.4,0,0,slope_down,0,4.79094e-10,0.999999,1.56736e-07,4.51385e-07,0,1,0
36.4207,9.33051,0.283211,0,-0.0773071,0.840072,0.0781899,-0.10553,0.00816428,-0.994383,0.200823,0.4,0,0,slope_down,0,3.46588e-10,0.999999,3.52636e-07,6.15741e-07,0,1,0
36.4407,9.3366,0.284844,0,-0.0744716,0.837801,0.0752297,-0.102694,0.00713629,-0.994687,0.197927,0.4,0,0,slope_down,0,3.85949e-10,0.999999,6.07568e-07,5.33443e-07,0,1,0
36.4607,9.34321,0.285266,0,-0.0745141,0.836991,0.0747364,-0.102737,-0.00474497,-0.994697,0.193461,0.4,0,0,slope_down,0,4.70587e-10,0.999999,1.50614e-07,1.04764e-06,0,1,0
36.4807,9.34974,0.286186,0,-0.0762596,0.837139,0.0766338,-0.104482,-0.00749038,-0.994499,0.195778,0.4,0,0,slope_down,0,5.5584e-10,0.999999,4.54463e-08,1.20105e-06,0,1,0
36.5007,9.35535,0.286889,0,-0.0778305,0.837489,0.0782418,-0.106053,-0.00794198,-0.994329,0.199537,0.4,0,0,slope_down,0,1.51312e-09,0.999999,6.2683e-08,1.34622e-06,0,1,0
36.5207,9.36171,0.287677,0,-0.0786963,0.837978,0.0789554,-0.106919,-0.00517129,-0.994254,0.201761,0.4,0,0,slope_down,0,4.36769e-09,0.999998,2.371e-07,1.46318e-06,0,1,0
36.5407,9.36727,0.288289,0,-0.0795985,0.838428,0.0798212,-0.107821,-0.000573572,-0.99417,0.201982,0.4,0,0,slope_down,0,9.36877e-09,0.999998,6.73915e-07,1.24435e-06,0,1,0
36.5607,9.37269,0.288379,0,-0.0803545,0.838581,0.0807147,-0.108577,0.00273502,-0.994084,0.202213,0.4,0,0,slope_down,0,8.02129e-09,0.999998,7.60324e-07,1.51375e-06,0,1,0
36.5807,9.37793,0.287915,0,-0.0808584,0.838211,0.0813194,-0.109081,0.00414465,-0.994024,0.202438,0.4,0,0,slope_down,0,4.85758e-09,0.999998,5.22492e-07,1.48259e-06,0,1,0
36.6007,9.38322,0.286969,0,-0.0823978,0.837224,0.0828424,-0.11062,0.00385697,-0.993855,0.203581,0.4,0,0,slope_down,0,3.55319e-09,0.999998,3.40463e-07,1.31252e-06,0,1,0
36.6207,9.38853,0.28563,0,-0.0849332,0.835492,0.0852438,-0.113156,0.00129368,-0.993576,0.204373,0.4,0,0,slope_down,0,1.95101e-09,0.999999,1.74742e-07,7.45764e-07,0,1,0
36.6407,9.39369,0.284088,0,-0.0877737,0.83307,0.0880438,-0.115996,-0.000716595,-0.993249,0.204932,0.4,0,0,slope_down,0,1.63242e-09,0.999999,1.35383e-07,5.91871e-07,0,1,0
36.6607,9.39823,0.282458,0,-0.0904082,0.830329,0.0906891,-0.118631,-0.00309532,-0.992934,0.204628,0.4,0,0,slope_down,0,1.91455e-09,0.999999,2.4298e-07,7.74773e-07,0,1,0
36.6807,9.4038,0.280118,0,-0.0940391,0.826338,0.0944649,-0.122262,-0.0069628,-0.992473,0.204486,0.4,0,0,slope_down,0,2.34639e-09,0.999999,4.5653e-07,8.99717e-07,0,1,0
36.7007,9.40902,0.277634,0,-0.0975455,0.821938,0.0985554,-0.125768,-0.0136606,-0.991966,0.204128,0.4,0,0,slope_down,0,2.14778e-09,0.999999,7.30859e-07,6.50504e-07,0,1,0
36.7207,9.41428,0.275059,0,-0.100494,0.816508,0.103134,-0.128717,-0.0236443,-0.991399,0.202281,0.4,0,0,slope_down,0,2.22163e-09,0.999998,1.25092e-06,4.5787e-07,0,1,0
36.7407,9.41955,0.274353,0,-0.104879,0.81226,0.105549,-0.133101,-0.00976334,-0.991054,0.201577,0.4,0,0,slope_down,0,3.2443e-09,0.999998,1.09444e-06,1.19686e-06,0,1,0
36.7607,9.42385,0.273272,0,-0.106675,0.810107,0.107085,-0.134898,-0.00243931,-0.990856,0.201425,0.4,0,0,slope_down,0,1.85407e-08,0.999984,1.23362e-05,3.76008e-06,0,1,0
36.7807,9.42799,0.271311,0,-0.103178,0.808827,0.103606,-0.131401,-0.00535059,-0.991315,0.202106,0.4,0,0,slope_down,0,8.87005e-09,0.999996,1.75167e-06,2.58729e-06,0,1,0
36.8007,9.43224,0.269684,0,-0.0977847,0.808667,0.098625,-0.126007,-0.0121096,-0.991955,0.202814,0.4,0,0,slope_down,0,4.33745e-09,0.999998,3.46449e-07,1.44509e-06,0,1,0
36.8207,9.43661,0.268806,0,-0.0928898,0.809056,0.094382,-0.121112,-0.0170833,-0.992492,0.201121,0.4,0,0,slope_down,0,1.93719e-09,0.999999,6.36641e-08,5.8323e-07,0,1,0
36.8407,9.44102,0.268386,0,-0.0882206,0.809438,0.0903231,-0.116443,-0.0202362,-0.992991,0.199565,0.4,0,0,slope_down,0,1.26185e-09,0.999999,3.47635e-08,5.17273e-07,0,1,0
36.8607,9.44554,0.268315,0,-0.0845963,0.80953,0.0871759,-0.112819,-0.0221639,-0.993368,0.199047,0.4,0,0,slope_down,0,1.19066e-09,0.999999,3.39777e-08,6.11613e-07,0,1,0
36.8807,9.45028,0.2687,0,-0.0826399,0.809203,0.0854822,-0.110862,-0.0230812,-0.993568,0.199107,0.4,0,0,slope_down,0,1.12071e-09,0.999999,3.75468e-08,7.29032e-07,0,1,0
36.9007,9.4553,0.269571,0,-0.0824328,0.808469,0.0853956,-0.110655,-0.0235431,-0.99358,0.199516,0.4,0,0,slope_down,0,1.11791e-09,0.999999,4.24186e-08,7.62136e-07,0,1,0
36.9207,9.46105,0.27105,0,-0.0827149,0.807164,0.0854389,-0.110937,-0.0226039,-0.99357,0.201562,0.4,0,0,slope_down,0,7.35454e-10,0.999999,4.76345e-08,7.53452e-07,0,1,0
36.9407,9.46592,0.27267,0,-0.0829087,0.805698,0.0849078,-0.111131,-0.0193608,-0.993617,0.204089,0.4,0,0,slope_down,0,5.16619e-10,0.999999,4.96796e-08,5.3625e-07,0,1,0
36.9607,9.47151,0.274873,0,-0.0827484,0.803689,0.0837594,-0.110971,-0.0135675,-0.993731,0.20581,0.4,0,0,slope_down,0,5.49402e-10,0.999999,6.76288e-08,5.11967e-07,0,1,0
36.9807,9.47736,0.277406,0,-0.0821686,0.801361,0.0824677,-0.110391,-0.00570824,-0.993872,0.206301,0.4,0,0,slope_down,0,6.0274e-10,0.999999,1.40316e-07,5.24795e-07,0,1,0
37.0007,9.48359,0.280107,0,-0.0813741,0.79888,0.081722,-0.109597,0.00244862,-0.993973,0.206148,0.4,0,0,slope_down,0,6.39666e-10,0.999999,2.80557e-07,4.77307e-07,0,1,0
37.0207,9.49009,0.282908,0,-0.0798681,0.796189,0.0810335,-0.108091,0.0102146,-0.994089,0.204567,0.4,0,0,slope_down,0,5.2793e-10,0.999999,6.43067e-07,5.81699e-07,0,1,0
37.0407,9.49638,0.284482,0,-0.0762309,0.794052,0.0770469,-0.104453,0.00762958,-0.994501,0.202944,0.4,0,0,slope_down,0,5.52684e-10,0.999998,1.09137e-06,6.06731e-07,0,1,0
37.0607,9.50313,0.284903,0,-0.0755172,0.793509,0.0757922,-0.10374,-0.0058771,-0.994587,0.198997,0.4,0,0,slope_down,0,4.99251e-10,0.999999,1.65641e-07,1.04639e-06,0,1,0
37.0807,9.50905,0.28582,0,-0.0760435,0.793682,0.0765559,-0.104266,-0.00920575,-0.994507,0.199759,0.4,0,0,slope_down,0,5.51482e-10,0.999999,4.7405e-08,7.52065e-07,0,1,0
37.1007,9.51611,0.286768,0,-0.077793,0.794126,0.0782807,-0.106016,-0.00889385,-0.994325,0.204585,0.4,0,0,slope_down,0,1.62763e-09,0.999999,7.83424e-08,1.18269e-06,0,1,0
37.1207,9.52204,0.287619,0,-0.0786799,0.79462,0.0789455,-0.106902,-0.0053457,-0.994255,0.20655,0.4,0,0,slope_down,0,5.43091e-09,0.999998,3.51894e-07,1.39718e-06,0,1,0
37.1407,9.52768,0.288283,0,-0.0793158,0.795081,0.0795389,-0.107538,-0.000461147,-0.994201,0.206798,0.4,0,0,slope_down,0,1.06031e-08,0.999998,8.36684e-07,1.30588e-06,0,1,0
37.1607,9.53319,0.288448,0,-0.0799727,0.795262,0.0803843,-0.108195,0.00352461,-0.994123,0.207186,0.4,0,0,slope_down,0,9.0238e-09,0.999997,9.02335e-07,1.58862e-06,0,1,0
37.1807,9.53856,0.288031,0,-0.0806318,0.79495,0.0812093,-0.108854,0.00549374,-0.994043,0.207756,0.4,0,0,slope_down,0,5.36367e-09,0.999998,5.73155e-07,1.41433e-06,0,1,0
37.2007,9.54392,0.287056,0,-0.0819385,0.79395,0.0824714,-0.110161,0.00497975,-0.993901,0.209273,0.4,0,0,slope_down,0,3.08438e-09,0.999999,2.99599e-07,1.04648e-06,0,1,0
37.2207,9.54877,0.285855,0,-0.0839798,0.792389,0.0843536,-0.112202,0.00267903,-0.993682,0.210109,0.4,0,0,slope_down,0,1.85203e-09,0.999999,1.51802e-07,6.47122e-07,0,1,0
37.2407,9.55464,0.284076,0,-0.0872073,0.78969,0.0874677,-0.11543,-0.00116967,-0.993315,0.209948,0.4,0,0,slope_down,0,1.4672e-09,0.999999,1.05539e-07,4.82007e-07,0,1,0
37.2607,9.56003,0.282121,0,-0.0909607,0.786622,0.0912514,-0.119183,-0.00352354,-0.992866,0.211447,0.4,0,0,slope_down,0,1.47636e-09,0.999999,1.51722e-07,7.18911e-07,0,1,0
37.2807,9.56536,0.279959,0,-0.0947621,0.782896,0.0951367,-0.122985,-0.00568234,-0.992392,0.212807,0.4,0,0,slope_down,0,2.41194e-09,0.999999,5.13315e-07,8.59547e-07,0,1,0
37.3007,9.57054,0.277455,0,-0.0972056,0.778348,0.0980373,-0.125428,-0.0120489,-0.99203,0.211482,0.4,0,0,slope_down,0,2.64637e-09,0.999998,8.96109e-07,6.51368e-07,0,1,0
37.3207,9.57592,0.274739,0,-0.100152,0.772825,0.102826,-0.128374,-0.0237876,-0.99144,0.209408,0.4,0,0,slope_down,0,1.78846e-09,0.999998,1.07882e-06,4.23351e-07,0,1,0
37.3407,9.58099,0.273899,0,-0.104993,0.768658,0.105991,-0.133215,-0.0134142,-0.990996,0.209357,0.4,0,0,slope_down,0,1.66784e-09,0.999998,7.18419e-07,7.72107e-07,0,1,0
37.3607,9.58618,0.272697,0,-0.109408,0.766103,0.109846,-0.13763,-0.00305485,-0.990479,0.208717,0.4,0,0,slope_down,0,1.34139e-08,0.999991,6.2102e-06,2.38974e-06,0,1,0
37.3807,9.59023,0.270281,0,-0.104325,0.764604,0.104801,-0.132547,-0.00644133,-0.991156,0.208737,0.4,0,0,slope_down,0,1.07494e-08,0.999995,2.27581e-06,2.88657e-06,0,1,0
37.4007,9.59399,0.268329,0,-0.0979768,0.764328,0.0988765,-0.126199,-0.0126753,-0.991924,0.209604,0.4,0,0,slope_down,0,6.60706e-09,0.999998,3.84141e-07,1.38703e-06,0,1,0
37.4207,9.59905,0.266886,0,-0.0936143,0.764908,0.095264,-0.121837,-0.0180722,-0.992386,0.207973,0.4,0,0,slope_down,0,2.4065e-09,0.999999,8.15147e-08,6.34432e-07,0,1,0
37.4407,9.60372,0.266143,0,-0.0886565,0.765638,0.0913893,-0.116879,-0.0231762,-0.992876,0.205026,0.4,0,0,slope_down,0,1.25541e-09,1,3.79259e-08,4.75657e-07,0,1,0
37.4607,9.60837,0.265695,0,-0.0844202,0.766093,0.0879603,-0.112643,-0.0259575,-0.993296,0.203979,0.4,0,0,slope_down,0,1.08321e-09,0.999999,3.00181e-08,5.15207e-07,0,1,0
37.4807,9.61314,0.265606,0,-0.0813624,0.766084,0.0854438,-0.109585,-0.0274791,-0.993598,0.204426,0.4,0,0,slope_down,0,9.9988e-10,0.999999,3.00841e-08,6.31232e-07,0,1,0
37.5007,9.6182,0.265991,0,-0.080299,0.765646,0.0846791,-0.108521,-0.0283193,-0.993691,0.205745,0.4,0,0,slope_down,0,8.32714e-10,0.999999,3.19053e-08,7.04955e-07,0,1,0
37.5207,9.62346,0.266845,0,-0.0801814,0.764721,0.0845705,-0.108404,-0.0283305,-0.993703,0.207551,0.4,0,0,slope_down,0,5.79574e-10,0.999999,3.53504e-08,6.99707e-07,0,1,0
37.5407,9.62887,0.268139,0,-0.080263,0.763273,0.083933,-0.108486,-0.0259316,-0.99376,0.209978,0.4,0,0,slope_down,0,4.05788e-10,1,3.58442e-08,4.98333e-07,0,1,0
37.5607,9.63504,0.270045,0,-0.0800274,0.761175,0.0822431,-0.10825,-0.020161,-0.993919,0.211495,0.4,0,0,slope_down,0,3.75343e-10,1,4.91063e-08,4.20761e-07,0,1,0
37.5807,9.6397,0.271682,0,-0.0796659,0.759417,0.0810298,-0.107888,-0.0157619,-0.994038,0.21184,0.4,0,0,slope_down,0,4.72763e-10,1,8.25828e-08,4.08248e-07,0,1,0
37.6007,9.64807,0.274709,0,-0.0803424,0.756584,0.0806215,-0.108565,-0.00547628,-0.994074,0.212817,0.4,0,0,slope_down,0,3.93631e-10,0.999999,1.67769e-07,4.63928e-07,0,1,0
37.6207,9.65259,0.276437,0,-0.0791844,0.754936,0.0794451,-0.107407,0.000828596,-0.994215,0.211858,0.4,0,0,slope_down,0,4.09189e-10,0.999999,3.31296e-07,4.58379e-07,0,1,0
37.6407,9.6598,0.278974,0,-0.0762347,0.752191,0.0770802,-0.104457,0.00785324,-0.994498,0.209204,0.4,0,0,slope_down,0,3.69449e-10,0.999999,6.26927e-07,5.1653e-07,0,1,0
37.6607,9.66623,0.27949,0,-0.0724041,0.750971,0.0726075,-0.100627,0.000114686,-0.994924,0.206462,0.4,0,0,slope_down,0,3.71124e-10,0.999998,1.05321e-06,5.23747e-07,0,1,0
37.6807,9.67447,0.279932,0,-0.0718819,0.751509,0.0724536,-0.100104,-0.00981191,-0.994929,0.205397,0.4,0,0,slope_down,0,5.36705e-10,0.999998,1.14956e-07,1.69767e-06,0,1,0
37.7007,9.67901,0.280476,0,-0.0712064,0.752276,0.0718833,-0.0994289,-0.010742,-0.994987,0.208434,0.4,0,0,slope_down,0,5.35694e-10,0.999999,3.23214e-08,5.54767e-07,0,1,0
37.7207,9.68501,0.281364,0,-0.0696585,0.753161,0.070038,-0.097881,-0.00776999,-0.995168,0.211638,0.4,0,0,slope_down,0,8.36517e-10,0.999999,6.31454e-08,5.06046e-07,0,1,0
37.7407,9.69133,0.282527,0,-0.0694837,0.753873,0.06964,-0.0977062,-0.00281306,-0.995211,0.211315,0.4,0,0,slope_down,0,5.09806e-09,0.999999,5.1066e-07,8.60133e-07,0,1,0
37.7607,9.69701,0.283317,0,-0.0704972,0.754146,0.0707119,-0.0987197,0.000673313,-0.995115,0.210939,0.4,0,0,slope_down,0,8.91124e-09,0.999998,1.0015e-06,1.2948e-06,0,1,0
37.7807,9.70195,0.283641,0,-0.0722311,0.753932,0.0726658,-0.100454,0.00405971,-0.994933,0.211347,0.4,0,0,slope_down,0,9.27927e-09,0.999997,1.23757e-06,2.2469e-06,0,1,0
37.8007,9.7077,0.283393,0,-0.0736435,0.752802,0.074087,-0.101866,0.00414036,-0.99479,0.211797,0.4,0,0,slope_down,0,5.7033e-09,0.999997,8.91471e-07,2.02157e-06,0,1,0
37.8207,9.71296,0.282712,0,-0.076106,0.751004,0.0764241,-0.104329,0.0023095,-0.99454,0.212023,0.4,0,0,slope_down,0,4.25364e-09,0.999998,4.96107e-07,1.53368e-06,0,1,0
37.8407,9.7177,0.281742,0,-0.0799112,0.748796,0.0801301,-0.108134,-0.000914932,-0.994136,0.211799,0.4,0,0,slope_down,0,2.84586e-09,0.999999,2.58289e-07,9.55751e-07,0,1,0
37.8607,9.7239,0.279991,0,-0.0847751,0.74506,0.0850385,-0.112998,-0.00421984,-0.993586,0.211403,0.4,0,0,slope_down,0,2.40329e-09,0.999999,2.96641e-07,8.53868e-07,0,1,0
37.8807,9.7281,0.278491,0,-0.0884249,0.742168,0.0887977,-0.116647,-0.00655651,-0.993152,0.211803,0.4,0,0,slope_down,0,2.76478e-09,0.999998,5.91326e-07,1.07476e-06,0,1,0
37.9007,9.73388,0.27639,0,-0.0933519,0.737509,0.0939078,-0.121574,-0.00908756,-0.992541,0.213373,0.4,0,0,slope_down,0,4.49123e-09,0.999997,1.8173e-06,1.10946e-06,0,1,0
37.9207,9.7388,0.275655,0,-0.0979893,0.734121,0.0983304,-0.126212,-0.00332524,-0.991998,0.211836,0.4,0,0,slope_down,0,3.02557e-09,0.999997,7.48014e-07,2.23357e-06,0,1,0
37.9407,9.74345,0.274319,0,-0.0989351,0.731706,0.099276,-0.127158,-0.00213839,-0.99188,0.209509,0.4,0,0,slope_down,0,5.80953e-09,0.999993,3.19839e-06,3.44789e-06,0,1,0
37.9607,9.74707,0.273195,0,-0.0941555,0.730918,0.0945274,-0.122378,0.00141583,-0.992483,0.208212,0.4,0,0,slope_down,0,4.97934e-09,0.999993,2.28737e-06,4.28094e-06,0,1,0
37.9807,9.75086,0.272204,0,-0.0889569,0.731005,0.0892837,-0.117179,0.00110606,-0.99311,0.211969,0.4,0,0,slope_down,0,1.86972e-09,0.999996,5.81165e-07,2.94585e-06,0,1,0
38.0007,9.75473,0.271864,0,-0.0841755,0.731743,0.0845063,-0.112398,-0.00618403,-0.993644,0.212705,0.4,0,0,slope_down,0,3.24965e-09,0.999996,3.01484e-07,3.39303e-06,0,1,0
38.0207,9.75827,0.272093,0,-0.0807492,0.732768,0.081819,-0.108972,-0.0139376,-0.993947,0.211912,0.4,0,0,slope_down,0,2.16702e-09,0.999996,4.96477e-07,3.3758e-06,0,1,0
38.0407,9.76239,0.272947,0,-0.0769626,0.733973,0.0791056,-0.105185,-0.0195739,-0.99426,0.211648,0.4,0,0,slope_down,0,1.27035e-09,0.999997,8.34263e-07,2.61924e-06,0,1,0
38.0607,9.76593,0.274153,0,-0.0739321,0.734606,0.0766307,-0.102155,-0.0216118,-0.994534,0.212166,0.4,0,0,slope_down,0,8.8793e-10,0.999997,7.34093e-07,2.66986e-06,0,1,0
38.0807,9.76943,0.275733,0,-0.0721457,0.734574,0.0750932,-0.100368,-0.0223593,-0.994699,0.21398,0.4,0,0,slope_down,0,9.2932e-10,0.999997,5.02217e-07,2.97247e-06,0,1,0
38.1007,9.773,0.277738,0,-0.0717043,0.733762,0.0743201,-0.0999268,-0.021049,-0.994772,0.218331,0.4,0,0,slope_down,0,5.37275e-10,0.999997,2.14272e-07,2.6546e-06,0,1,0
38.1207,9.77652,0.280279,0,-0.0715388,0.732122,0.0732919,-0.0997613,-0.0173138,-0.994861,0.221932,0.4,0,0,slope_down,0,4.29076e-10,0.999998,1.09061e-07,2.06463e-06,0,1,0
38.1407,9.78008,0.283139,0,-0.0712695,0.729561,0.0718534,-0.099492,-0.0099316,-0.994989,0.225591,0.4,0,0,slope_down,0,4.18191e-10,0.999999,7.2034e-08,1.21495e-06,0,1,0
38.1607,9.78422,0.286588,0,-0.0712911,0.725749,0.0716205,-0.0995136,0.00272818,-0.995032,0.230141,0.4,0,0,slope_down,0,7.08394e-10,0.999999,1.36811e-07,1.1526e-06,0,1,0
38.1807,9.78799,0.289227,0,-0.0720409,0.722367,0.0731086,-0.100263,0.00925211,-0.994918,0.231975,0.4,0,0,slope_down,0,1.19394e-09,0.999998,4.08148e-07,1.26864e-06,0,1,0
38.2007,9.79209,0.290536,0,-0.0716995,0.720129,0.0718907,-0.099922,-0.000189383,-0.994995,0.237115,0.4,0,0,slope_down,0,3.05757e-09,0.999997,3.10942e-07,3.18398e-06,0,1,0
38.2207,9.79593,0.291835,0,-0.07145,0.719813,0.0725549,-0.0996725,-0.0137914,-0.994925,0.236401,0.4,0,0,slope_down,0,1.1353e-09,0.999997,1.52109e-07,2.3974e-06,0,1,0
38.2407,9.79957,0.294001,0,-0.0718621,0.720361,0.0738014,-0.100085,-0.0182067,-0.994812,0.23127,0.4,0,0,slope_down,0,1.08765e-09,0.999998,1.36421e-07,1.57902e-06,0,1,0
38.2607,9.80315,0.295728,0,-0.0724671,0.721462,0.0743426,-0.10069,-0.017963,-0.994756,0.23009,0.4,0,0,slope_down,0,2.66245e-09,0.999996,2.01707e-07,3.99062e-06,0,1,0
38.2807,9.80695,0.296566,0,-0.0744583,0.722839,0.076068,-0.102681,-0.0168111,-0.994572,0.233251,0.4,0,0,slope_down,0,3.49344e-09,0.999994,1.99951e-07,5.64282e-06,0,1,0
38.3007,9.81084,0.296737,0,-0.07719,0.72433,0.0781113,-0.105412,-0.0127792,-0.994346,0.237928,0.4,0,0,slope_down,0,3.20601e-09,0.999995,1.74685e-07,4.59963e-06,0,1,0
38.3207,9.81491,0.296617,0,-0.0792315,0.726206,0.0794451,-0.107454,-0.00336266,-0.994204,0.241848,0.4,0,0,slope_down,0,5.95799e-09,0.999996,3.53895e-07,3.55593e-06,0,1,0
38.3407,9.81827,0.296097,0,-0.0805223,0.72774,0.0809745,-0.108745,0.00404466,-0.994061,0.245604,0.4,0,0,slope_down,0,6.83804e-09,0.999996,6.25909e-07,3.80028e-06,0,1,0
38.3607,9.82161,0.295116,0,-0.0812825,0.728982,0.0823091,-0.109505,0.00932027,-0.993943,0.250123,0.4,0,0,slope_down,0,4.11314e-09,0.999996,5.69768e-07,3.20709e-06,0,1,0
38.3807,9.82569,0.293482,0,-0.0821855,0.729788,0.0836225,-0.110408,0.0119907,-0.993814,0.255271,0.4,0,0,slope_down,0,2.79142e-09,0.999997,4.38404e-07,2.74758e-06,0,1,0
38.4007,9.82954,0.29176,0,-0.0843924,0.729743,0.0858132,-0.112615,0.0119951,-0.993566,0.259842,0.4,0,0,slope_down,0,2.83064e-09,0.999997,5.13561e-07,2.56553e-06,0,1,0
38.4207,9.83387,0.289573,0,-0.0883088,0.728784,0.0892436,-0.116531,0.00873321,-0.993149,0.263423,0.4,0,0,slope_down,0,3.31878e-09,0.999997,7.10105e-07,2.43271e-06,0,1,0
38.4407,9.83772,0.287333,0,-0.0923991,0.727182,0.0930046,-0.120622,0.00545265,-0.992684,0.265582,0.4,0,0,slope_down,0,3.50851e-09,0.999996,1.12433e-06,3.05012e-06,0,1,0
38.4607,9.84111,0.285095,0,-0.0961639,0.725156,0.0965574,-0.124386,0.00159282,-0.992233,0.265917,0.4,0,0,slope_down,0,4.35387e-09,0.999993,2.46969e-06,4.31025e-06,0,1,0
38.4807,9.84529,0.282042,0,-0.100911,0.722001,0.101304,-0.129134,-0.00480099,-0.991616,0.265653,0.4,0,0,slope_down,0,3.44643e-09,0.999993,3.70963e-06,3.41241e-06,0,1,0
38.5007,9.84874,0.280173,0,-0.105604,0.719634,0.106038,-0.133826,-0.004858,-0.990993,0.264818,0.4,0,0,slope_down,0,5.61377e-09,0.999979,1.24903e-05,8.85481e-06,0,1,0
38.5207,9.85216,0.27808,0,-0.109727,0.71727,0.110278,-0.137949,-0.00711942,-0.990414,0.260162,0.4,0,0,slope_down,0,2.34179e-08,0.999872,0.000108251,1.98995e-05,0,1,0
38.5407,9.85424,0.276084,0,-0.106545,0.715389,0.107121,-0.134768,-0.00812913,-0.990844,0.257249,0.4,0,0,slope_down,0,2.84705e-08,0.999819,0.000167758,1.37428e-05,0,1,0
38.5607,9.85657,0.274967,0,-0.105613,0.714808,0.106084,-0.133835,-0.00605167,-0.990985,0.262937,0.4,0,0,slope_down,0,8.20668e-08,0.999856,0.000130309,1.34742e-05,0,1,0
38.5807,9.85927,0.274082,0,-0.105048,0.715067,0.106255,-0.13327,-0.0152081,-0.990963,0.263298,0.4,0,0,slope_down,0,5.41767e-08,0.999873,0.000103197,2.33766e-05,0,1,0
38.6007,9.8616,0.273714,0,-0.101157,0.716131,0.103885,-0.12938,-0.0241022,-0.991302,0.260876,0.4,0,0,slope_down,0,5.52683e-08,0.999878,9.64315e-05,2.526e-05,0,1,0
38.6207,9.86374,0.273679,0,-0.0950897,0.717745,0.0991521,-0.123312,-0.0290541,-0.991943,0.259056,0.4,0,0,slope_down,0,4.44168e-08,0.999875,0.000109684,1.55697e-05,0,1,0
38.6407,9.86589,0.273769,0,-0.0886328,0.719381,0.093706,-0.116855,-0.0316747,-0.992644,0.258486,0.4,0,0,slope_down,0,2.76853e-08,0.999892,9.41203e-05,1.40962e-05,0,1,0
38.6607,9.8682,0.274058,0,-0.0834643,0.720605,0.0892823,-0.111687,-0.033138,-0.993191,0.258248,0.4,0,0,slope_down,0,1.97579e-08,0.99993,5.60817e-05,1.38715e-05,0,1,0
38.6807,9.87079,0.274723,0,-0.0808322,0.721239,0.0871348,-0.109055,-0.0340513,-0.993452,0.258218,0.4,0,0,slope_down,0,2.37096e-08,0.999928,4.84201e-05,2.33082e-05,0,1,0
38.7007,9.87365,0.275859,0,-0.0805553,0.721324,0.0870519,-0.108778,-0.0345266,-0.993466,0.258654,0.4,0,0,slope_down,0,3.04003e-08,0.999906,5.15442e-05,4.26355e-05,0,1,0
38.7207,9.87655,0.277474,0,-0.0807282,0.720819,0.086815,-0.108951,-0.0334454,-0.993484,0.259265,0.4,0,0,slope_down,0,3.16238e-08,0.999889,5.56777e-05,5.51248e-05,0,1,0
38.7407,9.87943,0.279498,0,-0.0806001,0.719681,0.0855353,-0.108823,-0.0300962,-0.993605,0.260281,0.4,0,0,slope_down,0,2.08665e-08,0.999947,2.69408e-05,2.60886e-05,0,1,0
38.7607,9.88251,0.281786,0,-0.0807821,0.717917,0.0840169,-0.109005,-0.0244165,-0.993741,0.262764,0.4,0,0,slope_down,0,1.99437e-08,0.999959,2.5838e-05,1.56665e-05,0,1,0
38.7807,9.8858,0.284362,0,-0.0812606,0.71543,0.0825372,-0.109483,-0.0153052,-0.993871,0.26581,0.4,0,0,slope_down,0,2.45849e-08,0.99993,5.7499e-05,1.27241e-05,0,1,0
38.8007,9.88936,0.286278,0,-0.0819826,0.713077,0.082931,-0.110205,-0.0130917,-0.993823,0.269424,0.4,0,0,slope_down,0,5.3611e-08,0.999692,0.000293315,1.45413e-05,0,1,0
38.8207,9.89263,0.286586,0,-0.0809514,0.71223,0.0850111,-0.109174,-0.0273542,-0.993646,0.273371,0.4,0,0,slope_down,0,8.59684e-07,0.998047,0.00166382,0.000288072,0,1,0
38.8407,9.89557,0.287534,0,-0.0809156,0.712237,0.0884475,-0.109138,-0.0372649,-0.993328,0.271151,0.4,0,0,slope_down,0,7.23464e-07,0.997896,0.00193655,0.000166544,0,1,0
38.8607,9.89837,0.28913,0,-0.0819634,0.712793,0.0896626,-0.110186,-0.0378826,-0.993189,0.267835,0.4,0,0,slope_down,0,1.90866e-06,0.996365,0.00327575,0.000356902,0,1,0
38.8807,9.90133,0.290249,0,-0.0845424,0.714042,0.0912017,-0.112765,-0.0356545,-0.992982,0.269716,0.4,0,0,slope_down,0,1.57055e-06,0.99845,0.000767079,0.000781763,0,1,0
38.9007,9.90473,0.290652,0,-0.0895984,0.715838,0.0943175,-0.117821,-0.0306693,-0.992561,0.279451,0.4,0,0,slope_down,0,6.05181e-07,0.999065,0.000163898,0.0007703,0,1,0
38.9207,9.90771,0.29095,0,-0.0928959,0.717934,0.0950765,-0.121118,-0.020925,-0.992418,0.287615,0.4,0,0,slope_down,0,8.461e-07,0.998276,0.000242426,0.00148113,0,1,0
38.9407,9.91029,0.291159,0,-0.0938749,0.720053,0.0944787,-0.122097,-0.00968089,-0.992471,0.29377,0.4,0,0,slope_down,0,5.79157e-07,0.998988,0.000218496,0.000792569,0,1,0
38.9607,9.91295,0.290774,0,-0.0942119,0.721841,0.0945255,-0.122434,-0.000839211,-0.992476,0.301044,0.4,0,0,slope_down,0,3.60555e-07,0.999192,0.000258876,0.000549061,0,1,0
38.9807,9.9159,0.289685,0,-0.0951416,0.723046,0.0956723,-0.123364,0.00428377,-0.992352,0.308961,0.4,0,0,slope_down,0,2.07549e-07,0.999306,0.000318073,0.000375468,0,1,0
39.0007,9.91919,0.288051,0,-0.097509,0.723529,0.098184,-0.125732,0.00602042,-0.992046,0.317098,0.4,0,0,slope_down,0,1.7316e-07,0.999152,0.000517415,0.000330701,0,1,0
39.0207,9.92272,0.285999,0,-0.101299,0.723338,0.101922,-0.129522,0.00510144,-0.991563,0.324504,0.4,0,0,slope_down,0,2.0043e-07,0.998619,0.00100862,0.000371976,0,1,0
39.0407,9.92628,0.283626,0,-0.105869,0.722593,0.106401,-0.134091,0.00308808,-0.990964,0.33055,0.4,0,0,slope_down,0,2.73363e-07,0.997455,0.00194547,0.000599739,0,1,0
39.0607,9.92999,0.280639,0,-0.110252,0.721072,0.11071,-0.138475,-0.000349844,-0.990366,0.334659,0.4,0,0,slope_down,0,3.32952e-07,0.995222,0.00369994,0.00107744,0,1,0
39.0807,9.93299,0.277872,0,-0.113641,0.719268,0.114162,-0.141864,-0.00529867,-0.989872,0.335782,0.4,0,0,slope_down,0,2.77618e-07,0.994975,0.00379659,0.00122814,0,1,0
39.1007,9.93654,0.274639,0,-0.117988,0.716699,0.118983,-0.14621,-0.0126836,-0.989172,0.336164,0.4,0,0,slope_down,0,1.45376e-07,0.996413,0.00281135,0.000775167,0,1,0
39.1208,9.93993,0.272071,0,-0.122673,0.714203,0.124065,-0.150896,-0.0162738,-0.988416,0.334763,0.4,0,0,slope_down,0,2.07929e-07,0.992509,0.00515116,0.00233951,0,1,0
39.1408,9.94217,0.270652,0,-0.124942,0.712823,0.125703,-0.153165,-0.00842503,-0.988165,0.332718,0.4,0,0,slope_down,0,5.03612e-07,0.986913,0.0116582,0.00142818,0,1,0
39.1608,9.94493,0.269237,0,-0.127976,0.71229,0.128657,-0.156199,-0.00541865,-0.987711,0.339103,0.4,0,0,slope_down,0,1.08598e-06,0.986179,0.0129543,0.000865492,0,1,0
39.1808,9.94664,0.268102,0,-0.125996,0.712442,0.127017,-0.154218,-0.0122329,-0.987961,0.34061,0.4,0,0,slope_down,0,3.65639e-07,0.994722,0.00475866,0.000518483,0,1,0
39.2008,9.9482,0.267416,0,-0.120647,0.713499,0.122416,-0.148869,-0.0192583,-0.988669,0.338133,0.4,0,0,slope_down,0,2.47195e-07,0.99817,0.00159342,0.000236695,0,1,0
39.2208,9.94965,0.267185,0,-0.115113,0.715025,0.117453,-0.143336,-0.0227779,-0.989412,0.33685,0.4,0,0,slope_down,0,1.03049e-07,0.999217,0.000672634,0.000110224,0,1,0
39.2408,9.9515,0.267189,0,-0.108345,0.716947,0.111208,-0.136568,-0.0251851,-0.990311,0.335722,0.4,0,0,slope_down,0,3.72768e-08,0.999768,0.000182292,4.97749e-05,0,1,0
39.2608,9.95332,0.267514,0,-0.103362,0.718314,0.106582,-0.131585,-0.0264761,-0.990951,0.334667,0.4,0,0,slope_down,0,2.37948e-08,0.999893,7.19168e-05,3.50163e-05,0,1,0
39.2808,9.95532,0.268228,0,-0.100172,0.719117,0.103566,-0.128395,-0.0269538,-0.991357,0.33422,0.4,0,0,slope_down,0,2.41203e-08,0.999921,4.2833e-05,3.63473e-05,0,1,0
39.3008,9.95751,0.269411,0,-0.0987451,0.719343,0.102066,-0.126968,-0.0265286,-0.991552,0.333951,0.4,0,0,slope_down,0,2.69664e-08,0.999923,3.33104e-05,4.36023e-05,0,1,0
39.3208,9.95973,0.271067,0,-0.0979087,0.71893,0.100731,-0.126131,-0.0243094,-0.991716,0.333581,0.4,0,0,slope_down,0,2.54828e-08,0.999939,2.46382e-05,3.66697e-05,0,1,0
39.3408,9.96199,0.273062,0,-0.0971261,0.717813,0.0989484,-0.125349,-0.0192183,-0.991927,0.334347,0.4,0,0,slope_down,0,2.20808e-08,0.99996,1.88834e-05,2.14662e-05,0,1,0
39.3608,9.96441,0.275308,0,-0.0967817,0.715985,0.0974577,-0.125004,-0.0103936,-0.992102,0.336843,0.4,0,0,slope_down,0,2.23656e-08,0.999961,2.41242e-05,1.44247e-05,0,1,0
39.3808,9.9671,0.277554,0,-0.0970406,0.713719,0.0973928,-0.125263,-0.00439169,-0.992114,0.338895,0.4,0,0,slope_down,0,3.11228e-08,0.999926,6.15426e-05,1.26991e-05,0,1,0
39.4008,9.97005,0.278739,0,-0.0965495,0.712282,0.097031,-0.124772,-0.00769434,-0.992156,0.343907,0.4,0,0,slope_down,0,5.5682e-07,0.999327,0.000504814,0.000167224,0,1,0
39.4208,9.97199,0.27934,0,-0.0961509,0.712267,0.0976144,-0.124373,-0.0169944,-0.99209,0.344208,0.4,0,0,slope_down,0,1.79401e-06,0.996713,0.00292462,0.000360584,0,1,0
39.4408,9.97467,0.280964,0,-0.0973889,0.712748,0.100042,-0.125611,-0.0234983,-0.991801,0.34093,0.4,0,0,slope_down,0,4.08882e-06,0.987677,0.0118123,0.000506601,0,1,0
39.4608,9.97694,0.282286,0,-0.0968734,0.713354,0.100463,-0.125096,-0.0274437,-0.991765,0.340271,0.4,0,0,slope_down,0,7.85503e-06,0.975029,0.0233054,0.00165768,0,1,0
39.4808,9.97934,0.283271,0,-0.0968504,0.714526,0.10082,-0.125073,-0.0289004,-0.991727,0.342634,0.4,0,0,slope_down,0,3.4892e-06,0.995033,0.00288416,0.00207951,0,1,0
39.5008,9.98178,0.284036,0,-0.0989099,0.716237,0.101941,-0.127132,-0.0253105,-0.991563,0.349188,0.4,0,0,slope_down,0,1.68193e-06,0.996812,0.000764832,0.00242113,0,1,0
39.5208,9.98456,0.284867,0,-0.101128,0.718786,0.102374,-0.12935,-0.0155309,-0.991477,0.357636,0.4,0,0,slope_down,0,1.651e-06,0.995272,0.000931733,0.00379505,0,1,0
39.5408,9.98679,0.285324,0,-0.101383,0.721035,0.101794,-0.129606,-0.00528943,-0.991551,0.364289,0.4,0,0,slope_down,0,1.68724e-06,0.994562,0.00161019,0.00382612,0,1,0
39.5608,9.98903,0.285174,0,-0.100862,0.722836,0.10134,-0.129085,0.00273508,-0.99163,0.370411,0.4,0,0,slope_down,0,9.70194e-07,0.996324,0.00170035,0.00197442,0,1,0
39.5808,9.99158,0.284293,0,-0.100937,0.723989,0.101713,-0.12916,0.00700672,-0.991599,0.37668,0.4,0,0,slope_down,0,6.20827e-07,0.996871,0.00192926,0.00119924,0,1,0
39.6008,9.99484,0.282675,0,-0.102873,0.72447,0.103749,-0.131096,0.00797399,-0.991338,0.384084,0.4,0,0,slope_down,0,5.10076e-07,0.996276,0.00264203,0.00108193,0,1,0
39.6208,9.99767,0.280883,0,-0.10532,0.724266,0.106038,-0.133543,0.00604649,-0.991025,0.389445,0.4,0,0,slope_down,0,5.57702e-07,0.994195,0.00439188,0.00141224,0,1,0
39.6408,10.0012,0.278235,0,-0.109018,0.723456,0.109554,-0.137241,0.0026088,-0.990534,0.394902,0.4,0,0,slope_down,0,6.52789e-07,0.991551,0.00637873,0.00206929,0,1,0
39.6608,10.0039,0.275704,0,-0.111863,0.722314,0.112327,-0.140085,-0.00103373,-0.990139,0.397833,0.4,0,0,slope_down,0,7.97553e-07,0.985572,0.0110787,0.00334862,0,1,0
39.6808,10.007,0.272615,0,-0.115228,0.720506,0.115795,-0.14345,-0.00627417,-0.989638,0.399119,0.4,0,0,slope_down,0,6.70183e-07,0.985661,0.0109916,0.00334676,0,1,0
39.7008,10.0102,0.269275,0,-0.118585,0.71804,0.119766,-0.146807,-0.0145531,-0.989058,0.398229,0.4,0,0,slope_down,0,4.66455e-07,0.98642,0.010777,0.00280281,0,1,0
39.7208,10.0133,0.266599,0,-0.123212,0.715626,0.124886,-0.151435,-0.0185237,-0.988294,0.396134,0.4,0,0,slope_down,0,6.3176e-07,0.970875,0.0197393,0.00938537,0,1,0
39.7408,10.0155,0.264798,0,-0.125574,0.713917,0.126753,-0.153797,-0.0140726,-0.988002,0.391336,0.4,0,0,slope_down,0,1.82247e-06,0.933782,0.0568442,0.00937233,0,1,0
39.7608,10.0173,0.263161,0,-0.126506,0.713202,0.127293,-0.154729,-0.00860276,-0.98792,0.395932,0.4,0,0,slope_down,0,5.43852e-06,0.910713,0.0838743,0.00540732,0,1,0
39.7808,10.019,0.261415,0,-0.123938,0.713177,0.12527,-0.152161,-0.0156723,-0.988231,0.399449,0.4,0,0,slope_down,0,2.62517e-06,0.955129,0.0395897,0.00527873,0,1,0
39.8008,10.0206,0.26052,0,-0.120789,0.713996,0.123249,-0.149011,-0.0236021,-0.988554,0.397569,0.4,0,0,slope_down,0,8.62371e-07,0.985413,0.0128203,0.00176592,0,1,0
39.8208,10.0222,0.259991,0,-0.114844,0.715572,0.118319,-0.143066,-0.0284022,-0.989305,0.395729,0.4,0,0,slope_down,0,3.19554e-07,0.995335,0.00408522,0.000579479,0,1,0
39.8408,10.0237,0.259802,0,-0.109151,0.717133,0.113286,-0.137373,-0.03072,-0.990043,0.394532,0.4,0,0,slope_down,0,1.00763e-07,0.999039,0.000789142,0.000171601,0,1,0
39.8608,10.0253,0.259944,0,-0.104074,0.718399,0.108715,-0.132296,-0.0321214,-0.99069,0.393813,0.4,0,0,slope_down,0,4.86047e-08,0.999683,0.000221818,9.51402e-05,0,1,0
39.8808,10.027,0.260565,0,-0.100649,0.719165,0.105539,-0.128871,-0.0326091,-0.991125,0.393661,0.4,0,0,slope_down,0,5.10417e-08,0.999797,0.00011433,8.82514e-05,0,1,0
39.9008,10.029,0.26174,0,-0.0993179,0.719379,0.104109,-0.12754,-0.0321109,-0.991313,0.394279,0.4,0,0,slope_down,0,6.07466e-08,0.999809,8.79708e-05,0.000103278,0,1,0
39.9208,10.0309,0.263412,0,-0.0985021,0.718963,0.102685,-0.126725,-0.029863,-0.991488,0.394993,0.4,0,0,slope_down,0,6.29594e-08,0.999834,6.82644e-05,9.74553e-05,0,1,0
39.9408,10.0328,0.265467,0,-0.0973682,0.717817,0.100162,-0.125591,-0.0241375,-0.991788,0.397011,0.4,0,0,slope_down,0,4.21268e-08,0.999912,4.31826e-05,4.53199e-05,0,1,0
39.9608,10.0349,0.267796,0,-0.0969568,0.716063,0.098379,-0.125179,-0.0167407,-0.991993,0.400091,0.4,0,0,slope_down,0,4.45992e-08,0.999921,4.98582e-05,2.87747e-05,0,1,0
39.9808,10.0371,0.270198,0,-0.0965372,0.713761,0.0970347,-0.12476,-0.00796257,-0.992155,0.4038,0.4,0,0,slope_down,0,4.2706e-08,0.999888,9.10404e-05,2.13557e-05,0,1,0
40.0008,10.0395,0.271546,0,-0.0952952,0.712187,0.0958419,-0.123518,-0.00882782,-0.992303,0.409346,0.4,0,0,slope_down,0,6.77601e-07,0.999053,0.000761032,0.000185252,0,1,0
40.0208,10.0418,0.272169,0,-0.0940755,0.711973,0.0961894,-0.122298,-0.0206557,-0.992278,0.410707,0.4,0,0,slope_down,0,4.8978e-06,0.991227,0.00780452,0.000964022,0,1,0
40.0408,10.0441,0.273402,0,-0.0947988,0.712237,0.0989447,-0.123021,-0.0293245,-0.991971,0.407982,0.4,0,0,slope_down,0,3.31647e-06,0.991136,0.00828584,0.000574475,0,1,0
40.0608,10.046,0.274653,0,-0.0949615,0.712675,0.0998858,-0.123184,-0.032033,-0.991867,0.407492,0.4,0,0,slope_down,0,6.21956e-06,0.982852,0.0158146,0.00132679,0,1,0
40.0808,10.0486,0.275824,0,-0.0961415,0.713898,0.101183,-0.124364,-0.0325706,-0.991702,0.410048,0.4,0,0,slope_down,0,3.96464e-06,0.994255,0.00287861,0.00286273,0,1,0
40.1008,10.0512,0.276532,0,-0.0984054,0.715637,0.102334,-0.126628,-0.0289042,-0.991529,0.416311,0.4,0,0,slope_down,0,1.83657e-06,0.995805,0.000537478,0.0036557,0,1,0
40.1208,10.0537,0.277073,0,-0.100822,0.717854,0.102713,-0.129045,-0.0197527,-0.991442,0.425286,0.4,0,0,slope_down,0,1.39072e-06,0.995396,0.000447964,0.00415454,0,1,0
40.1408,10.0559,0.277381,0,-0.101935,0.720096,0.102561,-0.130158,-0.0093959,-0.991449,0.433035,0.4,0,0,slope_down,0,1.28048e-06,0.995464,0.000657537,0.003877,0,1,0
40.1608,10.0582,0.277204,0,-0.102015,0.721955,0.102387,-0.130237,-0.00124058,-0.991482,0.439639,0.4,0,0,slope_down,0,8.07238e-07,0.996984,0.000850239,0.0021647,0,1,0
40.1808,10.0607,0.276395,0,-0.102594,0.723216,0.103204,-0.130816,0.00481496,-0.991395,0.447263,0.4,0,0,slope_down,0,6.35733e-07,0.997015,0.00141086,0.00157379,0,1,0
40.2008,10.0637,0.275029,0,-0.104633,0.723741,0.105361,-0.132856,0.00622498,-0.991116,0.454301,0.4,0,0,slope_down,0,5.69523e-07,0.996117,0.0023887,0.00149396,0,1,0
40.2208,10.067,0.273096,0,-0.107202,0.723514,0.107823,-0.135425,0.00449408,-0.990777,0.460023,0.4,0,0,slope_down,0,6.3885e-07,0.993826,0.00434028,0.00183338,0,1,0
40.2408,10.0705,0.270729,0,-0.111245,0.722761,0.111754,-0.139468,0.00137831,-0.990226,0.466773,0.4,0,0,slope_down,0,7.30058e-07,0.991457,0.00577429,0.00276776,0,1,0
40.2608,10.0739,0.267997,0,-0.11508,0.721479,0.115573,-0.143303,-0.00269623,-0.989675,0.470328,0.4,0,0,slope_down,0,1.18232e-06,0.97963,0.0142714,0.006097,0,1,0
40.2808,10.0769,0.265255,0,-0.118104,0.719811,0.118734,-0.146326,-0.00715679,-0.989211,0.471672,0.4,0,0,slope_down,0,9.16254e-07,0.979955,0.013245,0.00679927,0,1,0
40.3008,10.0803,0.261888,0,-0.121246,0.717309,0.122528,-0.149469,-0.0153576,-0.988647,0.470638,0.4,0,0,slope_down,0,6.61019e-07,0.981054,0.0126546,0.00629067,0,1,0
40.3208,10.0838,0.25905,0,-0.126306,0.714692,0.128497,-0.154528,-0.022049,-0.987742,0.468645,0.4,0,0,slope_down,0,5.97878e-07,0.968906,0.019023,0.0120709,0,1,0
40.3408,10.0863,0.25746,0,-0.129227,0.712968,0.130382,-0.15745,-0.013478,-0.987435,0.463619,0.4,0,0,slope_down,0,3.04433e-06,0.906545,0.0760186,0.0174336,0,1,0
40.3608,10.0885,0.255913,0,-0.131065,0.712425,0.131891,-0.159288,-0.00833279,-0.987197,0.467579,0.4,0,0,slope_down,0,5.36917e-06,0.905614,0.0882341,0.0061461,0,1,0
40.3808,10.0902,0.253849,0,-0.12739,0.712476,0.128939,-0.155612,-0.0173981,-0.987665,0.472163,0.4,0,0,slope_down,0,1.54746e-06,0.981166,0.0155973,0.00323568,0,1,0
40.4008,10.0919,0.252851,0,-0.123607,0.713585,0.12662,-0.151829,-0.0266538,-0.988047,0.471877,0.4,0,0,slope_down,0,6.25115e-07,0.990213,0.00783415,0.00195194,0,1,0
40.4208,10.0934,0.252595,0,-0.118393,0.715316,0.122435,-0.146615,-0.0310896,-0.988705,0.468749,0.4,0,0,slope_down,0,2.77122e-07,0.996632,0.00277928,0.000588265,0,1,0
40.4408,10.0947,0.252518,0,-0.112164,0.717167,0.116951,-0.140386,-0.0334784,-0.989531,0.466914,0.4,0,0,slope_down,0,9.91339e-08,0.999194,0.000619182,0.000186748,0,1,0
40.4608,10.0961,0.252678,0,-0.106357,0.718742,0.111668,-0.13458,-0.0347083,-0.990295,0.46656,0.4,0,0,slope_down,0,4.739e-08,0.999755,0.000152074,9.26809e-05,0,1,0
40.4808,10.0977,0.253265,0,-0.102399,0.719766,0.107914,-0.130622,-0.0349099,-0.990817,0.467481,0.4,0,0,slope_down,0,4.36693e-08,0.999838,7.63086e-05,8.57244e-05,0,1,0
40.5008,10.0994,0.254371,0,-0.100211,0.720155,0.105633,-0.128433,-0.0343294,-0.991124,0.46801,0.4,0,0,slope_down,0,5.2036e-08,0.999834,5.87527e-05,0.000107162,0,1,0
40.5208,10.101,0.255918,0,-0.0987812,0.719833,0.10352,-0.127004,-0.0318688,-0.99139,0.468535,0.4,0,0,slope_down,0,5.18128e-08,0.999871,4.35443e-05,8.56635e-05,0,1,0
40.5408,10.1027,0.257767,0,-0.0974709,0.718791,0.100643,-0.125693,-0.0257995,-0.991734,0.470685,0.4,0,0,slope_down,0,3.82312e-08,0.999928,3.00803e-05,4.23887e-05,0,1,0
40.5608,10.1046,0.259867,0,-0.0969247,0.717037,0.0984602,-0.125147,-0.017479,-0.991984,0.473834,0.4,0,0,slope_down,0,4.01506e-08,0.999932,3.78325e-05,3.01921e-05,0,1,0
40.5808,10.1067,0.261972,0,-0.0967417,0.714798,0.0973388,-0.124964,-0.00941565,-0.992117,0.476933,0.4,0,0,slope_down,0,4.7882e-08,0.999889,8.67176e-05,2.46027e-05,0,1,0
40.6008,10.1088,0.26301,0,-0.0962629,0.713423,0.0969252,-0.124485,-0.0102627,-0.992168,0.481764,0.4,0,0,slope_down,0,7.10463e-07,0.999089,0.000674629,0.000235733,0,1,0
40.6208,10.1112,0.263758,0,-0.0956045,0.713111,0.0975716,-0.123827,-0.0199576,-0.992103,0.483881,0.4,0,0,slope_down,0,6.1773e-06,0.990045,0.00872364,0.00122508,0,1,0
40.6408,10.1132,0.265038,0,-0.0964954,0.71333,0.0999784,-0.124718,-0.0269869,-0.991825,0.480034,0.4,0,0,slope_down,0,5.75478e-06,0.984523,0.0146557,0.000815122,0,1,0
40.6608,10.1151,0.266285,0,-0.0967909,0.713715,0.101267,-0.125013,-0.0307225,-0.991679,0.48068,0.4,0,0,slope_down,0,1.04953e-05,0.970248,0.0279358,0.00180609,0,1,0
40.6808,10.1174,0.267233,0,-0.0972974,0.714676,0.102171,-0.12552,-0.0321514,-0.99157,0.483701,0.4,0,0,slope_down,0,6.10162e-06,0.989574,0.00621769,0.00420177,0,1,0
40.7008,10.1197,0.268065,0,-0.0988148,0.716284,0.102825,-0.127037,-0.0292508,-0.991467,0.489086,0.4,0,0,slope_down,0,3.29281e-06,0.992432,0.000937826,0.00662711,0,1,0
40.7208,10.1222,0.268905,0,-0.101285,0.71863,0.103159,-0.129507,-0.0196736,-0.991383,0.497604,0.4,0,0,slope_down,0,1.8524e-06,0.994503,0.000482984,0.00501216,0,1,0
40.7408,10.1241,0.269299,0,-0.102105,0.720495,0.102862,-0.130328,-0.0110444,-0.991409,0.503992,0.4,0,0,slope_down,0,1.52489e-06,0.994336,0.000644001,0.00501852,0,1,0
40.7608,10.126,0.26933,0,-0.102506,0.722082,0.102882,-0.130729,-0.00301361,-0.991414,0.510782,0.4,0,0,slope_down,0,8.60474e-07,0.996516,0.00081171,0.00267197,0,1,0
40.7808,10.1287,0.268761,0,-0.103568,0.72342,0.104081,-0.131791,0.00305451,-0.991273,0.517924,0.4,0,0,slope_down,0,7.57101e-07,0.9965,0.00145249,0.00204654,0,1,0
40.8008,10.1316,0.26765,0,-0.105546,0.723875,0.106167,-0.133769,0.00466484,-0.991002,0.52464,0.4,0,0,slope_down,0,7.52027e-07,0.995042,0.00289662,0.00206035,0,1,0
40.8208,10.1348,0.266012,0,-0.108496,0.723664,0.109047,-0.136719,0.00302978,-0.990605,0.53076,0.4,0,0,slope_down,0,8.92805e-07,0.991432,0.00595944,0.00260801,0,1,0
40.8408,10.1382,0.263917,0,-0.112013,0.722946,0.112497,-0.140235,0.00012615,-0.990118,0.535738,0.4,0,0,slope_down,0,1.01805e-06,0.986608,0.0095193,0.00387213,0,1,0
40.8608,10.1415,0.261383,0,-0.114764,0.721686,0.11526,-0.142987,-0.0034871,-0.989718,0.538156,0.4,0,0,slope_down,0,1.18941e-06,0.977491,0.0160821,0.00642603,0,1,0
40.8808,10.1449,0.258464,0,-0.118038,0.719859,0.118785,-0.146261,-0.00940117,-0.989201,0.539377,0.4,0,0,slope_down,0,8.75883e-07,0.980561,0.0133885,0.00605014,0,1,0
40.9008,10.1486,0.255379,0,-0.121616,0.717374,0.123127,-0.149839,-0.0173011,-0.988559,0.538863,0.4,0,0,slope_down,0,6.55864e-07,0.980223,0.014133,0.00564336,0,1,0
40.9208,10.1519,0.252887,0,-0.125341,0.71492,0.127442,-0.153563,-0.0214741,-0.987906,0.535484,0.4,0,0,slope_down,0,1.19555e-06,0.946847,0.0310862,0.0220654,0,1,0
40.9408,10.1544,0.251148,0,-0.127742,0.713375,0.129049,-0.155964,-0.0151993,-0.987646,0.530053,0.4,0,0,slope_down,0,2.32706e-06,0.923389,0.0629122,0.0136966,0,1,0
40.9608,10.1562,0.249901,0,-0.130012,0.71291,0.130927,-0.158235,-0.0101828,-0.987349,0.533301,0.4,0,0,slope_down,0,4.98571e-06,0.910561,0.0837554,0.00567859,0,1,0
40.9808,10.1582,0.247723,0,-0.126783,0.712792,0.128428,-0.155006,-0.0181911,-0.987746,0.538284,0.4,0,0,slope_down,0,2.11538e-06,0.959214,0.0363613,0.0044229,0,1,0
41.0008,10.1598,0.246671,0,-0.123163,0.713781,0.126351,-0.151386,-0.0275074,-0.988092,0.536662,0.4,0,0,slope_down,0,1.04761e-06,0.985946,0.0121407,0.00191188,0,1,0
41.0208,10.1612,0.246298,0,-0.11728,0.71541,0.121681,-0.145503,-0.0324609,-0.988825,0.534746,0.4,0,0,slope_down,0,3.81191e-07,0.994743,0.00461791,0.000638519,0,1,0
41.0408,10.1625,0.246196,0,-0.111359,0.717199,0.116517,-0.139581,-0.0347361,-0.989601,0.533092,0.4,0,0,slope_down,0,1.20716e-07,0.998787,0.00101069,0.000202259,0,1,0
41.0608,10.1639,0.246377,0,-0.105849,0.718735,0.111538,-0.134072,-0.0359042,-0.990321,0.532619,0.4,0,0,slope_down,0,5.5697e-08,0.999617,0.000273835,0.000109283,0,1,0
41.0808,10.1654,0.246969,0,-0.101864,0.719683,0.107707,-0.130087,-0.0358914,-0.990853,0.533752,0.4,0,0,slope_down,0,4.65023e-08,0.999803,0.000111589,8.5411e-05,0,1,0
41.1008,10.1669,0.248113,0,-0.0999764,0.720031,0.105731,-0.128199,-0.035364,-0.991118,0.534353,0.4,0,0,slope_down,0,5.63319e-08,0.99981,8.18469e-05,0.000107828,0,1,0
41.1208,10.1684,0.249714,0,-0.0983486,0.719682,0.103149,-0.126571,-0.0320335,-0.99144,0.535377,0.4,0,0,slope_down,0,5.1938e-08,0.999857,5.46852e-05,8.82754e-05,0,1,0
41.1408,10.1701,0.251837,0,-0.0971527,0.718467,0.100246,-0.125375,-0.0254378,-0.991783,0.53778,0.4,0,0,slope_down,0,4.18666e-08,0.999917,3.74752e-05,4.52491e-05,0,1,0
41.1608,10.1715,0.2538,0,-0.0965731,0.716822,0.0981365,-0.124796,-0.0176487,-0.992025,0.540799,0.4,0,0,slope_down,0,4.79278e-08,0.999919,4.78736e-05,3.32791e-05,0,1,0
41.1808,10.1733,0.255979,0,-0.0961834,0.714545,0.0967754,-0.124406,-0.00938464,-0.992187,0.544352,0.4,0,0,slope_down,0,5.56587e-08,0.999866,0.0001082,2.62999e-05,0,1,0
41.2008,10.1755,0.257174,0,-0.095445,0.71311,0.096177,-0.123667,-0.0110764,-0.992262,0.549978,0.4,0,0,slope_down,0,9.22109e-07,0.99882,0.000911024,0.00026801,0,1,0
41.2208,10.1776,0.257944,0,-0.0951109,0.712957,0.0973229,-0.123333,-0.0212174,-0.992138,0.551071,0.4,0,0,slope_down,0,4.41353e-06,0.992999,0.0061226,0.000874304,0,1,0
41.2408,10.1795,0.259354,0,-0.0962291,0.713231,0.0999449,-0.124452,-0.0278731,-0.991834,0.548358,0.4,0,0,slope_down,0,4.23809e-06,0.989262,0.00999376,0.000739678,0,1,0
41.2608,10.1813,0.260764,0,-0.0962146,0.713648,0.10082,-0.124437,-0.0311075,-0.99174,0.548402,0.4,0,0,slope_down,0,8.5109e-06,0.979861,0.0184251,0.0017058,0,1,0
41.2808,10.1833,0.261805,0,-0.0962104,0.714579,0.101372,-0.124433,-0.0329715,-0.99168,0.550762,0.4,0,0,slope_down,0,4.97904e-06,0.993004,0.00340829,0.00358302,0,1,0
41.3008,10.1858,0.262819,0,-0.0982849,0.716419,0.102253,-0.126507,-0.0290396,-0.99154,0.557836,0.4,0,0,slope_down,0,2.08042e-06,0.995578,0.000556542,0.00386321,0,1,0
41.3208,10.188,0.26363,0,-0.100721,0.718575,0.102732,-0.128944,-0.0204313,-0.991441,0.565962,0.4,0,0,slope_down,0,1.73994e-06,0.994021,0.000540227,0.0054375,0,1,0
41.3408,10.1898,0.26408,0,-0.101467,0.720441,0.102287,-0.12969,-0.011765,-0.991485,0.572199,0.4,0,0,slope_down,0,1.44888e-06,0.994433,0.000752473,0.00481352,0,1,0
41.3608,10.1918,0.264185,0,-0.101894,0.722202,0.102262,-0.130117,-0.00262847,-0.991495,0.579775,0.4,0,0,slope_down,0,8.83373e-07,0.996483,0.000950785,0.00256578,0,1,0
41.3808,10.1942,0.263746,0,-0.102749,0.723415,0.103249,-0.130971,0.0029328,-0.991382,0.586019,0.4,0,0,slope_down,0,8.14227e-07,0.996109,0.00172128,0.00216916,0,1,0
41.4008,10.1972,0.262765,0,-0.104819,0.723926,0.105437,-0.133042,0.00469458,-0.991099,0.592831,0.4,0,0,slope_down,0,7.3501e-07,0.995232,0.00276367,0.00200363,0,1,0
41.4208,10.2004,0.261281,0,-0.107877,0.723757,0.108428,-0.1361,0.00313976,-0.99069,0.599077,0.4,0,0,slope_down,0,8.75203e-07,0.991429,0.00593192,0.00263803,0,1,0
41.4408,10.2039,0.259365,0,-0.111447,0.72305,0.111932,-0.13967,0.000445951,-0.990198,0.604143,0.4,0,0,slope_down,0,9.91009e-07,0.986706,0.00946296,0.00383011,0,1,0
41.4608,10.2073,0.256997,0,-0.114968,0.721771,0.115474,-0.143191,-0.00402355,-0.989687,0.606914,0.4,0,0,slope_down,0,1.21775e-06,0.976875,0.0165362,0.00658816,0,1,0
41.4808,10.2109,0.254212,0,-0.117647,0.71988,0.118409,-0.145869,-0.00969749,-0.989256,0.607302,0.4,0,0,slope_down,0,1.00578e-06,0.97647,0.0162348,0.00729456,0,1,0
41.5008,10.2147,0.251109,0,-0.120913,0.717413,0.122585,-0.149135,-0.0185555,-0.988643,0.606506,0.4,0,0,slope_down,0,5.05696e-07,0.984494,0.0106188,0.0048866,0,1,0
41.5208,10.2184,0.248827,0,-0.125775,0.714842,0.128145,-0.153997,-0.0231568,-0.9878,0.604617,0.4,0,0,slope_down,0,9.89219e-07,0.949891,0.0315274,0.0185806,0,1,0
41.5408,10.2203,0.247541,0,-0.127038,0.713214,0.128532,-0.15526,-0.0169513,-0.987728,0.600834,0.4,0,0,slope_down,0,4.41209e-06,0.886222,0.0956963,0.0180768,0,1,0
41.5608,10.2227,0.246335,0,-0.130083,0.712417,0.13107,-0.158306,-0.011254,-0.987326,0.607661,0.4,0,0,slope_down,0,1.0026e-05,0.901965,0.0908077,0.00721743,0,1,0
41.5808,10.2249,0.24508,0,-0.129534,0.712444,0.131321,-0.157756,-0.0192029,-0.987291,0.609619,0.4,0,0,slope_down,0,1.48246e-06,0.980827,0.0159192,0.00325183,0,1,0
41.6008,10.2264,0.244305,0,-0.125112,0.713299,0.127905,-0.153335,-0.0255432,-0.987844,0.608414,0.4,0,0,slope_down,0,6.79786e-07,0.99232,0.00595094,0.00172806,0,1,0
41.6208,10.2276,0.24399,0,-0.119133,0.714741,0.12259,-0.147356,-0.0285827,-0.988671,0.606574,0.4,0,0,slope_down,0,2.98938e-07,0.997073,0.00240434,0.000522138,0,1,0
41.6408,10.2289,0.244002,0,-0.113202,0.71631,0.117203,-0.141424,-0.0305234,-0.989478,0.605354,0.4,0,0,slope_down,0,9.96754e-08,0.999233,0.000583821,0.000183463,0,1,0
41.6608,10.2303,0.244397,0,-0.107695,0.71759,0.112099,-0.135918,-0.031617,-0.990216,0.604712,0.4,0,0,slope_down,0,5.07696e-08,0.999717,0.00018532,9.77518e-05,0,1,0
41.6808,10.2316,0.245299,0,-0.104692,0.718337,0.109184,-0.132914,-0.0316452,-0.990622,0.604822,0.4,0,0,slope_down,0,5.22244e-08,0.999795,0.000117807,8.70441e-05,0,1,0
41.7008,10.2331,0.246747,0,-0.102966,0.718545,0.107298,-0.131188,-0.0308768,-0.990876,0.605049,0.4,0,0,slope_down,0,7.0668e-08,0.999786,0.000106409,0.000107052,0,1,0
41.7208,10.2344,0.248654,0,-0.101556,0.718123,0.105117,-0.129779,-0.0277576,-0.991154,0.605571,0.4,0,0,slope_down,0,6.72665e-08,0.999835,7.96901e-05,8.5434e-05,0,1,0
41.7408,10.2358,0.250888,0,-0.100401,0.71702,0.102725,-0.128624,-0.022083,-0.991448,0.607246,0.4,0,0,slope_down,0,5.70599e-08,0.99989,6.21411e-05,4.77682e-05,0,1,0
41.7608,10.2372,0.253387,0,-0.0994434,0.71517,0.100394,-0.127666,-0.0131171,-0.991731,0.610652,0.4,0,0,slope_down,0,6.06588e-08,0.999886,8.0039e-05,3.38072e-05,0,1,0
41.7808,10.2388,0.255862,0,-0.0986844,0.712947,0.0990919,-0.126907,-0.00579344,-0.991898,0.614376,0.4,0,0,slope_down,0,8.83398e-08,0.999767,0.000202774,2.97745e-05,0,1,0
41.8008,10.2407,0.257424,0,-0.0978762,0.71167,0.0984887,-0.126099,-0.00954364,-0.991972,0.618639,0.4,0,0,slope_down,0,1.63604e-06,0.997721,0.00190529,0.000372136,0,1,0
41.8208,10.2427,0.258607,0,-0.0978709,0.711767,0.0998864,-0.126093,-0.0203317,-0.99181,0.618807,0.4,0,0,slope_down,0,3.7663e-06,0.992997,0.00628668,0.000712494,0,1,0
41.8408,10.2444,0.260803,0,-0.0992121,0.7123,0.102114,-0.127435,-0.0247652,-0.991538,0.615247,0.4,0,0,slope_down,0,5.32974e-06,0.98351,0.0157627,0.0007221,0,1,0
41.8608,10.2458,0.262318,0,-0.0986839,0.71283,0.102361,-0.126906,-0.0279633,-0.99152,0.614859,0.4,0,0,slope_down,0,1.0683e-05,0.972839,0.0251859,0.00196472,0,1,0
41.8808,10.2475,0.263489,0,-0.0983541,0.713813,0.102547,-0.126577,-0.0298837,-0.991507,0.618094,0.4,0,0,slope_down,0,4.27312e-06,0.993044,0.00360818,0.00334311,0,1,0
41.9008,10.2502,0.26497,0,-0.0997822,0.715877,0.103195,-0.128005,-0.026998,-0.991406,0.62564,0.4,0,0,slope_down,0,1.91829e-06,0.99501,0.000572995,0.00441534,0,1,0
41.9208,10.2523,0.266134,0,-0.102524,0.717949,0.104355,-0.130747,-0.0194589,-0.991225,0.633769,0.4,0,0,slope_down,0,1.76096e-06,0.992672,0.000689473,0.00663674,0,1,0
41.9408,10.2541,0.267003,0,-0.103132,0.720068,0.103923,-0.131354,-0.0113764,-0.99127,0.637915,0.4,0,0,slope_down,0,1.37394e-06,0.994908,0.00105436,0.00403662,0,1,0
41.9608,10.2561,0.267449,0,-0.10353,0.721786,0.103918,-0.131752,-0.00340028,-0.991277,0.644125,0.4,0,0,slope_down,0,6.7241e-07,0.997148,0.00121548,0.00163565,0,1,0
41.9808,10.2582,0.267407,0,-0.10475,0.722887,0.105201,-0.132973,0.00136644,-0.991119,0.650438,0.4,0,0,slope_down,0,5.46349e-07,0.996492,0.00206291,0.00144424,0,1,0
42.0008,10.2614,0.266807,0,-0.107294,0.723469,0.107842,-0.135516,0.00319519,-0.99077,0.657997,0.4,0,0,slope_down,0,4.96947e-07,0.995533,0.00299234,0.00147397,0,1,0
42.0208,10.2645,0.265764,0,-0.110381,0.723299,0.11089,-0.138604,0.00161213,-0.990347,0.664154,0.4,0,0,slope_down,0,6.32191e-07,0.992368,0.00585124,0.00177981,0,1,0
42.0408,10.2683,0.264107,0,-0.114348,0.722539,0.114833,-0.142571,-0.00165023,-0.989783,0.669775,0.4,0,0,slope_down,0,7.72638e-07,0.987708,0.0095981,0.00269305,0,1,0
42.0608,10.2715,0.262325,0,-0.117216,0.721461,0.117773,-0.145439,-0.00531725,-0.989353,0.672604,0.4,0,0,slope_down,0,8.83377e-07,0.980162,0.0155664,0.00427109,0,1,0
42.0808,10.2756,0.259804,0,-0.120614,0.719574,0.121435,-0.148837,-0.010172,-0.988809,0.674665,0.4,0,0,slope_down,0,6.12827e-07,0.984115,0.0120536,0.00383043,0,1,0
42.1008,10.2792,0.257473,0,-0.12369,0.717357,0.125382,-0.151913,-0.0186436,-0.988218,0.674045,0.4,0,0,slope_down,0,5.94226e-07,0.9778,0.0177341,0.0044651,0,1,0
42.1208,10.2828,0.255437,0,-0.127379,0.714884,0.129748,-0.155602,-0.0231584,-0.987548,0.671595,0.4,0,0,slope_down,0,6.34394e-07,0.965388,0.0238438,0.0107676,0,1,0
42.1408,10.2852,0.254218,0,-0.129388,0.713327,0.13079,-0.157611,-0.0159857,-0.987372,0.667824,0.4,0,0,slope_down,0,2.5963e-06,0.912646,0.0761675,0.0111838,0,1,0
42.1608,10.2872,0.253189,0,-0.130605,0.712713,0.131598,-0.158827,-0.0112704,-0.987242,0.672571,0.4,0,0,slope_down,0,5.88312e-06,0.920367,0.0746127,0.00501415,0,1,0
42.1808,10.2898,0.251714,0,-0.128721,0.712866,0.130527,-0.156944,-0.0193749,-0.987418,0.674392,0.4,0,0,slope_down,0,1.75678e-06,0.974943,0.0222889,0.0027661,0,1,0
42.2008,10.2914,0.251172,0,-0.12478,0.713797,0.12769,-0.153002,-0.0261584,-0.98788,0.67351,0.4,0,0,slope_down,0,5.37718e-07,0.991635,0.00697151,0.00139321,0,1,0
42.2208,10.293,0.250963,0,-0.118286,0.715432,0.121992,-0.146509,-0.0296457,-0.988765,0.671272,0.4,0,0,slope_down,0,2.04095e-07,0.997678,0.00193082,0.000390461,0,1,0
42.2408,10.2942,0.251081,0,-0.112999,0.716822,0.117226,-0.141222,-0.0314164,-0.989479,0.670194,0.4,0,0,slope_down,0,7.30973e-08,0.999398,0.000457124,0.000144616,0,1,0
42.2608,10.2954,0.251538,0,-0.108121,0.717956,0.112736,-0.136343,-0.0324439,-0.99013,0.669898,0.4,0,0,slope_down,0,4.0339e-08,0.999767,0.000152548,8.09058e-05,0,1,0
42.2808,10.2969,0.252687,0,-0.104862,0.718769,0.109595,-0.133085,-0.03253,-0.990571,0.670031,0.4,0,0,slope_down,0,4.44578e-08,0.999819,0.000102199,7.93031e-05,0,1,0
42.3008,10.2982,0.254331,0,-0.103193,0.71895,0.107768,-0.131415,-0.031787,-0.990818,0.670207,0.4,0,0,slope_down,0,5.74171e-08,0.999813,8.98318e-05,9.74849e-05,0,1,0
42.3208,10.2993,0.256421,0,-0.101714,0.71852,0.105543,-0.129936,-0.0288419,-0.991103,0.670685,0.4,0,0,slope_down,0,5.30514e-08,0.999858,6.71648e-05,7.51385e-05,0,1,0
42.3408,10.3004,0.258847,0,-0.100346,0.717419,0.102857,-0.128569,-0.0230137,-0.991434,0.672624,0.4,0,0,slope_down,0,4.51161e-08,0.999906,5.14268e-05,4.28102e-05,0,1,0
42.3608,10.3017,0.261585,0,-0.0996805,0.715654,0.100877,-0.127903,-0.015157,-0.991671,0.67551,0.4,0,0,slope_down,0,4.39658e-08,0.999907,6.45707e-05,2.8518e-05,0,1,0
42.3808,10.3031,0.26437,0,-0.0992121,0.713437,0.0997093,-0.127435,-0.00766097,-0.991817,0.678636,0.4,0,0,slope_down,0,5.7726e-08,0.999823,0.000151573,2.50669e-05,0,1,0
42.4008,10.3049,0.266166,0,-0.0980635,0.712061,0.0987158,-0.126286,-0.0100372,-0.991943,0.683887,0.4,0,0,slope_down,0,1.05441e-06,0.99844,0.00125878,0.000300558,0,1,0
42.4208,10.3066,0.267333,0,-0.0976056,0.712034,0.0995415,-0.125828,-0.0198816,-0.991853,0.684783,0.4,0,0,slope_down,0,3.33788e-06,0.993192,0.00617257,0.000632521,0,1,0
42.4408,10.3083,0.269541,0,-0.0989189,0.712496,0.102279,-0.127141,-0.0267056,-0.991525,0.682275,0.4,0,0,slope_down,0,4.72568e-06,0.985303,0.014028,0.000664393,0,1,0
42.4608,10.3098,0.27136,0,-0.0983662,0.713062,0.102705,-0.126589,-0.0304148,-0.991489,0.681618,0.4,0,0,slope_down,0,9.12516e-06,0.973103,0.0249444,0.0019438,0,1,0
42.4808,10.3116,0.272854,0,-0.0982694,0.714171,0.103016,-0.126492,-0.031835,-0.991457,0.68381,0.4,0,0,slope_down,0,4.22893e-06,0.993379,0.00368519,0.0029317,0,1,0
42.5008,10.3138,0.274267,0,-0.100313,0.715998,0.103916,-0.128536,-0.0278178,-0.991315,0.69075,0.4,0,0,slope_down,0,1.94869e-06,0.995877,0.000779763,0.0033416,0,1,0
42.5208,10.3158,0.275523,0,-0.102472,0.718248,0.10426,-0.130694,-0.0191999,-0.991237,0.698646,0.4,0,0,slope_down,0,1.83638e-06,0.993839,0.000896424,0.00526288,0,1,0
42.5408,10.3177,0.276412,0,-0.103049,0.720424,0.103682,-0.131272,-0.00941163,-0.991302,0.705698,0.4,0,0,slope_down,0,1.60365e-06,0.994019,0.0013403,0.00463865,0,1,0
42.5608,10.3198,0.276828,0,-0.103166,0.722207,0.103548,-0.131388,-0.00115936,-0.99133,0.712502,0.4,0,0,slope_down,0,9.59956e-07,0.996002,0.0015763,0.00242053,0,1,0
42.5808,10.3223,0.276717,0,-0.103911,0.723394,0.104456,-0.132134,0.00360928,-0.991225,0.719159,0.4,0,0,slope_down,0,7.46843e-07,0.995878,0.00232311,0.00179845,0,1,0
42.6008,10.3254,0.276155,0,-0.105808,0.723855,0.106443,-0.13403,0.00487236,-0.990965,0.726039,0.4,0,0,slope_down,0,7.26577e-07,0.993976,0.00415577,0.00186716,0,1,0
42.6208,10.3289,0.275196,0,-0.108872,0.723696,0.109449,-0.137094,0.00350393,-0.990552,0.732458,0.4,0,0,slope_down,0,7.88757e-07,0.990671,0.0071132,0.00221498,0,1,0
42.6408,10.333,0.273651,0,-0.112694,0.722918,0.113189,-0.140917,0.000324141,-0.990021,0.737948,0.4,0,0,slope_down,0,9.64586e-07,0.984276,0.0122566,0.00346661,0,1,0
42.6608,10.3363,0.272007,0,-0.115546,0.721792,0.116049,-0.143769,-0.0032749,-0.989606,0.740678,0.4,0,0,slope_down,0,1.10468e-06,0.974455,0.0201105,0.00543337,0,1,0
42.6808,10.3399,0.270186,0,-0.118639,0.720194,0.119291,-0.146861,-0.00754527,-0.989128,0.741942,0.4,0,0,slope_down,0,8.60637e-07,0.976157,0.0186157,0.0052264,0,1,0
42.7008,10.3447,0.267526,0,-0.122531,0.71719,0.124031,-0.150753,-0.017182,-0.988422,0.740327,0.4,0,0,slope_down,0,6.11845e-07,0.977408,0.0182818,0.0043093,0,1,0
42.7208,10.3479,0.265938,0,-0.12596,0.715127,0.127877,-0.154183,-0.0202281,-0.987835,0.737223,0.4,0,0,slope_down,0,9.56034e-07,0.948121,0.0359957,0.0158828,0,1,0
42.7408,10.3505,0.264341,0,-0.127227,0.713565,0.128637,-0.155449,-0.0162063,-0.987711,0.734152,0.4,0,0,slope_down,0,1.04419e-06,0.93402,0.0577078,0.00827087,0,1,0
42.7608,10.3529,0.263285,0,-0.128546,0.713009,0.129652,-0.156769,-0.012987,-0.98755,0.738106,0.4,0,0,slope_down,0,4.264e-06,0.907705,0.0866919,0.00559843,0,1,0
42.7808,10.355,0.262185,0,-0.126502,0.713122,0.128263,-0.154725,-0.0190977,-0.987773,0.739296,0.4,0,0,slope_down,0,1.23006e-06,0.973363,0.0237401,0.00289537,0,1,0
42.8008,10.3568,0.26151,0,-0.122026,0.714117,0.125035,-0.150248,-0.0265727,-0.988291,0.736638,0.4,0,0,slope_down,0,7.88876e-07,0.990247,0.0085036,0.0012481,0,1,0
42.8208,10.3584,0.261262,0,-0.116616,0.715669,0.120612,-0.144839,-0.0307683,-0.988977,0.734878,0.4,0,0,slope_down,0,2.40431e-07,0.997212,0.00236013,0.000427422,0,1,0
42.8408,10.3599,0.26132,0,-0.111052,0.717271,0.115806,-0.139274,-0.0332476,-0.989696,0.733292,0.4,0,0,slope_down,0,7.93608e-08,0.999353,0.00049461,0.000152362,0,1,0
42.8608,10.3614,0.261757,0,-0.106338,0.718549,0.111651,-0.134561,-0.0347128,-0.990297,0.732001,0.4,0,0,slope_down,0,4.62746e-08,0.999729,0.00017971,9.09394e-05,0,1,0
42.8808,10.3629,0.262677,0,-0.103543,0.719316,0.109075,-0.131766,-0.0351077,-0.990659,0.731735,0.4,0,0,slope_down,0,5.61634e-08,0.999788,0.000121263,9.11794e-05,0,1,0
42.9008,10.3644,0.264148,0,-0.10201,0.719517,0.107351,-0.130232,-0.0342901,-0.99089,0.732298,0.4,0,0,slope_down,0,6.35694e-08,0.999799,9.562e-05,0.000105367,0,1,0
42.9208,10.3657,0.266054,0,-0.100852,0.719085,0.105404,-0.129075,-0.0314495,-0.991136,0.732735,0.4,0,0,slope_down,0,6.41558e-08,0.999838,7.5449e-05,8.65399e-05,0,1,0
42.9408,10.3669,0.268307,0,-0.0998325,0.717998,0.103,-0.128055,-0.0259738,-0.991427,0.734324,0.4,0,0,slope_down,0,5.51355e-08,0.999896,5.81498e-05,4.58162e-05,0,1,0
42.9608,10.3681,0.270608,0,-0.0994838,0.716459,0.101263,-0.127706,-0.019052,-0.991629,0.73684,0.4,0,0,slope_down,0,5.90076e-08,0.999887,8.03144e-05,3.23846e-05,0,1,0
42.9808,10.3696,0.273569,0,-0.0990299,0.713958,0.0996128,-0.127252,-0.00905177,-0.991829,0.740574,0.4,0,0,slope_down,0,7.50957e-08,0.999772,0.000198599,2.94322e-05,0,1,0
43.0008,10.3715,0.275429,0,-0.0983485,0.712394,0.0989924,-0.126571,-0.00991132,-0.991908,0.745089,0.4,0,0,slope_down,0,1.61703e-06,0.997365,0.002293,0.000340493,0,1,0
43.0208,10.3736,0.276655,0,-0.0982523,0.712183,0.100399,-0.126475,-0.0210485,-0.991746,0.746722,0.4,0,0,slope_down,0,8.8657e-06,0.98227,0.0162527,0.00146865,0,1,0
43.0408,10.3753,0.278511,0,-0.0995879,0.712423,0.103278,-0.12781,-0.0280994,-0.9914,0.744128,0.4,0,0,slope_down,0,6.40863e-06,0.976839,0.0222138,0.000940808,0,1,0
43.0608,10.3768,0.280386,0,-0.099579,0.712845,0.104095,-0.127801,-0.0311811,-0.99131,0.743699,0.4,0,0,slope_down,0,1.40461e-05,0.957698,0.0399058,0.00238202,0,1,0
43.0808,10.3785,0.281945,0,-0.0994534,0.71382,0.10441,-0.127676,-0.0326937,-0.991277,0.745863,0.4,0,0,slope_down,0,8.75258e-06,0.988012,0.00648015,0.00549926,0,1,0
43.1008,10.3805,0.283258,0,-0.0997939,0.715334,0.104236,-0.128016,-0.0309427,-0.991289,0.749668,0.4,0,0,slope_down,0,3.83584e-06,0.991889,0.000812728,0.00729435,0,1,0
43.1208,10.3828,0.284579,0,-0.101718,0.717602,0.104112,-0.12994,-0.0225136,-0.991266,0.758906,0.4,0,0,slope_down,0,1.59104e-06,0.994599,0.000394846,0.00500504,0,1,0
43.1408,10.3847,0.285577,0,-0.103601,0.719588,0.10458,-0.131823,-0.0132647,-0.991184,0.766733,0.4,0,0,slope_down,0,1.60842e-06,0.993348,0.000662878,0.00598711,0,1,0
43.1608,10.3866,0.286169,0,-0.104087,0.721288,0.104506,-0.13231,-0.00476416,-0.991197,0.773204,0.4,0,0,slope_down,0,1.14849e-06,0.995286,0.00100701,0.0037055,0,1,0
43.1808,10.3892,0.286378,0,-0.104818,0.722821,0.105329,-0.13304,0.00282496,-0.991107,0.781012,0.4,0,0,slope_down,0,1.06616e-06,0.994924,0.00221379,0.00286159,0,1,0
43.2008,10.3922,0.286025,0,-0.106316,0.723453,0.106985,-0.134538,0.00531084,-0.990894,0.787778,0.4,0,0,slope_down,0,9.91239e-07,0.993074,0.00432372,0.00260132,0,1,0
43.2208,10.3959,0.285321,0,-0.109503,0.723397,0.110119,-0.137725,0.00412405,-0.990462,0.793894,0.4,0,0,slope_down,0,1.25066e-06,0.987084,0.00953821,0.00337619,0,1,0
43.2408,10.3998,0.28414,0,-0.112904,0.722748,0.113432,-0.141126,0.0014919,-0.989991,0.799464,0.4,0,0,slope_down,0,1.44138e-06,0.978871,0.0157309,0.00539713,0,1,0
43.2608,10.4038,0.282498,0,-0.1158,0.721518,0.116301,-0.144023,-0.00271478,-0.989571,0.802104,0.4,0,0,slope_down,0,1.82605e-06,0.963011,0.0272872,0.00969991,0,1,0
43.2808,10.408,0.280513,0,-0.118864,0.719748,0.119539,-0.147087,-0.00795249,-0.989092,0.80381,0.4,0,0,slope_down,0,1.33649e-06,0.968761,0.0210826,0.0101553,0,1,0
43.3008,10.4126,0.2783,0,-0.121993,0.717247,0.123411,-0.150215,-0.0165251,-0.988515,0.803409,0.4,0,0,slope_down,0,1.43186e-06,0.954967,0.0316999,0.0133312,0,1,0
43.3208,10.4164,0.276782,0,-0.125351,0.714868,0.127468,-0.153573,-0.0215791,-0.987902,0.8012,0.4,0,0,slope_down,0,1.39765e-06,0.925157,0.0427101,0.0321312,0,1,0
43.3408,10.4194,0.275782,0,-0.128067,0.71294,0.129327,-0.156289,-0.0147094,-0.987602,0.796915,0.4,0,0,slope_down,0,5.83039e-06,0.834088,0.131476,0.0344307,0,1,0
43.3608,10.4219,0.275049,0,-0.13015,0.712281,0.131065,-0.158372,-0.0101663,-0.987327,0.80245,0.4,0,0,slope_down,0,9.66261e-06,0.8708,0.118051,0.01114,0,1,0
43.3808,10.4242,0.274161,0,-0.128486,0.71238,0.130052,-0.156709,-0.0174799,-0.98749,0.80428,0.4,0,0,slope_down,0,2.1244e-06,0.97053,0.0249543,0.00451335,0,1,0
43.4008,10.4261,0.27384,0,-0.124397,0.713396,0.126963,-0.15262,-0.0242749,-0.987987,0.802623,0.4,0,0,slope_down,0,7.6661e-07,0.989538,0.0083388,0.00212291,0,1,0
43.4208,10.4275,0.273897,0,-0.118458,0.714973,0.121728,-0.14668,-0.0276786,-0.988797,0.800441,0.4,0,0,slope_down,0,2.76318e-07,0.996896,0.00246771,0.00063609,0,1,0
43.4408,10.4289,0.274213,0,-0.112191,0.716638,0.115993,-0.140413,-0.0296268,-0.98965,0.799161,0.4,0,0,slope_down,0,9.24463e-08,0.999247,0.000550376,0.000202892,0,1,0
43.4608,10.4302,0.274931,0,-0.106892,0.718008,0.111057,-0.135114,-0.030633,-0.990356,0.798396,0.4,0,0,slope_down,0,5.55343e-08,0.999682,0.000194158,0.000123501,0,1,0
43.4809,10.4314,0.276141,0,-0.103439,0.718783,0.107701,-0.131661,-0.0306659,-0.99082,0.798597,0.4,0,0,slope_down,0,6.01723e-08,0.999759,0.00012702,0.000113417,0,1,0
43.5009,10.4326,0.277711,0,-0.102013,0.718977,0.106164,-0.130236,-0.0301043,-0.991026,0.798708,0.4,0,0,slope_down,0,9.78941e-08,0.999712,0.000132165,0.000155879,0,1,0
43.5209,10.4337,0.280103,0,-0.100752,0.718512,0.104117,-0.128974,-0.0268862,-0.991283,0.799094,0.4,0,0,slope_down,0,7.55347e-08,0.999813,8.35846e-05,0.000103447,0,1,0
43.5409,10.4346,0.282606,0,-0.0996191,0.717378,0.101735,-0.127842,-0.0209591,-0.991573,0.800727,0.4,0,0,slope_down,0,5.62004e-08,0.999892,5.80475e-05,5.03479e-05,0,1,0
43.5609,10.4356,0.285387,0,-0.0988568,0.715573,0.099753,-0.127079,-0.0126175,-0.991812,0.803918,0.4,0,0,slope_down,0,4.85492e-08,0.999907,6.33319e-05,3.00732e-05,0,1,0
43.5809,10.4367,0.288242,0,-0.0982587,0.713344,0.0986383,-0.126481,-0.00506386,-0.991956,0.807236,0.4,0,0,slope_down,0,6.09442e-08,0.999837,0.000137505,2.52873e-05,0,1,0
43.6009,10.4384,0.290196,0,-0.0972408,0.712025,0.0977672,-0.125463,-0.00836178,-0.992063,0.812075,0.4,0,0,slope_down,0,1.06836e-06,0.998632,0.001068,0.000299151,0,1,0
43.6209,10.4402,0.291745,0,-0.0969785,0.712071,0.0987901,-0.125201,-0.0191534,-0.991947,0.812571,0.4,0,0,slope_down,0,3.05091e-06,0.994597,0.00477448,0.000625944,0,1,0
43.6409,10.4416,0.293966,0,-0.0980887,0.712551,0.101001,-0.126311,-0.0247281,-0.991682,0.809937,0.4,0,0,slope_down,0,5.22736e-06,0.984123,0.0150572,0.000814378,0,1,0
43.6609,10.4427,0.295768,0,-0.097321,0.713026,0.10103,-0.125544,-0.0279565,-0.991694,0.809213,0.4,0,0,slope_down,0,9.23197e-06,0.972276,0.0255334,0.00218155,0,1,0
43.6809,10.4442,0.297604,0,-0.0953394,0.713945,0.0998266,-0.123562,-0.0305961,-0.991865,0.809197,0.4,0,0,slope_down,0,6.83103e-06,0.992133,0.0039262,0.00393417,0,1,0
43.7009,10.4462,0.299183,0,-0.0967422,0.715584,0.100697,-0.124965,-0.0288342,-0.991742,0.815315,0.4,0,0,slope_down,0,1.5766e-06,0.996431,0.000472406,0.00309499,0,1,0
43.7209,10.4484,0.300858,0,-0.100627,0.717889,0.102611,-0.12885,-0.020276,-0.991457,0.82594,0.4,0,0,slope_down,0,9.76039e-07,0.99615,0.000439412,0.00340925,0,1,0
43.7409,10.4502,0.302153,0,-0.102249,0.72019,0.102933,-0.130472,-0.0101547,-0.9914,0.832274,0.4,0,0,slope_down,0,1.42075e-06,0.994002,0.00120232,0.00479414,0,1,0
43.7609,10.4519,0.302849,0,-0.101599,0.722025,0.101966,-0.129822,-0.00131009,-0.991536,0.836823,0.4,0,0,slope_down,0,8.35821e-07,0.996588,0.00138029,0.00203127,0,1,0
43.7809,10.4542,0.303066,0,-0.101949,0.723316,0.102504,-0.130172,0.00401075,-0.991483,0.842901,0.4,0,0,slope_down,0,6.28634e-07,0.996516,0.00205512,0.00142868,0,1,0
43.8009,10.4573,0.302874,0,-0.103662,0.723905,0.104304,-0.131885,0.00517068,-0.991252,0.849497,0.4,0,0,slope_down,0,5.07299e-07,0.995559,0.00302425,0.00141648,0,1,0
43.8209,10.4607,0.302233,0,-0.106058,0.723786,0.106604,-0.13428,0.00334124,-0.990938,0.855991,0.4,0,0,slope_down,0,5.05459e-07,0.994204,0.00429754,0.00149841,0,1,0
43.8409,10.4645,0.301227,0,-0.109369,0.723139,0.10982,-0.137591,-0.000221882,-0.990489,0.860913,0.4,0,0,slope_down,0,6.00509e-07,0.99172,0.00625172,0.00202801,0,1,0
43.8609,10.4688,0.299675,0,-0.113113,0.721844,0.113615,-0.141335,-0.0047921,-0.98995,0.864901,0.4,0,0,slope_down,0,7.52701e-07,0.985475,0.0112357,0.00328873,0,1,0
43.8809,10.4726,0.298135,0,-0.116037,0.720352,0.116733,-0.14426,-0.00883679,-0.9895,0.866976,0.4,0,0,slope_down,0,6.16019e-07,0.985719,0.0107801,0.00350053,0,1,0
43.9009,10.477,0.29637,0,-0.120525,0.717986,0.121919,-0.148747,-0.0163777,-0.98874,0.867358,0.4,0,0,slope_down,0,6.77979e-07,0.976158,0.0194742,0.00436682,0,1,0
43.9209,10.481,0.294829,0,-0.123875,0.715417,0.126133,-0.152097,-0.0224621,-0.98811,0.864014,0.4,0,0,slope_down,0,6.74757e-07,0.96669,0.0235309,0.00977818,0,1,0
43.9409,10.4837,0.293854,0,-0.12608,0.713634,0.127865,-0.154302,-0.0192883,-0.987835,0.85968,0.4,0,0,slope_down,0,1.6369e-06,0.933137,0.0569344,0.00992722,0,1,0
43.9609,10.4862,0.293206,0,-0.128649,0.712954,0.129679,-0.156872,-0.0120278,-0.987546,0.864659,0.4,0,0,slope_down,0,5.63508e-06,0.8856,0.109046,0.00534843,0,1,0
43.9809,10.4886,0.292112,0,-0.126609,0.712929,0.128241,-0.154831,-0.0181024,-0.987775,0.867461,0.4,0,0,slope_down,0,1.35694e-06,0.972945,0.0243014,0.00275221,0,1,0
44.0009,10.4903,0.291738,0,-0.12257,0.713787,0.125443,-0.150793,-0.0258934,-0.988226,0.865166,0.4,0,0,slope_down,0,7.36458e-07,0.990464,0.00835701,0.00117802,0,1,0
44.0209,10.4919,0.291706,0,-0.117304,0.715267,0.121069,-0.145526,-0.0298395,-0.988904,0.863808,0.4,0,0,slope_down,0,1.94822e-07,0.997504,0.0021234,0.000372025,0,1,0
44.0409,10.4933,0.291948,0,-0.111678,0.716818,0.11609,-0.1399,-0.0320243,-0.989648,0.862882,0.4,0,0,slope_down,0,5.61588e-08,0.999525,0.000362453,0.000112954,0,1,0
44.0609,10.4946,0.292562,0,-0.10677,0.718078,0.111679,-0.134993,-0.0333623,-0.990285,0.862149,0.4,0,0,slope_down,0,3.06259e-08,0.999821,0.00011677,6.26441e-05,0,1,0
44.0809,10.4958,0.293683,0,-0.103511,0.718863,0.108638,-0.131734,-0.0337529,-0.99071,0.861997,0.4,0,0,slope_down,0,3.55215e-08,0.999863,7.43646e-05,6.23964e-05,0,1,0
44.1009,10.497,0.295365,0,-0.101929,0.7191,0.106891,-0.130152,-0.0330053,-0.990945,0.862508,0.4,0,0,slope_down,0,4.11493e-08,0.999866,6.17756e-05,7.26791e-05,0,1,0
44.1209,10.498,0.297666,0,-0.100559,0.718626,0.104771,-0.128781,-0.0301869,-0.991213,0.863248,0.4,0,0,slope_down,0,4.23597e-08,0.999889,4.97431e-05,6.16575e-05,0,1,0
44.1409,10.4987,0.299837,0,-0.099303,0.71763,0.102159,-0.127525,-0.024563,-0.991531,0.865178,0.4,0,0,slope_down,0,4.17671e-08,0.999921,4.15532e-05,3.70359e-05,0,1,0
44.1609,10.4996,0.302536,0,-0.0984802,0.715858,0.0998074,-0.126703,-0.0161087,-0.99181,0.868565,0.4,0,0,slope_down,0,4.54828e-08,0.999915,5.88969e-05,2.63925e-05,0,1,0
44.1809,10.5007,0.305383,0,-0.0985362,0.713749,0.0991732,-0.126759,-0.00981594,-0.991885,0.870906,0.4,0,0,slope_down,0,7.12646e-08,0.999822,0.000153896,2.39853e-05,0,1,0
44.2009,10.5023,0.307392,0,-0.0977293,0.712391,0.0985196,-0.125952,-0.0116065,-0.991968,0.875878,0.4,0,0,slope_down,0,9.13101e-07,0.998602,0.00108195,0.000314719,0,1,0
44.2209,10.504,0.308833,0,-0.0970805,0.712346,0.0994275,-0.125303,-0.0220095,-0.991874,0.877136,0.4,0,0,slope_down,0,5.87393e-06,0.989045,0.00996799,0.000980818,0,1,0
44.2409,10.5054,0.310867,0,-0.0982963,0.712672,0.102239,-0.126519,-0.0289462,-0.991542,0.874951,0.4,0,0,slope_down,0,4.77051e-06,0.984522,0.0147908,0.000681897,0,1,0
44.2609,10.5066,0.312849,0,-0.0979511,0.713106,0.102756,-0.126174,-0.0319962,-0.991492,0.87448,0.4,0,0,slope_down,0,9.95631e-06,0.966727,0.0313595,0.00190347,0,1,0
44.2809,10.5079,0.314375,0,-0.0973345,0.713885,0.102696,-0.125557,-0.0337638,-0.991512,0.874874,0.4,0,0,slope_down,0,6.44466e-06,0.991544,0.00465615,0.00379366,0,1,0
44.3009,10.5099,0.316085,0,-0.0986196,0.715574,0.103159,-0.126842,-0.0311551,-0.991434,0.880753,0.4,0,0,slope_down,0,2.60941e-06,0.994381,0.000658113,0.00495833,0,1,0
44.3209,10.512,0.317706,0,-0.10135,0.717906,0.103657,-0.129572,-0.0220469,-0.991325,0.890189,0.4,0,0,slope_down,0,1.49793e-06,0.994263,0.000504235,0.00523151,0,1,0
44.3409,10.5136,0.318771,0,-0.102505,0.719845,0.103436,-0.130727,-0.0128479,-0.991335,0.896887,0.4,0,0,slope_down,0,1.45559e-06,0.994092,0.000764838,0.00514196,0,1,0
44.3609,10.5153,0.319464,0,-0.102855,0.721509,0.103241,-0.131077,-0.00369062,-0.991365,0.903872,0.4,0,0,slope_down,0,9.72763e-07,0.996173,0.00103095,0.00279548,0,1,0
44.3809,10.518,0.319825,0,-0.103571,0.722942,0.104032,-0.131793,0.00193182,-0.991275,0.910448,0.4,0,0,slope_down,0,8.51653e-07,0.995941,0.00191185,0.00214624,0,1,0
44.4009,10.5212,0.319775,0,-0.105533,0.723513,0.106103,-0.133755,0.00383411,-0.991007,0.917454,0.4,0,0,slope_down,0,8.19261e-07,0.994123,0.00375903,0.00211755,0,1,0
44.4209,10.5249,0.319282,0,-0.10808,0.723342,0.108581,-0.136303,0.0019504,-0.990665,0.923516,0.4,0,0,slope_down,0,9.6662e-07,0.98899,0.00829499,0.00271444,0,1,0
44.4409,10.5289,0.31844,0,-0.111441,0.722641,0.1119,-0.139664,-0.00120777,-0.990198,0.928836,0.4,0,0,slope_down,0,1.05882e-06,0.984142,0.0122578,0.00359861,0,1,0
44.4609,10.5331,0.317255,0,-0.11483,0.721422,0.115356,-0.143052,-0.00503453,-0.989702,0.932272,0.4,0,0,slope_down,0,1.4218e-06,0.968628,0.024758,0.00661241,0,1,0
44.4809,10.5375,0.315741,0,-0.118223,0.719617,0.119068,-0.146445,-0.0108218,-0.98916,0.933418,0.4,0,0,slope_down,0,1.01493e-06,0.973307,0.0203248,0.00636744,0,1,0
44.5009,10.5422,0.314255,0,-0.121732,0.717117,0.123229,-0.149954,-0.0171859,-0.988544,0.933038,0.4,0,0,slope_down,0,8.52811e-07,0.969107,0.0241741,0.00671836,0,1,0
44.5209,10.5464,0.313175,0,-0.125643,0.714403,0.12783,-0.153866,-0.0220238,-0.987846,0.930045,0.4,0,0,slope_down,0,1.53454e-06,0.923482,0.0523688,0.0241475,0,1,0
44.5409,10.5488,0.312744,0,-0.128739,0.713013,0.129822,-0.156961,-0.0126957,-0.987523,0.926184,0.4,0,0,slope_down,0,4.23292e-06,0.863191,0.118806,0.0179986,0,1,0
44.5609,10.5514,0.312255,0,-0.131148,0.712338,0.13202,-0.159371,-0.00922973,-0.987176,0.932259,0.4,0,0,slope_down,0,5.14676e-06,0.923402,0.0700772,0.00651564,0,1,0
44.5809,10.5537,0.311575,0,-0.129022,0.712437,0.130523,-0.157244,-0.0169044,-0.987415,0.933359,0.4,0,0,slope_down,0,1.93815e-06,0.971783,0.024165,0.00404967,0,1,0
44.6009,10.5554,0.31149,0,-0.125006,0.713544,0.127489,-0.153229,-0.0238124,-0.987904,0.931456,0.4,0,0,slope_down,0,8.9907e-07,0.98647,0.0115226,0.00200601,0,1,0
44.6209,10.5568,0.311665,0,-0.119045,0.715192,0.122257,-0.147267,-0.0274376,-0.988716,0.929931,0.4,0,0,slope_down,0,2.78224e-07,0.995956,0.00335296,0.000690266,0,1,0
44.6409,10.558,0.312064,0,-0.112694,0.716869,0.116454,-0.140917,-0.0294865,-0.989582,0.929238,0.4,0,0,slope_down,0,8.55506e-08,0.99923,0.000578249,0.000191553,0,1,0
44.6609,10.5591,0.312875,0,-0.107514,0.718202,0.111688,-0.135736,-0.0307231,-0.990269,0.928849,0.4,0,0,slope_down,0,4.97307e-08,0.999701,0.0001928,0.000105853,0,1,0
44.6809,10.5601,0.314203,0,-0.104129,0.718977,0.108454,-0.132352,-0.0309656,-0.990719,0.92889,0.4,0,0,slope_down,0,5.59251e-08,0.999772,0.000122584,0.000105219,0,1,0
44.7009,10.561,0.316057,0,-0.102391,0.719183,0.106583,-0.130613,-0.0302977,-0.99097,0.929011,0.4,0,0,slope_down,0,6.72565e-08,0.999782,9.72463e-05,0.000120689,0,1,0
44.7209,10.5616,0.318052,0,-0.101125,0.718828,0.104706,-0.129348,-0.0277997,-0.99121,0.92923,0.4,0,0,slope_down,0,5.98185e-08,0.99984,7.11906e-05,8.89262e-05,0,1,0
44.7409,10.5623,0.321076,0,-0.0996774,0.717499,0.101888,-0.1279,-0.0214625,-0.991555,0.931197,0.4,0,0,slope_down,0,4.18832e-08,0.999908,4.83149e-05,4.33005e-05,0,1,0
44.7609,10.5628,0.323645,0,-0.0990176,0.715882,0.100001,-0.12724,-0.0134076,-0.991781,0.934174,0.4,0,0,slope_down,0,4.20037e-08,0.999909,6.08841e-05,2.97837e-05,0,1,0
44.7809,10.5636,0.326587,0,-0.0986715,0.71368,0.0990973,-0.126894,-0.00627213,-0.991896,0.936746,0.4,0,0,slope_down,0,5.38559e-08,0.999834,0.000140393,2.59191e-05,0,1,0
44.8009,10.5649,0.328667,0,-0.0974878,0.712316,0.0980105,-0.12571,-0.00827505,-0.992032,0.942576,0.4,0,0,slope_down,0,9.88277e-07,0.998519,0.00121935,0.000260259,0,1,0
44.8209,10.5664,0.330275,0,-0.0968648,0.712314,0.0986886,-0.125087,-0.0192173,-0.99196,0.943151,0.4,0,0,slope_down,0,5.66769e-06,0.989405,0.00959753,0.000991716,0,1,0
44.8409,10.5676,0.332751,0,-0.0983218,0.712729,0.101537,-0.126544,-0.0260521,-0.991619,0.939769,0.4,0,0,slope_down,0,5.62155e-06,0.982351,0.0167934,0.000850131,0,1,0
44.8609,10.5686,0.334641,0,-0.0984351,0.713222,0.102479,-0.126658,-0.0293396,-0.991512,0.939694,0.4,0,0,slope_down,0,1.13638e-05,0.960086,0.0376196,0.00228297,0,1,0
44.8809,10.5699,0.336338,0,-0.0987566,0.714209,0.103177,-0.126979,-0.0307517,-0.991429,0.942102,0.4,0,0,slope_down,0,5.24443e-06,0.990336,0.0059313,0.0037279,0,1,0
44.9009,10.5717,0.338494,0,-0.101321,0.716284,0.104377,-0.129543,-0.0256032,-0.991243,0.950518,0.4,0,0,slope_down,0,2.22444e-06,0.995163,0.00108535,0.00374971,0,1,0
44.9209,10.5733,0.340394,0,-0.104106,0.718689,0.105372,-0.132328,-0.0156882,-0.991082,0.959618,0.4,0,0,slope_down,0,2.72545e-06,0.991331,0.00144892,0.00721722,0,1,0
44.9409,10.5747,0.34172,0,-0.104346,0.720905,0.104817,-0.132569,-0.00630423,-0.991154,0.965377,0.4,0,0,slope_down,0,2.57341e-06,0.990789,0.00238733,0.00682102,0,1,0
44.9609,10.5765,0.342579,0,-0.103809,0.722638,0.10427,-0.132031,0.00186293,-0.991244,0.971631,0.4,0,0,slope_down,0,1.14609e-06,0.995337,0.00215512,0.0025069,0,1,0
44.9809,10.579,0.343151,0,-0.104728,0.723811,0.105463,-0.13295,0.00631848,-0.991103,0.977923,0.4,0,0,slope_down,0,8.90099e-07,0.994884,0.00318695,0.00192814,0,1,0
45.0009,10.582,0.343386,0,-0.106751,0.724236,0.107543,-0.134973,0.00686102,-0.990825,0.984573,0.4,0,0,slope_down,0,8.11145e-07,0.993005,0.00494902,0.00204469,0,1,0
45.0209,10.5856,0.34326,0,-0.109531,0.723993,0.110193,-0.137753,0.00485452,-0.990455,0.99088,0.4,0,0,slope_down,0,8.18156e-07,0.990417,0.0072307,0.00235172,0,1,0
45.0409,10.5895,0.342864,0,-0.113199,0.723293,0.113743,-0.141422,0.00184439,-0.989948,0.995761,0.4,0,0,slope_down,0,1.00304e-06,0.985325,0.0110981,0.00357549,0,1,0
45.0609,10.5935,0.342047,0,-0.116407,0.722077,0.116913,-0.14463,-0.00230629,-0.989483,0.998678,0.4,0,0,slope_down,0,1.18433e-06,0.974809,0.0191619,0.00602754,0,1,0
45.0809,10.5977,0.341025,0,-0.119788,0.720314,0.120435,-0.14801,-0.00715255,-0.98896,1.00019,0.4,0,0,slope_down,0,8.9886e-07,0.977457,0.0168685,0.00567375,0,1,0
45.1009,10.6021,0.339837,0,-0.123008,0.717816,0.124331,-0.151231,-0.0156366,-0.988375,0.998922,0.4,0,0,slope_down,0,6.92785e-07,0.976455,0.0184601,0.00508428,0,1,0
45.1209,10.606,0.339046,0,-0.126968,0.715434,0.128848,-0.155191,-0.0199531,-0.987683,0.995395,0.4,0,0,slope_down,0,9.04385e-07,0.95336,0.0315635,0.0150756,0,1,0
45.1409,10.6089,0.338358,0,-0.129016,0.713791,0.130367,-0.157238,-0.0155336,-0.987438,0.991648,0.4,0,0,slope_down,0,1.38697e-06,0.924901,0.0648519,0.0102459,0,1,0
45.1609,10.6111,0.338004,0,-0.130598,0.713182,0.131584,-0.158821,-0.0111593,-0.987244,0.995605,0.4,0,0,slope_down,0,4.86598e-06,0.898353,0.0955527,0.0060891,0,1,0
45.1809,10.6138,0.337685,0,-0.13067,0.713043,0.132172,-0.158892,-0.016814,-0.987153,0.998621,0.4,0,0,slope_down,0,2.12014e-06,0.926678,0.0675531,0.00576642,0,1,0
45.2009,10.6155,0.337228,0,-0.125175,0.713703,0.127905,-0.153398,-0.0252014,-0.987843,0.995304,0.4,0,0,slope_down,0,1.29484e-06,0.985003,0.0133111,0.00168492,0,1,0
45.2209,10.6171,0.337454,0,-0.120134,0.715169,0.123948,-0.148357,-0.0302356,-0.988472,0.993288,0.4,0,0,slope_down,0,3.47763e-07,0.995851,0.00355909,0.000589102,0,1,0
45.2409,10.6184,0.337902,0,-0.115289,0.716634,0.119748,-0.143511,-0.0325245,-0.989114,0.991959,0.4,0,0,slope_down,0,7.30566e-08,0.99923,0.000578427,0.000191152,0,1,0
45.2609,10.6197,0.338579,0,-0.109544,0.717953,0.114488,-0.137766,-0.0337834,-0.989888,0.991767,0.4,0,0,slope_down,0,3.59084e-08,0.999775,0.000141394,8.33233e-05,0,1,0
45.2809,10.621,0.339882,0,-0.106206,0.71885,0.111326,-0.134428,-0.0340398,-0.990339,0.99209,0.4,0,0,slope_down,0,3.83739e-08,0.999835,8.7525e-05,7.7875e-05,0,1,0
45.3009,10.6219,0.341666,0,-0.104579,0.719073,0.109491,-0.132801,-0.0331336,-0.990589,0.992348,0.4,0,0,slope_down,0,4.7758e-08,0.999837,6.97003e-05,9.32753e-05,0,1,0
45.3209,10.6226,0.343843,0,-0.103311,0.718656,0.107447,-0.131534,-0.0301738,-0.990852,0.992779,0.4,0,0,slope_down,0,5.04989e-08,0.999873,5.44291e-05,7.30105e-05,0,1,0
45.3409,10.6231,0.346601,0,-0.102045,0.717448,0.104695,-0.130268,-0.02379,-0.991193,0.994763,0.4,0,0,slope_down,0,4.4545e-08,0.999913,4.50905e-05,4.14149e-05,0,1,0
45.3609,10.6235,0.349128,0,-0.101281,0.715875,0.102586,-0.129504,-0.0159712,-0.99145,0.998178,0.4,0,0,slope_down,0,4.68736e-08,0.999909,6.14953e-05,2.9598e-05,0,1,0
45.3809,10.624,0.352117,0,-0.100708,0.713717,0.101229,-0.12893,-0.00791623,-0.991622,1.00107,0.4,0,0,slope_down,0,8.03635e-08,0.999815,0.000153254,3.16413e-05,0,1,0
45.4009,10.6253,0.354485,0,-0.0999916,0.712248,0.100585,-0.128214,-0.00911811,-0.991705,1.00498,0.4,0,0,slope_down,0,9.77411e-07,0.998582,0.00110978,0.00030731,0,1,0
45.4209,10.6269,0.356138,0,-0.0991483,0.712043,0.101105,-0.127371,-0.0200652,-0.991652,1.00694,0.4,0,0,slope_down,0,7.49799e-06,0.986479,0.0119745,0.00153871,0,1,0
45.4409,10.6281,0.358268,0,-0.100227,0.712279,0.10398,-0.12845,-0.0283996,-0.991309,1.0044,0.4,0,0,slope_down,0,4.76076e-06,0.986155,0.0129969,0.000843258,0,1,0
45.4609,10.6288,0.360286,0,-0.100206,0.712587,0.104548,-0.128428,-0.0306252,-0.991246,1.00372,0.4,0,0,slope_down,0,1.13878e-05,0.966535,0.031305,0.00214844,0,1,0
45.4809,10.6298,0.362337,0,-0.0989274,0.713409,0.103808,-0.12715,-0.0323737,-0.991355,1.00355,0.4,0,0,slope_down,0,1.40822e-05,0.983659,0.00816869,0.00815847,0,1,0
45.5009,10.6318,0.364538,0,-0.102213,0.715387,0.105833,-0.130436,-0.0280554,-0.99106,1.01475,0.4,0,0,slope_down,0,1.77468e-06,0.99552,0.000549221,0.0039287,0,1,0
45.5209,10.6333,0.366317,0,-0.104513,0.717686,0.10631,-0.132735,-0.0193158,-0.990963,1.02233,0.4,0,0,slope_down,0,1.78964e-06,0.992311,0.000588167,0.00709951,0,1,0
45.5409,10.6345,0.367514,0,-0.104566,0.7197,0.105259,-0.132789,-0.0101021,-0.991093,1.02773,0.4,0,0,slope_down,0,1.66705e-06,0.993547,0.000857628,0.00559357,0,1,0
45.5609,10.636,0.368404,0,-0.104234,0.721463,0.104623,-0.132457,-0.00156828,-0.991188,1.03415,0.4,0,0,slope_down,0,1.0702e-06,0.995789,0.00116129,0.00304816,0,1,0
45.5809,10.6385,0.369135,0,-0.104593,0.723035,0.105216,-0.132816,0.00479599,-0.991129,1.0409,0.4,0,0,slope_down,0,8.7525e-07,0.995541,0.00199025,0.00246766,0,1,0
45.6009,10.6416,0.369407,0,-0.105672,0.723594,0.106354,-0.133895,0.00553832,-0.99098,1.04657,0.4,0,0,slope_down,0,7.88759e-07,0.994358,0.00336534,0.00227548,0,1,0
45.6209,10.6452,0.369383,0,-0.107926,0.723419,0.108519,-0.136148,0.00393081,-0.990681,1.05319,0.4,0,0,slope_down,0,8.44669e-07,0.992477,0.00495807,0.00256405,0,1,0
45.6409,10.6497,0.369153,0,-0.111945,0.722688,0.112445,-0.140168,0.000808023,-0.990127,1.05872,0.4,0,0,slope_down,0,1.36689e-06,0.982311,0.0125948,0.00509262,0,1,0
45.6609,10.6534,0.368534,0,-0.115228,0.721576,0.115725,-0.14345,-0.00316952,-0.989652,1.06168,0.4,0,0,slope_down,0,1.73191e-06,0.968151,0.0225361,0.00931148,0,1,0
45.6809,10.6574,0.367737,0,-0.118332,0.720067,0.118947,-0.146554,-0.00674059,-0.98918,1.06366,0.4,0,0,slope_down,0,1.55002e-06,0.965299,0.0231878,0.0115118,0,1,0
45.7009,10.6625,0.366653,0,-0.122417,0.717413,0.123658,-0.150639,-0.014915,-0.988476,1.06351,0.4,0,0,slope_down,0,1.85117e-06,0.941741,0.0405842,0.0176727,0,1,0
45.7209,10.6665,0.365975,0,-0.126226,0.714929,0.128355,-0.154449,-0.0216457,-0.987764,1.06117,0.4,0,0,slope_down,0,1.5632e-06,0.9201,0.0461329,0.0337651,0,1,0
45.7409,10.6695,0.365763,0,-0.129863,0.713064,0.13097,-0.158086,-0.012847,-0.987342,1.05845,0.4,0,0,slope_down,0,4.91866e-06,0.831758,0.131562,0.0366751,0,1,0
45.7609,10.6721,0.365664,0,-0.13276,0.712347,0.13362,-0.160983,-0.00862285,-0.98692,1.06356,0.4,0,0,slope_down,0,1.13429e-05,0.800088,0.182062,0.0178385,0,1,0
45.7809,10.6744,0.365238,0,-0.130882,0.712409,0.132294,-0.159104,-0.0159821,-0.987132,1.06433,0.4,0,0,slope_down,0,3.54426e-06,0.944716,0.0475736,0.00770705,0,1,0
45.8009,10.6763,0.365275,0,-0.126936,0.71345,0.129256,-0.155158,-0.0228566,-0.987625,1.06228,0.4,0,0,slope_down,0,1.29988e-06,0.981117,0.0154247,0.00345679,0,1,0
45.8209,10.6777,0.365512,0,-0.120967,0.715003,0.123945,-0.149189,-0.0263744,-0.988457,1.06094,0.4,0,0,slope_down,0,3.47799e-07,0.995871,0.00315975,0.000969156,0,1,0
45.8409,10.679,0.36604,0,-0.114961,0.716609,0.11846,-0.143183,-0.0285179,-0.989285,1.0599,0.4,0,0,slope_down,0,9.61846e-08,0.999343,0.000431635,0.00022525,0,1,0
45.8609,10.6801,0.366961,0,-0.110001,0.717904,0.11392,-0.138223,-0.0299304,-0.989949,1.05879,0.4,0,0,slope_down,0,5.72465e-08,0.999687,0.000169699,0.000143663,0,1,0
45.8809,10.6811,0.368371,0,-0.106889,0.718673,0.110974,-0.135112,-0.0303203,-0.990366,1.05856,0.4,0,0,slope_down,0,7.09976e-08,0.999731,0.000125264,0.000144,0,1,0
45.9009,10.6819,0.370537,0,-0.105594,0.718851,0.109516,-0.133817,-0.0295592,-0.990565,1.05871,0.4,0,0,slope_down,0,8.42874e-08,0.999736,0.000103835,0.000160318,0,1,0
45.9209,10.6823,0.372614,0,-0.104603,0.718442,0.107902,-0.132825,-0.0269133,-0.990774,1.05883,0.4,0,0,slope_down,0,1.04342e-07,0.999759,9.51748e-05,0.000145525,0,1,0
45.9409,10.6825,0.375177,0,-0.103557,0.717321,0.105658,-0.131779,-0.0210521,-0.991056,1.06059,0.4,0,0,slope_down,0,7.59343e-08,0.999858,7.24327e-05,6.91547e-05,0,1,0
45.9609,10.6827,0.378017,0,-0.102736,0.715525,0.103617,-0.130959,-0.0123403,-0.991311,1.06421,0.4,0,0,slope_down,0,7.21091e-08,0.999868,8.97603e-05,4.22074e-05,0,1,0
45.9809,10.683,0.380808,0,-0.102523,0.713526,0.102944,-0.130745,-0.00534769,-0.991402,1.06615,0.4,0,0,slope_down,0,1.33652e-07,0.999729,0.000228523,4.20802e-05,0,1,0
46.0009,10.6841,0.383457,0,-0.101559,0.711881,0.102017,-0.129782,-0.00651612,-0.991521,1.07151,0.4,0,0,slope_down,0,1.61918e-06,0.99769,0.00189099,0.000416932,0,1,0
46.0209,10.6856,0.3854,0,-0.100559,0.711857,0.102211,-0.128782,-0.0183094,-0.991504,1.07266,0.4,0,0,slope_down,0,9.26123e-06,0.983051,0.0154072,0.00153261,0,1,0
46.0409,10.6863,0.387545,0,-0.101614,0.71219,0.104396,-0.129837,-0.0243865,-0.991235,1.06927,0.4,0,0,slope_down,0,8.20969e-06,0.975338,0.0234682,0.00118538,0,1,0
46.0609,10.6869,0.389868,0,-0.101449,0.71264,0.104968,-0.129672,-0.0275759,-0.991173,1.069,0.4,0,0,slope_down,0,1.73727e-05,0.940976,0.0558059,0.0032005,0,1,0
46.0809,10.6878,0.391852,0,-0.100404,0.713514,0.104507,-0.128627,-0.0297601,-0.991246,1.0699,0.4,0,0,slope_down,0,1.40333e-05,0.981029,0.0109338,0.00802342,0,1,0
46.1009,10.6893,0.394057,0,-0.10269,0.715317,0.105861,-0.130912,-0.0262134,-0.991047,1.07947,0.4,0,0,slope_down,0,2.93502e-06,0.99289,0.00100714,0.00609981,0,1,0
46.1209,10.6908,0.396254,0,-0.104983,0.717839,0.10666,-0.133205,-0.0185694,-0.990915,1.0861,0.4,0,0,slope_down,0,2.993e-06,0.985079,0.00141883,0.0134989,0,1,0
46.1409,10.6918,0.397617,0,-0.10486,0.719843,0.105461,-0.133082,-0.00874303,-0.991066,1.09116,0.4,0,0,slope_down,0,1.77037e-06,0.992767,0.00121028,0.00602058,0,1,0
46.1609,10.6931,0.398706,0,-0.104611,0.7216,0.105017,-0.132833,-0.000322606,-0.991138,1.09762,0.4,0,0,slope_down,0,1.1854e-06,0.994783,0.00173444,0.00348162,0,1,0
46.1809,10.6955,0.399681,0,-0.105006,0.723144,0.105678,-0.133229,0.00546056,-0.99107,1.10439,0.4,0,0,slope_down,0,8.75168e-07,0.994866,0.00256492,0.00256857,0,1,0
46.2009,10.6984,0.400295,0,-0.106476,0.723764,0.107246,-0.134699,0.00660284,-0.990865,1.11061,0.4,0,0,slope_down,0,8.38406e-07,0.993164,0.00437974,0.00245542,0,1,0
46.2209,10.7018,0.400567,0,-0.108644,0.72365,0.10929,-0.136867,0.00469981,-0.990578,1.11667,0.4,0,0,slope_down,0,9.74255e-07,0.988987,0.00797302,0.00303872,0,1,0
46.2409,10.7057,0.40058,0,-0.111888,0.72303,0.112402,-0.14011,0.00131754,-0.990135,1.12177,0.4,0,0,slope_down,0,1.18091e-06,0.983813,0.0117878,0.00439761,0,1,0
46.2609,10.7099,0.400289,0,-0.115348,0.721945,0.115843,-0.143571,-0.00236345,-0.989637,1.12592,0.4,0,0,slope_down,0,1.62914e-06,0.968235,0.0235809,0.00818272,0,1,0
46.2809,10.7142,0.399786,0,-0.118798,0.720312,0.119411,-0.14702,-0.00655369,-0.989112,1.12801,0.4,0,0,slope_down,0,1.38982e-06,0.966627,0.0240237,0.00934772,0,1,0
46.3009,10.7192,0.398924,0,-0.121869,0.717602,0.12326,-0.150091,-0.0163012,-0.988538,1.12644,0.4,0,0,slope_down,0,1.31203e-06,0.958722,0.0308183,0.0104584,0,1,0
46.3209,10.723,0.398676,0,-0.125826,0.715265,0.127908,-0.154048,-0.0213516,-0.987833,1.12465,0.4,0,0,slope_down,0,1.21118e-06,0.936688,0.0384103,0.0249009,0,1,0
46.3409,10.7258,0.398609,0,-0.12881,0.713452,0.130155,-0.157032,-0.0154954,-0.987472,1.12094,0.4,0,0,slope_down,0,3.91114e-06,0.847895,0.125222,0.0268791,0,1,0
46.3609,10.7282,0.398807,0,-0.1321,0.712712,0.132991,-0.160323,-0.00936826,-0.98702,1.12656,0.4,0,0,slope_down,0,1.15588e-05,0.80107,0.187237,0.0116816,0,1,0
46.3809,10.7306,0.398524,0,-0.130525,0.712471,0.131809,-0.158748,-0.0147477,-0.987209,1.1293,0.4,0,0,slope_down,0,3.5108e-06,0.896178,0.0933174,0.0105008,0,1,0
46.4009,10.7323,0.398378,0,-0.12533,0.713148,0.127567,-0.153553,-0.0223341,-0.987888,1.12704,0.4,0,0,slope_down,0,2.25865e-06,0.972451,0.0240566,0.0034906,0,1,0
46.4209,10.7337,0.398779,0,-0.11994,0.714541,0.12291,-0.148163,-0.0262921,-0.988613,1.12606,0.4,0,0,slope_down,0,4.9841e-07,0.994024,0.00504627,0.000929195,0,1,0
46.4409,10.7349,0.399497,0,-0.114471,0.71606,0.117977,-0.142694,-0.0285181,-0.989356,1.12481,0.4,0,0,slope_down,0,1.12366e-07,0.999073,0.000666897,0.000259538,0,1,0
46.4609,10.7359,0.400525,0,-0.109619,0.717317,0.113536,-0.137842,-0.0298911,-0.990003,1.12378,0.4,0,0,slope_down,0,4.87773e-08,0.999711,0.000169375,0.000120106,0,1,0
46.4809,10.7367,0.402007,0,-0.106316,0.718117,0.110382,-0.134538,-0.0301917,-0.990448,1.12401,0.4,0,0,slope_down,0,4.73858e-08,0.999806,9.179e-05,0.000101808,0,1,0
46.5009,10.7373,0.403994,0,-0.104695,0.718373,0.108635,-0.132918,-0.0295539,-0.990686,1.12459,0.4,0,0,slope_down,0,5.17485e-08,0.999824,6.78253e-05,0.000108219,0,1,0
46.5209,10.7375,0.406328,0,-0.102996,0.718006,0.106281,-0.131219,-0.0267289,-0.990993,1.125,0.4,0,0,slope_down,0,5.17377e-08,0.999862,5.11037e-05,8.65984e-05,0,1,0
46.5409,10.7374,0.408426,0,-0.101912,0.717249,0.104336,-0.130135,-0.022669,-0.991237,1.12598,0.4,0,0,slope_down,0,5.02195e-08,0.999905,4.41773e-05,5.09018e-05,0,1,0
46.5609,10.7373,0.411971,0,-0.100991,0.715351,0.101998,-0.129214,-0.0135807,-0.991524,1.13,0.4,0,0,slope_down,0,7.45627e-08,0.999889,6.53572e-05,4.52024e-05,0,1,0
46.5809,10.7372,0.415407,0,-0.0997957,0.712912,0.100147,-0.128018,-0.00281283,-0.991768,1.13509,0.4,0,0,slope_down,0,1.31764e-07,0.999776,0.000176128,4.78286e-05,0,1,0
46.6009,10.7376,0.417441,0,-0.0981908,0.711621,0.0985305,-0.126413,-0.00129467,-0.991977,1.14034,0.4,0,0,slope_down,0,1.90631e-06,0.99772,0.00189223,0.000386106,0,1,0
46.6209,10.7387,0.419728,0,-0.096613,0.711229,0.097511,-0.124835,-0.0126835,-0.992096,1.14164,0.4,0,0,slope_down,0,1.03745e-05,0.985546,0.0130072,0.00143694,0,1,0
46.6409,10.7393,0.421507,0,-0.0964297,0.71149,0.0986135,-0.124652,-0.0211466,-0.991975,1.13895,0.4,0,0,slope_down,0,4.25086e-06,0.990246,0.00913852,0.000611103,0,1,0
46.6609,10.7396,0.423958,0,-0.0962858,0.711901,0.0993542,-0.124508,-0.0252604,-0.991897,1.13734,0.4,0,0,slope_down,0,6.76307e-06,0.988944,0.0101718,0.000877428,0,1,0
46.6809,10.7405,0.426961,0,-0.0975552,0.713247,0.100698,-0.125778,-0.0256848,-0.991726,1.14269,0.4,0,0,slope_down,0,6.43124e-06,0.99234,0.00370775,0.00394574,0,1,0
46.7009,10.7416,0.429427,0,-0.0999667,0.715176,0.102215,-0.128189,-0.0216699,-0.991513,1.15078,0.4,0,0,slope_down,0,2.41268e-06,0.993549,0.000577618,0.005871,0,1,0
46.7209,10.7428,0.431629,0,-0.101703,0.717555,0.1027,-0.129925,-0.0134874,-0.991432,1.15863,0.4,0,0,slope_down,0,1.43852e-06,0.993974,0.000386115,0.00563889,0,1,0
46.7409,10.7438,0.433491,0,-0.102001,0.719939,0.102378,-0.130223,-0.00355951,-0.991478,1.16575,0.4,0,0,slope_down,0,9.89588e-07,0.996288,0.000459665,0.0032518,0,1,0
46.7609,10.7451,0.435123,0,-0.101885,0.722105,0.102633,-0.130107,0.00664013,-0.991478,1.17423,0.4,0,0,slope_down,0,7.80721e-07,0.996818,0.000893906,0.00228752,0,1,0
46.7809,10.747,0.436342,0,-0.101561,0.723569,0.102861,-0.129783,0.0116205,-0.991474,1.18039,0.4,0,0,slope_down,0,5.2265e-07,0.997369,0.00125738,0.00137309,0,1,0
46.8009,10.75,0.437611,0,-0.103858,0.724252,0.105275,-0.13208,0.0124796,-0.99116,1.18835,0.4,0,0,slope_down,0,5.43159e-07,0.99672,0.00205793,0.00122152,0,1,0
46.8209,10.753,0.438501,0,-0.107011,0.724179,0.108281,-0.135233,0.0113713,-0.990749,1.19517,0.4,0,0,slope_down,0,6.14583e-07,0.994904,0.00355709,0.00153836,0,1,0
46.8409,10.7565,0.43915,0,-0.110626,0.723562,0.111604,-0.138849,0.00864784,-0.990276,1.20078,0.4,0,0,slope_down,0,8.15165e-07,0.991126,0.00605391,0.00281945,0,1,0
46.8609,10.7603,0.439397,0,-0.113677,0.722397,0.114384,-0.1419,0.0050493,-0.989868,1.20438,0.4,0,0,slope_down,0,9.76143e-07,0.98537,0.00969202,0.00493705,0,1,0
46.8809,10.7644,0.439373,0,-0.116552,0.72067,0.117071,-0.144775,-0.000530213,-0.989465,1.20569,0.4,0,0,slope_down,0,9.15238e-07,0.983701,0.0101184,0.00618006,0,1,0
46.9009,10.7689,0.439258,0,-0.11968,0.718334,0.120432,-0.147903,-0.00922936,-0.988959,1.20549,0.4,0,0,slope_down,0,4.96369e-07,0.988832,0.00701469,0.00415232,0,1,0
46.9209,10.773,0.439678,0,-0.124264,0.715825,0.125539,-0.152486,-0.015126,-0.98819,1.20404,0.4,0,0,slope_down,0,5.28181e-07,0.979415,0.0110725,0.00951171,0,1,0
46.9409,10.7756,0.439975,0,-0.126499,0.713902,0.127514,-0.154722,-0.0120938,-0.987884,1.19887,0.4,0,0,slope_down,0,2.04818e-06,0.947051,0.0399045,0.0130422,0,1,0
46.9609,10.7776,0.440263,0,-0.128026,0.713156,0.128686,-0.156248,-0.00446737,-0.987708,1.20385,0.4,0,0,slope_down,0,4.93015e-06,0.937905,0.0572832,0.00480658,0,1,0
46.9809,10.7802,0.440291,0,-0.126379,0.712796,0.127234,-0.154601,-0.00984108,-0.987928,1.20932,0.4,0,0,slope_down,0,2.17553e-06,0.957348,0.0372489,0.00540109,0,1,0
47.0009,10.7818,0.440561,0,-0.123012,0.713302,0.124637,-0.151234,-0.01816,-0.988331,1.20793,0.4,0,0,slope_down,0,9.35482e-07,0.98728,0.0100967,0.0026229,0,1,0
47.0209,10.7831,0.441322,0,-0.117444,0.714685,0.11995,-0.145667,-0.0237686,-0.989048,1.20443,0.4,0,0,slope_down,0,4.30102e-07,0.995962,0.00326825,0.000769588,0,1,0
47.0409,10.784,0.442269,0,-0.111949,0.71619,0.114948,-0.140172,-0.026045,-0.989785,1.20307,0.4,0,0,slope_down,0,1.49533e-07,0.998896,0.000809002,0.000294907,0,1,0
47.0609,10.7848,0.443446,0,-0.106863,0.717441,0.110196,-0.135085,-0.0272286,-0.99046,1.20272,0.4,0,0,slope_down,0,5.67842e-08,0.999702,0.000175645,0.000122715,0,1,0
47.0809,10.7854,0.445103,0,-0.103613,0.718267,0.107148,-0.131836,-0.0278254,-0.990881,1.20292,0.4,0,0,slope_down,0,5.30872e-08,0.999804,9.0273e-05,0.000106105,0,1,0
47.1009,10.7856,0.447507,0,-0.101931,0.718513,0.105292,-0.130154,-0.0269662,-0.991127,1.20322,0.4,0,0,slope_down,0,5.70885e-08,0.999811,7.08166e-05,0.00011855,0,1,0
47.1209,10.7854,0.449758,0,-0.100894,0.71812,0.103753,-0.129116,-0.0246908,-0.991322,1.20341,0.4,0,0,slope_down,0,5.02773e-08,0.999871,4.78865e-05,8.09947e-05,0,1,0
47.1409,10.7851,0.452519,0,-0.0999952,0.717039,0.101915,-0.128218,-0.0198901,-0.991547,1.20492,0.4,0,0,slope_down,0,3.29325e-08,0.999934,2.97958e-05,3.66561e-05,0,1,0
47.1609,10.7846,0.455524,0,-0.0991548,0.715204,0.0999067,-0.127377,-0.0111445,-0.991792,1.20879,0.4,0,0,slope_down,0,2.85338e-08,0.999945,3.18469e-05,2.31993e-05,0,1,0
47.1809,10.7843,0.457758,0,-0.0987858,0.7136,0.0991768,-0.127008,-0.00533263,-0.991887,1.21085,0.4,0,0,slope_down,0,3.82841e-08,0.999913,6.8106e-05,1.89141e-05,0,1,0
47.2009,10.7849,0.461066,0,-0.097615,0.711729,0.0982229,-0.125838,-0.00950414,-0.992005,1.21691,0.4,0,0,slope_down,0,5.67857e-07,0.99931,0.000549851,0.000139795,0,1,0
47.2209,10.7857,0.463063,0,-0.0967702,0.711811,0.0988397,-0.124993,-0.020568,-0.991944,1.21737,0.4,0,0,slope_down,0,9.28739e-07,0.998348,0.00138538,0.00026601,0,1,0
47.2409,10.7858,0.465638,0,-0.0977792,0.712325,0.100823,-0.126002,-0.0252747,-0.991708,1.21431,0.4,0,0,slope_down,0,1.87375e-06,0.995882,0.00381736,0.000298691,0,1,0
47.2609,10.7861,0.467951,0,-0.0973546,0.712978,0.101362,-0.125577,-0.0290897,-0.991657,1.21388,0.4,0,0,slope_down,0,3.49418e-06,0.991983,0.00708647,0.000926888,0,1,0
47.2809,10.7868,0.470002,0,-0.0977549,0.714054,0.102109,-0.125977,-0.030402,-0.991567,1.21695,0.4,0,0,slope_down,0,1.51179e-06,0.997599,0.00114794,0.00125147,0,1,0
47.3009,10.788,0.472514,0,-0.0998303,0.716083,0.10317,-0.128053,-0.0267027,-0.991408,1.22389,0.4,0,0,slope_down,0,9.97037e-07,0.997591,0.000333889,0.00207377,0,1,0
47.3209,10.7891,0.474778,0,-0.102705,0.718466,0.104195,-0.130927,-0.0172973,-0.991241,1.23291,0.4,0,0,slope_down,0,8.80676e-07,0.997326,0.000354741,0.00231793,0,1,0
47.3409,10.7902,0.476563,0,-0.103729,0.720759,0.104258,-0.131951,-0.00766401,-0.991227,1.23899,0.4,0,0,slope_down,0,1.4551e-06,0.994862,0.0011915,0.0039454,0,1,0
47.3609,10.7915,0.477678,0,-0.103048,0.722328,0.103432,-0.13127,-0.000887599,-0.991346,1.2432,0.4,0,0,slope_down,0,4.84668e-07,0.998228,0.000781917,0.000989512,0,1,0
47.3809,10.7939,0.478983,0,-0.104067,0.723632,0.104648,-0.13229,0.00419677,-0.991202,1.25075,0.4,0,0,slope_down,0,3.51977e-07,0.99819,0.00111094,0.000699146,0,1,0
47.4009,10.7968,0.480033,0,-0.106282,0.724052,0.106924,-0.134505,0.00490283,-0.990901,1.25759,0.4,0,0,slope_down,0,3.11777e-07,0.997456,0.00174612,0.000797245,0,1,0
47.4209,10.8002,0.480893,0,-0.109412,0.723837,0.109968,-0.137634,0.00297713,-0.990479,1.26396,0.4,0,0,slope_down,0,3.20169e-07,0.996601,0.00252683,0.00087208,0,1,0
47.4409,10.804,0.48152,0,-0.113181,0.723134,0.113667,-0.141403,-0.000397727,-0.989952,1.26881,0.4,0,0,slope_down,0,3.83431e-07,0.994844,0.00386332,0.00129183,0,1,0
47.4609,10.8081,0.481877,0,-0.116862,0.721921,0.117383,-0.145084,-0.00378628,-0.989412,1.27264,0.4,0,0,slope_down,0,4.31741e-07,0.991503,0.0065058,0.00199057,0,1,0
47.4809,10.8124,0.481974,0,-0.120136,0.720054,0.120909,-0.148359,-0.00950912,-0.988888,1.27316,0.4,0,0,slope_down,0,3.57344e-07,0.991544,0.00642656,0.00202943,0,1,0
47.5009,10.817,0.482078,0,-0.123899,0.717487,0.125508,-0.152121,-0.0180047,-0.988198,1.27211,0.4,0,0,slope_down,0,2.26435e-07,0.992431,0.00599874,0.00156962,0,1,0
47.5209,10.8214,0.482587,0,-0.129089,0.714571,0.131415,-0.157312,-0.0228941,-0.987284,1.26903,0.4,0,0,slope_down,0,3.61101e-07,0.982094,0.0128642,0.00504157,0,1,0
47.5409,10.8234,0.483063,0,-0.13273,0.7135,0.133931,-0.160953,-0.0136313,-0.986868,1.26479,0.4,0,0,slope_down,0,1.36784e-06,0.956452,0.0403812,0.00316534,0,1,0
47.5609,10.826,0.483092,0,-0.133167,0.712873,0.134172,-0.16139,-0.0110397,-0.986829,1.2702,0.4,0,0,slope_down,0,2.63696e-06,0.935026,0.063139,0.00183276,0,1,0
47.5809,10.8284,0.48295,0,-0.129429,0.713091,0.131382,-0.157651,-0.0204168,-0.987284,1.27197,0.4,0,0,slope_down,0,1.05079e-06,0.986611,0.0122419,0.0011457,0,1,0
47.6009,10.8301,0.48348,0,-0.125176,0.714298,0.128389,-0.153399,-0.0277121,-0.987776,1.27103,0.4,0,0,slope_down,0,3.82919e-07,0.99524,0.00420827,0.000551479,0,1,0
47.6209,10.8313,0.484202,0,-0.11948,0.715956,0.123609,-0.147703,-0.0315273,-0.988529,1.26868,0.4,0,0,slope_down,0,1.31011e-07,0.998586,0.00119938,0.000214228,0,1,0
47.6409,10.8324,0.485097,0,-0.113584,0.717635,0.118455,-0.141806,-0.0339276,-0.989313,1.26681,0.4,0,0,slope_down,0,4.78544e-08,0.999637,0.000283229,7.94036e-05,0,1,0
47.6609,10.8332,0.486285,0,-0.108537,0.719014,0.113934,-0.13676,-0.0352528,-0.989977,1.26584,0.4,0,0,slope_down,0,2.89626e-08,0.999846,0.000101665,5.20602e-05,0,1,0
47.6809,10.8338,0.487831,0,-0.105021,0.719803,0.110538,-0.133243,-0.0352415,-0.990457,1.2668,0.4,0,0,slope_down,0,3.03882e-08,0.999879,6.75226e-05,5.3935e-05,0,1,0
47.7009,10.834,0.489837,0,-0.10332,0.720016,0.108716,-0.131543,-0.0346323,-0.990705,1.26717,0.4,0,0,slope_down,0,4.25907e-08,0.999855,6.69516e-05,7.78695e-05,0,1,0
47.7209,10.8339,0.492116,0,-0.101629,0.719602,0.106167,-0.129851,-0.0314852,-0.991033,1.26815,0.4,0,0,slope_down,0,4.80206e-08,0.999874,5.72252e-05,6.88289e-05,0,1,0
47.7409,10.8335,0.494649,0,-0.100273,0.718503,0.103304,-0.128495,-0.0254149,-0.991384,1.27055,0.4,0,0,slope_down,0,4.62595e-08,0.999909,4.95112e-05,4.18845e-05,0,1,0
47.7609,10.8331,0.497554,0,-0.0998828,0.716777,0.101481,-0.128105,-0.0179535,-0.991598,1.27314,0.4,0,0,slope_down,0,4.6434e-08,0.999904,6.73041e-05,2.85886e-05,0,1,0
47.7809,10.8328,0.500527,0,-0.0990911,0.714461,0.0996428,-0.127314,-0.00857274,-0.991825,1.2769,0.4,0,0,slope_down,0,6.06294e-08,0.999811,0.000162431,2.64688e-05,0,1,0
47.8009,10.8333,0.502991,0,-0.0978971,0.712901,0.0984948,-0.12612,-0.00934011,-0.991971,1.28219,0.4,0,0,slope_down,0,1.27154e-06,0.998008,0.00170707,0.000283533,0,1,0
47.8209,10.8342,0.505059,0,-0.0974075,0.712691,0.0994311,-0.12563,-0.0203537,-0.991868,1.2836,0.4,0,0,slope_down,0,7.02926e-06,0.986143,0.0127556,0.00109456,0,1,0
47.841,10.8346,0.507507,0,-0.098538,0.712945,0.10211,-0.126761,-0.0275334,-0.991551,1.28156,0.4,0,0,slope_down,0,4.90262e-06,0.982947,0.0163158,0.000732535,0,1,0
47.861,10.8348,0.509882,0,-0.098262,0.713349,0.1027,-0.126484,-0.0307572,-0.991492,1.281,0.4,0,0,slope_down,0,9.42557e-06,0.968995,0.0290815,0.0019138,0,1,0
47.881,10.8353,0.511866,0,-0.0976793,0.714133,0.102638,-0.125902,-0.0324857,-0.991511,1.28189,0.4,0,0,slope_down,0,6.39711e-06,0.990877,0.00506361,0.00405299,0,1,0
47.901,10.8364,0.514348,0,-0.0990624,0.715911,0.103133,-0.127285,-0.029503,-0.991427,1.28823,0.4,0,0,slope_down,0,2.40626e-06,0.994492,0.000776981,0.00472861,0,1,0
47.921,10.8375,0.516634,0,-0.101648,0.718119,0.103764,-0.129871,-0.0210456,-0.991308,1.29712,0.4,0,0,slope_down,0,1.59013e-06,0.994079,0.000640423,0.00527923,0,1,0
47.941,10.8385,0.518511,0,-0.102582,0.72032,0.103326,-0.130805,-0.0108729,-0.991349,1.30446,0.4,0,0,slope_down,0,1.55927e-06,0.993809,0.00100667,0.0051826,0,1,0
47.961,10.84,0.520175,0,-0.102551,0.722292,0.102926,-0.130774,-0.00132811,-0.991411,1.3115,0.4,0,0,slope_down,0,1.07438e-06,0.99566,0.00139788,0.00294107,0,1,0
47.981,10.8419,0.521382,0,-0.103054,0.723369,0.103567,-0.131276,0.00312264,-0.991341,1.31716,0.4,0,0,slope_down,0,8.20772e-07,0.995667,0.00224545,0.00208704,0,1,0
48.001,10.8447,0.522637,0,-0.104742,0.723874,0.105344,-0.132964,0.00448264,-0.991111,1.3238,0.4,0,0,slope_down,0,7.82526e-07,0.993914,0.0040167,0.00206875,0,1,0
