t,drift_x,drift_y,lean,dpitch,base_z,tilt_rad,gx,gy,gz,yaw_delta,cmd_vx,cmd_vy,cmd_yaw,meta_selected,meta_safety_hold
0.0199988,0,0,0.0543839,0,0.733619,0,-0.0300248,-0.00163837,-0.999548,0,0.4,0,0,DISABLED,0
0.0399988,1.49142e-05,-4.05905e-06,0.0531748,1.78516e-05,0.733618,0,-0.030007,-0.00164554,-0.999548,-1.37817e-05,0.4,0,0,DISABLED,0
0.0599988,5.43334e-05,-5.19527e-06,0.0515014,4.23491e-05,0.733612,0,-0.0299825,-0.0016541,-0.999549,-2.28677e-05,0.4,0,0,DISABLED,0
0.0799987,-0.000347098,0.000215956,0.0424277,0.0022592,0.733479,0.00284715,-0.0277656,0.00012597,-0.999614,0.00234856,0.4,0,0,DISABLED,0
0.0999987,-0.00113239,0.00133142,0.0415379,0.00615377,0.733133,0.00884318,-0.0238711,0.00471539,-0.999704,0.00509264,0.4,0,0,DISABLED,0
0.119999,-0.00146611,0.00305713,0.0226907,0.00808631,0.732937,0.0119804,-0.0219385,0.00719996,-0.999733,0.00631532,0.4,0,0,DISABLED,0
0.139999,-0.00145329,0.00502181,0.013729,0.00888681,0.732954,0.0123913,-0.021138,0.00699879,-0.999752,0.00691457,0.4,0,0,DISABLED,0
0.159999,-0.0012232,0.00714764,0.0125646,0.00953862,0.733099,0.0117898,-0.0204862,0.00529827,-0.999776,0.00742974,0.4,0,0,DISABLED,0
0.179999,-0.000739271,0.00948281,0.00755501,0.0101027,0.733345,0.0110378,-0.0199221,0.00280981,-0.999798,0.00781628,0.4,0,0,DISABLED,0
0.199999,4.58211e-06,0.0120808,-0.00124845,0.0105564,0.733655,0.0107145,-0.0194684,0.000186109,-0.99981,0.00826675,0.4,0,0,DISABLED,0
0.219999,0.000991482,0.0150513,-0.0099926,0.0110163,0.733981,0.0110432,-0.0190085,-0.00233249,-0.999817,0.00854319,0.4,0,0,DISABLED,0
0.239999,0.00219199,0.0184505,-0.0165858,0.011686,0.734281,0.0120893,-0.0183388,-0.00473429,-0.999821,0.00896469,0.4,0,0,DISABLED,0
0.259999,0.00358284,0.0223519,-0.0196034,0.0127095,0.734509,0.0137068,-0.0173153,-0.00676087,-0.999827,0.00945793,0.4,0,0,DISABLED,0
0.279999,0.00512637,0.0268373,-0.0225834,0.0143404,0.734616,0.015777,-0.0156844,-0.00821913,-0.999843,0.00995834,0.4,0,0,DISABLED,0
0.299999,0.00661721,0.0314237,-0.0329885,0.016717,0.734486,0.0179342,-0.0133078,-0.00813012,-0.999878,0.0111963,0.4,0,0,DISABLED,0
0.319999,0.00855549,0.0377496,-0.041689,0.0194604,0.733695,0.0197682,-0.0105644,-0.00510118,-0.999931,0.0133197,0.4,0,0,DISABLED,0
0.339998,0.0104556,0.0442623,-0.0318859,0.0220614,0.732035,0.0224614,-0.00796342,0.00255113,-0.999965,0.0160931,0.4,0,0,DISABLED,0
0.359998,0.0124932,0.0496451,0.0104361,0.0225424,0.730949,0.0226043,-0.00748244,-3.74512e-05,-0.999972,0.0193947,0.4,0,0,DISABLED,0
0.379998,0.0154862,0.0551963,0.044242,0.019919,0.730699,0.0208855,-0.0101058,-0.00791119,-0.999918,0.0196368,0.4,0,0,DISABLED,0
0.399998,0.018386,0.0606728,0.0475062,0.0186245,0.731072,0.0196502,-0.0114003,-0.00790269,-0.999904,0.0201425,0.4,0,0,DISABLED,0
0.419998,0.0214435,0.0659436,0.0419737,0.019082,0.731995,0.0191058,-0.0109428,-0.00251909,-0.999937,0.0221781,0.4,0,0,DISABLED,0
0.439998,0.0243868,0.0698878,0.0276031,0.0196144,0.732885,0.0199274,-0.0104104,0.00186319,-0.999944,0.0241569,0.4,0,0,DISABLED,0
0.459998,0.027606,0.073138,0.0136767,0.0193412,0.733551,0.02045,-0.0106837,0.00499293,-0.99993,0.0262038,0.4,0,0,DISABLED,0
0.479998,0.0311434,0.0757946,0.00197989,0.0180163,0.733946,0.0200437,-0.0120085,0.00714461,-0.999902,0.0286473,0.4,0,0,DISABLED,0
0.499998,0.0349693,0.0779374,-0.00732109,0.0159726,0.734133,0.0189428,-0.0140522,0.00854414,-0.999865,0.0307235,0.4,0,0,DISABLED,0
0.519998,0.0390844,0.0796664,-0.0116831,0.0135926,0.734201,0.0177941,-0.0164322,0.0098426,-0.999817,0.0326333,0.4,0,0,DISABLED,0
0.539998,0.0434704,0.0810528,-0.0119697,0.011394,0.734223,0.0170481,-0.0186308,0.0110443,-0.999765,0.0338175,0.4,0,0,DISABLED,0
0.559998,0.0481428,0.0820431,-0.0108988,0.0097906,0.734205,0.0169112,-0.0202342,0.0121527,-0.999721,0.0352,0.4,0,0,DISABLED,0
0.579998,0.0531337,0.0826029,-0.0114633,0.00900028,0.734147,0.0173049,-0.0210245,0.0131425,-0.999693,0.0371683,0.4,0,0,DISABLED,0
0.599998,0.0585197,0.0827605,-0.0149221,0.00889123,0.734043,0.0181818,-0.0211336,0.0142199,-0.999676,0.0401896,0.4,0,0,DISABLED,0
0.619998,0.0643193,0.0825733,-0.0215425,0.0095002,0.733878,0.019363,-0.0205246,0.0152317,-0.999673,0.0434455,0.4,0,0,DISABLED,0
0.639998,0.0705182,0.0820837,-0.0294847,0.0111471,0.73363,0.020874,-0.0188777,0.016008,-0.999694,0.0459449,0.4,0,0,DISABLED,0
0.659998,0.0770949,0.0812476,-0.0372242,0.0140975,0.733251,0.023087,-0.0159273,0.0166467,-0.999735,0.0478088,0.4,0,0,DISABLED,0
0.679998,0.0839846,0.0799546,-0.043099,0.0185188,0.732664,0.0261272,-0.011506,0.0167915,-0.999793,0.0491416,0.4,0,0,DISABLED,0
0.699998,0.091151,0.0781569,-0.041176,0.0241234,0.731797,0.0297803,-0.00590141,0.0158218,-0.999857,0.0492165,0.4,0,0,DISABLED,0
0.719998,0.0985314,0.0757459,-0.0250012,0.0302455,0.7306,0.0332889,0.000220648,0.0122645,-0.999925,0.0479077,0.4,0,0,DISABLED,0
0.739998,0.106045,0.0724433,-0.0154622,0.0359594,0.729035,0.036615,0.00593457,0.00523839,-0.999969,0.0481527,0.4,0,0,DISABLED,0
0.759998,0.113652,0.0688606,-0.0130599,0.0395135,0.727985,0.0397638,0.00948863,0.00278331,-0.999951,0.0505264,0.4,0,0,DISABLED,0
0.779998,0.120761,0.0658328,0.0147547,0.0397932,0.728079,0.0403163,0.0097684,0.00480792,-0.999941,0.0514292,0.4,0,0,DISABLED,0
0.799998,0.129041,0.0618385,0.0408372,0.0407593,0.72916,0.0409632,0.0107344,0.00240766,-0.99994,0.0463019,0.4,0,0,DISABLED,0
0.819998,0.136336,0.0580923,0.0325371,0.0413936,0.730411,0.0414523,0.0113687,-0.00380008,-0.999928,0.0407944,0.4,0,0,DISABLED,0
0.839998,0.143416,0.0548546,0.0110365,0.0414047,0.73147,0.0422952,0.0113798,-0.0102599,-0.999883,0.037014,0.4,0,0,DISABLED,0
0.859998,0.150303,0.0523769,-0.000250667,0.0406495,0.732218,0.0432211,0.0106247,-0.0163111,-0.999811,0.0331619,0.4,0,0,DISABLED,0
0.879998,0.157486,0.0505522,0.00405854,0.0400309,0.732578,0.043957,0.010006,-0.0197912,-0.999754,0.0309587,0.4,0,0,DISABLED,0
0.899998,0.163152,0.0496609,0.00506192,0.0396498,0.732567,0.0441113,0.00962497,-0.020964,-0.999734,0.0296292,0.4,0,0,DISABLED,0
0.919998,0.169298,0.0491795,0.00326136,0.0393567,0.732371,0.0440234,0.0093319,-0.0213558,-0.999728,0.0281596,0.4,0,0,DISABLED,0
0.939998,0.175311,0.0490509,-0.00235713,0.0393494,0.73212,0.0440248,0.00932453,-0.0213744,-0.999728,0.0266834,0.4,0,0,DISABLED,0
0.959998,0.181205,0.049182,-0.00761059,0.0397979,0.73192,0.0444252,0.00977308,-0.0213696,-0.999724,0.0253353,0.4,0,0,DISABLED,0
0.979998,0.18701,0.0495358,-0.0143074,0.0407998,0.731827,0.0456027,0.0107749,-0.0220013,-0.9997,0.0239513,0.4,0,0,DISABLED,0
0.999998,0.192732,0.0500905,-0.0226659,0.0422852,0.731824,0.0477726,0.0122604,-0.0238618,-0.99964,0.0224645,0.4,0,0,DISABLED,0
1.02,0.198389,0.0508988,-0.0291615,0.0439706,0.731881,0.0506303,0.0139457,-0.0267282,-0.999545,0.0208173,0.4,0,0,DISABLED,0
1.04,0.203929,0.0520374,-0.0319693,0.0459542,0.731925,0.0539157,0.0159294,-0.0298238,-0.999428,0.0186963,0.4,0,0,DISABLED,0
1.06,0.209311,0.0535594,-0.0272532,0.0483153,0.73191,0.0573138,0.0182905,-0.0324537,-0.999306,0.0161919,0.4,0,0,DISABLED,0
1.08,0.214027,0.0553639,-0.021538,0.0506087,0.731834,0.0598727,0.0205839,-0.0336125,-0.999223,0.0136159,0.4,0,0,DISABLED,0
1.1,0.219734,0.0581638,-0.0247267,0.0530026,0.731735,0.0615767,0.0229778,-0.0329607,-0.999192,0.0113406,0.4,0,0,DISABLED,0
1.12,0.224932,0.0612455,-0.0388497,0.0544771,0.73172,0.0614342,0.0244523,-0.0300163,-0.99925,0.00999491,0.4,0,0,DISABLED,0
1.14,0.230097,0.0647497,-0.0544463,0.055397,0.731711,0.0598757,0.0253722,-0.0243377,-0.999382,0.00935184,0.4,0,0,DISABLED,0
1.16,0.234723,0.0682852,-0.0462741,0.0557482,0.73147,0.0575806,0.0257234,-0.0160139,-0.999541,0.00875803,0.4,0,0,DISABLED,0
1.18,0.24045,0.0729314,-0.0154318,0.055033,0.730603,0.0550594,0.0250082,-0.00310806,-0.999682,0.00728938,0.4,0,0,DISABLED,0
1.2,0.246035,0.0761444,0.0253924,0.05204,0.730713,0.0520451,0.0220152,-0.00173236,-0.999756,0.00732037,0.4,0,0,DISABLED,0
1.22,0.251495,0.0794646,0.0401019,0.0484945,0.731603,0.0485697,0.0184697,0.000960682,-0.999829,0.01261,0.4,0,0,DISABLED,0
1.24,0.256718,0.0828685,0.063331,0.046286,0.732618,0.0469987,0.0162611,0.00648442,-0.999847,0.018754,0.4,0,0,DISABLED,0
1.26,0.262178,0.0859693,0.0410579,0.0426318,0.733476,0.0448273,0.012607,0.0122045,-0.999846,0.0257619,0.4,0,0,DISABLED,0
1.28,0.267679,0.0888136,0.0193974,0.0382917,0.734036,0.042336,0.00826687,0.0164118,-0.999831,0.0310237,0.4,0,0,DISABLED,0
1.3,0.273626,0.0915695,0.0130427,0.03396,0.734346,0.0396362,0.00393518,0.0187946,-0.999816,0.0344998,0.4,0,0,DISABLED,0
1.32,0.278501,0.0935499,0.0108453,0.0293268,0.734492,0.0365547,-0.000697984,0.0201818,-0.999796,0.0363987,0.4,0,0,DISABLED,0
1.34,0.284001,0.0954835,0.0096162,0.0243624,0.734627,0.0334515,-0.00566241,0.0212823,-0.999757,0.037313,0.4,0,0,DISABLED,0
1.36,0.289599,0.0971717,0.00491774,0.0196127,0.734751,0.0312341,-0.0104121,0.0226684,-0.999689,0.0381088,0.4,0,0,DISABLED,0
1.38,0.295282,0.0986503,-0.00143477,0.0157399,0.734836,0.0304904,-0.0142849,0.0244759,-0.999598,0.0391254,0.4,0,0,DISABLED,0
1.4,0.300493,0.0997921,-0.00760537,0.0133854,0.734853,0.0310273,-0.0166394,0.0263533,-0.999514,0.0403633,0.4,0,0,DISABLED,0
1.42,0.306976,0.100848,-0.0129434,0.0124193,0.734735,0.0324804,-0.0176055,0.0283743,-0.999442,0.0427594,0.4,0,0,DISABLED,0
1.44,0.313101,0.101457,-0.0179853,0.0128617,0.734502,0.033873,-0.0171631,0.0296953,-0.999412,0.0448189,0.4,0,0,DISABLED,0
1.46,0.319406,0.101641,-0.0234365,0.0148426,0.73414,0.0355157,-0.0151822,0.0306248,-0.999416,0.0468687,0.4,0,0,DISABLED,0
1.48,0.32584,0.101292,-0.0271456,0.0185038,0.733597,0.0373341,-0.0115211,0.0307852,-0.99946,0.049005,0.4,0,0,DISABLED,0
1.5,0.332358,0.100349,-0.0215923,0.0234085,0.732795,0.0389748,-0.00661634,0.0295197,-0.999542,0.0501682,0.4,0,0,DISABLED,0
1.52,0.338901,0.0986252,-0.0164356,0.0286305,0.731733,0.0392249,-0.00139436,0.0251702,-0.999682,0.0508541,0.4,0,0,DISABLED,0
1.54,0.345581,0.0960694,-0.0196469,0.0325831,0.730481,0.0379235,0.00255822,0.0177597,-0.999839,0.0522667,0.4,0,0,DISABLED,0
1.56,0.352399,0.0930265,-0.0213402,0.0345703,0.729237,0.036805,0.00454546,0.0109812,-0.999929,0.0552165,0.4,0,0,DISABLED,0
1.58,0.359458,0.0902803,-0.0121656,0.0337593,0.728908,0.0356213,0.00373443,0.00971879,-0.999946,0.0612716,0.4,0,0,DISABLED,0
1.6,0.366269,0.0875463,0.0333579,0.0335258,0.729555,0.034942,0.00350099,0.00819083,-0.99996,0.0601709,0.4,0,0,DISABLED,0
1.62,0.372787,0.084578,0.0510812,0.0342359,0.730741,0.0346886,0.00421105,0.0039296,-0.999983,0.0562119,0.4,0,0,DISABLED,0
1.64,0.379231,0.0817595,0.0374316,0.0346426,0.731868,0.0346473,0.00461778,-0.00190197,-0.999988,0.0520576,0.4,0,0,DISABLED,0
1.66,0.3856,0.079478,0.0191498,0.0343352,0.732594,0.0348515,0.00431039,-0.00759107,-0.999962,0.0482648,0.4,0,0,DISABLED,0
1.68,0.391276,0.0778808,0.0162889,0.0333013,0.732937,0.0349693,0.0032765,-0.0123057,-0.999919,0.0458849,0.4,0,0,DISABLED,0
1.7,0.398025,0.0764651,0.0206695,0.0320553,0.732988,0.0352275,0.00203043,-0.0162429,-0.999866,0.0442029,0.4,0,0,DISABLED,0
1.72,0.404036,0.0756124,0.0193603,0.0313223,0.732798,0.0354149,0.00129749,-0.0181601,-0.999834,0.0424019,0.4,0,0,DISABLED,0
1.74,0.409947,0.0750344,0.013041,0.0312349,0.732563,0.0357866,0.00121009,-0.0190982,-0.999817,0.0408433,0.4,0,0,DISABLED,0
1.76,0.415799,0.074654,0.00280041,0.0317682,0.732422,0.0366654,0.00174339,-0.0199418,-0.9998,0.0397942,0.4,0,0,DISABLED,0
1.78,0.421665,0.0744626,-0.00885624,0.0328252,0.732445,0.038541,0.00280033,-0.021833,-0.999758,0.0386533,0.4,0,0,DISABLED,0
1.8,0.42755,0.0744808,-0.0216621,0.0343922,0.732598,0.0414364,0.00436738,-0.0247436,-0.999684,0.0374719,0.4,0,0,DISABLED,0
1.82,0.433438,0.0748023,-0.031616,0.0364183,0.732783,0.0450886,0.00639343,-0.0282154,-0.999581,0.035592,0.4,0,0,DISABLED,0
1.84,0.439301,0.0755074,-0.0368727,0.0388246,0.732916,0.0490085,0.00879978,-0.0315386,-0.999464,0.0333443,0.4,0,0,DISABLED,0
1.86,0.445081,0.0766617,-0.0317603,0.0416485,0.732918,0.0529391,0.0116237,-0.0343086,-0.999344,0.0309531,0.4,0,0,DISABLED,0
1.88,0.450734,0.078372,-0.0220462,0.0447832,0.732732,0.0565492,0.0147584,-0.0361551,-0.999237,0.0282504,0.4,0,0,DISABLED,0
1.9,0.456326,0.0806725,-0.0202388,0.0475841,0.732441,0.0588003,0.0175593,-0.0361659,-0.999192,0.02596,0.4,0,0,DISABLED,0
1.92,0.461848,0.0835513,-0.0327062,0.0498932,0.732146,0.0590957,0.0198684,-0.0332922,-0.999248,0.0241305,0.4,0,0,DISABLED,0
1.94,0.467347,0.0868596,-0.0465651,0.0514421,0.731898,0.0576945,0.0214173,-0.0277442,-0.999386,0.0226387,0.4,0,0,DISABLED,0
1.96,0.472819,0.0905426,-0.041072,0.0522777,0.731462,0.0548881,0.0222528,-0.0183424,-0.999584,0.0216231,0.4,0,0,DISABLED,0
1.98,0.477743,0.0940976,-0.0141926,0.0523306,0.730686,0.0526182,0.0223058,-0.00708283,-0.999726,0.0203725,0.4,0,0,DISABLED,0
2,0.484134,0.0972411,0.0304426,0.0496363,0.730768,0.049732,0.0196115,-0.00465538,-0.999797,0.0201482,0.4,0,0,DISABLED,0
2.02,0.489464,0.0998259,0.045637,0.0468191,0.731599,0.0468246,0.0167942,-0.00184597,-0.999857,0.0241647,0.4,0,0,DISABLED,0
2.04,0.495546,0.103338,0.0684035,0.0458026,0.732791,0.0462028,0.0157778,0.0043942,-0.999866,0.0289913,0.4,0,0,DISABLED,0
2.06,0.501354,0.106365,0.0464314,0.0433634,0.733686,0.0452299,0.0133386,0.0112069,-0.999848,0.0359283,0.4,0,0,DISABLED,0
2.08,0.507265,0.109218,0.0212745,0.0398993,0.734258,0.0437789,0.00987443,0.016368,-0.999817,0.0412426,0.4,0,0,DISABLED,0
2.1,0.513081,0.111809,0.0139542,0.036359,0.734517,0.0421398,0.00633415,0.0196587,-0.999787,0.0453834,0.4,0,0,DISABLED,0
2.12,0.51885,0.11414,0.0134677,0.0325528,0.734609,0.0399806,0.00252795,0.02157,-0.999764,0.0479669,0.4,0,0,DISABLED,0
2.14,0.524679,0.11624,0.0139515,0.0282747,0.734668,0.0375618,-0.00175014,0.0230862,-0.999732,0.0493336,0.4,0,0,DISABLED,0
2.16,0.530606,0.11814,0.0104683,0.0239369,0.734736,0.0356046,-0.00608793,0.0247151,-0.999676,0.0497873,0.4,0,0,DISABLED,0
2.18,0.535986,0.119681,0.00465229,0.0207196,0.734776,0.0350987,-0.00930525,0.0266916,-0.9996,0.0503893,0.4,0,0,DISABLED,0
2.2,0.542023,0.121173,-0.00134078,0.0183922,0.734754,0.0359512,-0.0116326,0.0292521,-0.999504,0.0515011,0.4,0,0,DISABLED,0
2.22,0.548133,0.122351,-0.00535896,0.0176384,0.734615,0.0376078,-0.0123864,0.0315753,-0.999425,0.0531304,0.4,0,0,DISABLED,0
2.24,0.554979,0.123186,-0.00790969,0.0184954,0.734287,0.0396422,-0.0115294,0.033423,-0.999375,0.0555953,0.4,0,0,DISABLED,0
2.26,0.561277,0.123439,-0.00890213,0.0208131,0.733807,0.041481,-0.00921177,0.03424,-0.999371,0.0578048,0.4,0,0,DISABLED,0
2.28,0.568109,0.122993,-0.00749499,0.0251674,0.733013,0.0431521,-0.00485739,0.0334096,-0.99943,0.0605554,0.4,0,0,DISABLED,0
2.3,0.573655,0.121921,-0.0144753,0.0290865,0.732176,0.0432804,-0.00093833,0.0304095,-0.999537,0.0626525,0.4,0,0,DISABLED,0
2.32,0.579949,0.119996,-0.0231657,0.0322761,0.731133,0.0419143,0.00225131,0.025097,-0.999682,0.064958,0.4,0,0,DISABLED,0
2.34,0.586448,0.117346,-0.028382,0.0336684,0.73006,0.0393796,0.00364354,0.0187789,-0.999817,0.0674141,0.4,0,0,DISABLED,0
2.36,0.592988,0.114121,-0.022496,0.0342856,0.72898,0.0366573,0.0042608,0.0113219,-0.999927,0.0699568,0.4,0,0,DISABLED,0
2.38,0.59969,0.111119,-0.0140609,0.0333359,0.728591,0.0348942,0.00331107,0.00866241,-0.999957,0.0773043,0.4,0,0,DISABLED,0
2.4,0.606244,0.108393,0.0260705,0.0327749,0.729236,0.0341674,0.00275004,0.00800848,-0.999964,0.0773901,0.4,0,0,DISABLED,0
2.42,0.612451,0.105387,0.0535219,0.0335782,0.730521,0.0341866,0.00355339,0.00476008,-0.999982,0.0744153,0.4,0,0,DISABLED,0
2.44,0.618556,0.10245,0.0453261,0.0345253,0.731785,0.0345301,0.00450049,-0.001396,-0.999989,0.0703672,0.4,0,0,DISABLED,0
2.46,0.624062,0.100213,0.0243957,0.0344769,0.732562,0.0348532,0.0044521,-0.00671711,-0.999968,0.0663185,0.4,0,0,DISABLED,0
2.48,0.630104,0.098243,0.0175702,0.0334532,0.733071,0.0351953,0.00342836,-0.012565,-0.999915,0.0634389,0.4,0,0,DISABLED,0
2.5,0.636525,0.0966147,0.0198191,0.0320732,0.733243,0.0357349,0.00204841,-0.0173902,-0.999847,0.0620702,0.4,0,0,DISABLED,0
2.52,0.641642,0.0956384,0.0191588,0.0311605,0.733181,0.0361298,0.00113565,-0.0199207,-0.999801,0.0607489,0.4,0,0,DISABLED,0
2.54,0.647774,0.0947199,0.0137406,0.0306369,0.73303,0.0367174,0.000612112,-0.0218742,-0.999761,0.0591338,0.4,0,0,DISABLED,0
2.56,0.653299,0.0941068,0.00358674,0.0306863,0.732922,0.0376094,0.000661464,-0.0233777,-0.999726,0.0577645,0.4,0,0,DISABLED,0
2.58,0.658805,0.0936814,-0.00769255,0.0313301,0.73294,0.0392872,0.00130529,-0.0253385,-0.999678,0.0570685,0.4,0,0,DISABLED,0
2.6,0.664322,0.0934646,-0.0200747,0.0325944,0.733097,0.0421115,0.00256954,-0.0282976,-0.999596,0.0562464,0.4,0,0,DISABLED,0
2.62,0.669868,0.0935392,-0.0311544,0.0343656,0.733324,0.0456876,0.00434075,-0.0317403,-0.999487,0.0547964,0.4,0,0,DISABLED,0
2.64,0.674861,0.0939336,-0.037889,0.036389,0.733503,0.0491591,0.00636421,-0.0346834,-0.999378,0.0531205,0.4,0,0,DISABLED,0
2.66,0.680342,0.0948233,-0.036263,0.0392205,0.733559,0.0529031,0.00919572,-0.037132,-0.999268,0.0509488,0.4,0,0,DISABLED,0
2.68,0.685795,0.096272,-0.0296163,0.0421459,0.733424,0.0561204,0.0121211,-0.0386842,-0.999178,0.0486275,0.4,0,0,DISABLED,0
2.7,0.691751,0.0985303,-0.0254359,0.0450921,0.733059,0.0585869,0.0150673,-0.0390284,-0.999124,0.0460531,0.4,0,0,DISABLED,0
2.72,0.696563,0.100871,-0.034043,0.047154,0.732671,0.0589714,0.0171291,-0.0370371,-0.999167,0.044317,0.4,0,0,DISABLED,0
2.74,0.702354,0.104251,-0.0442331,0.0491281,0.732231,0.0574074,0.0191033,-0.0313226,-0.999327,0.0422027,0.4,0,0,DISABLED,0
2.76,0.7076,0.107678,-0.0382568,0.0500773,0.731794,0.0542487,0.0200525,-0.0224823,-0.999546,0.0407902,0.4,0,0,DISABLED,0
2.78,0.712291,0.111034,-0.0130479,0.0503394,0.731118,0.0512042,0.0203146,-0.0109732,-0.999733,0.039724,0.4,0,0,DISABLED,0
2.8,0.718204,0.11412,0.0214698,0.0488849,0.731033,0.0490717,0.0188601,-0.00585013,-0.999805,0.0390076,0.4,0,0,DISABLED,0
2.82,0.723813,0.116695,0.0531884,0.0463064,0.731899,0.0463459,0.0162816,-0.00342187,-0.999862,0.0418861,0.4,0,0,DISABLED,0
2.84,0.729124,0.119659,0.0725173,0.0452928,0.733024,0.0455399,0.015268,0.00304746,-0.999879,0.0469503,0.4,0,0,DISABLED,0
2.86,0.734537,0.12268,0.0595693,0.0437426,0.733927,0.0453221,0.0137178,0.0102041,-0.999854,0.0521663,0.4,0,0,DISABLED,0
2.88,0.740232,0.125626,0.0279709,0.0405767,0.734558,0.0446047,0.0105519,0.016879,-0.999802,0.0580172,0.4,0,0,DISABLED,0
2.9,0.745844,0.128403,0.01569,0.0372487,0.73489,0.0438334,0.00722392,0.0214614,-0.999744,0.061564,0.4,0,0,DISABLED,0
2.92,0.751423,0.130969,0.0144945,0.0336992,0.73505,0.0426937,0.00367441,0.0245705,-0.999691,0.0639661,0.4,0,0,DISABLED,0
2.94,0.757065,0.133364,0.0153252,0.0296585,0.735165,0.0413457,-0.000366295,0.0271659,-0.999631,0.0652408,0.4,0,0,DISABLED,0
2.96,0.762802,0.135579,0.0132781,0.0255328,0.735251,0.0404904,-0.00449201,0.0297822,-0.999546,0.0661359,0.4,0,0,DISABLED,0
2.98,0.768605,0.137601,0.00879991,0.022092,0.735279,0.0407575,-0.00793285,0.03261,-0.999437,0.0668966,0.4,0,0,DISABLED,0
3,0.774474,0.139379,0.00517619,0.0198989,0.735223,0.0421823,-0.010126,0.035552,-0.999317,0.0678552,0.4,0,0,DISABLED,0
3.02,0.780414,0.140792,0.00282091,0.0193077,0.735047,0.0443029,-0.0107171,0.0382313,-0.999211,0.069708,0.4,0,0,DISABLED,0
3.04,0.786474,0.141778,0.0009951,0.0200871,0.734739,0.0464217,-0.00993776,0.0402071,-0.999142,0.0717983,0.4,0,0,DISABLED,0
3.06,0.79196,0.142174,0.00186229,0.0221723,0.734308,0.0481034,-0.00785251,0.0410444,-0.999126,0.0742227,0.4,0,0,DISABLED,0
3.08,0.798629,0.141888,0.00319922,0.0261568,0.73354,0.0491288,-0.00386798,0.0399425,-0.999195,0.0778601,0.4,0,0,DISABLED,0
3.1,0.805301,0.140631,-0.00651428,0.0303955,0.732531,0.0480985,0.000370678,0.0356336,-0.999365,0.0819683,0.4,0,0,DISABLED,0
3.12,0.810273,0.139189,-0.0193862,0.0325667,0.731749,0.0463677,0.00254189,0.0313626,-0.999505,0.0844903,0.4,0,0,DISABLED,0
3.14,0.817251,0.136508,-0.0275667,0.0342363,0.730679,0.0427648,0.00421149,0.0239817,-0.999704,0.0875402,0.4,0,0,DISABLED,0
3.16,0.823649,0.133443,-0.0262516,0.0350314,0.729716,0.0389059,0.00500658,0.015282,-0.999871,0.0898067,0.4,0,0,DISABLED,0
3.18,0.829487,0.130614,-0.0125608,0.0348616,0.729107,0.0365074,0.00483679,0.00918277,-0.999946,0.0956669,0.4,0,0,DISABLED,0
3.2,0.836662,0.127879,0.00761771,0.0334808,0.72953,0.0348087,0.00345601,0.00787394,-0.999963,0.0988636,0.4,0,0,DISABLED,0
3.22,0.842823,0.125164,0.0541273,0.0338404,0.730779,0.0343779,0.00381558,0.00439192,-0.999983,0.0949881,0.4,0,0,DISABLED,0
3.24,0.84881,0.122245,0.0574625,0.0348157,0.732143,0.0348241,0.00479091,-0.00219226,-0.999986,0.0916532,0.4,0,0,DISABLED,0
3.26,0.854799,0.119694,0.0364152,0.0350269,0.733104,0.0358066,0.00500205,-0.0090523,-0.999947,0.0890106,0.4,0,0,DISABLED,0
3.28,0.860795,0.117621,0.0262431,0.0340177,0.73364,0.0368503,0.00399287,-0.0157994,-0.999867,0.0872877,0.4,0,0,DISABLED,0
3.3,0.866076,0.116091,0.025874,0.0328221,0.733819,0.0380585,0.00279727,-0.0209001,-0.999778,0.086686,0.4,0,0,DISABLED,0
3.32,0.872393,0.114576,0.024426,0.0315854,0.733763,0.0395036,0.00156054,-0.0253593,-0.999677,0.0857151,0.4,0,0,DISABLED,0
3.34,0.87803,0.113405,0.0152347,0.031036,0.733605,0.0407033,0.00101119,-0.0279692,-0.999608,0.0849226,0.4,0,0,DISABLED,0
3.36,0.883601,0.112392,0.00304922,0.0311512,0.7335,0.0423107,0.00112641,-0.0302643,-0.999541,0.0845053,0.4,0,0,DISABLED,0
3.38,0.889178,0.111585,-0.0112336,0.0318098,0.733507,0.0446087,0.00178496,-0.0329066,-0.999457,0.0842698,0.4,0,0,DISABLED,0
3.4,0.894764,0.111023,-0.0252979,0.0331163,0.733609,0.0477551,0.00309151,-0.0360398,-0.999346,0.0838638,0.4,0,0,DISABLED,0
3.42,0.900393,0.110816,-0.0365839,0.0349273,0.733752,0.0513855,0.00490245,-0.0393203,-0.999215,0.0824376,0.4,0,0,DISABLED,0
3.44,0.906051,0.111045,-0.043038,0.0371702,0.733853,0.0549196,0.00714538,-0.0420576,-0.99909,0.0805528,0.4,0,0,DISABLED,0
3.46,0.911709,0.111791,-0.0413585,0.0397672,0.733832,0.0579976,0.00974234,-0.043843,-0.998991,0.0785593,0.4,0,0,DISABLED,0
3.48,0.917353,0.113127,-0.0357326,0.0425,0.733626,0.060346,0.0124752,-0.0444631,-0.998933,0.0762866,0.4,0,0,DISABLED,0
3.5,0.922472,0.114828,-0.0329959,0.0445436,0.733327,0.0615835,0.0145188,-0.044146,-0.99892,0.0744006,0.4,0,0,DISABLED,0
3.52,0.928713,0.117543,-0.0397531,0.0464145,0.732951,0.0610231,0.0163897,-0.0412369,-0.999015,0.0722985,0.4,0,0,DISABLED,0
3.54,0.934325,0.120479,-0.0496227,0.0475869,0.732717,0.0583247,0.0175621,-0.035346,-0.999221,0.0705038,0.4,0,0,DISABLED,0
3.56,0.939893,0.123685,-0.0412874,0.0482735,0.732568,0.0541519,0.0182487,-0.026164,-0.999491,0.0690714,0.4,0,0,DISABLED,0
3.58,0.945442,0.127117,-0.0156576,0.0484178,0.732312,0.049841,0.018393,-0.0134431,-0.99974,0.0681044,0.4,0,0,DISABLED,0
3.6,0.951061,0.130331,0.0161679,0.0478346,0.731991,0.0478437,0.0178098,-0.00227508,-0.999839,0.0671413,0.4,0,0,DISABLED,0
3.62,0.956974,0.132695,0.053077,0.0457986,0.732654,0.04587,0.0157738,0.000835789,-0.999875,0.0690152,0.4,0,0,DISABLED,0
3.64,0.962736,0.135373,0.0695388,0.0445025,0.733683,0.0452365,0.0144777,0.00645827,-0.999874,0.0735992,0.4,0,0,DISABLED,0
3.66,0.968411,0.138314,0.0734555,0.043487,0.734508,0.046208,0.0134622,0.0139731,-0.999812,0.0796282,0.4,0,0,DISABLED,0
3.68,0.974286,0.14135,0.0437503,0.0409162,0.735099,0.0470583,0.0108913,0.0215976,-0.999707,0.0855897,0.4,0,0,DISABLED,0
3.7,0.980209,0.144336,0.0257567,0.0374342,0.735445,0.0479072,0.00740942,0.0282501,-0.999573,0.0913059,0.4,0,0,DISABLED,0
3.72,0.985969,0.147245,0.0238765,0.0340349,0.735607,0.0484591,0.00401003,0.0328502,-0.999452,0.0943271,0.4,0,0,DISABLED,0
3.74,0.991701,0.150046,0.0271024,0.030487,0.735697,0.0488098,0.000462179,0.0364738,-0.999335,0.0961183,0.4,0,0,DISABLED,0
3.76,0.997496,0.152691,0.0267891,0.0268987,0.735729,0.0495361,-0.00312615,0.0399528,-0.999197,0.0980596,0.4,0,0,DISABLED,0
3.78,1.00332,0.155167,0.0236937,0.0238671,0.7357,0.0507056,-0.00615777,0.0430901,-0.999052,0.0989387,0.4,0,0,DISABLED,0
3.8,1.00913,0.157394,0.0233196,0.0221728,0.735595,0.0528749,-0.007852,0.0463512,-0.998894,0.0999392,0.4,0,0,DISABLED,0
3.82,1.01498,0.159226,0.0245731,0.0219539,0.735368,0.0554845,-0.00807096,0.0493032,-0.998751,0.101941,0.4,0,0,DISABLED,0
3.84,1.02086,0.160515,0.028272,0.0231111,0.734981,0.0571482,-0.00691371,0.0506134,-0.998694,0.104804,0.4,0,0,DISABLED,0
3.86,1.02731,0.161159,0.0316393,0.0256743,0.734373,0.0573471,-0.00435048,0.0496251,-0.998758,0.109133,0.4,0,0,DISABLED,0
3.88,1.0332,0.160984,0.0211141,0.0278345,0.733727,0.0563431,-0.0021903,0.0473373,-0.998877,0.113331,0.4,0,0,DISABLED,0
3.9,1.03856,0.160251,0.0038614,0.0305727,0.733103,0.0536096,0.000547852,0.0423905,-0.999101,0.119547,0.4,0,0,DISABLED,0
3.92,1.04462,0.158851,-0.0115304,0.0323605,0.732409,0.0503989,0.00233563,0.0369918,-0.999313,0.124588,0.4,0,0,DISABLED,0
3.94,1.05145,0.156642,-0.022693,0.033421,0.731737,0.0462957,0.00339621,0.0303939,-0.999532,0.12894,0.4,0,0,DISABLED,0
3.96,1.05645,0.154636,-0.0250285,0.0338874,0.731311,0.0428024,0.00386257,0.0245034,-0.999692,0.131463,0.4,0,0,DISABLED,0
3.98,1.0633,0.151421,-0.0168189,0.0345671,0.730655,0.037777,0.00454226,0.0135919,-0.999897,0.133884,0.4,0,0,DISABLED,0
4,1.06969,0.148839,0.000574291,0.0333105,0.730504,0.0344973,0.00328566,0.00732025,-0.999968,0.141675,0.4,0,0,DISABLED,0
4.02,1.07597,0.146811,0.0336503,0.0313833,0.731378,0.031953,0.0013585,0.00434366,-0.99999,0.14284,0.4,0,0,DISABLED,0
4.04,1.08191,0.1445,0.0680949,0.0309728,0.73265,0.0309792,0.000947944,-0.00202346,-0.999997,0.138708,0.4,0,0,DISABLED,0
4.06,1.08721,0.142454,0.0586092,0.0307403,0.733565,0.0316606,0.000715487,-0.00919857,-0.999957,0.135795,0.4,0,0,DISABLED,0
4.08,1.0932,0.140463,0.047455,0.0297585,0.734141,0.0329415,-0.000266286,-0.0157584,-0.999876,0.134147,0.4,0,0,DISABLED,0
4.1,1.09983,0.138564,0.0442019,0.0278752,0.734375,0.0354653,-0.00214959,-0.0235605,-0.99972,0.132583,0.4,0,0,DISABLED,0
4.12,1.10631,0.136911,0.0381585,0.0264868,0.734324,0.0382351,-0.00353803,-0.0292107,-0.999567,0.131702,0.4,0,0,DISABLED,0
4.14,1.11148,0.13565,0.0250854,0.0261426,0.734228,0.0404948,-0.00388224,-0.0325619,-0.999462,0.131313,0.4,0,0,DISABLED,0
4.16,1.11776,0.134237,0.00883126,0.0262301,0.734198,0.0433038,-0.00379474,-0.0360908,-0.999341,0.130913,0.4,0,0,DISABLED,0
4.18,1.12291,0.133246,-0.00946265,0.0267166,0.73425,0.0465231,-0.0033082,-0.0397184,-0.999205,0.130617,0.4,0,0,DISABLED,0
4.2,1.12866,0.132389,-0.0258009,0.0277524,0.734345,0.0501855,-0.00227238,-0.0434436,-0.999053,0.130101,0.4,0,0,DISABLED,0
4.22,1.13448,0.131896,-0.0382913,0.029187,0.734483,0.0536118,-0.000837812,-0.0465973,-0.998913,0.128593,0.4,0,0,DISABLED,0
4.24,1.14036,0.131824,-0.0444311,0.0311273,0.734612,0.0565586,0.00110244,-0.0488461,-0.998806,0.126533,0.4,0,0,DISABLED,0
4.25999,1.14629,0.132239,-0.0434299,0.0335126,0.734656,0.0590967,0.00348779,-0.0502983,-0.998728,0.124214,0.4,0,0,DISABLED,0
4.27999,1.15169,0.13308,-0.0395446,0.0358254,0.734571,0.0610134,0.00580061,-0.051008,-0.998681,0.12217,0.4,0,0,DISABLED,0
4.29999,1.15835,0.134752,-0.0350641,0.0387246,0.734273,0.0627026,0.00869974,-0.0509341,-0.998664,0.119885,0.4,0,0,DISABLED,0
4.31999,1.16444,0.136907,-0.0359996,0.0410265,0.733908,0.0627045,0.0110016,-0.0490387,-0.998736,0.1177,0.4,0,0,DISABLED,0
4.33999,1.17055,0.139545,-0.0425526,0.0425086,0.733627,0.0599583,0.0124838,-0.0439072,-0.998958,0.11556,0.4,0,0,DISABLED,0
4.35999,1.17663,0.14252,-0.0397345,0.0433324,0.733458,0.0544495,0.0133075,-0.0345982,-0.999313,0.113693,0.4,0,0,DISABLED,0
4.37999,1.1821,0.145309,-0.0182615,0.0434726,0.733315,0.0486384,0.0134478,-0.0234411,-0.999635,0.112623,0.4,0,0,DISABLED,0
4.39999,1.18821,0.148555,0.0122398,0.0430939,0.732925,0.0436767,0.013069,-0.00872074,-0.999877,0.111091,0.4,0,0,DISABLED,0
4.41999,1.19452,0.150938,0.0405375,0.041494,0.732953,0.0414983,0.0114691,-0.00133172,-0.999933,0.111512,0.4,0,0,DISABLED,0
4.43999,1.20164,0.15326,0.0710608,0.03969,0.733824,0.0398896,0.0096652,0.00229183,-0.999951,0.115137,0.4,0,0,DISABLED,0
4.45999,1.20771,0.155882,0.0779164,0.039505,0.734661,0.0410824,0.00948013,0.00962414,-0.999909,0.119591,0.4,0,0,DISABLED,0
4.47999,1.21396,0.158732,0.0589325,0.0381343,0.73527,0.0429332,0.00810945,0.0180778,-0.999804,0.126399,0.4,0,0,DISABLED,0
4.49999,1.22031,0.161696,0.0358255,0.0354874,0.735658,0.0447594,0.00546261,0.0256358,-0.999656,0.132463,0.4,0,0,DISABLED,0
4.51999,1.22653,0.164668,0.0312474,0.0326341,0.73586,0.0466089,0.00260923,0.0316352,-0.999496,0.136785,0.4,0,0,DISABLED,0
4.53999,1.23201,0.167359,0.0338036,0.0299959,0.73596,0.0478437,-2.89558e-05,0.035629,-0.999365,0.138422,0.4,0,0,DISABLED,0
4.55999,1.23867,0.170593,0.0355922,0.0266863,0.736008,0.049744,-0.00333858,0.0403337,-0.999181,0.140389,0.4,0,0,DISABLED,0
4.57999,1.24471,0.173429,0.0337989,0.0239875,0.735952,0.0516656,-0.00603729,0.0441137,-0.999008,0.141056,0.4,0,0,DISABLED,0
4.59999,1.25007,0.175795,0.0349514,0.0225914,0.735807,0.0541057,-0.00743339,0.0475126,-0.998843,0.141922,0.4,0,0,DISABLED,0
4.61999,1.25654,0.178256,0.0407219,0.0224221,0.735473,0.0570813,-0.0076027,0.0508396,-0.998678,0.143562,0.4,0,0,DISABLED,0
4.63999,1.26232,0.179866,0.0447696,0.0237146,0.734969,0.0585441,-0.00631024,0.0518713,-0.998634,0.146417,0.4,0,0,DISABLED,0
4.65999,1.26809,0.180805,0.0391927,0.025631,0.734378,0.0584901,-0.00439384,0.0509215,-0.998693,0.150608,0.4,0,0,DISABLED,0
4.67999,1.27389,0.181047,0.0245219,0.0278036,0.733717,0.0574562,-0.00222125,0.048629,-0.998814,0.156065,0.4,0,0,DISABLED,0
4.69999,1.27975,0.180632,0.00830364,0.0299264,0.73304,0.0554555,-9.83975e-05,0.0450392,-0.998985,0.161569,0.4,0,0,DISABLED,0
4.71999,1.28571,0.1796,-0.00660977,0.0316847,0.73243,0.0527959,0.00165987,0.0405838,-0.999175,0.166344,0.4,0,0,DISABLED,0
4.73999,1.29181,0.177951,-0.0182526,0.032866,0.731914,0.0493214,0.00284113,0.0351317,-0.999379,0.170491,0.4,0,0,DISABLED,0
4.75999,1.29802,0.175747,-0.0255443,0.0335687,0.731453,0.0447435,0.00354385,0.0279393,-0.999603,0.17401,0.4,0,0,DISABLED,0
4.77999,1.30428,0.173158,-0.0180595,0.0339698,0.730941,0.0394991,0.00394497,0.0185107,-0.999821,0.176579,0.4,0,0,DISABLED,0
4.79999,1.3107,0.170733,0.00366193,0.0327612,0.7306,0.0347436,0.00273641,0.00991627,-0.999947,0.184859,0.4,0,0,DISABLED,0
4.81999,1.31698,0.169194,0.0252967,0.0303187,0.731261,0.0314054,0.000293879,0.00653632,-0.999979,0.187545,0.4,0,0,DISABLED,0
4.83999,1.3229,0.167448,0.0671135,0.0293732,0.732476,0.0295047,-0.000651662,0.00111276,-0.999999,0.184564,0.4,0,0,DISABLED,0
4.85999,1.32878,0.165715,0.0623579,0.0287859,0.733494,0.0291224,-0.00123889,-0.00603279,-0.999981,0.181221,0.4,0,0,DISABLED,0
4.87999,1.33414,0.164333,0.0515788,0.0277568,0.734022,0.0299181,-0.00226804,-0.0127957,-0.999916,0.179592,0.4,0,0,DISABLED,0
4.89999,1.34076,0.162876,0.0475205,0.0258565,0.734301,0.0322428,-0.00416836,-0.0209,-0.999773,0.178246,0.4,0,0,DISABLED,0
4.91999,1.34668,0.161726,0.0408434,0.0244963,0.734317,0.034884,-0.00552849,-0.0264737,-0.999634,0.177442,0.4,0,0,DISABLED,0
4.93999,1.35249,0.160677,0.0281739,0.0239318,0.73425,0.0376347,-0.006093,-0.0306834,-0.999511,0.176395,0.4,0,0,DISABLED,0
4.95999,1.35823,0.159718,0.0105691,0.0239378,0.734241,0.0405007,-0.00608699,-0.0343048,-0.999393,0.175987,0.4,0,0,DISABLED,0
4.97999,1.36342,0.158997,-0.00739408,0.0242362,0.734309,0.0439407,-0.00578865,-0.0382866,-0.99925,0.175656,0.4,0,0,DISABLED,0
4.99999,1.36921,0.158404,-0.0238305,0.0249751,0.734442,0.0472858,-0.00504971,-0.0417841,-0.999114,0.175519,0.4,0,0,DISABLED,0
5.01999,1.3756,0.158151,-0.0358533,0.0265967,0.734609,0.0516252,-0.0034281,-0.0458749,-0.998941,0.173869,0.4,0,0,DISABLED,0
5.03999,1.38149,0.158382,-0.0430653,0.028448,0.734735,0.0548446,-0.00157687,-0.0485153,-0.998821,0.171558,0.4,0,0,DISABLED,0
5.05999,1.38744,0.159105,-0.0425883,0.030774,0.734769,0.0573523,0.000749201,-0.0500183,-0.998748,0.169296,0.4,0,0,DISABLED,0
5.07999,1.39344,0.160398,-0.0392089,0.0334856,0.734657,0.0594037,0.0034608,-0.0506875,-0.998709,0.166877,0.4,0,0,DISABLED,0
5.09999,1.39954,0.162276,-0.0364676,0.0360514,0.734401,0.0610085,0.00602653,-0.0508377,-0.998689,0.165249,0.4,0,0,DISABLED,0
5.11999,1.40558,0.164766,-0.0356153,0.0385359,0.734005,0.0614332,0.00851108,-0.0494631,-0.99874,0.163719,0.4,0,0,DISABLED,0
5.13999,1.41161,0.167781,-0.0404446,0.0408996,0.733635,0.0591391,0.0108748,-0.0443391,-0.998957,0.161473,0.4,0,0,DISABLED,0
5.15999,1.41761,0.171145,-0.0377408,0.042037,0.733355,0.0543958,0.0120122,-0.0361519,-0.999274,0.159849,0.4,0,0,DISABLED,0
5.17999,1.42299,0.17428,-0.0190191,0.0425564,0.733086,0.0478337,0.0125316,-0.0234731,-0.999646,0.15891,0.4,0,0,DISABLED,0
5.19999,1.4296,0.178219,0.0109306,0.0422496,0.732485,0.0426252,0.0122248,-0.00725539,-0.999899,0.157137,0.4,0,0,DISABLED,0
5.21999,1.4359,0.180687,0.0433713,0.0408715,0.732727,0.0408787,0.0108467,-0.00211377,-0.999939,0.158,0.4,0,0,DISABLED,0
5.23999,1.44218,0.183191,0.0717294,0.0395986,0.733613,0.0397878,0.00957382,0.00217867,-0.999952,0.161273,0.4,0,0,DISABLED,0
5.25999,1.44824,0.186069,0.0743339,0.0391378,0.734488,0.040759,0.00911295,0.00973169,-0.999911,0.166512,0.4,0,0,DISABLED,0
5.27999,1.45445,0.189195,0.0531275,0.0374119,0.73513,0.0423755,0.0073871,0.0182542,-0.999806,0.172583,0.4,0,0,DISABLED,0
5.29999,1.46078,0.192396,0.0317971,0.0344956,0.735536,0.0442544,0.00447078,0.0260789,-0.99965,0.178777,0.4,0,0,DISABLED,0
5.31999,1.46695,0.195591,0.0283347,0.0315946,0.73573,0.0461344,0.00156973,0.0319738,-0.999487,0.182588,0.4,0,0,DISABLED,0
5.33999,1.47301,0.198783,0.0324411,0.028674,0.735818,0.0475035,-0.00135088,0.0362302,-0.999343,0.184182,0.4,0,0,DISABLED,0
5.35999,1.47908,0.20192,0.0331333,0.0256799,0.735843,0.0489866,-0.00434489,0.0400698,-0.999187,0.185372,0.4,0,0,DISABLED,0
5.37999,1.48454,0.204657,0.0311019,0.0234019,0.735795,0.0510876,-0.00662293,0.0437645,-0.99902,0.186667,0.4,0,0,DISABLED,0
5.39999,1.49114,0.20778,0.0313772,0.0218715,0.735601,0.0542641,-0.00815332,0.0480104,-0.998814,0.187839,0.4,0,0,DISABLED,0
5.41999,1.49712,0.210227,0.0373348,0.0219461,0.735265,0.0571669,-0.00807877,0.0511326,-0.998659,0.189577,0.4,0,0,DISABLED,0
5.43999,1.50302,0.212081,0.0423017,0.0234815,0.734754,0.0587678,-0.00654332,0.0522184,-0.998614,0.192592,0.4,0,0,DISABLED,0
5.45999,1.50833,0.21318,0.0369126,0.0257242,0.734211,0.0587931,-0.00430061,0.051213,-0.998679,0.196824,0.4,0,0,DISABLED,0
5.47999,1.51432,0.213727,0.0220204,0.0278455,0.733521,0.0578029,-0.00217931,0.0490009,-0.998796,0.201848,0.4,0,0,DISABLED,0
5.49999,1.52104,0.213556,0.00508276,0.0300254,0.732739,0.0555973,5.36442e-07,0.0451426,-0.998981,0.207601,0.4,0,0,DISABLED,0
5.51999,1.52667,0.212875,-0.0104233,0.031772,0.732176,0.052797,0.00174721,0.0405196,-0.999177,0.21239,0.4,0,0,DISABLED,0
5.53999,1.53369,0.211366,-0.0217373,0.0332855,0.731574,0.0487462,0.00326067,0.033968,-0.999418,0.21644,0.4,0,0,DISABLED,0
5.55999,1.54027,0.209449,-0.0283283,0.0339542,0.731136,0.0443594,0.00392938,0.0269038,-0.99963,0.219822,0.4,0,0,DISABLED,0
5.57999,1.54623,0.207384,-0.0192206,0.0344309,0.730688,0.0398238,0.00440605,0.0183666,-0.999822,0.221892,0.4,0,0,DISABLED,0
5.59999,1.55368,0.205155,0.00270027,0.0331136,0.73039,0.0349489,0.00308873,0.00952542,-0.99995,0.230659,0.4,0,0,DISABLED,0
5.61999,1.55964,0.204062,0.0257976,0.0309783,0.731055,0.0320833,0.000953523,0.00669415,-0.999977,0.23304,0.4,0,0,DISABLED,0
5.63999,1.56653,0.202429,0.0633262,0.0302709,0.732424,0.0303356,0.000246063,0.000308587,-1,0.228893,0.4,0,0,DISABLED,0
5.65999,1.57272,0.200951,0.0561093,0.0299647,0.73343,0.0304298,-6.00871e-05,-0.00692228,-0.999976,0.225304,0.4,0,0,DISABLED,0
5.67999,1.579,0.199709,0.045974,0.0287881,0.733993,0.0315021,-0.00123673,-0.014424,-0.999895,0.22315,0.4,0,0,DISABLED,0
5.69999,1.5852,0.198645,0.0427233,0.0273799,0.734208,0.0337831,-0.00264493,-0.0214243,-0.999767,0.222449,0.4,0,0,DISABLED,0
5.71999,1.59125,0.197747,0.0372742,0.026365,0.734209,0.0363634,-0.0036598,-0.0266808,-0.999637,0.22209,0.4,0,0,DISABLED,0
5.73999,1.59722,0.196976,0.0239435,0.0258339,0.734148,0.038981,-0.00419098,-0.0308271,-0.999516,0.221244,0.4,0,0,DISABLED,0
5.75999,1.60313,0.196318,0.00719294,0.025677,0.734125,0.0418303,-0.00434786,-0.0346582,-0.99939,0.220476,0.4,0,0,DISABLED,0
5.77999,1.60841,0.195853,-0.00885561,0.025957,0.734155,0.0446714,-0.00406787,-0.03799,-0.99927,0.220215,0.4,0,0,DISABLED,0
5.79999,1.61484,0.195511,-0.0236005,0.0270382,0.734243,0.0487988,-0.00298664,-0.0422545,-0.999102,0.219843,0.4,0,0,DISABLED,0
5.81999,1.62012,0.195527,-0.0356701,0.0283825,0.734338,0.0523695,-0.00164236,-0.0456398,-0.998957,0.218473,0.4,0,0,DISABLED,0
5.83999,1.62659,0.196016,-0.0429467,0.0305673,0.734442,0.0560194,0.000542434,-0.0485695,-0.99882,0.216189,0.4,0,0,DISABLED,0
5.85999,1.63249,0.196994,-0.0426506,0.0330113,0.734463,0.0586245,0.00298647,-0.0500694,-0.998741,0.214067,0.4,0,0,DISABLED,0
5.87999,1.63833,0.198526,-0.0387457,0.0359967,0.734331,0.0607793,0.00597189,-0.0505929,-0.998702,0.211784,0.4,0,0,DISABLED,0
5.89999,1.64421,0.200645,-0.034947,0.0387926,0.734059,0.0623162,0.00876775,-0.0503876,-0.998691,0.209842,0.4,0,0,DISABLED,0
5.91999,1.65003,0.203374,-0.0376955,0.0412493,0.733709,0.0623631,0.0112244,-0.0483912,-0.998765,0.20773,0.4,0,0,DISABLED,0
5.93999,1.65582,0.206594,-0.0451939,0.0428611,0.733429,0.0597071,0.0128362,-0.0431909,-0.998984,0.205719,0.4,0,0,DISABLED,0
5.95999,1.66153,0.210133,-0.0412597,0.0437985,0.733242,0.0543849,0.0137736,-0.0338668,-0.999331,0.204058,0.4,0,0,DISABLED,0
5.97999,1.66722,0.213817,-0.0198392,0.044021,0.733054,0.0481617,0.0139962,-0.0211625,-0.999678,0.202954,0.4,0,0,DISABLED,0
5.99999,1.67293,0.217633,0.010702,0.0436281,0.732614,0.0438715,0.0136033,-0.00622413,-0.999888,0.201274,0.4,0,0,DISABLED,0
6.01999,1.67896,0.220378,0.0432977,0.0423234,0.732894,0.0423346,0.0122985,-0.000828711,-0.999924,0.202106,0.4,0,0,DISABLED,0
6.03999,1.68502,0.223115,0.0720736,0.0409929,0.73378,0.0413039,0.0109681,0.00339952,-0.999934,0.205919,0.4,0,0,DISABLED,0
6.05999,1.69081,0.226257,0.0745403,0.0405936,0.734601,0.0424233,0.0105687,0.0106749,-0.999887,0.210952,0.4,0,0,DISABLED,0
6.08,1.69681,0.229668,0.0526799,0.0386545,0.735199,0.0439149,0.00862971,0.0191941,-0.999779,0.21759,0.4,0,0,DISABLED,0
6.1,1.70281,0.233162,0.0315404,0.035825,0.735561,0.0455255,0.00580022,0.0264485,-0.999633,0.222604,0.4,0,0,DISABLED,0
6.12,1.7087,0.236639,0.0281722,0.0327961,0.735756,0.0471001,0.00277129,0.0321616,-0.999479,0.226228,0.4,0,0,DISABLED,0
6.14,1.71451,0.24011,0.0310272,0.0296393,0.735861,0.0483729,-0.000385511,0.0365849,-0.99933,0.228141,0.4,0,0,DISABLED,0
6.16,1.72031,0.243533,0.0327622,0.0264577,0.735892,0.0497404,-0.00356712,0.0404732,-0.999174,0.229224,0.4,0,0,DISABLED,0
6.18,1.72552,0.246514,0.0311824,0.0240926,0.735849,0.0515755,-0.00593219,0.0439541,-0.999016,0.230024,0.4,0,0,DISABLED,0
6.2,1.73185,0.249908,0.0317615,0.0225606,0.735671,0.0547412,-0.00746419,0.0482245,-0.998809,0.231313,0.4,0,0,DISABLED,0
6.22,1.73761,0.252583,0.0367191,0.022566,0.735352,0.0576407,-0.0074588,0.0513861,-0.998651,0.233254,0.4,0,0,DISABLED,0
6.24,1.74335,0.254661,0.0421584,0.0240004,0.734854,0.0591824,-0.00602444,0.0524423,-0.998606,0.236272,0.4,0,0,DISABLED,0
6.26,1.74912,0.256062,0.0375088,0.0261888,0.734256,0.0591088,-0.00383603,0.0513355,-0.998674,0.240521,0.4,0,0,DISABLED,0
6.28,1.75501,0.256762,0.0226026,0.0285226,0.733578,0.0578679,-0.00150225,0.048698,-0.998812,0.246067,0.4,0,0,DISABLED,0
6.3,1.76104,0.256805,0.00554201,0.0307039,0.732869,0.0555608,0.000679036,0.0446569,-0.999002,0.251678,0.4,0,0,DISABLED,0
6.32,1.76723,0.256254,-0.00989765,0.032272,0.732243,0.0531437,0.00224717,0.0405757,-0.999174,0.256059,0.4,0,0,DISABLED,0
6.34,1.7736,0.255096,-0.0213844,0.0336356,0.731711,0.049204,0.00361077,0.0342673,-0.999406,0.260329,0.4,0,0,DISABLED,0
6.36,1.77949,0.253602,-0.026612,0.0342331,0.731299,0.0451481,0.00420831,0.0277919,-0.999605,0.263299,0.4,0,0,DISABLED,0
6.38,1.7861,0.25157,-0.0193984,0.0346931,0.730784,0.0400417,0.00466824,0.0183478,-0.999821,0.265626,0.4,0,0,DISABLED,0
6.4,1.79353,0.249594,0.0030596,0.0333201,0.730462,0.0351173,0.00329529,0.0094399,-0.99995,0.27448,0.4,0,0,DISABLED,0
6.42,1.80012,0.248609,0.0257375,0.0308804,0.731198,0.0318933,0.000855613,0.00632193,-0.99998,0.277117,0.4,0,0,DISABLED,0
6.44,1.80633,0.247312,0.0656052,0.0303333,0.732447,0.0304043,0.00030843,0.000399283,-1,0.272951,0.4,0,0,DISABLED,0
6.46,1.81244,0.245976,0.0589897,0.0302084,0.733472,0.0306387,0.000183533,-0.00673848,-0.999977,0.27005,0.4,0,0,DISABLED,0
6.48,1.81865,0.244881,0.0479653,0.0291049,0.734043,0.0317302,-0.000919899,-0.0142706,-0.999898,0.26837,0.4,0,0,DISABLED,0
6.5,1.82486,0.244005,0.0436244,0.0273626,0.734272,0.0338395,-0.00266221,-0.0215446,-0.999764,0.267266,0.4,0,0,DISABLED,0
6.52001,1.83033,0.243365,0.0387706,0.026026,0.734275,0.0363617,-0.00399885,-0.0270285,-0.999627,0.266531,0.4,0,0,DISABLED,0
6.54001,1.83687,0.2427,0.0264942,0.0254171,0.734172,0.0389611,-0.00460772,-0.0311655,-0.999504,0.265468,0.4,0,0,DISABLED,0
6.56001,1.84275,0.242188,0.00952682,0.025343,0.734121,0.0417689,-0.00468181,-0.0348382,-0.999382,0.264797,0.4,0,0,DISABLED,0
6.58001,1.84859,0.241825,-0.0078986,0.0256987,0.734153,0.0450012,-0.00432612,-0.0385761,-0.999246,0.264475,0.4,0,0,DISABLED,0
6.60001,1.85442,0.241678,-0.024022,0.0266478,0.734246,0.0487193,-0.00337705,-0.042416,-0.999094,0.264216,0.4,0,0,DISABLED,0
6.62001,1.86027,0.241867,-0.0364372,0.0281039,0.734393,0.0524366,-0.00192096,-0.0458962,-0.998944,0.262908,0.4,0,0,DISABLED,0
6.64001,1.8661,0.24248,-0.0432948,0.0301689,0.734521,0.055682,0.000144062,-0.0484265,-0.998827,0.260769,0.4,0,0,DISABLED,0
6.66001,1.87135,0.243464,-0.0434478,0.0325948,0.734564,0.058251,0.00256998,-0.0498999,-0.998751,0.258395,0.4,0,0,DISABLED,0
6.68001,1.87776,0.245282,-0.0400623,0.0352601,0.734465,0.0603232,0.00523529,-0.0505664,-0.998707,0.256023,0.4,0,0,DISABLED,0
6.70001,1.88302,0.247296,-0.036011,0.0374922,0.734256,0.0617277,0.00746738,-0.0506559,-0.998688,0.254437,0.4,0,0,DISABLED,0
6.72001,1.88931,0.250428,-0.0361955,0.0403134,0.733866,0.0619764,0.0102886,-0.0486923,-0.998761,0.252127,0.4,0,0,DISABLED,0
6.74001,1.89493,0.253809,-0.0425709,0.0424157,0.733529,0.0592529,0.0123908,-0.0429975,-0.998998,0.249503,0.4,0,0,DISABLED,0
6.76001,1.90058,0.257532,-0.03933,0.0430577,0.733333,0.0543311,0.0130329,-0.0347613,-0.999311,0.247926,0.4,0,0,DISABLED,0
6.78001,1.90617,0.261391,-0.0190289,0.04318,0.733126,0.0477276,0.0131552,-0.0219607,-0.999672,0.247068,0.4,0,0,DISABLED,0
6.80001,1.91118,0.264978,0.011167,0.0428845,0.73272,0.0434261,0.0128596,-0.00845192,-0.999882,0.245592,0.4,0,0,DISABLED,0
6.82001,1.91712,0.268006,0.043004,0.0415149,0.732869,0.0415198,0.0114901,-0.00209138,-0.999932,0.246111,0.4,0,0,DISABLED,0
6.84001,1.92375,0.271234,0.0720146,0.0398464,0.733793,0.0400313,0.00982156,0.00216293,-0.999949,0.250337,0.4,0,0,DISABLED,0
6.86001,1.92943,0.274599,0.0763149,0.0395046,0.734644,0.0410301,0.00947982,0.0094313,-0.999911,0.255364,0.4,0,0,DISABLED,0
6.88001,1.9352,0.278246,0.0568895,0.0380076,0.73525,0.042635,0.00798282,0.0176705,-0.999812,0.26138,0.4,0,0,DISABLED,0
6.90001,1.94052,0.281628,0.0338402,0.0351848,0.735609,0.0443567,0.00515997,0.0253674,-0.999665,0.267568,0.4,0,0,DISABLED,0
6.92001,1.94685,0.285755,0.0294115,0.0322952,0.735839,0.0459998,0.00227041,0.031114,-0.999513,0.270909,0.4,0,0,DISABLED,0
6.94001,1.95248,0.289487,0.032344,0.029326,0.735954,0.0474206,-0.000698798,0.0356221,-0.999365,0.272848,0.4,0,0,DISABLED,0
6.96002,1.95813,0.293169,0.0331553,0.0262175,0.735999,0.0488159,-0.0038073,0.0395333,-0.999211,0.273973,0.4,0,0,DISABLED,0
6.98002,1.96376,0.296739,0.0314673,0.0236024,0.735954,0.0508254,-0.0064224,0.0433656,-0.999039,0.274745,0.4,0,0,DISABLED,0
7.00002,1.96935,0.300076,0.031869,0.0221748,0.735791,0.0536796,-0.00785003,0.0472364,-0.998853,0.275834,0.4,0,0,DISABLED,0
7.02002,1.97494,0.303016,0.0371663,0.0221331,0.735479,0.0564415,-0.00789177,0.0502683,-0.998705,0.277365,0.4,0,0,DISABLED,0
7.04002,1.9805,0.305341,0.042363,0.0235807,0.734984,0.0579544,-0.00644415,0.0512859,-0.998663,0.280142,0.4,0,0,DISABLED,0
7.06002,1.98612,0.306986,0.0374367,0.0257164,0.734366,0.0580366,-0.00430846,0.050375,-0.998721,0.284332,0.4,0,0,DISABLED,0
7.08002,1.9919,0.307922,0.0227636,0.0279485,0.733663,0.0569412,-0.00207635,0.0479594,-0.998847,0.2898,0.4,0,0,DISABLED,0
7.10002,1.99784,0.308203,0.00636673,0.0300519,0.732941,0.0548587,2.70968e-05,0.0442453,-0.999021,0.295254,0.4,0,0,DISABLED,0
7.12002,2.00395,0.307878,-0.00800899,0.0318301,0.732265,0.0520405,0.00180529,0.0395239,-0.999217,0.300064,0.4,0,0,DISABLED,0
7.14002,2.0103,0.306976,-0.0202366,0.0329551,0.731698,0.0485808,0.00293023,0.0340485,-0.999416,0.304277,0.4,0,0,DISABLED,0
7.16002,2.01748,0.305395,-0.026993,0.0335893,0.731162,0.0440992,0.00356452,0.026932,-0.999631,0.307485,0.4,0,0,DISABLED,0
7.18002,2.02342,0.303748,-0.0174648,0.0340526,0.730658,0.0389427,0.00402779,0.0172498,-0.999843,0.309829,0.4,0,0,DISABLED,0
7.20002,2.03014,0.302278,0.00428614,0.0326406,0.730417,0.0346525,0.00261576,0.00998759,-0.999947,0.318896,0.4,0,0,DISABLED,0
7.22002,2.03663,0.301515,0.0250912,0.0302887,0.73118,0.0314566,0.000263863,0.00683609,-0.999977,0.321314,0.4,0,0,DISABLED,0
7.24002,2.04278,0.300443,0.065973,0.0295849,0.732421,0.0297101,-0.000439961,0.00103456,-0.999999,0.318105,0.4,0,0,DISABLED,0
7.26002,2.04889,0.299414,0.0588336,0.0291195,0.733438,0.0294805,-0.000905315,-0.006217,-0.99998,0.31472,0.4,0,0,DISABLED,0
7.28002,2.05505,0.298632,0.048356,0.0279576,0.734007,0.0304767,-0.00206723,-0.0137676,-0.999903,0.312882,0.4,0,0,DISABLED,0
7.30002,2.0612,0.298065,0.0442434,0.0263326,0.734241,0.0326616,-0.00369227,-0.0209597,-0.999774,0.311946,0.4,0,0,DISABLED,0
7.32002,2.06719,0.29764,0.0393094,0.02527,0.734255,0.0353103,-0.00475483,-0.0262992,-0.999643,0.311667,0.4,0,0,DISABLED,0
7.34002,2.0731,0.297337,0.025889,0.024777,0.734207,0.0380287,-0.00524784,-0.0304861,-0.999521,0.310868,0.4,0,0,DISABLED,0
7.36002,2.07897,0.297155,0.00856206,0.0246518,0.7342,0.0409545,-0.00537306,-0.0343412,-0.999396,0.3101,0.4,0,0,DISABLED,0
7.38002,2.08479,0.29713,-0.00881401,0.0250265,0.734264,0.04411,-0.00499836,-0.0379569,-0.999267,0.309861,0.4,0,0,DISABLED,0
7.40003,2.0906,0.29732,-0.0245512,0.0259863,0.734376,0.0478773,-0.00403855,-0.041844,-0.999116,0.309511,0.4,0,0,DISABLED,0
7.42003,2.09643,0.297863,-0.0370932,0.0273767,0.734531,0.0515905,-0.00264814,-0.0453565,-0.998967,0.308067,0.4,0,0,DISABLED,0
7.44003,2.10222,0.298839,-0.0434315,0.0294038,0.734648,0.0547717,-0.000621062,-0.0478362,-0.998855,0.305865,0.4,0,0,DISABLED,0
7.46003,2.10802,0.300334,-0.043289,0.0317091,0.734689,0.0573482,0.00168424,-0.0494073,-0.998777,0.303516,0.4,0,0,DISABLED,0
7.48003,2.11375,0.302393,-0.0399394,0.0344513,0.734567,0.0594027,0.00442652,-0.0500137,-0.998739,0.301101,0.4,0,0,DISABLED,0
7.50003,2.11951,0.305049,-0.0368344,0.0369545,0.7343,0.060938,0.0069297,-0.0500746,-0.998721,0.299354,0.4,0,0,DISABLED,0
7.52003,2.12457,0.307951,-0.0366052,0.0395224,0.733948,0.0611559,0.00949754,-0.0482896,-0.998788,0.297452,0.4,0,0,DISABLED,0
7.54003,2.13066,0.312057,-0.0420206,0.0413993,0.733559,0.0587749,0.0113745,-0.0433453,-0.998995,0.295429,0.4,0,0,DISABLED,0
7.56003,2.13612,0.316142,-0.0376768,0.0424393,0.733309,0.0533911,0.0124145,-0.0340243,-0.999344,0.293749,0.4,0,0,DISABLED,0
7.58003,2.14153,0.320359,-0.0179716,0.0427387,0.733028,0.0469759,0.0127138,-0.0211245,-0.999696,0.292814,0.4,0,0,DISABLED,0
7.60003,2.14695,0.324621,0.0118545,0.0424466,0.732537,0.0427634,0.0124218,-0.00680784,-0.9999,0.291213,0.4,0,0,DISABLED,0
7.62003,2.1528,0.327879,0.0456319,0.0411187,0.732859,0.0411259,0.0110939,-0.00206177,-0.999936,0.292101,0.4,0,0,DISABLED,0
7.64003,2.1586,0.331217,0.0728275,0.0399775,0.73374,0.0401918,0.00995266,0.00246458,-0.999947,0.295885,0.4,0,0,DISABLED,0
7.66003,2.16418,0.334885,0.0733772,0.039396,0.734571,0.0410592,0.00937121,0.0099199,-0.999907,0.301028,0.4,0,0,DISABLED,0
7.68003,2.16988,0.3388,0.0512263,0.0375295,0.735168,0.042464,0.00750463,0.0182202,-0.999806,0.306934,0.4,0,0,DISABLED,0
7.70003,2.17567,0.342779,0.0305669,0.0345573,0.735538,0.0441303,0.00453246,0.0258032,-0.999657,0.312971,0.4,0,0,DISABLED,0
7.72003,2.18132,0.346728,0.0273081,0.0315752,0.735715,0.0458062,0.00155039,0.0315424,-0.999501,0.316755,0.4,0,0,DISABLED,0
7.74003,2.18686,0.350647,0.0310894,0.0286221,0.735792,0.0472518,-0.00140277,0.035952,-0.999353,0.319014,0.4,0,0,DISABLED,0
7.76003,2.19243,0.354526,0.0312594,0.0255057,0.735814,0.0485218,-0.00451909,0.0396323,-0.999204,0.319966,0.4,0,0,DISABLED,0
7.78003,2.19745,0.357929,0.028902,0.0229817,0.735776,0.0506221,-0.00704317,0.0434568,-0.99903,0.320834,0.4,0,0,DISABLED,0
7.80003,2.20356,0.361842,0.0291234,0.0217018,0.735608,0.0535673,-0.00832302,0.0473257,-0.998845,0.322037,0.4,0,0,DISABLED,0
7.82003,2.20917,0.365012,0.0341349,0.0217047,0.735299,0.0562648,-0.00832015,0.0502581,-0.998702,0.323664,0.4,0,0,DISABLED,0
7.84004,2.21478,0.367581,0.0400524,0.0233567,0.734802,0.0581813,-0.00666817,0.0516328,-0.998644,0.326956,0.4,0,0,DISABLED,0
7.86004,2.22049,0.369476,0.0350536,0.0256912,0.734165,0.0583288,-0.00433367,0.0507122,-0.998704,0.331252,0.4,0,0,DISABLED,0
7.88004,2.22579,0.37058,0.0204431,0.0278349,0.733507,0.0573242,-0.00218996,0.0484605,-0.998823,0.336277,0.4,0,0,DISABLED,0
7.90004,2.2325,0.371204,0.00373292,0.0302119,0.732679,0.0548228,0.000187123,0.044098,-0.999027,0.342562,0.4,0,0,DISABLED,0
7.92004,2.23884,0.371166,-0.0115421,0.0319013,0.732016,0.0519866,0.00187647,0.0394025,-0.999222,0.347192,0.4,0,0,DISABLED,0
7.94004,2.24539,0.370551,-0.0223995,0.0332102,0.731438,0.04831,0.00318534,0.033439,-0.999436,0.350746,0.4,0,0,DISABLED,0
7.96004,2.25216,0.369424,-0.0291403,0.0339897,0.730951,0.0438375,0.00396492,0.0260419,-0.999653,0.354126,0.4,0,0,DISABLED,0
7.98004,2.25907,0.367929,-0.0203995,0.0344185,0.730404,0.0388737,0.00439366,0.0164252,-0.999855,0.356667,0.4,0,0,DISABLED,0
8.00004,2.26602,0.366862,0.0033944,0.0330818,0.730214,0.0349455,0.00305701,0.00960654,-0.999949,0.364908,0.4,0,0,DISABLED,0
8.02004,2.27271,0.366441,0.0272695,0.0308781,0.731067,0.0319157,0.000853311,0.00642273,-0.999979,0.366484,0.4,0,0,DISABLED,0
8.04004,2.2791,0.365657,0.0639347,0.0303471,0.732339,0.0304121,0.000322252,0.000293467,-1,0.363212,0.4,0,0,DISABLED,0
8.06004,2.28545,0.364946,0.0538364,0.0299433,0.733344,0.0304454,-8.15596e-05,-0.00712277,-0.999975,0.359861,0.4,0,0,DISABLED,0
8.08004,2.29185,0.364515,0.0436183,0.0286484,0.733907,0.0315229,-0.00137642,-0.0147845,-0.99989,0.357614,0.4,0,0,DISABLED,0
8.10004,2.29809,0.364229,0.0407436,0.0273584,0.734119,0.0338853,-0.00266641,-0.0216311,-0.999762,0.357444,0.4,0,0,DISABLED,0
8.12004,2.30421,0.364136,0.0351036,0.0262656,0.734128,0.0364812,-0.00375919,-0.0269526,-0.99963,0.356863,0.4,0,0,DISABLED,0
8.14004,2.31021,0.364154,0.0218045,0.025683,0.734071,0.0390818,-0.00434179,-0.0310953,-0.999507,0.35595,0.4,0,0,DISABLED,0
8.16004,2.31615,0.364275,0.00562483,0.0255375,0.734049,0.0418659,-0.00448736,-0.0348096,-0.999384,0.355226,0.4,0,0,DISABLED,0
8.18004,2.32203,0.364542,-0.0102955,0.0258142,0.734087,0.0446314,-0.00421059,-0.0380435,-0.999267,0.354974,0.4,0,0,DISABLED,0
8.20004,2.32728,0.364947,-0.0250897,0.0267825,0.734171,0.0481827,-0.00324229,-0.0416846,-0.999126,0.354812,0.4,0,0,DISABLED,0
8.22004,2.33309,0.365714,-0.0369063,0.0283227,0.734301,0.0520256,-0.00170217,-0.0452697,-0.998973,0.353312,0.4,0,0,DISABLED,0
8.24004,2.33943,0.367055,-0.0444013,0.0305924,0.73441,0.0555758,0.000567525,-0.0480239,-0.998846,0.350738,0.4,0,0,DISABLED,0
8.26005,2.34517,0.368806,-0.0443345,0.0329332,0.73444,0.0580685,0.00290842,-0.0494486,-0.998772,0.348451,0.4,0,0,DISABLED,0
8.28005,2.35081,0.3711,-0.0403034,0.0356953,0.734331,0.060153,0.00567046,-0.0500379,-0.998731,0.346228,0.4,0,0,DISABLED,0
8.30005,2.35637,0.373975,-0.0359014,0.0381345,0.73408,0.0615525,0.00810968,-0.0499367,-0.998719,0.344577,0.4,0,0,DISABLED,0
8.32005,2.36122,0.377075,-0.0374475,0.0407635,0.733757,0.0618329,0.0107387,-0.0481124,-0.998784,0.342346,0.4,0,0,DISABLED,0
8.34005,2.36702,0.381412,-0.0437992,0.0428754,0.733392,0.0593143,0.0128506,-0.0426106,-0.999009,0.339611,0.4,0,0,DISABLED,0
8.36005,2.37225,0.385704,-0.0403073,0.0436421,0.733189,0.0539986,0.0136172,-0.0334261,-0.999348,0.337809,0.4,0,0,DISABLED,0
8.38005,2.37741,0.390122,-0.0201867,0.0438114,0.732981,0.0477289,0.0137866,-0.0205623,-0.999694,0.336827,0.4,0,0,DISABLED,0
8.40005,2.38256,0.394655,0.0108821,0.0434186,0.732536,0.0436179,0.0133938,-0.00577155,-0.999894,0.335116,0.4,0,0,DISABLED,0
8.42005,2.38818,0.398199,0.0443434,0.0420484,0.732829,0.042069,0.0120235,-0.000442088,-0.999928,0.335886,0.4,0,0,DISABLED,0
8.44005,2.39378,0.401759,0.072093,0.0408251,0.733729,0.0411795,0.0108003,0.00371533,-0.999935,0.339425,0.4,0,0,DISABLED,0
8.46005,2.39915,0.405683,0.0754587,0.040168,0.734609,0.0421851,0.0101432,0.0112412,-0.999885,0.345417,0.4,0,0,DISABLED,0
8.48005,2.40453,0.409891,0.0549044,0.0385724,0.735235,0.0440112,0.00854756,0.0195498,-0.999772,0.351014,0.4,0,0,DISABLED,0
8.50005,2.41,0.414193,0.0327883,0.0357889,0.735631,0.0458648,0.00576403,0.0270384,-0.999618,0.356416,0.4,0,0,DISABLED,0
8.52005,2.41535,0.418468,0.0289125,0.0327807,0.735842,0.0475825,0.00275589,0.0328463,-0.999457,0.360082,0.4,0,0,DISABLED,0
8.54005,2.42061,0.422718,0.0320804,0.0297035,0.735948,0.0489768,-0.000321366,0.0372967,-0.999304,0.362047,0.4,0,0,DISABLED,0
8.56005,2.42588,0.426912,0.0334906,0.0265912,0.735976,0.0504474,-0.00343358,0.0412234,-0.999144,0.363293,0.4,0,0,DISABLED,0
8.58005,2.43115,0.430984,0.0320052,0.0240477,0.735918,0.0525218,-0.00597709,0.0450457,-0.998967,0.364188,0.4,0,0,DISABLED,0
8.60005,2.43588,0.434446,0.0329147,0.0228132,0.73577,0.0551179,-0.00721164,0.0485237,-0.998796,0.365298,0.4,0,0,DISABLED,0
8.62005,2.44172,0.438248,0.0385233,0.0227268,0.73543,0.057942,-0.00729799,0.0516442,-0.998639,0.367054,0.4,0,0,DISABLED,0
8.64005,2.44708,0.441078,0.044096,0.024257,0.734935,0.0595301,-0.00576781,0.0527087,-0.998593,0.370344,0.4,0,0,DISABLED,0
8.66005,2.45257,0.443254,0.0385954,0.026397,0.734332,0.0593836,-0.00362783,0.0515397,-0.998664,0.374793,0.4,0,0,DISABLED,0
8.68005,2.45828,0.444758,0.0233092,0.0286653,0.733642,0.0580705,-0.00135951,0.04885,-0.998805,0.380599,0.4,0,0,DISABLED,0
8.70006,2.4636,0.44557,0.00573704,0.0305883,0.733002,0.0560119,0.000563513,0.0452723,-0.998975,0.385884,0.4,0,0,DISABLED,0
8.72006,2.47036,0.445916,-0.00882301,0.0325528,0.732294,0.0529357,0.00252797,0.0400962,-0.999193,0.391602,0.4,0,0,DISABLED,0
8.74006,2.47681,0.445643,-0.0205576,0.0337174,0.73177,0.0494988,0.00369254,0.0345941,-0.999395,0.396198,0.4,0,0,DISABLED,0
8.76006,2.48413,0.444779,-0.0258723,0.0344454,0.731279,0.0450952,0.00442062,0.0274614,-0.999613,0.399718,0.4,0,0,DISABLED,0
8.78006,2.49021,0.44372,-0.0159943,0.0351143,0.730804,0.0400462,0.00508948,0.0176083,-0.999832,0.402194,0.4,0,0,DISABLED,0
8.80006,2.49706,0.442854,0.00535035,0.0340847,0.730526,0.0359246,0.00405991,0.00969834,-0.999945,0.410302,0.4,0,0,DISABLED,0
8.82006,2.50362,0.442729,0.0271916,0.0318283,0.731275,0.0328454,0.00180349,0.00645636,-0.999978,0.412959,0.4,0,0,DISABLED,0
8.84006,2.5099,0.442301,0.0652891,0.030896,0.732496,0.0309349,0.000871144,-0.00016428,-1,0.409344,0.4,0,0,DISABLED,0
8.86006,2.51612,0.441899,0.0577719,0.0304153,0.733483,0.0308268,0.000390506,-0.00662606,-0.999978,0.406911,0.4,0,0,DISABLED,0
8.88006,2.52241,0.441769,0.0490817,0.0289736,0.734031,0.0316022,-0.00105121,-0.0142509,-0.999898,0.404662,0.4,0,0,DISABLED,0
8.90006,2.52862,0.441805,0.0442393,0.0273026,0.734238,0.0336718,-0.00272226,-0.0213442,-0.999768,0.403825,0.4,0,0,DISABLED,0
8.92006,2.53469,0.441987,0.0385914,0.0260001,0.734241,0.0362205,-0.00402472,-0.0268554,-0.999631,0.403034,0.4,0,0,DISABLED,0
8.94006,2.54064,0.442255,0.0253561,0.0253525,0.734165,0.038863,-0.00467236,-0.0310909,-0.999506,0.401962,0.4,0,0,DISABLED,0
8.96006,2.54652,0.442604,0.00841132,0.0252167,0.734138,0.0417275,-0.00480815,-0.034882,-0.99938,0.401304,0.4,0,0,DISABLED,0
8.98006,2.55236,0.443108,-0.00883967,0.0254986,0.734191,0.0449787,-0.00452621,-0.0386859,-0.999241,0.401005,0.4,0,0,DISABLED,0
9.00006,2.55816,0.443823,-0.0246026,0.0264058,0.7343,0.0487389,-0.00361902,-0.0425973,-0.999086,0.400688,0.4,0,0,DISABLED,0
9.02006,2.56392,0.44489,-0.0367609,0.0278446,0.734444,0.0525763,-0.00218025,-0.046225,-0.998929,0.399114,0.4,0,0,DISABLED,0
9.04006,2.56965,0.44639,-0.0434797,0.0297618,0.734575,0.055759,-0.000263001,-0.0487764,-0.99881,0.39694,0.4,0,0,DISABLED,0
9.06006,2.57529,0.448381,-0.0428731,0.0322156,0.734618,0.0583226,0.00219079,-0.0502399,-0.998735,0.394636,0.4,0,0,DISABLED,0
9.08006,2.58084,0.450929,-0.0392357,0.0349923,0.734515,0.0604457,0.00496743,-0.0509074,-0.998691,0.39223,0.4,0,0,DISABLED,0
9.10006,2.58633,0.454061,-0.0354313,0.0377005,0.734251,0.0620534,0.00767564,-0.0509067,-0.998674,0.390317,0.4,0,0,DISABLED,0
9.12006,2.59169,0.45779,-0.0358301,0.0400425,0.73392,0.0621427,0.0100177,-0.0491402,-0.998742,0.388556,0.4,0,0,DISABLED,0
9.14007,2.59735,0.462421,-0.0425399,0.0422369,0.733565,0.0594478,0.0122121,-0.0434571,-0.998981,0.386083,0.4,0,0,DISABLED,0
9.16007,2.60192,0.466509,-0.0386029,0.043161,0.733371,0.054666,0.0131362,-0.0351752,-0.999295,0.384405,0.4,0,0,DISABLED,0
9.18007,2.60695,0.471177,-0.0187436,0.0434253,0.733148,0.0481654,0.0134005,-0.0224666,-0.999658,0.383341,0.4,0,0,DISABLED,0
9.20007,2.61197,0.475968,0.0109017,0.0430973,0.732663,0.043481,0.0130725,-0.00737845,-0.999887,0.381748,0.4,0,0,DISABLED,0
9.22007,2.61749,0.479757,0.0419413,0.0418418,0.732885,0.0418445,0.0118169,-0.0017262,-0.999929,0.382818,0.4,0,0,DISABLED,0
9.24007,2.62304,0.483557,0.072077,0.0404291,0.733741,0.040633,0.0104043,0.00238041,-0.999943,0.385895,0.4,0,0,DISABLED,0
9.26007,2.62833,0.487686,0.075111,0.0397114,0.73461,0.0413659,0.00968662,0.00993125,-0.999904,0.391553,0.4,0,0,DISABLED,0
9.28007,2.6336,0.492086,0.0556034,0.0381879,0.735231,0.0430857,0.00816312,0.0183094,-0.999799,0.397203,0.4,0,0,DISABLED,0
9.30007,2.639,0.496601,0.0331537,0.0356044,0.73563,0.0446941,0.00557961,0.0253745,-0.999662,0.402867,0.4,0,0,DISABLED,0
9.32007,2.64424,0.501091,0.0289306,0.0323464,0.735832,0.0466242,0.00232161,0.0319356,-0.999487,0.406909,0.4,0,0,DISABLED,0
9.34007,2.64938,0.505555,0.0320171,0.0293071,0.735931,0.0480749,-0.000717694,0.0364651,-0.999335,0.408871,0.4,0,0,DISABLED,0
9.36007,2.65452,0.509972,0.0335116,0.0261833,0.735963,0.0494759,-0.00384157,0.0403336,-0.999179,0.409998,0.4,0,0,DISABLED,0
9.38007,2.65966,0.514282,0.0318922,0.0236097,0.735913,0.051587,-0.00641508,0.0442202,-0.999001,0.410942,0.4,0,0,DISABLED,0
9.40007,2.66479,0.518369,0.0324241,0.0222481,0.735756,0.0543761,-0.00777675,0.0479665,-0.998819,0.4118,0.4,0,0,DISABLED,0
9.42007,2.66999,0.522063,0.0382804,0.022309,0.735446,0.0573024,-0.00771582,0.0511268,-0.998662,0.413652,0.4,0,0,DISABLED,0
9.44007,2.67525,0.525165,0.0428227,0.0237062,0.734946,0.0589046,-0.0063186,0.0522686,-0.998613,0.416706,0.4,0,0,DISABLED,0
9.46007,2.68067,0.527614,0.0377405,0.0257808,0.734341,0.0588986,-0.00424403,0.0513018,-0.998674,0.420991,0.4,0,0,DISABLED,0
9.48007,2.68576,0.529246,0.0230305,0.0277896,0.733713,0.0578627,-0.00223524,0.0490996,-0.998791,0.42607,0.4,0,0,DISABLED,0
9.50007,2.69225,0.530546,0.00635192,0.0301165,0.732916,0.0553985,9.16896e-05,0.0448476,-0.998994,0.432394,0.4,0,0,DISABLED,0
9.52007,2.69842,0.531127,-0.009121,0.0318568,0.732253,0.0525036,0.001832,0.0400867,-0.999195,0.437313,0.4,0,0,DISABLED,0
9.54007,2.70488,0.531156,-0.0209053,0.0331271,0.731688,0.0489525,0.00310226,0.034397,-0.999403,0.441376,0.4,0,0,DISABLED,0
9.56007,2.71162,0.530718,-0.0279411,0.0337449,0.731229,0.0445619,0.00372006,0.0274615,-0.999616,0.444829,0.4,0,0,DISABLED,0
9.58008,2.71846,0.529881,-0.0183958,0.0343258,0.730699,0.0393675,0.00430101,0.0176302,-0.999835,0.446955,0.4,0,0,DISABLED,0
9.60008,2.72537,0.52935,0.00351483,0.0331832,0.73041,0.0350851,0.00315839,0.00974533,-0.999948,0.45483,0.4,0,0,DISABLED,0
9.62008,2.73131,0.529562,0.0256948,0.0309491,0.731063,0.032139,0.000924237,0.00701398,-0.999975,0.457404,0.4,0,0,DISABLED,0
9.64008,2.73834,0.52949,0.0637325,0.0296466,0.732452,0.0297181,-0.000378274,0.000375004,-1,0.452118,0.4,0,0,DISABLED,0
9.66008,2.74459,0.52934,0.0592392,0.02928,0.733475,0.0297682,-0.000744876,-0.0069814,-0.999975,0.448893,0.4,0,0,DISABLED,0
9.68008,2.7509,0.529461,0.0495061,0.0280694,0.734053,0.0309272,-0.00195547,-0.0146175,-0.999891,0.446494,0.4,0,0,DISABLED,0
9.70008,2.75709,0.5297,0.0453991,0.0267838,0.73428,0.0333891,-0.003241,-0.0215745,-0.999762,0.446267,0.4,0,0,DISABLED,0
9.72008,2.7632,0.530145,0.0388937,0.0254729,0.734303,0.0361067,-0.00455194,-0.0272249,-0.999619,0.445228,0.4,0,0,DISABLED,0
9.74008,2.76914,0.530641,0.0252175,0.0249014,0.734238,0.0387924,-0.00512338,-0.0313798,-0.999494,0.444594,0.4,0,0,DISABLED,0
9.76008,2.77502,0.531223,0.0086689,0.0247726,0.734216,0.0417789,-0.00525218,-0.0352774,-0.999364,0.443856,0.4,0,0,DISABLED,0
9.78008,2.78026,0.531875,-0.00866184,0.0249982,0.734254,0.0446888,-0.00502661,-0.0386769,-0.999239,0.443489,0.4,0,0,DISABLED,0
9.80008,2.78602,0.532782,-0.0240935,0.0258538,0.734341,0.048352,-0.00417105,-0.0424902,-0.999088,0.443257,0.4,0,0,DISABLED,0
9.82008,2.7923,0.534164,-0.0364092,0.0273936,0.734467,0.0525139,-0.00263127,-0.0464303,-0.998918,0.441607,0.4,0,0,DISABLED,0
9.84008,2.79798,0.535872,-0.043799,0.0291715,0.734599,0.0555372,-0.000853315,-0.0488838,-0.998804,0.439565,0.4,0,0,DISABLED,0
9.86008,2.80299,0.537807,-0.0431036,0.0313414,0.734656,0.057805,0.00131657,-0.0501932,-0.998739,0.437719,0.4,0,0,DISABLED,0
9.88008,2.80895,0.540771,-0.0398911,0.0345617,0.734546,0.0600875,0.00453688,-0.0507731,-0.9987,0.435009,0.4,0,0,DISABLED,0
9.90008,2.81433,0.544081,-0.0368925,0.037142,0.734295,0.0616058,0.00711715,-0.0507693,-0.998685,0.433239,0.4,0,0,DISABLED,0
9.92008,2.81952,0.547967,-0.0368864,0.0395363,0.733957,0.0616716,0.00951144,-0.0489508,-0.998756,0.431524,0.4,0,0,DISABLED,0
9.94008,2.82448,0.552311,-0.0425574,0.0417986,0.733616,0.0590058,0.0117738,-0.0432719,-0.998994,0.429043,0.4,0,0,DISABLED,0
9.96008,2.82939,0.557001,-0.0384035,0.0425773,0.7334,0.0540649,0.0125524,-0.034946,-0.99931,0.427497,0.4,0,0,DISABLED,0
9.98008,2.83422,0.561815,-0.0183441,0.0428397,0.733164,0.0474746,0.0128148,-0.022088,-0.999674,0.426606,0.4,0,0,DISABLED,0
10.0001,2.83904,0.566749,0.0121287,0.042427,0.732666,0.0428136,0.0124022,-0.00734198,-0.999896,0.424812,0.4,0,0,DISABLED,0
10.0201,2.84443,0.570721,0.0441402,0.0409727,0.732912,0.0409792,0.0109479,-0.00195906,-0.999938,0.425767,0.4,0,0,DISABLED,0
10.0401,2.8498,0.57473,0.0724703,0.0396092,0.733778,0.0398088,0.00958435,0.00228923,-0.999951,0.428997,0.4,0,0,DISABLED,0
10.0601,2.85486,0.579044,0.0743338,0.0390646,0.734627,0.0406682,0.00903976,0.00965613,-0.999913,0.434162,0.4,0,0,DISABLED,0
10.0801,2.86003,0.583648,0.0532946,0.0371882,0.735242,0.0421554,0.00716333,0.0182048,-0.999809,0.440983,0.4,0,0,DISABLED,0
10.1001,2.86523,0.588355,0.032445,0.0343778,0.735618,0.0439488,0.00435297,0.0257372,-0.999659,0.446748,0.4,0,0,DISABLED,0
10.1201,2.87027,0.593027,0.0288038,0.0315108,0.735818,0.0456876,0.00148594,0.031439,-0.999505,0.450171,0.4,0,0,DISABLED,0
10.1401,2.87523,0.597681,0.0315612,0.028495,0.735933,0.0471102,-0.00152985,0.0358728,-0.999355,0.45206,0.4,0,0,DISABLED,0
10.1601,2.88021,0.602302,0.0321813,0.025353,0.735978,0.0486004,-0.00467183,0.0398182,-0.999196,0.453223,0.4,0,0,DISABLED,0
10.1801,2.8852,0.606816,0.0301661,0.0227528,0.735926,0.0509602,-0.00727199,0.0439526,-0.999007,0.454562,0.4,0,0,DISABLED,0
10.2001,2.8902,0.611115,0.0301931,0.0213252,0.73576,0.0537229,-0.00869959,0.0476593,-0.998826,0.455352,0.4,0,0,DISABLED,0
10.2201,2.89527,0.615027,0.0355715,0.0214364,0.735446,0.0566008,-0.00858838,0.0507318,-0.998675,0.456909,0.4,0,0,DISABLED,0
10.2401,2.90042,0.618334,0.0408259,0.0230596,0.734948,0.0582725,-0.00696522,0.0518609,-0.99863,0.45981,0.4,0,0,DISABLED,0
10.2601,2.90575,0.620984,0.0363564,0.0253727,0.73432,0.0584309,-0.00465213,0.0509803,-0.998689,0.463983,0.4,0,0,DISABLED,0
10.2801,2.91138,0.622961,0.0218363,0.0277373,0.733609,0.0573107,-0.00228757,0.048499,-0.998821,0.469438,0.4,0,0,DISABLED,0
10.3001,2.91729,0.624315,0.0052622,0.0299137,0.732864,0.0550584,-0.000111085,0.0445755,-0.999006,0.475081,0.4,0,0,DISABLED,0
10.3201,2.92347,0.625334,-0.0100478,0.0313094,0.732341,0.0531101,0.00128455,0.0412513,-0.999148,0.479254,0.4,0,0,DISABLED,0
10.3401,2.9297,0.626426,-0.0151891,0.0327813,0.732535,0.0530629,0.00275647,0.0400782,-0.999193,0.480797,0.4,0,0,DISABLED,0
10.3601,2.93578,0.627119,0.000569493,0.0364119,0.733615,0.0554878,0.0063871,0.0402201,-0.99917,0.479558,0.4,0,0,DISABLED,0
10.3801,2.94168,0.627328,0.0253426,0.0426264,0.735528,0.0596761,0.0126016,0.040113,-0.999116,0.476229,0.4,0,0,DISABLED,0
10.4001,2.94745,0.62717,0.0598721,0.0501515,0.737956,0.0641099,0.0201267,0.0382778,-0.999064,0.470757,0.4,0,0,DISABLED,0
10.4201,2.95327,0.626625,0.0773796,0.0568118,0.74035,0.0662917,0.026787,0.0324969,-0.999113,0.467559,0.4,0,0,DISABLED,0
10.4401,2.95911,0.625937,0.056989,0.0613332,0.741907,0.0655779,0.0313084,0.0215372,-0.999278,0.466771,0.4,0,0,DISABLED,0
10.4601,2.96459,0.625613,0.0316611,0.0640156,0.741921,0.0647542,0.0339908,0.00804125,-0.99939,0.46566,0.4,0,0,DISABLED,0
10.4801,2.96943,0.625846,0.0305049,0.0655278,0.740427,0.0655634,0.035503,-0.00341536,-0.999364,0.464336,0.4,0,0,DISABLED,0
10.5001,2.97338,0.627232,0.0359238,0.065588,0.738812,0.0656007,0.0355632,-0.00207615,-0.999365,0.463088,0.4,0,0,DISABLED,0
10.5201,2.97708,0.62908,0.0331439,0.0634784,0.737893,0.0635548,0.0334535,0.00126118,-0.999439,0.461569,0.4,0,0,DISABLED,0
10.5401,2.9805,0.630934,0.0383963,0.0614291,0.737441,0.0614546,0.0314043,-0.000179027,-0.999507,0.458568,0.4,0,0,DISABLED,0
10.5601,2.98332,0.632738,0.033234,0.059831,0.737237,0.0598528,0.0298062,-0.00287903,-0.999552,0.455565,0.4,0,0,DISABLED,0
10.5801,2.98643,0.635113,0.0227781,0.0585381,0.737045,0.0587312,0.0285133,-0.00629889,-0.999574,0.453215,0.4,0,0,DISABLED,0
10.6001,2.98883,0.637541,0.00980741,0.0579026,0.736869,0.0584166,0.0278778,-0.00931087,-0.999568,0.451492,0.4,0,0,DISABLED,0
10.6201,2.99083,0.640352,-0.00243258,0.057192,0.73669,0.0581188,0.0271672,-0.0119298,-0.99956,0.449694,0.4,0,0,DISABLED,0
10.6401,2.99245,0.643698,-0.0117851,0.0557517,0.736529,0.0570448,0.0257268,-0.0136839,-0.999575,0.447899,0.4,0,0,DISABLED,0
10.6601,2.99355,0.647252,-0.0198046,0.0538598,0.736463,0.0553382,0.023835,-0.0143157,-0.999613,0.445689,0.4,0,0,DISABLED,0
10.6801,2.99446,0.652328,-0.0278521,0.0510833,0.73655,0.0526783,0.0210585,-0.0144777,-0.999673,0.441434,0.4,0,0,DISABLED,0
10.7001,2.9949,0.657704,-0.0433106,0.0485205,0.73685,0.0499569,0.0184956,-0.0135067,-0.999738,0.437599,0.4,0,0,DISABLED,0
10.7201,2.99486,0.663805,-0.0713523,0.0457906,0.73732,0.0464294,0.0157658,-0.00927914,-0.999833,0.433518,0.4,0,0,DISABLED,0
10.7401,2.99438,0.670566,-0.0935009,0.0437338,0.737593,0.0437381,0.0137089,-0.00149415,-0.999905,0.430366,0.4,0,0,DISABLED,0
10.7601,2.99366,0.678119,-0.0751731,0.0408421,0.736996,0.0428943,0.0108173,0.0114586,-0.999876,0.427421,0.4,0,0,DISABLED,0
10.7801,2.99286,0.686726,-0.0348236,0.0360579,0.734878,0.048174,0.00603306,0.0303027,-0.999523,0.423628,0.4,0,0,DISABLED,0
10.8001,2.99234,0.694214,0.00442019,0.0310887,0.733272,0.0457932,0.00106383,0.0319804,-0.999488,0.426297,0.4,0,0,DISABLED,0
10.8201,2.99174,0.701316,0.0437599,0.0253238,0.733024,0.0410853,-0.00470106,0.0307127,-0.999517,0.423257,0.4,0,0,DISABLED,0
10.8401,2.99076,0.709644,0.0756651,0.019695,0.73338,0.0437749,-0.0103298,0.0374522,-0.999245,0.419787,0.4,0,0,DISABLED,0
10.8601,2.99017,0.717852,0.0633387,0.0146634,0.734329,0.0467494,-0.0153615,0.0427439,-0.998968,0.420003,0.4,0,0,DISABLED,0
10.8801,2.9899,0.724593,0.0466526,0.010735,0.735214,0.0474897,-0.0192898,0.0446125,-0.998818,0.41836,0.4,0,0,DISABLED,0
10.9001,2.98989,0.730698,0.0334409,0.00663063,0.735918,0.0479719,-0.0233942,0.0458616,-0.998674,0.41549,0.4,0,0,DISABLED,0
10.9201,2.99018,0.736286,0.0241323,0.00170573,0.736383,0.0482322,-0.0283191,0.0465485,-0.998515,0.412462,0.4,0,0,DISABLED,0
10.9401,2.99073,0.74138,0.0185994,-0.00370099,0.736635,0.0485255,-0.0337258,0.0467263,-0.998338,0.409506,0.4,0,0,DISABLED,0
10.9601,2.99139,0.745546,0.018292,-0.00847902,0.736745,0.0490353,-0.0385038,0.0466344,-0.99817,0.407729,0.4,0,0,DISABLED,0
10.9801,2.99241,0.750253,0.0214335,-0.0140213,0.73678,0.0497787,-0.0440461,0.0460929,-0.997966,0.406793,0.4,0,0,DISABLED,0
11.0001,2.99356,0.754258,0.0253529,-0.0185503,0.73681,0.0501368,-0.0485751,0.0449036,-0.99781,0.406555,0.4,0,0,DISABLED,0
11.0201,2.99487,0.758073,0.0269098,-0.0219944,0.736913,0.0501653,-0.0520192,0.0434046,-0.997702,0.406942,0.4,0,0,DISABLED,0
11.0401,2.99634,0.761813,0.0266112,-0.0240239,0.737132,0.0502603,-0.0540487,0.0424621,-0.997635,0.40882,0.4,0,0,DISABLED,0
11.0601,2.99798,0.765662,0.0219209,-0.0244348,0.737626,0.0514829,-0.0544596,0.0436271,-0.997562,0.411934,0.4,0,0,DISABLED,0
11.0801,2.99965,0.769445,0.0108061,-0.0219035,0.738297,0.0518729,-0.0519283,0.0453382,-0.997621,0.413927,0.4,0,0,DISABLED,0
11.1001,3.00141,0.77316,0.00114793,-0.0166662,0.739056,0.0516263,-0.046691,0.0471881,-0.997794,0.414249,0.4,0,0,DISABLED,0
11.1201,3.00339,0.776832,-0.0117232,-0.00953889,0.739816,0.0519866,-0.0395637,0.0494367,-0.997993,0.412905,0.4,0,0,DISABLED,0
11.1401,3.00564,0.780471,-0.0163767,-0.000894135,0.740524,0.0536952,-0.030919,0.0520263,-0.998167,0.409211,0.4,0,0,DISABLED,0
11.1601,3.0079,0.783976,0.00811785,0.0105007,0.741097,0.0568279,-0.0195241,0.0541903,-0.99834,0.400923,0.4,0,0,DISABLED,0
11.1801,3.01006,0.78718,0.0578742,0.0253286,0.7414,0.0625464,-0.00469624,0.0555285,-0.998446,0.389077,0.4,0,0,DISABLED,0
11.2001,3.01231,0.789697,0.096081,0.0422912,0.741284,0.0686913,0.0122664,0.052465,-0.998547,0.377834,0.4,0,0,DISABLED,0
11.2201,3.01496,0.791403,0.10508,0.0581271,0.740689,0.0725006,0.0281022,0.0416601,-0.998737,0.370306,0.4,0,0,DISABLED,0
11.2401,3.01781,0.793021,0.107239,0.0705995,0.739163,0.076559,0.0405746,0.027918,-0.998786,0.363136,0.4,0,0,DISABLED,0
11.2601,3.02044,0.795163,0.0768673,0.0795824,0.736386,0.0819422,0.0495576,0.0177688,-0.998613,0.353622,0.4,0,0,DISABLED,0
11.2801,3.02273,0.799193,0.0502254,0.0833506,0.734361,0.088463,0.0533257,0.027883,-0.998188,0.348752,0.4,0,0,DISABLED,0
11.3001,3.02534,0.803257,-0.00394827,0.0840134,0.733117,0.0909336,0.0539886,0.0330393,-0.997995,0.34679,0.4,0,0,DISABLED,0
11.3201,3.02775,0.807402,-0.00178814,0.0851887,0.732471,0.0913933,0.0551639,0.0313367,-0.997985,0.342935,0.4,0,0,DISABLED,0
11.3401,3.02982,0.812051,0.00870907,0.0871682,0.732111,0.0919999,0.0571433,0.0276416,-0.997983,0.339466,0.4,0,0,DISABLED,0
11.3601,3.03156,0.81747,0.0174921,0.0894323,0.731832,0.092826,0.0594075,0.0230566,-0.997967,0.337019,0.4,0,0,DISABLED,0
11.3801,3.03295,0.823856,0.0215515,0.0913097,0.73153,0.0934068,0.0612848,0.0178155,-0.997961,0.336185,0.4,0,0,DISABLED,0
11.4001,3.03398,0.83149,0.0174288,0.0919361,0.731381,0.0931957,0.0619112,0.0133444,-0.997992,0.336092,0.4,0,0,DISABLED,0
11.4201,3.03468,0.840452,0.00464332,0.0910464,0.731541,0.0917537,0.0610215,0.00937483,-0.998092,0.336661,0.4,0,0,DISABLED,0
11.4401,3.035,0.850687,-0.016031,0.0892706,0.732074,0.089618,0.0592458,0.0057816,-0.998227,0.33826,0.4,0,0,DISABLED,0
11.4601,3.03488,0.862147,-0.0477422,0.0871749,0.732873,0.0873298,0.05715,0.00291936,-0.998361,0.340548,0.4,0,0,DISABLED,0
11.4801,3.03432,0.874718,-0.0932001,0.0853806,0.733622,0.0855025,0.0553557,0.00227358,-0.998464,0.343177,0.4,0,0,DISABLED,0
11.5001,3.03345,0.88816,-0.142249,0.0831232,0.73371,0.0835182,0.0530983,0.00616533,-0.99857,0.345787,0.4,0,0,DISABLED,0
11.5201,3.03259,0.902427,-0.141591,0.0792648,0.732302,0.081174,0.04924,0.0157404,-0.998663,0.348527,0.4,0,0,DISABLED,0
11.5401,3.03197,0.917699,-0.102864,0.0730273,0.728718,0.0796858,0.0430025,0.0301847,-0.998619,0.352235,0.4,0,0,DISABLED,0
11.5601,3.0318,0.931744,-0.0283554,0.0664973,0.725468,0.0718974,0.0364724,0.0256544,-0.999005,0.360756,0.4,0,0,DISABLED,0
11.5801,3.03222,0.944674,-0.0170556,0.0586781,0.724944,0.0623114,0.0286533,0.0193009,-0.999403,0.362447,0.4,0,0,DISABLED,0
11.6001,3.03283,0.955921,-0.0158513,0.0526309,0.72668,0.0584217,0.0226061,0.0237029,-0.999463,0.366268,0.4,0,0,DISABLED,0
11.6201,3.0338,0.965587,-0.0354234,0.047472,0.729002,0.0543783,0.0174471,0.0248733,-0.999538,0.370196,0.4,0,0,DISABLED,0
11.6401,3.03505,0.974213,-0.0497498,0.041891,0.730924,0.0498206,0.0118661,0.0253222,-0.999609,0.374558,0.4,0,0,DISABLED,0
11.6601,3.03657,0.982021,-0.0530214,0.035338,0.732073,0.0444466,0.00531319,0.0253163,-0.999665,0.377732,0.4,0,0,DISABLED,0
11.6801,3.03836,0.989028,-0.0464479,0.0281897,0.732454,0.0385766,-0.00183512,0.0246925,-0.999693,0.379946,0.4,0,0,DISABLED,0
11.7001,3.04038,0.995217,-0.0370913,0.0210978,0.732288,0.0324951,-0.00892701,0.0230759,-0.999694,0.380238,0.4,0,0,DISABLED,0
11.7201,3.04271,1.00069,-0.0304424,0.0140304,0.731901,0.0268407,-0.0159944,0.0212455,-0.999646,0.379435,0.4,0,0,DISABLED,0
11.7401,3.04569,1.00608,-0.023226,0.0070587,0.731489,0.0222909,-0.0229661,0.0195075,-0.999546,0.377938,0.4,0,0,DISABLED,0
11.7601,3.0481,1.00973,-0.0122156,0.00104059,0.731271,0.0193907,-0.0289842,0.0177226,-0.999423,0.376278,0.4,0,0,DISABLED,0
11.7801,3.05171,1.01464,-0.000824958,-0.00556544,0.731036,0.0183904,-0.0355903,0.0158875,-0.99924,0.375036,0.4,0,0,DISABLED,0
11.8001,3.05529,1.01916,0.00489786,-0.010564,0.730892,0.0193322,-0.0405889,0.0145461,-0.99907,0.374234,0.4,0,0,DISABLED,0
11.8201,3.05917,1.02377,0.00391161,-0.0140118,0.730831,0.0207279,-0.0440366,0.0136255,-0.998937,0.373996,0.4,0,0,DISABLED,0
11.8401,3.06332,1.02843,-0.00371188,-0.0155193,0.730834,0.0215181,-0.0455441,0.0132579,-0.998874,0.374455,0.4,0,0,DISABLED,0
11.8601,3.0678,1.03314,-0.015035,-0.015433,0.730894,0.0216891,-0.0454578,0.0135904,-0.998874,0.37512,0.4,0,0,DISABLED,0
11.8801,3.07263,1.03778,-0.0296583,-0.0138249,0.730962,0.0210277,-0.0438497,0.0141921,-0.998937,0.375845,0.4,0,0,DISABLED,0
11.9001,3.07788,1.04224,-0.0462769,-0.0108043,0.731004,0.0195803,-0.0408291,0.0146844,-0.999058,0.376724,0.4,0,0,DISABLED,0
11.9201,3.08373,1.04644,-0.0629662,-0.00700302,0.731036,0.0181719,-0.0370278,0.015125,-0.9992,0.377872,0.4,0,0,DISABLED,0
11.9401,3.09027,1.05028,-0.0750749,-0.00291454,0.73101,0.0173084,-0.0329394,0.0154251,-0.999338,0.378745,0.4,0,0,DISABLED,0
11.9601,3.09746,1.05352,-0.0715488,0.00111281,0.730728,0.0165982,-0.028912,0.014923,-0.999471,0.379435,0.4,0,0,DISABLED,0
11.9801,3.10512,1.05592,-0.0472935,0.00697567,0.729964,0.0150143,-0.0230492,0.0116626,-0.999666,0.380568,0.4,0,0,DISABLED,0
12.0001,3.1128,1.0574,-0.00797245,0.0132891,0.729094,0.0149227,-0.0167358,0.0051484,-0.999847,0.382368,0.4,0,0,DISABLED,0
12.0201,3.1204,1.05897,0.0220262,0.0164122,0.729797,0.0171631,-0.0136126,0.00337398,-0.999902,0.386308,0.4,0,0,DISABLED,0
12.0401,3.12822,1.0602,0.0547207,0.0169049,0.731301,0.0169675,-0.0131199,-0.00307363,-0.999909,0.384195,0.4,0,0,DISABLED,0
12.0601,3.13617,1.06124,0.0616611,0.0157056,0.732627,0.0191836,-0.0143192,-0.0126535,-0.999817,0.378216,0.4,0,0,DISABLED,0
12.0801,3.14409,1.06239,0.0372618,0.0139335,0.733424,0.0239164,-0.0160913,-0.0210783,-0.999648,0.374123,0.4,0,0,DISABLED,0
12.1001,3.15177,1.06361,0.0334825,0.0129136,0.73376,0.0297903,-0.0171113,-0.028482,-0.999448,0.372003,0.4,0,0,DISABLED,0
12.1201,3.15917,1.06499,0.0352053,0.0131348,0.733804,0.0348001,-0.01689,-0.0338611,-0.999284,0.370599,0.4,0,0,DISABLED,0
12.1401,3.16635,1.06653,0.0259489,0.0144163,0.733732,0.0384915,-0.0156086,-0.0373251,-0.999181,0.370049,0.4,0,0,DISABLED,0
12.1601,3.17341,1.06825,0.0082728,0.0164717,0.733661,0.0419015,-0.0135531,-0.0401613,-0.999101,0.369117,0.4,0,0,DISABLED,0
12.1801,3.18033,1.07014,-0.0114166,0.0193536,0.73364,0.0453655,-0.0106712,-0.0426603,-0.999033,0.368494,0.4,0,0,DISABLED,0
12.2001,3.18709,1.07234,-0.0267269,0.0229241,0.73366,0.0493371,-0.00710076,-0.0453181,-0.998947,0.36745,0.4,0,0,DISABLED,0
12.2201,3.1943,1.07531,-0.0363846,0.0269457,0.733679,0.0535161,-0.0030791,-0.0478643,-0.998849,0.365377,0.4,0,0,DISABLED,0
12.2401,3.19999,1.0782,-0.0391513,0.0313053,0.733621,0.0574095,0.00128043,-0.0497454,-0.998761,0.362807,0.4,0,0,DISABLED,0
12.2601,3.20609,1.08196,-0.0346232,0.0355831,0.733453,0.0606614,0.00555823,-0.0507486,-0.998696,0.36021,0.4,0,0,DISABLED,0
12.2801,3.21193,1.08631,-0.0293402,0.0396023,0.733158,0.0630366,0.00957749,-0.050661,-0.99867,0.357081,0.4,0,0,DISABLED,0
12.3001,3.21759,1.09126,-0.0320149,0.0427397,0.732881,0.0634891,0.0127149,-0.0485662,-0.998739,0.354298,0.4,0,0,DISABLED,0
12.3201,3.22307,1.09667,-0.0440871,0.0449688,0.732768,0.0620495,0.014944,-0.0443737,-0.998903,0.352378,0.4,0,0,DISABLED,0
12.3401,3.22841,1.10239,-0.0526603,0.0473322,0.732849,0.0587779,0.0173073,-0.0364718,-0.999185,0.350336,0.4,0,0,DISABLED,0
12.3601,3.23365,1.10836,-0.0471798,0.0491353,0.733072,0.0548446,0.0191105,-0.0259905,-0.99948,0.348728,0.4,0,0,DISABLED,0
12.3801,3.23891,1.11459,-0.0219924,0.0502803,0.733133,0.0514238,0.0202555,-0.0123947,-0.999718,0.346716,0.4,0,0,DISABLED,0
12.4001,3.24437,1.12068,0.0117595,0.0505014,0.732799,0.0505714,0.0204766,0.000930764,-0.99979,0.345659,0.4,0,0,DISABLED,0
12.4201,3.25032,1.12579,0.0493259,0.0498254,0.733325,0.0501855,0.0198006,0.00432737,-0.999795,0.348374,0.4,0,0,DISABLED,0
12.4401,3.25615,1.13107,0.0705083,0.0491176,0.734124,0.0504663,0.0190928,0.00992942,-0.999768,0.353397,0.4,0,0,DISABLED,0
12.4601,3.26183,1.13649,0.0667007,0.0479626,0.734704,0.0516529,0.0179377,0.0175206,-0.999686,0.359081,0.4,0,0,DISABLED,0
12.4801,3.26754,1.14197,0.0405294,0.0454159,0.735061,0.0526058,0.015391,0.0248972,-0.999572,0.364632,0.4,0,0,DISABLED,0
12.5001,3.27306,1.14731,0.0338312,0.0427359,0.735179,0.0534403,0.012711,0.0304361,-0.999456,0.368608,0.4,0,0,DISABLED,0
12.5201,3.27837,1.15249,0.0392114,0.0400508,0.735151,0.0537695,0.010026,0.03423,-0.999364,0.371328,0.4,0,0,DISABLED,0
12.5401,3.2836,1.1575,0.0454907,0.0371316,0.735048,0.0537263,0.00710678,0.0371822,-0.999283,0.373029,0.4,0,0,DISABLED,0
12.5601,3.28876,1.16232,0.0489677,0.0343206,0.734874,0.0541618,0.00429575,0.0402522,-0.99918,0.374701,0.4,0,0,DISABLED,0
12.5801,3.29381,1.16685,0.0520326,0.032264,0.73461,0.0549782,0.0022392,0.0428672,-0.999078,0.37562,0.4,0,0,DISABLED,0
12.6001,3.29875,1.17096,0.0550595,0.0313265,0.734256,0.056131,0.0013017,0.0449258,-0.998989,0.37715,0.4,0,0,DISABLED,0
12.6201,3.30372,1.17458,0.0532241,0.031135,0.733844,0.0568426,0.00111016,0.0459069,-0.998945,0.380084,0.4,0,0,DISABLED,0
12.6401,3.30878,1.1777,0.0449747,0.0313269,0.733415,0.0570416,0.00130207,0.0460186,-0.99894,0.384038,0.4,0,0,DISABLED,0
12.6601,3.31394,1.18025,0.0334461,0.0319502,0.73295,0.0569139,0.0019254,0.0454489,-0.998965,0.389491,0.4,0,0,DISABLED,0
12.6801,3.3193,1.18215,0.0195924,0.0328347,0.732515,0.055852,0.00280983,0.0435308,-0.999048,0.396334,0.4,0,0,DISABLED,0
12.7001,3.32489,1.18344,0.0042291,0.0336945,0.732157,0.0537895,0.00366969,0.0402803,-0.999182,0.402749,0.4,0,0,DISABLED,0
12.7201,3.33075,1.18422,-0.00909311,0.0343979,0.731912,0.0515593,0.00437306,0.0367611,-0.999314,0.408205,0.4,0,0,DISABLED,0
12.7401,3.33692,1.18445,-0.0202413,0.0349023,0.731731,0.0487242,0.00487745,0.0323542,-0.999465,0.413121,0.4,0,0,DISABLED,0
12.7601,3.34342,1.18422,-0.024859,0.0348446,0.731594,0.0447967,0.00481973,0.02651,-0.999637,0.417571,0.4,0,0,DISABLED,0
12.7801,3.35015,1.18366,-0.0182384,0.0344316,0.731379,0.0398013,0.00440682,0.01832,-0.999822,0.421358,0.4,0,0,DISABLED,0
12.8001,3.35704,1.1831,0.00205496,0.0329535,0.731069,0.0343692,0.00292868,0.0081134,-0.999963,0.428133,0.4,0,0,DISABLED,0
12.8201,3.36361,1.18361,0.0259332,0.0296213,0.731688,0.0301404,-0.000403478,0.00391223,-0.999992,0.432016,0.4,0,0,DISABLED,0
12.8401,3.3705,1.18408,0.0690509,0.0271375,0.733067,0.0271411,-0.00288729,-0.00165019,-0.999994,0.428211,0.4,0,0,DISABLED,0
12.8602,3.37595,1.18428,0.0703398,0.0263263,0.733932,0.0269847,-0.00369851,-0.00754798,-0.999965,0.426366,0.4,0,0,DISABLED,0
12.8802,3.38206,1.18463,0.061012,0.0248391,0.734456,0.0280697,-0.00518577,-0.0147125,-0.999878,0.425058,0.4,0,0,DISABLED,0
12.9002,3.38877,1.18513,0.0542656,0.0228662,0.734686,0.0302844,-0.00715865,-0.0214947,-0.999743,0.424783,0.4,0,0,DISABLED,0
12.9202,3.39415,1.18564,0.0458319,0.0210989,0.734717,0.03314,-0.00892596,-0.027193,-0.99959,0.423838,0.4,0,0,DISABLED,0
12.9402,3.39996,1.18627,0.0315455,0.020131,0.734702,0.0359628,-0.00989387,-0.031437,-0.999457,0.423237,0.4,0,0,DISABLED,0
12.9602,3.40567,1.18701,0.0134226,0.0196081,0.734726,0.0389871,-0.0104168,-0.0353328,-0.999321,0.422458,0.4,0,0,DISABLED,0
12.9802,3.41136,1.1879,-0.00489244,0.0194358,0.734825,0.0424162,-0.0105891,-0.0393335,-0.99917,0.422033,0.4,0,0,DISABLED,0
13.0002,3.41704,1.189,-0.0214408,0.019601,0.734979,0.0462918,-0.0104238,-0.0435686,-0.998996,0.42177,0.4,0,0,DISABLED,0
13.0202,3.42271,1.19044,-0.0337415,0.0202632,0.735179,0.0502734,-0.0097616,-0.0476365,-0.998817,0.420662,0.4,0,0,DISABLED,0
13.0402,3.42884,1.19257,-0.0405253,0.0219597,0.735379,0.0537817,-0.00806512,-0.0507192,-0.99868,0.41838,0.4,0,0,DISABLED,0
13.0602,3.43379,1.19482,-0.0399607,0.0240247,0.735461,0.0558616,-0.00600008,-0.0520526,-0.998626,0.416184,0.4,0,0,DISABLED,0
13.0802,3.43926,1.19786,-0.0389934,0.0266517,0.735402,0.0575806,-0.00337309,-0.0526629,-0.998607,0.413811,0.4,0,0,DISABLED,0
13.1002,3.44474,1.20151,-0.0409485,0.0291848,0.735171,0.0587586,-0.000840007,-0.0526197,-0.998614,0.41226,0.4,0,0,DISABLED,0
13.1202,3.45015,1.20572,-0.0451533,0.0318848,0.734745,0.0592559,0.00185997,-0.0515663,-0.998668,0.410934,0.4,0,0,DISABLED,0
13.1402,3.45546,1.21044,-0.0432904,0.0343397,0.734211,0.0577761,0.00431492,-0.0480868,-0.998834,0.409335,0.4,0,0,DISABLED,0
13.1602,3.46052,1.21553,-0.0320248,0.036706,0.733605,0.0527947,0.00668115,-0.0395744,-0.999194,0.407024,0.4,0,0,DISABLED,0
13.1802,3.46553,1.22081,-0.0179906,0.0379998,0.732902,0.0451639,0.00797495,-0.0260418,-0.999629,0.405858,0.4,0,0,DISABLED,0
13.2002,3.47055,1.2261,0.00760534,0.0381403,0.731933,0.0391199,0.00811552,-0.0103275,-0.999914,0.404403,0.4,0,0,DISABLED,0
13.2202,3.47617,1.23015,0.0420285,0.0369158,0.732043,0.0371645,0.00689093,-0.00589442,-0.999959,0.405079,0.4,0,0,DISABLED,0
13.2402,3.48189,1.23424,0.0689488,0.0351674,0.732944,0.0351716,0.00514262,-0.00134974,-0.999986,0.408731,0.4,0,0,DISABLED,0
13.2602,3.48663,1.23813,0.0750795,0.0350821,0.733825,0.0359213,0.00505723,0.00606759,-0.999969,0.412704,0.4,0,0,DISABLED,0
13.2802,3.49207,1.24267,0.056292,0.0339077,0.734627,0.0380929,0.00388287,0.0157143,-0.999869,0.419989,0.4,0,0,DISABLED,0
13.3002,3.49764,1.24733,0.0314811,0.0314608,0.73517,0.0406506,0.00143595,0.0240986,-0.999709,0.426324,0.4,0,0,DISABLED,0
13.3202,3.50308,1.25193,0.0253547,0.0289464,0.735455,0.0429984,-0.00107847,0.0301528,-0.999545,0.430238,0.4,0,0,DISABLED,0
13.3402,3.50899,1.25692,0.0284285,0.0261502,0.735611,0.0454114,-0.00387462,0.0354825,-0.999363,0.433761,0.4,0,0,DISABLED,0
13.3602,3.51437,1.26143,0.0306861,0.0233549,0.735665,0.0471899,-0.00666991,0.0393619,-0.999203,0.435465,0.4,0,0,DISABLED,0
13.3802,3.51975,1.2659,0.0297137,0.0209044,0.735649,0.049348,-0.00912043,0.0430558,-0.999031,0.436306,0.4,0,0,DISABLED,0
13.4002,3.52512,1.27022,0.0299299,0.0196733,0.735531,0.0525366,-0.0103515,0.0470653,-0.998838,0.437527,0.4,0,0,DISABLED,0
13.4202,3.53054,1.27423,0.0347881,0.019839,0.735267,0.0557162,-0.0101858,0.0504114,-0.998677,0.43915,0.4,0,0,DISABLED,0
13.4402,3.53601,1.2777,0.041279,0.021548,0.734801,0.0577327,-0.00847679,0.0519049,-0.998616,0.442242,0.4,0,0,DISABLED,0
13.4602,3.54162,1.28057,0.0371704,0.024003,0.734205,0.0580212,-0.00602178,0.0511699,-0.998672,0.446375,0.4,0,0,DISABLED,0
13.4802,3.54749,1.28279,0.0222175,0.0267425,0.733507,0.0567744,-0.00328231,0.0484295,-0.998821,0.452549,0.4,0,0,DISABLED,0
13.5002,3.55363,1.28436,0.00313511,0.0287649,0.732816,0.0547739,-0.0012599,0.0449649,-0.998988,0.457614,0.4,0,0,DISABLED,0
13.5202,3.56006,1.28536,-0.0103697,0.0306617,0.732205,0.0518269,0.000636831,0.0401371,-0.999194,0.462405,0.4,0,0,DISABLED,0
13.5402,3.56681,1.28581,-0.0217776,0.0320206,0.731688,0.0481963,0.00199573,0.0343775,-0.999407,0.466606,0.4,0,0,DISABLED,0
13.5602,3.57312,1.2858,-0.0274194,0.0329127,0.731288,0.043648,0.0028879,0.0270261,-0.999631,0.469979,0.4,0,0,DISABLED,0
13.5802,3.58099,1.28536,-0.0175838,0.0337265,0.730701,0.0384993,0.00370168,0.0169212,-0.99985,0.472366,0.4,0,0,DISABLED,0
13.6002,3.58827,1.28529,0.00456604,0.0325459,0.730459,0.0343883,0.0025211,0.00945133,-0.999952,0.481897,0.4,0,0,DISABLED,0
13.6202,3.59518,1.28588,0.0269397,0.0305157,0.731223,0.0314888,0.000490842,0.00611877,-0.999981,0.484385,0.4,0,0,DISABLED,0
13.6402,3.60182,1.28613,0.061402,0.0299898,0.732458,0.0300493,-3.50373e-05,0.000201193,-1,0.480234,0.4,0,0,DISABLED,0
13.6602,3.60771,1.28629,0.0522283,0.0298548,0.733349,0.0302076,-0.000170041,-0.00622664,-0.999981,0.477607,0.4,0,0,DISABLED,0
13.6802,3.61491,1.28676,0.0435149,0.0285507,0.733958,0.0313389,-0.0014741,-0.014556,-0.999893,0.475834,0.4,0,0,DISABLED,0
13.7002,3.6207,1.2873,0.0402707,0.0271316,0.734145,0.0332549,-0.00289323,-0.0208651,-0.999778,0.47547,0.4,0,0,DISABLED,0
13.7202,3.62759,1.28814,0.0367711,0.0256421,0.734136,0.0359926,-0.00438277,-0.0268947,-0.999629,0.474285,0.4,0,0,DISABLED,0
13.7402,3.63369,1.28898,0.023784,0.0249891,0.73402,0.0384295,-0.00503576,-0.0308323,-0.999512,0.473216,0.4,0,0,DISABLED,0
13.7602,3.63965,1.28985,0.0084849,0.0250979,0.733961,0.0411172,-0.00492697,-0.0342049,-0.999403,0.472975,0.4,0,0,DISABLED,0
13.7802,3.64556,1.29085,-0.00748181,0.0256357,0.734002,0.0445632,-0.00438914,-0.0380857,-0.999265,0.472765,0.4,0,0,DISABLED,0
13.8002,3.65139,1.29208,-0.0232805,0.0267738,0.734098,0.0485378,-0.00325102,-0.0421167,-0.999107,0.47231,0.4,0,0,DISABLED,0
13.8202,3.65716,1.29363,-0.0354214,0.0284574,0.734235,0.0525695,-0.00156739,-0.045829,-0.998948,0.470879,0.4,0,0,DISABLED,0
13.8402,3.66279,1.2956,-0.0421594,0.030734,0.73435,0.0561034,0.000709177,-0.0485612,-0.99882,0.468862,0.4,0,0,DISABLED,0
13.8602,3.66772,1.2978,-0.0417922,0.0331907,0.734369,0.0586794,0.0031659,-0.0500139,-0.998744,0.466909,0.4,0,0,DISABLED,0
13.8802,3.67353,1.30109,-0.0382483,0.036449,0.73422,0.0610993,0.00642414,-0.0506563,-0.998695,0.464354,0.4,0,0,DISABLED,0
13.9002,3.67866,1.30469,-0.0346964,0.0390945,0.733945,0.062407,0.00906967,-0.0502627,-0.998695,0.462325,0.4,0,0,DISABLED,0
13.9202,3.68354,1.30882,-0.0399151,0.0414895,0.733591,0.0621235,0.0114647,-0.0478562,-0.998788,0.459885,0.4,0,0,DISABLED,0
13.9402,3.68826,1.3134,-0.0475722,0.0430891,0.733304,0.0592881,0.0130643,-0.0423463,-0.999018,0.457581,0.4,0,0,DISABLED,0
13.9602,3.69288,1.31826,-0.0423727,0.0437601,0.733145,0.0537862,0.0137353,-0.0328999,-0.999364,0.455866,0.4,0,0,DISABLED,0
13.9802,3.69741,1.32324,-0.0204606,0.0439637,0.73297,0.0475524,0.0139389,-0.0197488,-0.999708,0.454899,0.4,0,0,DISABLED,0
14.0002,3.70197,1.32831,0.0110278,0.043517,0.732549,0.0436644,0.0134922,-0.00517724,-0.999896,0.453117,0.4,0,0,DISABLED,0
14.0202,3.70712,1.33242,0.0460746,0.0421072,0.732943,0.0421285,0.0120824,-0.000415866,-0.999927,0.454207,0.4,0,0,DISABLED,0
14.0402,3.71221,1.33662,0.0720582,0.0409098,0.733857,0.0413255,0.010885,0.00418368,-0.999932,0.457932,0.4,0,0,DISABLED,0
14.0602,3.71708,1.34113,0.0738091,0.0400996,0.734696,0.0423107,0.0100748,0.0118453,-0.999879,0.463881,0.4,0,0,DISABLED,0
14.0802,3.72199,1.34591,0.0510988,0.0383897,0.735291,0.0438375,0.00836489,0.0195206,-0.999774,0.469628,0.4,0,0,DISABLED,0
14.1002,3.72691,1.35076,0.032549,0.0352735,0.735639,0.0458739,0.00524871,0.0276848,-0.999603,0.475759,0.4,0,0,DISABLED,0
14.1202,3.73171,1.35556,0.0285656,0.0323059,0.7358,0.0476213,0.00228107,0.0333431,-0.999441,0.479693,0.4,0,0,DISABLED,0
14.1402,3.7364,1.36032,0.0321693,0.0292457,0.735876,0.0486887,-0.000779154,0.0372829,-0.999304,0.481298,0.4,0,0,DISABLED,0
14.1602,3.74111,1.36505,0.032585,0.026106,0.735904,0.0499413,-0.00391884,0.0409281,-0.999154,0.482324,0.4,0,0,DISABLED,0
14.1802,3.74585,1.36965,0.0301396,0.0235344,0.735857,0.0521584,-0.00649045,0.0448992,-0.99897,0.483627,0.4,0,0,DISABLED,0
14.2002,3.75061,1.37403,0.0300252,0.0221859,0.735707,0.0548413,-0.00783892,0.0485024,-0.998792,0.484477,0.4,0,0,DISABLED,0
14.2202,3.75546,1.37803,0.0356851,0.0223258,0.735416,0.0575889,-0.00769899,0.0514309,-0.998647,0.486058,0.4,0,0,DISABLED,0
14.2402,3.76045,1.38145,0.0412557,0.0238581,0.73494,0.0591995,-0.00616673,0.052524,-0.998601,0.489045,0.4,0,0,DISABLED,0
14.2602,3.76566,1.38422,0.0370808,0.0260558,0.734351,0.0591189,-0.003969,0.0514122,-0.99867,0.493153,0.4,0,0,DISABLED,0
14.2802,3.77116,1.38634,0.022483,0.0283525,0.733678,0.0577575,-0.00167229,0.0486673,-0.998814,0.498599,0.4,0,0,DISABLED,0
14.3002,3.77696,1.38785,0.00520909,0.0304896,0.732985,0.0553974,0.000464823,0.0446033,-0.999005,0.504028,0.4,0,0,DISABLED,0
14.3202,3.78307,1.3888,-0.00925016,0.0322007,0.732356,0.0524787,0.00217591,0.0397918,-0.999206,0.508633,0.4,0,0,DISABLED,0
14.3402,3.7895,1.38921,-0.0203096,0.0334513,0.731788,0.0487193,0.00342645,0.0337759,-0.999424,0.512449,0.4,0,0,DISABLED,0
14.3602,3.79625,1.38919,-0.0274996,0.0339945,0.731312,0.0442086,0.00396965,0.0266209,-0.999638,0.515792,0.4,0,0,DISABLED,0
14.3802,3.80314,1.38878,-0.017977,0.034487,0.730749,0.0390039,0.00446216,0.0165747,-0.999853,0.517849,0.4,0,0,DISABLED,0
14.4002,3.8101,1.38872,0.00422177,0.0331046,0.730486,0.0347916,0.00307975,0.00904951,-0.999954,0.526654,0.4,0,0,DISABLED,0
14.4202,3.8167,1.38933,0.0268786,0.0306473,0.731236,0.0315663,0.000622515,0.00590571,-0.999982,0.52906,0.4,0,0,DISABLED,0
14.4402,3.82303,1.38955,0.0654595,0.0299959,0.732477,0.0300751,-2.88892e-05,0.000509481,-1,0.525142,0.4,0,0,DISABLED,0
14.4602,3.8293,1.38972,0.0593406,0.0296583,0.733485,0.030249,-0.000366523,-0.00757077,-0.999971,0.521536,0.4,0,0,DISABLED,0
14.4802,3.835,1.39013,0.0475259,0.0284518,0.734005,0.0311997,-0.00157306,-0.0144356,-0.999895,0.519301,0.4,0,0,DISABLED,0
14.5002,3.84182,1.39079,0.0450285,0.0267363,0.734253,0.0337425,-0.00328857,-0.0222212,-0.999748,0.518304,0.4,0,0,DISABLED,0
14.5202,3.84786,1.39155,0.0391269,0.0254267,0.734245,0.0363667,-0.00459817,-0.0276381,-0.999607,0.517432,0.4,0,0,DISABLED,0
14.5402,3.85373,1.39235,0.0265905,0.0249233,0.734165,0.0390085,-0.00510151,-0.0316445,-0.999486,0.516792,0.4,0,0,DISABLED,0
14.5602,3.85954,1.39325,0.00954986,0.0248132,0.734142,0.0419654,-0.00521165,-0.0354776,-0.999357,0.516014,0.4,0,0,DISABLED,0
14.5802,3.86471,1.39418,-0.00843814,0.0250684,0.734184,0.0448832,-0.00495639,-0.0388638,-0.999232,0.515625,0.4,0,0,DISABLED,0
14.6002,3.87094,1.39552,-0.0243807,0.0261099,0.734299,0.0488183,-0.00391491,-0.0428798,-0.999073,0.515456,0.4,0,0,DISABLED,0
14.6202,3.87708,1.39728,-0.0369148,0.0277764,0.734449,0.0528625,-0.00224846,-0.0466044,-0.998911,0.513762,0.4,0,0,DISABLED,0
14.6402,3.88205,1.39911,-0.0442764,0.0293855,0.734594,0.0555179,-0.0006393,-0.0487271,-0.998812,0.512001,0.4,0,0,DISABLED,0
14.6602,3.8874,1.40157,-0.0434633,0.0319096,0.734656,0.057977,0.00188477,-0.0500292,-0.998746,0.509833,0.4,0,0,DISABLED,0
14.6802,3.89264,1.4046,-0.0404496,0.0345068,0.734591,0.0600547,0.00448194,-0.0507727,-0.9987,0.507543,0.4,0,0,DISABLED,0
14.7002,3.89772,1.40818,-0.0368331,0.037163,0.734347,0.061629,0.00713815,-0.0507822,-0.998684,0.505638,0.4,0,0,DISABLED,0
14.7202,3.90262,1.41235,-0.0365128,0.0393936,0.734035,0.0616929,0.0093688,-0.0490971,-0.99875,0.503914,0.4,0,0,DISABLED,0
14.7402,3.9073,1.41697,-0.0419013,0.0410866,0.733754,0.059135,0.0110617,-0.0441525,-0.998964,0.501876,0.4,0,0,DISABLED,0
14.7602,3.91184,1.42191,-0.0376775,0.0419266,0.733582,0.0535629,0.0119018,-0.0349629,-0.999318,0.50008,0.4,0,0,DISABLED,0
14.7802,3.91631,1.42698,-0.0170888,0.0421143,0.733386,0.0475674,0.0120895,-0.0237464,-0.999645,0.499093,0.4,0,0,DISABLED,0
14.8002,3.9203,1.43168,0.0135016,0.0416756,0.732958,0.0423375,0.0116508,-0.00907073,-0.999891,0.497419,0.4,0,0,DISABLED,0
14.8202,3.9258,1.43656,0.0404812,0.0400082,0.733,0.0400134,0.00998337,-0.00181901,-0.999949,0.497776,0.4,0,0,DISABLED,0
14.8402,3.93093,1.44089,0.0706428,0.0382078,0.733785,0.0383519,0.00818294,0.00163194,-0.999965,0.500484,0.4,0,0,DISABLED,0
14.8602,3.93564,1.44552,0.0758414,0.0377339,0.734653,0.0392006,0.00770903,0.00897606,-0.99993,0.505984,0.4,0,0,DISABLED,0
14.8802,3.94033,1.45041,0.0590478,0.0365549,0.735283,0.0411954,0.00653003,0.0173513,-0.999828,0.512269,0.4,0,0,DISABLED,0
14.9002,3.9451,1.45546,0.0355259,0.0340146,0.735691,0.0431493,0.00398978,0.0249054,-0.999682,0.518243,0.4,0,0,DISABLED,0
14.9202,3.94978,1.46047,0.0301583,0.031145,0.735912,0.045037,0.00112014,0.0308911,-0.999522,0.522577,0.4,0,0,DISABLED,0
14.9402,3.95433,1.46545,0.0324411,0.0282204,0.736035,0.046766,-0.00180438,0.0356491,-0.999363,0.525196,0.4,0,0,DISABLED,0
14.9602,3.95886,1.4704,0.0336536,0.0251515,0.736085,0.0484173,-0.00487336,0.0397271,-0.999199,0.526518,0.4,0,0,DISABLED,0
14.9802,3.96343,1.47525,0.0318037,0.0224439,0.736043,0.0505596,-0.00758094,0.0436578,-0.999018,0.527453,0.4,0,0,DISABLED,0
15.0002,3.96802,1.47988,0.0310261,0.0208483,0.735899,0.0531796,-0.00917653,0.0472724,-0.99884,0.528056,0.4,0,0,DISABLED,0
15.0202,3.9727,1.48415,0.0357119,0.0207793,0.735621,0.0560492,-0.00924551,0.0504022,-0.998686,0.529298,0.4,0,0,DISABLED,0
15.0402,3.97752,1.48782,0.0415486,0.0222438,0.735148,0.0578782,-0.00778104,0.0517773,-0.998628,0.532061,0.4,0,0,DISABLED,0
15.0602,3.98257,1.49086,0.038063,0.0244467,0.734528,0.0581393,-0.00557813,0.0510951,-0.998678,0.535949,0.4,0,0,DISABLED,0
15.0802,3.98794,1.49323,0.0241039,0.0268057,0.733839,0.0571022,-0.00321914,0.0487673,-0.998805,0.541115,0.4,0,0,DISABLED,0
15.1002,3.99363,1.495,0.00776613,0.0290841,0.73312,0.055054,-0.000940704,0.0450947,-0.998982,0.54649,0.4,0,0,DISABLED,0
15.1202,3.99965,1.49624,-0.00696993,0.0309543,0.732458,0.052292,0.000929451,0.0404992,-0.999179,0.551116,0.4,0,0,DISABLED,0
15.1402,4.00603,1.49695,-0.0184695,0.0322234,0.731881,0.0487034,0.00219857,0.0348761,-0.999389,0.555063,0.4,0,0,DISABLED,0
15.1602,4.0127,1.49721,-0.0255716,0.0330025,0.731381,0.0441586,0.00297767,0.0276986,-0.999612,0.558356,0.4,0,0,DISABLED,0
15.1802,4.01953,1.4971,-0.0163949,0.0335818,0.730814,0.0388737,0.00355693,0.0179359,-0.999833,0.560635,0.4,0,0,DISABLED,0
15.2002,4.02639,1.49736,0.00532651,0.0322503,0.730557,0.0345042,0.00222544,0.0106145,-0.999941,0.569719,0.4,0,0,DISABLED,0
15.2202,4.03286,1.49825,0.0252106,0.0298586,0.731312,0.0311691,-0.00016626,0.00729224,-0.999973,0.571913,0.4,0,0,DISABLED,0
15.2402,4.03975,1.49883,0.0657223,0.0288682,0.732691,0.0289479,-0.00115668,0.000446467,-0.999999,0.567234,0.4,0,0,DISABLED,0
15.2602,4.04528,1.49925,0.0592846,0.0287096,0.733586,0.0290507,-0.0013152,-0.00605317,-0.999981,0.565187,0.4,0,0,DISABLED,0
15.2802,4.05144,1.49999,0.0500198,0.0277613,0.73415,0.0302411,-0.00226352,-0.013627,-0.999905,0.563542,0.4,0,0,DISABLED,0
15.3002,4.05755,1.50093,0.0445841,0.026336,0.734377,0.0325556,-0.00368884,-0.020776,-0.999777,0.562942,0.4,0,0,DISABLED,0
15.3202,4.06351,1.502,0.0385324,0.0252119,0.734398,0.0353238,-0.00481295,-0.0263778,-0.99964,0.562321,0.4,0,0,DISABLED,0
15.3402,4.06935,1.50314,0.0253723,0.024729,0.734345,0.0381789,-0.00529586,-0.0307239,-0.999514,0.56148,0.4,0,0,DISABLED,0
15.3602,4.07511,1.50435,0.00839719,0.0247427,0.734335,0.0411853,-0.00528215,-0.0345601,-0.999389,0.561045,0.4,0,0,DISABLED,0
15.3802,4.08082,1.50573,-0.00847247,0.025103,0.734388,0.0446327,-0.00492178,-0.0385382,-0.999245,0.560796,0.4,0,0,DISABLED,0
15.4002,4.08645,1.50733,-0.0242993,0.026047,0.734475,0.0484296,-0.00397787,-0.0424604,-0.99909,0.560316,0.4,0,0,DISABLED,0
15.4202,4.09198,1.50927,-0.0369967,0.02754,0.734587,0.0522155,-0.00248486,-0.0459909,-0.998939,0.558634,0.4,0,0,DISABLED,0
15.4402,4.09741,1.51163,-0.0432313,0.0295351,0.734685,0.0553457,-0.0004897,-0.0484315,-0.998826,0.556451,0.4,0,0,DISABLED,0
15.4602,4.10272,1.51448,-0.042757,0.0318812,0.734717,0.0579317,0.0018564,-0.0499922,-0.998748,0.554202,0.4,0,0,DISABLED,0
15.4802,4.10783,1.51787,-0.0393268,0.0346135,0.734609,0.0600517,0.00458868,-0.0506931,-0.998704,0.551914,0.4,0,0,DISABLED,0
15.5002,4.1123,1.5214,-0.0358415,0.0370267,0.734379,0.0615341,0.00700182,-0.0507665,-0.998686,0.550352,0.4,0,0,DISABLED,0
15.5202,4.11702,1.52585,-0.0354537,0.0398282,0.734021,0.0617518,0.00980336,-0.0488095,-0.99876,0.548296,0.4,0,0,DISABLED,0
15.5402,4.12196,1.53127,-0.0417623,0.0417432,0.733643,0.0592539,0.0117183,-0.043678,-0.998977,0.546213,0.4,0,0,DISABLED,0
15.5602,4.1263,1.53651,-0.0377468,0.0427374,0.733409,0.0537817,0.0127126,-0.034277,-0.999332,0.544474,0.4,0,0,DISABLED,0
15.5802,4.13057,1.54187,-0.0180483,0.0429848,0.733146,0.0472669,0.0129599,-0.0212878,-0.999689,0.54352,0.4,0,0,DISABLED,0
15.6002,4.13484,1.54729,0.0118334,0.0426924,0.732652,0.043159,0.0126676,-0.00793589,-0.999888,0.54187,0.4,0,0,DISABLED,0
15.6202,4.1393,1.55137,0.0448461,0.0413035,0.732894,0.0413111,0.0112787,-0.00229857,-0.999934,0.542477,0.4,0,0,DISABLED,0
15.6402,4.14472,1.55643,0.0730679,0.0398954,0.73382,0.0401117,0.00987053,0.0024801,-0.999948,0.546576,0.4,0,0,DISABLED,0
15.6602,4.14926,1.5613,0.0751523,0.0395618,0.734648,0.0412143,0.00953696,0.00990175,-0.999905,0.551952,0.4,0,0,DISABLED,0
15.6802,4.15381,1.56647,0.0543936,0.0380153,0.735238,0.0428164,0.00799047,0.0180537,-0.999805,0.557876,0.4,0,0,DISABLED,0
15.7002,4.15839,1.57176,0.0327443,0.0353169,0.735611,0.0444895,0.00529204,0.0254139,-0.999663,0.563257,0.4,0,0,DISABLED,0
15.7202,4.16289,1.57701,0.0292826,0.0323434,0.735803,0.0462441,0.00231862,0.03141,-0.999504,0.567561,0.4,0,0,DISABLED,0
15.7402,4.16727,1.58221,0.0326811,0.0293889,0.735884,0.0477426,-0.000635879,0.0359801,-0.999352,0.569923,0.4,0,0,DISABLED,0
15.7602,4.17164,1.58738,0.0340104,0.0262975,0.735892,0.0489379,-0.00372736,0.0396262,-0.999208,0.570567,0.4,0,0,DISABLED,0
15.7802,4.17604,1.59243,0.0321001,0.0237668,0.73582,0.0510981,-0.00625803,0.0435867,-0.99903,0.571761,0.4,0,0,DISABLED,0
15.8002,4.18048,1.59725,0.0318456,0.0223827,0.735637,0.0538316,-0.00764211,0.0473081,-0.998851,0.572816,0.4,0,0,DISABLED,0
15.8202,4.18502,1.60168,0.0375972,0.0224637,0.73531,0.0564785,-0.00756108,0.0501661,-0.998712,0.574337,0.4,0,0,DISABLED,0
15.8402,4.18971,1.60552,0.0419045,0.0240013,0.734797,0.0580305,-0.00602349,0.05118,-0.998671,0.577319,0.4,0,0,DISABLED,0
15.8602,4.19468,1.60874,0.0358246,0.0258943,0.734179,0.058169,-0.00413055,0.0504337,-0.998719,0.581068,0.4,0,0,DISABLED,0
15.8802,4.2,1.61132,0.0220616,0.0283076,0.73348,0.0569904,-0.00171725,0.0478118,-0.998855,0.587143,0.4,0,0,DISABLED,0
15.9002,4.20567,1.61332,0.00489715,0.0303643,0.732771,0.0548043,0.000339441,0.0439743,-0.999033,0.59261,0.4,0,0,DISABLED,0
15.9202,4.21168,1.61479,-0.00927514,0.0319302,0.732136,0.0523455,0.00190539,0.0398321,-0.999205,0.596847,0.4,0,0,DISABLED,0
15.9402,4.21809,1.61576,-0.0213664,0.0333686,0.731593,0.0479831,0.0033438,0.0328368,-0.999455,0.601434,0.4,0,0,DISABLED,0
15.9602,4.22483,1.61629,-0.0263473,0.0339248,0.731128,0.0439773,0.00389994,0.0263401,-0.999645,0.604464,0.4,0,0,DISABLED,0
15.9802,4.23175,1.61647,-0.0193456,0.0343777,0.730582,0.0388983,0.00435287,0.0165533,-0.999853,0.606662,0.4,0,0,DISABLED,0
16.0002,4.23796,1.61697,0.00421423,0.0332076,0.73036,0.0351767,0.00318282,0.00995075,-0.999945,0.614364,0.4,0,0,DISABLED,0
16.0202,4.24512,1.61829,0.0257047,0.0304491,0.731224,0.0315058,0.000424256,0.00643662,-0.999979,0.616578,0.4,0,0,DISABLED,0
16.0402,4.25203,1.61912,0.0647001,0.0296509,0.732592,0.029682,-0.00037389,-0.000337007,-1,0.61289,0.4,0,0,DISABLED,0
16.0602,4.25765,1.61985,0.0558446,0.0291163,0.733492,0.0296237,-0.000908494,-0.00707916,-0.999975,0.609318,0.4,0,0,DISABLED,0
16.0802,4.26381,1.62083,0.046724,0.0281403,0.734063,0.0309946,-0.00188449,-0.0146257,-0.999891,0.608121,0.4,0,0,DISABLED,0
16.1002,4.2699,1.62203,0.0427763,0.02652,0.734303,0.0333926,-0.00350479,-0.0219279,-0.999753,0.607308,0.4,0,0,DISABLED,0
16.1202,4.27581,1.62337,0.0370946,0.0252455,0.734312,0.0360737,-0.00477937,-0.0274056,-0.999613,0.606612,0.4,0,0,DISABLED,0
16.1402,4.28212,1.6249,0.0244281,0.024729,0.734234,0.039036,-0.00529585,-0.0318395,-0.999479,0.605886,0.4,0,0,DISABLED,0
16.1602,4.2872,1.62621,0.00675255,0.0247317,0.734227,0.0415256,-0.00529317,-0.0349934,-0.999374,0.605682,0.4,0,0,DISABLED,0
16.1802,4.29278,1.62782,-0.00973672,0.0251117,0.734305,0.0447608,-0.00491311,-0.0386863,-0.999239,0.605553,0.4,0,0,DISABLED,0
16.2002,4.29827,1.62964,-0.02559,0.0260175,0.734422,0.0485415,-0.00400734,-0.0426106,-0.999084,0.60505,0.4,0,0,DISABLED,0
16.2202,4.30367,1.63182,-0.0381663,0.0273225,0.734574,0.0520886,-0.00270237,-0.0459755,-0.998939,0.60353,0.4,0,0,DISABLED,0
16.2402,4.30894,1.63439,-0.0445661,0.0291823,0.734712,0.0550302,-0.000842544,-0.0482796,-0.998833,0.601467,0.4,0,0,DISABLED,0
16.2602,4.31403,1.63743,-0.0440369,0.0315379,0.734759,0.0574541,0.00151309,-0.0496462,-0.998766,0.59912,0.4,0,0,DISABLED,0
16.2802,4.31893,1.641,-0.0411383,0.0341418,0.734661,0.0594067,0.00411697,-0.0502373,-0.998729,0.59678,0.4,0,0,DISABLED,0
16.3002,4.32364,1.64512,-0.0382823,0.0367879,0.734385,0.0608813,0.00676305,-0.0501295,-0.99872,0.594847,0.4,0,0,DISABLED,0
16.3202,4.32812,1.6498,-0.0380156,0.03918,0.734004,0.0610896,0.00915515,-0.0484909,-0.998782,0.592959,0.4,0,0,DISABLED,0
16.3402,4.33233,1.65492,-0.0427786,0.0411039,0.73363,0.0588935,0.011079,-0.0438009,-0.998979,0.590681,0.4,0,0,DISABLED,0
16.3602,4.33599,1.65982,-0.0375487,0.0419942,0.733394,0.0541497,0.0119694,-0.0358123,-0.999287,0.588966,0.4,0,0,DISABLED,0
16.3802,4.34035,1.66593,-0.0182538,0.0423081,0.733088,0.046892,0.0122832,-0.0218489,-0.999686,0.587925,0.4,0,0,DISABLED,0
16.4002,4.34429,1.6716,0.0122588,0.0418715,0.732555,0.0422444,0.0118467,-0.0072145,-0.999904,0.586076,0.4,0,0,DISABLED,0
16.4202,4.34892,1.67638,0.0443156,0.040472,0.732816,0.0404801,0.0104472,-0.00210261,-0.999943,0.587128,0.4,0,0,DISABLED,0
16.4402,4.35356,1.68122,0.0720944,0.0390291,0.733716,0.0392249,0.00900425,0.00222128,-0.999957,0.59062,0.4,0,0,DISABLED,0
16.4602,4.35783,1.6863,0.0737416,0.0384678,0.734595,0.0401325,0.00844299,0.009788,-0.999916,0.595616,0.4,0,0,DISABLED,0
16.4802,4.36217,1.69167,0.0524471,0.036676,0.735232,0.0418046,0.00665117,0.0184157,-0.999808,0.602345,0.4,0,0,DISABLED,0
16.5002,4.36654,1.69713,0.0314876,0.033937,0.735624,0.0437449,0.00391219,0.0259599,-0.999655,0.60815,0.4,0,0,DISABLED,0
16.5202,4.37038,1.702,0.0277208,0.0310837,0.735811,0.0456785,0.00105884,0.0318288,-0.999493,0.612233,0.4,0,0,DISABLED,0
16.5402,4.37496,1.70792,0.030537,0.02809,0.735933,0.0470545,-0.00193483,0.0361059,-0.999346,0.613951,0.4,0,0,DISABLED,0
16.5602,4.37915,1.71325,0.0313903,0.0250375,0.735977,0.048844,-0.00498736,0.0402936,-0.999175,0.615791,0.4,0,0,DISABLED,0
16.5802,4.38338,1.71851,0.0292146,0.0223997,0.735932,0.0509134,-0.0076251,0.0440754,-0.998999,0.616506,0.4,0,0,DISABLED,0
16.6002,4.38764,1.72357,0.0295727,0.0210516,0.735783,0.0537962,-0.00897321,0.0478559,-0.998814,0.61732,0.4,0,0,DISABLED,0
16.6202,4.39204,1.72827,0.03431,0.0211831,0.735488,0.0568237,-0.00884173,0.0510742,-0.998656,0.618976,0.4,0,0,DISABLED,0
16.6402,4.39663,1.73239,0.0401582,0.0228234,0.735001,0.0585858,-0.00720139,0.0523028,-0.998605,0.621895,0.4,0,0,DISABLED,0
16.6602,4.4015,1.73592,0.0364842,0.0251958,0.734357,0.058856,-0.00482901,0.0515358,-0.998659,0.626061,0.4,0,0,DISABLED,0
16.6802,4.40679,1.73882,0.0217889,0.0275532,0.73363,0.057649,-0.00247165,0.0489856,-0.998796,0.631649,0.4,0,0,DISABLED,0
16.7002,4.41246,1.74116,0.00450689,0.0297408,0.732901,0.0553996,-0.000284013,0.0450914,-0.998983,0.637157,0.4,0,0,DISABLED,0
16.7202,4.41849,1.74299,-0.00938973,0.031538,0.732247,0.0524889,0.00151319,0.0403116,-0.999186,0.641705,0.4,0,0,DISABLED,0
16.7402,4.42492,1.74434,-0.0206493,0.0328705,0.731665,0.0487327,0.00284564,0.0343341,-0.999406,0.645488,0.4,0,0,DISABLED,0
16.7602,4.43171,1.74528,-0.0281388,0.0335826,0.731186,0.0442463,0.00355778,0.0271663,-0.999625,0.648978,0.4,0,0,DISABLED,0
16.7802,4.4387,1.74587,-0.0183829,0.034149,0.730627,0.0390176,0.00412422,0.0172278,-0.999843,0.651258,0.4,0,0,DISABLED,0
16.8002,4.44562,1.74688,0.00456759,0.0328739,0.730427,0.034954,0.00284903,0.010229,-0.999944,0.659659,0.4,0,0,DISABLED,0
16.8202,4.45212,1.74845,0.0267962,0.0306352,0.731249,0.0318109,0.000610391,0.00691435,-0.999976,0.661277,0.4,0,0,DISABLED,0
16.8402,4.45848,1.74962,0.0643685,0.0298121,0.732518,0.0298901,-0.000212761,0.000481119,-1,0.656762,0.4,0,0,DISABLED,0
16.8602,4.46478,1.75076,0.0562131,0.029412,0.733543,0.029924,-0.000612794,-0.00713725,-0.999974,0.653177,0.4,0,0,DISABLED,0
16.8802,4.47041,1.75199,0.0463055,0.0285158,0.734067,0.0310887,-0.00150905,-0.0140173,-0.999901,0.651425,0.4,0,0,DISABLED,0
16.9002,4.47714,1.75367,0.0434389,0.0270034,0.734315,0.0337036,-0.00302138,-0.0218031,-0.999758,0.650648,0.4,0,0,DISABLED,0
16.9202,4.48305,1.75532,0.0367496,0.0259271,0.734304,0.0363355,-0.00409773,-0.0270937,-0.999624,0.650128,0.4,0,0,DISABLED,0
16.9402,4.48938,1.7572,0.0241112,0.0254335,0.734219,0.03901,-0.00459133,-0.0312157,-0.999502,0.649298,0.4,0,0,DISABLED,0
16.9602,4.49446,1.75879,0.00749835,0.0253859,0.734198,0.0418174,-0.00463892,-0.0348651,-0.999381,0.648813,0.4,0,0,DISABLED,0
16.9802,4.50004,1.76069,-0.00892243,0.0257267,0.73424,0.0451216,-0.00429809,-0.0387028,-0.999242,0.64848,0.4,0,0,DISABLED,0
17.0002,4.5055,1.76278,-0.0242223,0.0267034,0.734324,0.048855,-0.00332145,-0.0425428,-0.999089,0.648084,0.4,0,0,DISABLED,0
17.0202,4.51032,1.76493,-0.0362158,0.0280158,0.734439,0.0522052,-0.00200904,-0.0456793,-0.998954,0.646863,0.4,0,0,DISABLED,0
17.0402,4.516,1.76798,-0.0432367,0.0303052,0.734551,0.0557483,0.000280347,-0.0484173,-0.998827,0.644545,0.4,0,0,DISABLED,0
17.0602,4.52097,1.77125,-0.0434615,0.0327976,0.734558,0.0582182,0.00277275,-0.0497226,-0.998759,0.642173,0.4,0,0,DISABLED,0
17.0802,4.52572,1.77502,-0.0403215,0.0354965,0.73443,0.0602421,0.00547171,-0.0502942,-0.998719,0.639824,0.4,0,0,DISABLED,0
17.1002,4.53024,1.77934,-0.0365785,0.0381165,0.734155,0.0617093,0.00809163,-0.050149,-0.998709,0.637893,0.4,0,0,DISABLED,0
17.1202,4.53447,1.78418,-0.0378947,0.0405266,0.733796,0.0617817,0.0105018,-0.048252,-0.99878,0.635883,0.4,0,0,DISABLED,0
17.1402,4.53846,1.78946,-0.0442785,0.0422866,0.733501,0.0587769,0.0122618,-0.042446,-0.999023,0.63368,0.4,0,0,DISABLED,0
17.1602,4.54227,1.79501,-0.0402372,0.0429556,0.733322,0.0538438,0.0129308,-0.0340918,-0.999335,0.632251,0.4,0,0,DISABLED,0
17.1802,4.54597,1.80065,-0.0181938,0.0432295,0.733132,0.0475524,0.0132047,-0.0214398,-0.999683,0.631312,0.4,0,0,DISABLED,0
17.2002,4.54964,1.80645,0.012789,0.0427898,0.732668,0.0431064,0.012765,-0.00682034,-0.999895,0.629455,0.4,0,0,DISABLED,0
17.2202,4.55405,1.81141,0.0445954,0.0413142,0.732959,0.0413183,0.0112893,-0.00173248,-0.999935,0.630452,0.4,0,0,DISABLED,0
17.2402,4.55846,1.81642,0.0721177,0.0398324,0.733842,0.0400611,0.0098076,0.00258673,-0.999949,0.634002,0.4,0,0,DISABLED,0
17.2603,4.56249,1.82167,0.0737729,0.0391794,0.734686,0.0409006,0.00915456,0.0100887,-0.999907,0.639102,0.4,0,0,DISABLED,0
17.2803,4.56653,1.82721,0.0520465,0.0373467,0.735288,0.0424036,0.00732189,0.0184368,-0.999803,0.645088,0.4,0,0,DISABLED,0
17.3003,4.5706,1.83285,0.031204,0.0344827,0.735663,0.0440897,0.00445789,0.025831,-0.999656,0.650417,0.4,0,0,DISABLED,0
17.3203,4.57456,1.83845,0.0278541,0.0314337,0.735864,0.0457463,0.0014089,0.0315944,-0.9995,0.653907,0.4,0,0,DISABLED,0
17.3403,4.57845,1.84399,0.0307785,0.0283562,0.73596,0.0473916,-0.00166863,0.0363285,-0.999339,0.65652,0.4,0,0,DISABLED,0
17.3603,4.58236,1.84951,0.0316196,0.0251653,0.735977,0.0487205,-0.00485952,0.0400721,-0.999185,0.657383,0.4,0,0,DISABLED,0
17.3803,4.5863,1.85492,0.0295278,0.0226034,0.735915,0.0508149,-0.00742139,0.0438654,-0.99901,0.658149,0.4,0,0,DISABLED,0
17.4003,4.59032,1.86011,0.0294896,0.0212614,0.735747,0.053764,-0.00876343,0.0477303,-0.998822,0.659265,0.4,0,0,DISABLED,0
17.4203,4.59452,1.86497,0.0337443,0.02129,0.735437,0.0567481,-0.0087348,0.0509501,-0.998663,0.661048,0.4,0,0,DISABLED,0
17.4403,4.59893,1.86926,0.0397376,0.0228696,0.734946,0.0584462,-0.00715518,0.0521307,-0.998615,0.663902,0.4,0,0,DISABLED,0
17.4603,4.60364,1.87294,0.0365492,0.0253072,0.734322,0.0585899,-0.00471763,0.0511875,-0.998678,0.667993,0.4,0,0,DISABLED,0
17.4803,4.60878,1.87602,0.0220374,0.0277765,0.733597,0.0573336,-0.00224829,0.0485033,-0.99882,0.673539,0.4,0,0,DISABLED,0
17.5003,4.61433,1.87855,0.00423449,0.0300101,0.732862,0.0550995,-1.4741e-05,0.0445616,-0.999007,0.678994,0.4,0,0,DISABLED,0
17.5203,4.62027,1.88059,-0.00976956,0.0318466,0.732178,0.0521229,0.00182173,0.039616,-0.999213,0.683665,0.4,0,0,DISABLED,0
17.5403,4.62663,1.88217,-0.0217769,0.0331373,0.731588,0.0485169,0.00311248,0.0337927,-0.999424,0.687643,0.4,0,0,DISABLED,0
17.5603,4.63336,1.88336,-0.028673,0.0338172,0.731103,0.0440816,0.00379235,0.0266351,-0.999638,0.690962,0.4,0,0,DISABLED,0
17.5803,4.64029,1.88418,-0.0184317,0.0344977,0.73054,0.038984,0.00447284,0.0165123,-0.999854,0.692994,0.4,0,0,DISABLED,0
17.6003,4.64715,1.88543,0.00392503,0.0332364,0.730341,0.0351156,0.0032116,0.00968379,-0.999948,0.701486,0.4,0,0,DISABLED,0
17.6203,4.65356,1.88721,0.0272412,0.0310528,0.731166,0.0320796,0.00102793,0.00639714,-0.999979,0.702945,0.4,0,0,DISABLED,0
17.6403,4.65981,1.88854,0.0648223,0.0305039,0.732417,0.0305646,0.000479025,0.000252033,-1,0.69975,0.4,0,0,DISABLED,0
17.6603,4.66542,1.88981,0.0552826,0.0299336,0.733357,0.0304689,-9.11825e-05,-0.00730963,-0.999973,0.695499,0.4,0,0,DISABLED,0
17.6803,4.67218,1.89158,0.0448704,0.0288097,0.734002,0.0317283,-0.00121516,-0.0149234,-0.999888,0.693458,0.4,0,0,DISABLED,0
17.7003,4.67759,1.89317,0.0418122,0.0275517,0.734212,0.0338836,-0.00247313,-0.0213588,-0.999769,0.69282,0.4,0,0,DISABLED,0
17.7203,4.68399,1.89525,0.0371879,0.0263427,0.734218,0.0365351,-0.00368217,-0.0269525,-0.99963,0.692075,0.4,0,0,DISABLED,0
17.7403,4.69022,1.89743,0.0241989,0.0255732,0.734105,0.0396211,-0.00445158,-0.0318977,-0.999481,0.690563,0.4,0,0,DISABLED,0
17.7603,4.69575,1.89945,0.00607881,0.0255781,0.734047,0.0422585,-0.00444675,-0.0352746,-0.999368,0.689987,0.4,0,0,DISABLED,0
17.7803,4.70064,1.90137,-0.00989592,0.0260649,0.734081,0.0450383,-0.0039599,-0.0383633,-0.999256,0.689815,0.4,0,0,DISABLED,0
17.8003,4.70598,1.90366,-0.0251974,0.0271914,0.734199,0.0486887,-0.00283339,-0.0420193,-0.999113,0.689757,0.4,0,0,DISABLED,0
17.8203,4.71119,1.90627,-0.0368838,0.0288018,0.734366,0.0525513,-0.00122303,-0.0455832,-0.99896,0.688391,0.4,0,0,DISABLED,0
17.8403,4.71621,1.90927,-0.0437798,0.0308782,0.734498,0.0558285,0.000853341,-0.0481366,-0.99884,0.686164,0.4,0,0,DISABLED,0
17.8603,4.72057,1.91238,-0.0437111,0.03317,0.734556,0.0583666,0.0031452,-0.0496461,-0.998762,0.683919,0.4,0,0,DISABLED,0
17.8803,4.72558,1.91669,-0.03977,0.0359097,0.73444,0.0604102,0.00588483,-0.0501992,-0.998722,0.681589,0.4,0,0,DISABLED,0
17.9003,4.72988,1.92116,-0.0357267,0.0384966,0.734171,0.0618483,0.00847177,-0.0500272,-0.998712,0.679592,0.4,0,0,DISABLED,0
17.9203,4.73387,1.92616,-0.0376869,0.0408039,0.73382,0.0618223,0.0107791,-0.0480628,-0.998786,0.67746,0.4,0,0,DISABLED,0
17.9403,4.73757,1.93156,-0.0441921,0.0425202,0.73351,0.0593334,0.0124954,-0.0430053,-0.998997,0.675132,0.4,0,0,DISABLED,0
17.9603,4.74111,1.93726,-0.03903,0.0432581,0.733327,0.0539765,0.0132333,-0.0339098,-0.999337,0.673419,0.4,0,0,DISABLED,0
17.9803,4.74453,1.94305,-0.0185149,0.0434104,0.733133,0.0476263,0.0133855,-0.0212193,-0.999685,0.67245,0.4,0,0,DISABLED,0
18.0003,4.74791,1.94899,0.01236,0.0430417,0.732683,0.0434797,0.0130169,-0.00776395,-0.999885,0.670929,0.4,0,0,DISABLED,0
18.0203,4.75206,1.95413,0.0409255,0.041473,0.732924,0.0414781,0.0114482,-0.00114613,-0.999934,0.671903,0.4,0,0,DISABLED,0
18.0403,4.75584,1.95879,0.0714807,0.0399314,0.733679,0.0400998,0.00990659,0.00198623,-0.999949,0.674523,0.4,0,0,DISABLED,0
18.0603,4.75992,1.96475,0.0780281,0.0394486,0.734632,0.0411737,0.00942377,0.0101437,-0.999904,0.680086,0.4,0,0,DISABLED,0
18.0803,4.76328,1.96989,0.0565962,0.0380603,0.735206,0.0428108,0.00803546,0.0179551,-0.999807,0.68646,0.4,0,0,DISABLED,0
18.1003,4.76737,1.97631,0.0352184,0.0352001,0.735646,0.0448366,0.00517523,0.0261291,-0.999645,0.69233,0.4,0,0,DISABLED,0
18.1203,4.77099,1.98209,0.0295785,0.0323368,0.735856,0.0466281,0.00231196,0.0319494,-0.999487,0.69591,0.4,0,0,DISABLED,0
18.1403,4.77453,1.98781,0.0319859,0.0293567,0.735978,0.0483248,-0.000668125,0.0367417,-0.999325,0.698636,0.4,0,0,DISABLED,0
18.1603,4.77809,1.99349,0.033262,0.0262104,0.736018,0.0498266,-0.00381442,0.04073,-0.999163,0.700066,0.4,0,0,DISABLED,0
18.1803,4.7817,1.99907,0.0317577,0.0234835,0.735969,0.0518741,-0.00654131,0.0446067,-0.998983,0.701045,0.4,0,0,DISABLED,0
18.2003,4.78536,2.00443,0.0317787,0.0219252,0.735825,0.0544966,-0.00809963,0.0482404,-0.998803,0.701728,0.4,0,0,DISABLED,0
18.2203,4.78919,2.00944,0.0370694,0.0218888,0.73555,0.0572972,-0.00813602,0.051297,-0.99865,0.703112,0.4,0,0,DISABLED,0
18.2403,4.79326,2.0139,0.0429277,0.0233306,0.735099,0.0588874,-0.00669423,0.0524137,-0.998603,0.705791,0.4,0,0,DISABLED,0
18.2603,4.79767,2.01778,0.0393406,0.0252755,0.734506,0.0590523,-0.00474929,0.0517149,-0.998651,0.709355,0.4,0,0,DISABLED,0
18.2803,4.80255,2.02107,0.0253254,0.0276815,0.733825,0.0577017,-0.00234332,0.0489751,-0.998797,0.715506,0.4,0,0,DISABLED,0
18.3003,4.80729,2.02359,0.00678372,0.0295206,0.733176,0.0556102,-0.000504215,0.0454787,-0.998965,0.720796,0.4,0,0,DISABLED,0
18.3203,4.81352,2.02613,-0.00754356,0.0314919,0.732446,0.0524627,0.00146709,0.0403121,-0.999186,0.726419,0.4,0,0,DISABLED,0
18.3403,4.81966,2.02796,-0.0193257,0.0327069,0.731895,0.0489805,0.00268209,0.034817,-0.99939,0.731001,0.4,0,0,DISABLED,0
18.3603,4.82615,2.02939,-0.0248371,0.0335561,0.731421,0.0445726,0.00353128,0.0276946,-0.99961,0.734574,0.4,0,0,DISABLED,0
18.3803,4.83285,2.03046,-0.0148416,0.0342963,0.730873,0.0399896,0.00427143,0.0189185,-0.999812,0.7368,0.4,0,0,DISABLED,0
18.4003,4.83958,2.03188,0.00514609,0.0331474,0.730611,0.0352207,0.00312255,0.0102572,-0.999943,0.746277,0.4,0,0,DISABLED,0
18.4203,4.8458,2.03389,0.026978,0.030849,0.731312,0.0320369,0.00082413,0.00699697,-0.999975,0.749061,0.4,0,0,DISABLED,0
18.4403,4.8518,2.03543,0.0664546,0.0304627,0.732508,0.0306036,0.000437876,0.00124516,-0.999999,0.746195,0.4,0,0,DISABLED,0
18.4603,4.85777,2.03701,0.0603936,0.0300967,0.733504,0.0303925,7.19011e-05,-0.00584018,-0.999983,0.7428,0.4,0,0,DISABLED,0
18.4803,4.86371,2.03882,0.049148,0.0288998,0.734048,0.0311653,-0.00112504,-0.0132965,-0.999911,0.741058,0.4,0,0,DISABLED,0
18.5003,4.86954,2.0408,0.0448093,0.0273171,0.734265,0.0331597,-0.00270771,-0.0204358,-0.999788,0.740342,0.4,0,0,DISABLED,0
18.5203,4.87465,2.0427,0.0394286,0.0260497,0.734285,0.035425,-0.00397512,-0.0256436,-0.999663,0.739545,0.4,0,0,DISABLED,0
18.5403,4.88072,2.04504,0.0278849,0.0254362,0.734214,0.038428,-0.00458864,-0.0304407,-0.999526,0.73859,0.4,0,0,DISABLED,0
18.5603,4.88616,2.04724,0.00998262,0.025375,0.73419,0.0414408,-0.00464986,-0.0344003,-0.999397,0.737853,0.4,0,0,DISABLED,0
18.5803,4.8915,2.04955,-0.00767905,0.025821,0.734248,0.0446888,-0.00420387,-0.0381079,-0.999265,0.73771,0.4,0,0,DISABLED,0
18.6003,4.89673,2.05208,-0.0238839,0.0268224,0.734364,0.048598,-0.00320245,-0.0421563,-0.999106,0.737373,0.4,0,0,DISABLED,0
18.6203,4.90183,2.05493,-0.0365029,0.02824,0.734523,0.0524275,-0.00178479,-0.0458002,-0.998949,0.735937,0.4,0,0,DISABLED,0
18.6403,4.90672,2.05818,-0.0425646,0.0302156,0.734666,0.0556862,0.000190787,-0.0484008,-0.998828,0.733892,0.4,0,0,DISABLED,0
18.6603,4.91135,2.06186,-0.0418792,0.03277,0.734692,0.0583502,0.00274516,-0.0499008,-0.99875,0.731456,0.4,0,0,DISABLED,0
18.6803,4.91574,2.06607,-0.0389027,0.0351509,0.734575,0.0603015,0.00512605,-0.0506173,-0.998705,0.72919,0.4,0,0,DISABLED,0
18.7003,4.91998,2.07067,-0.0354933,0.0379982,0.734395,0.062921,0.00797342,-0.051768,-0.998627,0.727738,0.4,0,0,DISABLED,0
18.7203,4.92422,2.0752,-0.0170502,0.0416325,0.734928,0.070061,0.0116077,-0.0579552,-0.998252,0.72736,0.4,0,0,DISABLED,0
18.7403,4.92769,2.08041,0.00739306,0.0467652,0.735794,0.0707397,0.0167403,-0.054682,-0.998363,0.724931,0.4,0,0,DISABLED,0
18.7603,4.93066,2.0858,-0.0213578,0.0533233,0.736426,0.0673052,0.0232985,-0.0426804,-0.998817,0.725394,0.4,0,0,DISABLED,0
18.7803,4.93346,2.09092,-0.0117727,0.0607541,0.736689,0.0668232,0.0307293,-0.0294329,-0.999094,0.727583,0.4,0,0,DISABLED,0
18.8003,4.93619,2.09609,0.0239898,0.0674252,0.736306,0.0686444,0.0374004,-0.0144412,-0.999196,0.730073,0.4,0,0,DISABLED,0
18.8203,4.9394,2.10111,0.0565421,0.0720107,0.735405,0.0720375,0.0419858,-0.000436142,-0.999118,0.735699,0.4,0,0,DISABLED,0
18.8403,4.94297,2.10597,0.0857552,0.0749254,0.734565,0.075551,0.0449006,0.00791354,-0.99896,0.740145,0.4,0,0,DISABLED,0
18.8603,4.94685,2.11067,0.0883486,0.0759124,0.734474,0.0766128,0.0458876,0.00853965,-0.99891,0.744169,0.4,0,0,DISABLED,0
18.8803,4.95057,2.1161,0.0509721,0.074064,0.734257,0.0755723,0.0440392,0.0132831,-0.998941,0.748198,0.4,0,0,DISABLED,0
18.9003,4.95403,2.12187,0.0247077,0.071277,0.734135,0.0748776,0.0412522,0.0212374,-0.998923,0.751446,0.4,0,0,DISABLED,0
18.9203,4.95722,2.12762,0.0249085,0.0686945,0.734015,0.0752368,0.0386697,0.0289968,-0.998831,0.753146,0.4,0,0,DISABLED,0
18.9403,4.96027,2.13327,0.0366253,0.0664463,0.733754,0.075845,0.0364214,0.0348859,-0.998727,0.754257,0.4,0,0,DISABLED,0
18.9603,4.96329,2.1388,0.0433713,0.063392,0.733277,0.0763741,0.0333671,0.0409155,-0.998605,0.755876,0.4,0,0,DISABLED,0
18.9803,4.9667,2.14465,0.0409299,0.0601409,0.732505,0.0767567,0.0301161,0.0460127,-0.998487,0.758521,0.4,0,0,DISABLED,0
19.0003,4.96999,2.14927,0.0313841,0.0584905,0.73183,0.0766642,0.0284657,0.0478823,-0.998447,0.762392,0.4,0,0,DISABLED,0
19.0203,4.97314,2.1526,0.0173112,0.059018,0.731489,0.0776193,0.0289931,0.048734,-0.998391,0.769282,0.4,0,0,DISABLED,0
19.0403,4.97682,2.15572,0.0140431,0.0602707,0.731198,0.0793662,0.0302459,0.0499525,-0.998294,0.77791,0.4,0,0,DISABLED,0
19.0603,4.98094,2.15827,0.0110409,0.0612073,0.730912,0.0801427,0.0311825,0.0500483,-0.99826,0.787784,0.4,0,0,DISABLED,0
19.0803,4.9856,2.16026,0.00330031,0.0615965,0.730647,0.079184,0.0315716,0.0480744,-0.998345,0.79819,0.4,0,0,DISABLED,0
19.1003,4.99133,2.16187,-0.0104026,0.0615127,0.730356,0.0765403,0.0314879,0.0438674,-0.998541,0.809629,0.4,0,0,DISABLED,0
19.1203,4.99643,2.16273,-0.0223293,0.0613752,0.730089,0.0736792,0.0313504,0.0390878,-0.998744,0.819149,0.4,0,0,DISABLED,0
19.1403,5.00252,2.16329,-0.02935,0.0608312,0.729679,0.0694839,0.0308064,0.0319083,-0.999016,0.829595,0.4,0,0,DISABLED,0
19.1603,5.00903,2.16355,-0.0313633,0.0592499,0.729074,0.0642734,0.0292251,0.023242,-0.999303,0.840679,0.4,0,0,DISABLED,0
19.1803,5.01521,2.16363,-0.0230667,0.057889,0.728645,0.0613079,0.0278641,0.0185198,-0.99944,0.852023,0.4,0,0,DISABLED,0
19.2003,5.0208,2.16329,0.00278473,0.0571042,0.729379,0.0613866,0.0270793,0.0208621,-0.999416,0.865235,0.4,0,0,DISABLED,0
19.2203,5.02619,2.16231,0.0347635,0.0555715,0.730428,0.0586865,0.0255467,0.017204,-0.999526,0.875139,0.4,0,0,DISABLED,0
19.2403,5.03109,2.16113,0.0572855,0.0522302,0.731417,0.053554,0.0222053,0.0101693,-0.999702,0.88075,0.4,0,0,DISABLED,0
19.2603,5.03487,2.1605,0.0496269,0.0464702,0.732219,0.0467991,0.0164453,0.00386659,-0.999857,0.879663,0.4,0,0,DISABLED,0
19.2803,5.03901,2.16018,0.0275899,0.0365175,0.732913,0.0365629,0.00649263,-0.00336957,-0.999973,0.877533,0.4,0,0,DISABLED,0
19.3003,5.04196,2.15979,0.0345973,0.0289006,0.733205,0.0297141,-0.00112424,-0.00852677,-0.999963,0.878292,0.4,0,0,DISABLED,0
19.3203,5.04508,2.1592,0.0513851,0.0214262,0.733328,0.024378,-0.00859861,-0.0132633,-0.999875,0.879891,0.4,0,0,DISABLED,0
19.3403,5.04767,2.1586,0.0569822,0.0161681,0.73338,0.0220921,-0.0138568,-0.0166932,-0.999765,0.882362,0.4,0,0,DISABLED,0
19.3603,5.05014,2.15808,0.0503916,0.0115284,0.73351,0.0221649,-0.0184964,-0.0205708,-0.999617,0.884902,0.4,0,0,DISABLED,0
19.3803,5.05253,2.15774,0.0334398,0.00688074,0.733788,0.0244683,-0.0231441,-0.025118,-0.999417,0.887483,0.4,0,0,DISABLED,0
19.4003,5.05482,2.15753,0.00910008,0.00314455,0.734379,0.0294015,-0.0268803,-0.0308685,-0.999162,0.890064,0.4,0,0,DISABLED,0
19.4203,5.0566,2.15739,-0.00186875,0.00173442,0.735091,0.0335955,-0.0282904,-0.0351842,-0.99898,0.892538,0.4,0,0,DISABLED,0
19.4403,5.05846,2.15751,-0.0133291,0.00167994,0.736194,0.0376775,-0.0283449,-0.039271,-0.998827,0.895046,0.4,0,0,DISABLED,0
19.4603,5.05995,2.15784,-0.0170769,0.00338302,0.737495,0.0409676,-0.0266418,-0.0424556,-0.998743,0.896746,0.4,0,0,DISABLED,0
19.4803,5.06155,2.15837,-0.0150918,0.00585953,0.739301,0.0452615,-0.0241653,-0.0465052,-0.998626,0.898639,0.4,0,0,DISABLED,0
19.5003,5.06344,2.15929,-0.00677356,0.0082055,0.741656,0.050904,-0.0218193,-0.051859,-0.998416,0.900178,0.4,0,0,DISABLED,0
19.5203,5.06557,2.1606,0.0105422,0.010895,0.744344,0.0579513,-0.0191298,-0.05853,-0.998102,0.901175,0.4,0,0,DISABLED,0
19.5403,5.06783,2.16234,0.0422513,0.0142374,0.747032,0.0664023,-0.0157874,-0.0664572,-0.997664,0.900257,0.4,0,0,DISABLED,0
19.5603,5.07028,2.16469,0.0723451,0.0172201,0.749439,0.0759393,-0.0128047,-0.0755393,-0.997061,0.896157,0.4,0,0,DISABLED,0
19.5803,5.07347,2.1677,0.0970668,0.020075,0.751659,0.0868398,-0.0099498,-0.086034,-0.996243,0.889024,0.4,0,0,DISABLED,0
19.6003,5.07628,2.16986,0.110915,0.0225069,0.752801,0.0934458,-0.00751797,-0.0922179,-0.99571,0.884492,0.4,0,0,DISABLED,0
19.6203,5.08115,2.17242,0.12056,0.0268281,0.753598,0.104643,-0.00319673,-0.102619,-0.994716,0.884731,0.4,0,0,DISABLED,0
19.6403,5.0856,2.17516,0.191251,0.0315102,0.75419,0.111879,0.00148537,-0.108788,-0.994064,0.881792,0.4,0,0,DISABLED,0
19.6603,5.08945,2.17738,0.235778,0.0402491,0.755276,0.112543,0.0102243,-0.106541,-0.994256,0.879053,0.4,0,0,DISABLED,0
19.6803,5.09443,2.17768,0.196375,0.0503764,0.756184,0.119078,0.0203516,-0.109305,-0.9938,0.890443,0.4,0,0,DISABLED,0
19.7003,5.09955,2.17659,0.16106,0.0606819,0.756876,0.128657,0.0306571,-0.114792,-0.992916,0.905086,0.4,0,0,DISABLED,0
19.7203,5.10528,2.1745,0.12415,0.073533,0.757772,0.138477,0.0435082,-0.118604,-0.991988,0.92648,0.4,0,0,DISABLED,0
19.7403,5.11149,2.172,0.0939307,0.0866329,0.758679,0.143583,0.0566081,-0.115715,-0.991668,0.957858,0.4,0,0,DISABLED,0
19.7603,5.11686,2.17034,0.0032917,0.0941679,0.759216,0.141524,0.0641431,-0.106872,-0.992202,0.988041,0.4,0,0,DISABLED,0
19.7803,5.12386,2.16873,-0.0858177,0.0977193,0.759442,0.132166,0.0676945,-0.090285,-0.993613,1.01892,0.4,0,0,DISABLED,0
19.8003,5.12971,2.16838,-0.0888134,0.0971321,0.758611,0.116914,0.0671072,-0.066467,-0.995529,1.04143,0.4,0,0,DISABLED,0
19.8203,5.1358,2.16775,-0.10953,0.0970064,0.755823,0.105518,0.0669815,-0.0429448,-0.99683,1.07188,0.4,0,0,DISABLED,0
19.8403,5.14297,2.1662,-0.0904668,0.0990916,0.751302,0.103428,0.0690668,-0.031014,-0.99713,1.10205,0.4,0,0,DISABLED,0
19.8603,5.15031,2.16454,-0.0665116,0.101054,0.746017,0.104475,0.0710294,-0.0278512,-0.997085,1.12198,0.4,0,0,DISABLED,0
19.8803,5.16035,2.16279,-0.0500333,0.101019,0.738234,0.104677,0.0709938,-0.0287757,-0.997062,1.13584,0.4,0,0,DISABLED,0
19.9003,5.17044,2.16165,-0.0312991,0.0979783,0.729992,0.101474,0.0679534,-0.0277812,-0.997302,1.1426,0.4,0,0,DISABLED,0
19.9203,5.18131,2.16066,0.0073176,0.0940895,0.722125,0.095525,0.0640646,-0.0178344,-0.997786,1.15015,0.4,0,0,DISABLED,0
19.9403,5.1908,2.15984,0.0779949,0.0925094,0.718501,0.0925543,0.0624846,-0.00158859,-0.998045,1.15345,0.4,0,0,DISABLED,0
19.9603,5.20062,2.15992,0.0849639,0.0893971,0.718753,0.089773,0.0593722,-0.00939519,-0.998192,1.1519,0.4,0,0,DISABLED,0
19.9803,5.20811,2.16064,0.0330203,0.0872536,0.721327,0.0895866,0.0572287,-0.021768,-0.998124,1.15054,0.4,0,0,DISABLED,0
20.0003,5.21583,2.16157,0.00965339,0.0874706,0.725201,0.0926104,0.0574457,-0.0319135,-0.997838,1.15132,0.4,0,0,DISABLED,0
20.0203,5.2229,2.16246,0.00211436,0.0900715,0.728828,0.0968981,0.0600467,-0.037203,-0.997502,1.15215,0.4,0,0,DISABLED,0
20.0403,5.2291,2.16348,0.000458539,0.09282,0.731398,0.099887,0.0627951,-0.0383629,-0.997289,1.15289,0.4,0,0,DISABLED,0
20.0603,5.23435,2.16481,-0.00352055,0.093477,0.732652,0.100059,0.0634522,-0.0371416,-0.997293,1.15285,0.4,0,0,DISABLED,0
20.0803,5.23873,2.16643,-0.00830027,0.091801,0.732775,0.0977812,0.0617762,-0.0351329,-0.997472,1.15057,0.4,0,0,DISABLED,0
20.1003,5.24238,2.16818,-0.0110283,0.0886629,0.732178,0.0937685,0.0586381,-0.0320013,-0.997766,1.14844,0.4,0,0,DISABLED,0
20.1203,5.24531,2.17014,-0.0116069,0.0845702,0.731419,0.0884873,0.0545453,-0.0275385,-0.998131,1.14582,0.4,0,0,DISABLED,0
20.1403,5.24838,2.17204,-0.0144933,0.0806074,0.731268,0.0848839,0.0505826,-0.028134,-0.998324,1.14623,0.4,0,0,DISABLED,0
20.1603,5.25078,2.17393,-0.0113103,0.0795358,0.731708,0.0853907,0.049511,-0.0326146,-0.998241,1.14585,0.4,0,0,DISABLED,0
20.1803,5.25237,2.17582,-0.00119546,0.0818175,0.732343,0.0885244,0.0517927,-0.0353296,-0.998033,1.14542,0.4,0,0,DISABLED,0
20.2003,5.25348,2.17767,0.00567332,0.0862778,0.733113,0.0934023,0.0562529,-0.0372822,-0.99772,1.14558,0.4,0,0,DISABLED,0
20.2203,5.25436,2.17952,0.0128796,0.091176,0.733955,0.0985415,0.0611512,-0.0388516,-0.997372,1.14669,0.4,0,0,DISABLED,0
20.2403,5.25506,2.18127,0.0214681,0.0947414,0.73473,0.102187,0.0647166,-0.0397337,-0.997112,1.14937,0.4,0,0,DISABLED,0
20.2603,5.25586,2.1834,0.0254296,0.0981867,0.73567,0.105685,0.0681619,-0.040511,-0.996851,1.1549,0.4,0,0,DISABLED,0
20.2803,5.25657,2.1854,0.0248807,0.101494,0.736642,0.109057,0.0714689,-0.0412876,-0.996588,1.16501,0.4,0,0,DISABLED,0
20.3003,5.25708,2.18694,0.0295939,0.104675,0.737835,0.11279,0.0746501,-0.043359,-0.996267,1.1739,0.4,0,0,DISABLED,0
20.3203,5.25763,2.18854,0.0402899,0.109023,0.739833,0.11805,0.0789982,-0.0465773,-0.995786,1.18576,0.4,0,0,DISABLED,0
20.3403,5.25823,2.19018,0.0525313,0.114197,0.742724,0.124217,0.0841722,-0.0501165,-0.99519,1.19803,0.4,0,0,DISABLED,0
20.3603,5.25885,2.19191,0.0650243,0.120475,0.746496,0.130738,0.0904497,-0.051927,-0.994546,1.21029,0.4,0,0,DISABLED,0
20.3803,5.25911,2.19359,0.0637136,0.129017,0.750234,0.136421,0.0989923,-0.0452994,-0.994057,1.22525,0.4,0,0,DISABLED,0
20.4003,5.25896,2.19502,0.0501034,0.140022,0.752551,0.142861,0.109998,-0.0286932,-0.993518,1.24531,0.4,0,0,DISABLED,0
20.4203,5.25867,2.1965,0.0447352,0.150437,0.752242,0.150795,0.120412,-0.00590508,-0.992706,1.26905,0.4,0,0,DISABLED,0
20.4403,5.25847,2.19838,0.0193238,0.157307,0.748945,0.158596,0.127282,0.0155028,-0.991745,1.29148,0.4,0,0,DISABLED,0
20.4603,5.25893,2.20019,-0.0213345,0.161172,0.744442,0.163599,0.131147,0.0239907,-0.991073,1.31348,0.4,0,0,DISABLED,0
20.4803,5.25937,2.20192,-0.0463385,0.161863,0.739277,0.165254,0.131838,0.0295259,-0.990831,1.3355,0.4,0,0,DISABLED,0
20.5003,5.25996,2.20348,-0.06141,0.159624,0.734415,0.163621,0.129599,0.0324222,-0.991036,1.35266,0.4,0,0,DISABLED,0
20.5203,5.26072,2.20547,-0.0626626,0.154976,0.729979,0.160472,0.124951,0.0385147,-0.991415,1.36863,0.4,0,0,DISABLED,0
20.5403,5.26191,2.20745,-0.0428243,0.148943,0.728012,0.153485,0.118918,0.034067,-0.992319,1.37536,0.4,0,0,DISABLED,0
20.5603,5.26249,2.20981,-0.0311839,0.141923,0.726891,0.145414,0.111898,0.0288042,-0.993302,1.37296,0.4,0,0,DISABLED,0
20.5803,5.26292,2.21249,-0.0238602,0.13647,0.726766,0.13992,0.106445,0.0281932,-0.993919,1.36939,0.4,0,0,DISABLED,0
20.6003,5.26364,2.2154,-0.0168051,0.132286,0.72746,0.135678,0.102261,0.0275856,-0.994375,1.36408,0.4,0,0,DISABLED,0
20.6203,5.26484,2.21851,-0.00474319,0.129591,0.728831,0.132796,0.099566,0.0264964,-0.994678,1.35644,0.4,0,0,DISABLED,0
20.6403,5.26687,2.22215,0.00193045,0.128227,0.730964,0.13113,0.0982023,0.0249391,-0.994854,1.34561,0.4,0,0,DISABLED,0
20.6603,5.2691,2.22524,0.00534478,0.128289,0.733135,0.130968,0.0982645,0.0238225,-0.994875,1.33633,0.4,0,0,DISABLED,0
20.6803,5.27207,2.22868,0.00591061,0.130127,0.735833,0.132508,0.100102,0.0223729,-0.994726,1.32307,0.4,0,0,DISABLED,0
20.7003,5.27556,2.23203,0.00878736,0.134046,0.738655,0.13624,0.104021,0.0215385,-0.994342,1.30804,0.4,0,0,DISABLED,0
20.7203,5.27934,2.235,0.0198118,0.141,0.741245,0.143779,0.110975,0.0251839,-0.993504,1.29486,0.4,0,0,DISABLED,0
20.7403,5.28364,2.23776,0.0283136,0.150051,0.743784,0.154157,0.120026,0.0322553,-0.992247,1.27906,0.4,0,0,DISABLED,0
20.7603,5.28832,2.24044,0.0109794,0.157471,0.746022,0.164004,0.127446,0.0426993,-0.990926,1.26781,0.4,0,0,DISABLED,0
20.7803,5.29336,2.24223,-0.0334957,0.168488,0.747342,0.175959,0.138463,0.047222,-0.989241,1.25599,0.4,0,0,DISABLED,0
20.8003,5.29865,2.24279,-0.0258621,0.182837,0.746133,0.185218,0.152812,0.0237484,-0.98797,1.23327,0.4,0,0,DISABLED,0
20.8203,5.30318,2.24397,0.0519469,0.192425,0.742315,0.193163,0.1624,0.000416167,-0.986725,1.20525,0.4,0,0,DISABLED,0
20.8403,5.30659,2.24654,0.104079,0.194265,0.739251,0.195028,0.16424,-0.00372662,-0.986413,1.18022,0.4,0,0,DISABLED,0
20.8603,5.31004,2.24943,0.0808294,0.190614,0.737009,0.191518,0.160589,-0.0103129,-0.986967,1.15405,0.4,0,0,DISABLED,0
20.8803,5.3128,2.25253,0.0783795,0.185224,0.735178,0.186344,0.155199,-0.0149473,-0.98777,1.13138,0.4,0,0,DISABLED,0
20.9003,5.31473,2.25605,0.0679935,0.179588,0.733939,0.180911,0.149563,-0.017996,-0.988588,1.11313,0.4,0,0,DISABLED,0
20.9203,5.31582,2.26,0.062733,0.174531,0.733237,0.176006,0.144506,-0.0198643,-0.989304,1.1013,0.4,0,0,DISABLED,0
20.9403,5.31611,2.26474,0.066093,0.169362,0.732724,0.170842,0.139337,-0.0201383,-0.99004,1.09351,0.4,0,0,DISABLED,0
20.9603,5.31526,2.26917,0.020219,0.169491,0.73184,0.170533,0.139466,-0.0155912,-0.990104,1.0988,0.4,0,0,DISABLED,0
20.9803,5.31385,2.27329,0.0161719,0.178493,0.731289,0.179725,0.148468,-0.0170821,-0.98877,1.11509,0.4,0,0,DISABLED,0
21.0003,5.31246,2.2774,0.0514225,0.186505,0.731089,0.18838,0.15648,-0.0228703,-0.987416,1.13376,0.4,0,0,DISABLED,0
21.0203,5.31094,2.28227,0.0542478,0.191468,0.730677,0.194469,0.161443,-0.0310674,-0.986393,1.15427,0.4,0,0,DISABLED,0
21.0403,5.30926,2.28735,0.0327898,0.195203,0.729974,0.19953,0.165178,-0.0387683,-0.985501,1.18072,0.4,0,0,DISABLED,0
21.0603,5.30746,2.29231,0.0180592,0.200101,0.729301,0.205863,0.170076,-0.0459039,-0.984361,1.20762,0.4,0,0,DISABLED,0
21.0803,5.3057,2.29715,0.00442378,0.20696,0.728896,0.21422,0.176935,-0.052653,-0.982813,1.23627,0.4,0,0,DISABLED,0
21.1003,5.3041,2.30189,-0.0212831,0.216531,0.728985,0.224812,0.186506,-0.057229,-0.980786,1.26776,0.4,0,0,DISABLED,0
21.1203,5.30273,2.30655,-0.0814203,0.229588,0.72975,0.238087,0.199563,-0.0586375,-0.978129,1.30321,0.4,0,0,DISABLED,0
21.1403,5.30206,2.31119,-0.165054,0.245888,0.731186,0.254777,0.215863,-0.0605857,-0.974542,1.34782,0.4,0,0,DISABLED,0
21.1603,5.30223,2.31632,-0.206247,0.263699,0.733298,0.274039,0.233674,-0.0666024,-0.970031,1.4018,0.4,0,0,DISABLED,0
21.1803,5.30325,2.32275,-0.214116,0.27852,0.736231,0.291156,0.248495,-0.0754961,-0.965687,1.45761,0.4,0,0,DISABLED,0
21.2003,5.30567,2.33189,-0.237728,0.292996,0.739611,0.309921,0.262972,-0.0906093,-0.960539,1.53921,0.4,0,0,DISABLED,0
21.2203,5.30705,2.34154,-0.173394,0.29521,0.741483,0.31003,0.265185,-0.0833959,-0.960584,1.59783,0.4,0,0,DISABLED,0
21.2403,5.30678,2.35582,-0.146794,0.282778,0.74274,0.291901,0.252753,-0.0607075,-0.965624,1.66269,0.4,0,0,DISABLED,0
21.2603,5.30578,2.37088,-0.0901114,0.264018,0.743384,0.269781,0.233993,-0.0444604,-0.971221,1.7129,0.4,0,0,DISABLED,0
21.2803,5.30458,2.38859,-0.0190932,0.244732,0.744279,0.247863,0.214707,-0.0278472,-0.976281,1.76299,0.4,0,0,DISABLED,0
21.3003,5.30339,2.40816,0.0441594,0.232107,0.744747,0.233747,0.202082,-0.0119296,-0.979296,1.79755,0.4,0,0,DISABLED,0
21.3203,5.3033,2.42356,0.0667027,0.231083,0.743411,0.23273,0.201058,0.00929227,-0.979535,1.80363,0.4,0,0,DISABLED,0
21.3403,5.3053,2.44138,0.11193,0.242304,0.736598,0.244693,0.212279,0.0173221,-0.977056,1.77727,0.4,0,0,DISABLED,0
21.3603,5.30598,2.45611,0.053405,0.25795,0.724969,0.263568,0.227925,0.0409539,-0.972817,1.72742,0.4,0,0,DISABLED,0
21.3803,5.30498,2.46801,-0.0432304,0.281752,0.706183,0.299556,0.251727,0.0899516,-0.963609,1.65352,0.4,0,0,DISABLED,0
21.4003,5.30688,2.47648,-0.063139,0.316164,0.682627,0.350652,0.286139,0.136656,-0.948393,1.58721,0.4,0,0,DISABLED,0
21.4203,5.31434,2.48391,-0.0767003,0.359944,0.645569,0.410162,0.329919,0.174887,-0.927668,1.54065,0.4,0,0,DISABLED,0
21.4403,5.31578,2.48592,-0.08777,0.414785,0.614884,0.508763,0.38476,0.25971,-0.885726,1.46845,0.4,0,0,DISABLED,0
21.4603,5.30095,2.48523,-0.454301,0.502577,0.593801,0.687816,0.472553,0.394999,-0.787826,1.35227,0.4,0,0,DISABLED,0
21.4803,5.28485,2.48578,-0.544143,0.574683,0.585597,0.769971,0.544658,0.403379,-0.735277,1.32619,0.4,0,0,DISABLED,0
21.5003,5.26462,2.49145,-0.309512,0.625962,0.581138,0.819153,0.595937,0.390499,-0.70169,1.2915,0.4,0,0,DISABLED,0
21.5203,5.23949,2.50626,-0.0951159,0.648449,0.575817,0.886004,0.618424,0.43855,-0.652094,1.19388,0.4,0,0,DISABLED,0
21.5403,5.22061,2.52503,0.0368201,0.653877,0.568833,0.902594,0.623853,0.449513,-0.639332,1.13653,0.4,0,0,DISABLED,0
21.5603,5.22443,2.53845,0.073593,0.660044,0.56159,0.840427,0.630019,0.362154,-0.686965,1.16744,0.4,0,0,DISABLED,0
21.5803,5.24692,2.54885,0.127107,0.639403,0.556699,0.766197,0.609378,0.28561,-0.739652,1.11112,0.4,0,0,DISABLED,0
21.6003,5.26455,2.55804,0.117978,0.538427,0.555938,0.690729,0.508402,0.349567,-0.786975,0.909405,0.4,0,0,DISABLED,0
21.6203,5.26104,2.55759,-0.438819,0.526852,0.564838,0.757319,0.496828,0.449005,-0.742669,0.789217,0.4,0,0,DISABLED,0
21.6404,5.25102,2.55771,-1.04158,0.55365,0.576273,0.912209,0.523625,0.574667,-0.628948,0.680186,0.4,0,0,DISABLED,0
21.6604,5.24198,2.55958,-1.22536,0.561709,0.591477,1.08132,0.531684,0.692582,-0.487486,0.552299,0.4,0,0,DISABLED,0
21.6804,5.24198,2.55958,-1.22536,0.561709,0.591477,1.08132,0.531684,0.692582,-0.487486,0.552299,0.4,0,0,DISABLED,0
