# flat_plus_gait_fsm_v1 cross-runtime golden trace
# generated by scripts/make_gait_golden_trace.py -- do not hand edit
fsm_contract flat_plus_gait_fsm_v1
stability_predicate filtered_imu_ang_vel_norm_and_joint_vel_rms_v2
modes STAND,WALK,W2S
dt 0.02
filter_tau 0.2
filter_alpha 0.1
stability_ang_vel_max 0.25
stability_joint_vel_rms_max 0.6
t_settle 1.5
w2s_timeout 5
stop_request_lin 0.1
stop_request_ang 0.1
move_request_lin 0.15
move_request_ang 0.15
num_joints 24
steps 640
STEP 0 RESET 1
CMD 0.5 0 0
W 0.55 0.857441295 0.932789228
DQ 0.8 1.00272694 1.18342956 1.32306441 1.40814638 1.43257384 1.39845446 1.31581995 1.20126832 1.0757174 0.961573737 0.879699948 0.846591081 0.872142078 0.958308544 1.09884206 1.2801359 1.48306659 1.68558223 1.86568709 2.00441864 2.08841403 2.11171868 2.07659223
FILT_W 0.55 0.857441295 0.932789228
FILT_DQ 0.8 1.00272694 1.18342956 1.32306441 1.40814638 1.43257384 1.39845446 1.31581995 1.20126832 1.0757174 0.961573737 0.879699948 0.846591081 0.872142078 0.958308544 1.09884206 1.2801359 1.48306659 1.68558223 1.86568709 2.00441864 2.08841403 2.11171868 2.07659223
FLAGS 0 0 0 0
STATE 1 0 0 0
GAIT 0 1 0
STEP 1 RESET 0
CMD 0.5 0 0
W -0.539801965 -0.34719458 -0.391612309
DQ -0.779307299 -0.65815282 -0.561610503 -0.508160711 -0.510451434 -0.573586448 -0.694434535 -0.862053286 -1.0591701 -1.26451996 -1.45572353 -1.61231612 -1.71851747 -1.76536754 -1.7519392 -1.68546373 -1.58035208 -1.45624444 -1.335352 -1.2394508 -1.18693443 -1.19032455 -1.25457613 -1.37640684
FILT_W 0.441019803 0.736977708 0.800349074
FILT_DQ 0.64206927 0.836638968 1.00892555 1.1399419 1.2162866 1.23195781 1.18916556 1.09803263 0.975224478 0.841693665 0.71984401 0.630498341 0.590080226 0.608391116 0.68728377 0.820411485 0.9940871 1.18913549 1.38348881 1.5551733 1.68528334 1.76054017 1.77508919 1.73129232
FLAGS 0 0 0 0
STATE 1 0 0 0
GAIT 0 1 0
STEP 2 RESET 0
CMD 0.5 0 0
W 0.570384282 0.867871551 0.923675928
DQ 0.841341623 1.0405827 1.21267584 1.33974287 1.40999967 1.41935113 1.37194538 1.27961238 1.16026278 1.0354638 0.927520213 0.856455486 0.837301709 0.87806507 0.978642249 1.13083441 1.31945687 1.52439428 1.72332313 1.89473315 2.02083861 2.08998553 2.09822903 2.04986719
FILT_W 0.453956251 0.750067092 0.81268176
FILT_DQ 0.661996505 0.857033341 1.02930058 1.15992199 1.23565791 1.25069714 1.20744354 1.1161906 0.993728308 0.861070679 0.74061163 0.653094055 0.614802374 0.635358512 0.716419618 0.851453778 1.02662408 1.22266137 1.41747224 1.58912929 1.71883886 1.79348471 1.80740318 1.76314981
FLAGS 0 0 0 0
STATE 1 0 0 0
GAIT 0 1 0
STEP 3 RESET 0
CMD 0.5 0 0
W -0.519453033 -0.337366169 -0.401340615
DQ -0.738096918 -0.621106148 -0.533741634 -0.493241565 -0.510501249 -0.58859848 -0.722376976 -0.899144259 -1.10038952 -1.30428896 -1.48865958 -1.63396147 -1.72594252 -1.75756735 -1.72996949 -1.65229799 -1.54047915 -1.41506092 -1.29843189 -1.21179107 -1.17227869 -1.19065639 -1.26985063 -1.40455667
FILT_W 0.356615323 0.641323766 0.691279522
FILT_DQ 0.521987163 0.709219392 0.872996361 0.994605638 1.06104199 1.06676758 1.01446149 0.914657118 0.784316526 0.644534714 0.517684509 0.424388503 0.380727884 0.396065926 0.471780707 0.601078601 0.769913755 0.958889137 1.14588183 1.30903725 1.42972711 1.4950706 1.4996778 1.44637916
FLAGS 0 0 0 0
STATE 1 0 0 0
GAIT 0 1 0
STEP 4 RESET 0
CMD 0.5 0 0
W 0.590674343 0.877086756 0.91334386
DQ 0.882333577 1.07674191 1.23910834 1.35287114 1.40804686 1.40258154 1.34262869 1.24171648 1.1189167 0.996263532 0.895771332 0.836455055 0.831756694 0.88772596 1.00220149 1.16510337 1.35979741 1.56534649 1.75934432 1.92094803 2.03369911 2.08775105 2.08120199 2.02035212
FILT_W 0.380021225 0.664900065 0.713485956
FILT_DQ 0.558021804 0.745971644 0.909607559 1.03043219 1.09574248 1.10034898 1.04727821 0.947363054 0.817776543 0.679707596 0.555493192 0.465595158 0.425830765 0.445231929 0.524822785 0.657481078 0.82890212 1.01953487 1.20722808 1.37022833 1.49012431 1.55433864 1.55783022 1.50377645
FLAGS 0 0 0 0
STATE 1 0 0 0
GAIT 0 1 0
STEP 5 RESET 0
CMD 0.5 0 0
W -0.499245295 -0.328774821 -0.412264502
DQ -0.697410114 -0.585910887 -0.508801429 -0.481931956 -0.514352938 -0.607090159 -0.753005884 -0.937764916 -1.1417748 -1.34283757 -1.51915413 -1.65227467 -1.72959577 -1.7460662 -1.70487056 -1.61699831 -1.49975636 -1.37442666 -1.26338582 -1.18707651 -1.16124064 -1.19478879 -1.28859419 -1.43537453
FILT_W 0.292094573 0.565532576 0.60091091
FILT_DQ 0.432478613 0.612783391 0.76776666 0.879195774 0.934732936 0.929605064 0.867249803 0.758850257 0.621821408 0.47745308 0.34802846 0.253808175 0.210288111 0.226102116 0.301853451 0.430033139 0.596036272 0.780138718 0.960166686 1.11449785 1.22498781 1.2794259 1.27318778 1.20986136
FLAGS 0 0 0 0
STATE 1 0 0 0
GAIT 0 1 0
STEP 6 RESET 0
CMD 0.5 0 0
W 0.610776399 0.885044317 0.901840781
DQ 0.922629152 1.11089876 1.26250349 1.36233816 1.40230444 1.38240689 1.31075237 1.20245277 1.07757977 0.958448152 0.866595627 0.819867821 0.830002934 0.901043039 1.028787 1.20135909 1.4008163 1.60557683 1.79334113 1.94410999 2.04289137 2.08172947 2.06078157 1.98829666
FILT_W 0.323962756 0.597483751 0.631003897
FILT_DQ 0.481493667 0.662594927 0.817240343 0.927510012 0.981490087 0.974885247 0.911600059 0.803210509 0.667397245 0.525552587 0.399885177 0.31041414 0.272259594 0.293596208 0.374546806 0.507165734 0.676514275 0.86268253 1.04348413 1.19745906 1.30677817 1.35965626 1.35194715 1.28770489
FLAGS 0 0 0 0
STATE 1 0 0 0
GAIT 0 1 0
STEP 7 RESET 0
CMD 0.5 0 0
W -0.479272157 -0.321460245 -0.424333476
DQ -0.65759102 -0.55286472 -0.487000833 -0.474327541 -0.521973924 -0.628905083 -0.786062197 -0.977588602 -1.18297591 -1.37983972 -1.54694926 -1.66710084 -1.72944633 -1.73096137 -1.67685471 -1.57986325 -1.45852815 -1.33468535 -1.2305102 -1.16551614 -1.15391362 -1.2026868 -1.31064827 -1.46859976
FILT_W 0.243639264 0.505589351 0.52547016
FILT_DQ 0.367585198 0.541048963 0.686816225 0.787326257 0.831143685 0.814506214 0.741833834 0.625130598 0.48235993 0.335013356 0.205201733 0.112662642 0.072089001 0.0911404509 0.169406654 0.298462835 0.463010032 0.642945742 0.816084698 0.961161541 1.06070899 1.10342195 1.08568761 1.01207442
FLAGS 0 0 0 0
STATE 1 0 0 0
GAIT 0 1 0
STEP 8 RESET 0
CMD 0.5 0 0
W 0.630597533 0.891707452 0.889219862
DQ 0.961887525 1.14276433 1.28266341 1.36806388 1.39282101 1.35899784 1.276586 1.16215336 1.03660164 0.922337503 0.840239867 0.806834078 0.832055264 0.917903668 1.05817393 1.23929493 1.4421666 1.64474504 1.82502601 1.96402314 2.04833764 2.07197173 2.03714048 1.95397194
FILT_W 0.282335091 0.544201161 0.56184513
FILT_DQ 0.427015431 0.6012205 0.746400943 0.845400019 0.887311418 0.868955377 0.795309051 0.678832874 0.537784101 0.393745771 0.268705546 0.182079785 0.148085627 0.173816773 0.258283381 0.392546044 0.560925689 0.743125672 0.916978829 1.0614477 1.15947185 1.20027693 1.1808329 1.10626417
FLAGS 0 0 0 0
STATE 1 0 0 0
GAIT 0 1 0
STEP 9 RESET 0
CMD 0.5 0 0
W -0.459625938 -0.315456253 -0.437491753
DQ -0.618976424 -0.522247152 -0.468524237 -0.470492637 -0.533299749 -0.653858738 -0.821266324 -1.01827849 -1.22364437 -1.41498247 -1.57180989 -1.67831458 -1.72549546 -1.71238061 -1.64615889 -1.5412069 -1.41714323 -1.29617311 -1.2000831 -1.14729234 -1.15035962 -1.21428362 -1.33582634 -1.50395135
FILT_W 0.208138988 0.45823542 0.461911442
FILT_DQ 0.322416245 0.488873734 0.624908425 0.713810754 0.745250301 0.716673965 0.633651513 0.509121738 0.361641254 0.212872947 0.0846540031 -0.00395965172 -0.0392724811 -0.0148029656 0.0678391544 0.199170749 0.363118798 0.539195794 0.705272637 0.840573697 0.928488706 0.958820873 0.929166975 0.845242622
FLAGS 0 0 0 0
STATE 1 0 0 0
GAIT 0 1 0
STEP 10 RESET 0
CMD 0.5 0 0
W 0.650046128 0.897045363 0.875539438
DQ 0.999776648 1.17206912 1.29941759 1.36999986 1.37967676 1.33255238 1.24041859 1.12115909 0.996328898 0.888237011 0.81692697 0.797464066 0.837896324 0.938165242 1.0901137 1.27859001 1.48349858 1.68251983 1.85413097 1.98051905 2.04999185 2.05856036 2.01047869 1.91766828
FILT_W 0.252329702 0.502116414 0.503274241
FILT_DQ 0.390152285 0.557193273 0.692359341 0.779429664 0.808692947 0.778261806 0.694328221 0.570325473 0.425110019 0.280409354 0.1578813 0.07618272 0.0484443994 0.0804938551 0.170066609 0.307112675 0.475156776 0.653528198 0.82015847 0.954568233 1.04063902 1.06879482 1.03729815 0.952485188
FLAGS 0 0 0 0
STATE 1 0 0 0
GAIT 0 1 0
STEP 11 RESET 0
CMD 0.5 0 0
W -0.440397448 -0.310790594 -0.451678511
DQ -0.581892932 -0.494317148 -0.453527916 -0.47045968 -0.548234618 -0.681740068 -0.858320507 -1.05949041 -1.2634362 -1.44796856 -1.59352573 -1.68582104 -1.71777657 -1.69048109 -1.61304273 -1.50135622 -1.37595163 -1.25921568 -1.17236186 -1.13255922 -1.15060869 -1.22948117 -1.36391544 -1.54113028
FILT_W 0.183056987 0.420825713 0.407778966
FILT_DQ 0.292947764 0.452042231 0.577770616 0.65444073 0.67300019 0.632261619 0.539063348 0.407343884 0.256255397 0.107571562 -0.0172594036 -0.100017656 -0.128177697 -0.0966036391 -0.00824432458 0.126265785 0.290045936 0.46225381 0.620906437 0.745855487 0.821514249 0.838967223 0.797176788 0.703123642
FLAGS 0 0 0 0
STATE 1 0 0 0
GAIT 0 1 0
STEP 12 RESET 0
CMD 0.5 0 0
W 0.669032287 0.901033376 0.860862744
DQ 1.03597605 1.19856525 1.31262432 1.36812972 1.36298287 1.30329417 1.20255603 1.07981669 0.957102168 0.856435099 0.796854116 0.791837036 0.847476712 0.961656385 1.12433619 1.31891198 1.52446265 1.71858171 1.88040984 1.9934582 2.04784002 2.0416088 1.98102171 1.87969274
FILT_W 0.231654517 0.468846479 0.453087344
FILT_DQ 0.367250593 0.526694533 0.651255986 0.725809629 0.741998458 0.699364874 0.605412616 0.474591165 0.326340074 0.182457916 0.0641519483 -0.0108321871 -0.0306122564 0.00922236335 0.105013726 0.245530405 0.413487608 0.587886599 0.746856778 0.870615758 0.944146826 0.959231381 0.91556128 0.820780552
FLAGS 0 0 0 0
STATE 1 0 0 0
GAIT 0 1 0
STEP 13 RESET 0
CMD 0.5 0 0
W -0.421675565 -0.307484836 -0.466828177
DQ -0.546654197 -0.469310941 -0.44213871 -0.47422895 -0.566652211 -0.71231325 -0.896911341 -1.10087581 -1.30201484 -1.47851901 -1.61191313 -1.68955674 -1.70635495 -1.66544802 -1.57778632 -1.46064827 -1.33530175 -1.22412566 -1.14758095 -1.12144142 -1.15465873 -1.24815089 -1.394678 -1.57982209
FILT_W 0.166321509 0.391213348 0.361095792
FILT_DQ 0.275860114 0.427093985 0.541916517 0.605805771 0.611133391 0.558197061 0.45518022 0.317044468 0.163504583 0.0163602232 -0.103454559 -0.178704642 -0.198186526 -0.158244675 -0.0632662786 0.0749125372 0.238608671 0.406685374 0.557413005 0.671410041 0.734266271 0.738493153 0.684537352 0.580720287
FLAGS 0 0 0 0
STATE 1 0 0 0
GAIT 0 1 0
STEP 14 RESET 0
CMD 0.5 0 0
W 0.687468253 0.903653058 0.845257618
DQ 1.07017957 1.22202863 1.32217191 1.36246929 1.34288053 1.27147069 1.16331857 1.03847585 0.919253233 0.827200749 0.780191083 0.790000584 0.860715395 0.988178411 1.16055192 1.35991979 1.56471233 1.75262565 1.90364035 2.00273114 2.04190034 2.02126041 1.94901867 1.84036651
FILT_W 0.218436183 0.442457319 0.409511974
FILT_DQ 0.355292059 0.50658745 0.619942056 0.681472123 0.684308105 0.629524424 0.525994055 0.389187606 0.239079448 0.0974442758 -0.0150899951 -0.0818341195 -0.0922963337 -0.0436023666 0.0591155415 0.203413263 0.371219038 0.541279401 0.69203574 0.804542151 0.865029678 0.866769879 0.810985484 0.706684909
FLAGS 0 0 0 0
STATE 1 0 0 0
GAIT 0 1 0
STEP 15 RESET 0
CMD 0.5 0 0
W -0.403546826 -0.305554258 -0.482870725
DQ -0.513558268 -0.447440033 -0.434452948 -0.481768566 -0.588396753 -0.745319696 -0.936712424 -1.14208464 -1.33905399 -1.50637541 -1.62681655 -1.68949006 -1.69132721 -1.63749315 -1.54068788 -1.41942735 -1.29553742 -1.19119983 -1.12594998 -1.11403295 -1.16247548 -1.27013489 -1.42785381 -1.61969954
FILT_W 0.156237882 0.367656161 0.320273705
FILT_DQ 0.268407026 0.411184701 0.514502555 0.565148054 0.557037619 0.492040012 0.379723407 0.236060381 0.0812661041 -0.0629376931 -0.17626265 -0.242599714 -0.252199421 -0.202991445 -0.1008648 0.0411292018 0.204543392 0.368031478 0.510237168 0.61268464 0.662279163 0.653079402 0.587101554 0.474046465
FLAGS 0 0 0 0
STATE 1 0 0 0
GAIT 0 1 0
STEP 16 RESET 0
CMD 0.5 0 0
W 0.705268811 0.9048923 0.828796191
DQ 1.10209789 1.2422608 1.32797959 1.35306644 1.31953979 1.23735111 1.12303807 0.997486218 0.88310222 0.800781225 0.767078807 0.791970241 0.877500401 1.01750699 1.1984546 1.40126661 1.6039072 1.78436371 1.92362602 2.00825945 2.03222306 1.99768731 1.91474026 1.80002222
FILT_W 0.211140975 0.421379775 0.371125953
FILT_DQ 0.351776113 0.494292311 0.595850258 0.643939893 0.633287836 0.566571122 0.454054873 0.312202965 0.161449716 0.0234341988 -0.0819285046 -0.139142719 -0.139229439 -0.0809416008 0.0290671393 0.177142943 0.344479772 0.509664702 0.651576054 0.752242121 0.799273553 0.787540193 0.719865425 0.60664404
FLAGS 0 0 0 0
STATE 1 0 0 0
GAIT 0 1 0
STEP 17 RESET 0
CMD 0.5 0 0
W -0.386095025 -0.305007784 -0.499732003
DQ -0.482885073 -0.42888941 -0.430535637 -0.493014757 -0.613284327 -0.780480236 -0.977387116 -1.18276836 -1.37424038 -1.53130216 -1.63810994 -1.68562159 -1.67282045 -1.6068529 -1.50206116 -1.37804211 -1.25699496 -1.16071667 -1.10765189 -1.11039649 -1.17399282 -1.29524722 -1.46316229 -1.66042533
FILT_W 0.151417375 0.348741019 0.284040158
FILT_DQ 0.268309994 0.401974139 0.493211669 0.530244428 0.50863062 0.431865986 0.310910674 0.162705833 0.00788070602 -0.132039437 -0.237546648 -0.293790606 -0.29258854 -0.233532731 -0.124045691 0.0216244373 0.184332299 0.342626564 0.475653259 0.56597826 0.601946915 0.579261451 0.501562653 0.379937103
FLAGS 0 0 0 0
STATE 1 0 0 0
GAIT 0 1 0
STEP 18 RESET 0
CMD 0.5 0 0
W 0.722351683 0.904745375 0.811554551
DQ 1.13146107 1.25909063 1.32999824 1.3400007 1.29315804 1.201224 1.08205523 0.95719449 0.848954896 0.777399986 0.757628192 0.797729348 0.897689761 1.04939407 1.23772363 1.44260271 1.64171572 1.81352746 1.94019781 2.00999637 2.01889002 1.97108888 1.87847641 1.75900109
FILT_W 0.208510806 0.404341455 0.336791597
FILT_DQ 0.354625102 0.487685788 0.576890326 0.611220055 0.587083362 0.508801787 0.38802513 0.242154699 0.091988125 -0.0410954951 -0.138029164 -0.18463861 -0.17356071 -0.105240051 0.0121312407 0.163722265 0.330070642 0.489716653 0.622107714 0.71038007 0.743641226 0.718444194 0.639254029 0.517843502
FLAGS 0 0 0 0
STATE 1 0 0 0
GAIT 0 1 0
STEP 19 RESET 0
CMD 0.5 0 0
W -0.369400829 -0.305847939 -0.517334075
DQ -0.454894045 -0.413815973 -0.43041991 -0.507872403 -0.641104433 -0.817497481 -1.01859139 -1.22258285 -1.4072764 -1.55308843 -1.64569778 -1.67798403 -1.6509912 -1.57378645 -1.46223289 -1.33684259 -1.22000035 -1.13293403 -1.09284146 -1.1105628 -1.18911335 -1.32327548 -1.50030479 -1.701655
FILT_W 0.150719643 0.333322515 0.25137903
FILT_DQ 0.273673187 0.397535612 0.476159302 0.49931081 0.464264582 0.37617186 0.247363478 0.0956809434 -0.0579383271 -0.192294788 -0.288796026 -0.333973153 -0.321303759 -0.252094691 -0.135305173 0.0136657789 0.175063542 0.327451585 0.450612797 0.528285784 0.550365769 0.514272227 0.425298147 0.295893651
FLAGS 0 0 0 0
STATE 1 0 0 0
GAIT 0 1 0
STEP 20 RESET 0
CMD 0.5 0 0
W 0.738637907 0.903212961 0.793612393
DQ 1.15802073 1.27237578 1.3282108 1.32338258 1.26395843 1.16339493 1.04071669 0.917941455 0.81710008 0.757254789 0.751919172 0.807229193 0.921112713 1.08356994 1.27802687 1.48357848 1.67781813 1.83987022 1.95321555 2.0079272 2.002014 1.94169009 1.84053384 1.71765009
FILT_W 0.209511469 0.39031156 0.305602366
FILT_DQ 0.362107941 0.485019628 0.561364452 0.581717987 0.544233967 0.454894167 0.3266988 0.177906995 0.0295655136 -0.0973398306 -0.184724506 -0.219852918 -0.197062112 -0.118528227 0.00602803179 0.160657049 0.325339001 0.478693448 0.600873073 0.676249925 0.695530592 0.657014013 0.566821717 0.438069295
FLAGS 0 0 0 0
STATE 1 0 0 0
GAIT 0 1 0
STEP 21 RESET 0
CMD 0.5 0 0
W -0.353541401 -0.308070841 -0.53559558
DQ -0.429821935 -0.402347215 -0.434106746 -0.526215837 -0.671621767 -0.856058339 -1.05997674 -1.26119138 -1.43788262 -1.57154994 -1.6495159 -1.666642 -1.6260241 -1.53857346 -1.42153994 -1.29617727 -1.18486652 -1.10808689 -1.08164395 -1.11453045 -1.20770917 -1.3539826 -1.53896715 -1.74303984
FILT_W 0.153206182 0.32047332 0.221482572
FILT_DQ 0.282914953 0.396282944 0.461817332 0.470924605 0.422648394 0.323798917 0.188031246 0.0339971571 -0.1171793 -0.244760841 -0.331203646 -0.364531826 -0.339958311 -0.260532751 -0.136728765 0.0149736177 0.17431845 0.320015414 0.43262137 0.497171888 0.505206616 0.455914352 0.35624283 0.219958382
FLAGS 0 0 0 0
STATE 1 0 0 0
GAIT 0 1 0
STEP 22 RESET 0
CMD 0.5 0 0
W 0.754052206 0.900302141 0.77505265
DQ 1.18155224 1.28200388 1.32263237 1.30335264 1.23218793 1.12418386 0.999372092 0.880059117 0.787807202 0.740516024 0.750000034 0.820389429 0.947571146 1.11974555 1.31902345 1.52384734 1.71190907 1.86316918 1.96256915 2.00206945 1.98173773 1.9097396 1.80123347 1.67631897
FILT_W 0.213290784 0.378456202 0.276839579
FILT_DQ 0.372778682 0.484855038 0.547898836 0.554167408 0.503602348 0.403837412 0.269165331 0.118603353 -0.0266806495 -0.146233155 -0.223083278 -0.246039701 -0.211205365 -0.122504921 0.00884645677 0.16586099 0.328077512 0.474330791 0.585616148 0.647661644 0.652859727 0.601296876 0.500741894 0.365594441
FLAGS 0 0 0 0
STATE 1 0 0 0
GAIT 0 1 0
STEP 23 RESET 0
CMD 0.5 0 0
W -0.338590048 -0.311666213 -0.554432109
DQ -0.407880803 -0.394580137 -0.441564961 -0.54788991 -0.704578214 -0.895836659 -1.10119312 -1.29826739 -1.46580018 -1.58653054 -1.649532 -1.65169141 -1.59813031 -1.50151178 -1.38032647 -1.25639007 -1.1518906 -1.08638539 -1.07415407 -1.1222659 -1.22962299 -1.38710887 -1.57882238 -1.7842298
FILT_W 0.158102701 0.30944396 0.193712411
FILT_DQ 0.294712734 0.39691152 0.448952456 0.443961676 0.382784291 0.273870005 0.132129485 -0.0230837208 -0.170592603 -0.290262894 -0.36572815 -0.386604871 -0.34989786 -0.260405607 -0.130070836 0.0236358836 0.1800807 0.318259173 0.419639126 0.470668889 0.464611455 0.402456301 0.292785467 0.150612016
FLAGS 0 0 0 0
STATE 1 0 0 0
GAIT 0 1 0
STEP 24 RESET 0
CMD 0.5 0 0
W 0.768523331 0.896026371 0.755961108
DQ 1.20185657 1.2878935 1.31331014 1.28008029 1.19811526 1.08392245 0.958371123 0.843867885 0.76132402 0.727325268 0.75188701 0.837098743 0.976841272 1.15761491 1.36036661 1.56306869 1.74370019 1.88322729 1.96817947 1.99247266 1.95823271 1.87550764 1.76090771 1.63535731
FILT_W 0.219144764 0.368102201 0.24993728
FILT_DQ 0.385427118 0.486009718 0.535388225 0.527573538 0.464317388 0.354875249 0.214753649 0.0636114397 -0.0774009403 -0.188504078 -0.253966634 -0.26423451 -0.217223947 -0.118603555 0.0189729089 0.177579165 0.336442649 0.474755985 0.574493161 0.622849267 0.613973581 0.549761435 0.439597691 0.299086545
FLAGS 0 0 0 0
STATE 1 0 0 0
GAIT 0 1 0
STEP 25 RESET 0
CMD 0.5 0 0
W -0.324615878 -0.316617439 -0.573756596
DQ -0.389256227 -0.390580435 -0.452731473 -0.572711302 -0.739695027 -0.936495996 -1.14189193 -1.33349728 -1.49079295 -1.59790354 -1.64574594 -1.63325872 -1.56754577 -1.46291485 -1.33894108 -1.21781754 -1.12135153 -1.0680131 -1.07043517 -1.13370372 -1.25466948 -1.4223741 -1.61953337 -1.82487651
FILT_W 0.1647687 0.299630237 0.167567893
FILT_DQ 0.307958783 0.398350703 0.436576255 0.417545054 0.343916147 0.225738124 0.0790890906 -0.076099432 -0.218740142 -0.329444024 -0.393144565 -0.401136931 -0.352256129 -0.253034685 -0.11681849 0.0380394945 0.190663231 0.320479076 0.410000328 0.447193968 0.427109275 0.352547881 0.233684585 0.0866902394
FLAGS 0 0 0 0
STATE 1 0 0 0
GAIT 0 1 0
STEP 26 RESET 0
CMD 0.5 0 0
W 0.781984393 0.890405413 0.736426012
DQ 1.21876199 1.28999482 1.30032297 1.25376237 1.1620286 1.04295121 0.918060573 0.809673865 0.737874532 0.717794088 0.75756414 0.85721581 1.00867552 1.19685773 1.40170667 1.60091081 1.77292261 1.89987489 1.96999908 1.97921801 1.93169774 1.83928374 1.71989763 1.59511155
FILT_W 0.226490269 0.358707755 0.224453705
FILT_DQ 0.399039104 0.487515115 0.522950926 0.501166786 0.425727392 0.307459433 0.162986239 0.0124778977 -0.123078674 -0.224720213 -0.278073694 -0.275301657 -0.216162964 -0.108045443 0.0350340258 0.194326626 0.348889169 0.478418658 0.566000204 0.600396372 0.577568122 0.501221467 0.382305889 0.23753237
FLAGS 0 0 0 0
STATE 1 0 0 0
GAIT 0 1 0
STEP 27 RESET 0
CMD 0.5 0 0
W -0.311683483 -0.322901632 -0.593479719
DQ -0.374105735 -0.390381938 -0.467511837 -0.600470073 -0.776675186 -0.977692452 -1.18172894 -1.36658308 -1.51264955 -1.60557274 -1.63818975 -1.61149983 -1.53452916 -1.42310916 -1.29773381 -1.1807859 -1.0935076 -1.05312541 -1.0705187 -1.14874717 -1.28263678 -1.45948002 -1.66075579 -1.86463617
FILT_W 0.172672894 0.290546816 0.142660362
FILT_DQ 0.32172462 0.39972541 0.42390465 0.3910031 0.305487135 0.178944244 0.0285147208 -0.1254282 -0.262035762 -0.362805465 -0.4140853 -0.408921474 -0.347999583 -0.239551814 -0.0982427579 0.0568153726 0.204649492 0.325264251 0.402348313 0.425482018 0.391547631 0.305151319 0.177999721 0.0273155163
FLAGS 0 0 0 0
STATE 1 0 0 0
GAIT 0 1 0
STEP 28 RESET 0
CMD 0.5 0 0
W 0.794373173 0.883465249 0.716537659
DQ 1.23212551 1.28829008 1.28378069 1.22462148 1.12423318 1.00161669 0.878781391 0.777766273 0.717657073 0.7120031 0.766983406 0.880570477 1.04280465 1.2371421 1.44269397 1.63705361 1.79932915 1.91297118 1.96801259 1.96241759 1.90235727 1.8013743 1.67855008 1.5559221
FILT_W 0.234842922 0.349838659 0.200048092
FILT_DQ 0.412764709 0.488581876 0.509892254 0.474364938 0.387361739 0.261211489 0.113541388 -0.0351087529 -0.164066478 -0.255324609 -0.295978429 -0.279972279 -0.20891916 -0.0918824232 0.0558509152 0.214839196 0.364117458 0.484034944 0.558914741 0.579175575 0.542628595 0.454773617 0.328054758 0.180176175
FLAGS 0 0 0 0
STATE 1 0 0 0
GAIT 0 1 0
STEP 29 RESET 0
CMD 0.5 0 0
W -0.299852639 -0.330489745 -0.613510314
DQ -0.36255747 -0.393986325 -0.485781038 -0.630931438 -0.815205912 -1.01907759 -1.2203672 -1.39724496 -1.5311851 -1.60947327 -1.62692734 -1.58659879 -1.49935973 -1.38243136 -1.25705319 -1.14560839 -1.06859431 -1.04184824 -1.07440396 -1.16726901 -1.31328836 -1.49811278 -1.70214097 -1.90317249
FILT_W 0.181373366 0.281805819 0.118692251
FILT_DQ 0.335232491 0.400325056 0.410324925 0.3638353 0.267104974 0.133182581 -0.0198494709 -0.171322373 -0.30077834 -0.390739475 -0.42907332 -0.410634931 -0.337963217 -0.220937316 -0.0754394954 0.0787944373 0.220846282 0.331446626 0.395582871 0.404531117 0.3570369 0.259484977 0.125035184 -0.0281586916
FLAGS 0 0 0 0
STATE 1 0 0 0
GAIT 0 1 0
STEP 30 RESET 0
CMD 0.5 0 0
W 0.805632407 0.875237957 0.696387977
DQ 1.24183409 1.28279368 1.26382322 1.19290409 1.08504867 0.960268497 0.840865801 0.748414983 0.700842643 0.710001284 0.780065141 0.90696521 1.07893998 1.27812727 1.48298185 1.67119141 1.82269648 1.92240538 1.96223679 1.94221352 1.87045945 1.76209996 1.63721481 1.51812044
FILT_W 0.24379927 0.341149033 0.176461824
FILT_DQ 0.425892651 0.488571918 0.495674754 0.446742179 0.348899343 0.215891173 0.0662220562 -0.0793486377 -0.200616242 -0.280665399 -0.308159474 -0.278874917 -0.196272898 -0.0710308574 0.0804026389 0.238034134 0.381031301 0.490542501 0.552248263 0.558299358 0.508379154 0.409746475 0.276253147 0.126469221
FLAGS 0 0 0 0
STATE 1 0 0 0
GAIT 0 1 0
STEP 31 RESET 0
CMD 0.5 0 0
W -0.28917803 -0.339346705 -0.633755794
DQ -0.354709108 -0.401363109 -0.507384556 -0.663837754 -0.854961311 -1.06030136 -1.25747991 -1.42522357 -1.54624283 -1.60957214 -1.61205396 -1.55876621 -1.46233495 -1.34122551 -1.2172433 -1.11258253 -1.04682238 -1.03427697 -1.08205808 -1.18911257 -1.34636494 -1.53794563 -1.74333889 -1.94015953
FILT_W 0.19050154 0.273099459 0.0954400621
FILT_DQ 0.347832475 0.399578415 0.395368823 0.335684185 0.228513278 0.0882719195 -0.06614814 -0.21393613 -0.335178901 -0.413556072 -0.438548922 -0.406864046 -0.322879103 -0.198050323 -0.0493619547 0.102972467 0.238245933 0.338060554 0.388817629 0.383558164 0.322904745 0.214977265 0.0742939428 -0.0801936544
FLAGS 0 0 0 0
STATE 1 0 0 0
GAIT 0 1 0
STEP 32 RESET 0
CMD 0.5 0 0
W 0.815710051 0.865761567 0.676070101
DQ 1.24780563 1.27355211 1.24061936 1.15887846 1.04480649 0.919256354 0.804634494 0.72186825 0.687573459 0.711805572 0.796698697 0.936176763 1.11677588 1.31946661 1.52222954 1.70303546 1.84282695 1.9280977 1.95272053 1.91877667 1.83627407 1.72179288 1.59624141 1.48202627
FILT_W 0.253022391 0.33236567 0.153503066
FILT_DQ 0.43782979 0.486975785 0.479893876 0.418003613 0.310142599 0.171370363 0.0209301234 -0.120355692 -0.232903665 -0.301019908 -0.31502416 -0.272559965 -0.178913605 -0.0462986292 0.107797195 0.262978766 0.398704035 0.497064269 0.545207919 0.537080015 0.474241677 0.365658827 0.22648869 0.0760283381
FLAGS 0 0 0 0
STATE 1 0 0 0
GAIT 0 1 0
STEP 33 RESET 0
CMD 0.5 0 0
W -0.279708998 -0.349431572 -0.65412258
DQ -0.350627031 -0.412449899 -0.532139667 -0.698910699 -0.895605131 -1.10101511 -1.29275316 -1.45028226 -1.55769539 -1.60586851 -1.59369541 -1.52823749 -1.42376797 -1.29984014 -1.17864084 -1.08198766 -1.02837596 -1.03047564 -1.09341633 -1.21409312 -1.38158678 -1.57864165 -1.78400109 -1.97528446
FILT_W 0.199749252 0.264185946 0.0727405013
FILT_DQ 0.358984108 0.397033217 0.378690522 0.306312182 0.189567826 0.0441318161 -0.110438205 -0.253348349 -0.365382838 -0.431504768 -0.442891285 -0.398127717 -0.303399042 -0.17165278 -0.0208466094 0.128482123 0.255996036 0.344310279 0.381345494 0.361962702 0.288658831 0.171228779 0.0254397119 -0.129102942
FLAGS 0 0 0 0
STATE 1 0 0 0
GAIT 0 1 0
STEP 34 RESET 0
CMD 0.5 0 0
W 0.824559526 0.85507988 0.655677946
DQ 1.24998961 1.26064355 1.21436537 1.1228324 1.00384701 0.878927144 0.770393916 0.698350607 0.677961753 0.717400702 0.816743389 0.967958061 1.15599233 1.36081046 1.56010509 1.73231642 1.85955029 1.93 1.93954432 1.89230528 1.80009028 1.680794 1.55597644 1.44794489
FILT_W 0.262230279 0.323275339 0.131034246
FILT_DQ 0.448084658 0.483394251 0.462258007 0.387964203 0.270995745 0.127611349 -0.0223549929 -0.158178454 -0.261048379 -0.316614221 -0.316927818 -0.261519139 -0.157459904 -0.0184064559 0.13724856 0.288865553 0.416351462 0.502879251 0.537165377 0.514996959 0.439801976 0.322185301 0.178493385 0.0286018418
FLAGS 0 0 0 0
STATE 1 0 0 0
GAIT 0 1 0
STEP 35 RESET 0
CMD 0.5 0 0
W -0.27148931 -0.360697732 -0.674516533
DQ -0.350345765 -0.42715292 -0.559836991 -0.735853624 -0.936793604 -1.14087446 -1.32588862 -1.4722091 -1.56544591 -1.59839371 -1.57200698 -1.49527085 -1.383985 -1.25862528 -1.14157233 -1.05408255 -1.01341107 -1.0304764 -1.10838264 -1.24199936 -1.41865597 -1.61985665 -1.82378364 -2.00825018
FILT_W 0.208858321 0.254878032 0.0504791679
FILT_DQ 0.368241615 0.392339533 0.360048507 0.275582421 0.15021681 0.000762767769 -0.152708356 -0.289581518 -0.391488132 -0.44479217 -0.442435734 -0.38489431 -0.280112414 -0.142428338 0.00936647079 0.154570743 0.273375209 0.349543686 0.372610575 0.339297328 0.253956181 0.127981106 -0.0217343171 -0.175083361
FLAGS 0 0 0 0
STATE 1 0 0 0
GAIT 0 1 0
STEP 36 RESET 0
CMD 0.5 0 0
W 0.832139927 0.843242269 0.635305768
DQ 1.24836756 1.24417718 1.1852833 1.08507077 0.962516681 0.839621971 0.738433675 0.678060966 0.67208882 0.726739351 0.840029678 1.0020403 1.19625765 1.40180914 1.59628814 1.75878665 1.87272507 1.92809618 1.92281958 1.86302324 1.76221412 1.63945008 1.51676047 1.41616457
FILT_W 0.271186481 0.313714456 0.108961828
FILT_DQ 0.45625421 0.477523298 0.442571987 0.356531256 0.231446797 0.0846486881 -0.0635941527 -0.19281727 -0.285130437 -0.327639018 -0.314189193 -0.246200849 -0.132475408 0.0119954092 0.168058637 0.314992334 0.433310195 0.507398936 0.527631476 0.491669919 0.404781975 0.279128003 0.132115162 -0.0159585676
FLAGS 0 0 0 0
STATE 1 0 0 0
GAIT 0 1 0
STEP 37 RESET 0
CMD 0.5 0 0
W -0.264556959 -0.373093111 -0.694843387
DQ -0.353867688 -0.445347815 -0.590242265 -0.774354064 -0.978178358 -1.1795423 -1.35660603 -1.49081862 -1.56942883 -1.58721097 -1.5471721 -1.46014512 -1.34332253 -1.21792953 -1.10635129 -1.02910321 -1.00205428 -1.03427924 -1.12683042 -1.27259525 -1.45725897 -1.66124202 -1.86235006 -2.03877788
FILT_W 0.217612137 0.245033699 0.0285813064
FILT_DQ 0.37524202 0.385236186 0.339290561 0.243442724 0.110484281 -0.0417704104 -0.19289534 -0.322617404 -0.413560277 -0.453596213 -0.437487484 -0.367595276 -0.25356012 -0.110997085 0.0406176447 0.180582779 0.289773748 0.353231118 0.362185286 0.315243401 0.21857788 0.0850910009 -0.0673313603 -0.218240498
FLAGS 0 0 0 0
STATE 1 0 0 0
GAIT 0 1 0
STEP 38 RESET 0
CMD 0.5 0 0
W 0.838416215 0.83030345 0.615047732
DQ 1.24295321 1.22429226 1.15361915 1.04591297 0.921165061 0.801673281 0.709024091 0.661170938 0.670004334 0.739742532 0.866360607 1.03813521 1.23723126 1.44211586 1.63047266 1.78222224 1.88223984 1.92240236 1.90268778 1.83117822 1.72296595 1.59811082 1.47892519 1.38695409
FILT_W 0.279692545 0.303560674 0.0872279489
FILT_DQ 0.46201314 0.469141793 0.42072342 0.323689748 0.191552359 0.0425739588 -0.102703397 -0.22423857 -0.305203816 -0.334262339 -0.307102675 -0.227022228 -0.104480982 0.0443142103 0.199603146 0.340746726 0.449020357 0.510148242 0.516235536 0.466836883 0.369016687 0.236392982 0.0872942946 -0.0577210392
FLAGS 0 0 0 0
STATE 1 0 0 0
GAIT 0 1 0
STEP 39 RESET 0
CMD 0.5 0 0
W -0.258943988 -0.386560414 -0.715009188
DQ -0.361163012 -0.466880691 -0.623098319 -0.814086383 -1.01940936 -1.21669156 -1.38464557 -1.50595342 -1.56961047 -1.57241486 -1.51940083 -1.42315739 -1.30212447 -1.17809709 -1.07327562 -1.00726094 -0.994401648 -1.04185201 -1.14860364 -1.30562203 -1.49706928 -1.70244773 -1.89937416 -2.06660934
FILT_W 0.225828892 0.234548565 0.00700423524
FILT_DQ 0.379695524 0.375539545 0.316341246 0.209912135 0.0704561876 -0.0833525928 -0.230897614 -0.352410055 -0.431644482 -0.458077591 -0.42833249 -0.346635744 -0.22424533 -0.0779269201 0.0723152699 0.205945959 0.304678157 0.354948217 0.349751619 0.289590992 0.18240809 0.0425089116 -0.111372551 -0.258609869
FLAGS 0 0 0 0
STATE 1 0 0 0
GAIT 0 1 0
STEP 40 RESET 0
CMD 0.125 0 0
W 0.506015628 0.489793938 0.356998486
DQ 0.740275409 0.720694188 0.671784425 0.603414115 0.528085145 0.459241227 0.409448348 0.388694028 0.403035556 0.453780159 0.537308081 0.645562498 0.767139969 0.88883384 0.997421706 1.081455 1.13280848 1.14778 1.12759152 1.07822374 1.00960664 0.93427551 0.86567436 0.816336319
FILT_W 0.253847565 0.260073103 0.0420036603
FILT_DQ 0.415753513 0.410055009 0.351885564 0.249262333 0.116219083 -0.0290932108 -0.166863018 -0.278299647 -0.348176478 -0.366891816 -0.331768433 -0.24741592 -0.1251068 0.018749156 0.164825914 0.293496863 0.387491189 0.434231396 0.427535609 0.368454266 0.265127945 0.131685571 -0.0136678599 -0.15111525
FLAGS 0 0 0 0
STATE 1 0 0 0
GAIT 0 1 0
STEP 41 RESET 0
CMD 0.125 0 0
W -0.152805805 -0.240622436 -0.440952435
DQ -0.22330202 -0.294941653 -0.394876353 -0.512828714 -0.636082724 -0.75120482 -0.845862052 -0.910491297 -0.939593576 -0.93247832 -0.893356832 -0.830772311 -0.756443564 -0.683678927 -0.625575039 -0.593244276 -0.594310742 -0.631878385 -0.704110886 -0.804480204 -0.922650109 -1.04587515 -1.16072567 -1.2549055
FILT_W 0.213182228 0.210003549 -0.00629194922
FILT_DQ 0.35184796 0.339555343 0.277209372 0.173053228 0.0409889026 -0.101304372 -0.234762921 -0.341518812 -0.407318188 -0.423450466 -0.387927273 -0.305751559 -0.188240477 -0.0514936523 0.0857858183 0.204822749 0.289310996 0.327620418 0.314370959 0.251160819 0.146350139 0.0139294995 -0.128373641 -0.261494275
FLAGS 0 0 0 0
STATE 1 0 0 0
GAIT 0 1 0
STEP 42 RESET 0
CMD 0.125 0 0
W 0.508167945 0.480819736 0.345148605
DQ 0.732577473 0.704980216 0.650181229 0.578845586 0.503876519 0.438669027 0.395296925 0.382878711 0.406343421 0.465763501 0.556345012 0.669076458 0.791948454 0.911579138 1.01502535 1.09153441 1.13399947 1.13992137 1.11174689 1.05653761 0.985014127 0.910105101 0.845197402 0.802324272
FILT_W 0.2426808 0.237085168 0.0288521062
FILT_DQ 0.389920911 0.37609783 0.314506558 0.213632464 0.0872776643 -0.0473070319 -0.171756937 -0.269079059 -0.325952027 -0.334529069 -0.293500044 -0.208268758 -0.0902215835 0.0448136267 0.178709771 0.293493915 0.373779844 0.408850513 0.394108552 0.331698498 0.230216538 0.10354706 -0.0310165369 -0.15511242
FLAGS 0 0 0 0
STATE 1 0 0 0
GAIT 0 1 0
STEP 43 RESET 0
CMD 0.125 0 0
W -0.151064247 -0.249874279 -0.452691576
DQ -0.232077393 -0.311523114 -0.417019679 -0.537536909 -0.660011651 -0.77111581 -0.859060247 -0.915190382 -0.935157553 -0.919507583 -0.87360691 -0.806916263 -0.731710194 -0.661415781 -0.608795329 -0.584219057 -0.594261536 -0.640811851 -0.720817922 -0.82669959 -0.947374556 -1.06975832 -1.18053509 -1.26796005
FILT_W 0.203306295 0.188389223 -0.019302262
FILT_DQ 0.32772108 0.307335736 0.241353934 0.138515527 0.0125487327 -0.11968791 -0.240487268 -0.333690192 -0.386872579 -0.393026921 -0.351510731 -0.268133508 -0.154370445 -0.025809314 0.0999592612 0.205722618 0.276975706 0.303884276 0.282615905 0.215858689 0.112457429 -0.013783478 -0.145968392 -0.266397183
FLAGS 0 0 0 0
STATE 1 0 0 0
GAIT 0 1 0
STEP 44 RESET 0
CMD 0.125 0 0
W 0.509496731 0.471300946 0.333533771
DQ 0.722743229 0.687566347 0.62754462 0.554049997 0.480277916 0.41946137 0.38307988 0.379305799 0.411898217 0.479694192 0.576766142 0.693224124 0.816554382 0.933313032 1.03094563 1.09948634 1.13290679 1.12993197 1.0942128 1.03383197 0.960210049 0.886559698 0.826097434 0.790254829
FILT_W 0.233925339 0.216680395 0.0159813413
FILT_DQ 0.367223295 0.345358797 0.279973003 0.180068974 0.059321651 -0.0657729818 -0.178130553 -0.262390593 -0.3069955 -0.30575481 -0.258683044 -0.171997745 -0.0572779619 0.0701029206 0.193057898 0.29509899 0.362568814 0.386489046 0.363775594 0.297656017 0.197232691 0.0762508396 -0.0487618098 -0.160731982
FLAGS 0 0 0 0
STATE 1 0 0 0
GAIT 0 1 0
STEP 45 RESET 0
CMD 0 0 0
W -0.250249616 -0.432748355 -0.773614462
DQ -0.404916172 -0.549554251 -0.733502799 -0.937279057 -1.13871668 -1.31596583 -1.45045049 -1.52938261 -1.54749289 -1.50774402 -1.42092963 -1.30421344 -1.17880627 -1.0670952 -0.989613604 -0.96226207 -0.99415631 -1.0863934 -1.2319033 -1.41640574 -1.62034298 -1.8215269 -1.998142 -2.13169808
FILT_W 0.185507843 0.15173752 -0.0629782391
FILT_DQ 0.290009349 0.255867492 0.178625423 0.0683341707 -0.0604821816 -0.190792267 -0.305362547 -0.389089794 -0.431045239 -0.42595373 -0.374907702 -0.285219315 -0.169430793 -0.0436168915 0.0747907475 0.169362884 0.226896302 0.239200801 0.204207705 0.126249842 0.0154751233 -0.113526934 -0.243699829 -0.357828592
FLAGS 1 1 0 0
STATE 2 0 0.02 0.02
GAIT 0 0 1
STEP 46 RESET 0
CMD 0 0 0
W 0.807493418 0.730362478 0.510162144
DQ 1.12552177 1.05861646 0.956437929 0.837958692 0.724357477 0.636152797 0.590425864 0.598508725 0.664450525 0.784469472 0.947464686 1.13651865 1.33118692 1.51026519 1.65465916 1.74996891 1.78843785 1.77000249 1.7023011 1.59963988 1.48105664 1.36774421 1.280182 1.23536428
FILT_W 0.247706401 0.209600016 -0.00566420079
FILT_DQ 0.373560591 0.336142389 0.256406673 0.145296623 0.0180017842 -0.10809776 -0.215783706 -0.290329942 -0.321495663 -0.30491141 -0.242670463 -0.143045518 -0.0193690215 0.111771316 0.232777588 0.327423487 0.383050456 0.39228097 0.354017044 0.273588845 0.162033275 0.0346001799 -0.0913116459 -0.198509304
FLAGS 1 0 0 0
STATE 2 0 0.04 0.04
GAIT 0 0 1
STEP 47 RESET 0
CMD 0 0 0
W -0.225099899 -0.404852188 -0.712996032
DQ -0.383740488 -0.52412392 -0.695890691 -0.880665407 -1.05831211 -1.20965957 -1.31909607 -1.37668231 -1.3794967 -1.33203075 -1.2455812 -1.136721 -1.02505631 -0.930572858 -0.870930961 -0.859075301 -0.901482918 -0.997286572 -1.13839212 -1.31057401 -1.49540068 -1.67272912 -1.8234312 -1.93198253
FILT_W 0.200425771 0.148154796 -0.0763973839
FILT_DQ 0.297830483 0.250115758 0.161176937 0.0427004198 -0.0896296049 -0.218253942 -0.326114942 -0.398965179 -0.427295766 -0.407623345 -0.342961536 -0.242413066 -0.119937751 0.00753689873 0.122406734 0.208773608 0.254597119 0.253324216 0.204776128 0.115172559 -0.00371012019 -0.13613275 -0.264523601 -0.371856626
FLAGS 1 0 0 0
STATE 2 0 0.06 0.06
GAIT 0 0 1
STEP 48 RESET 0
CMD 0 0 0
W 0.722022548 0.638644533 0.440898758
DQ 0.987439184 0.918341696 0.821587519 0.714873615 0.617244953 0.546516854 0.516863776 0.536900863 0.60851793 0.726623684 0.879834806 1.05201663 1.22446689 1.378447 1.49771821 1.57073947 1.59222942 1.56388125 1.49413349 1.3970279 1.29030903 1.1930225 1.12293733 1.09414096
FILT_W 0.252585448 0.197203769 -0.0246677697
FILT_DQ 0.366791353 0.316938352 0.227217995 0.109917739 -0.018942149 -0.141776862 -0.241817071 -0.305378575 -0.323714397 -0.294198642 -0.220681902 -0.112970097 0.0145027137 0.144627909 0.259937881 0.344970194 0.388360349 0.384379919 0.333711864 0.243358094 0.125691795 -0.00321722541 -0.125777508 -0.225256867
FLAGS 1 0 0 0
STATE 2 0 0.08 0.08
GAIT 0 0 1
STEP 49 RESET 0
CMD 0 0 0
W -0.201086827 -0.374112302 -0.648168019
DQ -0.360800458 -0.493875759 -0.651059341 -0.815408192 -0.969009518 -1.09540515 -1.18181908 -1.22088664 -1.21165126 -1.15969397 -1.07637799 -0.97731079 -0.880231708 -0.80261099 -0.759285286 -0.760449576 -0.810277329 -0.906355643 -1.04001182 -1.19748717 -1.36179919 -1.51504008 -1.64080045 -1.72639026
FILT_W 0.207218221 0.140072162 -0.0870177946
FILT_DQ 0.294032172 0.235856941 0.139390261 0.0173851462 -0.113948886 -0.237139691 -0.335817271 -0.396929381 -0.412508083 -0.380748175 -0.306251511 -0.199404166 -0.0749707285 0.0499040191 0.158015565 0.234428217 0.268496581 0.255306363 0.196339496 0.0992735676 -0.0230573042 -0.154399511 -0.277279802 -0.375370207
FLAGS 1 0 0 0
STATE 2 0 0.1 0.1
GAIT 0 0 1
STEP 50 RESET 0
CMD 0 0 0
W 0.635624582 0.549910473 0.375786868
DQ 0.851675509 0.783328164 0.69422857 0.600496301 0.518877937 0.464480501 0.44872679 0.477809353 0.551852363 0.664894803 0.805697269 0.959263168 1.10886843 1.23832506 1.33417205 1.38749732 1.39514392 1.36013727 1.29127571 1.20193969 1.10828079 1.02703565 0.973260782 0.958294723
FILT_W 0.250058857 0.181055993 -0.0407373284
FILT_DQ 0.349796506 0.290604063 0.194874092 0.0756962617 -0.0506662036 -0.166977671 -0.257362865 -0.309455507 -0.316072039 -0.276183877 -0.195056633 -0.0835374326 0.0434131878 0.168746123 0.275631213 0.349735128 0.381161315 0.365789454 0.305833117 0.20954018 0.0900765051 -0.036255995 -0.152225744 -0.242003714
FLAGS 1 0 0 0
STATE 2 0 0.12 0.12
GAIT 0 0 1
STEP 51 RESET 0
CMD 0 0 0
W -0.177790519 -0.340255927 -0.579255552
DQ -0.335002271 -0.457948899 -0.598497333 -0.741414671 -0.871147391 -0.973926445 -1.03963084 -1.06315746 -1.04511176 -0.991725813 -0.914014816 -0.826286261 -0.744203465 -0.682665618 -0.653791247 -0.665278032 -0.719360959 -0.812509826 -0.93590704 -1.07664103 -1.21945379 -1.34880595 -1.45097996 -1.51593672
FILT_W 0.207273919 0.128924801 -0.0945891507
FILT_DQ 0.281316628 0.215748767 0.11553695 -0.00601483159 -0.132714322 -0.247672549 -0.335589663 -0.384825703 -0.388976011 -0.34773807 -0.266952451 -0.157812315 -0.0353484775 0.0836049488 0.182688967 0.248233812 0.271109088 0.247959526 0.181659101 0.0809220587 -0.0408765248 -0.16751099 -0.282101165 -0.369397015
FLAGS 1 0 0 0
STATE 2 0 0.14 0.14
GAIT 0 0 1
STEP 52 RESET 0
CMD 0 0 0
W 0.548720566 0.464417711 0.31468359
DQ 0.719292141 0.654383579 0.574805808 0.494848284 0.428851861 0.389267823 0.384972662 0.420066686 0.493319062 0.598334401 0.724418349 0.858025013 0.984590335 1.09050327 1.16494798 1.2013677 1.19835217 1.1598285 1.09452967 1.01481255 0.934985459 0.869371591 0.830370456 0.826779652
FILT_W 0.241418584 0.162474092 -0.0536618766
FILT_DQ 0.325114179 0.259612248 0.161463836 0.04407148 -0.0765577039 -0.183978512 -0.26353343 -0.304336464 -0.300746504 -0.253130823 -0.167815371 -0.0562285827 0.0666454037 0.184294781 0.280914868 0.3435472 0.363833396 0.339146423 0.272946158 0.174311108 0.0567096736 -0.0638227321 -0.170854003 -0.249779348
FLAGS 1 0 0 0
STATE 2 0 0.16 0.16
GAIT 0 0 1
STEP 53 RESET 0
CMD 0 0 0
W -0.15478957 -0.303041453 -0.506418948
DQ -0.305320439 -0.415591272 -0.537827812 -0.658734204 -0.765194621 -0.846048435 -0.893600747 -0.904663862 -0.880988728 -0.82902795 -0.759062463 -0.683810055 -0.616704074 -0.570075286 -0.553482967 -0.572421098 -0.627574777 -0.714727501 -0.825331845 -0.947666317 -1.06842181 -1.17450292 -1.25480035 -1.30169451
FILT_W 0.201797769 0.115922538 -0.0989375838
FILT_DQ 0.262070718 0.192091896 0.0915346709 -0.0262090884 -0.145421396 -0.250185504 -0.326540162 -0.364369204 -0.358770726 -0.310720536 -0.22694008 -0.11898673 -0.00168954399 0.108857774 0.197475085 0.251950371 0.264692578 0.23375903 0.163118358 0.0621133655 -0.0558034746 -0.17489075 -0.279248637 -0.354970864
FLAGS 1 0 0 0
STATE 2 0 0.18 0.18
GAIT 0 0 1
STEP 54 RESET 0
CMD 0 0 0
W 0.461731458 0.38239164 0.257411527
DQ 0.59127529 0.532202032 0.463627258 0.39780984 0.346635452 0.320007905 0.324508709 0.362506298 0.431835474 0.526090454 0.635491867 0.74821034 0.851967554 0.935698054 0.991046907 1.0135005 1.00299744 0.963936872 0.904583049 0.835946832 0.770295407 0.719491985 0.693390166 0.698500307
FILT_W 0.227791138 0.142569448 -0.0633026727
FILT_DQ 0.294991175 0.22610291 0.12874393 0.0161928045 -0.0962157109 -0.193166163 -0.261435275 -0.291681654 -0.279710106 -0.227039437 -0.140696886 -0.0322670229 0.0836761659 0.191541802 0.276832267 0.328105384 0.338523065 0.306776815 0.237264827 0.139496712 0.0268064136 -0.0854524769 -0.181984757 -0.249623747
FLAGS 1 0 0 0
STATE 2 0 0.2 0.2
GAIT 0 0 1
STEP 55 RESET 0
CMD 0 0 0
W -0.131664272 -0.262260092 -0.429852298
DQ -0.270811267 -0.366168901 -0.468812322 -0.56755613 -0.651742721 -0.71268474 -0.744840878 -0.746565857 -0.720333116 -0.672400041 -0.611961053 -0.549903193 -0.497332607 -0.464071383 -0.457328179 -0.480722561 -0.533795115 -0.612069627 -0.707658915 -0.810332323 -0.908900394 -0.992729307 -1.05318012 -1.084778
FILT_W 0.191845597 0.102086494 -0.0999576352
FILT_DQ 0.238410931 0.166875729 0.0689883045 -0.042182089 -0.151768412 -0.245118021 -0.309775835 -0.337170074 -0.323772407 -0.271575497 -0.187823302 -0.0840306399 0.0255752886 0.125980484 0.203416222 0.247222589 0.251291247 0.21489217 0.142772453 0.0445138086 -0.0667642671 -0.17618016 -0.269104293 -0.333139173
FLAGS 1 1 0 0
STATE 2 0.02 0.22 0.22
GAIT 0 0 1
STEP 56 RESET 0
CMD 0 0 0
W 0.375074914 0.304024085 0.203760309
DQ 0.468523045 0.417355454 0.360861288 0.309122981 0.271579287 0.255747784 0.266207407 0.30397871 0.366385742 0.447418218 0.538544988 0.629868687 0.711465297 0.774727314 0.813528737 0.825054191 0.810179975 0.773355461 0.722000888 0.665503074 0.613944947 0.576740874 0.561362468 0.572327338
FILT_W 0.210168528 0.122280253 -0.0695858408
FILT_DQ 0.261422142 0.191923701 0.0981756028 -0.00705158202 -0.109433642 -0.19503144 -0.252177511 -0.273055196 -0.254756592 -0.199676126 -0.115186473 -0.0126407072 0.0941642894 0.190855167 0.264427474 0.305005749 0.30718012 0.270738499 0.200695296 0.106612735 0.00130665427 -0.100888057 -0.186057617 -0.242592522
FLAGS 1 0 0 0
STATE 2 0 0.24 0.24
GAIT 0 0 1
STEP 57 RESET 0
CMD 0 0 0
W -0.107999813 -0.21773731 -0.349781813
DQ -0.230625213 -0.309173637 -0.391352884 -0.468205902 -0.531496522 -0.574824179 -0.594490204 -0.589998417 -0.564122285 -0.522529547 -0.473015109 -0.424446044 -0.385561471 -0.363789759 -0.364243133 -0.389025756 -0.436948941 -0.503692034 -0.582387196 -0.664548931 -0.741222559 -0.804196187 -0.847112158 -0.866327519
FILT_W 0.178351694 0.0882784966 -0.097605438
FILT_DQ 0.212217407 0.141813967 0.0492227541 -0.053167014 -0.15163993 -0.233010714 -0.28640878 -0.304749518 -0.285693162 -0.231961468 -0.150969337 -0.0538212409 0.0461917134 0.135390674 0.201560413 0.235602599 0.232767214 0.193295446 0.122387047 0.0294965685 -0.072946267 -0.17121887 -0.252163071 -0.304966021
FLAGS 1 1 0 0
STATE 2 0.02 0.26 0.26
GAIT 0 0 1
STEP 58 RESET 0
CMD 0 0 0
W 0.289162117 0.22947199 0.153488347
DQ 0.351833616 0.310286677 0.266535412 0.228396184 0.202925794 0.195466374 0.208922354 0.243367367 0.296034275 0.361689694 0.433342304 0.503189097 0.563671469 0.608498251 0.633497182 0.637179608 0.620941965 0.588876775 0.547218746 0.503500932 0.465535166 0.440354773 0.433262635 0.447113472
FILT_W 0.189432737 0.102397846 -0.0724960595
FILT_DQ 0.226179027 0.158661238 0.0709540199 -0.0250106942 -0.116183358 -0.190163005 -0.236875667 -0.249937829 -0.227520418 -0.172596352 -0.0925381728 0.00187979285 0.097939689 0.182701432 0.24475409 0.2757603 0.271584689 0.232853579 0.164870217 0.0768970048 -0.0190981237 -0.110061505 -0.183620501 -0.229758072
FLAGS 1 1 0 0
STATE 2 0.04 0.28 0.28
GAIT 0 0 1
STEP 59 RESET 0
CMD 0 0 0
W -0.0833894226 -0.169334021 -0.266463964
DQ -0.184018011 -0.244229289 -0.305492297 -0.361139517 -0.405263502 -0.433516423 -0.443698522 -0.436055845 -0.413246934 -0.379983013 -0.342390341 -0.307181054 -0.280744707 -0.26828348 -0.273108085 -0.296189677 -0.336028416 -0.388856459 -0.449147921 -0.51036678 -0.565851494 -0.609716611 -0.637649337 -0.647493252
FILT_W 0.162150521 0.0752246593 -0.0918928499
FILT_DQ 0.185159324 0.118372185 0.0333093882 -0.0586235765 -0.145091372 -0.214498347 -0.257557952 -0.268549631 -0.24609307 -0.193335018 -0.11752339 -0.0290262918 0.0600712493 0.137602941 0.192967873 0.218565302 0.210823378 0.170682575 0.103468403 0.0181706263 -0.0737734607 -0.160027016 -0.229023384 -0.27153159
FLAGS 1 1 0 0
STATE 2 0.06 0.3 0.3
GAIT 0 0 1
STEP 60 RESET 0
CMD 0 0 0
W 0.204394649 0.158856349 0.106324807
DQ 0.241894892 0.211304144 0.180536887 0.155110777 0.139820572 0.138089182 0.151504397 0.179603982 0.219938245 0.268401584 0.319788168 0.368496516 0.409287635 0.437994091 0.452084054 0.451003966 0.436253465 0.411182415 0.380537519 0.349819871 0.324540416 0.309474062 0.308013422 0.321709639
FILT_W 0.166374933 0.0835878283 -0.0720710842
FILT_DQ 0.19083288 0.127665381 0.0480321381 -0.0372501412 -0.116600178 -0.179239594 -0.216651717 -0.223734269 -0.199489938 -0.147161358 -0.0737922339 0.0107259889 0.0949928879 0.167642056 0.218879491 0.241809168 0.233366387 0.194732559 0.131175315 0.0513355509 -0.033942073 -0.113076908 -0.175319704 -0.212207467
FLAGS 1 1 0 0
STATE 2 0.08 0.32 0.32
GAIT 0 0 1
STEP 61 RESET 0
CMD 0 0 0
W -0.0574374717 -0.116947528 -0.180183409
DQ -0.130360406 -0.17109605 -0.211412658 -0.246936329 -0.273941863 -0.289856951 -0.293610321 -0.285776736 -0.268499198 -0.245198901 -0.220112195 -0.197717211 -0.182127766 -0.176536581 -0.18278316 -0.201104819 -0.230104571 -0.266940198 -0.307708933 -0.347975681 -0.383373289 -0.41019362 -0.42588943 -0.429419128
FILT_W 0.143993693 0.0635342926 -0.0828823167
FILT_DQ 0.158713552 0.0977892382 0.0220876584 -0.05821876 -0.132334346 -0.19030133 -0.224347578 -0.229938516 -0.206390864 -0.156965112 -0.08842423 -0.010118331 0.0672808225 0.133224192 0.178713226 0.19751777 0.187019291 0.148565283 0.08728689 0.0114044277 -0.0688851946 -0.142788579 -0.200376676 -0.233928633
FLAGS 1 1 0 0
STATE 2 0.1 0.34 0.34
GAIT 0 0 1
STEP 62 RESET 0
CMD 0 0 0
W 0.121161436 0.0922613851 0.0619717739
DQ 0.139275426 0.120578351 0.10261507 0.0886289023 0.0813248808 0.0825036426 0.0928177198 0.111683222 0.137358864 0.167181641 0.19792725 0.22624649 0.249118556 0.264259894 0.270433266 0.267615207 0.2569992 0.240834144 0.222119975 0.204201639 0.190316372 0.183155551 0.184500431 0.194981061
FILT_W 0.141710467 0.0664070019 -0.0683969076
FILT_DQ 0.156769739 0.100068149 0.0301403996 -0.0435339937 -0.110968424 -0.163020833 -0.192631048 -0.195776342 -0.172015891 -0.124550437 -0.059789082 0.013518151 0.0854645959 0.146327762 0.18788523 0.204527513 0.194017282 0.157792169 0.100770198 0.0306841488 -0.0429650379 -0.110194166 -0.161888966 -0.191037664
FLAGS 1 1 0 0
STATE 2 0.12 0.36 0.36
GAIT 0 0 1
STEP 63 RESET 0
CMD 0 0 0
W -0.0297624753 -0.0605122204 -0.0912507302
DQ -0.0691464155 -0.0896731939 -0.109432132 -0.126290332 -0.138507496 -0.14497147 -0.145348766 -0.140129701 -0.130562032 -0.118482079 -0.106066188 -0.0955361727 -0.0888586034 -0.0874786384 -0.0921244309 -0.102708576 -0.11833994 -0.137444273 -0.157977274 -0.177701279 -0.194488118 -0.206607152 -0.212959507 -0.213226805
FILT_W 0.124563173 0.0537150797 -0.0706822899
FILT_DQ 0.134178124 0.0810940151 0.0161831464 -0.0518096275 -0.113722331 -0.161215896 -0.18790282 -0.190211678 -0.167870505 -0.123943601 -0.0644167926 0.00261271866 0.0680322759 0.122947122 0.159884264 0.173803904 0.16278156 0.128268525 0.0748954512 0.00984560601 -0.0581173459 -0.119835465 -0.16699602 -0.193256578
FLAGS 1 1 0 0
STATE 2 0.14 0.38 0.38
GAIT 0 0 1
STEP 64 RESET 0
CMD 0 0 0
W 0.0398357936 0.0297339916 0.0201066054
DQ 0.0444169614 0.0381400237 0.0323855157 0.0282029736 0.0264291756 0.0275748875 0.0317557331 0.0386765453 0.0476713152 0.0577933335 0.0679433232 0.0770182213 0.0840604736 0.088387635 0.0896847349 0.0880469078 0.0839665163 0.078266513 0.0719890571 0.0662544636 0.0621095733 0.0603860684 0.0615879076 0.0658231185
FILT_W 0.116090435 0.0513169709 -0.0616034003
FILT_DQ 0.125202008 0.0767986159 0.0178033834 -0.0438083674 -0.0997071802 -0.142336818 -0.165936965 -0.167322856 -0.146316323 -0.105769908 -0.051180781 0.0100532689 0.0696350957 0.119491173 0.152864311 0.165228205 0.154900055 0.123268324 0.0746048118 0.0154864918 -0.046094654 -0.101813312 -0.144137627 -0.167348608
FLAGS 1 1 0 0
STATE 2 0.16 0.4 0.4
GAIT 0 0 1
STEP 65 RESET 0
CMD 0 0 0
W -0 -0 -0
DQ -0 -0 -0 -0 -0 -0 -0 -0 -0 -0 -0 -0 -0 -0 -0 -0 -0 -0 -0 -0 -0 -0 -0 -0
FILT_W 0.104481392 0.0461852738 -0.0554430603
FILT_DQ 0.112681807 0.0691187544 0.016023045 -0.0394275307 -0.0897364622 -0.128103136 -0.149343268 -0.15059057 -0.131684691 -0.0951929168 -0.0460627029 0.00904794203 0.0626715861 0.107542056 0.13757788 0.148705384 0.13941005 0.110941492 0.0671443306 0.0139378426 -0.0414851886 -0.0916319804 -0.129723864 -0.150613747
FLAGS 1 1 0 0
STATE 2 0.18 0.42 0.42
GAIT 0 0 1
STEP 66 RESET 0
CMD 0 0 0
W 0 0 0
DQ 0 0 0 0 0 0 0 0 0 0 0 0 0 0 0 0 0 0 0 0 0 0 0 0
FILT_W 0.0940332524 0.0415667464 -0.0498987543
FILT_DQ 0.101413626 0.0622068789 0.0144207405 -0.0354847776 -0.0807628159 -0.115292823 -0.134408941 -0.135531513 -0.118516222 -0.0856736251 -0.0414564326 0.00814314782 0.0564044275 0.0967878505 0.123820092 0.133834846 0.125469045 0.0998473424 0.0604298976 0.0125440583 -0.0373366698 -0.0824687823 -0.116751478 -0.135552373
FLAGS 1 1 0 0
STATE 2 0.2 0.44 0.44
GAIT 0 0 1
STEP 67 RESET 0
CMD 0 0 0
W -0 -0 -0
DQ -0 -0 -0 -0 -0 -0 -0 -0 -0 -0 -0 -0 -0 -0 -0 -0 -0 -0 -0 -0 -0 -0 -0 -0
FILT_W 0.0846299272 0.0374100718 -0.0449088789
FILT_DQ 0.0912722635 0.055986191 0.0129786665 -0.0319362999 -0.0726865343 -0.10376354 -0.120968047 -0.121978362 -0.1066646 -0.0771062626 -0.0373107894 0.00732883304 0.0507639848 0.0871090655 0.111438083 0.120451361 0.11292214 0.0898626082 0.0543869078 0.0112896525 -0.0336030028 -0.0742219041 -0.10507633 -0.121997135
FLAGS 1 1 0 0
STATE 2 0.22 0.46 0.46
GAIT 0 0 1
STEP 68 RESET 0
CMD 0 0 0
W 0 0 0
DQ 0 0 0 0 0 0 0 0 0 0 0 0 0 0 0 0 0 0 0 0 0 0 0 0
FILT_W 0.0761669344 0.0336690646 -0.040417991
FILT_DQ 0.0821450371 0.0503875719 0.0116807998 -0.0287426699 -0.0654178809 -0.0933871863 -0.108871242 -0.109780526 -0.0959981397 -0.0693956363 -0.0335797104 0.00659594974 0.0456875863 0.0783981589 0.100294274 0.108406225 0.101629926 0.0808763474 0.048948217 0.0101606872 -0.0302427025 -0.0667997137 -0.0945686971 -0.109797422
FLAGS 1 1 0 0
STATE 2 0.24 0.48 0.48
GAIT 0 0 1
STEP 69 RESET 0
CMD 0 0 0
W -0 -0 -0
DQ -0 -0 -0 -0 -0 -0 -0 -0 -0 -0 -0 -0 -0 -0 -0 -0 -0 -0 -0 -0 -0 -0 -0 -0
FILT_W 0.068550241 0.0303021581 -0.0363761919
FILT_DQ 0.0739305334 0.0453488147 0.0105127198 -0.0258684029 -0.0588760928 -0.0840484676 -0.0979841182 -0.0988024731 -0.0863983257 -0.0624560727 -0.0302217394 0.00593635476 0.0411188277 0.070558343 0.0902648468 0.0975656027 0.0914669337 0.0727887126 0.0440533953 0.00914461852 -0.0272184322 -0.0601197423 -0.0851118274 -0.0988176796
FLAGS 1 1 0 0
STATE 2 0.26 0.5 0.5
GAIT 0 0 1
STEP 70 RESET 0
CMD 0 0 0
W 0 0 0
DQ 0 0 0 0 0 0 0 0 0 0 0 0 0 0 0 0 0 0 0 0 0 0 0 0
FILT_W 0.0616952169 0.0272719423 -0.0327385727
FILT_DQ 0.0665374801 0.0408139333 0.00946144786 -0.0232815626 -0.0529884835 -0.0756436209 -0.0881857064 -0.0889222258 -0.0777584931 -0.0562104654 -0.0271995654 0.00534271929 0.0370069449 0.0635025087 0.0812383622 0.0878090424 0.0823202404 0.0655098414 0.0396480558 0.00823015667 -0.024496589 -0.0541077681 -0.0766006446 -0.0889359117
FLAGS 1 1 0 0
STATE 2 0.28 0.52 0.52
GAIT 0 0 1
STEP 71 RESET 0
CMD 0 0 0
W -0 -0 -0
DQ -0 -0 -0 -0 -0 -0 -0 -0 -0 -0 -0 -0 -0 -0 -0 -0 -0 -0 -0 -0 -0 -0 -0 -0
FILT_W 0.0555256952 0.0245447481 -0.0294647154
FILT_DQ 0.0598837321 0.0367325399 0.00851530308 -0.0209534063 -0.0476896352 -0.0680792588 -0.0793671357 -0.0800300032 -0.0699826438 -0.0505894189 -0.0244796089 0.00480844736 0.0333062504 0.0571522578 0.0731145259 0.0790281381 0.0740882163 0.0589588572 0.0356832502 0.007407141 -0.0220469301 -0.0486969913 -0.0689405802 -0.0800423205
FLAGS 1 1 0 0
STATE 2 0.3 0.54 0.54
GAIT 0 0 1
STEP 72 RESET 0
CMD 0 0 0
W 0 0 0
DQ 0 0 0 0 0 0 0 0 0 0 0 0 0 0 0 0 0 0 0 0 0 0 0 0
FILT_W 0.0499731257 0.0220902733 -0.0265182439
FILT_DQ 0.0538953589 0.0330592859 0.00766377277 -0.0188580657 -0.0429206717 -0.0612713329 -0.0714304222 -0.0720270029 -0.0629843794 -0.045530477 -0.022031648 0.00432760262 0.0299756254 0.0514370321 0.0658030733 0.0711253243 0.0666793947 0.0530629715 0.0321149252 0.0066664269 -0.0198422371 -0.0438272922 -0.0620465222 -0.0720380884
FLAGS 1 1 0 0
STATE 2 0.32 0.56 0.56
GAIT 0 0 1
STEP 73 RESET 0
CMD 0 0 0
W -0 -0 -0
DQ -0 -0 -0 -0 -0 -0 -0 -0 -0 -0 -0 -0 -0 -0 -0 -0 -0 -0 -0 -0 -0 -0 -0 -0
FILT_W 0.0449758131 0.0198812459 -0.0238664195
FILT_DQ 0.048505823 0.0297533573 0.00689739549 -0.0169722591 -0.0386286045 -0.0551441996 -0.0642873799 -0.0648243026 -0.0566859415 -0.0409774293 -0.0198284832 0.00389484236 0.0269780628 0.0462933289 0.059222766 0.0640127919 0.0600114552 0.0477566744 0.0289034327 0.00599978421 -0.0178580134 -0.0394445629 -0.0558418699 -0.0648342796
FLAGS 1 1 0 0
STATE 2 0.34 0.58 0.58
GAIT 0 0 1
STEP 74 RESET 0
CMD 0 0 0
W 0 0 0
DQ 0 0 0 0 0 0 0 0 0 0 0 0 0 0 0 0 0 0 0 0 0 0 0 0
FILT_W 0.0404782318 0.0178931214 -0.0214797775
FILT_DQ 0.0436552407 0.0267780216 0.00620765594 -0.0152750332 -0.034765744 -0.0496297797 -0.0578586419 -0.0583418724 -0.0510173473 -0.0368796864 -0.0178456349 0.00350535812 0.0242802566 0.041663996 0.0533004894 0.0576115127 0.0540103097 0.0429810069 0.0260130894 0.00539980579 -0.0160722121 -0.0355001066 -0.050257683 -0.0583508516
FLAGS 1 1 0 0
STATE 2 0.36 0.6 0.6
GAIT 0 0 1
STEP 75 RESET 0
CMD 0 0 0
W -0 -0 -0
DQ -0 -0 -0 -0 -0 -0 -0 -0 -0 -0 -0 -0 -0 -0 -0 -0 -0 -0 -0 -0 -0 -0 -0 -0
FILT_W 0.0364304086 0.0161038092 -0.0193317998
FILT_DQ 0.0392897166 0.0241002194 0.00558689035 -0.0137475299 -0.0312891696 -0.0446668017 -0.0520727777 -0.0525076851 -0.0459156126 -0.0331917177 -0.0160610714 0.00315482231 0.0218522309 0.0374975964 0.0479704405 0.0518503614 0.0486092787 0.0386829062 0.0234117805 0.00485982521 -0.0144649909 -0.031950096 -0.0452319147 -0.0525157665
FLAGS 1 1 0 0
STATE 2 0.38 0.62 0.62
GAIT 0 0 1
STEP 76 RESET 0
CMD 0 0 0
W 0 0 0
DQ 0 0 0 0 0 0 0 0 0 0 0 0 0 0 0 0 0 0 0 0 0 0 0 0
FILT_W 0.0327873678 0.0144934283 -0.0173986198
FILT_DQ 0.0353607449 0.0216901975 0.00502820131 -0.0123727769 -0.0281602527 -0.0402001215 -0.0468655 -0.0472569166 -0.0413240514 -0.029872546 -0.0144549643 0.00283934008 0.0196670078 0.0337478367 0.0431733964 0.0466653253 0.0437483509 0.0348146156 0.0210706024 0.00437384269 -0.0130184918 -0.0287550864 -0.0407087232 -0.0472641898
FLAGS 1 1 0 0
STATE 2 0.4 0.64 0.64
GAIT 0 0 1
STEP 77 RESET 0
CMD 0 0 0
W -0 -0 -0
DQ -0 -0 -0 -0 -0 -0 -0 -0 -0 -0 -0 -0 -0 -0 -0 -0 -0 -0 -0 -0 -0 -0 -0 -0
FILT_W 0.029508631 0.0130440855 -0.0156587578
FILT_DQ 0.0318246705 0.0195211778 0.00452538118 -0.0111354992 -0.0253442274 -0.0361801094 -0.04217895 -0.042531225 -0.0371916462 -0.0268852914 -0.0130094678 0.00255540607 0.017700307 0.0303730531 0.0388560568 0.0419987928 0.0393735158 0.031333154 0.0189635422 0.00393645842 -0.0117166426 -0.0258795777 -0.0366378509 -0.0425377708
FLAGS 1 1 0 0
STATE 2 0.42 0.66 0.66
GAIT 0 0 1
STEP 78 RESET 0
CMD 0 0 0
W 0 0 0
DQ 0 0 0 0 0 0 0 0 0 0 0 0 0 0 0 0 0 0 0 0 0 0 0 0
FILT_W 0.0265577679 0.0117396769 -0.014092882
FILT_DQ 0.0286422034 0.01756906 0.00407284306 -0.0100219493 -0.0228098047 -0.0325620984 -0.037961055 -0.0382781025 -0.0334724816 -0.0241967622 -0.0117085211 0.00229986547 0.0159302763 0.0273357478 0.0349704511 0.0377989135 0.0354361642 0.0281998386 0.017067188 0.00354281258 -0.0105449783 -0.02329162 -0.0329740658 -0.0382839938
FLAGS 1 1 0 0
STATE 2 0.44 0.68 0.68
GAIT 0 0 1
STEP 79 RESET 0
CMD 0 0 0
W -0 -0 -0
DQ -0 -0 -0 -0 -0 -0 -0 -0 -0 -0 -0 -0 -0 -0 -0 -0 -0 -0 -0 -0 -0 -0 -0 -0
FILT_W 0.0239019911 0.0105657092 -0.0126835938
FILT_DQ 0.0257779831 0.015812154 0.00366555876 -0.00901975436 -0.0205288242 -0.0293058886 -0.0341649495 -0.0344502922 -0.0301252334 -0.021777086 -0.0105376689 0.00206987892 0.0143372487 0.024602173 0.031473406 0.0340190221 0.0318925478 0.0253798548 0.0153604692 0.00318853132 -0.0094904805 -0.020962458 -0.0296766592 -0.0344555944
FLAGS 1 1 0 0
STATE 2 0.46 0.7 0.7
GAIT 0 0 1
STEP 80 RESET 0
CMD 0 0 0
W 0 0 0
DQ 0 0 0 0 0 0 0 0 0 0 0 0 0 0 0 0 0 0 0 0 0 0 0 0
FILT_W 0.021511792 0.0095091383 -0.0114152345
FILT_DQ 0.0232001848 0.0142309386 0.00329900288 -0.00811777893 -0.0184759418 -0.0263752997 -0.0307484545 -0.031005263 -0.0271127101 -0.0195993774 -0.00948390205 0.00186289103 0.0129035238 0.0221419557 0.0283260654 0.0306171199 0.028703293 0.0228418693 0.0138244222 0.00286967819 -0.00854143245 -0.0188662122 -0.0267089933 -0.0310100349
FLAGS 1 1 0 0
STATE 2 0.48 0.72 0.72
GAIT 0 0 1
STEP 81 RESET 0
CMD 0 0 0
W -0 -0 -0
DQ -0 -0 -0 -0 -0 -0 -0 -0 -0 -0 -0 -0 -0 -0 -0 -0 -0 -0 -0 -0 -0 -0 -0 -0
FILT_W 0.0193606128 0.00855822447 -0.010273711
FILT_DQ 0.0208801663 0.0128078447 0.00296910259 -0.00730600103 -0.0166283476 -0.0237377698 -0.0276736091 -0.0279047367 -0.0244014391 -0.0176394397 -0.00853551185 0.00167660192 0.0116131714 0.0199277601 0.0254934589 0.0275554079 0.0258329637 0.0205576824 0.01244198 0.00258271037 -0.0076872892 -0.016979591 -0.024038094 -0.0279090315
FLAGS 1 1 0 0
STATE 2 0.5 0.74 0.74
GAIT 0 0 1
STEP 82 RESET 0
CMD 0 0 0
W 0 0 0
DQ 0 0 0 0 0 0 0 0 0 0 0 0 0 0 0 0 0 0 0 0 0 0 0 0
FILT_W 0.0174245515 0.00770240203 -0.00924633991
FILT_DQ 0.0187921497 0.0115270603 0.00267219233 -0.00657540093 -0.0149655128 -0.0213639928 -0.0249062482 -0.025114263 -0.0219612952 -0.0158754957 -0.00768196066 0.00150894173 0.0104518543 0.0179349841 0.022944113 0.0247998671 0.0232496673 0.0185019141 0.011197782 0.00232443933 -0.00691856028 -0.0152816319 -0.0216342846 -0.0251181283
FLAGS 1 1 0 0
STATE 2 0.52 0.76 0.76
GAIT 0 0 1
STEP 83 RESET 0
CMD 0 0 0
W -0 -0 -0
DQ -0 -0 -0 -0 -0 -0 -0 -0 -0 -0 -0 -0 -0 -0 -0 -0 -0 -0 -0 -0 -0 -0 -0 -0
FILT_W 0.0156820964 0.00693216182 -0.00832170592
FILT_DQ 0.0169129347 0.0103743542 0.0024049731 -0.00591786084 -0.0134689616 -0.0192275935 -0.0224156234 -0.0226028367 -0.0197651657 -0.0142879461 -0.00691376459 0.00135804756 0.00940666887 0.0161414857 0.0206497017 0.0223198804 0.0209247006 0.0166517227 0.0100780038 0.0020919954 -0.00622670426 -0.0137534687 -0.0194708561 -0.0226063155
FLAGS 1 1 0 0
STATE 2 0.54 0.78 0.78
GAIT 0 0 1
STEP 84 RESET 0
CMD 0 0 0
W 0 0 0
DQ 0 0 0 0 0 0 0 0 0 0 0 0 0 0 0 0 0 0 0 0 0 0 0 0
FILT_W 0.0141138867 0.00623894564 -0.00748953533
FILT_DQ 0.0152216412 0.0093369188 0.00216447579 -0.00532607475 -0.0121220654 -0.0173048342 -0.020174061 -0.0203425531 -0.0177886491 -0.0128591515 -0.00622238814 0.0012222428 0.00846600198 0.0145273371 0.0185847315 0.0200878924 0.0188322305 0.0149865504 0.00907020344 0.00188279586 -0.00560403383 -0.0123781218 -0.0175237705 -0.0203456839
FLAGS 1 1 0 0
STATE 2 0.56 0.8 0.8
GAIT 0 0 1
STEP 85 RESET 0
CMD 0 0 0
W -0 -0 -0
DQ -0 -0 -0 -0 -0 -0 -0 -0 -0 -0 -0 -0 -0 -0 -0 -0 -0 -0 -0 -0 -0 -0 -0 -0
FILT_W 0.0127024981 0.00561505108 -0.00674058179
FILT_DQ 0.0136994771 0.00840322692 0.00194802821 -0.00479346728 -0.0109098589 -0.0155743507 -0.0181566549 -0.0183082977 -0.0160097842 -0.0115732364 -0.00560014932 0.00110001852 0.00761940178 0.0130746034 0.0167262584 0.0180791031 0.0169490075 0.0134878954 0.00816318309 0.00169451627 -0.00504363045 -0.0111403096 -0.0157713934 -0.0183111155
FLAGS 1 1 0 0
STATE 2 0.58 0.82 0.82
GAIT 0 0 1
STEP 86 RESET 0
CMD 0 0 0
W 0 0 0
DQ 0 0 0 0 0 0 0 0 0 0 0 0 0 0 0 0 0 0 0 0 0 0 0 0
FILT_W 0.0114322482 0.00505354597 -0.00606652361
FILT_DQ 0.0123295294 0.00756290423 0.00175322539 -0.00431412055 -0.00981887298 -0.0140169157 -0.0163409894 -0.016477468 -0.0144088058 -0.0104159127 -0.00504013439 0.00099001667 0.0068574616 0.0117671431 0.0150536325 0.0162711928 0.0152541067 0.0121391059 0.00734686478 0.00152506465 -0.0045392674 -0.0100262787 -0.0141942541 -0.016480004
FLAGS 1 1 0 0
STATE 2 0.6 0.84 0.84
GAIT 0 0 1
STEP 87 RESET 0
CMD 0 0 0
W -0 -0 -0
DQ -0 -0 -0 -0 -0 -0 -0 -0 -0 -0 -0 -0 -0 -0 -0 -0 -0 -0 -0 -0 -0 -0 -0 -0
FILT_W 0.0102890234 0.00454819137 -0.00545987125
FILT_DQ 0.0110965765 0.00680661381 0.00157790285 -0.0038827085 -0.00883698568 -0.0126152241 -0.0147068905 -0.0148297212 -0.0129679252 -0.00937432145 -0.00453612095 0.000891015003 0.00617171544 0.0105904288 0.0135482693 0.0146440735 0.0137286961 0.0109251953 0.0066121783 0.00137255818 -0.00408534066 -0.0090236508 -0.0127748287 -0.0148320036
FLAGS 1 1 0 0
STATE 2 0.62 0.86 0.86
GAIT 0 0 1
STEP 88 RESET 0
CMD 0 0 0
W 0 0 0
DQ 0 0 0 0 0 0 0 0 0 0 0 0 0 0 0 0 0 0 0 0 0 0 0 0
FILT_W 0.00926012108 0.00409337224 -0.00491388413
FILT_DQ 0.00998691881 0.00612595243 0.00142011257 -0.00349443765 -0.00795328711 -0.0113537017 -0.0132362014 -0.0133467491 -0.0116711327 -0.00843688931 -0.00408250886 0.000801913503 0.0055545439 0.00953138589 0.0121934423 0.0131796662 0.0123558265 0.00983267575 0.00595096047 0.00123530236 -0.0036768066 -0.00812128572 -0.0114973458 -0.0133488032
FLAGS 1 1 0 0
STATE 2 0.64 0.88 0.88
GAIT 0 0 1
STEP 89 RESET 0
CMD 0 0 0
W -0 -0 -0
DQ -0 -0 -0 -0 -0 -0 -0 -0 -0 -0 -0 -0 -0 -0 -0 -0 -0 -0 -0 -0 -0 -0 -0 -0
FILT_W 0.00833410897 0.00368403501 -0.00442249571
FILT_DQ 0.00898822692 0.00551335718 0.00127810131 -0.00314499388 -0.0071579584 -0.0102183315 -0.0119125813 -0.0120120742 -0.0105040194 -0.00759320038 -0.00367425797 0.000721722153 0.00499908951 0.0085782473 0.0109740981 0.0118616996 0.0111202438 0.00884940817 0.00535586443 0.00111177213 -0.00330912594 -0.00730915715 -0.0103476112 -0.0120139229
FLAGS 1 1 0 0
STATE 2 0.66 0.9 0.9
GAIT 0 0 1
STEP 90 RESET 0
CMD 0 0 0
W 0 0 0
DQ 0 0 0 0 0 0 0 0 0 0 0 0 0 0 0 0 0 0 0 0 0 0 0 0
FILT_W 0.00750069807 0.00331563151 -0.00398024614
FILT_DQ 0.00808940423 0.00496202147 0.00115029118 -0.00283049449 -0.00644216256 -0.00919649837 -0.0107213232 -0.0108108667 -0.00945361746 -0.00683388034 -0.00330683217 0.000649549937 0.00449918056 0.00772042257 0.0098766883 0.0106755296 0.0100082194 0.00796446736 0.00482027798 0.00100059491 -0.00297821334 -0.00657824143 -0.00931285012 -0.0108125306
FLAGS 1 1 0 0
STATE 2 0.68 0.92 0.92
GAIT 0 0 1
STEP 91 RESET 0
CMD 0 0 0
W -0 -0 -0
DQ -0 -0 -0 -0 -0 -0 -0 -0 -0 -0 -0 -0 -0 -0 -0 -0 -0 -0 -0 -0 -0 -0 -0 -0
FILT_W 0.00675062827 0.00298406836 -0.00358222153
FILT_DQ 0.00728046381 0.00446581932 0.00103526206 -0.00254744504 -0.0057979463 -0.00827684853 -0.00964919085 -0.00972978006 -0.00850825572 -0.00615049231 -0.00297614896 0.000584594944 0.0040492625 0.00694838031 0.00888901947 0.00960797665 0.00900739748 0.00716802062 0.00433825019 0.000900535423 -0.00268039201 -0.00592041729 -0.0083815651 -0.00973127755
FLAGS 1 1 0 0
STATE 2 0.7 0.94 0.94
GAIT 0 0 1
STEP 92 RESET 0
CMD 0 0 0
W 0 0 0
DQ 0 0 0 0 0 0 0 0 0 0 0 0 0 0 0 0 0 0 0 0 0 0 0 0
FILT_W 0.00607556544 0.00268566152 -0.00322399938
FILT_DQ 0.00655241743 0.00401923739 0.000931735855 -0.00229270054 -0.00521815167 -0.00744916368 -0.00868427176 -0.00875680206 -0.00765743014 -0.00553544307 -0.00267853406 0.000526135449 0.00364433625 0.00625354228 0.00800011752 0.00864717899 0.00810665774 0.00645121856 0.00390442517 0.000810481881 -0.00241235281 -0.00532837556 -0.00754340859 -0.0087581498
FLAGS 1 1 0 0
STATE 2 0.72 0.96 0.96
GAIT 0 0 1
STEP 93 RESET 0
CMD 0 0 0
W -0 -0 -0
DQ -0 -0 -0 -0 -0 -0 -0 -0 -0 -0 -0 -0 -0 -0 -0 -0 -0 -0 -0 -0 -0 -0 -0 -0
FILT_W 0.0054680089 0.00241709537 -0.00290159944
FILT_DQ 0.00589717569 0.00361731365 0.000838562269 -0.00206343049 -0.00469633651 -0.00670424731 -0.00781584459 -0.00788112185 -0.00689168713 -0.00498189877 -0.00241068065 0.000473521904 0.00327990263 0.00562818805 0.00720010577 0.00778246109 0.00729599196 0.0058060967 0.00351398265 0.000729433693 -0.00217111753 -0.004795538 -0.00678906773 -0.00788233482
FLAGS 1 1 0 0
STATE 2 0.74 0.98 0.98
GAIT 0 0 1
STEP 94 RESET 0
CMD 0 0 0
W 0 0 0
DQ 0 0 0 0 0 0 0 0 0 0 0 0 0 0 0 0 0 0 0 0 0 0 0 0
FILT_W 0.00492120801 0.00217538583 -0.00261143949
FILT_DQ 0.00530745812 0.00325558228 0.000754706042 -0.00185708744 -0.00422670286 -0.00603382258 -0.00703426013 -0.00709300967 -0.00620251842 -0.00448370889 -0.00216961259 0.000426169714 0.00295191236 0.00506536925 0.00648009519 0.00700421498 0.00656639277 0.00522548703 0.00316258439 0.000656490324 -0.00195400577 -0.0043159842 -0.00611016096 -0.00709410133
FLAGS 1 1 0 0
STATE 2 0.76 1 1
GAIT 0 0 1
STEP 95 RESET 0
CMD 0 0 0
W -0 -0 -0
DQ -0 -0 -0 -0 -0 -0 -0 -0 -0 -0 -0 -0 -0 -0 -0 -0 -0 -0 -0 -0 -0 -0 -0 -0
FILT_W 0.00442908721 0.00195784725 -0.00235029554
FILT_DQ 0.00477671231 0.00293002406 0.000679235438 -0.00167137869 -0.00380403257 -0.00543044032 -0.00633083411 -0.0063837087 -0.00558226658 -0.004035338 -0.00195265133 0.000383552743 0.00265672113 0.00455883232 0.00583208567 0.00630379348 0.00590975349 0.00470293833 0.00284632595 0.000590841291 -0.0017586052 -0.00388438578 -0.00549914486 -0.0063846912
FLAGS 1 1 0 0
STATE 2 0.78 1.02 1.02
GAIT 0 0 1
STEP 96 RESET 0
CMD 0 0 0
W 0 0 0
DQ 0 0 0 0 0 0 0 0 0 0 0 0 0 0 0 0 0 0 0 0 0 0 0 0
FILT_W 0.00398617849 0.00176206253 -0.00211526599
FILT_DQ 0.00429904107 0.00263702165 0.000611311894 -0.00150424082 -0.00342362931 -0.00488739629 -0.0056977507 -0.00574533783 -0.00502403992 -0.0036318042 -0.0017573862 0.000345197468 0.00239104901 0.00410294909 0.0052488771 0.00567341413 0.00531877814 0.0042326445 0.00256169335 0.000531757162 -0.00158274468 -0.0034959472 -0.00494923038 -0.00574622208
FLAGS 1 1 0 0
STATE 2 0.8 1.04 1.04
GAIT 0 0 1
STEP 97 RESET 0
CMD 0 0 0
W -0 -0 -0
DQ -0 -0 -0 -0 -0 -0 -0 -0 -0 -0 -0 -0 -0 -0 -0 -0 -0 -0 -0 -0 -0 -0 -0 -0
FILT_W 0.00358756064 0.00158585627 -0.00190373939
FILT_DQ 0.00386913697 0.00237331949 0.000550180705 -0.00135381674 -0.00308126638 -0.00439865666 -0.00512797563 -0.00517080405 -0.00452163593 -0.00326862378 -0.00158164758 0.000310677721 0.00215194411 0.00369265418 0.00472398939 0.00510607272 0.00478690033 0.00380938005 0.00230552402 0.000478581446 -0.00142447021 -0.00314635248 -0.00445430734 -0.00517159987
FLAGS 1 1 0 0
STATE 2 0.82 1.06 1.06
GAIT 0 0 1
STEP 98 RESET 0
CMD 0 0 0
W 0 0 0
DQ 0 0 0 0 0 0 0 0 0 0 0 0 0 0 0 0 0 0 0 0 0 0 0 0
FILT_W 0.00322880457 0.00142727065 -0.00171336545
FILT_DQ 0.00348222327 0.00213598754 0.000495162634 -0.00121843507 -0.00277313974 -0.00395879099 -0.00461517807 -0.00465372364 -0.00406947233 -0.0029417614 -0.00142348282 0.000279609949 0.0019367497 0.00332338876 0.00425159045 0.00459546545 0.00430821029 0.00342844204 0.00207497162 0.000430723301 -0.00128202319 -0.00283171724 -0.00400887661 -0.00465443989
FLAGS 1 1 0 0
STATE 2 0.84 1.08 1.08
GAIT 0 0 1
STEP 99 RESET 0
CMD 0 0 0
W -0 -0 -0
DQ -0 -0 -0 -0 -0 -0 -0 -0 -0 -0 -0 -0 -0 -0 -0 -0 -0 -0 -0 -0 -0 -0 -0 -0
FILT_W 0.00290592412 0.00128454358 -0.00154202891
FILT_DQ 0.00313400094 0.00192238878 0.000445646371 -0.00109659156 -0.00249582577 -0.00356291189 -0.00415366026 -0.00418835128 -0.0036625251 -0.00264758526 -0.00128113454 0.000251648954 0.00174307473 0.00299104989 0.00382643141 0.0041359189 0.00387738926 0.00308559784 0.00186747445 0.000387650971 -0.00115382087 -0.00254854551 -0.00360798895 -0.0041889959
FLAGS 1 1 0 0
STATE 2 0.86 1.1 1.1
GAIT 0 0 1
STEP 100 RESET 0
CMD 0 0 0
W 0 0 0
DQ 0 0 0 0 0 0 0 0 0 0 0 0 0 0 0 0 0 0 0 0 0 0 0 0
FILT_W 0.0026153317 0.00115608922 -0.00138782602
FILT_DQ 0.00282060085 0.0017301499 0.000401081734 -0.000986932405 -0.00224624319 -0.00320662071 -0.00373829424 -0.00376951615 -0.00329627259 -0.00238282674 -0.00115302108 0.000226484059 0.00156876726 0.0026919449 0.00344378827 0.00372232701 0.00348965034 0.00277703805 0.00168072701 0.000348885874 -0.00103843878 -0.00229369096 -0.00324719005 -0.00377009631
FLAGS 1 1 0 0
STATE 2 0.88 1.12 1.12
GAIT 0 0 1
STEP 101 RESET 0
CMD 0 0 0
W -0 -0 -0
DQ -0 -0 -0 -0 -0 -0 -0 -0 -0 -0 -0 -0 -0 -0 -0 -0 -0 -0 -0 -0 -0 -0 -0 -0
FILT_W 0.00235379853 0.0010404803 -0.00124904341
FILT_DQ 0.00253854076 0.00155713491 0.00036097356 -0.000888239164 -0.00202161887 -0.00288595863 -0.00336446481 -0.00339256453 -0.00296664533 -0.00214454406 -0.00103771898 0.000203835653 0.00141189053 0.00242275041 0.00309940944 0.00335009431 0.0031406853 0.00249933425 0.00151265431 0.000313997287 -0.000934594904 -0.00206432186 -0.00292247105 -0.00339308668
FLAGS 1 1 0 0
STATE 2 0.9 1.14 1.14
GAIT 0 0 1
STEP 102 RESET 0
CMD 0 0 0
W 0 0 0
DQ 0 0 0 0 0 0 0 0 0 0 0 0 0 0 0 0 0 0 0 0 0 0 0 0
FILT_W 0.00211841868 0.000936432271 -0.00112413907
FILT_DQ 0.00228468669 0.00140142142 0.000324876204 -0.000799415248 -0.00181945699 -0.00259736277 -0.00302801833 -0.00305330808 -0.0026699808 -0.00193008966 -0.000933947078 0.000183452088 0.00127070148 0.00218047537 0.0027894685 0.00301508488 0.00282661677 0.00224940082 0.00136138888 0.000282597558 -0.000841135414 -0.00185788968 -0.00263022394 -0.00305377801
FLAGS 1 1 0 0
STATE 2 0.92 1.16 1.16
GAIT 0 0 1
STEP 103 RESET 0
CMD 0 0 0
W -0 -0 -0
DQ -0 -0 -0 -0 -0 -0 -0 -0 -0 -0 -0 -0 -0 -0 -0 -0 -0 -0 -0 -0 -0 -0 -0 -0
FILT_W 0.00190657681 0.000842789044 -0.00101172517
FILT_DQ 0.00205621802 0.00126127928 0.000292388584 -0.000719473723 -0.00163751129 -0.00233762649 -0.0027252165 -0.00274797727 -0.00240298272 -0.00173708069 -0.00084055237 0.000165106879 0.00114363133 0.00196242783 0.00251052165 0.00271357639 0.0025439551 0.00202446074 0.00122524999 0.000254337802 -0.000757021872 -0.00167210071 -0.00236720155 -0.00274840021
FLAGS 1 1 0 0
STATE 2 0.94 1.18 1.18
GAIT 0 0 1
STEP 104 RESET 0
CMD 0 0 0
W 0 0 0
DQ 0 0 0 0 0 0 0 0 0 0 0 0 0 0 0 0 0 0 0 0 0 0 0 0
FILT_W 0.00171591913 0.000758510139 -0.000910552649
FILT_DQ 0.00185059622 0.00113515135 0.000263149726 -0.000647526351 -0.00147376016 -0.00210386384 -0.00245269485 -0.00247317955 -0.00216268445 -0.00156337262 -0.000756497133 0.000148596191 0.0010292682 0.00176618505 0.00225946948 0.00244221875 0.00228955959 0.00182201467 0.00110272499 0.000228904022 -0.000681319685 -0.00150489064 -0.00213048139 -0.00247356019
FLAGS 1 1 0 0
STATE 2 0.96 1.2 1.2
GAIT 0 0 1
STEP 105 RESET 0
CMD 0 0 0
W -0 -0 -0
DQ -0 -0 -0 -0 -0 -0 -0 -0 -0 -0 -0 -0 -0 -0 -0 -0 -0 -0 -0 -0 -0 -0 -0 -0
FILT_W 0.00154432722 0.000682659125 -0.000819497384
FILT_DQ 0.0016655366 0.00102163622 0.000236834753 -0.000582773716 -0.00132638414 -0.00189347746 -0.00220742536 -0.00222586159 -0.001946416 -0.00140703536 -0.00068084742 0.000133736572 0.000926341379 0.00158956654 0.00203352253 0.00219799688 0.00206060363 0.0016398132 0.000992452491 0.00020601362 -0.000613187717 -0.00135440158 -0.00191743325 -0.00222620417
FLAGS 1 1 0 0
STATE 2 0.98 1.22 1.22
GAIT 0 0 1
STEP 106 RESET 0
CMD 0 0 0
W 0 0 0
DQ 0 0 0 0 0 0 0 0 0 0 0 0 0 0 0 0 0 0 0 0 0 0 0 0
FILT_W 0.0013898945 0.000614393213 -0.000737547646
FILT_DQ 0.00149898294 0.000919472595 0.000213151278 -0.000524496344 -0.00119374573 -0.00170412971 -0.00198668283 -0.00200327543 -0.0017517744 -0.00126633182 -0.000612762678 0.000120362915 0.000833707241 0.00143060989 0.00183017028 0.00197819719 0.00185454327 0.00147583188 0.000893207242 0.000185412258 -0.000551868945 -0.00121896142 -0.00172568993 -0.00200358375
FLAGS 1 1 0 0
STATE 2 1 1.24 1.24
GAIT 0 0 1
STEP 107 RESET 0
CMD 0 0 0
W -0 -0 -0
DQ -0 -0 -0 -0 -0 -0 -0 -0 -0 -0 -0 -0 -0 -0 -0 -0 -0 -0 -0 -0 -0 -0 -0 -0
FILT_W 0.00125090505 0.000552953891 -0.000663792881
FILT_DQ 0.00134908464 0.000827525336 0.00019183615 -0.00047204671 -0.00107437116 -0.00153371674 -0.00178801454 -0.00180294789 -0.00157659696 -0.00113969864 -0.00055148641 0.000108326623 0.000750336517 0.0012875489 0.00164715325 0.00178037747 0.00166908894 0.00132824869 0.000803886518 0.000166871032 -0.000496682051 -0.00109706528 -0.00155312094 -0.00180322538
FLAGS 1 1 0 0
STATE 2 1.02 1.26 1.26
GAIT 0 0 1
STEP 108 RESET 0
CMD 0 0 0
W 0 0 0
DQ 0 0 0 0 0 0 0 0 0 0 0 0 0 0 0 0 0 0 0 0 0 0 0 0
FILT_W 0.00112581454 0.000497658502 -0.000597413593
FILT_DQ 0.00121417618 0.000744772802 0.000172652535 -0.000424842039 -0.00096693404 -0.00138034507 -0.00160921309 -0.0016226531 -0.00141893727 -0.00102572878 -0.000496337769 9.7493961e-05 0.000675302865 0.00115879401 0.00148243793 0.00160233972 0.00150218004 0.00119542382 0.000723497866 0.000150183929 -0.000447013845 -0.000987358749 -0.00139780884 -0.00162290284
FLAGS 1 1 0 0
STATE 2 1.04 1.28 1.28
GAIT 0 0 1
STEP 109 RESET 0
CMD 0 0 0
W -0 -0 -0
DQ -0 -0 -0 -0 -0 -0 -0 -0 -0 -0 -0 -0 -0 -0 -0 -0 -0 -0 -0 -0 -0 -0 -0 -0
FILT_W 0.00101323309 0.000447892652 -0.000537672234
FILT_DQ 0.00109275856 0.000670295522 0.000155387281 -0.000382357835 -0.000870240636 -0.00124231056 -0.00144829178 -0.00146038779 -0.00127704354 -0.000923155899 -0.000446703992 8.77445649e-05 0.000607772578 0.00104291461 0.00133419413 0.00144210575 0.00135196204 0.00107588144 0.000651148079 0.000135165536 -0.000402312461 -0.000888622874 -0.00125802796 -0.00146061256
FLAGS 1 1 0 0
STATE 2 1.06 1.3 1.3
GAIT 0 0 1
STEP 110 RESET 0
CMD 0 0 0
W 0 0 0
DQ 0 0 0 0 0 0 0 0 0 0 0 0 0 0 0 0 0 0 0 0 0 0 0 0
FILT_W 0.000911909779 0.000403103387 -0.000483905011
FILT_DQ 0.000983482704 0.00060326597 0.000139848553 -0.000344122051 -0.000783216572 -0.00111807951 -0.0013034626 -0.00131434901 -0.00114933918 -0.00083084031 -0.000402033593 7.89701084e-05 0.000546995321 0.000938623148 0.00120077472 0.00129789518 0.00121676584 0.000968293297 0.000586033272 0.000121648982 -0.000362081215 -0.000799760586 -0.00113222516 -0.0013145513
FLAGS 1 1 0 0
STATE 2 1.08 1.32 1.32
GAIT 0 0 1
STEP 111 RESET 0
CMD 0 0 0
W -0 -0 -0
DQ -0 -0 -0 -0 -0 -0 -0 -0 -0 -0 -0 -0 -0 -0 -0 -0 -0 -0 -0 -0 -0 -0 -0 -0
FILT_W 0.000820718801 0.000362793048 -0.000435514509
FILT_DQ 0.000885134434 0.000542939373 0.000125863698 -0.000309709846 -0.000704894915 -0.00100627155 -0.00117311634 -0.00118291411 -0.00103440527 -0.000747756279 -0.000361830234 7.10730975e-05 0.000492295789 0.000844760833 0.00108069725 0.00116810566 0.00109508925 0.000871463967 0.000527429944 0.000109484084 -0.000325873093 -0.000719784528 -0.00101900265 -0.00118309617
FLAGS 1 1 0 0
STATE 2 1.1 1.34 1.34
GAIT 0 0 1
STEP 112 RESET 0
CMD 0 0 0
W 0 0 0
DQ 0 0 0 0 0 0 0 0 0 0 0 0 0 0 0 0 0 0 0 0 0 0 0 0
FILT_W 0.000738646921 0.000326513743 -0.000391963059
FILT_DQ 0.00079662099 0.000488645436 0.000113277328 -0.000278738862 -0.000634405424 -0.000905644399 -0.00105580471 -0.0010646227 -0.00093096474 -0.000672980651 -0.00032564721 6.39657878e-05 0.00044306621 0.00076028475 0.000972627524 0.00105129509 0.000985580327 0.00078431757 0.00047468695 9.85356757e-05 -0.000293285784 -0.000647806075 -0.000917102381 -0.00106478655
FLAGS 1 1 0 0
STATE 2 1.12 1.36 1.36
GAIT 0 0 1
STEP 113 RESET 0
CMD 0 0 0
W -0 -0 -0
DQ -0 -0 -0 -0 -0 -0 -0 -0 -0 -0 -0 -0 -0 -0 -0 -0 -0 -0 -0 -0 -0 -0 -0 -0
FILT_W 0.000664782229 0.000293862369 -0.000352766753
FILT_DQ 0.000716958891 0.000439780892 0.000101949595 -0.000250864975 -0.000570964881 -0.00081507996 -0.000950224237 -0.000958160429 -0.000837868266 -0.000605682586 -0.000293082489 5.7569209e-05 0.000398759589 0.000684256275 0.000875364772 0.000946165584 0.000887022295 0.000705885813 0.000427218255 8.86821081e-05 -0.000263957206 -0.000583025467 -0.000825392143 -0.000958307897
FLAGS 1 1 0 0
STATE 2 1.14 1.38 1.38
GAIT 0 0 1
STEP 114 RESET 0
CMD 0 0 0
W 0 0 0
DQ 0 0 0 0 0 0 0 0 0 0 0 0 0 0 0 0 0 0 0 0 0 0 0 0
FILT_W 0.000598304006 0.000264476132 -0.000317490077
FILT_DQ 0.000645263002 0.000395802803 9.17546358e-05 -0.000225778478 -0.000513868393 -0.000733571964 -0.000855201814 -0.000862344386 -0.000754081439 -0.000545114327 -0.00026377424 5.18122881e-05 0.00035888363 0.000615830647 0.000787828295 0.000851549025 0.000798320065 0.000635297232 0.000384496429 7.98138973e-05 -0.000237561485 -0.000524722921 -0.000742852929 -0.000862477108
FLAGS 1 1 0 0
STATE 2 1.16 1.4 1.4
GAIT 0 0 1
STEP 115 RESET 0
CMD 0 0 0
W -0 -0 -0
DQ -0 -0 -0 -0 -0 -0 -0 -0 -0 -0 -0 -0 -0 -0 -0 -0 -0 -0 -0 -0 -0 -0 -0 -0
FILT_W 0.000538473605 0.000238028519 -0.00028574107
FILT_DQ 0.000580736702 0.000356222523 8.25791722e-05 -0.00020320063 -0.000462481554 -0.000660214767 -0.000769681632 -0.000776109947 -0.000678673295 -0.000490602894 -0.000237396816 4.66310593e-05 0.000322995267 0.000554247583 0.000709045465 0.000766394123 0.000718488059 0.000571767509 0.000346046787 7.18325076e-05 -0.000213805337 -0.000472250629 -0.000668567636 -0.000776229397
FLAGS 1 1 0 0
STATE 2 1.18 1.42 1.42
GAIT 0 0 1
STEP 116 RESET 0
CMD 0 0 0
W 0 0 0
DQ 0 0 0 0 0 0 0 0 0 0 0 0 0 0 0 0 0 0 0 0 0 0 0 0
FILT_W 0.000484626245 0.000214225667 -0.000257166963
FILT_DQ 0.000522663032 0.00032060027 7.4321255e-05 -0.000182880567 -0.000416233398 -0.000594193291 -0.000692713469 -0.000698498953 -0.000610805966 -0.000441542605 -0.000213657135 4.19679534e-05 0.00029069574 0.000498822824 0.000638140919 0.000689754711 0.000646639253 0.000514590758 0.000311442108 6.46492568e-05 -0.000192424803 -0.000425025566 -0.000601710872 -0.000698606457
FLAGS 1 1 0 0
STATE 2 1.2 1.44 1.44
GAIT 0 0 1
STEP 117 RESET 0
CMD 0 0 0
W -0 -0 -0
DQ -0 -0 -0 -0 -0 -0 -0 -0 -0 -0 -0 -0 -0 -0 -0 -0 -0 -0 -0 -0 -0 -0 -0 -0
FILT_W 0.00043616362 0.0001928031 -0.000231450266
FILT_DQ 0.000470396729 0.000288540243 6.68891295e-05 -0.00016459251 -0.000374610059 -0.000534773961 -0.000623442122 -0.000628649057 -0.000549725369 -0.000397388344 -0.000192291421 3.7771158e-05 0.000261626166 0.000448940542 0.000574326827 0.00062077924 0.000581975328 0.000463131682 0.000280297897 5.81843312e-05 -0.000173182323 -0.000382523009 -0.000541539785 -0.000628745811
FLAGS 1 1 0 0
STATE 2 1.22 1.46 1.46
GAIT 0 0 1
STEP 118 RESET 0
CMD 0 0 0
W 0 0 0
DQ 0 0 0 0 0 0 0 0 0 0 0 0 0 0 0 0 0 0 0 0 0 0 0 0
FILT_W 0.000392547258 0.00017352279 -0.00020830524
FILT_DQ 0.000423357056 0.000259686219 6.02002166e-05 -0.000148133259 -0.000337149053 -0.000481296565 -0.00056109791 -0.000565784152 -0.000494752832 -0.00035764951 -0.000173062279 3.39940422e-05 0.00023546355 0.000404046488 0.000516894144 0.000558701316 0.000523777795 0.000416818514 0.000252268107 5.2365898e-05 -0.00015586409 -0.000344270708 -0.000487385806 -0.00056587123
FLAGS 1 1 0 0
STATE 2 1.24 1.48 1.48
GAIT 0 0 1
STEP 119 RESET 0
CMD 0 0 0
W -0 -0 -0
DQ -0 -0 -0 -0 -0 -0 -0 -0 -0 -0 -0 -0 -0 -0 -0 -0 -0 -0 -0 -0 -0 -0 -0 -0
FILT_W 0.000353292532 0.000156170511 -0.000187474716
FILT_DQ 0.00038102135 0.000233717597 5.41801949e-05 -0.000133319933 -0.000303434147 -0.000433166909 -0.000504988119 -0.000509205737 -0.000445277549 -0.000321884559 -0.000155756051 3.0594638e-05 0.000211917195 0.000363641839 0.00046520473 0.000502831184 0.000471400015 0.000375136663 0.000227041297 4.71293082e-05 -0.000140277681 -0.000309843637 -0.000438647226 -0.000509284107
FLAGS 1 1 1 0
STATE 2 1.26 1.5 1.5
GAIT 0 0 1
STEP 120 RESET 0
CMD 0 0 0
W 0 0 0
DQ 0 0 0 0 0 0 0 0 0 0 0 0 0 0 0 0 0 0 0 0 0 0 0 0
FILT_W 0.000317963279 0.00014055346 -0.000168727244
FILT_DQ 0.000342919215 0.000210345837 4.87621754e-05 -0.00011998794 -0.000273090733 -0.000389850218 -0.000454489307 -0.000458285163 -0.000400749794 -0.000289696103 -0.000140180446 2.75351742e-05 0.000190725475 0.000327277655 0.000418684257 0.000452548066 0.000424260014 0.000337622996 0.000204337167 4.24163774e-05 -0.000126249913 -0.000278859274 -0.000394782503 -0.000458355697
FLAGS 1 1 1 0
STATE 2 1.28 1.52 1.52
GAIT 0 0 1
STEP 121 RESET 0
CMD 0 0 0
W -0 -0 -0
DQ -0 -0 -0 -0 -0 -0 -0 -0 -0 -0 -0 -0 -0 -0 -0 -0 -0 -0 -0 -0 -0 -0 -0 -0
FILT_W 0.000286166951 0.000126498114 -0.00015185452
FILT_DQ 0.000308627294 0.000189311254 4.38859579e-05 -0.000107989146 -0.000245781659 -0.000350865196 -0.000409040376 -0.000412456647 -0.000360674815 -0.000260726493 -0.000126162401 2.47816568e-05 0.000171652928 0.00029454989 0.000376815831 0.000407293259 0.000381834012 0.000303860697 0.00018390345 3.81747397e-05 -0.000113624922 -0.000250973346 -0.000355304253 -0.000412520127
FLAGS 1 1 1 0
STATE 2 1.3 1.54 1.54
GAIT 0 0 1
STEP 122 RESET 0
CMD 0 0 0
W 0 0 0
DQ 0 0 0 0 0 0 0 0 0 0 0 0 0 0 0 0 0 0 0 0 0 0 0 0
FILT_W 0.000257550256 0.000113848303 -0.000136669068
FILT_DQ 0.000277764564 0.000170380128 3.94973621e-05 -9.71902315e-05 -0.000221203494 -0.000315778676 -0.000368136339 -0.000371210982 -0.000324607333 -0.000234653844 -0.000113546161 2.23034911e-05 0.000154487635 0.000265094901 0.000339134248 0.000366563933 0.000343650611 0.000273474627 0.000165513105 3.43572657e-05 -0.00010226243 -0.000225876012 -0.000319773828 -0.000371268114
FLAGS 1 1 1 0
STATE 2 1.32 1.56 1.56
GAIT 0 0 1
STEP 123 RESET 0
CMD 0 0 0
W -0 -0 -0
DQ -0 -0 -0 -0 -0 -0 -0 -0 -0 -0 -0 -0 -0 -0 -0 -0 -0 -0 -0 -0 -0 -0 -0 -0
FILT_W 0.000231795231 0.000102463472 -0.000123002161
FILT_DQ 0.000249988108 0.000153342115 3.55476259e-05 -8.74712083e-05 -0.000199083144 -0.000284200809 -0.000331322705 -0.000334089884 -0.0002921466 -0.000211188459 -0.000102191545 2.0073142e-05 0.000139038871 0.000238585411 0.000305220823 0.00032990754 0.00030928555 0.000246127164 0.000148961795 3.09215391e-05 -9.20361867e-05 -0.000203288411 -0.000287796445 -0.000334141303
FLAGS 1 1 1 0
STATE 2 1.34 1.58 1.58
GAIT 0 0 1
STEP 124 RESET 0
CMD 0 0 0
W 0 0 0
DQ 0 0 0 0 0 0 0 0 0 0 0 0 0 0 0 0 0 0 0 0 0 0 0 0
FILT_W 0.000208615708 9.22171252e-05 -0.000110701945
FILT_DQ 0.000224989297 0.000138007904 3.19928633e-05 -7.87240875e-05 -0.00017917483 -0.000255780728 -0.000298190434 -0.000300680895 -0.00026293194 -0.000190069613 -9.19723906e-05 1.80658278e-05 0.000125134984 0.000214726869 0.000274698741 0.000296916786 0.000278356995 0.000221514448 0.000134065615 2.78293852e-05 -8.2832568e-05 -0.000182959569 -0.0002590168 -0.000300727173
FLAGS 1 1 1 0
STATE 2 1.36 1.6 1.6
GAIT 0 0 1
STEP 125 RESET 0
CMD 0 0 0
W -0 -0 -0
DQ -0 -0 -0 -0 -0 -0 -0 -0 -0 -0 -0 -0 -0 -0 -0 -0 -0 -0 -0 -0 -0 -0 -0 -0
FILT_W 0.000187754137 8.29954127e-05 -9.96317504e-05
FILT_DQ 0.000202490367 0.000124207113 2.8793577e-05 -7.08516787e-05 -0.000161257347 -0.000230202655 -0.000268371391 -0.000270612806 -0.000236638746 -0.000171062652 -8.27751516e-05 1.6259245e-05 0.000112621486 0.000193254183 0.000247228867 0.000267225107 0.000250521296 0.000199363003 0.000120659054 2.50464467e-05 -7.45493112e-05 -0.000164663613 -0.00023311512 -0.000270654455
FLAGS 1 1 1 0
STATE 2 1.38 1.62 1.62
GAIT 0 0 1
STEP 126 RESET 0
CMD 0 0 0
W 0 0 0
DQ 0 0 0 0 0 0 0 0 0 0 0 0 0 0 0 0 0 0 0 0 0 0 0 0
FILT_W 0.000168978723 7.46958714e-05 -8.96685754e-05
FILT_DQ 0.000182241331 0.000111786402 2.59142193e-05 -6.37665109e-05 -0.000145131612 -0.00020718239 -0.000241534252 -0.000243551525 -0.000212974871 -0.000153956387 -7.44976364e-05 1.46333205e-05 0.000101359337 0.000173928764 0.00022250598 0.000240502597 0.000225469166 0.000179426703 0.000108593148 2.2541802e-05 -6.70943801e-05 -0.000148197251 -0.000209803608 -0.00024358901
FLAGS 1 1 1 0
STATE 2 1.4 1.64 1.64
GAIT 0 0 1
STEP 127 RESET 0
CMD 0 0 0
W -0 -0 -0
DQ -0 -0 -0 -0 -0 -0 -0 -0 -0 -0 -0 -0 -0 -0 -0 -0 -0 -0 -0 -0 -0 -0 -0 -0
FILT_W 0.000152080851 6.72262843e-05 -8.07017179e-05
FILT_DQ 0.000164017198 0.000100607762 2.33227973e-05 -5.73898598e-05 -0.000130618451 -0.000186464151 -0.000217380827 -0.000219196373 -0.000191677384 -0.000138560748 -6.70478728e-05 1.31699885e-05 9.12234035e-05 0.000156535888 0.000200255382 0.000216452337 0.000202922249 0.000161484033 9.77338335e-05 2.02876218e-05 -6.03849421e-05 -0.000133377526 -0.000188823247 -0.000219230109
FLAGS 1 1 1 0
STATE 2 1.42 1.66 1.66
GAIT 0 0 1
STEP 128 RESET 0
CMD 0 0 0
W 0 0 0
DQ 0 0 0 0 0 0 0 0 0 0 0 0 0 0 0 0 0 0 0 0 0 0 0 0
FILT_W 0.000136872766 6.05036558e-05 -7.26315461e-05
FILT_DQ 0.000147615478 9.05469857e-05 2.09905176e-05 -5.16508738e-05 -0.000117556606 -0.000167817736 -0.000195642744 -0.000197276735 -0.000172509646 -0.000124704673 -6.03430855e-05 1.18529896e-05 8.21010632e-05 0.000140882299 0.000180229844 0.000194807103 0.000182630024 0.000145335629 8.79604502e-05 1.82588596e-05 -5.43464479e-05 -0.000120039774 -0.000169940923 -0.000197307098
FLAGS 1 1 1 0
STATE 2 1.44 1.68 1.68
GAIT 0 0 1
STEP 129 RESET 0
CMD 0 0 0
W -0 -0 -0
DQ -0 -0 -0 -0 -0 -0 -0 -0 -0 -0 -0 -0 -0 -0 -0 -0 -0 -0 -0 -0 -0 -0 -0 -0
FILT_W 0.000123185489 5.44532903e-05 -6.53683915e-05
FILT_DQ 0.00013285393 8.14922872e-05 1.88914658e-05 -4.64857864e-05 -0.000105800945 -0.000151035962 -0.00017607847 -0.000177549062 -0.000155258681 -0.000112234206 -5.4308777e-05 1.06676907e-05 7.38909568e-05 0.000126794069 0.000162206859 0.000175326393 0.000164367022 0.000130802066 7.91644051e-05 1.64329737e-05 -4.89118031e-05 -0.000108035796 -0.00015294683 -0.000177576388
FLAGS 1 1 1 0
STATE 2 1.46 1.7 1.7
GAIT 0 0 1
STEP 130 RESET 0
CMD 0 0 0
W 0 0 0
DQ 0 0 0 0 0 0 0 0 0 0 0 0 0 0 0 0 0 0 0 0 0 0 0 0
FILT_W 0.00011086694 4.90079612e-05 -5.88315523e-05
FILT_DQ 0.000119568537 7.33430584e-05 1.70023193e-05 -4.18372078e-05 -9.52208507e-05 -0.000135932366 -0.000158470623 -0.000159794156 -0.000139732813 -0.000101010785 -4.88778993e-05 9.60092159e-06 6.65018612e-05 0.000114114662 0.000145986174 0.000157793754 0.00014793032 0.00011772186 7.12479646e-05 1.47896763e-05 -4.40206228e-05 -9.72322166e-05 -0.000137652147 -0.000159818749
FLAGS 1 1 1 0
STATE 2 1.48 1.72 1.72
GAIT 0 0 1
STEP 131 RESET 0
CMD 0 0 0
W -0 -0 -0
DQ -0 -0 -0 -0 -0 -0 -0 -0 -0 -0 -0 -0 -0 -0 -0 -0 -0 -0 -0 -0 -0 -0 -0 -0
FILT_W 9.97802462e-05 4.41071651e-05 -5.29483971e-05
FILT_DQ 0.000107611683 6.60087526e-05 1.53020873e-05 -3.7653487e-05 -8.56987656e-05 -0.000122339129 -0.00014262356 -0.00014381474 -0.000125759532 -9.09097068e-05 -4.39901093e-05 8.64082943e-06 5.9851675e-05 0.000102703196 0.000131387556 0.000142014378 0.000133137288 0.000105949674 6.41231682e-05 1.33107087e-05 -3.96185605e-05 -8.75089949e-05 -0.000123886933 -0.000143836874
FLAGS 1 1 1 0
STATE 0 0 1.74 0
GAIT 1 0 0
STEP 132 RESET 0
CMD 0 0 0
W 0 0 0
DQ 0 0 0 0 0 0 0 0 0 0 0 0 0 0 0 0 0 0 0 0 0 0 0 0
FILT_W 8.98022216e-05 3.96964486e-05 -4.76535574e-05
FILT_DQ 9.6850515e-05 5.94078773e-05 1.37718786e-05 -3.38881383e-05 -7.71288891e-05 -0.000110105216 -0.000128361204 -0.000129433266 -0.000113183579 -8.18187361e-05 -3.95910984e-05 7.77674649e-06 5.38665075e-05 9.24328764e-05 0.000118248801 0.00012781294 0.000119823559 9.53547064e-05 5.77108514e-05 1.19796378e-05 -3.56567045e-05 -7.87580954e-05 -0.000111498239 -0.000129453187
FLAGS 1 1 1 0
STATE 0 0 1.76 0
GAIT 1 0 0
STEP 133 RESET 0
CMD 0 0 0
W -0 -0 -0
DQ -0 -0 -0 -0 -0 -0 -0 -0 -0 -0 -0 -0 -0 -0 -0 -0 -0 -0 -0 -0 -0 -0 -0 -0
FILT_W 8.08219994e-05 3.57268037e-05 -4.28882016e-05
FILT_DQ 8.71654635e-05 5.34670896e-05 1.23946907e-05 -3.04993245e-05 -6.94160002e-05 -9.90946947e-05 -0.000115525084 -0.00011648994 -0.000101865221 -7.36368625e-05 -3.56319886e-05 6.99907184e-06 4.84798568e-05 8.31895888e-05 0.000106423921 0.000115031646 0.000107841203 8.58192357e-05 5.19397662e-05 1.0781674e-05 -3.2091034e-05 -7.08822859e-05 -0.000100348415 -0.000116507868
FLAGS 1 1 1 0
STATE 0 0 1.78 0
GAIT 1 0 0
STEP 134 RESET 0
CMD 0 0 0
W 0 0 0
DQ 0 0 0 0 0 0 0 0 0 0 0 0 0 0 0 0 0 0 0 0 0 0 0 0
FILT_W 7.27397995e-05 3.21541234e-05 -3.85993815e-05
FILT_DQ 7.84489171e-05 4.81203806e-05 1.11552217e-05 -2.7449392e-05 -6.24744001e-05 -8.91852252e-05 -0.000103972576 -0.000104840946 -9.16786987e-05 -6.62731763e-05 -3.20687897e-05 6.29916465e-06 4.36318711e-05 7.48706299e-05 9.57815285e-05 0.000103528482 9.70570828e-05 7.72373121e-05 4.67457896e-05 9.70350663e-06 -2.88819306e-05 -6.37940573e-05 -9.03135739e-05 -0.000104857081
FLAGS 1 1 1 0
STATE 0 0 1.8 0
GAIT 1 0 0
STEP 135 RESET 0
CMD 0 0 0
W -0 -0 -0
DQ -0 -0 -0 -0 -0 -0 -0 -0 -0 -0 -0 -0 -0 -0 -0 -0 -0 -0 -0 -0 -0 -0 -0 -0
FILT_W 6.54658195e-05 2.8938711e-05 -3.47394433e-05
FILT_DQ 7.06040254e-05 4.33083426e-05 1.00396995e-05 -2.47044528e-05 -5.62269601e-05 -8.02667027e-05 -9.3575318e-05 -9.4356851e-05 -8.25108288e-05 -5.96458586e-05 -2.88619107e-05 5.66924819e-06 3.9268684e-05 6.73835669e-05 8.62033756e-05 9.31756336e-05 8.73513745e-05 6.95135809e-05 4.20712106e-05 8.73315596e-06 -2.59937376e-05 -5.74146516e-05 -8.12822165e-05 -9.43713733e-05
FLAGS 1 1 1 0
STATE 0 0 1.82 0
GAIT 1 0 0
STEP 136 RESET 0
CMD 0 0 0
W 0 0 0
DQ 0 0 0 0 0 0 0 0 0 0 0 0 0 0 0 0 0 0 0 0 0 0 0 0
FILT_W 5.89192376e-05 2.60448399e-05 -3.1265499e-05
FILT_DQ 6.35436229e-05 3.89775083e-05 9.03572955e-06 -2.22340075e-05 -5.06042641e-05 -7.22400324e-05 -8.42177862e-05 -8.49211659e-05 -7.42597459e-05 -5.36812728e-05 -2.59757197e-05 5.10232337e-06 3.53418156e-05 6.06452102e-05 7.75830381e-05 8.38580702e-05 7.86162371e-05 6.25622228e-05 3.78640896e-05 7.85984037e-06 -2.33943638e-05 -5.16731864e-05 -7.31539949e-05 -8.49342359e-05
FLAGS 1 1 1 0
STATE 0 0 1.84 0
GAIT 1 0 0
STEP 137 RESET 0
CMD 0 0 0
W -0 -0 -0
DQ -0 -0 -0 -0 -0 -0 -0 -0 -0 -0 -0 -0 -0 -0 -0 -0 -0 -0 -0 -0 -0 -0 -0 -0
FILT_W 5.30273138e-05 2.34403559e-05 -2.81389491e-05
FILT_DQ 5.71892606e-05 3.50797575e-05 8.1321566e-06 -2.00106068e-05 -4.55438377e-05 -6.50160292e-05 -7.57960075e-05 -7.64290493e-05 -6.68337713e-05 -4.83131455e-05 -2.33781477e-05 4.59209103e-06 3.1807634e-05 5.45806892e-05 6.98247343e-05 7.54722632e-05 7.07546134e-05 5.63060006e-05 3.40776806e-05 7.07385633e-06 -2.10549274e-05 -4.65058678e-05 -6.58385954e-05 -7.64408123e-05
FLAGS 1 1 1 0
STATE 0 0 1.86 0
GAIT 1 0 0
STEP 138 RESET 0
CMD 0 0 0
W 0 0 0
DQ 0 0 0 0 0 0 0 0 0 0 0 0 0 0 0 0 0 0 0 0 0 0 0 0
FILT_W 4.77245824e-05 2.10963203e-05 -2.53250542e-05
FILT_DQ 5.14703345e-05 3.15717817e-05 7.31894094e-06 -1.80095461e-05 -4.09894539e-05 -5.85144263e-05 -6.82164068e-05 -6.87861444e-05 -6.01503942e-05 -4.34818309e-05 -2.10403329e-05 4.13288193e-06 2.86268706e-05 4.91226203e-05 6.28422608e-05 6.79250369e-05 6.3679152e-05 5.06754005e-05 3.06699126e-05 6.3664707e-06 -1.89494347e-05 -4.1855281e-05 -5.92547358e-05 -6.87967311e-05
FLAGS 1 1 1 0
STATE 0 0 1.88 0
GAIT 1 0 0
STEP 139 RESET 0
CMD 0 0 0
W -0 -0 -0
DQ -0 -0 -0 -0 -0 -0 -0 -0 -0 -0 -0 -0 -0 -0 -0 -0 -0 -0 -0 -0 -0 -0 -0 -0
FILT_W 4.29521242e-05 1.89866883e-05 -2.27925488e-05
FILT_DQ 4.63233011e-05 2.84146036e-05 6.58704684e-06 -1.62085915e-05 -3.68905085e-05 -5.26629836e-05 -6.13947661e-05 -6.19075299e-05 -5.41353548e-05 -3.91336478e-05 -1.89362996e-05 3.71959374e-06 2.57641836e-05 4.42103582e-05 5.65580347e-05 6.11325332e-05 5.73112368e-05 4.56078604e-05 2.76029213e-05 5.72982363e-06 -1.70544912e-05 -3.76697529e-05 -5.33292623e-05 -6.1917058e-05
FLAGS 1 1 1 0
STATE 0 0 1.9 0
GAIT 1 0 0
STEP 140 RESET 0
CMD 0 0 0
W 0 0 0
DQ 0 0 0 0 0 0 0 0 0 0 0 0 0 0 0 0 0 0 0 0 0 0 0 0
FILT_W 3.86569118e-05 1.70880195e-05 -2.05132939e-05
FILT_DQ 4.1690971e-05 2.55731432e-05 5.92834216e-06 -1.45877323e-05 -3.32014577e-05 -4.73966853e-05 -5.52552895e-05 -5.5716777e-05 -4.87218193e-05 -3.52202831e-05 -1.70426697e-05 3.34763436e-06 2.31877652e-05 3.97893224e-05 5.09022313e-05 5.50192799e-05 5.15801132e-05 4.10470744e-05 2.48426292e-05 5.15684127e-06 -1.53490421e-05 -3.39027776e-05 -4.7996336e-05 -5.57253522e-05
FLAGS 1 1 1 0
STATE 0 0 1.92 0
GAIT 1 0 0
STEP 141 RESET 0
CMD 0 0 0
W -0 -0 -0
DQ -0 -0 -0 -0 -0 -0 -0 -0 -0 -0 -0 -0 -0 -0 -0 -0 -0 -0 -0 -0 -0 -0 -0 -0
FILT_W 3.47912206e-05 1.53792175e-05 -1.84619645e-05
FILT_DQ 3.75218739e-05 2.30158289e-05 5.33550794e-06 -1.31289591e-05 -2.98813119e-05 -4.26570168e-05 -4.97297606e-05 -5.01450993e-05 -4.38496374e-05 -3.16982548e-05 -1.53384027e-05 3.01287093e-06 2.08689887e-05 3.58103902e-05 4.58120081e-05 4.95173519e-05 4.64221018e-05 3.6942367e-05 2.23583663e-05 4.64115714e-06 -1.38141379e-05 -3.05124998e-05 -4.31967024e-05 -5.0152817e-05
FLAGS 1 1 1 0
STATE 0 0 1.94 0
GAIT 1 0 0
STEP 142 RESET 0
CMD 0 0 0
W 0 0 0
DQ 0 0 0 0 0 0 0 0 0 0 0 0 0 0 0 0 0 0 0 0 0 0 0 0
FILT_W 3.13120985e-05 1.38412958e-05 -1.66157681e-05
FILT_DQ 3.37696865e-05 2.0714246e-05 4.80195715e-06 -1.18160632e-05 -2.68931807e-05 -3.83913151e-05 -4.47567845e-05 -4.51305893e-05 -3.94646736e-05 -2.85284293e-05 -1.38045624e-05 2.71158383e-06 1.87820898e-05 3.22293512e-05 4.12308073e-05 4.45656167e-05 4.17798917e-05 3.32481303e-05 2.01225296e-05 4.17704142e-06 -1.24327241e-05 -2.74612499e-05 -3.88770322e-05 -4.51375353e-05
FLAGS 1 1 1 0
STATE 0 0 1.96 0
GAIT 1 0 0
STEP 143 RESET 0
CMD 0 0 0
W -0 -0 -0
DQ -0 -0 -0 -0 -0 -0 -0 -0 -0 -0 -0 -0 -0 -0 -0 -0 -0 -0 -0 -0 -0 -0 -0 -0
FILT_W 2.81808887e-05 1.24571662e-05 -1.49541912e-05
FILT_DQ 3.03927178e-05 1.86428214e-05 4.32176143e-06 -1.06344569e-05 -2.42038627e-05 -3.45521836e-05 -4.0281106e-05 -4.06175304e-05 -3.55182063e-05 -2.56755864e-05 -1.24241062e-05 2.44042545e-06 1.69038808e-05 2.9006416e-05 3.71077266e-05 4.0109055e-05 3.76019025e-05 2.99233172e-05 1.81102767e-05 3.75933728e-06 -1.11894517e-05 -2.47151249e-05 -3.4989329e-05 -4.06237818e-05
FLAGS 1 1 1 0
STATE 0 0 1.98 0
GAIT 1 0 0
STEP 144 RESET 0
CMD 0 0 0
W 0 0 0
DQ 0 0 0 0 0 0 0 0 0 0 0 0 0 0 0 0 0 0 0 0 0 0 0 0
FILT_W 2.53627998e-05 1.12114496e-05 -1.34587721e-05
FILT_DQ 2.73534461e-05 1.67785393e-05 3.88958529e-06 -9.57101119e-06 -2.17834764e-05 -3.10969652e-05 -3.62529954e-05 -3.65557774e-05 -3.19663856e-05 -2.31080277e-05 -1.11816956e-05 2.19638291e-06 1.52134928e-05 2.61057744e-05 3.33969539e-05 3.60981495e-05 3.38417122e-05 2.69309855e-05 1.6299249e-05 3.38340355e-06 -1.00705065e-05 -2.22436124e-05 -3.14903961e-05 -3.65614036e-05
FLAGS 1 1 1 0
STATE 0 0 2 0
GAIT 1 0 0
STEP 145 RESET 0
CMD 0 0 0
W -0 -0 -0
DQ -0 -0 -0 -0 -0 -0 -0 -0 -0 -0 -0 -0 -0 -0 -0 -0 -0 -0 -0 -0 -0 -0 -0 -0
FILT_W 2.28265198e-05 1.00903046e-05 -1.21128949e-05
FILT_DQ 2.46181015e-05 1.51006853e-05 3.50062676e-06 -8.61391007e-06 -1.96051287e-05 -2.79872687e-05 -3.26276959e-05 -3.29001996e-05 -2.87697471e-05 -2.07972249e-05 -1.0063526e-05 1.97674462e-06 1.36921435e-05 2.3495197e-05 3.00572585e-05 3.24883346e-05 3.0457541e-05 2.4237887e-05 1.46693241e-05 3.0450632e-06 -9.06345586e-06 -2.00192511e-05 -2.83413565e-05 -3.29052632e-05
FLAGS 1 1 1 0
STATE 0 0 2.02 0
GAIT 1 0 0
STEP 146 RESET 0
CMD 0 0 0
W 0 0 0
DQ 0 0 0 0 0 0 0 0 0 0 0 0 0 0 0 0 0 0 0 0 0 0 0 0
FILT_W 2.05438678e-05 9.08127416e-06 -1.09016054e-05
FILT_DQ 2.21562913e-05 1.35906168e-05 3.15056408e-06 -7.75251907e-06 -1.76446159e-05 -2.51885418e-05 -2.93649263e-05 -2.96101797e-05 -2.58927724e-05 -1.87175025e-05 -9.05717341e-06 1.77907015e-06 1.23229291e-05 2.11456773e-05 2.70515327e-05 2.92395011e-05 2.74117869e-05 2.18140983e-05 1.32023917e-05 2.74055688e-06 -8.15711028e-06 -1.8017326e-05 -2.55072208e-05 -2.96147369e-05
FLAGS 1 1 1 0
STATE 0 0 2.04 0
GAIT 1 0 0
STEP 147 RESET 0
CMD 0 0 0
W -0 -0 -0
DQ -0 -0 -0 -0 -0 -0 -0 -0 -0 -0 -0 -0 -0 -0 -0 -0 -0 -0 -0 -0 -0 -0 -0 -0
FILT_W 1.84894811e-05 8.17314674e-06 -9.81144488e-06
FILT_DQ 1.99406622e-05 1.22315551e-05 2.83550768e-06 -6.97726716e-06 -1.58801543e-05 -2.26696876e-05 -2.64284337e-05 -2.66491617e-05 -2.33034951e-05 -1.68457522e-05 -8.15145607e-06 1.60116314e-06 1.10906362e-05 1.90311096e-05 2.43463794e-05 2.6315551e-05 2.46706082e-05 1.96326884e-05 1.18821525e-05 2.46650119e-06 -7.34139925e-06 -1.62155934e-05 -2.29564987e-05 -2.66532632e-05
FLAGS 1 1 1 0
STATE 0 0 2.06 0
GAIT 1 0 0
STEP 148 RESET 0
CMD 0 0 0
W 0 0 0
DQ 0 0 0 0 0 0 0 0 0 0 0 0 0 0 0 0 0 0 0 0 0 0 0 0
FILT_W 1.6640533e-05 7.35583207e-06 -8.83030039e-06
FILT_DQ 1.7946596e-05 1.10083996e-05 2.55195691e-06 -6.27954044e-06 -1.42921389e-05 -2.04027189e-05 -2.37855903e-05 -2.39842455e-05 -2.09731456e-05 -1.5161177e-05 -7.33631046e-06 1.44104682e-06 9.9815726e-06 1.71279986e-05 2.19117415e-05 2.36839959e-05 2.22035474e-05 1.76694196e-05 1.06939373e-05 2.21985107e-06 -6.60725932e-06 -1.45940341e-05 -2.06608489e-05 -2.39879369e-05
FLAGS 1 1 1 0
STATE 0 0 2.08 0
GAIT 1 0 0
STEP 149 RESET 0
CMD 0 0 0
W -0 -0 -0
DQ -0 -0 -0 -0 -0 -0 -0 -0 -0 -0 -0 -0 -0 -0 -0 -0 -0 -0 -0 -0 -0 -0 -0 -0
FILT_W 1.49764797e-05 6.62024886e-06 -7.94727035e-06
FILT_DQ 1.61519364e-05 9.90755965e-06 2.29676122e-06 -5.6515864e-06 -1.2862925e-05 -1.8362447e-05 -2.14070313e-05 -2.1585821e-05 -1.88758311e-05 -1.36450593e-05 -6.60267942e-06 1.29694214e-06 8.98341534e-06 1.54151987e-05 1.97205673e-05 2.13155963e-05 1.99831927e-05 1.59024776e-05 9.62454354e-06 1.99786596e-06 -5.94653339e-06 -1.31346307e-05 -1.8594764e-05 -2.15891432e-05
FLAGS 1 1 1 0
STATE 0 0 2.1 0
GAIT 1 0 0
STEP 150 RESET 0
CMD 0 0 0
W 0 0 0
DQ 0 0 0 0 0 0 0 0 0 0 0 0 0 0 0 0 0 0 0 0 0 0 0 0
FILT_W 1.34788317e-05 5.95822398e-06 -7.15254332e-06
FILT_DQ 1.45367427e-05 8.91680368e-06 2.0670851e-06 -5.08642776e-06 -1.15766325e-05 -1.65262023e-05 -1.92663282e-05 -1.94272389e-05 -1.6988248e-05 -1.22805534e-05 -5.94241148e-06 1.16724793e-06 8.0850738e-06 1.38736789e-05 1.77485106e-05 1.91840367e-05 1.79848734e-05 1.43122299e-05 8.66208919e-06 1.79807937e-06 -5.35188005e-06 -1.18211676e-05 -1.67352876e-05 -1.94302289e-05
FLAGS 1 1 1 0
STATE 0 0 2.12 0
GAIT 1 0 0
STEP 151 RESET 0
CMD 0 0 0
W -0 -0 -0
DQ -0 -0 -0 -0 -0 -0 -0 -0 -0 -0 -0 -0 -0 -0 -0 -0 -0 -0 -0 -0 -0 -0 -0 -0
FILT_W 1.21309485e-05 5.36240158e-06 -6.43728898e-06
FILT_DQ 1.30830685e-05 8.02512331e-06 1.86037659e-06 -4.57778498e-06 -1.04189692e-05 -1.48735821e-05 -1.73396953e-05 -1.7484515e-05 -1.52894232e-05 -1.1052498e-05 -5.34817033e-06 1.05052314e-06 7.27656642e-06 1.2486311e-05 1.59736595e-05 1.7265633e-05 1.61863861e-05 1.28810069e-05 7.79588027e-06 1.61827143e-06 -4.81669205e-06 -1.06390508e-05 -1.50617588e-05 -1.7487206e-05
FLAGS 1 1 1 0
STATE 0 0 2.14 0
GAIT 1 0 0
STEP 152 RESET 0
CMD 0 0 0
W 0 0 0
DQ 0 0 0 0 0 0 0 0 0 0 0 0 0 0 0 0 0 0 0 0 0 0 0 0
FILT_W 1.09178537e-05 4.82616142e-06 -5.79356009e-06
FILT_DQ 1.17747616e-05 7.22261098e-06 1.67433893e-06 -4.12000648e-06 -9.3770723e-06 -1.33862239e-05 -1.56057258e-05 -1.57360635e-05 -1.37604808e-05 -9.94724822e-06 -4.81335329e-06 9.45470822e-07 6.54890978e-06 1.12376799e-05 1.43762936e-05 1.55390697e-05 1.45677474e-05 1.15929062e-05 7.01629224e-06 1.45644429e-06 -4.33502284e-06 -9.57514576e-06 -1.35555829e-05 -1.57384854e-05
FLAGS 1 1 1 0
STATE 0 0 2.16 0
GAIT 1 0 0
STEP 153 RESET 0
CMD 0 0 0
W -0 -0 -0
DQ -0 -0 -0 -0 -0 -0 -0 -0 -0 -0 -0 -0 -0 -0 -0 -0 -0 -0 -0 -0 -0 -0 -0 -0
FILT_W 9.82606831e-06 4.34354528e-06 -5.21420408e-06
FILT_DQ 1.05972854e-05 6.50034989e-06 1.50690503e-06 -3.70800584e-06 -8.43936507e-06 -1.20476015e-05 -1.40451532e-05 -1.41624571e-05 -1.23844328e-05 -8.9525234e-06 -4.33201797e-06 8.50923739e-07 5.8940188e-06 1.01139119e-05 1.29386642e-05 1.39851627e-05 1.31109727e-05 1.04336156e-05 6.31466302e-06 1.31079986e-06 -3.90152056e-06 -8.61763119e-06 -1.22000246e-05 -1.41646369e-05
FLAGS 1 1 1 0
STATE 0 0 2.18 0
GAIT 1 0 0
STEP 154 RESET 0
CMD 0 0 0
W 0 0 0
DQ 0 0 0 0 0 0 0 0 0 0 0 0 0 0 0 0 0 0 0 0 0 0 0 0
FILT_W 8.84346148e-06 3.90919075e-06 -4.69278367e-06
FILT_DQ 9.5375569e-06 5.8503149e-06 1.35621453e-06 -3.33720525e-06 -7.59542857e-06 -1.08428413e-05 -1.26406379e-05 -1.27462114e-05 -1.11459895e-05 -8.05727106e-06 -3.89881617e-06 7.65831365e-07 5.30461692e-06 9.10252071e-06 1.16447978e-05 1.25866465e-05 1.17998754e-05 9.39025402e-06 5.68319672e-06 1.17971987e-06 -3.5113685e-06 -7.75586807e-06 -1.09800222e-05 -1.27481732e-05
FLAGS 1 1 1 0
STATE 0 0 2.2 0
GAIT 1 0 0
STEP 155 RESET 0
CMD 0 0 0
W -0 -0 -0
DQ -0 -0 -0 -0 -0 -0 -0 -0 -0 -0 -0 -0 -0 -0 -0 -0 -0 -0 -0 -0 -0 -0 -0 -0
FILT_W 7.95911533e-06 3.51827168e-06 -4.2235053e-06
FILT_DQ 8.58380121e-06 5.26528341e-06 1.22059308e-06 -3.00348473e-06 -6.83588571e-06 -9.75855719e-06 -1.13765741e-05 -1.14715903e-05 -1.00313905e-05 -7.25154395e-06 -3.50893455e-06 6.89248229e-07 4.77415523e-06 8.19226864e-06 1.0480318e-05 1.13279818e-05 1.06198879e-05 8.45122862e-06 5.11487704e-06 1.06174789e-06 -3.16023165e-06 -6.98028126e-06 -9.88201996e-06 -1.14733559e-05
FLAGS 1 1 1 0
STATE 0 0 2.22 0
GAIT 1 0 0
STEP 156 RESET 0
CMD 0 0 0
W 0 0 0
DQ 0 0 0 0 0 0 0 0 0 0 0 0 0 0 0 0 0 0 0 0 0 0 0 0
FILT_W 7.1632038e-06 3.16644451e-06 -3.80115477e-06
FILT_DQ 7.72542109e-06 4.73875507e-06 1.09853377e-06 -2.70313625e-06 -6.15229714e-06 -8.78270147e-06 -1.02389167e-05 -1.03244313e-05 -9.02825148e-06 -6.52638956e-06 -3.1580411e-06 6.20323406e-07 4.29673971e-06 7.37304177e-06 9.43228622e-06 1.01951836e-05 9.5578991e-06 7.60610576e-06 4.60338934e-06 9.55573098e-07 -2.84420849e-06 -6.28225313e-06 -8.89381797e-06 -1.03260203e-05
FLAGS 1 1 1 0
STATE 0 0 2.24 0
GAIT 1 0 0
STEP 157 RESET 0
CMD 0 0 0
W -0 -0 -0
DQ -0 -0 -0 -0 -0 -0 -0 -0 -0 -0 -0 -0 -0 -0 -0 -0 -0 -0 -0 -0 -0 -0 -0 -0
FILT_W 6.44688342e-06 2.84980006e-06 -3.42103929e-06
FILT_DQ 6.95287898e-06 4.26487956e-06 9.88680393e-07 -2.43282263e-06 -5.53706743e-06 -7.90443132e-06 -9.21502503e-06 -9.29198813e-06 -8.12542633e-06 -5.8737506e-06 -2.84223699e-06 5.58291065e-07 3.86706574e-06 6.6357376e-06 8.4890576e-06 9.17566527e-06 8.60210919e-06 6.84549518e-06 4.14305041e-06 8.60015788e-07 -2.55978764e-06 -5.65402782e-06 -8.00443617e-06 -9.29341824e-06
FLAGS 1 1 1 0
STATE 0 0 2.26 0
GAIT 1 0 0
STEP 158 RESET 0
CMD 0 0 0
W 0 0 0
DQ 0 0 0 0 0 0 0 0 0 0 0 0 0 0 0 0 0 0 0 0 0 0 0 0
FILT_W 5.80219507e-06 2.56482005e-06 -3.07893537e-06
FILT_DQ 6.25759108e-06 3.8383916e-06 8.89812354e-07 -2.18954037e-06 -4.98336068e-06 -7.11398819e-06 -8.29352253e-06 -8.36278932e-06 -7.3128837e-06 -5.28637554e-06 -2.55801329e-06 5.02461959e-07 3.48035916e-06 5.97216384e-06 7.64015184e-06 8.25809874e-06 7.74189827e-06 6.16094566e-06 3.72874536e-06 7.74014209e-07 -2.30380887e-06 -5.08862504e-06 -7.20399255e-06 -8.36407642e-06
FLAGS 1 1 1 0
STATE 0 0 2.28 0
GAIT 1 0 0
STEP 159 RESET 0
CMD 0 0 0
W -0 -0 -0
DQ -0 -0 -0 -0 -0 -0 -0 -0 -0 -0 -0 -0 -0 -0 -0 -0 -0 -0 -0 -0 -0 -0 -0 -0
FILT_W 5.22197557e-06 2.30833805e-06 -2.77104183e-06
FILT_DQ 5.63183198e-06 3.45455244e-06 8.00831119e-07 -1.97058633e-06 -4.48502461e-06 -6.40258937e-06 -7.46417027e-06 -7.52651038e-06 -6.58159533e-06 -4.75773799e-06 -2.30221196e-06 4.52215763e-07 3.13232325e-06 5.37494745e-06 6.87613665e-06 7.43228887e-06 6.96770845e-06 5.5448511e-06 3.35587083e-06 6.96612788e-07 -2.07342799e-06 -4.57976254e-06 -6.4835933e-06 -7.52766877e-06
FLAGS 1 1 1 0
STATE 0 0 2.3 0
GAIT 1 0 0
STEP 160 RESET 0
CMD 0 0 0
W 0 0 0
DQ 0 0 0 0 0 0 0 0 0 0 0 0 0 0 0 0 0 0 0 0 0 0 0 0
FILT_W 4.69977801e-06 2.07750424e-06 -2.49393765e-06
FILT_DQ 5.06864878e-06 3.1090972e-06 7.20748007e-07 -1.7735277e-06 -4.03652215e-06 -5.76233044e-06 -6.71775325e-06 -6.77385935e-06 -5.9234358e-06 -4.28196419e-06 -2.07199076e-06 4.06994187e-07 2.81909092e-06 4.83745271e-06 6.18852299e-06 6.68905998e-06 6.2709376e-06 4.99036599e-06 3.02028375e-06 6.26951509e-07 -1.86608519e-06 -4.12178628e-06 -5.83523397e-06 -6.7749019e-06
FLAGS 1 1 1 0
STATE 0 0 2.32 0
GAIT 1 0 0
STEP 161 RESET 0
CMD 0 0 0
W -0 -0 -0
DQ -0 -0 -0 -0 -0 -0 -0 -0 -0 -0 -0 -0 -0 -0 -0 -0 -0 -0 -0 -0 -0 -0 -0 -0
FILT_W 4.22980021e-06 1.86975382e-06 -2.24454388e-06
FILT_DQ 4.5617839e-06 2.79818748e-06 6.48673206e-07 -1.59617493e-06 -3.63286994e-06 -5.18609739e-06 -6.04597792e-06 -6.09647341e-06 -5.33109222e-06 -3.85376777e-06 -1.86479169e-06 3.66294768e-07 2.53718183e-06 4.35370744e-06 5.56967069e-06 6.02015399e-06 5.64384384e-06 4.49132939e-06 2.71825537e-06 5.64256358e-07 -1.67947667e-06 -3.70960765e-06 -5.25171057e-06 -6.09741171e-06
FLAGS 1 1 1 0
STATE 0 0 2.34 0
GAIT 1 0 0
STEP 162 RESET 0
CMD 0 0 0
W 0 0 0
DQ 0 0 0 0 0 0 0 0 0 0 0 0 0 0 0 0 0 0 0 0 0 0 0 0
FILT_W 3.80682019e-06 1.68277844e-06 -2.02008949e-06
FILT_DQ 4.10560551e-06 2.51836873e-06 5.83805886e-07 -1.43655743e-06 -3.26958294e-06 -4.66748765e-06 -5.44138013e-06 -5.48682607e-06 -4.79798299e-06 -3.46839099e-06 -1.67831252e-06 3.29665291e-07 2.28346365e-06 3.91833669e-06 5.01270362e-06 5.41813859e-06 5.07945946e-06 4.04219645e-06 2.44642983e-06 5.07830723e-07 -1.511529e-06 -3.33864689e-06 -4.72653951e-06 -5.48767054e-06
FLAGS 1 1 1 0
STATE 0 0 2.36 0
GAIT 1 0 0
STEP 163 RESET 0
CMD 0 0 0
W -0 -0 -0
DQ -0 -0 -0 -0 -0 -0 -0 -0 -0 -0 -0 -0 -0 -0 -0 -0 -0 -0 -0 -0 -0 -0 -0 -0
FILT_W 3.42613817e-06 1.51450059e-06 -1.81808054e-06
FILT_DQ 3.69504496e-06 2.26653186e-06 5.25425297e-07 -1.29290169e-06 -2.94262465e-06 -4.20073889e-06 -4.89724212e-06 -4.93814346e-06 -4.31818469e-06 -3.12155189e-06 -1.51048127e-06 2.96698762e-07 2.05511728e-06 3.52650302e-06 4.51143326e-06 4.87632473e-06 4.57151351e-06 3.6379768e-06 2.20178685e-06 4.5704765e-07 -1.3603761e-06 -3.0047822e-06 -4.25388556e-06 -4.93890348e-06
FLAGS 1 1 1 0
STATE 0 0 2.38 0
GAIT 1 0 0
STEP 164 RESET 0
CMD 0 0 0
W 0 0 0
DQ 0 0 0 0 0 0 0 0 0 0 0 0 0 0 0 0 0 0 0 0 0 0 0 0
FILT_W 3.08352435e-06 1.36305053e-06 -1.63627249e-06
FILT_DQ 3.32554046e-06 2.03987867e-06 4.72882767e-07 -1.16361152e-06 -2.64836218e-06 -3.780665e-06 -4.4075179e-06 -4.44432912e-06 -3.88636623e-06 -2.8093967e-06 -1.35943314e-06 2.67028886e-07 1.84960555e-06 3.17385272e-06 4.06028993e-06 4.38869226e-06 4.11436216e-06 3.27417912e-06 1.98160817e-06 4.11342885e-07 -1.22433849e-06 -2.70430398e-06 -3.82849701e-06 -4.44501313e-06
FLAGS 1 1 1 0
STATE 0 0 2.4 0
GAIT 1 0 0
STEP 165 RESET 0
CMD 0 0 0
W -0 -0 -0
DQ -0 -0 -0 -0 -0 -0 -0 -0 -0 -0 -0 -0 -0 -0 -0 -0 -0 -0 -0 -0 -0 -0 -0 -0
FILT_W 2.77517192e-06 1.22674548e-06 -1.47264524e-06
FILT_DQ 2.99298642e-06 1.8358908e-06 4.25594491e-07 -1.04725037e-06 -2.38352597e-06 -3.4025985e-06 -3.96676611e-06 -3.99989621e-06 -3.4977296e-06 -2.52845703e-06 -1.22348983e-06 2.40325997e-07 1.664645e-06 2.85646745e-06 3.65426094e-06 3.94982303e-06 3.70292594e-06 2.94676121e-06 1.78344735e-06 3.70208597e-07 -1.10190464e-06 -2.43387358e-06 -3.44564731e-06 -4.00051182e-06
FLAGS 1 1 1 0
STATE 0 0 2.42 0
GAIT 1 0 0
STEP 166 RESET 0
CMD 0 0 0
W 0 0 0
DQ 0 0 0 0 0 0 0 0 0 0 0 0 0 0 0 0 0 0 0 0 0 0 0 0
FILT_W 2.49765473e-06 1.10407093e-06 -1.32538072e-06
FILT_DQ 2.69368778e-06 1.65230172e-06 3.83035041e-07 -9.42525333e-07 -2.14517337e-06 -3.06233865e-06 -3.5700895e-06 -3.59990658e-06 -3.14795664e-06 -2.27561133e-06 -1.10114084e-06 2.16293398e-07 1.4981805e-06 2.5708207e-06 3.28883485e-06 3.55484073e-06 3.33263335e-06 2.65208509e-06 1.60510261e-06 3.33187737e-07 -9.91714178e-07 -2.19048622e-06 -3.10108257e-06 -3.60046064e-06
FLAGS 1 1 1 0
STATE 0 0 2.44 0
GAIT 1 0 0
STEP 167 RESET 0
CMD 0 0 0
W -0 -0 -0
DQ -0 -0 -0 -0 -0 -0 -0 -0 -0 -0 -0 -0 -0 -0 -0 -0 -0 -0 -0 -0 -0 -0 -0 -0
FILT_W 2.24788925e-06 9.93663838e-07 -1.19284264e-06
FILT_DQ 2.424319e-06 1.48707155e-06 3.44731537e-07 -8.48272799e-07 -1.93065603e-06 -2.75610478e-06 -3.21308055e-06 -3.23991593e-06 -2.83316098e-06 -2.0480502e-06 -9.91026759e-07 1.94664058e-07 1.34836245e-06 2.31373863e-06 2.95995136e-06 3.19935665e-06 2.99937001e-06 2.38687658e-06 1.44459235e-06 2.99868963e-07 -8.92542761e-07 -1.9714376e-06 -2.79097432e-06 -3.24041457e-06
FLAGS 1 1 1 0
STATE 0 0 2.46 0
GAIT 1 0 0
STEP 168 RESET 0
CMD 0 0 0
W 0 0 0
DQ 0 0 0 0 0 0 0 0 0 0 0 0 0 0 0 0 0 0 0 0 0 0 0 0
FILT_W 2.02310033e-06 8.94297455e-07 -1.07355838e-06
FILT_DQ 2.1818871e-06 1.3383644e-06 3.10258384e-07 -7.63445519e-07 -1.73759043e-06 -2.48049431e-06 -2.8917725e-06 -2.91592433e-06 -2.54984488e-06 -1.84324518e-06 -8.91924083e-07 1.75197652e-07 1.2135262e-06 2.08236477e-06 2.66395623e-06 2.87942099e-06 2.69943301e-06 2.14818892e-06 1.30013312e-06 2.69882067e-07 -8.03288485e-07 -1.77429384e-06 -2.51187689e-06 -2.91637312e-06
FLAGS 1 1 1 0
STATE 0 0 2.48 0
GAIT 1 0 0
STEP 169 RESET 0
CMD 0 0 0
W -0 -0 -0
DQ -0 -0 -0 -0 -0 -0 -0 -0 -0 -0 -0 -0 -0 -0 -0 -0 -0 -0 -0 -0 -0 -0 -0 -0
FILT_W 1.82079029e-06 8.04867709e-07 -9.66202542e-07
FILT_DQ 1.96369839e-06 1.20452796e-06 2.79232545e-07 -6.87100967e-07 -1.56383139e-06 -2.23244488e-06 -2.60259525e-06 -2.6243319e-06 -2.29486039e-06 -1.65892066e-06 -8.02731675e-07 1.57677887e-07 1.09217358e-06 1.87412829e-06 2.3975606e-06 2.59147889e-06 2.42948971e-06 1.93337003e-06 1.17011981e-06 2.4289386e-07 -7.22959636e-07 -1.59686446e-06 -2.2606892e-06 -2.62473581e-06
FLAGS 1 1 1 0
STATE 0 0 2.5 0
GAIT 1 0 0
STEP 170 RESET 0
CMD 0 0 0
W 0 0 0
DQ 0 0 0 0 0 0 0 0 0 0 0 0 0 0 0 0 0 0 0 0 0 0 0 0
FILT_W 1.63871127e-06 7.24380938e-07 -8.69582288e-07
FILT_DQ 1.76732855e-06 1.08407516e-06 2.51309291e-07 -6.18390871e-07 -1.40744825e-06 -2.00920039e-06 -2.34233572e-06 -2.36189871e-06 -2.06537435e-06 -1.49302859e-06 -7.22458507e-07 1.41910098e-07 9.82956225e-07 1.68671546e-06 2.15780454e-06 2.332331e-06 2.18654074e-06 1.74003303e-06 1.05310783e-06 2.18604474e-07 -6.50663672e-07 -1.43717801e-06 -2.03462028e-06 -2.36226223e-06
FLAGS 1 1 1 0
STATE 0 0 2.52 0
GAIT 1 0 0
STEP 171 RESET 0
CMD 0 0 0
W -0 -0 -0
DQ -0 -0 -0 -0 -0 -0 -0 -0 -0 -0 -0 -0 -0 -0 -0 -0 -0 -0 -0 -0 -0 -0 -0 -0
FILT_W 1.47484014e-06 6.51942844e-07 -7.82624059e-07
FILT_DQ 1.59059569e-06 9.75667645e-07 2.26178362e-07 -5.56551784e-07 -1.26670342e-06 -1.80828035e-06 -2.10810215e-06 -2.12570884e-06 -1.85883692e-06 -1.34372573e-06 -6.50212657e-07 1.27719088e-07 8.84660603e-07 1.51804392e-06 1.94202409e-06 2.0990979e-06 1.96788667e-06 1.56602972e-06 9.47797043e-07 1.96744027e-07 -5.85597305e-07 -1.29346021e-06 -1.83115825e-06 -2.126036e-06
FLAGS 1 1 1 0
STATE 0 0 2.54 0
GAIT 1 0 0
STEP 172 RESET 0
CMD 0 0 0
W 0 0 0
DQ 0 0 0 0 0 0 0 0 0 0 0 0 0 0 0 0 0 0 0 0 0 0 0 0
FILT_W 1.32735612e-06 5.8674856e-07 -7.04361653e-07
FILT_DQ 1.43153612e-06 8.78100881e-07 2.03560525e-07 -5.00896605e-07 -1.14003308e-06 -1.62745231e-06 -1.89729194e-06 -1.91313796e-06 -1.67295323e-06 -1.20935316e-06 -5.85191391e-07 1.14947179e-07 7.96194542e-07 1.36623953e-06 1.74782168e-06 1.88918811e-06 1.771098e-06 1.40942675e-06 8.53017338e-07 1.77069624e-07 -5.27037575e-07 -1.16411419e-06 -1.64804242e-06 -1.9134324e-06
FLAGS 1 1 1 0
STATE 0 0 2.56 0
GAIT 1 0 0
STEP 173 RESET 0
CMD 0 0 0
W -0 -0 -0
DQ -0 -0 -0 -0 -0 -0 -0 -0 -0 -0 -0 -0 -0 -0 -0 -0 -0 -0 -0 -0 -0 -0 -0 -0
FILT_W 1.19462051e-06 5.28073704e-07 -6.33925488e-07
FILT_DQ 1.28838251e-06 7.90290793e-07 1.83204473e-07 -4.50806945e-07 -1.02602977e-06 -1.46470708e-06 -1.70756274e-06 -1.72182416e-06 -1.5056579e-06 -1.08841784e-06 -5.26672252e-07 1.03452462e-07 7.16575088e-07 1.22961557e-06 1.57303951e-06 1.7002693e-06 1.5939882e-06 1.26848408e-06 7.67715604e-07 1.59362662e-07 -4.74333817e-07 -1.04770277e-06 -1.48323818e-06 -1.72208916e-06
FLAGS 1 1 1 0
STATE 0 0 2.58 0
GAIT 1 0 0
STEP 174 RESET 0
CMD 0 0 0
W 0 0 0
DQ 0 0 0 0 0 0 0 0 0 0 0 0 0 0 0 0 0 0 0 0 0 0 0 0
FILT_W 1.07515846e-06 4.75266334e-07 -5.70532939e-07
FILT_DQ 1.15954426e-06 7.11261713e-07 1.64884026e-07 -4.0572625e-07 -9.23426795e-07 -1.31823637e-06 -1.53680647e-06 -1.54964174e-06 -1.35509211e-06 -9.7957606e-07 -4.74005027e-07 9.31072154e-08 6.44917579e-07 1.10665402e-06 1.41573556e-06 1.53024237e-06 1.43458938e-06 1.14163567e-06 6.90944044e-07 1.43426396e-07 -4.26900436e-07 -9.42932493e-07 -1.33491436e-06 -1.54988025e-06
FLAGS 1 1 1 0
STATE 0 0 2.6 0
GAIT 1 0 0
STEP 175 RESET 0
CMD 0.125 0 0
W -0.0129623289 -0.00838908323 -0.00722763734
DQ -0.00717235148 -0.00920361378 -0.0122630113 -0.0160447452 -0.0201452518 -0.024117823 -0.0275330662 -0.0300370205 -0.0313990636 -0.0315431256 -0.0305579848 -0.0286852515 -0.0262866676 -0.0237951465 -0.0216561801 -0.0202675437 -0.019925459 -0.0207845018 -0.0228366809 -0.0259125198 -0.0297039943 -0.0338062224 -0.0377722631 -0.0411736075
FILT_W -0.00129526525 -0.000838480583 -0.000723277213
FILT_DQ -0.000716191558 -0.000919721242 -0.00122615274 -0.00160483968 -0.00201535627 -0.00241296872 -0.00275468975 -0.00300509672 -0.00314112594 -0.00315519418 -0.00305622508 -0.00286844135 -0.00262808633 -0.00237851866 -0.00216434384 -0.00202537715 -0.00199125477 -0.0020774227 -0.00228304624 -0.00259112289 -0.00297078364 -0.00338147088 -0.00377842773 -0.00411875564
FLAGS 0 1 0 0
STATE 0 0 0 0
GAIT 1 0 0
STEP 176 RESET 0
CMD 0.125 0 0
W 0.00923154918 0.0159690435 0.0191493571
DQ 0.024737706 0.0241664108 0.0225981065 0.0203533319 0.017844183 0.0155185375 0.013799437 0.0130278298 0.0134164257 0.0150209062 0.0177323887 0.0212921629 0.0253267065 0.029398239 0.033063974 0.0359360476 0.0377340144 0.0383228042 0.0377310034 0.0361469857 0.0338934167 0.0313835826 0.029065454 0.0273610549
FILT_W -0.000242583803 0.000842271826 0.00126398622
FILT_DQ 0.0018291982 0.00158889197 0.00115627319 0.000590977478 -2.94023455e-05 -0.000619818094 -0.00109927707 -0.00140180407 -0.00148537077 -0.00133758414 -0.000977363707 -0.000452380921 0.00016739295 0.000799157112 0.00135848794 0.00177076533 0.00198127215 0.00196259999 0.00171835873 0.00128268797 0.000715636392 9.50344663e-05 -0.00049403956 -0.00097077459
FLAGS 0 1 0 0
STATE 0 0 0 0
GAIT 1 0 0
STEP 177 RESET 0
CMD 0.125 0 0
W -0.0125725286 -0.00807730193 -0.00728052531
DQ -0.00737072218 -0.00967914912 -0.0129513498 -0.0168527235 -0.0209635138 -0.0248356208 -0.0280532492 -0.0302891843 -0.0313490791 -0.0311977581 -0.0299639779 -0.0279230014 -0.0254593413 -0.0230147186 -0.0210282779 -0.0198771509 -0.0198254133 -0.020988344 -0.0233168219 -0.0266039748 -0.030513178 -0.0346236157 -0.0384872355 -0.041689391
FILT_W -0.00147557828 -4.96855502e-05 0.000409535064
FILT_DQ 0.000909206162 0.000462087856 -0.000254489115 -0.00115339262 -0.00212281349 -0.00304139837 -0.00379467429 -0.00429054209 -0.00447174161 -0.00432360154 -0.00387602513 -0.00319944297 -0.00239528047 -0.00158223046 -0.000880188646 -0.000394026295 -0.000199396402 -0.000332494413 -0.000785159338 -0.00150597831 -0.00240724505 -0.00337683055 -0.00429335916 -0.00504263623
FLAGS 0 1 0 0
STATE 0 0 0 0
GAIT 1 0 0
STEP 178 RESET 0
CMD 0.125 0 0
W 0.00962521126 0.0162717028 0.0190827501
DQ 0.0245025933 0.0236602259 0.021889359 0.0195379476 0.0170325203 0.0148204512 0.0133094098 0.0128121845 0.0135043489 0.0154004979 0.018352273 0.0220684414 0.0261543134 0.0301651617 0.0336664131 0.0362924657 0.0377961721 0.0380822887 0.0372203674 0.0354353413 0.0330770817 0.0305730441 0.0283704145 0.0268755848
FILT_W -0.00036549933 0.00158245329 0.00227685656
FILT_DQ 0.00326854487 0.00278190166 0.0019598957 0.000915741402 -0.000207280113 -0.00125521341 -0.00208426588 -0.00258026943 -0.00267413256 -0.00235119159 -0.00165319532 -0.000672654534 0.000459678918 0.00159250876 0.00257447153 0.00327462291 0.00360016045 0.0035089839 0.00301539333 0.00218815366 0.00114118762 1.81569097e-05 -0.00102698179 -0.00185081412
FLAGS 0 1 0 0
STATE 0 0 0 0
GAIT 1 0 0
STEP 179 RESET 0
CMD 0.125 0 0
W -0.0121754598 -0.00778411443 -0.00736077438
DQ -0.00764207959 -0.0102149129 -0.0136790068 -0.0176737887 -0.02176686 -0.0255125188 -0.028512084 -0.0304678548 -0.0312234031 -0.0307847452 -0.0293195276 -0.0271343369 -0.0246332046 -0.0222629236 -0.0204525764 -0.0195554614 -0.0198012751 -0.0212650239 -0.0238568727 -0.027334303 -0.0313349374 -0.0354255848 -0.0391608716 -0.0421435206
FILT_W -0.00154649537 0.000645796516 0.00131309347
FILT_DQ 0.00217748243 0.0014822202 0.000396005454 -0.00094321161 -0.0023632381 -0.00368094394 -0.00472704769 -0.00536902797 -0.00552905962 -0.00519454695 -0.00441982855 -0.00331882277 -0.00204960944 -0.000793034476 0.000271766731 0.000991614478 0.0012600169 0.00103158312 0.000328166731 -0.000764092015 -0.00210642488 -0.00352621726 -0.00484037077 -0.00588008477
FLAGS 0 1 0 0
STATE 0 0 0 0
GAIT 1 0 0
STEP 180 RESET 0
CMD 0.125 0 0
W 0.0100252279 0.0165550796 0.0189889517
DQ 0.0241955653 0.0230960169 0.0211443321 0.0187129386 0.0162391903 0.0141661737 0.0128827382 0.0126708669 0.0136675118 0.0158460581 0.019019926 0.0228678234 0.0269772319 0.0309002386 0.034214159 0.036578746 0.0377822399 0.0377700298 0.0366520444 0.0346878742 0.0322516366 0.0297813412 0.027719607 0.0264537565
FILT_W -0.000389323046 0.00223672483 0.00308067929
FILT_DQ 0.00437929071 0.00364359987 0.00247083812 0.00102240341 -0.00050299526 -0.00189623218 -0.00296606911 -0.00356503849 -0.00360940247 -0.00309048644 -0.0020758531 -0.000700158149 0.000853074702 0.00237629283 0.00366600596 0.00455032763 0.00491223919 0.00470542778 0.0039605545 0.00278110461 0.00132938127 -0.000195461416 -0.00158437299 -0.00264670064
FLAGS 0 1 0 0
STATE 0 0 0 0
GAIT 1 0 0
STEP 181 RESET 0
CMD 0.125 0 0
W -0.0117729577 -0.00751087589 -0.00746801363
DQ -0.00798412856 -0.0108063735 -0.0144398276 -0.0185009962 -0.0225484955 -0.0261427916 -0.0289056897 -0.0305715207 -0.0310230985 -0.0303075803 -0.0286300845 -0.0263259285 -0.0238152452 -0.0215461201 -0.0199339449 -0.0193051961 -0.0198532483 -0.0216122013 -0.0244522654 -0.0280973275 -0.0321623218 -0.0362053466 -0.0397874736 -0.0425321552
FILT_W -0.00152768651 0.00126196476 0.00202581
FILT_DQ 0.00314294879 0.00219860254 0.000779771545 -0.000929936558 -0.00270754529 -0.00432088812 -0.00556003117 -0.00626568671 -0.00635077207 -0.00581219583 -0.00473127624 -0.00326273518 -0.00161375729 -1.59484612e-05 0.00130601088 0.00216477525 0.00243569045 0.00207366487 0.00111927251 -0.000306738604 -0.00201978903 -0.00379644993 -0.00540468306 -0.0066352461
FLAGS 0 1 0 0
STATE 0 0 0 0
GAIT 1 0 0
STEP 182 RESET 0
CMD 0.125 0 0
W 0.0104297502 0.0168178641 0.0188683955
DQ 0.023819219 0.022478556 0.020369327 0.0178852826 0.0154709029 0.0135612389 0.012523031 0.0126050721 0.0139045344 0.0163538182 0.0197297005 0.0236835479 0.0277885018 0.0315972523 0.034702579 0.0367924669 0.0376923356 0.0373886684 0.0360308415 0.0339109066 0.0314240632 0.0290151702 0.0271185361 0.0260991377
FILT_W -0.000331942842 0.00281755469 0.00371006855
FILT_DQ 0.00521057581 0.00422659788 0.00273872709 0.000951585363 -0.00088970047 -0.00253267542 -0.00375172495 -0.00437861083 -0.00432524142 -0.00359559443 -0.00228517856 -0.000568106875 0.00132646862 0.00314537161 0.00464566769 0.00562754442 0.00596135496 0.00560516523 0.00461042941 0.00311502592 0.00132459619 -0.00051528792 -0.00215236114 -0.00336180771
FLAGS 0 1 0 0
STATE 0 0 0 0
GAIT 1 0 0
STEP 183 RESET 0
CMD 0.125 0 0
W -0.0113668828 -0.00725884928 -0.00760174738
DQ -0.00839397602 -0.0114485283 -0.0152273773 -0.0193273495 -0.0233018094 -0.0267211086 -0.0292307373 -0.0305993052 -0.0307498594 -0.0297702993 -0.02790148 -0.0255046137 -0.0230123813 -0.0208703708 -0.0194767698 -0.0191284717 -0.0199808934 -0.0220269398 -0.0250979643 -0.0288865945 -0.0329883333 -0.0369563058 -0.0403617418 -0.0428520078
FILT_W -0.00143543684 0.00180991429 0.00257888696
FILT_DQ 0.00385012062 0.00265908526 0.000942116657 -0.00107630813 -0.00313091136 -0.00495151874 -0.00629962618 -0.00700068027 -0.00696770322 -0.00621306492 -0.00484680871 -0.00306175756 -0.00110741637 0.000743797365 0.00223342394 0.0031519428 0.00336713013 0.00284195473 0.00163959004 -8.51361251e-05 -0.00210669676 -0.00415938971 -0.00597329921 -0.00731082772
FLAGS 0 1 0 0
STATE 0 0 0 0
GAIT 1 0 0
STEP 184 RESET 0
CMD 0.125 0 0
W 0.0108369082 0.0170588415 0.0187216388
DQ 0.0233767375 0.0218130656 0.0195708989 0.0170619802 0.0147341563 0.0130107633 0.0122333307 0.0126153567 0.0142134119 0.0169194835 0.0204755935 0.0245087153 0.0285812612 0.0322503074 0.0351275419 0.0369318208 0.0375272197 0.0369414303 0.0353620127 0.0331110101 0.0306013611 0.0282810114 0.0265722856 0.0258147279
FILT_W -0.000208202332 0.00333480702 0.00419316214
FILT_DQ 0.00580278231 0.0045744833 0.00280499488 0.000737520711 -0.0013444046 -0.00315529053 -0.00444633049 -0.00503907658 -0.00484959171 -0.00389981008 -0.00231456849 -0.000304710269 0.0018614514 0.00389444837 0.00552283574 0.0065299306 0.00678313908 0.00625190229 0.00501183231 0.00323447849 0.00116410903 -0.000915349597 -0.00271874073 -0.00399827216
FLAGS 0 1 0 0
STATE 0 0 0 0
GAIT 1 0 0
STEP 185 RESET 0
CMD 0.125 0 0
W -0.0109591122 -0.00702919953 -0.00776135747
DQ -0.00886815547 -0.0121359461 -0.0160349946 -0.0201458593 -0.02402043 -0.0272425782 -0.0294844774 -0.0305509733 -0.030405997 -0.0291774465 -0.0271398767 -0.0246773393 -0.0222314035 -0.0202413914 -0.0190849181 -0.019026783 -0.0201831308 -0.0225057314 -0.025788508 -0.0296954284 -0.0338059855 -0.0376721109 -0.040878819 -0.0431003731
FILT_W -0.00128329331 0.00229840636 0.00299771018
FILT_DQ 0.00433568853 0.00290344035 0.00092099593 -0.00135081728 -0.00361200714 -0.0055640193 -0.00695014518 -0.00759026625 -0.00740523223 -0.00642757372 -0.00479709931 -0.00274197318 -0.000547834093 0.00148086439 0.00306206036 0.00397425924 0.0040865121 0.00337613892 0.00193179828 -5.85121912e-05 -0.00233290042 -0.00459102573 -0.00653474856 -0.00790848225
FLAGS 0 1 0 0
STATE 0 0 0 0
GAIT 1 0 0
STEP 186 RESET 0
CMD 0.125 0 0
W 0.0112448202 0.0172768981 0.0185493598
DQ 0.0228718633 0.0211051747 0.0187558009 0.0162499948 0.0140351819 0.0125194029 0.0120160876 0.0127016337 0.0145915318 0.0175382696 0.0212512959 0.0253363465 0.0293488051 0.0328538805 0.0354854534 0.0369956292 0.0372882887 0.0364320981 0.0346512151 0.0322949501 0.0297904888 0.0275850744 0.0260854757 0.0256029327
FILT_W -3.04819661e-05 0.00379625554 0.00455287514
FILT_DQ 0.006189306 0.00472361378 0.00270447642 0.000409263928 -0.00184728823 -0.00375567708 -0.0050535219 -0.00556107626 -0.00520555583 -0.0040309894 -0.00219225979 6.58587918e-05 0.00244182982 0.004618166 0.00630439967 0.00727639623 0.00740668975 0.00668173484 0.00520373996 0.00317683404 0.0008794385 -0.00137341572 -0.00327272613 -0.00455734076
FLAGS 0 1 0 0
STATE 0 0 0 0
GAIT 1 0 0
STEP 187 RESET 0
CMD 0.125 0 0
W -0.0105515305 -0.00682298813 -0.00794610615
DQ -0.00940265629 -0.0128628127 -0.0168558489 -0.0209496025 -0.0246982793 -0.0277027898 -0.0296647639 -0.0304269338 -0.0299944195 -0.0285340363 -0.0263517162 -0.0238511024 -0.0214789174 -0.0196645016 -0.018761704 -0.0190009901 -0.02045825 -0.0230445266 -0.0265180558 -0.0305169879 -0.0346083625 -0.0383467075 -0.0413343317 -0.0432751503
FILT_W -0.00108258682 0.00273433117 0.00330297701
FILT_DQ 0.00463010978 0.00296497114 0.000748443894 -0.00172662271 -0.00413238734 -0.00615038835 -0.0075146461 -0.00804766201 -0.0076844422 -0.00648129408 -0.00460820543 -0.00232583733 4.97551001e-05 0.00218989924 0.00379778931 0.0046486576 0.00462019578 0.00370910869 0.00203156039 -0.000192548155 -0.0026693416 -0.0050707449 -0.00707888668 -0.00842912171
FLAGS 0 1 0 0
STATE 0 0 0 0
GAIT 1 0 0
STEP 188 RESET 0
CMD 0.125 0 0
W 0.0116516005 0.017471026 0.018352355
DQ 0.0223088666 0.0203608704 0.017930927 0.0154561943 0.0133798918 0.0120913137 0.0118731391 0.0128631733 0.015035696 0.0182049427 0.022050247 0.0261594412 0.0300846414 0.0334028664 0.0357732863 0.0369833522 0.0369775634 0.0358649798 0.0339044606 0.0314696291 0.0289983045 0.0269332454 0.0256622239 0.0254655432
FILT_W 0.000190831913 0.00420800065 0.00480791481
FILT_DQ 0.00639798546 0.00470456106 0.00246669221 -8.34101296e-06 -0.00238115943 -0.00432621815 -0.00557586758 -0.00595657847 -0.00541242837 -0.0040126704 -0.00194236019 0.000522690526 0.00305324373 0.00531119596 0.00699533901 0.00788212706 0.00785593254 0.00692469581 0.00521885041 0.00297366957 0.000497423009 -0.00187034587 -0.00380477562 -0.00503965522
FLAGS 0 1 0 0
STATE 0 0 0 0
GAIT 1 0 0
STEP 189 RESET 0
CMD 0.125 0 0
W -0.0101460217 -0.00664116823 -0.00815513948
DQ -0.00999295765 -0.01362298 -0.0176829972 -0.021731781 -0.025329624 -0.028097851 -0.029770072 -0.0302282357 -0.0295186083 -0.0278455106 -0.0255436648 -0.0230328913 -0.0207612876 -0.0191445809 -0.0185098612 -0.019051311 -0.0208039239 -0.0236387682 -0.0272804372 -0.0313443244 -0.035388678 -0.0389743899 -0.0417244271 -0.0433748612
FILT_W -0.000842853451 0.00312308376 0.00351160938
FILT_DQ 0.00475889115 0.00287180695 0.000451723269 -0.00218068501 -0.00467600588 -0.00670338144 -0.00799528801 -0.0083837442 -0.00782304636 -0.00639595442 -0.00430249065 -0.00183286765 0.000671790598 0.00286561827 0.00444481899 0.00518878325 0.0049899469 0.00386834941 0.00196892165 -0.00045812983 -0.00309118709 -0.00558075027 -0.00759674077 -0.00887317582
FLAGS 0 1 0 0
STATE 0 0 0 0
GAIT 1 0 0
STEP 190 RESET 0
CMD 0 0 0.9
W 0.723322137 1.05841967 1.08789209
DQ 1.30155056 1.17518689 1.02619525 0.881237549 0.766429698 0.703806979 0.708341657 0.785916561 0.932528865 1.13483186 1.37194135 1.61826226 1.84695279 2.03355731 2.15931637 2.21370562 2.19586032 2.11469233 1.98768391 1.83852165 1.69389052 1.57986225 1.51836661 1.52422331
FILT_W 0.0715736456 0.108652742 0.111949657
FILT_DQ 0.134438058 0.120103315 0.103026076 0.0861611384 0.0724345645 0.0643476546 0.0636384065 0.0710462863 0.0862121447 0.107726827 0.133321893 0.160176645 0.185299891 0.205934788 0.219931974 0.226040467 0.224076985 0.214950747 0.200540421 0.183439848 0.166606984 0.15296355 0.144999594 0.144436472
FLAGS 0 1 0 0
STATE 1 0 0 0
GAIT 0 1 0
STEP 191 RESET 0
CMD 0 0 0.9
W -0.584667615 -0.389074814 -0.503249476
DQ -0.638044006 -0.864601125 -1.11056661 -1.34914676 -1.55454744 -1.70546522 -1.78797065 -1.79739359 -1.73895526 -1.62706158 -1.48335342 -1.33377758 -1.20507503 -1.12116161 -1.0998912 -1.15063922 -1.27303373 -1.4570058 -1.68415224 -1.93022641 -2.16841991 -2.37299095 -2.52274835 -2.60391975
FILT_W 0.00594951958 0.0588799864 0.0504297438
FILT_DQ 0.057189852 0.0216328711 -0.0183331923 -0.0573696513 -0.0902636363 -0.112633633 -0.121522499 -0.115797701 -0.0963045952 -0.065752014 -0.0283456382 0.0107812225 0.0462623989 0.0732251482 0.0879496565 0.0883724986 0.0743659127 0.0477550923 0.0120711549 -0.027926778 -0.066895706 -0.0996318997 -0.121775201 -0.13039915
FLAGS 0 1 0 0
STATE 1 0 0 0
GAIT 0 1 0
STEP 192 RESET 0
CMD 0 0 0.9
W 0.747255557 1.06704126 1.0732752
DQ 1.26168028 1.12730748 0.976786972 0.836987574 0.733327054 0.686331954 0.708859414 0.804357024 0.966396203 1.17954229 1.42144352 1.66585629 1.88619705 2.05914027 2.16777549 2.20389601 2.16910967 2.0746212 1.93971575 1.78914871 1.64979521 1.54701266 1.50120878 1.52507946
FILT_W 0.0800801233 0.159696113 0.152714289
FILT_DQ 0.177638895 0.132200332 0.0811788241 0.0320660712 -0.00790456727 -0.0327370743 -0.038484308 -0.0237822288 0.0099654846 0.0587774159 0.116633278 0.176288729 0.230255864 0.271816661 0.29593224 0.29992485 0.283840288 0.250441703 0.204835614 0.153780771 0.104773386 0.0650325567 0.0405231968 0.0351487116
FLAGS 0 1 0 0
STATE 1 0 0 0
GAIT 0 1 0
STEP 193 RESET 0
CMD 0 0 0.9
W -0.560922129 -0.381236877 -0.51852525
DQ -0.679233667 -0.91303632 -1.15969186 -1.3923132 -1.58591269 -1.72078414 -1.7851699 -1.77685223 -1.70345347 -1.58140437 -1.43372027 -1.28688611 -1.16727177 -1.09756306 -1.09369132 -1.16267712 -1.30168015 -1.49838358 -1.73266108 -1.97930088 -2.21141801 -2.40409307 -2.53774499 -2.60078117
FILT_W 0.0159798981 0.105602814 0.0855903353
FILT_DQ 0.091951639 0.027676667 -0.0429082444 -0.110371855 -0.16570538 -0.201541781 -0.213152867 -0.199089229 -0.161376411 -0.105240762 -0.0384020773 0.0299712454 0.0905031004 0.134878688 0.156969885 0.153664653 0.125288244 0.0755591746 0.0110859446 -0.0595273938 -0.126845753 -0.181880006 -0.217303622 -0.228444276
FLAGS 0 1 0 0
STATE 1 0 0 0
GAIT 0 1 0
STEP 194 RESET 0
CMD 0 0 0.9
W 0.770785662 1.07408648 1.05735819
DQ 1.21925838 1.07841897 0.928048678 0.794995998 0.70376556 0.673201551 0.71393724 0.826955818 1.00345733 1.22604969 1.47110265 1.71194601 1.92247933 2.08070448 2.17170301 2.18965528 2.13862809 2.03202432 1.89076885 1.74047654 1.60798531 1.5177238 1.48840507 1.53049383
FILT_W 0.0914604745 0.202451181 0.182767121
FILT_DQ 0.204682313 0.132750897 0.0541874479 -0.0198350701 -0.0787582857 -0.114067448 -0.120443856 -0.0964847242 -0.0448930371 0.0278882826 0.112548395 0.198168721 0.273700723 0.329461268 0.358443198 0.357263715 0.326622228 0.271205689 0.199054235 0.120472999 0.0466373528 -0.0119196255 -0.046732753 -0.0525504656
FLAGS 0 0 0 0
STATE 1 0 0 0
GAIT 0 1 0
STEP 195 RESET 0
CMD 0 0 0.9
W -0.537634602 -0.37499251 -0.535065085
DQ -0.722798059 -0.962274721 -1.20794008 -1.43304107 -1.61360789 -1.73169825 -1.77782574 -1.75224381 -1.66491142 -1.53414517 -1.38414024 -1.24169566 -1.13258723 -1.07807882 -1.09204446 -1.17909056 -1.3339324 -1.54210944 -1.78194247 -2.02746779 -2.25195127 -2.43150671 -2.54832869 -2.59310247
FILT_W 0.0285509668 0.144706812 0.110983901
FILT_DQ 0.111934276 0.0232483355 -0.0720253054 -0.16115567 -0.232243246 -0.275830528 -0.286182045 -0.262060633 -0.206894875 -0.128315062 -0.0371204682 0.0541822829 0.133071928 0.188707259 0.213394431 0.203628288 0.160566765 0.0898741757 0.000954564659 -0.0943210797 -0.18322151 -0.253878334 -0.296892346 -0.306605666
FLAGS 0 1 0 0
STATE 1 0 0 0
GAIT 0 1 0
STEP 196 RESET 0
CMD 0 0 0.9
W 0.793803692 1.07952277 1.04021465
DQ 1.17464367 1.02893485 0.880392601 0.755617989 0.677995247 0.664526825 0.723532185 0.853521804 1.04339877 1.2739607 1.5204987 1.75614158 1.95549275 2.09806755 2.17106571 2.17110386 2.10467341 1.98726198 1.84125723 1.69291679 1.56881443 1.49224339 1.48006377 1.54042061
FILT_W 0.105076239 0.238188408 0.203906975
FILT_DQ 0.218205215 0.123816987 0.0232164853 -0.0694783043 -0.141219397 -0.181794793 -0.185210622 -0.150502389 -0.0818655104 0.0119125142 0.118641449 0.224378212 0.31531401 0.379643288 0.409161559 0.400375845 0.35497743 0.279612956 0.184984831 0.0844027075 -0.00801791587 -0.0792661618 -0.119196735 -0.121903039
FLAGS 0 0 0 0
STATE 1 0 0 0
GAIT 0 1 0
STEP 197 RESET 0
CMD 0 0 0.9
W -0.514912675 -0.370370576 -0.552792529
DQ -0.768368712 -1.01189987 -1.25490319 -1.47098591 -1.6373988 -1.73811524 -1.76600031 -1.72377646 -1.62365508 -1.4856837 -1.33503266 -1.19858847 -1.10131476 -1.06287367 -1.09496458 -1.19974071 -1.36951768 -1.58781356 -1.83157959 -2.07431975 -2.28967689 -2.45499999 -2.55440993 -2.58094861
FILT_W 0.0430773479 0.17733251 0.128237025
FILT_DQ 0.119547823 0.0102453016 -0.104595483 -0.209629064 -0.290837337 -0.337426837 -0.343289591 -0.307829797 -0.236044468 -0.137847107 -0.0267259626 0.0820815444 0.173651133 0.235391592 0.258748946 0.24036419 0.182527918 0.0928703042 -0.0166716109 -0.131469538 -0.236183813 -0.316839545 -0.362718054 -0.367807596
FLAGS 0 1 0 0
STATE 1 0 0 0
GAIT 0 1 0
STEP 198 RESET 0
CMD 0 0 0.9
W 0.816203252 1.08332501 1.0219238
DQ 1.12821349 0.979273665 0.834221817 0.719186605 0.656234081 0.660381148 0.737563096 0.883830284 1.08588271 1.3228701 1.5692139 1.7980692 1.98495809 2.11108261 2.16586897 2.14839867 2.06753281 1.94071277 1.79159964 1.64687174 1.53261389 1.47078694 1.47625544 1.55477584
FILT_W 0.120389938 0.267931759 0.217605702
FILT_DQ 0.220414389 0.107148138 -0.0107137527 -0.116747498 -0.196130195 -0.237646039 -0.235204322 -0.188663789 -0.10385175 0.00822461356 0.132868023 0.25368031 0.354781828 0.422960694 0.449460948 0.431167638 0.371028407 0.277654551 0.164155514 0.0463645891 -0.0593040426 -0.138076896 -0.178820705 -0.175549253
FLAGS 0 0 0 0
STATE 1 0 0 0
GAIT 0 1 0
STEP 199 RESET 0
CMD 0 0 0.9
W -0.492861374 -0.36739244 -0.571625643
DQ -0.815560189 -1.06149203 -1.30018397 -1.50582676 -1.65708418 -1.73998083 -1.74979361 -1.69169097 -1.58003342 -1.43642985 -1.28681291 -1.15792912 -1.07371888 -1.05207622 -1.10242695 -1.2244529 -1.40813502 -1.63510936 -1.88115259 -2.11946049 -2.32427576 -2.47437421 -2.55593729 -2.56442238
FILT_W 0.0590648071 0.204399339 0.138682568
FILT_DQ 0.116816931 -0.00971587871 -0.139660775 -0.255655424 -0.342225594 -0.387879518 -0.38666325 -0.338966507 -0.251469917 -0.136240833 -0.00910006996 0.112519367 0.211931757 0.275457003 0.294272159 0.265605584 0.193112064 0.0863781596 -0.0403752968 -0.170217918 -0.285801215 -0.371706628 -0.416532363 -0.414436566
FLAGS 0 0 0 0
STATE 1 0 0 0
GAIT 0 1 0
STEP 200 RESET 0
CMD 0 0 0.9
W 0.837880806 1.0854756 1.00257019
DQ 1.08036055 0.929855447 0.789926839 0.686009985 0.638666119 0.660799585 0.755911298 0.917624909 1.13054981 1.3723642 1.6168362 1.83737425 2.01062613 2.11963959 2.15615675 2.12173175 2.02752043 1.89277043 1.74221609 1.60273082 1.49968988 1.45353593 1.47701229 1.5734381
FILT_W 0.136946407 0.292506966 0.22507133
FILT_DQ 0.213171294 0.0842412539 -0.0467020134 -0.161488883 -0.244136423 -0.283011608 -0.272405796 -0.213307365 -0.113267944 0.0146196703 0.153493557 0.285004855 0.391801195 0.459875262 0.480460618 0.451218201 0.376552901 0.267017386 0.137883842 0.00707695589 -0.107252105 -0.189182372 -0.227177898 -0.215649099
FLAGS 0 0 0 0
STATE 1 0 0 0
GAIT 0 1 0
STEP 201 RESET 0
CMD 0 0 0.9
W -0.471582624 -0.366071865 -0.591477374
DQ -0.863973342 -1.11063175 -1.34339944 -1.53726896 -1.67249755 -1.73727925 -1.72934272 -1.65625871 -1.53441538 -1.38680021 -1.23988882 -1.12006153 -1.05003299 -1.0457778 -1.11436847 -1.25301813 -1.44945779 -1.68359683 -1.9302422 -2.16250819 -2.35545526 -2.48946551 -2.55289784 -2.54366357
FILT_W 0.0760935039 0.226649083 0.143416459
FILT_DQ 0.10545683 -0.0352460468 -0.176371756 -0.29906689 -0.386972536 -0.428438372 -0.418099488 -0.3576025 -0.255382687 -0.125522318 0.0141553195 0.144498216 0.247617776 0.309309955 0.32097771 0.280794567 0.193951832 0.0719559651 -0.0689287623 -0.209881559 -0.332072421 -0.419210685 -0.459749892 -0.448450546
FLAGS 0 0 0 0
STATE 1 0 0 0
GAIT 0 1 0
STEP 202 RESET 0
CMD 0 0 0.9
W 0.858736157 1.08596463 0.98224328
DQ 1.03148961 0.881098178 0.747882317 0.656368738 0.625439951 0.665778596 0.778421603 0.954619842 1.17702228 1.42202438 1.66296281 1.87372427 2.03227977 2.12366612 2.1420112 2.09132865 1.9849747 1.84384043 1.69352428 1.5608674 1.47032086 1.44063628 1.48232791 1.59624955
FILT_W 0.154357769 0.312580637 0.227299141
FILT_DQ 0.198060108 0.0563883757 -0.0839463485 -0.203523328 -0.285731287 -0.319016675 -0.298447379 -0.226380266 -0.11214219 0.0292323515 0.179036069 0.317420822 0.426083976 0.490745572 0.503081058 0.461847976 0.373054119 0.249144412 0.107316542 -0.0328066631 -0.151833093 -0.233225988 -0.265542112 -0.243980536
FLAGS 0 0 0 0
STATE 1 0 0 0
GAIT 0 1 0
STEP 203 RESET 0
CMD 0 0 0.9
W -0.45117478 -0.366414958 -0.612255965
DQ -0.913198692 -1.15890341 -1.38418407 -1.56504655 -1.68350854 -1.73003334 -1.70482062 -1.61777937 -1.48718679 -1.33721455 -1.19465727 -1.08530597 -1.03045742 -1.04403169 -1.13068813 -1.28519478 -1.49313647 -1.73286584 -1.97843321 -2.20309877 -2.38295167 -2.50014623 -2.54531729 -2.51884774
FILT_W 0.0938045143 0.244681078 0.143343631
FILT_DQ 0.0869342277 -0.0651408033 -0.21397012 -0.33967565 -0.425509012 -0.460118342 -0.439084703 -0.365520176 -0.24964665 -0.107412339 0.041666735 0.177148143 0.280429836 0.337267846 0.33970414 0.2871437 0.18643506 0.0509433868 -0.101258433 -0.249835874 -0.37494495 -0.459918012 -0.49351963 -0.471467257
FLAGS 0 0 0 0
STATE 1 0 0 0
GAIT 0 1 0
STEP 204 RESET 0
CMD 0 0 0.9
W 0.878672905 1.08478982 0.961037025
DQ 0.982013997 0.833414249 0.708443863 0.630513571 0.616667445 0.675276069 0.804903616 0.994502179 1.22490706 1.47143061 1.7072036 1.90681184 2.04973585 2.12312814 2.12355195 2.05744652 1.94025547 1.79433664 1.64593603 1.52163554 1.44475524 1.43219709 1.49215735 1.62301725
FILT_W 0.172291353 0.328691952 0.22511297
FILT_DQ 0.176442205 0.0247147019 -0.121728722 -0.242656727 -0.321291367 -0.346578901 -0.314685871 -0.229517941 -0.102191279 0.0504719557 0.208220421 0.350114512 0.457360438 0.515853875 0.518088921 0.464173982 0.361817101 0.225282712 0.0734610129 -0.072688732 -0.192974931 -0.270706502 -0.294951932 -0.262018806
FLAGS 0 0 0 0
STATE 1 0 0 0
GAIT 0 1 0
STEP 205 RESET 0
CMD 0 0 0.9
W -0.431732171 -0.368420131 -0.633865373
DQ -0.962819888 -1.20589873 -1.42219291 -1.58892459 -1.69002401 -1.7183044 -1.67643472 -1.57657841 -1.43874713 -1.28809227 -1.15150084 -1.05395641 -1.01515775 -1.04685264 -1.1512479 -1.32071071 -1.53880164 -1.78249968 -2.02531802 -2.2408889 -2.40653241 -2.50632604 -2.53325976 -2.4901848
FILT_W 0.111889001 0.258980743 0.139215136
FILT_DQ 0.0625159953 -0.0983466413 -0.251775141 -0.377283514 -0.458164631 -0.483751451 -0.450860756 -0.364223988 -0.235846865 -0.0833844672 0.0722482955 0.20970742 0.31010862 0.359583224 0.351155238 0.285685512 0.171755227 0.024504473 -0.13641689 -0.289508749 -0.414330679 -0.494268455 -0.518782714 -0.484835406
FLAGS 0 0 0 0
STATE 1 0 0 0
GAIT 0 1 0
STEP 206 RESET 0
CMD 0 0 0.9
W 0.8975989 1.0819566 0.939049444
DQ 0.932352192 0.787206971 0.671945051 0.608663166 0.612422798 0.689211673 0.835133352 1.03693459 1.27379912 1.52016501 1.74918437 1.93635707 2.06284675 2.11803019 2.10093515 2.02037193 1.89374098 1.74467776 1.59985385 1.48536708 1.42320926 1.42828974 1.50641746 1.6535148
FILT_W 0.190459991 0.341278329 0.219198567
FILT_DQ 0.149499615 -0.00979127999 -0.159403121 -0.278688846 -0.351105888 -0.366455138 -0.322261345 -0.22410813 -0.0848822658 0.0769704809 0.239941903 0.382372385 0.485382432 0.53542792 0.526133229 0.459154154 0.343953802 0.196521801 0.0372101844 -0.112021166 -0.230576685 -0.302012636 -0.316262697 -0.271000385
FLAGS 0 0 0 0
STATE 1 0 0 0
GAIT 0 1 0
STEP 207 RESET 0
CMD 0 0 0.9
W -0.413344667 -0.372078116 -0.656205713
DQ -1.01241723 -1.25122021 -1.45710447 -1.60870113 -1.69198885 -1.70219162 -1.6444251 -1.53300431 -1.3895061 -1.23984885 -1.11078454 -1.026278 -1.00426337 -1.0542168 -1.1758739 -1.35926552 -1.58606705 -1.83207855 -2.07050007 -2.27555896 -2.42599805 -2.50795267 -2.51682723 -2.45791717
FILT_W 0.130079525 0.269942685 0.131658139
FILT_DQ 0.0333079301 -0.133934173 -0.289173257 -0.411690074 -0.485194184 -0.500028786 -0.454477721 -0.354997748 -0.215344649 -0.054711452 0.104869258 0.241507346 0.336417852 0.376463448 0.355932517 0.277312187 0.150951716 -0.00633823345 -0.173560841 -0.328374946 -0.450118821 -0.522606639 -0.53631915 -0.489692064
FLAGS 0 0 0 0
STATE 1 0 0 0
GAIT 0 1 0
STEP 208 RESET 0
CMD 0 0 0.9
W 0.91542666 1.07747807 0.916382168
DQ 0.882924234 0.742867168 0.638694588 0.591002337 0.612741913 0.707467542 0.868855128 1.08155819 1.32328495 1.5678154 1.78855005 1.96211009 2.07150155 2.10841539 2.07435207 1.98041847 1.84582464 1.6952838 1.55566751 1.45236877 1.40586515 1.42894727 1.52498764 1.68748424
FILT_W 0.208614239 0.350696224 0.210130542
FILT_DQ 0.11826956 -0.046254039 -0.196386472 -0.311420833 -0.375400575 -0.379279153 -0.322144436 -0.211342154 -0.0614816889 0.107541233 0.273237337 0.41356762 0.509926222 0.549658643 0.527774472 0.447622815 0.320439009 0.163823969 -0.000638005569 -0.150300574 -0.264520424 -0.327451249 -0.33018847 -0.271974434
FLAGS 0 0 0 0
STATE 1 0 0 0
GAIT 0 1 0
STEP 209 RESET 0
CMD 0 0 0.9
W -0.396097257 -0.377372005 -0.679173724
DQ -1.06157123 -1.29448453 -1.48862349 -1.62420889 -1.68938645 -1.68183128 -1.60906251 -1.48742562 -1.33988017 -1.19289232 -1.07285276 -1.00250486 -0.997866444 -1.06606188 -1.20435782 -1.40053311 -1.63453294 -1.8811831 -2.11359722 -2.30681571 -2.44118394 -2.50501236 -2.49615868 -2.42231778
FILT_W 0.148143089 0.277889401 0.121200115
FILT_DQ 0.000285481062 -0.171077088 -0.325610174 -0.442699638 -0.506799162 -0.509534366 -0.450836244 -0.3389505 -0.189321537 -0.0225021227 0.138628328 0.271960373 0.359146955 0.38808659 0.354561243 0.262807222 0.124941814 -0.0406767372 -0.211933927 -0.365952088 -0.482186775 -0.54520736 -0.546785492 -0.487008768
FLAGS 0 0 0 0
STATE 1 0 0 0
GAIT 0 1 0
STEP 210 RESET 0
CMD 0 0 0.9
W 0.932073783 1.07137494 0.89313997
DQ 0.834148185 0.700769867 0.608973707 0.577680458 0.61762209 0.729889265 0.905783723 1.12799555 1.37294599 1.61397872 1.82496768 1.98385307 2.07562707 2.09436508 2.04402757 1.93792406 1.79691174 1.64657254 1.51375074 1.42291972 1.39286961 1.43416413 1.54771082 1.72463826
FILT_W 0.226536158 0.357237955 0.198394101
FILT_DQ 0.0836717515 -0.0838923925 -0.232151786 -0.340661629 -0.394357037 -0.385592003 -0.315174247 -0.192255896 -0.0330947847 0.141145962 0.307262263 0.443149642 0.530794967 0.558714439 0.523507876 0.430318906 0.292138806 0.12804819 -0.0393654603 -0.187064907 -0.294681137 -0.347270211 -0.33733586 -0.265844065
FLAGS 0 0 0 0
STATE 1 0 0 0
GAIT 0 1 0
STEP 211 RESET 0
CMD 0 0 0.9
W -0.380069664 -0.384277329 -0.702663242
DQ -1.10986614 -1.33532575 -1.51648336 -1.6353167 -1.68223882 -1.65739561 -1.57064604 -1.44022785 -1.29028909 -1.14761985 -1.03802632 -0.982838044 -0.996021066 -1.0822877 -1.23645875 -1.44416444 -1.68378938 -1.92939801 -2.15424494 -2.33439477 -2.45196164 -2.49752999 -2.47142894 -2.38368773
FILT_W 0.165875576 0.283086426 0.108288366
FILT_DQ -0.0356820377 -0.209035728 -0.360584943 -0.470127136 -0.523145216 -0.512772364 -0.440721427 -0.317053091 -0.158814215 0.0122693805 0.172733404 0.300550874 0.378113364 0.394614225 0.347511214 0.242870571 0.0945459879 -0.0776964297 -0.250853408 -0.401797893 -0.510409187 -0.562296189 -0.550745169 -0.477628431
FLAGS 0 0 0 0
STATE 1 0 0 0
GAIT 0 1 0
STEP 212 RESET 0
CMD 0 0 0.9
W 0.947463321 1.06367541 0.869430282
DQ 0.786436595 0.661271129 0.583033788 0.568810206 0.627022052 0.7562872 0.945606794 1.17585389 1.4223622 1.65826455 1.85812925 2.00140211 2.0751884 2.07599808 2.01021812 1.89324812 1.74741598 1.59895598 1.47445806 1.397269 1.38433255 1.44389618 1.57439481 1.76466262
FILT_W 0.244034351 0.361145324 0.184402558
FILT_DQ 0.0465298256 -0.122005043 -0.26622307 -0.366233402 -0.408128489 -0.385866407 -0.302088605 -0.167762393 -0.000696573917 0.176868897 0.341272988 0.470635997 0.547820868 0.56275261 0.513781904 0.407908326 0.259832987 0.0899688113 -0.0783222617 -0.221891204 -0.320935013 -0.361676952 -0.338231171 -0.253399326
FLAGS 0 0 0 0
STATE 1 0 0 0
GAIT 0 1 0
STEP 213 RESET 0
CMD 0 0 0.9
W -0.36533597 -0.39276217 -0.726565695
DQ -1.15689347 -1.37339844 -1.54044845 -1.64193062 -1.67060642 -1.62909126 -1.52950062 -1.39181019 -1.2411523 -1.10441436 -1.00659979 -0.967443907 -0.998742847 -1.10275702 -1.27190518 -1.48979048 -1.73341974 -1.97631547 -2.19209944 -2.35806288 -2.45823999 -2.48556884 -2.44284717 -2.34235374
FILT_W 0.183097319 0.285754575 0.0933057326
FILT_DQ -0.0738125044 -0.247144383 -0.393645607 -0.493803124 -0.534376282 -0.510188893 -0.424829806 -0.290167172 -0.124742146 0.0487405716 0.20648571 0.326828007 0.393164496 0.396201647 0.335213196 0.218138445 0.0605077139 -0.116659617 -0.28969998 -0.435508372 -0.53466551 -0.57406614 -0.548692771 -0.462294768
FLAGS 0 0 0 0
STATE 1 0 0 0
GAIT 0 1 0
STEP 214 RESET 0
CMD 0 0 0.9
W 0.961524141 1.05441507 0.845362693
DQ 0.74019301 0.624705034 0.561094233 0.564466607 0.640862294 0.786438072 0.987987516 1.22472843 1.47111562 1.7002983 1.88775426 2.01460878 2.07018927 2.05346974 1.9732097 1.84676852 1.697756 1.55283687 1.43812182 1.37563357 1.38032619 1.45806113 1.6048139 1.80721878
FILT_W 0.260940001 0.362620624 0.168511429
FILT_DQ 0.00758804699 -0.159959441 -0.298171623 -0.387976151 -0.416852424 -0.380526196 -0.283548074 -0.138677612 0.0348436301 0.213896345 0.374612565 0.495606084 0.560866973 0.561928457 0.499012846 0.381001452 0.224232542 0.0502900311 -0.1169178 -0.254394178 -0.34316634 -0.370853414 -0.333342104 -0.235343413
FLAGS 0 0 0 0
STATE 1 0 0 0
GAIT 0 1 0
STEP 215 RESET 0
CMD 0 0 0.9
W -0.351964277 -0.40278731 -0.750770599
DQ -1.20225548 -1.40838058 -1.56031605 -1.64399471 -1.65458762 -1.59715765 -1.48597426 -1.34258217 -1.19288539 -1.06364128 -0.978838973 -0.95645265 -1.00600877 -1.12729671 -1.3103973 -1.53702531 -1.78300427 -2.02153866 -2.22684055 -2.37761986 -2.45996589 -2.46923007 -2.41065511 -2.29866544
FILT_W 0.199649573 0.286079831 0.0765832259
FILT_DQ -0.113396305 -0.284801555 -0.424386066 -0.513578007 -0.540625944 -0.502189342 -0.403790692 -0.259068067 -0.0879292724 0.0861425825 0.239267411 0.35040021 0.404179399 0.39300594 0.318071831 0.189198776 0.0235088608 -0.156892838 -0.327910075 -0.466716746 -0.554846295 -0.580691079 -0.541073405 -0.441675615
FLAGS 0 0 0 0
STATE 1 0 0 0
GAIT 0 1 0
STEP 216 RESET 0
CMD 0 0 0.9
W 0.97419125 1.04363672 0.821048451
DQ 0.695808559 0.591380859 0.543340607 0.564686398 0.659025755 0.820086863 1.03256743 1.27420579 1.51879389 1.73972446 1.91359215 2.02336137 2.06067194 2.02697062 1.93331531 1.79887838 1.64835182 1.50860527 1.40504935 1.35819642 1.3808844 1.47653915 1.63871082 1.85194681
FILT_W 0.277103741 0.361835519 0.151029748
FILT_DQ -0.032475819 -0.197183314 -0.327613399 -0.405751567 -0.420660774 -0.369961721 -0.26015488 -0.105740682 0.0727430439 0.25150077 0.406699885 0.517696326 0.569828653 0.556402408 0.479596179 0.350166736 0.185993157 0.0096569727 -0.154614133 -0.284225429 -0.361273225 -0.374968056 -0.323094982 -0.212313373
FLAGS 0 0 0 0
STATE 1 0 0 0
GAIT 0 1 0
STEP 217 RESET 0
CMD 0 0 0.9
W -0.340016392 -0.414306408 -0.775166075
DQ -1.24556848 -1.43997629 -1.57591814 -1.64149151 -1.63431792 -1.56186487 -1.4404351 -1.29296015 -1.14589662 -1.02564546 -0.954978668 -0.949957237 -1.01775737 -1.15569921 -1.35160955 -1.58546943 -1.83212357 -2.06468508 -2.25817442 -2.39290028 -2.45712474 -2.44865188 -2.37512505 -2.25299232
FILT_W 0.215391727 0.284221327 0.0584101661
FILT_DQ -0.153785085 -0.321462611 -0.452443873 -0.529325561 -0.542026489 -0.489152036 -0.378182902 -0.224462628 -0.0491209229 0.123786147 0.27053203 0.37093097 0.411070051 0.385192246 0.296475605 0.15660312 -0.015818516 -0.197777233 -0.364970162 -0.495092914 -0.570858376 -0.582336438 -0.528297988 -0.416381267
FLAGS 0 0 0 0
STATE 1 0 0 0
GAIT 0 1 0
STEP 218 RESET 0
CMD 0 0 0.9
W 0.985406099 1.03139018 0.796599941
DQ 0.653658647 0.561580463 0.52992307 0.56946772 0.681358808 0.856948972 1.07896948 1.32386748 1.56499375 1.77620955 1.93542439 2.02758586 2.04671692 1.99672484 1.89087238 1.74998277 1.59962132 1.46663531 1.37552037 1.34510504 1.38600248 1.49917397 1.67579886 1.89846839
FILT_W 0.292393165 0.358938212 0.132229144
FILT_DQ -0.0730407115 -0.233158304 -0.354207179 -0.419446233 -0.419687959 -0.354541935 -0.232467663 -0.069629617 0.112290544 0.289028487 0.437021266 0.536596459 0.574634737 0.546345505 0.455915283 0.315941085 0.145725467 -0.0313359781 -0.190921108 -0.311073118 -0.375172291 -0.374185398 -0.307888303 -0.184896302
FLAGS 0 0 0 0
STATE 1 0 0 0
GAIT 0 1 0
STEP 219 RESET 0
CMD 0 0 0.9
W -0.329547542 -0.427266223 -0.799639361
DQ -1.28646613 -1.46791833 -1.58712274 -1.63444218 -1.60996876 -1.52351142 -1.39326832 -1.24336384 -1.10058342 -0.990748285 -0.93522069 -0.948012606 -1.03388928 -1.18772429 -1.39519336 -1.63471309 -1.88036219 -2.10538979 -2.28583602 -2.40377492 -2.44974057 -2.42400832 -2.33655749 -2.2057207
FILT_W 0.230199094 0.280317769 0.0390422931
FILT_DQ -0.194383253 -0.356634306 -0.477498735 -0.540945827 -0.538716039 -0.471438884 -0.348547729 -0.18700304 -0.0089968517 0.16105081 0.29979707 0.388135552 0.413782335 0.372938525 0.270804419 0.120875667 -0.0568832991 -0.238741359 -0.4004126 -0.520343298 -0.582629119 -0.57916769 -0.510755222 -0.386978742
FLAGS 0 0 0 0
STATE 1 0 0 0
GAIT 0 1 0
STEP 220 RESET 0
CMD 0 0 0
W 2.48779212 2.54433017 1.93032542
DQ 1.53524945 1.33888974 1.30238777 1.44692534 1.7691814 2.24178155 2.817003 3.43323369 4.02331109 4.52361246 4.88266577 5.06811629 5.07110559 4.90747053 4.61559977 4.2512381 3.87994159 3.56820493 3.37446163 3.34117539 3.48909279 3.81443532 4.28941085 4.86597509
FILT_W 0.455958397 0.506719009 0.228170606
FILT_DQ -0.0214199825 -0.187081901 -0.299510084 -0.342158711 -0.307926296 -0.200116841 -0.031992656 0.175020633 0.394233943 0.597306975 0.75808394 0.856133626 0.879514661 0.826391726 0.705283955 0.533911911 0.33679919 0.141953269 -0.0229251766 -0.134191429 -0.175456929 -0.139807389 -0.0307386149 0.138316642
FLAGS 1 0 0 0
STATE 2 0 0.02 0.02
GAIT 0 0 1
STEP 221 RESET 0
CMD 0 0 0
W -0.801515289 -1.10401713 -2.06019334
DQ -3.31150629 -3.7299259 -3.98458772 -4.0572659 -3.95436522 -3.70605425 -3.36218215 -2.98553183 -2.64332259 -2.39811227 -2.29933038 -2.37658802 -2.63567017 -3.05775271 -3.60195019 -4.21084947 -4.81828033 -5.35827128 -5.77397852 -6.02537946 -6.09468961 -5.98876959 -5.73819662 -5.39312601
FILT_W 0.330211028 0.345645395 -0.000665788621
FILT_DQ -0.350428613 -0.541366301 -0.668017848 -0.71366943 -0.672570188 -0.550710582 -0.365011606 -0.141034614 0.0904782897 0.29776505 0.452342509 0.532861462 0.527996178 0.437977282 0.27456054 0.0594357726 -0.178708761 -0.408069185 -0.598030511 -0.723310232 -0.767380196 -0.724703609 -0.601484415 -0.414827624
FLAGS 1 0 0 0
STATE 2 0 0.04 0.04
GAIT 0 0 1
STEP 222 RESET 0
CMD 0 0 0
W 2.50819654 2.50681376 1.8693806
DQ 1.44366637 1.2838182 1.29128143 1.4812874 1.84436111 2.34760369 2.93914506 3.55516428 4.12852751 4.59787414 4.91592174 5.05586552 5.01500616 4.81511523 4.49948847 4.12708591 3.76455193 3.47719524 3.32014966 3.330912 3.52426708 3.89028662 4.39567304 4.98826609
FILT_W 0.54800958 0.561762232 0.18633885
FILT_DQ -0.171019115 -0.358847851 -0.47208792 -0.494173747 -0.420877058 -0.260879154 -0.0345959396 0.228585276 0.494283211 0.727775959 0.898700432 0.985161867 0.976697176 0.875691077 0.697053333 0.466200786 0.215617308 -0.019542743 -0.206212494 -0.317888009 -0.338215469 -0.263204586 -0.101768669 0.125481748
FLAGS 1 0 0 0
STATE 2 0 0.06 0.06
GAIT 0 0 1
STEP 223 RESET 0
CMD 0 0 0
W -0.783083604 -1.14315501 -2.12091761
DQ -3.39913772 -3.7798224 -3.98999603 -4.01745403 -3.87472152 -3.59735813 -3.23914511 -2.86480637 -2.54124832 -2.32850447 -2.27161013 -2.39450714 -2.69680338 -3.15382593 -3.71996035 -4.33482445 -4.9314407 -5.44530131 -5.82309911 -6.02994237 -6.05407726 -5.90847868 -5.62909414 -5.26997848
FILT_W 0.414900262 0.391270507 -0.0443867956
FILT_DQ -0.493830975 -0.700945306 -0.823878731 -0.846501775 -0.766261505 -0.594527052 -0.355050857 -0.080753888 0.190730059 0.422147916 0.581669376 0.647194967 0.60934712 0.472739377 0.255351964 -0.0139017378 -0.299088493 -0.5621186 -0.767901155 -0.889093444 -0.909801648 -0.827731995 -0.654501217 -0.414064275
FLAGS 1 0 0 0
STATE 2 0 0.08 0.08
GAIT 0 0 1
STEP 224 RESET 0
CMD 0 0 0
W 2.52463419 2.46609964 1.80894708
DQ 1.36017199 1.23920232 1.2915826 1.52646485 1.9283003 2.45894383 3.06281678 3.67442921 4.22724369 4.6626808 4.93804761 5.03231596 4.94896849 4.71552735 4.37982912 4.00355042 3.65386026 3.39432898 3.27632438 3.33205924 3.57023156 3.97484728 4.50738497 5.11200962
FILT_W 0.625873654 0.59875342 0.140946592
FILT_DQ -0.308430678 -0.506930544 -0.612332598 -0.609205113 -0.496805325 -0.289179963 -0.0132640928 0.294764422 0.594381422 0.846201205 1.0173072 1.08570707 1.04330926 0.897018173 0.66779968 0.387843478 0.0962063824 -0.166473841 -0.363478602 -0.466978176 -0.461798327 -0.347474068 -0.138312598 0.138543114
FLAGS 1 0 0 0
STATE 2 0 0.1 0.1
GAIT 0 0 1
STEP 225 RESET 0
CMD 0 0 0
W -0.768658996 -1.18539831 -2.18099052
DQ -3.47831841 -3.81906328 -3.98398603 -3.96700657 -3.78666444 -3.48360953 -3.11510034 -2.7472543 -2.44609907 -2.26863605 -2.25512545 -2.42363732 -2.7676058 -3.25671779 -3.84101574 -4.45765908 -5.03942948 -5.52382847 -5.86153636 -6.02308741 -6.00285788 -5.81982718 -5.51500909 -5.14590075
FILT_W 0.486420389 0.420338247 -0.0912471193
FILT_DQ -0.625419451 -0.838143817 -0.949497941 -0.944985259 -0.825791236 -0.60862292 -0.323447718 -0.0094374495 0.290333373 0.534717479 0.690063934 0.734772627 0.662217752 0.481644577 0.216918138 -0.0967067779 -0.417357204 -0.702209304 -0.913284378 -1.0225891 -1.01590428 -0.894709379 -0.675982247 -0.389901272
FLAGS 1 0 0 0
STATE 2 0 0.12 0.12
GAIT 0 0 1
STEP 226 RESET 0
CMD 0 0 0
W 2.53702909 2.42237599 1.74930421
DQ 1.28547251 1.20541946 1.30328872 1.58207558 2.02028899 2.57486024 3.18697217 3.79001973 4.3186247 4.71748431 4.94885623 4.99766678 4.87355113 4.60954918 4.2576338 3.88167652 3.54880282 3.32030705 3.24335646 3.3446074 3.62659747 4.06740206 4.62360178 5.23615905
FILT_W 0.691481259 0.620542021 0.0928080132
FILT_DQ -0.434330254 -0.633787489 -0.724219274 -0.692279175 -0.541183214 -0.290274604 0.0275942712 0.370508268 0.693162505 0.952994163 1.11594316 1.16106204 1.08335109 0.894435037 0.620989704 0.301131552 -0.0207412013 -0.299957669 -0.497620294 -0.585869449 -0.551654107 -0.398498235 -0.146023844 0.17270476
FLAGS 1 0 0 0
STATE 2 0 0.14 0.14
GAIT 0 0 1
STEP 227 RESET 0
CMD 0 0 0
W -0.758308138 -1.23055177 -2.24013441
DQ -3.54837864 -3.84731663 -3.96660855 -3.90635021 -3.69093876 -3.36577055 -2.99109701 -2.63386988 -2.35867963 -2.21901339 -2.25001577 -2.46373218 -2.84747855 -3.36555804 -3.96409246 -4.57831443 -5.14133331 -5.59318858 -5.88896518 -6.00487259 -5.9414647 -5.72356492 -5.3969064 -5.02194227
FILT_W 0.546502319 0.435432641 -0.140486229
FILT_DQ -0.745735093 -0.955140403 -1.0484582 -1.01368628 -0.856158769 -0.597824198 -0.274274857 0.0700704531 0.387978292 0.635793408 0.77934727 0.79858262 0.690268126 0.468435729 0.162481487 -0.186813046 -0.532800412 -0.82928076 -1.03675478 -1.12776976 -1.09063517 -0.931004904 -0.6711121 -0.346759943
FLAGS 1 0 0 0
STATE 2 0 0.16 0.16
GAIT 0 0 1
STEP 228 RESET 0
CMD 0 0 0
W 2.54532394 2.37584491 1.69072766
DQ 1.22019974 1.18275537 1.32630079 1.64764924 2.11954914 2.6943725 3.3105611 3.90095816 4.40189763 4.76182114 4.94825618 4.95221106 4.78939196 4.49807711 4.13393605 3.762495 3.4502682 3.25575551 3.22152476 3.36845036 3.69288805 4.16716814 4.7433405 5.35966433
FILT_W 0.746384482 0.629473869 0.0426351595
FILT_DQ -0.54914161 -0.741350825 -0.810982302 -0.747552727 -0.558587978 -0.268604529 0.0842087392 0.453159224 0.789370225 1.04839618 1.19623816 1.21394546 1.10018051 0.871399868 0.559626944 0.208117758 -0.134493551 -0.420777133 -0.610926829 -0.678147751 -0.612282845 -0.421187599 -0.12966684 0.223882484
FLAGS 1 0 0 0
STATE 2 0 0.18 0.18
GAIT 0 0 1
STEP 229 RESET 0
CMD 0 0 0
W -0.752078875 -1.27840668 -2.29807591
DQ -3.60872586 -3.86434351 -3.93801057 -3.83599799 -3.58835413 -3.24483787 -2.86818394 -2.52561214 -2.27972938 -2.18005619 -2.25632429 -2.51445259 -2.93574608 -3.4794261 -4.08814954 -4.69576998 -5.23629027 -5.65279498 -5.90515358 -5.97545194 -5.87041697 -5.62050608 -5.27578498 -4.89915149
FILT_W 0.596538146 0.438685814 -0.191435947
FILT_DQ -0.855100034 -1.05365009 -1.12368513 -1.05639725 -0.861564593 -0.566227863 -0.211030529 0.155282087 0.482460264 0.725550944 0.850981916 0.841105659 0.69658785 0.436317271 0.0948492954 -0.282271015 -0.644673223 -0.943978917 -1.1403495 -1.20787817 -1.13809626 -0.941119448 -0.644278654 -0.288420913
FLAGS 1 0 0 0
STATE 2 0 0.2 0.2
GAIT 0 0 1
STEP 230 RESET 0
CMD 0 0 0
W 2.54948041 2.32672149 1.63348819
DQ 1.16490576 1.17140174 1.36042417 1.72263119 2.22524121 2.81646976 3.43253826 4.00630618 4.47635815 4.79531629 4.93625253 4.89633326 4.69720281 4.38205397 4.00978211 3.64701391 3.35908979 3.20122035 3.21101393 3.40338644 3.76854261 4.2733017 4.86558837 5.48148084
FILT_W 0.791832372 0.627489382 -0.00894353317
FILT_DQ -0.653099455 -0.83114491 -0.875274198 -0.778494409 -0.552884013 -0.227958101 0.15332635 0.540384497 0.881850053 1.13252748 1.25950898 1.24662842 1.09664935 0.830890941 0.486342577 0.110657478 -0.244296922 -0.52945899 -0.70521316 -0.746751709 -0.647432371 -0.419677333 -0.0932919513 0.288569262
FLAGS 1 0 0 0
STATE 2 0 0.22 0.22
GAIT 0 0 1
STEP 231 RESET 0
CMD 0 0 0
W -0.75 -1.32874183 -2.35454718
DQ -3.65884963 -3.86999988 -3.89843398 -3.75654494 -3.47977822 -3.12183434 -2.74740074 -2.42339671 -2.2099161 -2.15209396 -2.27399766 -2.57536956 -3.03166183 -3.59735887 -4.21213768 -4.80903229 -5.32349722 -5.70214352 -5.90996461 -5.93507433 -5.79031562 -5.51152234 -5.15266929 -4.77856697
FILT_W 0.637649135 0.43186626 -0.243503898
FILT_DQ -0.953674472 -1.13503041 -1.17759018 -1.07629946 -0.845573434 -0.517345724 -0.136746359 0.244006376 0.572673438 0.804065335 0.906158313 0.864428621 0.683818229 0.38806596 0.0164945509 -0.381311499 -0.752216952 -1.04672744 -1.22568831 -1.26558397 -1.1617207 -0.928861833 -0.599229685 -0.218144361
FLAGS 1 0 0 0
STATE 2 0 0.24 0.24
GAIT 0 0 1
STEP 232 RESET 0
CMD 0 0 0
W 2.54947929 2.27523278 1.57785038
DQ 1.12005824 1.1714546 1.40537025 1.80638724 2.33647125 2.94011932 3.55187197 4.10517276 4.54137649 4.81768645 4.91294682 4.830506 4.5977634 4.26246108 3.88622208 3.53621 3.27603879 3.15716283 3.21191286 3.44912017 3.85292128 4.38490506 4.98931142 5.60057825
FILT_W 0.82883215 0.616202912 -0.0613684706
FILT_DQ -0.746301201 -0.904381906 -0.919294134 -0.788030792 -0.527368966 -0.171599219 0.232115473 0.630123015 0.969543743 1.20542745 1.30683716 1.26103636 1.07521275 0.775505473 0.403467303 0.0104406513 -0.349391378 -0.626338416 -0.781928188 -0.794113557 -0.660256498 -0.397485144 -0.0403755739 0.3637279
FLAGS 1 0 0 0
STATE 2 0 0.26 0.26
GAIT 0 0 1
STEP 233 RESET 0
CMD 0 0 0
W -0.752081122 -1.38132458 -2.40928722
DQ -3.69832601 -3.86423791 -3.84821351 -3.66866309 -3.36612937 -2.99780033 -2.629769 -2.32808814 -2.14983027 -2.1353632 -2.30288641 -2.64596786 -3.13441452 -3.71835886 -4.3350082 -4.91714338 -5.40221657 -5.74081681 -5.90335761 -5.88408126 -5.70183815 -5.39753548 -5.02860063 -4.66120863
FILT_W 0.670740823 0.416450163 -0.296160346
FILT_DQ -1.04150368 -1.20036751 -1.21218607 -1.07609402 -0.811245007 -0.454219331 -0.0540729742 0.334301899 0.657606341 0.871348382 0.945864807 0.870335937 0.65425002 0.326119039 -0.0703802474 -0.482317752 -0.854673897 -1.13778626 -1.29407113 -1.30311033 -1.16441466 -0.897490178 -0.539198079 -0.138765753
FLAGS 1 0 0 0
STATE 2 0 0.28 0.28
GAIT 0 0 1
STEP 234 RESET 0
CMD 0 0 0
W 2.54532057 2.22161677 1.52407139
DQ 1.08603651 1.18291349 1.46075886 1.89820898 2.45229847 3.06427536 3.66755288 4.19672169 4.5964027 4.82874241 4.87853616 4.75528604 4.49191481 4.14030997 3.76430102 3.43102045 3.20181765 3.12395558 3.22421396 3.50526471 3.94531037 4.50103426 5.1134632 5.71594924
FILT_W 0.858198798 0.596966824 -0.114137172
FILT_DQ -0.828749662 -0.962039406 -0.944891579 -0.778663721 -0.484890659 -0.102369861 0.318089611 0.720543878 1.05148598 1.26708778 1.33913194 1.25883095 1.0380165 0.707538132 0.313087879 -0.0909839322 -0.449024743 -0.711612072 -0.842242622 -0.822272823 -0.65344216 -0.357637734 0.0260680485 0.446705747
FLAGS 1 0 0 0
STATE 2 0 0.3 0.3
GAIT 0 0 1
STEP 235 RESET 0
CMD 0 0 0
W -0.75831262 -1.43591187 -2.462043
DQ -3.72682111 -3.84710633 -3.78777394 -3.57309573 -3.24836882 -2.87378493 -2.51628365 -2.24049255 -2.09998009 -2.13000542 -2.34274618 -2.72565034 -3.24313507 -3.84140267 -4.45572186 -5.01918885 -5.47178248 -5.76848776 -5.88538844 -5.82290402 -5.60573291 -5.27950962 -4.90462839 -4.54806907
FILT_W 0.696547657 0.393678954 -0.348927755
FILT_DQ -1.11855681 -1.2505461 -1.22917981 -1.05810692 -0.761238475 -0.379511368 0.0346522852 0.424440235 0.73633937 0.927378464 0.97094413 0.860382818 0.609901342 0.252644052 -0.163793094 -0.583804424 -0.951300517 -1.21729964 -1.3465572 -1.32233594 -1.14867123 -0.849824923 -0.467001595 -0.0527717356
FLAGS 1 0 0 0
STATE 2 0 0.32 0.32
GAIT 0 0 1
STEP 236 RESET 0
CMD 0 0 0
W 2.53702349 2.1661213 1.4723998
DQ 1.06312833 1.20568151 1.52612153 1.99731977 2.57174321 3.18788776 3.77860258 4.28017863 4.64097138 4.82839067 4.8333116 4.6713096 4.3805523 4.01663379 3.64505015 3.33233494 3.13705413 3.10187949 3.24781318 3.5713452 4.04492845 4.62070709 5.23699362 5.82661799
FILT_W 0.88059524 0.570923188 -0.166795
FILT_DQ -0.900388293 -1.00492334 -0.953649681 -0.752564252 -0.427940307 -0.0227714554 0.409047315 0.810014075 1.12680257 1.31747968 1.35718088 1.2414755 0.986966438 0.629043025 0.217091231 -0.192190488 -0.542465052 -0.785381728 -0.887120166 -0.832967829 -0.629311266 -0.302771721 0.103397927 0.535167237
FLAGS 1 0 0 0
STATE 2 0 0.34 0.34
GAIT 0 0 1
STEP 237 RESET 0
CMD 0 0 0
W -0.768665693 -1.49225139 -2.51257067
DQ -3.74409391 -3.81875005 -3.71762646 -3.47065118 -3.1274926 -2.75083706 -2.40790455 -2.16135082 -2.0607872 -2.13606594 -2.39323984 -2.81374307 -3.35690393 -3.96544957 -4.57325764 -5.1143056 -5.53160659 -5.78492231 -5.8562091 -5.75206007 -5.50281274 -5.15844301 -4.78180113 -4.44010525
FILT_W 0.715669147 0.36460573 -0.401372567
FILT_DQ -1.18475885 -1.28630601 -1.23004736 -1.02437294 -0.697895536 -0.295578016 0.127352128 0.512877585 0.808043595 0.972125123 0.982138806 0.835953639 0.552579401 0.169593766 -0.261943657 -0.684401999 -1.04137921 -1.28533579 -1.38402906 -1.32487705 -1.11666141 -0.78833885 -0.385121979 0.0376399881
FLAGS 1 0 0 0
STATE 2 0 0.36 0.36
GAIT 0 0 1
STEP 238 RESET 0
CMD 0 0 0
W 2.5246264 2.10900286 1.42307445
DQ 1.05152745 1.23956607 1.60090542 2.10288134 2.69379519 3.30991099 3.88408179 4.35483771 4.67470557 4.8166342 4.77765566 4.57928695 4.26461779 3.8924786 3.52947811 3.24098818 3.082296 3.09112125 3.28251091 3.64680273 4.15093295 4.74291135 5.35885787 5.93164847
FILT_W 0.896564872 0.539045443 -0.218927866
FILT_DQ -0.961130225 -1.0337188 -0.946952081 -0.711647516 -0.358726463 0.0649708853 0.503025095 0.897073597 1.19470979 1.35657603 1.36169049 1.21028697 0.923783239 0.541882249 0.11719852 -0.291862981 -0.629011685 -0.847690082 -0.917375062 -0.827709075 -0.589901978 -0.23521383 0.189276006 0.627040836
FLAGS 1 0 0 0
STATE 2 0 0.38 0.38
GAIT 0 0 1
STEP 239 RESET 0
CMD 0 0 0
W -0.783092485 -1.55008273 -2.56063669
DQ -3.74999833 -3.77940889 -3.63836437 -3.36219592 -3.00452307 -2.62999661 -2.30554838 -2.09133234 -2.03258309 -2.15349349 -2.45394032 -2.90950095 -3.47475883 -4.08945039 -4.68662144 -5.20168913 -5.58118289 -5.78998146 -5.81606638 -5.67214861 -5.39394817 -5.03535964 -4.66115772 -4.33823033
FILT_W 0.728599136 0.330132626 -0.453098748
FILT_DQ -1.24001703 -1.30828781 -1.21609331 -0.976702357 -0.623306124 -0.204525865 0.222167748 0.598233003 0.871980503 1.00556908 0.98012741 0.798308178 0.483929032 0.0787489851 -0.363183476 -0.782845596 -1.12422881 -1.34191922 -1.40724419 -1.31215303 -1.0703066 -0.715228411 -0.295767367 0.13051372
FLAGS 1 0 0 0
STATE 2 0 0.4 0.4
GAIT 0 0 1
STEP 240 RESET 0
CMD 0 0 0
W 2.50818658 2.05052548 1.37632333
DQ 1.05133199 1.28428058 1.684478 2.21400084 2.8174221 3.42931299 3.98309838 4.42006745 4.69731993 4.79357243 4.71203906 4.47999643 4.14509184 3.7688945 3.4185624 3.15775277 3.03800642 3.09177188 3.32801369 3.73099907 4.26242728 4.86661343 5.4780252 6.03015232
FILT_W 0.906557881 0.502171911 -0.27015654
FILT_DQ -1.01088213 -1.04903097 -0.926036179 -0.657632037 -0.279233301 0.158858021 0.598260811 0.980416448 1.25451445 1.38436941 1.35331857 1.166477 0.850045313 0.447763537 0.0149911115 -0.388785759 -0.708005283 -0.89855011 -0.933718405 -0.807837818 -0.537033209 -0.157044227 0.28161189 0.72047758
FLAGS 1 0 0 0
STATE 2 0 0.42 0.42
GAIT 0 0 1
STEP 241 RESET 0
CMD 0 0 0
W -0.801526314 -1.60913856 -2.60601887
DQ -3.74448441 -3.72941562 -3.5506581 -3.24864727 -2.88050033 -2.51228567 -2.21008086 -2.03102933 -2.01560632 -2.18214068 -2.52433421 -3.01211406 -3.59570295 -4.2123563 -4.79485441 -5.28060033 -5.62009206 -5.78362243 -5.76529981 -5.58384551 -5.28005997 -4.91130055 -4.54371857 -4.24330595
FILT_W 0.735749462 0.291040864 -0.503742773
FILT_DQ -1.28424236 -1.31706944 -1.18849837 -0.916733561 -0.539360004 -0.108256348 0.317426644 0.67927187 0.92750237 1.0277184 0.965553296 0.748617896 0.405470486 -0.0182484473 -0.465993441 -0.877967216 -1.19921396 -1.38705734 -1.41687655 -1.28543859 -1.01133588 -0.632469859 -0.200921156 0.224099227
FLAGS 1 0 0 0
STATE 2 0 0.44 0.44
GAIT 0 0 1
STEP 242 RESET 0
CMD 0 0 0
W 2.48778005 1.99095944 1.33236254
DQ 1.06254361 1.33944685 1.77613242 2.32973842 2.9415783 3.54508385 4.07481485 4.47531615 4.7086232 4.75940043 4.63701681 4.37427783 4.02298542 3.64692678 3.31324114 3.08333272 3.00455997 3.10382586 3.38393665 3.8232221 4.37846842 4.99076706 5.59348771 6.12129639
FILT_W 0.91095252 0.461032722 -0.320132242
FILT_DQ -1.04956376 -1.05141781 -0.892035291 -0.592086363 -0.191266174 0.257077671 0.693165465 1.0588763 1.30561445 1.40088661 1.33269965 1.11118389 0.767221979 0.348269076 -0.0880699823 -0.481837223 -0.778836568 -0.937969022 -0.936795226 -0.774572519 -0.472355455 -0.0701461678 0.37851973 0.813818943
FLAGS 1 0 0 0
STATE 2 0 0.46 0.46
GAIT 0 0 1
STEP 243 RESET 0
CMD 0 0 0
W -0.823881973 -1.66914594 -2.64850746
DQ -3.72759881 -3.66919307 -3.45524944 -3.13096563 -2.75647335 -2.39869983 -2.12230947 -1.98095184 -2.01000047 -2.2217652 -2.60382612 -3.12071449 -3.71871335 -4.33312778 -4.89704112 -5.35037178 -5.64800502 -5.765899 -5.70433878 -5.48789767 -5.1621114 -4.78731505 -4.43047699 -4.15613501
FILT_W 0.737469071 0.248014856 -0.552969763
FILT_DQ -1.31736727 -1.31319533 -1.14835671 -0.845974289 -0.447786892 -0.00850007921 0.411617971 0.754893484 0.974052961 1.03862143 0.939047071 0.687994052 0.318628447 -0.11987061 -0.568967096 -0.968690678 -1.26575341 -1.42076202 -1.41354958 -1.24590503 -0.941331049 -0.541863056 -0.102379941 0.316823548
FLAGS 1 0 0 0
STATE 2 0 0.48 0.48
GAIT 0 0 1
STEP 244 RESET 0
CMD 0 0 0
W 2.46350111 1.93058009 1.29139527
DQ 1.08506748 1.40459827 1.87509346 2.44911516 3.06521366 3.65624436 4.15845547 4.5201165 4.70851977 4.71440721 4.55322343 4.26302533 3.8993313 3.52760705 3.21440516 3.01835748 2.98223956 3.12718125 3.44980679 3.92269178 4.49807488 5.11432213 5.70426879 6.20430979
FILT_W 0.910072274 0.416271379 -0.36853326
FILT_DQ -1.07712379 -1.04141597 -0.84601169 -0.516465345 -0.0964868366 0.357974365 0.786301721 1.13141579 1.34749964 1.4062 1.30046471 1.04549718 0.676698732 0.244877156 -0.190629871 -0.569985863 -0.840954115 -0.965967694 -0.927213944 -0.729045352 -0.397390456 0.0237554627 0.478284932 0.905572173
FLAGS 1 0 0 0
STATE 2 0 0.5 0.5
GAIT 0 0 1
STEP 245 RESET 0
CMD 0 0 0
W -0.85005613 -1.72982748 -2.68790606
DQ -3.69948433 -3.59925061 -3.35294538 -3.01014634 -2.63349117 -2.29019981 -2.04297657 -1.94152341 -2.01581296 -2.27203192 -2.69174369 -3.23438369 -3.84274959 -4.45074334 -4.99231728 -5.41041335 -5.66468566 -5.73696107 -5.63369889 -5.3851166 -5.04110008 -4.6644518 -4.32239077 -4.07745478
FILT_W 0.734059434 0.201661492 -0.60047054
FILT_DQ -1.33935985 -1.29719944 -1.09670506 -0.765833444 -0.35018727 0.0931569478 0.503373892 0.824121866 1.01116838 1.03837681 0.901243867 0.617509092 0.2247539 -0.224684893 -0.670798611 -1.05402861 -1.32332727 -1.44306703 -1.39786244 -1.19465248 -0.861761419 -0.445065264 -0.00178263804 0.407269477
FLAGS 1 0 0 0
STATE 2 0 0.52 0.52
GAIT 0 0 1
STEP 246 RESET 0
CMD 0 0 0
W 2.43546199 1.86966649 1.25361088
DQ 1.11871309 1.4791838 1.9805241 2.57112137 3.18728248 3.76185435 4.2333128 4.55408959 4.69701052 4.65897334 4.46136766 4.1471799 3.77517535 3.41194451 3.12289041 2.9633766 2.97123397 3.16164049 3.52506698 4.02856679 4.62023504 5.23623362 5.80943147 6.27849038
FILT_W 0.904199689 0.368461993 -0.415062398
FILT_DQ -1.09355255 -1.01956111 -0.788982143 -0.432137962 0.00355970535 0.460026688 0.876367783 1.19711864 1.37975259 1.40043646 1.25725625 0.970476173 0.579796045 0.138978047 -0.291429709 -0.652288091 -0.893871146 -0.982596279 -0.905569497 -0.67233055 -0.313561773 0.123064625 0.579338773 0.994391568
FLAGS 1 0 0 0
STATE 2 0 0.54 0.54
GAIT 0 0 1
STEP 247 RESET 0
CMD 0 0 0
W -0.879927802 -1.79090272 -2.72403256
DQ -3.66037877 -3.52017981 -3.24461121 -2.88721131 -2.51259396 -2.1877033 -1.97275318 -1.91307754 -2.03299462 -2.33251566 -2.78734333 -3.35216026 -3.96676257 -4.56420817 -5.07987702 -5.46021721 -5.66999291 -5.69705341 -5.55397762 -5.27637163 -4.91804953 -4.54374998 -4.22037411 -4.00793076
FILT_W 0.72578694 0.152525522 -0.645959414
FILT_DQ -1.35023518 -1.26962298 -1.03454505 -0.677645298 -0.248055662 0.195253689 0.591455686 0.886099021 1.03847787 1.02714125 0.852796289 0.53821253 0.125140183 -0.331340574 -0.77027444 -1.133081 -1.37148332 -1.45404199 -1.37041031 -1.13273466 -0.774010549 -0.343616836 0.0993674847 0.494159335
FLAGS 1 0 0 0
STATE 2 0 0.56 0.56
GAIT 0 0 1
STEP 248 RESET 0
CMD 0 0 0
W 2.40379229 1.80850022 1.21918402
DQ 1.16319586 1.56257258 2.09153261 2.69472513 3.3067523 3.86102054 4.29875369 4.57694807 4.67419279 4.59356768 4.36222641 4.02772137 3.65156769 3.30091744 3.03947092 2.91885513 2.97163629 3.20691215 3.60908066 4.13995165 4.74391565 5.3554704 5.90808628 6.34321075
FILT_W 0.893587475 0.318122992 -0.459445071
FILT_DQ -1.09889207 -0.986403427 -0.721937283 -0.340408255 0.107425134 0.561830374 0.962185487 1.25518393 1.40204936 1.38378389 1.2037393 0.887163414 0.477782934 0.0318852273 -0.389299904 -0.727887389 -0.937171362 -0.987946578 -0.872461212 -0.605466026 -0.222217929 0.226291888 0.680239364 1.07906448
FLAGS 1 0 0 0
STATE 2 0 0.58 0.58
GAIT 0 0 1
STEP 249 RESET 0
CMD 0 0 0
W -0.913358916 -1.85208933 -2.75671998
DQ -3.61061289 -3.43264946 -3.13116321 -2.76320033 -2.39480429 -2.09207722 -1.91223323 -1.89585482 -2.06140014 -2.40270487 -2.88981644 -3.47304802 -4.08970339 -4.67256258 -5.15897977 -5.49936211 -5.66388188 -5.64651354 -5.46584926 -5.16258253 -4.79400051 -4.4262305 -4.12528988 -3.94815097
FILT_W 0.712892836 0.10110176 -0.689172562
FILT_DQ -1.35006415 -1.23102803 -0.962859876 -0.582687462 -0.142797808 0.296439615 0.674743615 0.940080051 1.05570441 1.00513502 0.794383727 0.451142271 0.0210343014 -0.438559554 -0.866267891 -1.20503486 -1.40984241 -1.45380327 -1.33180002 -1.06117768 -0.679396187 -0.238960351 0.19968644 0.576342932
FLAGS 1 0 0 0
STATE 2 0 0.6 0.6
GAIT 0 0 1
STEP 250 RESET 0
CMD 0 0 0
W 2.3686384 1.74736399 1.18827382
DQ 1.21813956 1.65405932 2.20718008 2.81888099 3.42261263 3.9529042 4.35422465 4.58849859 4.64025957 4.51874343 4.25663823 3.90566013 3.5295538 3.19546491 2.96485226 2.88516962 2.9834431 3.2626133 3.70113726 4.25590426 4.86807063 5.47102396 5.99939878 6.39792348
FILT_W 0.878467393 0.265727983 -0.501427925
FILT_DQ -1.09324378 -0.942519295 -0.645855881 -0.242530617 0.213743236 0.662086073 1.04269172 1.30492191 1.41415993 1.35649586 1.14060918 0.796594057 0.371886251 -0.0751571074 -0.483155876 -0.796014413 -0.970513862 -0.982161617 -0.828506289 -0.529469483 -0.124649506 0.33203808 0.779657674 1.15850099
FLAGS 1 0 0 0
STATE 2 0 0.62 0.62
GAIT 0 0 1
STEP 251 RESET 0
CMD 0 0 0
W -0.950194947 -1.91310451 -2.78581724
DQ -3.55060761 -3.3373999 -3.01356094 -2.63916227 -2.28111842 -2.00413038 -1.86192862 -1.89000092 -2.10078926 -2.48200587 -2.9982963 -3.59602451 -4.21053222 -4.77489012 -5.22895648 -5.52751696 -5.64640425 -5.58576895 -5.3700592 -5.04471173 -4.67000224 -4.31288734 -4.03794229 -3.89862105
FILT_W 0.695601159 0.0478447337 -0.729866856
FILT_DQ -1.33898016 -1.18200736 -0.882626387 -0.482193782 -0.0357429298 0.395464428 0.752229685 0.985429623 1.06266501 0.972645686 0.72671863 0.3573322 -0.0863555952 -0.545130409 -0.957735936 -1.26916467 -1.4381029 -1.44252235 -1.28266158 -0.980993708 -0.579184779 -0.132454462 0.297897678 0.652788783
FLAGS 1 0 0 0
STATE 2 0 0.64 0.64
GAIT 0 0 1
STEP 252 RESET 0
CMD 0 0 0
W 2.33016281 1.68654039 1.16102315
DQ 1.28307948 1.7528702 2.32648835 2.94253882 3.53388353 4.03672816 4.3992565 4.58864348 4.59549788 4.43513345 4.14549618 3.78202857 3.41016568 3.09647884 2.89966555 2.86260499 3.00655456 3.32827282 3.80045813 4.37544388 4.99164986 5.58191694 6.08259666 6.44216582
FILT_W 0.859057324 0.211714299 -0.540777856
FILT_DQ -1.0767742 -0.888519599 -0.561714914 -0.139720522 0.321219716 0.759590801 1.11693237 1.34575101 1.4159483 1.31889446 1.06859638 0.699801837 0.263296532 -0.180969484 -0.571995788 -0.855987703 -0.993637154 -0.965442834 -0.774349609 -0.445349949 -0.0221013151 0.438982678 0.876367576 1.23172649
FLAGS 1 0 0 0
STATE 2 0 0.66 0.66
GAIT 0 0 1
STEP 253 RESET 0
CMD 0 0 0
W -0.990265629 -1.97366623 -2.81118983
DQ -3.48087045 -3.23523673 -2.89279908 -2.51614627 -2.17249791 -1.92460663 -1.82226481 -1.89556536 -2.15082883 -2.56974794 -3.1118654 -3.72004959 -4.32822707 -4.8703253 -5.28921527 -5.54444364 -5.61770786 -5.51533341 -5.26741763 -4.92375619 -4.54710349 -4.20467915 -3.95907014 -3.8597599
FILT_W 0.674125028 -0.00682375316 -0.767819053
FILT_DQ -1.31718382 -1.12319131 -0.794823331 -0.377363096 0.0718479536 0.491171058 0.823012649 1.02161937 1.05927059 0.930030222 0.650550206 0.257816694 -0.195855828 -0.649905065 -1.04371774 -1.3248333 -1.45604422 -1.42043189 -1.22365641 -0.893190573 -0.474601533 -0.0253835051 0.392823805 0.722577847
FLAGS 1 0 0 0
STATE 2 0 0.68 0.68
GAIT 0 0 1
STEP 254 RESET 0
CMD 0 0 0
W 2.28854335 1.62631056 1.13755796
DQ 1.35746635 1.8581695 2.44844831 3.06465274 3.63962385 4.11178344 4.43346835 4.57738149 4.54028631 4.34344492 4.02974031 3.65787236 3.2944131 3.00479647 2.84446215 2.85135208 3.04077519 3.40333537 3.90620324 4.49755944 5.11360812 5.6872114 6.15697622 6.47556355
FILT_W 0.835566861 0.156489678 -0.577281351
FILT_DQ -1.04971881 -0.825055231 -0.470496167 -0.0331615124 0.428625544 0.853232296 1.18405822 1.37719558 1.40737216 1.27137169 0.988469216 0.597822261 0.153171065 -0.284434912 -0.654899748 -0.907214758 -1.00636228 -0.938055165 -0.710670445 -0.354115572 0.0842194319 0.545875986 0.969239047 1.29787642
FLAGS 1 0 0 0
STATE 2 0 0.7 0.7
GAIT 0 0 1
STEP 255 RESET 0
CMD 0 0 0
W -1.03338575 -2.03349455 -2.83272048
DQ -3.40199125 -3.12702408 -2.76989904 -2.39519278 -2.06986147 -1.8541786 -1.79357729 -1.91250107 -2.2110956 -2.66518895 -3.22956315 -3.84407425 -4.44179248 -4.95806091 -5.33924649 -5.54999896 -5.57803541 -5.43580266 -5.1587927 -4.80073895 -4.42634375 -4.10252118 -3.88934052 -3.83189623
FILT_W 0.6486716 -0.0625087453 -0.802825264
FILT_DQ -1.28494605 -1.05525212 -0.700436454 -0.269364639 0.178776842 0.582491206 0.886294669 1.04822592 1.04552538 0.877715628 0.56666598 0.15363261 -0.306325289 -0.751797512 -1.12333442 -1.37149318 -1.4635296 -1.38782991 -1.15548267 -0.798777909 -0.366836887 0.0810362694 0.48338109 0.784899153
FLAGS 1 0 0 0
STATE 2 0 0.72 0.72
GAIT 0 0 1
STEP 256 RESET 0
CMD 0 0 0
W 2.24397241 1.56695289 1.11798673
DQ 1.44067099 1.96906658 2.57202842 3.1841899 3.73893926 4.17743522 4.45657085 4.55480789 4.47509184 4.24445335 3.91034968 3.53424164 3.18327512 2.92119323 2.79970897 2.85150609 3.08581553 3.48716606 4.01747819 4.6212181 5.23291386 5.78601677 6.22190837 6.49783421
FILT_W 0.808201681 0.100437418 -0.610744064
FILT_DQ -1.01238435 -0.752820246 -0.373189967 0.0759908143 0.534793084 0.941985608 1.24332229 1.39888412 1.38848203 1.2143894 0.901034349 0.491693513 0.0426347516 -0.384498438 -0.731030083 -0.949193252 -1.00859508 -0.900330318 -0.638186585 -0.256778309 0.193138188 0.651534319 1.05723382 1.35619266
FLAGS 1 0 0 0
STATE 2 0 0.74 0.74
GAIT 0 0 1
STEP 257 RESET 0
CMD 0 0 0
W -1.07935599 -2.09231295 -2.85030966
DQ -3.31463718 -3.01367719 -2.64590031 -2.27732485 -1.97407721 -1.79344196 -1.77610869 -1.9406648 -2.28107984 -2.76752165 -3.35039407 -3.96704948 -4.5502679 -5.0373549 -5.37862696 -5.54413595 -5.52772245 -5.34784938 -5.04510316 -4.6767005 -4.30874441 -4.00727746 -3.82934322 -3.8152657
FILT_W 0.619445914 -0.118837619 -0.834700624
FILT_DQ -1.24260963 -0.978905941 -0.600461001 -0.159340752 0.283906055 0.668442851 0.941379189 1.06492922 1.02152584 0.816198294 0.475891507 0.0458192132 -0.416655514 -0.849784084 -1.19578977 -1.40868752 -1.46050782 -1.34508222 -1.07887824 -0.698770528 -0.257050071 0.185653141 0.568576113 0.839046823
FLAGS 1 0 0 0
STATE 2 0 0.76 0.76
GAIT 0 0 1
STEP 258 RESET 0
CMD 0 0 0
W 2.196656 1.50874175 1.10239992
DQ 1.53198968 2.08462347 2.69618344 3.30013924 3.83098973 4.23312822 4.46836859 4.5211136 4.40046589 4.138996 3.7883341 3.41218206 3.07769173 2.84637626 2.76578453 2.8630657 3.14129465 3.57905585 4.13334179 4.74537393 5.34855801 5.87749733 6.27684389 6.50878942
FILT_W 0.777166923 0.0439203176 -0.64099057
FILT_DQ -0.9651497 -0.672552999 -0.270796557 0.186607247 0.638614423 1.02491139 1.29407813 1.41054766 1.35941985 1.14847807 0.807135767 0.382455498 -0.0672207892 -0.48016805 -0.799632341 -0.9815122 -1.00032757 -0.852668417 -0.557656238 -0.154356082 0.303510737 0.754837561 1.13940289 1.40602108
FLAGS 1 0 0 0
STATE 2 0 0.78 0.78
GAIT 0 0 1
STEP 259 RESET 0
CMD 0 0 0
W -1.12796388 -2.14984955 -2.86387609
DQ -3.21954708 -2.89615477 -2.52185167 -2.1635394 -1.88595527 -1.74291043 -1.77000677 -1.97981836 -2.36018962 -2.87588053 -3.47333617 -4.08793517 -4.65273587 -5.10753658 -5.4070236 -5.5269042 -5.46719454 -5.25221749 -4.9273106 -4.55268995 -4.19530012 -3.91975358 -3.7795857 -3.81000898
FILT_W 0.586653843 -0.175456669 -0.863279122
FILT_DQ -1.19058944 -0.894913176 -0.495902069 -0.0484074176 0.386157453 0.748129206 0.98766964 1.07151106 0.9874589 0.746042206 0.379088573 -0.0645835685 -0.525772297 -0.942904903 -1.26037147 -1.4360514 -1.44701427 -1.29262332 -0.994621675 -0.594189469 -0.146370349 0.287378447 0.647504032 0.884418076
FLAGS 1 0 0 0
STATE 2 0 0.8 0.8
GAIT 0 0 1
STEP 260 RESET 0
CMD 0 0 0
W 2.14681283 1.4519462 1.09086956
DQ 1.63065002 2.20386279 2.81986326 3.41152007 3.9149967 4.27839138 4.46876179 4.47658361 4.31703965 4.02796485 3.66472559 3.29272602 2.97855598 2.78097835 2.74297576 2.88593314 3.2067433 3.67822753 4.25281409 4.86897683 5.45956243 5.96087936 6.32131815 6.50833653
FILT_W 0.742669741 -0.0127163825 -0.667864253
FILT_DQ -0.908465492 -0.585035579 -0.164325536 0.297585331 0.739041378 1.10115542 1.33577885 1.41201831 1.32041697 1.07423447 0.707652275 0.27114739 -0.175339469 -0.570516578 -0.860036744 -1.00385295 -0.981638513 -0.795538239 -0.469878098 -0.0478728395 0.414222929 0.854728538 1.21488544 1.44680992
FLAGS 1 0 0 0
STATE 2 0 0.82 0.82
GAIT 0 0 1
STEP 261 RESET 0
CMD 0 0 0
W -1.17898473 -2.2058384 -2.87335705
DQ -3.11752522 -2.77545082 -2.39880234 -2.05479883 -1.806241 -1.7030114 -1.77532313 -2.02963057 -2.44775583 -2.98934906 -3.59734959 -4.20570884 -4.74832968 -5.16801236 -5.42419623 -5.49844945 -5.39696363 -5.14971583 -4.80641132 -4.4297562 -4.0869704 -3.84068981 -3.7404888 -3.81617053
FILT_W 0.550504294 -0.232028584 -0.888413533
FILT_DQ -1.12937147 -0.804077103 -0.387773216 0.0623469148 0.48451314 0.820738741 1.02466866 1.06785343 0.943599694 0.667876118 0.277152088 -0.176538233 -0.632638491 -1.03026616 -1.31645269 -1.4533126 -1.42317102 -1.230956 -0.90353142 -0.486061176 -0.0358964038 0.385186703 0.719348019 0.920511877
FLAGS 1 0 0 0
STATE 2 0 0.84 0.84
GAIT 0 0 1
STEP 262 RESET 0
CMD 0 0 0
W 2.09467327 1.39682876 1.08344896
DQ 1.73581755 2.32577601 2.94202178 3.51739032 3.99024963 4.31284187 4.45774711 4.42159456 4.22551873 3.912299 3.54056962 3.17688387 2.88670634 2.72555264 2.73147559 2.919915 3.2816079 3.78384231 4.37488458 4.99098135 5.56498826 6.03545759 6.35495498 6.49647937
FILT_W 0.704921192 -0.0691428494 -0.691227284
FILT_DQ -0.842852564 -0.491091792 -0.0547937164 0.407851256 0.83508679 1.16994905 1.3679765 1.40322754 1.2717916 0.992318406 0.603493842 0.158803978 -0.280704007 -0.654684277 -0.911659864 -1.01598984 -0.952693132 -0.729476167 -0.375689821 0.0616430773 0.524192063 0.950213792 1.28290872 1.47810863
FLAGS 1 0 0 0
STATE 2 0 0.86 0.86
GAIT 0 0 1
STEP 263 RESET 0
CMD 0 0 0
W -1.23218272 -2.26002071 -2.87870872
DQ -3.00943452 -2.65258625 -2.27779306 -1.95202288 -1.73560861 -1.67408235 -1.79201282 -2.08968012 -2.54303783 -3.10696753 -3.72138543 -4.31937438 -4.83624082 -5.21827073 -5.42999961 -5.45901237 -5.31762372 -5.04121137 -4.68342789 -4.30893902 -3.98467151 -3.77075489 -3.7123832 -3.83369822
FILT_W 0.511210801 -0.288230636 -0.909975427
FILT_DQ -1.05951076 -0.707241238 -0.277093651 0.171863842 0.57801725 0.885545913 1.05197757 1.05393677 0.890308655 0.582389812 0.171005915 -0.289013858 -0.736257688 -1.11104292 -1.36349384 -1.46029209 -1.38918619 -1.16064969 -0.806463627 -0.375415132 0.0733057053 0.478116924 0.783379523 0.946927942
FLAGS 1 0 0 0
STATE 2 0 0.88 0.88
GAIT 0 0 1
STEP 264 RESET 0
CMD 0 0 0
W 2.04047835 1.34364421 1.08017241
DQ 1.84660275 2.44933198 3.0616258 3.61685454 4.05611204 4.33618829 4.43541773 4.35661154 4.12667723 3.79297674 3.41691632 3.06563542 2.8029197 2.68056793 2.73138128 2.96472386 3.36525526 3.89500689 4.49852078 5.11035559 5.66394379 6.10060125 6.37746987 6.47331822
FILT_W 0.664137556 -0.125043151 -0.710960643
FILT_DQ -0.768899408 -0.391583915 0.0567782943 0.516362912 0.925826729 1.23061015 1.39032159 1.38420425 1.21394551 0.903448505 0.495596956 0.0464510703 -0.38233995 -0.731881838 -0.954006327 -1.0177905 -0.913742045 -0.65508403 -0.275965187 0.17316194 0.632369514 1.04036536 1.34278856 1.49956697
FLAGS 1 0 0 0
STATE 2 0 0.9 0.9
GAIT 0 0 1
STEP 265 RESET 0
CMD 0 0 0
W -1.28731194 -2.31214604 -2.87990636
DQ -2.89618919 -2.52860027 -2.15984734 -1.85608082 -1.67465552 -1.65636794 -1.81993466 -2.15945912 -2.64522972 -3.22774113 -3.84439459 -4.42797039 -4.91572571 -5.25788661 -5.42438465 -5.40892653 -5.22984587 -4.92762185 -4.55940049 -4.19126028 -3.88926869 -3.71054032 -3.69550663 -3.86244382
FILT_W 0.468992606 -0.34375344 -0.927855214
FILT_DQ -0.981628387 -0.605285551 -0.164884269 0.279118539 0.665778504 0.941912342 1.06929596 1.02983791 0.828027989 0.490329542 0.0615978015 -0.400991075 -0.835678526 -1.18448232 -1.40104416 -1.4569041 -1.34535243 -1.08233781 -0.704308718 -0.263280282 0.180205693 0.565274789 0.838959039 0.963365891
FLAGS 1 0 0 0
STATE 2 0 0.92 0.92
GAIT 0 0 1
STEP 266 RESET 0
CMD 0 0 0
W 1.98447854 1.29263836 1.08105507
DQ 1.96206861 2.57348567 3.17766369 3.70907146 4.11202686 4.3482332 4.4019625 4.28218419 4.02135114 3.67100732 3.29481155 2.95992161 2.72790471 2.64640469 2.74269363 3.01998072 3.45697788 4.01078104 4.62267697 5.22608986 5.75559206 6.15575935 6.38867241 6.43904899
FILT_W 0.620541199 -0.180114259 -0.726964186
FILT_DQ -0.687258687 -0.287408429 0.169370527 0.622113831 1.01040334 1.28254443 1.40256261 1.35507254 1.1473603 0.80839732 0.384919177 -0.064899807 -0.479320203 -0.801393615 -0.98667038 -1.00921562 -0.865119397 -0.573025927 -0.171610149 0.285656732 0.737744329 1.12432325 1.39393038 1.5109342
FLAGS 1 0 0 0
STATE 2 0 0.94 0.94
GAIT 0 0 1
STEP 267 RESET 0
CMD 0 0 0
W -1.3441176 -2.36197345 -2.87694443
DQ -2.77874709 -2.40454155 -2.04596277 -1.76778414 -1.62389727 -1.65001802 -1.85885249 -2.23837737 -2.75346716 -3.35064833 -3.96533665 -4.53057836 -4.98611209 -5.28652493 -5.40739884 -5.34861555 -5.13437253 -4.80990801 -4.43537817 -4.07771532 -3.80156887 -3.66055539 -3.69000183 -3.90216419
FILT_W 0.42407532 -0.398300178 -0.941962211
FILT_DQ -0.896407527 -0.499121741 -0.0521628025 0.383124034 0.746973278 0.989288183 1.0764211 0.99572755 0.757277558 0.392492755 -0.0501064057 -0.511467662 -0.929999391 -1.24990675 -1.42874323 -1.44315561 -1.29204471 -0.996714135 -0.597986951 -0.150680473 0.28381301 0.645835382 0.885537155 0.969624361
FLAGS 1 0 0 0
STATE 2 0 0.96 0.96
GAIT 0 0 1
STEP 268 RESET 0
CMD 0 0 0
W 1.9269327 1.24404699 1.08609284
DQ 2.0812385 2.69718697 3.28915401 3.7932611 4.15752115 4.3488747 4.35766439 4.19894201 3.91043133 3.54742235 3.17528807 2.86063656 2.66229586 2.62335189 2.76531697 3.08521823 3.55599997 4.13018554 4.74630303 5.33720529 5.8391579 6.20046535 6.38846783 6.39396152
FILT_W 0.574361058 -0.234065462 -0.739156706
FILT_DQ -0.598642924 -0.17949087 0.281968879 0.72413774 1.08802806 1.32524683 1.40454543 1.316049 1.07259294 0.707985714 0.272433042 -0.17425724 -0.570769866 -0.862580883 -1.00933721 -0.990318227 -0.807240242 -0.484024168 -0.0635579528 0.398108104 0.839347498 1.20129838 1.43583022 1.51205808
FLAGS 1 0 0 0
STATE 2 0 0.98 0.98
GAIT 0 0 1
STEP 269 RESET 0
CMD 0 0 0
W -1.4023371 -2.40927262 -2.86983663
DQ -2.65810153 -2.28145938 -1.93710258 -1.68787965 -1.58376319 -1.65508629 -1.90843716 -2.32576737 -2.86683468 -3.4746496 -4.08318868 -4.62633043 -5.04680461 -5.30394345 -5.37918585 -5.27858954 -5.03201119 -4.68906547 -4.31240991 -3.9692645 -3.72231381 -3.62122289 -3.69591536 -3.95252338
FILT_W 0.376691242 -0.451586178 -0.952224699
FILT_DQ -0.804588784 -0.389687721 0.0600617328 0.482936001 0.82084894 1.02721352 1.07324717 0.95186736 0.678650174 0.289722183 -0.16312913 -0.619464559 -1.01837334 -1.30671714 -1.44632207 -1.41914536 -1.22971734 -0.904528298 -0.488443148 -0.0386291565 0.383181367 0.719046252 0.922655665 0.965599931
FLAGS 1 0 0 0
STATE 2 0 1 1
GAIT 0 0 1
STEP 270 RESET 0
CMD 0 0 0
W 1.86810682 1.19809468 1.09526245
DQ 2.20310449 2.81938962 3.39515376 3.86871139 4.19221013 4.33810738 4.30289808 4.10758907 3.79485596 3.42326712 3.05935682 2.76862004 2.60664806 2.61160449 2.79905993 3.15988459 3.661484 4.25221045 4.86835335 5.44276206 5.9139345 6.23434114 6.37685787 6.33843716
FILT_W 0.525832799 -0.286618092 -0.747475984
FILT_DQ -0.503819457 -0.0687799869 0.393570936 0.82151354 1.15798506 1.35830291 1.39621226 1.26743953 0.990270752 0.603076677 0.159119465 -0.2806561 -0.6558712 -0.914884977 -1.02178387 -0.961242363 -0.740597203 -0.388854423 0.0472365012 0.509509965 0.936256681 1.27057574 1.46807589 1.50288365
FLAGS 1 0 0 0
STATE 2 0 1.02 1.02
GAIT 0 0 1
STEP 271 RESET 0
CMD 0 0 0
W -1.46170136 -2.45382494 -2.85861582
DQ -2.53527293 -2.16039479 -1.83418752 -1.61704319 -1.55459271 -1.67152988 -1.96826925 -2.42088998 -2.9843734 -3.59869612 -4.19695388 -4.71441673 -5.09728994 -5.30999486 -5.3399843 -5.19944078 -4.92362764 -4.56611633 -4.19153576 -3.86682511 -3.65217385 -3.59287549 -3.71319719 -4.01309544
FILT_W 0.327079383 -0.503338777 -0.958589967
FILT_DQ -0.706964804 -0.277941467 0.17079509 0.577657866 0.886727282 1.05531963 1.05976411 0.898606581 0.592806336 0.182899397 -0.27648787 -0.724032163 -1.10001307 -1.35439596 -1.45360391 -1.3850622 -1.15890025 -0.806580613 -0.376640725 0.0718764579 0.477413628 0.784230618 0.949948577 0.951285744
FLAGS 1 0 0 0
STATE 2 0 1.04 1.04
GAIT 0 0 1
STEP 272 RESET 0
CMD 0 0 0
W 1.8082728 1.15499384 1.1085215
DQ 2.32663583 2.93906002 3.4947664 3.93478416 4.21580039 4.31602231 4.23812678 4.00889804 3.67560255 3.29959174 2.94799835 2.68465031 2.561432 2.61126187 2.84363712 3.24334829 3.77253777 4.3758237 4.98779559 5.54186736 5.97928942 6.25710019 6.35394072 6.27294554
FILT_W 0.475198725 -0.337505515 -0.75187882
FILT_DQ -0.403604741 0.0437586814 0.503192221 0.913370495 1.21963459 1.3813899 1.37760038 1.20963573 0.901085958 0.494568631 0.0459607519 -0.383163915 -0.733868567 -0.957830181 -1.02387981 -0.922221156 -0.665756445 -0.288340182 0.159802907 0.618875548 1.02760121 1.33151758 1.49034779 1.48345172
FLAGS 1 0 0 0
STATE 2 0 1.06 1.06
GAIT 0 0 1
STEP 273 RESET 0
CMD 0 0 0
W -1.52193598 -2.49542448 -2.84333385
DQ -2.4113002 -2.04237175 -1.73808805 -1.5558739 -1.53663257 -1.69920972 -2.03784273 -2.52294065 -3.10508919 -3.72173871 -4.30567003 -4.79409223 -5.13714108 -5.30462797 -5.29012577 -5.11183873 -4.81013859 -4.44210049 -4.07377811 -3.77126357 -3.59174225 -3.57575294 -3.74170117 -4.08336806
FILT_W 0.275485254 -0.553297411 -0.961024323
FILT_DQ -0.604374287 -0.164854362 0.279064194 0.666446056 0.944007877 1.07332994 1.03605607 0.836378089 0.500468444 0.0729378971 -0.389202327 -0.824256747 -1.17419582 -1.39250996 -1.45050441 -1.34118291 -1.08019466 -0.703716213 -0.263555195 0.179861636 0.565666861 0.840790523 0.967142895 0.926769746
FLAGS 1 0 0 0
STATE 2 0 1.08 1.08
GAIT 0 0 1
STEP 274 RESET 0
CMD 0 0 0
W 1.74770721 1.1149437 1.12580872
DQ 2.45078768 3.05518599 3.58714939 3.99092056 4.22809241 4.28280627 4.16389833 3.90370364 3.55367977 3.17744226 2.84215452 2.60943761 2.52703011 2.62232692 2.89867151 3.33490337 3.888222 4.49997976 5.10361953 5.63368296 6.03466987 6.26855 6.31991022 6.1980406
FILT_W 0.42270745 -0.3864733 -0.752341018
FILT_DQ -0.29885809 0.157149674 0.609872713 0.998893507 1.27241633 1.39427757 1.34884029 1.14311064 0.805789577 0.383388334 -0.0660666419 -0.480887311 -0.804073226 -0.991026272 -1.01558681 -0.873574284 -0.583352994 -0.183346616 0.273162278 0.725243768 1.11256716 1.38356647 1.50241963 1.45389683
FLAGS 1 0 0 0
STATE 2 0 1.1 1.1
GAIT 0 0 1
STEP 275 RESET 0
CMD 0 0 0
W -1.58276254 -2.53387894 -2.82406136
DQ -2.28723188 -1.92838851 -1.64961698 -1.50488914 -1.53003467 -1.73789168 -2.11656912 -2.63105623 -3.22796102 -3.84273666 -4.40841761 -4.86468302 -5.16602095 -5.28788817 -5.23003196 -5.01652431 -4.69250393 -4.31806689 -3.96013293 -3.68338816 -3.54153012 -3.57000008 -3.7811862 -4.16274686
FILT_W 0.222160451 -0.601213864 -0.959513052
FILT_DQ -0.497695469 -0.0514041449 0.383923744 0.748515242 0.99217123 1.08106065 1.00229935 0.765693957 0.402414517 -0.0392241661 -0.500301738 -0.919266881 -1.240268 -1.42071246 -1.43703133 -1.28786929 -0.994268087 -0.596818644 -0.150167242 0.284380576 0.647157433 0.888209816 0.974059045 0.892232462
FLAGS 1 0 0 0
STATE 2 0 1.12 1.12
GAIT 0 0 1
STEP 276 RESET 0
CMD 0 0 0
W 1.68668999 1.07812937 1.1470442
DQ 2.57450997 3.16678535 3.67152137 4.03664581 4.22898222 4.23874023 4.08084055 3.79289561 3.43011885 3.05785182 2.74272058 2.54361808 2.50373336 2.64470605 2.96369762 3.43377547 4.00755822 4.6236285 5.21484552 5.71743227 6.07960744 6.26859374 6.2750542 6.11435587
FILT_W 0.368613405 -0.433279541 -0.748857326
FILT_DQ -0.190474925 0.270414805 0.712683507 1.0773283 1.31585233 1.3968286 1.31015347 1.06841412 0.70518495 0.270483433 -0.175999507 -0.572978385 -0.865867863 -1.01417061 -0.996958434 -0.815704811 -0.494085457 -0.0747739294 0.386334034 0.827685746 1.19040243 1.42624821 1.50415856 1.4144448
FLAGS 1 0 0 0
STATE 2 0 1.14 1.14
GAIT 0 0 1
STEP 277 RESET 0
CMD 0 0 0
W -1.64389988 -2.56901058 -2.80088743
DQ -2.16411737 -1.81940914 -1.5695226 -1.46452015 -1.53485482 -1.78724859 -2.20378256 -2.74432227 -3.35194964 -3.96066658 -4.50432755 -4.92559204 -5.1836853 -5.25991705 -5.16021113 -4.9143037 -4.57171862 -4.1950646 -3.85156144 -3.60394212 -3.50196218 -3.57566557 -3.83131832 -4.25056046
FILT_W 0.167362076 -0.646852645 -0.954060337
FILT_DQ -0.387839169 0.0614324104 0.484462896 0.823143453 1.03078161 1.07842088 0.958759869 0.687140483 0.299471492 -0.152631568 -0.608832311 -1.00823975 -1.29764961 -1.43874525 -1.4132837 -1.2255647 -0.901848773 -0.486802997 -0.0374555136 0.38452296 0.721165973 0.92605683 0.970610873 0.847944276
FLAGS 1 0 0 0
STATE 2 0 1.16 1.16
GAIT 0 0 1
STEP 278 RESET 0
CMD 0 0 0
W 1.62550319 1.04472102 1.17212979
DQ 2.69675625 3.27291418 3.7471687 4.07157314 4.2184623 4.18419687 3.98965595 3.67741118 3.30596485 2.94183193 2.65053753 2.48774843 2.49173879 2.67820998 3.03816544 3.53912832 4.12953708 4.7457241 5.3205328 5.79240696 6.11372205 6.25723102 6.21975205 6.02259917
FILT_W 0.313176188 -0.477695279 -0.741441324
FILT_DQ -0.0793796271 0.382580587 0.810733477 1.14798642 1.34954968 1.38899848 1.26184948 0.986167552 0.600120827 0.156814782 -0.282895327 -0.658640933 -0.918710767 -1.02704973 -0.96813879 -0.749095399 -0.398710188 0.0364497134 0.498343318 0.925311359 1.26042158 1.45917425 1.49552499 1.36540977
FLAGS 1 0 0 0
STATE 2 0 1.18 1.18
GAIT 0 0 1
STEP 279 RESET 0
CMD 0 0 0
W -1.70506542 -2.60065703 -2.77391918
DQ -2.04299795 -1.71635539 -1.49848235 -1.43510837 -1.55105226 -1.84686299 -2.2987454 -2.86178078 -3.47600635 -4.074531 -4.59258867 -4.97630413 -5.18998471 -5.22095119 -5.08125385 -4.8060415 -4.44880427 -4.07413399 -3.74898195 -3.53359741 -3.47337308 -3.59270147 -3.8916735 -4.34606613
FILT_W 0.111352027 -0.689991453 -0.94468911
FILT_DQ -0.27574146 0.17268699 0.579811894 0.889676942 1.05948949 1.06541234 0.905789989 0.601372719 0.19250811 -0.266319797 -0.713864662 -1.09040725 -1.34583816 -1.44643988 -1.3794503 -1.15479001 -0.803719596 -0.374608657 0.0736107911 0.479420483 0.787042115 0.953986677 0.956805141 0.794262176
FLAGS 1 0 0 0
STATE 2 0 1.2 1.2
GAIT 0 0 1
STEP 280 RESET 0
CMD 0 0 0
W 1.56442962 1.01487306 1.20094952
DQ 2.81649256 3.37267483 3.81345157 4.09540714 4.19662162 4.11963754 3.89111577 3.5582271 3.18226789 2.83036388 2.56638507 2.44230119 2.49114786 2.72255533 3.12144514 3.65007084 4.25312688 4.86523389 5.41978748 5.85797287 6.13672515 6.23455796 6.15447152 5.92354658
FILT_W 0.256659786 -0.519505002 -0.730125247
FILT_DQ 0.0334819419 0.492685774 0.903175862 1.21024996 1.3732027 1.37083486 1.20432257 0.897058158 0.491484088 0.0433485707 -0.385839689 -0.737136408 -0.962139559 -1.02954036 -0.929360753 -0.674303923 -0.298034948 0.149375598 0.60822846 1.01727572 1.32201042 1.48204381 1.47657178 1.30719062
FLAGS 1 0 0 0
STATE 2 0 1.22 1.22
GAIT 0 0 1
STEP 281 RESET 0
CMD 0 0 0
W -1.76597644 -2.62867199 -2.74328127
DQ -1.92489807 -1.62009889 -1.43709709 -1.41690257 -1.57848998 -1.91623066 -2.40065444 -2.98243827 -3.59908187 -4.18336686 -4.67245445 -5.01639035 -5.18486591 -5.17132017 -4.99382793 -4.69265337 -4.32480048 -3.95629788 -3.65326208 -3.47294901 -3.45600463 -3.62096371 -3.96174127 -4.44845608
FILT_W 0.0543961636 -0.730421701 -0.931440849
FILT_DQ -0.16235606 0.281407308 0.669148566 0.94753471 1.07803343 1.0421283 0.843824867 0.509108515 0.082427492 -0.379322972 -0.814501164 -1.1650618 -1.38441219 -1.44371834 -1.33580747 -1.07613887 -0.700711501 -0.26119175 0.182079406 0.568253248 0.844208914 0.971743054 0.932740474 0.731625946
FLAGS 1 0 0 0
STATE 2 0 1.24 1.24
GAIT 0 0 1
STEP 282 RESET 0
CMD 0 0 0
W 1.50375157 0.988723468 1.2333702
DQ 2.93270616 3.46522354 3.86980935 4.10794623 4.16364492 4.04560828 3.78605348 3.43635145 3.06007418 2.72439047 2.49097495 2.40766078 2.50196556 2.77736703 3.21283232 3.76566469 4.3772823 4.98114703 5.51177004 5.91357544 6.1484222 6.20076633 6.07976475 5.81803589
FILT_W 0.199331704 -0.558507184 -0.714959744
FILT_DQ 0.147150162 0.599788931 0.989214644 1.26357586 1.38659458 1.3424763 1.13804773 0.801832809 0.380192161 -0.0689516285 -0.483953552 -0.807789544 -0.995774418 -1.0216098 -0.880943492 -0.591958512 -0.192912121 0.263042128 0.715048469 1.10278547 1.37463024 1.49464538 1.4474429 1.24026694
FLAGS 1 0 0 0
STATE 2 0 1.26 1.26
GAIT 0 0 1
STEP 283 RESET 0
CMD 0 0 0
W -1.82635138 -2.65292599 -2.7091153
DQ -1.81081662 -1.53145378 -1.38588603 -1.41005672 -1.6169359 -1.99476489 -2.50864773 -3.10527423 -3.72013523 -4.28625362 -4.74324936 -5.04551167 -5.16837219 -5.11144376 -4.89867283 -4.57509836 -4.2007561 -3.84255293 -3.56521143 -3.42250989 -3.45000373 -3.66021324 -4.04092898 -4.55686429
FILT_W -0.00323660481 -0.767949064 -0.9143753
FILT_DQ -0.0486465166 0.38666466 0.751704577 0.996212604 1.08624153 1.00875218 0.773378182 0.411122105 -0.029840578 -0.490681828 -0.909883134 -1.23156176 -1.4130342 -1.4305932 -1.28271643 -0.990272497 -0.593696518 -0.147517378 0.28702248 0.650255932 0.892166845 0.979159519 0.898605714 0.660553818
FLAGS 1 0 0 0
STATE 2 0 1.28 1.28
GAIT 0 0 1
STEP 284 RESET 0
CMD 0 0 0
W 1.44374951 0.966393105 1.26924197
DQ 3.04441411 3.54977751 3.91576536 4.10908435 4.1198111 3.96273524 3.67535768 3.31281506 2.94041727 2.62480803 2.42494501 2.38412017 2.5241004 2.84218147 3.31155403 3.88493215 4.50095323 5.09248313 5.5957025 5.9587444 6.14871424 6.15614194 5.99626362 5.70695951
FILT_W 0.141462007 -0.594514847 -0.696013573
FILT_DQ 0.260659546 0.702975945 1.06811066 1.30749978 1.38959849 1.30415049 1.06357613 0.701291401 0.267185206 -0.179132842 -0.576400319 -0.869993564 -1.01932074 -1.00331573 -0.823289379 -0.502752032 -0.084231544 0.376482673 0.817890482 1.18110478 1.41782158 1.49685776 1.4083715 1.16519439
FLAGS 1 0 0 0
STATE 2 0 1.3 1.3
GAIT 0 0 1
STEP 285 RESET 0
CMD 0 0 0
W -1.8859112 -2.67330691 -2.67157921
DQ -1.7017185 -1.45116983 -1.3452823 -1.41462874 -1.66606487 -2.08180142 -2.62181185 -3.2292497 -3.83814256 -4.38232106 -4.80437464 -5.06342177 -5.14064305 -5.04182841 -4.79659336 -4.45437077 -4.07772028 -3.73386122 -3.48557473 -3.38270666 -3.45542115 -3.71011809 -4.12856687 -4.67037384
FILT_W -0.0612753135 -0.802394053 -0.893570137
FILT_DQ 0.0644217411 0.487561368 0.82677136 1.03528693 1.08403215 0.965555298 0.695037334 0.30823729 -0.14334757 -0.599451664 -0.999197752 -1.28933638 -1.43145297 -1.407167 -1.22061978 -0.897913906 -0.483580418 -0.0345517161 0.387543961 0.724723636 0.930497311 0.976160176 0.854677667 0.581637564
FLAGS 1 0 0 0
STATE 2 0 1.32 1.32
GAIT 0 0 1
STEP 286 RESET 0
CMD 0 0 0
W 1.38470079 0.947985189 1.30839901
DQ 3.15067159 3.62562159 3.9509309 4.09881187 4.06549092 3.87171935 3.55996465 3.18866279 2.82430919 2.53245883 2.36885371 2.37187848 2.55736516 2.91645046 3.41677529 4.00686447 4.62309364 5.19830051 5.67087496 5.9930977 6.13759882 6.10106222 5.90467439 5.59125693
FILT_W 0.0833222965 -0.627356129 -0.673373222
FILT_DQ 0.373046725 0.80136739 1.13918731 1.34163942 1.38217803 1.2561717 0.981530065 0.596279841 0.153418106 -0.286260615 -0.662392605 -0.923214898 -1.03257115 -0.974805253 -0.756880271 -0.407436068 0.0270869883 0.488733506 0.915877061 1.25156104 1.45120746 1.48865038 1.35967734 1.0825995
FLAGS 1 0 0 0
STATE 2 0 1.34 1.34
GAIT 0 0 1
STEP 287 RESET 0
CMD 0 0 0
W -1.94438057 -2.68972054 -2.63084648
DQ -1.59852647 -1.37992607 -1.31562933 -1.43057995 -1.72546134 -2.17660411 -2.73918966 -3.3533161 -3.95210574 -4.47075664 -4.85531328 -5.06996916 -5.10191304 -4.96306291 -4.68845293 -4.33149169 -3.95673367 -3.63114205 -3.41502555 -3.35387597 -3.47221106 -3.77025616 -4.22391369 -4.78802467
FILT_W -0.119447991 -0.83359257 -0.869120548
FILT_DQ 0.175889406 0.583238044 0.893705649 1.06441748 1.07141409 0.912894121 0.609458092 0.201320246 -0.257134279 -0.704710218 -1.08168467 -1.33789032 -1.43950534 -1.37363102 -1.15003754 -0.79984163 -0.371295078 0.0767459513 0.4827868 0.79101734 0.958865609 0.962759727 0.801318237 0.495537084
FLAGS 1 0 0 0
STATE 2 0 1.36 1.36
GAIT 0 0 1
STEP 288 RESET 0
CMD 0 0 0
W 1.32687834 0.933584804 1.35066034
DQ 3.25057986 3.69211429 3.97500855 4.07721567 4.00114383 3.77333043 3.44085038 3.06494474 2.71273201 2.44812396 2.3231755 2.37103924 2.60147849 2.99954582 3.52760612 4.13043033 4.74267048 5.29770416 5.7366516 6.01634477 6.11516995 6.03599304 5.80577171 5.47190677
FILT_W 0.0251846421 -0.656874833 -0.647142459
FILT_DQ 0.483358451 0.894125669 1.20183594 1.3656973 1.36438707 1.19893775 0.892597321 0.487682696 0.0398523499 -0.3894268 -0.741198656 -0.966997368 -1.03540696 -0.936313335 -0.682273171 -0.306814434 0.140101478 0.598841772 1.00817328 1.31355008 1.47449604 1.47008306 1.30176358 0.993174052
FLAGS 1 0 0 0
STATE 2 0 1.38 1.38
GAIT 0 0 1
STEP 289 RESET 0
CMD 0 0 0
W -2.00148926 -2.70209103 -2.5871054
DQ -1.50211332 -1.3183251 -1.29717794 -1.45777544 -1.79462293 -2.27837111 -2.85978838 -3.47642407 -4.06106087 -4.55081237 -4.89563444 -5.06509847 -5.05250973 -4.87581348 -4.57516618 -4.20750046 -3.83881958 -3.53526422 -3.3541606 -3.33626169 -3.50023145 -3.84011879 -4.32616299 -4.90882167
FILT_W -0.177482748 -0.861396453 -0.841138753
FILT_DQ 0.284811274 0.672880592 0.951934552 1.08335003 1.04848607 0.851206865 0.517358751 0.0912720189 -0.370238972 -0.805565357 -1.15664223 -1.37680748 -1.43711724 -1.33026335 -1.07156247 -0.696883036 -0.257790628 0.185431173 0.571939892 0.848568906 0.977023294 0.939062873 0.738970927 0.40297448
FLAGS 1 0 0 0
STATE 2 0 1.4 1.4
GAIT 0 0 1
STEP 290 RESET 0
CMD 0 0 0
W 1.27054942 0.923258513 1.39583061
DQ 3.3432939 3.74869321 3.98779466 4.04447843 3.92731406 3.66840065 3.31902235 2.94270731 2.60662943 2.37251673 2.2882967 2.38160955 2.65606727 3.09076474 3.64310911 4.25458462 4.85867236 5.38985332 5.79247609 6.028289 6.08161732 5.96148475 5.70039211 5.34991849
FILT_W -0.0326795311 -0.682930956 -0.617441816
FILT_DQ 0.590659537 0.980461854 1.25552056 1.37946287 1.33636887 1.13292624 0.797525111 0.376415548 -0.0725521317 -0.487757148 -0.812148341 -1.00096577 -1.02779879 -0.888160541 -0.600095314 -0.20173627 0.253855671 0.705873388 1.09399351 1.36654092 1.4874827 1.44130506 1.23511304 0.89766888
FLAGS 1 0 0 0
STATE 2 0 1.42 1.42
GAIT 0 0 1
STEP 291 RESET 0
CMD 0 0 0
W -2.05697329 -2.71036119 -2.54055814
DQ -1.41329453 -1.26688793 -1.29008417 -1.49598519 -1.87296468 -2.38624167 -2.98258798 -3.59753236 -4.16408641 -4.62181114 -4.92499709 -5.04885089 -4.99285097 -4.78081807 -4.4576913 -4.08344578 -3.72497533 -3.44703868 -3.30349468 -3.33001279 -3.53924533 -3.9191151 -4.43444995 -5.03174315
FILT_W -0.235108907 -0.885673979 -0.809753449
FILT_DQ 0.39026413 0.755726875 1.00096009 1.09191806 1.01543551 0.781009452 0.419513802 -0.020979243 -0.481705559 -0.901162547 -1.22343322 -1.40575429 -1.424304 -1.27742629 -0.985854912 -0.589907221 -0.144027429 0.290582181 0.654244693 0.896885546 0.984809894 0.905263045 0.668156746 0.304727677
FLAGS 1 0 0 0
STATE 2 0 1.44 1.44
GAIT 0 0 1
STEP 292 RESET 0
CMD 0 0 0
W 1.21597441 0.917054046 1.44370105
DQ 3.42802953 3.79487981 3.98918108 4.00087702 3.84462608 3.55781752 3.19551098 2.82298438 2.50689889 2.30627664 2.26451233 2.40350001 2.7206698 3.18933567 3.76230734 4.37827723 4.97011813 5.47396859 5.83787625 6.02882936 6.03722474 5.87816755 5.58942689 5.22632387
FILT_W -0.0900005747 -0.705401177 -0.584407999
FILT_DQ 0.69404067 1.05964217 1.29978219 1.38281396 1.29835457 1.05869026 0.69711352 0.26341712 -0.182845114 -0.580418629 -0.874638661 -1.02482886 -1.00980662 -0.830750098 -0.511038686 -0.0930887761 0.367387127 0.808920822 1.17260785 1.41007993 1.49005138 1.4025535 1.16028376 0.796887296
FLAGS 1 0 0 0
STATE 2 0 1.46 1.46
GAIT 0 0 1
STEP 293 RESET 0
CMD 0 0 0
W -2.1105762 -2.71449279 -2.49141986
DQ -1.33282133 -1.22604963 -1.29440804 -1.54488601 -1.95982396 -2.49930342 -3.10654981 -3.71561662 -4.26031096 -4.68315243 -4.94315286 -5.02136386 -4.92344136 -4.67888015 -4.33702189 -3.96037693 -3.61616382 -3.36721163 -3.26345632 -3.33518212 -3.5889227 -4.00657692 -4.54785866 -5.15574943
FILT_W -0.292058137 -0.906310339 -0.775109186
FILT_DQ 0.49135447 0.831072989 1.04036317 1.09004396 0.972536717 0.702890892 0.316747187 -0.134486255 -0.590591699 -0.990692009 -1.28149008 -1.42448236 -1.4011701 -1.2155631 -0.893637007 -0.479817591 -0.0309679677 0.391307576 0.729001431 0.935553722 0.98215397 0.861640454 0.589469517 0.201623623
FLAGS 1 0 0 0
STATE 2 0 1.48 1.48
GAIT 0 0 1
STEP 294 RESET 0
CMD 0 0 0
W 1.16340557 0.915000082 1.49405037
DQ 3.50407006 3.83028343 3.97915608 3.94678024 3.75377926 3.44251636 3.07136094 2.70678859 2.41438391 2.24996393 2.25202356 2.43652548 2.79473965 3.29442491 3.88419263 4.50046197 5.07606518 5.54933852 5.8724681 6.01796127 5.98236767 5.78674614 5.4738146 5.10216828
FILT_W -0.146511767 -0.724179297 -0.54819323
FILT_DQ 0.792626029 1.13099403 1.33424246 1.37571759 1.25066097 0.976853438 0.592208562 0.14964123 -0.290094138 -0.666626415 -0.928138717 -1.03838157 -0.981579122 -0.764564302 -0.415854043 0.0182103646 0.479735347 0.907110671 1.2433481 1.44379448 1.48217534 1.35415102 1.07790403 0.691678089
FLAGS 1 0 1 0
STATE 2 0 1.5 1.5
GAIT 0 0 1
STEP 295 RESET 0
CMD 0 0 0
W -2.16205022 -2.71446674 -2.43991769
DQ -1.26137435 -1.19615559 -1.31011296 -1.6040643 -2.05446612 -2.61660007 -3.23062541 -3.82967811 -4.34892065 -4.73431742 -4.94994821 -4.98286984 -4.84486796 -4.57086192 -4.21417859 -3.83933481 -3.51330537 -3.29645827 -3.23438417 -3.35172596 -3.64884341 -4.1017645 -4.66542993 -5.27979166
FILT_W -0.348065612 -0.923208041 -0.737365676
FILT_DQ 0.587225991 0.89827907 1.06980691 1.0777394 0.920148262 0.617508087 0.209925165 -0.248290704 -0.695976789 -1.07339552 -1.33031967 -1.4328304 -1.36790801 -1.14519406 -0.795686498 -0.367544153 0.0804312752 0.486753777 0.795574871 0.964242434 0.969073465 0.808559471 0.50357063 0.094531114
FLAGS 1 0 1 0
STATE 2 0 1.52 1.52
GAIT 0 0 1
STEP 296 RESET 0
CMD 0 0 0
W 1.11308586 0.917106113 1.54664586
DQ 3.57077232 3.85460463 3.95780445 3.88264563 3.65554198 3.32347237 2.94762229 2.59510272 2.32986698 2.2040549 2.25093601 2.48040661 2.87765035 3.4051436 4.00773406 4.62010538 5.17561741 5.61532563 5.89595905 5.99577667 5.91751009 5.68799377 5.35453309 4.97850183
FILT_W -0.201950464 -0.739176626 -0.508964522
FILT_DQ 0.885580624 1.19391163 1.35860667 1.35823002 1.19368763 0.888104515 0.483694878 0.036048639 -0.393392412 -0.745650473 -0.972194098 -1.0415067 -0.943352171 -0.690160298 -0.315344442 0.131220801 0.589949889 0.999610962 1.30561329 1.46739586 1.46391713 1.2965029 0.988666876 0.582928186
FLAGS 1 0 1 0
STATE 2 0 1.54 1.54
GAIT 0 0 1
STEP 297 RESET 0
CMD 0 0 0
W -2.21115744 -2.71028316 -2.38628968
DQ -1.19955791 -1.17745868 -1.33706612 -1.67301954 -2.15609067 -2.73713953 -3.35376533 -3.93875208 -4.42916602 -4.77487335 -4.94532565 -4.93369443 -4.75779537 -4.45767701 -4.0902004 -3.72134321 -3.41726998 -3.23537702 -3.21652412 -3.37950439 -3.71850064 -4.20387275 -4.78616932 -5.40282069
FILT_W -0.402871162 -0.93628728 -0.696697038
FILT_DQ 0.67706677 0.956774595 1.08903939 1.05510507 0.858709804 0.525580111 0.0999488573 -0.361431433 -0.796969773 -1.14857276 -1.36950725 -1.43072547 -1.32479649 -1.06691197 -0.692830037 -0.2540356 0.189227902 0.576112165 0.853399547 0.982705832 0.945675351 0.746465336 0.411183256 -0.0156467016
FLAGS 1 0 1 0
STATE 2 0 1.56 1.56
GAIT 0 0 1
STEP 298 RESET 0
CMD 0 0 0
W 1.0652479 0.923362407 1.60124441
DQ 3.62757216 3.8676377 3.9253068 3.80901565 3.55074515 3.20169245 2.82534162 2.48887141 2.25406294 2.16893787 2.2612589 2.53477225 2.96870063 3.52055529 4.13188672 4.73619554 5.2679328 5.6713718 5.90815041 5.96246319 5.84320058 5.58274568 5.23259125 4.85637051
FILT_W -0.256059256 -0.750322311 -0.466902893
FILT_DQ 0.972117309 1.24786091 1.37266613 1.33049612 1.12791334 0.793191344 0.372488133 -0.0764011481 -0.491866501 -0.816821698 -1.00643064 -1.0341757 -0.895446779 -0.608165243 -0.210358361 0.244987513 0.697098392 1.08563813 1.35887463 1.48068157 1.43542787 1.23009337 0.893324056 0.471555019
FLAGS 1 0 1 0
STATE 2 0 1.58 1.58
GAIT 0 0 1
STEP 299 RESET 0
CMD 0 0 0
W -2.25767086 -2.70196139 -2.33078371
DQ -1.14789485 -1.17011702 -1.37503952 -1.75116849 -2.26383807 -2.85990228 -3.47492805 -4.04191598 -4.50036835 -4.8044772 -4.92932428 -4.87425356 -4.66296003 -4.34028272 -3.96613593 -3.60740011 -3.3288699 -3.1844845 -3.21002724 -3.41828245 -3.79730522 -4.31203802 -4.90905562 -5.52379593
FILT_W -0.456220416 -0.945486219 -0.653290975
FILT_DQ 0.760116094 1.00606311 1.09789557 1.02232966 0.788738198 0.427881982 -0.0122534855 -0.472952632 -0.892716685 -1.21558725 -1.39872 -1.41818349 -1.2721981 -0.981376991 -0.585936118 -0.140251249 0.294501562 0.658625865 0.901984446 0.990785166 0.912154565 0.675880231 0.313086088 -0.127980076
FLAGS 1 0 1 0
STATE 2 0 1.6 1.6
GAIT 0 0 1
STEP 300 RESET 1
CMD 0 0 0
W 1.02011278 0.933740044 1.65759365
DQ 3.67398915 3.86927241 3.88193797 3.72651306 3.44027514 3.0782066 2.70555317 2.38899317 2.18761296 2.14490983 2.28290489 2.5991626 3.06712039 3.63968381 4.25560052 4.84775053 5.35223054 5.71700299 5.90893908 5.91830259 5.76006765 5.47189206 5.10902047 4.73680729
FILT_W 1.02011278 0.933740044 1.65759365
FILT_DQ 3.67398915 3.86927241 3.88193797 3.72651306 3.44027514 3.0782066 2.70555317 2.38899317 2.18761296 2.14490983 2.28290489 2.5991626 3.06712039 3.63968381 4.25560052 4.84775053 5.35223054 5.71700299 5.90893908 5.91830259 5.76006765 5.47189206 5.10902047 4.73680729
FLAGS 1 0 0 0
STATE 2 0 0.02 0.02
GAIT 0 0 1
STEP 301 RESET 0
CMD 0 0 0
W -2.3013755 -2.68953988 -2.27365634
DQ -1.10682213 -1.17419272 -1.42371201 -1.83785017 -2.37679699 -2.98384997 -3.59308879 -4.13829725 -4.5619254 -4.82287858 -4.90207945 -4.80504997 -4.56116407 -4.21967199 -3.84303453 -3.49846923 -3.24885283 -3.14421118 -3.21494846 -3.46773216 -3.88459062 -4.42534545 -5.03304945 -5.64169418
FILT_W 0.687963953 0.571412051 1.26446865
FILT_DQ 3.19590803 3.3649259 3.35137297 3.17007674 2.85856792 2.47200094 2.07568898 1.73626413 1.51265912 1.44813099 1.56440646 1.85874134 2.30429194 2.85374823 3.44573702 4.01312855 4.4921222 4.83088157 4.99655032 4.97969911 4.79560182 4.48216831 4.09481348 3.69895714
FLAGS 1 0 0 0
STATE 2 0 0.04 0.04
GAIT 0 0 1
STEP 302 RESET 0
CMD 0 0 0
W 0.977889142 0.948191057 1.71543312
DQ 3.70963071 3.85949493 3.8280648 3.63583567 3.3250663 2.95405928 2.58927013 2.29631278 2.13107906 2.13217403 2.31569092 2.67303302 3.17207719 3.76152158 4.37782909 4.95382683 5.42779764 5.75183325 5.89831837 5.86366839 5.66881444 5.35637053 4.98486591 4.62082344
FILT_W 0.716956472 0.609089951 1.30956509
FILT_DQ 3.24728029 3.4143828 3.39904216 3.21665263 2.90521776 2.52020678 2.12704709 1.792269 1.57450112 1.51653529 1.6395349 1.94017051 2.39107047 2.94452556 3.53894622 4.10719838 4.58568975 4.92297674 5.08672713 5.06809604 4.88292308 4.56958853 4.18381872 3.79114377
FLAGS 1 0 0 0
STATE 2 0 0.06 0.06
GAIT 0 0 1
STEP 303 RESET 0
CMD 0 0 0
W -2.34206933 -2.67307607 -2.21517162
DQ -1.07668715 -1.18965129 -1.48267189 -1.93233142 -2.49401201 -3.10793427 -3.70724812 -4.2270807 -4.61331653 -4.82992186 -4.86382159 -4.726669 -4.45326848 -4.09686495 -3.72193739 -3.39547193 -3.17789556 -3.11489768 -3.23124618 -3.52743527 -3.97961859 -4.54283669 -5.15710207 -5.75551824
FILT_W 0.411053892 0.28087335 0.957091423
FILT_DQ 2.81488355 2.95397939 2.91087075 2.70175422 2.36529478 1.95739267 1.54361757 1.19033403 0.955719352 0.881889578 0.989199255 1.27348656 1.70663657 2.24038651 2.81285786 3.35693135 3.80933122 4.1191893 4.2549298 4.20854291 3.99666892 3.65834601 3.24972664 2.83647757
FLAGS 1 0 0 0
STATE 2 0 0.08 0.08
GAIT 0 0 1
STEP 304 RESET 0
CMD 0 0 0
W 0.938772146 0.966648651 1.77449547
DQ 3.73419536 3.83838796 3.76414294 3.53775044 3.20609307 2.83030053 2.47747602 2.21161412 2.08493942 2.13083819 2.35933968 2.75575872 3.2826833 3.88503808 4.4975386 5.05352724 5.49399496 5.77556798 5.87637813 5.79902268 5.57021276 5.23715815 4.86117768 4.50939997
FILT_W 0.463825717 0.34945088 1.03883183
FILT_DQ 2.90681473 3.04242025 2.99619797 2.78535385 2.44937461 2.04468346 1.63700342 1.29246204 1.06864136 1.00678444 1.1262133 1.42171378 1.86424125 2.40485167 2.98132594 3.52659094 3.97779759 4.28482717 4.41707463 4.36759089 4.1540233 3.81622722 3.41087175 3.00376981
FLAGS 1 0 0 0
STATE 2 0 0.1 0.1
GAIT 0 0 1
STEP 305 RESET 0
CMD 0 0 0
W -2.37956427 -2.65264603 -2.15559989
DQ -1.05774479 -1.216362 -1.5514205 -2.03381312 -2.61449174 -3.23110565 -3.81644049 -4.30751538 -4.65410708 -4.82554745 -4.81487428 -4.63977358 -4.34018584 -3.9729003 -3.60386876 -3.29927935 -3.11659825 -3.09679193 -3.25878253 -3.59688681 -4.08158537 -4.66351799 -5.28016424 -5.86430539
FILT_W 0.179486718 0.0492411885 0.719388656
FILT_DQ 2.51035878 2.61654202 2.54143612 2.30343715 1.94298798 1.51710455 1.09165902 0.732464294 0.496366515 0.42355125 0.53210454 0.81556504 1.24379854 1.76707647 2.32280647 2.84400391 3.26835801 3.54666526 3.64948891 3.57114312 3.33046243 2.9682527 2.54176815 2.11696229
FLAGS 1 0 0 0
STATE 2 0 0.12 0.12
GAIT 0 0 1
STEP 306 RESET 0
CMD 0 0 0
W 0.9029426 0.989027509 1.83450772
DQ 3.74747535 3.80613002 3.69071304 3.43308697 3.08436174 2.70797711 2.3711164 2.13561358 2.04958428 2.1409136 2.41348198 2.84664001 3.39800322 4.00918862 4.61371657 5.14600848 5.55026259 5.78800643 5.84330392 5.72491224 5.4650966 5.11526325 4.73900194 4.4034793
FILT_W 0.251832306 0.143219821 0.830900562
FILT_DQ 2.63407043 2.73550082 2.65636382 2.41640213 2.05712535 1.6361918 1.21960476 0.872779222 0.651688291 0.595287485 0.720242283 1.01867254 1.459219 1.99128769 2.55189748 3.07420437 3.49654847 3.77079937 3.86887042 3.78652003 3.54392585 3.18295376 2.76149153 2.34561399
FLAGS 1 0 0 0
STATE 2 0 0.14 0.14
GAIT 0 0 1
STEP 307 RESET 0
CMD 0 0 0
W -2.41368701 -2.62834422 -2.0952165
DQ -1.05015527 -1.25409892 -1.62937634 -2.14143694 -2.73721714 -3.35232233 -3.91974235 -4.37892099 -4.68395202 -4.80979235 -4.75565153 -4.5450987 -4.22287262 -3.84882654 -3.48982726 -3.21070509 -3.06547934 -3.09004709 -3.29732462 -3.67549935 -4.18962853 -4.78636862 -5.40119509 -5.9671355
FILT_W -0.0147196255 -0.133936583 0.538288856
FILT_DQ 2.26564786 2.33654085 2.2277898 1.96061822 1.5776911 1.13734039 0.705670051 0.347609201 0.11812426 0.0547795009 0.172652902 0.462295413 0.891009842 1.40727626 1.947725 2.44571342 2.84034568 3.08471473 3.15225091 3.04031809 2.77057041 2.38602152 1.94522287 1.51433904
FLAGS 1 0 0 0
STATE 2 0 0.16 0.16
GAIT 0 0 1
STEP 308 RESET 0
CMD 0 0 0
W 0.870566117 1.01522419 1.89519246
DQ 3.74935834 3.76299396 3.60839617 3.32273051 2.96090191 2.58812362 2.27109086 2.06895397 2.02531267 2.16231504 2.47765988 2.9449082 3.51706155 4.13292311 4.72538034 5.23048836 5.59612462 5.7890434 5.79937548 5.64196391 5.35435503 4.9917168 4.61937204 4.3039573
FILT_W 0.0738089488 -0.0190205054 0.673979216
FILT_DQ 2.41401891 2.47918616 2.36585044 2.09682945 1.71601218 1.28241871 0.862212132 0.519743678 0.308843101 0.265533055 0.4031536 0.710556692 1.15361501 1.67984095 2.22549054 2.72419092 3.11592358 3.35514759 3.41696337 3.30048267 3.02894887 2.64659105 2.21263778 1.79330087
FLAGS 1 0 0 0
STATE 2 0 0.18 0.18
GAIT 0 0 1
STEP 309 RESET 0
CMD 0 0 0
W -2.44427982 -2.60028294 -2.03430055
DQ -1.05398278 -1.30254287 -1.71588007 -2.25429257 -2.8611502 -3.47055906 -4.01627996 -4.44069357 -4.70259894 -4.78278984 -4.68665424 -4.4434451 -4.10232105 -3.72569308 -3.38077745 -3.13049832 -3.02497122 -3.09472019 -3.34654647 -3.76260799 -4.30283422 -4.91034951 -5.51917094 -6.06313884
FILT_W -0.177999928 -0.277146749 0.403151239
FILT_DQ 2.06721874 2.10101326 1.95767739 1.66171725 1.25829595 0.807120936 0.374362923 0.0236999535 -0.192301102 -0.239299234 -0.105827184 0.195156513 0.628021407 1.13928755 1.66486374 2.13872199 2.5018341 2.71016082 2.74061238 2.59417361 2.29577056 1.89089699 1.43945691 1.0076569
FLAGS 1 0 0 0
STATE 2 0 0.2 0.2
GAIT 0 0 1
STEP 310 RESET 0
CMD 0 0 0
W 0.841792348 1.04511762 1.9562692
DQ 3.73982843 3.70934461 3.51788858 3.20761446 2.83675781 2.47175379 2.17824542 2.01219911 2.0123299 2.1948615 2.55133058 3.04973214 3.63885132 4.25519502 4.83158546 5.30625234 5.63119315 5.77867012 5.74496437 5.55087925 5.23892471 4.86756377 4.50329983 4.21167574
FILT_W -0.0760207002 -0.144920313 0.558463035
FILT_DQ 2.23447971 2.26184639 2.11369851 1.81630697 1.41614213 0.973584222 0.554751172 0.222549869 0.0281619973 0.00411683952 0.159888592 0.480614076 0.929104398 1.45087829 1.98153591 2.45547503 2.81477 3.01701175 3.04104758 2.88984417 2.59008598 2.18856367 1.7458412 1.32805878
FLAGS 1 0 0 0
STATE 2 0 0.22 0.22
GAIT 0 0 1
STEP 311 RESET 0
CMD 0 0 0
W -2.47120129 -2.56859192 -1.97313362
DQ -1.06919495 -1.36128411 -1.81020004 -2.3714255 -2.9852427 -3.58481579 -4.1052368 -4.49231064 -4.70989011 -4.74476828 -4.608466 -4.33567258 -3.97955076 -3.6045414 -3.2776417 -3.05933743 -2.99541648 -3.1107717 -3.40603174 -3.85747596 -4.42024496 -5.03441202 -5.63309395 -6.15150339
FILT_W -0.315538759 -0.387287474 0.30530337
FILT_DQ 1.90411225 1.89953334 1.72130865 1.39753372 0.97600365 0.517744221 0.088752375 -0.248936181 -0.445643213 -0.470771672 -0.316946867 -0.00101458975 0.438238882 0.945336324 1.45561815 1.90399378 2.23375136 2.4042334 2.39633965 2.21511216 1.88905289 1.4662661 1.00794769 0.580102563
FLAGS 1 0 0 0
STATE 2 0 0.24 0.24
GAIT 0 0 1
STEP 312 RESET 0
CMD 0 0 0
W 0.816754291 1.0785696 2.01745563
DQ 3.7189662 3.64563575 3.41995579 3.08871246 2.71297945 2.35985189 2.09336537 1.96582903 2.01074576 2.23827771 2.63387096 3.16022523 3.7623424 4.37497016 4.93143365 5.37265959 5.65517156 5.75697432 5.68053079 5.45242867 5.11978195 4.74385425 4.39176704 4.12741513
FILT_W -0.202309454 -0.240701766 0.476518595
FILT_DQ 2.08559764 2.07414358 1.89117336 1.5666516 1.14970123 0.701954988 0.289213675 -0.0274596602 -0.200004316 -0.199866734 -0.021865085 0.315109392 0.770649233 1.28829971 1.8031997 2.25086036 2.57589338 2.73950749 2.72475876 2.53884381 2.21212579 1.79402492 1.34632962 0.934833819
FLAGS 1 0 0 0
STATE 2 0 0.26 0.26
GAIT 0 0 1
STEP 313 RESET 0
CMD 0 0 0
W -2.49432699 -2.53341764 -1.91199842
DQ -1.0956631 -1.42982581 -1.91153848 -2.491845 -3.10844504 -3.69412612 -4.18586048 -4.53333563 -4.70576386 -4.69604927 -4.52174812 -4.22269268 -3.85560015 -3.48639621 -3.18129232 -2.9978243 -2.97706512 -3.13806588 -3.47527731 -3.95930087 -4.54086768 -5.15750683 -5.74200055 -6.23148178
FILT_W -0.431511208 -0.469973353 0.237666893
FILT_DQ 1.76747157 1.72374664 1.51090218 1.16080194 0.723886603 0.262346877 -0.158293741 -0.478047257 -0.650580271 -0.649484988 -0.471853388 -0.138670815 0.308024295 0.810830116 1.3047505 1.7259919 2.02059753 2.15175016 2.10475516 1.88902934 1.53682645 1.09887174 0.637496606 0.218202259
FLAGS 1 0 0 0
STATE 2 0 0.28 0.28
GAIT 0 0 1
STEP 314 RESET 0
CMD 0 0 0
W 0.795567678 1.11542553 2.07846893
DQ 3.68694811 3.57240622 3.3154261 2.96703021 2.59061376 2.25336438 2.01716863 1.93023593 2.02057365 2.29219645 2.72458288 3.27545291 3.88649031 4.49123546 5.02408039 5.42914846 5.66785705 5.72413952 5.60661972 5.34744486 4.99793447 4.62163457 4.28571703 4.05188816
FILT_W -0.308803319 -0.311433465 0.421747097
FILT_DQ 1.95941922 1.9086126 1.69135457 1.34142476 0.910559319 0.461448628 0.0592524958 -0.237218939 -0.383464879 -0.355316845 -0.152209762 0.202741558 0.665870897 1.17887065 1.67668349 2.09630755 2.38532348 2.50898909 2.45494161 2.23487089 1.88293725 1.45114802 1.00231865 0.601570849
FLAGS 1 0 0 0
STATE 2 0 0.3 0.3
GAIT 0 0 1
STEP 315 RESET 0
CMD 0 0 0
W -2.51355003 -2.49492267 -1.85117754
DQ -1.13316338 -1.50758824 -2.01903828 -2.61453257 -3.2297152 -3.79756551 -4.25746908 -4.56342154 -4.69025511 -4.63704488 -4.42723406 -4.10546099 -3.73151759 -3.37225676 -3.09254423 -2.94647921 -2.97007234 -3.17637185 -3.5536975 -4.06722147 -4.66368215 -5.2785928 -5.8449696 -6.30239755
FILT_W -0.52927799 -0.529782385 0.194454633
FILT_DQ 1.65016096 1.56699252 1.32031529 0.945829031 0.496531867 0.0355472133 -0.372419662 -0.669839199 -0.814143902 -0.783489649 -0.579712192 -0.228078697 0.226132049 0.723757909 1.19976072 1.59202888 1.8497839 1.940453 1.8540777 1.60466166 1.22827531 0.778173942 0.317589824 -0.0888259901
FLAGS 1 0 0 0
STATE 2 0 0.32 0.32
GAIT 0 0 1
STEP 316 RESET 0
CMD 0 0 0
W 0.778330437 1.15551505 2.13902708
DQ 3.64404497 3.49027541 3.20518363 2.84359689 2.47069571 2.15319194 1.95029967 1.90572085 2.04173046 2.35616166 2.82269911 3.39444059 4.01024501 4.60300756 5.10874206 5.47524115 5.66914233 5.68044342 5.52385632 5.23681578 4.87441284 4.50193848 4.18604677 3.98573364
FILT_W -0.398517147 -0.361252642 0.388911878
FILT_DQ 1.84954936 1.75932081 1.50880212 1.13560582 0.693948251 0.247311686 -0.140147729 -0.412283194 -0.528556466 -0.469524518 -0.239471061 0.134173232 0.604543345 1.11168287 1.59065885 1.9803501 2.23171974 2.31445204 2.22105556 1.96787707 1.59288906 1.1505504 0.704435519 0.318629972
FLAGS 1 0 0 0
STATE 2 0 0.34 0.34
GAIT 0 0 1
STEP 317 RESET 0
CMD 0 0 0
W -2.52878155 -2.45328495 -1.79095211
DQ -1.18137861 -1.59391367 -2.13179018 -2.7384505 -3.34802745 -3.89425907 -4.31945693 -4.58231392 -4.66349501 -4.56825417 -4.32572324 -3.98496906 -3.60835257 -3.26308847 -3.01214808 -2.90573643 -2.97449729 -3.22536563 -3.64062903 -4.18032498 -4.7876496 -5.39664578 -5.9411302 -6.36365087
FILT_W -0.611543587 -0.570455872 0.170925479
FILT_DQ 1.54645656 1.42399736 1.14474289 0.748200186 0.289750681 -0.16684539 -0.558078649 -0.829286266 -0.942050321 -0.879397483 -0.648096279 -0.277740998 0.183253753 0.67420574 1.13037816 1.49174145 1.71109804 1.76047027 1.6348871 1.35305686 0.954835196 0.495830777 0.0398789466 -0.349598112
FLAGS 1 0 0 0
STATE 2 0 0.36 0.36
GAIT 0 0 1
STEP 318 RESET 0
CMD 0 0 0
W 0.765122244 1.19865285 2.19885018
DQ 3.59061967 3.39993798 3.09016082 2.71945651 2.35423956 2.06018183 1.89332407 1.89249115 2.07403723 2.42963233 2.92738978 3.51618186 4.13255977 4.70934109 5.1847026 5.51054781 5.65901651 5.62625561 5.43294058 5.12147714 4.75026184 4.38577836 4.09359928 3.92951109
FILT_W -0.473877004 -0.393545 0.373717949
FILT_DQ 1.75087287 1.62159142 1.33928468 0.945325818 0.496199569 0.0558573317 -0.312938377 -0.557108525 -0.640441566 -0.548494501 -0.290547673 0.101651288 0.578184355 1.07771927 1.5358106 1.89362209 2.10588988 2.14704881 2.01469245 1.72989889 1.33437786 0.884825536 0.44525098 0.0783128083
FLAGS 1 0 0 0
STATE 2 0 0.38 0.38
GAIT 0 0 1
STEP 319 RESET 0
CMD 0 0 0
W -2.53995115 -2.40869693 -1.7316005
DQ -1.23990097 -1.68807198 -2.24884054 -2.8625507 -3.46238111 -3.98338896 -4.37129973 -4.58985296 -4.62570991 -4.49025897 -4.21807422 -3.86223602 -3.48714684 -3.15981468 -2.94078385 -2.87594058 -2.99030255 -3.28463282 -3.73533663 -4.29765475 -4.91172151 -5.51066728 -6.02966901 -6.41472369
FILT_W -0.680484418 -0.595060193 0.163186105
FILT_DQ 1.45179549 1.29062508 0.980472161 0.564538166 0.100341502 -0.348067298 -0.718774512 -0.960382968 -1.0389684 -0.942670948 -0.683300328 -0.294737443 0.171651235 0.653965879 1.08815116 1.41666582 1.59627064 1.60388065 1.43968954 1.12714353 0.709767923 0.245276254 -0.20224102 -0.570990841
FLAGS 1 0 0 0
STATE 2 0 0.4 0.4
GAIT 0 0 1
STEP 320 RESET 0
CMD 0 0 0
W 0.756004149 1.24463954 2.2576617
DQ 3.52712406 3.30215801 2.97133054 2.59565904 2.24223032 1.97512073 1.84672374 1.89065872 2.11722071 2.51198705 3.0377694 3.63964703 4.25240005 4.80933666 5.25131954 5.53476981 5.63756525 5.56203442 5.33464149 5.00240447 4.62653152 4.27413671 4.00915647 3.88369606
FILT_W -0.536835561 -0.41109022 0.372633665
FILT_DQ 1.65932835 1.49177837 1.179558 0.767650253 0.314530383 -0.115748495 -0.462224687 -0.675278799 -0.723349489 -0.597205148 -0.311193355 0.0987010043 0.579726117 1.06950296 1.50446799 1.82847622 2.0004001 1.99969602 1.82918474 1.51466962 1.10144428 0.648162299 0.218898729 -0.125522151
FLAGS 1 0 0 0
STATE 2 0 0.42 0.42
GAIT 0 0 1
STEP 321 RESET 0
CMD 0 0 0
W -2.5470072 -2.36136472 -1.67339704
DQ -1.30823549 -1.78926676 -2.36919934 -2.98578353 -3.57180897 -4.06420132 -4.41255901 -4.5859749 -4.5772194 -4.40371897 -4.10519751 -3.73829993 -3.36892555 -3.06330888 -2.87905515 -2.85734367 -3.01735443 -3.35367215 -3.83701925 -4.41821841 -5.03484847 -5.6196929 -6.10983717 -6.455184
FILT_W -0.737852725 -0.60611767 0.168030594
FILT_DQ 1.36257196 1.16367386 0.824682266 0.392306875 -0.0741035522 -0.510593777 -0.857258119 -1.06634841 -1.10873648 -0.97785653 -0.69059377 -0.284999089 0.18486095 0.656221773 1.06611568 1.35989423 1.49862465 1.46435921 1.26256434 0.921380819 0.487815007 0.0213767797 -0.413974861 -0.758488336
FLAGS 1 0 0 0
STATE 2 0 0.44 0.44
GAIT 0 0 1
STEP 322 RESET 0
CMD 0 0 0
W 0.751018299 1.29326256 2.31518982
DQ 3.4540952 3.19776252 2.84969786 2.47325158 2.13561535 1.89872809 1.81089282 1.90023906 2.17091567 2.60252925 3.15290439 3.76379182 4.36875224 4.90214851 5.30802941 5.54770229 5.60496998 5.48832302 5.22979045 4.88060489 4.5042684 4.16795779 3.93343257 3.84867606
FILT_W -0.588965622 -0.416179647 0.382746516
FILT_DQ 1.57172429 1.36708273 1.02718382 0.600401345 0.146868338 -0.26966159 -0.590443025 -0.769689661 -0.780771266 -0.619817952 -0.306243954 0.119880002 0.603250079 1.08081445 1.49030705 1.77867503 1.90925918 1.86675559 1.65928695 1.31730323 0.889460346 0.436034881 0.0207658819 -0.297771897
FLAGS 1 0 0 0
STATE 2 0 0.46 0.46
GAIT 0 0 1
STEP 323 RESET 0
CMD 0 0 0
W -2.54991708 -2.31150709 -1.61661077
DQ -1.38580418 -1.8966421 -2.49184858 -3.10710667 -3.67538549 -4.13601262 -4.44288577 -4.57071254 -4.51843361 -4.30936612 -3.98804782 -3.61420907 -3.25468862 -2.97438733 -2.82748408 -2.85010299 -3.05542413 -3.43189967 -3.94481687 -4.54099622 -5.15598908 -5.72280049 -6.18095661 -6.48468961
FILT_W -0.785060769 -0.605712392 0.182810788
FILT_DQ 1.27597144 1.04071024 0.675280584 0.229650544 -0.235357045 -0.656296694 -0.9756873 -1.14979195 -1.1545375 -0.988772769 -0.67442434 -0.253528905 0.217456208 0.67529427 1.05852794 1.31579723 1.41279085 1.33689006 1.09887657 0.731473281 0.284915403 -0.179848656 -0.599406368 -0.916463668
FLAGS 1 0 0 0
STATE 2 0 0.48 0.48
GAIT 0 0 1
STEP 324 RESET 0
CMD 0 0 0
W 0.750187738 1.34429716 2.37116861
DQ 3.37215077 3.08763449 2.72629154 2.35326944 2.03529641 1.83165005 1.78613437 1.92115115 2.23466793 2.70049313 3.27182093 3.88756623 4.48063222 4.98699165 5.35435257 5.54923586 5.5615064 5.40574487 5.11927431 4.75710859 4.38450658 4.06813967 3.86706805 3.82474727
FILT_W -0.631535918 -0.410711436 0.40164657
FILT_DQ 1.48558937 1.24540267 0.88038168 0.442012434 -0.00829169981 -0.40750202 -0.699505133 -0.84269764 -0.815616957 -0.619846179 -0.279799813 0.160580608 0.643773809 1.10646401 1.4881104 1.73914109 1.82766241 1.74377554 1.50091634 1.13403681 0.694874522 0.244950176 -0.152758926 -0.442342575
FLAGS 1 0 0 0
STATE 2 0 0.5 0.5
GAIT 0 0 1
STEP 325 RESET 0
CMD 0 0 0
W -2.54866736 -2.2593545 -1.56150416
DQ -1.47195098 -2.00928982 -2.61575089 -3.22549397 -3.77223462 -4.1982155 -4.46202353 -4.54419497 -4.44984975 -4.20799847 -3.86761601 -3.49101299 -3.14540228 -2.89380211 -2.78650683 -2.85427978 -3.10418965 -3.51865374 -4.05781773 -4.66494974 -5.27411872 -5.81911796 -6.24242581 -6.50299096
FILT_W -0.823249062 -0.595575742 0.205331496
FILT_DQ 1.18983534 0.91993342 0.530768423 0.0752617937 -0.384685991 -0.786573367 -1.07575697 -1.21284737 -1.17904024 -0.978661408 -0.638581434 -0.204578752 0.264856201 0.706437395 1.06064868 1.27979901 1.3344772 1.21753261 0.945042935 0.554138157 0.0979751972 -0.361456638 -0.761725614 -1.04840741
FLAGS 1 0 0 0
STATE 2 0 0.52 0.52
GAIT 0 0 1
STEP 326 RESET 0
CMD 0 0 0
W 0.753516306 1.39750746 2.42533933
DQ 3.28198386 2.97270539 2.60215537 2.23672744 1.942122 1.77445394 1.7726578 1.9532181 2.30793829 2.8050501 3.39351322 4.00992335 4.58709371 5.06314845 5.38989722 5.53935755 5.50754211 5.31499842 5.0040278 4.6329601 4.26825903 3.9755266 3.81062422 3.81211209
FILT_W -0.665572525 -0.396267422 0.42733228
FILT_DQ 1.39905019 1.12521062 0.737907117 0.291408358 -0.152005193 -0.530470636 -0.790915496 -0.896240826 -0.830342383 -0.600290257 -0.235371969 0.216871458 0.697079952 1.1421085 1.49357353 1.70575486 1.75178369 1.62727919 1.35094142 0.962020351 0.51500358 0.0722416864 -0.30449063 -0.562355464
FLAGS 1 0 0 0
STATE 2 0 0.54 0.54
GAIT 0 0 1
STEP 327 RESET 0
CMD 0 0 0
W -2.5432638 -2.205148 -1.50833194
DQ -1.56594724 -2.12625715 -2.7398583 -3.3399441 -3.86153719 -4.25028382 -4.46981041 -4.50664648 -4.3720479 -4.10047338 -3.7449207 -3.36975369 -3.04199086 -2.82223483 -2.75646998 -2.86983871 -3.16323853 -3.61320059 -4.17506606 -4.78903054 -5.38823825 -5.90783067 -6.29372485 -6.50993324
FILT_W -0.853341652 -0.57715548 0.233765858
FILT_DQ 1.10255045 0.800063841 0.390130576 -0.0717268878 -0.522958392 -0.902451955 -1.15880499 -1.25728139 -1.18451293 -0.950308569 -0.586326842 -0.141791056 0.323172871 0.745674168 1.06856918 1.2481955 1.26028147 1.10323122 0.798340673 0.386915262 -0.0753206029 -0.52576555 -0.903414052 -1.15711324
FLAGS 1 0 0 0
STATE 2 0 0.56 0.56
GAIT 0 0 1
STEP 328 RESET 0
CMD 0 0 0
W 0.760988617 1.4526475 2.4774516
DQ 3.18435711 2.8539473 2.47833929 2.1246113 1.85688019 1.72762354 1.77057708 1.99616869 2.39010702 2.91531582 3.51695198 4.12982829 4.68723627 5.12997479 5.41436272 5.51815091 5.44353356 5.21685121 4.88502569 4.50920948 4.15650896 3.89090193 3.7645785 3.81087738
FILT_W -0.691908625 -0.374175182 0.458134432
FILT_DQ 1.31073111 1.00545219 0.598951447 0.147906931 -0.284974534 -0.639444405 -0.86586678 -0.931936384 -0.827050939 -0.56374613 -0.17599896 0.285370879 0.75957921 1.18410423 1.50314854 1.67519104 1.67860668 1.51459322 1.20700918 0.799144683 0.347862353 -0.0840988016 -0.436614797 -0.660314179
FLAGS 1 0 0 0
STATE 2 0 0.58 0.58
GAIT 0 0 1
STEP 329 RESET 0
CMD 0 0 0
W -2.53373137 -2.14913816 -1.45733986
DQ -1.66699795 -2.24655476 -2.86312111 -3.44948906 -3.94253789 -4.29177721 -4.46618055 -4.45838466 -4.28568612 -3.98770031 -3.62099965 -3.25145678 -2.94532904 -2.76029081 -2.7376276 -2.89664819 -3.23207134 -3.71474052 -4.29557018 -4.91218917 -5.49738245 -5.98818828 -6.33441984 -6.50545775
FILT_W -0.8760909 -0.55167148 0.266587003
FILT_DQ 1.01295821 0.680251492 0.252744191 -0.211832668 -0.65073087 -1.00467769 -1.22589816 -1.28458121 -1.17291446 -0.906141549 -0.520499029 -0.0683118871 0.389088386 0.789664726 1.07907092 1.21800712 1.18753888 0.991659841 0.65675124 0.228011298 -0.236662127 -0.674507749 -1.0263953 -1.24482854
FLAGS 1 0 0 0
STATE 2 0 0.6 0.6
GAIT 0 0 1
STEP 330 RESET 0
CMD 0 0 0
W 0.772570134 1.50946241 2.52726454
DQ 3.08009623 2.73236467 2.35589054 2.01786929 1.78029196 1.69155495 1.77990984 2.04963964 2.48047914 3.03035766 3.64109316 4.24626689 4.78021287 5.18690545 5.42754213 5.48579531 5.37002212 5.11213336 4.76327451 4.38690341 4.05020155 3.8149814 3.72932033 3.82105361
FILT_W -0.711224796 -0.345558091 0.492654756
FILT_DQ 1.21967201 0.885462809 0.463058826 0.0111375283 -0.407628588 -0.735054423 -0.925317357 -0.951159126 -0.807575098 -0.512491628 -0.10433981 0.363145991 0.828200834 1.2293888 1.51391804 1.64478594 1.6057872 1.40370719 1.06740357 0.643900509 0.192024241 -0.225558835 -0.550823738 -0.738240322
FLAGS 1 0 0 0
STATE 2 0 0.62 0.62
GAIT 0 0 1
STEP 331 RESET 0
CMD 0 0 0
W -2.52011415 -2.09158385 -1.40876364
DQ -1.77424841 -2.36916519 -2.98449675 -3.55320229 -4.01455162 -4.32234471 -4.45116465 -4.3998177 -4.19149486 -3.8706331 -3.49690098 -3.13712282 -2.85623436 -2.70849397 -2.73013904 -2.93448146 -3.31010588 -3.82241473 -4.41831085 -5.03338393 -5.60062816 -6.05951112 -6.36416659 -6.48960233
FILT_W -0.892113732 -0.520160667 0.302512917
FILT_DQ 0.920279968 0.560000009 0.118303269 -0.345296453 -0.768320891 -1.09378345 -1.27790209 -1.29602498 -1.14596707 -0.848305775 -0.443595927 0.0131191094 0.459757315 0.835600522 1.08951233 1.1868592 1.11419789 0.881095001 0.518832125 0.0761720646 -0.387240999 -0.808954063 -1.13215802 -1.31337652
FLAGS 1 0 0 0
STATE 2 0 0.64 0.64
GAIT 0 0 1
STEP 332 RESET 0
CMD 0 0 0
W 0.788207323 1.56768958 2.5745479
DQ 2.97008308 2.60898585 2.2358448 1.91740425 1.71300509 1.66655322 1.80057711 2.1131787 2.57829027 3.14920258 3.76488677 4.35825431 4.86523712 5.2334589 5.42932399 5.44256441 5.28762956 5.00173059 4.63980402 4.26707636 3.95023596 3.74840715 3.70514793 3.84255468
FILT_W -0.724081626 -0.311375642 0.529716415
FILT_DQ 1.12526028 0.764898593 0.330057422 -0.119026382 -0.520188292 -0.817749784 -0.970054167 -0.955104615 -0.77354134 -0.448554939 -0.0227476569 0.44763263 0.900305296 1.27538636 1.5234935 1.61242972 1.53154106 1.29315856 0.930929315 0.495262494 0.0465066975 -0.353217941 -0.648427428 -0.797783402
FLAGS 1 0 0 0
STATE 2 0 0.66 0.66
GAIT 0 0 1
STEP 333 RESET 0
CMD 0 0 0
W -2.50247507 -2.03275112 -1.36282779
DQ -1.8867915 -2.49305138 -3.10295862 -3.65020659 -4.07696927 -4.34172777 -4.42488972 -4.33144096 -4.09027079 -3.7502619 -3.37367432 -3.02771886 -2.77546041 -2.6672824 -2.73406765 -2.98301853 -3.39668214 -3.93531249 -4.54224994 -5.15158976 -5.69710213 -6.12119593 -6.3827135 -6.46250109
FILT_W -0.901920971 -0.48351319 0.340461994
FILT_DQ 0.824055101 0.439103596 -0.0132441828 -0.472144403 -0.87586639 -1.17014758 -1.31553772 -1.29273825 -1.10521429 -0.778725635 -0.357840323 0.10009748 0.532728725 0.881119484 1.09773739 1.1528849 1.03871874 0.770311455 0.38361139 -0.069422732 -0.527854185 -0.93001574 -1.22185603 -1.36425517
FLAGS 1 0 0 0
STATE 2 0 0.68 0.68
GAIT 0 0 1
STEP 334 RESET 0
CMD 0 0 0
W 0.807827906 1.62705988 2.61908313
DQ 2.85524815 2.48485438 2.11921741 1.82406592 1.65558871 1.65282983 1.83240411 2.18624846 2.68271313 3.2708454 3.88728577 4.46484336 4.94158989 5.2692414 5.41969322 5.38882386 5.19705276 4.88657669 4.51565855 4.15074183 3.85745771 3.69174227 3.69226575 3.87519874
FILT_W -0.730946083 -0.272455883 0.568324108
FILT_DQ 1.02717441 0.643678675 0.200001976 -0.242523371 -0.62272088 -0.887849842 -1.00074354 -0.944839579 -0.726421544 -0.373768531 0.066672286 0.536572068 0.973614841 1.31993168 1.52993297 1.57647879 1.45455214 1.18193798 0.796816106 0.352593724 -0.0893229957 -0.467839939 -0.730443856 -0.84030978
FLAGS 1 0 0 0
STATE 2 0 0.7 0.7
GAIT 0 0 1
STEP 335 RESET 0
CMD 0 0 0
W -2.48089566 -1.97291189 -1.31974465
DQ -2.00367533 -2.6171655 -3.21750478 -3.73968149 -4.12926291 -4.34976246 -4.38757799 -4.25383278 -3.98287007 -3.62760481 -3.25236193 -2.92417024 -2.70369037 -2.63700468 -2.7493802 -3.04184886 -3.49106785 -4.05247892 -4.66633915 -5.26580687 -5.78598838 -6.17272099 -6.38990369 -6.42438326
FILT_W -0.905941041 -0.442501483 0.379517232
FILT_DQ 0.724089432 0.317594257 -0.141748699 -0.592239183 -0.973375083 -1.2340411 -1.33942698 -1.2757389 -1.0520664 -0.699152159 -0.265231136 0.190497837 0.60588432 0.92423804 1.10200165 1.11464603 0.959990142 0.658496288 0.250500581 -0.209246336 -0.658989534 -1.03832804 -1.29638984 -1.39871713
FLAGS 1 0 0 0
STATE 2 0 0.72 0.72
GAIT 0 0 1
STEP 336 RESET 0
CMD 0 0 0
W 0.831341192 1.68729887 2.66066438
DQ 2.73656272 2.36102018 2.00699482 1.73864374 1.60852844 1.65050085 1.87512163 2.26823087 2.7928645 3.39425726 4.00725489 4.56513249 5.00862537 5.29395029 5.39873129 5.3250282 5.09905782 4.76764562 4.39188812 4.03888378 3.77265151 3.64546603 3.69078276 3.9187097
FILT_W -0.732212818 -0.229521448 0.607631947
FILT_DQ 0.925336761 0.52193685 0.0731256528 -0.359150891 -0.715184731 -0.945586909 -1.01797212 -0.921341922 -0.667573307 -0.289811217 0.162017467 0.627961303 1.04615843 1.36120926 1.53167462 1.53568424 1.37389691 1.06941122 0.664639335 0.215566676 -0.21582543 -0.569948637 -0.79767258 -0.866974445
FLAGS 1 0 0 0
STATE 2 0 0.74 0.74
GAIT 0 0 1
STEP 337 RESET 0
CMD 0 0 0
W -2.45547567 -1.91234276 -1.27971336
DQ -2.12391128 -2.74045779 -3.32716638 -3.82087022 -4.17099025 -4.34638081 -4.33954504 -4.16764957 -3.87020109 -3.50369928 -3.13398988 -2.82735277 -2.64153127 -2.61791689 -2.77594717 -3.11047488 -3.5924647 -4.17292301 -4.78952894 -5.37506921 -5.86653512 -6.2136505 -6.38567636 -6.37557123
FILT_W -0.904539103 -0.397803579 0.418897417
FILT_DQ 0.620411957 0.195697385 -0.266903551 -0.705322824 -1.06076528 -1.2856663 -1.35012941 -1.24597269 -0.987836085 -0.611200023 -0.167583268 0.282429896 0.677389456 0.963296649 1.10091244 1.07106833 0.877260749 0.545177798 0.119222507 -0.343496913 -0.780896399 -1.13431882 -1.35647296 -1.41783412
FLAGS 1 0 0 0
STATE 2 0 0.76 0.76
GAIT 0 0 1
STEP 338 RESET 0
CMD 0 0 0
W 0.858638499 1.74812813 2.69909945
DQ 2.61503062 2.23853064 1.90012621 1.66186022 1.57222231 1.65958597 1.92836838 2.35843254 2.90781272 3.51839433 4.12377944 4.65827347 5.06577658 5.30737658 5.36661549 5.25171702 4.99447359 4.64594332 4.26953959 3.93244831 3.69653465 3.60996985 3.70071148 3.97271953
FILT_W -0.728221343 -0.183210408 0.64691762
FILT_DQ 0.819873824 0.39998071 -0.0502005748 -0.468604519 -0.797466524 -0.991141072 -1.02227963 -0.885532165 -0.598271204 -0.198240588 0.261553003 0.720014253 1.11622817 1.39770464 1.52748274 1.4891332 1.28898203 0.95525435 0.534254215 0.0840976099 -0.333153294 -0.659889956 -0.850754514 -0.878778758
FLAGS 1 0 0 0
STATE 2 0 0.78 0.78
GAIT 0 0 1
STEP 339 RESET 0
CMD 0 0 0
W -2.4263326 -1.85132368 -1.24291894
DQ -2.2464824 -2.86188545 -3.43101591 -3.89308608 -4.20179836 -4.33161143 -4.28119715 -4.07362028 -3.75321681 -3.3795933 -3.01955936 -2.73808533 -2.58950886 -2.61018049 -2.81354386 -3.18831613 -3.70001506 -4.29562605 -4.91077737 -5.47845263 -5.93806106 -6.24363827 -6.37006725 -6.31647787
FILT_W -0.898032469 -0.350021735 0.457933964
FILT_DQ 0.513238201 0.0737940945 -0.388282108 -0.811052675 -1.13789971 -1.32518811 -1.34817139 -1.20434098 -0.913765765 -0.516375859 -0.0665582324 0.374204294 0.745654466 0.996916129 1.09338008 1.02138827 0.790082324 0.43016631 -0.0102489435 -0.472157414 -0.893644071 -1.21826479 -1.40268579 -1.42254867
FLAGS 1 0 0 0
STATE 2 0 0.8 0.8
GAIT 0 0 1
STEP 340 RESET 0
CMD 0 0 0
W 0.889593651 1.80926649 2.73421069
DQ 2.4916798 2.11842177 1.79951547 1.59436481 1.54697741 1.68000836 1.99169398 2.45609054 3.02658556 3.64220666 4.23587385 4.7434785 5.11256013 5.30940673 5.32361745 5.16951038 4.88418463 4.52249914 4.14964778 3.83233566 3.62975094 3.58555394 3.72196795 4.03677141
FILT_W -0.719269857 -0.134092913 0.685561637
FILT_DQ 0.711082361 0.278256862 -0.16950235 -0.570510926 -0.869411996 -1.02466846 -1.01418485 -0.838297825 -0.519730633 -0.100517607 0.363684976 0.811131715 1.18234503 1.42816519 1.51640382 1.43620048 1.19949255 0.839399593 0.405740729 -0.041708106 -0.44130457 -0.737882915 -0.890220414 -0.876616661
FLAGS 1 0 0 0
STATE 2 0 0.82 0.82
GAIT 0 0 1
STEP 341 RESET 0
CMD 0 0 0
W -2.39360115 -1.79013672 -1.20953147
DQ -2.37035197 -2.98042143 -3.528175 -3.95571825 -4.22142665 -4.30557924 -4.21302781 -3.97254019 -3.63290669 -3.25633656 -2.91003822 -2.65712297 -2.54806314 -2.6138609 -2.86185228 -3.27471423 -3.81280928 -4.41955021 -5.02905892 -5.57508271 -5.99996125 -6.26243067 -6.34320839 -6.24760297
FILT_W -0.886702986 -0.299697294 0.496052326
FILT_DQ 0.402938928 -0.0476109668 -0.505369615 -0.909031659 -1.20461346 -1.35275954 -1.33406915 -1.15172206 -0.831048239 -0.416099502 0.0363126567 0.464306247 0.809304216 1.02396258 1.07857821 0.965109008 0.698262371 0.313504613 -0.137739236 -0.595045566 -0.997170238 -1.29033769 -1.43551921 -1.41371529
FLAGS 1 0 0 0
STATE 2 0 0.84 0.84
GAIT 0 0 1
STEP 342 RESET 0
CMD 0 0 0
W 0.924063567 1.87043134 2.7658358
DQ 2.36755354 2.00170946 1.70601358 1.53672838 1.53300725 1.71159528 2.06456283 2.56037886 3.14817842 3.76464704 4.34259002 4.82002692 5.14858033 5.30002354 5.27010085 5.07910359 4.76912379 4.39835718 4.03322674 3.73939259 3.57286523 3.57242481 3.75437237 4.1103236
FILT_W -0.705626331 -0.08268443 0.723030673
FILT_DQ 0.599400388 0.157321076 -0.284231296 -0.664455655 -0.93085139 -1.04632406 -0.994205947 -0.780511969 -0.433125573 0.00197515212 0.466940393 0.899878314 1.24323183 1.45156868 1.49773047 1.37650847 1.10534851 0.72198987 0.279357362 -0.161601751 -0.540166691 -0.80406144 -0.916530053 -0.861311402
FLAGS 1 0 0 0
STATE 2 0 0.86 0.86
GAIT 0 0 1
STEP 343 RESET 0
CMD 0 0 0
W -2.35743261 -1.72906467 -1.17970528
DQ -2.49447231 -3.09506314 -3.61782188 -4.00823701 -4.22970911 -4.26850442 -4.13561361 -3.86526426 -3.51028832 -3.13497157 -2.8063528 -2.58515045 -2.51754466 -2.628927 -2.92046383 -3.36893844 -3.92989333 -4.54364733 -5.14337315 -5.66414215 -6.05171213 -6.26986874 -6.30532695 -6.1695291
FILT_W -0.870806959 -0.247322454 0.532757078
FILT_DQ 0.290013119 -0.167917346 -0.617590354 -0.99883379 -1.26073716 -1.36854209 -1.30834671 -1.0889872 -0.740841848 -0.31171952 0.139611074 0.551375438 0.867154179 1.04351911 1.05591104 0.901963776 0.601824329 0.195426151 -0.262915689 -0.711855791 -1.09132123 -1.35064217 -1.45540974 -1.39213317
FLAGS 1 0 0 0
STATE 2 0 0.88 0.88
GAIT 0 0 1
STEP 344 RESET 0
CMD 0 0 0
W 0.96188892 1.93133998 2.7938286
DQ 2.24370171 1.88938087 1.62041138 1.48943841 1.53043 1.75407956 2.14635861 2.67041545 3.27156288 3.88467987 4.44302533 4.88727127 5.17353252 5.2793064 5.20651835 4.98126132 4.65026424 4.27456744 3.92126117 3.65440519 3.52635867 3.57069352 3.79765068 4.19275399
FILT_W -0.687537371 -0.0294562106 0.75886423
FILT_DQ 0.485381978 0.037812476 -0.393790181 -0.75000657 -0.981620445 -1.05627993 -0.962876181 -0.713046934 -0.339601375 0.107920419 0.569952499 0.984965021 1.29779201 1.46709784 1.47097177 1.30989353 1.00666832 0.60334028 0.155501996 -0.275229692 -0.629553244 -0.858508601 -0.930103701 -0.833644456
FLAGS 1 0 0 0
STATE 2 0 0.9 0.9
GAIT 0 0 1
STEP 345 RESET 0
CMD 0 0 0
W -2.31799417 -1.66838984 -1.15357822
DQ -2.6177936 -3.20484096 -3.6991983 -4.05019813 -4.22657569 -4.22070055 -4.04960932 -3.75269982 -3.38639881 -3.01652485 -2.70938007 -2.52277652 -2.49821155 -2.65525136 -2.98888277 -3.47019178 -4.05027691 -4.6668678 -5.25275319 -5.74487769 -6.09287598 -6.26588958 -6.25674334 -6.0829166
FILT_W -0.850583051 -0.193349574 0.567619986
FILT_DQ 0.17506442 -0.286452867 -0.724330993 -1.08002573 -1.30611597 -1.37272199 -1.27154949 -1.01701222 -0.644281119 -0.204524108 0.242019243 0.634190867 0.918191656 1.05486292 1.02498632 0.831884999 0.500973797 0.076319472 -0.385323522 -0.822194492 -1.17588552 -1.3992467 -1.46276767 -1.35857167
FLAGS 1 0 0 0
STATE 2 0 0.92 0.92
GAIT 0 0 1
STEP 346 RESET 0
CMD 0 0 0
W 1.00289487 1.99171087 2.81805971
DQ 2.12117186 1.78238608 1.54343288 1.4528949 1.53926746 1.80710188 2.23638947 2.78526959 3.39569535 4.0012899 4.53633031 4.94464281 5.18720565 5.24743052 5.13340771 4.87681111 4.5286113 4.15217693 3.81469807 3.57809232 3.49062461 3.58037471 3.85143681 4.28336537
FILT_W -0.665235259 0.0251564712 0.792663958
FILT_DQ 0.369675164 -0.0795689726 -0.497554605 -0.826733663 -1.02157763 -1.0547396 -0.920755599 -0.636784041 -0.240283472 0.216057293 0.67145035 1.06523606 1.34509306 1.47411968 1.43582846 1.23637761 0.903737547 0.483905218 0.0346786364 -0.382165811 -0.709234506 -0.901284558 -0.931347217 -0.794377966
FLAGS 1 0 0 0
STATE 2 0 0.94 0.94
GAIT 0 0 1
STEP 347 RESET 0
CMD 0 0 0
W -2.27546811 -1.60839267 -1.13127106
DQ -2.73927278 -3.30882637 -3.771616 -4.08124672 -4.21205289 -4.16257195 -3.95574236 -3.63579895 -3.26228602 -2.90199821 -2.61994023 -2.47052875 -2.49022734 -2.69261132 -3.06653042 -3.57761787 -4.17294182 -4.78816941 -5.3562739 -5.81660645 -6.12310466 -6.25052685 -6.19786848 -5.98849804
FILT_W -0.826258543 -0.138198443 0.600270456
FILT_DQ 0.0587803693 -0.402494712 -0.824960745 -1.15218497 -1.34062515 -1.36552284 -1.22425427 -0.936685532 -0.542483727 -0.0957482573 0.342311291 0.71165958 0.961561016 1.05744658 0.985592571 0.754978062 0.39606961 -0.0433022447 -0.504416617 -0.925609875 -1.25062152 -1.43620879 -1.45799934 -1.31378997
FLAGS 1 0 0 0
STATE 2 0 0.96 0.96
GAIT 0 0 1
STEP 348 RESET 0
CMD 0 0 0
W 1.04689189 2.05126497 2.83841713
DQ 2.00100035 1.68163005 1.47572919 1.42740693 1.55944488 1.87021378 2.33389394 2.90396987 3.5195259 4.11349085 4.62171578 4.99165628 5.18948406 5.20466551 5.05138732 4.76663642 4.40519393 4.03222084 3.71443875 3.51109941 3.46596528 3.60138649 3.91527585 4.38139135
FILT_W -0.6389435 0.0807478981 0.824085123
FILT_DQ 0.253002367 -0.194082236 -0.594891751 -0.894225779 -1.05061815 -1.04194918 -0.868439453 -0.552619992 -0.136282764 0.325175653 0.77025174 1.13965925 1.38435332 1.47216847 1.39217205 1.1561439 0.796982042 0.364250064 -0.0825310804 -0.481938946 -0.778962841 -0.932449259 -0.920671823 -0.744271841
FLAGS 1 0 0 0
STATE 2 0 0.98 0.98
GAIT 0 0 1
STEP 349 RESET 0
CMD 0 0 0
W -2.23005099 -1.54935049 -1.11288692
DQ -2.85788239 -3.40613986 -3.83446245 -4.10112016 -4.18626355 -4.09461029 -3.85480666 -3.5155504 -3.13899969 -2.79236033 -2.53878977 -2.42884904 -2.49365954 -2.7406909 -3.15275003 -3.69030809 -4.29685056 -4.9065262 -5.4530597 -5.87872177 -6.14214247 -6.22391048 -6.12920032 -5.88707201
FILT_W -0.79805425 -0.0822619405 0.630387919
FILT_DQ -0.0580861082 -0.515287998 -0.918848822 -1.21491522 -1.36418269 -1.34721529 -1.16707617 -0.848913033 -0.436554457 0.0134220548 0.439347589 0.78280842 0.996552035 1.05088253 0.937679839 0.671498699 0.287598782 -0.162827562 -0.619583943 -1.02161723 -1.3152808 -1.46159538 -1.44152467 -1.25855186
FLAGS 1 0 0 0
STATE 2 0 1 1
GAIT 0 0 1
STEP 350 RESET 0
CMD 0 0 0
W 1.0936766 2.109727 2.85480675
DQ 1.88420359 1.58796498 1.41787294 1.41319006 1.59079159 1.94288144 2.43804731 3.02551229 3.64200717 4.22033371 4.69845955 5.02791404 5.1803485 5.15137308 4.96115091 4.65166909 4.28105598 3.91571376 3.62133122 3.4539931 3.45258926 3.63355115 3.98862785 4.48600284
FILT_W -0.608881165 0.136936953 0.852829802
FILT_DQ 0.136142861 -0.3049627 -0.685176646 -0.952104689 -1.06868526 -1.01820562 -0.806563825 -0.461470501 -0.0286982938 0.43411322 0.865258785 1.20731898 1.41493168 1.46093159 1.34002695 1.06951574 0.686944502 0.24502657 -0.195492426 -0.574056196 -0.838493797 -0.952080728 -0.898509421 -0.684096388
FLAGS 1 0 0 0
STATE 2 0 1.02 1.02
GAIT 0 0 1
STEP 351 RESET 0
CMD 0 0 0
W -2.18195276 -1.49153619 -1.09851076
DQ -2.97261921 -3.49595835 -3.8872061 -4.10965037 -4.14942578 -4.01739037 -3.74765595 -3.39297124 -3.01758259 -2.68853853 -2.46661507 -2.39808994 -2.50847913 -2.79908343 -3.24681234 -3.80730929 -4.42095509 -5.02093709 -5.54229198 -5.93069826 -6.14982839 -6.18626559 -6.05131968 -5.77949639
FILT_W -0.766188324 -0.0259103616 0.657695746
FILT_DQ -0.174733346 -0.624062265 -1.00537959 -1.26785926 -1.37675931 -1.31812409 -1.10067304 -0.754620575 -0.327586723 0.121848045 0.5320714 0.84677809 1.0225906 1.03493009 0.881343017 0.581833235 0.176154542 -0.281569796 -0.730172381 -1.1097204 -1.36962726 -1.47549921 -1.41379045 -1.19363639
FLAGS 1 0 0 0
STATE 2 0 1.04 1.04
GAIT 0 0 1
STEP 352 RESET 0
CMD 0 0 0
W 1.14303276 2.16682673 2.86715283
DQ 1.77176945 1.50218309 1.37035348 1.41036456 1.63304247 2.02449024 2.54796867 3.14886886 3.76210322 4.3209148 4.7659125 5.05310942 5.15987623 5.08800399 4.86346169 4.53288153 4.15724742 3.80364111 3.53616298 3.4072564 3.45060969 3.67659663 4.07087238 4.59631501
FILT_W -0.575266216 0.193363348 0.878641454
FILT_DQ 0.0199169339 -0.411437729 -0.767806285 -1.00003687 -1.07577913 -0.983862659 -0.735808867 -0.364271631 0.0813822713 0.541754721 0.95545551 1.26741122 1.43631916 1.44023748 1.27955488 0.976938065 0.57426383 0.126951294 -0.303538845 -0.658022722 -0.887603562 -0.96028963 -0.865324164 -0.614641249
FLAGS 1 0 0 0
STATE 2 0 1.06 1.06
GAIT 0 0 1
STEP 353 RESET 0
CMD 0 0 0
W -2.13139572 -1.43521702 -1.08820904
DQ -3.0825128 -3.57752215 -3.92940085 -4.10676518 -4.10185117 -3.93156534 -3.6351965 -3.26909824 -2.89906167 -2.59141093 -2.40402656 -2.37851158 -2.53456077 -2.86729503 -3.34792179 -3.92763189 -4.54420574 -5.1304344 -5.623216 -5.9720963 -6.14609743 -6.13791058 -5.96488526 -5.66668105
FILT_W -0.730879167 0.0305053108 0.681956405
FILT_DQ -0.290326039 -0.728046172 -1.08396574 -1.31070971 -1.37838634 -1.27863293 -1.02574763 -0.654754292 -0.216662122 0.228438155 0.619507303 0.902818943 1.03923117 1.00948423 0.816807217 0.486481069 0.062416873 -0.398787275 -0.83550656 -1.18943008 -1.41345295 -1.47805173 -1.37528027 -1.11984523
FLAGS 1 0 0 0
STATE 2 0 1.08 1.08
GAIT 0 0 1
STEP 354 RESET 0
CMD 0 0 0
W 1.19473223 2.22230024 2.87539829
DQ 1.6646489 1.42500993 1.33357272 1.41895432 1.68584016 2.11434993 2.66272828 3.27299622 3.87879827 4.41438341 4.82350414 5.06702932 5.1282404 5.01509419 4.75914593 4.41127845 4.03481543 3.6969508 3.45965439 3.3712846 3.4600433 3.73015885 4.16131382 4.71139484
FILT_W -0.538318027 0.249684804 0.901300594
FILT_DQ -0.0948285448 -0.512740562 -0.842211894 -1.0377433 -1.07196369 -0.939334641 -0.656900039 -0.261979241 0.192883917 0.647032681 1.03990699 1.31923998 1.44813209 1.41004522 1.21104109 0.878960807 0.459656729 0.0107865325 -0.405990465 -0.733358611 -0.926103323 -0.957230668 -0.821620864 -0.536721222
FLAGS 1 0 0 0
STATE 2 0 1.1 1.1
GAIT 0 0 1
STEP 355 RESET 0
CMD 0 0 0
W -2.07861357 -1.38065329 -1.08202937
DQ -3.18663367 -3.6501414 -3.96068979 -4.09248902 -4.04394211 -3.83786109 -3.51837951 -3.14497913 -2.78443937 -2.50179905 -2.35155364 -2.37027958 -2.57168386 -2.94474877 -3.45522317 -4.05025819 -4.66556005 -5.23409199 -5.6951473 -6.00256575 -6.13098113 -6.07925445 -5.87062813 -5.54958018
FILT_W -0.692347581 0.086650995 0.702967598
FILT_DQ -0.404009057 -0.826480646 -1.15405968 -1.34321788 -1.36916153 -1.22918729 -0.943047986 -0.55027923 -0.104848412 0.332149507 0.700760924 0.950288024 1.0461505 0.974565824 0.744414662 0.386038908 -0.0528649497 -0.51370132 -0.934906148 -1.26027933 -1.4465911 -1.46943305 -1.32652159 -1.03800712
FLAGS 1 0 0 0
STATE 2 0 1.12 1.12
GAIT 0 0 1
STEP 356 RESET 0
CMD 0 0 0
W 1.24853605 2.27589113 2.87950502
DQ 1.56374798 1.35709823 1.30784177 1.43888669 1.74873809 2.21170048 2.78135552 3.3968445 3.99110531 4.49994898 4.87074734 5.069556 5.0857086 4.93326038 4.64908593 4.28788837 3.91479554 3.59654522 3.39245256 3.34638196 3.48081031 3.79378479 4.25918722 4.830269
FILT_W -0.498259218 0.305575008 0.92062134
FILT_DQ -0.207233353 -0.608122758 -0.907869539 -1.06500742 -1.05737157 -0.885098509 -0.570607636 -0.155566857 0.30474696 0.748929454 1.11775957 1.36221482 1.45010631 1.37043528 1.13488179 0.776223855 0.343901099 -0.102676666 -0.502170278 -0.799613197 -0.953850963 -0.943111263 -0.767950709 -0.451179506
FLAGS 1 0 0 0
STATE 2 0 1.14 1.14
GAIT 0 0 1
STEP 357 RESET 0
CMD 0 0 0
W -2.02385027 -1.3280972 -1.08000031
DQ -3.28410117 -3.71320188 -3.98080831 -4.06694262 -3.97618839 -3.73707019 -3.39819301 -3.0216637 -2.67468519 -2.42046083 -2.30964012 -2.37346356 -2.6195344 -3.03078953 -3.56780894 -4.174151 -4.78399161 -5.33103313 -5.75747749 -6.0218489 -6.10460735 -6.01079331 -5.76934552 -5.42918424
FILT_W -0.650818324 0.142207788 0.720559175
FILT_DQ -0.514920135 -0.91863067 -1.21516342 -1.36520094 -1.34925325 -1.17029568 -0.853366173 -0.442176542 0.00680374437 0.431990426 0.775019597 0.988646983 1.04314224 0.930312798 0.664612717 0.281186369 -0.168888172 -0.625512312 -1.027701 -1.32183677 -1.4689266 -1.44987947 -1.26809019 -0.948979979
FLAGS 1 0 0 0
STATE 2 0 1.16 1.16
GAIT 0 0 1
STEP 358 RESET 0
CMD 0 0 0
W 1.30419553 2.32735167 2.87945405
DQ 1.46992011 1.29902239 1.29337826 1.46999307 1.82120426 2.3157185 2.90284702 3.51936618 4.09807444 4.57688778 4.90724251 5.0606681 5.03264055 4.8431947 4.53421259 4.16375493 3.79820288 3.50327362 3.33512587 3.3327591 3.51273506 3.8669363 4.36366476 4.95193203
FILT_W -0.455316939 0.360722176 0.936448663
FILT_DQ -0.316436111 -0.696865364 -0.964309248 -1.08168154 -1.0322075 -0.821694261 -0.477744854 -0.04602227 0.415930813 0.846480162 1.18824189 1.3958491 1.44209207 1.32160099 1.0515727 0.669443225 0.227820933 -0.212633719 -0.591418312 -0.85637718 -0.970760435 -0.918197891 -0.704914695 -0.358888779
FLAGS 1 0 0 0
STATE 2 0 1.18 1.18
GAIT 0 0 1
STEP 359 RESET 0
CMD 0 0 0
W -1.96735896 -1.27779168 -1.08213125
DQ -3.37409092 -3.76617021 -3.98958622 -4.03034206 -3.89916307 -3.63004513 -3.27565354 -2.90019498 -2.57072743 -2.34808422 -2.2786405 -2.38803659 -2.67770768 -3.12468958 -3.68472683 -4.29826245 -4.89849871 -5.42043788 -5.80967938 -6.02978264 -6.06719916 -5.93310621 -5.66189409 -5.30651152
FILT_W -0.606521141 0.19687079 0.734590671
FILT_DQ -0.622201591 -1.00379585 -1.26683695 -1.37654759 -1.31890306 -1.10252935 -0.757535723 -0.331439541 0.117264989 0.527023724 0.84155365 1.01746053 1.03011209 0.876971931 0.57794275 0.172672658 -0.284811031 -0.733414135 -1.11324442 -1.37371773 -1.48040431 -1.41968872 -1.20061263 -0.853651053
FLAGS 1 0 0 0
STATE 2 0 1.2 1.2
GAIT 0 0 1
STEP 360 RESET 0
CMD 0 0 0
W 1.36145339 2.37644401 2.8752456
DQ 1.38395888 1.25127361 1.29030452 1.51201037 1.90262577 2.42552418 3.0261752 3.63952497 4.19880091 4.64454907 4.93268099 5.04044078 4.96948511 4.74565893 4.4154975 4.03992805 3.68602359 3.41792487 3.28815922 3.33053125 3.55554755 3.94899465 4.47386276 5.0753549
FILT_W -0.409723688 0.414828113 0.948656164
FILT_DQ -0.421585545 -0.778288903 -1.0111228 -1.08769179 -0.996750173 -0.749723995 -0.37916463 0.0656569104 0.525418581 0.938776259 1.25066638 1.41975855 1.4240494 1.26384063 0.961698225 0.559398197 0.112272431 -0.318280235 -0.673104055 -0.903292828 -0.976809121 -0.882820386 -0.633165095 -0.260750457
FLAGS 1 0 0 0
STATE 2 0 1.22 1.22
GAIT 0 0 1
STEP 361 RESET 0
CMD 0 0 0
W -1.90940074 -1.22996926 -1.08841234
DQ -3.45584177 -3.8085984 -3.98694929 -3.98299691 -3.81351763 -3.51769113 -3.15179755 -2.78160033 -2.47344535 -2.28528139 -2.25881698 -2.4138754 -2.74571167 -3.22565472 -3.80498796 -4.42154279 -5.00811285 -5.50155005 -5.85131144 -6.02629989 -6.01907295 -5.84685022 -5.54918265 -5.1825996
FILT_W -0.559691393 0.250348376 0.744949314
FILT_DQ -0.725011167 -1.08131985 -1.30870545 -1.37722231 -1.27842692 -1.02652071 -0.656427923 -0.219068814 0.225532188 0.616370494 0.899718047 1.03639516 1.00707329 0.814891096 0.485029606 0.0613040981 -0.399766096 -0.836607217 -1.19092479 -1.41559353 -1.4810355 -1.37922337 -1.12476685 -0.752935372
FLAGS 1 0 0 0
STATE 2 0 1.24 1.24
GAIT 0 0 1
STEP 362 RESET 0
CMD 0 0 0
W 1.42004497 2.42294124 2.86689914
DQ 1.30659135 1.21425577 1.29864654 1.56458321 1.99231394 2.54018881 3.15029696 3.75630457 4.29243277 4.70236057 4.94684761 5.00904514 4.89677645 4.64147803 4.29394476 3.91745507 3.5792065 3.34122087 3.25194983 3.33971725 3.60888565 4.03926579 4.58884917 5.19949371
FILT_W -0.361717757 0.467607662 0.957144296
FILT_DQ -0.521850915 -0.851762291 -1.04797025 -1.08304175 -0.951352834 -0.669849757 -0.275755434 0.178468524 0.632222246 1.0249695 1.304431 1.43366015 1.39604361 1.19754979 0.865921122 0.446919195 -0.00186883626 -0.418824408 -0.746637332 -0.940062456 -0.972043389 -0.837374453 -0.553405248 -0.157692464
FLAGS 1 0 0 0
STATE 2 0 1.26 1.26
GAIT 0 0 1
STEP 363 RESET 0
CMD 0 0 0
W -1.85024352 -1.18485098 -1.09881454
DQ -3.52866228 -3.84012759 -3.97291982 -3.92530761 -3.71997648 -3.40095847 -3.02767262 -2.66688284 -2.38366178 -2.23258352 -2.25033723 -2.45076146 -2.82297118 -3.33283097 -3.92757515 -4.54294932 -5.1119069 -5.57368361 -5.88202155 -6.01143008 -5.96063579 -5.7527549 -5.43216453 -5.05849654
FILT_W -0.510570333 0.302361798 0.751548413
FILT_DQ -0.822532051 -1.15059882 -1.34046521 -1.36726834 -1.2282152 -0.942960628 -0.550947153 -0.106066612 0.330633843 0.6992142 0.94895418 1.04521799 0.974142128 0.744511714 0.386571494 -0.0520676563 -0.512872643 -0.934310328 -1.26017575 -1.44719922 -1.47090263 -1.3289125 -1.04128118 -0.647772872
FLAGS 1 0 0 0
STATE 2 0 1.28 1.28
GAIT 0 0 1
STEP 364 RESET 0
CMD 0 0 0
W 1.47969946 2.46662843 2.85445323
DQ 1.23847192 1.18828195 1.31833378 1.62726692 2.08951018 2.65874253 3.27416247 3.86871724 4.37817809 4.74983331 4.94962255 4.9667467 4.81512954 4.53153317 4.17058247 3.79737185 3.47865507 3.27381037 3.22680397 3.3602394 3.67229823 4.13698621 4.70765143 5.32329847
FILT_W -0.311543354 0.518788461 0.961838894
FILT_DQ -0.616431654 -0.916710743 -1.07458531 -1.06781481 -0.896442661 -0.582790313 -0.168436191 0.291411773 0.735388268 1.10427611 1.34902102 1.43737086 1.35824087 1.12321386 0.764972592 0.332876295 -0.113719872 -0.513498258 -0.811477781 -0.966455357 -0.956582543 -0.782322627 -0.466387916 -0.0506657373
FLAGS 1 0 0 0
STATE 2 0 1.3 1.3
GAIT 0 0 1
STEP 365 RESET 0
CMD 0 0 0
W -1.79016072 -1.14264538 -1.11328977
DQ -3.59193653 -3.86049109 -3.94761647 -3.8577621 -3.61933078 -3.2808345 -2.90432859 -2.5570128 -2.30213612 -2.19043635 -2.25327297 -2.49838278 -2.90883275 -3.44531184 -4.05145155 -4.66145517 -5.20900299 -5.63622843 -5.90154996 -5.985299 -5.89238194 -5.65161611 -5.31182948 -4.935252
FILT_W -0.459405091 0.352645077 0.754326028
FILT_DQ -0.913982142 -1.21108878 -1.36188842 -1.34680954 -1.16873147 -0.852594732 -0.442025431 0.00656931617 0.431635829 0.774804865 0.988791617 1.0437955 0.931533507 0.66636129 0.283330178 -0.166556851 -0.623248184 -1.02577127 -1.320485 -1.46833972 -1.45016248 -1.26925198 -0.950932072 -0.539124363
FLAGS 1 0 0 0
STATE 2 0 1.32 1.32
GAIT 0 0 1
STEP 366 RESET 0
CMD 0 0 0
W 1.54014111 2.50730365 2.83796541
DQ 1.18017672 1.17357185 1.34919971 1.69953133 2.19339241 2.78018261 3.39672406 3.97581221 4.45531163 4.78656575 4.94098234 4.91390325 4.72523496 4.41675427 4.04645403 3.68069408 3.38521975 3.21626355 3.21293433 3.39192413 3.74524896 4.24132939 4.82926471 5.44572205
FILT_W -0.259450471 0.568110934 0.962689965
FILT_DQ -0.704566256 -0.972622716 -1.09077961 -1.04217546 -0.832519084 -0.489316997 -0.0581504814 0.403493606 0.834003409 1.17598095 1.38401069 1.43080627 1.31090365 1.04140059 0.659642563 0.218168242 -0.22240139 -0.601567793 -0.867143066 -0.982313336 -0.930621339 -0.718193839 -0.372912394 0.0593602787
FLAGS 1 0 0 0
STATE 2 0 1.34 1.34
GAIT 0 0 1
STEP 367 RESET 0
CMD 0 0 0
W -1.72943008 -1.10354755 -1.13177113
DQ -3.64512934 -3.86951668 -3.91125326 -3.78093169 -3.51243179 -3.15833522 -2.78280872 -2.45291948 -2.2295579 -2.15919635 -2.26759937 -2.55633658 -3.00257016 -3.56214595 -4.17556942 -4.77605801 -5.29857986 -5.68865551 -5.90973149 -5.94812765 -5.81488869 -5.54428929 -5.18919528 -4.81390838
FILT_W -0.406448432 0.400945086 0.753243856
FILT_DQ -0.998622564 -1.26231211 -1.37282698 -1.31605108 -1.10051035 -0.75621882 -0.330616306 0.117852297 0.527647279 0.842463224 1.01884968 1.03209199 0.879556271 0.581045934 0.176121365 -0.281254383 -0.730019236 -1.11027656 -1.37140191 -1.47889477 -1.41904807 -1.20080338 -0.854540682 -0.427966587
FLAGS 1 0 0 0
STATE 2 0 1.36 1.36
GAIT 0 0 1
STEP 368 RESET 0
CMD 0 0 0
W 1.60109055 2.54477889 2.81751188
DQ 1.13219883 1.17024987 1.39098326 1.78076521 2.30308199 2.90348192 3.51694512 4.07668366 4.52318099 4.81224723 4.92100005 4.85096172 4.62785303 4.29811212 3.92260932 3.56840862 3.29969084 3.16906712 3.21045821 3.43450345 3.8271208 4.35141278 4.95266038 5.56572899
FILT_W -0.205694533 0.615328466 0.959670658
FILT_DQ -0.785540425 -1.01905591 -1.09644595 -1.00636945 -0.76015112 -0.390248746 0.0541398368 0.513735433 0.927200649 1.23944162 1.40906472 1.41397896 1.25438595 0.952752552 0.550770161 0.103711917 -0.327048229 -0.682342195 -0.913215897 -0.987554946 -0.894431187 -0.645581768 -0.273820576 0.171402971
FLAGS 1 0 0 0
STATE 2 0 1.38 1.38
GAIT 0 0 1
STEP 369 RESET 0
CMD 0 0 0
W -1.66833228 -1.06773821 -1.15417318
DQ -3.68779081 -3.86712801 -3.86413775 -3.6954662 -3.40018368 -3.03449674 -2.66414083 -2.35548332 -2.16654099 -2.13912774 -2.29319526 -2.62413267 -3.10339059 -3.68234513 -4.29887896 -4.88578854 -5.37987987 -5.73052142 -5.90649696 -5.90023045 -5.72881147 -5.43168222 -5.06529918 -4.69549201
FILT_W -0.351958308 0.447021798 0.748286274
FILT_DQ -1.07576546 -1.30386312 -1.37321513 -1.27527912 -1.02415438 -0.654673545 -0.21768823 0.226813558 0.617826485 0.901584687 1.03883872 1.0101678 0.818608293 0.489242784 0.0658052489 -0.395238129 -0.832331392 -1.18716012 -1.412544 -1.4788225 -1.37786922 -1.12419181 -0.752968436 -0.315286527
FLAGS 1 0 0 0
STATE 2 0 1.4 1.4
GAIT 0 0 1
STEP 370 RESET 0
CMD 0 0 0
W 1.66226607 2.57888093 2.79318719
DQ 1.09494404 1.17834413 1.44333105 1.87028149 2.41765117 3.02759758 3.6338088 4.1704784 4.58121212 4.82666051 4.88984471 4.77845448 4.52380741 4.17661021 3.80009583 3.46146517 3.22279174 3.13262029 3.21939656 3.48761721 3.91722128 4.46630531 5.07679478 5.68230426
FILT_W -0.150535871 0.660207711 0.952776366
FILT_DQ -0.858694513 -1.0556424 -1.09156051 -0.960723062 -0.679973822 -0.286446432 0.167461473 0.621180042 1.01416505 1.29409227 1.42393932 1.38699647 1.1891282 0.857979527 0.439234307 -0.00956779908 -0.426819079 -0.755182077 -0.949349947 -0.982178526 -0.848360166 -0.565142101 -0.169992114 0.284472551
FLAGS 1 0 0 0
STATE 2 0 1.42 1.42
GAIT 0 0 1
STEP 371 RESET 0
CMD 0 0 0
W -1.60714976 -1.03538288 -1.18039239
DQ -3.7195601 -3.85334529 -3.80666845 -3.60208851 -3.28353583 -2.91036648 -2.5493286 -2.26552842 -2.1136184 -2.13040028 -2.32984415 -2.70119765 -3.21044128 -3.80489272 -4.42033721 -4.98971865 -5.45221538 -5.76147207 -5.89187371 -5.84201249 -5.63487834 -5.31474732 -4.9411891 -4.58100447
FILT_W -0.29619726 0.490648652 0.73945949
FILT_DQ -1.14478107 -1.33541269 -1.36307131 -1.22485961 -0.940330023 -0.548838437 -0.104217535 0.332509196 0.701386704 0.951643015 1.04856097 0.978177055 0.749171256 0.391692302 -0.0467228442 -0.507582884 -0.929358709 -1.25581108 -1.44360232 -1.46816192 -1.32701198 -1.04010262 -0.647111812 -0.202075151
FLAGS 1 0 0 0
STATE 2 0 1.44 1.44
GAIT 0 0 1
STEP 372 RESET 0
CMD 0 0 0
W 1.72338489 2.60945215 2.76510377
DQ 1.06872746 1.19778615 1.50580029 1.96732304 2.5361309 3.15147982 3.74632667 4.25640313 4.6289142 4.82968369 4.84777982 4.69699481 4.41397813 4.0532762 3.67994978 3.36076828 3.15517285 3.10723132 3.23967377 3.55081619 4.01478833 4.5850352 5.20061797 5.79446186
FILT_W -0.094239045 0.702529002 0.942023918
FILT_DQ -0.923430219 -1.0820928 -1.07618415 -0.905641342 -0.592683931 -0.178806611 0.280836886 0.72489859 1.09413945 1.33944708 1.42848286 1.35005883 1.11565194 0.757850692 0.325944418 -0.120747768 -0.520905553 -0.819506836 -0.975274713 -0.966264111 -0.792831951 -0.47758884 -0.0623388338 0.39757855
FLAGS 1 0 0 0
STATE 2 0 1.46 1.46
GAIT 0 0 1
STEP 373 RESET 0
CMD 0 0 0
W -1.5461653 -1.00663111 -1.21030756
DQ -3.74016851 -3.82828509 -3.73933142 -3.5015884 -3.16347487 -2.78699435 -2.43934314 -2.18381564 -2.07123774 -2.13308777 -2.37723605 -2.78687969 -3.32281679 -3.92875221 -4.53891688 -5.08696929 -5.51497458 -5.78124566 -5.86598543 -5.7739662 -5.53388378 -5.19447363 -4.81791476 -4.47141409
FILT_W -0.23943167 0.53161299 0.726790771
FILT_DQ -1.20510405 -1.35671203 -1.34249888 -1.16523605 -0.849763025 -0.439625384 0.00881888348 0.434027167 0.777601735 0.992193597 1.04791097 0.936364978 0.67180507 0.289190401 -0.160541711 -0.61736992 -1.02031246 -1.31568072 -1.46434578 -1.44703432 -1.26693713 -0.949277319 -0.537896427 -0.0893207141
FLAGS 1 0 0 0
STATE 2 0 1.48 1.48
GAIT 0 0 1
STEP 374 RESET 0
CMD 0 0 0
W 1.7841645 2.63635124 2.73339143
DQ 1.05377082 1.2284115 1.57786264 2.07106908 2.65751909 3.27408084 3.85354705 4.33373109 4.66588377 4.82129121 4.79516117 4.60727167 4.29929412 3.92915326 3.56318736 3.26716963 3.09740612 3.09311495 3.27111835 3.62356584 4.11899673 4.70659823 5.32308265 5.90125316
FILT_W -0.0370720528 0.742086815 0.927450837
FILT_DQ -0.979216562 -1.09819968 -1.05046272 -0.841605535 -0.499034814 -0.0682547616 0.3932917 0.82399756 1.16642994 1.37510336 1.42263599 1.30345565 1.03455397 0.653186687 0.211831196 -0.228915965 -0.608540598 -0.874801152 -0.990799372 -0.939974305 -0.728343747 -0.383689765 0.0482014808 0.509736674
FLAGS 1 0 1 0
STATE 2 0 1.5 1.5
GAIT 0 0 1
STEP 375 RESET 0
CMD 0 0 0
W -1.48566078 -0.981615801 -1.24378041
DQ -3.74944174 -3.79215938 -3.66269622 -3.39481592 -3.04101627 -2.66542382 -2.33511469 -2.1110361 -2.03975748 -2.14716749 -2.43497013 -2.8804541 -3.43956666 -4.052876 -4.65361501 -5.17671792 -5.56762664 -5.78967495 -5.82905108 -5.69666711 -5.42668201 -5.07187844 -4.69651883 -4.3676478
FILT_W -0.181930925 0.569716553 0.710327712
FILT_DQ -1.25623908 -1.36759565 -1.31168607 -1.09692657 -0.753232959 -0.327971667 0.120451061 0.530494194 0.845811197 1.02287627 1.03687538 0.885064673 0.587141911 0.182580418 -0.274713425 -0.723696161 -1.1044492 -1.36628853 -1.47462454 -1.41564358 -1.19817757 -0.852508632 -0.426270551 0.0219982267
FLAGS 1 0 1 0
STATE 2 0 1.52 1.52
GAIT 0 0 1
STEP 376 RESET 0
CMD 0 0 0
W 1.84432398 2.65945386 2.69819675
DQ 1.05020063 1.26996115 1.65890857 2.18064211 2.78078903 3.39436368 3.95456306 4.40180824 4.69180813 4.80155404 4.73243381 4.51004397 4.18072539 3.80529122 3.45079617 3.1814609 3.04998012 3.09039057 3.31346433 3.70525084 4.22896508 4.82996622 5.443153 6.00177492
FILT_W 0.0206945653 0.778690284 0.909114616
FILT_DQ -1.02559511 -1.10383997 -1.01462661 -0.769169706 -0.399830761 0.0442618673 0.503862261 0.917625599 1.23041089 1.40074405 1.40643122 1.2475626 0.946500259 0.544851499 0.0978375345 -0.333180455 -0.68900627 -0.920620621 -0.995815656 -0.903554142 -0.655463308 -0.284261147 0.160671805 0.619975896
FLAGS 1 0 1 0
STATE 2 0 1.54 1.54
GAIT 0 0 1
STEP 377 RESET 0
CMD 0 0 0
W -1.42591587 -0.960452573 -1.28065624
DQ -3.74730134 -3.7452737 -3.57741102 -3.28267415 -2.91719579 -2.54668315 -2.23752482 -2.04780537 -2.01944387 -2.17252035 -2.50255807 -2.9811294 -3.55970341 -4.17621424 -4.76346149 -5.25820544 -5.60972624 -5.78668865 -5.78138306 -5.61076901 -5.31417974 -4.94799865 -4.57802808 -4.27058324
FILT_W -0.123966479 0.604775998 0.690137531
FILT_DQ -1.29776573 -1.36798334 -1.27090505 -1.02052015 -0.651567263 -0.214832634 0.229723553 0.621082502 0.905425415 1.04341761 1.01553229 0.824693402 0.495879892 0.0727449245 -0.388292368 -0.825682953 -1.18107827 -1.40722742 -1.4743724 -1.37427563 -1.12133495 -0.750634898 -0.313198183 0.130919983
FLAGS 1 0 1 0
STATE 2 0 1.56 1.56
GAIT 0 0 1
STEP 378 RESET 0
CMD 0 0 0
W 1.90358525 2.67865323 2.65968241
DQ 1.05804708 1.32208367 1.74825261 2.29511537 2.90489809 3.51131097 4.04852031 4.46005878 4.70646802 4.77063913 4.66012828 4.40613405 4.05927479 3.68273772 3.3437268 3.104367 3.01329598 3.09908123 3.36635354 3.7951803 4.34376326 4.95409572 5.55981348 6.09517693
FILT_W 0.0787886946 0.812163722 0.887092019
FILT_DQ -1.06218445 -1.09897664 -0.968989285 -0.688956598 -0.295920728 0.157781727 0.611603229 1.00498013 1.28552968 1.41613976 1.37999189 1.18283747 0.852219382 0.433744204 -0.015090452 -0.432677958 -0.761640842 -0.956596558 -0.990299802 -0.857330036 -0.57482513 -0.180161836 0.274102983 0.727345677
FLAGS 1 0 1 0
STATE 2 0 1.58 1.58
GAIT 0 0 1
STEP 379 RESET 0
CMD 0 0 0
W -1.36720674 -0.943239249 -1.32076458
DQ -3.73376542 -3.68802462 -3.48419716 -3.16611158 -2.7930607 -2.43177665 -2.14739896 -1.99465826 -2.01046872 -2.20893191 -2.5794282 -3.0880541 -3.68221091 -4.29772374 -4.86752724 -5.33074262 -5.64091729 -5.77231201 -5.72338454 -5.51699844 -5.19732852 -4.82388205 -4.4634447 -4.1810414
FILT_W -0.0658108484 0.636623424 0.666306359
FILT_DQ -1.32934255 -1.35788144 -1.22051007 -0.936672096 -0.545634725 -0.101174111 0.33570301 0.705016291 0.955929836 1.05363259 0.98404988 0.75574831 0.398776352 -0.0394025901 -0.50033413 -0.922484424 -1.24956849 -1.4381681 -1.46360828 -1.32329688 -1.03707547 -0.644533858 -0.199651785 0.23650697
FLAGS 1 0 1 0
STATE 2 0 1.6 1.6
GAIT 0 0 1
STEP 380 RESET 0
CMD 0 0 0
W 1.9616744 2.69386061 2.61802643
DQ 1.07724382 1.3843382 1.84513907 2.41352065 3.02879657 3.62393358 4.13462411 4.50799002 4.70973944 4.72880795 4.57885616 4.29642078 3.93596956 3.56252931 3.24288485 3.03653999 2.987664 3.11911343 3.42933866 3.8925936 4.4624203 5.07793683 5.67207735 6.18066917
FILT_W 0.136937676 0.842347143 0.861478366
FILT_DQ -1.08868391 -1.08365948 -0.913945158 -0.601652822 -0.188191595 0.271336659 0.71559512 1.08531366 1.3313108 1.42115013 1.34353051 1.10981556 0.752495673 0.320790599 -0.126012233 -0.526581983 -0.825845239 -0.98243995 -0.974313583 -0.801707829 -0.487125892 -0.0722867889 0.387521129 0.83092319
FLAGS 1 0 1 0
STATE 2 0 1.62 1.62
GAIT 0 0 1
STEP 381 RESET 0
CMD 0 0 0
W -1.30980473 -0.930055395 -1.36392005
DQ -3.70894848 -3.62089635 -3.38384306 -3.04611411 -2.66966095 -2.3216762 -2.06549939 -1.95204429 -2.01290795 -2.25609421 -2.66493037 -3.20032382 -3.806053 -4.41637675 -4.96493205 -5.39371594 -5.66093599 -5.74666663 -5.65554608 -5.41614851 -5.07711669 -4.70057842 -4.35373784 -4.09977962
FILT_W -0.00773656414 0.665106889 0.638938525
FILT_DQ -1.35071037 -1.33738316 -1.16093495 -0.84609895 -0.43633853 0.0120353733 0.437485669 0.781577869 0.996888921 1.0534257 0.942684421 0.67880162 0.296640806 -0.152926136 -0.609904214 -1.01329538 -1.30935431 -1.45886262 -1.44243683 -1.2631519 -0.946124972 -0.535115952 -0.086604768 0.337852909
FLAGS 1 0 1 0
STATE 2 0 1.64 1.64
GAIT 0 0 1
STEP 382 RESET 0
CMD 0 0 0
W 2.01832292 2.7050057 2.57342135
DQ 1.10762847 1.45619819 1.9487485 2.53485645 3.15143653 3.73127894 4.21214619 4.54519657 4.70159471 4.67641431 4.48930484 4.18183214 3.81185262 3.44568271 3.14912324 2.97855357 2.97330095 3.15031772 3.50188694 3.9966668 4.5839326 5.20044211 5.7789951 6.25752856
FILT_W 0.194869384 0.869096771 0.832386807
FILT_DQ -1.10487648 -1.05802503 -0.849966604 -0.50800341 -0.0775610246 0.38395973 0.814951721 1.15793974 1.3673595 1.41572456 1.29734646 1.02910467 0.648161987 0.206934749 -0.234001469 -0.614110483 -0.881088788 -0.997944585 -0.948004455 -0.737170027 -0.393119214 0.0384398543 0.499955219 0.929820475
FLAGS 1 0 1 0
STATE 2 0 1.66 1.66
GAIT 0 0 1
STEP 383 RESET 0
CMD 0 0 0
W -1.25397518 -0.920961947 -1.40992318
DQ -3.67306041 -3.54445666 -3.27719751 -2.92369667 -2.54804025 -2.21731303 -1.99251881 -1.92032389 -2.02674093 -2.31360834 -2.75834138 -3.31698897 -3.93018222 -4.53116972 -5.05485208 -5.44659278 -5.669613 -5.70996943 -5.57844146 -5.30907221 -4.95456099 -4.57913067 -4.24983541 -4.02748522
FILT_W 0.0499849277 0.690090899 0.608155809
FILT_DQ -1.36169488 -1.30666819 -1.09268969 -0.749572736 -0.324608947 0.123832454 0.534204668 0.850113376 1.02794946 1.04279127 0.891777678 0.594495307 0.190327566 -0.266875697 -0.71608653 -1.09735871 -1.35994121 -1.46914707 -1.41104816 -1.19436025 -0.849263392 -0.423317198 0.0249761563 0.434089906
FLAGS 1 0 1 0
STATE 2 0 1.68 1.68
GAIT 0 0 1
STEP 384 RESET 0
CMD 0 0 0
W 2.07326897 2.71203699 2.52607335
DQ 1.14894404 1.53705585 2.05820455 2.65809653 3.27178066 3.83243912 4.28043086 4.57136371 4.68210274 4.61390136 4.39223175 4.06333729 3.68797374 3.33318623 3.06323502 2.93089819 2.97032833 3.19243019 3.58338478 4.10651966 4.70727241 5.32057541 5.8796624 6.32510503
FILT_W 0.252313331 0.892285509 0.799947563
FILT_DQ -1.11063098 -1.02229579 -0.777600271 -0.40880581 0.0350300135 0.494693121 0.908827286 1.22223841 1.39336478 1.39990228 1.24182309 0.941379506 0.540092184 0.0931304956 -0.338154374 -0.694533023 -0.926914256 -1.00298934 -0.911604862 -0.664272255 -0.293609812 0.151072063 0.61044478 1.02319142
FLAGS 1 0 1 0
STATE 2 0 1.7 1.7
GAIT 0 0 1
STEP 385 RESET 0
CMD 0 0 0
W -1.19997614 -0.916000939 -1.45856133
DQ -3.62640475 -3.45935209 -3.16516253 -2.79989469 -2.42922728 -2.11956985 -1.92907451 -1.89976535 -2.05185066 -2.38098785 -2.85887117 -3.43706281 -4.05354867 -4.64113171 -5.13652678 -5.4889259 -5.66687495 -5.66253079 -5.49272282 -5.1966752 -4.83069801 -4.46056599 -4.15261621 -3.96476966
FILT_W 0.107084384 0.711456864 0.574096674
FILT_DQ -1.36220836 -1.26600142 -1.0163565 -0.647914698 -0.211395716 0.233266824 0.625037106 0.910038034 1.04884324 1.02181326 0.83175366 0.503535274 0.0807280991 -0.380295725 -0.817991614 -1.17397231 -1.40091032 -1.46894349 -1.36971666 -1.11751255 -0.747318632 -0.310091743 0.134138681 0.52439531
FLAGS 1 0 1 0
STATE 2 0 1.72 1.72
GAIT 0 0 1
STEP 386 RESET 0
CMD 0 0 0
W 2.12625857 2.71492199 2.47620127
DQ 1.20084108 1.62622729 2.17258144 2.78219851 3.3888111 3.92655851 4.33890056 4.58627015 4.65142838 4.54179784 4.28845795 3.9419385 3.56538071 3.22599136 2.98594664 2.8939769 2.97877127 3.24509465 3.67314286 4.22122303 4.83139651 5.43732062 5.97322781 6.38282699
FILT_W 0.309001803 0.911803376 0.764307134
FILT_DQ -1.10590342 -0.976778546 -0.697462703 -0.304903377 0.148624966 0.602595992 0.996423452 1.27766124 1.40910175 1.37381172 1.17742409 0.847375596 0.429193361 -0.0196670164 -0.437597789 -0.76717739 -0.962942165 -0.997539674 -0.865430706 -0.583638991 -0.189447117 0.264649493 0.718047594 1.11023848
FLAGS 1 0 1 0
STATE 2 0 1.74 1.74
GAIT 0 0 1
STEP 387 RESET 0
CMD 0 0 0
W -1.14805721 -0.9151953 -1.50960968
DQ -3.56937612 -3.36630244 -3.0486857 -2.67575527 -2.31422696 -2.02927338 -1.8757031 -1.89054256 -2.08802476 -2.45766284 -2.96566946 -3.55952974 -4.17510891 -4.74533267 -5.20926534 -5.52035724 -5.65274498 -5.60475194 -5.39911519 -5.07990814 -4.70657539 -4.34588723 -4.06290254 -3.9121634
FILT_W 0.163295901 0.729103508 0.536915453
FILT_DQ -1.35225069 -1.21573094 -0.932585003 -0.541988566 -0.0976602269 0.339409055 0.709210797 0.960840864 1.0593891 0.990664266 0.763114734 0.406685063 -0.031236867 -0.492233582 -0.914764544 -1.24249537 -1.43192245 -1.4582609 -1.31879915 -1.03326591 -0.641159945 -0.196404179 0.239952581 0.60799829
FLAGS 1 0 1 0
STATE 2 0 1.76 1.76
GAIT 0 0 1
STEP 388 RESET 0
CMD 0 0 0
W 2.17704681 2.71364734 2.42403565
DQ 1.26288064 1.72295828 2.29091178 2.90611273 3.50153801 4.01284103 4.38706077 4.58978978 4.60983108 4.4607136 4.17886114 3.81866254 3.44511042 3.12500476 2.91791179 2.868102 2.99855836 3.30786565 3.77040201 4.33980675 4.95525506 5.54969032 6.05889995 6.43020625
FILT_W 0.364670992 0.927557892 0.725627473
FILT_DQ -1.09073755 -0.921862014 -0.610235324 -0.197178437 0.262259596 0.706752252 1.07699579 1.32373576 1.4144333 1.3376692 1.10468937 0.74788281 0.316397862 -0.130509748 -0.531496911 -0.831435637 -0.988874366 -0.981648246 -0.809879038 -0.49595864 -0.0815184445 0.378205271 0.821847318 1.19021909
FLAGS 1 0 1 0
STATE 2 0 1.78 1.78
GAIT 0 0 1
STEP 389 RESET 0
CMD 0 0 0
W -1.09845838 -0.918548756 -1.56283228
DQ -3.50245687 -3.26609475 -2.9287522 -2.55232839 -2.20401197 -1.94718735 -1.83285599 -1.89273353 -2.13495726 -2.54298479 -3.07783292 -3.68335393 -4.2938348 -4.84289127 -5.27245254 -5.54062096 -5.62734261 -5.53712158 -5.29841029 -4.95975863 -4.58324296 -4.23606433 -3.98145318 -3.87011138
FILT_W 0.218358055 0.742947227 0.496781498
FILT_DQ -1.33190949 -1.15628529 -0.842087012 -0.432693433 0.0156324398 0.441358292 0.786010616 1.00208883 1.05949424 0.949603801 0.686437144 0.304759137 -0.144625404 -0.6017479 -1.00559247 -1.30235417 -1.45272119 -1.43719558 -1.25873216 -0.942338639 -0.531690896 -0.0832216889 0.341517268 0.684186039
FLAGS 1 0 1 0
STATE 2 0 1.8 1.8
GAIT 0 0 1
STEP 390 RESET 0
CMD 0 0 0
W 2.22539892 2.70821895 2.3698176
DQ 1.334538 1.82643068 2.41219472 3.02879113 3.60900792 4.09055691 4.42450414 4.58189285 4.55766266 4.37133445 4.0643683 3.69455208 3.32818012 3.03108058 2.85970592 2.85349234 3.02952226 3.38021228 3.8743396 4.46126784 5.07780045 5.65673408 6.1359542 6.46684206
FILT_W 0.419062142 0.939474399 0.684085108
FILT_DQ -1.06526474 -0.85801369 -0.516658839 -0.0865449768 0.374969988 0.806278154 1.14985997 1.36006923 1.40931109 1.29177687 1.02423026 0.643738431 0.202655148 -0.238465052 -0.619062635 -0.886769518 -1.00449685 -0.955454793 -0.745424987 -0.401977991 0.0292582393 0.490773888 0.920960961 1.26245164
FLAGS 1 0 1 0
STATE 2 0 1.82 1.82
GAIT 0 0 1
STEP 391 RESET 0
CMD 0 0 0
W -1.05140888 -0.926045805 -1.61798311
DQ -3.42621301 -3.15957656 -2.80637642 -2.43065802 -2.0995145 -1.87400604 -1.80089558 -1.90631971 -2.19225122 -2.63623204 -3.1944129 -3.80748807 -4.40872214 -4.93298234 -5.32555394 -5.54954566 -5.5908827 -5.46021174 -5.1914599 -4.83724293 -4.46174386 -4.13202618 -3.90895705 -3.83896929
FILT_W 0.272015039 0.752922379 0.453878285
FILT_DQ -1.30135956 -1.08816998 -0.745630597 -0.320956281 0.127521539 0.538249734 0.854784414 1.03343034 1.04915486 0.898975975 0.602365944 0.198615781 -0.258482581 -0.70791678 -1.08971176 -1.35304713 -1.46313543 -1.40593049 -1.19002848 -0.845504484 -0.419841971 0.0284938812 0.437969159 0.752309548
FLAGS 1 0 1 0
STATE 2 0 1.84 1.84
GAIT 0 0 1
STEP 392 RESET 0
CMD 0 0 0
W 2.27109141 2.69866191 2.31379772
DQ 1.41520707 1.93576931 2.53540444 3.14919608 3.71031186 4.15904882 4.45091397 4.56264615 4.49536438 4.27441637 3.94594783 3.57065687 3.21557881 2.94501322 2.81182133 2.85027148 3.07140105 3.46152263 3.98407653 4.58457897 5.1979962 5.75754651 6.20373883 6.49242456
FILT_W 0.471922676 0.947496332 0.639870229
FILT_DQ -1.0297029 -0.785776048 -0.417527094 0.0260589554 0.485800571 0.900329643 1.21439737 1.38635192 1.39377581 1.23652001 0.936724133 0.53581989 0.0889235581 -0.34262378 -0.699558455 -0.93271527 -1.00968178 -0.919185176 -0.672617977 -0.302496139 0.141941847 0.601399145 1.01454613 1.32632105
FLAGS 1 0 1 0
STATE 2 0 1.86 1.86
GAIT 0 0 1
STEP 393 RESET 0
CMD 0 0 0
W -1.00712621 -0.937651795 -1.67480727
DQ -3.3412894 -3.04764881 -2.68259342 -2.31177322 -2.00161841 -1.81034842 -1.7800922 -1.93118621 -2.25942203 -2.73661591 -3.31442334 -3.93088223 -4.51879921 -5.01484389 -5.3681204 -5.54705586 -5.54367363 -5.37467291 -5.0791686 -4.71339725 -4.34310574 -4.03465273 -3.84602732 -3.81900051
FILT_W 0.324017788 0.758981519 0.408402479
FILT_DQ -1.26086155 -1.01196332 -0.644033727 -0.207724262 0.237058673 0.629261836 0.914948412 1.0545981 1.02845602 0.839206422 0.511609385 0.0891496779 -0.371848718 -0.809845791 -1.16641465 -1.39414933 -1.46308097 -1.36473395 -1.11327304 -0.74358625 -0.306562912 0.137793957 0.528488782 0.811788894
FLAGS 1 0 1 0
STATE 2 0 1.88 1.88
GAIT 0 0 1
STEP 394 RESET 0
CMD 0 0 0
W 2.31391308 2.68502039 2.25623496
DQ 1.50420555 2.05004938 2.65949883 3.2663092 3.804593 4.21773747 4.46606689 4.53221247 4.42346315 4.17077909 3.82460131 3.44802481 3.10825887 2.86753066 2.77466305 2.85846667 3.12384053 3.55110897 4.09868464 4.70869718 5.31482569 5.85127496 6.26168053 6.50673737
FILT_W 0.523007317 0.951585406 0.593185727
FILT_DQ -0.984354841 -0.705762054 -0.313680471 0.139679084 0.593812105 0.9881094 1.27006026 1.40235954 1.36795674 1.17236369 0.842908578 0.425037191 -0.0238379599 -0.442108147 -0.77230688 -0.96888773 -1.00438882 -0.873149657 -0.592077271 -0.198357907 0.255575948 0.709142057 1.10180796 1.38128374
FLAGS 1 0 1 0
STATE 2 0 1.9 1.9
GAIT 0 0 1
STEP 395 RESET 0
CMD 0 0 0
W -0.965815038 -0.95331308 -1.7330421
DQ -3.24840434 -2.93125819 -2.55845017 -2.19667954 -1.91115169 -1.75675292 -1.7706218 -1.9671227 -2.33590156 -2.84328735 -3.4368492 -4.05249275 -4.62313497 -5.08778354 -5.3997919 -5.53317262 -5.48611468 -5.28122859 -4.96248615 -4.5892691 -4.22833206 -3.94476758 -3.79319624 -3.81037394
FILT_W 0.374125082 0.761095557 0.360562944
FILT_DQ -1.21075979 -0.928311667 -0.538157442 -0.0939567786 0.343315725 0.713623168 0.965992054 1.06541132 0.997570907 0.770798585 0.4149328 -0.0227158035 -0.483767661 -0.906675686 -1.23505538 -1.42531622 -1.4525614 -1.31395755 -1.02911816 -0.637449026 -0.192814852 0.243751093 0.612307537 0.862117973
FLAGS 1 0 1 0
STATE 2 0 1.92 1.92
GAIT 0 0 1
STEP 396 RESET 0
CMD 0 0 0
W 2.353666 2.66735744 2.19739538
DQ 1.60078068 2.16830431 2.7834283 3.37913994 3.8910539 4.26612645 4.46983473 4.49084921 4.34256712 4.06129917 3.70135512 3.32769312 3.00712802 2.79928823 2.74854534 2.87800859 3.18639717 3.64821358 4.21719457 4.83257266 5.42730076 5.93712665 6.30928921 6.50965944
FILT_W 0.572079174 0.951721745 0.544246188
FILT_DQ -0.929605744 -0.61865007 -0.205998868 0.253352893 0.698089542 1.0688735 1.31637632 1.40795511 1.33207053 1.09984864 0.743575032 0.312325089 -0.134678093 -0.536079294 -0.83669531 -0.994983738 -0.988665546 -0.817740437 -0.504486886 -0.0904468574 0.369196709 0.813088648 1.1820057 1.42687212
FLAGS 1 0 1 0
STATE 2 0 1.94 1.94
GAIT 0 0 1
STEP 397 RESET 0
CMD 0 0 0
W -0.927666319 -0.97295727 -1.79241842
DQ -3.14834345 -2.81138914 -2.43499667 -2.08635045 -1.82887953 -1.71367283 -1.77256449 -2.01382522 -2.42104295 -2.95534412 -3.560655 -4.17129104 -4.72084695 -5.15118436 -5.42030056 -5.50801336 -5.4186927 -5.18066913 -4.84239946 -4.46590836 -4.11839355 -3.86313098 -3.75091068 -3.81316256
FILT_W 0.422104624 0.759253844 0.310579726
FILT_DQ -1.15147951 -0.837923976 -0.428898648 0.0193825594 0.445392635 0.790618863 1.00748224 1.06577707 0.95675918 0.694329368 0.313152029 -0.136036524 -0.593294979 -0.997589801 -1.29505584 -1.4462867 -1.43166826 -1.25403331 -0.938278144 -0.527993007 -0.0795623171 0.345466685 0.688714066 0.902868651
FLAGS 1 0 1 0
STATE 2 0 1.96 1.96
GAIT 0 0 1
STEP 398 RESET 0
CMD 0 0 0
W 2.39016642 2.64575471 2.13755095
DQ 1.70411564 2.28953389 2.90614465 3.48673398 3.96896327 4.30380649 4.46218562 4.43890623 4.2533605 3.94690261 3.57725165 3.21067957 2.91304162 2.74086314 2.73368912 2.90873195 3.25854186 3.75201515 4.33860396 4.95515768 5.53447011 6.01437545 6.34616221 6.50116604
FILT_W 0.618910804 0.947903931 0.493276849
FILT_DQ -0.865919999 -0.525178189 -0.0953943182 0.366117701 0.797749699 1.14193763 1.35295258 1.40308999 1.28641931 1.01958669 0.639561991 0.198635086 -0.242661318 -0.623744507 -0.89218134 -1.01078484 -0.962647249 -0.75342846 -0.410589934 0.0203220616 0.481840925 0.912357562 1.25445888 1.46269839
FLAGS 1 0 1 0
STATE 2 0 1.98 1.98
GAIT 0 0 1
STEP 399 RESET 0
CMD 0 0 0
W -0.892856385 -0.996493565 -1.85266179
DQ -3.04195304 -2.6890555 -2.31327709 -1.9817191 -1.75549777 -1.68147255 -1.78590383 -2.07089877 -2.51412607 -3.07183845 -3.68479357 -4.28627228 -4.8111087 -5.20451011 -5.42947291 -5.47179089 -5.34197794 -5.07384506 -4.71992423 -4.34435841 -4.0142201 -3.79043341 -3.71952826 -3.82734277
FILT_W 0.467734085 0.753464181 0.258682985
FILT_DQ -1.0835233 -0.741565921 -0.317182596 0.131334021 0.542424952 0.859596609 1.03906694 1.05569111 0.906364774 0.610444179 0.207126435 -0.249855651 -0.699506057 -1.08182107 -1.3459105 -1.45688544 -1.40058032 -1.18547012 -0.841523363 -0.416145985 0.0322348231 0.442078464 0.757060166 0.933694274
FLAGS 1 0 1 0
STATE 2 0 2 2
GAIT 0 0 1
STEP 400 RESET 0
CMD 0 0 0
W 2.42324563 2.62031205 2.07697829
DQ 1.81333641 2.41271276 3.02660994 3.58818127 4.03766216 4.3304589 4.44318427 4.37682286 4.15659781 3.82855698 3.4533406 3.09797388 2.82679548 2.69274955 2.73022003 2.9503769 3.33966439 3.86163571 4.46188592 5.07541541 5.63542728 6.08236799 6.37198764 6.48132901
FILT_W 0.66328524 0.940148969 0.440512516
FILT_DQ -0.793837332 -0.426138052 0.0171966576 0.477018746 0.891948672 1.20668284 1.37947867 1.38780429 1.23138808 0.932255459 0.531747851 0.0849273018 -0.346875903 -0.704364005 -0.938297444 -1.01615921 -0.926555847 -0.680759537 -0.311182435 0.133010154 0.592554069 1.00610742 1.31855291 1.48845775
FLAGS 1 0 1 0
STATE 2 0 2.02 2.02
GAIT 0 0 1
STEP 401 RESET 0
CMD 0 0 0
W -0.861546134 -1.02381318 -1.91349374
DQ -2.93013298 -2.56529199 -2.19432095 -1.88367048 -1.69162709 -1.66042441 -1.81052699 -2.13786061 -2.61436362 -3.19178502 -3.80821496 -4.39646399 -4.89315678 -5.24730975 -5.42723138 -5.42481157 -5.25661925 -4.96165992 -4.59609636 -4.22564732 -3.91669279 -3.72728975 -3.69931445 -3.85279464
FILT_W 0.510802103 0.743752754 0.20511189
FILT_DQ -1.0074669 -0.640053446 -0.203955103 0.240949824 0.633591096 0.919972114 1.0604781 1.0352378 0.846812907 0.519851411 0.0977515702 -0.363211827 -0.801503991 -1.15865858 -1.38719084 -1.45702444 -1.35956219 -1.10884958 -0.739673827 -0.302855594 0.141629382 0.5327677 0.816766177 0.954332509
FLAGS 1 0 1 0
STATE 2 0 2.04 2.04
GAIT 0 0 1
STEP 402 RESET 0
CMD 0 0 0
W 2.45275073 2.59114707 2.01595737
DQ 1.9275192 2.53679907 3.14380527 3.68262379 4.0965695 4.34585824 4.41299139 4.30512421 4.05309747 3.70726323 3.33066999 2.9905293 2.74911904 2.65535441 2.73816744 3.0025912 3.42907864 3.9761481 4.58599773 5.1923287 5.72931838 6.14052918 6.38654708 6.45031615
FILT_W 0.704996966 0.928492186 0.386196438
FILT_DQ -0.713968287 -0.322368195 0.130820934 0.58511722 0.979888937 1.26256073 1.39572943 1.36222644 1.16744136 0.838592593 0.421043412 -0.0278377145 -0.446441688 -0.777257281 -0.974655011 -1.01106288 -0.880698105 -0.600349808 -0.207106671 0.246662836 0.700398282 1.09354385 1.37374427 1.50393087
FLAGS 1 0 1 0
STATE 2 0 2.06 2.06
GAIT 0 0 1
STEP 403 RESET 0
CMD 0 0 0
W -0.833880289 -1.05478983 -1.97463309
DQ -2.81382903 -2.4411454 -2.07913437 -1.79303388 -1.63780771 -1.65070644 -1.84622572 -2.21414438 -2.72090778 -3.31416932 -3.92987526 -4.50093413 -4.96629723 -5.27922129 -5.41359493 -5.36747275 -5.16333862 -4.84506255 -4.47196318 -4.11077917 -3.82663653 -3.67423407 -3.69044019 -3.88930289
FILT_W 0.55110924 0.730163984 0.150113485
FILT_DQ -0.923954361 -0.534245915 -0.0901745968 0.347302111 0.718119272 0.97123401 1.07153392 1.00458936 0.778606449 0.423316402 -0.0140484551 -0.475147356 -0.898427242 -1.22745368 -1.418549 -1.44670387 -1.30896216 -1.02482108 -0.633592322 -0.189081365 0.247694801 0.616766055 0.867325822 0.964607496
FLAGS 1 0 1 0
STATE 2 0 2.08 2.08
GAIT 0 0 1
STEP 404 RESET 0
CMD 0 0 0
W 2.47854534 2.55839456 1.95477025
DQ 2.04569825 2.6607433 3.2567394 3.76926272 4.14518706 4.34987428 4.37186234 4.2244167 3.94373489 3.58404729 3.21027738 2.8892546 2.68066932 2.628994 2.7574641 3.06493323 3.52602832 4.09458376 4.70988966 5.3049087 5.81534928 6.1883671 6.38971738 6.40838975
FILT_W 0.743852851 0.912987042 0.330579161
FILT_DQ -0.6269891 -0.214746994 0.244516803 0.689498171 1.06082605 1.30909804 1.40156676 1.32657209 1.09511929 0.739389491 0.308384129 -0.13870716 -0.540517587 -0.841808913 -1.00094769 -0.995540156 -0.825463108 -0.512880599 -0.0992441236 0.360317642 0.804460249 1.17392616 1.41956498 1.50898572
FLAGS 1 0 1 0
STATE 2 0 2.1 2.1
GAIT 0 0 1
STEP 405 RESET 0
CMD 0 0 0
W -0.809986728 -1.08928033 -2.03579725
DQ -2.69402491 -2.31766577 -1.96869162 -1.71057591 -1.59449483 -1.65240084 -1.89269808 -2.29910487 -2.83285741 -3.43795622 -4.04874546 -4.59879911 -5.02991142 -5.29997481 -5.38867888 -5.30025941 -5.06292499 -4.72503916 -4.34857462 -4.0007255 -3.74481301 -3.63171512 -3.69298055 -3.93655874
FILT_W 0.588468893 0.712760305 0.0939415201
FILT_DQ -0.833692681 -0.425038872 0.0231959608 0.449490764 0.795293964 1.01294815 1.07214028 0.964004396 0.702321622 0.32165492 -0.127328831 -0.584716355 -0.98945697 -1.2876255 -1.43972081 -1.42601208 -1.2492093 -0.934096455 -0.524177173 -0.0757866728 0.349532923 0.693362032 0.908310425 0.964431275
FLAGS 1 0 1 0
STATE 2 0 2.12 2.12
GAIT 0 0 1
STEP 406 RESET 0
CMD 0 0 0
W 2.50051024 2.52220592 1.89369974
DQ 2.16687399 2.78349711 3.36445713 3.84736528 4.18310363 4.34247303 4.320145 4.13538297 3.82943506 3.45995131 3.09318106 2.79500638 2.62202525 2.61389128 2.78794681 3.13687568 3.62969344 4.21594096 4.83251381 5.4122032 5.89279232 6.22547713 6.38147173 6.35590442
FILT_W 0.779673027 0.893704866 0.273917342
FILT_DQ -0.533636014 -0.104185274 0.357322078 0.789278215 1.13407493 1.34590064 1.39694075 1.28114225 1.01503297 0.635484559 0.194722159 -0.246744082 -0.628308749 -0.897473825 -1.01695405 -0.969723305 -0.761319023 -0.419092714 0.0114919256 0.473012315 0.903858863 1.24657354 1.45562656 1.50357859
FLAGS 1 0 1 0
STATE 2 0 2.14 2.14
GAIT 0 0 1
STEP 407 RESET 0
CMD 0 0 0
W -0.789975891 -1.12712527 -2.09670351
DQ -2.57173391 -2.19589748 -1.86392681 -1.636994 -1.56205479 -1.66549328 -1.94955099 -2.39202349 -2.94926562 -3.56209873 -4.16382017 -4.68923118 -5.08346131 -5.30939477 -5.35269399 -5.22374005 -4.95622769 -4.6026049 -4.2269743 -3.89641716 -3.67191429 -3.60009253 -3.70691405 -3.9941625
FILT_W 0.622708136 0.691621852 0.0368552573
FILT_DQ -0.737445803 -0.313356494 0.135197189 0.546650993 0.864461959 1.04476125 1.06229157 0.913825679 0.618603107 0.21572623 -0.241132073 -0.690992792 -1.073824 -1.33866592 -1.45052804 -1.39512498 -1.18080989 -0.837443932 -0.412354697 0.0360693667 0.446281548 0.761906934 0.939372495 0.953804481
FLAGS 1 0 1 0
STATE 2 0 2.16 2.16
GAIT 0 0 1
STEP 408 RESET 0
CMD 0 0 0
W 2.51854389 2.48274842 1.83302814
DQ 2.29002152 2.90402225 3.46604737 3.91627086 4.20999851 4.3237171 4.25827679 4.03877606 3.71116473 3.33602491 2.98037144 2.70858178 2.57368284 2.61017399 2.82935775 3.21781008 3.7391972 4.33919326 4.95283303 5.5133047 5.96099249 6.25154539 6.36187987 6.29330411
FILT_W 0.812291711 0.870734509 0.216472545
FILT_DQ -0.434699071 0.00838138022 0.468282208 0.88361298 1.19901561 1.37265683 1.3818901 1.22632072 0.927859269 0.527756098 0.0810182775 -0.351035334 -0.70907332 -0.943781929 -1.02253946 -0.933831474 -0.688809181 -0.319780213 0.124164077 0.5837929 0.997752642 1.31087078 1.48162323 1.48775444
FLAGS 1 0 1 0
STATE 2 0 2.18 2.18
GAIT 0 0 1
STEP 409 RESET 0
CMD 0 0 0
W -0.773940274 -1.16814972 -2.15707033
DQ -2.44799038 -2.07687046 -1.76572605 -1.57291051 -1.54076197 -1.68987301 -2.0163036 -2.49211431 -3.06914784 -3.68554685 -4.27412606 -4.77146546 -5.12649395 -5.30740152 -5.30594461 -5.13856185 -4.84414915 -4.47879532 -4.10819072 -3.79873639 -3.60855696 -3.57963375 -3.73212282 -4.06162694
FILT_W 0.653668512 0.666846086 -0.0208817427
FILT_DQ -0.636028202 -0.200143804 0.244881382 0.63796063 0.925037855 1.06640385 1.04207073 0.854477214 0.528158558 0.106425803 -0.354496156 -0.793078347 -1.15081538 -1.38014389 -1.45087998 -1.35430451 -1.10434318 -0.735681724 -0.299071403 0.145539971 0.537121682 0.821820327 0.960248626 0.932816305
FLAGS 1 0 1 0
STATE 2 0 2.2 2.2
GAIT 0 0 1
STEP 410 RESET 0
CMD 0 0 0
W 2.53256294 2.44020444 1.77303587
DQ 2.41409925 3.02129932 3.56065089 3.97539667 4.22564422 4.29376513 4.18678101 3.93541307 3.58992424 3.21331625 2.87280265 2.63071179 2.53605099 2.61787357 2.88134666 3.30705186 3.85361341 4.46329818 5.06982966 5.60735809 6.01937295 6.2663514 6.3311075 6.22111826
FILT_W 0.841557955 0.844181922 0.158510018
FILT_DQ -0.331015457 0.122000509 0.576458332 0.971704235 1.25509849 1.38913998 1.35654175 1.1625708 0.834335127 0.417114847 -0.0317662758 -0.450699333 -0.782128746 -0.980342142 -1.01765731 -0.888168874 -0.608547519 -0.215783733 0.237818703 0.691721783 1.08534681 1.36627343 1.49733451 1.4616465
FLAGS 1 0 1 0
STATE 2 0 2.22 2.22
GAIT 0 0 1
STEP 411 RESET 0
CMD 0 0 0
W -0.761953996 -1.21216406 -2.2166187
DQ -2.32384095 -1.96159145 -1.67491993 -1.51886747 -1.53079647 -1.72533385 -2.0923913 -2.59853078 -3.1914901 -3.80725645 -4.37873017 -4.84480642 -5.15864539 -5.2940119 -5.24882616 -5.04544527 -4.72763734 -4.3546576 -3.99322856 -3.70850937 -3.55527689 -3.57051183 -3.76839367 -4.13838146
FILT_W 0.68120676 0.638547324 -0.0790028537
FILT_DQ -0.530298006 -0.0863586872 0.351320506 0.722647064 0.976508995 1.07769259 1.01164845 0.786460643 0.431752604 -0.00532228241 -0.466462665 -0.890110042 -1.21978041 -1.41170912 -1.4407742 -1.30389651 -1.0204565 -0.62967112 -0.185286023 0.251698667 0.621284439 0.872594908 0.970761696 0.901643705
FLAGS 1 0 1 0
STATE 2 0 2.24 2.24
GAIT 0 0 1
STEP 412 RESET 0
CMD 0 0 0
W 2.54250259 2.39477063 1.71400023
DQ 2.53805773 3.13433639 3.6474675 4.02424262 4.22990842 4.25287046 4.10626235 3.82616826 3.46673905 3.09286321 2.77138451 2.56205504 2.50944798 2.6369249 2.94347382 3.40384624 3.97197432 4.58720605 5.18251414 5.69356785 6.06743991 6.26976992 6.28941491 6.13995745
FILT_W 0.867336343 0.814169655 0.100297455
FILT_DQ -0.223462433 0.235710821 0.680935206 1.05280662 1.30184894 1.39521038 1.32110984 1.0904314 0.735251249 0.304496267 -0.142677947 -0.544893533 -0.846857571 -1.00684572 -1.0023494 -0.833122239 -0.521213419 -0.107983403 0.351493993 0.795885586 1.16589999 1.41231241 1.50262702 1.42547508
FLAGS 1 0 1 0
STATE 2 0 2.26 2.26
GAIT 0 0 1
STEP 413 RESET 0
CMD 0 0 0
W -0.754072461 -1.25896483 -2.27507337
DQ -2.20033567 -1.85103547 -1.59227649 -1.47532196 -1.53224258 -1.77157585 -2.17717056 -2.71037281 -3.31525762 -3.9261981 -4.47674776 -4.90863372 -5.17964369 -5.26933917 -5.18182173 -4.94517789 -4.60767772 -4.23124172 -3.88306017 -3.62649926 -3.51252472 -3.57280393 -3.8154198 -4.22377686
FILT_W 0.705195462 0.606856207 -0.137239627
FILT_DQ -0.421149757 0.0270361911 0.453614037 0.799993762 1.01843979 1.07853176 0.971281799 0.710350983 0.330200362 -0.11857317 -0.576084929 -0.981267552 -1.28013618 -1.43309506 -1.42029663 -1.2443278 -0.929859849 -0.520309234 -0.0719614237 0.353647101 0.698057515 0.913800776 0.970822335 0.860549885
FLAGS 1 0 1 0
STATE 2 0 2.28 2.28
GAIT 0 0 1
STEP 414 RESET 0
CMD 0 0 0
W 2.5483169 2.346657 1.6561941
DQ 2.66084851 3.24217738 3.72576293 4.06239556 4.22275506 4.20137896 4.01740186 3.71196562 3.34265105 2.97568458 2.67697484 2.50319222 2.49409882 2.66716684 3.01521376 3.5073745 4.09327885 4.70986885 5.28993337 5.77120482 6.10478683 6.26177205 6.23715473 6.05050813
FILT_W 0.889507606 0.780836286 0.0421037458
FILT_DQ -0.11294993 0.34855031 0.780828926 1.12623394 1.33887131 1.39081648 1.27589381 1.01051245 0.631445431 0.190852605 -0.250778952 -0.632821575 -0.902712682 -1.02306887 -0.976745591 -0.769157574 -0.427545979 0.00270857428 0.464228055 0.895402874 1.23873045 1.4485979 1.49745557 1.37954571
FLAGS 1 0 1 0
STATE 2 0 2.3 2.3
GAIT 0 0 1
STEP 415 RESET 0
CMD 0 0 0
W -0.750332099 -1.30833572 -2.33216414
DQ -2.07851916 -1.74613762 -1.51849472 -1.4426423 -1.54508806 -1.8282079 -2.26992429 -2.82669445 -3.43940357 -4.04136579 -4.56734979 -4.96240753 -5.18931124 -5.233592 -5.10549806 -4.83860777 -4.48528491 -4.10959152 -3.77861736 -3.55339968 -3.48066207 -3.58649065 -3.87280347 -4.31709087
FILT_W 0.725523635 0.571919086 -0.195323043
FILT_DQ -0.309506853 0.139081517 0.550896561 0.869346317 1.05047538 1.06891404 0.921311995 0.626791758 0.224360531 -0.232369234 -0.682436035 -1.06578017 -1.33137254 -1.44412118 -1.38962084 -1.17610259 -0.833319872 -0.408521435 0.0399435134 0.450522618 0.766791195 0.945089048 0.96042967 0.809882052
FLAGS 1 0 1 0
STATE 2 0 2.32 2.32
GAIT 0 0 1
STEP 416 RESET 0
CMD 0 0 0
W 2.54997899 2.29608592 1.59988468
DQ 2.78143303 3.34391017 3.79487494 4.0895328 4.20424463 4.13972617 3.92095111 3.59377108 3.2187098 2.86277147 2.59037214 2.4546212 2.49013334 2.7083436 3.09595969 3.61676101 4.216501 4.83024909 5.39117879 5.83961235 6.13109781 6.24242543 6.17476897 5.95352686
FILT_W 0.907969171 0.744335769 -0.0158022704
FILT_DQ -0.000412864934 0.459564383 0.875294399 1.19136497 1.3658523 1.37599525 1.22127591 0.92348969 0.523795457 0.0771448366 -0.355155218 -0.713740034 -0.94922195 -1.02887471 -0.941062785 -0.696816233 -0.328337785 0.115355617 0.575067041 0.989431591 1.30322186 1.47482269 1.4818636 1.32424653
FLAGS 1 0 1 0
STATE 2 0 2.34 2.34
GAIT 0 0 1
STEP 417 RESET 0
CMD 0 0 0
W -0.750750198 -1.36004852 -2.38762713
DQ -1.95942175 -1.64778512 -1.45419869 -1.42110489 -1.56922427 -1.894751 -2.36986799 -2.94651184 -3.56287792 -4.15178543 -4.64976994 -5.00567301 -5.18756627 -5.18707275 -5.0205007 -4.72663629 -4.36149412 -3.99073592 -3.68078351 -3.48982893 -3.45995841 -3.61145624 -3.94005933 -4.41753423
FILT_W 0.742097234 0.533897341 -0.252984756
FILT_DQ -0.196313753 0.248829432 0.642345091 0.930117979 1.07234464 1.04892063 0.862161517 0.536489538 0.115128119 -0.345748191 -0.78461669 -1.14293333 -1.37305638 -1.44469451 -1.34900658 -1.09979824 -0.731653419 -0.295253537 0.149481986 0.54150554 0.82690383 0.966194794 0.939671307 0.750068457
FLAGS 1 0 1 0
STATE 2 0 2.36 2.36
GAIT 0 0 1
STEP 418 RESET 0
CMD 0 0 0
W 2.54748118 2.24329117 1.54533223
DQ 2.89879137 3.4386743 3.85421898 4.10542481 4.1745337 4.06843353 3.8177259 3.47258434 3.09596357 2.7550789 2.5123089 2.41675279 2.49758507 2.76010692 3.18502866 3.73108058 4.34059854 4.94732859 5.48539409 5.89821184 6.14615033 6.2118937 6.10278531 5.84983391
FILT_W 0.922635629 0.704836724 -0.0731530578
FILT_DQ 0.113196759 0.567813919 0.963532479 1.24764866 1.38256355 1.35087192 1.15771796 0.830099018 0.413211665 -0.0356654811 -0.454924131 -0.786964719 -0.985992236 -1.02421437 -0.895603052 -0.616710356 -0.224428223 0.229004675 0.683073196 1.07717617 1.35882848 1.49076468 1.45598271 1.260045
FLAGS 1 0 1 0
STATE 2 0 2.38 2.38
GAIT 0 0 1
STEP 419 RESET 0
CMD 0 0 0
W -0.755324827 -1.4138642 -2.44120598
DQ -1.84405076 -1.55680984 -1.39993219 -1.4108919 -1.60444707 -1.97064234 -2.47615634 -3.06881156 -3.68463633 -4.2565231 -4.72331111 -5.03806423 -5.17442354 -5.13017488 -4.92754855 -4.61021049 -4.23735237 -3.87568022 -3.5903861 -3.43632468 -3.45058887 -3.64748953 -4.01661852 -4.52425738
FILT_W 0.754839583 0.492966631 -0.30995835
FILT_DQ -0.0825279925 0.355351543 0.727186012 0.981794606 1.08386249 1.01872049 0.794330526 0.44020796 0.0034268657 -0.457751243 -0.881762828 -1.21207467 -1.40483537 -1.43481042 -1.2987976 -1.01606037 -0.625720638 -0.181463814 0.255727266 0.625826085 0.877886745 0.976939262 0.908722585 0.681614764
FLAGS 1 0 1 0
STATE 2 0 2.4 2.4
GAIT 0 0 1
STEP 420 RESET 0
CMD 0 0 0
W 2.54083502 2.18851676 1.49278891
DQ 3.01193093 3.52566826 3.90329311 4.10993717 4.13387357 3.98810405 3.7085993 3.34943038 2.97545058 2.65351774 2.44344539 2.38990729 2.51639099 2.82201897 3.28166733 3.84936628 4.46452186 5.06011708 5.57178237 5.94650765 6.14981707 6.17043508 6.02181257 5.74030633
FILT_W 0.933439127 0.662521644 -0.129683624
FILT_DQ 0.226917899 0.672383215 1.04479672 1.29460886 1.3888636 1.31565885 1.0857574 0.731130202 0.300629237 -0.146624344 -0.549242006 -0.851876474 -1.01271273 -1.00912748 -0.840751108 -0.529517705 -0.116696388 0.342694276 0.787332776 1.15789424 1.40507978 1.49628884 1.42003158 1.18748392
FLAGS 1 0 1 0
STATE 2 0 2.42 2.42
GAIT 0 0 1
STEP 421 RESET 0
CMD 0 0 0
W -0.764034839 -1.46953403 -2.49265304
DQ -1.73338201 -1.47398126 -1.35615423 -1.41208971 -1.65045853 -2.05524001 -2.58789033 -3.19255919 -3.80364895 -4.3546929 -4.78735127 -5.05930722 -5.14999421 -5.06337964 -4.82742781 -4.49031513 -4.11390966 -3.76539755 -3.50818972 -3.39333947 -3.45263269 -3.69428576 -4.1018335 -4.63635767
FILT_W 0.76369173 0.449316077 -0.365980565
FILT_DQ 0.0308879086 0.457746768 0.804701627 1.023939 1.08493138 0.978568963 0.71839263 0.338761263 -0.109798581 -0.5674312 -0.973052932 -1.27261955 -1.42644088 -1.4145527 -1.23941878 -0.925597447 -0.516417715 -0.0681149069 0.357780527 0.70277087 0.91930853 0.977231383 0.867845075 0.605099761
FLAGS 1 0 1 0
STATE 2 0 2.44 2.44
GAIT 0 0 1
STEP 422 RESET 0
CMD 0 0 0
W 2.53007122 2.13201587 1.44249759
DQ 3.11989475 3.60415624 3.94168228 4.10303172 4.08260813 3.89941716 3.5944943 3.22535086 2.85819012 2.55894699 2.38436406 2.37431175 2.54639204 2.89355609 3.38505833 3.97061766 4.58722281 5.16766061 5.64961296 5.98409131 6.14206701 6.11840024 5.93253563 5.6258705
FILT_W 0.94032968 0.617586056 -0.18513275
FILT_DQ 0.339788592 0.772387715 1.11839969 1.33184828 1.38469906 1.27065378 1.0060028 0.627420223 0.187000289 -0.254793381 -0.637311233 -0.907926418 -1.02915759 -0.983741817 -0.776971068 -0.435975936 -0.00605366226 0.455462645 0.88696377 1.23090291 1.44158438 1.49134827 1.37431413 1.10717683
FLAGS 1 0 1 0
STATE 2 0 2.46 2.46
GAIT 0 0 1
STEP 423 RESET 0
CMD 0 0 0
W -0.776839976 -1.52680067 -2.5417305
DQ -1.62835153 -1.39999993 -1.32323508 -1.42468819 -1.70686949 -2.1478285 -2.70412492 -3.31670809 -3.91890917 -4.44546452 -4.84134878 -5.0692223 -5.11448492 -4.98725197 -4.7209853 -4.36796427 -3.99221006 -3.66082069 -3.43488958 -3.36123688 -3.46607259 -3.75144912 -4.19498352 -4.75288694
FILT_W 0.768612714 0.403147384 -0.420792525
FILT_DQ 0.14297458 0.555148951 0.874236214 1.05619463 1.0755422 0.928805554 0.634990025 0.233007392 -0.223590657 -0.673860495 -1.05771499 -1.32405601 -1.43769032 -1.38409283 -1.17137249 -0.82917477 -0.404669302 0.0438343115 0.454778435 0.771688934 0.950818682 0.967068531 0.817384365 0.521170457
FLAGS 1 0 1 0
STATE 2 0 2.48 2.48
GAIT 0 0 1
STEP 424 RESET 0
CMD 0 0 0
W 2.51523955 2.07404967 1.39469072
DQ 3.22176967 3.6734744 3.96906177 4.08476687 4.02117099 3.80312297 3.47637602 3.10139525 2.74517398 2.47216653 2.33556461 2.37009809 2.58733446 2.97411324 3.49432716 4.09380915 4.70766358 5.26904956 5.71822757 6.01064491 6.12296571 6.0562293 5.83570959 5.50749432
FILT_W 0.943275397 0.570237612 -0.239244201
FILT_DQ 0.450854089 0.866981496 1.18371877 1.35905185 1.37010508 1.2162373 0.919128624 0.519846178 0.0732858065 -0.359257793 -0.718387028 -0.954640596 -1.03518784 -0.948272226 -0.704802526 -0.336876377 0.106563986 0.566355836 0.981123349 1.29558453 1.46803338 1.47598461 1.31921689 1.01980284
FLAGS 1 0 1 0
STATE 2 0 2.5 2.5
GAIT 0 0 1
STEP 425 RESET 0
CMD 0 0 0
W -0.79368105 -1.58539943 -2.58821152
DQ -1.52984768 -1.3354916 -1.30145317 -1.44858078 -1.77320283 -2.24762468 -2.823877 -3.44020818 -4.02944212 -4.52807022 -4.88484692 -5.06772562 -5.06819598 -4.90243578 -4.60912132 -4.24419276 -3.87328293 -3.56283415 -3.37110566 -3.34028844 -3.49079489 -3.81849611 -4.29528072 -4.87285959
FILT_W 0.769579753 0.354673907 -0.474140932
FILT_DQ 0.252783912 0.646734186 0.935201576 1.07828859 1.05577429 0.869851098 0.544828062 0.123840742 -0.336986987 -0.776139035 -1.13503302 -1.3659491 -1.43848866 -1.34368858 -1.0952344 -0.727608016 -0.291420705 0.153436838 0.545900448 0.831997235 0.972150557 0.946536536 0.757767126 0.4305366
FLAGS 1 0 1 0
STATE 2 0 2.52 2.52
GAIT 0 0 1
STEP 426 RESET 0
CMD 0 0 0
W 2.49640854 2.01488608 1.34958927
DQ 3.31669405 3.73303643 3.98520002 4.0552971 3.95008179 3.70003593 3.3552435 2.97861196 2.63735806 2.39391036 2.2974598 2.37730195 2.63887197 3.06300904 3.60854963 4.21789882 4.82482548 5.36342638 5.77704586 6.02594388 6.09267472 5.9844481 5.73215342 5.38617902
FILT_W 0.942262632 0.520695124 -0.291767912
FILT_DQ 0.559174926 0.95536441 1.24020142 1.37598944 1.34520504 1.15286958 0.825869605 0.409317863 -0.0395524818 -0.459134095 -0.791783735 -0.991623994 -1.03075259 -0.903018819 -0.624856001 -0.233057333 0.220203913 0.674435792 1.06901499 1.3513919 1.48420297 1.45032769 1.25520576 0.926100842
FLAGS 1 0 1 0
STATE 2 0 2.54 2.54
GAIT 0 0 1
STEP 427 RESET 0
CMD 0 0 0
W -0.814480217 -1.64505946 -2.63188125
DQ -1.43870361 -1.28100188 -1.29099273 -1.48356539 -1.84889749 -2.35378447 -2.9461337 -3.56201491 -4.13431291 -4.6018113 -4.91747779 -5.05482984 -5.01151893 -4.80964843 -4.49278201 -4.12004747 -3.75813414 -3.47226671 -3.31737744 -3.33067131 -3.52659049 -3.89485967 -4.40187678 -4.99526088
FILT_W 0.766588347 0.304119666 -0.525779246
FILT_DQ 0.359387073 0.731727782 0.987082005 1.09003396 1.02579479 0.802204176 0.448669275 0.012184586 -0.449028525 -0.873401816 -1.20435314 -1.39794458 -1.42882923 -1.29368178 -1.0116486 -0.621756346 -0.177629892 0.259765542 0.630375746 0.883185579 0.983123627 0.915808956 0.689497502 0.333964669
FLAGS 1 0 1 0
STATE 2 0 2.56 2.56
GAIT 0 0 1
STEP 428 RESET 0
CMD 0 0 0
W 2.47366526 1.95479857 1.30740173
DQ 3.40386499 3.78233856 3.98996052 4.01487166 3.86994181 3.59102797 3.23212128 2.85803949 2.53565427 2.32484037 2.27037192 2.39586238 2.70056866 3.15949163 3.72675965 4.34183709 4.93771755 5.44999284 5.82557033 6.02985882 6.05145025 5.90366376 5.62274299 5.26295069
FILT_W 0.937296038 0.469187557 -0.342461148
FILT_DQ 0.663834865 1.03678886 1.28736986 1.38251773 1.31020949 1.08108656 0.727014475 0.296770077 -0.150560246 -0.553577597 -0.856880635 -1.01856388 -1.01588944 -0.84836444 -0.537807777 -0.125397003 0.333904853 0.778788272 1.1498952 1.3978529 1.48995629 1.41459444 1.18282205 0.826863272
FLAGS 1 0 1 0
STATE 2 0 2.58 2.58
GAIT 0 0 1
STEP 429 RESET 0
CMD 0 0 0
W -0.839141339 -1.70550499 -2.67253785
DQ -1.35569021 -1.23699164 -1.29194224 -1.52934613 -1.93331325 -2.46540998 -3.06986096 -3.68109802 -4.23263454 -4.66606407 -4.93896538 -5.03064402 -4.94493314 -4.70967473 -4.37295138 -3.99657842 -3.64773762 -3.38988439 -3.27415937 -3.33246685 -3.57315662 -3.97989389 -4.51387011 -5.11905554
FILT_W 0.7596523 0.251718302 -0.575468818
FILT_DQ 0.461882357 0.809410809 1.02943865 1.09133134 0.985857216 0.726436903 0.347326932 -0.101016733 -0.558767675 -0.964826243 -1.26508911 -1.4197719 -1.40879381 -1.23449547 -0.921322137 -0.512515145 -0.0642593952 0.361921006 0.707489747 0.924820927 0.983644998 0.875145604 0.613152835 0.232271391
FLAGS 1 0 1 0
STATE 2 0 2.6 2.6
GAIT 0 0 1
STEP 430 RESET 0
CMD 0 0 0
W 2.44711481 1.89406489 1.26832308
DQ 3.48254522 3.82096379 3.98330301 3.96383248 3.78142886 3.47702108 3.10805073 2.74069766 2.44092282 2.26554076 2.25453007 2.42562241 2.7719027 3.26274494 3.84795738 4.4645757 5.04538494 5.52801674 5.86339057 6.0223566 5.99964097 5.81455955 5.5084037 5.13885161
FILT_W 0.928398551 0.415952961 -0.391089629
FILT_DQ 0.763948644 1.11056611 1.32482508 1.37858146 1.26541438 1.00149532 0.623399312 0.183154706 -0.258798625 -0.641789543 -0.913127192 -1.03523247 -0.990724157 -0.784771429 -0.444394185 -0.01480606 0.446705039 0.878530579 1.22307983 1.4345745 1.48524459 1.369087 1.10267792 0.722929412
FLAGS 1 0 1 0
STATE 2 0 2.62 2.62
GAIT 0 0 1
STEP 431 RESET 0
CMD 0 0 0
W -0.867550426 -1.76645663 -2.70999338
DQ -1.28150962 -1.20383313 -1.30429366 -1.58553578 -2.02573611 -2.58155706 -3.1940123 -3.79645032 -4.3235754 -4.72028507 -4.94912797 -4.99537273 -4.86900178 -4.60336026 -4.25064295 -3.87482992 -3.54302713 -3.31638398 -3.24181698 -3.34565987 -3.63009944 -4.07287956 -4.63031346 -5.24319651
FILT_W 0.748803653 0.197712002 -0.622980004
FILT_DQ 0.559402818 0.879126183 1.06191321 1.08216973 0.936299331 0.643190082 0.241658151 -0.214805796 -0.665276302 -1.04963909 -1.31672727 -1.43124649 -1.37855192 -1.16663031 -0.825019062 -0.400808446 0.0477318218 0.459039124 0.776590149 0.956551059 0.973710192 0.824890343 0.529378784 0.12631682
FLAGS 1 0 1 0
STATE 2 0 2.64 2.64
GAIT 0 0 1
STEP 432 RESET 0
CMD 0 0 0
W 2.41687992 1.83296575 1.23253395
DQ 3.55206924 3.84858543 3.96528381 3.90261124 3.68529161 3.35897953 2.98408126 2.62757895 2.35396495 2.21651309 2.25006825 2.46633033 2.85227073 3.37189565 3.97111773 4.58507652 5.14691701 5.59683816 5.89018669 6.00350069 5.93768509 5.71788914 5.39010264 5.01493139
FILT_W 0.915611279 0.361237377 -0.437428608
FILT_DQ 0.85866946 1.17607211 1.35225027 1.36421388 1.21119856 0.914769027 0.515900462 0.0694326782 -0.363352177 -0.723023877 -0.960047718 -1.04148881 -0.955469654 -0.712777716 -0.345405382 0.097780051 0.557650341 0.972819027 1.2879498 1.46124602 1.47010768 1.31419022 1.01545117 0.615178278
FLAGS 1 0 1 0
STATE 2 0 2.66 2.66
GAIT 0 0 1
STEP 433 RESET 0
CMD 0 0 0
W -0.899576167 -1.82763264 -2.74407473
DQ -1.21678925 -1.1818068 -1.32794253 -1.65165908 -2.12538437 -2.70124335 -3.31753764 -3.90709614 -4.4063663 -4.76401569 -4.94787959 -4.9493143 -4.78436709 -4.49160423 -4.12689122 -3.75583171 -3.4448883 -3.25238714 -3.22062382 -3.37013878 -3.69693731 -4.1730302 -4.75022195 -5.3666338
FILT_W 0.734092535 0.142350375 -0.66809322
FILT_DQ 0.651123589 0.940284216 1.08423099 1.06262659 0.877540266 0.553167789 0.132556652 -0.328220203 -0.767653589 -1.12712306 -1.35883091 -1.43227136 -1.3383594 -1.09066037 -0.723553966 -0.287581126 0.157396477 0.55029841 0.837092441 0.978107542 0.953403182 0.765468181 0.438883858 0.0169970703
FLAGS 1 0 1 0
STATE 2 0 2.68 2.68
GAIT 0 0 1
STEP 434 RESET 0
CMD 0 0 0
W 2.38310034 1.77178357 1.20019978
DQ 3.61184903 3.86496985 3.93605531 3.83172577 3.58234317 3.23790172 2.86126138 2.51964011 2.27551617 2.17817202 2.25702419 2.51764183 2.94099301 3.48602057 4.09519902 4.70232035 5.24145499 5.65587501 5.90573205 5.97345057 5.86610663 5.61447015 5.2688404 4.89223817
FILT_W 0.898993316 0.305293694 -0.48126392
FILT_DQ 0.947196133 1.23275278 1.36941342 1.33953651 1.14802056 0.821641182 0.405427125 -0.043434172 -0.463336613 -0.79659355 -0.997245396 -1.03728004 -0.910424157 -0.632992273 -0.241678668 0.211409022 0.665802328 1.06085607 1.3439564 1.47764185 1.44467353 1.25036838 0.921879512 0.504521181
FLAGS 1 0 1 0
STATE 2 0 2.7 2.7
GAIT 0 0 1
STEP 435 RESET 0
CMD 0 0 0
W -0.93507053 -1.88875027 -2.77462435
DQ -1.16207652 -1.17109896 -1.36268882 -1.72715676 -2.23141519 -2.82345653 -3.4393922 -4.01209963 -4.480307 -4.79688608 -4.9352308 -4.89285829 -4.69174492 -4.37535187 -4.00274289 -3.6405903 -3.35415119 -3.19843518 -3.21075915 -3.40569653 -3.77310492 -4.27949873 -4.87258139 -5.48832337
FILT_W 0.715586931 0.0858892974 -0.710599963
FILT_DQ 0.736268867 0.992367606 1.0962032 1.03286718 0.810076981 0.457131411 0.0209451922 -0.440300718 -0.865033653 -1.1966228 -1.39104394 -1.42283787 -1.28855623 -1.00722823 -0.61778509 -0.17379091 0.263806976 0.634926945 0.888484847 0.989308007 0.922895683 0.697381667 0.342433422 -0.0947632744
FLAGS 1 0 1 0
STATE 2 0 2.72 2.72
GAIT 0 0 1
STEP 436 RESET 0
CMD 0 0 0
W 2.34593222 1.71080114 1.17147001
DQ 3.66137895 3.86997847 3.89586473 3.7517756 3.47345429 3.11481172 2.74062993 2.4177941 2.20623998 2.15084186 2.27533907 2.57912291 3.03731912 3.60415442 4.21915175 4.81531555 5.32819927 5.70462795 5.90989517 5.93246041 5.78551101 5.50517732 5.14564262 4.77180969
FILT_W 0.87862146 0.248380482 -0.522392966
FILT_DQ 1.02877988 1.28012869 1.37616935 1.30475802 1.07641471 0.722899442 0.292913666 -0.154491237 -0.55790629 -0.861876337 -1.02440564 -1.02264179 -0.855968698 -0.546089967 -0.134091406 0.325119736 0.770246205 1.14189704 1.39062588 1.48362325 1.40915722 1.17816123 0.822754342 0.391894022
FLAGS 1 0 1 0
STATE 2 0 2.74 2.74
GAIT 0 0 1
STEP 437 RESET 0
CMD 0 0 0
W -0.973869454 -1.94952701 -2.80150105
DQ -1.11783418 -1.17180016 -1.40823865 -1.81139027 -2.34293176 -2.94716292 -3.55854533 -4.11057269 -4.54477212 -4.8186182 -4.91128858 -4.82648221 -4.59191866 -4.25558645 -3.879248 -3.53008039 -3.27158326 -3.15498441 -3.2123064 -3.45203239 -3.85795804 -4.39138465 -4.99635686 -5.60723598
FILT_W 0.693372368 0.0285897328 -0.750303774
FILT_DQ 0.81411847 1.03493581 1.09772855 0.993143191 0.734480064 0.355893205 -0.0922322339 -0.550099382 -0.956592873 -1.25755052 -1.41309393 -1.40302583 -1.22956369 -0.917039616 -0.508607065 -0.0604002767 0.366063259 0.712208899 0.930332651 0.990057684 0.88244569 0.621206644 0.240843222 -0.208018977
FLAGS 1 0 1 0
STATE 2 0 2.76 2.76
GAIT 0 0 1
STEP 438 RESET 0
CMD 0 0 0
W 2.30554734 1.65030034 1.14647745
DQ 3.7002401 3.86356893 3.84505201 3.66343696 3.35954595 2.99075065 2.6232072 2.32290233 2.14672232 2.13475376 2.30485797 2.65025357 3.14043433 3.72529803 4.34192753 4.92310638 5.40641616 5.74268462 5.90264082 5.88087689 5.6965799 5.39093503 5.02155132 4.65466454
FILT_W 0.854589866 0.190760794 -0.560625652
FILT_DQ 1.10273063 1.31779912 1.3724609 1.26017257 0.996986653 0.61937895 0.17931171 -0.262799211 -0.646261353 -0.918320094 -1.04129874 -0.99769789 -0.792563892 -0.452805851 -0.0235536052 0.437950389 0.87009855 1.21525647 1.42756347 1.4791396 1.36385911 1.09817948 0.718914031 0.278249374
FLAGS 1 0 1 0
STATE 2 0 2.78 2.78
GAIT 0 0 1
STEP 439 RESET 0
CMD 0 0 0
W -1.0157936 -2.00968193 -2.82458059
DQ -1.08443645 -1.18390447 -1.46420676 -1.90364715 -2.45899087 -3.07131621 -3.67398924 -4.20168241 -4.59921639 -4.82902824 -4.87625545 -4.75074747 -4.48573265 -4.13332095 -3.75745107 -3.42523668 -3.19788287 -3.12240234 -3.22525248 -3.50875443 -3.95077898 -4.50774161 -5.12050147 -5.72236584
FILT_W 0.667551519 -0.0292834784 -0.787021145
FILT_DQ 0.884013925 1.06762876 1.08879413 0.943790597 0.6513889 0.250309434 -0.206018385 -0.656687531 -1.04155686 -1.30939091 -1.42479441 -1.37300285 -1.16188077 -0.820857361 -0.396943352 0.0516316818 0.463300408 0.78149059 0.962281873 0.9803502 0.832395302 0.537587374 0.13497248 -0.321812147
FLAGS 1 0 1 0
STATE 2 0 2.8 2.8
GAIT 0 0 1
STEP 440 RESET 0
CMD 0 0 0
W 2.26213238 1.59056083 1.12533761
DQ 3.72810377 3.84579544 3.78404693 3.56745702 3.2415816 2.86676781 2.50998636 2.2357674 2.09746661 2.1300438 2.34533122 2.73043217 3.24946649 3.84842675 4.46248792 5.02478115 5.47544412 5.76972315 5.88403038 5.81913632 5.6000655 5.27270957 4.89761605 4.54179353
FILT_W 0.827009605 0.132700952 -0.59578527
FILT_DQ 1.16842291 1.34544543 1.35831941 1.20615724 0.910408171 0.511955271 0.0655820899 -0.367442038 -0.727654509 -0.965447438 -1.04778185 -0.962659346 -0.720746042 -0.35392895 0.0889997755 0.548946629 0.964514779 1.28031385 1.45445672 1.46422881 1.30916232 1.01109959 0.611236837 0.16454842
FLAGS 1 0 1 0
STATE 2 0 2.82 2.82
GAIT 0 0 1
STEP 441 RESET 0
CMD 0 0 0
W -1.06064919 -2.06893699 -2.84375629
DQ -1.06216579 -1.20730953 -1.53011976 -2.00314708 -2.57861089 -3.19486631 -3.78474748 -4.2846582 -4.64317933 -4.82802816 -4.8304277 -4.66629463 -4.37408502 -4.0095895 -3.63838228 -3.32694594 -3.13367338 -3.10096456 -3.2494879 -3.57538291 -4.05078266 -4.62758546 -5.2439652 -5.8327392
FILT_W 0.638243726 -0.0874628422 -0.820582372
FILT_DQ 0.945364039 1.09016993 1.06947549 0.885226807 0.561506264 0.141273113 -0.319450867 -0.759163654 -1.11920699 -1.35170551 -1.42604643 -1.33302287 -1.08607994 -0.719495005 -0.28373843 0.161357372 0.554695963 0.842186005 0.984062262 0.96026764 0.773167823 0.447231088 0.0257166334 -0.435180342
FLAGS 1 0 1 0
STATE 2 0 2.84 2.84
GAIT 0 0 1
STEP 442 RESET 0
CMD 0 0 0
W 2.21588802 1.53185872 1.10814821
DQ 3.7447343 3.81680834 3.71336545 3.46464759 3.12055898 2.74391185 2.40192504 2.15712631 2.05888945 2.1367518 2.3964165 2.81898057 3.3634934 3.97249916 4.57981322 5.1194799 5.53469929 5.78551483 5.85422125 5.7477609 5.49678411 5.15150087 4.77488507 4.43415133
FILT_W 0.796008155 0.0744693135 -0.627709315
FILT_DQ 1.22530106 1.36283377 1.33386449 1.14316889 0.817411536 0.401536986 -0.0473132764 -0.467534658 -0.801397347 -1.00285978 -1.04380014 -0.917822529 -0.641122605 -0.250295588 0.202616735 0.657169625 1.0526963 1.33651889 1.47107816 1.43901697 1.24552945 0.917658066 0.500633477 0.0517528248
FLAGS 1 0 1 0
STATE 2 0 2.86 2.86
GAIT 0 0 1
STEP 443 RESET 0
CMD 0 0 0
W -1.10822888 -2.1270183 -2.85893953
DQ -1.05121058 -1.24181736 -1.60542017 -2.10904851 -2.70078007 -3.31676822 -3.88988327 -4.35879823 -4.6762891 -4.81562642 -4.77419296 -4.573838 -4.25792007 -3.88543862 -3.5230487 -3.23603953 -3.07949788 -3.09085238 -3.28480768 -3.65135428 -4.15712325 -4.74990257 -5.36570378 -5.93742252
FILT_W 0.605584451 -0.145679448 -0.850832336
FILT_DQ 0.997649901 1.10236866 1.03993602 0.817947147 0.465592375 0.0297064662 -0.431570275 -0.856661015 -1.18888652 -1.38413644 -1.41683942 -1.28342408 -1.00280235 -0.613809891 -0.169949808 0.267848709 0.639476878 0.893781761 0.995489577 0.929979842 0.705264183 0.350902002 -0.0860002491 -0.547164709
FLAGS 1 0 1 0
STATE 2 0 2.88 2.88
GAIT 0 0 1
STEP 444 RESET 0
CMD 0 0 0
W 2.16702799 1.47446534 1.09498869
DQ 3.74999102 3.77685278 3.63360542 3.35587823 2.99750171 2.62322189 2.29993721 2.08764419 2.03131712 2.15482105 2.45768173 2.91514983 3.48155062 4.09646586 4.69291108 5.20640166 5.5836805 5.78992611 5.81346556 5.66735432 5.38760931 5.02833413 4.65439644 4.33264838
FILT_W 0.761728805 0.0163350314 -0.656250233
FILT_DQ 1.27288401 1.36981707 1.29930296 1.07174025 0.718783309 0.289058008 -0.158419527 -0.562230494 -0.866866158 -1.03024069 -1.02938731 -0.863566686 -0.554367054 -0.142782317 0.31633628 0.761704005 1.13389724 1.3833962 1.47728718 1.40371729 1.1734987 0.818645215 0.38803942 -0.0591834004
FLAGS 1 0 1 0
STATE 2 0 2.9 2.9
GAIT 0 0 1
STEP 445 RESET 0
CMD 0 0 0
W -1.15831276 -2.18365739 -2.87006011
DQ -1.05166347 -1.2871361 -1.68947108 -2.2204557 -2.8244651 -3.43599089 -3.98850736 -4.42347543 -4.69826566 -4.7919279 -4.70802686 -4.47415958 -4.13822034 -3.76191838 -3.41242583 -3.15328632 -3.03581459 -3.09215133 -3.33091307 -3.73602596 -4.2689013 -4.87365836 -5.48468755 -6.03553036
FILT_W 0.569724648 -0.203664211 -0.877631221
FILT_DQ 1.04042926 1.10412176 1.00042556 0.74252066 0.364458468 -0.0834468815 -0.54142831 -0.948354988 -1.25000611 -1.40640941 -1.39725126 -1.22462598 -0.912752383 -0.504695923 -0.056539931 0.370204972 0.716926058 0.935841443 0.996467151 0.889742965 0.629258695 0.249414857 -0.199233277 -0.656818097
FLAGS 1 0 1 0
STATE 2 0 2.92 2.92
GAIT 0 0 1
STEP 446 RESET 0
CMD 0 0 0
W 2.11577815 1.418646 1.08591989
DQ 3.74382947 3.72626673 3.54544144 3.24206891 2.8734506 2.50571873 2.20488551 2.02790874 2.01498284 2.1840987 2.52860872 3.01812653 3.60263962 4.21927832 4.80082492 5.28481125 5.62197346 5.78291967 5.76210801 5.57859667 5.27346448 4.9042511 4.53716926 4.23814319
FILT_W 0.724329998 -0.0414331897 -0.68127611
FILT_DQ 1.31076929 1.36633625 1.25492715 0.992475484 0.615357681 0.17546968 -0.266796928 -0.650728615 -0.923507213 -1.0473586 -1.00466526 -0.800350725 -0.461213183 -0.0322984987 0.429196554 0.8616656 1.2074308 1.42054927 1.47303124 1.35862834 1.09367927 0.714898481 0.274406976 -0.167321967
FLAGS 1 0 1 0
STATE 2 0 2.94 2.94
GAIT 0 0 1
STEP 447 RESET 0
CMD 0 0 0
W -1.21066933 -2.23859247 -2.87706664
DQ -1.06352063 -1.34288245 -1.7815616 -2.33642637 -2.94861984 -3.55152594 -4.07978559 -4.47814276 -4.70892312 -4.75713306 -4.63248903 -4.36810246 -4.01599826 -3.64007352 -3.30744933 -3.07938625 -3.00299298 -3.10485043 -3.38741412 -3.8286818 -4.38517141 -4.99780612 -5.59991014 -6.12623294
FILT_W 0.530830065 -0.261149118 -0.900855163
FILT_DQ 1.07334029 1.09541438 0.951278272 0.659585299 0.258959929 -0.197229882 -0.648095794 -1.03347003 -1.3020488 -1.41833605 -1.36744764 -1.1571259 -0.816691691 -0.393076001 0.0555319655 0.467560415 0.78638842 0.968009297 0.986986701 0.839897322 0.545794206 0.143628021 -0.313024735 -0.763213065
FLAGS 1 0 1 0
STATE 2 0 2.96 2.96
GAIT 0 0 1
STEP 448 RESET 0
CMD 0 0 0
W 2.06237538 1.36465869 1.08098373
DQ 3.72630178 3.66547803 3.44961921 3.12418223 2.74945489 2.39239622 2.11757387 1.97842519 2.01002475 2.22433712 2.60859758 3.1270397 3.72573621 4.3398978 4.902642 5.35404546 5.64925429 5.76455478 5.700583 5.48223866 5.15531508 4.78030127 4.42419503 4.1514351
FILT_W 0.683984596 -0.0985683368 -0.702671274
FILT_DQ 1.33863644 1.35242075 1.20111237 0.906044992 0.508009425 0.0617327279 -0.371528828 -0.732280507 -0.970841448 -1.05406873 -0.96984312 -0.728709339 -0.362448901 0.0802213788 0.540242969 0.956208919 1.27267501 1.44766384 1.45834633 1.30413146 1.00674629 0.607295346 0.160697241 -0.271748248
FLAGS 1 0 1 0
STATE 2 0 2.98 2.98
GAIT 0 0 1
STEP 449 RESET 0
CMD 0 0 0
W -1.26505658 -2.29156961 -2.87992674
DQ -1.08668178 -1.40858489 -1.88091282 -2.45597964 -3.07219419 -3.66239616 -4.16294592 -4.52233784 -4.70817134 -4.71153618 -4.54821838 -4.25656367 -3.89228758 -3.52093461 -3.20900708 -3.01496436 -2.98131066 -3.12884227 -3.45383294 -3.92853812 -4.50495015 -5.12129579 -5.71039699 -6.2087631
FILT_W 0.489080479 -0.317868464 -0.920396821
FILT_DQ 1.09610462 1.07632018 0.892909847 0.569842528 0.149989063 -0.310680161 -0.750670537 -1.11128624 -1.34457444 -1.41981548 -1.32768065 -1.08149477 -0.715432768 -0.27989422 0.165317963 0.559091591 0.84727644 0.990013233 0.967128404 0.780864497 0.455576649 0.0344362327 -0.426412182 -0.865449733
FLAGS 1 0 1 0
STATE 2 0 3 3
GAIT 0 0 1
STEP 450 RESET 0
CMD 0 0 0
W 2.00706652 1.31275296 1.08020301
DQ 3.69755618 3.59500085 3.3469492 3.00321529 2.62656333 2.28421284 2.03874078 1.93961208 2.01648479 2.27519598 2.69697174 3.24096814 3.84979926 4.45730409 4.99750114 5.41351872 5.66529224 5.73498676 5.6294109 5.37909529 5.03416041 4.65753302 4.3164293 4.07325749
FILT_W 0.640879082 -0.154806322 -0.720336837
FILT_DQ 1.35624978 1.32818825 1.13831378 0.813179804 0.39764649 -0.0511908612 -0.471729405 -0.806196408 -1.00846851 -1.05031433 -0.925215407 -0.649248481 -0.258909566 0.193825611 0.648536281 1.0445343 1.32907802 1.46451059 1.43335665 1.24068758 0.913435025 0.496745911 0.047871967 -0.371579011
FLAGS 1 0 1 0
STATE 2 0 3.02 3.02
GAIT 0 0 1
STEP 451 RESET 0
CMD 0 0 0
W -1.32122312 -2.34234394 -2.87862717
DQ -1.12095101 -1.48368771 -1.98668442 -2.57810433 -3.19414296 -3.76766382 -4.23728498 -4.55568686 -4.69601669 -4.65552294 -4.45592766 -4.1404866 -3.76813464 -3.40550933 -3.11793172 -2.96056555 -2.97095101 -3.16392392 -3.52960775 -4.03475033 -4.62722443 -5.24308289 -5.8152136 -6.28242278
FILT_W 0.444668862 -0.373560084 -0.936165871
FILT_DQ 1.1085297 1.04700065 0.825813962 0.474051391 0.0384675447 -0.422838157 -0.848284962 -1.18114545 -1.37722333 -1.41083519 -1.27828663 -0.998372292 -0.609832074 -0.166107883 0.271889481 0.644024319 0.899075117 1.00166713 0.937060213 0.713143786 0.35936908 -0.0772369687 -0.538436589 -0.962663388
FLAGS 1 0 1 0
STATE 2 0 3.04 3.04
GAIT 0 0 1
STEP 452 RESET 0
CMD 0 0 0
W 1.95010722 1.26316872 1.08358135
DQ 3.65783581 3.51543127 3.23829978 2.88019123 2.50581535 2.18208361 1.96905302 1.9117977 2.03430833 2.33624511 2.79298375 3.35894825 3.97377942 4.57050416 5.08460003 5.462728 5.66995166 5.6944657 5.54919368 5.27003894 4.9110252 4.53698472 4.21478356 4.00427158
FILT_W 0.595212698 -0.209887204 -0.734191148
FILT_DQ 1.36346031 1.29384372 1.06706254 0.714665374 0.285202325 -0.16234598 -0.566551164 -0.871851137 -1.03607017 -1.03612716 -0.871159594 -0.562640238 -0.151470925 0.307553321 0.753160536 1.12589469 1.37616277 1.47094699 1.39827356 1.1688333 0.814534692 0.3841852 -0.0631145742 -0.465969892
FLAGS 1 0 1 0
STATE 2 0 3.06 3.06
GAIT 0 0 1
STEP 453 RESET 0
CMD 0 0 0
W -1.37890934 -2.39068077 -2.87317396
DQ -1.16603848 -1.5675557 -2.09798179 -2.7017675 -3.3134347 -3.86643855 -4.30217401 -4.57790776 -4.67256197 -4.58956708 -4.35639749 -4.02085304 -3.64458955 -3.29477395 -3.03499357 -2.91664991 -2.97200166 -3.20979867 -3.61409765 -4.14642008 -4.75096005 -5.36213735 -5.91347343 -6.34658898
FILT_W 0.397800494 -0.42796656 -0.948089429
FILT_DQ 1.11051043 1.00770377 0.750558111 0.373022087 -0.0746613774 -0.532755237 -0.940113449 -1.2424568 -1.39971935 -1.39147115 -1.21968338 -0.908461518 -0.500782787 -0.0526794057 0.374345125 0.721640228 0.941346328 1.00287242 0.897036439 0.637307963 0.257985218 -0.190447054 -0.648150459 -1.0540318
FLAGS 1 0 1 0
STATE 2 0 3.08 3.08
GAIT 0 0 1
STEP 454 RESET 0
CMD 0 0 0
W 1.89176076 1.21613516 1.09110314
DQ 3.60747662 3.42744231 3.12458993 2.75615058 2.38823223 2.08687235 1.9091 1.89521729 2.06334461 2.40696816 2.89582153 3.47998215 4.09662807 4.67854057 5.16320199 5.50125709 5.66319315 5.64333432 5.46060984 5.15599204 4.78695094 4.41967598 4.12011753 3.94506085
FILT_W 0.54719652 -0.263556388 -0.744170172
FILT_DQ 1.36020705 1.24967763 0.987961293 0.611334937 0.171627984 -0.270792479 -0.655192104 -0.928689391 -1.05341295 -1.01162722 -0.808132892 -0.469617151 -0.0410417021 0.420442592 0.853230812 1.19960191 1.41353101 1.46691861 1.35339378 1.08917637 0.71088179 0.270565249 -0.171323661 -0.554122535
FLAGS 1 0 1 0
STATE 2 0 3.1 3.1
GAIT 0 0 1
STEP 455 RESET 0
CMD 0 0 0
W -1.4378486 -2.43635668 -2.8635923
DQ -1.22156284 -1.6594795 -2.21386356 -2.8259232 -3.42906043 -3.95788492 -4.35706417 -4.5888126 -4.63800556 -4.51422647 -4.25046967 -3.89867486 -3.52269725 -3.18966507 -2.96089411 -2.88358888 -2.98445373 -3.26607849 -3.70658803 -4.26260287 -4.87511045 -5.47745219 -6.00434539 -6.40071896
FILT_W 0.348692008 -0.480836417 -0.956112385
FILT_DQ 1.10203006 0.958761915 0.667778807 0.267609123 -0.188440858 -0.639501723 -1.02537931 -1.29470171 -1.41187221 -1.36188715 -1.15236657 -0.812522922 -0.389207256 0.0594318262 0.471818319 0.791282835 0.973732537 0.993618904 0.847395598 0.553998447 0.152282566 -0.304236495 -0.754625834 -1.13878218
FLAGS 1 0 1 0
STATE 2 0 3.12 3.12
GAIT 0 0 1
STEP 456 RESET 0
CMD 0 0 0
W 1.83229682 1.17186969 1.1027336
DQ 3.54690456 3.33177816 3.0067814 2.6321425 2.2748085 1.99938434 1.85938882 1.8900111 2.10334805 2.48676694 3.00461527 3.60304613 4.21730615 4.78049955 5.23264218 5.52878011 5.64507388 5.58202511 5.36440861 5.03791917 4.66298705 4.306599 4.03323189 3.89612612
FILT_W 0.49705249 -0.315565806 -0.750227786
FILT_DQ 1.34651751 1.19606354 0.901679067 0.504062461 0.0578840781 -0.375613117 -0.736902498 -0.97623043 -1.06035019 -0.977021738 -0.736668386 -0.370966017 0.071444084 0.531538598 0.947900706 1.26503256 1.44086667 1.45245952 1.2990969 1.00239052 0.603353015 0.156847054 -0.275840062 -0.635291348
FLAGS 1 0 1 0
STATE 2 0 3.14 3.14
GAIT 0 0 1
STEP 457 RESET 0
CMD 0 0 0
W -1.49776847 -2.47916054 -2.84992648
DQ -1.28705446 -1.7586816 -2.33334961 -2.94952131 -3.5400422 -4.04122947 -4.40149121 -4.58830913 -4.59263974 -4.43013834 -4.13904017 -3.77498544 -3.4034887 -3.09107171 -2.89626009 -2.86166211 -3.00820188 -3.33228738 -3.80629659 -4.38231601 -4.99862557 -5.58805209 -6.08706089 -6.44435491
FILT_W 0.297570394 -0.53192528 -0.960197655
FILT_DQ 1.08316031 0.900589026 0.578176199 0.158704083 -0.301908549 -0.742174752 -1.10336137 -1.3374383 -1.41357914 -1.3223334 -1.07690556 -0.71136796 -0.276049194 0.169277568 0.563484627 0.852363095 0.995959815 0.973984834 0.78855755 0.463919866 0.0431551563 -0.41764286 -0.856962144 -1.2161977
FLAGS 1 0 1 0
STATE 2 0 3.16 3.16
GAIT 0 0 1
STEP 458 RESET 0
CMD 0 0 0
W 1.77199028 1.13057691 1.11841898
DQ 3.47663194 3.22924798 2.88587062 2.50921583 2.1665035 1.92035958 1.82033992 1.89622316 2.15398028 2.57496652 3.1184448 3.72709931 4.33479296 4.87551871 5.2923333 5.54506426 5.61574708 5.51105662 5.26140366 4.91681901 4.54018202 4.19871018 3.95486152 3.85788127
FILT_W 0.445012382 -0.365675061 -0.752335992
FILT_DQ 1.32250748 1.13345492 0.808945641 0.393755258 -0.0550673441 -0.475921318 -0.81099124 -1.01407215 -1.0568232 -0.932603406 -0.657370529 -0.267521233 0.185035021 0.639901682 1.03636949 1.32163321 1.45793854 1.42769201 1.23584216 0.90920978 0.492857843 0.0439924438 -0.375779778 -0.708789807
FLAGS 1 0 1 0
STATE 2 0 3.18 3.18
GAIT 0 0 1
STEP 459 RESET 0
CMD 0 0 0
W -1.55839199 -2.51889451 -2.83223967
DQ -1.3619594 -1.86432295 -2.45542932 -3.07151645 -3.6454413 -4.11576726 -4.43507935 -4.57640163 -4.53684821 -4.33801391 -4.02305145 -3.65083096 -3.28797218 -2.99982777 -2.84163817 -2.85105503 -3.04304527 -3.40786534 -3.91238 -4.50454698 -5.12046071 -5.69300158 -6.16092031 -6.47712774
FILT_W 0.244671946 -0.580997006 -0.96032636
FILT_DQ 1.05406079 0.833677134 0.482508145 0.0472280869 -0.41410474 -0.839905913 -1.17340005 -1.3703051 -1.4048257 -1.27314446 -0.99393862 -0.605852205 -0.162265698 0.275928737 0.648568727 0.904364386 1.00784016 0.944136277 0.721019946 0.367834104 -0.068474012 -0.529706959 -0.954293831 -1.2856236
FLAGS 1 0 1 0
STATE 2 0 3.2 3.2
GAIT 0 0 1
STEP 460 RESET 0
CMD 0 0 0
W 1.71111986 1.09244769 1.13808677
DQ 3.39725314 3.12071895 2.76288026 2.38841031 2.06423328 1.85046645 1.79228359 1.91380092 2.21481307 2.6708209 3.23634733 3.85109244 4.4480948 4.96279439 5.34177045 5.54997181 5.57546081 5.43102909 5.15246622 4.79371583 4.41957454 4.09692205 3.8856693 3.83064979
FILT_W 0.391316737 -0.413652537 -0.750485046
FILT_DQ 1.28838002 1.06238131 0.710545357 0.281346309 -0.166270938 -0.570868677 -0.876831688 -1.0418945 -1.04286182 -0.87874792 -0.570910025 -0.160157741 0.298770352 0.744615302 1.1178889 1.36892513 1.46460223 1.39282556 1.16416457 0.810422277 0.380330843 -0.0670440578 -0.470297519 -0.773996262
FLAGS 1 0 1 0
STATE 2 0 3.22 3.22
GAIT 0 0 1
STEP 461 RESET 0
CMD 0 0 0
W -1.61943894 -2.55537493 -2.81061363
DQ -1.44564413 -1.97551005 -2.57907013 -3.19087678 -3.74436628 -4.18086786 -4.45754451 -4.55319079 -4.47110286 -4.23863237 -3.90348454 -3.52726151 -3.17712472 -2.916705 -2.79749036 -2.85185738 -3.08868918 -3.49217313 -4.023941 -4.62826193 -5.23958537 -5.791413 -6.22529896 -6.49876027
FILT_W 0.19024117 -0.627824776 -0.956497904
FILT_DQ 1.01497761 0.758592178 0.381583809 -0.0658759997 -0.524080472 -0.931868595 -1.23490297 -1.39302413 -1.38568593 -1.21473636 -0.904167477 -0.496868117 -0.0488191555 0.378483272 0.726350974 0.946846878 1.00927308 0.904325689 0.645354017 0.266553856 -0.181660778 -0.639480952 -1.04579766 -1.34647266
FLAGS 1 0 1 0
STATE 2 0 3.24 3.24
GAIT 0 0 1
STEP 462 RESET 0
CMD 0 0 0
W 1.64996694 1.05765825 1.16164607
DQ 3.30943954 3.00710902 2.63885058 2.2707477 1.96886284 1.79029611 1.77545713 1.94259572 2.28533189 2.77351935 3.35732565 3.97397679 4.55625336 5.0415884 5.38053552 5.54346126 5.52455582 5.3426194 5.03851769 4.66965084 4.30218471 4.00209554 3.82624043 3.81466199
FILT_W 0.336213747 -0.459276473 -0.744683507
FILT_DQ 1.2444238 0.983443862 0.607310485 0.167786371 -0.274786141 -0.659652125 -0.933866961 -1.05946214 -1.01858414 -0.815910793 -0.478018164 -0.0497836269 0.411688096 0.844793784 1.19176943 1.40650832 1.46080136 1.34815506 1.08467038 0.706863555 0.26672377 -0.175323303 -0.558593853 -0.830359197
FLAGS 1 0 1 0
STATE 2 0 3.26 3.26
GAIT 0 0 1
STEP 463 RESET 0
CMD 0 0 0
W -1.68062714 -2.58843317 -2.7851483
DQ -1.53740083 -2.09130246 -2.70322629 -3.30659274 -3.83598042 -4.23598064 -4.46869668 -4.51887295 -4.39595977 -4.13283429 -3.78135075 -3.40532224 -3.07188389 -2.84240645 -2.76419005 -2.86406236 -3.14474756 -3.58449767 -4.140036 -4.75241449 -5.35499202 -5.88245398 -6.27965231 -6.50906952
FILT_W 0.134529658 -0.672192142 -0.948729986
FILT_DQ 0.966241338 0.67596923 0.276256808 -0.17965154 -0.630905569 -1.01728498 -1.28734993 -1.40540323 -1.35632171 -1.14760314 -0.808351423 -0.385337488 0.0633308973 0.476073761 0.79617348 0.979451248 1.00024647 0.854889788 0.562199745 0.160935751 -0.295447808 -0.74603637 -1.1306997 -1.39823023
FLAGS 1 0 1 0
STATE 2 0 3.28 3.28
GAIT 0 0 1
STEP 464 RESET 0
CMD 0 0 0
W 1.58881417 1.02636942 1.18898799
DQ 3.21393387 2.8893791 2.51483061 2.15722321 1.88119882 1.74035748 1.77000285 1.982364 2.36494028 2.88219323 3.48035652 4.09471299 4.65835382 5.1112343 5.40830061 5.52558767 5.46346266 5.24657534 4.92052183 4.54567338 4.18900542 3.9150327 3.77707759 3.8100531
FILT_W 0.279958109 -0.502335986 -0.734958189
FILT_DQ 1.19101059 0.897310218 0.500114189 0.0540359353 -0.37969513 -0.74152073 -0.981614654 -1.0666265 -0.984195508 -0.744623505 -0.379480629 0.0626675596 0.522833189 0.939589814 1.25738619 1.43406489 1.44656809 1.29405834 0.998031954 0.599409514 0.152997514 -0.279929463 -0.63992197 -0.877401896
FLAGS 1 0 1 0
STATE 2 0 3.3 3.3
GAIT 0 0 1
STEP 465 RESET 0
CMD 0 0 0
W -1.74167379 -2.61791643 -2.75596141
DQ -1.63645342 -2.2107208 -2.82684768 -3.41768559 -3.91950885 -4.28063946 -4.46844153 -4.47373836 -4.31205449 -4.02151452 -3.65768309 -3.28604453 -2.97313981 -2.77756054 -2.74201891 -2.88756674 -3.21074626 -3.68405807 -4.25968307 -4.87595456 -5.46570452 -5.96535449 -6.32352064 -6.50796829
FILT_W 0.0777949196 -0.71389403 -0.937058511
FILT_DQ 0.90826419 0.586507116 0.167418002 -0.293136217 -0.733676502 -1.0954326 -1.33029734 -1.40733769 -1.31698141 -1.07231261 -0.707300875 -0.272203649 0.17323589 0.567874779 0.857445683 1.00190173 0.980836651 0.796246702 0.472260451 0.0518731068 -0.408872689 -0.848471966 -1.20828184 -1.44045854
FLAGS 1 0 1 0
STATE 2 0 3.32 3.32
GAIT 0 0 1
STEP 466 RESET 0
CMD 0 0 0
W 1.52794422 0.998725807 1.21998613
DQ 3.11154392 2.76852497 2.39186934 2.04879702 1.8019827 1.70107295 1.77596689 2.03276941 2.45296492 2.99592338 3.60439933 4.21227986 4.75353262 5.17114302 5.4248309 5.49650222 5.39269805 5.14370923 4.79947667 4.42283206 4.08099393 3.8364699 3.73859658 3.81686211
FILT_W 0.222809849 -0.542632047 -0.721354047
FILT_DQ 1.12859216 0.804708901 0.389863136 -0.0589428935 -0.480110582 -0.815782048 -1.01967092 -1.06332698 -0.939986774 -0.665489008 -0.276130854 0.176244702 0.631265562 1.0282016 1.3141842 1.45136178 1.42202279 1.23099295 0.904982073 0.488969003 0.0401139732 -0.37997778 -0.713593995 -0.914726471
FLAGS 1 0 1 0
STATE 2 0 3.34 3.34
GAIT 0 0 1
STEP 467 RESET 0
CMD 0 0 0
W -1.8022967 -2.64368844 -2.72318785
DQ -1.74196411 -2.33275504 -2.9488887 -3.52321572 -3.99424508 -4.31446659 -4.45678121 -4.41816877 -4.22009671 -3.9056146 -3.53352755 -3.17043723 -2.88172765 -2.72271575 -2.73116446 -2.92217173 -3.28612707 -3.79001225 -4.38187023 -4.99783724 -5.57078647 -6.03941336 -6.35653291 -6.49546591
FILT_W 0.0202991947 -0.752737685 -0.921537427
FILT_DQ 0.841536535 0.490962507 0.0559879521 -0.405370176 -0.831524032 -1.1656505 -1.36338195 -1.39881116 -1.26799777 -0.989501567 -0.601870524 -0.158423492 0.279966241 0.653109868 0.909649338 1.01400843 0.951207805 0.728892434 0.376296843 -0.0597116216 -0.520976071 -0.945921338 -1.27788789 -1.47280041
FLAGS 1 0 1 0
STATE 2 0 3.36 3.36
GAIT 0 0 1
STEP 468 RESET 0
CMD 0 0 0
W 1.46763843 0.974855194 1.25449722
DQ 3.00313571 2.64556881 2.27100676 1.94638621 1.73188448 1.67277479 1.79329881 2.09338561 2.54866129 3.11374786 3.72840494 4.32568301 4.84098473 5.22080786 5.42998656 5.45645091 5.31286053 5.03489113 4.67640601 4.30216588 3.97906383 3.76707163 3.71112289 3.83503142
FILT_W 0.165033118 -0.579978398 -0.703933963
FILT_DQ 1.05769645 0.706423137 0.277489833 -0.170194538 -0.575183181 -0.881807973 -1.04771387 -1.04959148 -0.886331861 -0.579176624 -0.168842977 0.289987159 0.736068089 1.10987967 1.36168306 1.45825267 1.38737308 1.1594923 0.806307759 0.376476129 -0.0709720812 -0.474622041 -0.77898681 -0.942017231
FLAGS 1 0 1 0
STATE 2 0 3.38 3.38
GAIT 0 0 1
STEP 469 RESET 0
CMD 0 0 0
W -1.86221566 -2.66563006 -2.68697911
DQ -1.85304049 -2.456373 -3.06831713 -3.62229055 -4.05955699 -4.33717592 -4.43381436 -4.35263419 -4.12086421 -3.78611482 -3.40993423 -3.05947815 -2.7984206 -2.67833594 -2.73171849 -2.96758463 -3.3702524 -3.90146405 -4.50556402 -5.11703164 -5.66934908 -6.1040042 -6.37840991 -6.47166811
FILT_W -0.0376917592 -0.788543564 -0.902238478
FILT_DQ 0.766622759 0.390143523 -0.0570908642 -0.515404139 -0.923620562 -1.22734477 -1.38632392 -1.37989575 -1.2097851 -0.899870444 -0.492952103 -0.0449593721 0.38261922 0.731058106 0.952342905 1.01566894 0.91161053 0.653396668 0.275120581 -0.172874649 -0.630809781 -1.03756026 -1.33892912 -1.49498232
FLAGS 1 0 1 0
STATE 2 0 3.4 3.4
GAIT 0 0 1
STEP 470 RESET 0
CMD 0 0 0
W 1.40817556 0.954867913 1.29236174
DQ 2.88962616 2.52155058 2.15326513 1.85085697 1.67149705 1.65570234 1.82185201 2.16369992 2.65121999 3.23467012 3.85132449 4.43396327 4.91997048 5.25980874 5.42372399 5.4057725 5.22462536 4.92104142 4.55235078 4.18469543 3.88407722 3.70742487 3.69488887 3.86440736
FILT_W 0.106894972 -0.614202416 -0.682778456
FILT_DQ 0.978923098 0.603284228 0.163944736 -0.278778028 -0.6641088 -0.939040056 -1.06550633 -1.02553619 -0.823684587 -0.486416388 -0.058524443 0.402932893 0.836354346 1.18393317 1.39948101 1.4546793 1.34291201 1.08016114 0.702843601 0.262882359 -0.179321081 -0.563061744 -0.83554732 -0.959043351
FLAGS 1 0 1 0
STATE 2 0 3.42 3.42
GAIT 0 0 1
STEP 471 RESET 0
CMD 0 0 0
W -1.92115371 -2.68363989 -2.64750257
DQ -1.96874307 -2.58052912 -3.18412285 -3.7140721 -4.11489217 -4.34857537 -4.39973523 -4.27768892 -4.01519629 -3.66402591 -3.28794849 -2.95410578 -2.72392326 -2.64479649 -2.74367634 -3.02342133 -3.46241073 -4.01747081 -4.62971823 -5.23252962 -5.76055872 -6.1585807 -6.38896659 -6.43677618
FILT_W -0.0959098956 -0.821146164 -0.879250867
FILT_DQ 0.684156482 0.284902893 -0.170862023 -0.622307435 -1.00918714 -1.27999359 -1.39892922 -1.35075146 -1.14283576 -0.80417734 -0.381466848 0.0672290251 0.480326586 0.801060204 0.985165278 1.00686924 0.862379739 0.570397948 0.169587418 -0.286658839 -0.737444844 -1.12261364 -1.39088925 -1.50681663
FLAGS 1 0 1 0
STATE 2 0 3.44 3.44
GAIT 0 0 1
STEP 472 RESET 0
CMD 0 0 0
W 1.34983045 0.938856351 1.33340468
DQ 2.77197533 2.39751923 2.03964033 1.76301729 1.62133119 1.65 1.86138498 2.2431176 2.75977358 3.35766738 3.97211833 4.53620482 4.9898218 5.2878158 5.40609616 5.34489563 5.12873884 4.80312305 4.42836025 4.07141428 3.79683753 3.65803411 3.69003186 3.90474146
FILT_W 0.0486641391 -0.645145913 -0.657985312
FILT_DQ 0.892938367 0.496164527 0.0501882123 -0.383774962 -0.746135304 -0.986994229 -1.0728978 -0.991364553 -0.752574824 -0.387992868 0.0538916701 0.514126604 0.931276107 1.24973576 1.42725837 1.44067188 1.28901565 0.993670458 0.595464702 0.149148473 -0.284016607 -0.644548865 -0.882797137 -0.965660825
FLAGS 1 0 1 0
STATE 2 0 3.46 3.46
GAIT 0 0 1
STEP 473 RESET 0
CMD 0 0 0
W -1.97883843 -2.69763468 -2.60494068
DQ -2.08809323 -2.70417329 -3.29532636 -3.79778407 -4.15978259 -4.34856853 -4.35483205 -4.19396684 -3.9039867 -3.54038051 -3.1686021 -2.85521137 -2.65886573 -2.62238107 -2.76693685 -3.08920958 -3.56182257 -4.13705133 -4.75328276 -5.34335428 -5.84364391 -6.20268124 -6.38811367 -6.39108524
FILT_W -0.154086118 -0.850394789 -0.852680849
FILT_DQ 0.594835207 0.176130745 -0.284363245 -0.725175873 -1.08750003 -1.32315166 -1.40109122 -1.31162478 -1.06771601 -0.703231632 -0.268357707 0.177192806 0.572261924 0.862524081 1.00783884 0.987683731 0.803931827 0.48059828 0.060589955 -0.400101803 -0.839979338 -1.2003621 -1.43332879 -1.50820327
FLAGS 1 0 1 0
STATE 2 0 3.48 3.48
GAIT 0 0 1
STEP 474 RESET 0
CMD 0 0 0
W 1.29287279 0.926894516 1.37743632
DQ 2.65117833 2.27452383 1.93109339 1.68361012 1.58181118 1.65571601 1.91156336 2.33096695 2.8734039 3.48169934 4.08976479 4.63154287 5.0499479 5.30459216 5.37725217 5.2743352 5.02601199 4.68213337 4.30548314 3.96328057 3.71808261 3.61931709 3.69659291 3.95569257
FILT_W -0.00939022649 -0.672665859 -0.629669131
FILT_DQ 0.800469519 0.385970054 -0.0628175815 -0.484297274 -0.820568911 -1.02526489 -1.06982576 -0.947365609 -0.673604021 -0.284738535 0.167454543 0.622627813 1.02003052 1.30673089 1.44478018 1.41634888 1.22613984 0.900751789 0.485079273 0.036236434 -0.384173143 -0.718394182 -0.92033662 -0.961813683
FLAGS 1 0 1 0
STATE 2 0 3.5 3.5
GAIT 0 0 1
STEP 475 RESET 0
CMD 0 0 0
W -2.03500319 -2.70754974 -2.55949018
DQ -2.21008151 -2.82625971 -3.40098709 -3.87271844 -4.19384857 -4.33715545 -4.29948462 -4.10217608 -3.78817605 -3.4162244 -3.05290448 -2.76363137 -2.60379827 -2.61127927 -2.8013033 -3.16439292 -3.66764711 -4.2591942 -4.8752125 -5.44856827 -5.91790194 -6.23593282 -6.37585836 -6.33498174
FILT_W -0.211951522 -0.876154247 -0.822651236
FILT_DQ 0.499414415 0.0647470775 -0.396634532 -0.82313939 -1.15789688 -1.35645395 -1.39279165 -1.26284666 -0.985061224 -0.597887122 -0.15458136 0.284001894 0.657647642 0.914929872 1.02017183 0.958274697 0.736761148 0.38475719 -0.0509499045 -0.512244037 -0.937546023 -1.27014805 -1.46588879 -1.49913049
FLAGS 1 0 1 0
STATE 2 0 3.52 3.52
GAIT 0 0 1
STEP 476 RESET 0
CMD 0 0 0
W 1.23756586 0.919037699 1.42425315
DQ 2.52825685 2.15360468 1.8285424 1.6133071 1.5532713 1.67280201 1.97196274 2.42650493 2.99114986 3.60571693 4.2032688 4.71917106 5.09984022 5.30999591 5.33743598 5.194688 4.91731366 4.55909572 4.18475873 3.86120889 3.64847858 3.5916013 3.71451655 4.01682976
FILT_W -0.0669997845 -0.696635052 -0.597960797
FILT_DQ 0.702298659 0.273632838 -0.174116839 -0.579494742 -0.886780059 -1.05352835 -1.05631621 -0.893911497 -0.587440116 -0.177526717 0.281203656 0.727518811 1.1018669 1.35443648 1.45189825 1.38191603 1.1548164 0.802191043 0.372620959 -0.0748987443 -0.478943562 -0.783973111 -0.94784826 -0.947534464
FLAGS 1 0 1 0
STATE 2 0 3.54 3.54
GAIT 0 0 1
STEP 477 RESET 0
CMD 0 0 0
W -2.08938837 -2.71333923 -2.51136114
DQ -2.33367613 -2.94575578 -3.50021137 -3.9382414 -4.21680197 -4.31443267 -4.23416108 -4.00309301 -3.66874388 -3.29260772 -2.94183422 -2.68014037 -2.55918665 -2.611585 -2.846485 -3.24833547 -3.77898927 -4.38286633 -4.99447617 -5.54728169 -5.98270471 -6.25805419 -6.35230432 -6.26894021
FILT_W -0.269238643 -0.89830547 -0.789300832
FILT_DQ 0.39870118 -0.0483060237 -0.506726293 -0.915369407 -1.21978225 -1.37961878 -1.3741007 -1.20482965 -0.895570492 -0.489034817 -0.0411001316 0.386752893 0.735761545 0.957834328 1.02205992 0.918890878 0.661435833 0.283685306 -0.164088753 -0.622137039 -1.02931968 -1.33138122 -1.48829387 -1.47967504
FLAGS 1 0 1 0
STATE 2 0 3.56 3.56
GAIT 0 0 1
STEP 478 RESET 0
CMD 0 0 0
W 1.18416528 0.915322215 1.47363876
DQ 2.40425057 2.03578451 1.73285474 1.55270283 1.53595293 1.70111349 2.04207225 2.52892347 3.11201557 3.72867119 4.31167034 4.79834824 5.13907677 5.30398135 5.28698436 5.1066277 4.80356323 4.43505075 4.06720813 3.76606257 3.58861416 3.57512114 3.74365116 4.08763592
FILT_W -0.123898251 -0.716942702 -0.563006873
FILT_DQ 0.599256119 0.16010303 -0.282768189 -0.668562183 -0.944208732 -1.07154556 -1.0324834 -0.831454336 -0.494811886 -0.0672642161 0.394176915 0.827912428 1.17609307 1.39244903 1.44855236 1.33766456 1.07564857 0.69882185 0.259040935 -0.183317078 -0.567526293 -0.840730984 -0.965099363 -0.922943943
FLAGS 1 0 1 0
STATE 2 0 3.58 3.58
GAIT 0 0 1
STEP 479 RESET 0
CMD 0 0 0
W -2.14174261 -2.71497641 -2.46077605
DQ -2.45783172 -3.06165079 -3.59215996 -3.99379875 -4.22844867 -4.28059238 -4.15941393 -3.89755567 -3.54670034 -3.170576 -2.83633074 -2.60544453 -2.52540818 -2.62329566 -2.90209981 -3.34032722 -3.89490731 -4.5070217 -5.11006501 -5.63865961 -6.03750413 -6.26885827 -6.31765077 -6.19351923
FILT_W -0.325682687 -0.916746073 -0.75278379
FILT_DQ 0.293547335 -0.162072352 -0.613707366 -1.00108584 -1.27263273 -1.39245024 -1.34517646 -1.13806447 -0.800000732 -0.377595394 0.0711261498 0.484576732 0.805942942 0.990874561 1.01348715 0.869865382 0.578592985 0.178237496 -0.27786966 -0.728851331 -1.11452408 -1.38354371 -1.5003545 -1.45000147
FLAGS 1 0 1 0
STATE 2 0 3.6 3.6
GAIT 0 0 1
STEP 480 RESET 0
CMD 0 0 0
W 1.13291789 0.915765238 1.52536488
DQ 2.28020834 1.92205985 1.64483975 1.50230993 1.53000255 1.740411 2.12129891 2.63735633 3.23497874 3.84952219 4.41405255 4.86840471 5.16732568 5.28659935 5.22632402 5.01089911 4.68572281 4.31104765 3.95382558 3.67864637 3.53899568 3.57001601 3.78375034 4.16751216
FILT_W -0.179822629 -0.733494941 -0.524968924
FILT_DQ 0.492213435 0.0463408679 -0.387852654 -0.750746263 -0.992369198 -1.07916412 -0.998528919 -0.76052239 -0.396502785 0.0451163644 0.50541879 0.92295953 1.24208122 1.42044704 1.43477083 1.28396876 0.989305968 0.591518511 0.145299863 -0.288101561 -0.649172101 -0.88818774 -0.97194402 -0.888250108
FLAGS 1 0 1 0
STATE 2 0 3.62 3.62
GAIT 0 0 1
STEP 481 RESET 0
CMD 0 0 0
W -2.19182391 -2.7124537 -2.40796869
DQ -2.58149817 -3.1729645 -3.67605515 -4.03892059 -4.22869014 -4.2359208 -4.07587538 -3.78645671 -3.42307768 -3.05116139 -2.7372864 -2.54017564 -2.50274858 -2.64631222 -2.96767734 -3.43959011 -4.0144208 -4.63061019 -5.2210014 -5.72192916 -6.0818367 -6.26825366 -6.2721908 -6.10935671
FILT_W -0.381022757 -0.931390817 -0.713268901
FILT_DQ 0.184842275 -0.275589669 -0.716672904 -1.0795637 -1.31600129 -1.39483978 -1.30626356 -1.06311582 -0.699160275 -0.264511412 0.181148271 0.576646013 0.867598238 1.01377111 0.994526018 0.811612868 0.488933291 0.0693056403 -0.391330262 -0.831484321 -1.19243856 -1.42619433 -1.5019687 -1.41036077
FLAGS 1 0 1 0
STATE 2 0 3.64 3.64
GAIT 0 0 1
STEP 482 RESET 0
CMD 0 0 0
W 1.08406057 0.920364722 1.57919242
DQ 2.15717931 1.81339259 1.56524186 1.4625546 1.5354705 1.79036215 2.20897261 2.75088636 3.35899934 3.96724776 4.50954948 4.92874794 5.18434804 5.25799694 5.15596804 4.90831192 4.5647891 4.18813522 3.84557006 3.59969965 3.50004281 3.57632908 3.83447491 4.25578291
FILT_W -0.234514424 -0.746215263 -0.484022769
FILT_DQ 0.382075978 -0.0666914433 -0.488481427 -0.825351866 -1.03085411 -1.07631959 -0.954739946 -0.681715604 -0.293344313 0.158664505 0.613988391 1.01185621 1.29927322 1.4381937 1.41067022 1.22128277 0.896518872 0.481188599 0.0323597703 -0.388365924 -0.723190424 -0.92594199 -0.968324337 -0.843746401
FLAGS 1 0 1 0
STATE 2 0 3.66 3.66
GAIT 0 0 1
STEP 483 RESET 0
CMD 0 0 0
W -2.23940078 -2.70578276 -2.35318318
DQ -2.70362949 -3.27875541 -3.75118735 -4.07322529 -4.21752434 -4.18079576 -3.984252 -3.67073579 -3.29892152 -2.93537392 -2.64553892 -2.48488574 -2.49139948 -2.68043998 -3.04266292 -3.54528457 -4.13651889 -4.7525865 -5.32634701 -5.79638604 -6.11532745 -6.25624547 -6.21630893 -6.0171645
FILT_W -0.43500306 -0.942172013 -0.67093881
FILT_DQ 0.0735054311 -0.38789784 -0.81475202 -1.15013921 -1.34952114 -1.38676721 -1.25769115 -0.980617623 -0.593902033 -0.150739338 0.28803566 0.662182011 0.920205947 1.02633033 0.965336906 0.744626039 0.393215096 -0.0421889116 -0.503510907 -0.929167936 -1.26240413 -1.45897234 -1.4931228 -1.36108821
FLAGS 1 0 1 0
STATE 2 0 3.68 3.68
GAIT 0 0 1
STEP 484 RESET 0
CMD 0 0 0
W 1.03781915 0.929099404 1.63487258
DQ 2.03620407 1.71070183 1.4947343 1.43377312 1.55231052 1.85054446 2.30435182 2.86855333 3.48302841 4.08085217 4.59735341 4.97886754 5.18999986 5.21841603 5.07651149 4.7997338 4.44178495 4.06735308 3.74335723 3.52989014 3.47208502 3.59400697 3.89539586 4.35170154
FILT_W -0.287720839 -0.755044871 -0.440357671
FILT_DQ 0.269775295 -0.178037873 -0.583803387 -0.891747976 -1.05933797 -1.06303604 -0.901486855 -0.595700527 -0.186208989 0.272419813 0.718967435 1.09385056 1.34718534 1.4455389 1.37645436 1.15013681 0.798072082 0.368765288 -0.0788240942 -0.483262128 -0.788955212 -0.953674407 -0.954270931 -0.789809235
FLAGS 1 0 1 0
STATE 2 0 3.7 3.7
GAIT 0 0 1
STEP 485 RESET 0
CMD 0 0 0
W -2.28425331 -2.69499443 -2.29667273
DQ -2.82319271 -3.37812875 -3.81692109 -4.09642268 -4.19504573 -4.11568351 -3.88531876 -3.5513717 -3.17528195 -2.82419292 -2.5618643 -2.44004248 -2.4914569 -2.72539031 -3.12642234 -3.65651664 -4.26016886 -4.87191895 -5.42521083 -5.86140049 -6.13769313 -6.23293528 -6.1504778 -5.91772236
FILT_W -0.487374086 -0.949039827 -0.625989176
FILT_DQ -0.0395215063 -0.498046961 -0.907115158 -1.21221545 -1.37290875 -1.36830079 -1.19987005 -0.891267645 -0.485116285 -0.0372414602 0.390884262 0.740461259 0.963321114 1.02844598 0.926166693 0.669471469 0.292247987 -0.155303136 -0.613462768 -1.02107596 -1.323829 -1.48160049 -1.47389162 -1.30260055
FLAGS 1 0 1 0
STATE 2 0 3.72 3.72
GAIT 0 0 1
STEP 486 RESET 0
CMD 0 0 0
W 0.994407358 0.941928913 1.692148
DQ 1.91830582 1.61485614 1.43391344 1.4162089 1.58038017 1.9204489 2.4066298 2.98936201 3.6060169 4.18937455 4.67672169 5.0183396 5.18423333 5.16819139 4.98862641 4.68608311 4.31775074 3.9497228 3.64805158 3.46980829 3.45535878 3.62290015 3.9659979 4.45445679
FILT_W -0.339195942 -0.759942953 -0.394175459
FILT_DQ 0.156261226 -0.286756651 -0.673012298 -0.949373012 -1.07757985 -1.03942582 -0.839220061 -0.503204679 -0.076002967 0.385420141 0.819468004 1.16824909 1.38541234 1.44242052 1.33241267 1.07113263 0.694798263 0.255199458 -0.187311333 -0.571987538 -0.845910225 -0.97115043 -0.929902666 -0.726894814
FLAGS 1 0 1 0
STATE 2 0 3.74 3.74
GAIT 0 0 1
STEP 487 RESET 0
CMD 0 0 0
W -2.32617418 -2.68013857 -2.23869855
DQ -2.93917656 -3.47024401 -3.8727004 -4.10831657 -4.16144441 -4.04113477 -3.77991242 -3.42937402 -3.05320474 -2.71855875 -2.48697026 -2.40602513 -2.50292034 -2.780783 -3.21824715 -3.77234551 -4.38432489 -4.98759821 -5.51675667 -5.91642261 -6.14874455 -6.19852024 -6.07525421 -5.81187139
FILT_W -0.537893766 -0.951962515 -0.578627768
FILT_DQ -0.153282552 -0.605105387 -0.992981108 -1.26526737 -1.38596631 -1.33959671 -1.1332893 -0.795821614 -0.373723144 0.075022252 0.488824177 0.810821671 0.996579069 1.02010017 0.877346684 0.586784819 0.186885947 -0.269080309 -0.720255867 -1.10643105 -1.37619366 -1.49388741 -1.44443782 -1.23539247
FLAGS 1 0 1 0
STATE 2 0 3.76 3.76
GAIT 0 0 1
STEP 488 RESET 0
CMD 0 0 0
W 0.954025859 0.958793948 1.75075393
DQ 1.80448176 1.52666619 1.3832937 1.4100105 1.61944206 1.99948421 2.51494149 3.11229059 3.72692457 4.29189702 4.74698303 5.04683026 5.16709724 5.10774783 4.89305614 4.56832112 4.19373556 3.8362393 3.56045922 3.41996229 3.45000556 3.66276424 4.04568389 4.56317955
FILT_W -0.388701803 -0.760886869 -0.345689598
FILT_DQ 0.0424938792 -0.391928229 -0.755353627 -0.99773958 -1.08542547 -1.00568862 -0.768466219 -0.405010393 0.0363416273 0.496709729 0.914640062 1.23442253 1.41363089 1.42886493 1.27891763 0.984938449 0.587570908 0.141451652 -0.292184359 -0.653791712 -0.893573736 -0.978222246 -0.89542565 -0.655535269
FLAGS 1 0 1 0
STATE 2 0 3.78 3.78
GAIT 0 0 1
STEP 489 RESET 0
CMD 0 0 0
W -2.36496963 -2.66128385 -2.17952861
DQ -3.05060003 -3.55432208 -3.91805349 -4.10880635 -4.1170046 -3.95778008 -3.66892453 -3.30577461 -2.93372241 -2.61936487 -2.42149027 -2.38312143 -2.52569283 -2.84614955 -3.31736069 -3.89179149 -4.50793686 -5.09864586 -5.60021024 -5.96098704 -6.14838825 -6.15329144 -5.99127441 -5.70050686
FILT_W -0.586328586 -0.950926567 -0.529073498
FILT_DQ -0.266815512 -0.708167614 -1.07162361 -1.30884626 -1.38858339 -1.30089777 -1.05851205 -0.695086814 -0.260664776 0.185102269 0.581027029 0.872668133 1.01969851 1.00136349 0.819289797 0.497265455 0.078020131 -0.3825581 -0.822986947 -1.18451124 -1.41905519 -1.49572916 -1.40501053 -1.16003243
FLAGS 1 0 1 0
STATE 2 0 3.8 3.8
GAIT 0 0 1
STEP 490 RESET 0
CMD 0 0 0
W 0.916861306 0.979616553 1.81041949
DQ 1.69569461 1.44687789 1.34330322 1.41523037 1.66916578 2.08698192 2.62837078 3.23629935 3.84472878 4.38755244 4.80754314 5.06409854 5.13873651 5.03759659 4.79060902 4.44744385 4.07078832 3.72786242 3.481321 3.38077373 3.45607063 3.71326207 4.13377983 4.67695024
FILT_W -0.436009597 -0.757872255 -0.2951242
FILT_DQ -0.0705644994 -0.492663063 -0.83013093 -1.03643859 -1.08280847 -0.962109798 -0.689823766 -0.301948198 0.149874579 0.605347286 1.00367864 1.29181117 1.43160231 1.4049868 1.21642172 0.892283295 0.47729695 0.0284839523 -0.392556152 -0.727982747 -0.931542605 -0.974830041 -0.851131491 -0.576334162
FLAGS 1 0 1 0
STATE 2 0 3.82 3.82
GAIT 0 0 1
STEP 491 RESET 0
CMD 0 0 0
W -2.40046033 -2.63851743 -2.1194364
DQ -3.1565207 -3.62965181 -3.95259676 -4.09788789 -4.06210217 -3.86632446 -3.55329381 -3.18161887 -2.81784554 -2.52745028 -2.36597815 -2.37152509 -2.55958178 -2.92093707 -3.42292466 -4.01384431 -4.62995926 -5.20412267 -5.67486567 -5.99471683 -6.13662724 -6.09763141 -5.8992487 -5.58457071
FILT_W -0.63245467 -0.945936772 -0.47755542
FILT_DQ -0.37916012 -0.806361938 -1.14237751 -1.34258352 -1.38073784 -1.25253127 -0.976170771 -0.589915266 -0.146897433 0.29206753 0.666712961 0.925477548 1.0324839 0.972394409 0.752487082 0.401670535 -0.0334286707 -0.49477671 -0.920787104 -1.25465616 -1.45205107 -1.48711018 -1.35594321 -1.07715782
FLAGS 1 0 1 0
STATE 2 0 3.84 3.84
GAIT 0 0 1
STEP 492 RESET 0
CMD 0 0 0
W 0.883085479 1.00430048 1.87086889
DQ 1.5928645 1.37616609 1.31428024 1.43182433 1.72913078 2.18220197 2.74595829 3.3603394 3.95843314 4.47553176 4.85788982 5.0699984 5.09939103 4.95833099 4.68215154 4.3244737 3.94994892 3.62550883 3.41130629 3.35257406 3.4735027 3.77396653 4.22954061 4.79480657
FILT_W -0.480900655 -0.750913047 -0.242712989
FILT_DQ -0.181957658 -0.588109135 -0.896711738 -1.06514274 -1.06975098 -0.909057942 -0.603957865 -0.194889799 0.263635624 0.710413952 1.08583065 1.33992963 1.43917462 1.37098807 1.14545353 0.793950851 0.364909089 -0.0827481564 -0.487577764 -0.793933134 -0.959495691 -0.961002507 -0.79739483 -0.489961378
FLAGS 1 0 1 0
STATE 2 0 3.86 3.86
GAIT 0 0 1
STEP 493 RESET 0
CMD 0 0 0
W -2.43248224 -2.61194453 -2.05869969
DQ -3.2560427 -3.69559608 -3.97603804 -4.07565352 -3.99720147 -3.76754144 -3.43399828 -3.05795692 -2.70655424 -2.44359238 -2.32090343 -2.37133419 -2.60430055 -3.00451303 -3.53404619 -4.13747164 -4.74936 -5.30313651 -5.74009154 -6.01732671 -6.11356099 -6.03201095 -5.79995544 -5.46504353
FILT_W -0.676058814 -0.937016195 -0.424311659
FILT_DQ -0.489366162 -0.89885783 -1.20464437 -1.36619382 -1.36249603 -1.19490629 -0.886961906 -0.481196512 -0.0333833626 0.395013319 0.74515724 0.968803251 1.0348271 0.933437958 0.677503555 0.300808602 -0.14651782 -0.604786992 -1.01282914 -1.31627249 -1.47490222 -1.46810335 -1.29765089 -0.987469594
FLAGS 1 0 1 0
STATE 2 0 3.88 3.88
GAIT 0 0 1
STEP 494 RESET 0
CMD 0 0 0
W 0.852854499 1.03273164 1.93182271
DQ 1.49686116 1.31512887 1.29647024 1.45965205 1.79882986 2.28433898 2.86670945 3.48336162 4.06707593 4.55509083 4.89759723 5.06447993 5.04939359 4.87062149 4.56860104 4.20045074 3.83223943 3.53004423 3.35100727 3.3356018 3.50215433 3.84436418 4.33215629 4.91575172
FILT_W -0.523167483 -0.740041411 -0.188698222
FILT_DQ -0.29074343 -0.677459159 -0.954532908 -1.08360923 -1.04636344 -0.846981765 -0.51159477 -0.0847406986 0.376662567 0.81102107 1.16040124 1.37837092 1.43628375 1.32715631 1.0666133 0.690772816 0.251357905 -0.19130387 -0.5764455 -0.851085062 -0.977196566 -0.936856599 -0.734670174 -0.397147462
FLAGS 1 0 1 0
STATE 2 0 3.9 3.9
GAIT 0 0 1
STEP 495 RESET 0
CMD 0 0 0
W -2.46088735 -2.58168797 -1.99759921
DQ -3.34832426 -3.75159712 -3.98817908 -4.04229132 -3.92285145 -3.66226653 -3.31204694 -2.9358347 -2.60078981 -2.36850045 -2.28664734 -2.38255035 -2.6594709 -3.09617053 -3.64978542 -4.26162783 -4.86512921 -5.39484991 -5.79533615 -6.02862544 -6.0793846 -5.95698506 -5.69423445 -5.34293628
FILT_W -0.716939469 -0.924206067 -0.369588321
FILT_DQ -0.596501513 -0.984872955 -1.25789752 -1.37947744 -1.33401224 -1.12851024 -0.791639988 -0.369850099 0.0789173293 0.493068918 0.815696381 1.00227879 1.02670828 0.884823627 0.594973432 0.195532751 -0.260290807 -0.711658473 -1.09833457 -1.3688391 -1.48741537 -1.43886944 -1.2306266 -0.891726344
FLAGS 1 0 1 0
STATE 2 0 3.92 3.92
GAIT 0 0 1
STEP 496 RESET 0
CMD 0 0 0
W 0.826308099 1.06477862 1.99299922
DQ 1.40849661 1.26428249 1.29002386 1.49847815 1.87767352 2.39252907 2.98960296 3.60432548 4.16973825 4.62555675 4.92632952 5.04758981 4.98916705 4.77520992 4.45091795 4.07642397 3.71865543 3.44227606 3.30093394 3.33000051 3.54178317 3.92385958 4.44075892 5.03876273
FILT_W -0.562614713 -0.725307598 -0.133329567
FILT_DQ -0.396001701 -0.75995741 -1.00310539 -1.09168188 -1.01284366 -0.776406311 -0.413515693 0.0275674586 0.487999422 0.906317702 1.2267597 1.40680989 1.42295416 1.27386226 0.980567884 0.583621873 0.137603817 -0.29626502 -0.658407714 -0.898955138 -0.984495515 -0.902596542 -0.663488049 -0.298677436
FLAGS 1 0 1 0
STATE 2 0 3.94 3.94
GAIT 0 0 1
STEP 497 RESET 0
CMD 0 0 0
W -2.48554436 -2.54788762 -1.93641738
DQ -3.43258487 -3.79718126 -3.98891717 -3.99808346 -3.83968096 -3.55139015 -3.18847127 -2.81628512 -2.50144679 -2.30280962 -2.26349963 -2.40507871 -2.72462621 -3.19513432 -3.76916341 -4.38526278 -4.9762877 -5.47848716 -5.84013225 -6.02851745 -6.03438713 -5.87318831 -5.58297993 -5.21928175
FILT_W -0.754907677 -0.9075656 -0.313638348
FILT_DQ -0.699660018 -1.0636798 -1.30168656 -1.38232204 -1.29552739 -1.05390469 -0.691011251 -0.256817799 0.1890548 0.58540497 0.877733762 1.02562103 1.00819612 0.826962598 0.505594754 0.0867334077 -0.373785334 -0.814487234 -1.17658017 -1.41191137 -1.48948468 -1.39965572 -1.15543724 -0.790737868
FLAGS 1 0 1 0
STATE 2 0 3.96 3.96
GAIT 0 0 1
STEP 498 RESET 0
CMD 0 0 0
W 0.803568984 1.10029328 2.05411564
DQ 1.32851822 1.22405701 1.29499561 1.54797425 1.96499488 2.50585717 3.11359937 3.72220786 4.26555178 4.68633352 4.94384367 5.01947089 4.91922082 4.67290327 4.33009761 3.95344241 3.61015763 3.36294668 3.26150984 3.33581756 3.59205406 4.01178038 4.55442996 5.16279917
FILT_W -0.599060011 -0.706779711 -0.076862949
FILT_DQ -0.496842194 -0.834906115 -1.04201835 -1.08929241 -0.969475167 -0.697928509 -0.310550189 0.141084767 0.596704498 0.995497825 1.28434475 1.42500602 1.39929859 1.21155667 0.88804504 0.473404308 0.0246089619 -0.396743842 -0.732771167 -0.937138477 -0.981330803 -0.858512109 -0.584450517 -0.195384164
FLAGS 1 0 1 0
STATE 2 0 3.98 3.98
GAIT 0 0 1
STEP 499 RESET 0
CMD 0 0 0
W -2.5063393 -2.51069969 -1.875437
DQ -3.50811184 -3.83196297 -3.97824608 -3.94340385 -3.74839346 -3.43585009 -3.06431646 -2.70031933 -2.40936545 -2.2470755 -2.25165609 -2.43872871 -2.79921538 -3.30056737 -3.89117047 -4.50733077 -5.08189528 -5.55334085 -5.87410095 -6.01700365 -5.97894918 -5.78132947 -5.46713286 -5.09512582
FILT_W -0.789787939 -0.88717171 -0.256720354
FILT_DQ -0.797969159 -1.1346118 -1.33564112 -1.37470355 -1.247367 -0.971720667 -0.585926816 -0.143055643 0.296097503 0.671240493 0.930744669 1.03863255 0.979447195 0.760344262 0.410123488 -0.0246691993 -0.486041463 -0.912403543 -1.24690415 -1.44512499 -1.48109264 -1.35079385 -1.07271875 -0.685358329
FLAGS 1 0 1 0
STATE 2 0 4 4
GAIT 0 0 1
STEP 500 RESET 0
CMD 0 0 0
W 0.00523161505 0.00759407652 0.0140992633
DQ 0.00838401636 0.00796528441 0.00874228976 0.0107181446 0.0137337026 0.0174890983 0.0215843327 0.0255734114 0.0290247075 0.0315793805 0.0329999437 0.0332024067 0.0322676434 0.0304304458 0.0280477463 0.0255503083 0.0233844246 0.0219515136 0.0215537894 0.0223533583 0.0243502786 0.0273825528 0.0311480531 0.0352454129
FILT_W -0.710285984 -0.797695131 -0.229638393
FILT_DQ -0.717333841 -1.02035409 -1.20120278 -1.23616138 -1.12125693 -0.872799691 -0.525175701 -0.126192738 0.269390224 0.607274381 0.840970196 0.938089533 0.88472924 0.68735288 0.371915914 -0.0196472485 -0.435098874 -0.818968037 -1.12005835 -1.29837716 -1.33054835 -1.21297621 -0.962332071 -0.613297955
FLAGS 1 0 1 0
STATE 2 0 4.02 4.02
GAIT 0 0 1
STEP 501 RESET 0
CMD 0 0 0
W -0.0168211737 -0.0164686407 -0.0120995996
DQ -0.0238284424 -0.0257043204 -0.0263750404 -0.0258580998 -0.0243317404 -0.022110824 -0.0196042175 -0.0172594545 -0.015502164 -0.0146784633 -0.0150081125 -0.0165547716 -0.0192173836 -0.0227438528 -0.0267651644 -0.030845329 -0.0345403916 -0.0374585191 -0.039313033 -0.0399612096 -0.0394235976 -0.0378812366 -0.0356511539 -0.0331434573
FILT_W -0.640939503 -0.719572482 -0.207884513
FILT_DQ -0.647983301 -0.920889115 -1.08372 -1.11513105 -1.01156441 -0.787730804 -0.474618553 -0.11529941 0.240900985 0.545079097 0.755372365 0.842625102 0.794334578 0.616343207 0.332047806 -0.0207670566 -0.395043026 -0.740817085 -1.01198382 -1.17253556 -1.20143587 -1.09546671 -0.869663979 -0.555282505
FLAGS 1 0 1 0
STATE 2 0 4.04 4.04
GAIT 0 0 1
STEP 502 RESET 0
CMD 0 0 0
W 0.00513276627 0.00787369184 0.0145002656
DQ 0.00797566084 0.00784491302 0.00892619421 0.0111814343 0.0144136734 0.0182937194 0.0224047024 0.0262984965 0.0295563712 0.0318456645 0.0329648077 0.0328706063 0.0316840862 0.0296741135 0.0272210049 0.0247650534 0.0227469368 0.0215480739 0.0214390014 0.022542758 0.0248182317 0.0280657241 0.0319539785 0.0360650142
FILT_W -0.576332276 -0.646827865 -0.185646035
FILT_DQ -0.582387405 -0.828015712 -0.974455385 -1.00249981 -0.9089666 -0.707128352 -0.424916227 -0.101139619 0.219766523 0.493755754 0.68313161 0.761649653 0.718069529 0.557676298 0.301565126 -0.0162138456 -0.353264029 -0.66458057 -0.908641538 -1.05302773 -1.07881046 -0.983113466 -0.779502183 -0.496147753
FLAGS 1 0 1 0
STATE 2 0 4.06 4.06
GAIT 0 0 1
STEP 503 RESET 0
CMD 0 0 0
W -0.0169065119 -0.0161790905 -0.0117013721
DQ -0.0242032594 -0.0257869079 -0.0261542207 -0.0253637598 -0.0236307866 -0.0212981273 -0.0187897726 -0.0165534927 -0.0150002339 -0.0144484987 -0.0150812382 -0.0169210902 -0.0198273157 -0.023514847 -0.0275928702 -0.0316177202 -0.0351529288 -0.0378282983 -0.0393900062 -0.0397349589 -0.038924745 -0.0371772993 -0.0348374067 -0.032330037
FILT_W -0.5203897 -0.583762987 -0.168251569
FILT_DQ -0.526568991 -0.747792832 -0.879625268 -0.904786201 -0.820433018 -0.638545329 -0.384303582 -0.0926810063 0.196289848 0.442935328 0.613310325 0.683792578 0.644279844 0.499557183 0.268649326 -0.017754233 -0.321452919 -0.601905342 -0.821716385 -0.951698455 -0.974821892 -0.888519849 -0.705035706 -0.449765982
FLAGS 1 0 1 0
STATE 2 0 4.08 4.08
GAIT 0 0 1
STEP 504 RESET 0
CMD 0 0 0
W 0.00506103714 0.00817284208 0.0148952579
DQ 0.00763517543 0.00780028405 0.00918346199 0.0117057789 0.0151341272 0.0191127723 0.0232114995 0.0269838416 0.030027506 0.0320388232 0.0328538472 0.0324705445 0.0310490695 0.0288900886 0.0263940859 0.0240071598 0.022160646 0.0212127376 0.0214000057 0.0228053809 0.0253469284 0.028788938 0.0327738259 0.0368705327
FILT_W -0.467844626 -0.524569404 -0.149936886
FILT_DQ -0.473148574 -0.67223352 -0.790744395 -0.813137003 -0.736876304 -0.572779519 -0.343552074 -0.0807145215 0.179663614 0.401845678 0.555264677 0.618660375 0.582956767 0.452490474 0.244423802 -0.0135780938 -0.287091563 -0.539593534 -0.737404746 -0.854248071 -0.87480501 -0.79678897 -0.631254752 -0.40110233
FLAGS 1 0 1 0
STATE 2 0 4.1 4.1
GAIT 0 0 1
STEP 505 RESET 0
CMD 0 0 0
W -0.016964549 -0.015870686 -0.0113100716
DQ -0.0245086929 -0.0257934839 -0.0258610491 -0.02481052 -0.0228923571 -0.020474451 -0.0179923302 -0.0158902143 -0.0145608911 -0.0142925546 -0.0152297989 -0.0173540489 -0.0204860734 -0.0243102439 -0.028417253 -0.0323595127 -0.0357117328 -0.0381284823 -0.0393909417 -0.0394365193 -0.0383673227 -0.0364363388 -0.0340131935 -0.0315341245
FILT_W -0.422756618 -0.473699532 -0.136074205
FILT_DQ -0.428284586 -0.607589516 -0.714256061 -0.734304355 -0.665477909 -0.517549012 -0.310996099 -0.0742320908 0.160241163 0.360231855 0.49821523 0.555058933 0.522612483 0.404810402 0.217139697 -0.0154562356 -0.26195358 -0.489447029 -0.667603365 -0.772766916 -0.791161241 -0.720753707 -0.571530597 -0.36414551
FLAGS 1 0 1 0
STATE 2 0 4.12 4.12
GAIT 0 0 1
STEP 506 RESET 0
CMD 0 0 0
W 0.00501675918 0.00849014451 0.0152824143
DQ 0.00736543998 0.00783177495 0.00951191712 0.0122867434 0.0158889702 0.0199393294 0.0239979001 0.02762365 0.0304341271 0.0321572228 0.0326680005 0.0320056049 0.0303679645 0.0280850025 0.0255739833 0.0232830378 0.0216305111 0.020948341 0.0214371324 0.0231390059 0.0259318971 0.0295460776 0.0336006612 0.0376551553
FILT_W -0.37997928 -0.425480565 -0.120938543
FILT_DQ -0.384719583 -0.546047387 -0.641879263 -0.659645245 -0.597341221 -0.463800178 -0.277496699 -0.0640465167 0.147260459 0.327424392 0.451660507 0.5027536 0.473388031 0.367137862 0.197983125 -0.0115823083 -0.233595171 -0.438407492 -0.598699315 -0.693176324 -0.709451927 -0.645723729 -0.511017471 -0.323965443
FLAGS 1 0 1 0
STATE 2 0 4.14 4.14
GAIT 0 0 1
STEP 507 RESET 0
CMD 0 0 0
W -0.0169950167 -0.0155448524 -0.0109275068
DQ -0.0247421596 -0.0257239927 -0.0254980053 -0.0242030599 -0.0221226976 -0.0196467618 -0.0172186352 -0.0152752295 -0.0141878518 -0.0142119499 -0.0154525384 -0.0178499857 -0.0211880848 -0.025123316 -0.0292313403 -0.0330644323 -0.0362120771 -0.0383565321 -0.0393158315 -0.0390684149 -0.0377560453 -0.035664622 -0.0331854855 -0.0307624516
FILT_W -0.343680854 -0.384486994 -0.109937439
FILT_DQ -0.348721841 -0.494015048 -0.580241137 -0.596101027 -0.539819369 -0.419384836 -0.251468893 -0.059169388 0.131115628 0.293260757 0.404949202 0.450693241 0.423930419 0.327911744 0.175261679 -0.0137305207 -0.213856861 -0.398402396 -0.542760967 -0.627765533 -0.642282339 -0.584717818 -0.463234272 -0.294645144
FLAGS 1 0 1 0
STATE 2 0 4.16 4.16
GAIT 0 0 1
STEP 508 RESET 0
CMD 0 0 0
W 0.00500013708 0.00882413247 0.0156599454
DQ 0.0071687359 0.00793911939 0.0099087815 0.012919414 0.016671818 0.0207663997 0.0247572527 0.0282125101 0.0307727954 0.032199862 0.0324088396 0.0314797201 0.0296465319 0.0272656646 0.0247676336 0.022598812 0.0211610159 0.0207571204 0.0215500672 0.0235408109 0.0265681899 0.0303307389 0.0344274908 0.0384122458
FILT_W -0.308812755 -0.345155881 -0.0973777009
FILT_DQ -0.313132783 -0.443819631 -0.521226145 -0.535198983 -0.48417025 -0.375369713 -0.223846278 -0.0504311982 0.121081345 0.267154668 0.367695166 0.408771889 0.384502031 0.297847136 0.160212274 -0.0100975874 -0.190355074 -0.356486445 -0.486329864 -0.562634899 -0.575397286 -0.523212962 -0.413468096 -0.261339405
FLAGS 1 0 1 0
STATE 2 0 4.18 4.18
GAIT 0 0 1
STEP 509 RESET 0
CMD 0 0 0
W -0.016997774 -0.0152030961 -0.0105554459
DQ -0.0249016849 -0.0255790221 -0.0250681599 -0.0235465173 -0.0213283177 -0.0188220603 -0.0164752315 -0.0147137398 -0.0138842712 -0.0142073664 -0.0157475725 -0.0184047059 -0.0219274123 -0.0259471863 -0.0300282465 -0.0337265168 -0.0366497299 -0.0385105189 -0.0391653109 -0.0386337593 -0.0370960832 -0.0348686761 -0.0323612835 -0.0300215453
FILT_W -0.279631257 -0.312160602 -0.0886954754
FILT_DQ -0.284309673 -0.40199557 -0.471610347 -0.484033736 -0.437886057 -0.339714948 -0.203109174 -0.0468594523 0.107584783 0.239018464 0.329350892 0.36605423 0.343859086 0.265467704 0.141188222 -0.0124604804 -0.174984539 -0.324688852 -0.441613408 -0.510234785 -0.521567166 -0.474378534 -0.375357415 -0.238207619
FLAGS 1 0 1 0
STATE 2 0 4.2 4.2
GAIT 0 0 1
STEP 510 RESET 0
CMD 0 0 0
W 0.00501124765 0.00917326221 0.016026106
DQ 0.00704672694 0.00812140944 0.0103706985 0.0135984395 0.0174760493 0.0215869877 0.0254831347 0.0287454415 0.0310406462 0.0321663801 0.0320785564 0.030897338 0.0288908736 0.0264390048 0.0239818569 0.0219602696 0.0207561315 0.0206406932 0.0217378551 0.0240073976 0.0272504252 0.0311362854 0.0352473216 0.0391354005
FILT_W -0.251167006 -0.280027216 -0.0782233173
FILT_DQ -0.255174033 -0.360983872 -0.423412242 -0.434270518 -0.392349846 -0.303584754 -0.180249943 -0.039298963 0.0999303697 0.218333256 0.299623658 0.33253854 0.312362265 0.241564834 0.129467586 -0.00901840537 -0.155410472 -0.290155897 -0.395278282 -0.456810566 -0.466685407 -0.423827052 -0.334296941 -0.210473317
FLAGS 1 0 1 0
STATE 2 0 4.22 4.22
GAIT 0 0 1
STEP 511 RESET 0
CMD 0 0 0
W -0.0169728084 -0.0148469965 -0.0101956087
DQ -0.0249859194 -0.0253597983 -0.0245751486 -0.0228464453 -0.0205159365 -0.0180073218 -0.0157684068 -0.0142104943 -0.0136527168 -0.014278843 -0.0161124059 -0.0190135177 -0.0226978027 -0.0267748866 -0.0308012312 -0.0343401662 -0.0370209894 -0.0385891402 -0.0389406531 -0.0381362286 -0.0363930182 -0.0340552333 -0.0315475585 -0.0293176721
FILT_W -0.227747587 -0.253509194 -0.0714205464
FILT_DQ -0.232155222 -0.327421465 -0.383528533 -0.393128111 -0.355166455 -0.275027011 -0.163801789 -0.0367901161 0.0885720611 0.195072046 0.268050052 0.297383335 0.278856258 0.214730862 0.113440704 -0.0115505814 -0.143571524 -0.264999222 -0.359644519 -0.414943133 -0.423656168 -0.38484987 -0.304022003 -0.192357753
FLAGS 1 0 1 0
STATE 2 0 4.24 4.24
GAIT 0 0 1
STEP 512 RESET 0
CMD 0 0 0
W 0.00505003954 0.00953591997 0.0163792038
DQ 0.00700044505 0.00837710329 0.0108937611 0.0143180768 0.0182948618 0.0223941529 0.0261694067 0.0292179364 0.0312354142 0.0320570602 0.0316799446 0.0302633845 0.028107381 0.0256120152 0.0232232994 0.0213728115 0.0204192824 0.0206000441 0.0219989076 0.0245348196 0.0279728325 0.0319559036 0.0360532192 0.0398185031
FILT_W -0.204467824 -0.227204683 -0.0626405714
FILT_DQ -0.208239655 -0.293841608 -0.344086303 -0.352383492 -0.317820324 -0.245284894 -0.14480467 -0.0301893108 0.0828383964 0.178770547 0.244413041 0.27067134 0.25378137 0.195818977 0.104418964 -0.00825824216 -0.127172443 -0.236439295 -0.321480176 -0.370995337 -0.378493268 -0.343169293 -0.270014481 -0.169140127
FLAGS 1 0 1 0
STATE 2 0 4.26 4.26
GAIT 0 0 1
STEP 513 RESET 0
CMD 0 0 0
W -0.0169202351 -0.0144781997 -0.00984965854
DQ -0.0249941508 -0.0250681754 -0.0240231413 -0.0221087652 -0.019692425 -0.0172094375 -0.0151041395 -0.0137697495 -0.0134951472 -0.0144257749 -0.0165439528 -0.0196712718 -0.02349274 -0.027599416 -0.0315437567 -0.0349001902 -0.0373227154 -0.0385917311 -0.0386437581 -0.0375800311 -0.0356527969 -0.0332311737 -0.0307511932 -0.0286567853
FILT_W -0.185713065 -0.205932034 -0.0573614801
FILT_DQ -0.189915105 -0.266964265 -0.312079987 -0.31935602 -0.288007534 -0.222477349 -0.131834617 -0.0285473547 0.073205042 0.159450915 0.218317342 0.241637078 0.226053959 0.173477138 0.0908226916 -0.010922437 -0.118187471 -0.216654539 -0.293196535 -0.337653807 -0.344209221 -0.312175481 -0.246088152 -0.155091793
FLAGS 1 0 1 0
STATE 2 0 4.28 4.28
GAIT 0 0 1
STEP 514 RESET 0
CMD 0 0 0
W 0.00511633345 0.00991042947 0.0167176065
DQ 0.00703028168 0.00870403826 0.0114735453 0.0150722392 0.0191213299 0.0231810683 0.026810264 0.0296259986 0.031355452 0.031872827 0.0312163755 0.0295832215 0.0273026808 0.0247916903 0.022498377 0.0208414063 0.0201533176 0.0206355169 0.0223310169 0.0251186159 0.0287293017 0.0327826612 0.0368383674 0.0404557758
FILT_W -0.166630125 -0.184347788 -0.0499535714
FILT_DQ -0.170220566 -0.239397434 -0.279724634 -0.285913194 -0.257294647 -0.197911507 -0.115970129 -0.0227300194 0.069020083 0.146693106 0.199607245 0.220431693 0.206178832 0.158608593 0.0839902601 -0.00774605264 -0.104353392 -0.192925533 -0.261643779 -0.301376564 -0.306915368 -0.277679667 -0.2177955 -0.135537036
FLAGS 1 0 1 0
STATE 2 0 4.3 4.3
GAIT 0 0 1
STEP 515 RESET 0
CMD 0 0 0
W -0.0168402972 -0.0140984104 -0.00951919434
DQ -0.0249263093 -0.02470662 -0.0234168068 -0.0213397161 -0.0188647486 -0.0164351558 -0.014488048 -0.0133952332 -0.0134128951 -0.0146469195 -0.0170385633 -0.0203724048 -0.0243055006 -0.0284138008 -0.0322495425 -0.0354018523 -0.0375523561 -0.0385182696 -0.0382771372 -0.0369698711 -0.0348816801 -0.0324034672 -0.0299789232 -0.0280444749
FILT_W -0.151651142 -0.16732285 -0.0459101337
FILT_DQ -0.155691141 -0.217928353 -0.254093851 -0.259455846 -0.233451657 -0.179763872 -0.105821921 -0.0217965408 0.0607767852 0.130559104 0.177942664 0.196351283 0.183130398 0.139906354 0.0723662799 -0.0105116326 -0.0976732881 -0.177484807 -0.239307115 -0.274935895 -0.279712 -0.253152047 -0.199013842 -0.12478778
FLAGS 1 1 1 0
STATE 2 0.02 4.32 4.32
GAIT 0 0 1
STEP 516 RESET 0
CMD 0 0 0
W 0.00520982295 0.0102950596 0.0170397502
DQ 0.00713598447 0.00909944913 0.0121051472 0.0158545479 0.0199484635 0.0239410781 0.0274002863 0.0299661767 0.0313997443 0.0316152388 0.0306917701 0.0288626018 0.0264835794 0.0239849686 0.021813221 0.0203705487 0.0199604868 0.0207468116 0.0227313739 0.0257538487 0.0295134346 0.0336095654 0.0375961254 0.0410418285
FILT_W -0.135965046 -0.149561059 -0.0396151453
FILT_DQ -0.139408428 -0.195225573 -0.227473951 -0.231924807 -0.208111645 -0.159393377 -0.0924996999 -0.016620269 0.0578390811 0.120664717 0.163217575 0.179602415 0.167465716 0.128314215 0.067310974 -0.00742341448 -0.0859099106 -0.157661645 -0.213103266 -0.244866921 -0.248789456 -0.224475885 -0.175352846 -0.108204819
FLAGS 1 1 1 0
STATE 2 0.04 4.34 4.34
GAIT 0 0 1
STEP 517 RESET 0
CMD 0 0 0
W -0.0167333641 -0.013709384 -0.00920574363
DQ -0.0247829688 -0.0242781902 -0.0227612736 -0.0205458029 -0.0180399078 -0.0156910257 -0.0139253431 -0.0130901131 -0.0134066563 -0.0149404064 -0.0175920537 -0.0211109866 -0.02512921 -0.0292111527 -0.0329126191 -0.0358409092 -0.0377079691 -0.0383693772 -0.0378438912 -0.0363109094 -0.03408619 -0.0315791146 -0.0292372803 -0.0274859197
FILT_W -0.124041878 -0.135975892 -0.0365742052
FILT_DQ -0.127945882 -0.178130835 -0.207002684 -0.210786906 -0.189104472 -0.145023142 -0.0846422642 -0.0162672534 0.0507145074 0.107104205 0.145136612 0.159531075 0.148206224 0.112561678 0.0572886147 -0.010265164 -0.0810897165 -0.145732418 -0.195577329 -0.22401132 -0.22731913 -0.205186208 -0.160741289 -0.100132929
FLAGS 1 1 1 0
STATE 2 0.06 4.36 4.36
GAIT 0 0 1
STEP 518 RESET 0
CMD 0 0 0
W 0.00533007591 0.0106880326 0.0173441457
DQ 0.00731665939 0.00955999151 0.0127832248 0.016658386 0.0207692666 0.0246677542 0.0279344832 0.0302355934 0.0313679165 0.0312864742 0.0301105655 0.0281076205 0.0256570046 0.0231986733 0.0211736266 0.0199642213 0.0198424209 0.0209329868 0.0231965923 0.0264351453 0.0303185989 0.0344296224 0.038320084 0.0415717045
FILT_W -0.111104682 -0.121309499 -0.0311823701
FILT_DQ -0.114419628 -0.159361752 -0.185024093 -0.188042377 -0.168117098 -0.128054052 -0.0733845894 -0.0116169687 0.0487798483 0.0995224319 0.133634007 0.146388729 0.135951302 0.103625378 0.0536771159 -0.00724222543 -0.0709965028 -0.129065878 -0.173699937 -0.198966673 -0.201555357 -0.181224625 -0.140835152 -0.0859624658
FLAGS 1 1 1 0
STATE 2 0.08 4.38 4.38
GAIT 0 0 1
STEP 519 RESET 0
CMD 0 0 0
W -0.0165999302 -0.0133129186 -0.00891075524
DQ -0.0245653417 -0.0237865096 -0.0220620862 -0.0197337404 -0.0172248791 -0.0149833411 -0.0134207844 -0.0128569698 -0.0134764834 -0.0153037532 -0.0181997428 -0.0218807701 -0.0259569015 -0.0299847279 -0.0335273782 -0.0362136475 -0.0377882382 -0.038146313 -0.0373476845 -0.0356087194 -0.0332730549 -0.0307650883 -0.0285325375 -0.026985844
FILT_W -0.101654207 -0.110509841 -0.0289552086
FILT_DQ -0.105434199 -0.145804228 -0.168727892 -0.171211513 -0.153027876 -0.116746981 -0.0673882089 -0.0117409688 0.0425542151 0.0880398134 0.118450632 0.129561779 0.119760482 0.0902643674 0.0449566665 -0.0101393676 -0.0676756763 -0.119973921 -0.160064711 -0.182630878 -0.184727127 -0.166178672 -0.12960489 -0.0800648036
FLAGS 1 1 1 0
STATE 2 0.1 4.4 4.4
GAIT 0 0 1
STEP 520 RESET 0
CMD 0 0 0
W 0.00547653651 0.0110875321 0.017629386
DQ 0.00757077827 0.0100817701 0.0135020428 0.0174769549 0.0215767967 0.0253549503 0.0284083364 0.0304319699 0.0312602378 0.030889314 0.0294776776 0.0273246633 0.0248299476 0.0224394549 0.0205850034 0.0196258607 0.0198001184 0.0211924679 0.0237227374 0.0271567431 0.0311379846 0.0352358959 0.0390041201 0.042040922
FILT_W -0.0909411328 -0.0983501039 -0.0242967491
FILT_DQ -0.0941337016 -0.130215628 -0.150504899 -0.152342667 -0.135567409 -0.102536788 -0.0578085544 -0.00752367497 0.0414248174 0.0823247634 0.109553337 0.119338068 0.110267428 0.0834818761 0.0425195002 -0.00716284481 -0.0589280968 -0.105857282 -0.141685967 -0.161652116 -0.163140615 -0.146037215 -0.112743989 -0.067854231
FLAGS 1 1 1 0
STATE 2 0.12 4.42 4.42
GAIT 0 0 1
STEP 521 RESET 0
CMD 0 0 0
W -0.0164406122 -0.0129108469 -0.00863559268
DQ -0.0242752687 -0.0232357369 -0.0213251583 -0.0189103971 -0.016426556 -0.0143180875 -0.0129786392 -0.0126977754 -0.013621786 -0.0157338866 -0.0188564907 -0.0226752446 -0.0267815742 -0.0307279833 -0.0340886201 -0.0365169145 -0.0377924845 -0.0378509639 -0.0367927141 -0.0348692404 -0.0324491522 -0.0299682733 -0.0278706554 -0.0265484774
FILT_W -0.0834910807 -0.0898061782 -0.0227306335
FILT_DQ -0.0871478583 -0.119517639 -0.137586925 -0.13899944 -0.123653323 -0.0937149179 -0.0533255629 -0.00804108502 0.035920157 0.0725188984 0.0967123542 0.105136737 0.0965625279 0.0720608902 0.0348586881 -0.0100982518 -0.0568145356 -0.0990566505 -0.131196641 -0.148973828 -0.150071469 -0.134430321 -0.104256656 -0.0637236557
FLAGS 1 1 1 0
STATE 2 0.14 4.44 4.44
GAIT 0 0 1
STEP 522 RESET 0
CMD 0 0 0
W 0.00564852775 0.0114917113 0.0178941527
DQ 0.00789619178 0.0106603717 0.0142555215 0.0183033308 0.0223642238 0.025996854 0.0288178381 0.0305536454 0.0310776188 0.0304271173 0.0287984593 0.0265203523 0.0240094038 0.021713735 0.0200523301 0.0193583289 0.0198339373 0.0215230602 0.024305359 0.0279125389 0.0319646613 0.0360215665 0.0396424479 0.0424455123
FILT_W -0.0745771199 -0.0796763892 -0.0186681549
FILT_DQ -0.0776434533 -0.106499838 -0.12240268 -0.123269163 -0.109051569 -0.0817437407 -0.0451112228 -0.00418161197 0.0354359032 0.0683097203 0.0899209647 0.0972750981 0.0893072155 0.0670261747 0.0333780523 -0.00715259371 -0.0491496883 -0.0869986794 -0.115646441 -0.131285191 -0.131867856 -0.117385132 -0.0898667455 -0.0531067389
FLAGS 1 1 1 0
STATE 2 0.16 4.46 4.46
GAIT 0 0 1
STEP 523 RESET 0
CMD 0 0 0
W -0.0162561465 -0.0125050273 -0.00838152781
DQ -0.0239152031 -0.0226305305 -0.020556723 -0.0180827368 -0.0156516907 -0.0137008917 -0.0126026474 -0.0126138763 -0.0138413349 -0.0162271687 -0.0195567425 -0.0234876903 -0.0275962531 -0.0314346324 -0.0345915979 -0.0367481452 -0.0377206721 -0.0374858279 -0.0361836739 -0.0340987267 -0.0316214505 -0.0291954092 -0.0272572324 -0.0261775193
FILT_W -0.0687450226 -0.072959253 -0.0176394922
FILT_DQ -0.0722706283 -0.0981129071 -0.112218084 -0.11275052 -0.0997115809 -0.0749394558 -0.0418603652 -0.00502483841 0.0305081794 0.0598560314 0.078973194 0.0851988193 0.0776168686 0.057180094 0.0265810873 -0.0101121489 -0.0480067867 -0.0820473943 -0.107700165 -0.121566545 -0.121843216 -0.10856616 -0.0836057942 -0.0504138169
FLAGS 1 1 1 0
STATE 2 0.18 4.48 4.48
GAIT 0 0 1
STEP 524 RESET 0
CMD 0 0 0
W 0.00584525468 0.0118987023 0.018137222
DQ 0.00829014756 0.0112909025 0.0150372879 0.0191305244 0.0231248878 0.0265880361 0.0291595246 0.0305995907 0.0308216043 0.0299037934 0.0280786555 0.0257014906 0.0232023133 0.0210276516 0.019580112 0.0191638886 0.0199435914 0.0219219675 0.0249395293 0.0286961402 0.0327916368 0.0367799891 0.0402296685 0.0427820534
FILT_W -0.0612859948 -0.0644734575 -0.0140618207
FILT_DQ -0.0642145507 -0.0871725261 -0.0994925471 -0.0995624155 -0.087427934 -0.0647867066 -0.0347583763 -0.0014623955 0.0305395219 0.0568608076 0.0738837401 0.0792490864 0.0721754131 0.0535648497 0.0258809898 -0.00718454511 -0.0412117489 -0.0716504581 -0.0944361952 -0.106540276 -0.10637973 -0.0940315448 -0.0712222479 -0.0410942299
FLAGS 1 1 1 0
STATE 2 0.2 4.5 4.5
GAIT 0 0 1
STEP 525 RESET 0
CMD 0 0 0
W -0.0160473858 -0.0120973355 -0.00814973497
DQ -0.0234881906 -0.0219760093 -0.0197632795 -0.01725776 -0.0149068372 -0.0131369739 -0.012295989 -0.0126059821 -0.0141332733 -0.0167794272 -0.0202945755 -0.0243112356 -0.0283940477 -0.0320986985 -0.0350320572 -0.0369053837 -0.0375734083 -0.0370539933 -0.0355257152 -0.0333036956 -0.0307969507 -0.0284530328 -0.0266974566 -0.0258761072
FILT_W -0.0567621339 -0.0592358453 -0.0134706122
FILT_DQ -0.0601419147 -0.0806528744 -0.0915196203 -0.09133195 -0.0801758243 -0.0596217334 -0.0325121375 -0.00257675416 0.0260722424 0.0494967841 0.0644659086 0.0688930542 0.062118467 0.0449984949 0.0197896851 -0.010156629 -0.0408479148 -0.0681908116 -0.0885451472 -0.0992166184 -0.0988214523 -0.0874736936 -0.0667697688 -0.0395724176
FLAGS 1 1 1 0
STATE 2 0.22 4.52 4.52
GAIT 0 0 1
STEP 526 RESET 0
CMD 0 0 0
W 0.00606580796 0.0123066236 0.0183574705
DQ 0.00874931352 0.0119680294 0.0158407298 0.0199515392 0.023852355 0.0271234964 0.029430506 0.0305694171 0.0304943597 0.0293237686 0.0273243542 0.0248750041 0.0224155025 0.0203870077 0.0191723432 0.0190441844 0.0201281532 0.0223858158 0.0256198844 0.0295009192 0.0336119167 0.0375047487 0.0407608151 0.0430476988
FILT_W -0.0504793397 -0.0520815984 -0.0102878039
FILT_DQ -0.0532527918 -0.071390784 -0.0807835853 -0.0802036011 -0.0697730064 -0.0509472104 -0.0263178732 0.000737862961 0.0265144541 0.0474794826 0.0607517531 0.0644912492 0.0581481706 0.0425373462 0.0197279509 -0.00723654764 -0.034750308 -0.0591331489 -0.077128644 -0.0863448646 -0.0855781154 -0.0749758494 -0.0560167104 -0.031310406
FLAGS 1 1 1 0
STATE 2 0.24 4.54 4.54
GAIT 0 0 1
STEP 527 RESET 0
CMD 0 0 0
W -0.0158152949 -0.0116896561 -0.00794128556
DQ -0.0229978427 -0.0212777093 -0.018951539 -0.0164424442 -0.0141982954 -0.0126311039 -0.0120612579 -0.0126741596 -0.014495132 -0.0173859912 -0.0210637491 -0.0251389149 -0.0291682101 -0.0327145649 -0.0354062728 -0.0369873003 -0.0373519388 -0.0365591126 -0.034824403 -0.0324908713 -0.0299826262 -0.0277474232 -0.0261960628 -0.0256467905
FILT_W -0.0470129353 -0.0480424042 -0.0100531521
FILT_DQ -0.0502272969 -0.0663794766 -0.0746003807 -0.0738274854 -0.0642155353 -0.0471155997 -0.0248922117 -0.000603339298 0.0224134955 0.0409929352 0.0525702029 0.0555282328 0.0494165325 0.0350121551 0.0142145285 -0.0102116229 -0.0350104711 -0.0568757452 -0.0728982199 -0.0809594653 -0.0800185665 -0.0702530068 -0.0530346456 -0.0307440444
FLAGS 1 1 1 0
STATE 2 0.26 4.56 4.56
GAIT 0 0 1
STEP 528 RESET 0
CMD 0 0 0
W 0.00630916815 0.0127135899 0.0185538799
DQ 0.00926980601 0.0126860252 0.0166590516 0.020759431 0.0245404724 0.027598706 0.0296284903 0.0304633799 0.0300986526 0.0286919488 0.0265419355 0.0240478831 0.0216556263 0.0197972219 0.0188324725 0.0190002288 0.0203860618 0.022910682 0.0263406699 0.0303200691 0.0344185629 0.0381897155 0.0412313954 0.0432402017
FILT_W -0.0416807249 -0.0419668048 -0.00719244887
FILT_DQ -0.0442775866 -0.0584729264 -0.0654744375 -0.0643687937 -0.0553399345 -0.0396441692 -0.0194401415 0.00250333262 0.0231820112 0.0397628366 0.0499673762 0.0523801978 0.0466404419 0.0334906618 0.0146763229 -0.00729043774 -0.0294708178 -0.0488971025 -0.0629743309 -0.0698315118 -0.0685748536 -0.0594087345 -0.0436080415 -0.0233456198
FLAGS 1 1 1 0
STATE 2 0.28 4.58 4.58
GAIT 0 0 1
STEP 529 RESET 0
CMD 0 0 0
W -0.0155609467 -0.0112838733 -0.00775714307
DQ -0.0224483068 -0.0205415366 -0.0181283671 -0.0156436855 -0.0135320582 -0.0121875602 -0.0119004393 -0.0128178322 -0.0149238503 -0.0180417302 -0.0218577577 -0.0259637276 -0.0299121925 -0.0332770224 -0.0357110795 -0.036993202 -0.0370581367 -0.0360053714 -0.0340856691 -0.0316671288 -0.0291853648 -0.0270845485 -0.0257572917 -0.0254915087
FILT_W -0.0390687471 -0.0388985116 -0.00724891829
FILT_DQ -0.0420946586 -0.0546797874 -0.0607398304 -0.0594962829 -0.0511591469 -0.0368985083 -0.0186861712 0.000971216143 0.0193714251 0.0339823799 0.0427848628 0.0445458053 0.0389851784 0.0268138933 0.00963758267 -0.0102607142 -0.0302295497 -0.0476079294 -0.0600854647 -0.0660150735 -0.0646359047 -0.0561763159 -0.0418229665 -0.0235602087
FLAGS 1 1 1 0
STATE 2 0.3 4.6 4.6
GAIT 0 0 1
STEP 530 RESET 0
CMD 0 0 0
W 0.0065742104 0.0131177201 0.0187255426
DQ 0.00984722269 0.0134388172 0.017485332 0.0215473667 0.0251834199 0.0280096454 0.029751803 0.030282376 0.0296378301 0.0280136779 0.025738017 0.0232271236 0.0209291117 0.0192632826 0.0185633747 0.0190323935 0.0207151358 0.0234921266 0.0270957893 0.0311466615 0.0352047528 0.0388290958 0.041637429 0.0433579339
FILT_W -0.0345044513 -0.0336968885 -0.0046514722
FILT_DQ -0.0369004705 -0.047867927 -0.0529173142 -0.051391918 -0.0435248902 -0.0304076929 -0.0138423738 0.00390233213 0.0203980656 0.0333855097 0.0410801782 0.0424139371 0.0371795718 0.0260588323 0.0105301619 -0.0073314034 -0.0251350812 -0.0404979238 -0.0513673393 -0.0562989 -0.054651839 -0.0466757748 -0.033476927 -0.0168683945
FLAGS 1 1 1 0
STATE 2 0.32 4.62 4.62
GAIT 0 0 1
STEP 531 RESET 0
CMD 0 0 0
W -0.0152855168 -0.0108818629 -0.00759815866
DQ -0.0218442309 -0.0197737179 -0.0173007262 -0.0148682398 -0.0129137606 -0.0118100944 -0.0118148935 -0.0130357846 -0.015415802 -0.018741098 -0.0226698853 -0.0267786975 -0.0306197023 -0.0337813138 -0.0359438992 -0.0369230389 -0.0366944871 -0.0353974535 -0.0333157617 -0.0308394353 -0.0284119097 -0.0264700152 -0.0253848545 -0.0254115752
FILT_W -0.0325825579 -0.0314153859 -0.00494614085
FILT_DQ -0.0353948465 -0.0450585061 -0.0493556554 -0.0477395501 -0.0404637772 -0.028547933 -0.0136396258 0.00220852046 0.0168166788 0.0281728489 0.0347051718 0.0354946736 0.0303996444 0.0200748177 0.00588275577 -0.0102905669 -0.0262910217 -0.0399878768 -0.0495621816 -0.0537529536 -0.052027846 -0.0446551988 -0.0326677197 -0.0177227125
FLAGS 1 1 1 0
STATE 2 0.34 4.64 4.64
GAIT 0 0 1
STEP 532 RESET 0
CMD 0 0 0
W 0.00685970961 0.0135171461 0.018871665
DQ 0.0104766798 0.0142200382 0.0183125823 0.0223086818 0.0257757595 0.028352839 0.029799401 0.0300279362 0.0291157898 0.0272946928 0.0249193983 0.0224196675 0.0202421036 0.0187897058 0.0183673257 0.0191404066 0.0211125918 0.0241252317 0.0278788559 0.031973705 0.0359638368 0.0394174819 0.0419754818 0.0433998996
FILT_W -0.0286383311 -0.0269221327 -0.00256436027
FILT_DQ -0.0308076939 -0.0391306516 -0.0425888316 -0.040734727 -0.0338398236 -0.0228578558 -0.00929572311 0.00499046203 0.0180465899 0.0280850333 0.0337265945 0.034187173 0.0293838903 0.0199463065 0.00713121276 -0.00734746959 -0.0215506604 -0.0335765659 -0.0418180778 -0.0451802877 -0.0432286777 -0.0362479307 -0.0252033996 -0.0116104513
FLAGS 1 1 1 0
STATE 2 0.36 4.66 4.66
GAIT 0 0 1
STEP 533 RESET 0
CMD 0 0 0
W -0.0149902783 -0.010485483 -0.00746506718
DQ -0.0211907243 -0.0189807475 -0.0164756167 -0.0141226659 -0.0123486322 -0.011501899 -0.0118053439 -0.0133261734 -0.0159668264 -0.0194781793 -0.0234932632 -0.0275769315 -0.0312847552 -0.0342231739 -0.0361027628 -0.0367774044 -0.0362640656 -0.0347405005 -0.0325211927 -0.0300147915 -0.0276688027 -0.0259090211 -0.0250819012 -0.025407666
FILT_W -0.0272735259 -0.0252784677 -0.00305443096
FILT_DQ -0.029845997 -0.0371156612 -0.0399775101 -0.0380735208 -0.0316907044 -0.0217222602 -0.00954668519 0.00315879849 0.0146452483 0.0233287121 0.0280046087 0.0280107626 0.0233170257 0.0145293584 0.00280781521 -0.0102904631 -0.0230220009 -0.0336929594 -0.0408883893 -0.0436637381 -0.0416726902 -0.0352140398 -0.0251912497 -0.0129901728
FLAGS 1 1 1 0
STATE 2 0.38 4.68 4.68
GAIT 0 0 1
STEP 534 RESET 0
CMD 0 0 0
W 0.00716434615 0.0139100217 0.0189915717
DQ 0.0111528533 0.0150230806 0.0191338056 0.0230369372 0.0263124811 0.0286253841 0.0297708818 0.0297022127 0.0285369472 0.0265410746 0.0240930033 0.0216323444 0.0196004128 0.0183804972 0.0182459837 0.0193233543 0.0215750682 0.0248046427 0.0286832463 0.0327942045 0.0366893946 0.0399498971 0.0422426946 0.0433657439
FILT_W -0.0238297387 -0.0213596188 -0.000849830692
FILT_DQ -0.0257461119 -0.031901787 -0.0340663785 -0.031962475 -0.0258903859 -0.0166874957 -0.00561492849 0.00581313992 0.0160344182 0.0236499483 0.0276134482 0.0273729208 0.0229453644 0.0149144723 0.00435163206 -0.00732908134 -0.018562294 -0.0278431992 -0.0339312258 -0.0360179438 -0.0338364818 -0.0276976461 -0.0184478553 -0.00735458111
FLAGS 1 1 1 0
STATE 2 0.4 4.7 4.7
GAIT 0 0 1
STEP 535 RESET 0
CMD 0 0 0
W -0.0146765958 -0.0100965657 -0.00735848382
DQ -0.0204933144 -0.0181693321 -0.0156600172 -0.0134132698 -0.0118414529 -0.0112655809 -0.0118718715 -0.0136865424 -0.0165722627 -0.0202467399 -0.024320927 -0.0283516781 -0.0319017263 -0.0345988653 -0.0361863264 -0.0365575304 -0.0357705128 -0.034040069 -0.0317086826 -0.0292001722 -0.0269623292 -0.0254063112 -0.0248509943 -0.0254798143
FILT_W -0.0229144244 -0.0202333135 -0.001500696
FILT_DQ -0.0252208322 -0.0305285415 -0.0322257424 -0.0301075545 -0.0244854926 -0.0161453042 -0.0062406228 0.00386317168 0.0127737501 0.0192602795 0.0224200107 0.0218004609 0.0174606554 0.00996313855 0.000297836208 -0.0102519262 -0.0202831159 -0.0284628861 -0.0337089715 -0.0353361667 -0.0331490665 -0.0274685126 -0.0190881692 -0.00916710443
FLAGS 1 1 1 0
STATE 2 0.42 4.72 4.72
GAIT 0 0 1
STEP 536 RESET 0
CMD 0 0 0
W 0.00748671191 0.0142945311 0.0190847085
DQ 0.0118700241 0.0158411522 0.0199420558 0.0237259732 0.0267890451 0.0288249754 0.0296664866 0.0293079605 0.027906198 0.0257591975 0.0232658217 0.0208718134 0.0190094667 0.0180391178 0.0182003751 0.0195796894 0.0220986532 0.0255246129 0.0295021571 0.0336012201 0.0373752893 0.0404218382 0.0424368071 0.0432557556
FILT_W -0.0198743107 -0.016780529 0.000557844447
FILT_DQ -0.0215117466 -0.0258915722 -0.0270089626 -0.0247242017 -0.0193580388 -0.0116482763 -0.00264991186 0.00640765056 0.0142869949 0.0199101713 0.0225045918 0.0217075961 0.0176155365 0.0107707365 0.0020880901 -0.00726876468 -0.016044939 -0.0230641362 -0.0273878586 -0.028442428 -0.0260966309 -0.0206794775 -0.0129356716 -0.00392481843
FLAGS 1 1 1 0
STATE 2 0.44 4.74 4.74
GAIT 0 0 1
STEP 537 RESET 0
CMD 0 0 0
W -0.0143459194 -0.00971690873 -0.00727890122
DQ -0.0197579 -0.017346335 -0.0148608261 -0.0127460516 -0.0113965124 -0.0111031387 -0.0120139135 -0.0141138438 -0.0172269903 -0.0210402793 -0.0251458764 -0.0290963845 -0.0324653972 -0.0349052105 -0.0361938835 -0.0362652765 -0.0352180032 -0.0333020832 -0.0308851036 -0.0284024676 -0.0262984644 -0.0249661373 -0.0246940868 -0.0256274099
FILT_W -0.0193214716 -0.016074167 -0.00022583012
FILT_DQ -0.0213363619 -0.0250370485 -0.0257941489 -0.0235263867 -0.0185618862 -0.0115937625 -0.00358631202 0.00435550112 0.0111355964 0.0158151262 0.0177395449 0.0166271981 0.0126074431 0.00620314178 -0.00174010726 -0.0101684159 -0.0179622454 -0.0240879309 -0.0277375831 -0.0284384319 -0.0261168143 -0.0211081435 -0.0141115131 -0.00609507757
FLAGS 1 1 1 0
STATE 2 0.46 4.76 4.76
GAIT 0 0 1
STEP 538 RESET 0
CMD 0 0 0
W 0.00782531687 0.0146688968 0.0191506449
DQ 0.0126221263 0.0166673337 0.0207304969 0.024369962 0.0272014207 0.0289499247 0.0294870984 0.028848514 0.0272288773 0.0249556747 0.0224448497 0.0201445071 0.0184742636 0.017768455 0.0182308856 0.0199072438 0.0226789185 0.0262790529 0.0303286619 0.0343879262 0.0380157196 0.0408293136 0.0425561777 0.0430708651
FILT_W -0.0166067928 -0.0129998606 0.00171181738
FILT_DQ -0.0179405131 -0.0208666102 -0.0211416844 -0.0187367519 -0.0139855555 -0.00753939381 -0.00027897098 0.00680480241 0.0127449245 0.0167291811 0.0182100754 0.016978929 0.0131941252 0.00735967311 0.000256992031 -0.0071608499 -0.013898129 -0.0190512326 -0.0219309586 -0.0221557961 -0.0197035609 -0.0149143978 -0.00844474402 -0.0011784833
FLAGS 1 1 1 0
STATE 2 0.48 4.78 4.78
GAIT 0 0 1
STEP 539 RESET 0
CMD 0 0 0
W -0.0139997773 -0.00934826693 -0.00722668723
DQ -0.018990701 -0.0165187169 -0.0140848031 -0.0121266547 -0.0110175741 -0.0110159465 -0.0122302684 -0.0146044633 -0.0179254713 -0.0218520857 -0.025961134 -0.029804752 -0.0329710003 -0.0351396183 -0.03612537 -0.0359031147 -0.0346112099 -0.0325327851 -0.0300574216 -0.0276284245 -0.0256828234 -0.0245922225 -0.0246125058 -0.0258492042
FILT_W -0.0163460912 -0.0126347012 0.000817966922
FILT_DQ -0.0180455319 -0.0204318209 -0.0204359962 -0.0180757421 -0.0136887573 -0.00788704908 -0.00147410073 0.00466387584 0.00967788488 0.0128710544 0.0137929545 0.0123005609 0.00857761263 0.00310974397 -0.00338124417 -0.0100350764 -0.0159694371 -0.0203993878 -0.0227436049 -0.022703059 -0.0203014871 -0.0158821802 -0.0100615202 -0.00364555539
FLAGS 1 1 1 0
STATE 2 0.5 4.8 4.8
GAIT 0 0 1
STEP 540 RESET 0
CMD 0 0 0
W 0.0081785959 0.0150313886 0.0191890761
DQ 0.0134027988 0.0174946374 0.0214924601 0.0249634566 0.0275461201 0.0289991753 0.0292342344 0.0283277594 0.0265107137 0.0241373023 0.0216370313 0.0194565771 0.0179993301 0.0175707981 0.0183372572 0.0203032469 0.0233109561 0.0270615816 0.0311557701 0.0351476687 0.0386052688 0.0411688768 0.0425997966 0.0428126361
FILT_W -0.0138936225 -0.00986809226 0.00265507784
FILT_DQ -0.0149006988 -0.0166391751 -0.0162431506 -0.0137718223 -0.0095652696 -0.00419842664 0.00159673279 0.0070302642 0.0113611678 0.0139976792 0.0145773622 0.0130161625 0.00951978438 0.00455584938 -0.00120939403 -0.00700124405 -0.0120413978 -0.0156532909 -0.0173536674 -0.0169179862 -0.0144108115 -0.0101770745 -0.00479538851 0.00100026376
FLAGS 1 1 1 0
STATE 2 0.52 4.82 4.82
GAIT 0 0 1
STEP 541 RESET 0
CMD 0 0 0
W -0.0136397697 -0.00899234424 -0.0072020832
DQ -0.0181982067 -0.0156934779 -0.0133385117 -0.0115603179 -0.010707843 -0.0110047417 -0.0125191065 -0.0151542513 -0.018661798 -0.0226752928 -0.0267598042 -0.0304707891 -0.0334142593 -0.0353001062 -0.0359813654 -0.035474108 -0.0339552652 -0.0317386814 -0.0292326371 -0.0268845899 -0.0251206132 -0.0242877293 -0.0246069412 -0.0261433215
FILT_W -0.0138682372 -0.00978051745 0.00166936174
FILT_DQ -0.0152304496 -0.0165446053 -0.0159526867 -0.0135506718 -0.00967952694 -0.00487905815 0.00018514886 0.00481181265 0.00835887119 0.010330382 0.0104436455 0.00866746733 0.00522638001 0.000570253827 -0.00468659117 -0.00984853044 -0.0142327845 -0.0172618299 -0.0185415644 -0.0179146466 -0.0154817917 -0.01158814 -0.00677654378 -0.00171409476
FLAGS 1 1 1 0
STATE 2 0.54 4.84 4.84
GAIT 0 0 1
STEP 542 RESET 0
CMD 0 0 0
W 0.00854491608 0.0153803308 0.0191998245
DQ 0.0142054384 0.0183160658 0.0222215008 0.0255014374 0.0278202277 0.0289723106 0.0289100334 0.0277501012 0.0257577817 0.0233110021 0.020849199 0.018813842 0.0175886834 0.0174478189 0.0185185901 0.0207643495 0.0239894202 0.0278655803 0.031976486 0.0358740217 0.0391389505 0.0414376558 0.042567295 0.0424832528
FILT_W -0.0116269219 -0.00726443263 0.00342240802
FILT_DQ -0.0122868608 -0.0130585382 -0.0121352679 -0.0096454609 -0.00592955148 -0.00149392127 0.00305763731 0.0071056415 0.0100987622 0.011628444 0.0114842009 0.00968210479 0.00646261035 0.00225801033 -0.00236607304 -0.00678724245 -0.010410564 -0.0127490889 -0.0134897593 -0.0125357798 -0.0100197175 -0.00628556043 -0.00184215991 0.00270563999
FLAGS 1 1 1 0
STATE 2 0.56 4.86 4.86
GAIT 0 0 1
STEP 543 RESET 0
CMD 0 0 0
W -0.0132675604 -0.00865078581 -0.00720520285
DQ -0.0173871198 -0.0148775979 -0.0126282641 -0.0110518314 -0.0104699388 -0.0110696191 -0.0128779846 -0.0157585576 -0.0194297425 -0.0235029378 -0.0275351319 -0.0310888625 -0.033791425 -0.0353853166 -0.0357630878 -0.0349818851 -0.0332557171 -0.0309264887 -0.0284177262 -0.0261772552 -0.0246165892 -0.0240552331 -0.0246774403 -0.026507274
FILT_W -0.0117909857 -0.00740306795 0.00235964693
FILT_DQ -0.0127968867 -0.0132404442 -0.0121845676 -0.00978609794 -0.00638359022 -0.00245149106 0.00146407513 0.00481922159 0.00714591176 0.00811530582 0.00758226759 0.00560500806 0.00243720681 -0.00150632236 -0.00570577451 -0.00960670672 -0.0126950793 -0.0145668289 -0.014982556 -0.0138999273 -0.0114794047 -0.0080625277 -0.00412568795 -0.000215651406
FLAGS 1 1 1 0
STATE 2 0.58 4.88 4.88
GAIT 0 0 1
STEP 544 RESET 0
CMD 0 0 0
W 0.00892258419 0.0157141106 0.0191828404
DQ 0.0150232565 0.0191246713 0.0229114527 0.0259793539 0.0280214251 0.0288695578 0.0285172375 0.0271204252 0.0249764493 0.0224837631 0.0200880162 0.0182217379 0.0172457966 0.0174005575 0.0187733507 0.0212866513 0.0247085723 0.0286842487 0.0327838678 0.0365608416 0.0396122506 0.0416333772 0.0424589477 0.0420855011
FILT_W -0.00971962875 -0.00509135009 0.00404196628
FILT_DQ -0.0100148724 -0.0100039326 -0.00867496552 -0.00620955276 -0.00294308868 0.000680613831 0.00416939136 0.00704934195 0.00892896552 0.00955215155 0.00883284245 0.00686668105 0.00391806579 0.000384365619 -0.00325786199 -0.00651737092 -0.00895471419 -0.0102417211 -0.0102059136 -0.00885385041 -0.00637023913 -0.00309293721 0.000532775615 0.00401446384
FLAGS 1 1 1 0
STATE 2 0.6 4.9 4.9
GAIT 0 0 1
STEP 545 RESET 0
CMD 0 0 0
W -0.01288487 -0.00832517041 -0.00723603177
DQ -0.0165643007 -0.0140779776 -0.0119600676 -0.0106054959 -0.0103058738 -0.0112100299 -0.0133038673 -0.0164122711 -0.0202228096 -0.0243280206 -0.0282805594 -0.0316537445 -0.0340993074 -0.035394529 -0.0354723832 -0.0344306092 -0.0325184824 -0.0301030765 -0.0276195815 -0.0255124031 -0.0241750142 -0.0238967005 -0.0248234066 -0.0269379835
FILT_W -0.0100361529 -0.00541473212 0.00291416648
FILT_DQ -0.0106698152 -0.0104113371 -0.00900347573 -0.00664914707 -0.00367936719 -0.000508450546 0.0024220655 0.00470318065 0.00601378801 0.00616413433 0.00512150227 0.0030146385 0.000116328464 -0.00319352384 -0.00647931412 -0.00930869475 -0.011311091 -0.0122278567 -0.0119472804 -0.0105197057 -0.00815071664 -0.00517331354 -0.00200284261 0.000919219113
FLAGS 1 1 1 0
STATE 2 0.62 4.92 4.92
GAIT 0 0 1
STEP 546 RESET 0
CMD 0 0 0
W 0.00930985457 0.0160311853 0.0191382023
DQ 0.015849336 0.0199136146 0.0235564802 0.026393164 0.0281480107 0.028691786 0.0280591689 0.0264440573 0.0241733253 0.0216625821 0.0193599211 0.0176852731 0.0169735699 0.0174294136 0.0190993841 0.021865735 0.0254623298 0.0295106626 0.0335710869 0.0372023194 0.0400211661 0.0417543857 0.0422756711 0.0416227451
FILT_W -0.00810155212 -0.00327014038 0.00453657006
FILT_DQ -0.00801790008 -0.00737884197 -0.00574748014 -0.00334491596 -0.000496629407 0.00241157311 0.00498577584 0.00687726832 0.00782974175 0.00771397911 0.00654534415 0.00448170195 0.00180205261 -0.0011312301 -0.0039214443 -0.00619125178 -0.00763374893 -0.00805400472 -0.00739544369 -0.00574750317 -0.00333352836 -0.000480543622 0.00242500876 0.00498957172
FLAGS 1 1 1 0
STATE 2 0.64 4.94 4.94
GAIT 0 0 1
STEP 547 RESET 0
CMD 0 0 0
W -0.0124934673 -0.00801700309 -0.00729442744
DQ -0.0157367086 -0.0133013803 -0.0113395738 -0.0102250866 -0.0102170355 -0.0114247866 -0.0137931526 -0.0171098625 -0.0210342914 -0.0251435626 -0.0289897817 -0.0321606573 -0.0343353024 -0.0353276654 -0.0351117107 -0.033824943 -0.0317497967 -0.0292754092 -0.0268449536 -0.0248956568 -0.0237996233 -0.0238134723 -0.0250436057 -0.0274318069
FILT_W -0.00854074364 -0.00374482665 0.00335347031
FILT_DQ -0.00878978094 -0.0079710958 -0.00630668951 -0.00403293302 -0.00146867002 0.00102793714 0.003107883 0.00447855524 0.00494333843 0.00442822494 0.00299183156 0.000817466028 -0.00181168289 -0.00455087362 -0.00704047093 -0.0089546209 -0.0100453537 -0.0101761452 -0.00934039468 -0.00766231853 -0.00538013785 -0.00281383649 -0.000321852682 0.00174743386
FLAGS 1 1 1 0
STATE 2 0.66 4.96 4.96
GAIT 0 0 1
STEP 548 RESET 0
CMD 0 0 0
W 0.00970493718 0.0163300891 0.0190661166
DQ 0.0166766897 0.0206762229 0.0241511275 0.0267393677 0.0281989137 0.0284404988 0.0275397021 0.0257267183 0.0233552025 0.0208544046 0.018671072 0.0172089848 0.0167743059 0.0175341433 0.0194939328 0.0224967024 0.0262443175 0.0303378322 0.0343314848 0.0377930294 0.0403622384 0.0417996576 0.0420190154 0.041098899
FILT_W -0.00671617556 -0.00173733508 0.00492473494
FILT_DQ -0.00624313387 -0.00510636393 -0.0032609078 -0.000955702947 0.00149808835 0.00376919331 0.0055510649 0.00660337155 0.00678452484 0.0060708429 0.0045597556 0.0024566179 4.69159822e-05 -0.00234237193 -0.00438703056 -0.00580948858 -0.00641638659 -0.00612474744 -0.00497320674 -0.00311678374 -0.000805900234 0.00164751292 0.00391223413 0.00568258037
FLAGS 1 1 1 0
STATE 2 0.68 4.98 4.98
GAIT 0 0 1
STEP 549 RESET 0
CMD 0 0 0
W -0.0120951614 -0.00772770828 -0.00738011997
DQ -0.0149113435 -0.0125543745 -0.0107720309 -0.00991382094 -0.0102041755 -0.0117120727 -0.014341702 -0.0178454316 -0.0218573244 -0.0259426659 -0.0296568003 -0.0326053134 -0.034497414 -0.0351852912 -0.0346841206 -0.0331700093 -0.0309561615 -0.0284504874 -0.0261003944 -0.0243322329 -0.0234935914 -0.0238062524 -0.025336175 -0.0279845675
FILT_W -0.00725407414 -0.0023363724 0.00369424945
FILT_DQ -0.00710995483 -0.00585116498 -0.00401202011 -0.00185151475 0.000327861962 0.00222106671 0.00356178822 0.00415849123 0.00392033991 0.00286949202 0.00113810001 -0.00104957523 -0.00340751701 -0.00562666386 -0.00741673956 -0.00854554065 -0.00887036409 -0.00835732143 -0.0070859255 -0.00523832865 -0.00307466935 -0.000897863613 0.000987393218 0.00231586558
FLAGS 1 1 1 0
STATE 2 0.7 5 5
GAIT 0 0 1
STEP 550 RESET 0
CMD 0 0 0
W 0.0101060058 0.0166094405 0.0189669163
DQ 0.01749832 0.021406046 0.0246903652 0.0270150368 0.0281737035 0.0281178216 0.0269632306 0.0249744753 0.0225290005 0.0200660662 0.018027295 0.0167969015 0.0166496898 0.0177138606 0.0199536597 0.0231742169 0.0270479212 0.0311587611 0.0350586301 0.0383279753 0.0406325825 0.0417688102 0.0416911515 0.0405183933
FILT_W -0.00551806614 -0.00044179111 0.00522151614
FILT_DQ -0.00464912735 -0.00312544389 -0.00114178158 0.00103514041 0.00311244612 0.0048107422 0.00590193246 0.00624008964 0.00578120597 0.00458914944 0.00282701951 0.000735072444 -0.00140179633 -0.00329261141 -0.00467969964 -0.0053735649 -0.00527853556 -0.00440571318 -0.00287146995 -0.000881698261 0.00129605584 0.00336880376 0.00505776904 0.00613611836
FLAGS 1 1 1 1
STATE 2 0.72 5.02 0
GAIT 0 0 1
STEP 551 RESET 0
CMD 0 0 0
W -0.0116917935 -0.00745862315 -0.00749271325
DQ -0.0140951863 -0.0118432782 -0.0102622392 -0.00967433168 -0.0102674024 -0.0120694583 -0.0149448759 -0.018612757 -0.0226849474 -0.0267185716 -0.0302759736 -0.032983952 -0.0345842709 -0.0349686109 -0.0341932296 -0.0324713474 -0.0301442894 -0.0276352882 -0.0253922014 -0.0238268967 -0.0232595069 -0.0238751019 -0.02569864 -0.02859159
FILT_W -0.00613543888 -0.00114347431 0.0039500932
FILT_DQ -0.00559373324 -0.00399722732 -0.00205382734 -3.58068017e-05 0.00177446127 0.00312272214 0.00381725162 0.00375480497 0.00293459063 0.00145837733 -0.000483279794 -0.00263683 -0.00472004378 -0.00646021136 -0.00763105263 -0.00808334315 -0.00776511095 -0.00672867068 -0.00512354309 -0.00317621811 -0.00115950044 0.000644413196 0.00198212814 0.00266334752
FLAGS 1 1 1 0
STATE 2 0.74 5.04 0.02
GAIT 0 0 1
STEP 552 RESET 0
CMD 0 0 0
W 0.0105112067 0.0168679483 0.0188410602
DQ 0.0183072775 0.022096911 0.0251696324 0.0272178396 0.0280725936 0.0277264836 0.0263346304 0.0241936909 0.0217017075 0.0193042347 0.0174340355 0.0164525087 0.0166007758 0.0179670456 0.0204746763 0.023892548 0.027866344 0.031966506 0.0357463725 0.0388026326 0.040829912 0.0416621042 0.0412948523 0.0398861381
FILT_W -0.00447077432 0.000657667946 0.0054391899
FILT_DQ -0.00320363217 -0.00138781349 0.00066851863 0.00268955784 0.0044042745 0.00558309829 0.0060689895 0.00579869356 0.00481130231 0.00324296307 0.00130845173 -0.000727896124 -0.00258796182 -0.00401748566 -0.00482047974 -0.00488575404 -0.00420196546 -0.00285915301 -0.00103655153 0.00102166696 0.0030394408 0.0047461823 0.00591340055 0.00638562658
FLAGS 1 1 1 0
STATE 2 0.76 5.06 0.04
GAIT 0 0 1
STEP 553 RESET 0
CMD 0 0 0
W -0.011285228 -0.00721099148 -0.00763168686
DQ -0.0132951401 -0.0111741061 -0.00981451052 -0.0095086444 -0.0104061815 -0.0124939208 -0.0155975726 -0.0194053486 -0.0235101603 -0.0274647171 -0.0308420644 -0.0332933704 -0.0345951385 -0.0346794569 -0.0336431896 -0.0317348668 -0.0293210473 -0.0268367065 -0.0247263645 -0.0233839225 -0.0230993499 -0.0240194385 -0.0261279349 -0.0292477403
FILT_W -0.00515221969 -0.000129197996 0.00413210222
FILT_DQ -0.00421278296 -0.00236644276 -0.000379784284 0.00146973761 0.00292322889 0.00377539638 0.00390233329 0.00327828935 0.00197915605 0.000172195053 -0.00190659988 -0.00398444355 -0.00578867949 -0.00708368278 -0.00770275072 -0.00757066532 -0.00671387364 -0.00525690836 -0.00340553283 -0.00141889198 0.000425561732 0.00186962022 0.002709267 0.00282228989
FLAGS 1 1 1 0
STATE 2 0.78 5.08 0.06
GAIT 0 0 1
STEP 554 RESET 0
CMD 0 0 0
W 0.010918667 0.0171044176 0.0186891298
DQ 0.0190967199 0.0227429745 0.0255848754 0.0273460608 0.0278964389 0.0272697948 0.025659218 0.0233909689 0.0208803206 0.0185753537 0.016896311 0.0161787193 0.0166279775 0.0182915568 0.0210525759 0.02464562 0.0286926637 0.0327542349 0.0363888951 0.0392129865 0.0409525578 0.0414804424 0.0408334698 0.039207481
FILT_W -0.00354513102 0.00159416356 0.00558780498
FILT_DQ -0.00188183267 0.000144498971 0.00221668168 0.00405736993 0.00542054989 0.00612483622 0.00607802176 0.0052895573 0.0038692725 0.00201251092 -2.63087929e-05 -0.00196812726 -0.0035470138 -0.00454615882 -0.00482721806 -0.00434903678 -0.00317321991 -0.00145579404 0.000573909963 0.00264429587 0.00447826134 0.00583070243 0.00652168728 0.006460809
FLAGS 1 1 1 0
STATE 2 0.8 5.1 0.08
GAIT 0 0 1
STEP 555 RESET 0
CMD 0 0 0
W -0.0108773441 -0.00698595788 -0.00779639843
DQ -0.0125179716 -0.010552518 -0.00943263175 -0.00941816048 -0.0106193391 -0.0129818698 -0.0162942716 -0.0202165026 -0.0243259835 -0.0281747915 -0.0313502848 -0.0335309516 -0.034529925 -0.034320275 -0.0330386529 -0.0309667965 -0.0284933982 -0.0260614969 -0.0241085155 -0.0230070569 -0.0230144748 -0.0242380414 -0.0266204288 -0.0299474686
FILT_W -0.00427835233 0.000736151418 0.00424938464
FILT_DQ -0.00294544657 -0.000925202725 0.00105175034 0.00270981689 0.003816561 0.00421416562 0.00384079242 0.00273895131 0.0010497469 -0.00100621932 -0.0031587064 -0.0051244097 -0.00664530492 -0.00752357044 -0.00764836154 -0.00701081276 -0.00570523773 -0.00391636433 -0.00189433258 7.91605893e-05 0.00172898773 0.00282382806 0.00320747567 0.00281998124
FLAGS 1 1 1 0
STATE 2 0.82 5.12 0.1
GAIT 0 0 1
STEP 556 RESET 0
CMD 0 0 0
W 0.0113265031 0.0173177554 0.0185118274
DQ 0.0198599702 0.0233387722 0.025932582 0.027398616 0.0276467295 0.0267516178 0.0249427063 0.0225730989 0.0200717872 0.0178855881 0.0164186698 0.0159778489 0.0167310648 0.0186846495 0.0216824707 0.0254270635 0.0295198913 0.0335152852 0.0369807635 0.0395555664 0.0409994826 0.041225361 0.0403109064 0.038488162
FILT_W -0.00271786678 0.00239431182 0.00567562891
FILT_DQ -0.000664904889 0.00150119477 0.00353983351 0.0051786968 0.00619957785 0.00646791083 0.00595098381 0.00472236607 0.00295195093 0.000882961421 -0.00120096878 -0.00301418384 -0.00430766794 -0.00490274844 -0.00471527832 -0.00376702513 -0.00218272483 -0.000173199378 0.00199317703 0.00402680117 0.00565603721 0.00666398135 0.00691781874 0.00638679932
FLAGS 1 1 1 0
STATE 2 0.84 5.14 0.12
GAIT 0 0 1
STEP 557 RESET 0
CMD 0 0 0
W -0.0104700271 -0.0067845625 -0.00798608662
DQ -0.0117702543 -0.00998377126 -0.00911983283 -0.00940364525 -0.0109050721 -0.0135291785 -0.0170290802 -0.0210393583 -0.0251255166 -0.0288427889 -0.0317963363 -0.0336946862 -0.0343891819 -0.0338941032 -0.0323847327 -0.030173633 -0.0276683423 -0.0253162161 -0.0235438799 -0.0226994875 -0.0230055996 -0.0245290615 -0.0271719562 -0.0306848564
FILT_W -0.00349308281 0.00147642438 0.00430945736
FILT_DQ -0.00177543983 0.000352698164 0.00227386687 0.0037204626 0.00448911285 0.0044682019 0.0036529774 0.00214619364 0.000144204182 -0.00208961362 -0.00426050553 -0.00608223407 -0.00731581934 -0.00780188392 -0.00748222376 -0.00640768591 -0.00473128657 -0.00268750105 -0.000560528667 0.0013541723 0.00278987354 0.00354467707 0.00350884124 0.00267963374
FLAGS 1 1 1 0
STATE 2 0.86 5.16 0.14
GAIT 0 0 1
STEP 558 RESET 0
CMD 0 0 0
W 0.0117328301 0.0175069756 0.0183099726
DQ 0.0205905727 0.0238792647 0.0262098114 0.0273750606 0.0273255774 0.0261763354 0.0241911554 0.0217469984 0.0192829459 0.017240772 0.0160051517 0.0158515966 0.0169091659 0.0191429989 0.0223590329 0.026230269 0.03034103 0.0342432198 0.0375169716 0.0398274746 0.0409702895 0.0408990177 0.0397315819 0.0377342652
FILT_W -0.00197049152 0.0030794795 0.00570950889
FILT_DQ 0.000461161428 0.00270535482 0.00466746133 0.00608592239 0.0067727593 0.00663901525 0.0057067952 0.00410627411 0.00205807835 -0.000156575053 -0.00223393981 -0.003888851 -0.00489332082 -0.00510739564 -0.0044980981 -0.00314389042 -0.00122405491 0.00100557104 0.00324722136 0.00520150254 0.00660791513 0.00728011113 0.00713111531 0.00618509689
FLAGS 1 1 1 0
STATE 2 0.88 5.18 0.16
GAIT 0 0 1
STEP 559 RESET 0
CMD 0 0 0
W -0.0100651598 -0.00660773623 -0.00819987466
DQ -0.0110583122 -0.0094726764 -0.00887875944 -0.00946522147 -0.0112609639 -0.0141312176 -0.0177957834 -0.0218669559 -0.0259019972 -0.0294630595 -0.0321764462 -0.0337831892 -0.0341740997 -0.033404546 -0.0316869599 -0.0293620848 -0.0268528579 -0.0246071676 -0.0230372337 -0.0224638157 -0.0230727993 -0.0248900375 -0.0277778521 -0.0314536671
FILT_W -0.00277995835 0.00211075793 0.00431857053
FILT_DQ -0.000690785939 0.0014875517 0.00331283925 0.00453080801 0.00496938699 0.00456199197 0.00335653734 0.00150895111 -0.000737929198 -0.0030872235 -0.00522819045 -0.00687828482 -0.0078213987 -0.00793711068 -0.00721698428 -0.00576570986 -0.00378693521 -0.00155570283 0.000618775851 0.00243497071 0.00363984369 0.00406309626 0.00364021856 0.00242122049
FLAGS 1 1 1 0
STATE 2 0.9 5.2 0.18
GAIT 0 0 1
STEP 560 RESET 0
CMD 0 0 0
W 0.0121357698 0.0176712035 0.0180844984
DQ 0.021282348 0.0243598806 0.0264142188 0.0272755938 0.0269356989 0.0255488134 0.023410922 0.0209196546 0.0185204687 0.0166463592 0.0156592543 0.0158010301 0.0171607743 0.0196627281 0.0230765401 0.027048443 0.0311491347 0.034931882 0.0379929841 0.0400264114 0.0408652254 0.0405041727 0.0391003963 0.0369521671
FILT_W -0.00128838554 0.00366680249 0.00569516332
FILT_DQ 0.00150652746 0.00377478459 0.00562297721 0.00680528659 0.00716601817 0.00666067411 0.0053619758 0.00345002146 0.0011879106 -0.00111386523 -0.00313944597 -0.00461035332 -0.0053231814 -0.00517712679 -0.00418763184 -0.00248429457 -0.000293328225 0.00209305566 0.00435619668 0.00619411478 0.00736238186 0.0077072039 0.00718623634 0.00587431515
FLAGS 1 1 1 0
STATE 2 0.92 5.22 0.2
GAIT 0 0 1
STEP 561 RESET 0
CMD 0 0 0
W -0.00966461349 -0.0064562964 -0.00843677438
DQ -0.0103881672 -0.00902355629 -0.00871145058 -0.00960236834 -0.0116840043 -0.014782895 -0.0185878963 -0.0226922956 -0.0266488577 -0.0300303569 -0.0324873994 -0.0337957121 -0.0338864974 -0.0328557442 -0.0309512362 -0.0285390161 -0.0260538426 -0.0239403487 -0.022592862 -0.0223020348 -0.0232155055 -0.0253179163 -0.028432992 -0.032247398
FILT_W -0.00212600833 0.0026544926 0.00428196955
FILT_DQ 0.000317057995 0.0024949505 0.00418953443 0.0051645211 0.00528101593 0.0045163172 0.00296698859 0.000835789755 -0.00159576624 -0.0040055144 -0.00607424131 -0.0075288892 -0.008179513 -0.00794498853 -0.00686399228 -0.00508976672 -0.00286937966 -0.000510284779 0.00166129081 0.00334449982 0.00430459312 0.00440469188 0.0036243135 0.00206214384
FLAGS 1 1 1 0
STATE 2 0.94 5.24 0.22
GAIT 0 0 1
STEP 562 RESET 0
CMD 0 0 0
W 0.0125334597 0.0178096802 0.017836447
DQ 0.0219294451 0.0247765548 0.0265440752 0.027101057 0.0264803916 0.0248743593 0.0226086053 0.0200980651 0.0177908048 0.0161073774 0.0153839032 0.0158265773 0.017483762 0.0202394415 0.0238289237 0.0278746652 0.0319373703 0.0355754469 0.0384047749 0.0401506941 0.0406851789 0.0400441655 0.0384226882 0.0361484827
FILT_W -0.000660061529 0.00417001136 0.0056374173
FILT_DQ 0.0024782967 0.00472311093 0.0064249885 0.00735817469 0.00740095349 0.00655212141 0.00493115026 0.00276201729 0.000342890863 -0.00199422522 -0.00392842686 -0.00519334256 -0.0056131855 -0.00512654553 -0.00379470068 -0.00179332353 0.000611295328 0.00309828839 0.00533563922 0.00702511925 0.0079426517 0.00796863924 0.00710415097 0.00547077773
FLAGS 1 1 1 0
STATE 2 0.96 5.26 0.24
GAIT 0 0 1
STEP 563 RESET 0
CMD 0 0 0
W -0.00927023965 -0.00633094301 -0.00869569076
DQ -0.00976548716 -0.00864020958 -0.00861932135 -0.00981392585 -0.0121706152 -0.0154786988 -0.0193987193 -0.0235083966 -0.0273597814 -0.030539883 -0.0327265659 -0.033732149 -0.0335288077 -0.0322523394 -0.0301837845 -0.0277113883 -0.0252780544 -0.0233213993 -0.0222145233 -0.0222155132 -0.0234325113 -0.0258090787 -0.0291318346 -0.0330593357
FILT_W -0.00152107934 0.00311991592 0.0042041065
FILT_DQ 0.00125391832 0.00338677887 0.00492055752 0.00564096463 0.00544379662 0.00434903939 0.0024981633 0.000134975903 -0.00242737636 -0.00484879099 -0.00680824076 -0.0080472232 -0.00840474772 -0.00783912492 -0.00643360906 -0.00438513001 -0.00197763964 0.000456319626 0.00258062296 0.00410105601 0.0048051354 0.00459086744 0.00348055242 0.00161776639
FLAGS 1 1 1 0
STATE 2 0.98 5.28 0.26
GAIT 0 0 1
STEP 564 RESET 0
CMD 0 0 0
W 0.0129240616 0.0179217654 0.017566965
DQ 0.0225263907 0.025125763 0.0265982823 0.0268529264 0.0259635065 0.0241586777 0.0217909914 0.0192891791 0.0171001255 0.0156283851 0.0151814273 0.0159280219 0.0178753971 0.020868261 0.0246098199 0.0287019476 0.0326990699 0.0361684714 0.0387488611 0.0401992716 0.0404316729 0.0395228869 0.0377041897 0.0353300096
FILT_W -7.65652464e-05 0.00460010087 0.00554039234
FILT_DQ 0.00338116555 0.00556067729 0.00708833 0.00776216081 0.00749576761 0.00633000322 0.00442744612 0.00205039622 -0.000474626168 -0.00280107338 -0.00460927396 -0.00564969869 -0.00577673324 -0.00496838632 -0.00332926616 -0.00107642225 0.00149003131 0.0040275348 0.00619744677 0.00771087756 0.00836778916 0.00808406939 0.00690291614 0.00498899071
FLAGS 1 1 1 0
STATE 2 1 5.3 0.28
GAIT 0 0 1
STEP 565 RESET 0
CMD 0 0 0
W -0.00888386114 -0.00623225545 -0.00897542704
DQ -0.00919553886 -0.00832587864 -0.00860315099 -0.0100981046 -0.0127166809 -0.016212744 -0.0202213944 -0.0243083563 -0.028028755 -0.030987328 -0.0328919228 -0.0335930375 -0.0331040558 -0.0315994354 -0.0293910958 -0.0268862016 -0.0245320549 -0.0227555545 -0.0219054176 -0.0222049827 -0.0237219811 -0.0263593706 -0.029868469 -0.0338826127
FILT_W -0.000957294836 0.00351686524 0.0040888104
FILT_DQ 0.00212349511 0.00417202169 0.0055191819 0.00597613426 0.00547452276 0.0040757285 0.00196256207 -0.000585479034 -0.00323003905 -0.00561969885 -0.00743753884 -0.00844403257 -0.0085094655 -0.00763149123 -0.00593544913 -0.00365740019 -0.00111217731 0.00134922587 0.00338716033 0.00471929154 0.00515881213 0.00463972539 0.00322577762 0.00110183037
FLAGS 1 1 1 0
STATE 2 1.02 5.32 0.3
GAIT 0 0 1
STEP 566 RESET 0
CMD 0 0 0
W 0.0133057701 0.0180069412 0.0172772978
DQ 0.0230681359 0.0254045516 0.0265763817 0.0265333006 0.0253894154 0.0234078219 0.0209649957 0.0184998381 0.0164542728 0.0152134339 0.0150535391 0.0161045059 0.0183323671 0.0215438682 0.025412624 0.0295232928 0.033427791 0.0367059394 0.0390223323 0.0401717329 0.0401068516 0.0389447459 0.0369509777 0.0345036704
FILT_W 0.000469011657 0.00496587284 0.00540765915
FILT_DQ 0.00421795919 0.00629527469 0.00762490188 0.0080318509 0.00746601203 0.00600893784 0.00386280543 0.00132305268 -0.00126160786 -0.00353638558 -0.00518843104 -0.00598917872 -0.00582528224 -0.00471395528 -0.00280064181 -0.000339330892 0.00234181952 0.00488489723 0.00695067753 0.00826453568 0.00865361607 0.00807022744 0.00659829763 0.00444201437
FLAGS 1 1 1 0
STATE 2 1.04 5.34 0.32
GAIT 0 0 1
STEP 567 RESET 0
CMD 0 0 0
W -0.00850726389 -0.0061606899 -0.00927469023
DQ -0.00868314291 -0.00808322209 -0.00866307626 -0.0104525011 -0.0133175827 -0.0169788219 -0.0210489633 -0.0250854087 -0.0286501204 -0.0313689077 -0.0329820716 -0.0333795542 -0.0326158344 -0.0309025544 -0.0285798747 -0.0260704355 -0.0238221538 -0.0222476002 -0.0216681594 -0.0222705323 -0.0240814668 -0.0269641375 -0.0306366649 -0.0347102658
FILT_W -0.000428615897 0.00385321656 0.00393942421
FILT_DQ 0.00292784898 0.00485742501 0.00599610407 0.00618341569 0.00538765255 0.00371016187 0.00137162856 -0.00131779346 -0.00400045912 -0.00631963779 -0.00796779509 -0.00872821627 -0.00850433746 -0.00733281519 -0.0053785651 -0.00291244135 -0.00027457781 0.00217164749 0.00408879383 0.00521102888 0.00538010779 0.00456679095 0.00287480138 0.000526786354
FLAGS 1 1 1 0
STATE 2 1.06 5.36 0.34
GAIT 0 0 1
STEP 568 RESET 0
CMD 0 0 0
W 0.0136768208 0.0180648138 0.0169687845
DQ 0.0235500986 0.0256105627 0.0264785586 0.0261448832 0.0247629741 0.0226281427 0.0201376044 0.0177367183 0.0158587092 0.0148660332 0.0150013205 0.0163545368 0.0188508069 0.0222605487 0.0262305458 0.030331754 0.0341173702 0.0371833053 0.0392228756 0.040068311 0.0397134622 0.0383146325 0.0361694231 0.0336764544
FILT_W 0.000981927774 0.00527437629 0.00524236024
FILT_DQ 0.00499007394 0.00693273878 0.00804434952 0.00817956244 0.00732518471 0.00560195995 0.00324822614 0.000587657714 -0.00201454228 -0.00420107069 -0.00567088354 -0.00621994096 -0.00576882302 -0.0043734788 -0.00221765401 0.000411978177 0.00316461699 0.00567281326 0.007602202 0.00869675709 0.00881344323 0.0079415751 0.00620426355 0.00384175316
FLAGS 1 1 1 0
STATE 2 1.08 5.38 0.36
GAIT 0 0 1
STEP 569 RESET 0
CMD 0 0 0
W -0.0081421886 -0.00611657713 -0.00959209705
DQ -0.00823263317 -0.00791429232 -0.00879859032 -0.0108741178 -0.0139682382 -0.017770453 -0.0218744265 -0.0258329814 -0.0292186221 -0.0316813944 -0.0329962497 -0.0330935048 -0.0320682729 -0.0301675906 -0.0277569827 -0.0252709897 -0.0231543555 -0.0218018327 -0.0215047554 -0.0224116076 -0.0245079276 -0.0276182644 -0.0314299248 -0.0355352947
FILT_W 6.95161358e-05 0.00413528095 0.00375891451
FILT_DQ 0.00366780323 0.00544803567 0.00636005553 0.00627419441 0.00519584242 0.00326471866 0.000735960882 -0.0020544062 -0.00473495027 -0.00694910306 -0.00840342015 -0.00890729734 -0.00839876801 -0.00695288999 -0.00477158688 -0.00215631861 0.000532719741 0.00292534866 0.00469150627 0.00558592062 0.00548130615 0.00438559115 0.00244084472 -9.59516266e-05
FLAGS 1 1 1 0
STATE 2 1.1 5.4 0.38
GAIT 0 0 1
STEP 570 RESET 0
CMD 0 0 0
W 0.0140354987 0.0180951158 0.0166428511
DQ 0.0239682023 0.0257420538 0.0263056403 0.0256909592 0.024089481 0.0218262345 0.0193158157 0.0170062743 0.0153184721 0.0145891215 0.0150252129 0.0166759996 0.0194263317 0.0230122408 0.0270566672 0.0311204931 0.0347619748 0.0375965312 0.0393487947 0.0398898807 0.0392548322 0.0376378761 0.0353661363 0.0328553581
FILT_W 0.00146611439 0.00553126443 0.00504730816
FILT_DQ 0.00569784313 0.00747743749 0.00835461401 0.00821587089 0.00708520628 0.00512087024 0.00259394637 -0.000148338147 -0.00272960803 -0.0047952806 -0.00606055685 -0.00634896765 -0.00561625804 -0.00395637691 -0.00158876147 0.00117136256 0.00395564525 0.00639246692 0.00815723511 0.00901631663 0.00885865876 0.00771081965 0.00573337387 0.00319917935
FLAGS 1 1 1 0
STATE 2 1.12 5.42 0.4
GAIT 0 0 1
STEP 571 RESET 0
CMD 0 0 0
W -0.00779032275 -0.00610012105 -0.00992618039
DQ -0.00784782006 -0.00782051815 -0.00900854698 -0.0113593887 -0.0146631441 -0.0185809417 -0.0226908021 -0.0265447514 -0.0297294518 -0.0319221452 -0.0329343372 -0.0327373086 -0.0314660025 -0.0294007605 -0.0269293796 -0.0244946259 -0.0225343082 -0.0214220225 -0.0214165876 -0.0226270155 -0.0249977566 -0.0283162185 -0.0322415392 -0.0363507212
FILT_W 0.000540470676 0.00436812588 0.00354995931
FILT_DQ 0.00434327681 0.00594764192 0.00661829791 0.00625834494 0.00491037125 0.00275068905 6.54715167e-05 -0.00278797947 -0.0054295924 -0.00750796706 -0.00874793488 -0.00898780174 -0.00820123248 -0.00650081527 -0.00412282328 -0.00139523629 0.0013066499 0.00361101798 0.00519985284 0.00585198342 0.00547301722 0.00410811584 0.00193588257 -0.000755810705
FLAGS 1 1 1 0
STATE 2 1.14 5.44 0.42
GAIT 0 0 1
STEP 572 RESET 0
CMD 0 0 0
W 0.0143801458 0.018097707 0.016301004
DQ 0.0243189107 0.0257979127 0.0260590894 0.0251753681 0.0233746325 0.02100888 0.0185065803 0.0163146842 0.0148381308 0.0143850409 0.0151250144 0.0170661755 0.0200540735 0.0237925867 0.027884001 0.031882839 0.0353561529 0.0379421223 0.0393990246 0.0396379511 0.0387348405 0.0369202009 0.0345479114 0.0320473265
FILT_W 0.00192443819 0.00574108399 0.00482506378
FILT_DQ 0.0063408402 0.007932669 0.00856237706 0.00815004726 0.00675679737 0.00457650815 0.00190958239 -0.000877713107 -0.00340282009 -0.00531866626 -0.00636063996 -0.00638240401 -0.00537570188 -0.00347147507 -0.000922140856 0.00193257123 0.0047116002 0.00704412841 0.00861977001 0.00923058019 0.00879919955 0.00738932434 0.00519708545 0.00252450302
FLAGS 1 1 1 0
STATE 2 1.16 5.46 0.44
GAIT 0 0 1
STEP 573 RESET 0
CMD 0 0 0
W -0.00745329273 -0.00611139773 -0.010275396
DQ -0.00753195835 -0.00780269272 -0.00929117042 -0.0119042092 -0.0153964228 -0.0194034328 -0.0234911853 -0.0272146985 -0.0301782886 -0.0320891238 -0.0327968579 -0.0323139784 -0.0308141173 -0.0286085498 -0.0261040655 -0.0237479108 -0.0219672564 -0.0211113818 -0.0214044018 -0.0229149339 -0.0255468108 -0.0290520966 -0.0330646435 -0.0371496484
FILT_W 0.000986665096 0.00455583581 0.0033150178
FILT_DQ 0.00495356034 0.00635913283 0.00677702232 0.00614462161 0.00454147535 0.00217851405 -0.000630494376 -0.00351141165 -0.00608036694 -0.00799571202 -0.00900426175 -0.00897556146 -0.00791954342 -0.00598518255 -0.00344033332 -0.000635476965 0.00204371455 0.0042285774 0.00561735283 0.00601602878 0.00536459852 0.00374518225 0.00137091255 -0.00144291213
FLAGS 1 1 1 0
STATE 2 1.18 5.48 0.46
GAIT 0 0 1
STEP 574 RESET 0
CMD 0 0 0
W 0.0147091692 0.0180725754 0.0159448234
DQ 0.0245992574 0.0257776669 0.0257409913 0.0246024707 0.0226244748 0.0201829923 0.0177167427 0.0156677974 0.014421748 0.0142555175 0.0152998808 0.0175217644 0.020728723 0.0245949862 0.0287055494 0.0326123437 0.0358948788 0.0382171554 0.0393731405 0.039314653 0.0381578854 0.0361676768 0.033721669 0.0312591939
FILT_W 0.0023589155 0.00590750978 0.00457799836
FILT_DQ 0.00691813005 0.00830098624 0.00867341922 0.00799040652 0.0063497753 0.00397896188 0.00120422933 -0.00159349074 -0.00403015545 -0.00577058907 -0.0065738475 -0.00632582888 -0.00505471678 -0.00292716568 -0.000225745042 0.0026893051 0.00542883098 0.0076274352 0.00899293159 0.00934589121 0.0086439272 0.00698743171 0.0046059882 0.00182729847
FLAGS 1 1 1 0
STATE 2 1.2 5.5 0.48
GAIT 0 0 1
STEP 575 RESET 0
CMD 0 0 0
W -0.00713265636 -0.00615035503 -0.0106381298
DQ -0.0072877196 -0.0078609668 -0.0096440702 -0.0125039714 -0.0161618724 -0.0202309697 -0.0242688063 -0.0278371563 -0.0305613365 -0.032180918 -0.0325849744 -0.0318270948 -0.0301181309 -0.0277976591 -0.0252880208 -0.0230371599 -0.0214579961 -0.0208725381 -0.0214683011 -0.0232729276 -0.0261504463 -0.0298196745 -0.0338922759 -0.0379253191
FILT_W 0.00140975832 0.0047017233 0.00305638554
FILT_DQ 0.00549754509 0.00668479093 0.00684167028 0.00594096873 0.00409861053 0.00155796872 -0.00134307424 -0.0042178573 -0.00668327355 -0.00841162197 -0.00917496019 -0.00887595547 -0.00756105819 -0.00541421502 -0.00273197262 0.000116658604 0.00274014827 0.00477743788 0.00594680833 0.00608400932 0.00516448986 0.00330672108 0.000756161787 -0.00214796329
FLAGS 1 1 1 0
STATE 2 1.22 5.52 0.5
GAIT 0 0 1
STEP 576 RESET 0
CMD 0 0 0
W 0.0150210479 0.0180198374 0.0155759557
DQ 0.0248068714 0.0256814878 0.0253540365 0.0239771127 0.0218453528 0.0193555569 0.0169529833 0.0150710854 0.0140728455 0.0142016468 0.015548333 0.0180389127 0.0214445739 0.0254126525 0.0295143639 0.0333028371 0.0363735961 0.0384193044 0.0392713612 0.038922721 0.0375288466 0.0353866688 0.0328943976 0.0304976263
FILT_W 0.00277088728 0.00603353471 0.00430834255
FILT_DQ 0.00742847772 0.00858446062 0.0086929069 0.00774458313 0.00587328476 0.00333772754 0.000486531518 -0.00228896303 -0.00460766165 -0.00615029509 -0.00670263087 -0.00618446865 -0.00466049498 -0.00233152827 0.000492661035 0.00343527645 0.00610349305 0.00814162453 0.00927926362 0.00936788049 0.00840092553 0.00651471586 0.00396998536 0.00111659567
FLAGS 1 1 1 0
STATE 2 1.24 5.54 0.52
GAIT 0 0 1
STEP 577 RESET 0
CMD 0 0 0
W -0.0068298957 -0.00621681289 -0.0110127052
DQ -0.0071171696 -0.00799484751 -0.0100642615 -0.0131536023 -0.0169530185 -0.0210565531 -0.0250170881 -0.0284068601 -0.0308753555 -0.0321967513 -0.032300479 -0.0312807758 -0.02938393 -0.026974947 -0.0244881477 -0.0223683848 -0.0210108347 -0.0207075115 -0.0216077449 -0.0236979688 -0.0268035575 -0.0306124602 -0.0347174362 -0.0386711725
FILT_W 0.00181080898 0.00480849995 0.00277623778
FILT_DQ 0.00597391299 0.00692652981 0.00681719006 0.00565476458 0.00359065444 0.000898299483 -0.00206383045 -0.00490075274 -0.00723443103 -0.00875494071 -0.00926241568 -0.00869409936 -0.00713283848 -0.00479587015 -0.00200541984 0.00085491032 0.00339206028 0.00525671093 0.00619056276 0.00606129555 0.00488047724 0.00280199825 0.000101243207 -0.00286218114
FLAGS 1 1 1 0
STATE 2 1.26 5.56 0.54
GAIT 0 0 1
STEP 578 RESET 0
CMD 0 0 0
W 0.0153143405 0.0179397365 0.0151961057
DQ 0.0249399966 0.0255101888 0.0249014977 0.0233045832 0.0210438564 0.0185335722 0.0162217622 0.0145295952 0.0137943743 0.0142238845 0.0158682698 0.0186132466 0.0221955715 0.0262386698 0.0303036034 0.0339484789 0.0367882556 0.0385468594 0.0390945478 0.0384654699 0.0368530447 0.0345837827 0.0320730941 0.0297690651
FILT_W 0.00316116213 0.00612162361 0.00401822457
FILT_DQ 0.00787052135 0.0087848957 0.00862562082 0.00741974644 0.00533597463 0.00266182676 -0.000235271182 -0.00295771794 -0.0051315505 -0.00645705819 -0.00674934713 -0.00596336476 -0.00419999748 -0.00169241615 0.00122548249 0.00416426717 0.00673167981 0.00858572577 0.00948096126 0.00930171299 0.00807773398 0.0059801767 0.0032984283 0.000400943476
FLAGS 1 1 1 0
STATE 2 1.28 5.58 0.56
GAIT 0 0 1
STEP 579 RESET 0
CMD 0 0 0
W -0.00654641017 -0.00631046412 -0.0113973907
DQ -0.00702175086 -0.00820320247 -0.0105481903 -0.0138476075 -0.0177631697 -0.0218732001 -0.0257297016 -0.0289189912 -0.0311176897 -0.0321364897 -0.0319457778 -0.0306796421 -0.0286177245 -0.026147372 -0.0237112115 -0.0217472422 -0.0206295543 -0.0206176979 -0.021821554 -0.0241864624 -0.0275006203 -0.0314237481 -0.0355331452 -0.0393809001
FILT_W 0.0021904049 0.00487841483 0.00247666305
FILT_DQ 0.00638129413 0.00708608589 0.00670823971 0.00529301105 0.0030260602 0.000208324075 -0.00278471423 -0.00555384527 -0.00773016442 -0.00902500134 -0.0092689902 -0.0084349925 -0.00664177019 -0.00413791174 -0.00126818691 0.00157311624 0.0039955564 0.00566538341 0.00635070974 0.00595289544 0.00451989855 0.00223978421 -0.000584729051 -0.00357724088
FLAGS 1 1 1 0
STATE 2 1.3 5.6 0.58
GAIT 0 0 1
STEP 580 RESET 0
CMD 0 0 0
W 0.0155876913 0.0178326432 0.0148070293
DQ 0.024997507 0.0252652187 0.0243872027 0.0225905706 0.0202267645 0.0177239906 0.0155292639 0.0140479067 0.0135886898 0.0143220424 0.0162569849 0.0192399082 0.0229753639 0.0270660517 0.0310665926 0.0345438082 0.0371353502 0.0385987416 0.0388441955 0.0379467672 0.0361361956 0.0337658093 0.0312647053 0.0290796724
FILT_W 0.00353013354 0.00617383767 0.00370969968
FILT_DQ 0.00824291542 0.00890399917 0.00847613601 0.00702276701 0.00474613063 0.00195989073 -0.000953316411 -0.00359367008 -0.005598279 -0.00669029697 -0.00671639269 -0.00566750243 -0.00368005678 -0.0010175154 0.00196529103 0.00487018544 0.00730953578 0.00895871922 0.00960005832 0.00915228262 0.00768152826 0.00539238673 0.00260021438 -0.00031154955
FLAGS 1 1 1 0
STATE 2 1.32 5.62 0.6
GAIT 0 0 1
STEP 581 RESET 0
CMD 0 0 0
W -0.00628351011 -0.00643087586 -0.0117904082
DQ -0.00700227043 -0.00848426943 -0.0110917635 -0.0145801169 -0.0185854736 -0.0226740035 -0.0264006196 -0.0293692181 -0.0312862894 -0.0320006431 -0.031523871 -0.0300287783 -0.027825995 -0.0253219337 -0.0229637836 -0.0211789856 -0.0203173798 -0.0206038569 -0.0221079198 -0.0247342768 -0.0282357391 -0.0322466765 -0.0363325036 -0.0400484992
FILT_W 0.00254876918 0.00491336631 0.00215968889
FILT_DQ 0.00671839684 0.00716517231 0.00651934605 0.00486247861 0.00241297021 -0.000503498692 -0.00349804673 -0.00617122488 -0.00816708003 -0.00922133158 -0.00919714052 -0.00810363002 -0.0060946506 -0.00344795723 -0.000527616434 0.00226526834 0.00454684422 0.00600246161 0.00642926051 0.00576362668 0.00408980152 0.00162848041 -0.00129305741 -0.00428524451
FLAGS 1 1 1 0
STATE 2 1.34 5.64 0.62
GAIT 0 0 1
STEP 582 RESET 0
CMD 0 0 0
W 0.0158398368 0.0176990522 0.0144105249
DQ 0.0249789163 0.0249486495 0.0238155012 0.0218411141 0.0194009882 0.0169336596 0.0148813457 0.013630094 0.0134575316 0.0144952904 0.0167111908 0.0199135973 0.0237773555 0.0278878001 0.0317968779 0.0350837899 0.0374119441 0.0385745121 0.038522422 0.0373710002 0.0353843624 0.0329396671 0.0304760685 0.0284352793
FILT_W 0.00387787593 0.00619193491 0.00338477249
FILT_DQ 0.00854444878 0.00894352003 0.00824896157 0.00656034216 0.00411177201 0.00124021714 -0.00166010748 -0.00419109299 -0.00600461887 -0.00684966938 -0.00660630739 -0.00530190729 -0.00310744999 -0.000314381496 0.002704833 0.00554712049 0.00783335421 0.00925966666 0.00963857666 0.00892436403 0.00721925761 0.00475959908 0.00188385518 -0.00101319213
FLAGS 1 1 1 0
STATE 2 1.36 5.66 0.64
GAIT 0 0 1
STEP 583 RESET 0
CMD 0 0 0
W -0.00604241069 -0.00657749152 -0.0121899412
DQ -0.00705889309 -0.00883567109 -0.0116903837 -0.0153449351 -0.0194129752 -0.0234521901 -0.0270241673 -0.0297537326 -0.0313797285 -0.0317903603 -0.0310383271 -0.0293336893 -0.027015438 -0.0245056137 -0.0222521858 -0.0206684213 -0.0200769516 -0.0206661056 -0.0224644202 -0.0253367784 -0.0290026961 -0.0330742848 -0.0371087504 -0.040668323
FILT_W 0.00288584727 0.00491499226 0.00182730113
FILT_DQ 0.00698411459 0.00716560091 0.00625502705 0.00436981443 0.00175929729 -0.00122902359 -0.00419651346 -0.00674735696 -0.00854212984 -0.00934373847 -0.00904950936 -0.00770508549 -0.00549824879 -0.00273350472 0.00020913112 0.00292556631 0.00504232363 0.00626708944 0.00642827697 0.00549824979 0.00359706224 0.000976210687 -0.00201540538 -0.00497870522
FLAGS 1 1 1 0
STATE 2 1.38 5.68 0.66
GAIT 0 0 1
STEP 584 RESET 0
CMD 0 0 0
W 0.0160696114 0.0175395813 0.0140084252
DQ 0.0248843815 0.0245631588 0.0231912289 0.0210625524 0.018573512 0.0161692638 0.0142834877 0.013279691 0.0134020091 0.0147421631 0.0172270456 0.0206286157 0.0245947631 0.0286969646 0.0324882827 0.0355638566 0.037615698 0.038474376 0.0381319488 0.0367430386 0.0346039042 0.0321123435 0.029713854 0.027841336
FILT_W 0.00420422369 0.00617745117 0.00304541353
FILT_DQ 0.00877414128 0.0089053567 0.00794864723 0.00603908824 0.00344071876 0.000510805146 -0.00234851335 -0.00474465216 -0.00634771594 -0.00693514832 -0.00642185386 -0.00487171537 -0.0024889476 0.000409542214 0.00343704628 0.00618939534 0.00829966106 0.00948781809 0.00959864416 0.00862272867 0.00669774644 0.00408982397 0.00115752056 -0.00169670109
FLAGS 1 1 1 0
STATE 2 1.4 5.7 0.68
GAIT 0 0 1
STEP 585 RESET 0
CMD 0 0 0
W -0.00582422634 -0.00674963343 -0.0125941429
DQ -0.00719113991 -0.00925443531 -0.0123389875 -0.016135593 -0.0202386754 -0.024201178 -0.0275950708 -0.0300692827 -0.0313972169 -0.03150742 -0.0304932527 -0.0286002542 -0.0261929091 -0.0237053165 -0.0215824367 -0.0202198678 -0.0199103032 -0.0208039174 -0.0228880401 -0.0259888713 -0.0297950044 -0.0338995733 -0.03785532 -0.0412351292
FILT_W 0.00320137869 0.00488474271 0.00148145789
FILT_DQ 0.00717761317 0.0070893775 0.00591988376 0.00382162011 0.00107277934 -0.00196039317 -0.00487316909 -0.00727711521 -0.00885266603 -0.00939237548 -0.00882899375 -0.00724456926 -0.00485934375 -0.00200194366 0.00093509798 0.00354846903 0.00547866464 0.00645864454 0.00634997573 0.00516156867 0.00304847136 0.00029088425 -0.0027437635 -0.00565054391
FLAGS 1 1 1 0
STATE 2 1.42 5.72 0.7
GAIT 0 0 1
STEP 586 RESET 0
CMD 0 0 0
W 0.0162759533 0.0173549674 0.0136025888
DQ 0.0247147024 0.024112007 0.0225196658 0.0202614709 0.0177513346 0.0154372684 0.0137407465 0.0129996615 0.0134225919 0.0150605724 0.0178001863 0.0213789158 0.025420673 0.0294867014 0.0331349591 0.035979948 0.0377448884 0.03829918 0.0376760785 0.0360681939 0.0338014221 0.0312908362 0.0289845086 0.0273028661
FILT_W 0.00450883614 0.00613176518 0.00269357098
FILT_DQ 0.00893132209 0.00879164045 0.00757986196 0.00546560519 0.00274063487 -0.000220627009 -0.00301177753 -0.00524943754 -0.00662514024 -0.00694708069 -0.00616607575 -0.00438222075 -0.00183134207 0.00114692084 0.00415508409 0.00679161693 0.00870528701 0.00964269809 0.00948258601 0.0082522312 0.00612376643 0.00339087945 0.000429063707 -0.00235520291
FLAGS 1 1 1 0
STATE 2 1.44 5.74 0.72
GAIT 0 0 1
STEP 587 RESET 0
CMD 0 0 0
W -0.00562996554 -0.0069465059 -0.013001145
DQ -0.00739789235 -0.00973702015 -0.0130320891 -0.0169454034 -0.0210555905 -0.0249146322 -0.0281085014 -0.0303131993 -0.0313386065 -0.0311542152 -0.0298932583 -0.0278346764 -0.0253653654 -0.0229278111 -0.0209602012 -0.0198371188 -0.0198188441 -0.0210161268 -0.0233751964 -0.0266850402 -0.0306059626 -0.0347155615 -0.0385658981 -0.0417441237
FILT_W 0.00349495598 0.00482393807 0.00112409938
FILT_DQ 0.00729840064 0.00693877439 0.00551866686 0.00322450433 0.000361012331 -0.00269002752 -0.00552144992 -0.00775581371 -0.00909648686 -0.00936779414 -0.008538794 -0.00672746632 -0.00418474441 -0.00126055235 0.00164355556 0.00412874335 0.00585287389 0.00657681561 0.00619680777 0.00475850406 0.00245079352 -0.000419764645 -0.00347043247 -0.00629409498
FLAGS 1 1 1 0
STATE 2 1.46 5.76 0.74
GAIT 0 0 1
STEP 588 RESET 0
CMD 0 0 0
W 0.0164579085 0.0171460639 0.0131948915
DQ 0.024471314 0.0235990101 0.021806492 0.0194446449 0.0169414101 0.0147438648 0.0132577127 0.0127923739 0.0135191059 0.0154478253 0.0184257652 0.0221581515 0.0262480997 0.0302503307 0.0337314374 0.0363285447 0.0377984226 0.0380504062 0.0371586669 0.0353521738 0.0329837035 0.0304820934 0.0282942012 0.026824424
FILT_W 0.00479125123 0.00605615065 0.00233117859
FILT_DQ 0.00901569198 0.00860479796 0.00714744937 0.00484651838 0.00201905211 -0.000946638293 -0.00364353365 -0.00570099495 -0.00683492758 -0.0068862322 -0.00584233809 -0.00383890453 -0.00114145999 0.00189053595 0.00485234375 0.00734872349 0.00904742876 0.00972417466 0.00929299369 0.00781787104 0.00550408452 0.00267042116 -0.000293969103 -0.00298224309
FLAGS 1 1 1 0
STATE 2 1.48 5.78 0.76
GAIT 0 0 1
STEP 589 RESET 0
CMD 0 0 0
W -0.00546052621 -0.00716719895 -0.0134090662
DQ -0.0076774017 -0.0102793439 -0.0137638263 -0.0177675168 -0.021856811 -0.0255865182 -0.0285601165 -0.0304834193 -0.031204393 -0.0307337335 -0.0292434184 -0.0270434313 -0.0245398063 -0.0221796735 -0.0203907421 -0.0195234118 -0.019803348 -0.0213009388 -0.0239217686 -0.0274193967 -0.0314287116 -0.0355153478 -0.0392344744 -0.0421910013
FILT_W 0.00376607348 0.00473381569 0.000757154109
FILT_DQ 0.00734638262 0.00671638377 0.0050563218 0.00258511486 -0.000368534203 -0.00341062629 -0.00613519193 -0.00817923739 -0.00927187413 -0.00927098233 -0.00818244612 -0.00615935721 -0.00348129462 -0.000516484992 0.00232803516 0.00466150996 0.00616235109 0.00662166332 0.00597151746 0.00429414427 0.0018108049 -0.00114815573 -0.00418801963 -0.00690311891
FLAGS 1 1 1 0
STATE 0 0 5.8 0
GAIT 1 0 0
STEP 590 RESET 0
CMD 0 0 0
W 0.0166146361 0.0169138364 0.0127872178
DQ 0.0241562751 0.0230285069 0.0210577395 0.0186189833 0.0161505888 0.0140949177 0.0128384719 0.0126595815 0.0136907348 0.0159006463 0.0190984911 0.0229597321 0.0270700448 0.0309813938 0.0342726726 0.0366066984 0.0377758479 0.0377301585 0.0365840903 0.0346010345 0.0321576646 0.0296929556 0.0276487704 0.0264100563
FILT_W 0.00505092974 0.00595181777 0.00196016047
FILT_DQ 0.00902737186 0.00834759608 0.00665646357 0.00418850171 0.0012833781 -0.00166007189 -0.00423782555 -0.0060953555 -0.00697561323 -0.00675381946 -0.0054543524 -0.00324744827 -0.000426160679 0.00263330288 0.00552249891 0.0078560288 0.00932370077 0.00973251284 0.00903277474 0.00732483329 0.00484549088 0.0019359554 -0.00100434062 -0.00357180139
FLAGS 1 1 1 0
STATE 0 0 5.82 0
GAIT 1 0 0
STEP 591 RESET 0
CMD 0 0 0
W -0.00531669155 -0.00741069248 -0.0138160211
DQ -0.00802730384 -0.0108768196 -0.01452801 -0.0185949798 -0.02263556 -0.0262111534 -0.0289460962 -0.0305785031 -0.0309957118 -0.0302495312 -0.0285492296 -0.0262332111 -0.0237232143 -0.0214672315 -0.0198788759 -0.0192814 -0.0198639458 -0.0216559446 -0.024523134 -0.0281857296 -0.0322562926 -0.0362921676 -0.0398553941 -0.0425719824
FILT_W 0.00401416761 0.00461556674 0.000382542315
FILT_DQ 0.00732190429 0.00642515452 0.00453801622 0.00191015356 -0.00110851572 -0.00411518003 -0.00670865262 -0.00854367026 -0.00937762309 -0.00910339063 -0.00776384012 -0.00554602456 -0.00275586604 0.000223249442 0.00298236143 0.00514228591 0.00640493611 0.0065936671 0.00567718387 0.003773777 0.00113531252 -0.0018868569 -0.00488944598 -0.00747181949
FLAGS 1 1 1 0
STATE 0 0 5.84 0
GAIT 1 0 0
STEP 592 RESET 0
CMD 0 0 0
W 0.0167454116 0.0166593583 0.012381452
DQ 0.02377225 0.0224053228 0.0202797414 0.0177914696 0.0153855595 0.013495916 0.0124865698 0.0126024074 0.0139360269 0.0164152055 0.0198126742 0.0237768778 0.0278795561 0.0316737073 0.0347540869 0.0368120563 0.0376773552 0.0373411457 0.0359572085 0.0338211292 0.0313302923 0.0289300972 0.0270536754 0.0260632678
FILT_W 0.00528729201 0.0058199459 0.00158243329
FILT_DQ 0.00896693886 0.00802317135 0.00611218873 0.00349828516 0.000540891802 -0.00235407042 -0.00478913037 -0.00642906249 -0.00704625809 -0.00655153102 -0.00500618869 -0.00261373433 0.000307676181 0.00336829523 0.00615953397 0.00830926295 0.00953217802 0.00966841496 0.00870518633 0.00677851221 0.0041548105 0.00119483851 -0.00169513384 -0.00411831076
FLAGS 1 1 1 0
STATE 0 0 5.86 0
GAIT 1 0 0
STEP 593 RESET 0
CMD 0 0 0
W -0.00519912637 -0.00767586101 -0.0142201286
DQ -0.0084446393 -0.0115243937 -0.0153181766 -0.0194207936 -0.023385251 -0.0267832543 -0.029263176 -0.0305976465 -0.0307143277 -0.0297057037 -0.0278165632 -0.0254108688 -0.0229224962 -0.0207965111 -0.019428932 -0.0191131305 -0.020000125 -0.0220781414 -0.0251742061 -0.0289775574 -0.0330817059 -0.0370394506 -0.0404234056 -0.0428838446
FILT_W 0.00423865017 0.00447036521 2.1770961e-06
FILT_DQ 0.00722578105 0.00606841484 0.0039691522 0.00120637728 -0.00185172248 -0.00479698882 -0.00723653493 -0.00884592089 -0.00941306505 -0.00886694829 -0.00728722614 -0.00489344778 -0.00201534105 0.000951814592 0.00360068738 0.00556702361 0.00657894771 0.00649375932 0.00531724709 0.00320290525 0.000431158859 -0.0026285904 -0.00556796102 -0.00799486414
FLAGS 1 1 1 0
STATE 0 0 5.88 0
GAIT 1 0 0
STEP 594 RESET 0
CMD 0 0 0
W 0.0168496305 0.0163838059 0.0119794698
DQ 0.0233224871 0.0217347287 0.0194790779 0.0169691028 0.0146527929 0.0129519261 0.0122049831 0.0126213353 0.0142529076 0.0169871507 0.0205622738 0.024602677 0.0286697869 0.0323214156 0.0351716085 0.0369428815 0.0375037775 0.036886658 0.0352833236 0.0330190542 0.0305085844 0.0281999706 0.0265139493 0.0257869917
FILT_W 0.0054997482 0.00566170927 0.00119990637
FILT_DQ 0.00883545165 0.00763504623 0.00552014477 0.00278264983 -0.000201270947 -0.00302209732 -0.00529238313 -0.00669919528 -0.00704646778 -0.00628153839 -0.00450227615 -0.0019438353 0.00105317174 0.00408877469 0.00675777949 0.0087046094 0.00967143069 0.00953304919 0.00831385474 0.00618452015 0.00343890141 0.0004542657 -0.00235976998 -0.00461667856
FLAGS 1 1 1 0
STATE 0 0 5.9 0
GAIT 1 0 0
STEP 595 RESET 0
CMD 0 0 0
W -0.00510837411 -0.00796147889 -0.0146195209
DQ -0.00892587824 -0.012216589 -0.016127643 -0.0202379736 -0.024099543 -0.0272979823 -0.029508674 -0.0305406875 -0.0303626208 -0.0291068508 -0.0270516162 -0.0245833597 -0.0221444245 -0.0201731852 -0.019044716 -0.0190200263 -0.0202107339 -0.0225639584 -0.0258694781 -0.0297881826 -0.0338979701 -0.0377508762 -0.0409337044 -0.0431239502
FILT_W 0.00443893597 0.00429939046 -0.000382036356
FILT_DQ 0.00705931866 0.0056498827 0.003355366 0.000480587491 -0.00259109816 -0.00544968583 -0.00771401222 -0.00908334449 -0.00937808309 -0.00856406963 -0.00675721016 -0.00420778774 -0.00126658788 0.00166257871 0.00417752994 0.00593214583 0.00668321423 0.00632334844 0.00489552146 0.00258724987 -0.00029478574 -0.00336624849 -0.00621716343 -0.00846740572
FLAGS 1 1 1 0
STATE 0 0 5.92 0
GAIT 1 0 0
STEP 596 RESET 0
CMD 0 0 0
W 0.0169268112 0.0160884527 0.0115831292
DQ 0.0228107903 0.0210223965 0.0186625212 0.0161588386 0.0139584867 0.012467549 0.0119960932 0.012716205 0.0146386967 0.0176116444 0.0213409498 0.0254301452 0.0294340534 0.0329190404 0.0355217059 0.0369980676 0.037256583 0.0363705396 0.0345681354 0.0322015936 0.0296994909 0.0275087512 0.0260341573 0.0255835646
FILT_W 0.0056877235 0.00547829668 0.000814480198
FILT_DQ 0.00863446582 0.00718713408 0.00488608151 0.0020484126 -0.000936139674 -0.00365796234 -0.00574300167 -0.00690338955 -0.00697640511 -0.00594649823 -0.00394739416 -0.00124399445 0.00180347625 0.00478822488 0.00731194754 0.00903873801 0.00974055111 0.00932806755 0.00786278286 0.00554868424 0.00270464192 -0.000278748518 -0.00299203136 -0.00506230868
FLAGS 1 1 1 0
STATE 0 0 5.94 0
GAIT 1 0 0
STEP 597 RESET 0
CMD 0 0 0
W -0.00504485422 -0.00826622591 -0.0150123518
DQ -0.00946695032 -0.012947551 -0.0169495626 -0.0210396078 -0.0247723945 -0.0277509838 -0.0296805137 -0.0304081078 -0.0299435658 -0.0284580376 -0.0262608586 -0.023757683 -0.0213955802 -0.0196025258 -0.0187294777 -0.019002875 -0.020493991 -0.0231092864 -0.0266030694 -0.0306107491 -0.0346981812 -0.0384204271 -0.0413819746 -0.0432902683
FILT_W 0.00461446572 0.00410384442 -0.000768203003
FILT_DQ 0.00682432421 0.00517366557 0.0027025171 -0.000260389446 -0.00331976516 -0.00606726449 -0.00813675288 -0.00925386137 -0.00927312118 -0.00819765216 -0.00617874061 -0.00349536331 -0.000516429396 0.00234914981 0.00470780501 0.0062345767 0.0067170969 0.00608433216 0.00441619763 0.00193274091 -0.00103564039 -0.00409291637 -0.00683102568 -0.00888510464
FLAGS 1 1 1 0
STATE 0 0 5.96 0
GAIT 1 0 0
STEP 598 RESET 0
CMD 0 0 0
W 0.0169765969 0.0157746641 0.0111942621
DQ 0.0222414876 0.0202743511 0.0178369775 0.0153675302 0.0133085133 0.0120468816 0.0118616671 0.0128862141 0.0150901311 0.0182834045 0.0221421161 0.0262522836 0.0301658913 0.033461527 0.0358014182 0.0369771477 0.0369378625 0.0357971557 0.033817693 0.0313756616 0.0289098551 0.0268622854 0.0256183574 0.0254547073
FILT_W 0.00585067884 0.00527092639 0.000428043504
FILT_DQ 0.00836604054 0.00668373413 0.00421596315 0.00130240251 -0.00165693731 -0.00425584988 -0.00613691087 -0.00703985383 -0.00683679595 -0.00554954649 -0.00334665493 -0.000520598621 0.00255180267 0.00546038753 0.00781716633 0.00930883381 0.00973917346 0.00905561451 0.00735634717 0.00487703297 0.00195890916 -0.000997396201 -0.00358608737 -0.00545112345
FLAGS 1 1 1 0
STATE 0 0 5.98 0
GAIT 1 0 0
STEP 599 RESET 0
CMD 0 0 0
W -0.00500886032 -0.00858869347 -0.0153968056
DQ -0.0100632792 -0.0137110971 -0.0177769837 -0.0218189162 -0.0253981146 -0.0281384272 -0.0297772418 -0.0302010289 -0.0294607071 -0.0277647517 -0.0254509785 -0.0229408223 -0.020682297 -0.0190893597 -0.0184858833 -0.0190618218 -0.0208475007 -0.0237095131 -0.0273687752 -0.0314382994 -0.0354755709 -0.0390424402 -0.0417644245 -0.0433813922
FILT_W 0.00476472492 0.0038849644 -0.00115444141
FILT_DQ 0.00652310857 0.004644251 0.00201666847 -0.00100972936 -0.00403105504 -0.00664410761 -0.00850094397 -0.00935597134 -0.00909918707 -0.00777106701 -0.00555708729 -0.00276262099 0.000228392704 0.0030054128 0.00518686136 0.00647176825 0.00668050604 0.00577910176 0.00388383493 0.00124549973 -0.00178453885 -0.0048019006 -0.00740392108 -0.00924415033
FLAGS 1 1 1 0
STATE 0 0 6 0
GAIT 1 0 0
STEP 600 RESET 0
CMD 0 0 0
W 0.0169987574 0.0154438903 0.0108146659
DQ 0.0216193942 0.0194969196 0.0170094296 0.0146018705 0.0127083704 0.0116934819 0.0118028417 0.0131299247 0.0156033926 0.0189967494 0.0229589965 0.0270621385 0.0308591107 0.0339442869 0.0360083793 0.0368802989 0.0365503116 0.0351713561 0.0330383436 0.0305482437 0.028146356 0.0262660409 0.0252700665 0.0254015095
FILT_W 0.00598812817 0.00504085699 4.246932e-05
FILT_DQ 0.00803273714 0.00612951786 0.00351594458 0.000551430624 -0.00235711249 -0.00481034865 -0.0064705654 -0.00710738173 -0.0066289291 -0.00509428537 -0.00270547891 0.000219854966 0.00329146451 0.00609930022 0.00826901316 0.00951262131 0.0096674866 0.00871832719 0.0067992858 0.00417577413 0.00120855064 -0.00169510646 -0.00413652233 -0.00577958434
FLAGS 1 1 1 0
STATE 0 0 6.02 0
GAIT 1 0 0
STEP 601 RESET 0
CMD 0 0 0
W -0.00500055877 -0.00892739106 -0.0157711054
DQ -0.010709821 -0.0145007693 -0.0186029078 -0.0225693073 -0.0259714107 -0.0284570355 -0.0297980401 -0.0299212022 -0.0289181287 -0.027032857 -0.0246288261 -0.0221396865 -0.0200106079 -0.0186380273 -0.0183159933 -0.0191963679 -0.0212682728 -0.0243595617 -0.0281601193 -0.0322638342 -0.0362235642 -0.0396116546 -0.0420778195 -0.0433965513
FILT_W 0.00488925948 0.00364403219 -0.00153888815
FILT_DQ 0.00615848133 0.00406648914 0.00130405934 -0.00176064317 -0.00471854232 -0.00717501733 -0.00880331287 -0.00938876378 -0.00885784906 -0.00728814253 -0.00489781363 -0.00201609918 0.000961257267 0.00362556747 0.00561051252 0.00664172239 0.00657391066 0.0054105383 0.00330334529 0.000531813294 -0.00253466085 -0.00548676127 -0.00793065204 -0.00954128104
FLAGS 1 1 1 0
STATE 0 0 6.04 0
GAIT 1 0 0
STEP 602 RESET 0
CMD 0 0 0
W 0.0169931904 0.0150976604 0.0104460953
DQ 0.0209497718 0.0186966775 0.0161868767 0.0138683355 0.0121631339 0.0114103391 0.0118201146 0.0134452754 0.01617414 0.0197456455 0.0237846817 0.0278528602 0.0315078484 0.0343632371 0.0361408389 0.0367083402 0.0360972084 0.0344984338 0.0322366791 0.0297263385 0.027415451 0.0257250608 0.0249922304 0.0254244213
FILT_W 0.00609965257 0.00478939501 -0.000340389807
FILT_DQ 0.00763761038 0.00552950797 0.00279234108 -0.000197745304 -0.0030303747 -0.00531648169 -0.00674097013 -0.00710535986 -0.00635465015 -0.00458476372 -0.00202956409 0.000970796761 0.00401591638 0.00669933443 0.00866354516 0.00964838417 0.00952624044 0.00831932785 0.00619667867 0.00345126581 0.000460350339 -0.00236557906 -0.0046383638 -0.00604471081
FLAGS 1 1 1 0
STATE 0 0 6.06 0
GAIT 1 0 0
STEP 603 RESET 0
CMD 0 0 0
W -0.00501998796 -0.00928075313 -0.0161335209
DQ -0.0114011073 -0.0153098884 -0.0194203492 -0.0232844343 -0.0264874341 -0.0287041139 -0.0297427327 -0.0295709946 -0.0283204197 -0.0262685438 -0.023801355 -0.0213610517 -0.019386194 -0.0182523458 -0.0182212444 -0.0194053754 -0.0217527485 -0.0250539341 -0.0289704083 -0.0330803711 -0.0369358345 -0.0401232558 -0.0423195088 -0.0433356172
FILT_W 0.00498768851 0.00338238019 -0.00191970291
FILT_DQ 0.00573373862 0.00344556833 0.000571072045 -0.00250641421 -0.00537608064 -0.00765524491 -0.00904114638 -0.00935192333 -0.00855122711 -0.00675314174 -0.00420674318 -0.00126238809 0.00167570534 0.0042041664 0.0059750662 0.00674300821 0.00639834154 0.00498200166 0.00267996997 -0.000201897881 -0.00327926814 -0.00614134674 -0.0084064783 -0.00977380145
FLAGS 1 1 1 0
STATE 0 0 6.08 0
GAIT 1 0 0
STEP 604 RESET 0
CMD 0 0 0
W 0.0169599215 0.0147375746 0.0100902538
DQ 0.0202382841 0.0178803931 0.015376276 0.0131731295 0.0116774154 0.0111998478 0.0119133396 0.0138295991 0.016797546 0.0205237587 0.0246121881 0.0286177608 0.0321066174 0.0347148339 0.0361976766 0.036462726 0.0355823852 0.0337840803 0.0314194798 0.0289168975 0.0267233224 0.0252439208 0.0247871992 0.0255232487
FILT_W 0.00618491181 0.00451789964 -0.000718707243
FILT_DQ 0.00718419317 0.00488905081 0.00205159244 -0.000938459834 -0.00367073104 -0.00576973564 -0.00694569779 -0.00703377109 -0.0060163498 -0.00402545169 -0.00132485005 0.00172562679 0.00471879655 0.00725523315 0.00899732724 0.00971498 0.00931674591 0.00786220952 0.00555392095 0.00270998165 -0.000279009091 -0.00300281998 -0.00508711055 -0.00624409643
FLAGS 1 1 1 0
STATE 0 0 6.1 0
GAIT 1 0 0
STEP 605 RESET 0
CMD 0 0 0
W -0.00506705806 -0.00964714639 -0.016482377
DQ -0.0121312911 -0.016131611 -0.0202223942 -0.0239582486 -0.0269418201 -0.0288775726 -0.0296117873 -0.029153368 -0.0276726357 -0.0254782769 -0.022975564 -0.0206115037 -0.0188143368 -0.0179355775 -0.0182024381 -0.0196870765 -0.0222968301 -0.0257867572 -0.0297927889 -0.0338810037 -0.0376063573 -0.0405729167 -0.0424874483 -0.0431991054
FILT_W 0.00505971482 0.00310139503 -0.00229507422
FILT_DQ 0.00525264474 0.00278698463 -0.000175806218 -0.00324043871 -0.00599783994 -0.00808051934 -0.00921230674 -0.00924573078 -0.00818197839 -0.00617073421 -0.00348992145 -0.000508086256 0.00236548322 0.00473615209 0.00627735071 0.00677477435 0.00615538831 0.00449731285 0.00201924997 -0.000949116884 -0.00401174391 -0.00675982965 -0.00882714433 -0.00993959733
FLAGS 1 1 1 0
STATE 0 0 6.12 0
GAIT 1 0 0
STEP 606 RESET 0
CMD 0 0 0
W 0.0168991046 0.0143652974 0.00974878624
DQ 0.0194909489 0.0170549708 0.0145844837 0.0125221325 0.0112553232 0.0110637885 0.0120817282 0.0142796451 0.0174683376 0.0213245076 0.0254345166 0.0293503705 0.0326503532 0.0349961036 0.0361784117 0.0361455339 0.0350101963 0.0330343378 0.0305936578 0.0281267671 0.026075824 0.0248266904 0.0246567068 0.0256971561
FILT_W 0.0062436538 0.00422778527 -0.00109068817
FILT_DQ 0.00667647515 0.00421378325 0.00130022277 -0.00166418158 -0.00427252363 -0.00616608855 -0.00708290325 -0.00689319319 -0.00561694679 -0.00342121004 -0.000597477642 0.00247775942 0.00539397021 0.00776214723 0.00926745681 0.0097118503 0.00904086911 0.00735101534 0.00487669074 0.00195847151 -0.00100298712 -0.00360117764 -0.00547875921 -0.00637592199
FLAGS 1 1 1 0
STATE 0 0 6.14 0
GAIT 1 0 0
STEP 607 RESET 0
CMD 0 0 0
W -0.00514155152 -0.0100248773 -0.0168160613
DQ -0.0128941967 -0.0169589868 -0.0210022588 -0.024585051 -0.0273307256 -0.0289759446 -0.0294063116 -0.0286718547 -0.0269802555 -0.0246687402 -0.0221584377 -0.0198973821 -0.0182998728 -0.0176904015 -0.0182597335 -0.0200390886 -0.0228959157 -0.0265518329 -0.0306203053 -0.0346589603 -0.0382294613 -0.040956834 -0.0425802174 -0.0429881705
FILT_W 0.00510513326 0.00280251901 -0.00266322548
FILT_DQ 0.00471940796 0.00209650625 -0.000930025383 -0.00395626853 -0.00657834383 -0.00844707416 -0.00931524409 -0.00907105935 -0.00775327766 -0.00554596305 -0.00275357365 0.000240245268 0.00302458591 0.00521689236 0.00651473778 0.00673675641 0.00584719062 0.00396073051 0.00132699114 -0.00170327168 -0.00472563454 -0.00733674328 -0.00918890503 -0.0100371468
FLAGS 1 1 1 0
STATE 0 0 6.16 0
GAIT 1 0 0
STEP 608 RESET 0
CMD 0 0 0
W 0.0168110207 0.0139825495 0.00942327096
DQ 0.018714087 0.016227392 0.0138181967 0.0119208507 0.0109004273 0.011003312 0.0123238563 0.0147916068 0.0181808415 0.0221411194 0.0262447119 0.0300444931 0.0331344568 0.0352046671 0.0360832071 0.0357594466 0.0343854814 0.0322555475 0.0297661977 0.0273626301 0.0254784325 0.0244768985 0.0246018572 0.0259446723
FILT_W 0.00627572201 0.00392052206 -0.00145457584
FILT_DQ 0.00611887587 0.00350959482 0.000544796824 -0.0023685566 -0.00483046672 -0.00650203554 -0.00715133405 -0.00668479273 -0.00515986575 -0.0027772548 0.000146254901 0.00322067005 0.006035573 0.00821566984 0.00947158471 0.00963902543 0.0087010197 0.00679021221 0.0041709118 0.00120331851 -0.00170522783 -0.0041553791 -0.00580982881 -0.00643896493
FLAGS 1 1 1 0
STATE 0 0 6.18 0
GAIT 1 0 0
STEP 609 RESET 0
CMD 0 0 0
W -0.00524312401 -0.0104121998 -0.0171330313
DQ -0.0136833712 -0.0177850179 -0.021753347 -0.0251595401 -0.0276508611 -0.0289983977 -0.0291280435 -0.0281305276 -0.0262491354 -0.0238467808 -0.0213568875 -0.019224727 -0.0178471536 -0.0175188916 -0.0183926459 -0.0204584343 -0.0235449383 -0.0273426901 -0.0314459583 -0.035407661 -0.0387998764 -0.0412717605 -0.0425970315 -0.0427045966
FILT_W 0.0051238374 0.00248724987 -0.00302242139
FILT_DQ 0.00413865116 0.00138013355 -0.00168501756 -0.00464765495 -0.00711250616 -0.00875167176 -0.00934900499 -0.00882936621 -0.00726879271 -0.0048842074 -0.00200405934 0.000976130346 0.00364730034 0.00564221369 0.00668516164 0.00662927945 0.00547642391 0.00337692198 0.00060922479 -0.00245777944 -0.00541469269 -0.00786701724 -0.00948854908 -0.0100655281
FLAGS 1 1 1 0
STATE 0 0 6.2 0
GAIT 1 0 0
STEP 610 RESET 0
CMD 0 0 0
W 0.016696077 0.0135911 0.00911521253
DQ 0.0179142694 0.0154046562 0.0130838963 0.0113743698 0.0106157294 0.0110189298 0.0126376758 0.0153611542 0.0189290311 0.0229666873 0.0270359213 0.0306942576 0.0335548338 0.0353387606 0.035912868 0.0353077296 0.0337135243 0.0314542966 0.0289440985 0.0266309498 0.0249362007 0.0241975036 0.0246231141 0.026263704
FILT_W 0.00628106136 0.00359763488 -0.001808658
FILT_DQ 0.00551621299 0.00278258582 -0.000208126172 -0.00304545247 -0.0053396826 -0.00677461161 -0.00715033691 -0.00641031417 -0.00464901033 -0.00209911793 0.00089993873 0.00394794307 0.00663805368 0.00861186838 0.00960793228 0.00949712447 0.00830013395 0.00618465944 0.00344271216 0.000451093484 -0.00237960336 -0.00466056516 -0.00607738276 -0.00643260489
FLAGS 1 1 1 0
STATE 0 0 6.22 0
GAIT 1 0 0
STEP 611 RESET 0
CMD 0 0 0
W -0.00537130604 -0.0108073238 -0.017431822
DQ -0.0144921399 -0.0186027176 -0.022469306 -0.0256768567 -0.027899519 -0.0289447421 -0.0287793364 -0.027533965 -0.0254854592 -0.023019351 -0.0205776927 -0.0185992278 -0.0174600082 -0.0174224984 -0.0186000513 -0.0209415669 -0.0242384083 -0.0281526397 -0.0322627646 -0.036120773 -0.0393127779 -0.0415150326 -0.0425377485 -0.0423507821
FILT_W 0.00511582462 0.00215713902 -0.0033709744
FILT_DQ 0.0035153777 0.000644055471 -0.00243424416 -0.00530859289 -0.00759566624 -0.00899162466 -0.00931323686 -0.00852267925 -0.00673265522 -0.00419114123 -0.00124782442 0.00169322599 0.00422824749 0.00600843171 0.00678713392 0.00645325534 0.00504627973 0.00275092952 -0.00012783552 -0.00320609317 -0.00607292081 -0.0083460119 -0.00972341934 -0.0100244226
FLAGS 1 1 1 0
STATE 0 0 6.24 0
GAIT 1 0 0
STEP 612 RESET 0
CMD 0 0 0
W 0.0165548048 0.0131927583 0.00882603489
DQ 0.0170982608 0.0145937224 0.0123877933 0.0108873119 0.0104036376 0.0111105097 0.0130205326 0.0159834699 0.0197065783 0.0237942286 0.0278014529 0.0312941683 0.0339079286 0.0353972497 0.0356688352 0.0347942036 0.0330000085 0.0306373619 0.0281343132 0.0259379146 0.0244537146 0.0239908689 0.0247202978 0.0266515527
FILT_W 0.00625972264 0.00326070095 -0.00215127347
FILT_DQ 0.00487366601 0.00203902216 -0.000952040419 -0.00368900242 -0.00579573586 -0.00698141123 -0.00707985991 -0.00607206433 -0.00408873187 -0.00139260425 0.00165710331 0.00465332022 0.0071962156 0.0089473135 0.00967530405 0.00928735017 0.0078416526 0.00553957276 0.00269837936 -0.000291692387 -0.00302025727 -0.00511232382 -0.00627904763 -0.00635682508
FLAGS 1 1 1 0
STATE 0 0 6.26 0
GAIT 1 0 0
STEP 613 RESET 0
CMD 0 0 0
W -0.00552550512 -0.0112084227 -0.0177110524
DQ -0.015313662 -0.01940517 -0.0231440804 -0.0261326255 -0.028074596 -0.0288154316 -0.0283631399 -0.0268872127 -0.024695686 -0.022193449 -0.019827444 -0.0180261748 -0.0171417111 -0.0174020371 -0.0188801952 -0.0214843998 -0.0249704604 -0.0289748311 -0.0330638156 -0.0367922651 -0.0397638277 -0.0416845927 -0.0424028697 -0.0419297197
FILT_W 0.00508119986 0.00181378858 -0.00370725136
FILT_DQ 0.00285493321 -0.000105397054 -0.00317124441 -0.00593336473 -0.00802362187 -0.00916481327 -0.00920818791 -0.00815357917 -0.00614942728 -0.00347268873 -0.000491351421 0.00238537072 0.00476242293 0.00631237843 0.00681975412 0.00621017517 0.0045604413 0.00208813237 -0.000877840138 -0.00394174965 -0.00669461431 -0.00876955071 -0.00989142984 -0.00991411454
FLAGS 1 1 1 0
STATE 0 0 6.28 0
GAIT 1 0 0
STEP 614 RESET 0
CMD 0 0 0
W 0.0163878571 0.0127893657 0.00855707467
DQ 0.0162729631 0.0138014493 0.0117357752 0.0104637965 0.0102659457 0.0112772772 0.0134691883 0.0166532905 0.0205069065 0.0246167438 0.0285348316 0.0318391511 0.0341907546 0.0353796397 0.0353531727 0.0342232121 0.0322509689 0.0298116532 0.0273436913 0.0252893864 0.0240350553 0.0238587422 0.0248925863 0.027104938
FILT_W 0.00621186558 0.00291134629 -0.00248081876
FILT_DQ 0.00419673619 0.00128528758 -0.00168054245 -0.0042936486 -0.00619466512 -0.00712060422 -0.00694045029 -0.0056728922 -0.00348379391 -0.000663745472 0.00241126688 0.00533074876 0.00770525609 0.00921910456 0.00967309599 0.00901147886 0.00732949406 0.00486048445 0.001944313 -0.00101863605 -0.00362164735 -0.00550672142 -0.00641302822 -0.00621220928
FLAGS 1 1 1 0
STATE 0 0 6.3 0
GAIT 1 0 0
STEP 615 RESET 0
CMD 0 0 0
W -0.00570500851 -0.0116136427 -0.0179694316
DQ -0.0161409893 -0.0201855877 -0.0237719627 -0.0265229915 -0.0281746115 -0.0286115599 -0.0278829741 -0.026195741 -0.0238864959 -0.0213760606 -0.0191124869 -0.0175104151 -0.0168949545 -0.017457681 -0.0192307084 -0.022082342 -0.0257349029 -0.0298023103 -0.0338423359 -0.0374164575 -0.0401492108 -0.0417790066 -0.042193536 -0.0414449706
FILT_W 0.00502017817 0.00145884739 -0.00402968004
FILT_DQ 0.00216296364 -0.000861799949 -0.00388968447 -0.00651658289 -0.00839265975 -0.00926969979 -0.00903470267 -0.00772517708 -0.00552406411 -0.00273497698 0.000258891505 0.00304663237 0.00524523503 0.00655142601 0.00678271555 0.00590209677 0.00402305437 0.00139420498 -0.00163435189 -0.0046584182 -0.0072744037 -0.00913394994 -0.009991079 -0.00973548541
FLAGS 1 1 1 0
STATE 0 0 6.32 0
GAIT 1 0 0
STEP 616 RESET 0
CMD 0 0 0
W 0.0161960055 0.0123827867 0.00830957507
DQ 0.0154453566 0.013034538 0.011133357 0.0101074058 0.0102038183 0.0115178218 0.0139798483 0.0173649504 0.0213232466 0.0254272762 0.0292298545 0.0323245966 0.0344009197 0.0352860797 0.0349685505 0.0335995844 0.0314727408 0.0289841543 0.0265789196 0.0246908503 0.0236837638 0.0238022408 0.0251385224 0.0276200252
FILT_W 0.0061377609 0.00255124132 -0.00279575453
FILT_DQ 0.00349120294 0.000527833845 -0.00238738033 -0.00485418402 -0.00653301195 -0.00719094763 -0.00673324757 -0.00521616434 -0.00283933304 8.12483418e-05 0.00315598781 0.00597442879 0.0081608035 0.00942489138 0.00960129904 0.00867184554 0.00676802301 0.00415319991 0.00118697526 -0.00172349135 -0.00417858695 -0.00584033086 -0.00647811886 -0.00599993435
FLAGS 1 1 1 0
STATE 0 0 6.34 0
GAIT 1 0 0
STEP 617 RESET 0
CMD 0 0 0
W -0.00590898651 -0.0120211108 -0.0182057655
DQ -0.016967124 -0.02093737 -0.0243476423 -0.0268446529 -0.0281987194 -0.0283348514 -0.0273429003 -0.0254653984 -0.023064733 -0.020574099 -0.0184388685 -0.017056311 -0.0167218255 -0.0175889592 -0.019648626 -0.0227303359 -0.02652527 -0.0306280782 -0.0345917408 -0.037988071 -0.0404656676 -0.0417974758 -0.0419115179 -0.040900635
FILT_W 0.00493308616 0.0010940061 -0.00433675562
FILT_DQ 0.00144537024 -0.00161868654 -0.00458340653 -0.00705323092 -0.00869958269 -0.009305338 -0.00879421284 -0.00724108774 -0.00486187303 -0.00198428639 0.000996502182 0.00367135481 0.00567254061 0.00672350632 0.00667630654 0.0055316274 0.00343869371 0.0006750721 -0.00239089635 -0.00534994932 -0.00780729502 -0.00943604536 -0.0100214588 -0.00949000441
FLAGS 1 1 1 0
STATE 0 0 6.36 0
GAIT 1 0 0
STEP 618 RESET 0
CMD 0 0 0
W 0.0159801368 0.0119749005 0.00808468008
DQ 0.0146224414 0.0122994751 0.0105856338 0.00982115409 0.0102177809 0.0118301089 0.0145481934 0.0181124305 0.0221486938 0.0262189703 0.0298806432 0.0327463987 0.0345366464 0.035117361 0.0345182216 0.0329285952 0.0306719067 0.0281618643 0.0258464668 0.0241473687 0.0234028112 0.0238218428 0.0254560259 0.0281924577
FILT_W 0.00603779123 0.00218209554 -0.00309461205
FILT_DQ 0.00276307735 -0.000226870372 -0.00306650249 -0.00536579242 -0.00680784633 -0.00719179331 -0.00645997222 -0.00470573592 -0.00216081634 0.000836039272 0.00388491629 0.00657885921 0.00855895119 0.00956289178 0.00946049804 0.00827132418 0.006162015 0.00342375132 0.000432839971 -0.00240021751 -0.0046862844 -0.00611025654 -0.0064737103 -0.0057217582
FLAGS 1 1 1 0
STATE 0 0 6.38 0
GAIT 1 0 0
STEP 619 RESET 0
CMD 0 0 0
W -0.00613649629 -0.0124289435 -0.0184189616
DQ -0.0177850788 -0.0216541583 -0.0248662502 -0.0270948893 -0.0281467158 -0.0279876464 -0.0267474865 -0.0247023621 -0.0222373477 -0.0197943474 -0.0178122863 -0.0166677032 -0.0166237883 -0.0177947615 -0.0201304134 -0.0234229007 -0.0273348769 -0.0314451507 -0.0353056919 -0.0385022708 -0.0407105215 -0.0417398441 -0.0415592007 -0.0403013168
FILT_W 0.00482036248 0.000720991635 -0.00462704701
FILT_DQ 0.000708261736 -0.00236959917 -0.00524647726 -0.0075387021 -0.00894173328 -0.00927137862 -0.00848872365 -0.00670539854 -0.00416846948 -0.0012269994 0.00171519603 0.00425420297 0.00604067724 0.00682712645 0.00650140689 0.00510190169 0.00281232581 -6.31388794e-05 -0.00314101322 -0.00601042284 -0.00828870811 -0.0096732153 -0.00998225933 -0.00917971406
FLAGS 1 1 1 0
STATE 0 0 6.4 0
GAIT 1 0 0
STEP 620 RESET 0
CMD 0 0 0
W 0.0157412489 0.0115675926 0.00788342922
DQ 0.0138111775 0.0116024778 0.0100972384 0.00960746254 0.0103077154 0.0122114972 0.0151694164 0.0188894086 0.0229762667 0.0269851298 0.0304816933 0.03310099 0.0345967867 0.0348749105 0.0340059949 0.0322159199 0.0298552398 0.027351738 0.025152528 0.0236635386 0.0231945739 0.0239173824 0.0258424114 0.0288173937
FILT_W 0.00591245112 0.00180565173 -0.00337599939
FILT_DQ 0.00201855332 -0.000972391464 -0.0037121057 -0.00582408563 -0.00701678842 -0.00712309103 -0.00612290964 -0.00414591782 -0.00145399586 0.00159421352 0.00459184575 0.00713888167 0.00889628819 0.00963190486 0.0092518657 0.00781330351 0.00551661721 0.00267834881 -0.000311659099 -0.0030430267 -0.00514037991 -0.00631415553 -0.00639979226 -0.00538000328
FLAGS 1 1 1 0
STATE 0 0 6.42 0
GAIT 1 0 0
STEP 621 RESET 0
CMD 0 0 0
W -0.00638648624 -0.0128352558 -0.0186080346
DQ -0.0185879354 -0.02232989 -0.0253233999 -0.0272715839 -0.0280190407 -0.0275728816 -0.0261017686 -0.023913086 -0.0214113381 -0.019043401 -0.01723804 -0.0163478786 -0.0166016722 -0.0180733472 -0.0206719956 -0.0241541788 -0.0281568759 -0.0322466168 -0.0359781505 -0.0389547077 -0.0408817016 -0.0416065989 -0.0411395643 -0.039652085
FILT_W 0.00468255739 0.000341560978 -0.00489920291
FILT_DQ -4.20955535e-05 -0.00310814132 -0.00587323512 -0.00796883546 -0.00911701364 -0.00916807009 -0.00812079553 -0.00612263464 -0.00344973009 -0.000469547932 0.00240885718 0.00479020564 0.00634649215 0.00686137965 0.00625947956 0.00461655527 0.0021492679 -0.000814147744 -0.00387830824 -0.0066341948 -0.00871451208 -0.00984339986 -0.00987376946 -0.00880721146
FLAGS 1 1 1 0
STATE 0 0 6.44 0
GAIT 1 0 0
STEP 622 RESET 0
CMD 0 0 0
W 0.0154804459 0.0111627456 0.0077067527
DQ 0.0130184268 0.0109494414 0.00967230157 0.00946813856 0.0104728611 0.0126587609 0.0158382631 0.019689313 0.0237989654 0.0277192745 0.0310279209 0.0333853712 0.0345808318 0.034560779 0.033436203 0.0314675861 0.0290296478 0.0265606277 0.0245029724 0.0232434521 0.0230608132 0.0240880514 0.0262944109 0.0294895476
FILT_W 0.00576234624 0.00142367944 -0.00363860735
FILT_DQ 0.00126395669 -0.00170238305 -0.00431868145 -0.00622513806 -0.00715802617 -0.00698538699 -0.00572488968 -0.00354143988 -0.000724860534 0.00234933431 0.00527076355 0.0076497222 0.00916992612 0.00963131958 0.0089771519 0.00730165836 0.00483730589 0.0019233298 -0.00104018018 -0.00364643011 -0.00553697954 -0.00645025474 -0.00625695142 -0.00497753555
FLAGS 1 1 1 0
STATE 0 0 6.46 0
GAIT 1 0 0
STEP 623 RESET 0
CMD 0 0 0
W -0.00665780087 -0.0132381696 -0.0187721104
DQ -0.0193689031 -0.0229588497 -0.0257152249 -0.0273732425 -0.0278167738 -0.0270940652 -0.0254112081 -0.0231042457 -0.0205936907 -0.0183276111 -0.0167209866 -0.0160995423 -0.0166556642 -0.01842236 -0.0212687919 -0.024917985 -0.0289843144 -0.0330256977 -0.0366034289 -0.039341555 -0.0409777599 -0.0413988671 -0.040656158 -0.038958431
FILT_W 0.00452033153 -4.25054591e-05 -0.00515195765
FILT_DQ -0.00079932929 -0.00382802971 -0.00645833579 -0.0083399485 -0.00922390093 -0.0089962548 -0.00769352152 -0.00549772046 -0.00271174355 0.000281639764 0.00307158854 0.00527479575 0.00658736708 0.00682595162 0.00595255752 0.00407969402 0.00145514386 -0.00157157295 -0.00459650504 -0.0072159426 -0.00908105758 -0.00994511598 -0.00969687208 -0.00837562509
FLAGS 1 1 1 0
STATE 0 0 6.48 0
GAIT 1 0 0
STEP 624 RESET 0
CMD 0 0 0
W 0.0151989333 0.0107622308 0.00755546718
DQ 0.0122508944 0.0103458891 0.00931441746 0.00940436055 0.0107118212 0.0131681171 0.0165490763 0.020505378 0.0246098317 0.0284151951 0.0315147062 0.0335971371 0.0344889168 0.0341776233 0.032813665 0.0306899234 0.0282021133 0.0257952244 0.023903294 0.0228906623 0.0230026605 0.0243324063 0.0268082013 0.0302032343
FILT_W 0.0055881917 0.00103796817 -0.00388121517
FILT_DQ 0.000505693077 -0.00241063783 -0.00488106047 -0.0065655176 -0.00723032871 -0.00677981761 -0.00526926174 -0.00289741061 2.04139772e-05 0.00309499529 0.00591590031 0.00810702989 0.00937752206 0.00956111879 0.00863866827 0.00674071696 0.00412984081 0.00116510679 -0.00174652514 -0.00420528211 -0.00587268578 -0.00651736375 -0.00604636475 -0.00451773916
FLAGS 1 1 1 0
STATE 0 0 6.5 0
GAIT 1 0 0
STEP 625 RESET 0
CMD 0 0 0
W -0.00694918608 -0.0136358225 -0.0189104308
DQ -0.0201213765 -0.0235357176 -0.026038411 -0.027399005 -0.0275416259 -0.0265552469 -0.024681646 -0.0222826825 -0.0197913211 -0.0176530321 -0.0162654993 -0.0159247948 -0.0167853078 -0.0188388479 -0.0219157545 -0.025707859 -0.029810194 -0.033775804 -0.0371762385 -0.0396595409 -0.0409978841 -0.0411184059 -0.0401130706 -0.0382262216
FILT_W 0.00433445392 -0.000429410894 -0.00538413673
FILT_DQ -0.00155701388 -0.00452314581 -0.00699679552 -0.00864886634 -0.00926145843 -0.00875736054 -0.00721050017 -0.0048359378 -0.00196075953 0.00102019255 0.00369776035 0.00570384742 0.00676123908 0.00672112212 0.00558322598 0.00349585936 0.000735837329 -0.00232898429 -0.00528949647 -0.00775070799 -0.00938520561 -0.00997746797 -0.00945303533 -0.0078885874
FLAGS 1 1 1 0
STATE 0 0 6.52 0
GAIT 1 0 0
STEP 626 RESET 0
CMD 0 0 0
W 0.0148980123 0.0103678995 0.00743027192
DQ 0.011515072 0.00979692591 0.00902661308 0.00941666794 0.0110225747 0.0137352575 0.0172958439 0.0213307014 0.0254020071 0.0290670053 0.0319379319 0.0337344966 0.0343218191 0.0337286843 0.0321436464 0.0298895093 0.0273796359 0.0250620021 0.023358565 0.0226081532 0.0230206075 0.0246483804 0.0273794369 0.0309524173
FILT_W 0.00539080976 0.000650320143 -0.00410269586
FILT_DQ -0.000249805293 -0.00309113864 -0.00539445466 -0.00684231291 -0.00723305512 -0.00650809874 -0.00475986576 -0.00221927388 0.00077551714 0.00382487383 0.0065217775 0.00850691233 0.00951729708 0.00942187834 0.00823926803 0.00613522435 0.00340021718 0.000410114349 -0.00242469032 -0.00471482187 -0.0061446243 -0.00651488313 -0.00576978811 -0.00400448693
FLAGS 1 1 1 0
STATE 0 0 6.54 0
GAIT 1 0 0
STEP 627 RESET 0
CMD 0 0 0
W -0.00725929504 -0.0140263765 -0.0190223562
DQ -0.0208389911 -0.0240556147 -0.0262902248 -0.0273486537 -0.0271959244 -0.0259609842 -0.0239192527 -0.0214553451 -0.0190110158 -0.0170253696 -0.0158754307 -0.0158251141 -0.0169895062 -0.0193192883 -0.0226074115 -0.02651712 -0.0306275293 -0.0344905912 -0.0376917344 -0.0399059756 -0.0409419039 -0.0407675874 -0.0395148953 -0.0374616499
FILT_W 0.00412579928 -0.000817349516 -0.0055946619
FILT_DQ -0.00230872388 -0.00518758624 -0.00748403167 -0.00889294699 -0.00922934205 -0.00845338728 -0.00667580445 -0.004142881 -0.00120313615 0.00173984949 0.00428205668 0.00607370969 0.00686661675 0.00654776167 0.00515460008 0.00286998992 -2.55746883e-06 -0.0030799562 -0.00595139473 -0.00823393725 -0.00962435226 -0.00994015355 -0.00914429883 -0.00735020323
FLAGS 1 1 1 0
STATE 0 0 6.56 0
GAIT 1 0 0
STEP 628 RESET 0
CMD 0 0 0
W 0.0145790738 0.00998157429 0.00733174561
DQ 0.0108171832 0.00930719494 0.00881132267 0.00950495664 0.011402493 0.0143553854 0.0180722498 0.0221583025 0.0261687915 0.0296691923 0.0322940183 0.0337962877 0.0340809519 0.033217759 0.0314318144 0.0290731136 0.0265691719 0.0243671623 0.0228733927 0.0223983142 0.0231145025 0.0250333012 0.0280032862 0.0317307601
FILT_W 0.00517112673 0.000262542865 -0.00430202115
FILT_DQ -0.000996133168 -0.00373810812 -0.00585449624 -0.00705315663 -0.00716615854 -0.00617251001 -0.00420099903 -0.00151276265 0.00153405662 0.00453278377 0.00708325284 0.00884596749 0.00958805026 0.0092147614 0.00778232151 0.00549030228 0.00265461546 -0.000335244355 -0.00306891598 -0.00517071211 -0.00635046679 -0.00644280808 -0.00542954033 -0.00344210689
FLAGS 1 1 1 0
STATE 0 0 6.58 0
GAIT 1 0 0
STEP 629 RESET 0
CMD 0 0 0
W -0.00758669436 -0.0144080263 -0.0191073695
DQ -0.0215156775 -0.0245141435 -0.0264685363 -0.0272226144 -0.026782593 -0.0253163032 -0.0231304767 -0.0206292311 -0.0182593746 -0.0164499322 -0.0155540799 -0.0158013432 -0.0172665325 -0.0198596176 -0.0233379127 -0.0273389232 -0.0314294074 -0.0351640136 -0.0381455567 -0.040078775 -0.0408102928 -0.0403493787 -0.0388666917 -0.0366711827
FILT_W 0.00389534462 -0.00120451405 -0.00578255599
FILT_DQ -0.0030480876 -0.00581571166 -0.00791590025 -0.0090701024 -0.00912780199 -0.00808688934 -0.0060939468 -0.0034244095 -0.000445286502 0.00243451217 0.00481951957 0.00638123642 0.00690259198 0.00630732351 0.00467029809 0.00220737974 -0.000753786819 -0.00381812128 -0.00657658005 -0.00866151839 -0.00979644938 -0.00983346514 -0.00877325547 -0.00676501447
FLAGS 1 1 1 0
STATE 0 0 6.6 0
GAIT 1 0 0
STEP 630 RESET 0
CMD 0 0 0
W 0.0142435921 0.00960504093 0.00726034364
DQ 0.0101631309 0.00888083836 0.00867036717 0.0096684799 0.0118483629 0.0150232555 0.0188717271 0.0229811814 0.0269036993 0.0302166626 0.0325799536 0.033781988 0.0337683526 0.0326491689 0.0306841895 0.0282476414 0.0257775763 0.023716582 0.0224518807 0.0222629201 0.0232835513 0.025483913 0.0286744727 0.0325316794
FILT_W 0.00493016937 -0.000123558554 -0.00447826602
FILT_DQ -0.00172696575 -0.00434605665 -0.0062572735 -0.00719624417 -0.0070301855 -0.00577587485 -0.0035973794 -0.000783850405 0.00228961208 0.00521272721 0.00759556297 0.00912131158 0.00958916804 0.00894150805 0.00727168723 0.00481140591 0.00189934949 -0.00106465095 -0.00367373398 -0.00556907455 -0.00648844931 -0.00630172733 -0.00502848265 -0.00283534508
FLAGS 1 1 1 0
STATE 0 0 6.62 0
GAIT 1 0 0
STEP 631 RESET 0
CMD 0 0 0
W -0.00792987072 -0.014779008 -0.0191650776
DQ -0.022145712 -0.0249074258 -0.0265718375 -0.0270219531 -0.0263051278 -0.0246266568 -0.0223219895 -0.019811328 -0.0175427549 -0.0159315872 -0.015304165 -0.0158536833 -0.0176140436 -0.0204552656 -0.0241010795 -0.0281663178 -0.0322090458 -0.0357903754 -0.0385338667 -0.0401764774 -0.0406041639 -0.0398673172 -0.0381739423 -0.0358615057
FILT_W 0.00364416536 -0.00158910349 -0.00594694718
FILT_DQ -0.00376884038 -0.00640219357 -0.00828872991 -0.00917881507 -0.00895767973 -0.00766095305 -0.00546984041 -0.00268659817 0.00030637538 0.00309829578 0.00530559017 0.0066238121 0.00686884688 0.00600183068 0.00413441056 0.00151363353 -0.00151149004 -0.0045372234 -0.00715974725 -0.00902981483 -0.00990002077 -0.00965828632 -0.00834302862 -0.00613796115
FLAGS 1 1 1 0
STATE 0 0 6.64 0
GAIT 1 0 0
STEP 632 RESET 0
CMD 0 0 0
W 0.0138931178 0.00924003981 0.00721639607
DQ 0.00955844704 0.00852146229 0.0086049388 0.00990585463 0.0123564132 0.0157332191 0.0196875138 0.0237923783 0.0276005147 0.0307047858 0.0327933193 0.0336917184 0.033386665 0.0320277231 0.0299070953 0.0274200748 0.0250115444 0.0231157638 0.0220975941 0.0222031161 0.0235263241 0.0259964044 0.0293873195 0.0333484011
FILT_W 0.0046690606 -0.000506189164 -0.00463061286
FILT_DQ -0.00243611163 -0.00490982798 -0.00659936304 -0.0072703481 -0.00682627044 -0.00532153583 -0.00295410499 -3.87005177e-05 0.00303578931 0.00585894478 0.00805436309 0.00933060273 0.0095206287 0.00860441992 0.00671167903 0.00410427766 0.00114081341 -0.00177192468 -0.00423401312 -0.00590652173 -0.00655738628 -0.00609281724 -0.00456999381 -0.00218932493
FLAGS 1 1 1 0
STATE 0 0 6.66 0
GAIT 1 0 0
STEP 633 RESET 0
CMD 0 0 0
W -0.00828723789 -0.0151376066 -0.0191952139
DQ -0.022723766 -0.0252321353 -0.0265992547 -0.0267483671 -0.0257675673 -0.023897878 -0.0215006292 -0.0190085536 -0.016867218 -0.0154747186 -0.0151277997 -0.0159816915 -0.0180291001 -0.0211011944 -0.0248904572 -0.0289923057 -0.0329598504 -0.0363643788 -0.0388533803 -0.0401982564 -0.0403252607 -0.0393254801 -0.0374425063 -0.0350394673
FILT_W 0.00337343075 -0.00196933091 -0.00608707296
FILT_DQ -0.00446487707 -0.00694205872 -0.0085993522 -0.00921815 -0.00872040012 -0.00717917005 -0.00480875741 -0.00193568582 0.00104548858 0.00372557844 0.00573614681 0.0067993733 0.00676565582 0.0056338585 0.00355146541 0.000794619318 -0.00226925297 -0.00523117009 -0.00769594983 -0.0093356952 -0.00993417373 -0.00941608352 -0.00785724505 -0.00547433917
FLAGS 1 1 1 0
STATE 0 0 6.68 0
GAIT 1 0 0
STEP 634 RESET 0
CMD 0 0 0
W 0.0135292708 0.00888825805 0.00720010603
DQ 0.00900824601 0.00823210636 0.00861559093 0.0102150731 0.0129223468 0.0164792713 0.02051271 0.024585032 0.028253344 0.0311294333 0.032932311 0.0335262423 0.0329391176 0.0313586779 0.0291071043 0.0265974131 0.0242775555 0.0225697895 0.0218135295 0.0222194081 0.0238407676 0.0265664409 0.0301357972 0.0341740172
FILT_W 0.00438901475 -0.000883572015 -0.00475835506
FILT_DQ -0.00311756476 -0.00542464221 -0.00687785789 -0.00727482769 -0.00655612544 -0.00481332591 -0.00227661067 0.000716385962 0.00376627412 0.00646596393 0.00845576323 0.0094720602 0.009383002 0.00820634043 0.0061070293 0.0033748987 0.000385427875 -0.00245107413 -0.0047450019 -0.00618018487 -0.0065566796 -0.00581783108 -0.00405794082 -0.00150950353
FLAGS 1 1 1 0
STATE 0 0 6.7 0
GAIT 1 0 0
STEP 635 RESET 0
CMD 0 0 0
W -0.00865714404 -0.0154821648 -0.0191976389
DQ -0.0232449501 -0.0254855255 -0.0265505558 -0.0264041704 -0.025174458 -0.0231361308 -0.020673343 -0.0182276976 -0.0162384776 -0.0150831906 -0.0150264758 -0.0161842854 -0.0185081915 -0.0217919406 -0.025699369 -0.0298099007 -0.0336754708 -0.0368811689 -0.0391013949 -0.0401439279 -0.0399759422 -0.0387284502 -0.0366785703 -0.0342120203
FILT_W 0.00308439887 -0.0023434313 -0.00620228344
FILT_DQ -0.00513030329 -0.00743073054 -0.00884512768 -0.00918776196 -0.00841795869 -0.0066456064 -0.0041162839 -0.0011780224 0.00176579895 0.00431104847 0.00610753932 0.00690642564 0.00659388265 0.00520651233 0.00292638947 5.64187588e-05 -0.003020662 -0.00589408361 -0.0081806412 -0.00957655918 -0.00989860586 -0.00910889299 -0.00732000377 -0.0047797552
FLAGS 1 1 1 0
STATE 0 0 6.72 0
GAIT 1 0 0
STEP 636 RESET 0
CMD 0 0 0
W 0.013153733 0.00855132166 0.0072115488
DQ 0.00851718146 0.00801521795 0.00870223348 0.01059352 0.0135413769 0.0172551019 0.021340336 0.0253524382 0.0288566654 0.0314870133 0.0329957528 0.0332869594 0.0324294958 0.030647692 0.028290983 0.0257866146 0.0235818175 0.0220832769 0.0216020896 0.0223116581 0.0242242221 0.027189201 0.0309135753 0.0350015446
FILT_W 0.00409133229 -0.001253956 -0.00486090022
FILT_DQ -0.00376555482 -0.00588613569 -0.00709039156 -0.00720963377 -0.00622202513 -0.00425553557 -0.00157062191 0.00147502366 0.0044748856 0.00702864495 0.00879636067 0.00954447901 0.00917744397 0.00775063029 0.00546284882 0.00262943834 -0.000360414047 -0.00309634755 -0.00520236812 -0.00638773745 -0.00648632307 -0.00547908359 -0.00349664586 -0.000801625222
FLAGS 1 1 1 0
STATE 0 0 6.74 0
GAIT 1 0 0
STEP 637 RESET 0
CMD 0 0 0
W -0.00903787938 -0.0158110899 -0.0191723415
DQ -0.0237048562 -0.0256654533 -0.0264261529 -0.0259922741 -0.0245308166 -0.0223478581 -0.0198471281 -0.0174753647 -0.0156618514 -0.014760315 -0.0150010502 -0.0164597512 -0.0190472656 -0.022521662 -0.0265209732 -0.0306121874 -0.0343498544 -0.0373363746 -0.0392758128 -0.0400139514 -0.039559163 -0.0380812773 -0.0358885956 -0.0333861631
FILT_W 0.00277841112 -0.0027096694 -0.00629204435
FILT_DQ -0.00575948495 -0.00786406745 -0.00902396769 -0.0090878978 -0.00805290428 -0.00606476782 -0.00339827252 -0.000420015177 0.00246121189 0.00484974896 0.00641661958 0.006944056 0.00635497301 0.00472340107 0.00226446663 -0.000694724237 -0.00375935808 -0.00652035026 -0.00860971259 -0.00975035884 -0.00979360706 -0.00873930297 -0.00673584083 -0.00406007901
FLAGS 1 1 1 0
STATE 0 0 6.76 0
GAIT 1 0 0
STEP 638 RESET 0
CMD 0 0 0
W 0.0127682402 0.00823078804 0.0072506715
DQ 0.00808940682 0.0078726315 0.00886413363 0.0110379943 0.0142082679 0.018054149 0.0221633919 0.0260881061 0.0294053763 0.0317745016 0.0329831083 0.0329758935 0.0318621098 0.029900779 0.0274656341 0.0249945369 0.0229302151 0.0216603411 0.0214650627 0.0224790861 0.0246734443 0.0278594175 0.0317140753 0.0358239842
FILT_W 0.00377739403 -0.00161562365 -0.00493777276
FILT_DQ -0.00437459577 -0.00629039755 -0.00723515756 -0.00707530859 -0.00582678707 -0.00365287614 -0.000842106079 0.00223079695 0.00515562833 0.00754222422 0.00907326845 0.00954723974 0.00890568669 0.00724113886 0.00478458338 0.00187420188 -0.00109040077 -0.00370228113 -0.00560223506 -0.00652741435 -0.00634690192 -0.00507943092 -0.00289084921 -7.16726923e-05
FLAGS 1 1 1 0
STATE 0 0 6.78 0
GAIT 1 0 0
STEP 639 RESET 0
CMD 0 0 0
W -0.00942768408 -0.0161228616 -0.0191194387
DQ -0.0240995943 -0.0257703967 -0.026227098 -0.0255161621 -0.023842087 -0.0215397272 -0.0190289725 -0.0167579181 -0.0151422168 -0.0145088224 -0.0150517381 -0.0168057591 -0.019641763 -0.0232841864 -0.0273483206 -0.0313923802 -0.0349772971 -0.0377261459 -0.0393751589 -0.0398094262 -0.0390784481 -0.0373894353 -0.0350792639 -0.0325688811
FILT_W 0.00245688622 -0.00306634745 -0.00635593936
FILT_DQ -0.00634709563 -0.00823839747 -0.00913435161 -0.00891939394 -0.00762831706 -0.00544156124 -0.00266079272 0.000331925445 0.00312584382 0.00533711956 0.0066607678 0.00691193986 0.00605094172 0.00418860633 0.00157129298 -0.00145245633 -0.0044790904 -0.0071046676 -0.00897952744 -0.00985561553 -0.00962005654 -0.00831043136 -0.00610969068 -0.00332139353
FLAGS 1 1 1 0
STATE 0 0 6.8 0
GAIT 1 0 0
