t,drift_x,drift_y,lean,dpitch,base_z,tilt_rad,gx,gy,gz,yaw_delta,cmd_vx,cmd_vy,cmd_yaw,meta_selected,meta_safety_hold
0.0199962,0,0,0,0,0.732859,0,-0.0155456,-0.000485496,-0.999879,0,0.4,0,0,DISABLED,0
0.0399961,1.0673e-05,-1.30851e-07,0,-4.63706e-06,0.732856,0,-0.0155503,-0.000485467,-0.999879,3.15381e-06,0.4,0,0,DISABLED,0
0.0599961,6.93249e-05,-3.44589e-08,0,-1.8226e-05,0.732845,0,-0.0155638,-0.000484062,-0.999879,1.1233e-05,0.4,0,0,DISABLED,0
0.0799961,0.000254863,-1.96332e-05,0,-0.000223725,0.732811,0,-0.0157693,-0.000490025,-0.999876,1.91871e-05,0.4,0,0,DISABLED,0
0.0999961,0.000642734,-5.38556e-05,0,-0.000823977,0.732732,0.000845728,-0.0163696,-0.00055436,-0.999866,-4.1164e-05,0.4,0,0,DISABLED,0
0.119996,0.00120815,-1.94963e-05,0,-0.0018268,0.73268,0.00182698,-0.0173724,-0.00060914,-0.999849,0.000269982,0.4,0,0,DISABLED,0
0.139996,0.00202111,0.000420248,0,-0.00213898,0.732597,0.00231612,-0.0176846,0.000351325,-0.999844,0.000395306,0.4,0,0,DISABLED,0
0.159996,0.00277211,0.00141573,0,-0.00151138,0.732515,0.00231612,-0.017057,0.0012531,-0.999854,0.000656333,0.4,0,0,DISABLED,0
0.179996,0.00363225,0.00238518,0,-0.00141207,0.732707,0.00179406,-0.0169577,-0.0015587,-0.999855,0.0013507,0.4,0,0,DISABLED,0
0.199996,0.00554866,0.00417909,0,-0.00219204,0.733285,0.00700817,-0.0177377,-0.00714108,-0.999817,0.00136304,0.4,0,0,DISABLED,0
0.219996,0.00736566,0.00601199,0,-0.00226262,0.733654,0.0092129,-0.0178082,-0.00941093,-0.999797,0.0026458,0.4,0,0,DISABLED,0
0.239996,0.00909605,0.0078216,0,-0.00170502,0.733849,0.0092838,-0.0172506,-0.00960488,-0.999805,0.00387267,0.4,0,0,DISABLED,0
0.259996,0.0115464,0.010224,0,-0.00115416,0.734075,0.00989903,-0.0166998,-0.0103201,-0.999807,0.00496829,0.4,0,0,DISABLED,0
0.279996,0.0141553,0.0125889,0,-0.00106356,0.734259,0.0106699,-0.0166092,-0.0110981,-0.9998,0.00520886,0.4,0,0,DISABLED,0
0.299996,0.0170393,0.0151262,0,-0.000609959,0.734325,0.0107644,-0.0161556,-0.0112313,-0.999806,0.00530574,0.4,0,0,DISABLED,0
0.319996,0.0197954,0.0175776,0,0.000512352,0.734262,0.0101135,-0.0150333,-0.0105851,-0.999831,0.00544316,0.4,0,0,DISABLED,0
0.339996,0.0233566,0.0208957,0,0.00281511,0.734025,0.0085971,-0.0127305,-0.00860743,-0.999882,0.00499306,0.4,0,0,DISABLED,0
0.359996,0.026785,0.0242343,0,0.0055808,0.733572,0.00749319,-0.00996482,-0.00548971,-0.999935,0.00459811,0.4,0,0,DISABLED,0
0.379996,0.0303983,0.0278266,0,0.00846957,0.732683,0.00849949,-0.00707604,-0.00126134,-0.999974,0.00441814,0.4,0,0,DISABLED,0
0.399996,0.0341631,0.0310053,0,0.0102513,0.732141,0.0109891,-0.00529433,-0.00444111,-0.999976,0.00686529,0.4,0,0,DISABLED,0
0.419996,0.0381651,0.0340281,0,0.00979804,0.732302,0.0117949,-0.00574758,-0.00705,-0.999959,0.00778045,0.4,0,0,DISABLED,0
0.439996,0.0426906,0.0369721,0,0.0069274,0.732861,0.00751701,-0.00861821,-0.00341163,-0.999957,0.0102547,0.4,0,0,DISABLED,0
0.459996,0.0476584,0.0395992,0,0.00171385,0.733599,0.00468343,-0.0138318,0.00387963,-0.999897,0.0150851,0.4,0,0,DISABLED,0
0.479996,0.0526016,0.0419682,0,-0.00169169,0.734134,0.00908915,-0.0172373,0.00844507,-0.999816,0.0181101,0.4,0,0,DISABLED,0
0.499996,0.0575209,0.0439936,0,-0.00381543,0.734321,0.0106531,-0.019361,0.00946011,-0.999768,0.0183912,0.4,0,0,DISABLED,0
0.519996,0.0626849,0.0454997,0,-0.00571907,0.734364,0.0113519,-0.0212647,0.0093235,-0.99973,0.0187526,0.4,0,0,DISABLED,0
0.539996,0.0680695,0.0464974,0,-0.0072039,0.734393,0.0122412,-0.0227495,0.00941433,-0.999697,0.018779,0.4,0,0,DISABLED,0
0.559996,0.0735784,0.0470215,0,-0.00773601,0.734381,0.0127843,-0.0232816,0.00969058,-0.999682,0.0187529,0.4,0,0,DISABLED,0
0.579996,0.0780445,0.0471746,0,-0.00745062,0.734307,0.0129465,-0.0229962,0.0100991,-0.999685,0.0187728,0.4,0,0,DISABLED,0
0.599996,0.0848042,0.0470166,0,-0.00585883,0.734066,0.0129049,-0.0214044,0.0110176,-0.99971,0.0190674,0.4,0,0,DISABLED,0
0.619996,0.0904736,0.0465232,0,-0.00352833,0.733712,0.0126625,-0.0190739,0.0116797,-0.99975,0.0197214,0.4,0,0,DISABLED,0
0.639996,0.0961221,0.0456809,0,-0.000366676,0.733189,0.0124441,-0.0159123,0.0119543,-0.999802,0.0203886,0.4,0,0,DISABLED,0
0.659996,0.101724,0.0444775,0,0.00324766,0.732507,0.0124153,-0.012298,0.011497,-0.999858,0.0216848,0.4,0,0,DISABLED,0
0.679996,0.107365,0.0428849,0,0.00614933,0.731726,0.0112729,-0.00939629,0.00896329,-0.999916,0.0232557,0.4,0,0,DISABLED,0
0.699996,0.113081,0.0412006,0,0.0072463,0.73115,0.0101194,-0.00829931,0.00658115,-0.999944,0.0217573,0.4,0,0,DISABLED,0
0.719995,0.118551,0.039956,0,0.00547646,0.731464,0.0100721,-0.0100692,0.00796996,-0.999918,0.0177609,0.4,0,0,DISABLED,0
0.739995,0.125291,0.0380067,0,0.00253238,0.732282,0.0049193,-0.0130132,0.00374079,-0.999908,0.0114722,0.4,0,0,DISABLED,0
0.759995,0.131325,0.0361151,0,0.000302942,0.733042,0.00308816,-0.0152427,-0.00355513,-0.999878,0.00936421,0.4,0,0,DISABLED,0
0.779995,0.137401,0.0345452,0,-0.00170956,0.733756,0.0101017,-0.0172552,-0.0104378,-0.999797,0.0084427,0.4,0,0,DISABLED,0
0.799995,0.143386,0.033402,0,-0.0023653,0.734178,0.0149467,-0.0179109,-0.0152464,-0.999723,0.00750954,0.4,0,0,DISABLED,0
0.819995,0.149352,0.0325612,0,-0.00173266,0.734318,0.0180005,-0.0172783,-0.0184018,-0.999681,0.00699724,0.4,0,0,DISABLED,0
0.839995,0.155458,0.0319906,0,-0.000493308,0.7343,0.0197108,-0.0160389,-0.0201932,-0.999667,0.0065276,0.4,0,0,DISABLED,0
0.859995,0.159249,0.0317745,0,0.000198947,0.734268,0.0202655,-0.0153467,-0.0207511,-0.999667,0.00642724,0.4,0,0,DISABLED,0
0.879995,0.168424,0.0315792,0,0.00173987,0.734159,0.0223257,-0.0138057,-0.0227421,-0.999646,0.00473894,0.4,0,0,DISABLED,0
0.899995,0.175143,0.0316343,0,0.00321292,0.733976,0.0245632,-0.0123327,-0.0248382,-0.999615,0.00429372,0.4,0,0,DISABLED,0
0.919995,0.181161,0.0318161,0,0.00534923,0.733713,0.0273729,-0.0101964,-0.0273287,-0.999574,0.00446616,0.4,0,0,DISABLED,0
0.939995,0.188391,0.032295,0,0.00883276,0.733281,0.0315229,-0.00671286,-0.030743,-0.999505,0.00450162,0.4,0,0,DISABLED,0
0.959995,0.194832,0.0331746,0,0.0122257,0.732872,0.033122,-0.00331991,-0.031266,-0.999506,0.00425599,0.4,0,0,DISABLED,0
0.979995,0.201326,0.0345272,0,0.0143929,0.732582,0.0309696,-0.0011527,-0.0279061,-0.99961,0.00335488,0.4,0,0,DISABLED,0
0.999995,0.207796,0.0359946,0,0.0154802,0.732216,0.0268563,-6.54151e-05,-0.0224316,-0.999748,0.00388315,0.4,0,0,DISABLED,0
1.02,0.214279,0.0372024,0,0.0154157,0.732215,0.0249221,-0.000129897,-0.0200659,-0.999799,0.00495297,0.4,0,0,DISABLED,0
1.04,0.220162,0.0380115,0,0.0140173,0.732582,0.0218207,-0.00152834,-0.0172099,-0.999851,0.00819531,0.4,0,0,DISABLED,0
1.06,0.227766,0.0389353,0,0.0109992,0.733099,0.0157505,-0.00454642,-0.0117619,-0.99992,0.0130978,0.4,0,0,DISABLED,0
1.08,0.234678,0.0398996,0,0.00926603,0.733496,0.0104725,-0.00627959,-0.00536521,-0.999966,0.0141082,0.4,0,0,DISABLED,0
1.1,0.241443,0.0406623,0,0.00931296,0.73363,0.00937961,-0.00623265,-0.0015885,-0.999979,0.0144246,0.4,0,0,DISABLED,0
1.12,0.248402,0.0410056,0,0.00931949,0.733599,0.00932224,-0.00622613,-0.000152722,-0.999981,0.0150038,0.4,0,0,DISABLED,0
1.14,0.255591,0.0409162,0,0.00859653,0.73358,0.00914798,-0.00694909,0.00264137,-0.999972,0.01662,0.4,0,0,DISABLED,0
1.16,0.262784,0.0405627,0,0.00834017,0.73358,0.0101957,-0.00720544,0.00538069,-0.99996,0.0174069,0.4,0,0,DISABLED,0
1.18,0.26983,0.0400728,0,0.00897557,0.733535,0.0123189,-0.00657005,0.00795775,-0.999947,0.0176943,0.4,0,0,DISABLED,0
1.2,0.276722,0.0395486,0,0.0104619,0.733402,0.015129,-0.00508376,0.0104441,-0.999933,0.018184,0.4,0,0,DISABLED,0
1.22,0.282798,0.0390229,0,0.0124914,0.733232,0.0178909,-0.00305426,0.0123241,-0.999919,0.0186273,0.4,0,0,DISABLED,0
1.24,0.289515,0.0381828,0,0.0141677,0.733086,0.0190339,-0.00137796,0.0122263,-0.999924,0.0186068,0.4,0,0,DISABLED,0
1.25999,0.297074,0.0368246,0,0.0145229,0.73314,0.0185035,-0.00102268,0.0109793,-0.999939,0.0188038,0.4,0,0,DISABLED,0
1.27999,0.304088,0.0351209,0,0.0137711,0.733159,0.016213,-0.00177455,0.00807396,-0.999966,0.0183226,0.4,0,0,DISABLED,0
1.29999,0.310474,0.0331409,0,0.0116732,0.732741,0.0123527,-0.00387245,0.00355116,-0.999986,0.0177558,0.4,0,0,DISABLED,0
1.31999,0.317843,0.031057,0,0.00745104,0.732575,0.00866616,-0.00809458,0.0039406,-0.999959,0.0145439,0.4,0,0,DISABLED,0
1.33999,0.325172,0.0289603,0,0.00351867,0.733001,0.00451496,-0.0120269,0.00235232,-0.999925,0.0108267,0.4,0,0,DISABLED,0
1.35999,0.333474,0.0266397,0,0.00191803,0.733718,0.00379794,-0.0136276,-0.00376316,-0.9999,0.00732331,0.4,0,0,DISABLED,0
1.37999,0.33959,0.0254222,0,0.00117441,0.734133,0.00677464,-0.0143712,-0.00716485,-0.999871,0.00653442,0.4,0,0,DISABLED,0
1.39999,0.344332,0.0247705,0,0.000831088,0.734272,0.00812664,-0.0147145,-0.00857036,-0.999855,0.00562789,0.4,0,0,DISABLED,0
1.41999,0.352548,0.0240898,0,0.000492015,0.734225,0.0100958,-0.0150536,-0.0105688,-0.999831,0.00367228,0.4,0,0,DISABLED,0
1.43999,0.360306,0.0238783,0,0.00028245,0.734085,0.0119804,-0.0152632,-0.0124627,-0.999806,0.001247,0.4,0,0,DISABLED,0
1.45999,0.367553,0.0239076,0,0.000274193,0.733958,0.0131339,-0.0152714,-0.0136179,-0.999791,0.000483521,0.4,0,0,DISABLED,0
1.47999,0.374872,0.0240898,0,0.000785757,0.733816,0.0147216,-0.0147599,-0.0151826,-0.999776,-0.000150667,0.4,0,0,DISABLED,0
1.49999,0.382154,0.0243402,0,0.00242226,0.733663,0.0176494,-0.0131234,-0.0179687,-0.999752,-0.000518427,0.4,0,0,DISABLED,0
1.51999,0.389336,0.0247067,0,0.00469784,0.733492,0.0204791,-0.0108478,-0.0204209,-0.999733,-0.000408633,0.4,0,0,DISABLED,0
1.53999,0.395731,0.0252652,0,0.00707451,0.733377,0.0225409,-0.0084711,-0.0218901,-0.999725,-0.000680307,0.4,0,0,DISABLED,0
1.55999,0.403516,0.0263355,0,0.0101391,0.733407,0.0226148,-0.00540656,-0.020701,-0.999771,-0.000705161,0.4,0,0,DISABLED,0
1.57999,0.409965,0.0274291,0,0.0111567,0.733514,0.0205024,-0.00438891,-0.0176886,-0.999834,-9.24328e-05,0.4,0,0,DISABLED,0
1.59999,0.417825,0.0289555,0,0.0112672,0.733357,0.0156937,-0.00427839,-0.0114092,-0.999926,0.00118709,0.4,0,0,DISABLED,0
1.61999,0.424825,0.0301817,0,0.0105241,0.733184,0.0131746,-0.00502152,-0.00841041,-0.999952,0.00334429,0.4,0,0,DISABLED,0
1.63999,0.432033,0.0312303,0,0.0078202,0.733337,0.0100781,-0.00772541,-0.00684364,-0.999947,0.00565659,0.4,0,0,DISABLED,0
1.65999,0.43778,0.0320655,0,0.00580889,0.733571,0.00652364,-0.00973673,-0.00346311,-0.999947,0.00863422,0.4,0,0,DISABLED,0
1.67999,0.446414,0.0332859,0,0.00498478,0.733901,0.00521342,-0.0105608,0.00108443,-0.999944,0.010513,0.4,0,0,DISABLED,0
1.69999,0.45353,0.0340326,0,0.0054738,0.733918,0.0065145,-0.0100718,0.00304382,-0.999945,0.0107494,0.4,0,0,DISABLED,0
1.71999,0.460847,0.0342934,0,0.00564823,0.733788,0.00707588,-0.00989738,0.00378296,-0.999944,0.0118931,0.4,0,0,DISABLED,0
1.73999,0.467549,0.0341733,0,0.00546779,0.733689,0.00752494,-0.0100778,0.00468387,-0.999938,0.0128723,0.4,0,0,DISABLED,0
1.75999,0.47567,0.0336919,0,0.00562641,0.733587,0.00849949,-0.0099192,0.00588764,-0.999933,0.0141296,0.4,0,0,DISABLED,0
1.77999,0.482886,0.0331048,0,0.00643686,0.733494,0.00982044,-0.00910876,0.00692999,-0.999934,0.0147758,0.4,0,0,DISABLED,0
1.79999,0.489958,0.0325033,0,0.00803258,0.733359,0.0119505,-0.00751303,0.00836043,-0.999937,0.0154509,0.4,0,0,DISABLED,0
1.81999,0.496189,0.031938,0,0.00980609,0.733187,0.0139268,-0.00573952,0.00940095,-0.999939,0.0161202,0.4,0,0,DISABLED,0
1.83999,0.503755,0.0310054,0,0.0114053,0.733045,0.0149546,-0.00414031,0.00919067,-0.999949,0.0165671,0.4,0,0,DISABLED,0
1.85999,0.510746,0.0298221,0,0.0117816,0.73309,0.0144272,-0.00376397,0.00784549,-0.999962,0.0166908,0.4,0,0,DISABLED,0
1.87999,0.517882,0.0282128,0,0.0107032,0.733085,0.0118905,-0.00484242,0.00470375,-0.999977,0.0165178,0.4,0,0,DISABLED,0
1.89999,0.525058,0.0260573,0,0.00848636,0.732592,0.00849949,-0.00705925,-2.00574e-05,-0.999975,0.0150236,0.4,0,0,DISABLED,0
1.91999,0.531751,0.0240965,0,0.00477578,0.732396,0.00480902,-0.0107698,0.00011098,-0.999942,0.0127365,0.4,0,0,DISABLED,0
1.93999,0.538399,0.022171,0,0.00145795,0.732716,0.00154408,-0.0140877,-0.00100697,-0.9999,0.00942229,0.4,0,0,DISABLED,0
1.95999,0.54684,0.0198103,0,-2.05887e-05,0.733446,0.00688807,-0.0155662,-0.00737676,-0.999852,0.0050223,0.4,0,0,DISABLED,0
1.97999,0.553773,0.0185021,0,-0.000309465,0.733938,0.0100484,-0.0158551,-0.0105276,-0.999819,0.00396539,0.4,0,0,DISABLED,0
1.99999,0.560696,0.0176982,0,-0.000194843,0.734098,0.0117797,-0.0157405,-0.0122598,-0.999801,0.00272013,0.4,0,0,DISABLED,0
2.01999,0.567684,0.0172064,0,0.000182865,0.734049,0.0132288,-0.0153627,-0.0137121,-0.999788,0.00132899,0.4,0,0,DISABLED,0
2.03999,0.574823,0.016956,0,0.00055836,0.733969,0.0143775,-0.0149873,-0.0148525,-0.999777,0.000394919,0.4,0,0,DISABLED,0
2.05999,0.582108,0.0169388,0,0.00102951,0.733842,0.0156137,-0.0145161,-0.0160665,-0.999766,-0.00101419,0.4,0,0,DISABLED,0
2.07999,0.589488,0.0171003,0,0.00194101,0.733645,0.0174319,-0.0136046,-0.0178114,-0.999749,-0.00215806,0.4,0,0,DISABLED,0
2.09999,0.596854,0.0173313,0,0.00347478,0.733411,0.0199004,-0.0120708,-0.0200828,-0.999725,-0.00214696,0.4,0,0,DISABLED,0
2.11999,0.604103,0.0176727,0,0.00613665,0.733177,0.0230973,-0.00940896,-0.0227517,-0.999697,-0.00209389,0.4,0,0,DISABLED,0
2.13999,0.611258,0.0182822,0,0.00876126,0.733018,0.0253278,-0.00678435,-0.0242504,-0.999683,-0.00263418,0.4,0,0,DISABLED,0
2.15999,0.618437,0.0192087,0,0.0117787,0.733107,0.0251056,-0.0037669,-0.0226564,-0.999736,-0.00241739,0.4,0,0,DISABLED,0
2.17999,0.625712,0.0203286,0,0.0126742,0.733308,0.0225435,-0.00287139,-0.0191276,-0.999813,-0.0013426,0.4,0,0,DISABLED,0
2.19999,0.632941,0.0216554,0,0.0127294,0.733255,0.0182635,-0.00281621,-0.01358,-0.999904,-0.000229231,0.4,0,0,DISABLED,0
2.21999,0.638617,0.0226913,0,0.0121107,0.733138,0.0153364,-0.00343493,-0.00989962,-0.999945,0.00131291,0.4,0,0,DISABLED,0
2.23999,0.647299,0.0240045,0,0.00995437,0.73324,0.0126153,-0.00559124,-0.00823567,-0.99995,0.00353238,0.4,0,0,DISABLED,0
2.25999,0.653823,0.0248906,0,0.00843344,0.733486,0.00987492,-0.00711218,-0.00562659,-0.999959,0.00619891,0.4,0,0,DISABLED,0
2.27999,0.661879,0.0259239,0,0.00745738,0.733757,0.00745331,-0.00808824,-0.00038343,-0.999967,0.00895689,0.4,0,0,DISABLED,0
2.29999,0.669065,0.0265916,0,0.00807977,0.73374,0.00831515,-0.00746584,0.00149036,-0.999971,0.00891985,0.4,0,0,DISABLED,0
2.31999,0.676414,0.0267747,0,0.00834906,0.733588,0.00880941,-0.00719655,0.00234121,-0.999971,0.00997508,0.4,0,0,DISABLED,0
2.33999,0.683872,0.0265537,0,0.00814099,0.733482,0.00913494,-0.00740463,0.00366149,-0.999966,0.0111964,0.4,0,0,DISABLED,0
2.35999,0.691245,0.0260548,0,0.00817297,0.733426,0.009977,-0.00737265,0.00523425,-0.999959,0.0122527,0.4,0,0,DISABLED,0
2.37999,0.698435,0.0254257,0,0.00890428,0.733359,0.0114565,-0.00664133,0.00672073,-0.999955,0.0130335,0.4,0,0,DISABLED,0
2.39999,0.705485,0.0247951,0,0.0101708,0.733244,0.0134655,-0.0053748,0.00834172,-0.999951,0.0137393,0.4,0,0,DISABLED,0
2.41999,0.712399,0.0241172,0,0.0117526,0.7331,0.0154255,-0.00379298,0.00950957,-0.999948,0.0143067,0.4,0,0,DISABLED,0
2.43999,0.719271,0.0232137,0,0.0129264,0.733039,0.016069,-0.00261923,0.00906117,-0.999956,0.014354,0.4,0,0,DISABLED,0
2.45999,0.726273,0.0219727,0,0.0128177,0.733135,0.0150974,-0.00272788,0.00749324,-0.999968,0.0145169,0.4,0,0,DISABLED,0
2.47999,0.733415,0.0202774,0,0.0113316,0.733168,0.0124489,-0.00421402,0.004671,-0.99998,0.0148789,0.4,0,0,DISABLED,0
2.49999,0.739845,0.018274,0,0.00919059,0.732745,0.00920643,-0.00635503,9.50228e-05,-0.99998,0.013826,0.4,0,0,DISABLED,0
2.51999,0.747283,0.016032,0,0.00425941,0.732443,0.00431239,-0.0112862,0.000222685,-0.999936,0.0104937,0.4,0,0,DISABLED,0
2.53999,0.755385,0.0136117,0,0.000757745,0.732855,0.000845728,-0.0147879,-0.000890139,-0.99989,0.00668465,0.4,0,0,DISABLED,0
2.55999,0.762307,0.0115724,0,-0.000482799,0.733497,0.00579803,-0.0160284,-0.00625697,-0.999852,0.0037593,0.4,0,0,DISABLED,0
2.57999,0.769137,0.0101581,0,-0.000724598,0.734016,0.00891701,-0.0162702,-0.00937619,-0.999824,0.00225456,0.4,0,0,DISABLED,0
2.59999,0.775974,0.00925223,0,-0.000685339,0.73419,0.0106251,-0.016231,-0.0110919,-0.999807,0.000718828,0.4,0,0,DISABLED,0
2.61999,0.783599,0.00862448,0,-0.00052118,0.734114,0.0119305,-0.0160668,-0.0124035,-0.999794,-0.000535318,0.4,0,0,DISABLED,0
2.63999,0.789983,0.00835364,0,-0.000240722,0.734,0.0133856,-0.0157863,-0.0138677,-0.999779,-0.00234551,0.4,0,0,DISABLED,0
2.65999,0.796518,0.00826223,0,-7.60006e-05,0.733882,0.0141729,-0.0156216,-0.0146576,-0.999771,-0.00275917,0.4,0,0,DISABLED,0
2.67999,0.804586,0.00834137,0,0.000619919,0.733714,0.0158562,-0.0149257,-0.0163295,-0.999755,-0.00346238,0.4,0,0,DISABLED,0
2.69999,0.811875,0.00849616,0,0.00224563,0.733534,0.0184486,-0.0133,-0.0187975,-0.999735,-0.00364801,0.4,0,0,DISABLED,0
2.71999,0.819053,0.00876919,0,0.00499681,0.733329,0.0215623,-0.0105488,-0.0214608,-0.999714,-0.00352525,0.4,0,0,DISABLED,0
2.73999,0.825447,0.00923823,0,0.00846306,0.73318,0.0239637,-0.00708256,-0.0229058,-0.999713,-0.00381454,0.4,0,0,DISABLED,0
2.75999,0.833234,0.0101642,0,0.0107715,0.733228,0.0236331,-0.00477411,-0.0215179,-0.999757,-0.00342594,0.4,0,0,DISABLED,0
2.77999,0.840385,0.0112256,0,0.0119973,0.733391,0.021022,-0.00354828,-0.017746,-0.999836,-0.00210216,0.4,0,0,DISABLED,0
2.79999,0.847498,0.012499,0,0.0121758,0.733288,0.0173462,-0.00336978,-0.0128392,-0.999912,-0.00152697,0.4,0,0,DISABLED,0
2.81999,0.854563,0.013672,0,0.0114207,0.733153,0.0147216,-0.00412491,-0.0097819,-0.999944,0.00177025,0.4,0,0,DISABLED,0
2.83999,0.860933,0.0146678,0,0.00985484,0.733229,0.0125395,-0.00569077,-0.00823553,-0.99995,0.00274335,0.4,0,0,DISABLED,0
2.85999,0.868842,0.015683,0,0.00779077,0.733496,0.0091805,-0.00775485,-0.00534672,-0.999956,0.0067706,0.4,0,0,DISABLED,0
2.87999,0.876054,0.0165807,0,0.00675787,0.733718,0.00680098,-0.00878775,-0.00130263,-0.999961,0.0081977,0.4,0,0,DISABLED,0
2.89999,0.883212,0.0172194,0,0.0068331,0.733726,0.00697407,-0.00871252,0.000913214,-0.999962,0.00872465,0.4,0,0,DISABLED,0
2.91999,0.890493,0.0173818,0,0.00684963,0.7336,0.00726705,-0.00869599,0.00193352,-0.99996,0.0100131,0.4,0,0,DISABLED,0
2.93999,0.897878,0.0171371,0,0.00656666,0.733513,0.00750908,-0.00897895,0.00315648,-0.999955,0.0111236,0.4,0,0,DISABLED,0
2.95999,0.9052,0.0166117,0,0.00658668,0.73348,0.00840073,-0.00895893,0.00472629,-0.999949,0.012142,0.4,0,0,DISABLED,0
2.97999,0.912343,0.0159505,0,0.00741608,0.733436,0.0100306,-0.00812953,0.00626441,-0.999947,0.0130313,0.4,0,0,DISABLED,0
2.99999,0.919346,0.0152888,0,0.00886185,0.733331,0.0122169,-0.00668377,0.00792728,-0.999946,0.0137174,0.4,0,0,DISABLED,0
3.01999,0.926218,0.0145882,0,0.0106986,0.733171,0.0144313,-0.00484705,0.00919878,-0.999946,0.0143582,0.4,0,0,DISABLED,0
3.03999,0.933061,0.0136678,0,0.0120983,0.733093,0.0152819,-0.00344735,0.00885277,-0.999955,0.0145484,0.4,0,0,DISABLED,0
3.05999,0.939992,0.0124184,0,0.0123949,0.733143,0.0147216,-0.00315068,0.00746015,-0.999967,0.0145934,0.4,0,0,DISABLED,0
3.08,0.947124,0.0107368,0,0.010956,0.733159,0.0123334,-0.00458958,0.00517779,-0.999976,0.0160092,0.4,0,0,DISABLED,0
3.1,0.953507,0.00886742,0,0.00891434,0.732784,0.00908259,-0.00663127,0.00123323,-0.999977,0.0134515,0.4,0,0,DISABLED,0
3.12,0.961573,0.00658349,0,0.00461412,0.732973,0.00544823,-0.0109315,0.00241482,-0.999937,0.00856175,0.4,0,0,DISABLED,0
3.14,0.968822,0.00412027,0,0.000235372,0.733698,0.000488281,-0.0153102,-0.000949006,-0.999882,0.00564559,0.4,0,0,DISABLED,0
3.16,0.975603,0.00177531,0,-0.000882897,0.734441,0.00703364,-0.0164285,-0.00745649,-0.999837,0.00406786,0.4,0,0,DISABLED,0
3.18,0.982301,5.88922e-05,0,-0.00136316,0.734916,0.0106139,-0.0169088,-0.0110112,-0.999796,0.00310484,0.4,0,0,DISABLED,0
3.2,0.988986,-0.00115846,0,-0.0015154,0.735016,0.0124057,-0.017061,-0.0127977,-0.999773,0.00207998,0.4,0,0,DISABLED,0
3.22,0.995082,-0.00194239,0,-0.0015059,0.734863,0.0135494,-0.0170515,-0.0139504,-0.999757,0.00102548,0.4,0,0,DISABLED,0
3.24,1.00271,-0.00260551,0,-0.00138059,0.734622,0.014673,-0.0169262,-0.0150925,-0.999743,-0.000109265,0.4,0,0,DISABLED,0
3.26,1.00987,-0.0029635,0,-0.001294,0.734426,0.0155295,-0.0168396,-0.0159642,-0.999731,-0.000570729,0.4,0,0,DISABLED,0
3.28,1.01641,-0.00311164,0,-0.000797306,0.734238,0.0169394,-0.0163429,-0.0174084,-0.999715,-0.000969161,0.4,0,0,DISABLED,0
3.3,1.02438,-0.00317237,0,0.000637578,0.73396,0.0192982,-0.014908,-0.0197727,-0.999693,-0.000886082,0.4,0,0,DISABLED,0
3.32,1.03151,-0.00310522,0,0.00328597,0.733628,0.0224906,-0.0122596,-0.0227359,-0.999666,-0.000541644,0.4,0,0,DISABLED,0
3.34,1.03786,-0.00285251,0,0.00612118,0.733314,0.0248671,-0.00942443,-0.0245861,-0.999653,-0.000182133,0.4,0,0,DISABLED,0
3.36,1.04556,-0.00217083,0,0.00826599,0.7331,0.0255435,-0.00727963,-0.0246523,-0.99967,-3.8862e-05,0.4,0,0,DISABLED,0
3.38,1.05262,-0.00126896,0,0.0108523,0.73305,0.022371,-0.00469334,-0.0200472,-0.999788,0.00175838,0.4,0,0,DISABLED,0
3.4,1.05973,-0.000229545,0,0.0110679,0.732873,0.0187244,-0.00447773,-0.0155878,-0.999868,0.00277775,0.4,0,0,DISABLED,0
3.42,1.06672,0.000721505,0,0.0104191,0.732772,0.0157468,-0.00512649,-0.012292,-0.999911,0.00502984,0.4,0,0,DISABLED,0
3.44,1.07376,0.00147678,0,0.00868177,0.733026,0.0128911,-0.00686385,-0.0100197,-0.999926,0.00836501,0.4,0,0,DISABLED,0
3.46,1.08089,0.00227523,0,0.00694015,0.733441,0.00888353,-0.00860546,-0.00602339,-0.999945,0.0117548,0.4,0,0,DISABLED,0
3.48,1.08807,0.00311582,0,0.0060592,0.733773,0.00610841,-0.00948642,-0.00122628,-0.999954,0.0133908,0.4,0,0,DISABLED,0
3.5,1.09594,0.00376923,0,0.00639655,0.733829,0.00666823,-0.00914906,0.00141279,-0.999957,0.0143436,0.4,0,0,DISABLED,0
3.52001,1.10181,0.00392635,0,0.00674946,0.733667,0.00746928,-0.00879615,0.0027183,-0.999958,0.0168975,0.4,0,0,DISABLED,0
3.54001,1.11004,0.00373028,0,0.0067724,0.733402,0.00765841,-0.00877321,0.00310131,-0.999957,0.0176766,0.4,0,0,DISABLED,0
3.56001,1.11754,0.00318318,0,0.00674903,0.733286,0.00822144,-0.00879659,0.00421455,-0.999952,0.0179105,0.4,0,0,DISABLED,0
3.58001,1.12491,0.00242053,0,0.00734511,0.73323,0.00974122,-0.00820051,0.00591751,-0.999949,0.0187868,0.4,0,0,DISABLED,0
3.60001,1.13211,0.00162094,0,0.00869877,0.73314,0.0120992,-0.00684684,0.00792745,-0.999945,0.0197485,0.4,0,0,DISABLED,0
3.62001,1.13844,0.000901129,0,0.0105033,0.733013,0.0144808,-0.00504231,0.00948316,-0.999942,0.0206292,0.4,0,0,DISABLED,0
3.64001,1.14542,-7.21747e-05,0,0.012261,0.732915,0.0158712,-0.00328466,0.00959797,-0.999949,0.0212465,0.4,0,0,DISABLED,0
3.66001,1.15322,-0.00150832,0,0.0128054,0.732976,0.0152702,-0.00274017,0.0078366,-0.999966,0.0212766,0.4,0,0,DISABLED,0
3.68001,1.16051,-0.00326939,0,0.0116887,0.732996,0.0129603,-0.00385687,0.00510976,-0.999979,0.0214915,0.4,0,0,DISABLED,0
3.70001,1.16784,-0.00558466,0,0.00953995,0.732519,0.00958081,-0.00600567,0.000370004,-0.999982,0.0198716,0.4,0,0,DISABLED,0
3.72001,1.17466,-0.00768191,0,0.00593552,0.732337,0.00603971,-0.0096101,0.000623033,-0.999954,0.0175153,0.4,0,0,DISABLED,0
3.74001,1.18295,-0.0102016,0,0.00208889,0.732803,0.00226407,-0.0134567,-0.00132375,-0.999909,0.012871,0.4,0,0,DISABLED,0
3.76001,1.19007,-0.0122784,0,0.0011235,0.733446,0.00585938,-0.0144221,-0.0062383,-0.999877,0.0106148,0.4,0,0,DISABLED,0
3.78001,1.19706,-0.0137154,0,0.000958034,0.733924,0.0089237,-0.0145876,-0.00935843,-0.99985,0.00928556,0.4,0,0,DISABLED,0
3.80001,1.20403,-0.0146472,0,0.00105097,0.73407,0.0104154,-0.0144946,-0.0108507,-0.999836,0.00822838,0.4,0,0,DISABLED,0
3.82001,1.21038,-0.0151798,0,0.00119787,0.733988,0.0120102,-0.0143477,-0.0124346,-0.99982,0.00629457,0.4,0,0,DISABLED,0
3.84001,1.21831,-0.015524,0,0.00134882,0.73384,0.0134345,-0.0141968,-0.0138546,-0.999803,0.00505942,0.4,0,0,DISABLED,0
3.86001,1.22566,-0.0155842,0,0.00161785,0.733695,0.014677,-0.0139278,-0.0150711,-0.999789,0.00440836,0.4,0,0,DISABLED,0
3.88001,1.23307,-0.0154886,0,0.00237809,0.733523,0.0164684,-0.0131675,-0.016779,-0.999772,0.00413901,0.4,0,0,DISABLED,0
3.90001,1.2404,-0.0153204,0,0.00402713,0.733333,0.0194214,-0.0115185,-0.019487,-0.999744,0.00408164,0.4,0,0,DISABLED,0
3.92001,1.24619,-0.015098,0,0.00606502,0.733173,0.0221514,-0.0094806,-0.0217911,-0.999718,0.00408222,0.4,0,0,DISABLED,0
3.94001,1.25477,-0.0144323,0,0.00960404,0.733002,0.0250391,-0.00594158,-0.0236099,-0.999704,0.0035757,0.4,0,0,DISABLED,0
3.96002,1.26192,-0.0135233,0,0.0116209,0.733088,0.0246334,-0.00392476,-0.0222091,-0.999746,0.00387727,0.4,0,0,DISABLED,0
3.98002,1.26914,-0.012451,0,0.0125892,0.733284,0.0220002,-0.00295641,-0.0185285,-0.999824,0.00527062,0.4,0,0,DISABLED,0
4.00002,1.27629,-0.0112036,0,0.0126382,0.733221,0.0179309,-0.00290744,-0.0132078,-0.999909,0.00684433,0.4,0,0,DISABLED,0
4.02002,1.28272,-0.0100544,0,0.0118032,0.733102,0.0151526,-0.00374244,-0.00998414,-0.999943,0.00876597,0.4,0,0,DISABLED,0
4.04002,1.28978,-0.00895864,0,0.0103366,0.733209,0.0126907,-0.005209,-0.00785365,-0.999956,0.0106028,0.4,0,0,DISABLED,0
4.06002,1.29769,-0.00794216,0,0.00873244,0.733525,0.00981437,-0.00681318,-0.00496253,-0.999964,0.0138158,0.4,0,0,DISABLED,0
4.08002,1.3049,-0.00702393,0,0.00799285,0.733756,0.00800843,-0.00755277,-0.000932678,-0.999971,0.0151599,0.4,0,0,DISABLED,0
4.10002,1.31134,-0.00642954,0,0.00824559,0.733762,0.00835805,-0.00730003,0.000891481,-0.999973,0.0157359,0.4,0,0,DISABLED,0
4.12002,1.31866,-0.00622195,0,0.00845177,0.733562,0.00884318,-0.00709385,0.00212807,-0.999973,0.0188349,0.4,0,0,DISABLED,0
4.14002,1.32612,-0.00640317,0,0.00811192,0.733371,0.00874831,-0.00743369,0.00278241,-0.999968,0.0196811,0.4,0,0,DISABLED,0
4.16002,1.33427,-0.00696043,0,0.00802602,0.733272,0.00935416,-0.0075196,0.0043206,-0.999962,0.0206153,0.4,0,0,DISABLED,0
4.18002,1.34149,-0.00764326,0,0.0087356,0.733215,0.0108801,-0.00681002,0.00599844,-0.999959,0.0216381,0.4,0,0,DISABLED,0
4.20002,1.34855,-0.00832111,0,0.0100056,0.733127,0.0130199,-0.00553997,0.0078462,-0.999954,0.0224416,0.4,0,0,DISABLED,0
4.22002,1.35271,-0.00873576,0,0.0115587,0.733042,0.0151329,-0.00398696,0.00928072,-0.999949,0.0234515,0.4,0,0,DISABLED,0
4.24002,1.36303,-0.0100442,0,0.0132814,0.732883,0.016312,-0.00226422,0.0089852,-0.999957,0.0239679,0.4,0,0,DISABLED,0
4.26002,1.36937,-0.0111726,0,0.0132746,0.732954,0.01589,-0.00227104,0.00824576,-0.999963,0.0243276,0.4,0,0,DISABLED,0
4.28002,1.37653,-0.0128523,0,0.0119778,0.733,0.0131792,-0.00356785,0.00502323,-0.999981,0.024537,0.4,0,0,DISABLED,0
4.30002,1.38372,-0.0150593,0,0.00972794,0.732529,0.00974734,-0.00581768,0.000165973,-0.999983,0.0233916,0.4,0,0,DISABLED,0
4.32002,1.39043,-0.0170088,0,0.00586562,0.732347,0.00603971,-0.00968,0.000958343,-0.999953,0.0209098,0.4,0,0,DISABLED,0
4.34002,1.39788,-0.0191764,0,0.00154977,0.732763,0.00154408,-0.0139958,-0.00048932,-0.999902,0.0168676,0.4,0,0,DISABLED,0
4.36002,1.40283,-0.0206544,0,0.000427127,0.733206,0.00363762,-0.0151185,-0.00409879,-0.999877,0.0145929,0.4,0,0,DISABLED,0
4.38002,1.41254,-0.0227407,0,-0.000451473,0.733958,0.00812664,-0.0159971,-0.00859609,-0.999835,0.0127197,0.4,0,0,DISABLED,0
4.40003,1.41806,-0.0234769,0,-0.000514519,0.734112,0.00959324,-0.0160601,-0.010067,-0.99982,0.011585,0.4,0,0,DISABLED,0
4.42003,1.42575,-0.0241229,0,-0.000489875,0.73399,0.0111024,-0.0160355,-0.0115774,-0.999804,0.00953754,0.4,0,0,DISABLED,0
4.44003,1.43364,-0.0244391,0,-0.000430507,0.733789,0.0120102,-0.0159761,-0.012483,-0.999794,0.00841128,0.4,0,0,DISABLED,0
4.46003,1.441,-0.0244827,0,-0.000314944,0.733646,0.0130199,-0.0158606,-0.0135016,-0.999783,0.00755735,0.4,0,0,DISABLED,0
4.48003,1.44843,-0.0243624,0,0.000287205,0.733508,0.0147095,-0.0152584,-0.0151881,-0.999768,0.00699681,0.4,0,0,DISABLED,0
4.50003,1.45359,-0.0242223,0,0.00127994,0.733403,0.0165154,-0.0142657,-0.0169501,-0.999755,0.00676182,0.4,0,0,DISABLED,0
4.52003,1.46231,-0.023876,0,0.00431327,0.733195,0.0206386,-0.0112323,-0.0206699,-0.999723,0.0066011,0.4,0,0,DISABLED,0
4.54003,1.47021,-0.0232255,0,0.00781076,0.733017,0.0233514,-0.00773485,-0.0224952,-0.999717,0.00610386,0.4,0,0,DISABLED,0
4.56003,1.47736,-0.0222668,0,0.0105143,0.733042,0.0229289,-0.00503129,-0.0208595,-0.99977,0.00653405,0.4,0,0,DISABLED,0
4.58003,1.48457,-0.0211057,0,0.0119111,0.733175,0.0205923,-0.0036345,-0.0172855,-0.999844,0.00778995,0.4,0,0,DISABLED,0
4.60003,1.49175,-0.0197493,0,0.0122726,0.733055,0.0167803,-0.00327301,-0.0119297,-0.999923,0.00886909,0.4,0,0,DISABLED,0
4.62003,1.49888,-0.0184922,0,0.0116608,0.732947,0.0145547,-0.00388481,-0.00919427,-0.99995,0.0117329,0.4,0,0,DISABLED,0
4.64003,1.50528,-0.0174785,0,0.0105521,0.733104,0.0130793,-0.00499349,-0.00821474,-0.999954,0.0124078,0.4,0,0,DISABLED,0
4.66003,1.51333,-0.0164448,0,0.00808952,0.733431,0.00915449,-0.00745609,-0.00477863,-0.999961,0.0174346,0.4,0,0,DISABLED,0
4.68003,1.52068,-0.015563,0,0.00684328,0.733669,0.00683595,-0.00870233,-0.000603277,-0.999962,0.0193105,0.4,0,0,DISABLED,0
4.70003,1.52791,-0.0149124,0,0.00696546,0.73365,0.00723416,-0.00858015,0.00149583,-0.999962,0.0197746,0.4,0,0,DISABLED,0
4.72003,1.53451,-0.0147238,0,0.00704915,0.733479,0.00755655,-0.00849647,0.00225747,-0.999961,0.021651,0.4,0,0,DISABLED,0
4.74003,1.5427,-0.0149334,0,0.00669204,0.733331,0.00765062,-0.00885357,0.00322995,-0.999956,0.0231721,0.4,0,0,DISABLED,0
4.76003,1.55011,-0.0154363,0,0.00655244,0.733288,0.00839364,-0.00899317,0.0047681,-0.999948,0.0242919,0.4,0,0,DISABLED,0
4.78003,1.55733,-0.0160843,0,0.0072593,0.733251,0.00997103,-0.00828631,0.00635056,-0.999946,0.0251348,0.4,0,0,DISABLED,0
4.80003,1.56437,-0.0167728,0,0.00878874,0.733143,0.0123382,-0.00675688,0.00818094,-0.999944,0.0265701,0.4,0,0,DISABLED,0
4.82003,1.57134,-0.0174784,0,0.0104627,0.732991,0.0144561,-0.00508293,0.00948867,-0.999942,0.0274988,0.4,0,0,DISABLED,0
4.84004,1.57828,-0.0183815,0,0.0117963,0.732918,0.0152545,-0.00374932,0.00918708,-0.999951,0.0278194,0.4,0,0,DISABLED,0
4.86004,1.58533,-0.0196032,0,0.0119893,0.733005,0.0144437,-0.00355628,0.00757029,-0.999965,0.0279708,0.4,0,0,DISABLED,0
4.88004,1.59252,-0.0212693,0,0.010822,0.733016,0.0119655,-0.0047236,0.00461159,-0.999978,0.0281341,0.4,0,0,DISABLED,0
4.90004,1.59902,-0.0232583,0,0.00887785,0.732568,0.00889023,-0.00666776,2.81545e-05,-0.999978,0.0270569,0.4,0,0,DISABLED,0
4.92004,1.60725,-0.0256133,0,0.00425469,0.732368,0.00436732,-0.0112909,0.000518528,-0.999936,0.0242664,0.4,0,0,DISABLED,0
4.94004,1.61477,-0.0277253,0,0.000441634,0.732802,0.000690534,-0.015104,-0.00104044,-0.999885,0.0199531,0.4,0,0,DISABLED,0
4.96004,1.62183,-0.029661,0,-0.000998733,0.733447,0.00630054,-0.0165443,-0.00671022,-0.999841,0.0170409,0.4,0,0,DISABLED,0
4.98004,1.62874,-0.0309535,0,-0.00119264,0.733947,0.0093414,-0.0167383,-0.00975216,-0.999812,0.0158199,0.4,0,0,DISABLED,0
5.00004,1.63565,-0.0317411,0,-0.0010327,0.734103,0.0109293,-0.0165783,-0.0113641,-0.999798,0.014478,0.4,0,0,DISABLED,0
5.02004,1.64263,-0.0322104,0,-0.00068494,0.73403,0.0122169,-0.0162306,-0.0126787,-0.999788,0.0132371,0.4,0,0,DISABLED,0
5.04004,1.64977,-0.0324281,0,-0.000311657,0.733922,0.0133455,-0.0158573,-0.0138268,-0.999779,0.0122514,0.4,0,0,DISABLED,0
5.06004,1.65707,-0.0324226,0,0.000114264,0.733803,0.0144396,-0.0154314,-0.014922,-0.99977,0.0116355,0.4,0,0,DISABLED,0
5.08004,1.66443,-0.032256,0,0.000963933,0.733667,0.0160281,-0.0145817,-0.0164831,-0.999758,0.0116672,0.4,0,0,DISABLED,0
5.10004,1.67171,-0.0320002,0,0.00277982,0.733495,0.0189239,-0.0127658,-0.0192055,-0.999734,0.0112589,0.4,0,0,DISABLED,0
5.12004,1.67889,-0.0316072,0,0.00534081,0.733253,0.0220192,-0.0102048,-0.0218471,-0.999709,0.0108386,0.4,0,0,DISABLED,0
5.14004,1.68603,-0.0309325,0,0.00857419,0.733094,0.0241742,-0.00697142,-0.0230893,-0.999709,0.0107142,0.4,0,0,DISABLED,0
5.16004,1.69314,-0.029947,0,0.0108517,0.733159,0.0234202,-0.00469396,-0.0212393,-0.999763,0.0113678,0.4,0,0,DISABLED,0
5.18004,1.70031,-0.0287694,0,0.0118353,0.733328,0.0209624,-0.00371029,-0.0177879,-0.999835,0.0126229,0.4,0,0,DISABLED,0
5.20004,1.70744,-0.0273816,0,0.0120336,0.733271,0.0165622,-0.00351199,-0.0118674,-0.999923,0.0152268,0.4,0,0,DISABLED,0
5.22004,1.71378,-0.0260942,0,0.0117163,0.733119,0.0143068,-0.0038293,-0.00870119,-0.999955,0.0171023,0.4,0,0,DISABLED,0
5.24004,1.72152,-0.0247159,0,0.0101582,0.733181,0.0118855,-0.00538739,-0.00665624,-0.999963,0.0185396,0.4,0,0,DISABLED,0
5.26005,1.72868,-0.0236812,0,0.00834352,0.733456,0.00912188,-0.0072021,-0.00418956,-0.999965,0.021923,0.4,0,0,DISABLED,0
5.28005,1.73587,-0.0226669,0,0.00725573,0.733699,0.00725062,-0.00828989,-0.000485775,-0.999966,0.0238746,0.4,0,0,DISABLED,0
5.30005,1.74298,-0.0218682,0,0.00731022,0.733706,0.00755655,-0.00823539,0.00142317,-0.999965,0.0248382,0.4,0,0,DISABLED,0
5.32005,1.74951,-0.021516,0,0.00725955,0.733589,0.00774355,-0.00828607,0.00220554,-0.999963,0.0260081,0.4,0,0,DISABLED,0
5.34005,1.75689,-0.0214907,0,0.00678303,0.733533,0.00775124,-0.00876259,0.00326797,-0.999956,0.0260605,0.4,0,0,DISABLED,0
5.36005,1.76493,-0.0218417,0,0.00683422,0.733517,0.0091088,-0.00871139,0.00553565,-0.999947,0.0287325,0.4,0,0,DISABLED,0
5.38005,1.77211,-0.0222814,0,0.00751982,0.733464,0.0107033,-0.0080258,0.00713113,-0.999942,0.0296652,0.4,0,0,DISABLED,0
5.40005,1.77914,-0.0227185,0,0.00897221,0.733348,0.0128122,-0.0065734,0.00866382,-0.999941,0.0302802,0.4,0,0,DISABLED,0
5.42005,1.78531,-0.0231631,0,0.011044,0.733182,0.0152037,-0.00450162,0.00996565,-0.99994,0.0312646,0.4,0,0,DISABLED,0
5.44005,1.79285,-0.0239427,0,0.0125691,0.733048,0.0162644,-0.00297653,0.00983693,-0.999947,0.0316451,0.4,0,0,DISABLED,0
5.46005,1.79984,-0.0249953,0,0.0128024,0.7331,0.0155717,-0.00274321,0.00837683,-0.999961,0.0317616,0.4,0,0,DISABLED,0
5.48005,1.80699,-0.0264875,0,0.0115206,0.733122,0.0131475,-0.00402499,0.00584615,-0.999975,0.0324579,0.4,0,0,DISABLED,0
5.50005,1.81411,-0.0284887,0,0.00946402,0.732718,0.00949958,-0.0060816,0.000367409,-0.999981,0.0286427,0.4,0,0,DISABLED,0
5.52005,1.82,-0.0302449,0,0.00722983,0.73247,0.00722592,-0.00831579,-0.000361716,-0.999965,0.0271477,0.4,0,0,DISABLED,0
5.54005,1.82879,-0.0326957,0,0.00176339,0.732887,0.00179406,-0.0137822,-0.000795901,-0.999905,0.0229465,0.4,0,0,DISABLED,0
5.56005,1.83579,-0.0345252,0,-3.54713e-05,0.733497,0.00470882,-0.0155811,-0.00519127,-0.999865,0.0192671,0.4,0,0,DISABLED,0
5.58005,1.84265,-0.0358983,0,-0.00103978,0.733994,0.00791861,-0.0165854,-0.00833675,-0.999828,0.0180094,0.4,0,0,DISABLED,0
5.60005,1.84941,-0.0368328,0,-0.00138663,0.734163,0.00966135,-0.0169322,-0.0100484,-0.999806,0.0167546,0.4,0,0,DISABLED,0
5.62005,1.85553,-0.0373839,0,-0.00141189,0.734096,0.0109456,-0.0169575,-0.011336,-0.999792,0.0150415,0.4,0,0,DISABLED,0
5.64005,1.86319,-0.0377336,0,-0.00144824,0.733972,0.0123334,-0.0169939,-0.0127318,-0.999775,0.0141033,0.4,0,0,DISABLED,0
5.66005,1.86891,-0.037766,0,-0.00143393,0.733882,0.0132918,-0.0169795,-0.0136995,-0.999762,0.0135588,0.4,0,0,DISABLED,0
5.68005,1.87761,-0.0376038,0,-0.000914245,0.733723,0.0152663,-0.0164599,-0.0157277,-0.999741,0.0129352,0.4,0,0,DISABLED,0
5.70006,1.88484,-0.0373788,0,0.000624974,0.733549,0.0177538,-0.0149206,-0.0182316,-0.999722,0.0129053,0.4,0,0,DISABLED,0
5.72006,1.89196,-0.0370289,0,0.00343987,0.733313,0.0208254,-0.0121057,-0.0210275,-0.999706,0.0130516,0.4,0,0,DISABLED,0
5.74006,1.89901,-0.036437,0,0.00673389,0.73311,0.0234253,-0.00881173,-0.0229228,-0.999698,0.0130862,0.4,0,0,DISABLED,0
5.76006,1.90598,-0.0355198,0,0.00971413,0.733097,0.0234533,-0.00583149,-0.0218355,-0.999745,0.0134943,0.4,0,0,DISABLED,0
5.78006,1.91371,-0.0342572,0,0.0113437,0.733214,0.0211971,-0.00420196,-0.0183907,-0.999822,0.014954,0.4,0,0,DISABLED,0
5.80006,1.92003,-0.0330549,0,0.0117633,0.733089,0.0177739,-0.00378227,-0.0138084,-0.999897,0.0156823,0.4,0,0,DISABLED,0
5.82006,1.92693,-0.0318833,0,0.0113921,0.73297,0.015235,-0.00415353,-0.010603,-0.999935,0.0193777,0.4,0,0,DISABLED,0
5.84006,1.93394,-0.0308813,0,0.00952916,0.733129,0.0127796,-0.00601646,-0.00899588,-0.999941,0.0221308,0.4,0,0,DISABLED,0
5.86006,1.9411,-0.0299006,0,0.00745275,0.733436,0.00904971,-0.00809286,-0.00561608,-0.999951,0.0255395,0.4,0,0,DISABLED,0
5.88006,1.94825,-0.0289576,0,0.00653894,0.733679,0.00659633,-0.00900668,-0.00141745,-0.999958,0.0271027,0.4,0,0,DISABLED,0
5.90006,1.95538,-0.0282918,0,0.00676348,0.733678,0.00685337,-0.00878213,0.000621203,-0.999961,0.0278682,0.4,0,0,DISABLED,0
5.92006,1.96197,-0.0280803,0,0.00684159,0.73351,0.00714295,-0.00870402,0.00158058,-0.999961,0.0297612,0.4,0,0,DISABLED,0
5.94006,1.96943,-0.0282413,0,0.00662179,0.733342,0.00721766,-0.00892382,0.00238589,-0.999957,0.0307504,0.4,0,0,DISABLED,0
5.96006,1.97762,-0.0288022,0,0.00657257,0.733271,0.00785057,-0.00897305,0.00380932,-0.999952,0.0316552,0.4,0,0,DISABLED,0
5.98006,1.9849,-0.0294964,0,0.00727627,0.733241,0.00936689,-0.00826934,0.00541614,-0.999951,0.03262,0.4,0,0,DISABLED,0
6.00006,1.99202,-0.0301993,0,0.00871456,0.733165,0.0116525,-0.00683106,0.00725104,-0.99995,0.033563,0.4,0,0,DISABLED,0
6.02006,1.99897,-0.0309427,0,0.0107599,0.733027,0.0141603,-0.00478572,0.0087227,-0.999951,0.0347536,0.4,0,0,DISABLED,0
6.04006,2.00591,-0.031885,0,0.0123962,0.732942,0.01541,-0.00314945,0.00866866,-0.999957,0.0352486,0.4,0,0,DISABLED,0
6.06006,2.01297,-0.0331561,0,0.012786,0.733011,0.0148265,-0.00275963,0.0070242,-0.999972,0.0350675,0.4,0,0,DISABLED,0
6.08006,2.02023,-0.0348705,0,0.011628,0.733,0.0124871,-0.00391759,0.00407617,-0.999984,0.0352079,0.4,0,0,DISABLED,0
6.10006,2.02753,-0.0371123,0,0.00942558,0.73243,0.00943663,-0.00612003,-0.000870411,-0.999981,0.0332131,0.4,0,0,DISABLED,0
6.12006,2.03437,-0.0390658,0,0.00504319,0.732277,0.00512114,-0.0105024,0.000418916,-0.999945,0.0301927,0.4,0,0,DISABLED,0
6.14007,2.04262,-0.0415684,0,0.00162632,0.732763,0.00212837,-0.0139193,-0.00186191,-0.999901,0.0266027,0.4,0,0,DISABLED,0
6.16007,2.0497,-0.0436014,0,0.000601962,0.733429,0.00642235,-0.0149437,-0.00687349,-0.999865,0.0244626,0.4,0,0,DISABLED,0
6.18007,2.05668,-0.0449548,0,0.000305815,0.733931,0.00946186,-0.0152398,-0.00994114,-0.999834,0.022967,0.4,0,0,DISABLED,0
6.20007,2.06363,-0.0457982,0,0.000403482,0.734085,0.0110324,-0.0151421,-0.0115118,-0.999819,0.0212716,0.4,0,0,DISABLED,0
6.22007,2.06994,-0.0462916,0,0.000698226,0.733991,0.0122607,-0.0148474,-0.0127258,-0.999809,0.0201341,0.4,0,0,DISABLED,0
6.24007,2.0778,-0.0465677,0,0.00110048,0.733792,0.0135097,-0.0144451,-0.0139488,-0.999798,0.0183183,0.4,0,0,DISABLED,0
6.26007,2.08515,-0.046568,0,0.00125919,0.733617,0.0142777,-0.0142864,-0.0147093,-0.99979,0.0180657,0.4,0,0,DISABLED,0
6.28007,2.09256,-0.0463822,0,0.00187835,0.733442,0.0159049,-0.0136673,-0.0162789,-0.999774,0.0177306,0.4,0,0,DISABLED,0
6.30007,2.0999,-0.0461101,0,0.00352277,0.73326,0.0187943,-0.0120228,-0.018948,-0.999748,0.0174687,0.4,0,0,DISABLED,0
6.32007,2.10782,-0.0456601,0,0.00655092,0.73305,0.0224455,-0.00899469,-0.0219561,-0.999718,0.0174051,0.4,0,0,DISABLED,0
6.34007,2.1142,-0.0450225,0,0.0093409,0.732866,0.0249651,-0.00620471,-0.0236371,-0.999701,0.016389,0.4,0,0,DISABLED,0
6.36007,2.12133,-0.0439743,0,0.0122546,0.7329,0.0249269,-0.00329098,-0.0221933,-0.999748,0.0163996,0.4,0,0,DISABLED,0
6.38007,2.12855,-0.0427734,0,0.0132517,0.733096,0.022525,-0.00229394,-0.0187012,-0.999822,0.0174782,0.4,0,0,DISABLED,0
6.40007,2.13571,-0.0414591,0,0.0133809,0.733056,0.018468,-0.00216475,-0.0132157,-0.99991,0.0193688,0.4,0,0,DISABLED,0
6.42007,2.14282,-0.040217,0,0.0127192,0.732975,0.0160579,-0.00282641,-0.0102857,-0.999943,0.0223185,0.4,0,0,DISABLED,0
6.44007,2.1499,-0.0391477,0,0.0109614,0.733178,0.0135757,-0.00458425,-0.00849866,-0.999953,0.024246,0.4,0,0,DISABLED,0
6.46007,2.1571,-0.0381283,0,0.00912637,0.733506,0.010335,-0.00641925,-0.00534405,-0.999965,0.027378,0.4,0,0,DISABLED,0
6.48007,2.16571,-0.0369155,0,0.00831177,0.733786,0.00830798,-0.00723384,-0.000605829,-0.999974,0.0285594,0.4,0,0,DISABLED,0
6.50007,2.17146,-0.0363408,0,0.00856587,0.733762,0.00874831,-0.00697975,0.00130209,-0.999975,0.0302486,0.4,0,0,DISABLED,0
6.52007,2.1787,-0.0360041,0,0.00889773,0.733568,0.0091675,-0.00664788,0.00174718,-0.999976,0.0307275,0.4,0,0,DISABLED,0
6.54007,2.18612,-0.0361155,0,0.00853451,0.733446,0.00914798,-0.0070111,0.00281029,-0.999971,0.0316933,0.4,0,0,DISABLED,0
6.56007,2.19352,-0.0365413,0,0.0082154,0.733409,0.00966751,-0.00733021,0.00460365,-0.999963,0.0328552,0.4,0,0,DISABLED,0
6.58008,2.20075,-0.037104,0,0.00867316,0.73336,0.0110755,-0.00687246,0.00640542,-0.999956,0.0336041,0.4,0,0,DISABLED,0
6.60008,2.20781,-0.0376657,0,0.00988147,0.733247,0.0131611,-0.00566414,0.00820594,-0.99995,0.0342803,0.4,0,0,DISABLED,0
6.62008,2.21127,-0.0379512,0,0.0107945,0.733157,0.0144148,-0.0047511,0.00906662,-0.999948,0.0348793,0.4,0,0,DISABLED,0
6.64008,2.2216,-0.0390242,0,0.0129182,0.732944,0.0163776,-0.00262746,0.009582,-0.999951,0.03544,0.4,0,0,DISABLED,0
6.66008,2.22862,-0.0401165,0,0.0129344,0.732947,0.0154564,-0.00261125,0.00797542,-0.999965,0.0354848,0.4,0,0,DISABLED,0
6.68008,2.23579,-0.0416765,0,0.0115896,0.732906,0.012775,-0.00395605,0.00489108,-0.99998,0.0354321,0.4,0,0,DISABLED,0
6.70008,2.24297,-0.0437907,0,0.00928213,0.732402,0.0092838,-0.00626349,-0.000139206,-0.99998,0.0337289,0.4,0,0,DISABLED,0
6.72008,2.25042,-0.0458334,0,0.00494203,0.732312,0.00505083,-0.0106036,0.000548937,-0.999944,0.0311602,0.4,0,0,DISABLED,0
6.74008,2.2578,-0.0479022,0,0.00127436,0.732794,0.00169146,-0.0142713,-0.0015877,-0.999897,0.0271313,0.4,0,0,DISABLED,0
6.76008,2.26409,-0.0496164,0,9.87314e-05,0.733399,0.00562055,-0.0154469,-0.00610413,-0.999862,0.0250893,0.4,0,0,DISABLED,0
6.78008,2.27097,-0.0509038,0,-0.0003265,0.733942,0.00922584,-0.0158721,-0.00970621,-0.999827,0.0229504,0.4,0,0,DISABLED,0
6.80008,2.27851,-0.0517277,0,-0.000313814,0.734152,0.0111185,-0.0158594,-0.0116011,-0.999807,0.021596,0.4,0,0,DISABLED,0
6.82008,2.28548,-0.0521241,0,-0.000152715,0.734083,0.0124297,-0.0156983,-0.0129157,-0.999793,0.0204509,0.4,0,0,DISABLED,0
6.84008,2.2926,-0.052284,0,8.24584e-05,0.733996,0.0134611,-0.0154632,-0.0139487,-0.999783,0.0199217,0.4,0,0,DISABLED,0
6.86008,2.29987,-0.0522172,0,0.000523128,0.73388,0.0145219,-0.0150225,-0.0149944,-0.999775,0.0190711,0.4,0,0,DISABLED,0
6.88008,2.3072,-0.051981,0,0.00133186,0.733712,0.0159499,-0.0142138,-0.0163789,-0.999765,0.018729,0.4,0,0,DISABLED,0
6.90008,2.31375,-0.051688,0,0.00276187,0.73353,0.0181719,-0.0127837,-0.0184482,-0.999748,0.0187042,0.4,0,0,DISABLED,0
6.92008,2.32021,-0.0512953,0,0.00518057,0.733293,0.02134,-0.010365,-0.0211881,-0.999722,0.0182332,0.4,0,0,DISABLED,0
6.94008,2.32879,-0.0504386,0,0.00862478,0.733046,0.023996,-0.00692084,-0.0228782,-0.999714,0.0181612,0.4,0,0,DISABLED,0
6.96008,2.3359,-0.0493627,0,0.0110153,0.73306,0.0233233,-0.00453033,-0.0210432,-0.999768,0.0188655,0.4,0,0,DISABLED,0
6.98008,2.34305,-0.0480863,0,0.0121892,0.733186,0.0209794,-0.00335638,-0.0175604,-0.99984,0.020188,0.4,0,0,DISABLED,0
7.00008,2.35015,-0.0466255,0,0.0124902,0.733074,0.0172497,-0.00305539,-0.0123828,-0.999919,0.0215884,0.4,0,0,DISABLED,0
7.02009,2.35721,-0.0451868,0,0.0118238,0.732943,0.0146892,-0.0037218,-0.00920484,-0.999951,0.0240366,0.4,0,0,DISABLED,0
7.04009,2.36284,-0.0441847,0,0.0110429,0.733053,0.0135097,-0.00450269,-0.00827254,-0.999956,0.0246025,0.4,0,0,DISABLED,0
7.06009,2.37151,-0.0429799,0,0.00888801,0.733401,0.0100247,-0.0066576,-0.00512479,-0.999965,0.0298161,0.4,0,0,DISABLED,0
7.08009,2.37739,-0.0422053,0,0.00747237,0.733619,0.00746928,-0.00807325,-0.000268572,-0.999967,0.0323574,0.4,0,0,DISABLED,0
7.10009,2.38601,-0.0412401,0,0.00775473,0.733641,0.00814862,-0.00779088,0.00202212,-0.999968,0.0325073,0.4,0,0,DISABLED,0
7.12009,2.39399,-0.0409266,0,0.00808703,0.733465,0.00874149,-0.00745859,0.00283206,-0.999968,0.033965,0.4,0,0,DISABLED,0
7.14009,2.40062,-0.0410129,0,0.00782796,0.733378,0.00903653,-0.00771765,0.00403266,-0.999962,0.035656,0.4,0,0,DISABLED,0
7.16009,2.40794,-0.0413552,0,0.00769575,0.733342,0.00992909,-0.00784986,0.00578431,-0.999952,0.0367743,0.4,0,0,DISABLED,0
7.18009,2.4151,-0.0418331,0,0.0082699,0.733294,0.0114252,-0.00727571,0.00739414,-0.999946,0.0372509,0.4,0,0,DISABLED,0
7.20009,2.42212,-0.0423056,0,0.00947976,0.733208,0.0135538,-0.00606585,0.00920213,-0.999939,0.0377623,0.4,0,0,DISABLED,0
7.22009,2.42689,-0.0426791,0,0.0108787,0.733092,0.0153091,-0.00466688,0.0102859,-0.999936,0.0386282,0.4,0,0,DISABLED,0
7.24009,2.43577,-0.0436205,0,0.0126881,0.732928,0.0166018,-0.00285755,0.0102243,-0.999944,0.0388865,0.4,0,0,DISABLED,0
7.26009,2.44278,-0.0447214,0,0.012492,0.732978,0.0154872,-0.00305365,0.00867161,-0.999958,0.0391823,0.4,0,0,DISABLED,0
7.28009,2.44992,-0.0462919,0,0.0109811,0.732985,0.012549,-0.00456455,0.0055901,-0.999974,0.0394281,0.4,0,0,DISABLED,0
7.30009,2.45634,-0.0481822,0,0.00887862,0.732568,0.00897697,-0.00666699,0.000837749,-0.999977,0.0382948,0.4,0,0,DISABLED,0
7.32009,2.46462,-0.0504962,0,0.00343996,0.732257,0.00371864,-0.0121057,0.000951788,-0.999926,0.0340787,0.4,0,0,DISABLED,0
7.34009,2.4721,-0.0527278,0,-0.000954711,0.732624,0.000976562,-0.0165003,-0.000356023,-0.999864,0.0302107,0.4,0,0,DISABLED,0
7.36009,2.47557,-0.0539206,0,-0.00156966,0.732952,0.00521342,-0.0171153,-0.00545001,-0.999839,0.0269102,0.4,0,0,DISABLED,0
7.38009,2.48571,-0.0566563,0,-0.00138336,0.733986,0.00989903,-0.016929,-0.010285,-0.999804,0.0269279,0.4,0,0,DISABLED,0
7.40009,2.49246,-0.0576279,0,-0.00104258,0.734263,0.0112199,-0.0165882,-0.0116523,-0.999794,0.0260997,0.4,0,0,DISABLED,0
7.42009,2.49863,-0.0581274,0,-0.000705116,0.734212,0.0126531,-0.0162507,-0.0131163,-0.999782,0.0235214,0.4,0,0,DISABLED,0
7.44009,2.507,-0.0584292,0,-0.000299682,0.733961,0.013492,-0.0158453,-0.0139716,-0.999777,0.0217978,0.4,0,0,DISABLED,0
7.4601,2.51344,-0.0584523,0,-0.000136553,0.733786,0.0136938,-0.0156822,-0.0141785,-0.999776,0.0215359,0.4,0,0,DISABLED,0
7.4801,2.51999,-0.0583186,0,0.000180962,0.733646,0.0144189,-0.0153647,-0.0149045,-0.999771,0.0215648,0.4,0,0,DISABLED,0
7.5001,2.52794,-0.058013,0,0.00165066,0.733483,0.0169886,-0.013895,-0.0173964,-0.999752,0.0208782,0.4,0,0,DISABLED,0
7.5201,2.53503,-0.0576302,0,0.00435431,0.733279,0.0202802,-0.0111913,-0.020293,-0.999731,0.020668,0.4,0,0,DISABLED,0
7.5401,2.54204,-0.0570197,0,0.00760378,0.733069,0.0228951,-0.00794183,-0.0220816,-0.999725,0.0205569,0.4,0,0,DISABLED,0
7.5601,2.54691,-0.056407,0,0.00970857,0.733029,0.0233897,-0.00583705,-0.0217669,-0.999746,0.0206419,0.4,0,0,DISABLED,0
7.5801,2.556,-0.0549679,0,0.011999,0.733114,0.0208769,-0.0035466,-0.0175683,-0.999839,0.0224213,0.4,0,0,DISABLED,0
7.6001,2.56305,-0.0537116,0,0.0121816,0.733011,0.0179242,-0.00336402,-0.0136338,-0.999901,0.0235279,0.4,0,0,DISABLED,0
7.6201,2.57007,-0.052477,0,0.0112226,0.732919,0.0152037,-0.00432301,-0.0107422,-0.999933,0.0262018,0.4,0,0,DISABLED,0
7.6401,2.57702,-0.0514178,0,0.00979529,0.733089,0.0127563,-0.00575033,-0.00865315,-0.999946,0.0288148,0.4,0,0,DISABLED,0
7.6601,2.58409,-0.0504512,0,0.00812877,0.733447,0.00944925,-0.00741685,-0.00530753,-0.999958,0.0321664,0.4,0,0,DISABLED,0
7.6801,2.59123,-0.0494858,0,0.00709921,0.733743,0.0071095,-0.00844641,-0.000907047,-0.999964,0.0338654,0.4,0,0,DISABLED,0
7.7001,2.59833,-0.0487527,0,0.00719966,0.733786,0.0074613,-0.00834595,0.0014961,-0.999964,0.0345727,0.4,0,0,DISABLED,0
7.7201,2.60412,-0.0484696,0,0.00728584,0.733688,0.00782015,-0.00825978,0.00236697,-0.999963,0.0352094,0.4,0,0,DISABLED,0
7.7401,2.61299,-0.048569,0,0.0070905,0.733536,0.00835092,-0.00845511,0.00391959,-0.999957,0.0371092,0.4,0,0,DISABLED,0
7.7601,2.61966,-0.0489226,0,0.00699078,0.733471,0.00908915,-0.00855484,0.00532739,-0.999949,0.037778,0.4,0,0,DISABLED,0
7.7801,2.62764,-0.049537,0,0.00779691,0.73338,0.011027,-0.0077487,0.00731399,-0.999943,0.0390331,0.4,0,0,DISABLED,0
7.8001,2.63476,-0.050109,0,0.00915919,0.733246,0.0132423,-0.00638643,0.00907895,-0.999938,0.0396622,0.4,0,0,DISABLED,0
7.8201,2.6424,-0.0507723,0,0.0111623,0.733039,0.0157543,-0.00438331,0.0106365,-0.999934,0.0405769,0.4,0,0,DISABLED,0
7.8401,2.64863,-0.0515167,0,0.0128734,0.732922,0.0169746,-0.00267218,0.0105826,-0.99994,0.041062,0.4,0,0,DISABLED,0
7.8601,2.65571,-0.0526607,0,0.0131953,0.732987,0.0162827,-0.00235028,0.00905497,-0.999956,0.0413479,0.4,0,0,DISABLED,0
7.88011,2.66294,-0.0542266,0,0.0121124,0.73301,0.0137676,-0.00343323,0.00606126,-0.999976,0.0412518,0.4,0,0,DISABLED,0
7.90011,2.67023,-0.0563264,0,0.00988921,0.732529,0.0100366,-0.0056564,0.00124154,-0.999983,0.0396188,0.4,0,0,DISABLED,0
7.92011,2.67781,-0.0584121,0,0.00564511,0.732366,0.00601004,-0.0099005,0.00158643,-0.99995,0.0369949,0.4,0,0,DISABLED,0
7.94011,2.68531,-0.060481,0,0.00206408,0.732804,0.0020716,-0.0134815,-0.000477387,-0.999909,0.0328454,0.4,0,0,DISABLED,0
7.96011,2.69239,-0.0623443,0,0.000980104,0.733434,0.00496753,-0.0145655,-0.00536761,-0.99988,0.0306673,0.4,0,0,DISABLED,0
7.98011,2.69935,-0.0635714,0,0.000674672,0.733904,0.007896,-0.0148709,-0.00835881,-0.999855,0.0295321,0.4,0,0,DISABLED,0
8.00011,2.70629,-0.0643047,0,0.000681251,0.734049,0.00974122,-0.0148644,-0.0102061,-0.999837,0.0280679,0.4,0,0,DISABLED,0
8.02011,2.7133,-0.0647175,0,0.000880608,0.733983,0.0113414,-0.014665,-0.0117923,-0.999823,0.026856,0.4,0,0,DISABLED,0
8.04011,2.72044,-0.0648397,0,0.00117304,0.733863,0.0128122,-0.0143726,-0.0132407,-0.999809,0.0252864,0.4,0,0,DISABLED,0
8.06011,2.72701,-0.064759,0,0.00143559,0.733745,0.0138108,-0.01411,-0.0142203,-0.999799,0.0248165,0.4,0,0,DISABLED,0
8.08011,2.7351,-0.0644631,0,0.00221929,0.733571,0.0157543,-0.0133263,-0.0160848,-0.999782,0.0240261,0.4,0,0,DISABLED,0
8.10011,2.74241,-0.0641053,0,0.00382667,0.733381,0.0185678,-0.0117189,-0.0186538,-0.999757,0.0236921,0.4,0,0,DISABLED,0
8.12011,2.74817,-0.0637286,0,0.00592962,0.733199,0.0212925,-0.009616,-0.0209376,-0.999735,0.0234128,0.4,0,0,DISABLED,0
8.14011,2.75673,-0.0628482,0,0.00952144,0.732991,0.0243291,-0.00602418,-0.0228731,-0.99972,0.0228958,0.4,0,0,DISABLED,0
8.16011,2.76385,-0.0617641,0,0.0118252,0.733058,0.023889,-0.00372039,-0.0212387,-0.999767,0.0232788,0.4,0,0,DISABLED,0
8.18011,2.77102,-0.060471,0,0.0128413,0.73322,0.0216424,-0.00270434,-0.0179059,-0.999836,0.0250416,0.4,0,0,DISABLED,0
8.20011,2.77748,-0.0591249,0,0.0129663,0.733193,0.0178275,-0.00257935,-0.0127206,-0.999916,0.0252722,0.4,0,0,DISABLED,0
8.22011,2.78523,-0.0575873,0,0.0124298,0.733019,0.0152037,-0.00311579,-0.00924316,-0.999952,0.0274112,0.4,0,0,DISABLED,0
8.24011,2.79243,-0.0564976,0,0.0102428,0.733211,0.0126059,-0.00530278,-0.00783983,-0.999955,0.0300488,0.4,0,0,DISABLED,0
8.26011,2.79962,-0.0553891,0,0.00857347,0.733508,0.00946186,-0.00697214,-0.00449263,-0.999966,0.0328989,0.4,0,0,DISABLED,0
8.28011,2.80681,-0.0542863,0,0.00789823,0.733732,0.007896,-0.00764738,-0.000281096,-0.999971,0.0342784,0.4,0,0,DISABLED,0
8.30011,2.81398,-0.0534476,0,0.00820412,0.733721,0.00852749,-0.00734149,0.00184374,-0.999971,0.0349432,0.4,0,0,DISABLED,0
8.32012,2.82132,-0.0530691,0,0.00832256,0.733585,0.00897697,-0.00722305,0.00287705,-0.99997,0.0361483,0.4,0,0,DISABLED,0
8.34012,2.82876,-0.0530944,0,0.00821246,0.733459,0.00937961,-0.00733315,0.00404702,-0.999965,0.0375634,0.4,0,0,DISABLED,0
8.36012,2.83613,-0.0533771,0,0.0083205,0.733393,0.0101605,-0.00722511,0.00534856,-0.99996,0.0380797,0.4,0,0,DISABLED,0
8.38012,2.84333,-0.0538045,0,0.00913169,0.733335,0.0116985,-0.00641392,0.00682787,-0.999956,0.0387778,0.4,0,0,DISABLED,0
8.40012,2.84969,-0.0542126,0,0.010439,0.733238,0.0137416,-0.00510659,0.00845218,-0.999951,0.0394671,0.4,0,0,DISABLED,0
8.42012,2.85664,-0.0547082,0,0.0118314,0.73309,0.0155103,-0.0037142,0.00954732,-0.999948,0.0398987,0.4,0,0,DISABLED,0
8.44012,2.8642,-0.0555004,0,0.0132494,0.732974,0.0164031,-0.00229621,0.00918541,-0.999955,0.0399404,0.4,0,0,DISABLED,0
8.46012,2.87055,-0.0564415,0,0.0130196,0.733045,0.0154332,-0.00252601,0.00779863,-0.999966,0.0404518,0.4,0,0,DISABLED,0
8.48012,2.87843,-0.0580767,0,0.0116435,0.733071,0.0127235,-0.00390213,0.00464507,-0.999982,0.0403449,0.4,0,0,DISABLED,0
8.50012,2.88487,-0.0599053,0,0.00967117,0.732653,0.00967984,-0.00587445,2.16293e-05,-0.999983,0.0391654,0.4,0,0,DISABLED,0
8.52012,2.89308,-0.0620797,0,0.00590374,0.732466,0.00594021,-0.00964187,0.000167778,-0.999954,0.0364244,0.4,0,0,DISABLED,0
8.54012,2.9005,-0.0640594,0,0.00110453,0.732947,0.00150498,-0.0144411,-0.00152366,-0.999895,0.0301203,0.4,0,0,DISABLED,0
8.56012,2.90747,-0.0659347,0,5.18858e-05,0.733623,0.00634767,-0.0154937,-0.00683385,-0.999857,0.0275901,0.4,0,0,DISABLED,0
8.58012,2.9143,-0.0672049,0,-0.000178684,0.734128,0.00943031,-0.0157243,-0.00991216,-0.999827,0.0265393,0.4,0,0,DISABLED,0
8.60012,2.92111,-0.0679727,0,-0.000139111,0.734286,0.0111506,-0.0156847,-0.0116356,-0.999809,0.0247499,0.4,0,0,DISABLED,0
8.62012,2.92798,-0.0684152,0,-3.09357e-05,0.734186,0.0123044,-0.0155766,-0.0127906,-0.999797,0.0233274,0.4,0,0,DISABLED,0
8.64012,2.93286,-0.0685662,0,0.000101429,0.734077,0.0132018,-0.0154442,-0.0136824,-0.999787,0.0224539,0.4,0,0,DISABLED,0
8.66012,2.94217,-0.068488,0,0.000221659,0.733878,0.0145137,-0.015324,-0.0149982,-0.99977,0.0212728,0.4,0,0,DISABLED,0
8.68012,2.94945,-0.0681974,0,0.00069436,0.73369,0.0159461,-0.0148513,-0.0164162,-0.999755,0.0209372,0.4,0,0,DISABLED,0
8.70012,2.95669,-0.067841,0,0.0021843,0.733483,0.0184616,-0.0133613,-0.0188189,-0.999734,0.0209547,0.4,0,0,DISABLED,0
8.72012,2.9631,-0.0674345,0,0.00458504,0.733287,0.0213456,-0.0109606,-0.0213331,-0.999712,0.0210412,0.4,0,0,DISABLED,0
8.74012,2.97013,-0.0667759,0,0.00807068,0.7331,0.0242849,-0.00747494,-0.0233917,-0.999698,0.020705,0.4,0,0,DISABLED,0
8.76013,2.97783,-0.0656894,0,0.0107542,0.733105,0.0241767,-0.00479137,-0.0221394,-0.999743,0.0210165,0.4,0,0,DISABLED,0
8.78013,2.98488,-0.06447,0,0.0120664,0.733235,0.0218698,-0.00347925,-0.0187263,-0.999819,0.0220755,0.4,0,0,DISABLED,0
8.80013,2.9919,-0.0630632,0,0.0123925,0.733136,0.0178074,-0.00315315,-0.0132722,-0.999907,0.02379,0.4,0,0,DISABLED,0
8.82013,2.99879,-0.0616982,0,0.0121891,0.732994,0.0157581,-0.0033565,-0.0104737,-0.99994,0.0254779,0.4,0,0,DISABLED,0
8.84013,3.00589,-0.060588,0,0.00977142,0.733134,0.0126719,-0.0057742,-0.00855836,-0.999947,0.0281766,0.4,0,0,DISABLED,0
8.86013,3.01303,-0.059543,0,0.0077244,0.73341,0.0091805,-0.00782122,-0.00544886,-0.999955,0.0312303,0.4,0,0,DISABLED,0
8.88013,3.01943,-0.0586074,0,0.00683636,0.733632,0.00687941,-0.00870925,-0.00129338,-0.999961,0.0326022,0.4,0,0,DISABLED,0
8.90013,3.0272,-0.0577236,0,0.00701691,0.733663,0.0071095,-0.00852871,0.000710975,-0.999963,0.0330051,0.4,0,0,DISABLED,0
8.92013,3.03449,-0.0573855,0,0.00695001,0.733534,0.00735672,-0.00859561,0.00193526,-0.999961,0.0349744,0.4,0,0,DISABLED,0
8.94013,3.04187,-0.0574369,0,0.00673198,0.733439,0.00748523,-0.00881363,0.00278313,-0.999957,0.0354791,0.4,0,0,DISABLED,0
8.96013,3.0492,-0.0577981,0,0.00685383,0.733403,0.00854843,-0.00869178,0.00462831,-0.999952,0.0366653,0.4,0,0,DISABLED,0
8.98013,3.05639,-0.0583133,0,0.00767193,0.733359,0.0101722,-0.00787368,0.00619216,-0.99995,0.0374292,0.4,0,0,DISABLED,0
9.00013,3.06345,-0.0588353,0,0.00907913,0.733254,0.0123479,-0.00646649,0.00788442,-0.999948,0.0379966,0.4,0,0,DISABLED,0
9.02013,3.06968,-0.0593363,0,0.0107894,0.733118,0.0144396,-0.00475626,0.0091093,-0.999947,0.0385835,0.4,0,0,DISABLED,0
9.04013,3.07792,-0.0602764,0,0.0126453,0.73301,0.0156899,-0.00290029,0.00880616,-0.999957,0.0388561,0.4,0,0,DISABLED,0
9.06013,3.08424,-0.061301,0,0.0127895,0.733073,0.0150421,-0.00275609,0.00743144,-0.999969,0.0391011,0.4,0,0,DISABLED,0
9.08013,3.09069,-0.0626873,0,0.0115804,0.733087,0.0126907,-0.00396518,0.00471223,-0.999981,0.0396412,0.4,0,0,DISABLED,0
9.10013,3.09788,-0.0646959,0,0.00969627,0.732619,0.00971671,-0.00584935,0.00022937,-0.999983,0.0375869,0.4,0,0,DISABLED,0
9.12013,3.10614,-0.0669151,0,0.00484017,0.732486,0.00508611,-0.0107054,0.00108837,-0.999942,0.0331557,0.4,0,0,DISABLED,0
9.14013,3.11344,-0.0691113,0,0.00158523,0.732983,0.00179406,-0.0139604,-0.00135438,-0.999902,0.0305415,0.4,0,0,DISABLED,0
9.16013,3.12041,-0.0710615,0,0.000439604,0.733664,0.006157,-0.015106,-0.00662646,-0.999864,0.0280401,0.4,0,0,DISABLED,0
9.18013,3.1273,-0.0723664,0,-0.000141974,0.734169,0.00911534,-0.0156876,-0.00960333,-0.999831,0.0264071,0.4,0,0,DISABLED,0
9.20014,3.13415,-0.0731951,0,-0.000276239,0.734325,0.0108965,-0.0158219,-0.0113749,-0.99981,0.0248928,0.4,0,0,DISABLED,0
9.22014,3.14037,-0.073667,0,-0.000169137,0.734249,0.0121041,-0.0157148,-0.0125859,-0.999797,0.0239691,0.4,0,0,DISABLED,0
9.24014,3.14814,-0.0739346,0,0.000115789,0.73412,0.0135494,-0.0154298,-0.0140335,-0.999782,0.0229758,0.4,0,0,DISABLED,0
9.26014,3.15539,-0.0739139,0,0.000411295,0.733974,0.0146973,-0.0151343,-0.0151785,-0.99977,0.022136,0.4,0,0,DISABLED,0
9.28014,3.1627,-0.073744,0,0.00115854,0.733779,0.0163303,-0.0143871,-0.0167731,-0.999756,0.0218544,0.4,0,0,DISABLED,0
9.30014,3.16924,-0.0735255,0,0.00258702,0.733577,0.0187276,-0.0129586,-0.0190354,-0.999735,0.0218245,0.4,0,0,DISABLED,0
9.32014,3.1764,-0.0731607,0,0.00514622,0.733325,0.0220165,-0.0103994,-0.0218952,-0.999706,0.0218678,0.4,0,0,DISABLED,0
9.34014,3.18419,-0.0724574,0,0.00853688,0.733051,0.0247902,-0.00700874,-0.0237594,-0.999693,0.0214618,0.4,0,0,DISABLED,0
9.36014,3.18772,-0.0720006,0,0.0110424,0.733004,0.0245146,-0.00450321,-0.0223747,-0.99974,0.0218166,0.4,0,0,DISABLED,0
9.38014,3.19832,-0.0702544,0,0.0122945,0.733111,0.0220083,-0.00325107,-0.0187398,-0.999819,0.0233131,0.4,0,0,DISABLED,0
9.40014,3.20469,-0.0689943,0,0.0125284,0.733021,0.0189082,-0.00301725,-0.014647,-0.999888,0.0236274,0.4,0,0,DISABLED,0
9.42014,3.21254,-0.0676545,0,0.0113841,0.732926,0.0152663,-0.0041615,-0.0106591,-0.999935,0.029386,0.4,0,0,DISABLED,0
9.44014,3.2194,-0.0664193,0,0.0106685,0.733096,0.0135141,-0.00487707,-0.00878455,-0.99995,0.0301944,0.4,0,0,DISABLED,0
9.46014,3.2264,-0.0653022,0,0.00949967,0.733464,0.0108801,-0.00604594,-0.00578748,-0.999965,0.0336829,0.4,0,0,DISABLED,0
9.48014,3.23352,-0.0642262,0,0.00854735,0.733755,0.00865239,-0.00699827,-0.00182283,-0.999974,0.0357503,0.4,0,0,DISABLED,0
9.50014,3.23777,-0.0636986,0,0.00848303,0.733799,0.00848545,-0.00706259,-0.000365776,-0.999975,0.0363587,0.4,0,0,DISABLED,0
9.52014,3.24714,-0.0631216,0,0.00828612,0.733656,0.00839364,-0.0072595,0.000851056,-0.999973,0.0372951,0.4,0,0,DISABLED,0
9.54014,3.25528,-0.0632058,0,0.00777837,0.733502,0.00816323,-0.00776725,0.00199689,-0.999968,0.0390313,0.4,0,0,DISABLED,0
9.56014,3.26261,-0.0635622,0,0.00761896,0.733361,0.00872101,-0.00792665,0.0037663,-0.999961,0.0405186,0.4,0,0,DISABLED,0
9.58014,3.26977,-0.0640458,0,0.00833526,0.733228,0.00996505,-0.00721035,0.00497449,-0.999962,0.0408054,0.4,0,0,DISABLED,0
9.60014,3.27678,-0.0645313,0,0.00965167,0.733107,0.0119804,-0.00589395,0.00661062,-0.999961,0.0413233,0.4,0,0,DISABLED,0
9.62014,3.28367,-0.0650636,0,0.0113452,0.732987,0.0142526,-0.00420042,0.00814176,-0.999958,0.0419709,0.4,0,0,DISABLED,0
9.64015,3.2905,-0.0658395,0,0.012676,0.732942,0.0153325,-0.00286964,0.00814062,-0.999963,0.0422992,0.4,0,0,DISABLED,0
9.66015,3.29749,-0.066942,0,0.0129299,0.733044,0.0148907,-0.00261569,0.00689956,-0.999973,0.0424276,0.4,0,0,DISABLED,0
9.68015,3.30462,-0.0684798,0,0.0116638,0.733066,0.0124536,-0.00388186,0.00387795,-0.999985,0.042111,0.4,0,0,DISABLED,0
9.70015,3.31107,-0.0703528,0,0.00968884,0.732658,0.00968599,-0.00585678,-0.000272353,-0.999983,0.0412673,0.4,0,0,DISABLED,0
9.72015,3.31854,-0.0724181,0,0.00541354,0.732482,0.00547006,-0.0101321,0.000285252,-0.999949,0.037549,0.4,0,0,DISABLED,0
9.74015,3.32665,-0.0747616,0,0.00150609,0.73297,0.00201324,-0.0140395,-0.00183252,-0.9999,0.0324377,0.4,0,0,DISABLED,0
9.76015,3.3336,-0.0767428,0,0.000467054,0.733624,0.00650534,-0.0150786,-0.00697469,-0.999862,0.0301595,0.4,0,0,DISABLED,0
9.78015,3.34045,-0.0780835,0,0.000235895,0.734144,0.0104497,-0.0153097,-0.0109297,-0.999823,0.0271934,0.4,0,0,DISABLED,0
9.80015,3.34724,-0.0789143,0,0.000343807,0.734326,0.0117137,-0.0152018,-0.0121953,-0.99981,0.0264072,0.4,0,0,DISABLED,0
9.82015,3.35412,-0.079367,0,0.000406007,0.734231,0.0125964,-0.0151396,-0.0130724,-0.9998,0.0249457,0.4,0,0,DISABLED,0
9.84015,3.36117,-0.0795536,0,0.000387885,0.734111,0.0138968,-0.0151577,-0.0143743,-0.999782,0.0236029,0.4,0,0,DISABLED,0
9.86015,3.36841,-0.0795018,0,0.000437804,0.733986,0.0150974,-0.0151078,-0.0155745,-0.999765,0.0228614,0.4,0,0,DISABLED,0
9.88015,3.3757,-0.0792882,0,0.000967076,0.733821,0.0167519,-0.0145785,-0.0172117,-0.999746,0.0225157,0.4,0,0,DISABLED,0
9.90015,3.38294,-0.0790082,0,0.00226285,0.733621,0.0191587,-0.0132828,-0.0195114,-0.999721,0.022474,0.4,0,0,DISABLED,0
9.92015,3.38866,-0.0787141,0,0.00448509,0.733429,0.0221487,-0.0110605,-0.0221758,-0.999693,0.0226079,0.4,0,0,DISABLED,0
9.94015,3.39711,-0.0779905,0,0.00839996,0.733077,0.0256645,-0.00714566,-0.0247359,-0.999668,0.0219457,0.4,0,0,DISABLED,0
9.96015,3.40341,-0.0771414,0,0.0109533,0.732961,0.025822,-0.00459231,-0.0238705,-0.999705,0.0220916,0.4,0,0,DISABLED,0
9.98015,3.41117,-0.0758569,0,0.012628,0.732982,0.023105,-0.0029176,-0.019833,-0.999799,0.0235257,0.4,0,0,DISABLED,0
10.0002,3.4182,-0.0745569,0,0.0129665,0.732821,0.0192766,-0.00257911,-0.0147488,-0.999888,0.0250839,0.4,0,0,DISABLED,0
10.0202,3.42445,-0.073461,0,0.0125339,0.732752,0.0172601,-0.00301172,-0.0123532,-0.999919,0.0269426,0.4,0,0,DISABLED,0
10.0402,3.43148,-0.0723778,0,0.0105821,0.732931,0.0143193,-0.00496349,-0.0101357,-0.999936,0.0293367,0.4,0,0,DISABLED,0
10.0602,3.43938,-0.0713062,0,0.00849713,0.73329,0.0105179,-0.00704848,-0.00668839,-0.999953,0.0324979,0.4,0,0,DISABLED,0
10.0802,3.44656,-0.0703179,0,0.00750969,0.733557,0.00768948,-0.00803593,-0.00217455,-0.999965,0.0336737,0.4,0,0,DISABLED,0
10.1002,3.4537,-0.0696101,0,0.00779468,0.733573,0.00783538,-0.00775093,0.000251577,-0.99997,0.0346396,0.4,0,0,DISABLED,0
10.1202,3.46098,-0.0693574,0,0.0079754,0.733448,0.0081193,-0.00757022,0.00106549,-0.999971,0.0353134,0.4,0,0,DISABLED,0
10.1402,3.46843,-0.0695347,0,0.00768788,0.733373,0.00830081,-0.00785773,0.002647,-0.999966,0.036572,0.4,0,0,DISABLED,0
10.1602,3.47583,-0.0700078,0,0.00768475,0.733352,0.00918699,-0.00786086,0.00455429,-0.999959,0.0375673,0.4,0,0,DISABLED,0
10.1802,3.48306,-0.0706105,0,0.00846727,0.733312,0.010902,-0.00707834,0.00637822,-0.999955,0.0381776,0.4,0,0,DISABLED,0
10.2002,3.48802,-0.0710423,0,0.00943171,0.733248,0.0124823,-0.00611391,0.0076925,-0.999952,0.0387709,0.4,0,0,DISABLED,0
10.2202,3.49637,-0.0717997,0,0.0115776,0.733068,0.0153636,-0.00396799,0.00961723,-0.999946,0.0399635,0.4,0,0,DISABLED,0
10.2402,3.504,-0.0727479,0,0.0131044,0.732938,0.016374,-0.00244118,0.00933212,-0.999953,0.0402638,0.4,0,0,DISABLED,0
10.2602,3.51105,-0.0739561,0,0.0133435,0.732953,0.015518,-0.0022021,0.00744064,-0.99997,0.0398972,0.4,0,0,DISABLED,0
10.2802,3.51827,-0.0756359,0,0.0121136,0.732922,0.0130428,-0.00343202,0.00435392,-0.999985,0.0402117,0.4,0,0,DISABLED,0
10.3002,3.5248,-0.0776153,0,0.0101058,0.732441,0.0101076,-0.00543984,-0.00039251,-0.999985,0.0390225,0.4,0,0,DISABLED,0
10.3202,3.53236,-0.0796972,0,0.00567303,0.732261,0.00577743,-0.00987259,0.000598136,-0.999951,0.0357351,0.4,0,0,DISABLED,0
10.3402,3.5413,-0.0823059,0,0.00170251,0.732857,0.00176052,-0.0138431,-0.000968527,-0.999904,0.0315676,0.4,0,0,DISABLED,0
10.3602,3.54691,-0.0839311,0,0.000581829,0.733446,0.00694838,-0.0149638,-0.00740671,-0.999861,0.0282589,0.4,0,0,DISABLED,0
10.3802,3.5545,-0.0854405,0,0.000453636,0.73409,0.0101488,-0.015092,-0.0106242,-0.99983,0.0267047,0.4,0,0,DISABLED,0
10.4002,3.56137,-0.0862296,0,0.000544738,0.734293,0.0116678,-0.0150009,-0.01214,-0.999814,0.0250559,0.4,0,0,DISABLED,0
10.4202,3.56833,-0.086665,0,0.000681439,0.734211,0.0130336,-0.0148642,-0.0135005,-0.999798,0.0229522,0.4,0,0,DISABLED,0
10.4402,3.57543,-0.0868503,0,0.000833908,0.734055,0.0141223,-0.0147117,-0.0145825,-0.999785,0.0215255,0.4,0,0,DISABLED,0
10.4602,3.58271,-0.0868311,0,0.000976535,0.7339,0.0149467,-0.0145691,-0.0153977,-0.999775,0.0212017,0.4,0,0,DISABLED,0
10.4802,3.59004,-0.0866374,0,0.00157795,0.733732,0.0164792,-0.0139677,-0.0168863,-0.99976,0.0208503,0.4,0,0,DISABLED,0
10.5002,3.59731,-0.0863694,0,0.00314103,0.733552,0.0191556,-0.0124046,-0.0193837,-0.999735,0.0208407,0.4,0,0,DISABLED,0
10.5202,3.60446,-0.0859842,0,0.00582482,0.733347,0.022347,-0.0097208,-0.0220619,-0.999709,0.0208155,0.4,0,0,DISABLED,0
10.5402,3.61151,-0.0853365,0,0.00897899,0.733162,0.0247806,-0.00656662,-0.0235826,-0.9997,0.0202984,0.4,0,0,DISABLED,0
10.5602,3.61855,-0.0843752,0,0.0114454,0.733195,0.0245316,-0.00410018,-0.0221832,-0.999745,0.0206733,0.4,0,0,DISABLED,0
10.5802,3.62564,-0.0832163,0,0.0125015,0.733338,0.022181,-0.00304415,-0.0188083,-0.999819,0.0219621,0.4,0,0,DISABLED,0
10.6002,3.63269,-0.0818652,0,0.0126236,0.733231,0.0180897,-0.00292199,-0.0134434,-0.999905,0.0231724,0.4,0,0,DISABLED,0
10.6202,3.63962,-0.0805981,0,0.0119902,0.733087,0.015518,-0.00355541,-0.0103405,-0.99994,0.0251786,0.4,0,0,DISABLED,0
10.6402,3.64454,-0.079829,0,0.0106051,0.733159,0.0137242,-0.00494048,-0.00919204,-0.999946,0.0262328,0.4,0,0,DISABLED,0
10.6602,3.6539,-0.0786014,0,0.00769622,0.733509,0.00915449,-0.00784939,-0.00544708,-0.999954,0.0318836,0.4,0,0,DISABLED,0
10.6802,3.66111,-0.0776702,0,0.00652737,0.73374,0.00655099,-0.00901825,-0.00108849,-0.999959,0.0333804,0.4,0,0,DISABLED,0
10.7002,3.66749,-0.0770101,0,0.00681874,0.733752,0.00696551,-0.00872687,0.000934609,-0.999961,0.0332716,0.4,0,0,DISABLED,0
10.7202,3.67546,-0.0767309,0,0.00705359,0.733607,0.00749319,-0.00849203,0.00203365,-0.999962,0.0351604,0.4,0,0,DISABLED,0
10.7402,3.68287,-0.0769058,0,0.00669404,0.733517,0.00766619,-0.00885157,0.00324692,-0.999956,0.0368085,0.4,0,0,DISABLED,0
10.7602,3.69023,-0.0773439,0,0.00661077,0.733481,0.00846435,-0.00893484,0.00480181,-0.999949,0.0377303,0.4,0,0,DISABLED,0
10.7802,3.69739,-0.0779267,0,0.00740909,0.733435,0.0100484,-0.00813652,0.00630469,-0.999947,0.0384892,0.4,0,0,DISABLED,0
10.8002,3.70371,-0.0784582,0,0.00881264,0.73335,0.0122217,-0.00673297,0.00798676,-0.999945,0.0391919,0.4,0,0,DISABLED,0
10.8202,3.71065,-0.0790623,0,0.010294,0.733213,0.0141771,-0.00525163,0.00926315,-0.999943,0.0398002,0.4,0,0,DISABLED,0
10.8402,3.71814,-0.0799654,0,0.0122005,0.733036,0.0155295,-0.0033451,0.00911984,-0.999953,0.0404189,0.4,0,0,DISABLED,0
10.8602,3.72516,-0.0811414,0,0.0123919,0.733043,0.0148185,-0.00315373,0.00763616,-0.999966,0.0410793,0.4,0,0,DISABLED,0
10.8802,3.73231,-0.0827578,0,0.0112374,0.732984,0.012251,-0.00430822,0.00439455,-0.999981,0.0411024,0.4,0,0,DISABLED,0
10.9002,3.7395,-0.0848935,0,0.00897803,0.732412,0.00897697,-0.00656759,-0.000564144,-0.999978,0.0393119,0.4,0,0,DISABLED,0
10.9202,3.74621,-0.0867146,0,0.00497751,0.732307,0.00509781,-0.0105681,0.000620919,-0.999944,0.037213,0.4,0,0,DISABLED,0
10.9402,3.7544,-0.0890229,0,0.000500107,0.732818,0.00138107,-0.0150455,-0.00178022,-0.999885,0.0327588,0.4,0,0,DISABLED,0
10.9602,3.76003,-0.0905795,0,-0.000856745,0.733366,0.00611816,-0.0164024,-0.006543,-0.999844,0.0305197,0.4,0,0,DISABLED,0
10.9802,3.76831,-0.0921338,0,-0.00132683,0.734018,0.00979613,-0.0168724,-0.0101922,-0.999806,0.0285324,0.4,0,0,DISABLED,0
11.0002,3.77516,-0.0928777,0,-0.00125825,0.734201,0.0114773,-0.0168039,-0.0118961,-0.999788,0.0270028,0.4,0,0,DISABLED,0
11.0202,3.78212,-0.0933055,0,-0.00102485,0.734154,0.0127843,-0.0165705,-0.0132305,-0.999775,0.0257157,0.4,0,0,DISABLED,0
11.0402,3.78923,-0.09347,0,-0.000715851,0.734058,0.0138367,-0.0162615,-0.0143054,-0.999765,0.0245944,0.4,0,0,DISABLED,0
11.0602,3.7965,-0.0934065,0,-0.000304132,0.733936,0.0147419,-0.0158497,-0.0152241,-0.999758,0.0237893,0.4,0,0,DISABLED,0
11.0802,3.80384,-0.0931745,0,0.000489975,0.733774,0.0161246,-0.0150556,-0.0166042,-0.999749,0.0234187,0.4,0,0,DISABLED,0
11.1002,3.81041,-0.0928855,0,0.00218424,0.733602,0.0185999,-0.0133614,-0.0189568,-0.999731,0.0232035,0.4,0,0,DISABLED,0
11.1202,3.81616,-0.0925537,0,0.00374121,0.733427,0.0204208,-0.0118044,-0.0205613,-0.999719,0.023181,0.4,0,0,DISABLED,0
11.1402,3.82469,-0.0917616,0,0.00777959,0.733161,0.0238315,-0.00776603,-0.0230124,-0.999705,0.0226343,0.4,0,0,DISABLED,0
11.1602,3.83248,-0.0906167,0,0.0106472,0.733111,0.023499,-0.0048984,-0.0214318,-0.999758,0.0229285,0.4,0,0,DISABLED,0
11.1802,3.83962,-0.0893402,0,0.011899,0.733186,0.020914,-0.00364663,-0.0176832,-0.999837,0.0241212,0.4,0,0,DISABLED,0
11.2002,3.84671,-0.0879099,0,0.0122178,0.733039,0.0174285,-0.00332777,-0.0129138,-0.999911,0.025208,0.4,0,0,DISABLED,0
11.2202,3.85371,-0.0865617,0,0.0116441,0.732911,0.0147742,-0.00390151,-0.00958157,-0.999946,0.0278994,0.4,0,0,DISABLED,0
11.2402,3.86087,-0.0854641,0,0.00956982,0.733099,0.0122217,-0.0059758,-0.0080959,-0.999949,0.0306882,0.4,0,0,DISABLED,0
11.2602,3.86801,-0.0843536,0,0.00803976,0.733398,0.00912841,-0.00750586,-0.00480773,-0.99996,0.0332372,0.4,0,0,DISABLED,0
11.2802,3.87446,-0.0833685,0,0.00747909,0.733629,0.00749319,-0.00806652,-0.000902354,-0.999967,0.0346079,0.4,0,0,DISABLED,0
11.3002,3.88308,-0.0824111,0,0.0077794,0.733622,0.00803073,-0.00776622,0.00150194,-0.999969,0.035777,0.4,0,0,DISABLED,0
11.3202,3.88971,-0.0821501,0,0.0080267,0.733469,0.00854146,-0.00751892,0.00243378,-0.999969,0.0374378,0.4,0,0,DISABLED,0
11.3402,3.89645,-0.0822263,0,0.00785391,0.733355,0.00870733,-0.00769171,0.00327862,-0.999965,0.038064,0.4,0,0,DISABLED,0
11.3602,3.90462,-0.082677,0,0.00791945,0.733284,0.00970444,-0.00762617,0.00511934,-0.999958,0.0395693,0.4,0,0,DISABLED,0
11.3802,3.91188,-0.0832441,0,0.00867797,0.733216,0.0112782,-0.00686765,0.00671944,-0.999954,0.0403268,0.4,0,0,DISABLED,0
11.4002,3.91898,-0.0838059,0,0.0100398,0.733101,0.0134389,-0.00550583,0.00844856,-0.999949,0.0410058,0.4,0,0,DISABLED,0
11.4202,3.92523,-0.0843425,0,0.0118176,0.732953,0.0156442,-0.00372802,0.00976665,-0.999945,0.0417781,0.4,0,0,DISABLED,0
11.4402,3.93287,-0.0852317,0,0.0129882,0.732886,0.0162937,-0.0025574,0.00935245,-0.999953,0.0417749,0.4,0,0,DISABLED,0
11.4602,3.93922,-0.0862497,0,0.0130383,0.732978,0.0154757,-0.00250735,0.00785256,-0.999966,0.0415723,0.4,0,0,DISABLED,0
11.4802,3.94716,-0.0879748,0,0.0116328,0.733069,0.0128308,-0.00391284,0.00492237,-0.99998,0.0416591,0.4,0,0,DISABLED,0
11.5002,3.9537,-0.0899083,0,0.00957011,0.732679,0.00960566,-0.0059755,0.000364198,-0.999982,0.0411426,0.4,0,0,DISABLED,0
11.5202,3.96197,-0.0922216,0,0.00486215,0.732422,0.0050034,-0.0106835,0.000711945,-0.999943,0.0377541,0.4,0,0,DISABLED,0
11.5402,3.96942,-0.0943032,0,0.00113364,0.732845,0.00119604,-0.014412,-0.000849805,-0.999896,0.0338262,0.4,0,0,DISABLED,0
11.5602,3.97649,-0.0962006,0,-0.000208286,0.733484,0.00513277,-0.0157539,-0.00560678,-0.99986,0.0312059,0.4,0,0,DISABLED,0
11.5802,3.98344,-0.09748,0,-0.000740686,0.733981,0.00799353,-0.0162863,-0.00845112,-0.999832,0.0297347,0.4,0,0,DISABLED,0
11.6002,3.99036,-0.0982796,0,-0.000862348,0.734145,0.00970444,-0.016408,-0.0101516,-0.999814,0.0281527,0.4,0,0,DISABLED,0
11.6202,3.99738,-0.0987114,0,-0.00088442,0.733975,0.011294,-0.01643,-0.011743,-0.999796,0.0252262,0.4,0,0,DISABLED,0
11.6402,4.00237,-0.0988761,0,-0.000884767,0.733818,0.0116832,-0.0164304,-0.0121348,-0.999791,0.0251603,0.4,0,0,DISABLED,0
11.6602,4.01189,-0.0988344,0,-0.000794319,0.733636,0.0129878,-0.0163399,-0.0134477,-0.999776,0.0243985,0.4,0,0,DISABLED,0
11.6802,4.01932,-0.0985625,0,-0.000236643,0.733505,0.0147782,-0.0157823,-0.0152574,-0.999759,0.0234089,0.4,0,0,DISABLED,0
11.7002,4.02597,-0.0982652,0,0.00116903,0.733359,0.0170412,-0.0143766,-0.0174893,-0.999744,0.0232176,0.4,0,0,DISABLED,0
11.7202,4.03323,-0.0978342,0,0.00395913,0.733154,0.020333,-0.0115865,-0.0204285,-0.999724,0.0229054,0.4,0,0,DISABLED,0
11.7402,4.04114,-0.0970984,0,0.00752803,0.732978,0.0232721,-0.00801758,-0.0225051,-0.999715,0.02247,0.4,0,0,DISABLED,0
11.7602,4.04829,-0.0960813,0,0.0103871,0.732995,0.0235218,-0.00515853,-0.021587,-0.999754,0.0225649,0.4,0,0,DISABLED,0
11.7802,4.05551,-0.0948277,0,0.0119201,0.733159,0.0216506,-0.00362553,-0.018561,-0.999821,0.0230024,0.4,0,0,DISABLED,0
11.8002,4.06267,-0.0934195,0,0.0125024,0.733066,0.0176798,-0.00304322,-0.0129841,-0.999911,0.0242513,0.4,0,0,DISABLED,0
11.8202,4.06972,-0.0921546,0,0.0121228,0.732964,0.0155333,-0.00342277,-0.0102011,-0.999942,0.0267392,0.4,0,0,DISABLED,0
11.8402,4.07691,-0.0910653,0,0.0101964,0.733148,0.0131475,-0.00534922,-0.0087893,-0.999947,0.0288065,0.4,0,0,DISABLED,0
11.8602,4.08348,-0.0901444,0,0.00840143,0.733403,0.010184,-0.00714419,-0.00624569,-0.999955,0.0316406,0.4,0,0,DISABLED,0
11.8802,4.09153,-0.0890377,0,0.00730365,0.733663,0.00734861,-0.00824197,-0.00136086,-0.999965,0.0336319,0.4,0,0,DISABLED,0
11.9002,4.09879,-0.088322,0,0.00761806,0.733648,0.00770497,-0.00792755,0.000682183,-0.999968,0.0340101,0.4,0,0,DISABLED,0
11.9202,4.10624,-0.0880813,0,0.00761281,0.733501,0.00791861,-0.00793281,0.00167986,-0.999967,0.0351649,0.4,0,0,DISABLED,0
11.9402,4.1138,-0.0882625,0,0.00735191,0.73337,0.00815593,-0.0081937,0.00305351,-0.999962,0.0368687,0.4,0,0,DISABLED,0
11.9602,4.12054,-0.0886549,0,0.00740036,0.733306,0.0089237,-0.00814526,0.0045022,-0.999957,0.0376378,0.4,0,0,DISABLED,0
11.9802,4.12858,-0.0892856,0,0.0082315,0.733243,0.0105179,-0.00731412,0.00606479,-0.999955,0.0383919,0.4,0,0,DISABLED,0
12.0002,4.13432,-0.0897611,0,0.0091843,0.733168,0.01203,-0.00636132,0.00728991,-0.999953,0.0390622,0,0,0,DISABLED,0
12.0202,4.14277,-0.0905109,0,0.0112252,0.733007,0.0147095,-0.00432043,0.00901865,-0.99995,0.0400553,0,0,0,DISABLED,0
12.0402,4.14977,-0.0913702,0,0.0125577,0.732987,0.0153752,-0.00298792,0.00838386,-0.99996,0.0399527,0,0,0,DISABLED,0
12.0602,4.15686,-0.0925849,0,0.01253,0.733125,0.014311,-0.00301564,0.00643154,-0.999975,0.0397122,0,0,0,DISABLED,0
12.0802,4.16333,-0.0940846,0,0.0111193,0.733205,0.0117035,-0.00442636,0.00317876,-0.999985,0.0399056,0,0,0,DISABLED,0
12.1002,4.17125,-0.0965984,0,0.00868243,0.732625,0.00897033,-0.00686318,-0.00273196,-0.999973,0.0390805,0,0,0,DISABLED,0
12.1202,4.17853,-0.0988346,0,0.00442918,0.732513,0.00444846,-0.0111164,-0.000936553,-0.999938,0.0377923,0,0,0,DISABLED,0
12.1402,4.18524,-0.101178,0,0.00174473,0.733173,0.00290927,-0.0138009,-0.00281844,-0.999901,0.0352456,0,0,0,DISABLED,0
12.1602,4.19109,-0.103327,0,0.00177365,0.733979,0.00800843,-0.013772,-0.0082949,-0.999871,0.0333507,0,0,0,DISABLED,0
12.1802,4.19648,-0.104778,0,0.0022989,0.734501,0.0107921,-0.0132467,-0.0110305,-0.999851,0.0313446,0,0,0,DISABLED,0
12.2002,4.20159,-0.105696,0,0.00278214,0.734613,0.0123092,-0.0127635,-0.0124716,-0.999841,0.0292334,0,0,0,DISABLED,0
12.2202,4.20653,-0.106097,0,0.0029686,0.734401,0.0130199,-0.012577,-0.0131624,-0.999834,0.027089,0,0,0,DISABLED,0
12.2402,4.21129,-0.106071,0,0.0029066,0.734097,0.0130793,-0.012639,-0.0132348,-0.999833,0.0260378,0,0,0,DISABLED,0
12.2602,4.21596,-0.105673,0,0.00259268,0.733865,0.0130291,-0.0129529,-0.0132534,-0.999828,0.0252938,0,0,0,DISABLED,0
12.2802,4.22018,-0.105097,0,0.00171098,0.733715,0.0130838,-0.0138346,-0.0134566,-0.999814,0.0244028,0,0,0,DISABLED,0
12.3002,4.22509,-0.104287,0,0.00065105,0.733363,0.0126907,-0.0148946,-0.0131581,-0.999802,0.0224137,0,0,0,DISABLED,0
12.3202,4.2292,-0.103509,0,0.000282054,0.732712,0.0111827,-0.0152636,-0.0116629,-0.999815,0.0208915,0,0,0,DISABLED,0
12.3402,4.23292,-0.102668,0,0.000172012,0.731513,0.00860404,-0.0153736,-0.00908819,-0.99984,0.0203899,0,0,0,DISABLED,0
12.3602,4.23672,-0.101971,0,-0.00221356,0.730692,0.0124536,-0.0177592,-0.012743,-0.999761,0.0201903,0,0,0,DISABLED,0
12.3802,4.24011,-0.10135,0,-0.00451142,0.730578,0.0153403,-0.020057,-0.0151516,-0.999684,0.0218601,0,0,0,DISABLED,0
12.4002,4.24272,-0.100791,0,-0.00561132,0.73053,0.0157657,-0.0211569,-0.0152182,-0.99966,0.0230203,0,0,0,DISABLED,0
12.4202,4.24558,-0.100362,0,-0.00596276,0.73027,0.0169464,-0.0215084,-0.0163474,-0.999635,0.0229308,0,0,0,DISABLED,0
12.4402,4.24764,-0.100215,0,-0.00530908,0.729966,0.0187817,-0.0208547,-0.0185003,-0.999611,0.0219445,0,0,0,DISABLED,0
12.4602,4.24975,-0.100105,0,-0.00360174,0.729682,0.0198404,-0.0191474,-0.0199977,-0.999617,0.0199983,0,0,0,DISABLED,0
12.4802,4.25127,-0.100022,0,-0.00099099,0.729647,0.0198284,-0.0165366,-0.0202888,-0.999657,0.0177801,0,0,0,DISABLED,0
12.5002,4.25255,-0.0999214,0,0.0016068,0.729831,0.0189931,-0.0139388,-0.0194129,-0.999714,0.0168111,0,0,0,DISABLED,0
12.5202,4.25369,-0.0997835,0,0.00351885,0.730077,0.0179242,-0.0120268,-0.0180606,-0.999765,0.0162751,0,0,0,DISABLED,0
12.5402,4.2547,-0.0996343,0,0.0047586,0.730255,0.0172255,-0.010787,-0.0170383,-0.999797,0.0155723,0,0,0,DISABLED,0
12.5602,4.25551,-0.0995232,0,0.00578331,0.730321,0.0171562,-0.00976231,-0.0166395,-0.999814,0.0149676,0,0,0,DISABLED,0
12.5802,4.25611,-0.0994596,0,0.00678521,0.730314,0.0174593,-0.0087604,-0.0165717,-0.999824,0.0142454,0,0,0,DISABLED,0
12.6002,4.2565,-0.0994664,0,0.00765447,0.73028,0.017984,-0.00789115,-0.0167618,-0.999828,0.0131608,0,0,0,DISABLED,0
12.6202,4.25669,-0.0995754,0,0.00849479,0.73024,0.0187785,-0.00705083,-0.0172307,-0.999827,0.0121742,0,0,0,DISABLED,0
12.6402,4.25671,-0.0997999,0,0.0092079,0.730198,0.0197048,-0.00633772,-0.017905,-0.99982,0.0114781,0,0,0,DISABLED,0
12.6602,4.25662,-0.100109,0,0.00952425,0.730172,0.0203154,-0.00602137,-0.0184298,-0.999812,0.0110689,0,0,0,DISABLED,0
12.6802,4.25646,-0.100451,0,0.00954132,0.730201,0.0204237,-0.0060043,-0.0185412,-0.99981,0.0110052,0,0,0,DISABLED,0
12.7002,4.25625,-0.100802,0,0.00949297,0.730235,0.0205401,-0.00605264,-0.0187002,-0.999807,0.0109886,0,0,0,DISABLED,0
12.7202,4.25591,-0.101278,0,0.00938428,0.730282,0.0207365,-0.00616133,-0.0189766,-0.999801,0.0109782,0,0,0,DISABLED,0
12.7402,4.25555,-0.101745,0,0.0091988,0.730327,0.0209026,-0.00634681,-0.019254,-0.999794,0.0109731,0,0,0,DISABLED,0
12.7602,4.25514,-0.102239,0,0.00891121,0.730373,0.0210419,-0.00663441,-0.0195491,-0.999787,0.0109718,0,0,0,DISABLED,0
12.7802,4.2547,-0.102753,0,0.00853222,0.730418,0.0211661,-0.0070134,-0.0198549,-0.999778,0.0109747,0,0,0,DISABLED,0
12.8002,4.25418,-0.103329,0,0.00801804,0.730465,0.0212701,-0.00752757,-0.020186,-0.999768,0.0109831,0,0,0,DISABLED,0
12.8202,4.25372,-0.103799,0,0.00757235,0.730502,0.0213093,-0.00797326,-0.020403,-0.99976,0.010993,0,0,0,DISABLED,0
12.8402,4.2532,-0.104315,0,0.00689147,0.730541,0.0213512,-0.00865415,-0.0206963,-0.999748,0.0110063,0,0,0,DISABLED,0
12.8602,4.25265,-0.104819,0,0.00621942,0.730578,0.021393,-0.00932619,-0.020955,-0.999737,0.0110185,0,0,0,DISABLED,0
12.8802,4.25209,-0.1053,0,0.00548895,0.730613,0.021407,-0.0100567,-0.0211764,-0.999725,0.0110338,0,0,0,DISABLED,0
12.9002,4.25152,-0.105755,0,0.0047259,0.730647,0.0214264,-0.0108197,-0.0213862,-0.999713,0.0110505,0,0,0,DISABLED,0
12.9202,4.25094,-0.106178,0,0.00393853,0.73068,0.0214515,-0.0116071,-0.021573,-0.9997,0.0110766,0,0,0,DISABLED,0
12.9402,4.25037,-0.106564,0,0.00314312,0.730711,0.0214876,-0.0124025,-0.021744,-0.999687,0.011111,0,0,0,DISABLED,0
12.9602,4.24974,-0.106939,0,0.00227102,0.730746,0.0215374,-0.0132746,-0.0219047,-0.999672,0.0111592,0,0,0,DISABLED,0
12.9802,4.24924,-0.107205,0,0.00156452,0.730774,0.0215762,-0.0139811,-0.022006,-0.99966,0.0112001,0,0,0,DISABLED,0
13.0002,4.24869,-0.107454,0,0.000793236,0.730805,0.0216176,-0.0147524,-0.0220911,-0.999647,0.0112439,0,0,0,DISABLED,0
13.0202,4.24814,-0.107657,0,3.78489e-05,0.730836,0.0216616,-0.0155078,-0.022148,-0.999634,0.0112863,0,0,0,DISABLED,0
13.0402,4.24762,-0.107815,0,-0.000694278,0.730867,0.0217111,-0.0162399,-0.0221854,-0.999622,0.0113251,0,0,0,DISABLED,0
13.0602,4.2471,-0.10793,0,-0.00140484,0.730897,0.0217714,-0.0169505,-0.0222114,-0.99961,0.0113667,0,0,0,DISABLED,0
13.0802,4.24661,-0.108006,0,-0.0020957,0.730927,0.0218452,-0.0176413,-0.0222292,-0.999597,0.0114116,0,0,0,DISABLED,0
13.1002,4.24614,-0.108047,0,-0.00276664,0.730955,0.0219242,-0.0183123,-0.0222327,-0.999585,0.0114536,0,0,0,DISABLED,0
13.1202,4.24577,-0.10806,0,-0.00328906,0.730977,0.0219839,-0.0188347,-0.0222194,-0.999576,0.0114785,0,0,0,DISABLED,0
13.1402,4.24525,-0.108058,0,-0.00398727,0.731007,0.0220597,-0.0195329,-0.0221812,-0.999563,0.0115047,0,0,0,DISABLED,0
13.1602,4.24484,-0.108043,0,-0.0046548,0.731031,0.0221353,-0.0202004,-0.0221249,-0.999551,0.0115252,0,0,0,DISABLED,0
13.1802,4.24446,-0.108018,0,-0.00522904,0.731055,0.0222079,-0.0207747,-0.0220671,-0.999541,0.0115389,0,0,0,DISABLED,0
13.2002,4.24409,-0.107989,0,-0.00577169,0.731077,0.0222856,-0.0213173,-0.0220091,-0.99953,0.0115482,0,0,0,DISABLED,0
13.2202,4.24375,-0.107957,0,-0.0062831,0.731097,0.022371,-0.0218287,-0.0219533,-0.999521,0.0115544,0,0,0,DISABLED,0
13.2402,4.24343,-0.107925,0,-0.00676363,0.731116,0.0224614,-0.0223092,-0.0219011,-0.999511,0.0115584,0,0,0,DISABLED,0
13.2602,4.24313,-0.107895,0,-0.00712613,0.731133,0.0225356,-0.0226717,-0.0218625,-0.999504,0.0115606,0,0,0,DISABLED,0
13.2802,4.24285,-0.107867,0,-0.00763366,0.731149,0.0226517,-0.0231793,-0.0218098,-0.999493,0.011563,0,0,0,DISABLED,0
13.3002,4.24261,-0.107843,0,-0.0079855,0.731162,0.0227384,-0.0235311,-0.0217745,-0.999486,0.0115643,0,0,0,DISABLED,0
13.3202,4.24235,-0.107816,0,-0.00838172,0.731176,0.0228456,-0.0239273,-0.0217357,-0.999477,0.011565,0,0,0,DISABLED,0
13.3402,4.24214,-0.107794,0,-0.00867832,0.731188,0.0229315,-0.0242239,-0.0217074,-0.999471,0.0115647,0,0,0,DISABLED,0
13.3602,4.24194,-0.107774,0,-0.00900792,0.731198,0.0230301,-0.0245535,-0.0216769,-0.999463,0.0115635,0,0,0,DISABLED,0
13.3802,4.24176,-0.107756,0,-0.00927749,0.731208,0.0231128,-0.0248231,-0.0216528,-0.999457,0.0115615,0,0,0,DISABLED,0
13.4002,4.24163,-0.107743,0,-0.00944994,0.731215,0.023172,-0.0249956,-0.0216379,-0.999453,0.0115596,0,0,0,DISABLED,0
13.4202,4.24149,-0.107728,0,-0.00969526,0.731223,0.0232542,-0.0252409,-0.0216174,-0.999448,0.0115555,0,0,0,DISABLED,0
13.4402,4.24133,-0.107713,0,-0.00992925,0.731232,0.0233361,-0.0254749,-0.0215991,-0.999442,0.0115498,0,0,0,DISABLED,0
13.4602,4.24122,-0.107702,0,-0.0100991,0.731238,0.0233973,-0.0256447,-0.0215868,-0.999438,0.011544,0,0,0,DISABLED,0
13.4802,4.24112,-0.107692,0,-0.0102476,0.731244,0.0234533,-0.0257932,-0.021577,-0.999434,0.0115373,0,0,0,DISABLED,0
13.5002,4.24104,-0.107685,0,-0.0103643,0.731249,0.023499,-0.0259099,-0.0215701,-0.999432,0.0115305,0,0,0,DISABLED,0
13.5202,4.24096,-0.107678,0,-0.0104762,0.731253,0.0235446,-0.0260218,-0.0215644,-0.999429,0.0115221,0,0,0,DISABLED,0
13.5402,4.2409,-0.107672,0,-0.0105707,0.731257,0.0235826,-0.0261163,-0.0215607,-0.999426,0.011513,0,0,0,DISABLED,0
13.5602,4.24084,-0.107667,0,-0.0106561,0.731261,0.0236204,-0.0262017,-0.0215587,-0.999424,0.011502,0,0,0,DISABLED,0
13.5802,4.24081,-0.107664,0,-0.0107182,0.731263,0.0236457,-0.0262639,-0.0215585,-0.999423,0.0114912,0,0,0,DISABLED,0
13.6002,4.24076,-0.10766,0,-0.0107667,0.731266,0.0236709,-0.0263123,-0.0215597,-0.999421,0.0114797,0,0,0,DISABLED,0
13.6202,4.24074,-0.107659,0,-0.0108033,0.731268,0.0236885,-0.0263489,-0.0215623,-0.99942,0.0114675,0,0,0,DISABLED,0
13.6402,4.24072,-0.107658,0,-0.010832,0.731269,0.0237061,-0.0263776,-0.021566,-0.999419,0.0114546,0,0,0,DISABLED,0
13.6602,4.24071,-0.107657,0,-0.0108531,0.731269,0.0237187,-0.0263987,-0.02157,-0.999419,0.0114424,0,0,0,DISABLED,0
13.6802,4.2407,-0.107657,0,-0.0108722,0.73127,0.0237312,-0.0264178,-0.021575,-0.999418,0.011428,0,0,0,DISABLED,0
13.7002,4.2407,-0.107656,0,-0.0108871,0.73127,0.0237438,-0.0264327,-0.0215803,-0.999418,0.0114127,0,0,0,DISABLED,0
13.7202,4.24069,-0.107656,0,-0.0108999,0.73127,0.0237538,-0.0264455,-0.0215862,-0.999417,0.0113952,0,0,0,DISABLED,0
13.7402,4.24069,-0.107656,0,-0.0109097,0.731269,0.0237639,-0.0264553,-0.0215915,-0.999417,0.0113788,0,0,0,DISABLED,0
13.7602,4.24069,-0.107656,0,-0.010919,0.731269,0.0237739,-0.0264646,-0.0215965,-0.999416,0.011362,0,0,0,DISABLED,0
13.7802,4.24038,-0.107601,0,-0.00905532,0.731291,0.0230353,-0.0246009,-0.0216636,-0.999463,0.0106623,0,0,0,DISABLED,0
13.8002,4.23979,-0.107471,0,-0.00527324,0.731438,0.0218943,-0.0208189,-0.0217337,-0.999547,0.00949014,0,0,0,DISABLED,0
13.8202,4.23933,-0.10736,0,-0.00224983,0.731657,0.0213456,-0.0177954,-0.0217122,-0.999606,0.00861023,0,0,0,DISABLED,0
13.8402,4.23897,-0.107257,0,-0.000240517,0.731851,0.0210447,-0.0157861,-0.0215307,-0.999644,0.00823527,0,0,0,DISABLED,0
13.8602,4.23864,-0.107125,0,0.000951814,0.731987,0.0207566,-0.0145938,-0.0212219,-0.999668,0.00800838,0,0,0,DISABLED,0
13.8802,4.23835,-0.107025,0,0.00154181,0.732077,0.0205024,-0.0140038,-0.0209324,-0.999683,0.00784832,0,0,0,DISABLED,0
13.9002,4.23801,-0.106971,0,0.00175473,0.732151,0.0203154,-0.0137909,-0.0207266,-0.99969,0.00771954,0,0,0,DISABLED,0
13.9202,4.2376,-0.106971,0,0.00168338,0.732211,0.0202007,-0.0138622,-0.0206152,-0.999691,0.0076253,0,0,0,DISABLED,0
13.9402,4.23721,-0.107006,0,0.00140803,0.732254,0.0200942,-0.0141376,-0.0205284,-0.999689,0.0075185,0,0,0,DISABLED,0
13.9602,4.23682,-0.107059,0,0.00100637,0.732289,0.0199453,-0.0145392,-0.020407,-0.999686,0.00736907,0,0,0,DISABLED,0
13.9802,4.23642,-0.107119,0,0.000542629,0.732318,0.0197832,-0.015003,-0.0202617,-0.999682,0.00718935,0,0,0,DISABLED,0
14.0002,4.23602,-0.107173,0,5.34905e-05,0.732345,0.019629,-0.0154921,-0.0201136,-0.999678,0.00699705,0,0,0,DISABLED,0
14.0202,4.23562,-0.107212,0,-0.000446831,0.732371,0.0194827,-0.0159924,-0.0199662,-0.999673,0.00678927,0,0,0,DISABLED,0
14.0402,4.23522,-0.107229,0,-0.000956765,0.732396,0.0193568,-0.0165024,-0.0198175,-0.999667,0.00657224,0,0,0,DISABLED,0
14.0602,4.23482,-0.107226,0,-0.00147647,0.732421,0.0192425,-0.0170221,-0.0196729,-0.999662,0.00636981,0,0,0,DISABLED,0
14.0802,4.23442,-0.107205,0,-0.00199846,0.732444,0.0191556,-0.0175441,-0.0195379,-0.999655,0.00617268,0,0,0,DISABLED,0
14.1002,4.23404,-0.107167,0,-0.00246644,0.732465,0.0190964,-0.0180121,-0.0194237,-0.999649,0.0059979,0,0,0,DISABLED,0
14.1202,4.23373,-0.107126,0,-0.00293002,0.732482,0.0190558,-0.0184756,-0.0193151,-0.999643,0.00582244,0,0,0,DISABLED,0
14.1402,4.23329,-0.107048,0,-0.00353916,0.732505,0.0190182,-0.0190848,-0.0191735,-0.999634,0.00558138,0,0,0,DISABLED,0
14.1602,4.23294,-0.106974,0,-0.00398843,0.732522,0.0190025,-0.019534,-0.0190656,-0.999627,0.00538867,0,0,0,DISABLED,0
14.1802,4.2326,-0.106894,0,-0.00447795,0.732538,0.0189931,-0.0200236,-0.0189442,-0.99962,0.00516345,0,0,0,DISABLED,0
14.2002,4.2323,-0.10682,0,-0.00500179,0.732552,0.0189962,-0.0205474,-0.0188107,-0.999612,0.00490675,0,0,0,DISABLED,0
14.2202,4.23196,-0.106729,0,-0.00541675,0.732567,0.0190057,-0.0209624,-0.0187036,-0.999605,0.00469115,0,0,0,DISABLED,0
14.2402,4.23172,-0.106663,0,-0.00581662,0.732577,0.0190245,-0.0213622,-0.0185993,-0.999599,0.00447357,0,0,0,DISABLED,0
14.2603,4.23138,-0.106565,0,-0.00632357,0.73259,0.019062,-0.0218692,-0.0184657,-0.99959,0.00418375,0,0,0,DISABLED,0
14.2803,4.23114,-0.106495,0,-0.0066443,0.732599,0.0190902,-0.0221899,-0.0183806,-0.999585,0.00399118,0,0,0,DISABLED,0
14.3003,4.23089,-0.10642,0,-0.00706199,0.732608,0.0191369,-0.0226076,-0.0182689,-0.999577,0.00372954,0,0,0,DISABLED,0
14.3203,4.23064,-0.106341,0,-0.00745231,0.732617,0.0191867,-0.0229979,-0.0181636,-0.99957,0.00347085,0,0,0,DISABLED,0
14.3403,4.23043,-0.106272,0,-0.00778256,0.732624,0.0192363,-0.0233282,-0.0180732,-0.999564,0.00323811,0,0,0,DISABLED,0
14.3603,4.23023,-0.106208,0,-0.00808897,0.73263,0.0192828,-0.0236346,-0.0179876,-0.999559,0.00300786,0,0,0,DISABLED,0
14.3803,4.23007,-0.106153,0,-0.00834446,0.732635,0.0193229,-0.0238901,-0.0179142,-0.999554,0.0028031,0,0,0,DISABLED,0
14.4003,4.2299,-0.106095,0,-0.00860594,0.732639,0.0193722,-0.0241516,-0.0178369,-0.999549,0.00257873,0,0,0,DISABLED,0
14.4203,4.22974,-0.106035,0,-0.0088448,0.732643,0.0194122,-0.0243904,-0.0177639,-0.999545,0.00235642,0,0,0,DISABLED,0
14.4403,4.22961,-0.105983,0,-0.00908215,0.732647,0.0194551,-0.0246278,-0.0176885,-0.99954,0.00211505,0,0,0,DISABLED,0
14.4603,4.22949,-0.105935,0,-0.00927586,0.732649,0.0194918,-0.0248215,-0.017624,-0.999537,0.00189807,0,0,0,DISABLED,0
14.4803,4.22938,-0.10589,0,-0.0094493,0.732651,0.0195193,-0.0249949,-0.0175633,-0.999533,0.0016837,0,0,0,DISABLED,0
14.5003,4.2293,-0.105852,0,-0.00958853,0.732652,0.0195438,-0.0251341,-0.0175119,-0.999531,0.00149378,0,0,0,DISABLED,0
14.5203,4.22922,-0.105812,0,-0.00972547,0.732653,0.0195651,-0.0252711,-0.017458,-0.999528,0.00128566,0,0,0,DISABLED,0
14.5403,4.22915,-0.105771,0,-0.00985556,0.732654,0.0195803,-0.0254012,-0.0174026,-0.999526,0.00106001,0,0,0,DISABLED,0
14.5603,4.22909,-0.105737,0,-0.00995545,0.732654,0.0195925,-0.0255011,-0.0173553,-0.999524,0.000858657,0,0,0,DISABLED,0
14.5803,4.22905,-0.105708,0,-0.010031,0.732654,0.0195925,-0.0255766,-0.0173151,-0.999523,0.000679989,0,0,0,DISABLED,0
14.6003,4.22901,-0.105675,0,-0.010106,0.732654,0.0195925,-0.0256516,-0.0172687,-0.999522,0.000465008,0,0,0,DISABLED,0
14.6203,4.22899,-0.105647,0,-0.0101541,0.732653,0.0195895,-0.0256997,-0.0172329,-0.999521,0.000292132,0,0,0,DISABLED,0
14.6403,4.22897,-0.105621,0,-0.0101953,0.732653,0.0195742,-0.0257409,-0.0171952,-0.999521,0.000102497,0,0,0,DISABLED,0
14.6603,4.22896,-0.105604,0,-0.0102204,0.732652,0.0195651,-0.025766,-0.0171665,-0.999521,-4.71461e-05,0,0,0,DISABLED,0
14.6803,4.22896,-0.105574,0,-0.0102517,0.73265,0.0195438,-0.0257973,-0.0171225,-0.999521,-0.000286459,0,0,0,DISABLED,0
14.7003,4.22895,-0.105558,0,-0.0102672,0.732649,0.0195285,-0.0258128,-0.0170966,-0.999521,-0.000430644,0,0,0,DISABLED,0
14.7203,4.22895,-0.105534,0,-0.0102886,0.732647,0.0195102,-0.0258342,-0.017059,-0.999521,-0.000642599,0,0,0,DISABLED,0
14.7403,4.22896,-0.105516,0,-0.010306,0.732645,0.0194918,-0.0258516,-0.0170283,-0.999521,-0.000815075,0,0,0,DISABLED,0
14.7603,4.22896,-0.105498,0,-0.0103247,0.732644,0.0194735,-0.0258703,-0.0169953,-0.999521,-0.00100084,0,0,0,DISABLED,0
14.7803,4.22896,-0.105481,0,-0.0103397,0.732642,0.0194612,-0.0258853,-0.0169686,-0.999521,-0.00115003,0,0,0,DISABLED,0
14.8003,4.22896,-0.105472,0,-0.0103559,0.732641,0.0194459,-0.0259015,-0.0169392,-0.999521,-0.0013129,0,0,0,DISABLED,0
14.8203,4.22896,-0.105453,0,-0.0103701,0.732639,0.0194306,-0.0259158,-0.0169131,-0.999521,-0.00145743,0,0,0,DISABLED,0
14.8403,4.22896,-0.105438,0,-0.010384,0.732638,0.0194152,-0.0259296,-0.0168872,-0.999521,-0.00159974,0,0,0,DISABLED,0
14.8603,4.22896,-0.10542,0,-0.0104018,0.732636,0.0193937,-0.0259474,-0.016853,-0.999521,-0.00178632,0,0,0,DISABLED,0
14.8803,4.22896,-0.105406,0,-0.0104161,0.732635,0.0193814,-0.0259617,-0.0168248,-0.999521,-0.00193921,0,0,0,DISABLED,0
14.9003,4.22896,-0.105393,0,-0.0104285,0.732634,0.0193661,-0.0259741,-0.0167996,-0.999521,-0.00207491,0,0,0,DISABLED,0
14.9203,4.22896,-0.105378,0,-0.0104419,0.732632,0.0193507,-0.0259875,-0.0167718,-0.999522,-0.00222369,0,0,0,DISABLED,0
14.9403,4.22896,-0.105366,0,-0.0104548,0.732631,0.0193322,-0.0260004,-0.0167443,-0.999522,-0.00237051,0,0,0,DISABLED,0
14.9603,4.22896,-0.105352,0,-0.0104685,0.73263,0.0193137,-0.0260141,-0.0167142,-0.999522,-0.00252982,0,0,0,DISABLED,0
14.9803,4.22896,-0.105339,0,-0.0104804,0.732629,0.0192982,-0.026026,-0.016687,-0.999522,-0.00267272,0,0,0,DISABLED,0
15.0003,4.22896,-0.105327,0,-0.0104919,0.732628,0.0192797,-0.0260375,-0.0166601,-0.999522,-0.00281384,0,0,0,DISABLED,0
15.0203,4.22896,-0.105315,0,-0.0105019,0.732627,0.0192673,-0.0260475,-0.016636,-0.999522,-0.00293939,0,0,0,DISABLED,0
15.0403,4.22896,-0.105303,0,-0.0105136,0.732626,0.0192487,-0.0260592,-0.0166068,-0.999522,-0.00309115,0,0,0,DISABLED,0
15.0603,4.22896,-0.105292,0,-0.0105238,0.732625,0.0192332,-0.0260694,-0.0165804,-0.999523,-0.00322756,0,0,0,DISABLED,0
15.0803,4.22896,-0.105279,0,-0.0105336,0.732624,0.0192146,-0.0260793,-0.0165542,-0.999523,-0.00336248,0,0,0,DISABLED,0
15.1003,4.22896,-0.105268,0,-0.010543,0.732624,0.0191991,-0.0260887,-0.0165282,-0.999523,-0.00349611,0,0,0,DISABLED,0
15.1203,4.22896,-0.105257,0,-0.0105521,0.732623,0.0191836,-0.0260977,-0.0165024,-0.999523,-0.00362841,0,0,0,DISABLED,0
15.1403,4.22896,-0.105246,0,-0.0105599,0.732622,0.0191681,-0.0261055,-0.0164792,-0.999523,-0.00374641,0,0,0,DISABLED,0
15.1603,4.22896,-0.105235,0,-0.010569,0.732621,0.0191494,-0.0261146,-0.0164511,-0.999524,-0.00388932,0,0,0,DISABLED,0
15.1803,4.22896,-0.105224,0,-0.0105769,0.732621,0.0191307,-0.0261225,-0.0164258,-0.999524,-0.00401804,0,0,0,DISABLED,0
15.2003,4.22896,-0.105214,0,-0.0105837,0.73262,0.0191182,-0.0261293,-0.016403,-0.999524,-0.00413295,0,0,0,DISABLED,0
15.2203,4.22896,-0.105203,0,-0.0105916,0.73262,0.0190995,-0.0261372,-0.0163754,-0.999524,-0.00427233,0,0,0,DISABLED,0
15.2403,4.22896,-0.105192,0,-0.0105992,0.732619,0.0190808,-0.0261448,-0.016348,-0.999524,-0.0044105,0,0,0,DISABLED,0
15.2603,4.22896,-0.105182,0,-0.0106051,0.732619,0.0190652,-0.0261507,-0.0163256,-0.999525,-0.0045227,0,0,0,DISABLED,0
15.2803,4.22896,-0.105172,0,-0.0106113,0.732618,0.0190464,-0.0261569,-0.0163009,-0.999525,-0.00464646,0,0,0,DISABLED,0
15.3003,4.22896,-0.105162,0,-0.0106172,0.732618,0.0190307,-0.0261628,-0.0162763,-0.999525,-0.00476931,0,0,0,DISABLED,0
15.3203,4.22896,-0.105152,0,-0.0106229,0.732618,0.0190151,-0.0261685,-0.0162519,-0.999525,-0.00489138,0,0,0,DISABLED,0
15.3403,4.22896,-0.105142,0,-0.0106288,0.732617,0.0189931,-0.0261744,-0.0162251,-0.999526,-0.00502473,0,0,0,DISABLED,0
15.3603,4.22896,-0.105132,0,-0.0106335,0.732617,0.0189774,-0.0261791,-0.0162034,-0.999526,-0.00513311,0,0,0,DISABLED,0
15.3803,4.22896,-0.105123,0,-0.0106385,0.732617,0.0189617,-0.0261841,-0.0161793,-0.999526,-0.0052528,0,0,0,DISABLED,0
15.4003,4.22896,-0.105113,0,-0.0106433,0.732617,0.018946,-0.0261889,-0.0161554,-0.999526,-0.00537174,0,0,0,DISABLED,0
15.4203,4.22896,-0.105103,0,-0.0106474,0.732616,0.0189302,-0.026193,-0.0161339,-0.999527,-0.0054782,0,0,0,DISABLED,0
15.4403,4.22896,-0.105094,0,-0.0106517,0.732616,0.0189113,-0.0261973,-0.0161102,-0.999527,-0.00559584,0,0,0,DISABLED,0
15.4603,4.22896,-0.105085,0,-0.0106559,0.732616,0.0188956,-0.0262015,-0.0160865,-0.999527,-0.0057128,0,0,0,DISABLED,0
15.4803,4.22896,-0.105075,0,-0.0106603,0.732616,0.0188766,-0.0262059,-0.0160607,-0.999528,-0.00584075,0,0,0,DISABLED,0
15.5003,4.22896,-0.105065,0,-0.010664,0.732615,0.0188608,-0.0262096,-0.0160373,-0.999528,-0.00595641,0,0,0,DISABLED,0
15.5203,4.22896,-0.105057,0,-0.0106673,0.732615,0.018845,-0.0262129,-0.0160163,-0.999528,-0.00605998,0,0,0,DISABLED,0
15.5403,4.22896,-0.105047,0,-0.010671,0.732615,0.0188229,-0.0262166,-0.0159907,-0.999528,-0.00618592,0,0,0,DISABLED,0
15.5603,4.22897,-0.105038,0,-0.0106742,0.732615,0.018807,-0.0262198,-0.0159676,-0.999529,-0.00629984,0,0,0,DISABLED,0
15.5803,4.22897,-0.105028,0,-0.0106772,0.732615,0.0187912,-0.0262228,-0.0159446,-0.999529,-0.00641321,0,0,0,DISABLED,0
15.6003,4.22897,-0.105019,0,-0.0106798,0.732615,0.0187721,-0.0262254,-0.0159239,-0.999529,-0.00651478,0,0,0,DISABLED,0
15.6203,4.22897,-0.10501,0,-0.0106828,0.732615,0.0187562,-0.0262284,-0.0158988,-0.99953,-0.00663784,0,0,0,DISABLED,0
15.6403,4.22897,-0.105001,0,-0.0106854,0.732615,0.0187372,-0.026231,-0.015876,-0.99953,-0.00674895,0,0,0,DISABLED,0
15.6603,4.22897,-0.104992,0,-0.0106878,0.732615,0.0187213,-0.0262334,-0.0158534,-0.99953,-0.00685951,0,0,0,DISABLED,0
15.6803,4.22897,-0.104983,0,-0.0106901,0.732615,0.0187021,-0.0262357,-0.0158309,-0.99953,-0.00696911,0,0,0,DISABLED,0
15.7003,4.22897,-0.104974,0,-0.0106922,0.732615,0.0186862,-0.0262378,-0.0158085,-0.999531,-0.00707839,0,0,0,DISABLED,0
15.7203,4.22897,-0.104965,0,-0.0106941,0.732615,0.0186702,-0.0262397,-0.0157862,-0.999531,-0.00718691,0,0,0,DISABLED,0
15.7403,4.22897,-0.104957,0,-0.0106958,0.732615,0.0186575,-0.0262414,-0.0157662,-0.999531,-0.0072838,0,0,0,DISABLED,0
15.7603,4.22897,-0.104948,0,-0.0106977,0.732615,0.0186351,-0.0262433,-0.0157419,-0.999532,-0.00740183,0,0,0,DISABLED,0
15.7803,4.22897,-0.104939,0,-0.0106992,0.732615,0.0186191,-0.0262448,-0.01572,-0.999532,-0.00750851,0,0,0,DISABLED,0
15.8003,4.22897,-0.104931,0,-0.0107007,0.732615,0.0186031,-0.0262463,-0.0156981,-0.999532,-0.00761442,0,0,0,DISABLED,0
15.8203,4.22897,-0.104922,0,-0.010702,0.732615,0.0185871,-0.0262476,-0.0156763,-0.999533,-0.00771982,0,0,0,DISABLED,0
15.8403,4.22897,-0.104914,0,-0.0107032,0.732615,0.0185646,-0.0262488,-0.0156547,-0.999533,-0.00782479,0,0,0,DISABLED,0
15.8603,4.22897,-0.104906,0,-0.010704,0.732615,0.0185517,-0.0262496,-0.0156374,-0.999533,-0.00790829,0,0,0,DISABLED,0
15.8803,4.22897,-0.104897,0,-0.0107052,0.732615,0.0185325,-0.0262508,-0.0156117,-0.999533,-0.00803293,0,0,0,DISABLED,0
15.9003,4.22897,-0.104891,0,-0.0107058,0.732616,0.0185196,-0.0262514,-0.0155968,-0.999534,-0.00810512,0,0,0,DISABLED,0
15.9203,4.22897,-0.10488,0,-0.0107068,0.732616,0.0185003,-0.0262524,-0.0155692,-0.999534,-0.00823859,0,0,0,DISABLED,0
15.9403,4.22897,-0.104872,0,-0.0107074,0.732616,0.0184809,-0.026253,-0.0155481,-0.999534,-0.00834036,0,0,0,DISABLED,0
15.9603,4.22897,-0.104863,0,-0.0107079,0.732616,0.0184648,-0.0262535,-0.0155271,-0.999535,-0.00844161,0,0,0,DISABLED,0
15.9803,4.22897,-0.104855,0,-0.0107083,0.732616,0.0184486,-0.026254,-0.0155062,-0.999535,-0.00854208,0,0,0,DISABLED,0
16.0003,4.22897,-0.104848,0,-0.0107087,0.732616,0.0184325,-0.0262543,-0.0154854,-0.999535,-0.00864192,0,0,0,DISABLED,0
16.0203,4.22897,-0.104839,0,-0.0107089,0.732617,0.0184163,-0.0262545,-0.0154648,-0.999536,-0.00874123,0,0,0,DISABLED,0
16.0403,4.22897,-0.104831,0,-0.010709,0.732617,0.0184001,-0.0262547,-0.0154443,-0.999536,-0.00884001,0,0,0,DISABLED,0
16.0603,4.22897,-0.104822,0,-0.0107091,0.732617,0.0183839,-0.0262547,-0.0154238,-0.999536,-0.00893795,0,0,0,DISABLED,0
16.0803,4.22897,-0.104814,0,-0.010709,0.732617,0.0183644,-0.0262546,-0.0154035,-0.999537,-0.00903578,0,0,0,DISABLED,0
16.1003,4.22897,-0.104806,0,-0.0107089,0.732617,0.0183482,-0.0262545,-0.0153832,-0.999537,-0.00913278,0,0,0,DISABLED,0
16.1203,4.22897,-0.104798,0,-0.0107087,0.732618,0.018332,-0.0262543,-0.0153651,-0.999537,-0.00921979,0,0,0,DISABLED,0
16.1403,4.22897,-0.10479,0,-0.0107084,0.732618,0.0183189,-0.026254,-0.0153429,-0.999538,-0.00932584,0,0,0,DISABLED,0
16.1603,4.22897,-0.104782,0,-0.010708,0.732618,0.0182994,-0.0262536,-0.0153229,-0.999538,-0.00942194,0,0,0,DISABLED,0
16.1803,4.22897,-0.104774,0,-0.0107075,0.732618,0.0182831,-0.0262532,-0.0153029,-0.999538,-0.00951774,0,0,0,DISABLED,0
16.2003,4.22897,-0.104767,0,-0.0107071,0.732619,0.0182668,-0.0262527,-0.015285,-0.999538,-0.00960368,0,0,0,DISABLED,0
16.2203,4.22898,-0.104758,0,-0.0107064,0.732619,0.0182505,-0.026252,-0.0152631,-0.999539,-0.00970836,0,0,0,DISABLED,0
16.2403,4.22898,-0.10475,0,-0.0107057,0.732619,0.0182341,-0.0262513,-0.0152433,-0.999539,-0.00980321,0,0,0,DISABLED,0
16.2603,4.22898,-0.104742,0,-0.010705,0.73262,0.0182211,-0.0262506,-0.0152255,-0.999539,-0.00988831,0,0,0,DISABLED,0
16.2803,4.22898,-0.104735,0,-0.0107042,0.73262,0.0182047,-0.0262498,-0.0152058,-0.99954,-0.00998265,0,0,0,DISABLED,0
16.3003,4.22898,-0.104726,0,-0.0107032,0.73262,0.018185,-0.0262489,-0.0151841,-0.99954,-0.0100861,0,0,0,DISABLED,0
16.3203,4.22898,-0.104718,0,-0.0107023,0.73262,0.0181686,-0.0262479,-0.0151645,-0.99954,-0.0101798,0,0,0,DISABLED,0
16.3403,4.22898,-0.10471,0,-0.0107013,0.732621,0.0181522,-0.0262469,-0.0151449,-0.999541,-0.0102732,0,0,0,DISABLED,0
16.3603,4.22898,-0.104702,0,-0.0107002,0.732621,0.0181358,-0.0262458,-0.0151254,-0.999541,-0.0103663,0,0,0,DISABLED,0
16.3803,4.22898,-0.104694,0,-0.010699,0.732621,0.0181194,-0.0262447,-0.015106,-0.999541,-0.0104591,0,0,0,DISABLED,0
16.4003,4.22898,-0.104686,0,-0.0106978,0.732622,0.0181029,-0.0262435,-0.0150866,-0.999542,-0.0105517,0,0,0,DISABLED,0
16.4203,4.22898,-0.104678,0,-0.0106967,0.732622,0.0180897,-0.0262423,-0.0150692,-0.999542,-0.0106347,0,0,0,DISABLED,0
16.4403,4.22898,-0.104669,0,-0.0106954,0.732623,0.01807,-0.026241,-0.0150499,-0.999542,-0.0107268,0,0,0,DISABLED,0
16.4603,4.22898,-0.104661,0,-0.0106939,0.732623,0.0180534,-0.0262395,-0.0150287,-0.999543,-0.0108278,0,0,0,DISABLED,0
16.4803,4.22898,-0.104654,0,-0.0106925,0.732623,0.0180402,-0.0262381,-0.0150096,-0.999543,-0.0109193,0,0,0,DISABLED,0
16.5003,4.22898,-0.104645,0,-0.010691,0.732624,0.0180204,-0.0262366,-0.0149904,-0.999543,-0.0110105,0,0,0,DISABLED,0
16.5203,4.22898,-0.104637,0,-0.0106895,0.732624,0.0180072,-0.0262351,-0.0149713,-0.999544,-0.0111015,0,0,0,DISABLED,0
16.5403,4.22898,-0.10463,0,-0.010688,0.732624,0.0179906,-0.0262337,-0.0149542,-0.999544,-0.0111832,0,0,0,DISABLED,0
16.5603,4.22898,-0.104621,0,-0.0106862,0.732625,0.017974,-0.0262319,-0.0149333,-0.999544,-0.0112828,0,0,0,DISABLED,0
16.5803,4.22898,-0.104614,0,-0.0106847,0.732625,0.0179574,-0.0262303,-0.0149162,-0.999545,-0.0113641,0,0,0,DISABLED,0
16.6003,4.22898,-0.104605,0,-0.0106828,0.732625,0.0179408,-0.0262284,-0.0148954,-0.999545,-0.0114632,0,0,0,DISABLED,0
16.6203,4.22898,-0.104597,0,-0.010681,0.732626,0.0179242,-0.0262266,-0.0148766,-0.999545,-0.0115531,0,0,0,DISABLED,0
16.6403,4.22898,-0.104589,0,-0.0106791,0.732626,0.0179076,-0.0262247,-0.0148578,-0.999546,-0.0116427,0,0,0,DISABLED,0
16.6603,4.22898,-0.104581,0,-0.0106772,0.732627,0.0178909,-0.0262228,-0.014839,-0.999546,-0.0117321,0,0,0,DISABLED,0
16.6803,4.22898,-0.104574,0,-0.0106754,0.732627,0.0178776,-0.026221,-0.0148221,-0.999546,-0.0118124,0,0,0,DISABLED,0
16.7003,4.22898,-0.104565,0,-0.0106732,0.732628,0.0178576,-0.0262188,-0.0148016,-0.999547,-0.0119103,0,0,0,DISABLED,0
16.7203,4.22898,-0.104557,0,-0.0106711,0.732628,0.0178442,-0.0262167,-0.0147829,-0.999547,-0.0119991,0,0,0,DISABLED,0
16.7403,4.22898,-0.104549,0,-0.0106689,0.732628,0.0178275,-0.0262146,-0.0147643,-0.999547,-0.0120877,0,0,0,DISABLED,0
16.7603,4.22898,-0.104541,0,-0.0106668,0.732629,0.0178074,-0.0262124,-0.0147458,-0.999548,-0.012176,0,0,0,DISABLED,0
16.7803,4.22898,-0.104533,0,-0.0106645,0.732629,0.0177941,-0.0262102,-0.0147273,-0.999548,-0.0122642,0,0,0,DISABLED,0
16.8003,4.22898,-0.104525,0,-0.0106623,0.73263,0.0177773,-0.0262079,-0.0147088,-0.999548,-0.0123521,0,0,0,DISABLED,0
16.8203,4.22899,-0.104517,0,-0.01066,0.73263,0.0177639,-0.0262056,-0.0146904,-0.999549,-0.0124399,0,0,0,DISABLED,0
16.8403,4.22899,-0.104509,0,-0.0106579,0.732631,0.0177471,-0.0262035,-0.0146738,-0.999549,-0.0125186,0,0,0,DISABLED,0
16.8603,4.22899,-0.1045,0,-0.0106552,0.732631,0.0177303,-0.0262009,-0.0146536,-0.999549,-0.0126147,0,0,0,DISABLED,0
16.8803,4.22899,-0.104492,0,-0.0106528,0.732632,0.0177135,-0.0261984,-0.0146353,-0.99955,-0.0127018,0,0,0,DISABLED,0
16.9003,4.22899,-0.104484,0,-0.0106504,0.732632,0.0177,-0.026196,-0.0146171,-0.99955,-0.0127887,0,0,0,DISABLED,0
16.9203,4.22899,-0.104476,0,-0.0106479,0.732633,0.0176832,-0.0261935,-0.0145988,-0.99955,-0.0128754,0,0,0,DISABLED,0
16.9403,4.22899,-0.104469,0,-0.0106456,0.732633,0.0176663,-0.0261912,-0.0145825,-0.999551,-0.0129533,0,0,0,DISABLED,0
16.9603,4.22899,-0.104461,0,-0.010643,0.732634,0.0176494,-0.0261887,-0.0145643,-0.999551,-0.0130397,0,0,0,DISABLED,0
16.9803,4.22899,-0.104454,0,-0.0106402,0.732634,0.0176325,-0.0261858,-0.0145444,-0.999551,-0.0131344,0,0,0,DISABLED,0
17.0003,4.22899,-0.104444,0,-0.0106376,0.732635,0.017619,-0.0261832,-0.0145263,-0.999552,-0.0132204,0,0,0,DISABLED,0
17.0203,4.22899,-0.104436,0,-0.0106349,0.732635,0.0176021,-0.0261805,-0.0145083,-0.999552,-0.0133062,0,0,0,DISABLED,0
17.0403,4.22899,-0.104428,0,-0.0106322,0.732636,0.0175851,-0.0261779,-0.0144903,-0.999552,-0.0133918,0,0,0,DISABLED,0
17.0603,4.22899,-0.10442,0,-0.0106295,0.732636,0.0175682,-0.0261752,-0.0144724,-0.999553,-0.0134772,0,0,0,DISABLED,0
17.0803,4.22899,-0.104414,0,-0.0106276,0.732636,0.017558,-0.0261733,-0.0144598,-0.999553,-0.0135368,0,0,0,DISABLED,0
17.1003,4.22899,-0.104405,0,-0.0106246,0.732637,0.017541,-0.0261702,-0.0144401,-0.999553,-0.0136304,0,0,0,DISABLED,0
17.1203,4.22899,-0.104396,0,-0.0106213,0.732638,0.0175206,-0.0261669,-0.0144187,-0.999554,-0.0137322,0,0,0,DISABLED,0
17.1403,4.22899,-0.104388,0,-0.0106185,0.732638,0.017507,-0.0261641,-0.014401,-0.999554,-0.0138169,0,0,0,DISABLED,0
17.1603,4.22899,-0.10438,0,-0.0106157,0.732639,0.01749,-0.0261613,-0.0143832,-0.999554,-0.0139013,0,0,0,DISABLED,0
17.1803,4.22899,-0.104372,0,-0.0106128,0.732639,0.0174763,-0.0261584,-0.0143655,-0.999555,-0.0139855,0,0,0,DISABLED,0
17.2003,4.22899,-0.104364,0,-0.01061,0.73264,0.0174558,-0.0261556,-0.0143478,-0.999555,-0.0140696,0,0,0,DISABLED,0
17.2203,4.22899,-0.104358,0,-0.0106071,0.73264,0.0174422,-0.0261527,-0.0143301,-0.999555,-0.0141535,0,0,0,DISABLED,0
17.2403,4.22899,-0.104348,0,-0.0106042,0.732641,0.0174251,-0.0261498,-0.0143125,-0.999556,-0.0142373,0,0,0,DISABLED,0
17.2603,4.22899,-0.10434,0,-0.0106013,0.732641,0.0174114,-0.0261469,-0.0142949,-0.999556,-0.0143208,0,0,0,DISABLED,0
17.2803,4.22899,-0.104332,0,-0.0105983,0.732642,0.0173943,-0.0261439,-0.0142774,-0.999556,-0.0144041,0,0,0,DISABLED,0
17.3003,4.22899,-0.104324,0,-0.0105954,0.732642,0.0173806,-0.026141,-0.0142599,-0.999557,-0.0144872,0,0,0,DISABLED,0
17.3203,4.22899,-0.104316,0,-0.0105924,0.732643,0.0173634,-0.026138,-0.0142425,-0.999557,-0.0145702,0,0,0,DISABLED,0
17.3403,4.22899,-0.104308,0,-0.0105894,0.732643,0.0173497,-0.026135,-0.0142251,-0.999557,-0.014653,0,0,0,DISABLED,0
17.3603,4.229,-0.1043,0,-0.0105864,0.732644,0.0173325,-0.026132,-0.0142077,-0.999558,-0.0147356,0,0,0,DISABLED,0
17.3803,4.229,-0.104292,0,-0.0105834,0.732644,0.0173187,-0.026129,-0.0141904,-0.999558,-0.014818,0,0,0,DISABLED,0
17.4003,4.229,-0.104284,0,-0.0105804,0.732645,0.0173049,-0.026126,-0.0141731,-0.999558,-0.0149002,0,0,0,DISABLED,0
17.4203,4.229,-0.104276,0,-0.0105774,0.732645,0.0172877,-0.026123,-0.0141558,-0.999559,-0.0149823,0,0,0,DISABLED,0
17.4403,4.229,-0.104268,0,-0.0105743,0.732646,0.0172705,-0.0261199,-0.0141386,-0.999559,-0.0150642,0,0,0,DISABLED,0
17.4603,4.229,-0.10426,0,-0.0105715,0.732646,0.0172567,-0.0261172,-0.0141231,-0.999559,-0.0151377,0,0,0,DISABLED,0
17.4803,4.229,-0.104252,0,-0.0105682,0.732647,0.0172394,-0.0261138,-0.0141043,-0.999559,-0.0152274,0,0,0,DISABLED,0
17.5003,4.229,-0.104245,0,-0.0105654,0.732647,0.0172255,-0.026111,-0.0140889,-0.99956,-0.0153006,0,0,0,DISABLED,0
17.5203,4.229,-0.104237,0,-0.0105622,0.732648,0.0172117,-0.0261079,-0.0140718,-0.99956,-0.0153818,0,0,0,DISABLED,0
17.5403,4.229,-0.104228,0,-0.0105594,0.732648,0.0171978,-0.026105,-0.0140564,-0.99956,-0.0154547,0,0,0,DISABLED,0
17.5603,4.229,-0.10422,0,-0.0105556,0.732649,0.017177,-0.0261012,-0.014036,-0.999561,-0.0155517,0,0,0,DISABLED,0
17.5803,4.229,-0.104212,0,-0.0105524,0.732649,0.0171631,-0.026098,-0.014019,-0.999561,-0.0156324,0,0,0,DISABLED,0
17.6003,4.229,-0.104205,0,-0.0105492,0.73265,0.0171458,-0.0260948,-0.0140021,-0.999561,-0.0157129,0,0,0,DISABLED,0
17.6203,4.229,-0.104197,0,-0.0105462,0.73265,0.0171353,-0.0260918,-0.0139869,-0.999562,-0.0157852,0,0,0,DISABLED,0
17.6403,4.229,-0.104189,0,-0.0105426,0.732651,0.0171179,-0.0260882,-0.0139683,-0.999562,-0.0158733,0,0,0,DISABLED,0
17.6603,4.229,-0.10418,0,-0.0105389,0.732651,0.0171005,-0.0260845,-0.0139498,-0.999562,-0.0159613,0,0,0,DISABLED,0
17.6803,4.229,-0.104173,0,-0.0105359,0.732652,0.0170866,-0.0260815,-0.0139347,-0.999563,-0.0160331,0,0,0,DISABLED,0
17.7003,4.229,-0.104165,0,-0.0105325,0.732652,0.0170691,-0.0260781,-0.013918,-0.999563,-0.0161128,0,0,0,DISABLED,0
17.7203,4.229,-0.104157,0,-0.010529,0.732653,0.0170551,-0.0260747,-0.0139013,-0.999563,-0.0161922,0,0,0,DISABLED,0
17.7403,4.229,-0.10415,0,-0.0105256,0.732653,0.0170412,-0.0260712,-0.0138846,-0.999564,-0.0162715,0,0,0,DISABLED,0
17.7603,4.22901,-0.104142,0,-0.0105221,0.732654,0.0170237,-0.0260677,-0.013868,-0.999564,-0.0163507,0,0,0,DISABLED,0
17.7803,4.22901,-0.104138,0,-0.0105185,0.732654,0.0170096,-0.0260642,-0.0138514,-0.999564,-0.0164296,0,0,0,DISABLED,0
17.8003,4.22901,-0.104127,0,-0.010515,0.732655,0.0169921,-0.0260606,-0.0138349,-0.999565,-0.0165084,0,0,0,DISABLED,0
17.8203,4.22901,-0.104118,0,-0.0105114,0.732655,0.0169781,-0.026057,-0.0138184,-0.999565,-0.0165871,0,0,0,DISABLED,0
17.8403,4.22901,-0.104111,0,-0.0105078,0.732656,0.0169675,-0.0260534,-0.0138019,-0.999565,-0.0166656,0,0,0,DISABLED,0
17.8603,4.22901,-0.104103,0,-0.0105041,0.732656,0.01695,-0.0260497,-0.0137854,-0.999566,-0.0167439,0,0,0,DISABLED,0
17.8803,4.22901,-0.104095,0,-0.0105004,0.732657,0.0169359,-0.026046,-0.013769,-0.999566,-0.0168221,0,0,0,DISABLED,0
17.9003,4.22901,-0.104088,0,-0.0104971,0.732657,0.0169218,-0.0260427,-0.0137543,-0.999566,-0.0168922,0,0,0,DISABLED,0
17.9203,4.22901,-0.10408,0,-0.010493,0.732658,0.0169042,-0.0260386,-0.0137363,-0.999567,-0.0169779,0,0,0,DISABLED,0
17.9403,4.22901,-0.104072,0,-0.0104892,0.732658,0.0168901,-0.0260348,-0.01372,-0.999567,-0.0170555,0,0,0,DISABLED,0
17.9603,4.22901,-0.104065,0,-0.0104854,0.732659,0.0168724,-0.026031,-0.0137038,-0.999567,-0.017133,0,0,0,DISABLED,0
17.9803,4.22901,-0.104057,0,-0.0104816,0.732659,0.0168583,-0.0260272,-0.0136875,-0.999568,-0.0172104,0,0,0,DISABLED,0
18.0003,4.22902,-0.104049,0,-0.0104778,0.73266,0.0168406,-0.0260234,-0.0136713,-0.999568,-0.0172876,0,0,0,DISABLED,0
