t,drift_x,drift_y,lean,dpitch,base_z,tilt_rad,gx,gy,gz,yaw_delta,cmd_vx,cmd_vy,cmd_yaw,meta_selected,meta_safety_hold,prob_slope_up,prob_slope_down,prob_flat,prob_NEUTRAL,weight_slope_up,weight_slope_down,weight_flat
0.0199988,0,0,0,0,0.733599,0,-0.0284477,-0.00249586,-0.999592,0,0.4,0,0,flat,0,8.62074e-15,1.75706e-14,1,1.36506e-09,0,0,1
0.0399988,-2.52016e-06,-2.01848e-06,0,1.91331e-05,0.733602,0,-0.0284286,-0.00249761,-0.999593,-2.36481e-05,0.4,0,0,flat,0,1.10261e-14,2.05477e-14,1,1.03088e-09,0,0,1
0.0599988,-1.57021e-06,-2.79219e-06,0,3.61018e-05,0.733602,0,-0.0284116,-0.00250001,-0.999593,-4.54765e-05,0.4,0,0,flat,0,1.3433e-14,2.16009e-14,1,6.97669e-10,0,0,1
0.0799987,6.73346e-06,-3.07658e-06,0,5.39888e-05,0.733602,0,-0.0283937,-0.0025027,-0.999594,-6.46003e-05,0.4,0,0,flat,0,1.57813e-14,2.12872e-14,1,4.40533e-10,0,0,1
0.0999987,2.83029e-05,-3.15346e-06,0,8.02185e-05,0.7336,0,-0.0283675,-0.00250668,-0.999594,-8.4823e-05,0.4,0,0,flat,0,1.80962e-14,2.05143e-14,1,2.65555e-10,0,0,1
0.119999,6.93165e-05,-3.08662e-06,0,0.000120634,0.733595,0,-0.0283271,-0.00251188,-0.999596,-0.000103213,0.4,0,0,flat,0,2.03135e-14,1.97852e-14,1,1.54193e-10,0,0,1
0.139999,0.000136377,-2.88125e-06,0,0.000188665,0.733589,0,-0.028259,-0.00251869,-0.999597,-0.000120295,0.4,0,0,flat,0,2.23181e-14,1.94235e-14,1,8.68314e-11,0,0,1
0.159999,0.00022451,-2.5694e-06,0,0.000283483,0.733582,0,-0.0281642,-0.00252624,-0.9996,-0.000134798,0.4,0,0,flat,0,2.40553e-14,1.99382e-14,1,4.85818e-11,0,0,1
0.179999,0.000390911,-1.43921e-06,0,0.000453882,0.73357,0.000345267,-0.0279938,-0.00253739,-0.999605,-0.000151867,0.4,0,0,flat,0,2.55425e-14,2.19064e-14,1,2.75644e-11,0,0,1
0.199999,0.000578269,6.88291e-07,0,0.000671187,0.733557,0.00059802,-0.0277765,-0.00254921,-0.999611,-0.000167191,0.4,0,0,flat,0,2.68014e-14,2.60459e-14,1,1.60782e-11,0,0,1
0.219999,0.000815112,4.15024e-06,0,0.000987105,0.733543,0.000913491,-0.0274606,-0.00256403,-0.99962,-0.00018461,0.4,0,0,flat,0,2.79534e-14,3.32814e-14,1,9.70315e-12,0,0,1
0.239999,0.000884347,5.53541e-05,0,0.00229884,0.733514,0.00231612,-0.0261488,-0.00226933,-0.999655,0.000891836,0.4,0,0,flat,0,2.23993e-14,3.40562e-14,1,4.6679e-12,0,0,1
0.259999,0.000428354,0.000744705,0,0.00574293,0.733358,0.00634767,-0.0227048,0.000217211,-0.999742,0.00342124,0.4,0,0,flat,0,3.50928e-13,1.3676e-12,1,6.16251e-12,0,0,1
0.279999,0.000227081,0.00216145,0,0.00786574,0.73326,0.00926452,-0.020582,0.00238478,-0.999785,0.00414076,0.4,0,0,flat,0,4.87141e-13,3.29199e-12,1,1.92663e-11,0,0,1
0.299999,0.000214914,0.00335852,0,0.00847745,0.733305,0.00998298,-0.0199702,0.00277297,-0.999797,0.00448509,0.4,0,0,flat,0,1.34111e-13,3.45922e-12,1,2.10607e-11,0,0,1
0.319999,6.75097e-05,0.004796,0,0.00947265,0.733424,0.0109129,-0.018975,0.00291372,-0.999816,0.00628473,0.4,0,0,flat,0,1.24852e-13,2.42658e-11,1,2.33519e-11,0,0,1
0.339998,-0.000167415,0.00622376,0,0.0107157,0.733462,0.0124871,-0.0177319,0.00390649,-0.999835,0.00808498,0.4,0,0,flat,0,2.88833e-13,3.63778e-10,1,5.18872e-11,0,0,1
0.359998,-0.000489693,0.00774627,0,0.01249,0.733301,0.0154062,-0.0159577,0.00652399,-0.999851,0.00968411,0.4,0,0,flat,0,8.46711e-13,5.56297e-09,1,1.44873e-10,0,0,1
0.379998,-0.000957761,0.00990424,0,0.0149626,0.73285,0.0198704,-0.0134851,0.0105779,-0.999853,0.0126486,0.4,0,0,flat,0,1.80958e-12,4.72424e-08,1,2.67216e-10,0,0,1
0.399998,-0.00106126,0.0114164,0,0.0157543,0.733014,0.0178676,-0.0126934,0.00593813,-0.999902,0.0150599,0.4,0,0,flat,0,3.1005e-12,4.12462e-07,1,2.54185e-10,0,0,1
0.419998,-0.000711249,0.0133922,0,0.0144445,0.733542,0.0148466,-0.0140032,0.000939929,-0.999902,0.0149725,0.4,0,0,flat,0,3.53363e-12,4.56744e-07,1,2.14117e-10,0,0,1
0.439998,-0.000304902,0.0155344,0,0.0132579,0.734046,0.0138539,-0.0151898,0.00152304,-0.999883,0.0158354,0.4,0,0,flat,0,4.96689e-12,1.81399e-07,1,1.87594e-10,0,0,1
0.459998,0.000171335,0.0179663,0,0.012135,0.734557,0.0151605,-0.0163127,0.00658982,-0.999845,0.0161017,0.4,0,0,flat,0,3.88415e-11,2.02932e-07,1,3.51457e-10,0,0,1
0.479998,0.000839815,0.0202948,0,0.0102018,0.735007,0.0176258,-0.0182458,0.0118811,-0.999763,0.0169005,0.4,0,0,flat,0,9.74498e-11,1.87622e-07,1,5.5325e-10,0,0,1
0.499998,0.00181269,0.0222794,0,0.00716365,0.735344,0.0197229,-0.021284,0.0158765,-0.999647,0.0182585,0.4,0,0,flat,0,1.01661e-10,2.02618e-07,1,7.63932e-10,0,0,1
0.519998,0.00303863,0.0238439,0,0.00368953,0.735608,0.0220138,-0.0247582,0.0192042,-0.999509,0.0196488,0.4,0,0,flat,0,1.40834e-10,4.07985e-07,1,1.27399e-09,0,0,1
0.539998,0.004229,0.024879,0,0.00109546,0.735802,0.0240531,-0.0273522,0.0215307,-0.999394,0.0194371,0.4,0,0,flat,0,2.65365e-10,9.94099e-07,0.999999,2.07513e-09,0,0,1
0.559998,0.00588166,0.0255416,0,-0.00100373,0.736013,0.026006,-0.0294514,0.0234908,-0.99929,0.0185552,0.4,0,0,flat,0,5.34216e-10,2.31552e-06,0.999998,3.28464e-09,0,0,1
0.579998,0.00749042,0.0255082,0,-0.00227696,0.736106,0.026894,-0.0307247,0.0242986,-0.999232,0.0186343,0.4,0,0,flat,0,8.08393e-10,4.05236e-06,0.999996,3.61646e-09,0,0,1
0.599998,0.00956847,0.0249062,0,-0.00253201,0.736101,0.026386,-0.0309797,0.0237675,-0.999237,0.018864,0.4,0,0,flat,0,8.43173e-10,3.97362e-06,0.999996,2.65234e-09,0,0,1
0.619998,0.0122144,0.0236233,0,-0.00155821,0.735936,0.0246625,-0.0300059,0.0221168,-0.999305,0.0187883,0.4,0,0,flat,0,5.79658e-10,1.89434e-06,0.999998,1.5539e-09,0,0,1
0.639998,0.0147367,0.0220948,0,0.000508349,0.735679,0.0221783,-0.0279393,0.0196775,-0.999416,0.0179955,0.4,0,0,flat,0,3.43799e-10,7.36492e-07,0.999999,1.06957e-09,0,0,1
0.659998,0.0183785,0.0195565,0,0.00375413,0.735187,0.0188703,-0.0246936,0.0160009,-0.999567,0.0158027,0.4,0,0,flat,0,1.97374e-10,3.65395e-07,1,1.05224e-09,0,0,1
0.679998,0.0223419,0.0165172,0,0.00689137,0.734463,0.0154448,-0.0215563,0.0113288,-0.999703,0.0141209,0.4,0,0,flat,0,1.11946e-10,3.20771e-07,1,1.37413e-09,0,0,1
0.699998,0.0263249,0.0131812,0,0.00993581,0.733389,0.0122898,-0.0185119,0.00473602,-0.999817,0.0130314,0.4,0,0,flat,0,1.30658e-10,8.98644e-07,0.999999,3.91732e-09,0,0,1
0.719998,0.0312188,0.00978078,0,0.0119176,0.732498,0.0133722,-0.0165301,0.00355837,-0.999857,0.0149397,0.4,0,0,flat,0,6.37144e-10,6.16024e-06,0.999994,3.38656e-08,0,0,1
0.739998,0.0364866,0.00667785,0,0.0124638,0.731908,0.0168406,-0.0159839,0.00882991,-0.999833,0.0203732,0.4,0,0,flat,0,2.77751e-09,3.87777e-05,0.999961,1.24213e-07,0,0,1
0.759998,0.0417688,0.00316976,0,0.0142337,0.731553,0.0185228,-0.0142139,0.00935169,-0.999855,0.0231699,0.4,0,0,flat,0,6.36049e-09,7.47632e-05,0.999925,1.46394e-07,0,0,1
0.779998,0.0464338,0.000699123,0,0.0132075,0.731628,0.0147014,-0.0152402,0.00395875,-0.999876,0.0197607,0.4,0,0,flat,0,2.22144e-09,7.85551e-06,0.999992,2.09982e-08,0,0,1
0.799998,0.0525103,-0.00181807,0,0.00997953,0.731986,0.010254,-0.0184682,-0.00482401,-0.999818,0.0163445,0.4,0,0,flat,0,1.39453e-09,1.18252e-06,0.999999,7.92694e-09,0,0,1
0.819998,0.0578022,-0.00370645,0,0.0090421,0.732308,0.0117035,-0.0194056,-0.00992644,-0.999762,0.0162378,0.4,0,0,flat,0,1.42668e-09,5.88711e-07,0.999999,5.11908e-09,0,0,1
0.839998,0.0627991,-0.00518171,0,0.0115917,0.732548,0.0169007,-0.016856,-0.0148002,-0.999748,0.0167099,0.4,0,0,flat,0,1.75883e-09,3.44341e-07,1,3.92963e-09,0,0,1
0.859998,0.0673204,-0.00617888,0,0.0150671,0.73272,0.0211492,-0.0133806,-0.0173388,-0.99976,0.016779,0.4,0,0,flat,0,2.37539e-09,2.69336e-07,1,4.35995e-09,0,0,1
0.879998,0.0764825,-0.00721976,0,0.020559,0.733006,0.028735,-0.00788871,-0.022571,-0.999714,0.0152269,0.4,0,0,flat,0,2.67057e-09,2.45493e-07,1,6.17452e-09,0,0,1
0.899998,0.0823025,-0.0071344,0,0.022086,0.732997,0.0314794,-0.00636165,-0.0249247,-0.999669,0.0128479,0.4,0,0,flat,0,2.72676e-09,2.53754e-07,1,1.07902e-08,0,0,1
0.919998,0.0852664,-0.00690029,0,0.0234979,0.732952,0.0340905,-0.00494979,-0.027194,-0.999618,0.0102148,0.4,0,0,flat,0,4.09189e-09,4.43566e-07,1,2.39645e-08,0,0,1
0.939998,0.0910856,-0.00611788,0,0.0247052,0.732872,0.0354199,-0.0037425,-0.0278769,-0.999604,0.0098888,0.4,0,0,flat,0,7.07322e-09,8.67226e-07,0.999999,5.47353e-08,0,0,1
0.959998,0.0956395,-0.00514279,0,0.0273119,0.73281,0.0373613,-0.00113576,-0.0279867,-0.999608,0.00992555,0.4,0,0,flat,0,1.60652e-08,2.09796e-06,0.999998,1.53312e-07,0,0,1
0.979998,0.100687,-0.00362309,0,0.0308036,0.732781,0.0386091,0.00235592,-0.0257689,-0.999665,0.00996157,0.4,0,0,flat,0,4.59971e-08,8.61993e-06,0.999991,5.23476e-07,0,0,1
0.999998,0.107179,-0.000987552,0,0.0357099,0.732615,0.0392173,0.00726221,-0.0187001,-0.999799,0.00947895,0.4,0,0,flat,0,1.27811e-07,3.4684e-05,0.999964,1.54317e-06,0,0,1
1.02,0.111026,0.000805873,0,0.0398175,0.732305,0.0399777,0.0113698,-0.00604809,-0.999917,0.00840965,0.4,0,0,flat,0,2.08552e-07,4.36836e-05,0.999954,2.35442e-06,0,0,1
1.04,0.118977,0.00348587,0,0.0381913,0.732039,0.038232,0.00974356,-0.00417002,-0.999944,0.00702672,0.4,0,0,flat,0,5.0775e-08,6.43749e-06,0.999993,6.14981e-07,0,0,1
1.06,0.125508,0.00508663,0,0.0338674,0.73262,0.0339082,0.00541973,-0.00407736,-0.999977,0.0130795,0.4,0,0,flat,0,1.85165e-08,1.78977e-07,1,2.43988e-07,0,0,1
1.08,0.130846,0.0069314,0,0.0330383,0.733243,0.0332531,0.0045906,0.00123965,-0.999989,0.0178483,0.4,0,0,flat,0,2.47998e-08,4.51545e-08,1,1.54518e-07,0,0,1
1.1,0.13763,0.00949731,0,0.0319326,0.734048,0.0344697,0.00348494,0.0104747,-0.999939,0.0208541,0.4,0,0,flat,0,1.10559e-07,6.08096e-08,1,2.92274e-07,0,0,1
1.12,0.144145,0.0116382,0,0.0297746,0.734687,0.0371468,0.0013269,0.0197106,-0.999805,0.0231487,0.4,0,0,flat,0,2.17802e-07,9.56082e-08,0.999999,5.6268e-07,0,0,1
1.14,0.150755,0.013487,0,0.0278599,0.735172,0.0395865,-0.000587813,0.0256238,-0.999671,0.0248226,0.4,0,0,flat,0,2.72381e-07,4.26286e-07,0.999998,9.68103e-07,0,0,1
1.16,0.157417,0.0151593,0,0.0260993,0.735499,0.0423389,-0.00234835,0.030838,-0.999522,0.026527,0.4,0,0,flat,0,2.77343e-07,1.28563e-06,0.999997,1.17716e-06,0,0,1
1.18,0.164118,0.0166332,0,0.0248002,0.735636,0.0456302,-0.00364746,0.0358015,-0.999352,0.0283126,0.4,0,0,flat,0,2.06594e-07,1.63377e-06,0.999997,8.86751e-07,0,0,1
1.2,0.170151,0.017658,0,0.0241479,0.73555,0.049672,-0.00429982,0.0409037,-0.999154,0.0304234,0.4,0,0,flat,0,1.22349e-07,1.19285e-06,0.999998,4.81927e-07,0,0,1
1.22,0.177511,0.0183308,0,0.0247859,0.735128,0.053604,-0.0036618,0.0450223,-0.998979,0.0339977,0.4,0,0,flat,0,6.33624e-08,6.09959e-07,0.999999,2.27611e-07,0,0,1
1.24,0.183414,0.0183169,0,0.0266472,0.73451,0.0551633,-0.00180053,0.0457929,-0.998949,0.0369832,0.4,0,0,flat,0,3.19856e-08,2.91579e-07,1,1.06015e-07,0,0,1
1.26,0.190604,0.0175817,0,0.0294674,0.733625,0.0543882,0.00101966,0.0432062,-0.999066,0.0400031,0.4,0,0,flat,0,1.76632e-08,1.95198e-07,1,7.32613e-08,0,0,1
1.28,0.197288,0.0163046,0,0.0312578,0.732808,0.0516286,0.00281009,0.0385867,-0.999251,0.0414746,0.4,0,0,flat,0,1.40792e-08,2.49694e-07,1,8.54241e-08,0,0,1
1.3,0.204011,0.0144495,0,0.0324817,0.731916,0.0467481,0.00403399,0.0311199,-0.999508,0.0420147,0.4,0,0,flat,0,1.98793e-08,7.62081e-07,0.999999,1.59028e-07,0,0,1
1.32,0.210223,0.0124693,0,0.0324786,0.731112,0.0417161,0.00403092,0.0236806,-0.999711,0.0462524,0.4,0,0,flat,0,3.24577e-08,2.98801e-06,0.999997,3.9288e-07,0,0,1
1.34,0.217493,0.0108153,0,0.0293465,0.730919,0.0378133,0.000898779,0.0213472,-0.999772,0.057742,0.4,0,0,flat,0,5.26549e-08,1.00164e-05,0.999989,7.10067e-07,0,0,1
1.36,0.224735,0.00955463,0,0.0279927,0.73162,0.036301,-0.000455009,0.0206131,-0.999787,0.0550703,0.4,0,0,flat,0,1.42945e-08,1.76711e-06,0.999998,2.72014e-07,0,0,1
1.38,0.230469,0.00868816,0,0.0268482,0.732173,0.0330192,-0.00159952,0.0167195,-0.999859,0.0457889,0.4,0,0,flat,0,5.57858e-09,3.79259e-07,1,6.77611e-08,0,0,1
1.4,0.237812,0.00785182,0,0.0233585,0.732501,0.0264943,-0.00508924,0.00999763,-0.999937,0.040989,0.4,0,0,flat,0,2.06014e-09,1.44955e-07,1,2.56401e-08,0,0,1
1.42,0.244425,0.00718116,0,0.0206093,0.732496,0.0215374,-0.0078384,0.00374791,-0.999962,0.0414535,0.4,0,0,flat,0,9.91177e-10,8.93366e-08,1,2.37393e-08,0,0,1
1.44,0.250187,0.00669978,0,0.0199791,0.732444,0.0200407,-0.00846862,-0.000948074,-0.999964,0.0409883,0.4,0,0,flat,0,9.89541e-10,6.88771e-08,1,2.04115e-08,0,0,1
1.46,0.2565,0.00621895,0,0.0208074,0.732505,0.0210673,-0.0076403,-0.00575488,-0.999954,0.0398343,0.4,0,0,flat,0,9.04053e-10,3.98435e-08,1,1.50971e-08,0,0,1
1.48,0.263483,0.00571945,0,0.0224575,0.732758,0.0240976,-0.00599021,-0.0112312,-0.999919,0.0387623,0.4,0,0,flat,0,7.21909e-10,2.73594e-08,1,1.4369e-08,0,0,1
1.5,0.269214,0.00545333,0,0.024336,0.733015,0.0281036,-0.0041117,-0.016553,-0.999855,0.0373686,0.4,0,0,flat,0,7.36952e-10,3.54035e-08,1,2.12414e-08,0,0,1
1.52,0.275587,0.00546095,0,0.0264127,0.733244,0.0322575,-0.00203498,-0.0210138,-0.999777,0.035735,0.4,0,0,flat,0,1.23035e-09,8.41802e-08,1,4.57314e-08,0,0,1
1.54,0.281896,0.00589688,0,0.0293602,0.733301,0.0367337,0.000912523,-0.0245682,-0.999698,0.0341769,0.4,0,0,flat,0,2.99206e-09,3.08602e-07,1,1.22358e-07,0,0,1
1.56,0.288677,0.00703474,0,0.0334824,0.733033,0.0406901,0.00503474,-0.0256127,-0.999659,0.0326612,0.4,0,0,flat,0,8.03366e-09,1.08216e-06,0.999999,3.69529e-07,0,0,1
1.58,0.294634,0.00864609,0,0.0375303,0.732385,0.0430317,0.00908258,-0.0235416,-0.999682,0.0311687,0.4,0,0,flat,0,2.19295e-08,4.67013e-06,0.999994,1.05686e-06,0,0,1
1.6,0.300632,0.0107764,0,0.0398564,0.731235,0.0425187,0.0114087,-0.0172951,-0.999785,0.0297125,0.4,0,0,flat,0,3.94769e-08,1.2869e-05,0.999985,1.95765e-06,0,0,1
1.62,0.307081,0.0126984,0,0.0379302,0.729913,0.0394583,0.00948253,-0.0133558,-0.999866,0.0258543,0.4,0,0,flat,0,5.07675e-08,9.65415e-06,0.999988,2.14674e-06,0,0,1
1.64,0.313507,0.0135976,0,0.0320056,0.729688,0.0351784,0.00355789,-0.0170928,-0.999848,0.0250132,0.4,0,0,flat,0,4.87207e-08,4.20668e-06,0.999993,2.31751e-06,0,0,1
1.66,0.319865,0.0148393,0,0.0292626,0.730158,0.0319698,0.000814933,-0.0153683,-0.999882,0.0305645,0.4,0,0,flat,0,3.18015e-08,2.41533e-07,0.999999,1.13433e-06,0,0,1
1.68,0.3259,0.0164333,0,0.0289179,0.730972,0.0294177,0.00047016,-0.00787114,-0.999969,0.0352524,0.4,0,0,flat,0,7.36177e-08,7.52628e-08,1,4.16533e-07,0,0,1
1.7,0.332563,0.0179381,0,0.0269569,0.731756,0.0269604,-0.0014908,-0.00247177,-0.999996,0.0384671,0.4,0,0,flat,0,1.02829e-07,1.09963e-08,1,2.49322e-07,0,0,1
1.72,0.340146,0.0191563,0,0.0243338,0.732378,0.0246504,-0.00411393,0.00143179,-0.999991,0.0411818,0.4,0,0,flat,0,1.22755e-07,2.34505e-08,1,3.10602e-07,0,0,1
1.74,0.346397,0.0198476,0,0.0226476,0.732771,0.0235294,-0.00580011,0.00387614,-0.999976,0.0426745,0.4,0,0,flat,0,1.63197e-07,1.26825e-07,0.999999,4.30639e-07,0,0,1
1.76,0.353459,0.0203427,0,0.0209907,0.733178,0.0230301,-0.00745701,0.00696677,-0.999948,0.0439727,0.4,0,0,flat,0,2.15384e-07,5.50801e-07,0.999999,5.96164e-07,0,0,1
1.78,0.360636,0.0205351,0,0.0197269,0.733466,0.0236734,-0.00872079,0.0105888,-0.999906,0.0462353,0.4,0,0,flat,0,1.97567e-07,1.14841e-06,0.999998,5.34134e-07,0,0,1
1.8,0.368679,0.0204026,0,0.0190422,0.733554,0.0252972,-0.00940549,0.0141549,-0.999856,0.0491592,0.4,0,0,flat,0,1.24142e-07,1.42651e-06,0.999998,3.31174e-07,0,0,1
1.82,0.375303,0.0200608,0,0.0197846,0.733432,0.0275358,-0.00866314,0.0166518,-0.999824,0.0514008,0.4,0,0,flat,0,5.67408e-08,1.04334e-06,0.999999,1.49582e-07,0,0,1
1.84,0.383269,0.0192462,0,0.0226061,0.732956,0.0299459,-0.00584154,0.017142,-0.999836,0.0530906,0.4,0,0,flat,0,2.28989e-08,5.56861e-07,0.999999,5.7673e-08,0,0,1
1.86,0.390552,0.0178436,0,0.0260298,0.732122,0.0308906,-0.00241793,0.0141324,-0.999897,0.0550373,0.4,0,0,flat,0,9.27443e-09,2.60815e-07,1,2.39258e-08,0,0,1
1.88,0.398122,0.0156773,0,0.0278885,0.730762,0.0296116,-0.000559174,0.00745149,-0.999972,0.0567961,0.4,0,0,flat,0,6.39444e-09,2.04664e-07,1,2.06334e-08,0,0,1
1.9,0.405381,0.0136252,0,0.0264728,0.729424,0.0276179,-0.00197493,0.0053596,-0.999984,0.0612888,0.4,0,0,flat,0,1.77098e-08,7.5006e-07,0.999999,7.23108e-08,0,0,1
1.92,0.41339,0.0119756,0,0.0238419,0.729082,0.0271103,-0.00460579,0.0104046,-0.999935,0.0633859,0.4,0,0,flat,0,1.34465e-08,4.29904e-07,0.999999,7.42479e-08,0,0,1
1.94,0.420652,0.0101763,0,0.0239099,0.729606,0.0269759,-0.00453784,0.00998741,-0.99994,0.0548552,0.4,0,0,flat,0,6.1668e-09,5.28712e-07,1,4.28857e-08,0,0,1
1.96,0.427627,0.00840275,0,0.0245099,0.730275,0.0261774,-0.00393776,0.00668724,-0.99997,0.04822,0.4,0,0,flat,0,2.31736e-09,2.46565e-07,1,1.65345e-08,0,0,1
1.98,0.434503,0.00711111,0,0.0242625,0.730742,0.0249556,-0.00418519,0.00332999,-0.999986,0.0475214,0.4,0,0,flat,0,8.82873e-10,1.26524e-07,1,8.52417e-09,0,0,1
2,0.441213,0.00640776,0,0.0235586,0.730897,0.023696,-0.00488913,1.98034e-05,-0.999988,0.0483095,0.4,0,0,flat,0,7.22587e-10,4.15431e-08,1,1.00173e-08,0,0,1
2.02,0.448433,0.00632572,0,0.0232175,0.730808,0.023226,-0.00523015,-0.00200477,-0.999984,0.0455695,0.4,0,0,flat,0,1.00886e-09,3.0032e-08,1,1.09599e-08,0,0,1
2.04,0.454838,0.00655773,0,0.0239442,0.730629,0.0239488,-0.00450353,-0.00250841,-0.999987,0.0423534,0.4,0,0,flat,0,1.25804e-09,2.93143e-08,1,1.28411e-08,0,0,1
2.06,0.460478,0.00683332,0,0.0254491,0.730503,0.0254546,-0.00299854,-0.00279685,-0.999992,0.0406287,0.4,0,0,flat,0,1.09814e-09,3.96181e-08,1,1.32917e-08,0,0,1
2.08,0.466652,0.00721488,0,0.0278478,0.730524,0.0278757,-0.000599875,-0.00364769,-0.999993,0.0395519,0.4,0,0,flat,0,1.08696e-09,1.04572e-07,1,1.71918e-08,0,0,1
2.1,0.473355,0.0078202,0,0.0309278,0.730728,0.0310906,0.00248009,-0.00564388,-0.999981,0.0388082,0.4,0,0,flat,0,1.32348e-09,3.83544e-07,1,3.0737e-08,0,0,1
2.12,0.478744,0.00862396,0,0.0336788,0.730946,0.0341255,0.00523114,-0.00797502,-0.999955,0.0375508,0.4,0,0,flat,0,2.26655e-09,1.63752e-06,0.999998,7.84911e-08,0,0,1
2.14,0.485059,0.0101581,0,0.0376995,0.731161,0.0383798,0.00925176,-0.00967187,-0.99991,0.0361652,0.4,0,0,flat,0,6.19627e-09,9.33385e-06,0.99999,2.86386e-07,0,0,1
2.16,0.490004,0.0119303,0,0.0410865,0.731214,0.0415356,0.0126388,-0.00855833,-0.999883,0.0356466,0.4,0,0,flat,0,1.89296e-08,4.78806e-05,0.999951,1.18999e-06,0,0,1
2.18,0.495437,0.014421,0,0.0438133,0.731054,0.0438742,0.0153656,-0.00473448,-0.999871,0.0350747,0.4,0,0,flat,0,3.71069e-08,0.000173177,0.999823,3.58193e-06,0,0,1
2.2,0.500997,0.0175221,0,0.0444265,0.730283,0.0446955,0.0159788,0.00235839,-0.99987,0.0332656,0.4,0,0,flat,0,4.67086e-08,0.000320019,0.999673,7.28127e-06,0,0,1
2.22,0.507665,0.020638,0,0.0409699,0.729439,0.0414379,0.0125222,0.0037008,-0.999915,0.0324916,0.4,0,0,flat,0,8.37523e-08,0.000545616,0.999443,1.10396e-05,0,0,1
2.24,0.513434,0.0226236,0,0.0366335,0.729778,0.0367418,0.00818585,0.000264459,-0.999966,0.0360345,0.4,0,0,flat,0,1.82105e-07,0.000216739,0.999759,2.43783e-05,0,0,1
2.26,0.520024,0.025296,0,0.0340013,0.730622,0.0344108,0.00555357,0.00277704,-0.999981,0.0417271,0.4,0,0,flat,0,2.41109e-07,3.00517e-05,0.999962,7.48874e-06,0,0,1
2.28,0.525658,0.0276417,0,0.0314521,0.731416,0.0332853,0.00300444,0.00838559,-0.99996,0.0465732,0.4,0,0,flat,0,3.37679e-07,5.94858e-06,0.99999,3.36875e-06,0,0,1
2.3,0.532645,0.0302172,0,0.0287349,0.732131,0.0322649,0.000287168,0.0121748,-0.999926,0.0502369,0.4,0,0,flat,0,2.63184e-07,2.1283e-06,0.999996,1.94621e-06,0,0,1
2.32,0.539103,0.0321819,0,0.0264401,0.73252,0.0304924,-0.00200761,0.0126916,-0.999917,0.0513215,0.4,0,0,flat,0,2.09945e-07,2.60555e-06,0.999996,1.38113e-06,0,0,1
2.34,0.54573,0.0337985,0,0.024041,0.732845,0.0286394,-0.00440672,0.0130666,-0.999905,0.0521459,0.4,0,0,flat,0,2.36263e-07,5.71278e-06,0.999992,1.57053e-06,0,0,1
2.36,0.552491,0.0350708,0,0.0219076,0.733139,0.0275249,-0.00654006,0.0141641,-0.999878,0.0533848,0.4,0,0,flat,0,2.47597e-07,9.13931e-06,0.999989,1.57385e-06,0,0,1
2.38,0.559297,0.0359576,0,0.0207586,0.73334,0.0278394,-0.00768908,0.0160522,-0.999842,0.0555778,0.4,0,0,flat,0,2.07202e-07,1.18169e-05,0.999987,1.31184e-06,0,0,1
2.4,0.565497,0.0364322,0,0.0206498,0.733387,0.0290978,-0.00779786,0.0180031,-0.999808,0.0582382,0.4,0,0,flat,0,1.24552e-07,1.25644e-05,0.999987,8.27332e-07,0,0,1
2.42,0.573107,0.036596,0,0.0219225,0.733166,0.0311443,-0.00652524,0.0196232,-0.999786,0.0613143,0.4,0,0,flat,0,6.14614e-08,8.73927e-06,0.999991,4.01153e-07,0,0,1
2.44,0.58002,0.0362881,0,0.024965,0.732587,0.0331957,-0.00348271,0.0193807,-0.999806,0.0635359,0.4,0,0,flat,0,2.81412e-08,4.74619e-06,0.999995,1.81677e-07,0,0,1
2.46,0.586291,0.0354464,0,0.0279819,0.731758,0.0336665,-0.000465807,0.0162207,-0.999868,0.0645661,0.4,0,0,flat,0,1.23523e-08,2.82394e-06,0.999997,9.13658e-08,0,0,1
2.48,0.593504,0.0337259,0,0.0300879,0.730451,0.0323517,0.00164025,0.00938005,-0.999955,0.0656412,0.4,0,0,flat,0,8.47556e-09,2.63601e-06,0.999997,8.92608e-08,0,0,1
2.5,0.601143,0.0315759,0,0.0291514,0.728938,0.0300969,0.000703754,0.00498162,-0.999987,0.0701471,0.4,0,0,flat,0,1.25715e-08,6.26372e-06,0.999994,1.70758e-07,0,0,1
2.52,0.609038,0.0300454,0,0.0252553,0.728561,0.0283486,-0.00319242,0.0103719,-0.999941,0.0747461,0.4,0,0,flat,0,1.71409e-08,6.33819e-06,0.999993,3.02602e-07,0,0,1
2.54,0.616004,0.0283034,0,0.0250239,0.729167,0.028399,-0.00342376,0.0109248,-0.999934,0.068163,0.4,0,0,flat,0,7.27691e-09,5.40521e-06,0.999995,1.7211e-07,0,0,1
2.56,0.622472,0.0265122,0,0.0263142,0.729948,0.0283023,-0.00213353,0.00791369,-0.999966,0.0623335,0.4,0,0,flat,0,3.45764e-09,2.83748e-06,0.999997,6.21357e-08,0,0,1
2.58,0.629858,0.0252366,0,0.0247992,0.730622,0.0255271,-0.0036485,0.0035415,-0.999987,0.0590374,0.4,0,0,flat,0,1.78902e-09,1.01286e-06,0.999999,3.50342e-08,0,0,1
2.6,0.63587,0.0247043,0,0.0224561,0.73089,0.0225567,-0.00599163,-0.000394143,-0.999982,0.056742,0.4,0,0,flat,0,9.54602e-10,3.33786e-07,1,2.54572e-08,0,0,1
2.62,0.642884,0.0245458,0,0.021363,0.730918,0.0213679,-0.00708471,-0.00247885,-0.999972,0.0543995,0.4,0,0,flat,0,1.02516e-09,2.39724e-07,1,2.60184e-08,0,0,1
2.64,0.649028,0.0246613,0,0.0217696,0.730841,0.0217824,-0.00667812,-0.00316064,-0.999973,0.052651,0.4,0,0,flat,0,1.00887e-09,1.61335e-07,1,2.18667e-08,0,0,1
2.66,0.655148,0.0249381,0,0.0230155,0.730833,0.0230792,-0.00543221,-0.00418114,-0.999977,0.0507232,0.4,0,0,flat,0,9.02205e-10,1.53875e-07,1,1.84625e-08,0,0,1
2.68,0.661274,0.0254013,0,0.0247337,0.730948,0.0249389,-0.00371395,-0.00566173,-0.999977,0.0492099,0.4,0,0,flat,0,8.90997e-10,2.74711e-07,1,2.28644e-08,0,0,1
2.7,0.667375,0.0260873,0,0.0268474,0.731176,0.027399,-0.0016003,-0.00795159,-0.999967,0.0481712,0.4,0,0,flat,0,1.13074e-09,7.68978e-07,0.999999,3.99381e-08,0,0,1
2.72,0.673437,0.0271273,0,0.0293095,0.731448,0.030465,0.000861817,-0.0107967,-0.999941,0.0474189,0.4,0,0,flat,0,1.95259e-09,2.47452e-06,0.999997,9.56767e-08,0,0,1
2.74,0.679206,0.0286795,0,0.0327282,0.731563,0.034211,0.00428049,-0.012452,-0.999913,0.0466181,0.4,0,0,flat,0,4.72321e-09,8.87926e-06,0.999991,3.12421e-07,0,0,1
2.76,0.684184,0.0305696,0,0.0371031,0.731447,0.0384093,0.00865538,-0.0124176,-0.999885,0.0448444,0.4,0,0,flat,0,1.6277e-08,4.35416e-05,0.999955,1.25033e-06,0,0,1
2.78,0.690233,0.0334864,0,0.0406984,0.730943,0.0411361,0.0122507,-0.00845874,-0.999889,0.0432153,0.4,0,0,flat,0,4.18616e-08,0.000164442,0.999831,4.4153e-06,0,0,1
2.8,0.695833,0.0367325,0,0.0416087,0.729754,0.0416889,0.013161,4.55014e-05,-0.999913,0.0423635,0.4,0,0,flat,0,6.50891e-08,0.000253088,0.999736,1.08487e-05,0,0,1
2.82,0.702027,0.0393636,0,0.0380789,0.728997,0.0381383,0.00963125,-0.000448164,-0.999954,0.041643,0.4,0,0,flat,0,7.92694e-08,0.000462304,0.999526,1.13693e-05,0,0,1
2.84,0.707755,0.0412602,0,0.0341728,0.729429,0.0341901,0.00572512,-0.00349541,-0.999978,0.0458423,0.4,0,0,flat,0,1.25261e-07,6.82455e-05,0.999908,2.31458e-05,0,0,1
2.86,0.714332,0.0438785,0,0.0322991,0.73043,0.0323903,0.00385136,-0.000134176,-0.999993,0.0527586,0.4,0,0,flat,0,1.61678e-07,1.04624e-05,0.999983,6.61161e-06,0,0,1
2.88,0.719946,0.0461946,0,0.0299599,0.731292,0.0310158,0.00151221,0.00551453,-0.999984,0.0564627,0.4,0,0,flat,0,2.33495e-07,2.12245e-06,0.999995,2.81088e-06,0,0,1
2.9,0.726398,0.0485329,0,0.0273567,0.732006,0.0297903,-0.00109104,0.00928985,-0.999956,0.0593487,0.4,0,0,flat,0,1.94443e-07,9.03679e-07,0.999997,1.64704e-06,0,0,1
2.92,0.732985,0.0504174,0,0.0250372,0.732467,0.0284661,-0.0034105,0.011042,-0.999933,0.0628985,0.4,0,0,flat,0,1.61082e-07,1.36892e-06,0.999997,1.33318e-06,0,0,1
2.94,0.740383,0.0520886,0,0.0226955,0.732835,0.0270289,-0.0057522,0.012182,-0.999909,0.0655878,0.4,0,0,flat,0,1.73158e-07,3.07332e-06,0.999995,1.40778e-06,0,0,1
2.96,0.747258,0.0532786,0,0.0207959,0.733078,0.0264492,-0.00765179,0.0138438,-0.999875,0.0680164,0.4,0,0,flat,0,1.80566e-07,6.02918e-06,0.999992,1.40535e-06,0,0,1
2.98,0.754261,0.054106,0,0.0194106,0.733214,0.026774,-0.00903706,0.015944,-0.999832,0.0707419,0.4,0,0,flat,0,1.62025e-07,9.73275e-06,0.999989,1.18422e-06,0,0,1
3,0.760689,0.0545613,0,0.0188636,0.733229,0.0276848,-0.00958412,0.0177638,-0.999796,0.0726944,0.4,0,0,flat,0,1.06475e-07,9.76637e-06,0.999989,7.4944e-07,0,0,1
3.02,0.767846,0.0547343,0,0.0198973,0.733073,0.0297101,-0.00855039,0.0195676,-0.999772,0.0751189,0.4,0,0,flat,0,5.31863e-08,6.99416e-06,0.999993,3.7651e-07,0,0,1
3.04,0.774929,0.0544438,0,0.0230819,0.732576,0.032022,-0.00536576,0.0196959,-0.999792,0.0776595,0.4,0,0,flat,0,2.33651e-08,4.21104e-06,0.999996,1.74688e-07,0,0,1
3.06,0.782909,0.0533899,0,0.0269945,0.731606,0.0330156,-0.00145321,0.0165076,-0.999863,0.0803319,0.4,0,0,flat,0,1.14283e-08,2.55518e-06,0.999997,9.76363e-08,0,0,1
3.08,0.789707,0.0517829,0,0.0289612,0.730413,0.0315474,0.000513478,0.0100055,-0.99995,0.0817511,0.4,0,0,flat,0,7.69038e-09,2.49824e-06,0.999997,8.9246e-08,0,0,1
3.1,0.797664,0.0497517,0,0.0281351,0.728955,0.0294076,-0.000312617,0.00605271,-0.999982,0.0870199,0.4,0,0,flat,0,1.36127e-08,6.48956e-06,0.999993,1.93729e-07,0,0,1
3.12,0.805912,0.0483488,0,0.0243165,0.728619,0.0279782,-0.00413121,0.0113367,-0.999927,0.0913957,0.4,0,0,flat,0,1.77085e-08,6.16247e-06,0.999993,3.2048e-07,0,0,1
3.14,0.81313,0.0466365,0,0.024754,0.729214,0.0284912,-0.00369367,0.011608,-0.999926,0.0852401,0.4,0,0,flat,0,7.96037e-09,4.98321e-06,0.999995,1.9489e-07,0,0,1
3.16,0.820506,0.0447185,0,0.0268734,0.730048,0.0290486,-0.00157427,0.00852461,-0.999962,0.0797146,0.4,0,0,flat,0,4.00871e-09,2.8907e-06,0.999997,7.78283e-08,0,0,1
3.18,0.827613,0.0436312,0,0.0253374,0.730645,0.0261249,-0.00311026,0.00385628,-0.999988,0.0754513,0.4,0,0,flat,0,1.94551e-09,8.04588e-07,0.999999,3.91205e-08,0,0,1
3.2,0.834562,0.0430707,0,0.0230421,0.730897,0.0231514,-0.00540554,-0.000277232,-0.999985,0.0730036,0.4,0,0,flat,0,9.88658e-10,2.81014e-07,1,3.05591e-08,0,0,1
3.22,0.84117,0.0429887,0,0.0219073,0.730833,0.0219106,-0.00654043,-0.00263399,-0.999975,0.0698875,0.4,0,0,flat,0,1.09231e-09,2.10013e-07,1,3.13297e-08,0,0,1
3.24,0.847515,0.0431549,0,0.02211,0.730604,0.0221191,-0.00633765,-0.00305506,-0.999975,0.0683102,0.4,0,0,flat,0,1.06406e-09,1.56416e-07,1,2.61435e-08,0,0,1
3.26,0.853081,0.0433871,0,0.0237999,0.730477,0.0238115,-0.0046478,-0.00311369,-0.999984,0.0681436,0.4,0,0,flat,0,1.12629e-09,1.94436e-07,1,2.48836e-08,0,0,1
3.28,0.859919,0.0438573,0,0.0261686,0.730567,0.0262365,-0.00227911,-0.00434242,-0.999988,0.0671635,0.4,0,0,flat,0,1.08162e-09,2.8729e-07,1,2.60931e-08,0,0,1
3.3,0.86608,0.0444976,0,0.0287378,0.730842,0.0290384,0.000290114,-0.0066312,-0.999978,0.066038,0.4,0,0,flat,0,1.19167e-09,6.50772e-07,0.999999,3.84088e-08,0,0,1
3.32,0.871501,0.0454042,0,0.0314895,0.731092,0.0322132,0.00304185,-0.00927575,-0.999952,0.0642359,0.4,0,0,flat,0,1.97224e-09,2.17409e-06,0.999998,8.53619e-08,0,0,1
3.34,0.877961,0.0470877,0,0.0352235,0.731244,0.0364125,0.00677584,-0.0117165,-0.999908,0.0620203,0.4,0,0,flat,0,5.77313e-09,1.11416e-05,0.999989,2.87321e-07,0,0,1
3.36,0.883606,0.0492164,0,0.0384785,0.731167,0.0395398,0.0100308,-0.0115827,-0.999883,0.0607424,0.4,0,0,flat,0,1.89012e-08,5.0612e-05,0.999948,1.31849e-06,0,0,1
3.38,0.889118,0.0518764,0,0.0416987,0.730848,0.0420151,0.013251,-0.00761773,-0.999883,0.059923,0.4,0,0,flat,0,4.43537e-08,0.000212724,0.999782,4.91663e-06,0,0,1
3.4,0.894104,0.0547933,0,0.0427568,0.730051,0.0428178,0.0143092,-0.000274856,-0.999898,0.0596108,0.4,0,0,flat,0,6.08599e-08,0.000380412,0.999608,1.16483e-05,0,0,1
3.42,0.900094,0.0579983,0,0.0401972,0.729025,0.0405669,0.0117495,0.00294474,-0.999927,0.0574263,0.4,0,0,flat,0,1.12491e-07,0.000156744,0.999831,1.21263e-05,0,0,1
3.44,0.906723,0.0604411,0,0.0339114,0.729112,0.033917,0.00546367,-0.00274812,-0.999981,0.0583537,0.4,0,0,flat,0,1.46525e-07,6.70961e-05,0.999914,1.90291e-05,0,0,1
3.46,0.912754,0.0630757,0,0.0308662,0.729813,0.0309118,0.00241855,-0.000871396,-0.999997,0.0661201,0.4,0,0,flat,0,1.55039e-07,1.0579e-05,0.999982,6.94545e-06,0,0,1
3.48,0.919349,0.0661807,0,0.0285194,0.730846,0.0295229,7.17092e-05,0.00511888,-0.999987,0.069828,0.4,0,0,flat,0,2.50167e-07,3.135e-06,0.999994,3.07327e-06,0,0,1
3.5,0.925665,0.068745,0,0.0259495,0.731639,0.0284242,-0.00249817,0.0090965,-0.999956,0.072113,0.4,0,0,flat,0,2.17135e-07,1.04718e-06,0.999997,1.55273e-06,0,0,1
3.52,0.931515,0.0706457,0,0.0237391,0.73218,0.0271828,-0.0047086,0.0107409,-0.999931,0.0745044,0.4,0,0,flat,0,1.64379e-07,1.11937e-06,0.999998,1.09943e-06,0,0,1
3.54,0.938834,0.072567,0,0.021191,0.73273,0.0256993,-0.00725668,0.0120411,-0.999901,0.0764951,0.4,0,0,flat,0,1.72774e-07,1.91413e-06,0.999997,1.14433e-06,0,0,1
3.56,0.944902,0.0738193,0,0.0196251,0.733061,0.0255061,-0.00882255,0.0137925,-0.999866,0.0792029,0.4,0,0,flat,0,1.72797e-07,3.09393e-06,0.999996,1.10227e-06,0,0,1
3.58,0.952437,0.0749095,0,0.0184361,0.733292,0.0261409,-0.0100116,0.0160368,-0.999821,0.0828593,0.4,0,0,flat,0,1.42122e-07,4.76588e-06,0.999994,8.59456e-07,0,0,1
3.6,0.958723,0.0754328,0,0.0181636,0.733293,0.0273206,-0.0102841,0.0179092,-0.999787,0.0863596,0.4,0,0,flat,0,8.49274e-08,4.48045e-06,0.999995,4.77085e-07,0,0,1
3.62,0.966582,0.0757015,0,0.0188214,0.733052,0.0290178,-0.00962627,0.0195904,-0.999762,0.0895594,0.4,0,0,flat,0,4.30335e-08,2.96114e-06,0.999997,2.11997e-07,0,0,1
3.64,0.972996,0.0755852,0,0.0209872,0.732595,0.030508,-0.00746045,0.019647,-0.999779,0.0907447,0.4,0,0,flat,0,1.91526e-08,1.82018e-06,0.999998,9.6201e-08,0,0,1
3.66,0.980194,0.0747974,0,0.0241679,0.731769,0.0310138,-0.00427978,0.0169366,-0.999847,0.0924481,0.4,0,0,flat,0,9.09377e-09,1.23667e-06,0.999999,5.71001e-08,0,0,1
3.68,0.988375,0.0729518,0,0.0265194,0.730303,0.0289191,-0.00192826,0.0090296,-0.999957,0.094036,0.4,0,0,flat,0,5.88465e-09,1.22932e-06,0.999999,5.34433e-08,0,0,1
3.7,0.996264,0.0712467,0,0.02518,0.728987,0.0269604,-0.00326769,0.00712789,-0.999969,0.100559,0.4,0,0,flat,0,1.47928e-08,4.52955e-06,0.999995,1.80432e-07,0,0,1
3.72,1.00409,0.070152,0,0.0226397,0.728887,0.0269051,-0.00580797,0.0120412,-0.999911,0.102171,0.4,0,0,flat,0,1.14726e-08,2.91331e-06,0.999997,1.87437e-07,0,0,1
3.74,1.01038,0.0688363,0,0.0231722,0.729463,0.0271872,-0.00527546,0.0117225,-0.999917,0.0964362,0.4,0,0,flat,0,6.76737e-09,4.06864e-06,0.999996,1.23479e-07,0,0,1
3.76,1.01713,0.0673928,0,0.0240163,0.730199,0.0265751,-0.0044314,0.00887376,-0.999951,0.0920463,0.4,0,0,flat,0,2.60289e-09,1.29903e-06,0.999999,4.47562e-08,0,0,1
3.78,1.02489,0.0665586,0,0.0218263,0.730821,0.0226227,-0.0066214,0.00344061,-0.999972,0.0863554,0.4,0,0,flat,0,1.33871e-09,4.22501e-07,1,2.58766e-08,0,0,1
3.8,1.03105,0.0663655,0,0.0199205,0.731013,0.0200377,-0.00852718,-0.000371818,-0.999964,0.0836205,0.4,0,0,flat,0,7.82552e-10,2.0493e-07,1,2.0372e-08,0,0,1
3.82,1.03744,0.0665307,0,0.0196623,0.730893,0.0196836,-0.00878544,-0.00170234,-0.99996,0.0830037,0.4,0,0,flat,0,9.79575e-10,1.6376e-07,1,2.57134e-08,0,0,1
3.84,1.04426,0.0669871,0,0.0210142,0.730641,0.0210334,-0.00743346,-0.00169371,-0.999971,0.0824851,0.4,0,0,flat,0,1.21545e-09,1.23013e-07,1,2.62108e-08,0,0,1
3.86,1.05049,0.0675912,0,0.0226572,0.730539,0.0226701,-0.00579054,-0.00187208,-0.999981,0.0814295,0.4,0,0,flat,0,1.08505e-09,1.20462e-07,1,2.25532e-08,0,0,1
3.88,1.05674,0.0683481,0,0.0250064,0.730661,0.0250272,-0.00344127,-0.00343273,-0.999988,0.079485,0.4,0,0,flat,0,1.03239e-09,2.04032e-07,1,2.46269e-08,0,0,1
3.9,1.06296,0.0692964,0,0.0273509,0.730904,0.027579,-0.00109678,-0.00601051,-0.999981,0.0775086,0.4,0,0,flat,0,1.12017e-09,5.28509e-07,1,3.84126e-08,0,0,1
3.92,1.06911,0.0705948,0,0.0298322,0.731162,0.0305295,0.00138455,-0.00897265,-0.999959,0.0760869,0.4,0,0,flat,0,1.99853e-09,2.08667e-06,0.999998,8.91774e-08,0,0,1
3.94,1.07496,0.0723908,0,0.0334241,0.731267,0.0344299,0.00497641,-0.0107419,-0.99993,0.0754051,0.4,0,0,flat,0,4.78454e-09,7.80711e-06,0.999992,3.06547e-07,0,0,1
3.96,1.0805,0.0747932,0,0.0376852,0.731136,0.0384931,0.00923755,-0.0103232,-0.999904,0.0736228,0.4,0,0,flat,0,1.7244e-08,4.36691e-05,0.999955,1.36086e-06,0,0,1
3.98,1.08541,0.0774377,0,0.0407933,0.730808,0.041081,0.0123457,-0.00731986,-0.999897,0.0722393,0.4,0,0,flat,0,5.0939e-08,0.000182144,0.999813,5.22705e-06,0,0,1
4,1.09159,0.0813631,0,0.041855,0.729732,0.0420251,0.0134073,0.00124843,-0.999909,0.070866,0.4,0,0,flat,0,6.1364e-08,0.000272928,0.999715,1.16673e-05,0,0,1
4.02,1.09706,0.0843477,0,0.0391901,0.72882,0.0395684,0.0107424,0.00293368,-0.999938,0.0701866,0.4,0,0,flat,0,9.48292e-08,0.00032306,0.99966,1.62941e-05,0,0,1
4.04,1.10371,0.0868959,0,0.0333121,0.729061,0.0333158,0.00486443,-0.00229831,-0.999986,0.0734856,0.4,0,0,flat,0,1.83803e-07,0.000113289,0.999853,3.30188e-05,0,0,1
4.06,1.11045,0.0898721,0,0.0302093,0.729979,0.0303631,0.00176162,0.000539532,-0.999998,0.0814801,0.4,0,0,flat,0,2.14851e-07,1.61622e-05,0.999972,1.14884e-05,0,0,1
4.08,1.116,0.0924703,0,0.0279783,0.730871,0.0291919,-0.000469371,0.00582248,-0.999983,0.0851572,0.4,0,0,flat,0,3.2911e-07,4.42917e-06,0.999991,4.50176e-06,0,0,1
4.1,1.12306,0.0953484,0,0.0256149,0.731742,0.0280612,-0.0028328,0.0089551,-0.999956,0.0881241,0.4,0,0,flat,0,2.16827e-07,1.41742e-06,0.999996,2.07184e-06,0,0,1
4.12,1.12966,0.0975058,0,0.0236856,0.732256,0.0270641,-0.00476208,0.0105919,-0.999933,0.0921659,0.4,0,0,flat,0,1.77198e-07,1.9316e-06,0.999996,1.63956e-06,0,0,1
4.14,1.13573,0.099182,0,0.0214995,0.732583,0.0254593,-0.00694823,0.0111379,-0.999914,0.0941954,0.4,0,0,flat,0,1.83842e-07,3.47781e-06,0.999995,1.57065e-06,0,0,1
4.16,1.14264,0.100808,0,0.0190447,0.732883,0.0239089,-0.00940296,0.0119573,-0.999884,0.0942071,0.4,0,0,flat,0,2.04708e-07,6.54055e-06,0.999992,1.55564e-06,0,0,1
4.18,1.1503,0.102124,0,0.0178107,0.733125,0.0242604,-0.010637,0.0139759,-0.999846,0.0963357,0.4,0,0,flat,0,1.80211e-07,1.02124e-05,0.999988,1.30181e-06,0,0,1
4.2,1.15739,0.102853,0,0.0177119,0.733205,0.0257526,-0.0107358,0.0161961,-0.999811,0.0999136,0.4,0,0,flat,0,1.12927e-07,1.12193e-05,0.999988,8.43974e-07,0,0,1
4.22,1.16452,0.103202,0,0.0191451,0.733044,0.0279419,-0.00930262,0.0178546,-0.999797,0.103456,0.4,0,0,flat,0,5.59445e-08,8.32453e-06,0.999991,4.13546e-07,0,0,1
4.24,1.17098,0.103182,0,0.0216291,0.732625,0.0298023,-0.00681855,0.0180022,-0.999815,0.10547,0.4,0,0,flat,0,2.5943e-08,4.90027e-06,0.999995,1.89544e-07,0,0,1
4.25999,1.17826,0.102568,0,0.0248767,0.731813,0.0306075,-0.00357095,0.0153309,-0.999876,0.107115,0.4,0,0,flat,0,1.205e-08,2.92831e-06,0.999997,1.00469e-07,0,0,1
4.27999,1.18659,0.100916,0,0.0270209,0.730362,0.0289026,-0.00142675,0.00775207,-0.999969,0.108786,0.4,0,0,flat,0,8.15469e-09,2.76064e-06,0.999997,9.43687e-08,0,0,1
4.29999,1.19376,0.0994132,0,0.0259861,0.729072,0.02702,-0.00246158,0.00489746,-0.999985,0.113342,0.4,0,0,flat,0,1.27012e-08,5.96468e-06,0.999994,1.69997e-07,0,0,1
4.31999,1.20183,0.0983596,0,0.0227406,0.7288,0.0261477,-0.00570705,0.0104011,-0.99993,0.117315,0.4,0,0,flat,0,1.3981e-08,3.53976e-06,0.999996,2.44858e-07,0,0,1
4.33999,1.20972,0.0968167,0,0.0229996,0.729466,0.026334,-0.00544808,0.010325,-0.999932,0.110151,0.4,0,0,flat,0,7.53962e-09,4.59522e-06,0.999995,1.64998e-07,0,0,1
4.35999,1.21584,0.0955312,0,0.0239185,0.730122,0.0259716,-0.00452921,0.00761895,-0.999961,0.105438,0.4,0,0,flat,0,2.41773e-09,1.70099e-06,0.999998,5.16877e-08,0,0,1
4.37999,1.22278,0.0947205,0,0.0227448,0.730677,0.023575,-0.00570286,0.00369535,-0.999977,0.102336,0.4,0,0,flat,0,1.3881e-09,5.14652e-07,1,2.97889e-08,0,0,1
4.39999,1.23029,0.0944948,0,0.0205913,0.730937,0.0206962,-0.00785635,-0.000463648,-0.999969,0.099874,0.4,0,0,flat,0,9.74822e-10,2.1272e-07,1,2.55339e-08,0,0,1
4.41999,1.23617,0.0946998,0,0.0198093,0.730905,0.0198134,-0.00863837,-0.00241102,-0.99996,0.097731,0.4,0,0,flat,0,1.15629e-09,1.84636e-07,1,2.88092e-08,0,0,1
4.43999,1.2425,0.0951925,0,0.0202424,0.730757,0.0202537,-0.0082053,-0.00300508,-0.999962,0.0953452,0.4,0,0,flat,0,1.20096e-09,1.49934e-07,1,2.65707e-08,0,0,1
4.45999,1.24874,0.0958323,0,0.0216842,0.730623,0.0217029,-0.00676351,-0.00331675,-0.999972,0.0934789,0.4,0,0,flat,0,1.08e-09,1.54445e-07,1,2.3204e-08,0,0,1
4.47999,1.25555,0.0966744,0,0.0235595,0.730641,0.0236078,-0.00488823,-0.00394797,-0.99998,0.0927528,0.4,0,0,flat,0,1.09147e-09,2.9686e-07,1,2.77215e-08,0,0,1
4.49999,1.26109,0.0975323,0,0.0260464,0.730794,0.0262569,-0.00240127,-0.0057882,-0.99998,0.0919248,0.4,0,0,flat,0,1.30288e-09,7.73435e-07,0.999999,4.49034e-08,0,0,1
4.51999,1.27089,0.0999138,0,0.0300587,0.73102,0.0311462,0.00161098,-0.010641,-0.999942,0.0873555,0.4,0,0,flat,0,2.2576e-09,2.81462e-06,0.999997,9.45425e-08,0,0,1
4.53999,1.27451,0.101216,0,0.0318087,0.730957,0.0332692,0.00336096,-0.0122359,-0.999919,0.0844897,0.4,0,0,flat,0,5.53836e-09,1.05939e-05,0.999989,2.75313e-07,0,0,1
4.55999,1.27937,0.103239,0,0.0337137,0.730869,0.0353424,0.00526596,-0.0130934,-0.9999,0.0830352,0.4,0,0,flat,0,2.14939e-08,6.65098e-05,0.999932,1.36899e-06,0,0,1
4.57999,1.28506,0.106202,0,0.0367483,0.730654,0.0375412,0.00830064,-0.0101573,-0.999914,0.0836123,0.4,0,0,flat,0,5.56025e-08,0.000235362,0.999758,6.49989e-06,0,0,1
4.59999,1.29048,0.109715,0,0.0400592,0.730018,0.040067,0.0116115,-0.00296056,-0.999928,0.0845168,0.4,0,0,flat,0,1.2022e-07,0.000388774,0.999595,1.65107e-05,0,0,1
4.61999,1.29619,0.113776,0,0.0401666,0.728738,0.0406403,0.0117189,0.00367339,-0.999925,0.0803783,0.4,0,0,flat,0,1.22957e-07,8.61974e-05,0.999896,1.72925e-05,0,0,1
4.63999,1.30306,0.116897,0,0.0332173,0.728369,0.0332352,0.00476964,-0.00346835,-0.999983,0.0769923,0.4,0,0,flat,0,1.10389e-07,4.7375e-05,0.999939,1.34304e-05,0,0,1
4.65999,1.30967,0.119869,0,0.0277779,0.728775,0.0279057,-0.000669779,-0.0051251,-0.999987,0.0834558,0.4,0,0,flat,0,9.64146e-08,5.70084e-06,0.999982,1.21e-05,0,0,1
4.67999,1.31507,0.122728,0,0.0252508,0.729579,0.0255435,-0.0031969,0.00134265,-0.999994,0.0909423,0.4,0,0,flat,0,1.54085e-07,3.10579e-06,0.999993,3.70929e-06,0,0,1
4.69999,1.32166,0.126261,0,0.0243228,0.730804,0.0272069,-0.00412494,0.00968802,-0.999945,0.0898764,0.4,0,0,flat,0,2.13201e-07,1.1501e-06,0.999997,1.46105e-06,0,0,1
4.71999,1.32785,0.129021,0,0.0243739,0.731603,0.0288406,-0.00407377,0.0129161,-0.999908,0.0862311,0.4,0,0,flat,0,1.89726e-07,1.36035e-06,0.999998,7.7572e-07,0,0,1
4.73999,1.33448,0.131056,0,0.0233052,0.731937,0.0269316,-0.00514248,0.0109988,-0.999926,0.0857452,0.4,0,0,flat,0,1.90464e-07,3.57744e-06,0.999995,8.44975e-07,0,0,1
4.75999,1.34228,0.13278,0,0.0197295,0.732131,0.0228169,-0.00871823,0.00896362,-0.999922,0.0887378,0.4,0,0,flat,0,1.45989e-07,4.65483e-06,0.999994,8.19385e-07,0,0,1
4.77999,1.34932,0.134103,0,0.0170813,0.732319,0.0214959,-0.0113664,0.010553,-0.99988,0.0917883,0.4,0,0,flat,0,1.56925e-07,4.87934e-06,0.999994,7.18663e-07,0,0,1
4.79999,1.35614,0.134927,0,0.0167391,0.732428,0.0228873,-0.0117086,0.0131092,-0.999846,0.0945504,0.4,0,0,flat,0,1.17129e-07,4.32545e-06,0.999995,4.79671e-07,0,0,1
4.81999,1.36232,0.135244,0,0.0178402,0.732389,0.0249102,-0.0106075,0.0148871,-0.999833,0.096866,0.4,0,0,flat,0,5.48972e-08,2.23726e-06,0.999997,2.29314e-07,0,0,1
4.83999,1.36929,0.135186,0,0.0204251,0.732104,0.0272069,-0.00802255,0.0154735,-0.999848,0.0988519,0.4,0,0,flat,0,2.04652e-08,8.92067e-07,0.999999,8.59525e-08,0,0,1
4.85999,1.37635,0.134595,0,0.0239516,0.731436,0.0288654,-0.00449609,0.0136119,-0.999897,0.100864,0.4,0,0,flat,0,8.51237e-09,4.3299e-07,1,3.98213e-08,0,0,1
4.87999,1.3845,0.133079,0,0.0266075,0.730219,0.0283465,-0.00184016,0.00727167,-0.999972,0.103262,0.4,0,0,flat,0,4.77864e-09,3.48992e-07,1,3.05934e-08,0,0,1
4.89999,1.39242,0.131478,0,0.0254358,0.728914,0.0261477,-0.00301185,0.00355512,-0.999989,0.107756,0.4,0,0,flat,0,9.24675e-09,9.84023e-07,0.999999,8.18694e-08,0,0,1
4.91999,1.40046,0.130624,0,0.0218262,0.728764,0.0246649,-0.00662152,0.00898163,-0.999938,0.110922,0.4,0,0,flat,0,9.95578e-09,7.43208e-07,0.999999,1.35279e-07,0,0,1
4.93999,1.40761,0.129483,0,0.021771,0.729482,0.0244244,-0.00667666,0.00856707,-0.999941,0.101391,0.4,0,0,flat,0,5.95411e-09,1.50613e-06,0.999998,1.00344e-07,0,0,1
4.95999,1.41428,0.128059,0,0.0232365,0.730455,0.024551,-0.00521118,0.0054175,-0.999972,0.0933511,0.4,0,0,flat,0,3.29463e-09,1.59969e-06,0.999998,4.57964e-08,0,0,1
4.97999,1.42084,0.126862,0,0.024429,0.731163,0.0247276,-0.00401868,0.00131411,-0.999991,0.0968065,0.4,0,0,flat,0,2.16294e-09,2.12622e-06,0.999998,3.49023e-08,0,0,1
4.99999,1.42757,0.126341,0,0.0232229,0.731454,0.0232337,-0.00522474,-0.00302477,-0.999982,0.100777,0.4,0,0,flat,0,9.87222e-10,3.87477e-07,1,2.8731e-08,0,0,1
5.01999,1.43404,0.126597,0,0.0224223,0.73135,0.0226016,-0.00602537,-0.00531107,-0.999968,0.0996707,0.4,0,0,flat,0,1.09096e-09,1.58447e-07,1,3.24874e-08,0,0,1
5.03999,1.43957,0.1272,0,0.0231448,0.731175,0.0233616,-0.00530288,-0.00564721,-0.99997,0.0968804,0.4,0,0,flat,0,1.89628e-09,1.51988e-07,1,4.33155e-08,0,0,1
5.05999,1.44561,0.127956,0,0.0248658,0.731096,0.0250914,-0.00358194,-0.00582222,-0.999977,0.0947154,0.4,0,0,flat,0,2.07467e-09,2.07275e-07,1,4.5174e-08,0,0,1
5.07999,1.45219,0.128859,0,0.0274075,0.731198,0.0277149,-0.00104022,-0.00659552,-0.999978,0.093263,0.4,0,0,flat,0,1.8035e-09,3.98735e-07,1,4.58165e-08,0,0,1
5.09999,1.45807,0.129849,0,0.0301328,0.7314,0.0306659,0.00168515,-0.00816842,-0.999965,0.0919709,0.4,0,0,flat,0,1.84968e-09,1.12128e-06,0.999999,6.49669e-08,0,0,1
5.11999,1.46326,0.13103,0,0.0327746,0.731566,0.0336292,0.00432691,-0.0100106,-0.999941,0.0902112,0.4,0,0,flat,0,2.87798e-09,3.87743e-06,0.999996,1.30538e-07,0,0,1
5.13999,1.46941,0.132991,0,0.0363265,0.731634,0.0374871,0.00787877,-0.0117379,-0.9999,0.0878617,0.4,0,0,flat,0,7.27926e-09,1.83704e-05,0.999981,3.75772e-07,0,0,1
5.15999,1.47421,0.135072,0,0.0395953,0.731501,0.0405448,0.0111476,-0.0112054,-0.999875,0.0864867,0.4,0,0,flat,0,2.15835e-08,7.91899e-05,0.999919,1.44773e-06,0,0,1
5.17999,1.47939,0.137844,0,0.0426708,0.731133,0.0430275,0.0142231,-0.00798913,-0.999867,0.085485,0.4,0,0,flat,0,5.2567e-08,0.000316432,0.999679,4.90575e-06,0,0,1
5.19999,1.48516,0.141557,0,0.0438966,0.730056,0.0439787,0.0154489,0.000146947,-0.999881,0.0837063,0.4,0,0,flat,0,6.27917e-08,0.000551205,0.999438,1.10549e-05,0,0,1
5.21999,1.49088,0.144647,0,0.0410854,0.729129,0.0413024,0.0126377,0.00169911,-0.999919,0.0830974,0.4,0,0,flat,0,1.0455e-07,0.000851744,0.999132,1.57448e-05,0,0,1
5.23999,1.49648,0.146848,0,0.0362379,0.729407,0.0362419,0.00779018,-0.00279037,-0.999966,0.0850872,0.4,0,0,flat,0,1.76031e-07,0.000231557,0.999741,2.7041e-05,0,0,1
5.25999,1.50274,0.149896,0,0.0337413,0.730333,0.0338413,0.00529357,6.31053e-05,-0.999986,0.0908786,0.4,0,0,flat,0,1.79284e-07,2.84106e-05,0.999963,8.42635e-06,0,0,1
5.27999,1.50741,0.152292,0,0.0316241,0.731153,0.033003,0.00317636,0.00693384,-0.999971,0.0948975,0.4,0,0,flat,0,3.37378e-07,7.77951e-06,0.999988,3.96552e-06,0,0,1
5.29999,1.51477,0.155546,0,0.0292693,0.732118,0.03274,0.000821564,0.0121695,-0.999926,0.099949,0.4,0,0,flat,0,2.69945e-07,2.52469e-06,0.999995,2.2894e-06,0,0,1
5.31999,1.52042,0.157608,0,0.0277346,0.73246,0.0327873,-0.000713095,0.0149872,-0.999887,0.105348,0.4,0,0,flat,0,1.94206e-07,2.22616e-06,0.999996,1.51275e-06,0,0,1
5.33999,1.532,0.160981,0,0.0246077,0.732614,0.0298183,-0.00384002,0.0143401,-0.99989,0.104767,0.4,0,0,flat,0,1.77474e-07,4.8969e-06,0.999994,1.2029e-06,0,0,1
5.35999,1.53732,0.162069,0,0.0232455,0.732415,0.0290835,-0.00520217,0.0149816,-0.999874,0.108019,0.4,0,0,flat,0,1.3336e-07,5.73531e-06,0.999993,7.14369e-07,0,0,1
5.37999,1.54148,0.162776,0,0.0210528,0.732238,0.0276201,-0.00739492,0.0153794,-0.999854,0.108972,0.4,0,0,flat,0,1.21488e-07,8.25017e-06,0.999991,5.22116e-07,0,0,1
5.39999,1.54783,0.163578,0,0.0190722,0.732026,0.0266244,-0.00937549,0.016079,-0.999827,0.109065,0.4,0,0,flat,0,9.70129e-08,7.1409e-06,0.999992,3.72835e-07,0,0,1
5.41999,1.55484,0.164067,0,0.0185858,0.731803,0.0277729,-0.00986193,0.0181378,-0.999787,0.110798,0.4,0,0,flat,0,5.80886e-08,4.41402e-06,0.999995,2.18665e-07,0,0,1
5.43999,1.56179,0.164102,0,0.0209194,0.731446,0.0304728,-0.00752829,0.0196625,-0.999778,0.112832,0.4,0,0,flat,0,2.27507e-08,1.93322e-06,0.999998,1.06702e-07,0,0,1
5.45999,1.56786,0.163621,0,0.0254569,0.730752,0.0323129,-0.00299075,0.0174028,-0.999844,0.113101,0.4,0,0,flat,0,8.77889e-09,1.18601e-06,0.999999,5.41544e-08,0,0,1
5.47999,1.57571,0.162268,0,0.029879,0.729487,0.0334248,0.00143135,0.0124811,-0.999921,0.116404,0.4,0,0,flat,0,6.24205e-09,1.42418e-06,0.999999,5.52976e-08,0,0,1
5.49999,1.58356,0.16075,0,0.0287958,0.728324,0.0314396,0.000348113,0.0101146,-0.999949,0.122078,0.4,0,0,flat,0,8.03891e-09,2.83899e-06,0.999997,1.02018e-07,0,0,1
5.51999,1.59076,0.159924,0,0.0253243,0.728287,0.0303533,-0.00312337,0.014235,-0.999894,0.123463,0.4,0,0,flat,0,1.15814e-08,3.61663e-06,0.999996,2.51539e-07,0,0,1
5.53999,1.59794,0.158569,0,0.0253322,0.729054,0.0297141,-0.00311548,0.0130307,-0.99991,0.116368,0.4,0,0,flat,0,6.41138e-09,5.8927e-06,0.999994,1.85483e-07,0,0,1
5.55999,1.60601,0.156761,0,0.027102,0.730184,0.0291572,-0.00134569,0.00824975,-0.999965,0.108838,0.4,0,0,flat,0,3.23668e-09,3.02024e-06,0.999997,7.22021e-08,0,0,1
5.57999,1.61237,0.155898,0,0.0260479,0.730809,0.0267852,-0.00239982,0.00373085,-0.99999,0.105488,0.4,0,0,flat,0,2.02876e-09,1.14013e-06,0.999999,4.53216e-08,0,0,1
5.59999,1.61943,0.155443,0,0.0239595,0.731132,0.0239861,-0.00448823,-0.00143889,-0.999989,0.102353,0.4,0,0,flat,0,9.42794e-10,4.03849e-07,1,3.01984e-08,0,0,1
5.61999,1.6253,0.155423,0,0.0236056,0.731029,0.023623,-0.00484214,-0.00331459,-0.999983,0.102334,0.4,0,0,flat,0,1.12264e-09,2.62857e-07,1,4.25649e-08,0,0,1
5.63999,1.63219,0.155765,0,0.0244213,0.730663,0.024444,-0.00402636,-0.00342789,-0.999986,0.1021,0.4,0,0,flat,0,1.49461e-09,1.57429e-07,1,4.50746e-08,0,0,1
5.65999,1.63844,0.156267,0,0.0258001,0.730446,0.0258266,-0.00264761,-0.00358983,-0.99999,0.100551,0.4,0,0,flat,0,1.52429e-09,1.40345e-07,1,3.95691e-08,0,0,1
5.67999,1.64468,0.156931,0,0.0275799,0.730443,0.0276567,-0.000867758,-0.00452545,-0.999989,0.0980661,0.4,0,0,flat,0,1.40462e-09,2.31744e-07,1,3.79182e-08,0,0,1
5.69999,1.65022,0.157654,0,0.0296162,0.730601,0.0298283,0.00116849,-0.0060289,-0.999981,0.0967968,0.4,0,0,flat,0,1.6196e-09,7.54221e-07,0.999999,5.41112e-08,0,0,1
5.71999,1.65625,0.158721,0,0.0323218,0.730847,0.0328817,0.00387407,-0.00851137,-0.999956,0.0960395,0.4,0,0,flat,0,2.64308e-09,2.8418e-06,0.999997,1.10825e-07,0,0,1
5.73999,1.66211,0.160288,0,0.0354679,0.730994,0.0364812,0.00702025,-0.011023,-0.999915,0.0944534,0.4,0,0,flat,0,6.36345e-09,1.35168e-05,0.999986,3.07654e-07,0,0,1
5.75999,1.66825,0.162716,0,0.0394652,0.730953,0.0403429,0.0110176,-0.0108511,-0.99988,0.0928036,0.4,0,0,flat,0,2.00222e-08,5.78217e-05,0.999941,1.30622e-06,0,0,1
5.77999,1.67363,0.165482,0,0.0427385,0.730659,0.0429707,0.0142908,-0.00692104,-0.999874,0.0921489,0.4,0,0,flat,0,5.30155e-08,0.000262095,0.999733,5.2496e-06,0,0,1
5.79999,1.67853,0.168464,0,0.0439989,0.72992,0.0440694,0.0155512,-8.54306e-05,-0.999879,0.0916635,0.4,0,0,flat,0,7.46572e-08,0.000521852,0.999465,1.30294e-05,0,0,1
5.81999,1.6845,0.17167,0,0.0414042,0.728996,0.0416818,0.0129565,0.00227741,-0.999913,0.0903178,0.4,0,0,flat,0,1.17525e-07,0.000293457,0.999691,1.50533e-05,0,0,1
5.83999,1.69123,0.174185,0,0.0348603,0.729219,0.0348703,0.00641264,-0.00312634,-0.999975,0.0933676,0.4,0,0,flat,0,1.71364e-07,0.000112966,0.999864,2.26489e-05,0,0,1
5.85999,1.69711,0.1771,0,0.0326235,0.729996,0.0326762,0.00417581,-0.000711363,-0.999991,0.099088,0.4,0,0,flat,0,1.50441e-07,1.14917e-05,0.999981,7.7249e-06,0,0,1
5.87999,1.7036,0.180559,0,0.031206,0.731098,0.032583,0.00275829,0.00686588,-0.999973,0.103279,0.4,0,0,flat,0,3.56369e-07,5.81705e-06,0.99999,3.87346e-06,0,0,1
5.89999,1.7093,0.18313,0,0.029176,0.731859,0.0322409,0.000728357,0.0112195,-0.999937,0.106628,0.4,0,0,flat,0,2.91072e-07,1.55961e-06,0.999996,1.84383e-06,0,0,1
5.91999,1.71581,0.185533,0,0.0268934,0.732414,0.0312875,-0.00155425,0.013489,-0.999908,0.110844,0.4,0,0,flat,0,2.07672e-07,1.36793e-06,0.999997,1.32557e-06,0,0,1
5.93999,1.72245,0.187601,0,0.0245757,0.732771,0.0299081,-0.003872,0.0145455,-0.999887,0.113121,0.4,0,0,flat,0,1.93165e-07,2.2348e-06,0.999996,1.16943e-06,0,0,1
5.95999,1.72989,0.189564,0,0.0221698,0.73305,0.0289211,-0.00627786,0.0160736,-0.999851,0.114158,0.4,0,0,flat,0,2.01407e-07,3.67965e-06,0.999995,1.118e-06,0,0,1
5.97999,1.73671,0.190899,0,0.0208342,0.73316,0.0294623,-0.00761353,0.0183346,-0.999803,0.11731,0.4,0,0,flat,0,1.6324e-07,4.81757e-06,0.999994,8.41502e-07,0,0,1
5.99999,1.7437,0.191799,0,0.020197,0.733124,0.0303533,-0.00825067,0.0201635,-0.999763,0.120615,0.4,0,0,flat,0,9.80265e-08,4.31041e-06,0.999995,4.90725e-07,0,0,1
6.01999,1.75074,0.192361,0,0.02101,0.732894,0.0319045,-0.00743767,0.021513,-0.999741,0.123015,0.4,0,0,flat,0,4.60526e-08,2.74801e-06,0.999997,2.29417e-07,0,0,1
6.03999,1.75777,0.19247,0,0.023427,0.732396,0.0334604,-0.00502069,0.021394,-0.999759,0.125347,0.4,0,0,flat,0,2.0098e-08,1.73309e-06,0.999998,1.05863e-07,0,0,1
6.05999,1.76475,0.1919,0,0.0269075,0.731496,0.0336257,-0.00154023,0.0176657,-0.999843,0.126881,0.4,0,0,flat,0,8.19749e-09,1.11407e-06,0.999999,5.30605e-08,0,0,1
6.08,1.77126,0.190735,0,0.0290443,0.730334,0.0321168,0.000596608,0.0112052,-0.999937,0.127841,0.4,0,0,flat,0,6.28946e-09,1.19407e-06,0.999999,5.84158e-08,0,0,1
6.1,1.77983,0.189014,0,0.0280218,0.728879,0.0297101,-0.000425927,0.0073666,-0.999973,0.134698,0.4,0,0,flat,0,9.8137e-09,3.02289e-06,0.999997,1.12295e-07,0,0,1
6.12,1.78768,0.188021,0,0.0244556,0.728654,0.0283528,-0.00399208,0.0118488,-0.999922,0.139431,0.4,0,0,flat,0,1.92961e-08,5.24233e-06,0.999995,2.46091e-07,0,0,1
6.14,1.79457,0.186787,0,0.0251602,0.729377,0.0292021,-0.00328747,0.0123229,-0.999919,0.133054,0.4,0,0,flat,0,9.18162e-09,4.09625e-06,0.999996,1.60046e-07,0,0,1
6.16,1.80053,0.185619,0,0.0261698,0.730124,0.0289294,-0.00227791,0.00983155,-0.999949,0.128624,0.4,0,0,flat,0,4.1779e-09,1.88673e-06,0.999998,6.86594e-08,0,0,1
6.18,1.80803,0.184885,0,0.0246962,0.730771,0.0258681,-0.00375151,0.00519459,-0.999979,0.124849,0.4,0,0,flat,0,1.91189e-09,5.03371e-07,1,3.39766e-08,0,0,1
6.2,1.81426,0.184785,0,0.0219641,0.731017,0.0221541,-0.00648363,0.000357747,-0.999979,0.121086,0.4,0,0,flat,0,1.13934e-09,1.9906e-07,1,2.77627e-08,0,0,1
6.22,1.82077,0.185019,0,0.0205329,0.730964,0.0205372,-0.00791479,-0.00240186,-0.999966,0.118697,0.4,0,0,flat,0,1.06829e-09,1.50312e-07,1,2.94785e-08,0,0,1
6.24,1.82693,0.185428,0,0.0212484,0.730762,0.0212561,-0.00719934,-0.00289633,-0.99997,0.118,0.4,0,0,flat,0,1.11483e-09,1.02045e-07,1,2.69958e-08,0,0,1
6.26,1.83369,0.186017,0,0.0231455,0.730676,0.023172,-0.00530217,-0.00351802,-0.99998,0.117362,0.4,0,0,flat,0,9.83705e-10,8.77736e-08,1,2.16938e-08,0,0,1
6.28,1.83991,0.186743,0,0.0251499,0.730824,0.0253184,-0.00329776,-0.00539452,-0.99998,0.115772,0.4,0,0,flat,0,8.48512e-10,1.21511e-07,1,2.24853e-08,0,0,1
6.3,1.84609,0.187675,0,0.0274915,0.731134,0.0280633,-0.00095615,-0.00811706,-0.999967,0.114611,0.4,0,0,flat,0,9.69798e-10,3.21289e-07,1,3.44645e-08,0,0,1
6.32,1.85155,0.188821,0,0.0300813,0.731428,0.0312627,0.00163357,-0.0109977,-0.999938,0.113501,0.4,0,0,flat,0,1.63769e-09,1.05219e-06,0.999999,7.89922e-08,0,0,1
6.34,1.85787,0.190799,0,0.034503,0.731566,0.036115,0.00605535,-0.0131596,-0.999895,0.111928,0.4,0,0,flat,0,4.36298e-09,4.55463e-06,0.999995,2.68546e-07,0,0,1
6.36,1.86336,0.193214,0,0.0387611,0.731396,0.040125,0.0103134,-0.0128584,-0.999864,0.10975,0.4,0,0,flat,0,1.62104e-08,2.55332e-05,0.999973,1.15154e-06,0,0,1
6.38,1.86825,0.195839,0,0.0416741,0.731009,0.0423036,0.0132264,-0.00974345,-0.999865,0.108623,0.4,0,0,flat,0,4.13008e-08,0.000107041,0.999889,4.29769e-06,0,0,1
6.4,1.87373,0.199319,0,0.0428291,0.730026,0.0428387,0.0143814,-0.00176741,-0.999895,0.107836,0.4,0,0,flat,0,5.37631e-08,0.000179926,0.999811,9.16908e-06,0,0,1
6.42,1.88035,0.202861,0,0.0393871,0.729016,0.0394794,0.0109394,0.000146183,-0.99994,0.106164,0.4,0,0,flat,0,8.16262e-08,0.000141733,0.999848,1.04929e-05,0,0,1
6.44,1.8863,0.205082,0,0.0339731,0.729302,0.0340082,0.00552539,-0.00398744,-0.999977,0.110738,0.4,0,0,flat,0,1.31672e-07,4.28652e-05,0.999937,2.0196e-05,0,0,1
6.46,1.89217,0.207884,0,0.0315577,0.730112,0.0316097,0.00310998,-0.000750202,-0.999995,0.117751,0.4,0,0,flat,0,1.32677e-07,5.90186e-06,0.999987,6.90929e-06,0,0,1
6.48,1.89868,0.211247,0,0.0297963,0.73119,0.0308558,0.00134863,0.00550629,-0.999984,0.120862,0.4,0,0,flat,0,2.58075e-07,2.19778e-06,0.999994,3.06373e-06,0,0,1
6.5,1.90436,0.213727,0,0.0275986,0.731906,0.0299658,-0.000849051,0.00917011,-0.999958,0.123841,0.4,0,0,flat,0,1.8558e-07,6.50164e-07,0.999998,1.53328e-06,0,0,1
6.52001,1.91152,0.216285,0,0.024931,0.732509,0.0284975,-0.00351672,0.011299,-0.99993,0.127402,0.4,0,0,flat,0,1.58223e-07,8.73845e-07,0.999998,1.2388e-06,0,0,1
6.54001,1.91817,0.218274,0,0.0226321,0.732911,0.0272069,-0.0058156,0.0126024,-0.999904,0.129439,0.4,0,0,flat,0,1.62606e-07,1.56497e-06,0.999997,1.16595e-06,0,0,1
6.56001,1.92497,0.219964,0,0.0205678,0.733253,0.0265122,-0.00787988,0.0142317,-0.999868,0.130715,0.4,0,0,flat,0,1.73146e-07,2.94005e-06,0.999996,1.18088e-06,0,0,1
6.58001,1.93113,0.221144,0,0.0195269,0.73345,0.0273795,-0.00892075,0.0166941,-0.999821,0.133886,0.4,0,0,flat,0,1.47512e-07,4.76102e-06,0.999994,9.90298e-07,0,0,1
6.60001,1.93815,0.222082,0,0.0192695,0.733496,0.0286436,-0.00917822,0.0186968,-0.999783,0.137227,0.4,0,0,flat,0,9.17057e-08,5.08119e-06,0.999994,5.95213e-07,0,0,1
6.62001,1.94598,0.222748,0,0.0203989,0.733278,0.0306639,-0.00804884,0.0203976,-0.99976,0.14019,0.4,0,0,flat,0,4.62233e-08,3.53589e-06,0.999996,2.85487e-07,0,0,1
6.64001,1.95237,0.222907,0,0.0229804,0.732787,0.0324253,-0.00546729,0.0203792,-0.999777,0.142214,0.4,0,0,flat,0,2.12786e-08,2.28796e-06,0.999998,1.34997e-07,0,0,1
6.66001,1.96034,0.222387,0,0.0265338,0.731792,0.0328926,-0.00191389,0.0169397,-0.999855,0.144594,0.4,0,0,flat,0,1.02991e-08,1.53809e-06,0.999998,7.8104e-08,0,0,1
6.68001,1.96793,0.221112,0,0.0281915,0.730397,0.0309446,-0.000256202,0.010259,-0.999947,0.146542,0.4,0,0,flat,0,7.0345e-09,1.63605e-06,0.999998,7.36813e-08,0,0,1
6.70001,1.97592,0.219801,0,0.0265907,0.729038,0.0285602,-0.00185697,0.00791918,-0.999967,0.152616,0.4,0,0,flat,0,1.71979e-08,6.27736e-06,0.999993,2.14781e-07,0,0,1
6.72001,1.98375,0.219047,0,0.0242785,0.728914,0.0283297,-0.00416919,0.012102,-0.999918,0.154521,0.4,0,0,flat,0,1.21071e-08,3.10203e-06,0.999997,2.09847e-07,0,0,1
6.74001,1.99093,0.217959,0,0.0243775,0.729575,0.0280845,-0.00407024,0.0114447,-0.999926,0.146185,0.4,0,0,flat,0,6.7834e-09,3.17844e-06,0.999997,1.22874e-07,0,0,1
6.76001,1.99786,0.216823,0,0.0250271,0.730321,0.0271828,-0.00342055,0.0081056,-0.999961,0.141185,0.4,0,0,flat,0,1.74319e-09,8.54827e-07,0.999999,3.53176e-08,0,0,1
6.78001,2.00486,0.216321,0,0.0238761,0.730858,0.0246286,-0.00457157,0.00353693,-0.999983,0.137869,0.4,0,0,flat,0,9.82007e-10,2.78587e-07,1,2.05857e-08,0,0,1
6.80001,2.01106,0.216388,0,0.0222413,0.731074,0.022347,-0.00620637,-0.000349448,-0.999981,0.135254,0.4,0,0,flat,0,7.72037e-10,1.22749e-07,1,1.93005e-08,0,0,1
6.82001,2.01826,0.216937,0,0.0215316,0.730981,0.0215347,-0.00691608,-0.00255693,-0.999973,0.133079,0.4,0,0,flat,0,9.24485e-10,1.12224e-07,1,2.4634e-08,0,0,1
6.84001,2.02451,0.21763,0,0.0225741,0.730745,0.0225779,-0.00587357,-0.00261432,-0.999979,0.132738,0.4,0,0,flat,0,1.12323e-09,9.81508e-08,1,2.76892e-08,0,0,1
6.86001,2.03073,0.218456,0,0.0243756,0.730636,0.0243854,-0.00407208,-0.00298527,-0.999987,0.132017,0.4,0,0,flat,0,1.04075e-09,1.00419e-07,1,2.47099e-08,0,0,1
6.88001,2.03633,0.219349,0,0.026254,0.73072,0.0263159,-0.00219372,-0.00423435,-0.999989,0.130544,0.4,0,0,flat,0,9.23068e-10,1.56338e-07,1,2.52516e-08,0,0,1
6.90001,2.04306,0.220615,0,0.0290389,0.731001,0.0293406,0.000591225,-0.00667956,-0.999978,0.129512,0.4,0,0,flat,0,1.08224e-09,4.48147e-07,1,3.85481e-08,0,0,1
6.92001,2.04843,0.221942,0,0.0317014,0.731245,0.0324473,0.0032537,-0.00939192,-0.999951,0.128388,0.4,0,0,flat,0,1.80309e-09,1.53404e-06,0.999998,8.888e-08,0,0,1
6.94001,2.05471,0.224101,0,0.0355787,0.731423,0.0367272,0.00713101,-0.0115957,-0.999907,0.127015,0.4,0,0,flat,0,4.88623e-09,7.5687e-06,0.999992,3.0587e-07,0,0,1
6.96002,2.05954,0.226357,0,0.0392525,0.731361,0.0401325,0.0108049,-0.0108376,-0.999883,0.12624,0.4,0,0,flat,0,1.60466e-08,3.67361e-05,0.999962,1.32577e-06,0,0,1
6.98002,2.06535,0.229704,0,0.0424514,0.730989,0.0426448,0.0140037,-0.00652609,-0.999881,0.125379,0.4,0,0,flat,0,3.68499e-08,0.000149384,0.999846,4.33038e-06,0,0,1
7.00002,2.07071,0.233365,0,0.0430299,0.729949,0.0432211,0.0145822,0.00152623,-0.999893,0.124383,0.4,0,0,flat,0,5.3112e-08,0.000248506,0.999741,1.01018e-05,0,0,1
7.02002,2.07666,0.236546,0,0.0395477,0.729232,0.0397338,0.0111001,0.0013032,-0.999938,0.123877,0.4,0,0,flat,0,7.89518e-08,0.000538329,0.99945,1.14095e-05,0,0,1
7.04002,2.08301,0.239222,0,0.0345684,0.729756,0.034575,0.00612076,-0.00214321,-0.999979,0.129297,0.4,0,0,flat,0,1.36682e-07,0.000107394,0.999866,2.6853e-05,0,0,1
7.06002,2.08884,0.242181,0,0.0326212,0.730691,0.0329306,0.00417351,0.00198685,-0.999989,0.136436,0.4,0,0,flat,0,1.65583e-07,1.4589e-05,0.999978,7.10844e-06,0,0,1
7.08002,2.09423,0.245044,0,0.0308618,0.731565,0.0325757,0.00241407,0.00792104,-0.999966,0.140595,0.4,0,0,flat,0,2.6754e-07,3.79082e-06,0.999992,3.40209e-06,0,0,1
7.10002,2.10106,0.248336,0,0.0283571,0.732333,0.0316757,-9.0596e-05,0.0116091,-0.999933,0.142288,0.4,0,0,flat,0,2.30994e-07,1.39774e-06,0.999997,1.84557e-06,0,0,1
7.12002,2.10682,0.250654,0,0.0261685,0.732674,0.030178,-0.00227917,0.0125327,-0.999919,0.144403,0.4,0,0,flat,0,1.81975e-07,2.05829e-06,0.999996,1.56391e-06,0,0,1
7.14002,2.11408,0.253126,0,0.0235054,0.733012,0.0281227,-0.00494226,0.0129401,-0.999904,0.145526,0.4,0,0,flat,0,2.04043e-07,4.7833e-06,0.999993,1.65097e-06,0,0,1
7.16002,2.12012,0.254888,0,0.021131,0.733258,0.0269361,-0.00731672,0.0142058,-0.999872,0.146614,0.4,0,0,flat,0,2.2634e-07,8.95918e-06,0.999989,1.81819e-06,0,0,1
7.18002,2.12689,0.256459,0,0.0198848,0.733431,0.0274859,-0.00856292,0.0164772,-0.999828,0.149765,0.4,0,0,flat,0,1.97596e-07,1.34905e-05,0.999985,1.59208e-06,0,0,1
7.20002,2.13381,0.25763,0,0.0195955,0.733431,0.0288261,-0.00885223,0.0186436,-0.999787,0.153814,0.4,0,0,flat,0,1.21524e-07,1.32621e-05,0.999986,9.98809e-07,0,0,1
7.22002,2.14161,0.258581,0,0.0204953,0.733178,0.0306387,-0.00795237,0.0202773,-0.999763,0.156741,0.4,0,0,flat,0,5.93817e-08,8.30522e-06,0.999991,4.61478e-07,0,0,1
7.24002,2.14872,0.259023,0,0.0231704,0.732634,0.0324142,-0.00527729,0.0201691,-0.999783,0.158183,0.4,0,0,flat,0,2.58781e-08,4.69768e-06,0.999995,2.07119e-07,0,0,1
7.26002,2.15521,0.258823,0,0.0261642,0.731844,0.0328599,-0.0022835,0.0173809,-0.999846,0.159686,0.4,0,0,flat,0,1.15963e-08,3.1025e-06,0.999997,1.11598e-07,0,0,1
7.28002,2.1627,0.257804,0,0.0284535,0.73053,0.0312055,5.79364e-06,0.0103102,-0.999947,0.160924,0.4,0,0,flat,0,7.86043e-09,3.06032e-06,0.999997,1.06688e-07,0,0,1
7.30002,2.17151,0.256533,0,0.0269673,0.729051,0.0286061,-0.00148041,0.00703572,-0.999974,0.167444,0.4,0,0,flat,0,1.31247e-08,7.14242e-06,0.999993,2.09639e-07,0,0,1
7.32002,2.17962,0.255916,0,0.0235788,0.728877,0.0277471,-0.00486887,0.0121309,-0.999915,0.170776,0.4,0,0,flat,0,1.24288e-08,3.9925e-06,0.999996,2.77966e-07,0,0,1
7.34002,2.18677,0.254832,0,0.0241834,0.729537,0.0280335,-0.00426432,0.0116786,-0.999923,0.163334,0.4,0,0,flat,0,8.28938e-09,6.31186e-06,0.999993,2.07435e-07,0,0,1
7.36002,2.19281,0.253662,0,0.0263989,0.730268,0.0286186,-0.00204875,0.00854949,-0.999961,0.159056,0.4,0,0,flat,0,3.62614e-09,3.26943e-06,0.999997,7.59919e-08,0,0,1
7.38002,2.20052,0.252886,0,0.0253919,0.730927,0.0261226,-0.00305576,0.00362794,-0.999989,0.157371,0.4,0,0,flat,0,2.04975e-09,1.1873e-06,0.999999,5.25215e-08,0,0,1
7.40003,2.20679,0.252813,0,0.0233066,0.731149,0.0233744,-0.00514108,-0.000754718,-0.999987,0.155172,0.4,0,0,flat,0,1.17826e-09,4.04617e-07,1,4.07731e-08,0,0,1
7.42003,2.2133,0.253163,0,0.0225003,0.731082,0.0225171,-0.00594738,-0.00319842,-0.999977,0.152859,0.4,0,0,flat,0,1.45376e-09,3.41671e-07,1,4.75932e-08,0,0,1
7.44003,2.21953,0.253765,0,0.0232202,0.730881,0.0232593,-0.00522745,-0.00378587,-0.999979,0.151062,0.4,0,0,flat,0,1.79789e-09,2.89357e-07,1,4.64395e-08,0,0,1
7.46003,2.22568,0.254465,0,0.0249152,0.73075,0.0249723,-0.00353247,-0.00414908,-0.999985,0.149798,0.4,0,0,flat,0,1.67405e-09,2.98005e-07,1,4.00128e-08,0,0,1
7.48003,2.23239,0.255363,0,0.0274382,0.730829,0.0275985,-0.00100949,-0.00542711,-0.999985,0.148624,0.4,0,0,flat,0,1.57879e-09,5.33263e-07,1,4.25717e-08,0,0,1
7.50003,2.2384,0.256394,0,0.030096,0.73105,0.0305451,0.00164829,-0.00769508,-0.999969,0.147207,0.4,0,0,flat,0,1.73582e-09,1.35741e-06,0.999999,6.40926e-08,0,0,1
7.52003,2.24429,0.25779,0,0.0329334,0.731304,0.0338959,0.00448574,-0.0105018,-0.999935,0.145753,0.4,0,0,flat,0,2.83574e-09,4.52407e-06,0.999995,1.37899e-07,0,0,1
7.54003,2.24986,0.259673,0,0.0366084,0.731441,0.0378716,0.00816075,-0.0121855,-0.999892,0.144514,0.4,0,0,flat,0,6.8696e-09,1.71396e-05,0.999982,4.3598e-07,0,0,1
7.56003,2.2551,0.262101,0,0.0405424,0.73139,0.0414925,0.0120947,-0.0113108,-0.999863,0.143328,0.4,0,0,flat,0,2.1769e-08,7.68857e-05,0.999921,1.71464e-06,0,0,1
7.58003,2.26019,0.265071,0,0.0434619,0.731062,0.0437258,0.0150142,-0.00725994,-0.999861,0.14255,0.4,0,0,flat,0,4.94366e-08,0.000251883,0.999743,5.36996e-06,0,0,1
7.60003,2.26481,0.26825,0,0.0442633,0.730269,0.0443123,0.0158156,-0.000489918,-0.999875,0.141527,0.4,0,0,flat,0,5.90909e-08,0.000399233,0.999591,1.00959e-05,0,0,1
7.62003,2.2704,0.271658,0,0.0415129,0.729365,0.0417332,0.0130652,0.00175799,-0.999913,0.139747,0.4,0,0,flat,0,9.44873e-08,0.000213331,0.999775,1.11161e-05,0,0,1
7.64003,2.27672,0.274447,0,0.0350719,0.729581,0.0350834,0.00662419,-0.00323073,-0.999973,0.14262,0.4,0,0,flat,0,1.38684e-07,9.60838e-05,0.999886,1.787e-05,0,0,1
7.66003,2.28277,0.277928,0,0.0324963,0.730403,0.0325867,0.00404861,-0.000130361,-0.999992,0.147827,0.4,0,0,flat,0,1.37029e-07,1.20162e-05,0.999981,6.76648e-06,0,0,1
7.68003,2.28781,0.280966,0,0.0308772,0.731265,0.0320815,0.00242953,0.00619784,-0.999978,0.151715,0.4,0,0,flat,0,2.9482e-07,5.05614e-06,0.999991,3.1773e-06,0,0,1
7.70003,2.2944,0.284356,0,0.0281183,0.732121,0.0311366,-0.00032943,0.0108675,-0.999941,0.155625,0.4,0,0,flat,0,2.39371e-07,1.59639e-06,0.999996,1.89516e-06,0,0,1
7.72003,2.29999,0.286787,0,0.0256849,0.732599,0.029674,-0.00276282,0.0123618,-0.99992,0.157539,0.4,0,0,flat,0,1.74424e-07,1.48075e-06,0.999997,1.34051e-06,0,0,1
7.74003,2.30698,0.289376,0,0.0232049,0.733065,0.0283255,-0.00524282,0.0137459,-0.999892,0.15952,0.4,0,0,flat,0,1.81733e-07,2.69436e-06,0.999996,1.30582e-06,0,0,1
7.76003,2.31347,0.291358,0,0.0210396,0.733365,0.02788,-0.0074081,0.015793,-0.999848,0.162435,0.4,0,0,flat,0,1.79454e-07,4.68092e-06,0.999994,1.21675e-06,0,0,1
7.78003,2.3201,0.292962,0,0.0197136,0.733509,0.0282981,-0.00873405,0.0178016,-0.999803,0.16544,0.4,0,0,flat,0,1.42326e-07,6.2205e-06,0.999993,9.05703e-07,0,0,1
7.80003,2.32626,0.294078,0,0.0191215,0.733505,0.0291429,-0.00932621,0.0194959,-0.999766,0.168316,0.4,0,0,flat,0,8.42823e-08,5.66043e-06,0.999994,5.05951e-07,0,0,1
7.82003,2.33394,0.295084,0,0.0198334,0.733298,0.0309446,-0.00861426,0.0212552,-0.999737,0.171203,0.4,0,0,flat,0,4.141e-08,3.76602e-06,0.999996,2.3636e-07,0,0,1
7.84004,2.34098,0.29555,0,0.0223831,0.732795,0.03282,-0.00606458,0.0215062,-0.99975,0.173304,0.4,0,0,flat,0,1.87354e-08,2.36881e-06,0.999997,1.14148e-07,0,0,1
7.86004,2.34744,0.29541,0,0.0253819,0.732008,0.0332943,-0.00306583,0.019048,-0.999814,0.174912,0.4,0,0,flat,0,8.89836e-09,1.61833e-06,0.999998,6.87716e-08,0,0,1
7.88004,2.35486,0.294492,0,0.0279808,0.730697,0.0316041,-0.000466941,0.0121915,-0.999926,0.176178,0.4,0,0,flat,0,6.58968e-09,1.97443e-06,0.999998,7.3055e-08,0,0,1
7.90004,2.36361,0.293316,0,0.0267965,0.729241,0.0290034,-0.00165123,0.00858814,-0.999962,0.183311,0.4,0,0,flat,0,1.15607e-08,5.39333e-06,0.999995,1.534e-07,0,0,1
7.92004,2.3716,0.292767,0,0.0238607,0.729062,0.028357,-0.00458696,0.0128238,-0.999907,0.187716,0.4,0,0,flat,0,1.26513e-08,3.66879e-06,0.999996,2.42842e-07,0,0,1
7.94004,2.37805,0.291968,0,0.0242203,0.729621,0.0283528,-0.00422739,0.0122413,-0.999916,0.180062,0.4,0,0,flat,0,8.46943e-09,6.07485e-06,0.999994,1.90449e-07,0,0,1
7.96004,2.38552,0.290706,0,0.0257804,0.730497,0.028146,-0.00266726,0.00879243,-0.999958,0.175601,0.4,0,0,flat,0,3.47824e-09,2.48475e-06,0.999997,6.44856e-08,0,0,1
7.98004,2.39187,0.290211,0,0.0246272,0.731019,0.0256064,-0.00382052,0.00450781,-0.999983,0.173388,0.4,0,0,flat,0,1.85654e-09,7.54645e-07,0.999999,4.14409e-08,0,0,1
8.00004,2.39887,0.29027,0,0.0223312,0.731272,0.0224083,-0.00611652,-0.000694408,-0.999981,0.169808,0.4,0,0,flat,0,8.49965e-10,2.99749e-07,1,2.42866e-08,0,0,1
8.02004,2.40608,0.290871,0,0.0212143,0.731099,0.0212364,-0.00723336,-0.00342694,-0.999968,0.167461,0.4,0,0,flat,0,1.13503e-09,2.39345e-07,1,3.4692e-08,0,0,1
8.04004,2.41157,0.291511,0,0.0225267,0.730787,0.0225382,-0.00592103,-0.00307765,-0.999978,0.168027,0.4,0,0,flat,0,1.4861e-09,1.70564e-07,1,4.02583e-08,0,0,1
8.06004,2.41834,0.292429,0,0.0248769,0.730605,0.0248934,-0.00357083,-0.00327696,-0.999988,0.167434,0.4,0,0,flat,0,1.62778e-09,1.88716e-07,1,3.79911e-08,0,0,1
8.08004,2.42459,0.293474,0,0.0270515,0.730697,0.0271543,-0.00139617,-0.00481812,-0.999987,0.16504,0.4,0,0,flat,0,1.41964e-09,2.66221e-07,1,3.44657e-08,0,0,1
8.10004,2.43074,0.294686,0,0.0295922,0.730939,0.0299499,0.00114448,-0.00708478,-0.999974,0.163172,0.4,0,0,flat,0,1.50494e-09,7.34338e-07,0.999999,4.87777e-08,0,0,1
8.12004,2.43673,0.296207,0,0.0324659,0.73121,0.0333122,0.0040182,-0.00994367,-0.999942,0.161813,0.4,0,0,flat,0,2.40372e-09,2.57948e-06,0.999997,1.07206e-07,0,0,1
8.14004,2.44184,0.29798,0,0.0358249,0.731339,0.0369957,0.00737717,-0.0117207,-0.999904,0.160651,0.4,0,0,flat,0,5.78151e-09,1.00354e-05,0.99999,3.45159e-07,0,0,1
8.16004,2.4472,0.300474,0,0.0398631,0.731297,0.0408291,0.0114154,-0.0113097,-0.999871,0.15905,0.4,0,0,flat,0,1.91565e-08,5.20125e-05,0.999947,1.42678e-06,0,0,1
8.18004,2.45243,0.303489,0,0.0430476,0.73099,0.0432762,0.0145999,-0.00689282,-0.99987,0.158083,0.4,0,0,flat,0,4.68436e-08,0.000193103,0.999802,5.07901e-06,0,0,1
8.20004,2.45764,0.307097,0,0.0438024,0.730082,0.0439746,0.0153547,0.00135804,-0.999881,0.157411,0.4,0,0,flat,0,6.23842e-08,0.000299018,0.99969,1.04804e-05,0,0,1
8.22004,2.46347,0.310522,0,0.040735,0.729295,0.0410083,0.0122873,0.00220626,-0.999922,0.156364,0.4,0,0,flat,0,7.69641e-08,0.000521996,0.999468,9.80366e-06,0,0,1
8.24004,2.47016,0.313594,0,0.0365493,0.72983,0.0365775,0.00810165,-0.00119782,-0.999966,0.1619,0.4,0,0,flat,0,1.1984e-07,6.92448e-05,0.999913,1.76265e-05,0,0,1
8.26005,2.47526,0.316399,0,0.0352447,0.730657,0.0354956,0.00679702,0.00168583,-0.999976,0.167223,0.4,0,0,flat,0,1.14578e-07,6.03735e-06,0.99999,3.5418e-06,0,0,1
8.28005,2.48121,0.319749,0,0.0328355,0.731591,0.0343119,0.00438783,0.00745275,-0.999963,0.170825,0.4,0,0,flat,0,2.10929e-07,1.88029e-06,0.999995,2.335e-06,0,0,1
8.30005,2.48808,0.323176,0,0.0295925,0.732341,0.0330192,0.0011448,0.0121495,-0.999926,0.174743,0.4,0,0,flat,0,1.85953e-07,8.58195e-07,0.999997,1.45663e-06,0,0,1
8.32005,2.49446,0.325899,0,0.0269794,0.732784,0.0316474,-0.00146825,0.0140445,-0.9999,0.177178,0.4,0,0,flat,0,1.4944e-07,1.11287e-06,0.999997,1.21054e-06,0,0,1
8.34005,2.50096,0.328276,0,0.0250524,0.733128,0.0308828,-0.00339534,0.0155612,-0.999873,0.179505,0.4,0,0,flat,0,1.70427e-07,2.45274e-06,0.999996,1.37462e-06,0,0,1
8.36005,2.50761,0.330328,0,0.023176,0.733382,0.0305256,-0.00527167,0.0173702,-0.999835,0.181872,0.4,0,0,flat,0,1.81749e-07,4.77334e-06,0.999994,1.38522e-06,0,0,1
8.38005,2.51439,0.332055,0,0.0217331,0.733488,0.0310484,-0.00671456,0.0196767,-0.999784,0.18449,0.4,0,0,flat,0,1.53099e-07,6.76926e-06,0.999992,1.09036e-06,0,0,1
8.40005,2.52063,0.333307,0,0.0212875,0.733427,0.0321798,-0.00716021,0.0216352,-0.99974,0.187251,0.4,0,0,flat,0,9.52084e-08,5.95091e-06,0.999993,6.31414e-07,0,0,1
8.42005,2.52833,0.334449,0,0.0222714,0.733119,0.0339942,-0.00617631,0.0231847,-0.999712,0.19014,0.4,0,0,flat,0,4.75988e-08,3.79142e-06,0.999996,3.05071e-07,0,0,1
8.44005,2.53528,0.334978,0,0.0250967,0.732506,0.0354064,-0.00335095,0.0224778,-0.999742,0.192238,0.4,0,0,flat,0,2.08376e-08,2.25663e-06,0.999998,1.40478e-07,0,0,1
8.46005,2.5424,0.334794,0,0.0277475,0.731599,0.0351156,-0.00070021,0.019023,-0.999819,0.194104,0.4,0,0,flat,0,8.66958e-09,1.44733e-06,0.999998,7.17829e-08,0,0,1
8.48005,2.54907,0.333993,0,0.0292924,0.730415,0.0328726,0.00084473,0.0124178,-0.999923,0.195243,0.4,0,0,flat,0,6.68451e-09,1.49841e-06,0.999998,7.26024e-08,0,0,1
8.50005,2.55779,0.332805,0,0.0276866,0.728965,0.0298402,-0.000761125,0.00862367,-0.999963,0.201365,0.4,0,0,flat,0,1.11052e-08,3.6975e-06,0.999996,1.44546e-07,0,0,1
8.52005,2.5649,0.33231,0,0.0245781,0.728759,0.0289335,-0.00386955,0.012765,-0.999911,0.206171,0.4,0,0,flat,0,1.20073e-08,3.05543e-06,0.999997,2.07741e-07,0,0,1
8.54005,2.57262,0.331324,0,0.025539,0.729499,0.0298243,-0.00290874,0.0129053,-0.999913,0.198594,0.4,0,0,flat,0,6.94243e-09,3.51888e-06,0.999996,1.47396e-07,0,0,1
8.56005,2.57933,0.330341,0,0.0270341,0.730314,0.0297762,-0.00141357,0.00998075,-0.999949,0.19407,0.4,0,0,flat,0,3.03221e-09,1.68489e-06,0.999998,6.05223e-08,0,0,1
8.58005,2.58633,0.330086,0,0.0255859,0.730888,0.0269449,-0.00286183,0.00594367,-0.999978,0.189324,0.4,0,0,flat,0,1.36771e-09,5.25119e-07,1,3.2922e-08,0,0,1
8.60005,2.59314,0.330305,0,0.0231421,0.731088,0.0234279,-0.00530557,0.00112467,-0.999985,0.185683,0.4,0,0,flat,0,8.44988e-10,2.4077e-07,1,2.95603e-08,0,0,1
8.62005,2.59957,0.33084,0,0.0221716,0.730949,0.022224,-0.00627609,-0.0010255,-0.99998,0.184081,0.4,0,0,flat,0,9.60357e-10,2.02151e-07,1,3.66974e-08,0,0,1
8.64005,2.60574,0.331567,0,0.0226917,0.73069,0.0227148,-0.00575598,-0.00151485,-0.999982,0.183193,0.4,0,0,flat,0,1.00202e-09,1.42365e-07,1,3.17682e-08,0,0,1
8.66005,2.61185,0.33243,0,0.0241497,0.730553,0.0241569,-0.00429801,-0.00207362,-0.999989,0.181961,0.4,0,0,flat,0,9.56737e-10,1.31029e-07,1,2.55146e-08,0,0,1
8.68005,2.61736,0.333356,0,0.0257769,0.730603,0.0257989,-0.00267079,-0.00353105,-0.99999,0.180066,0.4,0,0,flat,0,8.90538e-10,2.02121e-07,1,2.61392e-08,0,0,1
8.70006,2.62406,0.334683,0,0.0280783,0.730831,0.0283486,-0.000369379,-0.00637552,-0.99998,0.178319,0.4,0,0,flat,0,1.08912e-09,5.7164e-07,0.999999,4.01621e-08,0,0,1
8.72006,2.63003,0.336196,0,0.0302537,0.731079,0.0309811,0.00180599,-0.0091494,-0.999956,0.177671,0.4,0,0,flat,0,1.74857e-09,1.80182e-06,0.999998,8.90609e-08,0,0,1
8.74006,2.63572,0.338185,0,0.0338735,0.731214,0.035153,0.00542583,-0.0118864,-0.999915,0.176668,0.4,0,0,flat,0,4.36377e-09,7.70926e-06,0.999992,2.89248e-07,0,0,1
8.76006,2.64052,0.340466,0,0.0371891,0.731154,0.0384078,0.00874139,-0.0120821,-0.999889,0.175277,0.4,0,0,flat,0,1.49008e-08,3.49171e-05,0.999964,1.24228e-06,0,0,1
8.78006,2.64569,0.343509,0,0.0409954,0.730843,0.0414595,0.0125477,-0.00866248,-0.999884,0.17407,0.4,0,0,flat,0,3.9329e-08,0.000159752,0.999835,4.64631e-06,0,0,1
8.80006,2.65089,0.347185,0,0.0422588,0.729857,0.0422952,0.0138111,-0.000831715,-0.999904,0.173223,0.4,0,0,flat,0,6.16626e-08,0.000281299,0.999707,1.20156e-05,0,0,1
8.82006,2.65737,0.350814,0,0.0384911,0.729006,0.0385302,0.0100434,-0.000848545,-0.999949,0.172503,0.4,0,0,flat,0,9.24851e-08,0.000534386,0.999451,1.50236e-05,0,0,1
8.84006,2.66313,0.353237,0,0.0336717,0.729453,0.0337354,0.00522402,-0.00451794,-0.999976,0.178449,0.4,0,0,flat,0,1.3932e-07,9.32894e-05,0.999878,2.86872e-05,0,0,1
8.86006,2.66934,0.356633,0,0.0319748,0.730462,0.032048,0.00352707,-0.0003678,-0.999994,0.185035,0.4,0,0,flat,0,1.55295e-07,1.2672e-05,0.999978,9.33829e-06,0,0,1
8.88006,2.67452,0.359638,0,0.0307918,0.731357,0.0318671,0.00234412,0.00569954,-0.999981,0.187612,0.4,0,0,flat,0,2.87129e-07,4.14351e-06,0.999992,4.09569e-06,0,0,1
8.90006,2.68066,0.362713,0,0.0286278,0.732107,0.0310983,0.000180129,0.00963854,-0.999954,0.190511,0.4,0,0,flat,0,2.56699e-07,1.79326e-06,0.999996,2.26425e-06,0,0,1
8.92006,2.68704,0.365356,0,0.0261683,0.732573,0.0295249,-0.00227943,0.0111707,-0.999935,0.193947,0.4,0,0,flat,0,1.99793e-07,2.13273e-06,0.999996,1.78824e-06,0,0,1
8.94006,2.69423,0.367934,0,0.0236119,0.732967,0.0276955,-0.00483578,0.0119766,-0.999917,0.195299,0.4,0,0,flat,0,2.10342e-07,4.31796e-06,0.999994,1.83932e-06,0,0,1
8.96006,2.70088,0.369965,0,0.0213593,0.733256,0.0270222,-0.00708836,0.0140546,-0.999876,0.197241,0.4,0,0,flat,0,2.27309e-07,7.83055e-06,0.99999,1.89653e-06,0,0,1
8.98006,2.70764,0.371604,0,0.0203172,0.733417,0.0275314,-0.00813049,0.0160825,-0.999838,0.199711,0.4,0,0,flat,0,1.93473e-07,1.20087e-05,0.999986,1.62022e-06,0,0,1
9.00006,2.71458,0.372869,0,0.0200214,0.733409,0.0288199,-0.0084263,0.0182297,-0.999798,0.203253,0.4,0,0,flat,0,1.19291e-07,1.21659e-05,0.999987,9.88125e-07,0,0,1
9.02006,2.72162,0.373799,0,0.0211987,0.733166,0.0306367,-0.00724901,0.0196183,-0.999781,0.20619,0.4,0,0,flat,0,5.73703e-08,8.39254e-06,0.999991,4.54161e-07,0,0,1
9.04006,2.72867,0.374291,0,0.0241531,0.732612,0.0323903,-0.00429463,0.0190829,-0.999809,0.208054,0.4,0,0,flat,0,2.56653e-08,5.04255e-06,0.999995,2.02154e-07,0,0,1
9.06006,2.73514,0.374164,0,0.0273041,0.7318,0.0328944,-0.0011436,0.015843,-0.999874,0.2096,0.4,0,0,flat,0,1.14256e-08,3.06646e-06,0.999997,1.03859e-07,0,0,1
9.08006,2.74274,0.3733,0,0.0291857,0.730464,0.0314604,0.000738033,0.00924206,-0.999957,0.211638,0.4,0,0,flat,0,8.51248e-09,2.92039e-06,0.999997,1.04125e-07,0,0,1
9.10006,2.75169,0.372225,0,0.0270841,0.7289,0.0284892,-0.00136355,0.0063345,-0.999979,0.218445,0.4,0,0,flat,0,1.39606e-08,6.81156e-06,0.999993,1.95371e-07,0,0,1
9.12006,2.75962,0.371797,0,0.0242731,0.728716,0.0276891,-0.00417454,0.0108209,-0.999933,0.220822,0.4,0,0,flat,0,1.15232e-08,2.74035e-06,0.999997,2.35182e-07,0,0,1
9.14007,2.76679,0.371033,0,0.0244573,0.729342,0.0275509,-0.00399042,0.0101806,-0.99994,0.212553,0.4,0,0,flat,0,7.09865e-09,4.42686e-06,0.999995,1.46876e-07,0,0,1
9.16007,2.77299,0.370269,0,0.0251126,0.730023,0.0270377,-0.00333511,0.00751061,-0.999966,0.208309,0.4,0,0,flat,0,2.09387e-09,1.14579e-06,0.999999,4.42057e-08,0,0,1
9.18007,2.77993,0.370018,0,0.0240314,0.730607,0.0246552,-0.00441628,0.00300465,-0.999986,0.205008,0.4,0,0,flat,0,1.10136e-09,3.59161e-07,1,2.44774e-08,0,0,1
9.20007,2.78662,0.370329,0,0.0225168,0.730876,0.0225858,-0.00593088,-0.000781638,-0.999982,0.203729,0.4,0,0,flat,0,8.36703e-10,1.64298e-07,1,2.2298e-08,0,0,1
9.22007,2.79296,0.371081,0,0.0220937,0.730854,0.0220975,-0.00635401,-0.00260697,-0.999976,0.202349,0.4,0,0,flat,0,1.09542e-09,1.12255e-07,1,2.58731e-08,0,0,1
9.24007,2.79909,0.372103,0,0.0227527,0.730735,0.0227619,-0.00569503,-0.00296856,-0.999979,0.200901,0.4,0,0,flat,0,1.21569e-09,9.22984e-08,1,2.56656e-08,0,0,1
9.26007,2.80512,0.373262,0,0.0242639,0.730726,0.0242972,-0.00418382,-0.00368783,-0.999984,0.199251,0.4,0,0,flat,0,1.13987e-09,1.23215e-07,1,2.46498e-08,0,0,1
9.28007,2.81109,0.374551,0,0.0263248,0.730878,0.0264627,-0.00212286,-0.00515716,-0.999984,0.197881,0.4,0,0,flat,0,1.06046e-09,2.41497e-07,1,2.82374e-08,0,0,1
9.30007,2.81752,0.376186,0,0.028826,0.731169,0.0292062,0.000378276,-0.00717257,-0.999974,0.197167,0.4,0,0,flat,0,1.27083e-09,7.31178e-07,0.999999,4.65225e-08,0,0,1
9.32007,2.82314,0.378055,0,0.0321906,0.731375,0.0330607,0.00374289,-0.0100129,-0.999943,0.195304,0.4,0,0,flat,0,2.20869e-09,2.55136e-06,0.999997,1.10415e-07,0,0,1
9.34007,2.82858,0.380429,0,0.0354032,0.731442,0.0366183,0.0069555,-0.0118411,-0.999906,0.193282,0.4,0,0,flat,0,6.27958e-09,1.20997e-05,0.999987,3.70932e-07,0,0,1
9.36007,2.83372,0.383302,0,0.0384769,0.731332,0.0395021,0.0100292,-0.011428,-0.999884,0.19229,0.4,0,0,flat,0,1.90278e-08,5.6365e-05,0.999942,1.56695e-06,0,0,1
9.38007,2.83816,0.386312,0,0.0413678,0.731026,0.0417132,0.0129201,-0.00782843,-0.999886,0.191562,0.4,0,0,flat,0,4.23748e-08,0.000229787,0.999765,5.06126e-06,0,0,1
9.40007,2.84308,0.390226,0,0.0424229,0.730054,0.0425117,0.0139752,0.000181639,-0.999902,0.190707,0.4,0,0,flat,0,5.61299e-08,0.000392509,0.999596,1.16309e-05,0,0,1
9.42007,2.84855,0.39387,0,0.0394911,0.729154,0.0396798,0.0110434,0.00132295,-0.999938,0.189845,0.4,0,0,flat,0,9.58995e-08,0.000527942,0.999457,1.48828e-05,0,0,1
9.44007,2.85518,0.397269,0,0.0338312,0.729547,0.0338466,0.00538347,-0.00335494,-0.99998,0.193613,0.4,0,0,flat,0,1.68924e-07,0.000154015,0.999816,2.98212e-05,0,0,1
9.46007,2.86057,0.400671,0,0.0315045,0.730384,0.031572,0.00305682,-0.000504365,-0.999995,0.198965,0.4,0,0,flat,0,1.74636e-07,1.76559e-05,0.999974,7.72939e-06,0,0,1
9.48007,2.86615,0.404225,0,0.0290609,0.731326,0.0303434,0.000613161,0.00622716,-0.99998,0.203034,0.4,0,0,flat,0,3.22519e-07,5.28065e-06,0.999991,3.78445e-06,0,0,1
9.50007,2.87207,0.407475,0,0.0265083,0.732034,0.0295007,-0.00193934,0.0104428,-0.999944,0.207534,0.4,0,0,flat,0,2.23526e-07,1.40047e-06,0.999996,1.95468e-06,0,0,1
9.52007,2.87753,0.410025,0,0.0244945,0.732435,0.0284263,-0.00395321,0.0119242,-0.999921,0.210792,0.4,0,0,flat,0,1.774e-07,1.73857e-06,0.999997,1.50488e-06,0,0,1
9.54007,2.88444,0.41281,0,0.0219157,0.732798,0.026519,-0.006532,0.0124329,-0.999901,0.211837,0.4,0,0,flat,0,1.86151e-07,3.41559e-06,0.999995,1.38909e-06,0,0,1
9.56007,2.88961,0.41463,0,0.02009,0.733015,0.025485,-0.00835773,0.0131849,-0.999878,0.212254,0.4,0,0,flat,0,1.92475e-07,5.67491e-06,0.999993,1.27125e-06,0,0,1
9.58008,2.89752,0.416879,0,0.0184178,0.733257,0.0256645,-0.0100299,0.015373,-0.999831,0.215075,0.4,0,0,flat,0,1.68202e-07,8.86939e-06,0.99999,1.05651e-06,0,0,1
9.60008,2.90431,0.418313,0,0.0181675,0.733288,0.027009,-0.0102802,0.0174856,-0.999794,0.218905,0.4,0,0,flat,0,1.02307e-07,8.41464e-06,0.999991,6.49947e-07,0,0,1
9.62008,2.91127,0.419445,0,0.0191949,0.733124,0.028791,-0.00925277,0.0189622,-0.999777,0.221749,0.4,0,0,flat,0,4.9951e-08,5.80002e-06,0.999994,3.17832e-07,0,0,1
9.64008,2.91761,0.420153,0,0.0217793,0.732735,0.0306873,-0.0066684,0.0191191,-0.999795,0.223522,0.4,0,0,flat,0,2.26975e-08,3.46569e-06,0.999996,1.52015e-07,0,0,1
9.66008,2.92549,0.420349,0,0.0254601,0.731815,0.0317903,-0.00298757,0.016537,-0.999859,0.225245,0.4,0,0,flat,0,1.06253e-08,2.37745e-06,0.999997,8.54694e-08,0,0,1
9.68008,2.93234,0.420415,0,0.0273674,0.731458,0.0331615,-0.00108028,0.0162284,-0.999868,0.227373,0.4,0,0,flat,0,6.40357e-09,1.36984e-06,0.999998,8.62245e-08,0,0,1
9.70008,2.9401,0.420336,0,0.0322621,0.731949,0.0380976,0.00381443,0.0177617,-0.999835,0.223371,0.4,0,0,flat,0,6.27008e-09,2.41537e-06,0.999997,1.08783e-07,0,0,1
9.72008,2.9458,0.419739,0,0.0382115,0.732857,0.0426042,0.0097638,0.0163358,-0.999819,0.21808,0.4,0,0,flat,0,8.59612e-09,7.25115e-06,0.999993,1.31961e-07,0,0,1
9.74008,2.95199,0.419104,0,0.0425263,0.734514,0.0460283,0.0140787,0.0151002,-0.999787,0.214286,0.4,0,0,flat,0,9.05518e-09,2.9826e-06,0.999997,9.04212e-08,0,0,1
9.76008,2.95828,0.418927,0,0.0428252,0.735652,0.0445096,0.0143775,0.00961505,-0.99985,0.208459,0.4,0,0,flat,0,3.68535e-09,4.65343e-07,0.999999,7.40039e-08,0,0,1
9.78008,2.96462,0.419422,0,0.0416494,0.736345,0.0420634,0.0132017,0.00336344,-0.999907,0.203773,0.4,0,0,flat,0,2.53752e-09,8.96996e-08,1,6.47031e-08,0,0,1
9.80008,2.96934,0.420356,0,0.0403325,0.736568,0.0404167,0.0118848,3.03315e-05,-0.999929,0.200141,0.4,0,0,flat,0,1.53876e-09,1.65442e-08,1,4.02056e-08,0,0,1
9.82008,2.97402,0.421825,0,0.0395197,0.736505,0.0395624,0.011072,-0.000741474,-0.999938,0.196717,0.4,0,0,flat,0,6.77956e-10,5.05913e-09,1,1.78795e-08,0,0,1
9.84008,2.97862,0.423876,0,0.0392558,0.736303,0.0393524,0.0108081,0.000192848,-0.999942,0.193334,0.4,0,0,flat,0,5.22875e-10,7.38781e-09,1,1.05402e-08,0,0,1
9.86008,2.98204,0.425851,0,0.039264,0.736189,0.0394462,0.0108163,0.00124703,-0.999941,0.19088,0.4,0,0,flat,0,7.00462e-10,3.26298e-08,1,1.26747e-08,0,0,1
9.88008,2.98552,0.428365,0,0.0394069,0.736146,0.0396287,0.0109592,0.00164832,-0.999939,0.188614,0.4,0,0,flat,0,1.228e-09,2.38791e-07,1,2.6012e-08,0,0,1
9.90008,2.98893,0.431554,0,0.039396,0.736077,0.0395247,0.0109483,0.000635557,-0.99994,0.187683,0.4,0,0,flat,0,2.22692e-09,1.74661e-06,0.999998,7.96039e-08,0,0,1
9.92008,2.99158,0.434992,0,0.0393467,0.736027,0.0394401,0.010899,0.000151436,-0.999941,0.187845,0.4,0,0,flat,0,4.60821e-09,1.1148e-05,0.999989,2.86119e-07,0,0,1
9.94008,2.99386,0.439051,0,0.0390916,0.736136,0.0392371,0.0106439,0.000825929,-0.999943,0.186868,0.4,0,0,flat,0,1.06676e-08,4.19226e-05,0.999957,9.65902e-07,0,0,1
9.96008,2.99577,0.443317,0,0.0378454,0.736441,0.0380757,0.00939769,0.00164955,-0.999954,0.184011,0.4,0,0,flat,0,2.35155e-08,8.26026e-05,0.999915,2.85852e-06,0,0,1
9.98008,2.99779,0.448855,0,0.0350298,0.737158,0.0353728,0.00658213,0.00238959,-0.999976,0.176789,0.4,0,0,flat,0,9.59825e-08,6.81434e-05,0.999923,8.68223e-06,0,0,1
10.0001,2.99935,0.455119,0,0.0330913,0.738223,0.0349182,0.00464359,0.00863846,-0.999952,0.170195,0.4,0,0,flat,0,1.41109e-07,5.21851e-05,0.999934,1.3201e-05,0,0,1
10.0201,3.0005,0.462402,0,0.0342737,0.738783,0.0439516,0.00582598,0.0250135,-0.99967,0.169013,0.4,0,0,flat,0,1.20377e-07,1.63976e-06,0.999991,7.46518e-06,0,0,1
10.0401,3.00111,0.467765,0,0.0378692,0.73844,0.0519671,0.00942147,0.0330835,-0.999408,0.173105,0.4,0,0,flat,0,2.06992e-07,2.84426e-08,0.999996,3.35897e-06,0,0,1
10.0601,3.00252,0.473016,0,0.0375855,0.739138,0.0439027,0.00913779,0.0201865,-0.999754,0.17173,0.4,0,0,flat,0,3.195e-07,1.86243e-07,0.999995,4.15868e-06,0,0,1
10.0801,3.00429,0.478518,0,0.0317592,0.74002,0.0394492,0.00331151,0.0209004,-0.999776,0.169581,0.4,0,0,flat,0,1.43338e-06,3.82687e-07,0.999991,7.25157e-06,0,0,1
10.1001,3.00558,0.48316,0,0.0270514,0.741065,0.0399702,-0.0013963,0.0269263,-0.999636,0.172745,0.4,0,0,flat,0,1.25586e-06,2.76456e-08,0.999997,1.25594e-06,0,0,1
10.1201,3.00677,0.488149,0,0.0222766,0.742349,0.040331,-0.0061711,0.0311214,-0.999497,0.173523,0.4,0,0,flat,0,6.73294e-07,1.31419e-09,0.999999,3.18175e-07,0,0,1
10.1401,3.0077,0.492084,0,0.0175934,0.743285,0.0398537,-0.0108543,0.033262,-0.999388,0.174223,0.4,0,0,flat,0,6.43188e-07,4.49233e-10,0.999999,2.72865e-07,0,0,1
10.1601,3.00866,0.495429,0,0.0115354,0.743957,0.0390085,-0.0169122,0.0347635,-0.999252,0.17535,0.4,0,0,flat,0,8.95063e-07,5.31472e-10,0.999999,3.89819e-07,0,0,1
10.1801,3.00959,0.49822,0,0.00460186,0.744366,0.0391778,-0.0238458,0.0364046,-0.999053,0.177535,0.4,0,0,flat,0,1.08216e-06,5.59639e-10,0.999998,4.87005e-07,0,0,1
10.2001,3.0105,0.500653,0,-0.00212891,0.744669,0.0421497,-0.0305766,0.0395903,-0.998748,0.181308,0.4,0,0,flat,0,8.17075e-07,4.01677e-10,0.999999,3.01306e-07,0,0,1
10.2201,3.01123,0.502876,0,-0.00633933,0.745028,0.0470912,-0.034787,0.0441474,-0.998419,0.18373,0.4,0,0,flat,0,3.63623e-07,2.43878e-10,1,1.48609e-07,0,0,1
10.2401,3.0116,0.5046,0,-0.00636545,0.745305,0.0497739,-0.0348131,0.0468478,-0.998295,0.183414,0.4,0,0,flat,0,1.58012e-07,3.47212e-10,1,8.83583e-08,0,0,1
10.2601,3.01202,0.506512,0,-0.00272339,0.745697,0.052382,-0.0311711,0.0497931,-0.998273,0.180369,0.4,0,0,flat,0,1.12285e-07,1.18646e-09,1,8.32285e-08,0,0,1
10.2801,3.01246,0.508088,0,0.00312895,0.746113,0.0564203,-0.0253187,0.0538148,-0.99823,0.174265,0.4,0,0,flat,0,1.23788e-07,6.69478e-09,1,1.90093e-07,0,0,1
10.3001,3.01302,0.50974,0,0.0101634,0.746672,0.0619158,-0.0182843,0.0585532,-0.998117,0.166931,0.4,0,0,flat,0,2.13191e-07,6.29305e-08,0.999999,5.66605e-07,0,0,1
10.3201,3.01337,0.510977,0,0.0197317,0.747223,0.0672795,-0.00871601,0.0617927,-0.998051,0.158051,0.4,0,0,flat,0,3.55588e-07,3.0815e-07,0.999998,1.50793e-06,0,0,1
10.3401,3.01305,0.511233,0,0.0314868,0.747456,0.0681323,0.00303909,0.0578964,-0.998318,0.148749,0.4,0,0,flat,0,4.49485e-07,9.52662e-07,0.999996,2.71129e-06,0,0,1
10.3601,3.01255,0.510906,0,0.0382444,0.747573,0.064468,0.00979673,0.0493817,-0.998732,0.144627,0.4,0,0,flat,0,7.26494e-07,1.0272e-06,0.999995,3.54561e-06,0,0,1
10.3801,3.01209,0.510484,0,0.0393555,0.747246,0.0552098,0.0109078,0.0362149,-0.999285,0.142347,0.4,0,0,flat,0,1.24282e-06,2.94799e-07,0.999996,2.35542e-06,0,0,1
10.4001,3.01158,0.510776,0,0.0338997,0.745639,0.042776,0.00545204,0.0235873,-0.999707,0.13647,0.4,0,0,flat,0,1.01759e-06,8.41188e-09,0.999998,7.99611e-07,0,0,1
10.4201,3.01063,0.511814,0,0.0279559,0.743561,0.0352664,-0.000491745,0.0189983,-0.999819,0.13003,0.4,0,0,flat,0,1.65934e-06,3.71076e-10,0.999998,4.17556e-07,0,0,1
10.4401,3.0088,0.514209,0,0.0213095,0.742524,0.0371549,-0.00713819,0.0279398,-0.999584,0.125354,0.4,0,0,flat,0,4.08715e-06,3.13126e-11,0.999996,2.76042e-07,0,0,1
10.4601,3.00634,0.516487,0,0.0148111,0.742079,0.0373389,-0.0136366,0.0317781,-0.999402,0.124251,0.4,0,0,flat,0,8.13358e-07,5.22765e-12,0.999999,7.20997e-08,0,0,1
10.4801,3.00384,0.51837,0,0.011254,0.742094,0.0371725,-0.0171937,0.0329294,-0.99931,0.124851,0.4,0,0,flat,0,2.31546e-07,3.26446e-12,1,1.49373e-08,0,0,1
10.5001,3.00067,0.520957,0,0.0065729,0.742136,0.0379502,-0.0218748,0.0348776,-0.999152,0.124764,0.4,0,0,flat,0,3.81217e-07,7.4124e-12,1,1.58291e-08,0,0,1
10.5201,2.99768,0.523629,0,0.00130671,0.741929,0.0391092,-0.027141,0.0365842,-0.998962,0.12347,0.4,0,0,flat,0,9.69409e-07,1.8253e-11,0.999999,4.70185e-08,0,0,1
10.5401,2.99447,0.52658,0,-0.0039073,0.741217,0.042367,-0.032355,0.0396785,-0.998689,0.123591,0.4,0,0,flat,0,5.27539e-06,6.27448e-11,0.999995,2.97055e-07,0,0,1
10.5601,2.99148,0.529612,0,-0.0103907,0.739963,0.049204,-0.0388384,0.045573,-0.998206,0.127184,0.4,0,0,flat,0,0.00015089,3.60421e-10,0.999843,6.13848e-06,0,0,1
10.5801,2.98774,0.534656,0,-0.0179435,0.737499,0.0581547,-0.0463912,0.0527744,-0.997528,0.130457,0.4,0,0,flat,0,0.00635951,1.54085e-09,0.993479,0.000161098,0,0,1
10.6001,2.98399,0.540701,0,-0.0257349,0.735079,0.0633198,-0.0541826,0.0552896,-0.996999,0.130229,0.4,0,0,flat,0,0.337087,4.9854e-09,0.660506,0.00240763,0,0,1
10.6201,2.98032,0.545839,0,-0.0306205,0.735128,0.0528512,-0.0590682,0.0405205,-0.997431,0.126071,0.4,0,0,flat,0,0.140964,6.53105e-09,0.858369,0.000667044,0,0,1
10.6401,2.97577,0.552692,0,-0.0309274,0.736548,0.049488,-0.0593751,0.0360802,-0.997584,0.11716,0.4,0,0,flat,0,0.441398,1.15345e-08,0.557497,0.00110459,0,0,1
10.6601,2.97045,0.559977,0,-0.0235602,0.738982,0.0472619,-0.0520079,0.0384351,-0.997907,0.114995,0.4,0,0,flat,0,0.783896,5.99004e-09,0.215586,0.000518072,0,0,1
10.6801,2.96646,0.565346,0,-0.0165309,0.741124,0.04546,-0.0449786,0.0398245,-0.998194,0.11509,0.4,0,0,flat,0,0.678431,9.03708e-09,0.321061,0.000507823,0,0,1
10.7001,2.96235,0.571295,0,-0.0122034,0.74327,0.0450198,-0.0406511,0.0408166,-0.998339,0.114016,0.4,0,0,flat,0,0.578828,1.47096e-08,0.420553,0.000618771,0,0,1
10.7201,2.95944,0.575626,0,-0.0128667,0.744389,0.0459868,-0.0413144,0.0416319,-0.998278,0.113214,0.4,0,0,flat,0,0.641897,1.95582e-08,0.357493,0.000610343,0,0,1
10.7401,2.95624,0.579714,0,-0.0155198,0.744975,0.0463587,-0.0439675,0.0411601,-0.998185,0.11255,0.4,0,0,flat,0,0.746567,1.81188e-08,0.252816,0.000617163,0,0,1
10.7601,2.9526,0.583212,0,-0.0185492,0.744983,0.0451124,-0.0469969,0.038598,-0.998149,0.111775,0.4,0,0,flat,0,0.851967,1.56393e-08,0.147221,0.000811698,0,0,1
10.7801,2.94948,0.585351,0,-0.0205462,0.744657,0.0427997,-0.0489939,0.03502,-0.998185,0.110674,0.4,0,0,flat,0,0.91949,1.24036e-08,0.0796074,0.000902348,0,0,1
10.8001,2.94591,0.587081,0,-0.021395,0.744088,0.0394507,-0.0498427,0.0306213,-0.998288,0.110165,0.4,0,0,flat,0,0.927261,1.68017e-08,0.0719878,0.000751475,0,0,1
10.8201,2.94186,0.588283,0,-0.0202562,0.743352,0.0340923,-0.0487039,0.024901,-0.998503,0.110352,0.4,0,0,flat,0,0.872385,2.44155e-08,0.127047,0.000567621,0,0,1
10.8401,2.93842,0.588757,0,-0.0163069,0.742723,0.0266535,-0.0447546,0.0185726,-0.998825,0.112854,0.4,0,0,flat,0,0.717992,6.22051e-08,0.281405,0.000603317,0,0,1
10.8601,2.93465,0.588942,0,-0.0103033,0.74192,0.0170026,-0.038751,0.0110276,-0.999188,0.116618,0.4,0,0,flat,0,0.362094,1.11831e-07,0.637475,0.000430457,0,0,1
10.8801,2.93072,0.588873,0,-0.00244477,0.740504,0.00248976,-0.0308925,-0.00208356,-0.999521,0.118343,0.4,0,0,flat,0,0.134225,3.93724e-08,0.865644,0.00013094,0,0,1
10.9001,2.92721,0.588604,0,0.00562865,0.738437,0.0181752,-0.022819,-0.0197765,-0.999544,0.116703,0.4,0,0,flat,0,0.100239,1.66679e-08,0.89971,5.09552e-05,0,0,1
10.9201,2.92397,0.588184,0,0.0129126,0.735714,0.0405904,-0.0155351,-0.0409719,-0.99904,0.114193,0.4,0,0,flat,0,0.255964,5.88489e-08,0.743966,6.97703e-05,0,0,1
10.9401,2.92158,0.589724,0,0.0138754,0.735417,0.0377865,-0.0145723,-0.0376388,-0.999185,0.120253,0.4,0,0,flat,0,0.935466,6.49091e-07,0.064435,9.80835e-05,0,0,1
10.9601,2.92044,0.591013,0,0.00779569,0.735625,0.0371757,-0.020652,-0.0388403,-0.999032,0.126478,0.4,0,0,flat,0,0.810958,3.66331e-08,0.189011,3.18154e-05,0,0,1
10.9801,2.91952,0.59143,0,0.00496748,0.7356,0.0429984,-0.0234802,-0.0451947,-0.998702,0.127102,0.4,0,0,flat,0,0.261756,2.86149e-08,0.738236,7.61527e-06,0,0,1
11.0001,2.91879,0.591531,0,0.00523056,0.735601,0.0488159,-0.0232171,-0.051013,-0.998428,0.130051,0.4,0,0,flat,0,0.230505,5.81242e-08,0.769486,7.97241e-06,0,0,1
11.0201,2.91815,0.591818,0,0.0090628,0.735793,0.0514632,-0.0193849,-0.0531353,-0.998399,0.134083,0.4,0,0,flat,0,0.13375,9.86109e-09,0.866242,8.02826e-06,0,0,1
11.0401,2.91775,0.59246,0,0.0155555,0.736175,0.0525468,-0.0128922,-0.0526702,-0.998529,0.136951,0.4,0,0,flat,0,0.0585183,1.69356e-09,0.941474,7.71238e-06,0,0,1
11.0601,2.91775,0.593612,0,0.0214557,0.736778,0.0541288,-0.00699198,-0.0521735,-0.998614,0.138239,0.4,0,0,flat,0,0.0728158,5.51001e-10,0.927171,1.34364e-05,0,0,1
11.0801,2.91823,0.595385,0,0.0294974,0.737565,0.0576634,0.00104973,-0.0520249,-0.998645,0.138863,0.4,0,0,flat,0,0.0610657,2.85158e-10,0.938915,1.93186e-05,0,0,1
11.1001,2.91911,0.597879,0,0.0352236,0.738459,0.0614381,0.00677588,-0.0528135,-0.998581,0.139044,0.4,0,0,flat,0,0.110577,3.84891e-10,0.889384,3.88555e-05,0,0,1
11.1201,2.9203,0.601177,0,0.0402894,0.73929,0.065214,0.0118417,-0.053749,-0.998484,0.13996,0.4,0,0,flat,0,0.163846,4.97068e-10,0.836106,4.83338e-05,0,0,1
11.1401,2.9215,0.604835,0,0.0452715,0.73982,0.0682504,0.0168238,-0.0535397,-0.998424,0.14224,0.4,0,0,flat,0,0.195146,5.10626e-10,0.804807,4.72145e-05,0,0,1
11.1601,2.92307,0.610234,0,0.0518454,0.739992,0.0709057,0.0233977,-0.0508301,-0.998433,0.14556,0.4,0,0,flat,0,0.209817,4.97319e-10,0.790144,3.9688e-05,0,0,1
11.1801,2.92446,0.615952,0,0.0610255,0.739444,0.0730326,0.0325778,-0.0425738,-0.998562,0.151498,0.4,0,0,flat,0,0.283409,4.15843e-10,0.716553,3.85655e-05,0,0,1
11.2001,2.92591,0.622442,0,0.0704279,0.737962,0.0755897,0.0419802,-0.0298844,-0.998671,0.15701,0.4,0,0,flat,0,0.380199,2.98571e-10,0.619761,4.00556e-05,0,0,1
11.2201,2.92761,0.6295,0,0.0784496,0.735221,0.0792526,0.0500019,-0.0135619,-0.998657,0.161623,0.4,0,0,flat,0,0.532871,4.12877e-10,0.467087,4.22248e-05,0,0,1
11.2401,2.93005,0.634786,0,0.0838474,0.733145,0.0839444,0.0553997,-0.00581026,-0.998447,0.16707,0.4,0,0,flat,0,0.64021,1.24979e-09,0.359742,4.79473e-05,0,0,1
11.2601,2.93439,0.640159,0,0.083661,0.732522,0.0843974,0.0552133,-0.0133641,-0.998385,0.166587,0.4,0,0,flat,0,0.318795,4.84198e-09,0.681149,5.66194e-05,0,0,1
11.2801,2.93857,0.645351,0,0.0819851,0.731801,0.0823946,0.0535374,-0.0103907,-0.998512,0.167218,0.4,0,0,flat,0,0.905083,2.45413e-08,0.0948726,4.46789e-05,0,0,1
11.3001,2.9423,0.649756,0,0.0811064,0.731254,0.0811835,0.0526587,-0.00531994,-0.998598,0.168928,0.4,0,0,flat,0,0.993838,2.20469e-09,0.00614934,1.21917e-05,0,0,1
11.3201,2.94688,0.654652,0,0.0806876,0.730836,0.0807709,0.0522399,0.000514888,-0.998634,0.170427,0.4,0,0,flat,0,0.998927,6.99057e-10,0.00106692,5.71044e-06,0,0,1
11.3401,2.9509,0.658388,0,0.0796751,0.730722,0.080142,0.0512274,0.00589691,-0.99867,0.172176,0.4,0,0,flat,0,0.999631,6.13421e-10,0.000365188,3.43567e-06,0,0,1
11.3601,2.95571,0.662229,0,0.0776075,0.73073,0.0792194,0.0491598,0.013276,-0.998703,0.175452,0.4,0,0,slope_up,0,0.999745,6.3489e-10,0.000252141,2.80026e-06,0.1,0,0.9
11.3801,2.9611,0.665812,0,0.0742095,0.730736,0.0786039,0.0457618,0.0233406,-0.99868,0.183165,0.4,0,0,slope_up,0,0.999642,5.60731e-10,0.000354949,3.01025e-06,0.2,0,0.8
11.4001,2.96676,0.669113,0,0.071555,0.730551,0.0801345,0.0431074,0.0335154,-0.998508,0.191401,0.4,0,0,slope_up,0,0.99913,4.76346e-10,0.000866029,3.97264e-06,0.3,0,0.7
11.4201,2.97292,0.672293,0,0.0719122,0.730039,0.0845514,0.0434645,0.0419039,-0.998176,0.197699,0.4,0,0,slope_up,0,0.994195,1.18899e-09,0.00579771,7.79065e-06,0.4,0,0.6
11.4401,2.97841,0.674763,0,0.075945,0.729374,0.0905963,0.0474974,0.0468107,-0.997774,0.200146,0.4,0,0,slope_up,0,0.903307,1.17182e-08,0.0966722,2.05282e-05,0.5,0,0.5
11.4601,2.98377,0.676952,0,0.083631,0.728725,0.0991352,0.0551833,0.0506055,-0.997193,0.199021,0.4,0,0,slope_up,0,0.313693,5.50703e-08,0.686286,2.10974e-05,0.6,0,0.4
11.4801,2.98893,0.678972,0,0.0945762,0.728271,0.110462,0.0661285,0.0543734,-0.996329,0.194175,0.4,0,0,slope_up,0,0.0607542,8.12329e-08,0.939237,8.38918e-06,0.7,0,0.3
11.5001,2.99399,0.680934,0,0.107507,0.728012,0.122928,0.0790597,0.0567962,-0.995251,0.183125,0.4,0,0,slope_up,0,0.0159224,6.55976e-08,0.984074,3.41521e-06,0.8,0,0.2
11.5201,2.99876,0.682645,0,0.120173,0.727971,0.135218,0.0917254,0.0590149,-0.994034,0.171425,0.4,0,0,slope_up,0,0.00757608,5.51587e-08,0.992422,2.21588e-06,0.9,0,0.1
11.5401,3.00447,0.68449,0,0.13028,0.728445,0.144764,0.101832,0.0599847,-0.992992,0.165157,0.4,0,0,slope_up,0,0.011899,2.09829e-07,0.988098,2.80606e-06,1,0,0
11.5601,3.01082,0.686049,0,0.141564,0.730903,0.152561,0.113116,0.0534845,-0.992141,0.16023,0.4,0,0,slope_up,0,0.0228149,2.54923e-06,0.977178,4.28098e-06,1,0,0
11.5801,3.01705,0.687244,0,0.147348,0.734438,0.152379,0.1189,0.035052,-0.992287,0.148145,0.4,0,0,slope_up,0,0.0104443,3.29503e-06,0.98955,2.79495e-06,1,0,0
11.6001,3.02346,0.688293,0,0.150062,0.737775,0.15176,0.121614,0.0179234,-0.992416,0.144385,0.4,0,0,slope_up,0,0.0860822,1.45676e-05,0.913895,8.57714e-06,1,0,0
11.6201,3.02927,0.689156,0,0.155776,0.740898,0.156131,0.127328,-0.0012375,-0.99186,0.144761,0.4,0,0,slope_up,0,0.766033,5.76035e-06,0.233871,9.00489e-05,1,0,0
11.6401,3.0348,0.690247,0,0.161569,0.743766,0.162395,0.133121,-0.0141611,-0.990999,0.144203,0.4,0,0,slope_up,0,0.895192,3.68435e-06,0.104515,0.000289907,1,0,0
11.6601,3.04044,0.691702,0,0.164886,0.746254,0.166465,0.136438,-0.0218592,-0.990407,0.143929,0.4,0,0,slope_up,0,0.802573,6.91503e-06,0.196616,0.000804299,1,0,0
11.6801,3.0462,0.693453,0,0.166029,0.748323,0.168726,0.137582,-0.0297769,-0.990043,0.143897,0.4,0,0,slope_up,0,0.65712,1.08131e-05,0.341088,0.00178053,1,0,0
11.7001,3.05126,0.695337,0,0.165594,0.749829,0.169441,0.137146,-0.0360541,-0.989894,0.143953,0.4,0,0,slope_up,0,0.73604,1.73505e-05,0.260507,0.00343591,1,0,0
11.7201,3.05698,0.698111,0,0.165274,0.751152,0.171211,0.136826,-0.0452243,-0.989562,0.1448,0.4,0,0,slope_up,0,0.741583,3.05471e-05,0.253189,0.0051971,1,0,0
11.7401,3.06171,0.701372,0,0.165551,0.751704,0.173562,0.137104,-0.0528137,-0.989148,0.145019,0.4,0,0,slope_up,0,0.588748,2.67197e-05,0.404886,0.00633864,1,0,0
11.7601,3.06625,0.705698,0,0.165543,0.751408,0.173842,0.137096,-0.0537834,-0.989097,0.1448,0.4,0,0,slope_up,0,0.658127,1.22479e-05,0.332995,0.0088653,1,0,0
11.7801,3.07081,0.711205,0,0.164169,0.749898,0.169695,0.135721,-0.0434841,-0.989792,0.143622,0.4,0,0,slope_up,0,0.928645,4.12316e-06,0.0604444,0.0109061,1,0,0
11.8001,3.07544,0.717208,0,0.160819,0.747191,0.163229,0.132371,-0.0278933,-0.990808,0.139928,0.4,0,0,slope_up,0,0.993186,1.38978e-06,0.00170074,0.00511167,1,0,0
11.8201,3.08053,0.722052,0,0.153786,0.745363,0.156248,0.125338,-0.0280271,-0.991718,0.13274,0.4,0,0,slope_up,0,0.991469,7.31381e-06,0.000684072,0.00783939,1,0,0
11.8401,3.08563,0.727865,0,0.14563,0.743628,0.146787,0.117183,-0.0184734,-0.992939,0.128155,0.4,0,0,slope_up,0,0.976416,1.41663e-05,0.00525129,0.0183188,1,0,0
11.8601,3.09033,0.733705,0,0.139015,0.741362,0.139258,0.110568,-0.00435807,-0.993859,0.124409,0.4,0,0,slope_up,0,0.982103,5.31294e-06,0.00735675,0.0105348,1,0,0
11.8801,3.09586,0.740492,0,0.134967,0.736449,0.135966,0.10652,0.0121111,-0.994237,0.11712,0.4,0,0,slope_up,0,0.974993,3.06889e-06,0.0190863,0.00591732,1,0,0
11.9001,3.10014,0.742135,0,0.136911,0.734524,0.137171,0.108463,-0.00586146,-0.994083,0.119685,0.4,0,0,slope_up,0,0.995128,6.27546e-06,0.0027152,0.00215042,1,0,0
11.9201,3.10598,0.744478,0,0.133272,0.734234,0.133551,0.104825,-0.0071265,-0.994465,0.114257,0.4,0,0,slope_up,0,0.946275,8.06501e-06,0.0352412,0.0184755,1,0,0
11.9401,3.11261,0.747235,0,0.128653,0.735319,0.128976,0.100205,0.00373611,-0.99496,0.106299,0.4,0,0,slope_up,0,0.820816,3.19074e-06,0.132366,0.046815,1,0,0
11.9601,3.11761,0.748954,0,0.128183,0.736481,0.129088,0.0997355,0.0112276,-0.994951,0.104005,0.4,0,0,slope_up,0,0.486852,4.89435e-06,0.405401,0.107743,1,0,0
11.9801,3.12345,0.750474,0,0.12951,0.737936,0.131095,0.101063,0.016609,-0.994741,0.103491,0.4,0,0,slope_up,0,0.300583,1.24303e-05,0.447398,0.252006,1,0,0
12.0001,3.12815,0.751481,0,0.130792,0.739103,0.132896,0.102345,0.0199374,-0.994549,0.10233,0.4,0,0,slope_up,0,0.158571,2.3439e-05,0.280885,0.560521,1,0,0
12.0201,3.13318,0.752424,0,0.132655,0.740427,0.135488,0.104207,0.024025,-0.994265,0.0980222,0.4,0,0,slope_up,0,0.082099,4.68235e-05,0.0914176,0.826437,1,0,0
12.0401,3.13813,0.753213,0,0.135707,0.741735,0.139066,0.107259,0.0268191,-0.993869,0.0895637,0.4,0,0,NEUTRAL,0,0.0337257,2.55974e-05,0.0622269,0.904022,1,0,0
12.0601,3.14205,0.753726,0,0.140045,0.742491,0.143485,0.111597,0.0275299,-0.993372,0.0761276,0.4,0,0,NEUTRAL,0,0.0190196,2.11699e-05,0.0353981,0.945561,1,0,0
12.0801,3.14567,0.754032,0,0.144802,0.742816,0.147958,0.116355,0.0264627,-0.992855,0.0614614,0.4,0,0,NEUTRAL,0,0.00975767,1.89832e-05,0.0150944,0.975129,1,0,0
12.1001,3.14878,0.754171,0,0.149036,0.742766,0.151776,0.120588,0.0244902,-0.9924,0.0471925,0.4,0,0,NEUTRAL,0,0.00537302,1.82415e-05,0.00733959,0.987269,1,0,0
12.1201,3.15215,0.754309,0,0.153469,0.742475,0.155884,0.125021,0.0227752,-0.991893,0.0292802,0.4,0,0,NEUTRAL,0,0.00420459,2.18966e-05,0.00345132,0.992322,1,0,0
12.1401,3.15562,0.754401,0,0.159033,0.742163,0.161292,0.130585,0.0219344,-0.991194,0.00483483,0.4,0,0,NEUTRAL,0,0.00274633,1.08415e-05,0.00168459,0.995558,1,0,0
12.1601,3.15814,0.754153,0,0.164758,0.742145,0.166999,0.13631,0.0218931,-0.990424,-0.016285,0.4,0,0,NEUTRAL,0,0.0027029,9.3622e-06,0.000655542,0.996632,1,0,0
12.1801,3.1608,0.753208,0,0.172557,0.74251,0.174682,0.144109,0.0210682,-0.989337,-0.042063,0.4,0,0,NEUTRAL,0,0.00248154,7.45838e-06,0.000657731,0.996853,1,0,0
12.2001,3.16275,0.751904,0,0.178276,0.743054,0.180004,0.149828,0.0177537,-0.988553,-0.066033,0.4,0,0,NEUTRAL,0,0.00305484,6.43433e-06,0.000988266,0.99595,1,0,0
12.2201,3.16498,0.749801,0,0.181424,0.74378,0.182367,0.152976,0.00851325,-0.988193,-0.0884504,0.4,0,0,NEUTRAL,0,0.00411477,4.26578e-06,0.00283952,0.993041,1,0,0
12.2401,3.16804,0.747615,0,0.179386,0.743801,0.179984,0.150939,-0.00477814,-0.988532,-0.109873,0.4,0,0,NEUTRAL,0,0.0118231,2.00732e-06,0.00734518,0.98083,1,0,0
12.2601,3.17097,0.746071,0,0.176864,0.74453,0.177711,0.148417,-0.0125813,-0.988845,-0.1328,0.4,0,0,NEUTRAL,0,0.243247,3.8367e-06,0.00421311,0.752537,1,0,0
12.2801,3.17342,0.743838,0,0.178549,0.745862,0.180283,0.150101,-0.0227262,-0.988409,-0.145725,0.4,0,0,NEUTRAL,0,0.478687,7.55081e-06,0.00456034,0.516745,1,0,0
12.3001,3.17573,0.741477,0,0.182216,0.747493,0.185517,0.153768,-0.0336408,-0.987534,-0.155123,0.4,0,0,NEUTRAL,0,0.44369,8.41761e-06,0.0156286,0.540673,1,0,0
12.3201,3.17798,0.739778,0,0.185415,0.749213,0.190288,0.156968,-0.0419379,-0.986713,-0.163111,0.4,0,0,NEUTRAL,0,0.477678,5.2266e-06,0.0373375,0.484979,1,0,0
12.3401,3.18084,0.738369,0,0.187455,0.751437,0.194288,0.159007,-0.0505041,-0.985985,-0.171522,0.4,0,0,NEUTRAL,0,0.589966,3.1563e-06,0.0424635,0.367567,1,0,0
12.3601,3.1844,0.737347,0,0.187863,0.754285,0.196951,0.159416,-0.0588169,-0.985458,-0.17864,0.4,0,0,NEUTRAL,0,0.691773,2.35892e-06,0.0312745,0.27695,1,0,0
12.3801,3.18805,0.736908,0,0.186445,0.757159,0.196981,0.157997,-0.0634315,-0.9854,-0.182322,0.4,0,0,NEUTRAL,0,0.760919,2.00463e-06,0.0216933,0.217386,1,0,0
12.4001,3.19178,0.737102,0,0.18297,0.759633,0.193069,0.154522,-0.061648,-0.986064,-0.185975,0.4,0,0,NEUTRAL,0,0.835869,1.58765e-06,0.0161264,0.148003,1,0,0
12.4201,3.19701,0.737603,0,0.174054,0.762123,0.182027,0.145607,-0.0535901,-0.98789,-0.196618,0.4,0,0,NEUTRAL,0,0.862791,2.23078e-06,0.00890079,0.128306,1,0,0
12.4401,3.20132,0.738256,0,0.165662,0.76369,0.170623,0.137214,-0.0412239,-0.989683,-0.20625,0.4,0,0,NEUTRAL,0,0.952499,3.6049e-07,0.000415018,0.0470857,1,0,0
12.4601,3.20652,0.741673,0,0.156984,0.76164,0.157421,0.128536,0.00241081,-0.991702,-0.215393,0.4,0,0,slope_up,0,0.937277,4.22869e-07,8.67038e-05,0.0626354,1,0,0
12.4801,3.21099,0.744244,0,0.149534,0.756435,0.15395,0.121087,0.0326772,-0.992104,-0.213435,0.4,0,0,slope_up,0,0.947306,1.8519e-06,2.56814e-05,0.0526666,1,0,0
12.5001,3.21646,0.746633,0,0.141446,0.746677,0.151628,0.112999,0.0512295,-0.992274,-0.208308,0.4,0,0,slope_up,0,0.962647,3.1456e-06,2.6018e-05,0.0373236,1,0,0
12.5201,3.22027,0.747529,0,0.138701,0.737873,0.148108,0.110254,0.0485987,-0.992715,-0.204264,0.4,0,0,slope_up,0,0.978308,6.7295e-06,1.98887e-05,0.0216654,1,0,0
12.5401,3.22437,0.746043,0,0.136371,0.731769,0.137797,0.107924,0.0156774,-0.994036,-0.211212,0.4,0,0,slope_up,0,0.683643,2.15334e-05,0.000120764,0.316215,1,0,0
12.5601,3.22867,0.745926,0,0.134611,0.729339,0.135163,0.106163,0.00717142,-0.994323,-0.226298,0.4,0,0,slope_up,0,0.948812,1.4278e-05,1.03531e-05,0.0511632,1,0,0
12.5801,3.23237,0.746004,0,0.136358,0.728994,0.137128,0.107911,0.00978605,-0.994112,-0.2393,0.4,0,0,slope_up,0,0.977473,7.59781e-06,4.98858e-06,0.0225141,1,0,0
12.6001,3.2362,0.745591,0,0.142425,0.729974,0.143618,0.113977,0.0138572,-0.993387,-0.254265,0.4,0,0,slope_up,0,0.972478,1.70077e-05,7.50324e-06,0.0274975,1,0,0
12.6201,3.23979,0.744894,0,0.150002,0.731951,0.151479,0.121554,0.0162271,-0.992452,-0.270477,0.4,0,0,slope_up,0,0.94696,6.06314e-05,1.49129e-05,0.0529643,1,0,0
12.6401,3.2435,0.744545,0,0.162354,0.735177,0.164475,0.133906,0.0210511,-0.99077,-0.299418,0.4,0,0,slope_up,0,0.915828,5.93906e-05,1.29034e-05,0.0840994,1,0,0
12.6601,3.24688,0.744557,0,0.174601,0.73875,0.177387,0.146154,0.0255122,-0.988933,-0.33466,0.4,0,0,slope_up,0,0.887384,2.18616e-05,1.14103e-05,0.112583,1,0,0
12.6801,3.25029,0.744316,0,0.183587,0.741837,0.186536,0.15514,0.0265739,-0.987535,-0.367294,0.4,0,0,slope_up,0,0.898287,6.08701e-06,6.76134e-06,0.1017,1,0,0
12.7001,3.25544,0.742745,0,0.187694,0.745353,0.190416,0.159247,0.0250536,-0.986921,-0.389976,0.4,0,0,slope_up,0,0.910967,3.31967e-06,6.73687e-06,0.089023,1,0,0
12.7201,3.25973,0.74045,0,0.191312,0.749064,0.193546,0.162864,0.0213681,-0.986417,-0.410607,0.4,0,0,slope_up,0,0.924996,1.68821e-06,9.97797e-06,0.0749923,1,0,0
12.7401,3.26319,0.737553,0,0.197017,0.753438,0.19865,0.168569,0.015396,-0.98557,-0.441283,0.4,0,0,slope_up,0,0.877801,4.81938e-07,1.89476e-05,0.122179,1,0,0
12.7601,3.26718,0.733968,0,0.198684,0.757672,0.199627,0.170236,0.00398688,-0.985395,-0.481483,0.4,0,0,slope_up,0,0.939092,1.13962e-07,6.51381e-06,0.0609012,1,0,0
12.7801,3.27078,0.729937,0,0.197693,0.761359,0.198677,0.169245,-0.0104075,-0.985519,-0.515113,0.4,0,0,slope_up,0,0.996376,2.47866e-08,9.18684e-08,0.00362424,1,0,0
12.8001,3.27447,0.724924,0,0.1988,0.765648,0.201044,0.170352,-0.0259441,-0.985042,-0.549662,0.4,0,0,slope_up,0,0.999168,5.4518e-08,1.64409e-08,0.000831648,1,0,0
12.8201,3.27754,0.721035,0,0.204043,0.769428,0.207659,0.175596,-0.0354415,-0.983824,-0.588738,0.4,0,0,slope_up,0,0.999537,4.394e-08,1.24763e-08,0.000462532,1,0,0
12.8401,3.28071,0.717598,0,0.207775,0.772331,0.211247,0.179327,-0.0344346,-0.983187,-0.620234,0.4,0,0,slope_up,0,0.999698,1.98237e-08,8.6251e-09,0.000301825,1,0,0
12.8602,3.28457,0.712716,0,0.212237,0.775404,0.216373,0.183789,-0.0383915,-0.982216,-0.648443,0.4,0,0,slope_up,0,0.999533,7.32525e-09,1.96652e-08,0.000466654,1,0,0
12.8802,3.28754,0.708433,0,0.219805,0.778656,0.22578,0.191357,-0.0480551,-0.980343,-0.660004,0.4,0,0,slope_up,0,0.999552,2.40794e-09,1.16083e-07,0.000447622,1,0,0
12.9002,3.29045,0.705463,0,0.231711,0.782154,0.240435,0.203264,-0.0603113,-0.977265,-0.664495,0.4,0,0,slope_up,0,0.999621,1.65017e-09,2.22994e-07,0.00037858,1,0,0
12.9202,3.29474,0.702999,0,0.246676,0.787347,0.259082,0.218228,-0.0745722,-0.973044,-0.659678,0.4,0,0,slope_up,0,0.999563,1.66893e-08,3.41468e-07,0.000436255,1,0,0
12.9402,3.30022,0.701917,0,0.257061,0.792409,0.27124,0.228613,-0.0810653,-0.970136,-0.65129,0.4,0,0,slope_up,0,0.99934,9.84705e-08,8.49094e-07,0.000658615,1,0,0
12.9602,3.30652,0.701296,0,0.261279,0.797116,0.276596,0.232831,-0.0849797,-0.968797,-0.641853,0.4,0,0,slope_up,0,0.999427,6.46516e-08,5.73026e-07,0.000572085,1,0,0
12.9802,3.31475,0.700745,0,0.260677,0.802161,0.275362,0.23223,-0.0829042,-0.969121,-0.630324,0.4,0,0,slope_up,0,0.999346,3.06156e-08,1.34642e-06,0.000652465,1,0,0
13.0002,3.32516,0.700395,0,0.253459,0.806513,0.263645,0.225011,-0.0665954,-0.972078,-0.626078,0.4,0,0,slope_up,0,0.999047,3.17054e-08,4.66579e-06,0.000948549,1,0,0
13.0202,3.3339,0.698084,0,0.23937,0.810398,0.247033,0.210922,-0.0559401,-0.975901,-0.627677,0.4,0,0,slope_up,0,0.985965,7.45226e-07,4.6246e-06,0.0140293,1,0,0
13.0402,3.34147,0.695381,0,0.230665,0.815546,0.236808,0.202217,-0.0488566,-0.978121,-0.62072,0.4,0,0,slope_up,0,0.998961,5.36755e-07,3.15902e-07,0.00103775,1,0,0
13.0602,3.34774,0.693967,0,0.228089,0.820782,0.231786,0.199641,-0.0348367,-0.97925,-0.615859,0.4,0,0,slope_up,0,0.999824,1.66968e-08,8.41612e-08,0.000175876,1,0,0
13.0802,3.35441,0.692186,0,0.225536,0.826489,0.227537,0.197088,-0.020017,-0.980181,-0.611222,0.4,0,0,slope_up,0,0.999934,9.12412e-10,5.69622e-08,6.63309e-05,1,0,0
13.1002,3.36111,0.689361,0,0.218487,0.831594,0.219726,0.190039,-0.00804249,-0.981744,-0.606628,0.4,0,0,slope_up,0,0.999972,1.26122e-10,2.09433e-08,2.75438e-05,1,0,0
13.1202,3.36785,0.685591,0,0.206699,0.835873,0.207711,0.178252,0.00203171,-0.983983,-0.603179,0.4,0,0,slope_up,0,0.999991,2.03574e-11,6.31395e-09,8.70474e-06,1,0,0
13.1402,3.37503,0.680815,0,0.191636,0.839338,0.19283,0.163188,0.0106918,-0.986537,-0.59796,0.4,0,0,slope_up,0,0.999997,3.8461e-12,3.47589e-09,2.84993e-06,1,0,0
13.1602,3.38074,0.676758,0,0.179526,0.84096,0.181138,0.151079,0.0166338,-0.988382,-0.591379,0.4,0,0,slope_up,0,0.999999,1.0211e-12,2.85667e-09,1.48104e-06,1,0,0
13.1802,3.38696,0.672405,0,0.167253,0.841293,0.16988,0.138805,0.0244217,-0.990018,-0.585582,0.4,0,0,slope_up,0,0.999999,4.04903e-13,1.06081e-09,1.01593e-06,1,0,0
13.2002,3.39334,0.667656,0,0.156711,0.839962,0.161238,0.128263,0.0337271,-0.991167,-0.578751,0.4,0,0,slope_up,0,0.999999,2.24177e-13,2.38121e-10,7.86382e-07,1,0,0
13.2202,3.398,0.663477,0,0.150282,0.837851,0.156105,0.121835,0.0384196,-0.991807,-0.572304,0.4,0,0,slope_up,0,0.999999,1.80944e-13,3.65628e-11,6.84814e-07,1,0,0
13.2402,3.40297,0.657647,0,0.144069,0.834483,0.149524,0.115621,0.0363837,-0.992627,-0.561184,0.4,0,0,slope_up,0,1,1.53248e-13,3.28749e-12,3.78518e-07,1,0,0
13.2602,3.40687,0.652133,0,0.137829,0.831737,0.141031,0.109381,0.0262216,-0.993654,-0.554408,0.4,0,0,slope_up,0,1,1.38802e-13,1.3237e-12,2.29672e-07,1,0,0
13.2802,3.41239,0.646411,0,0.12647,0.830067,0.130745,0.0980227,0.0299306,-0.994734,-0.542587,0.4,0,0,slope_up,0,1,2.70804e-13,2.4398e-12,1.94658e-07,1,0,0
13.3002,3.41765,0.640348,0,0.115453,0.829749,0.121532,0.0870053,0.0350069,-0.995593,-0.526943,0.4,0,0,slope_up,0,0.999997,3.97406e-13,2.30824e-10,2.86648e-06,1,0,0
13.3202,3.42145,0.634028,0,0.110339,0.830397,0.114295,0.0818911,0.0268927,-0.996278,-0.512942,0.4,0,0,slope_up,0,0.999997,4.21832e-13,6.7237e-10,2.80163e-06,1,0,0
13.3402,3.42522,0.627798,0,0.108519,0.832492,0.110767,0.0800714,0.0192151,-0.996604,-0.502352,0.4,0,0,slope_up,0,0.999998,5.34345e-13,7.8843e-10,2.32768e-06,1,0,0
13.3602,3.42832,0.622888,0,0.110629,0.835098,0.11166,0.0821815,0.011892,-0.996546,-0.49703,0.4,0,0,slope_up,0,0.999999,7.29159e-13,2.74632e-10,1.07008e-06,1,0,0
13.3802,3.43104,0.618913,0,0.114609,0.837603,0.114873,0.0861609,0.00344247,-0.996275,-0.495718,0.4,0,0,slope_up,0,1,2.9259e-12,9.84048e-11,5.11512e-07,1,0,0
13.4002,3.43399,0.614223,0,0.121325,0.840567,0.121559,0.0928774,-0.0073017,-0.995651,-0.490642,0.4,0,0,slope_up,0,1,5.3858e-12,5.75969e-11,3.13103e-07,1,0,0
13.4202,3.43643,0.610464,0,0.128399,0.842804,0.129699,0.0999513,-0.019495,-0.994801,-0.486021,0.4,0,0,slope_up,0,1,3.00795e-12,1.45554e-11,1.18392e-07,1,0,0
13.4402,3.4394,0.606477,0,0.134065,0.845022,0.137221,0.105618,-0.0306871,-0.993933,-0.482275,0.4,0,0,slope_up,0,1,1.81264e-12,5.14945e-12,6.41272e-08,1,0,0
13.4602,3.44243,0.602687,0,0.138331,0.846908,0.143916,0.109884,-0.0412021,-0.99309,-0.478778,0.4,0,0,slope_up,0,1,2.42538e-12,5.15197e-12,7.71624e-08,1,0,0
13.4802,3.44559,0.598695,0,0.141746,0.848602,0.151013,0.113299,-0.0536211,-0.992113,-0.476187,0.4,0,0,slope_up,0,1,6.8443e-12,1.6362e-11,1.55488e-07,1,0,0
13.5002,3.44799,0.595741,0,0.143685,0.849653,0.156269,0.115238,-0.0629685,-0.99134,-0.474489,0.4,0,0,slope_up,0,1,2.44306e-11,6.26818e-11,2.9036e-07,1,0,0
13.5202,3.45049,0.592872,0,0.145011,0.850605,0.161403,0.116563,-0.072385,-0.990542,-0.473895,0.4,0,0,slope_up,0,1,6.40638e-11,1.36879e-10,3.88261e-07,1,0,0
13.5402,3.45288,0.59042,0,0.145302,0.85144,0.165766,0.116854,-0.0812834,-0.989817,-0.474727,0.4,0,0,slope_up,0,1,6.6877e-11,1.49785e-10,3.17898e-07,1,0,0
13.5602,3.45518,0.588342,0,0.145047,0.85217,0.169602,0.116599,-0.0893775,-0.989149,-0.476541,0.4,0,0,slope_up,0,1,3.83052e-11,2.04093e-10,2.73199e-07,1,0,0
13.5802,3.45747,0.586483,0,0.144365,0.852745,0.172647,0.115918,-0.0961492,-0.988594,-0.478428,0.4,0,0,slope_up,0,1,1.29595e-11,3.04307e-10,2.48393e-07,1,0,0
13.6002,3.45997,0.584576,0,0.14337,0.853134,0.174772,0.114923,-0.101402,-0.988185,-0.480381,0.4,0,0,slope_up,0,1,3.03468e-12,3.33106e-10,2.15164e-07,1,0,0
13.6202,3.46221,0.582887,0,0.142141,0.853235,0.174855,0.113693,-0.103298,-0.988131,-0.48181,0.4,0,0,slope_up,0,1,6.8192e-13,2.14692e-10,1.63378e-07,1,0,0
13.6402,3.46435,0.581081,0,0.140018,0.853129,0.172482,0.11157,-0.102236,-0.988484,-0.482711,0.4,0,0,slope_up,0,1,2.61051e-13,9.83461e-11,1.40543e-07,1,0,0
13.6602,3.46645,0.578565,0,0.135426,0.853085,0.167694,0.106979,-0.100509,-0.989168,-0.490947,0.4,0,0,slope_up,0,1,1.78326e-13,4.91824e-11,1.51683e-07,1,0,0
13.6802,3.46829,0.575454,0,0.128689,0.853776,0.162568,0.100241,-0.101054,-0.989818,-0.500602,0.4,0,0,slope_up,0,1,7.37017e-13,4.59455e-11,2.30796e-07,1,0,0
13.7002,3.46943,0.572504,0,0.12444,0.855693,0.152967,0.0959923,-0.0908037,-0.991232,-0.500717,0.4,0,0,slope_up,0,1,2.80199e-12,8.20342e-11,3.39919e-07,1,0,0
13.7202,3.47033,0.569103,0,0.119647,0.858953,0.139467,0.0911995,-0.0736447,-0.993106,-0.495619,0.4,0,0,slope_up,0,0.999999,1.13775e-11,1.76696e-10,6.10494e-07,1,0,0
13.7402,3.47137,0.565645,0,0.113474,0.861762,0.129376,0.0850264,-0.0642265,-0.994307,-0.487893,0.4,0,0,slope_up,0,1,1.06651e-11,4.49521e-11,2.80357e-07,1,0,0
13.7602,3.47284,0.562004,0,0.108113,0.864694,0.119687,0.0796648,-0.0535069,-0.995385,-0.483173,0.4,0,0,slope_up,0,1,8.72886e-12,3.77791e-11,1.88545e-07,1,0,0
13.7802,3.47453,0.558788,0,0.106109,0.867282,0.113194,0.0776616,-0.0415875,-0.996112,-0.48368,0.4,0,0,slope_up,0,1,2.485e-12,9.84699e-12,8.4947e-08,1,0,0
13.8002,3.47651,0.555181,0,0.106848,0.869617,0.110258,0.0784005,-0.0292963,-0.996491,-0.484346,0.4,0,0,slope_up,0,1,6.12362e-13,7.8547e-13,3.50304e-08,1,0,0
13.8202,3.47836,0.551906,0,0.107953,0.871143,0.109489,0.079505,-0.0201932,-0.99663,-0.483198,0.4,0,0,slope_up,0,1,2.15539e-13,9.302e-14,1.6478e-08,1,0,0
13.8402,3.48046,0.548275,0,0.108623,0.872215,0.109115,0.0801748,-0.0118343,-0.996711,-0.480897,0.4,0,0,slope_up,0,1,7.47562e-14,3.13495e-14,9.29503e-09,1,0,0
13.8602,3.48345,0.543003,0,0.108612,0.872647,0.108785,0.0801639,-0.00675603,-0.996759,-0.479413,0.4,0,0,slope_up,0,1,3.07376e-14,1.02782e-14,5.03747e-09,1,0,0
13.8802,3.4858,0.538226,0,0.108105,0.872025,0.108341,0.0796575,-0.00813702,-0.996789,-0.479576,0.4,0,0,slope_up,0,1,2.37144e-14,8.28081e-15,3.95651e-09,1,0,0
13.9002,3.48777,0.533419,0,0.106178,0.870646,0.106942,0.0777306,-0.0145124,-0.996869,-0.48001,0.4,0,0,slope_up,0,1,4.439e-14,1.07349e-14,4.26796e-09,1,0,0
13.9202,3.48964,0.527337,0,0.102013,0.867748,0.105888,0.0735658,-0.0305569,-0.996822,-0.478981,0.4,0,0,slope_up,0,1,7.01672e-14,4.10978e-14,7.41503e-09,1,0,0
13.9402,3.49214,0.521698,0,0.0943356,0.865108,0.0991521,0.0658879,-0.0328049,-0.997288,-0.474631,0.4,0,0,slope_up,0,1,8.30088e-14,1.79178e-13,1.71751e-08,1,0,0
13.9602,3.49514,0.516611,0,0.0825322,0.86384,0.087156,0.0540845,-0.0303805,-0.998074,-0.46724,0.4,0,0,slope_up,0,1,5.61468e-14,1.4813e-12,1.33365e-07,1,0,0
13.9802,3.49734,0.511921,0,0.0760979,0.863215,0.0825249,0.0476502,-0.0343382,-0.998274,-0.468134,0.4,0,0,slope_up,0,1,9.67077e-14,8.42413e-13,1.16775e-07,1,0,0
14.0002,3.49904,0.507864,0,0.0747878,0.862983,0.0829454,0.0463401,-0.0382832,-0.998192,-0.468776,0.4,0,0,slope_up,0,1,1.06818e-13,6.78325e-14,1.81225e-08,1,0,0
14.0202,3.50085,0.504567,0,0.075763,0.863115,0.0842297,0.0473153,-0.0392154,-0.99811,-0.467709,0.4,0,0,slope_up,0,1,6.48218e-14,1.77916e-14,9.17077e-09,1,0,0
14.0402,3.50353,0.500839,0,0.0785221,0.863567,0.0875789,0.0500744,-0.0411806,-0.997896,-0.46651,0.4,0,0,slope_up,0,1,6.10349e-14,2.40271e-14,7.78532e-09,1,0,0
14.0602,3.50606,0.497963,0,0.0820458,0.864039,0.0920012,0.0535982,-0.0440019,-0.997593,-0.465365,0.4,0,0,slope_up,0,1,7.38647e-14,1.38741e-13,9.67702e-09,1,0,0
14.0802,3.50956,0.494638,0,0.0874349,0.864632,0.0987351,0.0589873,-0.0482084,-0.997094,-0.462997,0.4,0,0,slope_up,0,1,1.03167e-13,7.0462e-13,1.03796e-08,1,0,0
14.1002,3.51308,0.491744,0,0.0930519,0.865139,0.105905,0.0646043,-0.0528664,-0.99651,-0.461387,0.4,0,0,slope_up,0,1,1.29292e-13,1.86208e-12,8.53136e-09,1,0,0
14.1202,3.51638,0.489231,0,0.0987525,0.86554,0.11321,0.0703049,-0.0576018,-0.995861,-0.46019,0.4,0,0,slope_up,0,1,1.60771e-13,2.73064e-12,7.37767e-09,1,0,0
14.1402,3.52051,0.486229,0,0.106177,0.865961,0.122742,0.0777292,-0.0637457,-0.994934,-0.459014,0.4,0,0,slope_up,0,1,2.51748e-13,3.80581e-12,8.04605e-09,1,0,0
14.1602,3.5244,0.483485,0,0.112698,0.866297,0.131358,0.0842503,-0.0695644,-0.994013,-0.457649,0.4,0,0,slope_up,0,1,3.9981e-13,7.76856e-12,1.07488e-08,1,0,0
14.1802,3.52839,0.480766,0,0.119015,0.866544,0.139404,0.090567,-0.0745728,-0.993094,-0.456439,0.4,0,0,slope_up,0,1,4.48587e-13,1.78947e-11,1.46913e-08,1,0,0
14.2002,3.53207,0.478318,0,0.124266,0.866664,0.145764,0.0958181,-0.0780924,-0.992331,-0.455325,0.4,0,0,slope_up,0,1,3.74704e-13,2.70493e-11,1.86976e-08,1,0,0
14.2202,3.53619,0.475554,0,0.129315,0.8667,0.151599,0.100867,-0.0809303,-0.991603,-0.453135,0.4,0,0,slope_up,0,1,2.5373e-13,1.95068e-11,2.09056e-08,1,0,0
14.2402,3.54021,0.472737,0,0.133337,0.866737,0.155528,0.10489,-0.081803,-0.991114,-0.448561,0.4,0,0,slope_up,0,1,1.32618e-13,6.74301e-12,2.06383e-08,1,0,0
14.2602,3.54409,0.469394,0,0.13524,0.867048,0.15691,0.106793,-0.0812729,-0.990954,-0.445748,0.4,0,0,slope_up,0,1,9.53258e-14,3.11037e-12,2.282e-08,1,0,0
14.2802,3.54812,0.465166,0,0.135481,0.868572,0.1558,0.107033,-0.0786424,-0.99114,-0.439204,0.4,0,0,slope_up,0,1,2.96889e-13,8.22584e-12,4.35055e-08,1,0,0
14.3002,3.55105,0.46201,0,0.136005,0.870933,0.150934,0.107558,-0.0671615,-0.991928,-0.427057,0.4,0,0,slope_up,0,1,7.17248e-13,9.57742e-12,4.15286e-08,1,0,0
14.3202,3.555,0.457713,0,0.132723,0.874655,0.141675,0.104275,-0.0513045,-0.993224,-0.407512,0.4,0,0,slope_up,0,1,9.21046e-13,5.04602e-12,3.36507e-08,1,0,0
14.3402,3.55894,0.453365,0,0.128239,0.877714,0.133643,0.0997917,-0.0393701,-0.994229,-0.390021,0.4,0,0,slope_up,0,1,1.25024e-12,4.50523e-12,3.49929e-08,1,0,0
14.3602,3.56231,0.449689,0,0.127343,0.880227,0.130182,0.098895,-0.0286325,-0.994686,-0.381805,0.4,0,0,slope_up,0,1,2.78374e-12,4.75001e-12,3.25799e-08,1,0,0
14.3802,3.5662,0.445615,0,0.130102,0.882965,0.130809,0.101655,-0.0141675,-0.994719,-0.377061,0.4,0,0,slope_up,0,1,4.35463e-12,3.00372e-12,3.19932e-08,1,0,0
14.4002,3.56969,0.442119,0,0.133968,0.885006,0.134176,0.105521,-0.00107145,-0.994417,-0.37385,0.4,0,0,slope_up,0,1,3.37711e-12,1.17328e-12,3.20833e-08,1,0,0
14.4202,3.57323,0.438708,0,0.137193,0.886544,0.137934,0.108745,0.00945105,-0.994025,-0.371228,0.4,0,0,slope_up,0,1,2.21062e-12,6.18703e-13,2.63629e-08,1,0,0
14.4402,3.57669,0.435221,0,0.139125,0.887595,0.140446,0.110678,0.0148999,-0.993745,-0.368191,0.4,0,0,slope_up,0,1,1.25238e-12,5.87507e-13,1.75156e-08,1,0,0
14.4602,3.58017,0.431625,0,0.138452,0.888089,0.140074,0.110004,0.0171546,-0.993783,-0.365888,0.4,0,0,slope_up,0,1,6.47146e-13,8.27353e-13,1.43411e-08,1,0,0
14.4802,3.58322,0.428086,0,0.135566,0.887869,0.137055,0.107119,0.0161175,-0.994116,-0.364584,0.4,0,0,slope_up,0,1,2.66311e-13,6.35757e-13,1.33376e-08,1,0,0
14.5002,3.58696,0.422803,0,0.128828,0.886579,0.129819,0.100381,0.0120043,-0.994877,-0.36005,0.4,0,0,slope_up,0,1,1.28736e-13,5.11649e-13,2.0173e-08,1,0,0
14.5202,3.59032,0.417954,0,0.117639,0.885804,0.118609,0.0891909,0.0116311,-0.995947,-0.346343,0.4,0,0,slope_up,0,1,6.83006e-14,3.59932e-12,8.09247e-08,1,0,0
14.5402,3.59352,0.41226,0,0.106923,0.885409,0.107083,0.0784755,0.00151874,-0.996915,-0.331906,0.4,0,0,slope_up,0,1,9.59817e-14,4.11801e-11,3.01346e-07,1,0,0
14.5602,3.59639,0.407751,0,0.100222,0.885584,0.100384,0.0717739,-0.00689156,-0.997397,-0.327522,0.4,0,0,slope_up,0,1,1.23167e-13,1.63646e-11,1.36808e-07,1,0,0
14.5802,3.59944,0.404016,0,0.0979126,0.886437,0.0982788,0.0694649,-0.0102326,-0.997532,-0.33171,0.4,0,0,slope_up,0,1,1.28136e-13,2.69872e-12,6.26844e-08,1,0,0
14.6002,3.60213,0.400975,0,0.0991715,0.887785,0.0997871,0.0707238,-0.0129611,-0.997412,-0.333117,0.4,0,0,slope_up,0,1,1.42762e-13,3.70948e-13,2.48183e-08,1,0,0
14.6202,3.60494,0.397992,0,0.102057,0.889468,0.103335,0.0736096,-0.0182093,-0.997121,-0.331638,0.4,0,0,slope_up,0,1,1.97389e-13,2.89144e-13,2.58402e-08,1,0,0
14.6402,3.60775,0.395451,0,0.105108,0.891075,0.107512,0.0766599,-0.0246801,-0.996752,-0.330805,0.4,0,0,slope_up,0,1,1.08919e-13,2.1813e-13,2.26721e-08,1,0,0
14.6602,3.61142,0.392631,0,0.109259,0.892895,0.113726,0.0808117,-0.0336451,-0.996161,-0.330399,0.4,0,0,slope_up,0,1,8.12105e-14,2.0537e-13,1.82413e-08,1,0,0
14.6802,3.61455,0.390552,0,0.112816,0.894109,0.119309,0.0843687,-0.0408905,-0.995595,-0.329876,0.4,0,0,slope_up,0,1,1.0005e-13,3.0262e-13,1.53387e-08,1,0,0
14.7002,3.6184,0.388162,0,0.116752,0.895256,0.125889,0.0883044,-0.0491217,-0.994882,-0.328519,0.4,0,0,slope_up,0,1,1.73967e-13,6.75306e-13,1.63238e-08,1,0,0
14.7202,3.62155,0.386344,0,0.119439,0.895951,0.13095,0.0909913,-0.05569,-0.994293,-0.32815,0.4,0,0,slope_up,0,1,3.24812e-13,1.76506e-12,2.3041e-08,1,0,0
14.7402,3.62497,0.384486,0,0.122054,0.896525,0.136378,0.0936058,-0.062809,-0.993626,-0.327831,0.4,0,0,slope_up,0,1,6.68691e-13,7.52052e-12,4.13726e-08,1,0,0
14.7602,3.62832,0.382802,0,0.124426,0.896968,0.141703,0.0959779,-0.0697287,-0.992938,-0.327688,0.4,0,0,slope_up,0,1,8.41838e-13,2.55906e-11,6.98089e-08,1,0,0
14.7802,3.63169,0.381298,0,0.126745,0.897294,0.146625,0.0982969,-0.0755918,-0.992282,-0.327711,0.4,0,0,slope_up,0,1,5.84095e-13,5.20373e-11,8.76328e-08,1,0,0
14.8002,3.63543,0.379772,0,0.129161,0.897479,0.150992,0.100713,-0.0800223,-0.991692,-0.326801,0.4,0,0,slope_up,0,1,2.81317e-13,5.76263e-11,8.65549e-08,1,0,0
14.8202,3.63857,0.37853,0,0.130543,0.897487,0.153169,0.102095,-0.0819074,-0.991397,-0.324848,0.4,0,0,slope_up,0,1,1.25655e-13,3.97329e-11,8.31414e-08,1,0,0
14.8402,3.64243,0.377077,0,0.131344,0.897236,0.153184,0.102897,-0.0806079,-0.991421,-0.322257,0.4,0,0,slope_up,0,1,6.88221e-14,2.2992e-11,9.01036e-08,1,0,0
14.8602,3.64566,0.375362,0,0.129464,0.897078,0.150944,0.101016,-0.0794222,-0.99171,-0.325501,0.4,0,0,slope_up,0,1,5.25674e-14,1.28299e-11,9.60622e-08,1,0,0
14.8802,3.64916,0.37253,0,0.125646,0.898104,0.148034,0.097198,-0.0801504,-0.992032,-0.325402,0.4,0,0,slope_up,0,1,3.1702e-13,2.37839e-11,1.35241e-07,1,0,0
14.9002,3.65227,0.370148,0,0.123669,0.900831,0.140044,0.0952217,-0.0676478,-0.993155,-0.316854,0.4,0,0,slope_up,0,1,3.70014e-13,2.16598e-11,7.98384e-08,1,0,0
14.9202,3.65514,0.368038,0,0.119847,0.903624,0.131013,0.0913996,-0.0549226,-0.994299,-0.305373,0.4,0,0,slope_up,0,1,2.52059e-13,9.40903e-12,7.32177e-08,1,0,0
14.9402,3.65878,0.365237,0,0.115784,0.906717,0.12368,0.0873361,-0.045524,-0.995138,-0.29483,0.4,0,0,slope_up,0,1,2.80239e-13,4.31902e-12,5.71034e-08,1,0,0
14.9602,3.66234,0.362472,0,0.114429,0.909502,0.119262,0.0859811,-0.035619,-0.99566,-0.287413,0.4,0,0,slope_up,0,1,3.4083e-13,2.14331e-12,3.96463e-08,1,0,0
14.9802,3.66616,0.359473,0,0.115983,0.912019,0.118233,0.0875354,-0.0247802,-0.995853,-0.282148,0.4,0,0,slope_up,0,1,2.05494e-13,5.63789e-13,2.68329e-08,1,0,0
15.0002,3.66947,0.356925,0,0.11749,0.91367,0.118386,0.0890425,-0.0159636,-0.9959,-0.27856,0.4,0,0,slope_up,0,1,1.57923e-13,1.8694e-13,2.45763e-08,1,0,0
15.0202,3.67336,0.354038,0,0.118622,0.915089,0.118796,0.0901746,-0.00582532,-0.995909,-0.275152,0.4,0,0,slope_up,0,1,1.55599e-13,1.00731e-13,1.97525e-08,1,0,0
15.0402,3.67726,0.351127,0,0.119317,0.915945,0.119501,0.0908694,0.00110885,-0.995862,-0.272693,0.4,0,0,slope_up,0,1,1.42694e-13,8.10496e-14,1.60125e-08,1,0,0
15.0602,3.68105,0.348159,0,0.119526,0.916072,0.119934,0.0910779,0.00566256,-0.995828,-0.272113,0.4,0,0,slope_up,0,1,1.09573e-13,7.34062e-14,1.12921e-08,1,0,0
15.0802,3.68451,0.344973,0,0.119341,0.915393,0.119726,0.090893,0.00531633,-0.995846,-0.271983,0.4,0,0,slope_up,0,1,1.05423e-13,1.06523e-13,1.02352e-08,1,0,0
15.1002,3.68832,0.340914,0,0.115998,0.913808,0.116197,0.0875504,0.00189026,-0.996158,-0.269951,0.4,0,0,slope_up,0,1,1.30679e-13,1.27306e-13,1.26919e-08,1,0,0
15.1202,3.69224,0.337033,0,0.107753,0.912899,0.108007,0.0793053,0.00350038,-0.996844,-0.260943,0.4,0,0,slope_up,0,1,1.34889e-13,9.17261e-13,4.80414e-08,1,0,0
15.1402,3.69587,0.333105,0,0.0990694,0.912859,0.0991533,0.0706218,-0.000425408,-0.997503,-0.255493,0.4,0,0,slope_up,0,1,1.73645e-13,1.11248e-11,1.57654e-07,1,0,0
15.1602,3.69896,0.329815,0,0.0939864,0.913663,0.0940672,0.0655387,-0.00486641,-0.997838,-0.258607,0.4,0,0,slope_up,0,1,1.70496e-13,9.55396e-12,1.14498e-07,1,0,0
15.1802,3.70163,0.327383,0,0.0921063,0.914805,0.0923541,0.0636586,-0.00857853,-0.997935,-0.262116,0.4,0,0,slope_up,0,1,1.60562e-13,3.69403e-13,2.67583e-08,1,0,0
15.2002,3.70479,0.32518,0,0.0921832,0.916202,0.0929546,0.0637355,-0.0140608,-0.997868,-0.265707,0.4,0,0,slope_up,0,1,2.63683e-13,1.46783e-13,1.97839e-08,1,0,0
15.2202,3.70799,0.323225,0,0.094403,0.917558,0.0958587,0.0659553,-0.0188104,-0.997645,-0.265492,0.4,0,0,slope_up,0,1,1.76282e-13,1.17135e-13,1.73471e-08,1,0,0
15.2402,3.71146,0.321458,0,0.097838,0.918861,0.100384,0.0693903,-0.0246528,-0.997285,-0.264766,0.4,0,0,slope_up,0,1,9.40034e-14,1.32784e-13,1.71175e-08,1,0,0
15.2602,3.7156,0.319806,0,0.102212,0.920118,0.10638,0.0737646,-0.0316642,-0.996773,-0.26493,0.4,0,0,slope_up,0,1,8.20144e-14,2.07517e-13,1.5323e-08,1,0,0
15.2802,3.71956,0.318514,0,0.106344,0.92103,0.112245,0.0778959,-0.0380699,-0.996234,-0.265019,0.4,0,0,slope_up,0,1,1.2427e-13,4.19673e-13,1.59742e-08,1,0,0
15.3002,3.72356,0.317351,0,0.110077,0.92173,0.117621,0.0816296,-0.0435667,-0.99571,-0.264928,0.4,0,0,slope_up,0,1,2.74376e-13,1.17945e-12,2.11317e-08,1,0,0
15.3202,3.72711,0.316383,0,0.114171,0.922227,0.123881,0.0857229,-0.0501561,-0.995056,-0.265065,0.4,0,0,slope_up,0,1,6.21304e-13,3.52975e-12,3.37713e-08,1,0,0
15.3402,3.73095,0.315431,0,0.11866,0.922658,0.131063,0.090212,-0.05767,-0.994251,-0.265499,0.4,0,0,slope_up,0,1,1.11082e-12,1.19551e-11,5.96661e-08,1,0,0
15.3602,3.73516,0.314573,0,0.122064,0.923015,0.136704,0.0936168,-0.0635136,-0.99358,-0.265756,0.4,0,0,slope_up,0,1,1.14266e-12,2.86899e-11,9.07025e-08,1,0,0
15.3802,3.73903,0.313962,0,0.125897,0.923241,0.142991,0.0974495,-0.0696924,-0.992797,-0.265649,0.4,0,0,slope_up,0,1,7.25732e-13,4.49029e-11,1.10819e-07,1,0,0
15.4002,3.74295,0.313495,0,0.129059,0.923326,0.1475,0.100612,-0.0732508,-0.992226,-0.264722,0.4,0,0,slope_up,0,1,3.72735e-13,4.5524e-11,1.206e-07,1,0,0
15.4202,3.7469,0.313106,0,0.131557,0.923268,0.150471,0.10311,-0.0748268,-0.991851,-0.262468,0.4,0,0,slope_up,0,1,1.95897e-13,2.9665e-11,1.23976e-07,1,0,0
15.4402,3.75088,0.312771,0,0.132932,0.923047,0.151106,0.104485,-0.0736143,-0.991798,-0.260437,0.4,0,0,slope_up,0,1,1.21022e-13,1.74119e-11,1.27728e-07,1,0,0
15.4602,3.75457,0.311738,0,0.131672,0.923325,0.149804,0.103224,-0.0732325,-0.991959,-0.2616,0.4,0,0,slope_up,0,1,2.03874e-13,2.78639e-11,1.6631e-07,1,0,0
15.4802,3.75872,0.309997,0,0.129605,0.925501,0.146852,0.101157,-0.0708827,-0.992342,-0.254844,0.4,0,0,slope_up,0,1,3.67843e-13,3.74231e-11,1.78064e-07,1,0,0
15.5002,3.76228,0.308938,0,0.12791,0.928593,0.139743,0.0994625,-0.0581402,-0.993341,-0.243365,0.4,0,0,slope_up,0,1,2.7188e-13,2.51791e-11,8.00923e-08,1,0,0
15.5202,3.76602,0.307578,0,0.124042,0.931503,0.132399,0.0955943,-0.0482023,-0.994253,-0.232161,0.4,0,0,slope_up,0,1,2.58014e-13,1.50764e-11,1.03203e-07,1,0,0
15.5402,3.77054,0.305703,0,0.121934,0.934942,0.126987,0.0934864,-0.0373422,-0.99492,-0.222558,0.4,0,0,slope_up,0,1,2.93414e-13,3.77546e-12,5.31847e-08,1,0,0
15.5602,3.77433,0.303961,0,0.12381,0.937622,0.126389,0.0953625,-0.0270619,-0.995075,-0.214778,0.4,0,0,slope_up,0,1,3.05771e-13,1.33504e-12,3.61836e-08,1,0,0
15.5802,3.77769,0.302269,0,0.126301,0.939626,0.12748,0.0978533,-0.0185072,-0.995029,-0.209782,0.4,0,0,slope_up,0,1,2.62795e-13,3.961e-13,2.81146e-08,1,0,0
15.6002,3.78162,0.300261,0,0.12764,0.941469,0.127991,0.0991921,-0.00933014,-0.995025,-0.205724,0.4,0,0,slope_up,0,1,3.30074e-13,1.64475e-13,2.48458e-08,1,0,0
15.6202,3.78554,0.298273,0,0.127973,0.942895,0.128161,0.0995249,-0.000253474,-0.995035,-0.202183,0.4,0,0,slope_up,0,1,4.47108e-13,1.32126e-13,2.51679e-08,1,0,0
15.6402,3.7893,0.296331,0,0.127738,0.943827,0.128259,0.0992899,0.00700258,-0.995034,-0.200929,0.4,0,0,slope_up,0,1,3.81997e-13,1.24504e-13,2.07152e-08,1,0,0
15.6602,3.79283,0.294336,0,0.126805,0.944198,0.127703,0.098357,0.0111607,-0.995089,-0.200679,0.4,0,0,slope_up,0,1,2.40598e-13,1.1337e-13,1.42414e-08,1,0,0
15.6802,3.79613,0.292101,0,0.124734,0.943906,0.125692,0.0962863,0.0116652,-0.995285,-0.199977,0.4,0,0,slope_up,0,1,1.78585e-13,1.42784e-13,1.27987e-08,1,0,0
15.7002,3.79976,0.28913,0,0.119433,0.942773,0.120259,0.0909852,0.0103947,-0.995798,-0.197076,0.4,0,0,slope_up,0,1,1.62333e-13,1.0494e-13,1.743e-08,1,0,0
15.7202,3.80333,0.286465,0,0.110172,0.942215,0.111596,0.0817247,0.0146361,-0.996547,-0.186795,0.4,0,0,slope_up,0,1,1.53659e-13,7.58926e-13,6.70259e-08,1,0,0
15.7402,3.80677,0.283147,0,0.0999522,0.94232,0.100915,0.0715045,0.0109138,-0.997381,-0.179092,0.4,0,0,slope_up,0,1,1.96618e-13,8.16944e-12,2.45931e-07,1,0,0
15.7602,3.80932,0.280252,0,0.0955159,0.943294,0.0959017,0.0670682,0.00546426,-0.997733,-0.179979,0.4,0,0,slope_up,0,1,1.48646e-13,7.00966e-12,9.12679e-08,1,0,0
15.7802,3.81201,0.278115,0,0.0920116,0.944872,0.0921477,0.0635639,0.0015638,-0.997977,-0.184847,0.4,0,0,slope_up,0,1,1.1131e-13,7.02575e-13,3.52048e-08,1,0,0
15.8002,3.81486,0.276495,0,0.0907233,0.946671,0.0907674,0.0622756,-0.00264409,-0.998056,-0.187383,0.4,0,0,slope_up,0,1,2.3022e-13,1.50881e-13,2.23319e-08,1,0,0
15.8202,3.81809,0.274886,0,0.0920746,0.948639,0.0923916,0.0636269,-0.0095422,-0.997928,-0.187513,0.4,0,0,slope_up,0,1,2.13004e-13,1.16274e-13,2.47136e-08,1,0,0
15.8402,3.82095,0.273769,0,0.0946398,0.950144,0.095658,0.0661921,-0.0160298,-0.997678,-0.187641,0.4,0,0,slope_up,0,1,1.04302e-13,7.98896e-14,2.02043e-08,1,0,0
15.8602,3.82437,0.272752,0,0.0982265,0.951596,0.100362,0.0697788,-0.0227528,-0.997303,-0.186273,0.4,0,0,slope_up,0,1,7.47968e-14,8.33978e-14,1.51017e-08,1,0,0
15.8802,3.82845,0.271929,0,0.102346,0.952852,0.106167,0.0738984,-0.0303934,-0.996803,-0.186172,0.4,0,0,slope_up,0,1,8.96917e-14,1.70499e-13,1.51572e-08,1,0,0
15.9002,3.83228,0.271357,0,0.10571,0.953676,0.111079,0.077262,-0.0362721,-0.996351,-0.186208,0.4,0,0,slope_up,0,1,1.87733e-13,5.03068e-13,1.88694e-08,1,0,0
15.9202,3.83613,0.270896,0,0.109623,0.954283,0.117162,0.0811751,-0.0434773,-0.995751,-0.186211,0.4,0,0,slope_up,0,1,4.32184e-13,1.85935e-12,3.2286e-08,1,0,0
15.9402,3.83998,0.270561,0,0.11292,0.954733,0.122723,0.0844728,-0.0501564,-0.995163,-0.186585,0.4,0,0,slope_up,0,1,9.41238e-13,8.20487e-12,6.74482e-08,1,0,0
15.9602,3.84351,0.270355,0,0.115636,0.955039,0.127701,0.0871886,-0.0562432,-0.994603,-0.186757,0.4,0,0,slope_up,0,1,1.05048e-12,2.66513e-11,1.07818e-07,1,0,0
15.9802,3.84747,0.270309,0,0.118801,0.955242,0.132979,0.0903537,-0.0617602,-0.993993,-0.18682,0.4,0,0,slope_up,0,1,6.25316e-13,5.26886e-11,1.3594e-07,1,0,0
16.0002,3.85199,0.270471,0,0.122066,0.955239,0.137541,0.0936183,-0.0653456,-0.993461,-0.186505,0.4,0,0,slope_up,0,1,2.96808e-13,6.29348e-11,1.44324e-07,1,0,0
16.0202,3.8563,0.270699,0,0.124192,0.955012,0.139899,0.0957439,-0.066334,-0.993193,-0.184857,0.4,0,0,slope_up,0,1,1.30385e-13,6.11528e-11,1.64882e-07,1,0,0
16.0402,3.86026,0.270994,0,0.12516,0.954509,0.139696,0.096712,-0.0639622,-0.993255,-0.182596,0.4,0,0,slope_up,0,1,7.0715e-14,4.47168e-11,2.03854e-07,1,0,0
16.0602,3.86477,0.270478,0,0.123269,0.954448,0.138533,0.0948217,-0.0651574,-0.99336,-0.183511,0.4,0,0,slope_up,0,1,1.07427e-13,4.17994e-11,1.82083e-07,1,0,0
16.0802,3.86917,0.26952,0,0.120829,0.955926,0.135986,0.0923811,-0.0643737,-0.993641,-0.178438,0.4,0,0,slope_up,0,1,1.63553e-13,9.42854e-11,3.2034e-07,1,0,0
16.1002,3.87308,0.269183,0,0.119995,0.958438,0.130172,0.0915474,-0.0524489,-0.994419,-0.169285,0.4,0,0,slope_up,0,1,8.94772e-14,3.94209e-11,1.36606e-07,1,0,0
16.1202,3.87806,0.268275,0,0.116815,0.961498,0.122965,0.0883672,-0.0404011,-0.995268,-0.157909,0.4,0,0,slope_up,0,1,8.31767e-14,1.33216e-11,1.30171e-07,1,0,0
16.1402,3.88267,0.267081,0,0.115894,0.964163,0.119611,0.0874464,-0.0315287,-0.99567,-0.149918,0.4,0,0,slope_up,0,1,8.57254e-14,3.03234e-12,8.65909e-08,1,0,0
16.1602,3.88705,0.265702,0,0.118042,0.966499,0.119926,0.0895941,-0.0228968,-0.995715,-0.142985,0.4,0,0,slope_up,0,1,1.37002e-13,1.18379e-12,6.1643e-08,1,0,0
16.1802,3.89101,0.264322,0,0.120706,0.968297,0.121452,0.092258,-0.0146185,-0.995628,-0.137083,0.4,0,0,slope_up,0,1,1.58003e-13,2.94389e-13,4.4018e-08,1,0,0
16.2002,3.89589,0.262544,0,0.123133,0.970087,0.123322,0.0946855,-0.00574782,-0.995491,-0.132679,0.4,0,0,slope_up,0,1,2.35252e-13,1.09868e-13,3.52901e-08,1,0,0
16.2202,3.90027,0.260981,0,0.12489,0.971347,0.125186,0.0964423,0.00345386,-0.995333,-0.130935,0.4,0,0,slope_up,0,1,3.51318e-13,6.60975e-14,3.02298e-08,1,0,0
16.2402,3.90442,0.259444,0,0.125984,0.972219,0.126787,0.0975366,0.0102331,-0.995179,-0.130497,0.4,0,0,slope_up,0,1,3.64986e-13,4.14084e-14,2.01931e-08,1,0,0
16.2602,3.9083,0.257788,0,0.126321,0.972608,0.127508,0.0978733,0.0136041,-0.995106,-0.130349,0.4,0,0,slope_up,0,1,2.82742e-13,3.90516e-14,1.42058e-08,1,0,0
16.2802,3.91167,0.256135,0,0.125231,0.972505,0.126439,0.096783,0.0137432,-0.995211,-0.130141,0.4,0,0,slope_up,0,1,2.17495e-13,5.37523e-14,1.21533e-08,1,0,0
16.3002,3.91555,0.25388,0,0.12107,0.971824,0.122111,0.0926225,0.0123007,-0.995625,-0.127134,0.4,0,0,slope_up,0,1,1.95533e-13,5.24894e-14,1.59587e-08,1,0,0
16.3202,3.92006,0.25136,0,0.112043,0.971412,0.113509,0.0835954,0.0150167,-0.996387,-0.116702,0.4,0,0,slope_up,0,1,1.85556e-13,2.54575e-13,4.30324e-08,1,0,0
16.3402,3.92426,0.248475,0,0.103857,0.971875,0.104881,0.0754094,0.0115549,-0.997086,-0.113116,0.4,0,0,slope_up,0,1,2.68571e-13,4.0893e-12,1.46656e-07,1,0,0
16.3602,3.92691,0.24635,0,0.100852,0.973117,0.101418,0.072404,0.00753757,-0.997347,-0.116574,0.4,0,0,slope_up,0,1,2.47459e-13,5.55005e-12,5.66014e-08,1,0,0
16.3802,3.92998,0.244409,0,0.0985615,0.975017,0.0988167,0.0701138,0.00369314,-0.997532,-0.120262,0.4,0,0,slope_up,0,1,2.02998e-13,1.56707e-12,3.58775e-08,1,0,0
16.4002,3.93326,0.242952,0,0.0979876,0.97699,0.0980483,0.0695399,-0.00204475,-0.997577,-0.123729,0.4,0,0,slope_up,0,1,3.89353e-13,3.34332e-13,2.64761e-08,1,0,0
16.4202,3.93693,0.241542,0,0.100017,0.979046,0.100343,0.0715696,-0.00970253,-0.997388,-0.124091,0.4,0,0,slope_up,0,1,2.9191e-13,1.7714e-13,2.54701e-08,1,0,0
16.4402,3.94045,0.240467,0,0.103262,0.980724,0.104468,0.0748146,-0.0177917,-0.997039,-0.12534,0.4,0,0,slope_up,0,1,1.37902e-13,1.04364e-13,1.94071e-08,1,0,0
16.4602,3.94412,0.239629,0,0.106739,0.982096,0.109069,0.0782912,-0.0244572,-0.99663,-0.125734,0.4,0,0,slope_up,0,1,1.27833e-13,1.04583e-13,1.37905e-08,1,0,0
16.4802,3.94794,0.238978,0,0.110618,0.983158,0.114656,0.0821699,-0.0322169,-0.996098,-0.126079,0.4,0,0,slope_up,0,1,1.85925e-13,2.51633e-13,1.66388e-08,1,0,0
16.5002,3.9514,0.238493,0,0.113403,0.98388,0.119136,0.0849558,-0.0385615,-0.995638,-0.126713,0.4,0,0,slope_up,0,1,4.52197e-13,1.06444e-12,3.08345e-08,1,0,0
16.5202,3.95513,0.238066,0,0.116332,0.984497,0.124332,0.0878841,-0.045913,-0.995072,-0.127384,0.4,0,0,slope_up,0,1,1.13763e-12,4.11748e-12,6.18892e-08,1,0,0
16.5402,3.95908,0.237797,0,0.11936,0.985008,0.130265,0.0909125,-0.0541768,-0.994384,-0.127939,0.4,0,0,slope_up,0,1,2.25939e-12,1.49774e-11,1.28581e-07,1,0,0
16.5602,3.96265,0.237734,0,0.121757,0.985378,0.135672,0.0933095,-0.0618191,-0.993716,-0.127951,0.4,0,0,slope_up,0,1,2.09476e-12,4.29659e-11,2.11677e-07,1,0,0
16.5802,3.96622,0.237904,0,0.124194,0.985619,0.14071,0.0957458,-0.0680712,-0.993076,-0.127531,0.4,0,0,slope_up,0,1,1.09762e-12,7.91946e-11,2.63994e-07,1,0,0
16.6002,3.96984,0.238285,0,0.126399,0.985637,0.14448,0.0979508,-0.0718694,-0.992593,-0.126291,0.4,0,0,slope_up,0,1,4.90746e-13,9.15069e-11,2.95607e-07,1,0,0
16.6202,3.97354,0.238824,0,0.12789,0.985389,0.146126,0.0994423,-0.0725481,-0.992395,-0.123911,0.4,0,0,slope_up,0,1,2.22296e-13,6.93152e-11,3.09805e-07,1,0,0
16.6402,3.97722,0.239434,0,0.128287,0.984804,0.14501,0.0998392,-0.0694617,-0.992576,-0.123366,0.4,0,0,slope_up,0,1,1.28427e-13,4.92767e-11,3.38389e-07,1,0,0
16.6602,3.98082,0.239357,0,0.125431,0.984939,0.142421,0.0969836,-0.0693631,-0.992866,-0.1279,0.4,0,0,slope_up,0,1,2.94461e-13,4.58941e-11,2.01281e-07,1,0,0
16.6802,3.9845,0.239086,0,0.122135,0.986521,0.137144,0.093687,-0.0643434,-0.99352,-0.124732,0.4,0,0,slope_up,0,1,3.79142e-13,1.20001e-10,2.94067e-07,1,0,0
16.7002,3.98841,0.238883,0,0.118626,0.98935,0.129224,0.0901782,-0.053266,-0.9945,-0.115603,0.4,0,0,slope_up,0,1,2.38892e-13,1.07195e-10,2.18232e-07,1,0,0
16.7202,3.99244,0.238448,0,0.114534,0.992296,0.12188,0.0860859,-0.0437306,-0.995328,-0.108146,0.4,0,0,slope_up,0,1,2.08103e-13,3.9038e-11,2.26777e-07,1,0,0
16.7402,3.99636,0.237744,0,0.113499,0.995153,0.118221,0.0850509,-0.0351031,-0.995758,-0.101583,0.4,0,0,slope_up,0,1,1.82342e-13,5.51565e-12,9.92472e-08,1,0,0
16.7602,4.00017,0.23672,0,0.114801,0.997661,0.117572,0.086353,-0.0272791,-0.995891,-0.0960708,0.4,0,0,slope_up,0,1,1.58902e-13,1.86903e-12,6.48236e-08,1,0,0
16.7802,4.00368,0.235593,0,0.116424,0.999554,0.117762,0.087976,-0.0193482,-0.995935,-0.089642,0.4,0,0,slope_up,0,1,1.60214e-13,4.60618e-13,4.39878e-08,1,0,0
16.8002,4.00771,0.234236,0,0.117463,1.00128,0.117914,0.0890153,-0.0112662,-0.995967,-0.0862904,0.4,0,0,slope_up,0,1,1.69509e-13,2.06655e-13,3.92261e-08,1,0,0
16.8202,4.01174,0.232841,0,0.117703,1.00266,0.117829,0.0892553,-0.00333136,-0.996003,-0.0849559,0.4,0,0,slope_up,0,1,3.1199e-13,1.0003e-13,3.56088e-08,1,0,0
16.8402,4.01599,0.231213,0,0.117671,1.0037,0.117998,0.0892236,0.00442735,-0.996002,-0.0839686,0.4,0,0,slope_up,0,1,3.513e-13,8.90346e-14,3.27305e-08,1,0,0
16.8602,4.01962,0.229576,0,0.117102,1.004,0.117738,0.0886543,0.00848861,-0.996026,-0.0842881,0.4,0,0,slope_up,0,1,2.45332e-13,6.69388e-14,2.40578e-08,1,0,0
16.8802,4.02298,0.227637,0,0.116109,1.00359,0.116737,0.0876612,0.00840928,-0.996115,-0.0846019,0.4,0,0,slope_up,0,1,1.86036e-13,5.84078e-14,1.73231e-08,1,0,0
16.9002,4.02644,0.225306,0,0.112113,1.00262,0.112625,0.0836652,0.00709076,-0.996469,-0.0823742,0.4,0,0,slope_up,0,1,1.94836e-13,4.55818e-14,1.70689e-08,1,0,0
16.9202,4.03013,0.223188,0,0.10417,1.00228,0.105144,0.0757225,0.0111851,-0.997066,-0.0746208,0.4,0,0,slope_up,0,1,2.12249e-13,3.15743e-13,6.10374e-08,1,0,0
16.9402,4.03371,0.220751,0,0.0963523,1.00288,0.0973719,0.0679046,0.0111473,-0.99763,-0.0731035,0.4,0,0,slope_up,0,1,3.13237e-13,2.23698e-12,1.43821e-07,1,0,0
16.9602,4.03639,0.218314,0,0.0926541,1.00436,0.0931733,0.0642064,0.00684853,-0.997913,-0.0780096,0.4,0,0,slope_up,0,1,2.77797e-13,2.18888e-12,5.85513e-08,1,0,0
16.9802,4.03961,0.216248,0,0.0891901,1.0065,0.0893284,0.0607424,0.0016848,-0.998152,-0.0833066,0.4,0,0,slope_up,0,1,3.18893e-13,4.54027e-13,2.55995e-08,1,0,0
17.0002,4.04246,0.215126,0,0.0877345,1.00825,0.0877824,0.0592868,-0.00381333,-0.998234,-0.0873603,0.4,0,0,slope_up,0,1,4.40877e-13,1.19016e-13,2.18639e-08,1,0,0
17.0202,4.04558,0.214133,0,0.0889865,1.01002,0.0893391,0.0605388,-0.0099454,-0.998116,-0.0877991,0.4,0,0,slope_up,0,1,3.01004e-13,7.20452e-14,2.23603e-08,1,0,0
17.0402,4.04923,0.213287,0,0.0924432,1.01175,0.0936283,0.0639955,-0.0170199,-0.997805,-0.0875074,0.4,0,0,slope_up,0,1,1.55202e-13,5.41296e-14,1.9673e-08,1,0,0
17.0602,4.05247,0.212849,0,0.0959997,1.01292,0.098249,0.067552,-0.0230985,-0.997448,-0.0888025,0.4,0,0,slope_up,0,1,1.18761e-13,7.00993e-14,1.32059e-08,1,0,0
17.0802,4.05628,0.212581,0,0.100211,1.01392,0.103784,0.0717629,-0.0291908,-0.996994,-0.0895367,0.4,0,0,slope_up,0,1,1.59478e-13,1.80302e-13,1.52093e-08,1,0,0
17.1002,4.06021,0.212478,0,0.104368,1.01461,0.109349,0.0759201,-0.034793,-0.996507,-0.0900455,0.4,0,0,slope_up,0,1,3.62993e-13,8.16891e-13,2.7183e-08,1,0,0
17.1202,4.06457,0.212473,0,0.108498,1.01512,0.115367,0.0800505,-0.0413499,-0.995933,-0.0905393,0.4,0,0,slope_up,0,1,9.50535e-13,4.19898e-12,6.20555e-08,1,0,0
17.1402,4.06854,0.212526,0,0.111825,1.01548,0.120948,0.0833774,-0.0481875,-0.995352,-0.0910768,0.4,0,0,slope_up,0,1,1.92569e-12,1.70049e-11,1.31857e-07,1,0,0
17.1602,4.07254,0.212679,0,0.114649,1.0158,0.1261,0.0862011,-0.054581,-0.994782,-0.0913797,0.4,0,0,slope_up,0,1,1.80689e-12,4.66974e-11,2.04171e-07,1,0,0
17.1802,4.07651,0.213078,0,0.118026,1.01592,0.131629,0.0895779,-0.0603028,-0.994153,-0.091497,0.4,0,0,slope_up,0,1,1.01277e-12,8.76042e-11,2.57981e-07,1,0,0
17.2002,4.08064,0.213788,0,0.12107,1.01576,0.135602,0.0926226,-0.0630521,-0.993703,-0.0921859,0.4,0,0,slope_up,0,1,5.46269e-13,1.00925e-10,2.74782e-07,1,0,0
17.2202,4.085,0.214616,0,0.123284,1.01536,0.137902,0.0948366,-0.0637346,-0.993451,-0.0915814,0.4,0,0,slope_up,0,1,2.81638e-13,8.36152e-11,3.05536e-07,1,0,0
17.2402,4.08893,0.215403,0,0.124396,1.01472,0.137784,0.0959482,-0.0611737,-0.993505,-0.0889924,0.4,0,0,slope_up,0,1,1.31784e-13,7.11224e-11,3.71091e-07,1,0,0
17.2603,4.09337,0.215651,0,0.123258,1.01464,0.136777,0.0948104,-0.061238,-0.99361,-0.0914193,0.4,0,0,slope_up,0,1,1.92105e-13,6.95886e-11,3.03709e-07,1,0,0
17.2803,4.09829,0.215578,0,0.120029,1.01637,0.13253,0.0915814,-0.0581845,-0.994096,-0.086948,0.4,0,0,slope_up,0,1,2.56857e-13,1.2976e-10,4.29446e-07,1,0,0
17.3003,4.1025,0.215816,0,0.117875,1.01886,0.126277,0.0894276,-0.0473059,-0.994869,-0.0774798,0.4,0,0,slope_up,0,1,1.33434e-13,1.00586e-10,2.66816e-07,1,0,0
17.3203,4.10662,0.215756,0,0.115453,1.02136,0.121192,0.0870049,-0.0388709,-0.995449,-0.0708013,0.4,0,0,slope_up,0,1,1.26006e-13,2.61558e-11,2.28266e-07,1,0,0
17.3403,4.1112,0.215387,0,0.115087,1.02406,0.118427,0.0866397,-0.0298671,-0.995792,-0.0628315,0.4,0,0,slope_up,0,1,1.31416e-13,4.14017e-12,1.05509e-07,1,0,0
17.3603,4.11597,0.214643,0,0.118009,1.0266,0.119551,0.0895618,-0.0207852,-0.995764,-0.0553845,0.4,0,0,slope_up,0,1,1.26314e-13,1.69649e-12,8.58931e-08,1,0,0
17.3803,4.11991,0.21382,0,0.120706,1.02833,0.121376,0.0922581,-0.0138374,-0.995639,-0.051172,0.4,0,0,slope_up,0,1,1.7674e-13,2.85468e-13,5.25546e-08,1,0,0
17.4003,4.12491,0.2127,0,0.122183,1.03014,0.122349,0.0937349,-0.00494419,-0.995585,-0.0476433,0.4,0,0,slope_up,0,1,3.10063e-13,1.15241e-13,4.30355e-08,1,0,0
17.4203,4.12937,0.211699,0,0.122578,1.03149,0.122866,0.0941303,0.00345169,-0.995554,-0.0460399,0.4,0,0,slope_up,0,1,5.06552e-13,8.98446e-14,4.37281e-08,1,0,0
17.4403,4.13356,0.210677,0,0.122776,1.03249,0.123624,0.0943284,0.0106475,-0.995484,-0.0461383,0.4,0,0,slope_up,0,1,4.57706e-13,5.67599e-14,3.101e-08,1,0,0
17.4603,4.13745,0.209509,0,0.122555,1.03302,0.123936,0.0941075,0.0149279,-0.99545,-0.0462034,0.4,0,0,slope_up,0,1,3.11812e-13,4.43203e-14,2.12487e-08,1,0,0
17.4803,4.14073,0.208225,0,0.121663,1.03303,0.123075,0.0932157,0.0151115,-0.995531,-0.0461059,0.4,0,0,slope_up,0,1,2.44633e-13,5.09095e-14,1.72886e-08,1,0,0
17.5003,4.14458,0.206412,0,0.117772,1.03254,0.119031,0.0893247,0.0138671,-0.995906,-0.0427894,0.4,0,0,slope_up,0,1,2.36423e-13,4.84298e-14,1.99215e-08,1,0,0
17.5203,4.14952,0.204323,0,0.108141,1.03244,0.110097,0.0796928,0.0176592,-0.996663,-0.0331889,0.4,0,0,slope_up,0,1,2.73833e-13,2.76615e-13,6.27632e-08,1,0,0
17.5403,4.15323,0.202338,0,0.101766,1.03337,0.103667,0.0733185,0.0168688,-0.997166,-0.0335762,0.4,0,0,slope_up,0,1,4.35514e-13,1.02357e-12,9.43083e-08,1,0,0
17.5603,4.15605,0.200236,0,0.0993883,1.03517,0.10072,0.0709406,0.0134142,-0.99739,-0.0361817,0.4,0,0,slope_up,0,1,4.13185e-13,1.70973e-12,4.56386e-08,1,0,0
17.5803,4.15884,0.198773,0,0.0969261,1.03718,0.0976279,0.0684784,0.00868315,-0.997615,-0.0407511,0.4,0,0,slope_up,0,1,4.9377e-13,1.73729e-12,4.13284e-08,1,0,0
17.6003,4.16222,0.197683,0,0.0956137,1.0394,0.0957546,0.067166,0.00156808,-0.997741,-0.0454868,0.4,0,0,slope_up,0,1,5.44625e-13,3.32799e-13,2.81263e-08,1,0,0
17.6203,4.16592,0.196738,0,0.0967319,1.04159,0.0968389,0.0682842,-0.00559468,-0.99765,-0.0466696,0.4,0,0,slope_up,0,1,2.92829e-13,1.03088e-13,2.53257e-08,1,0,0
17.6403,4.16936,0.196144,0,0.100153,1.04329,0.100898,0.0717054,-0.0141597,-0.997325,-0.0471238,0.4,0,0,slope_up,0,1,1.42634e-13,4.90044e-14,1.89998e-08,1,0,0
17.6603,4.17303,0.195834,0,0.1038,1.04464,0.105586,0.0753521,-0.0213769,-0.996928,-0.0479859,0.4,0,0,slope_up,0,1,1.37691e-13,5.95494e-14,1.33022e-08,1,0,0
17.6803,4.1769,0.195721,0,0.106832,1.04566,0.10984,0.0783843,-0.0276017,-0.996541,-0.0490352,0.4,0,0,slope_up,0,1,2.19571e-13,1.93426e-13,1.76906e-08,1,0,0
17.7003,4.18041,0.195724,0,0.110205,1.04633,0.114993,0.0817574,-0.0349182,-0.99604,-0.0502732,0.4,0,0,slope_up,0,1,5.79886e-13,8.60529e-13,3.24967e-08,1,0,0
17.7203,4.18424,0.195802,0,0.112736,1.0469,0.119403,0.0842882,-0.0414161,-0.99558,-0.0508452,0.4,0,0,slope_up,0,1,1.54739e-12,4.11206e-12,7.80209e-08,1,0,0
17.7403,4.18835,0.196063,0,0.115605,1.04738,0.125096,0.0871575,-0.0498526,-0.994946,-0.0517561,0.4,0,0,slope_up,0,1,2.73331e-12,1.48826e-11,1.60592e-07,1,0,0
17.7603,4.19209,0.196525,0,0.117945,1.0477,0.130221,0.089497,-0.0572252,-0.994342,-0.0522237,0.4,0,0,slope_up,0,1,2.26573e-12,3.96124e-11,2.54915e-07,1,0,0
17.7803,4.19585,0.197232,0,0.120339,1.04788,0.135062,0.0918917,-0.0633114,-0.993754,-0.0522332,0.4,0,0,slope_up,0,1,1.11937e-12,7.02956e-11,3.12541e-07,1,0,0
17.8003,4.19927,0.198097,0,0.122515,1.04781,0.13842,0.0940677,-0.0663744,-0.993351,-0.0517444,0.4,0,0,slope_up,0,1,4.59815e-13,8.95996e-11,3.58912e-07,1,0,0
17.8203,4.20356,0.199398,0,0.124581,1.04734,0.140284,0.0961335,-0.0664136,-0.99315,-0.049953,0.4,0,0,slope_up,0,1,2.18869e-13,8.33388e-11,4.14712e-07,1,0,0
17.8403,4.20748,0.200701,0,0.125333,1.04653,0.139339,0.0968857,-0.0627948,-0.993313,-0.0491414,0.4,0,0,slope_up,0,1,1.28283e-13,6.1586e-11,4.42733e-07,1,0,0
17.8603,4.21132,0.201221,0,0.122644,1.04653,0.137231,0.0941961,-0.0635255,-0.993525,-0.0536139,0.4,0,0,slope_up,0,1,2.72286e-13,6.57225e-11,2.75222e-07,1,0,0
17.8803,4.21542,0.201682,0,0.118856,1.04792,0.131917,0.0904086,-0.0592445,-0.994141,-0.0524261,0.4,0,0,slope_up,0,1,3.45716e-13,1.54716e-10,4.74211e-07,1,0,0
17.9003,4.21969,0.20226,0,0.115722,1.05055,0.125016,0.0872741,-0.0493533,-0.994961,-0.0449886,0.4,0,0,slope_up,0,1,2.2774e-13,1.39303e-10,3.49698e-07,1,0,0
17.9203,4.22396,0.202568,0,0.112722,1.05339,0.119007,0.0842747,-0.0402303,-0.99563,-0.0388308,0.4,0,0,slope_up,0,1,1.63078e-13,4.56765e-11,3.23932e-07,1,0,0
17.9403,4.22777,0.202547,0,0.11232,1.05591,0.11643,0.0838723,-0.0326887,-0.99594,-0.0332315,0.4,0,0,slope_up,0,1,1.10089e-13,6.84734e-12,1.58199e-07,1,0,0
17.9603,4.23231,0.202088,0,0.114495,1.05858,0.116663,0.0860476,-0.0242372,-0.995996,-0.0258177,0.4,0,0,slope_up,0,1,1.05006e-13,2.26148e-12,1.00935e-07,1,0,0
17.9803,4.23613,0.20148,0,0.116469,1.0604,0.117561,0.0880216,-0.0175451,-0.995964,-0.0210821,0.4,0,0,slope_up,0,1,1.10245e-13,4.02636e-13,6.00706e-08,1,0,0
18.0003,4.24099,0.200628,0,0.117433,1.06229,0.117738,0.0889854,-0.00903021,-0.995992,-0.0174772,0.4,0,0,slope_up,0,1,1.89018e-13,1.18601e-13,4.30567e-08,1,0,0
18.0203,4.24534,0.19981,0,0.117638,1.06368,0.11777,0.0891904,-0.000993988,-0.996014,-0.0158647,0.4,0,0,slope_up,0,1,3.14195e-13,8.7188e-14,4.53573e-08,1,0,0
18.0403,4.24947,0.198928,0,0.117661,1.06466,0.118106,0.0892131,0.006214,-0.995993,-0.015945,0.4,0,0,slope_up,0,1,3.47597e-13,6.44248e-14,3.98473e-08,1,0,0
18.0603,4.25292,0.197938,0,0.117611,1.06508,0.118406,0.0891632,0.0100836,-0.995966,-0.0162024,0.4,0,0,slope_up,0,1,2.51213e-13,3.84276e-14,2.64286e-08,1,0,0
18.0803,4.25698,0.196469,0,0.11633,1.06489,0.117242,0.0878827,0.0111006,-0.996069,-0.0163735,0.4,0,0,slope_up,0,1,1.85911e-13,3.82688e-14,1.94537e-08,1,0,0
18.1003,4.26036,0.194993,0,0.11327,1.06426,0.114132,0.0848224,0.010591,-0.99634,-0.014939,0.4,0,0,slope_up,0,1,2.29805e-13,4.33358e-14,2.47697e-08,1,0,0
18.1203,4.2647,0.193435,0,0.105314,1.06413,0.107008,0.0768662,0.0159876,-0.996913,-0.00771765,0.4,0,0,slope_up,0,1,3.95683e-13,2.38643e-13,6.87723e-08,1,0,0
18.1403,4.26876,0.19145,0,0.0985097,1.06534,0.100532,0.070062,0.0172314,-0.997394,-0.00801573,0.4,0,0,slope_up,0,1,4.95365e-13,6.39897e-13,1.16876e-07,1,0,0
18.1603,4.27159,0.189443,0,0.0963602,1.06725,0.0976804,0.0679125,0.0131441,-0.997605,-0.0108604,0.4,0,0,slope_up,0,1,4.8991e-13,5.07258e-13,3.11726e-08,1,0,0
18.1803,4.27484,0.188026,0,0.0927923,1.06948,0.0932648,0.0643446,0.00638511,-0.997907,-0.0186682,0.4,0,0,slope_up,0,1,5.89015e-13,6.89269e-13,3.03768e-08,1,0,0
18.2003,4.27826,0.187259,0,0.0911034,1.07155,0.0911991,0.0626557,0.000550887,-0.998035,-0.0241247,0.4,0,0,slope_up,0,1,5.96197e-13,1.289e-13,1.98549e-08,1,0,0
18.2203,4.28161,0.186702,0,0.0923286,1.07338,0.0924962,0.0638809,-0.00720067,-0.997932,-0.022645,0.4,0,0,slope_up,0,1,3.85187e-13,4.29849e-14,2.00743e-08,1,0,0
18.2403,4.28473,0.186431,0,0.0951312,1.07481,0.095868,0.0666835,-0.0139036,-0.997677,-0.0224179,0.4,0,0,slope_up,0,1,1.87714e-13,4.29652e-14,2.25172e-08,1,0,0
18.2603,4.28885,0.186462,0,0.0988262,1.07625,0.10063,0.0703785,-0.0210966,-0.997297,-0.0241465,0.4,0,0,slope_up,0,1,1.49297e-13,4.92281e-14,1.34243e-08,1,0,0
18.2803,4.29237,0.186692,0,0.10274,1.07713,0.105889,0.0742928,-0.0277755,-0.99685,-0.0259145,0.4,0,0,slope_up,0,1,2.34123e-13,1.41517e-13,1.6571e-08,1,0,0
18.3003,4.29635,0.187082,0,0.106687,1.07777,0.111284,0.0782393,-0.0337831,-0.996362,-0.0273047,0.4,0,0,slope_up,0,1,5.90178e-13,6.67449e-13,3.13232e-08,1,0,0
18.3203,4.30076,0.187666,0,0.110522,1.07819,0.116888,0.0820741,-0.0401506,-0.995817,-0.0282113,0.4,0,0,slope_up,0,1,1.68362e-12,3.73974e-12,7.38743e-08,1,0,0
18.3403,4.30438,0.18822,0,0.113094,1.07844,0.121337,0.0846461,-0.0460436,-0.995347,-0.0290391,0.4,0,0,slope_up,0,1,2.72574e-12,1.74135e-11,1.8321e-07,1,0,0
18.3603,4.3084,0.188983,0,0.115673,1.07867,0.126337,0.0872256,-0.0528589,-0.994785,-0.0300049,0.4,0,0,slope_up,0,1,2.76999e-12,4.17353e-11,2.86443e-07,1,0,0
18.3803,4.31246,0.189928,0,0.118256,1.07881,0.131318,0.0898079,-0.059121,-0.994203,-0.0303402,0.4,0,0,slope_up,0,1,1.44829e-12,7.29839e-11,3.53896e-07,1,0,0
18.4003,4.31653,0.191109,0,0.121035,1.07874,0.135633,0.0925878,-0.0631886,-0.993697,-0.0299154,0.4,0,0,slope_up,0,1,5.59841e-13,1.03389e-10,4.22546e-07,1,0,0
18.4203,4.32069,0.192532,0,0.123498,1.07835,0.138161,0.0950506,-0.0638807,-0.993421,-0.0278003,0.4,0,0,slope_up,0,1,2.26754e-13,9.14221e-11,4.77512e-07,1,0,0
18.4403,4.32488,0.194113,0,0.124882,1.07753,0.13797,0.0964341,-0.0605743,-0.993494,-0.0261047,0.4,0,0,slope_up,0,1,1.21003e-13,6.64805e-11,5.28388e-07,1,0,0
18.4603,4.32945,0.195065,0,0.122427,1.07752,0.135991,0.0939792,-0.0611632,-0.993694,-0.0314229,0.4,0,0,slope_up,0,1,2.44571e-13,6.44181e-11,3.28145e-07,1,0,0
18.4803,4.33422,0.195955,0,0.119266,1.07912,0.130649,0.0908186,-0.0553436,-0.994328,-0.0289641,0.4,0,0,slope_up,0,1,2.39962e-13,1.29661e-10,4.99551e-07,1,0,0
18.5003,4.3384,0.196782,0,0.117046,1.08146,0.124856,0.0885983,-0.0454872,-0.995028,-0.0217773,0.4,0,0,slope_up,0,1,1.60336e-13,1.41781e-10,3.69329e-07,1,0,0
18.5203,4.34249,0.197231,0,0.11494,1.0839,0.120169,0.086492,-0.0370752,-0.995562,-0.0152227,0.4,0,0,slope_up,0,1,1.40925e-13,2.69957e-11,2.79372e-07,1,0,0
18.5403,4.34737,0.197394,0,0.115274,1.0868,0.118142,0.0868259,-0.0277775,-0.995836,-0.00858163,0.4,0,0,slope_up,0,1,1.11868e-13,4.56938e-12,1.42176e-07,1,0,0
18.5603,4.3512,0.197181,0,0.118154,1.08883,0.119626,0.0897064,-0.0203359,-0.995761,-0.00266624,0.4,0,0,slope_up,0,1,1.16708e-13,9.27461e-13,8.04504e-08,1,0,0
18.5803,4.35556,0.196662,0,0.12055,1.09077,0.12123,0.0921027,-0.0139408,-0.995652,0.00198659,0.4,0,0,slope_up,0,1,1.8977e-13,1.85473e-13,5.06284e-08,1,0,0
18.6003,4.36004,0.196073,0,0.121711,1.09243,0.121916,0.0932629,-0.00649268,-0.99562,0.00460546,0.4,0,0,slope_up,0,1,3.39351e-13,1.06767e-13,4.91151e-08,1,0,0
18.6203,4.36443,0.195531,0,0.121842,1.09385,0.122052,0.0933939,0.00166303,-0.995628,0.00464888,0.4,0,0,slope_up,0,1,6.07506e-13,6.20432e-14,4.4119e-08,1,0,0
18.6403,4.36894,0.194856,0,0.121798,1.09505,0.122534,0.0933504,0.00954304,-0.995588,0.00369876,0.4,0,0,slope_up,0,1,5.32348e-13,4.15439e-14,3.57998e-08,1,0,0
18.6603,4.37274,0.194072,0,0.121353,1.09563,0.122597,0.0929057,0.0138873,-0.995578,0.00326965,0.4,0,0,slope_up,0,1,3.5376e-13,3.36419e-14,2.51704e-08,1,0,0
18.6803,4.376,0.193158,0,0.120018,1.09566,0.121362,0.0915705,0.0145608,-0.995692,0.00318665,0.4,0,0,slope_up,0,1,2.61196e-13,3.59917e-14,1.93552e-08,1,0,0
18.7003,4.37976,0.191795,0,0.116157,1.09521,0.11739,0.0877094,0.013616,-0.996053,0.00583896,0.4,0,0,slope_up,0,1,2.56491e-13,3.99512e-14,2.54064e-08,1,0,0
18.7203,4.38461,0.190324,0,0.106672,1.09528,0.10893,0.0782246,0.0191145,-0.996753,0.0153298,0.4,0,0,slope_up,0,1,3.03394e-13,2.00075e-13,6.46757e-08,1,0,0
18.7403,4.38797,0.188971,0,0.10074,1.09625,0.103189,0.0722921,0.0195137,-0.997193,0.0135471,0.4,0,0,slope_up,0,1,4.61557e-13,5.28387e-13,1.03776e-07,1,0,0
18.7603,4.39065,0.187097,0,0.0989365,1.09818,0.100629,0.0704888,0.0155161,-0.997392,0.0119871,0.4,0,0,slope_up,0,1,4.62843e-13,6.73629e-13,3.68976e-08,1,0,0
18.7803,4.39398,0.185633,0,0.0962506,1.10077,0.0970132,0.0678029,0.00917993,-0.997657,0.00683568,0.4,0,0,slope_up,0,1,7.27268e-13,1.81646e-12,4.34512e-08,1,0,0
18.8003,4.39703,0.185062,0,0.0943963,1.10282,0.0945943,0.0659486,0.00275777,-0.997819,0.00134739,0.4,0,0,slope_up,0,1,6.61773e-13,2.54291e-13,2.547e-08,1,0,0
18.8203,4.40072,0.184516,0,0.0951062,1.1051,0.0951969,0.0666585,-0.005158,-0.997763,0.00118241,0.4,0,0,slope_up,0,1,3.67583e-13,6.53863e-14,2.5616e-08,1,0,0
18.8403,4.40382,0.184246,0,0.0975133,1.10672,0.098086,0.0690656,-0.0125001,-0.997534,0.000366429,0.4,0,0,slope_up,0,1,1.86986e-13,3.88272e-14,2.04352e-08,1,0,0
18.8603,4.40742,0.184216,0,0.101125,1.10818,0.102813,0.0726775,-0.0206316,-0.997142,-0.00219404,0.4,0,0,slope_up,0,1,1.60237e-13,4.18449e-14,1.30662e-08,1,0,0
18.8803,4.4112,0.184418,0,0.104929,1.10923,0.107914,0.0764812,-0.0273107,-0.996697,-0.0033636,0.4,0,0,slope_up,0,1,2.41328e-13,1.0782e-13,1.43279e-08,1,0,0
18.9003,4.41509,0.184731,0,0.108295,1.10993,0.112711,0.0798476,-0.033342,-0.996249,-0.00360024,0.4,0,0,slope_up,0,1,5.563e-13,6.99893e-13,3.48311e-08,1,0,0
18.9203,4.41898,0.185183,0,0.111189,1.11042,0.117435,0.0827415,-0.0398799,-0.995773,-0.00479313,0.4,0,0,slope_up,0,1,1.54955e-12,4.57319e-12,9.68686e-08,1,0,0
18.9403,4.42323,0.185829,0,0.113637,1.11084,0.122242,0.0851895,-0.0471309,-0.995249,-0.00629675,0.4,0,0,slope_up,0,1,3.01166e-12,1.46877e-11,1.93758e-07,1,0,0
18.9603,4.42668,0.186515,0,0.115964,1.11108,0.127126,0.0875163,-0.0541456,-0.99469,-0.00698313,0.4,0,0,slope_up,0,1,2.80121e-12,3.7212e-11,3.02969e-07,1,0,0
18.9803,4.43052,0.187548,0,0.118364,1.11117,0.131605,0.0899166,-0.0595523,-0.994167,-0.00746552,0.4,0,0,slope_up,0,1,1.57342e-12,6.86444e-11,3.71634e-07,1,0,0
19.0003,4.43443,0.188923,0,0.120755,1.11098,0.134866,0.0923069,-0.062043,-0.993796,-0.00809934,0.4,0,0,slope_up,0,1,7.13519e-13,9.55522e-11,4.18384e-07,1,0,0
19.0203,4.43851,0.190459,0,0.122524,1.1105,0.136599,0.0940761,-0.0623513,-0.993611,-0.00689667,0.4,0,0,slope_up,0,1,3.35292e-13,8.90693e-11,4.65193e-07,1,0,0
19.0403,4.44262,0.192113,0,0.123529,1.10953,0.135782,0.0950815,-0.0583089,-0.99376,-0.003837,0.4,0,0,slope_up,0,1,1.47842e-13,8.6371e-11,5.32736e-07,1,0,0
19.0603,4.44753,0.19331,0,0.120834,1.1092,0.133726,0.092386,-0.0592724,-0.993958,-0.0093246,0.4,0,0,slope_up,0,1,1.43094e-13,5.13069e-11,3.20796e-07,1,0,0
19.0803,4.45131,0.1943,0,0.118014,1.11015,0.129307,0.0895661,-0.0548733,-0.994468,-0.0108912,0.4,0,0,slope_up,0,1,2.32952e-13,9.75567e-11,5.09517e-07,1,0,0
19.1003,4.4552,0.195384,0,0.116453,1.11224,0.125005,0.0880053,-0.0474774,-0.994988,-0.0063738,0.4,0,0,slope_up,0,1,1.52694e-13,1.30916e-10,3.67153e-07,1,0,0
19.1203,4.46002,0.1962,0,0.113848,1.1152,0.11967,0.0854007,-0.038915,-0.995586,0.000663955,0.4,0,0,slope_up,0,1,1.59065e-13,6.34049e-11,4.4286e-07,1,0,0
19.1403,4.46451,0.196666,0,0.113419,1.11794,0.116911,0.0849711,-0.0303403,-0.995921,0.00806341,0.4,0,0,slope_up,0,1,9.05097e-14,9.98751e-12,2.11552e-07,1,0,0
19.1603,4.46834,0.196812,0,0.115384,1.12012,0.117408,0.0869367,-0.0235207,-0.995936,0.0130525,0.4,0,0,slope_up,0,1,8.50064e-14,1.8218e-12,1.04051e-07,1,0,0
19.1803,4.47267,0.196696,0,0.11772,1.12218,0.118634,0.0892722,-0.0161256,-0.995877,0.0183043,0.4,0,0,slope_up,0,1,1.24887e-13,2.83186e-13,5.72578e-08,1,0,0
19.2003,4.47718,0.196497,0,0.11862,1.12395,0.118895,0.0901719,-0.00841882,-0.995891,0.0209386,0.4,0,0,slope_up,0,1,2.36945e-13,1.1406e-13,5.11632e-08,1,0,0
19.2203,4.48203,0.19626,0,0.118808,1.12557,0.11898,0.0903603,0.000783385,-0.995909,0.0223203,0.4,0,0,slope_up,0,1,4.67864e-13,7.11019e-14,5.09057e-08,1,0,0
19.2403,4.48572,0.19596,0,0.119017,1.12655,0.119561,0.090569,0.00743936,-0.995862,0.0224521,0.4,0,0,slope_up,0,1,4.2497e-13,4.84154e-14,4.52447e-08,1,0,0
19.2603,4.48961,0.195443,0,0.118753,1.12716,0.1198,0.0903053,0.0122851,-0.995838,0.021873,0.4,0,0,slope_up,0,1,3.0788e-13,3.09267e-14,2.90615e-08,1,0,0
19.2803,4.49375,0.194628,0,0.117102,1.1272,0.118405,0.0886543,0.0141558,-0.995962,0.0216249,0.4,0,0,slope_up,0,1,2.49058e-13,3.2732e-14,2.09891e-08,1,0,0
19.3003,4.49759,0.193568,0,0.113344,1.12676,0.114681,0.0848966,0.0142183,-0.996288,0.0241648,0.4,0,0,slope_up,0,1,3.18815e-13,3.9096e-14,2.6609e-08,1,0,0
19.3203,4.50199,0.19261,0,0.105376,1.12685,0.107738,0.0769287,0.0195177,-0.996846,0.0306564,0.4,0,0,slope_up,0,1,4.63594e-13,2.13976e-13,7.86883e-08,1,0,0
19.3403,4.50555,0.191437,0,0.100369,1.12804,0.103219,0.0719211,0.0212747,-0.997183,0.0287513,0.4,0,0,slope_up,0,1,7.41129e-13,3.29862e-13,1.00491e-07,1,0,0
19.3603,4.50833,0.189818,0,0.0986278,1.13006,0.100709,0.0701801,0.0175399,-0.99738,0.0252306,0.4,0,0,slope_up,0,1,7.95281e-13,3.3002e-13,3.30031e-08,1,0,0
19.3803,4.5111,0.188587,0,0.0961459,1.13225,0.0971761,0.0676982,0.0112122,-0.997643,0.0195807,0.4,0,0,slope_up,0,1,9.87616e-13,1.8749e-12,4.12843e-08,1,0,0
19.4003,4.51449,0.187887,0,0.0934702,1.13455,0.0936863,0.0650226,0.00309012,-0.997879,0.0131434,0.4,0,0,slope_up,0,1,1.25733e-12,4.6703e-13,2.45323e-08,1,0,0
19.4203,4.51814,0.187526,0,0.0939504,1.1367,0.0940247,0.0655027,-0.00460137,-0.997842,0.0143855,0.4,0,0,slope_up,0,1,4.2697e-13,5.2807e-14,2.28036e-08,1,0,0
19.4403,4.52149,0.187477,0,0.0968533,1.13834,0.0973872,0.0684056,-0.0121057,-0.997584,0.0148043,0.4,0,0,slope_up,0,1,1.96156e-13,4.81603e-14,3.03657e-08,1,0,0
19.4603,4.52473,0.187704,0,0.0999822,1.1396,0.101381,0.0715345,-0.0188549,-0.99726,0.0126982,0.4,0,0,slope_up,0,1,1.60018e-13,4.08812e-14,1.40785e-08,1,0,0
19.4803,4.52856,0.188109,0,0.103639,1.14071,0.106468,0.0751908,-0.0264982,-0.996817,0.0114178,0.4,0,0,slope_up,0,1,2.62357e-13,1.09769e-13,1.66372e-08,1,0,0
19.5003,4.53241,0.188609,0,0.106678,1.14151,0.111033,0.0782308,-0.0329121,-0.996392,0.0103853,0.4,0,0,slope_up,0,1,6.74239e-13,6.43043e-13,3.62979e-08,1,0,0
19.5203,4.5366,0.18934,0,0.110221,1.14215,0.116862,0.0817737,-0.0409429,-0.99581,0.00901644,0.4,0,0,slope_up,0,1,1.55041e-12,3.07737e-12,8.26081e-08,1,0,0
19.5403,4.5404,0.190235,0,0.113023,1.14252,0.121993,0.0845753,-0.0480026,-0.99526,0.00745162,0.4,0,0,slope_up,0,1,2.5735e-12,1.19785e-11,1.78449e-07,1,0,0
19.5603,4.54423,0.191328,0,0.115517,1.14276,0.126914,0.0870688,-0.0546263,-0.994703,0.00657581,0.4,0,0,slope_up,0,1,2.16418e-12,3.19897e-11,2.85929e-07,1,0,0
19.5803,4.54769,0.192516,0,0.117874,1.14283,0.13107,0.0894259,-0.0593455,-0.994224,0.00599115,0.4,0,0,slope_up,0,1,1.1327e-12,7.07684e-11,3.97336e-07,1,0,0
19.6003,4.55203,0.194235,0,0.12059,1.14262,0.134844,0.0921421,-0.0623271,-0.993793,0.00608896,0.4,0,0,slope_up,0,1,5.46512e-13,1.00106e-10,4.68424e-07,1,0,0
19.6203,4.55607,0.196054,0,0.122395,1.14204,0.136188,0.0939472,-0.0616804,-0.993665,0.00723652,0.4,0,0,slope_up,0,0.999999,2.54998e-13,1.0359e-10,5.57538e-07,1,0,0
19.6403,4.55976,0.197797,0,0.123192,1.14111,0.135128,0.0947442,-0.0574728,-0.993841,0.00828526,0.4,0,0,slope_up,0,0.999999,1.61681e-13,8.84573e-11,6.10122e-07,1,0,0
19.6603,4.56428,0.199071,0,0.119954,1.1409,0.132396,0.0915058,-0.0580327,-0.994112,0.00311627,0.4,0,0,slope_up,0,1,2.74384e-13,7.665e-11,3.41953e-07,1,0,0
19.6803,4.56859,0.200251,0,0.116179,1.14201,0.127082,0.0877315,-0.0535512,-0.994704,0.00337642,0.4,0,0,slope_up,0,0.999999,2.73017e-13,1.17909e-10,5.83509e-07,1,0,0
19.7003,4.57262,0.201433,0,0.113891,1.14405,0.121577,0.0854429,-0.0446118,-0.995344,0.0101831,0.4,0,0,slope_up,0,1,1.88428e-13,9.8839e-11,3.82031e-07,1,0,0
19.7203,4.57744,0.202491,0,0.111515,1.14687,0.116405,0.083067,-0.0354481,-0.995913,0.0154214,0.4,0,0,slope_up,0,1,1.28195e-13,4.90352e-11,4.45057e-07,1,0,0
19.7403,4.5818,0.203045,0,0.112044,1.14944,0.114981,0.0835968,-0.0277954,-0.996112,0.0207242,0.4,0,0,slope_up,0,1,7.93184e-14,5.54417e-12,1.9229e-07,1,0,0
19.7603,4.58611,0.203142,0,0.114604,1.15174,0.116184,0.0861559,-0.0208592,-0.996063,0.0266497,0.4,0,0,slope_up,0,1,8.89124e-14,1.75915e-12,1.23605e-07,1,0,0
19.7803,4.59056,0.203012,0,0.116859,1.15378,0.117496,0.0884111,-0.0134783,-0.995993,0.0312542,0.4,0,0,slope_up,0,1,1.33681e-13,3.31364e-13,7.67549e-08,1,0,0
19.8003,4.59507,0.202832,0,0.118084,1.15557,0.118241,0.0896362,-0.00529262,-0.995961,0.0339258,0.4,0,0,slope_up,0,1,2.70323e-13,1.03457e-13,5.82046e-08,1,0,0
19.8203,4.59941,0.202579,0,0.118964,1.15701,0.119216,0.0905159,0.00294813,-0.995891,0.0356145,0.4,0,0,slope_up,0,1,4.30688e-13,7.51763e-14,5.94689e-08,1,0,0
19.8403,4.6031,0.202259,0,0.119403,1.15795,0.120093,0.0909552,0.00906844,-0.995814,0.0350861,0.4,0,0,slope_up,0,1,4.10936e-13,4.09054e-14,4.61747e-08,1,0,0
19.8603,4.607,0.201771,0,0.119223,1.15854,0.120448,0.0907758,0.0136737,-0.995777,0.0343096,0.4,0,0,slope_up,0,1,3.24392e-13,2.51304e-14,2.9727e-08,1,0,0
19.8803,4.61072,0.201092,0,0.118061,1.1586,0.119488,0.0896129,0.0150579,-0.995863,0.034024,0.4,0,0,slope_up,0,1,2.80489e-13,2.89907e-14,2.29114e-08,1,0,0
19.9003,4.6149,0.200016,0,0.114168,1.15813,0.115548,0.0857203,0.0145571,-0.996213,0.0365049,0.4,0,0,slope_up,0,1,3.23535e-13,3.63683e-14,2.90484e-08,1,0,0
19.9203,4.61886,0.199203,0,0.106952,1.15811,0.10913,0.0785045,0.0187303,-0.996738,0.0431908,0.4,0,0,slope_up,0,1,5.00633e-13,1.97936e-13,8.55824e-08,1,0,0
19.9403,4.62291,0.198091,0,0.100782,1.15931,0.10353,0.0723343,0.0208704,-0.997162,0.0399237,0.4,0,0,slope_up,0,1,7.64483e-13,3.91836e-13,1.30317e-07,1,0,0
19.9603,4.62539,0.196675,0,0.0993514,1.16103,0.101289,0.0709037,0.0168654,-0.997341,0.0336023,0.4,0,0,slope_up,0,1,7.99585e-13,2.80581e-13,3.37146e-08,1,0,0
19.9803,4.62858,0.194998,0,0.0972633,1.1636,0.0981736,0.0688156,0.0103952,-0.997575,0.0316625,0.4,0,0,slope_up,0,1,1.03359e-12,8.68545e-13,2.36047e-08,1,0,0
20.0003,4.63199,0.194249,0,0.094583,1.16582,0.0948237,0.0661353,0.00348263,-0.997805,0.0295738,0.4,0,0,slope_up,0,1,8.77707e-13,4.85532e-13,4.25759e-08,1,0,0
20.0203,4.63532,0.193954,0,0.0946605,1.1678,0.0947198,0.0662128,-0.00365876,-0.997799,0.0278287,0.4,0,0,slope_up,0,1,5.87203e-13,1.51159e-13,3.8679e-08,1,0,0
20.0403,4.63872,0.193842,0,0.0968854,1.16956,0.097413,0.0684378,-0.0120342,-0.997583,0.0254168,0.4,0,0,slope_up,0,1,2.86615e-13,4.2288e-14,2.04263e-08,1,0,0
20.0603,4.64187,0.1939,0,0.100067,1.17085,0.101523,0.0716191,-0.0192059,-0.997247,0.0238631,0.4,0,0,slope_up,0,1,2.20046e-13,3.40261e-14,1.31544e-08,1,0,0
20.0803,4.64594,0.194207,0,0.104117,1.17202,0.106972,0.0756691,-0.0266611,-0.996776,0.0229226,0.4,0,0,slope_up,0,1,2.78967e-13,9.93332e-14,1.66423e-08,1,0,0
20.1003,4.64975,0.194644,0,0.107495,1.17276,0.111892,0.0790478,-0.0331698,-0.996319,0.0217658,0.4,0,0,slope_up,0,1,6.46779e-13,6.60885e-13,3.83431e-08,1,0,0
20.1203,4.65317,0.195132,0,0.110207,1.17326,0.1164,0.0817595,-0.0395641,-0.995866,0.0206775,0.4,0,0,slope_up,0,1,1.66504e-12,3.73712e-12,9.63018e-08,1,0,0
20.1403,4.65733,0.195872,0,0.113129,1.17374,0.122118,0.0846809,-0.0480756,-0.995248,0.0193421,0.4,0,0,slope_up,0,1,2.89324e-12,1.44013e-11,2.06391e-07,1,0,0
20.1603,4.66108,0.196778,0,0.115417,1.17401,0.12668,0.0869694,-0.0542809,-0.994731,0.0185102,0.4,0,0,slope_up,0,1,2.67428e-12,4.32876e-11,3.49834e-07,1,0,0
20.1803,4.66452,0.19782,0,0.117724,1.17409,0.131125,0.0892767,-0.0597794,-0.994211,0.0178833,0.4,0,0,slope_up,0,1,1.60973e-12,7.91092e-11,4.32813e-07,1,0,0
20.2003,4.66841,0.199206,0,0.120194,1.17394,0.134776,0.0917465,-0.0629663,-0.99379,0.0179448,0.4,0,0,slope_up,0,0.999999,6.67095e-13,1.23115e-10,5.36698e-07,1,0,0
20.2203,4.67281,0.200987,0,0.121871,1.17332,0.13594,0.0934235,-0.0621938,-0.993682,0.0197933,0.4,0,0,slope_up,0,0.999999,2.96671e-13,1.23357e-10,6.33466e-07,1,0,0
20.2403,4.67686,0.202592,0,0.122104,1.17233,0.134797,0.0936565,-0.0590692,-0.993851,0.0204534,0.4,0,0,slope_up,0,0.999999,1.62354e-13,9.26128e-11,6.8261e-07,1,0,0
20.2603,4.68126,0.203697,0,0.118583,1.17232,0.131861,0.0901348,-0.0596845,-0.99414,0.0152887,0.4,0,0,slope_up,0,1,3.8939e-13,1.03542e-10,3.93909e-07,1,0,0
20.2803,4.6849,0.20467,0,0.115777,1.17346,0.126919,0.0873289,-0.0540601,-0.994712,0.0174884,0.4,0,0,slope_up,0,0.999999,2.61075e-13,2.44004e-10,5.77177e-07,1,0,0
20.3003,4.68892,0.205678,0,0.112877,1.17552,0.120937,0.0844289,-0.0455006,-0.99539,0.0231952,0.4,0,0,slope_up,0,0.999999,1.84661e-13,3.11535e-10,6.27607e-07,1,0,0
20.3203,4.69318,0.206372,0,0.110739,1.17804,0.116371,0.0822917,-0.0378508,-0.995889,0.0277857,0.4,0,0,slope_up,0,1,1.46955e-13,5.1286e-11,4.4571e-07,1,0,0
20.3403,4.69785,0.206711,0,0.111311,1.18079,0.11464,0.0828633,-0.0294384,-0.996126,0.0342908,0.4,0,0,slope_up,0,1,1.00046e-13,6.92443e-12,1.95966e-07,1,0,0
20.3603,4.70159,0.206636,0,0.113801,1.18277,0.115734,0.0853534,-0.0229032,-0.996087,0.0402573,0.4,0,0,slope_up,0,1,1.04432e-13,1.71538e-12,1.22662e-07,1,0,0
20.3803,4.70628,0.206269,0,0.116666,1.18484,0.117505,0.0882182,-0.0154441,-0.995981,0.0451009,0.4,0,0,slope_up,0,1,1.69629e-13,3.44147e-13,7.41316e-08,1,0,0
20.4003,4.71026,0.205883,0,0.117671,1.18629,0.117966,0.0892234,-0.00884027,-0.995972,0.0476713,0.4,0,0,slope_up,0,1,3.63515e-13,1.33052e-13,6.09345e-08,1,0,0
20.4203,4.71507,0.205368,0,0.117806,1.1878,0.11795,0.0893578,-0.000298457,-0.996,0.0480394,0.4,0,0,slope_up,0,1,6.00614e-13,1.0865e-13,6.25788e-08,1,0,0
20.4403,4.71918,0.20481,0,0.117745,1.18886,0.118242,0.0892976,0.00687212,-0.995981,0.0467421,0.4,0,0,slope_up,0,1,6.33613e-13,5.84567e-14,4.98647e-08,1,0,0
20.4603,4.7226,0.204112,0,0.117699,1.1894,0.118601,0.089251,0.0110548,-0.995948,0.0460517,0.4,0,0,slope_up,0,1,4.28648e-13,3.81302e-14,3.09024e-08,1,0,0
20.4803,4.72661,0.202994,0,0.116477,1.18941,0.117584,0.0880288,0.0126928,-0.996037,0.0455733,0.4,0,0,slope_up,0,1,2.98606e-13,3.98166e-14,2.3291e-08,1,0,0
20.5003,4.72996,0.201677,0,0.113643,1.18891,0.1146,0.0851954,0.0114088,-0.996299,0.0474478,0.4,0,0,slope_up,0,1,3.28427e-13,4.16128e-14,2.91836e-08,1,0,0
20.5203,4.73472,0.200143,0,0.105307,1.18879,0.107103,0.0768589,0.0165666,-0.996904,0.056006,0.4,0,0,slope_up,0,1,3.95131e-13,1.26807e-13,5.42206e-08,1,0,0
20.5403,4.73809,0.19886,0,0.0998915,1.18971,0.102079,0.0714438,0.0181811,-0.997279,0.0534035,0.4,0,0,slope_up,0,1,6.34305e-13,4.51811e-13,1.12423e-07,1,0,0
20.5603,4.74079,0.196956,0,0.0983914,1.19164,0.099875,0.0699437,0.0142747,-0.997449,0.0497731,0.4,0,0,slope_up,0,1,7.86773e-13,5.73419e-13,3.68775e-08,1,0,0
20.5803,4.74405,0.195237,0,0.096056,1.19431,0.0965908,0.0676083,0.00711035,-0.997687,0.0449615,0.4,0,0,slope_up,0,1,1.06978e-12,1.73382e-12,4.31336e-08,1,0,0
20.6003,4.74715,0.194555,0,0.0936391,1.1964,0.0937226,0.0651914,1.38755e-05,-0.997873,0.0386289,0.4,0,0,slope_up,0,1,9.54844e-13,3.89056e-13,3.34482e-08,1,0,0
20.6203,4.75053,0.194064,0,0.0936633,1.19846,0.0938544,0.0652156,-0.00763471,-0.997842,0.036705,0.4,0,0,slope_up,0,1,5.38106e-13,6.86547e-14,2.73406e-08,1,0,0
20.6403,4.75424,0.193729,0,0.0965582,1.20038,0.0975226,0.0681105,-0.0157472,-0.997554,0.0370953,0.4,0,0,slope_up,0,1,2.57594e-13,3.67231e-14,2.46096e-08,1,0,0
20.6603,4.75785,0.193697,0,0.0996497,1.2018,0.101737,0.071202,-0.0226404,-0.997205,0.0353594,0.4,0,0,slope_up,0,1,2.04836e-13,4.22912e-14,1.48729e-08,1,0,0
20.6803,4.76161,0.193901,0,0.103753,1.20284,0.107529,0.0753056,-0.030394,-0.996697,0.0325387,0.4,0,0,slope_up,0,1,2.70031e-13,1.24611e-13,1.79929e-08,1,0,0
20.7003,4.76543,0.194279,0,0.107197,1.20349,0.112336,0.0787493,-0.0357207,-0.996254,0.0307963,0.4,0,0,slope_up,0,1,7.14012e-13,6.81397e-13,3.51917e-08,1,0,0
20.7203,4.7693,0.194754,0,0.110678,1.20391,0.117788,0.0822303,-0.0424119,-0.99571,0.0300965,0.4,0,0,slope_up,0,1,2.09626e-12,4.70174e-12,9.3405e-08,1,0,0
20.7403,4.7728,0.195241,0,0.11294,1.20422,0.12228,0.0844925,-0.0489622,-0.99522,0.0293852,0.4,0,0,slope_up,0,1,3.36383e-12,2.5493e-11,2.60614e-07,1,0,0
20.7603,4.77666,0.19595,0,0.115344,1.2045,0.127513,0.0868959,-0.0564279,-0.994618,0.02846,0.4,0,0,slope_up,0,1,3.10447e-12,6.2548e-11,4.15616e-07,1,0,0
20.7803,4.78091,0.197007,0,0.118069,1.20462,0.132854,0.089621,-0.0629329,-0.993986,0.0281757,0.4,0,0,slope_up,0,1,1.58442e-12,1.1399e-10,5.24518e-07,1,0,0
20.8003,4.78444,0.198127,0,0.120311,1.20447,0.136118,0.091863,-0.065655,-0.993605,0.0284247,0.4,0,0,slope_up,0,0.999999,5.95496e-13,1.53167e-10,6.22615e-07,1,0,0
20.8203,4.78885,0.19976,0,0.12253,1.20383,0.137797,0.0940821,-0.0649995,-0.99344,0.0301522,0.4,0,0,slope_up,0,0.999999,2.56298e-13,1.29191e-10,6.99112e-07,1,0,0
20.8403,4.79248,0.201134,0,0.123121,1.20295,0.136893,0.0946733,-0.0617896,-0.993589,0.030484,0.4,0,0,slope_up,0,0.999999,1.58851e-13,9.70126e-11,7.38552e-07,1,0,0
20.8603,4.7975,0.202151,0,0.118909,1.20289,0.133363,0.0904615,-0.0623965,-0.993943,0.0246841,0.4,0,0,slope_up,0,1,3.93903e-13,1.148e-10,4.55855e-07,1,0,0
20.8803,4.80136,0.202943,0,0.115394,1.20403,0.127745,0.0869459,-0.0568628,-0.994589,0.0273916,0.4,0,0,slope_up,0,0.999999,2.90704e-13,2.41428e-10,6.96925e-07,1,0,0
20.9003,4.80537,0.203881,0,0.11274,1.2061,0.121285,0.0842923,-0.0468091,-0.995341,0.0339659,0.4,0,0,slope_up,0,0.999999,1.84155e-13,2.28246e-10,5.90139e-07,1,0,0
20.9203,4.81002,0.204709,0,0.110662,1.20886,0.116335,0.0822143,-0.0379746,-0.995891,0.0378365,0.4,0,0,slope_up,0,0.999999,1.25721e-13,6.55577e-11,5.43394e-07,1,0,0
20.9403,4.81381,0.205087,0,0.111233,1.21112,0.114741,0.082785,-0.0301818,-0.99611,0.0417569,0.4,0,0,slope_up,0,1,9.25612e-14,6.03446e-12,2.20987e-07,1,0,0
20.9603,4.81839,0.205041,0,0.114373,1.21359,0.116217,0.0859252,-0.0224374,-0.996049,0.0480646,0.4,0,0,slope_up,0,1,1.09471e-13,2.20785e-12,1.55087e-07,1,0,0
20.9803,4.82271,0.20471,0,0.116979,1.21555,0.117807,0.088531,-0.0153473,-0.995955,0.0529909,0.4,0,0,slope_up,0,1,2.04901e-13,4.35603e-13,9.61005e-08,1,0,0
21.0003,4.82716,0.204328,0,0.118041,1.21729,0.118314,0.0895931,-0.00841925,-0.995943,0.0553496,0.4,0,0,slope_up,0,1,4.14593e-13,1.42894e-13,6.92611e-08,1,0,0
21.0203,4.8315,0.203917,0,0.118431,1.21879,0.118581,0.0899837,-0.000119418,-0.995943,0.0564379,0.4,0,0,slope_up,0,1,5.85668e-13,9.26995e-14,6.33871e-08,1,0,0
21.0403,4.83559,0.203426,0,0.118536,1.21994,0.119131,0.0900883,0.00804539,-0.995901,0.0551926,0.4,0,0,slope_up,0,1,5.13507e-13,5.48824e-14,5.16813e-08,1,0,0
21.0603,4.83941,0.202749,0,0.118284,1.22058,0.119403,0.0898367,0.0128405,-0.995874,0.0543266,0.4,0,0,slope_up,0,1,3.53654e-13,3.25029e-14,3.25487e-08,1,0,0
21.0803,4.8431,0.201813,0,0.116867,1.22062,0.118179,0.0884193,0.0142087,-0.995982,0.0539661,0.4,0,0,slope_up,0,1,2.72097e-13,3.21251e-14,2.38304e-08,1,0,0
21.1003,4.84694,0.200553,0,0.112881,1.22019,0.114255,0.0844332,0.0144531,-0.996324,0.0567702,0.4,0,0,slope_up,0,1,2.94807e-13,3.23944e-14,3.01016e-08,1,0,0
21.1203,4.85096,0.199504,0,0.105363,1.22027,0.107721,0.0769151,0.0195008,-0.996847,0.0628246,0.4,0,0,slope_up,0,1,3.8652e-13,2.04399e-13,1.05514e-07,1,0,0
21.1403,4.85456,0.198125,0,0.100228,1.22142,0.102943,0.0717804,0.0206706,-0.997206,0.0600588,0.4,0,0,slope_up,0,1,6.24207e-13,3.45668e-13,1.28487e-07,1,0,0
21.1603,4.85762,0.196131,0,0.0987825,1.22367,0.100562,0.0703348,0.0159819,-0.997395,0.0558449,0.4,0,0,slope_up,0,1,8.44279e-13,4.39405e-13,3.70929e-08,1,0,0
21.1803,4.86078,0.194747,0,0.0960374,1.2261,0.0967717,0.0675897,0.00893606,-0.997673,0.0512678,0.4,0,0,slope_up,0,1,8.44479e-13,1.19656e-12,4.4854e-08,1,0,0
21.2003,4.86423,0.194094,0,0.0938389,1.2284,0.0939738,0.0653912,0.00148492,-0.997859,0.0465228,0.4,0,0,slope_up,0,1,7.20552e-13,2.3509e-13,3.58211e-08,1,0,0
21.2203,4.86732,0.193756,0,0.0941556,1.23024,0.0942846,0.065708,-0.00631845,-0.997819,0.043583,0.4,0,0,slope_up,0,1,4.52123e-13,6.4339e-14,3.10347e-08,1,0,0
21.2403,4.87071,0.193579,0,0.0968743,1.23196,0.0976315,0.0684266,-0.01414,-0.997556,0.043045,0.4,0,0,slope_up,0,1,2.22196e-13,2.13634e-14,1.84286e-08,1,0,0
21.2603,4.87427,0.193646,0,0.100441,1.23332,0.1023,0.0719932,-0.0215234,-0.997173,0.042006,0.4,0,0,slope_up,0,1,1.92623e-13,3.43586e-14,1.55222e-08,1,0,0
21.2803,4.87839,0.193982,0,0.104337,1.23442,0.107725,0.0758891,-0.0289359,-0.996696,0.0401014,0.4,0,0,slope_up,0,1,2.79822e-13,1.36025e-13,2.15422e-08,1,0,0
21.3003,4.88217,0.194431,0,0.10774,1.23509,0.11277,0.0792921,-0.0354278,-0.996222,0.0383182,0.4,0,0,slope_up,0,1,7.6513e-13,7.26717e-13,4.41519e-08,1,0,0
21.3203,4.88557,0.194963,0,0.110412,1.2355,0.117178,0.0819642,-0.0413509,-0.995777,0.0371898,0.4,0,0,slope_up,0,1,1.87619e-12,3.79209e-12,1.09418e-07,1,0,0
21.3403,4.88972,0.195809,0,0.113174,1.23585,0.122503,0.0847258,-0.0489793,-0.9952,0.0355906,0.4,0,0,slope_up,0,1,2.94451e-12,1.56125e-11,2.4015e-07,1,0,0
21.3603,4.89313,0.196682,0,0.115172,1.23601,0.126687,0.0867239,-0.0548385,-0.994722,0.0346423,0.4,0,0,slope_up,0,1,2.51498e-12,4.66368e-11,4.01903e-07,1,0,0
21.3803,4.89735,0.198008,0,0.117393,1.23605,0.130972,0.0889457,-0.0601082,-0.994221,0.034008,0.4,0,0,slope_up,0,1,1.47262e-12,8.89095e-11,5.12542e-07,1,0,0
21.4003,4.90128,0.199429,0,0.119762,1.23585,0.134593,0.0913143,-0.0634182,-0.993801,0.034829,0.4,0,0,slope_up,0,0.999999,6.19436e-13,1.2975e-10,6.30085e-07,1,0,0
21.4203,4.90523,0.201151,0,0.1218,1.23518,0.13577,0.093352,-0.0619562,-0.993704,0.0366489,0.4,0,0,slope_up,0,0.999999,2.64389e-13,1.26775e-10,7.51219e-07,1,0,0
21.4403,4.90927,0.202847,0,0.122172,1.23419,0.134812,0.0937242,-0.0589584,-0.993851,0.0366423,0.4,0,0,slope_up,0,0.999999,1.64811e-13,9.37596e-11,7.81286e-07,1,0,0
21.4603,4.91315,0.203893,0,0.119388,1.23426,0.132523,0.0909402,-0.0595301,-0.994075,0.0317625,0.4,0,0,slope_up,0,1,4.2651e-13,1.1393e-10,4.67012e-07,1,0,0
21.4803,4.91724,0.205024,0,0.115684,1.23563,0.126149,0.0872367,-0.0523633,-0.99481,0.0350794,0.4,0,0,slope_up,0,0.999999,2.89759e-13,2.39246e-10,6.38799e-07,1,0,0
21.5003,4.92134,0.206063,0,0.112791,1.23778,0.120699,0.0843432,-0.0450569,-0.995418,0.0399416,0.4,0,0,slope_up,0,0.999999,1.88693e-13,2.71327e-10,7.25486e-07,1,0,0
21.5203,4.92607,0.206894,0,0.110621,1.24061,0.115814,0.0821735,-0.0363727,-0.995954,0.0457492,0.4,0,0,slope_up,0,1,1.53128e-13,4.57763e-11,4.65617e-07,1,0,0
21.5403,4.92984,0.207267,0,0.11149,1.24289,0.114797,0.0830425,-0.0293589,-0.996113,0.0509328,0.4,0,0,slope_up,0,1,8.57028e-14,5.99025e-12,2.02401e-07,1,0,0
21.5603,4.93394,0.207275,0,0.114459,1.2451,0.116287,0.0860117,-0.0223462,-0.996044,0.0573123,0.4,0,0,slope_up,0,1,1.05129e-13,1.41741e-12,1.15871e-07,1,0,0
21.5803,4.93862,0.206972,0,0.117369,1.24716,0.118165,0.0889208,-0.0150605,-0.995925,0.0624245,0.4,0,0,slope_up,0,1,1.78825e-13,3.06446e-13,7.53762e-08,1,0,0
21.6003,4.94257,0.20666,0,0.118292,1.24862,0.118583,0.0898447,-0.00872403,-0.995918,0.0641478,0.4,0,0,slope_up,0,1,4.14408e-13,1.27052e-13,6.44804e-08,1,0,0
21.6203,4.94731,0.206245,0,0.118361,1.25017,0.118497,0.0899134,-0.000908864,-0.995949,0.0645518,0.4,0,0,slope_up,0,1,7.71275e-13,9.04201e-14,6.22907e-08,1,0,0
21.6404,4.95134,0.205732,0,0.118255,1.25125,0.118706,0.0898073,0.00628079,-0.995939,0.0636642,0.4,0,0,slope_up,0,1,6.5732e-13,6.46529e-14,5.61539e-08,1,0,0
21.6604,4.95511,0.205033,0,0.117666,1.25182,0.118617,0.0892183,0.0114676,-0.995946,0.0624448,0.4,0,0,slope_up,0,1,4.19424e-13,3.76617e-14,3.53299e-08,1,0,0
21.6804,4.95875,0.20407,0,0.116034,1.25179,0.117155,0.0875862,0.0127795,-0.996075,0.0618986,0.4,0,0,slope_up,0,1,3.1094e-13,3.45706e-14,2.46804e-08,1,0,0
21.7004,4.96211,0.202905,0,0.112644,1.25131,0.113774,0.0841965,0.0127186,-0.996368,0.0636813,0.4,0,0,slope_up,0,1,3.21037e-13,3.37539e-14,3.11692e-08,1,0,0
21.7204,4.96644,0.201753,0,0.104599,1.2513,0.10681,0.0761513,0.0187068,-0.996921,0.0698733,0.4,0,0,slope_up,0,1,4.00601e-13,1.84806e-13,9.59972e-08,1,0,0
21.7404,4.9701,0.200376,0,0.0989732,1.25244,0.101673,0.0705255,0.0204747,-0.9973,0.0660073,0.4,0,0,slope_up,0,1,6.83828e-13,3.19751e-13,1.27756e-07,1,0,0
21.7604,4.97271,0.198459,0,0.0980209,1.25446,0.099878,0.0695732,0.0163354,-0.997443,0.0637917,0.4,0,0,slope_up,0,1,7.60459e-13,3.47982e-13,3.55608e-08,1,0,0
21.7804,4.97571,0.19699,0,0.0953392,1.25692,0.0960572,0.0668915,0.00876932,-0.997722,0.0581389,0.4,0,0,slope_up,0,1,1.21985e-12,1.64299e-12,4.39554e-08,1,0,0
21.8004,4.97945,0.196278,0,0.092813,1.25944,0.0929301,0.0643653,0.00108333,-0.997926,0.0519983,0.4,0,0,slope_up,0,1,7.51253e-13,1.89666e-13,2.81014e-08,1,0,0
21.8204,4.98281,0.195901,0,0.0931092,1.26144,0.093236,0.0646615,-0.00629836,-0.997887,0.0511711,0.4,0,0,slope_up,0,1,4.51166e-13,5.01847e-14,2.89835e-08,1,0,0
21.8404,4.9862,0.195761,0,0.0955884,1.26315,0.0963742,0.0671407,-0.0143198,-0.997641,0.0494386,0.4,0,0,slope_up,0,1,2.54345e-13,2.68155e-14,2.03529e-08,1,0,0
21.8604,4.98939,0.195861,0,0.098749,1.26439,0.100585,0.0703013,-0.0212654,-0.997299,0.0473157,0.4,0,0,slope_up,0,1,2.14841e-13,3.15065e-14,1.29791e-08,1,0,0
21.8804,4.99344,0.196245,0,0.102933,1.26546,0.106248,0.0744852,-0.028481,-0.996815,0.0455207,0.4,0,0,slope_up,0,1,2.94043e-13,1.14649e-13,1.86938e-08,1,0,0
21.9004,4.99682,0.196733,0,0.106232,1.266,0.110819,0.0777846,-0.0336873,-0.996401,0.0439579,0.4,0,0,slope_up,0,1,7.32105e-13,7.24536e-13,4.38558e-08,1,0,0
21.9204,5.00103,0.197506,0,0.109522,1.26642,0.115935,0.0810746,-0.0401396,-0.995899,0.0424193,0.4,0,0,slope_up,0,1,1.96493e-12,4.11114e-12,1.07911e-07,1,0,0
21.9404,5.00451,0.198233,0,0.111627,1.26668,0.120043,0.0831795,-0.0462607,-0.99546,0.0412163,0.4,0,0,slope_up,0,1,3.30046e-12,1.85421e-11,2.58779e-07,1,0,0
21.9604,5.00875,0.199261,0,0.11413,1.26694,0.125433,0.0856823,-0.0541163,-0.994852,0.040407,0.4,0,0,slope_up,0,1,2.88155e-12,4.827e-11,4.08411e-07,1,0,0
21.9804,5.01219,0.200351,0,0.116484,1.26699,0.129599,0.0880359,-0.0588585,-0.994377,0.039987,0.4,0,0,slope_up,0,0.999999,1.46694e-12,9.88167e-11,5.38847e-07,1,0,0
22.0004,5.01614,0.201857,0,0.118632,1.2668,0.132723,0.0901839,-0.0615304,-0.994023,0.0395844,0.4,0,0,slope_up,0,0.999999,6.50142e-13,1.18078e-10,5.84473e-07,1,0,0
22.0204,5.02022,0.2036,0,0.120702,1.26623,0.13445,0.0922541,-0.0612125,-0.993852,0.0409681,0.4,0,0,slope_up,0,0.999999,2.91526e-13,1.0723e-10,6.68766e-07,1,0,0
22.0404,5.0243,0.205396,0,0.121344,1.26519,0.133545,0.0928967,-0.0577423,-0.994,0.0418211,0.4,0,0,slope_up,0,0.999999,1.67469e-13,9.12961e-11,7.32404e-07,1,0,0
22.0604,5.0293,0.206766,0,0.117715,1.2651,0.1306,0.0892671,-0.0585958,-0.994283,0.0366072,0.4,0,0,slope_up,0,1,3.69791e-13,1.00668e-10,4.47547e-07,1,0,0
22.0804,5.03333,0.208036,0,0.115361,1.26637,0.126099,0.0869134,-0.0529816,-0.994806,0.0381605,0.4,0,0,slope_up,0,0.999999,2.51968e-13,2.00287e-10,6.32389e-07,1,0,0
22.1004,5.03699,0.209101,0,0.112982,1.26823,0.120649,0.0845346,-0.0444026,-0.995431,0.0440885,0.4,0,0,slope_up,0,0.999999,1.80932e-13,2.44897e-10,5.92595e-07,1,0,0
22.1204,5.04177,0.210077,0,0.110884,1.271,0.11604,0.0824367,-0.0362812,-0.995936,0.049379,0.4,0,0,slope_up,0,1,1.4254e-13,5.46102e-11,4.96813e-07,1,0,0
22.1404,5.04606,0.210608,0,0.111644,1.27353,0.114858,0.0831959,-0.0289837,-0.996112,0.0548846,0.4,0,0,slope_up,0,1,8.38524e-14,6.76596e-12,2.15746e-07,1,0,0
22.1604,5.05029,0.210759,0,0.114361,1.27577,0.116059,0.0859133,-0.0215714,-0.996069,0.0618126,0.4,0,0,slope_up,0,1,1.01977e-13,1.68964e-12,1.30556e-07,1,0,0
22.1804,5.05416,0.210704,0,0.116745,1.27752,0.117554,0.0882973,-0.0151753,-0.995979,0.0661125,0.4,0,0,slope_up,0,1,1.70471e-13,2.72036e-13,7.21091e-08,1,0,0
22.2004,5.05858,0.210579,0,0.117957,1.27922,0.118202,0.0895095,-0.00782256,-0.995955,0.0681625,0.4,0,0,slope_up,0,1,3.30474e-13,1.28644e-13,6.48348e-08,1,0,0
22.2204,5.06337,0.210415,0,0.118064,1.28081,0.118219,0.0896161,0.000219297,-0.995976,0.0682997,0.4,0,0,slope_up,0,1,6.75495e-13,8.06851e-14,6.23212e-08,1,0,0
22.2404,5.06743,0.210129,0,0.118026,1.28192,0.118636,0.0895787,0.00821034,-0.995946,0.0673415,0.4,0,0,slope_up,0,1,6.49768e-13,5.51216e-14,5.47521e-08,1,0,0
22.2604,5.07122,0.209641,0,0.117602,1.28253,0.11874,0.0891543,0.0129675,-0.995933,0.0665405,0.4,0,0,slope_up,0,1,4.47486e-13,3.50616e-14,3.55433e-08,1,0,0
22.2804,5.07443,0.208924,0,0.116663,1.28256,0.117922,0.0882157,0.0138201,-0.996006,0.0662378,0.4,0,0,slope_up,0,1,3.33113e-13,3.22431e-14,2.52291e-08,1,0,0
22.3004,5.0782,0.207778,0,0.113096,1.28207,0.11428,0.0846478,0.013137,-0.996324,0.0687236,0.4,0,0,slope_up,0,1,3.09654e-13,3.24169e-14,2.70686e-08,1,0,0
22.3204,5.08257,0.206722,0,0.10513,1.28204,0.107172,0.0766827,0.0178816,-0.996895,0.075721,0.4,0,0,slope_up,0,1,4.13603e-13,1.85291e-13,8.03042e-08,1,0,0
22.3404,5.08622,0.205607,0,0.0995641,1.28319,0.102162,0.0711164,0.0200821,-0.997266,0.0722599,0.4,0,0,slope_up,0,1,7.67319e-13,3.94515e-13,1.27096e-07,1,0,0
22.3604,5.08915,0.203763,0,0.0982791,1.28551,0.100038,0.0698314,0.0158316,-0.997433,0.0677077,0.4,0,0,slope_up,0,1,1.00916e-12,4.15772e-13,3.66313e-08,1,0,0
22.3804,5.09182,0.202495,0,0.0962559,1.2878,0.0971374,0.0678082,0.0101235,-0.997647,0.0639135,0.4,0,0,slope_up,0,1,1.29522e-12,1.90352e-12,4.48227e-08,1,0,0
22.4004,5.09558,0.201814,0,0.0931879,1.29045,0.0933422,0.0647403,0.00192845,-0.9979,0.0573943,0.4,0,0,slope_up,0,1,1.07658e-12,4.56812e-13,4.04125e-08,1,0,0
22.4204,5.09895,0.201494,0,0.0933183,1.29255,0.0934266,0.0648706,-0.00581282,-0.997877,0.0557532,0.4,0,0,slope_up,0,1,5.83009e-13,7.67125e-14,3.22523e-08,1,0,0
22.4404,5.102,0.20136,0,0.0953882,1.29419,0.0960292,0.0669405,-0.0130724,-0.997671,0.0549045,0.4,0,0,slope_up,0,1,2.82944e-13,3.11211e-14,2.25348e-08,1,0,0
22.4604,5.10589,0.20149,0,0.099096,1.29579,0.101062,0.0706483,-0.0219713,-0.997259,0.0521523,0.4,0,0,slope_up,0,1,2.15304e-13,3.64053e-14,1.4883e-08,1,0,0
22.4804,5.1092,0.201832,0,0.10256,1.29671,0.105788,0.0741126,-0.0280809,-0.996854,0.0502859,0.4,0,0,slope_up,0,1,3.01335e-13,1.24474e-13,1.9689e-08,1,0,0
22.5004,5.11298,0.20238,0,0.10617,1.29737,0.110856,0.0777226,-0.0340262,-0.996394,0.0489506,0.4,0,0,slope_up,0,1,7.31062e-13,7.04709e-13,4.07593e-08,1,0,0
22.5204,5.11684,0.203079,0,0.108952,1.2978,0.11541,0.0805047,-0.0401894,-0.995944,0.0478001,0.4,0,0,slope_up,0,1,1.81221e-12,5.19916e-12,1.23924e-07,1,0,0
22.5404,5.12112,0.204017,0,0.111152,1.29814,0.119915,0.0827039,-0.0471134,-0.99546,0.0462373,0.4,0,0,slope_up,0,1,3.34342e-12,2.13854e-11,2.87273e-07,1,0,0
22.5604,5.125,0.205023,0,0.113274,1.29837,0.124711,0.0848265,-0.0542641,-0.994917,0.0454126,0.4,0,0,slope_up,0,1,2.92144e-12,5.48399e-11,4.55639e-07,1,0,0
22.5804,5.12889,0.206292,0,0.115903,1.29843,0.12974,0.087455,-0.0603556,-0.994338,0.0450552,0.4,0,0,slope_up,0,0.999999,1.49594e-12,1.08009e-10,5.88185e-07,1,0,0
22.6004,5.13247,0.207698,0,0.118093,1.29824,0.132758,0.0896453,-0.0626754,-0.994,0.0450782,0.4,0,0,slope_up,0,0.999999,5.47872e-13,1.40269e-10,6.6393e-07,1,0,0
22.6204,5.13699,0.209717,0,0.120033,1.29747,0.133821,0.0915856,-0.0611582,-0.993917,0.0468181,0.4,0,0,slope_up,0,0.999999,2.33854e-13,1.22362e-10,7.55031e-07,1,0,0
22.6404,5.14077,0.211303,0,0.120094,1.29647,0.132708,0.0916461,-0.058466,-0.994074,0.0465274,0.4,0,0,slope_up,0,0.999999,1.48264e-13,9.24658e-11,8.2797e-07,1,0,0
22.6604,5.14536,0.212545,0,0.116528,1.29635,0.129753,0.0880804,-0.0591183,-0.994358,0.0415577,0.4,0,0,slope_up,0,1,4.08441e-13,1.22952e-10,5.10497e-07,1,0,0
22.6804,5.14982,0.213911,0,0.114151,1.29774,0.124676,0.0857037,-0.0522148,-0.994951,0.0447705,0.4,0,0,slope_up,0,0.999999,2.42386e-13,2.5295e-10,6.71507e-07,1,0,0
22.7004,5.15397,0.215028,0,0.111656,1.29986,0.119129,0.083208,-0.0436297,-0.995577,0.0506883,0.4,0,0,slope_up,0,0.999999,1.62357e-13,2.22546e-10,6.60949e-07,1,0,0
22.7204,5.15837,0.215827,0,0.109915,1.30236,0.115007,0.0814672,-0.0359338,-0.996028,0.0559488,0.4,0,0,slope_up,0,1,1.25288e-13,4.83085e-11,5.31382e-07,1,0,0
22.7404,5.16263,0.216253,0,0.111112,1.30483,0.114288,0.0826643,-0.0287598,-0.996162,0.0611258,0.4,0,0,slope_up,0,1,8.84216e-14,5.90079e-12,2.11026e-07,1,0,0
22.7604,5.16686,0.216276,0,0.11375,1.30703,0.115567,0.0853019,-0.0222427,-0.996107,0.0674398,0.4,0,0,slope_up,0,1,1.16718e-13,1.4226e-12,1.24143e-07,1,0,0
22.7804,5.17119,0.216087,0,0.116683,1.30894,0.117426,0.0882357,-0.0145369,-0.995994,0.0723649,0.4,0,0,slope_up,0,1,2.10852e-13,3.12827e-13,7.64062e-08,1,0,0
22.8004,5.17516,0.215867,0,0.117872,1.31043,0.118084,0.0894243,-0.00704214,-0.995969,0.0744184,0.4,0,0,slope_up,0,1,4.89404e-13,1.36245e-13,6.62066e-08,1,0,0
22.8204,5.17952,0.215594,0,0.117979,1.31185,0.118131,0.0895312,6.54608e-05,-0.995984,0.0740333,0.4,0,0,slope_up,0,1,8.53665e-13,9.79226e-14,6.58113e-08,1,0,0
22.8404,5.184,0.215134,0,0.11795,1.31306,0.11852,0.0895018,0.00776054,-0.995956,0.072786,0.4,0,0,slope_up,0,1,7.73603e-13,5.80069e-14,5.24349e-08,1,0,0
22.8604,5.18779,0.214492,0,0.117608,1.31365,0.118652,0.0891601,0.0122323,-0.995942,0.0721198,0.4,0,0,slope_up,0,1,4.94576e-13,4.01931e-14,3.52669e-08,1,0,0
22.8804,5.19144,0.213602,0,0.116102,1.31365,0.117316,0.0876544,0.0134748,-0.99606,0.0717565,0.4,0,0,slope_up,0,1,3.42885e-13,3.77699e-14,2.50214e-08,1,0,0
22.9004,5.19483,0.212493,0,0.112809,1.31323,0.114003,0.0843617,0.0131937,-0.996348,0.0737186,0.4,0,0,slope_up,0,1,3.53387e-13,4.10502e-14,3.21715e-08,1,0,0
22.9204,5.19919,0.211433,0,0.10489,1.31333,0.107223,0.0764423,0.0193332,-0.996887,0.079892,0.4,0,0,slope_up,0,1,4.45953e-13,2.10173e-13,9.35465e-08,1,0,0
22.9404,5.20289,0.210156,0,0.0992915,1.31459,0.102173,0.0708438,0.0212955,-0.99726,0.0757254,0.4,0,0,slope_up,0,1,8.14085e-13,3.86202e-13,1.30815e-07,1,0,0
22.9604,5.20587,0.208047,0,0.0981614,1.31691,0.099817,0.0697137,0.0152508,-0.99745,0.0695869,0.4,0,0,slope_up,0,1,9.40544e-13,4.12066e-13,3.60022e-08,1,0,0
22.9804,5.20888,0.206391,0,0.0961391,1.31941,0.0967476,0.0676914,0.00781886,-0.997676,0.0656876,0.4,0,0,slope_up,0,1,1.08325e-12,1.03955e-12,2.89575e-08,1,0,0
23.0004,5.21234,0.205594,0,0.0933966,1.32173,0.0934841,0.0649489,0.000152252,-0.997889,0.0610518,0.4,0,0,slope_up,0,1,1.03137e-12,3.63487e-13,3.44435e-08,1,0,0
23.0204,5.21537,0.205287,0,0.0932404,1.32354,0.0933768,0.0647927,-0.00653574,-0.997877,0.0591324,0.4,0,0,slope_up,0,1,5.61633e-13,7.14403e-14,3.03892e-08,1,0,0
23.0404,5.21868,0.20512,0,0.0956779,1.32529,0.0964306,0.0672302,-0.0140584,-0.997638,0.0587942,0.4,0,0,slope_up,0,1,2.91361e-13,3.07161e-14,2.50462e-08,1,0,0
23.0604,5.22218,0.205205,0,0.0991806,1.32672,0.101049,0.0707329,-0.0214701,-0.997264,0.0574118,0.4,0,0,slope_up,0,1,2.28664e-13,3.14518e-14,1.65445e-08,1,0,0
23.0804,5.22629,0.205586,0,0.102949,1.3279,0.106283,0.0745017,-0.0285588,-0.996812,0.0558737,0.4,0,0,slope_up,0,1,2.81876e-13,1.03685e-13,2.00137e-08,1,0,0
23.1004,5.22971,0.206004,0,0.105891,1.32859,0.110656,0.0774431,-0.034267,-0.996408,0.0547737,0.4,0,0,slope_up,0,1,7.17956e-13,7.01068e-13,4.42596e-08,1,0,0
23.1204,5.23386,0.206621,0,0.109138,1.32923,0.116232,0.0806907,-0.0421111,-0.995849,0.0531235,0.4,0,0,slope_up,0,1,1.78277e-12,3.8741e-12,1.06498e-07,1,0,0
23.1404,5.23761,0.207352,0,0.111719,1.32964,0.121294,0.0832717,-0.0493414,-0.995305,0.0515432,0.4,0,0,slope_up,0,1,3.22945e-12,1.61061e-11,2.30821e-07,1,0,0
23.1604,5.24098,0.208175,0,0.113886,1.32985,0.125672,0.0854383,-0.0552203,-0.994812,0.0505184,0.4,0,0,slope_up,0,1,2.68466e-12,4.42917e-11,3.51524e-07,1,0,0
23.1804,5.24479,0.209305,0,0.11616,1.32989,0.129955,0.0877122,-0.0603197,-0.994318,0.0496474,0.4,0,0,slope_up,0,1,1.52765e-12,9.20119e-11,4.5924e-07,1,0,0
23.2004,5.24911,0.21078,0,0.118551,1.32966,0.133403,0.0901035,-0.0631886,-0.993926,0.0495896,0.4,0,0,slope_up,0,0.999999,6.35162e-13,1.46167e-10,5.80444e-07,1,0,0
23.2204,5.25313,0.212358,0,0.120144,1.32898,0.134435,0.0916962,-0.0623107,-0.993836,0.0508067,0.4,0,0,slope_up,0,0.999999,2.69638e-13,1.41399e-10,6.94999e-07,1,0,0
23.2404,5.25677,0.213738,0,0.120701,1.32799,0.133375,0.0922536,-0.058733,-0.994002,0.0517625,0.4,0,0,slope_up,0,0.999999,1.64174e-13,1.13386e-10,7.86376e-07,1,0,0
23.2604,5.26192,0.214766,0,0.115877,1.32782,0.129924,0.0874292,-0.0608154,-0.994313,0.0463797,0.4,0,0,slope_up,0,1,3.73429e-13,1.17459e-10,4.34545e-07,1,0,0
23.2804,5.26613,0.215828,0,0.112242,1.32897,0.123856,0.0837948,-0.0544685,-0.994993,0.0482786,0.4,0,0,slope_up,0,0.999999,2.41373e-13,2.16492e-10,7.68047e-07,1,0,0
23.3004,5.27006,0.216902,0,0.110099,1.33095,0.117817,0.0816509,-0.0440644,-0.995686,0.0544708,0.4,0,0,slope_up,0,1,1.34968e-13,1.51094e-10,5.16518e-07,1,0,0
23.3204,5.27435,0.217709,0,0.108194,1.33337,0.113224,0.0797464,-0.0354854,-0.996183,0.0590706,0.4,0,0,slope_up,0,0.999999,9.77335e-14,5.23344e-11,5.6877e-07,1,0,0
23.3404,5.2786,0.218189,0,0.108963,1.33577,0.111967,0.0805157,-0.0277961,-0.996366,0.0637935,0.4,0,0,slope_up,0,1,7.2944e-14,6.93851e-12,2.6916e-07,1,0,0
23.3604,5.28236,0.21825,0,0.111806,1.3377,0.113532,0.0833579,-0.0215817,-0.996286,0.0692903,0.4,0,0,slope_up,0,1,8.87211e-14,1.93535e-12,1.63477e-07,1,0,0
23.3804,5.28667,0.218034,0,0.11506,1.33957,0.115871,0.0866125,-0.0151598,-0.996127,0.0742468,0.4,0,0,slope_up,0,1,1.5806e-13,4.77736e-13,1.08823e-07,1,0,0
23.4004,5.29114,0.217747,0,0.116846,1.3412,0.117103,0.0883979,-0.0081615,-0.996052,0.0765479,0.4,0,0,slope_up,0,1,2.83152e-13,1.84571e-13,9.79288e-08,1,0,0
23.4204,5.29603,0.217441,0,0.117367,1.34281,0.11751,0.0889194,-0.000229977,-0.996039,0.0765354,0.4,0,0,slope_up,0,1,6.81948e-13,6.92041e-14,7.10879e-08,1,0,0
23.4404,5.2998,0.217091,0,0.117697,1.34389,0.11824,0.0892498,0.00744275,-0.995981,0.0756992,0.4,0,0,slope_up,0,1,6.63263e-13,4.92244e-14,6.23197e-08,1,0,0
23.4604,5.30372,0.216546,0,0.117684,1.34468,0.118813,0.0892361,0.0128988,-0.995927,0.0746272,0.4,0,0,slope_up,0,1,4.25222e-13,3.13314e-14,3.94518e-08,1,0,0
23.4804,5.30782,0.215664,0,0.116628,1.3449,0.118064,0.0881801,0.015049,-0.995991,0.0740158,0.4,0,0,slope_up,0,1,3.03775e-13,3.01569e-14,2.68585e-08,1,0,0
23.5004,5.31161,0.214482,0,0.113481,1.34456,0.114855,0.0850334,0.0144823,-0.996273,0.0758367,0.4,0,0,slope_up,0,1,3.08294e-13,3.05493e-14,3.14765e-08,1,0,0
23.5204,5.31566,0.213515,0,0.106323,1.34464,0.108622,0.0778755,0.0192898,-0.996776,0.0823807,0.4,0,0,slope_up,0,1,3.91784e-13,1.71765e-13,9.62017e-08,1,0,0
23.5404,5.31954,0.212307,0,0.100406,1.34575,0.103273,0.0719578,0.0213521,-0.997179,0.0788288,0.4,0,0,slope_up,0,1,6.15212e-13,3.42435e-13,1.60372e-07,1,0,0
23.5604,5.32257,0.210336,0,0.0994515,1.34803,0.101319,0.0710038,0.0165079,-0.997339,0.0746574,0.4,0,0,slope_up,0,1,7.77167e-13,3.31458e-13,3.60003e-08,1,0,0
23.5804,5.32564,0.208905,0,0.0974338,1.35054,0.0982697,0.0689861,0.00982451,-0.997569,0.0709099,0.4,0,0,slope_up,0,1,1.11884e-12,1.59259e-12,4.43634e-08,1,0,0
23.6004,5.32883,0.208349,0,0.0948783,1.35267,0.0950884,0.0664306,0.00296281,-0.997787,0.0649488,0.4,0,0,slope_up,0,1,9.4787e-13,3.95751e-13,3.97295e-08,1,0,0
23.6204,5.33264,0.207916,0,0.0949181,1.35497,0.095025,0.0664704,-0.00569431,-0.997772,0.0629618,0.4,0,0,slope_up,0,1,6.0413e-13,6.65063e-14,3.30933e-08,1,0,0
23.6404,5.33575,0.207718,0,0.0972009,1.35657,0.0978599,0.0687533,-0.0133032,-0.997545,0.0618417,0.4,0,0,slope_up,0,1,3.06609e-13,3.07442e-14,2.47612e-08,1,0,0
23.6604,5.33972,0.207767,0,0.100994,1.35812,0.102911,0.0725464,-0.0218715,-0.997125,0.0598362,0.4,0,0,slope_up,0,1,2.31892e-13,3.51708e-14,1.58289e-08,1,0,0
23.6804,5.34349,0.208041,0,0.104556,1.35913,0.107905,0.0761081,-0.0288004,-0.996684,0.0581553,0.4,0,0,slope_up,0,1,3.10698e-13,1.31748e-13,2.11879e-08,1,0,0
23.7004,5.3473,0.20847,0,0.107964,1.3598,0.112973,0.0795166,-0.0353821,-0.996205,0.0561659,0.4,0,0,slope_up,0,1,7.82299e-13,8.15947e-13,4.81577e-08,1,0,0
23.7204,5.35075,0.209013,0,0.110577,1.36018,0.117265,0.0821293,-0.0411419,-0.995772,0.0546891,0.4,0,0,slope_up,0,1,1.98998e-12,4.58952e-12,1.23834e-07,1,0,0
23.7404,5.35498,0.209832,0,0.113153,1.36052,0.122442,0.084705,-0.0488697,-0.995207,0.053168,0.4,0,0,slope_up,0,1,3.47415e-12,1.90713e-11,2.74603e-07,1,0,0
23.7604,5.35884,0.210725,0,0.115283,1.36072,0.127244,0.0868355,-0.055926,-0.994652,0.0525588,0.4,0,0,slope_up,0,1,2.98299e-12,6.31701e-11,4.86295e-07,1,0,0
23.7804,5.3627,0.211881,0,0.11763,1.36076,0.131715,0.0891828,-0.0612924,-0.994128,0.0521922,0.4,0,0,slope_up,0,0.999999,1.59599e-12,1.26682e-10,6.44482e-07,1,0,0
23.8004,5.36623,0.213174,0,0.119687,1.36055,0.134633,0.0912391,-0.0636516,-0.993793,0.0523328,0.4,0,0,slope_up,0,0.999999,6.43298e-13,1.49121e-10,7.16047e-07,1,0,0
23.8204,5.37068,0.215051,0,0.121466,1.35978,0.13557,0.0930182,-0.062184,-0.993721,0.054278,0.4,0,0,slope_up,0,0.999999,2.92254e-13,1.28675e-10,8.18359e-07,1,0,0
23.8404,5.37436,0.216532,0,0.121568,1.35878,0.134398,0.0931206,-0.0592795,-0.993889,0.0543348,0.4,0,0,slope_up,0,0.999999,1.88376e-13,1.00454e-10,8.99455e-07,1,0,0
23.8604,5.37896,0.217648,0,0.117393,1.35866,0.131405,0.0889454,-0.0610766,-0.994162,0.0487083,0.4,0,0,slope_up,0,1,4.93428e-13,1.31677e-10,5.27913e-07,1,0,0
23.8804,5.38309,0.21882,0,0.114021,1.35986,0.125576,0.0855732,-0.0546996,-0.994829,0.0510914,0.4,0,0,slope_up,0,0.999999,3.29649e-13,2.3009e-10,7.58335e-07,1,0,0
23.9004,5.38705,0.21998,0,0.111602,1.36193,0.119661,0.083154,-0.0452764,-0.995508,0.0562962,0.4,0,0,slope_up,0,0.999999,1.82441e-13,1.8286e-10,5.97994e-07,1,0,0
23.9204,5.39175,0.220938,0,0.109657,1.36473,0.115119,0.081209,-0.0371415,-0.996005,0.0606248,0.4,0,0,slope_up,0,0.999999,1.43288e-13,5.13678e-11,5.47472e-07,1,0,0
23.9404,5.39596,0.221405,0,0.110678,1.36724,0.113852,0.0822304,-0.0287103,-0.9962,0.0666377,0.4,0,0,slope_up,0,1,9.92552e-14,8.06011e-12,2.6409e-07,1,0,0
23.9604,5.39969,0.221452,0,0.113498,1.36923,0.115336,0.0850507,-0.0223422,-0.996126,0.0727521,0.4,0,0,slope_up,0,1,1.12999e-13,2.16127e-12,1.68876e-07,1,0,0
23.9804,5.40352,0.221286,0,0.116145,1.37099,0.1171,0.0876971,-0.0164362,-0.996012,0.0770093,0.4,0,0,slope_up,0,1,1.99621e-13,4.0385e-13,9.52614e-08,1,0,0
24.0004,5.40837,0.220995,0,0.117703,1.37285,0.117982,0.0892551,-0.00854148,-0.995972,0.0797596,0.4,0,0,slope_up,0,1,3.20058e-13,1.76972e-13,8.34259e-08,1,0,0
24.0204,5.41274,0.220721,0,0.117839,1.37431,0.117977,0.0893918,-0.000619767,-0.995996,0.0792684,0.4,0,0,slope_up,0,1,7.14184e-13,8.59087e-14,7.13154e-08,1,0,0
24.0404,5.41724,0.220253,0,0.117819,1.37556,0.118342,0.0893709,0.00721447,-0.995972,0.0778267,0.4,0,0,slope_up,0,1,7.21407e-13,5.17061e-14,5.72175e-08,1,0,0
24.0604,5.42107,0.219635,0,0.117336,1.3762,0.118357,0.0888882,0.0120405,-0.995969,0.0768289,0.4,0,0,slope_up,0,1,4.5657e-13,3.74725e-14,3.7944e-08,1,0,0
24.0804,5.42435,0.218844,0,0.116217,1.37624,0.117401,0.0877696,0.013265,-0.996053,0.0763312,0.4,0,0,slope_up,0,1,3.15785e-13,3.30121e-14,2.60298e-08,1,0,0
24.1004,5.42813,0.217666,0,0.11268,1.3758,0.113889,0.0842324,0.0132977,-0.996357,0.0783225,0.4,0,0,slope_up,0,1,2.86346e-13,3.63655e-14,3.21256e-08,1,0,0
24.1204,5.4325,0.21661,0,0.104824,1.37592,0.107106,0.0763767,0.0190777,-0.996897,0.0840417,0.4,0,0,slope_up,0,1,3.97514e-13,1.98751e-13,1.00162e-07,1,0,0
24.1404,5.43641,0.21512,0,0.0995142,1.37738,0.102209,0.0710665,0.0205052,-0.997261,0.0798351,0.4,0,0,slope_up,0,1,7.21421e-13,2.87266e-13,1.28198e-07,1,0,0
24.1604,5.43912,0.213254,0,0.098497,1.37957,0.100206,0.0700493,0.0155705,-0.997422,0.0762422,0.4,0,0,slope_up,0,1,1.00638e-12,3.31494e-13,3.43068e-08,1,0,0
24.1804,5.44188,0.211976,0,0.0963905,1.38183,0.0972461,0.0679428,0.00993149,-0.99764,0.0731945,0.4,0,0,slope_up,0,1,1.33127e-12,1.62153e-12,4.46119e-08,1,0,0
24.2004,5.44564,0.211271,0,0.0937557,1.3844,0.0938963,0.065308,0.00162951,-0.997864,0.0673885,0.4,0,0,slope_up,0,1,8.57199e-13,2.3231e-13,3.63635e-08,1,0,0
24.2204,5.44872,0.210979,0,0.0938338,1.38623,0.0939573,0.0653861,-0.00620467,-0.997841,0.0639661,0.4,0,0,slope_up,0,1,5.00666e-13,5.35693e-14,2.95992e-08,1,0,0
24.2404,5.45209,0.210842,0,0.0963399,1.38793,0.0970815,0.0678922,-0.0139875,-0.997595,0.062851,0.4,0,0,slope_up,0,1,2.50192e-13,2.03486e-14,1.94957e-08,1,0,0
24.2604,5.45598,0.210976,0,0.100186,1.38936,0.102098,0.0717381,-0.0217817,-0.997186,0.0613011,0.4,0,0,slope_up,0,1,2.18496e-13,3.3889e-14,1.64748e-08,1,0,0
24.2804,5.45972,0.211321,0,0.103544,1.3903,0.10675,0.0750967,-0.028099,-0.99678,0.0597888,0.4,0,0,slope_up,0,1,3.20324e-13,1.54166e-13,2.42483e-08,1,0,0
24.3004,5.4635,0.211777,0,0.106707,1.39097,0.111551,0.0782596,-0.034646,-0.996331,0.0581257,0.4,0,0,slope_up,0,1,8.47922e-13,8.24863e-13,5.17127e-08,1,0,0
24.3204,5.46727,0.212398,0,0.109509,1.39143,0.116335,0.0810612,-0.0413863,-0.995849,0.0563928,0.4,0,0,slope_up,0,1,2.04966e-12,3.89249e-12,1.22126e-07,1,0,0
24.3404,5.47066,0.213138,0,0.111691,1.39171,0.120527,0.0832436,-0.0474025,-0.995401,0.054731,0.4,0,0,slope_up,0,1,3.09816e-12,1.42221e-11,2.4909e-07,1,0,0
24.3604,5.47449,0.214137,0,0.113779,1.39188,0.125022,0.0853316,-0.0538993,-0.994894,0.053576,0.4,0,0,slope_up,0,1,2.82104e-12,3.81585e-11,3.88664e-07,1,0,0
24.3804,5.47835,0.215337,0,0.116014,1.39192,0.129337,0.0875666,-0.0592274,-0.994396,0.0529729,0.4,0,0,slope_up,0,0.999999,1.4658e-12,8.87306e-11,5.50453e-07,1,0,0
24.4004,5.48265,0.216968,0,0.118753,1.39165,0.132935,0.0903055,-0.0617595,-0.993997,0.0531146,0.4,0,0,slope_up,0,0.999999,6.25126e-13,1.25808e-10,6.71762e-07,1,0,0
24.4204,5.4867,0.218768,0,0.120587,1.39094,0.133907,0.0921388,-0.0602128,-0.993924,0.0545571,0.4,0,0,slope_up,0,0.999999,2.7738e-13,1.11666e-10,7.72356e-07,1,0,0
24.4404,5.49087,0.220479,0,0.12074,1.38994,0.132917,0.0922926,-0.0575614,-0.994067,0.0544936,0.4,0,0,slope_up,0,0.999999,1.70611e-13,9.10818e-11,8.65019e-07,1,0,0
24.4604,5.49531,0.221737,0,0.117114,1.39005,0.129693,0.0886658,-0.0577594,-0.994385,0.0496543,0.4,0,0,slope_up,0,1,4.14862e-13,1.05905e-10,5.12849e-07,1,0,0
24.4804,5.49953,0.222906,0,0.113637,1.39146,0.123765,0.0851892,-0.05112,-0.995053,0.0544806,0.4,0,0,slope_up,0,0.999999,2.40557e-13,2.56238e-10,7.44595e-07,1,0,0
24.5004,5.50372,0.22405,0,0.110666,1.39356,0.117688,0.0822182,-0.0421513,-0.995723,0.0606121,0.4,0,0,slope_up,0,0.999999,1.45326e-13,1.89655e-10,7.06575e-07,1,0,0
24.5204,5.50795,0.224895,0,0.109492,1.39601,0.114288,0.0810439,-0.0348517,-0.996101,0.06431,0.4,0,0,slope_up,0,1,1.11035e-13,2.7466e-11,4.31966e-07,1,0,0
24.5404,5.51216,0.225356,0,0.110983,1.39841,0.113794,0.0825348,-0.027125,-0.996219,0.0709704,0.4,0,0,slope_up,0,1,8.40687e-14,4.70075e-12,2.09314e-07,1,0,0
24.5604,5.51631,0.225432,0,0.11432,1.40056,0.115833,0.0858728,-0.0204118,-0.996097,0.0764609,0.4,0,0,slope_up,0,1,1.05535e-13,1.34565e-12,1.40991e-07,1,0,0
24.5804,5.52016,0.225282,0,0.116833,1.40226,0.117574,0.0883856,-0.0145285,-0.99598,0.0797708,0.4,0,0,slope_up,0,1,2.60854e-13,2.18343e-13,7.62554e-08,1,0,0
24.6004,5.52501,0.224993,0,0.118096,1.40413,0.11828,0.0896485,-0.00622702,-0.995954,0.082992,0.4,0,0,slope_up,0,1,6.30199e-13,1.241e-13,6.901e-08,1,0,0
24.6204,5.52889,0.224706,0,0.118196,1.40542,0.118369,0.089748,0.000888442,-0.995964,0.0831844,0.4,0,0,slope_up,0,1,9.15747e-13,1.15485e-13,8.07463e-08,1,0,0
24.6404,5.53292,0.224271,0,0.118185,1.40654,0.118759,0.089737,0.0078067,-0.995935,0.0814597,0.4,0,0,slope_up,0,1,7.86773e-13,4.93584e-14,5.35212e-08,1,0,0
24.6604,5.53704,0.223523,0,0.11785,1.40725,0.118965,0.0894022,0.0127997,-0.995913,0.0806782,0.4,0,0,slope_up,0,1,4.60742e-13,3.10738e-14,3.35077e-08,1,0,0
24.6804,5.54029,0.222701,0,0.116556,1.40731,0.117849,0.088108,0.0140647,-0.996012,0.0804333,0.4,0,0,slope_up,0,1,3.08931e-13,3.43316e-14,2.43315e-08,1,0,0
24.7004,5.54437,0.221411,0,0.113084,1.40688,0.114374,0.0846365,0.0138913,-0.996315,0.0816397,0.4,0,0,slope_up,0,1,3.14115e-13,4.0887e-14,3.07207e-08,1,0,0
24.7204,5.5486,0.220395,0,0.104549,1.40719,0.107156,0.0761016,0.0206039,-0.996887,0.0870567,0.4,0,0,slope_up,0,1,4.78742e-13,2.15764e-13,9.11475e-08,1,0,0
24.7404,5.55205,0.218979,0,0.0996938,1.40872,0.102767,0.0712461,0.0221478,-0.997213,0.0845106,0.4,0,0,slope_up,0,1,9.97118e-13,2.9955e-13,1.26058e-07,1,0,0
24.7604,5.55477,0.217147,0,0.0980183,1.41102,0.100117,0.0695706,0.0175778,-0.997422,0.0815052,0.4,0,0,slope_up,0,1,1.31594e-12,3.65621e-13,3.70987e-08,1,0,0
24.7804,5.55789,0.215898,0,0.0950131,1.41358,0.0960472,0.0665654,0.0111808,-0.997719,0.0764251,0.4,0,0,slope_up,0,1,1.43553e-12,1.42895e-12,4.30901e-08,1,0,0
24.8004,5.56099,0.215435,0,0.0922658,1.41571,0.0924639,0.0638181,0.00278593,-0.997958,0.069199,0.4,0,0,slope_up,0,1,7.1389e-13,1.40858e-13,2.88711e-08,1,0,0
24.8204,5.56466,0.215134,0,0.0926995,1.41795,0.0927907,0.0642518,-0.00531052,-0.99792,0.0672274,0.4,0,0,slope_up,0,1,4.02022e-13,2.98644e-14,2.57893e-08,1,0,0
24.8404,5.56798,0.215104,0,0.0955619,1.41961,0.0962074,0.0671142,-0.0131236,-0.997659,0.0661617,0.4,0,0,slope_up,0,1,2.2672e-13,2.03102e-14,2.0766e-08,1,0,0
24.8604,5.57119,0.21533,0,0.0986313,1.4208,0.100132,0.0701836,-0.0193755,-0.997346,0.0648546,0.4,0,0,slope_up,0,1,1.89132e-13,3.35449e-14,1.50868e-08,1,0,0
24.8804,5.57534,0.215841,0,0.102248,1.42186,0.105112,0.0738,-0.0265084,-0.996921,0.0627565,0.4,0,0,slope_up,0,1,2.88033e-13,1.38798e-13,2.27068e-08,1,0,0
24.9004,5.57916,0.21646,0,0.105497,1.42251,0.109856,0.077049,-0.0327776,-0.996488,0.060846,0.4,0,0,slope_up,0,1,7.83382e-13,7.01505e-13,4.73949e-08,1,0,0
24.9204,5.58299,0.217217,0,0.108357,1.42295,0.114595,0.0799097,-0.0394238,-0.996022,0.0594881,0.4,0,0,slope_up,0,1,2.00536e-12,3.43856e-12,1.13113e-07,1,0,0
24.9404,5.58684,0.218168,0,0.110529,1.42326,0.1188,0.0820812,-0.0456707,-0.995579,0.0578363,0.4,0,0,slope_up,0,1,3.09911e-12,1.38883e-11,2.4235e-07,1,0,0
24.9604,5.59033,0.219219,0,0.112945,1.4234,0.123733,0.0844971,-0.0526279,-0.995033,0.0564619,0.4,0,0,slope_up,0,1,2.61138e-12,3.4063e-11,3.63547e-07,1,0,0
24.9804,5.59428,0.220648,0,0.114909,1.42339,0.127295,0.0864611,-0.0568427,-0.994632,0.0555727,0.4,0,0,slope_up,0,1,1.44201e-12,7.36512e-11,4.90568e-07,1,0,0
25.0004,5.5987,0.222512,0,0.117546,1.42309,0.130744,0.0890988,-0.0592772,-0.994257,0.0549123,0.4,0,0,slope_up,0,0.999999,6.2365e-13,1.09532e-10,6.02367e-07,1,0,0
25.0204,5.60286,0.224504,0,0.119487,1.42242,0.131941,0.0910396,-0.0579617,-0.994159,0.0558833,0.4,0,0,slope_up,0,0.999999,3.13094e-13,1.02151e-10,6.82727e-07,1,0,0
25.0404,5.60667,0.226304,0,0.120091,1.42139,0.131022,0.0916431,-0.0543838,-0.994306,0.057657,0.4,0,0,slope_up,0,0.999999,1.65055e-13,1.0066e-10,8.03626e-07,1,0,0
25.0604,5.61133,0.227609,0,0.116796,1.42128,0.129059,0.088348,-0.0569526,-0.99446,0.0544128,0.4,0,0,slope_up,0,1,3.61688e-13,1.14569e-10,5.10317e-07,1,0,0
25.0804,5.61568,0.229044,0,0.11345,1.42253,0.124097,0.0850019,-0.0523808,-0.995003,0.0553893,0.4,0,0,slope_up,0,0.999999,2.4294e-13,1.66379e-10,7.93526e-07,1,0,0
25.1004,5.6204,0.230581,0,0.110552,1.42484,0.117459,0.0821045,-0.0417919,-0.995747,0.0632994,0.4,0,0,slope_up,0,0.999999,1.19811e-13,1.41029e-10,5.46973e-07,1,0,0
25.1204,5.6249,0.231626,0,0.109086,1.42738,0.113661,0.0806388,-0.0340106,-0.996163,0.067693,0.4,0,0,slope_up,0,1,8.45324e-14,3.20302e-11,4.9025e-07,1,0,0
25.1404,5.6293,0.232233,0,0.110533,1.42986,0.113365,0.0820853,-0.0271788,-0.996255,0.0729335,0.4,0,0,slope_up,0,1,6.36192e-14,4.07481e-12,2.03984e-07,1,0,0
25.1604,5.63329,0.232413,0,0.113467,1.4319,0.115,0.0850194,-0.0204989,-0.996168,0.0791683,0.4,0,0,slope_up,0,1,8.92565e-14,1.27193e-12,1.41519e-07,1,0,0
25.1804,5.63828,0.232436,0,0.115686,1.43413,0.116379,0.0872388,-0.0140385,-0.996089,0.0829636,0.4,0,0,slope_up,0,1,1.70847e-13,2.13525e-13,7.9802e-08,1,0,0
25.2004,5.64285,0.232388,0,0.117175,1.43589,0.117325,0.0887278,-0.00509417,-0.996043,0.0866071,0.4,0,0,slope_up,0,1,4.03722e-13,9.39561e-14,6.60883e-08,1,0,0
25.2204,5.64685,0.232273,0,0.117661,1.43716,0.117871,0.0892136,0.00202192,-0.99601,0.0870439,0.4,0,0,slope_up,0,1,5.8487e-13,7.57467e-14,7.09105e-08,1,0,0
25.2404,5.65148,0.231996,0,0.117759,1.4383,0.11847,0.0893108,0.00927795,-0.995961,0.085451,0.4,0,0,slope_up,0,1,5.53017e-13,3.69273e-14,5.1715e-08,1,0,0
25.2604,5.65506,0.231617,0,0.117357,1.4388,0.118554,0.088909,0.0134079,-0.99595,0.0846822,0.4,0,0,slope_up,0,1,3.94573e-13,2.37648e-14,3.4311e-08,1,0,0
25.2804,5.65884,0.230965,0,0.116134,1.43882,0.11753,0.087686,0.0147645,-0.996039,0.0842586,0.4,0,0,slope_up,0,1,3.02279e-13,2.33764e-14,2.47698e-08,1,0,0
25.3004,5.6631,0.229858,0,0.11231,1.43829,0.113654,0.0838621,0.0142232,-0.996376,0.0870002,0.4,0,0,slope_up,0,1,3.08336e-13,2.85398e-14,3.15557e-08,1,0,0
25.3204,5.66711,0.229163,0,0.105325,1.4384,0.107746,0.0768776,0.0197989,-0.996844,0.0921816,0.4,0,0,slope_up,0,1,4.34817e-13,1.68478e-13,1.0337e-07,1,0,0
25.3404,5.67118,0.228085,0,0.0998158,1.43991,0.102929,0.0713681,0.0223267,-0.9972,0.0864181,0.4,0,0,slope_up,0,1,9.79616e-13,2.69301e-13,1.34459e-07,1,0,0
25.3604,5.67368,0.226523,0,0.0992059,1.44189,0.101298,0.0707583,0.017645,-0.997337,0.0816845,0.4,0,0,slope_up,0,1,1.22556e-12,2.83463e-13,3.84267e-08,1,0,0
25.3804,5.6767,0.225015,0,0.0975867,1.44448,0.0985421,0.069139,0.0107514,-0.997549,0.0786083,0.4,0,0,slope_up,0,1,1.2738e-12,1.01767e-12,3.3928e-08,1,0,0
25.4004,5.68059,0.224364,0,0.0945053,1.44714,0.0946977,0.0660576,0.0026567,-0.997812,0.0737925,0.4,0,0,slope_up,0,1,1.0974e-12,3.89081e-13,4.18295e-08,1,0,0
25.4204,5.68372,0.224189,0,0.0943846,1.44905,0.0944541,0.0659369,-0.00430699,-0.997814,0.0715831,0.4,0,0,slope_up,0,1,6.34327e-13,8.49229e-14,3.74002e-08,1,0,0
25.4404,5.68753,0.224141,0,0.0969176,1.45107,0.0975924,0.0684699,-0.0134351,-0.997563,0.0695846,0.4,0,0,slope_up,0,1,3.42997e-13,2.92268e-14,2.49965e-08,1,0,0
25.4604,5.69112,0.224315,0,0.100034,1.45252,0.101731,0.0715862,-0.0206035,-0.997222,0.067748,0.4,0,0,slope_up,0,1,2.72803e-13,3.22549e-14,1.55705e-08,1,0,0
25.4804,5.69448,0.224656,0,0.103572,1.45349,0.10667,0.075124,-0.0276508,-0.996791,0.0662389,0.4,0,0,slope_up,0,1,3.46388e-13,1.23398e-13,2.19024e-08,1,0,0
25.5004,5.69864,0.22524,0,0.106974,1.4543,0.111743,0.0785261,-0.0344259,-0.996318,0.0644041,0.4,0,0,slope_up,0,1,7.81925e-13,7.43827e-13,4.91396e-08,1,0,0
25.5204,5.70205,0.225901,0,0.10986,1.45472,0.11651,0.0814118,-0.0409165,-0.99584,0.0624066,0.4,0,0,slope_up,0,1,1.86407e-12,3.82043e-12,1.21485e-07,1,0,0
25.5404,5.70625,0.226916,0,0.112317,1.45502,0.121376,0.0838693,-0.0481113,-0.995315,0.0604476,0.4,0,0,slope_up,0,1,3.25586e-12,1.52866e-11,2.68199e-07,1,0,0
25.5604,5.7101,0.227995,0,0.114249,1.45517,0.125735,0.0858014,-0.0545808,-0.994816,0.0595201,0.4,0,0,slope_up,0,1,2.7645e-12,4.71872e-11,4.53223e-07,1,0,0
25.5804,5.71358,0.22917,0,0.116173,1.45518,0.129478,0.0877257,-0.0592218,-0.994383,0.0588152,0.4,0,0,slope_up,0,0.999999,1.45254e-12,1.01916e-10,6.11395e-07,1,0,0
25.6004,5.71752,0.230736,0,0.118354,1.45494,0.132609,0.0899058,-0.0618339,-0.994029,0.0586132,0.4,0,0,slope_up,0,0.999999,6.42587e-13,1.34e-10,7.03023e-07,1,0,0
25.6204,5.72199,0.232777,0,0.120091,1.45417,0.133502,0.0916436,-0.0603126,-0.993964,0.0602059,0.4,0,0,slope_up,0,0.999999,2.91509e-13,1.17159e-10,7.89834e-07,1,0,0
25.6404,5.7257,0.234375,0,0.120151,1.4532,0.132413,0.0917035,-0.0576432,-0.994117,0.0602341,0.4,0,0,slope_up,0,0.999999,1.75542e-13,9.19795e-11,8.82433e-07,1,0,0
25.6604,5.73069,0.235797,0,0.116161,1.45318,0.129363,0.0877136,-0.0589844,-0.994398,0.0547275,0.4,0,0,slope_up,0,1,4.4051e-13,1.10524e-10,5.15196e-07,1,0,0
25.6804,5.73457,0.236898,0,0.112243,1.45434,0.123074,0.0837955,-0.0525893,-0.995094,0.0588955,0.4,0,0,slope_up,0,0.999999,2.92525e-13,2.12855e-10,7.23664e-07,1,0,0
25.7004,5.73905,0.238239,0,0.109591,1.45661,0.117266,0.0811428,-0.0438553,-0.995737,0.062864,0.4,0,0,slope_up,0,0.999999,1.45689e-13,2.08128e-10,7.66819e-07,1,0,0
25.7204,5.7433,0.23927,0,0.108477,1.45911,0.113212,0.0800297,-0.0345038,-0.996195,0.066488,0.4,0,0,slope_up,0,1,1.03014e-13,2.06557e-11,3.66114e-07,1,0,0
25.7404,5.74755,0.239857,0,0.110141,1.46157,0.112782,0.0816935,-0.026255,-0.996312,0.0725827,0.4,0,0,slope_up,0,1,7.0768e-14,4.8586e-12,2.2391e-07,1,0,0
25.7604,5.75132,0.239962,0,0.113465,1.46351,0.114972,0.0850171,-0.0203318,-0.996172,0.077995,0.4,0,0,slope_up,0,1,9.92357e-14,1.58165e-12,1.56471e-07,1,0,0
25.7804,5.75612,0.239764,0,0.116941,1.46554,0.117584,0.0884929,-0.0135432,-0.995985,0.0828837,0.4,0,0,slope_up,0,1,2.08685e-13,3.42282e-13,9.67272e-08,1,0,0
25.8004,5.76063,0.239506,0,0.118349,1.46714,0.118543,0.0899012,-0.00651375,-0.995929,0.0851899,0.4,0,0,slope_up,0,1,4.88607e-13,1.2513e-13,8.01151e-08,1,0,0
25.8204,5.76463,0.239268,0,0.11855,1.46841,0.118711,0.0901022,0.000411713,-0.995932,0.0847271,0.4,0,0,slope_up,0,1,9.02629e-13,6.47707e-14,6.49473e-08,1,0,0
25.8404,5.76921,0.238869,0,0.118572,1.46967,0.11919,0.0901241,0.00829543,-0.995896,0.0829851,0.4,0,0,slope_up,0,1,7.41402e-13,3.62908e-14,4.90571e-08,1,0,0
25.8604,5.77264,0.238342,0,0.118596,1.4703,0.119673,0.0901485,0.0125202,-0.99585,0.0823286,0.4,0,0,slope_up,0,1,4.36797e-13,2.55337e-14,3.203e-08,1,0,0
25.8804,5.77671,0.23749,0,0.117426,1.47045,0.118779,0.0889781,0.0145252,-0.995928,0.081753,0.4,0,0,slope_up,0,1,2.82148e-13,2.50859e-14,2.15791e-08,1,0,0
25.9004,5.78051,0.236395,0,0.113621,1.4701,0.114968,0.0851731,0.0143102,-0.996263,0.0834933,0.4,0,0,slope_up,0,1,2.87587e-13,3.22654e-14,2.72304e-08,1,0,0
25.9204,5.7844,0.235586,0,0.106784,1.47028,0.109034,0.078336,0.0190835,-0.996744,0.0878251,0.4,0,0,slope_up,0,1,4.31788e-13,1.73089e-13,8.54392e-08,1,0,0
25.9404,5.78838,0.234316,0,0.101297,1.47181,0.10415,0.0728495,0.0213834,-0.997114,0.0832288,0.4,0,0,slope_up,0,1,9.03843e-13,2.72635e-13,1.18634e-07,1,0,0
25.9604,5.79122,0.232477,0,0.0999285,1.47395,0.101624,0.0714808,0.0156075,-0.99732,0.0763918,0.4,0,0,slope_up,0,1,1.12301e-12,3.16724e-13,3.75089e-08,1,0,0
25.9804,5.79395,0.230947,0,0.0981104,1.47612,0.0988198,0.0696627,0.0087979,-0.997532,0.0723509,0.4,0,0,slope_up,0,1,1.12338e-12,7.63861e-13,2.5456e-08,1,0,0
26.0005,5.79773,0.229966,0,0.0952385,1.47859,0.0953861,0.0667908,0.00173061,-0.997765,0.0702133,0.4,0,0,slope_up,0,1,1.0773e-12,3.45125e-13,2.98115e-08,1,0,0
26.0205,5.80112,0.22966,0,0.0947287,1.48048,0.0948288,0.066281,-0.0054944,-0.997786,0.0689648,0.4,0,0,slope_up,0,1,4.75235e-13,8.8887e-14,4.22659e-08,1,0,0
26.0405,5.80446,0.22963,0,0.0972047,1.48211,0.0979526,0.068757,-0.0140801,-0.997534,0.0666012,0.4,0,0,slope_up,0,1,2.72362e-13,3.20793e-14,2.74943e-08,1,0,0
26.0605,5.8076,0.229778,0,0.100255,1.48332,0.101945,0.0718076,-0.0205813,-0.997206,0.0651691,0.4,0,0,slope_up,0,1,2.33359e-13,2.75677e-14,1.50827e-08,1,0,0
26.0805,5.81169,0.230156,0,0.103782,1.48446,0.106872,0.0753339,-0.0276409,-0.996775,0.0641891,0.4,0,0,slope_up,0,1,3.13855e-13,1.19896e-13,2.16997e-08,1,0,0
26.1005,5.81507,0.230567,0,0.106561,1.48515,0.111131,0.078113,-0.0336725,-0.996376,0.0626365,0.4,0,0,slope_up,0,1,7.77125e-13,8.65472e-13,5.00285e-08,1,0,0
26.1205,5.81916,0.231186,0,0.109773,1.48578,0.116653,0.0813254,-0.0415885,-0.99582,0.0609295,0.4,0,0,slope_up,0,1,1.79386e-12,3.68018e-12,1.06806e-07,1,0,0
26.1405,5.82246,0.23185,0,0.112169,1.48614,0.121218,0.083721,-0.0480559,-0.99533,0.0595478,0.4,0,0,slope_up,0,1,2.95769e-12,1.54914e-11,2.37533e-07,1,0,0
26.1605,5.82613,0.232776,0,0.114619,1.48638,0.126115,0.0861712,-0.0546804,-0.994779,0.0584937,0.4,0,0,slope_up,0,1,2.46955e-12,3.95196e-11,3.53998e-07,1,0,0
26.1805,5.82989,0.233928,0,0.116852,1.48643,0.130376,0.0884045,-0.0598652,-0.994284,0.0578251,0.4,0,0,slope_up,0,1,1.44562e-12,8.39165e-11,4.69254e-07,1,0,0
26.2005,5.8341,0.235435,0,0.11931,1.48619,0.133843,0.0908619,-0.0626617,-0.99389,0.0580637,0.4,0,0,slope_up,0,0.999999,6.1884e-13,1.33408e-10,6.03889e-07,1,0,0
26.2205,5.83764,0.236891,0,0.120869,1.48559,0.134764,0.0924213,-0.0615804,-0.993814,0.0594425,0.4,0,0,slope_up,0,0.999999,2.77973e-13,1.21423e-10,6.97941e-07,1,0,0
26.2405,5.84202,0.238568,0,0.121048,1.48444,0.133513,0.0926007,-0.0583108,-0.993994,0.0601993,0.4,0,0,slope_up,0,0.999999,1.71528e-13,9.97579e-11,7.73774e-07,1,0,0
26.2605,5.84654,0.239513,0,0.116582,1.48445,0.130224,0.0881345,-0.0600717,-0.994296,0.0554997,0.4,0,0,slope_up,0,1,4.49405e-13,1.12547e-10,4.2588e-07,1,0,0
26.2805,5.85021,0.240496,0,0.11323,1.48556,0.124567,0.0847818,-0.0540164,-0.994934,0.0581388,0.4,0,0,slope_up,0,0.999999,2.81487e-13,2.51397e-10,6.89269e-07,1,0,0
26.3005,5.8546,0.241673,0,0.109878,1.48777,0.117297,0.0814303,-0.0431768,-0.995743,0.0647208,0.4,0,0,slope_up,0,0.999999,1.48804e-13,1.96579e-10,6.15891e-07,1,0,0
26.3205,5.8588,0.242521,0,0.107906,1.4902,0.113054,0.0794582,-0.0358493,-0.996193,0.0676939,0.4,0,0,slope_up,0,1,9.6565e-14,4.37959e-11,5.22925e-07,1,0,0
26.3405,5.86253,0.242983,0,0.10863,1.49237,0.111815,0.0801826,-0.0285516,-0.996371,0.0720225,0.4,0,0,slope_up,0,1,7.90039e-14,6.21437e-12,2.37703e-07,1,0,0
26.3605,5.86665,0.243082,0,0.11162,1.49454,0.113425,0.0831726,-0.0220271,-0.996292,0.0775302,0.4,0,0,slope_up,0,1,7.99265e-14,2.34785e-12,1.7872e-07,1,0,0
26.3805,5.87094,0.242913,0,0.114336,1.49646,0.115269,0.0858881,-0.0162031,-0.996173,0.080195,0.4,0,0,slope_up,0,1,1.6596e-13,3.71234e-13,9.65153e-08,1,0,0
26.4005,5.87546,0.24269,0,0.115083,1.49825,0.115401,0.0866354,-0.00934922,-0.996196,0.0797628,0.4,0,0,slope_up,0,1,4.01907e-13,1.18405e-13,7.22149e-08,1,0,0
26.4205,5.88039,0.242258,0,0.114739,1.50026,0.114851,0.0862911,-0.00293427,-0.996266,0.0761387,0.4,0,0,slope_up,0,1,5.74213e-13,5.33395e-14,6.09684e-08,1,0,0
26.4405,5.88435,0.241701,0,0.113928,1.50198,0.114083,0.0854803,0.000768879,-0.99634,0.0734984,0.4,0,0,slope_up,0,1,7.02867e-13,5.46982e-14,5.16574e-08,1,0,0
26.4605,5.88917,0.240798,0,0.111867,1.50401,0.112074,0.0834191,0.00239488,-0.996512,0.0705672,0.4,0,0,slope_up,0,1,5.41606e-13,5.04217e-14,3.22998e-08,1,0,0
26.4805,5.89364,0.239803,0,0.108506,1.50564,0.108642,0.0800585,0.000691319,-0.99679,0.0677026,0.4,0,0,slope_up,0,1,4.27013e-13,8.97733e-14,2.53216e-08,1,0,0
26.5005,5.89779,0.238633,0,0.104055,1.50675,0.104137,0.0756078,-0.00365742,-0.997131,0.0639101,0.4,0,0,slope_up,0,1,4.97317e-13,1.24817e-13,3.32533e-08,1,0,0
26.5205,5.90373,0.237284,0,0.0940586,1.50808,0.0941325,0.0656109,-0.00456896,-0.997835,0.0665095,0.4,0,0,slope_up,0,1,9.11224e-13,3.92875e-13,6.31808e-08,1,0,0
26.5405,5.90846,0.236375,0,0.0866148,1.50955,0.086654,0.0581671,-0.00317204,-0.998302,0.0645595,0.4,0,0,slope_up,0,1,1.4528e-12,3.15424e-12,1.83884e-07,1,0,0
26.5605,5.91351,0.235536,0,0.0822841,1.51122,0.0823512,0.0538364,-0.00497936,-0.998537,0.0545052,0.4,0,0,slope_up,0,1,8.14753e-13,1.1969e-12,4.91207e-08,1,0,0
26.5805,5.91813,0.235031,0,0.0807823,1.51274,0.0811225,0.0523346,-0.00960504,-0.998583,0.0466016,0.4,0,0,slope_up,0,1,6.43035e-13,1.93209e-13,3.61394e-08,1,0,0
26.6005,5.92277,0.234778,0,0.0817702,1.51417,0.0825842,0.0533225,-0.0138374,-0.998481,0.0431028,0.4,0,0,slope_up,0,1,9.41894e-13,2.17875e-13,4.50951e-08,1,0,0
26.6205,5.92756,0.234779,0,0.0843346,1.51545,0.0857304,0.055887,-0.0177029,-0.99828,0.0415215,0.4,0,0,slope_up,0,1,9.7095e-13,4.3117e-13,6.33871e-08,1,0,0
26.6405,5.93259,0.234981,0,0.087464,1.51657,0.0897617,0.0590163,-0.0224789,-0.998004,0.0396279,0.4,0,0,slope_up,0,1,7.4275e-13,4.12772e-13,4.56991e-08,1,0,0
26.6605,5.93781,0.235362,0,0.090666,1.51743,0.094175,0.0622183,-0.0277623,-0.997676,0.0385356,0.4,0,0,slope_up,0,1,7.73788e-13,6.03124e-13,3.89575e-08,1,0,0
26.6805,5.94313,0.235951,0,0.0933717,1.51798,0.0979697,0.0649241,-0.0319439,-0.997379,0.0389006,0.4,0,0,slope_up,0,1,1.27683e-12,1.64544e-12,4.99616e-08,1,0,0
26.7005,5.94806,0.236686,0,0.095455,1.51823,0.101253,0.0670073,-0.0360474,-0.997101,0.0411268,0.4,0,0,slope_up,0,1,2.61802e-12,6.64902e-12,8.22521e-08,1,0,0
26.7205,5.95378,0.237763,0,0.0962076,1.51834,0.103532,0.0677599,-0.0405244,-0.996878,0.0442055,0.4,0,0,slope_up,0,1,4.83501e-12,4.41216e-11,1.87033e-07,1,0,0
26.7405,5.96037,0.239257,0,0.0962758,1.5183,0.105796,0.0678281,-0.0461377,-0.99663,0.0483841,0.4,0,0,slope_up,0,1,5.7619e-12,1.71302e-10,3.21488e-07,1,0,0
26.7605,5.96603,0.240712,0,0.0964639,1.51811,0.107937,0.0680162,-0.0507011,-0.996395,0.054223,0.4,0,0,slope_up,0,1,4.36312e-12,6.56311e-10,4.39369e-07,1,0,0
26.7805,5.97269,0.242575,0,0.0974815,1.51755,0.110687,0.0690339,-0.0546921,-0.996114,0.0586652,0.4,0,0,slope_up,0,1,2.45351e-12,2.06918e-09,5.09525e-07,1,0,0
26.8005,5.98003,0.245281,0,0.102016,1.51661,0.113974,0.0735687,-0.0530418,-0.995879,0.0595476,0.4,0,0,slope_up,0,0.999999,1.73503e-12,4.01783e-09,6.62366e-07,1,0,0
26.8205,5.98673,0.247987,0,0.107876,1.51518,0.116218,0.0794288,-0.0453894,-0.995807,0.0598602,0.4,0,0,slope_up,0,0.999999,1.56317e-12,2.5782e-09,5.73942e-07,1,0,0
26.8405,5.99396,0.249907,0,0.110854,1.51356,0.117538,0.0824061,-0.0411725,-0.995748,0.0566493,0.4,0,0,slope_up,0,0.999999,3.20658e-12,2.80793e-09,7.84329e-07,1,0,0
26.8605,6.00086,0.251296,0,0.110034,1.51233,0.115322,0.0815865,-0.0366131,-0.995994,0.0548724,0.4,0,0,slope_up,0,0.999997,2.49359e-10,4.57933e-08,2.77541e-06,1,0,0
26.8805,6.00925,0.252768,0,0.108097,1.51032,0.110167,0.0796493,-0.0232417,-0.996552,0.0611409,0.4,0,0,slope_up,0,0.999986,9.11477e-09,5.95851e-07,1.34919e-05,1,0,0
26.9005,6.0164,0.253184,0,0.106254,1.5088,0.10772,0.077806,-0.0196625,-0.996775,0.0647036,0.4,0,0,slope_up,0,0.999953,1.03639e-07,2.55465e-06,4.42069e-05,1,0,0
26.9205,6.02413,0.253026,0,0.107016,1.50857,0.109134,0.078568,-0.0234091,-0.996634,0.0656449,0.4,0,0,slope_up,0,0.999991,4.25297e-09,4.53414e-08,8.68701e-06,1,0,0
26.9405,6.03256,0.253683,0,0.109174,1.50952,0.110062,0.0807261,-0.0156752,-0.996613,0.0652827,0.4,0,0,slope_up,0,0.999998,1.63517e-10,2.11573e-08,1.89887e-06,1,0,0
26.9605,6.03963,0.254369,0,0.110822,1.51069,0.110989,0.0823743,-0.00640531,-0.996581,0.0650172,0.4,0,0,slope_up,0,0.999998,3.35175e-11,4.34662e-08,2.34166e-06,1,0,0
26.9805,6.04754,0.254867,0,0.112763,1.51194,0.112966,0.0843158,0.00220027,-0.996437,0.0660428,0.4,0,0,slope_up,0,0.999996,5.62657e-11,4.65399e-08,4.402e-06,1,0,0
27.0005,6.05633,0.255272,0,0.114,1.51309,0.114793,0.0855527,0.00999307,-0.996284,0.0663087,0.4,0,0,slope_up,0,0.99999,1.31355e-10,6.13052e-08,9.56742e-06,1,0,0
27.0205,6.06353,0.255642,0,0.114127,1.51382,0.11569,0.0856789,0.0157502,-0.996198,0.064003,0.4,0,0,slope_up,0,0.999985,2.01053e-10,5.43548e-08,1.54453e-05,1,0,0
27.0405,6.07212,0.256029,0,0.114238,1.51444,0.116877,0.08579,0.0216302,-0.996078,0.0599018,0.4,0,0,slope_up,0,0.999983,1.69164e-10,5.24477e-08,1.72651e-05,1,0,0
27.0605,6.07976,0.256173,0,0.114148,1.51463,0.117629,0.0857007,0.0253932,-0.995997,0.0563084,0.4,0,0,slope_up,0,0.999983,1.23201e-10,5.61924e-08,1.67266e-05,1,0,0
27.0805,6.08735,0.255905,0,0.113508,1.51433,0.117158,0.0850602,0.0260286,-0.996036,0.0526492,0.4,0,0,slope_up,0,0.999985,7.75252e-11,4.34488e-08,1.4737e-05,1,0,0
27.1005,6.09559,0.255048,0,0.109271,1.51368,0.113167,0.0808233,0.0265315,-0.996375,0.0540843,0.4,0,0,slope_up,0,0.999983,1.05313e-10,2.74686e-08,1.66156e-05,1,0,0
27.1205,6.10348,0.253797,0,0.103907,1.51292,0.107336,0.0754589,0.0240714,-0.996858,0.0602812,0.4,0,0,slope_up,0,0.999929,1.50005e-10,4.91688e-07,7.07793e-05,1,0,0
27.1405,6.11149,0.252613,0,0.101289,1.51198,0.10319,0.0728411,0.0168335,-0.997202,0.0612128,0.4,0,0,slope_up,0,0.999936,8.176e-10,8.9218e-06,5.49486e-05,1,0,0
27.1605,6.11961,0.251508,0,0.0986543,1.51045,0.0990418,0.0702066,0.00552968,-0.997517,0.0621698,0.4,0,0,slope_up,0,0.999822,3.75298e-09,9.32773e-05,8.51212e-05,1,0,0
27.1805,6.12878,0.25161,0,0.0953525,1.50932,0.0961621,0.0669048,0.00952442,-0.997714,0.0643609,0.4,0,0,slope_up,0,0.999705,9.81196e-09,9.34057e-05,0.000201501,1,0,0
27.2005,6.1358,0.252014,0,0.0962348,1.50966,0.0977867,0.0677872,0.0145165,-0.997594,0.0638974,0.4,0,0,slope_up,0,0.999296,1.07022e-08,0.000128809,0.00057473,1,0,0
27.2205,6.14422,0.251863,0,0.0999666,1.51111,0.100575,0.0715189,0.0079379,-0.997408,0.0595286,0.4,0,0,slope_up,0,0.999685,3.21343e-08,2.27941e-05,0.000292549,1,0,0
27.2405,6.15203,0.25188,0,0.10337,1.51263,0.103463,0.074922,-0.00051739,-0.997189,0.0592876,0.4,0,0,slope_up,0,0.999811,9.13471e-08,1.97896e-05,0.000169097,1,0,0
27.2605,6.15892,0.252421,0,0.106684,1.51373,0.106875,0.0782366,-0.00724939,-0.996908,0.058669,0.4,0,0,slope_up,0,0.999814,2.27537e-07,5.40132e-05,0.000131303,1,0,0
27.2805,6.16627,0.253485,0,0.110615,1.51461,0.111347,0.0821669,-0.0143439,-0.996515,0.0577256,0.4,0,0,slope_up,0,0.999584,7.34616e-07,0.000236587,0.000178156,1,0,0
27.3005,6.17403,0.255069,0,0.114681,1.51527,0.116478,0.086233,-0.0221772,-0.996028,0.0587381,0.4,0,0,slope_up,0,0.998522,3.22451e-06,0.00114656,0.000328106,1,0,0
27.3205,6.18066,0.256909,0,0.11817,1.5157,0.121239,0.0897221,-0.0289633,-0.995546,0.0591109,0.4,0,0,slope_up,0,0.992828,1.13247e-05,0.00658427,0.000576687,1,0,0
27.3405,6.18697,0.25914,0,0.123021,1.51592,0.127902,0.0945733,-0.0368445,-0.994836,0.0593068,0.4,0,0,slope_up,0,0.973668,1.91663e-05,0.0255392,0.000773912,1,0,0
27.3605,6.19313,0.261814,0,0.127638,1.51584,0.133741,0.0991906,-0.0417309,-0.994193,0.0606129,0.4,0,0,slope_up,0,0.949259,1.54913e-05,0.0498929,0.000832582,1,0,0
27.3805,6.19877,0.264585,0,0.131339,1.51546,0.137919,0.102892,-0.043814,-0.993727,0.0630248,0.4,0,0,slope_up,0,0.93352,7.56254e-06,0.0657079,0.000764776,1,0,0
27.4005,6.20522,0.268036,0,0.134604,1.51454,0.14048,0.106157,-0.0418185,-0.99347,0.0676494,0.4,0,0,slope_up,0,0.929903,3.05619e-06,0.069434,0.00065965,1,0,0
27.4205,6.21246,0.272425,0,0.136219,1.51262,0.139211,0.107771,-0.0300391,-0.993722,0.0709842,0.4,0,0,slope_up,0,0.883388,3.53216e-06,0.11593,0.000677762,1,0,0
27.4405,6.21896,0.275473,0,0.133184,1.5112,0.135124,0.104736,-0.0240299,-0.99421,0.0687096,0.4,0,0,slope_up,0,0.881919,0.000210633,0.116325,0.00154555,1,0,0
27.4605,6.22724,0.278715,0,0.127354,1.50919,0.128364,0.0989067,-0.01713,-0.994949,0.06727,0.4,0,0,slope_up,0,0.649804,0.00205624,0.34186,0.0062797,1,0,0
27.4805,6.23401,0.280772,0,0.124151,1.50759,0.124748,0.0957034,-0.0129957,-0.995325,0.0697243,0.4,0,0,slope_up,0,0.446112,0.00569272,0.541592,0.00660315,1,0,0
27.5005,6.24181,0.282117,0,0.125041,1.50755,0.126138,0.0965937,-0.0178165,-0.995164,0.0703721,0.4,0,0,slope_up,0,0.752022,0.00127785,0.239233,0.00746659,1,0,0
27.5205,6.24889,0.283673,0,0.126967,1.50868,0.127466,0.0985198,-0.0116851,-0.995066,0.070339,0.4,0,0,slope_up,0,0.335971,6.42976e-05,0.659377,0.00458713,1,0,0
27.5405,6.25634,0.285159,0,0.127599,1.51013,0.127767,0.0991513,-0.00299908,-0.995068,0.0698068,0.4,0,0,slope_up,0,0.0689682,5.96446e-06,0.928412,0.00261363,1,0,0
27.5605,6.26403,0.286171,0,0.127495,1.51135,0.1278,0.0990473,0.0034434,-0.995077,0.0727347,0.4,0,0,slope_up,0,0.0226558,3.88916e-06,0.974207,0.00313341,1,0,0
27.5805,6.27107,0.286773,0,0.126544,1.51217,0.127087,0.0980963,0.00731629,-0.99515,0.0771275,0.4,0,0,slope_up,0,0.0146493,6.55244e-06,0.978753,0.00659091,1,0,0
27.6005,6.27975,0.287452,0,0.123888,1.51284,0.124746,0.09544,0.0107586,-0.995377,0.0798897,0.4,0,0,slope_up,0,0.00605316,3.27731e-06,0.985659,0.00828455,1,0,0
27.6205,6.28756,0.288106,0,0.120727,1.51324,0.121993,0.0922794,0.0140321,-0.995634,0.0788563,0.4,0,0,flat,0,0.00711556,2.90617e-06,0.973029,0.0198521,0.9,0,0.1
27.6405,6.29438,0.288458,0,0.118401,1.51329,0.120214,0.0899537,0.0175213,-0.995792,0.0806645,0.4,0,0,flat,0,0.00423824,1.60943e-06,0.974632,0.021128,0.8,0,0.2
27.6605,6.30191,0.288461,0,0.115423,1.51287,0.117714,0.086975,0.0199824,-0.99601,0.0836726,0.4,0,0,flat,0,0.00191469,1.03641e-06,0.979892,0.0181921,0.7,0,0.3
27.6805,6.31034,0.287939,0,0.111414,1.5118,0.113902,0.0829667,0.0206508,-0.996338,0.0878211,0.4,0,0,flat,0,0.000995093,8.24799e-07,0.984212,0.0147922,0.6,0,0.4
27.7005,6.31819,0.286925,0,0.105952,1.51027,0.108169,0.0775046,0.0188508,-0.996814,0.094101,0.4,0,0,flat,0,0.000683407,7.66394e-07,0.988404,0.0109117,0.5,0,0.5
27.7205,6.32556,0.2856,0,0.100323,1.50855,0.102201,0.0718752,0.0166326,-0.997275,0.10248,0.4,0,0,flat,0,0.000452216,5.99014e-07,0.993694,0.00585285,0.4,0,0.6
27.7405,6.33484,0.283602,0,0.0928656,1.50647,0.094206,0.0644179,0.0130322,-0.997838,0.112752,0.4,0,0,flat,0,0.000200321,2.85378e-07,0.997852,0.00194708,0.3,0,0.7
27.7605,6.34297,0.281652,0,0.0879926,1.50484,0.0886275,0.0595449,0.00775533,-0.998196,0.117954,0.4,0,0,flat,0,0.000132293,3.06861e-07,0.999626,0.000241224,0.2,0,0.8
27.7805,6.3511,0.279747,0,0.0837549,1.50334,0.0838776,0.0553073,0.0014021,-0.998468,0.123156,0.4,0,0,flat,0,5.42842e-05,7.63014e-08,0.99992,2.53834e-05,0.1,0,0.9
27.8005,6.35838,0.279037,0,0.0798271,1.50283,0.0799974,0.0513794,0.00229623,-0.998677,0.124497,0.4,0,0,flat,0,1.0427e-06,1.32995e-10,0.999999,3.23901e-07,0,0,1
27.8205,6.36647,0.27909,0,0.0749445,1.50295,0.0751805,0.0464968,0.00319275,-0.998913,0.121796,0.4,0,0,flat,0,2.07489e-07,5.47285e-12,1,3.25621e-08,0,0,1
27.8405,6.37455,0.279504,0,0.0699296,1.50347,0.0699613,0.0414819,-0.000995221,-0.999139,0.117982,0.4,0,0,flat,0,7.62564e-08,2.21153e-12,1,1.03953e-08,0,0,1
27.8605,6.38241,0.280164,0,0.0663631,1.50419,0.0664615,0.0379154,-0.00585977,-0.999264,0.116784,0.4,0,0,flat,0,2.33149e-08,2.10958e-12,1,6.30135e-09,0,0,1
27.8805,6.39075,0.281237,0,0.0651,1.50502,0.065527,0.0366524,-0.00985815,-0.999279,0.115157,0.4,0,0,flat,0,1.04941e-08,3.09818e-12,1,4.21076e-09,0,0,1
27.9005,6.39808,0.282479,0,0.0661382,1.50569,0.0669614,0.0376905,-0.0128711,-0.999207,0.11309,0.4,0,0,flat,0,1.1455e-08,7.60985e-12,1,5.06372e-09,0,0,1
27.9205,6.40517,0.283912,0,0.0686694,1.50623,0.0699519,0.0402217,-0.0157469,-0.999067,0.11174,0.4,0,0,flat,0,2.16256e-08,6.64351e-11,1,1.36646e-08,0,0,1
27.9405,6.41141,0.285391,0,0.0713062,1.50661,0.0728986,0.0428585,-0.0175584,-0.998927,0.112034,0.4,0,0,flat,0,6.18391e-08,1.45473e-09,1,6.1783e-08,0,0,1
27.9605,6.41826,0.287298,0,0.0738248,1.50701,0.0754087,0.0453771,-0.0177634,-0.998812,0.114435,0.4,0,0,flat,0,1.65455e-07,2.245e-08,1,2.71012e-07,0,0,1
27.9805,6.42513,0.289536,0,0.0748234,1.5074,0.0760508,0.0463757,-0.0159769,-0.998796,0.116362,0.4,0,0,flat,0,2.26058e-07,1.08767e-07,0.999999,5.22446e-07,0,0,1
28.0005,6.43276,0.292372,0,0.0746896,1.50776,0.075343,0.0462419,-0.0122333,-0.998855,0.115826,0.4,0,0,flat,0,2.50899e-07,2.21128e-07,0.999999,5.77015e-07,0,0,1
28.0205,6.43978,0.295522,0,0.0733432,1.50751,0.073379,0.0448955,-0.00410991,-0.998983,0.110143,0.4,0,0,flat,0,9.41668e-08,1.23175e-07,1,2.28565e-07,0,0,1
28.0405,6.44661,0.297888,0,0.0690989,1.50706,0.0691474,0.0406512,-0.000320943,-0.999173,0.107589,0.4,0,0,flat,0,1.20122e-07,1.13829e-07,1,1.43175e-07,0,0,1
28.0605,6.45504,0.299723,0,0.0607805,1.5073,0.0607891,0.0323328,-0.00244782,-0.999474,0.111914,0.4,0,0,flat,0,1.12159e-07,4.97871e-08,1,2.04213e-07,0,0,1
28.0805,6.46271,0.301787,0,0.0557596,1.50774,0.0558787,0.0273119,0.00104795,-0.999626,0.116347,0.4,0,0,flat,0,2.05551e-07,3.08299e-08,0.999999,3.43431e-07,0,0,1
28.1005,6.47087,0.304402,0,0.0517743,1.50832,0.0527405,0.0233267,0.0075198,-0.9997,0.115597,0.4,0,0,flat,0,7.32554e-07,9.71909e-08,0.999999,3.67648e-07,0,0,1
28.1205,6.47846,0.306547,0,0.0481663,1.50872,0.0500785,0.0197186,0.011191,-0.999743,0.115559,0.4,0,0,flat,0,7.21995e-07,6.39016e-08,0.999999,2.9613e-07,0,0,1
28.1405,6.48613,0.308364,0,0.0450027,1.50895,0.0479296,0.016555,0.0139844,-0.999765,0.119462,0.4,0,0,flat,0,8.17833e-07,1.64303e-07,0.999999,5.28747e-07,0,0,1
28.1605,6.49301,0.309872,0,0.042497,1.50898,0.0461318,0.0140493,0.0154399,-0.999782,0.120425,0.4,0,0,flat,0,8.14037e-07,5.21814e-07,0.999998,8.62595e-07,0,0,1
28.1805,6.50051,0.311433,0,0.0402556,1.50888,0.0449694,0.0118079,0.0175421,-0.999776,0.119122,0.4,0,0,flat,0,7.5991e-07,1.75609e-06,0.999996,1.03942e-06,0,0,1
28.2005,6.50777,0.312548,0,0.0396055,1.50861,0.0452878,0.0111578,0.0194603,-0.999748,0.120874,0.4,0,0,flat,0,3.67524e-07,1.97847e-06,0.999997,6.08935e-07,0,0,1
28.2205,6.51488,0.31316,0,0.0393422,1.5082,0.0449615,0.0108945,0.0192624,-0.999755,0.121247,0.4,0,0,flat,0,1.06676e-07,8.77416e-07,0.999999,1.92188e-07,0,0,1
28.2405,6.52207,0.313358,0,0.0385832,1.50768,0.043622,0.0101355,0.0178484,-0.999789,0.12063,0.4,0,0,flat,0,3.32534e-08,2.5472e-07,1,5.47002e-08,0,0,1
28.2605,6.52935,0.313039,0,0.0378049,1.50709,0.0418801,0.00935723,0.0155167,-0.999836,0.12069,0.4,0,0,flat,0,1.39957e-08,8.47649e-08,1,1.83837e-08,0,0,1
28.2805,6.53744,0.311952,0,0.0375456,1.5063,0.0401339,0.00909786,0.0116768,-0.99989,0.120301,0.4,0,0,flat,0,8.42733e-09,4.55543e-08,1,9.59036e-09,0,0,1
28.3005,6.54501,0.310328,0,0.0369373,1.5053,0.0380193,0.00848961,0.00649034,-0.999943,0.121839,0.4,0,0,flat,0,1.08136e-08,8.61336e-08,1,1.45314e-08,0,0,1
28.3205,6.55227,0.309161,0,0.0341934,1.50493,0.0359992,0.00574574,0.00874889,-0.999945,0.127635,0.4,0,0,flat,0,2.25054e-08,2.42648e-07,1,5.9813e-08,0,0,1
28.3405,6.56022,0.308034,0,0.034291,1.50572,0.037259,0.00584332,0.0120742,-0.99991,0.121015,0.4,0,0,flat,0,7.30982e-09,9.452e-08,1,3.26121e-08,0,0,1
28.3605,6.5662,0.306923,0,0.0357414,1.50655,0.0378842,0.00729368,0.0100602,-0.999923,0.114816,0.4,0,0,flat,0,4.44432e-09,1.30264e-07,1,2.11125e-08,0,0,1
28.3805,6.57308,0.306255,0,0.0336734,1.50724,0.0345612,0.00522568,0.00527351,-0.999972,0.109492,0.4,0,0,flat,0,2.1186e-09,4.93575e-08,1,1.36143e-08,0,0,1
28.4005,6.58048,0.306075,0,0.0302398,1.50753,0.0304278,0.00179216,0.000855764,-0.999998,0.1067,0.4,0,0,flat,0,1.51626e-09,2.02059e-08,1,1.31432e-08,0,0,1
28.4205,6.58668,0.306201,0,0.0282966,1.50747,0.0283234,-0.00015112,-0.00129895,-0.999999,0.105294,0.4,0,0,flat,0,1.7095e-09,1.46258e-08,1,1.41875e-08,0,0,1
28.4405,6.59259,0.306481,0,0.0277011,1.50737,0.0277041,-0.000746605,-0.00247755,-0.999997,0.103506,0.4,0,0,flat,0,1.5133e-09,1.28005e-08,1,1.07092e-08,0,0,1
28.4605,6.59785,0.30679,0,0.0277033,1.50735,0.0277622,-0.000744429,-0.00426018,-0.999991,0.101439,0.4,0,0,flat,0,1.18825e-09,6.22743e-09,1,7.41757e-09,0,0,1
28.4805,6.6036,0.307215,0,0.02838,1.50743,0.0286477,-6.7678e-05,-0.00638637,-0.99998,0.100473,0.4,0,0,flat,0,1.11001e-09,4.79617e-09,1,6.5024e-09,0,0,1
28.5005,6.60868,0.307702,0,0.029644,1.50761,0.0303002,0.00119631,-0.00875438,-0.999961,0.100676,0.4,0,0,flat,0,1.45436e-09,1.35613e-08,1,1.15491e-08,0,0,1
28.5205,6.61533,0.308734,0,0.0321356,1.50792,0.0337107,0.00368794,-0.0126706,-0.999913,0.0999337,0.4,0,0,flat,0,2.565e-09,7.39687e-08,1,3.26983e-08,0,0,1
28.5405,6.62062,0.310102,0,0.0353661,1.50806,0.0375173,0.0069184,-0.0150071,-0.999863,0.0984821,0.4,0,0,flat,0,6.40023e-09,4.18247e-07,0.999999,1.16196e-07,0,0,1
28.5605,6.62565,0.311977,0,0.0391736,1.50799,0.0411607,0.0107259,-0.0151198,-0.999828,0.0971132,0.4,0,0,flat,0,2.12463e-08,2.61184e-06,0.999997,4.93506e-07,0,0,1
28.5805,6.63054,0.314381,0,0.0420726,1.5076,0.0432638,0.0136249,-0.0125619,-0.999828,0.0962401,0.4,0,0,flat,0,5.16876e-08,1.2261e-05,0.999986,1.66241e-06,0,0,1
28.6005,6.63545,0.317395,0,0.0433572,1.50651,0.0434755,0.0149095,-0.00565339,-0.999873,0.0950435,0.4,0,0,flat,0,6.83761e-08,2.79115e-05,0.999969,3.48015e-06,0,0,1
28.6205,6.64034,0.319849,0,0.0403754,1.5055,0.0403931,0.0119278,-0.00358539,-0.999922,0.0922576,0.4,0,0,flat,0,1.30954e-07,2.93698e-05,0.999966,4.92203e-06,0,0,1
28.6405,6.64702,0.322103,0,0.0332088,1.50556,0.0339099,0.00476108,-0.00933356,-0.999945,0.0942115,0.4,0,0,flat,0,1.89772e-07,1.36599e-05,0.999977,9.37747e-06,0,0,1
28.6605,6.65181,0.324262,0,0.0299207,1.50616,0.03031,0.00147303,-0.00731416,-0.999972,0.101143,0.4,0,0,flat,0,1.61975e-07,1.60923e-06,0.999995,3.35099e-06,0,0,1
28.6805,6.65701,0.326922,0,0.0283339,1.50711,0.0284263,-0.000113785,-0.000252143,-1,0.105578,0.4,0,0,flat,0,2.41493e-07,4.26387e-07,0.999998,1.28289e-06,0,0,1
28.7005,6.66259,0.329446,0,0.0260782,1.50798,0.0269516,-0.00236945,0.00429706,-0.999988,0.105357,0.4,0,0,flat,0,2.59858e-07,1.70816e-07,0.999999,6.96656e-07,0,0,1
28.7205,6.66909,0.331605,0,0.0231939,1.50863,0.0246479,-0.00525378,0.00582977,-0.999969,0.1064,0.4,0,0,flat,0,1.95287e-07,2.26888e-07,0.999999,5.23896e-07,0,0,1
28.7405,6.67459,0.332932,0,0.0209223,1.50903,0.0228404,-0.00752539,0.00665539,-0.99995,0.108576,0.4,0,0,flat,0,1.64373e-07,4.69616e-07,0.999999,4.96381e-07,0,0,1
28.7605,6.68089,0.334093,0,0.018517,1.50943,0.0213009,-0.00993065,0.00802851,-0.999918,0.110274,0.4,0,0,flat,0,1.79268e-07,9.97684e-07,0.999998,5.81694e-07,0,0,1
28.7805,6.68733,0.334896,0,0.0168335,1.50972,0.0210249,-0.0116142,0.0100982,-0.999882,0.112503,0.4,0,0,flat,0,1.47135e-07,1.49355e-06,0.999998,4.87483e-07,0,0,1
28.8005,6.69465,0.335303,0,0.0160956,1.50984,0.0218152,-0.0123521,0.0122256,-0.999849,0.115994,0.4,0,0,flat,0,8.44792e-08,1.54478e-06,0.999998,2.83529e-07,0,0,1
28.8205,6.70087,0.335329,0,0.0165056,1.50977,0.0229653,-0.0119421,0.0134716,-0.999838,0.118687,0.4,0,0,flat,0,3.68349e-08,1.15578e-06,0.999999,1.30295e-07,0,0,1
28.8405,6.70867,0.334962,0,0.0189335,1.5094,0.0248766,-0.0095142,0.013638,-0.999862,0.120555,0.4,0,0,flat,0,1.55859e-08,8.2504e-07,0.999999,6.16437e-08,0,0,1
28.8605,6.71525,0.334129,0,0.0221913,1.5087,0.026216,-0.00625636,0.0114596,-0.999915,0.121189,0.4,0,0,flat,0,8.02537e-09,6.82392e-07,0.999999,3.91735e-08,0,0,1
28.8805,6.72297,0.332519,0,0.0255204,1.50729,0.0269913,-0.00292729,0.00627982,-0.999976,0.121898,0.4,0,0,flat,0,6.94938e-09,9.86606e-07,0.999999,4.86783e-08,0,0,1
28.9005,6.73122,0.330598,0,0.025505,1.50582,0.0261181,-0.00294269,0.00311163,-0.999991,0.129988,0.4,0,0,flat,0,1.14047e-08,2.59021e-06,0.999997,1.06182e-07,0,0,1
28.9205,6.74041,0.32934,0,0.0218658,1.50551,0.0241372,-0.00658191,0.00771337,-0.999949,0.133824,0.4,0,0,flat,0,1.79356e-08,2.41107e-06,0.999997,2.05457e-07,0,0,1
28.9405,6.74776,0.327989,0,0.0218401,1.50607,0.0237538,-0.00660757,0.00683739,-0.999955,0.127397,0.4,0,0,flat,0,8.54491e-09,2.72546e-06,0.999997,1.04152e-07,0,0,1
28.9605,6.75416,0.326902,0,0.0218395,1.50664,0.0226569,-0.00660814,0.00352343,-0.999972,0.121781,0.4,0,0,flat,0,3.41055e-09,6.26805e-07,0.999999,3.32196e-08,0,0,1
28.9805,6.76126,0.326172,0,0.0204067,1.50715,0.0204529,-0.00804099,-0.00118078,-0.999967,0.118094,0.4,0,0,flat,0,1.67312e-09,1.32966e-07,1,1.48226e-08,0,0,1
29.0005,6.76876,0.325966,0,0.0192256,1.50736,0.0193537,-0.0092221,-0.00467252,-0.999947,0.116825,0.4,0,0,flat,0,9.82389e-10,4.15924e-08,1,9.50949e-09,0,0,1
29.0205,6.77525,0.326281,0,0.0196061,1.50729,0.0198404,-0.00884163,-0.00550609,-0.999946,0.115557,0.4,0,0,flat,0,1.10505e-09,2.78609e-08,1,8.8793e-09,0,0,1
29.0405,6.78098,0.326838,0,0.0209372,1.5072,0.021183,-0.00751045,-0.00567679,-0.999956,0.113886,0.4,0,0,flat,0,1.31966e-09,4.0051e-08,1,1.1868e-08,0,0,1
29.0605,6.78791,0.327713,0,0.0233851,1.50722,0.0236406,-0.00506262,-0.00593625,-0.99997,0.112135,0.4,0,0,flat,0,1.28955e-09,6.1175e-08,1,1.3872e-08,0,0,1
29.0805,6.79355,0.328594,0,0.0257798,1.50733,0.0261386,-0.00266794,-0.00679707,-0.999973,0.110194,0.4,0,0,flat,0,1.26178e-09,1.37118e-07,1,1.87821e-08,0,0,1
29.1005,6.79971,0.329769,0,0.0287205,1.50751,0.029247,0.00027283,-0.00800478,-0.999968,0.108811,0.4,0,0,flat,0,1.67422e-09,4.87208e-07,1,3.52968e-08,0,0,1
29.1205,6.80632,0.331442,0,0.0321821,1.50768,0.0330445,0.00373442,-0.00997822,-0.999943,0.107458,0.4,0,0,flat,0,3.00532e-09,1.83232e-06,0.999998,9.43063e-08,0,0,1
29.1405,6.81145,0.333253,0,0.0356008,1.5077,0.0365759,0.00715314,-0.0108794,-0.999915,0.106101,0.4,0,0,flat,0,7.7603e-09,7.82109e-06,0.999992,3.38103e-07,0,0,1
29.1605,6.81692,0.335774,0,0.0393473,1.50761,0.040009,0.0108996,-0.00973401,-0.999893,0.104651,0.4,0,0,flat,0,2.36763e-08,4.35625e-05,0.999955,1.37717e-06,0,0,1
29.1805,6.8228,0.339158,0,0.0422576,1.50723,0.0423206,0.01381,-0.00472972,-0.999893,0.103842,0.4,0,0,flat,0,4.9135e-08,0.000145119,0.99985,4.42162e-06,0,0,1
29.2005,6.82759,0.342468,0,0.0431168,1.50636,0.0434851,0.0146691,0.00311916,-0.999888,0.103537,0.4,0,0,flat,0,6.92707e-08,0.000216406,0.999774,9.61769e-06,0,0,1
29.2205,6.83347,0.345808,0,0.0402736,1.50572,0.0407077,0.0118259,0.00340599,-0.999924,0.102985,0.4,0,0,flat,0,7.96765e-08,0.000293051,0.999699,8.3941e-06,0,0,1
29.2405,6.84032,0.348944,0,0.0358369,1.50636,0.0359097,0.00738921,-0.000271974,-0.999973,0.108002,0.4,0,0,flat,0,1.24282e-07,5.37809e-05,0.999932,1.44423e-05,0,0,1
29.2605,6.84611,0.352138,0,0.0339138,1.50731,0.0345526,0.00546607,0.0040981,-0.999977,0.114594,0.4,0,0,flat,0,1.56672e-07,7.61573e-06,0.999988,4.20864e-06,0,0,1
29.2805,6.85154,0.355189,0,0.0318363,1.50817,0.0341237,0.00338859,0.00977871,-0.999946,0.117983,0.4,0,0,flat,0,2.58286e-07,2.00296e-06,0.999995,2.2733e-06,0,0,1
29.3005,6.8578,0.358305,0,0.029353,1.50886,0.0337902,0.000905316,0.0142418,-0.999898,0.122594,0.4,0,0,flat,0,2.02987e-07,9.7297e-07,0.999997,1.50214e-06,0,0,1
29.3205,6.86483,0.361301,0,0.0268538,1.50931,0.0328073,-0.00159386,0.0163475,-0.999865,0.126092,0.4,0,0,flat,0,1.75353e-07,1.54589e-06,0.999997,1.31218e-06,0,0,1
29.3405,6.87136,0.363689,0,0.0245787,1.50957,0.0316361,-0.00386897,0.0174202,-0.999841,0.127722,0.4,0,0,flat,0,1.89492e-07,3.16947e-06,0.999995,1.3902e-06,0,0,1
29.3605,6.87805,0.365736,0,0.0226434,1.50976,0.0310023,-0.00580426,0.0186775,-0.999809,0.129584,0.4,0,0,flat,0,1.94578e-07,5.67876e-06,0.999993,1.32598e-06,0,0,1
29.3805,6.88483,0.367418,0,0.0210551,1.50986,0.0311749,-0.00739258,0.0204922,-0.999763,0.131883,0.4,0,0,flat,0,1.61732e-07,8.11184e-06,0.999991,1.06569e-06,0,0,1
29.4005,6.89102,0.368596,0,0.0204856,1.50981,0.0324712,-0.00796212,0.0226964,-0.999711,0.134914,0.4,0,0,flat,0,9.91456e-08,6.68341e-06,0.999993,6.21208e-07,0,0,1
29.4205,6.898,0.369538,0,0.0211442,1.50957,0.0342824,-0.00730351,0.0244862,-0.999673,0.137943,0.4,0,0,flat,0,4.89804e-08,3.84469e-06,0.999996,2.97029e-07,0,0,1
29.4405,6.90499,0.369997,0,0.0234208,1.50909,0.035393,-0.00502685,0.0240387,-0.999698,0.140142,0.4,0,0,flat,0,2.13906e-08,2.09716e-06,0.999998,1.4006e-07,0,0,1
29.4605,6.91287,0.369545,0,0.0262982,1.50864,0.0326232,-0.00214952,0.0168042,-0.999856,0.141232,0.4,0,0,flat,0,7.69475e-09,1.37724e-06,0.999998,6.72271e-08,0,0,1
29.4805,6.92066,0.368402,0,0.0262809,1.50832,0.0281883,-0.00216676,0.0076851,-0.999968,0.139888,0.4,0,0,flat,0,4.99912e-09,1.73493e-06,0.999998,5.70397e-08,0,0,1
29.5005,6.92892,0.366535,0,0.0245291,1.50767,0.024568,-0.00391861,-0.00115507,-0.999992,0.138397,0.4,0,0,flat,0,7.99e-09,4.12477e-06,0.999996,8.90082e-08,0,0,1
29.5205,6.93761,0.363867,0,0.0211779,1.50626,0.023859,-0.00726983,-0.0134829,-0.999883,0.138032,0.4,0,0,flat,0,9.90233e-09,5.57356e-06,0.999994,1.09335e-07,0,0,1
29.5405,6.94664,0.360865,0,0.0157952,1.50363,0.0303474,-0.0126525,-0.0284065,-0.999516,0.143525,0.4,0,0,flat,0,5.77411e-09,2.31131e-06,0.999998,6.38883e-08,0,0,1
29.5605,6.9562,0.358579,0,0.00747061,1.50091,0.0336026,-0.0209771,-0.0352545,-0.999158,0.153864,0.4,0,0,flat,0,8.68405e-09,3.32836e-07,1,2.95686e-08,0,0,1
29.5805,6.96577,0.356559,0,2.422e-05,1.4977,0.0380083,-0.0284235,-0.0404926,-0.998775,0.16476,0.4,0,0,flat,0,1.34801e-09,5.8232e-09,1,3.1551e-09,0,0,1
29.6005,6.97396,0.355131,0,-0.00322594,1.49462,0.041806,-0.0316736,-0.0441608,-0.998522,0.176061,0.4,0,0,flat,0,4.82262e-10,1.2583e-09,1,4.75036e-10,0,0,1
29.6205,6.98366,0.353962,0,-0.00326063,1.49118,0.0441492,-0.0317083,-0.0465065,-0.998415,0.19052,0.4,0,0,flat,0,3.31892e-10,2.41262e-09,1,2.30821e-10,0,0,1
29.6405,6.99182,0.353391,0,-0.0020556,1.48886,0.0452483,-0.0305033,-0.0476788,-0.998397,0.200336,0.4,0,0,flat,0,1.65293e-10,6.85571e-09,1,1.82048e-10,0,0,1
29.6605,7.0021,0.353585,0,0.000249492,1.48726,0.044214,-0.0281982,-0.0466914,-0.998511,0.205257,0.4,0,0,flat,0,1.10379e-10,2.31209e-08,1,1.76478e-10,0,0,1
29.6805,7.01089,0.354001,0,0.00323244,1.48675,0.0456902,-0.0252152,-0.0480554,-0.998526,0.20661,0.4,0,0,flat,0,1.09257e-10,8.5042e-08,1,3.97465e-10,0,0,1
29.7005,7.02098,0.354448,0,0.00845678,1.48672,0.0503149,-0.0199909,-0.0520772,-0.998443,0.208964,0.4,0,0,flat,0,1.60455e-10,7.47472e-07,0.999999,2.0639e-09,0,0,1
29.7205,7.03149,0.355247,0,0.0152264,1.48698,0.055759,-0.0132212,-0.0561133,-0.998337,0.210233,0.4,0,0,flat,0,2.40102e-10,2.85803e-06,0.999997,1.01718e-08,0,0,1
29.7405,7.04242,0.356471,0,0.0232582,1.48724,0.060007,-0.00518951,-0.0577887,-0.998315,0.211981,0.4,0,0,flat,0,3.74527e-10,4.18273e-06,0.999996,2.88762e-08,0,0,1
29.7605,7.05387,0.358122,0,0.031688,1.48721,0.0640047,0.0032403,-0.0580787,-0.998307,0.213952,0.4,0,0,flat,0,5.3704e-10,4.06954e-06,0.999996,5.31454e-08,0,0,1
29.7805,7.06684,0.360298,0,0.0422895,1.48627,0.0707642,0.0138418,-0.0591978,-0.99815,0.21474,0.4,0,0,flat,0,5.39468e-10,3.46237e-06,0.999996,6.49729e-08,0,0,1
29.8005,7.07763,0.362186,0,0.0522868,1.48438,0.0774978,0.0238391,-0.0596475,-0.997935,0.214136,0.4,0,0,flat,0,8.22355e-10,8.28467e-06,0.999992,1.11119e-07,0,0,1
29.8205,7.09211,0.364896,0,0.0609178,1.48132,0.0803056,0.0324701,-0.054764,-0.997971,0.208451,0.4,0,0,flat,0,8.96339e-10,2.64916e-05,0.999973,2.1313e-07,0,0,1
29.8405,7.10578,0.366776,0,0.0685875,1.47799,0.0822917,0.0401398,-0.0478994,-0.998045,0.20755,0.4,0,0,flat,0,9.61703e-10,6.83e-05,0.999931,4.55309e-07,0,0,1
29.8605,7.11824,0.367649,0,0.0768542,1.47462,0.0861103,0.0484065,-0.0412424,-0.997976,0.211961,0.4,0,0,flat,0,3.35608e-09,0.000553111,0.999445,2.03418e-06,0,0,1
29.8805,7.13297,0.367279,0,0.0811851,1.47172,0.0925523,0.0527375,-0.0468179,-0.99751,0.212952,0.4,0,0,flat,0,2.52868e-08,0.00685191,0.993129,1.94068e-05,0,0,1
29.9005,7.14999,0.367755,0,0.0798833,1.46914,0.0902167,0.0514356,-0.0443133,-0.997693,0.212232,0.4,0,0,flat,0,1.14682e-07,0.0257273,0.974162,0.000110348,0,0,1
29.9205,7.16405,0.368418,0,0.0771349,1.46754,0.0833444,0.0486872,-0.0339701,-0.998236,0.210847,0.4,0,0,flat,0,5.47675e-07,0.0537084,0.945832,0.000458759,0,0,1
29.9405,7.17916,0.368528,0,0.0784173,1.46586,0.0816972,0.0499697,-0.0253028,-0.99843,0.207798,0.4,0,0,flat,0,1.80716e-06,0.0912181,0.908036,0.000744402,0,0,1
29.9605,7.19583,0.368182,0,0.0826146,1.46393,0.0842878,0.0541669,-0.019036,-0.99835,0.206137,0.4,0,0,flat,0,1.62852e-06,0.0795454,0.919847,0.000605689,0,0,1
29.9805,7.21,0.367973,0,0.0863685,1.46221,0.086826,0.0579208,-0.0110215,-0.99826,0.202665,0.4,0,0,flat,0,9.97442e-07,0.0349975,0.964795,0.000206397,0,0,1
30.0005,7.22471,0.367668,0,0.0887089,1.46032,0.0887527,0.0602612,-0.00327008,-0.998177,0.198301,0.4,0,0,flat,0,6.3393e-07,0.0137221,0.986219,5.83052e-05,0,0,1
30.0205,7.24319,0.366588,0,0.0924356,1.45769,0.0926806,0.0639879,0.00354416,-0.997944,0.191518,0.4,0,0,flat,0,5.09947e-07,0.00883269,0.991138,2.9335e-05,0,0,1
30.0405,7.26231,0.364621,0,0.0979379,1.4543,0.0985439,0.0694902,0.00785094,-0.997552,0.179414,0.4,0,0,flat,0,8.79885e-07,0.0158379,0.98411,5.1227e-05,0,0,1
30.0605,7.28046,0.362159,0,0.102937,1.44982,0.104049,0.0744896,0.0121463,-0.997148,0.165315,0.4,0,0,flat,0,3.90147e-06,0.0484769,0.951351,0.000168418,0,0,1
30.0805,7.29748,0.359204,0,0.105116,1.44375,0.105986,0.0766686,0.0104048,-0.997002,0.153677,0.4,0,0,flat,0,4.31575e-05,0.347955,0.650985,0.00101638,0,0,1
30.1005,7.31712,0.354786,0,0.100407,1.4332,0.101077,0.0719597,-0.0134992,-0.997316,0.145946,0.4,0,0,flat,0,0.000173016,0.829617,0.167474,0.00273555,0,0,1
30.1205,7.34043,0.349458,0,0.0790424,1.41613,0.0968266,0.0505947,-0.0582971,-0.997016,0.150001,0.4,0,0,flat,0,0.000384648,0.55093,0.44318,0.00550525,0,0,1
30.1405,7.36047,0.346581,0,0.0510483,1.39939,0.0901565,0.0226006,-0.0767188,-0.996797,0.161593,0.4,0,0,flat,0,7.78438e-05,0.108704,0.890308,0.000909682,0,0,1
30.1605,7.37973,0.349561,0,0.0277126,1.3854,0.0416231,-0.000735141,-0.0335494,-0.999437,0.149756,0.4,0,0,flat,0,1.59115e-05,0.0356718,0.963327,0.000985713,0,0,1
30.1805,7.39357,0.352139,0,0.0156627,1.37783,0.0201416,-0.0127849,-0.0151599,-0.999803,0.131392,0.4,0,0,flat,0,1.1157e-05,0.00215444,0.997737,9.69108e-05,0,0,1
30.2005,7.40846,0.354238,0,0.0129238,1.37134,0.0209709,-0.0155239,-0.0190092,-0.999699,0.123477,0.4,0,0,flat,0,2.90569e-06,0.00243824,0.997411,0.000148112,0,0,1
30.2205,7.42044,0.357117,0,0.013867,1.36711,0.0216754,-0.0145807,-0.0191554,-0.99971,0.11633,0.4,0,0,flat,0,2.59628e-06,0.0115029,0.987934,0.00056028,0,0,1
30.2405,7.43503,0.362062,0,0.0159429,1.36256,0.0187435,-0.0125048,-0.0123505,-0.999846,0.107604,0.4,0,0,flat,0,2.94147e-05,0.239815,0.748751,0.0114048,0,0,1
30.2605,7.44716,0.367252,0,0.0145288,1.35977,0.0147297,-0.0139189,-7.10646e-05,-0.999903,0.103895,0.4,0,0,flat,0,4.75594e-05,0.845701,0.118669,0.0355818,0,0,1
30.2805,7.46127,0.373048,0,0.00762391,1.35737,0.0128726,-0.0208238,0.00787815,-0.999752,0.104301,0.4,0,0,flat,0,1.89638e-05,0.9598,0.0179991,0.022182,0,0,1
30.3005,7.47504,0.378692,0,0.00165339,1.35538,0.0112411,-0.0267943,0.0086251,-0.999604,0.10342,0.4,0,0,flat,0,4.14061e-06,0.978014,0.00639678,0.0155853,0,0,1
30.3205,7.48951,0.384943,0,-5.86752e-05,1.35343,0.0118403,-0.0285064,0.0093474,-0.99955,0.100988,0.4,0,0,flat,0,1.55029e-06,0.988073,0.0046387,0.00728718,0,0,1
30.3405,7.50106,0.390157,0,0.00180496,1.35181,0.0146201,-0.0266427,0.012013,-0.999573,0.0988632,0.4,0,0,slope_down,0,5.07588e-07,0.996017,0.00154849,0.00243363,0,0.1,0.9
30.3605,7.51374,0.396352,0,0.0064982,1.34956,0.020894,-0.0219495,0.017365,-0.999608,0.0937069,0.4,0,0,slope_down,0,3.47678e-07,0.996849,0.00127448,0.0018762,0,0.2,0.8
30.3806,7.52823,0.403914,0,0.0111677,1.34644,0.0266177,-0.01728,0.0216672,-0.999616,0.0805536,0.4,0,0,slope_down,0,3.40587e-07,0.996236,0.00163768,0.00212579,0,0.3,0.7
30.4006,7.5421,0.411739,0,0.0138153,1.34292,0.030761,-0.0146324,0.024988,-0.999581,0.0619033,0.4,0,0,slope_down,0,3.99993e-07,0.99284,0.00337776,0.00378181,0,0.4,0.6
30.4206,7.55652,0.420632,0,0.015632,1.33852,0.0368714,-0.0128157,0.0308959,-0.99944,0.0404159,0.4,0,0,slope_down,0,4.35234e-07,0.985724,0.0076326,0.00664327,0,0.5,0.5
30.4406,7.56979,0.429612,0,0.0176102,1.33347,0.046683,-0.0108375,0.0407314,-0.999111,0.0198966,0.4,0,0,slope_down,0,1.01748e-06,0.960018,0.0237396,0.0162416,0,0.6,0.4
30.4606,7.58471,0.440573,0,0.0213636,1.32622,0.0633009,-0.00708404,0.0570667,-0.998345,-0.00386087,0.4,0,0,slope_down,0,5.245e-06,0.843144,0.101477,0.0553732,0,0.7,0.3
30.4806,7.60101,0.452732,0,0.0287858,1.31622,0.0812629,0.000338066,0.0734391,-0.9973,-0.0277466,0.4,0,0,slope_down,0,3.07141e-05,0.54399,0.320039,0.135939,0,0.8,0.2
30.5006,7.61502,0.459774,0,0.0383351,1.3099,0.0715439,0.00988737,0.057878,-0.998275,-0.0347699,0.4,0,0,slope_down,0,0.000434165,0.701147,0.0673926,0.231026,0,0.9,0.1
30.5206,7.62746,0.465113,0,0.044271,1.30696,0.0719927,0.0158233,0.0542448,-0.998402,-0.042052,0.4,0,0,slope_down,0,0.000143622,0.974382,0.00209684,0.023378,0,1,0
30.5406,7.64265,0.471792,0,0.0454031,1.3052,0.0792194,0.0169554,0.0623744,-0.997909,-0.0636886,0.4,0,0,slope_down,0,0.000263425,0.992166,0.00102255,0.0065485,0,1,0
30.5606,7.65623,0.477849,0,0.0425194,1.30474,0.0848192,0.0140718,0.0708344,-0.997389,-0.0950741,0.4,0,0,slope_down,0,0.000410707,0.987328,0.000985509,0.0112757,0,1,0
30.5806,7.66789,0.482952,0,0.0403497,1.30501,0.0871992,0.011902,0.0747367,-0.997132,-0.128143,0.4,0,0,slope_down,0,0.000257033,0.968571,0.00057297,0.0305991,0,1,0
30.6006,7.68141,0.488653,0,0.040736,1.30614,0.0863691,0.0122883,0.0735955,-0.997212,-0.153397,0.4,0,0,slope_down,0,0.000151416,0.948537,0.000187721,0.051124,0,1,0
30.6206,7.69339,0.493692,0,0.0435117,1.30738,0.0814243,0.015064,0.066275,-0.997688,-0.179271,0.4,0,0,slope_down,0,0.000154032,0.950188,6.63373e-05,0.0495918,0,1,0
30.6406,7.70435,0.498664,0,0.0458955,1.30802,0.0759534,0.0174478,0.0579842,-0.998165,-0.199385,0.4,0,0,slope_down,0,0.000231714,0.970632,5.11328e-05,0.0290854,0,1,0
30.6606,7.71823,0.505271,0,0.0471327,1.3077,0.0707448,0.018685,0.0502319,-0.998563,-0.221169,0.4,0,0,slope_down,0,0.000501545,0.976582,4.57672e-05,0.0228705,0,1,0
30.6806,7.73025,0.510972,0,0.0447678,1.30607,0.0647597,0.0163201,0.0442781,-0.998886,-0.239815,0.4,0,0,slope_down,0,0.000749956,0.971478,2.19355e-05,0.0277505,0,1,0
30.7006,7.74436,0.51764,0,0.0383142,1.30223,0.0559224,0.00986647,0.0382265,-0.99922,-0.263139,0.4,0,0,slope_down,0,0.000382864,0.983096,2.96054e-06,0.0165178,0,1,0
30.7206,7.7596,0.524534,0,0.0273452,1.29598,0.0472934,-0.00110247,0.036083,-0.999348,-0.282874,0.4,0,0,slope_down,0,0.000100372,0.99118,4.5503e-07,0.00871973,0,1,0
30.7406,7.7774,0.53227,0,0.0121521,1.28637,0.0431548,-0.0162955,0.0389069,-0.99911,-0.297107,0.4,0,0,slope_down,0,3.19684e-05,0.994025,1.83543e-07,0.00594321,0,1,0
30.7606,7.79341,0.54106,0,0.000973415,1.27833,0.0645549,-0.0274743,0.0620127,-0.997697,-0.315963,0.4,0,0,slope_down,0,6.89262e-06,0.998808,8.41452e-08,0.00118464,0,1,0
30.7806,7.80715,0.548383,0,-0.00393607,1.27304,0.0723028,-0.0323838,0.0696396,-0.997046,-0.347523,0.4,0,0,slope_down,0,1.63676e-05,0.987787,3.16963e-06,0.0121938,0,1,0
30.8006,7.81887,0.552803,0,-0.00949233,1.26998,0.0544988,-0.03794,0.0511387,-0.997971,-0.376514,0.4,0,0,slope_down,0,1.54851e-05,0.980147,3.39948e-06,0.0198342,0,1,0
30.8206,7.83332,0.557267,0,-0.0248061,1.26751,0.0379502,-0.0532538,0.0261901,-0.998237,-0.403092,0.4,0,0,slope_down,0,3.50725e-06,0.998969,3.16631e-07,0.00102727,0,1,0
30.8406,7.84845,0.563426,0,-0.041767,1.26473,0.0448526,-0.0702147,0.0137022,-0.997438,-0.423985,0.4,0,0,slope_down,0,3.90221e-06,0.999341,3.86206e-07,0.00065481,0,1,0
30.8606,7.86506,0.572251,0,-0.056572,1.26032,0.0578833,-0.0850197,0.00927756,-0.996336,-0.441688,0.4,0,0,slope_down,0,3.1904e-06,0.997961,1.01518e-07,0.00203587,0,1,0
30.8806,7.87855,0.58049,0,-0.0652917,1.25552,0.0660004,-0.0937394,0.0061818,-0.995578,-0.450849,0.4,0,0,slope_down,0,1.55534e-06,0.996409,1.68724e-08,0.00358994,0,1,0
30.9006,7.89495,0.591716,0,-0.0723912,1.24815,0.0728388,-0.100839,0.00388026,-0.994895,-0.46095,0.4,0,0,slope_down,0,4.92249e-07,0.996779,5.55278e-09,0.00322091,0,1,0
30.9206,7.91029,0.602989,0,-0.0794005,1.2406,0.0820594,-0.107848,0.0173653,-0.994016,-0.464513,0.4,0,0,slope_down,0,6.05463e-07,0.997119,9.45967e-09,0.00288048,0,1,0
30.9406,7.92587,0.61403,0,-0.088333,1.23139,0.0954987,-0.116781,0.0330228,-0.992609,-0.466739,0.4,0,0,slope_down,0,3.33565e-06,0.995663,3.03644e-08,0.00433321,0,1,0
30.9606,7.94107,0.625336,0,-0.097476,1.21985,0.112883,-0.125924,0.0535974,-0.990591,-0.475271,0.4,0,0,slope_down,0,2.55104e-05,0.981845,1.66891e-07,0.0181292,0,1,0
30.9806,7.95603,0.636572,0,-0.104892,1.20611,0.130882,-0.133339,0.0747992,-0.988244,-0.484145,0.4,0,0,slope_down,0,0.00027229,0.894512,1.80226e-06,0.105214,0,1,0
31.0006,7.96927,0.646534,0,-0.110102,1.19164,0.151095,-0.13855,0.0997785,-0.985316,-0.4907,0.4,0,0,slope_down,0,0.00139565,0.767483,2.24885e-05,0.231099,0,1,0
31.0206,7.98289,0.656832,0,-0.112639,1.17343,0.163974,-0.141087,0.115288,-0.983261,-0.499278,0.4,0,0,slope_down,0,0.00993999,0.461604,0.000341596,0.528114,0,1,0
31.0406,7.99091,0.66185,0,-0.119917,1.16434,0.153784,-0.148365,0.0923638,-0.98461,-0.499472,0.4,0,0,slope_down,0,0.262109,0.132424,0.000598253,0.604868,0,1,0
31.0606,8.00107,0.666479,0,-0.142694,1.15992,0.168057,-0.171142,0.0840674,-0.981653,-0.506452,0.4,0,0,slope_down,0,0.0597987,0.809448,5.99885e-05,0.130693,0,1,0
31.0806,8.00844,0.670919,0,-0.153945,1.15953,0.18122,-0.182393,0.0904045,-0.979061,-0.508402,0.4,0,0,slope_down,0,0.107955,0.853195,0.000810867,0.0380392,0,1,0
31.1006,8.01547,0.67754,0,-0.149496,1.16074,0.180755,-0.177944,0.0966105,-0.979287,-0.507659,0.4,0,0,slope_down,0,0.0492659,0.94135,0.000647246,0.00873654,0,1,0
31.1206,8.02141,0.683404,0,-0.139041,1.16279,0.173178,-0.167488,0.0986725,-0.980924,-0.504209,0.4,0,0,slope_down,0,0.00394313,0.982261,0.000742362,0.0130533,0,1,0
31.1406,8.0272,0.688361,0,-0.130224,1.16481,0.167665,-0.158671,0.101342,-0.982117,-0.498976,0.4,0,0,slope_down,0,0.000231284,0.994785,0.000130744,0.00485264,0,1,0
31.1606,8.03496,0.694305,0,-0.1221,1.16696,0.163977,-0.150548,0.105409,-0.982967,-0.490668,0.4,0,0,slope_down,0,3.90099e-05,0.997618,2.81313e-05,0.00231439,0,1,0
31.1806,8.04181,0.699282,0,-0.118262,1.16831,0.163321,-0.14671,0.108678,-0.983191,-0.4828,0.4,0,0,slope_down,0,7.22801e-06,0.998583,7.09901e-06,0.00140267,0,1,0
31.2006,8.05056,0.705638,0,-0.117237,1.16963,0.164406,-0.145685,0.111304,-0.98305,-0.47512,0.4,0,0,slope_down,0,2.03661e-06,0.998983,2.36975e-06,0.00101264,0,1,0
31.2206,8.0578,0.711083,0,-0.118134,1.17049,0.165828,-0.146582,0.112387,-0.982793,-0.468319,0.4,0,0,slope_down,0,1.21774e-06,0.998931,8.82292e-07,0.00106719,0,1,0
31.2406,8.0659,0.71731,0,-0.120212,1.17136,0.167217,-0.14866,0.112192,-0.982504,-0.461331,0.4,0,0,slope_down,0,1.50487e-06,0.99817,7.59737e-07,0.00182725,0,1,0
31.2606,8.07399,0.72363,0,-0.122683,1.17218,0.167868,-0.15113,0.110484,-0.98232,-0.454079,0.4,0,0,slope_down,0,1.77e-06,0.997048,7.53908e-07,0.00294928,0,1,0
31.2806,8.08197,0.729977,0,-0.124486,1.17293,0.166774,-0.152934,0.106859,-0.982442,-0.446553,0.4,0,0,slope_down,0,1.30734e-06,0.996824,5.11771e-07,0.00317378,0,1,0
31.3006,8.09084,0.736769,0,-0.126597,1.17381,0.163616,-0.155044,0.099507,-0.982883,-0.438842,0.4,0,0,slope_down,0,8.17024e-07,0.997436,3.48312e-07,0.00256251,0,1,0
31.3206,8.09905,0.742762,0,-0.12801,1.17464,0.159059,-0.156458,0.0902556,-0.983552,-0.431522,0.4,0,0,slope_down,0,5.51633e-07,0.997433,4.2301e-07,0.00256581,0,1,0
31.3406,8.10656,0.748113,0,-0.128251,1.17533,0.15406,-0.156699,0.0812027,-0.984303,-0.42408,0.4,0,0,slope_down,0,2.54998e-07,0.998243,3.84994e-07,0.00175594,0,1,0
31.3606,8.11494,0.754235,0,-0.126503,1.17575,0.147596,-0.154951,0.0719194,-0.985301,-0.415648,0.4,0,0,slope_down,0,7.92978e-08,0.999314,3.26918e-07,0.000685986,0,1,0
31.3806,8.12319,0.761616,0,-0.117193,1.17453,0.133755,-0.14564,0.0606164,-0.987479,-0.408011,0.4,0,0,slope_down,0,3.47888e-08,0.999772,1.57804e-07,0.000227879,0,1,0
31.4006,8.12873,0.76867,0,-0.102168,1.1714,0.115548,-0.130616,0.0505041,-0.990146,-0.407834,0.4,0,0,slope_down,0,4.07762e-08,0.999927,5.41152e-08,7.33446e-05,0,1,0
31.4206,8.13619,0.777424,0,-0.0885855,1.16775,0.107593,-0.117033,0.0579295,-0.991437,-0.411838,0.4,0,0,slope_down,0,2.22969e-07,0.999568,1.62409e-07,0.000431171,0,1,0
31.4406,8.14434,0.782124,0,-0.0883579,1.16533,0.107742,-0.116806,0.0585234,-0.991429,-0.408399,0.4,0,0,slope_down,0,6.49778e-08,0.99989,4.53377e-07,0.000109463,0,1,0
31.4606,8.15217,0.785741,0,-0.0876141,1.16349,0.100984,-0.116062,0.0470744,-0.992126,-0.407079,0.4,0,0,slope_down,0,8.02664e-08,0.998929,2.2341e-07,0.00107024,0,1,0
31.4806,8.16058,0.790112,0,-0.0861952,1.16212,0.0950099,-0.114643,0.0367893,-0.992725,-0.4038,0.4,0,0,slope_down,0,4.0847e-08,0.99902,3.16667e-08,0.000979617,0,1,0
31.5006,8.16954,0.795927,0,-0.0822912,1.16038,0.0902048,-0.110739,0.0338316,-0.993274,-0.395733,0.4,0,0,slope_down,0,3.34902e-08,0.998352,6.79429e-08,0.00164761,0,1,0
31.5206,8.17869,0.802991,0,-0.0749393,1.15755,0.0842913,-0.103387,0.0356315,-0.994003,-0.382857,0.4,0,0,slope_down,0,3.75002e-08,0.999307,3.75907e-07,0.000692564,0,1,0
31.5406,8.18726,0.810356,0,-0.0673862,1.15378,0.0785379,-0.0958339,0.0375048,-0.994691,-0.370701,0.4,0,0,slope_down,0,5.0076e-08,0.999582,2.18422e-07,0.000417513,0,1,0
31.5606,8.19838,0.8205,0,-0.0597056,1.14733,0.0732048,-0.0881533,0.0396182,-0.995319,-0.357312,0.4,0,0,slope_down,0,5.43419e-08,0.999793,9.15836e-08,0.000207087,0,1,0
31.5806,8.20766,0.829708,0,-0.0524025,1.14029,0.0720482,-0.0808502,0.0467686,-0.995628,-0.343917,0.4,0,0,slope_down,0,5.02341e-08,0.999931,9.6711e-08,6.83889e-05,0,1,0
31.6006,8.21897,0.841822,0,-0.0438291,1.12923,0.076898,-0.0722768,0.0605357,-0.995546,-0.328534,0.4,0,0,slope_down,0,4.66453e-08,0.999966,3.53633e-07,3.33374e-05,0,1,0
31.6206,8.22914,0.853232,0,-0.033813,1.11639,0.0882746,-0.0622607,0.0788821,-0.994938,-0.312154,0.4,0,0,slope_down,0,4.67983e-08,0.999974,1.31422e-06,2.51265e-05,0,1,0
31.6406,8.23938,0.864605,0,-0.0233389,1.10048,0.106726,-0.0517866,0.101418,-0.993495,-0.294276,0.4,0,0,slope_down,0,1.10233e-07,0.99994,6.15106e-06,5.38827e-05,0,1,0
31.6606,8.24938,0.875791,0,-0.0111337,1.08115,0.131896,-0.0395814,0.128546,-0.990913,-0.276867,0.4,0,0,slope_down,0,1.04587e-06,0.999473,9.23517e-05,0.000433402,0,1,0
31.6806,8.25837,0.885242,0,0.000310015,1.06084,0.160217,-0.0281377,0.157068,-0.987187,-0.257857,0.4,0,0,slope_down,0,1.24943e-05,0.995998,0.00105729,0.0029321,0,1,0
31.7006,8.26807,0.894983,0,0.0151465,1.03515,0.194609,-0.0133012,0.19038,-0.98162,-0.234795,0.4,0,0,slope_down,0,5.52874e-05,0.988449,0.00464097,0.00685472,0,1,0
31.7206,8.27772,0.903956,0,0.0316011,1.00621,0.234548,0.00315343,0.227918,-0.973675,-0.209015,0.4,0,0,slope_down,0,0.000136388,0.978847,0.0134571,0.00755987,0,1,0
31.7406,8.28849,0.912706,0,0.0503713,0.970555,0.284764,0.0219237,0.274181,-0.961428,-0.183165,0.4,0,0,slope_down,0,0.000153751,0.990328,0.00450477,0.00501301,0,1,0
31.7606,8.29804,0.919351,0,0.0677033,0.93456,0.327633,0.0392556,0.312547,-0.949091,-0.173101,0.4,0,0,slope_down,0,9.56229e-05,0.9955,0.000386502,0.00401765,0,1,0
31.7806,8.30613,0.924857,0,0.086485,0.899261,0.365582,0.0580373,0.344991,-0.93681,-0.172837,0.4,0,0,slope_down,0,0.00014078,0.992008,0.000166328,0.00768537,0,1,0
31.8006,8.31482,0.931194,0,0.106589,0.857065,0.400869,0.0781408,0.373693,-0.924255,-0.164968,0.4,0,0,slope_down,0,0.000222373,0.980947,0.000313224,0.0185171,0,1,0
31.8206,8.32346,0.936669,0,0.137835,0.81011,0.436242,0.109387,0.398041,-0.910823,-0.151399,0.4,0,0,slope_down,0,0.000240142,0.944937,0.000506124,0.0543166,0,1,0
31.8406,8.33403,0.936211,0,0.158772,0.778551,0.42614,0.130325,0.380388,-0.915598,-0.12967,0.4,0,0,slope_down,0,0.00012988,0.999173,2.65579e-06,0.000694347,0,1,0
31.8606,8.35,0.938888,0,0.160132,0.753833,0.432982,0.131685,0.38659,-0.912802,-0.0895608,0.4,0,0,slope_down,0,8.59267e-05,0.995669,2.07509e-07,0.00424511,0,1,0
31.8806,8.36613,0.944713,0,0.197999,0.732893,0.471434,0.169551,0.407944,-0.897125,-0.0185909,0.4,0,0,slope_down,0,0.000500621,0.993879,1.24813e-05,0.00560777,0,1,0
31.9006,8.37999,0.95087,0,0.256316,0.720015,0.490549,0.227868,0.39515,-0.889906,0.000305749,0.4,0,0,slope_down,0,0.000459951,0.999098,5.9752e-08,0.000442134,0,1,0
31.9206,8.39238,0.956381,0,0.31117,0.714576,0.507922,0.282722,0.374449,-0.883095,0.00163509,0.4,0,0,slope_down,0,0.00117616,0.998294,2.1302e-07,0.000529956,0,1,0
31.9406,8.40936,0.965517,0,0.356854,0.710039,0.529679,0.328407,0.359214,-0.873564,-0.0103999,0.4,0,0,slope_down,0,7.8332e-05,0.999876,2.66851e-06,4.2657e-05,0,1,0
31.9606,8.42868,0.978557,0,0.37547,0.705162,0.547839,0.347022,0.362942,-0.864782,-0.0444085,0.4,0,0,slope_down,0,0.000164815,0.999827,3.99574e-07,7.73021e-06,0,1,0
31.9806,8.44848,0.995747,0,0.387968,0.701436,0.577084,0.35952,0.385921,-0.849594,-0.109234,0.4,0,0,slope_down,0,0.00369836,0.995032,5.74312e-07,0.0012692,0,1,0
32.0006,8.46485,1.01209,0,0.398794,0.700606,0.598647,0.370347,0.400798,-0.837976,-0.17662,0.4,0,0,slope_down,0,0.00127664,0.998459,3.35647e-07,0.000264283,0,1,0
32.0206,8.48694,1.03647,0,0.396408,0.695274,0.612337,0.36796,0.418857,-0.830159,-0.246377,0.4,0,0,slope_down,0,0.00038629,0.999499,8.38545e-06,0.000106538,0,1,0
32.0406,8.51162,1.06796,0,0.399591,0.680276,0.641481,0.371143,0.448249,-0.813219,-0.306087,0.4,0,0,slope_down,0,0.00401922,0.834733,0.00876154,0.152486,0,1,0
32.0606,8.53123,1.09388,0,0.398479,0.659964,0.735144,0.370032,0.542841,-0.753923,-0.390232,0.4,0,0,slope_down,0,0.01044,0.333629,0.0905426,0.565389,0,1,0
32.0806,8.55034,1.1142,0,0.411332,0.638049,0.862296,0.382884,0.642819,-0.663463,-0.480844,0.4,0,0,slope_down,0,0.157502,0.29589,0.129841,0.416768,0,1,0
32.1006,8.57362,1.13968,0,0.460151,0.618286,0.986335,0.431703,0.702325,-0.566015,-0.528855,0.4,0,0,slope_down,0,0.58462,0.291777,0.00104294,0.122559,0,1,0
32.1206,8.59692,1.16674,0,0.504701,0.602376,1.10748,0.476253,0.747835,-0.462522,-0.605693,0.4,0,0,slope_down,0,0.0454218,0.770037,0.0393171,0.145224,0,1,0
32.1406,8.59692,1.16674,0,0.504701,0.602376,1.10748,0.476253,0.747835,-0.462522,-0.605693,0.4,0,0,slope_down,0,0.0454218,0.770037,0.0393171,0.145224,0,1,0
