t,drift_x,drift_y,lean,dpitch,base_z,tilt_rad,gx,gy,gz,yaw_delta,cmd_vx,cmd_vy,cmd_yaw,meta_selected,meta_safety_hold,prob_slope_up,prob_slope_down,prob_flat,prob_NEUTRAL,weight_slope_up,weight_slope_down,weight_flat
0.0199988,0,0,0,0,0.7336,0,-0.0284966,-0.00246111,-0.999591,0,0.4,0,0,flat,0,8.61302e-15,1.75745e-14,1,1.36706e-09,0,0,1
0.0399988,-1.39512e-06,-1.86815e-06,0,1.80397e-05,0.733602,0,-0.0284786,-0.00246289,-0.999591,-2.13459e-05,0.4,0,0,flat,0,1.10168e-14,2.05547e-14,1,1.03226e-09,0,0,1
0.0599988,-7.87899e-07,-2.80623e-06,0,3.49153e-05,0.733603,0,-0.0284617,-0.002465,-0.999592,-4.28781e-05,0.4,0,0,flat,0,1.34206e-14,2.1609e-14,1,6.98585e-10,0,0,1
0.0799987,6.98119e-06,-3.1072e-06,0,5.39962e-05,0.733602,0,-0.0284426,-0.00246807,-0.999592,-6.3898e-05,0.4,0,0,flat,0,1.57672e-14,2.12977e-14,1,4.40971e-10,0,0,1
0.0999987,3.23392e-05,-3.17825e-06,0,8.32118e-05,0.7336,0,-0.0284134,-0.00247275,-0.999593,-8.51769e-05,0.4,0,0,flat,0,1.80666e-14,2.05033e-14,1,2.65698e-10,0,0,1
0.119999,7.765e-05,-3.07956e-06,0,0.000126731,0.733595,0,-0.0283699,-0.0024785,-0.999594,-0.000102781,0.4,0,0,flat,0,2.02738e-14,1.97637e-14,1,1.54235e-10,0,0,1
0.139999,0.000141656,-2.88298e-06,0,0.000191839,0.733589,0,-0.0283048,-0.00248487,-0.999596,-0.000117676,0.4,0,0,flat,0,2.22811e-14,1.9409e-14,1,8.68612e-11,0,0,1
0.159999,0.000244321,-2.5075e-06,0,0.000302901,0.73358,0,-0.0281937,-0.00249356,-0.999599,-0.000133405,0.4,0,0,flat,0,2.40259e-14,1.99472e-14,1,4.86143e-11,0,0,1
0.179999,0.000402454,-1.46609e-06,0,0.000464639,0.733569,0.000488281,-0.028032,-0.0025039,-0.999604,-0.000148587,0.4,0,0,flat,0,2.55066e-14,2.19105e-14,1,2.7584e-11,0,0,1
0.199999,0.000570863,2.61396e-07,0,0.000686489,0.733558,0.00059802,-0.0278101,-0.00251567,-0.99961,-0.000163652,0.4,0,0,flat,0,2.67789e-14,2.61018e-14,1,1.60979e-11,0,0,1
0.219999,0.000803629,3.33138e-06,0,0.000974173,0.733545,0.000913491,-0.0275225,-0.00252901,-0.999618,-0.000179015,0.4,0,0,flat,0,2.79332e-14,3.33854e-14,1,9.71625e-12,0,0,1
0.239999,0.000868291,5.40452e-05,0,0.00228013,0.733516,0.00229024,-0.0262165,-0.00223509,-0.999654,0.000897923,0.4,0,0,flat,0,2.23894e-14,3.42084e-14,1,4.67467e-12,0,0,1
0.259999,0.000298448,0.000966072,0,0.00645814,0.733339,0.00722592,-0.0220385,0.000784611,-0.999757,0.0038338,0.4,0,0,flat,0,3.5176e-13,1.37377e-12,1,6.1803e-12,0,0,1
0.279999,0.000168798,0.00228519,0,0.00804005,0.733286,0.00938596,-0.0204566,0.00236554,-0.999788,0.00414015,0.4,0,0,flat,0,2.83986e-13,1.62966e-12,1,1.4322e-11,0,0,1
0.299999,0.000157606,0.0035001,0,0.00865359,0.733337,0.0100662,-0.019843,0.00267803,-0.9998,0.00448783,0.4,0,0,flat,0,9.04293e-14,2.6241e-12,1,1.49358e-11,0,0,1
0.319999,2.43913e-05,0.00482945,0,0.00944761,0.733445,0.0108031,-0.019049,0.00277696,-0.999815,0.00601275,0.4,0,0,flat,0,1.09054e-13,2.43541e-11,1,2.10602e-11,0,0,1
0.339998,-0.000213133,0.0062817,0,0.0106214,0.733499,0.012285,-0.0178752,0.0037082,-0.999833,0.00803627,0.4,0,0,flat,0,3.02067e-13,4.38459e-10,1,5.42173e-11,0,0,1
0.359998,-0.000594381,0.00822015,0,0.0126213,0.733316,0.015629,-0.0158754,0.00675702,-0.999851,0.00963331,0.4,0,0,flat,0,9.04423e-13,6.92376e-09,1,1.61394e-10,0,0,1
0.379998,-0.000978585,0.0101151,0,0.0148411,0.732877,0.0199363,-0.0136555,0.0108503,-0.999848,0.0117922,0.4,0,0,flat,0,1.85378e-12,5.26008e-08,1,3.18445e-10,0,0,1
0.399998,-0.00116091,0.0118763,0,0.0158434,0.732954,0.0182505,-0.0126532,0.0065913,-0.999898,0.014766,0.4,0,0,flat,0,3.06133e-12,3.84508e-07,1,2.92421e-10,0,0,1
0.419998,-0.000814674,0.0136769,0,0.0143259,0.733428,0.0147419,-0.0141707,0.00102452,-0.999899,0.0148323,0.4,0,0,flat,0,4.14231e-12,6.20965e-07,0.999999,2.55134e-10,0,0,1
0.439998,-0.000407554,0.0158404,0,0.0130792,0.733958,0.0135713,-0.0154174,0.00115727,-0.99988,0.0155628,0.4,0,0,flat,0,4.95348e-12,2.09347e-07,1,2.14778e-10,0,0,1
0.459998,6.98417e-05,0.0183411,0,0.0118731,0.734519,0.0148346,-0.0166235,0.0064284,-0.999841,0.015928,0.4,0,0,flat,0,4.0719e-11,2.61347e-07,1,4.19437e-10,0,0,1
0.479998,0.000719819,0.0207721,0,0.0097709,0.73502,0.0180831,-0.0187257,0.0127547,-0.999743,0.0169405,0.4,0,0,flat,0,1.24507e-10,2.65729e-07,1,7.20653e-10,0,0,1
0.499998,0.00175305,0.0230445,0,0.00679361,0.735384,0.0201859,-0.021703,0.0165509,-0.999627,0.0183166,0.4,0,0,flat,0,1.28811e-10,2.79773e-07,1,9.61174e-10,0,0,1
0.519998,0.0027937,0.0245148,0,0.00385104,0.735597,0.0218234,-0.0246456,0.0190204,-0.999515,0.0188719,0.4,0,0,flat,0,1.52451e-10,5.08919e-07,1,1.49724e-09,0,0,1
0.539998,0.00407738,0.0257066,0,0.00107268,0.73583,0.0240481,-0.0274239,0.0215634,-0.999391,0.0183533,0.4,0,0,flat,0,3.06918e-10,1.33795e-06,0.999999,2.69062e-09,0,0,1
0.559998,0.00556846,0.026317,0,-0.00116621,0.736039,0.0261751,-0.0296628,0.023686,-0.999279,0.0179249,0.4,0,0,flat,0,5.88196e-10,3.15668e-06,0.999997,4.32847e-09,0,0,1
0.579998,0.00733328,0.026309,0,-0.00225227,0.736158,0.0267963,-0.0307489,0.0242358,-0.999233,0.0179297,0.4,0,0,flat,0,8.8348e-10,5.72846e-06,0.999994,4.71025e-09,0,0,1
0.599998,0.00962972,0.0256515,0,-0.00247393,0.736162,0.0262342,-0.0309706,0.0236519,-0.99924,0.0182214,0.4,0,0,flat,0,9.21671e-10,5.63243e-06,0.999994,3.4299e-09,0,0,1
0.619998,0.0117932,0.0246427,0,-0.00161362,0.736036,0.0248335,-0.0301102,0.0223187,-0.999297,0.018216,0.4,0,0,flat,0,6.37984e-10,2.82425e-06,0.999997,1.98721e-09,0,0,1
0.639998,0.0145673,0.0230333,0,0.000445135,0.735778,0.0225911,-0.0280515,0.0201248,-0.999404,0.0170146,0.4,0,0,flat,0,3.79914e-10,1.12363e-06,0.999999,1.33367e-09,0,0,1
0.659998,0.01785,0.0208053,0,0.00334324,0.735349,0.0197168,-0.0251534,0.0169694,-0.99954,0.0148632,0.4,0,0,flat,0,2.16603e-10,5.59234e-07,0.999999,1.2413e-09,0,0,1
0.679998,0.0217948,0.0178602,0,0.00619177,0.734621,0.0161319,-0.0223049,0.0124324,-0.999674,0.013411,0.4,0,0,flat,0,1.30624e-10,4.83486e-07,1,1.59215e-09,0,0,1
0.699998,0.0266333,0.0139151,0,0.00971727,0.733288,0.0120597,-0.0187794,0.00467799,-0.999813,0.0120354,0.4,0,0,flat,0,1.51092e-10,1.22178e-06,0.999999,4.20288e-09,0,0,1
0.719998,0.0315526,0.0107501,0,0.0112882,0.732469,0.0136545,-0.0172085,0.00522408,-0.999838,0.0147605,0.4,0,0,flat,0,1.03935e-09,8.29924e-06,0.999992,4.41056e-08,0,0,1
0.739998,0.0366375,0.00782883,0,0.0122677,0.731883,0.0177806,-0.0162289,0.0104042,-0.999814,0.0189031,0.4,0,0,flat,0,3.25885e-09,3.74418e-05,0.999962,1.10895e-07,0,0,1
0.759998,0.0409537,0.00510879,0,0.0136418,0.731606,0.0187753,-0.0148548,0.0104378,-0.999835,0.0193184,0.4,0,0,flat,0,4.44426e-09,4.23601e-05,0.999958,7.07171e-08,0,0,1
0.779998,0.0465947,0.00224233,0,0.012819,0.731694,0.0148064,-0.0156776,0.00494944,-0.999865,0.0165746,0.4,0,0,flat,0,1.64163e-09,3.14566e-06,0.999997,1.4028e-08,0,0,1
0.799998,0.0515443,0.00036263,0,0.0100629,0.732007,0.0100899,-0.0184337,-0.003148,-0.999825,0.0137888,0.4,0,0,flat,0,1.18343e-09,7.06445e-07,0.999999,6.52427e-09,0,0,1
0.819998,0.0572807,-0.00146284,0,0.00954959,0.732384,0.0119505,-0.018947,-0.00965246,-0.999774,0.0140334,0.4,0,0,flat,0,1.47452e-09,5.21499e-07,1,5.21371e-09,0,0,1
0.839998,0.0622675,-0.00270571,0,0.0119669,0.732678,0.016301,-0.0165297,-0.0135342,-0.999772,0.0143542,0.4,0,0,flat,0,1.87259e-09,3.08925e-07,1,3.99499e-09,0,0,1
0.859998,0.0673745,-0.00357235,0,0.0148415,0.732967,0.0205169,-0.0136552,-0.0166268,-0.999768,0.0141805,0.4,0,0,flat,0,2.265e-09,2.62461e-07,1,4.23574e-09,0,0,1
0.879998,0.0721344,-0.00404308,0,0.0178387,0.733211,0.0249866,-0.0106579,-0.0199549,-0.999744,0.0138224,0.4,0,0,flat,0,2.37366e-09,2.4226e-07,1,6.11197e-09,0,0,1
0.899998,0.0775563,-0.00415681,0,0.0203658,0.733438,0.0289932,-0.00813084,-0.0230955,-0.9997,0.0132955,0.4,0,0,flat,0,2.59937e-09,2.82508e-07,1,1.06356e-08,0,0,1
0.919998,0.0830432,-0.00378829,0,0.0227078,0.733592,0.0324749,-0.00578879,-0.0256759,-0.999654,0.0124948,0.4,0,0,flat,0,3.50009e-09,4.39769e-07,1,2.05295e-08,0,0,1
0.939998,0.0885431,-0.00289677,0,0.0252831,0.733643,0.0352343,-0.00321348,-0.0269992,-0.99963,0.0117097,0.4,0,0,flat,0,5.78756e-09,7.86972e-07,0.999999,4.72734e-08,0,0,1
0.959998,0.0944965,-0.00126502,0,0.0290541,0.733562,0.0371324,0.000557468,-0.0255819,-0.999673,0.0111558,0.4,0,0,flat,0,1.30091e-08,2.13607e-06,0.999998,1.38313e-07,0,0,1
0.979998,0.0992264,0.000477786,0,0.0329304,0.73339,0.0381445,0.00443376,-0.0217056,-0.999755,0.0107318,0.4,0,0,flat,0,3.27344e-08,8.20383e-06,0.999991,4.10513e-07,0,0,1
0.999998,0.104441,0.00281067,0,0.036719,0.733022,0.0384357,0.00822241,-0.0138104,-0.999871,0.01043,0.4,0,0,flat,0,6.83119e-08,3.08719e-05,0.999968,9.79772e-07,0,0,1
1.02,0.109832,0.00533955,0,0.038121,0.73244,0.0382023,0.00962438,-0.00488253,-0.999942,0.0105464,0.4,0,0,flat,0,8.1755e-08,2.62183e-05,0.999972,1.18516e-06,0,0,1
1.04,0.115783,0.00727898,0,0.0350872,0.732513,0.0351309,0.00659061,-0.00411926,-0.99997,0.0114275,0.4,0,0,flat,0,3.41779e-08,5.97071e-06,0.999994,4.33374e-07,0,0,1
1.06,0.121701,0.00923989,0,0.0326965,0.733112,0.0327163,0.00419986,-0.00142402,-0.99999,0.0167521,0.4,0,0,flat,0,1.6446e-08,2.74398e-07,1,1.97518e-07,0,0,1
1.08,0.126685,0.0112823,0,0.0322582,0.733727,0.0330913,0.00376153,0.00489898,-0.999981,0.0202802,0.4,0,0,flat,0,3.44307e-08,1.28109e-07,1,1.70727e-07,0,0,1
1.1,0.133844,0.0142322,0,0.0303909,0.734541,0.0355962,0.00189426,0.0160665,-0.999869,0.0241245,0.4,0,0,flat,0,1.07251e-07,1.035e-07,1,2.7189e-07,0,0,1
1.12,0.139483,0.0162441,0,0.0284587,0.735003,0.0382242,-3.7882e-05,0.0230531,-0.999734,0.026949,0.4,0,0,flat,0,1.51427e-07,1.33031e-07,0.999999,4.36228e-07,0,0,1
1.14,0.146451,0.018402,0,0.0262606,0.735406,0.0406344,-0.00223601,0.0285438,-0.99959,0.0282252,0.4,0,0,flat,0,1.84949e-07,5.79531e-07,0.999999,6.67139e-07,0,0,1
1.16,0.152873,0.0201464,0,0.0243792,0.735649,0.0433712,-0.00411747,0.033406,-0.999433,0.0293529,0.4,0,0,flat,0,1.93483e-07,1.49253e-06,0.999998,7.69822e-07,0,0,1
1.18,0.159385,0.0216213,0,0.0228734,0.735764,0.0470127,-0.00562323,0.0386051,-0.999239,0.0309621,0.4,0,0,flat,0,1.53674e-07,1.91693e-06,0.999997,5.99813e-07,0,0,1
1.2,0.165971,0.0226774,0,0.0223346,0.735676,0.0511039,-0.00616201,0.0434943,-0.999035,0.0334563,0.4,0,0,flat,0,9.69872e-08,1.38724e-06,0.999998,3.61419e-07,0,0,1
1.22,0.17199,0.0231844,0,0.0228113,0.735383,0.0544309,-0.00568533,0.0469474,-0.998881,0.0363753,0.4,0,0,flat,0,5.51806e-08,7.0092e-07,0.999999,1.98372e-07,0,0,1
1.24,0.178688,0.0231808,0,0.0248169,0.734813,0.0567082,-0.00367977,0.0485147,-0.998816,0.0393392,0.4,0,0,flat,0,3.31148e-08,3.3982e-07,1,1.14105e-07,0,0,1
1.26,0.186014,0.0223844,0,0.0284972,0.734013,0.0561767,5.59725e-07,0.0459385,-0.998944,0.0422316,0.4,0,0,flat,0,2.01399e-08,2.5873e-07,1,8.77798e-08,0,0,1
1.28,0.192114,0.0211469,0,0.031173,0.733337,0.0532043,0.00267638,0.0406443,-0.99917,0.0439353,0.4,0,0,flat,0,1.38341e-08,3.32959e-07,1,1.00856e-07,0,0,1
1.3,0.19908,0.0192892,0,0.0327321,0.732499,0.0481282,0.00423544,0.0328168,-0.999452,0.045026,0.4,0,0,flat,0,2.22384e-08,1.2935e-06,0.999998,2.30155e-07,0,0,1
1.32,0.20692,0.0168533,0,0.0324612,0.731458,0.0406989,0.00396462,0.0220852,-0.999748,0.0491773,0.4,0,0,flat,0,4.77212e-08,7.08684e-06,0.999992,8.18248e-07,0,0,1
1.34,0.213538,0.0156302,0,0.0295515,0.731395,0.0373517,0.00105484,0.0203777,-0.999792,0.0556598,0.4,0,0,flat,0,7.61892e-08,1.59675e-05,0.999982,1.54963e-06,0,0,1
1.36,0.221068,0.0144801,0,0.0271937,0.732208,0.034668,-0.00130296,0.0190383,-0.999818,0.0500344,0.4,0,0,flat,0,1.93642e-08,3.48991e-06,0.999996,4.32144e-07,0,0,1
1.38,0.22699,0.0134965,0,0.02592,0.732765,0.0307203,-0.00257658,0.0140265,-0.999898,0.042464,0.4,0,0,flat,0,6.06915e-09,6.15545e-07,0.999999,1.01529e-07,0,0,1
1.4,0.234561,0.0125118,0,0.0227491,0.733033,0.0244781,-0.00574748,0.00657078,-0.999962,0.039176,0.4,0,0,flat,0,2.32855e-09,2.43256e-07,1,4.05734e-08,0,0,1
1.42,0.240731,0.0118396,0,0.0206641,0.733021,0.0209254,-0.0078325,0.000826794,-0.999969,0.0383101,0.4,0,0,flat,0,1.19838e-09,1.22395e-07,1,3.13095e-08,0,0,1
1.44,0.247491,0.0112017,0,0.0198537,0.732964,0.0199931,-0.00864297,-0.00477653,-0.999951,0.0367292,0.4,0,0,flat,0,1.1232e-09,9.38636e-08,1,2.62623e-08,0,0,1
1.46,0.254168,0.0106058,0,0.0203947,0.732945,0.0217193,-0.00810193,-0.00992251,-0.999918,0.0352852,0.4,0,0,flat,0,8.85104e-10,5.05113e-08,1,2.06572e-08,0,0,1
1.48,0.261484,0.00999243,0,0.0219514,0.733052,0.0253608,-0.00654523,-0.0151574,-0.999864,0.0344658,0.4,0,0,flat,0,8.13713e-10,3.88767e-08,1,2.21194e-08,0,0,1
1.5,0.267501,0.00963702,0,0.0235913,0.733218,0.0292225,-0.00490535,-0.0197033,-0.999794,0.0337227,0.4,0,0,flat,0,8.90287e-10,4.62138e-08,1,3.2465e-08,0,0,1
1.52,0.27418,0.00956549,0,0.0259681,0.733403,0.034204,-0.00252851,-0.0247205,-0.999691,0.0322936,0.4,0,0,flat,0,1.51041e-09,9.70699e-08,1,6.59683e-08,0,0,1
1.54,0.280748,0.0100009,0,0.0294023,0.733422,0.0389565,0.000905643,-0.0280149,-0.999607,0.0308292,0.4,0,0,flat,0,3.35842e-09,2.67514e-07,1,1.57826e-07,0,0,1
1.56,0.2872,0.0110705,0,0.0336496,0.733157,0.0426769,0.00515298,-0.0287056,-0.999575,0.0292608,0.4,0,0,flat,0,9.74621e-09,9.63753e-07,0.999999,4.47466e-07,0,0,1
1.58,0.293557,0.0126859,0,0.0378699,0.732562,0.0450754,0.00937325,-0.0269015,-0.999594,0.0277193,0.4,0,0,flat,0,2.60829e-08,3.88101e-06,0.999995,1.1945e-06,0,0,1
1.6,0.300561,0.0150739,0,0.0407033,0.731456,0.0446514,0.0122067,-0.0208102,-0.999709,0.0262476,0.4,0,0,flat,0,4.14344e-08,9.98348e-06,0.999988,2.11721e-06,0,0,1
1.62,0.307323,0.0171859,0,0.0395078,0.730109,0.0410853,0.0110112,-0.0137224,-0.999845,0.0231012,0.4,0,0,flat,0,4.99792e-08,8.30387e-06,0.99999,2.17212e-06,0,0,1
1.64,0.314122,0.0180818,0,0.0335382,0.729803,0.0362895,0.00504154,-0.0163142,-0.999854,0.0224618,0.4,0,0,flat,0,3.95302e-08,4.27867e-06,0.999994,1.75087e-06,0,0,1
1.66,0.321116,0.0191692,0,0.029637,0.730262,0.0321983,0.00114034,-0.0150411,-0.999886,0.0291728,0.4,0,0,flat,0,2.60052e-08,1.39169e-07,0.999999,1.21811e-06,0,0,1
1.68,0.327381,0.0207164,0,0.0303481,0.731141,0.0307086,0.00185144,-0.00712544,-0.999973,0.0352886,0.4,0,0,flat,0,4.11058e-08,3.4256e-08,1,3.61121e-07,0,0,1
1.7,0.334148,0.0224307,0,0.0298804,0.732059,0.0299897,0.00138375,4.85849e-05,-0.999999,0.0360713,0.4,0,0,flat,0,9.95315e-08,9.4402e-09,1,2.37344e-07,0,0,1
1.72,0.341331,0.0238047,0,0.0280115,0.732677,0.0287433,-0.000485105,0.00396684,-0.999992,0.0362847,0.4,0,0,flat,0,1.67679e-07,2.47278e-08,0.999999,3.8996e-07,0,0,1
1.74,0.349334,0.0247867,0,0.0257895,0.73312,0.02729,-0.0027071,0.00645463,-0.999976,0.0381664,0.4,0,0,flat,0,2.27282e-07,1.8492e-07,0.999999,6.66284e-07,0,0,1
1.76,0.356656,0.0254602,0,0.0237876,0.733484,0.0266311,-0.00470903,0.00950447,-0.999944,0.0395048,0.4,0,0,flat,0,2.89908e-07,7.86712e-07,0.999998,9.60175e-07,0,0,1
1.78,0.363983,0.0259172,0,0.0223645,0.733776,0.0274599,-0.00613218,0.0134702,-0.99989,0.041066,0.4,0,0,flat,0,2.67551e-07,1.65005e-06,0.999997,8.95238e-07,0,0,1
1.8,0.371292,0.026067,0,0.0220422,0.733849,0.0296961,-0.00645444,0.0174349,-0.999827,0.0443343,0.4,0,0,flat,0,1.59127e-07,1.9716e-06,0.999997,5.50792e-07,0,0,1
1.82,0.377887,0.0259662,0,0.0226201,0.733672,0.0319082,-0.00587648,0.0200402,-0.999782,0.0473458,0.4,0,0,flat,0,7.16281e-08,1.31518e-06,0.999998,2.30133e-07,0,0,1
1.84,0.385099,0.0255721,0,0.024639,0.73315,0.0337708,-0.00385761,0.0206307,-0.99978,0.0493593,0.4,0,0,flat,0,2.80607e-08,5.26581e-07,0.999999,7.63478e-08,0,0,1
1.86,0.392292,0.0246207,0,0.027087,0.732348,0.0335334,-0.00140966,0.0173034,-0.999849,0.0505765,0.4,0,0,flat,0,9.73977e-09,2.02279e-07,1,2.73826e-08,0,0,1
1.88,0.39967,0.0230465,0,0.0284053,0.731123,0.0317809,-9.13059e-05,0.0117842,-0.999931,0.0511062,0.4,0,0,flat,0,6.5095e-09,1.62991e-07,1,2.24296e-08,0,0,1
1.9,0.40742,0.0209785,0,0.0273528,0.729581,0.0293284,-0.00114381,0.00811329,-0.999966,0.0557349,0.4,0,0,flat,0,1.09871e-08,3.60806e-07,1,4.39173e-08,0,0,1
1.92,0.415394,0.0194675,0,0.0241539,0.72897,0.0286394,-0.00434277,0.0129267,-0.999907,0.0598538,0.4,0,0,flat,0,2.04028e-08,6.42373e-07,0.999999,1.07446e-07,0,0,1
1.94,0.422572,0.0179573,0,0.0241549,0.729458,0.0297001,-0.00434175,0.0148169,-0.999881,0.0524913,0.4,0,0,flat,0,9.1381e-09,4.88523e-07,1,5.93263e-08,0,0,1
1.96,0.429904,0.0160884,0,0.0258335,0.730217,0.0298662,-0.00266316,0.0125224,-0.999918,0.0483875,0.4,0,0,flat,0,3.6994e-09,3.19864e-07,1,2.49645e-08,0,0,1
1.98,0.436126,0.0151346,0,0.0249558,0.730653,0.0270377,-0.00354081,0.00793403,-0.999962,0.0447941,0.4,0,0,flat,0,1.50473e-09,1.11495e-07,1,1.393e-08,0,0,1
2,0.44361,0.014574,0,0.0236955,0.730843,0.0246842,-0.00480113,0.00443972,-0.999979,0.0428083,0.4,0,0,flat,0,9.25865e-10,5.27209e-08,1,1.38425e-08,0,0,1
2.02,0.449585,0.0144696,0,0.0229527,0.730784,0.0233361,-0.00554395,0.00173173,-0.999983,0.0398178,0.4,0,0,flat,0,1.08485e-09,4.291e-08,1,1.7431e-08,0,0,1
2.04,0.456017,0.0145258,0,0.0234308,0.730578,0.0236557,-0.00506587,0.000776265,-0.999987,0.0377214,0.4,0,0,flat,0,9.69996e-10,3.19372e-08,1,1.54996e-08,0,0,1
2.06,0.462307,0.0146331,0,0.0250655,0.730412,0.0251933,-0.00343115,3.16621e-05,-0.999994,0.0364805,0.4,0,0,flat,0,8.73065e-10,3.70532e-08,1,1.40465e-08,0,0,1
2.08,0.468578,0.0148215,0,0.026995,0.730441,0.0270222,-0.00150164,-0.00132312,-0.999998,0.035827,0.4,0,0,flat,0,8.37455e-10,7.98685e-08,1,1.69782e-08,0,0,1
2.1,0.474809,0.015203,0,0.029774,0.730634,0.0298343,0.00127738,-0.00428897,-0.99999,0.034552,0.4,0,0,flat,0,1.03049e-09,2.60755e-07,1,2.96172e-08,0,0,1
2.12,0.481639,0.0160807,0,0.0325893,0.730899,0.0330769,0.00409267,-0.00809305,-0.999959,0.0326247,0.4,0,0,flat,0,1.89076e-09,1.11421e-06,0.999999,7.53018e-08,0,0,1
2.14,0.487018,0.0172685,0,0.0355999,0.73106,0.0363945,0.00710325,-0.0100111,-0.999925,0.0316932,0.4,0,0,flat,0,4.79089e-09,5.24629e-06,0.999995,2.70298e-07,0,0,1
2.16,0.493258,0.0193843,0,0.0399603,0.731096,0.0404933,0.0114637,-0.00899253,-0.999894,0.0308848,0.4,0,0,flat,0,1.56836e-08,3.02537e-05,0.999969,1.18099e-06,0,0,1
2.18,0.498291,0.0216282,0,0.0427088,0.730877,0.0428011,0.0142122,-0.00520859,-0.999885,0.0304382,0.4,0,0,flat,0,3.81198e-08,0.000120137,0.999876,3.83892e-06,0,0,1
2.2,0.504642,0.0250222,0,0.0434346,0.729871,0.0438062,0.014938,0.00319822,-0.999883,0.0288497,0.4,0,0,flat,0,4.48603e-08,0.000192655,0.9998,7.32733e-06,0,0,1
2.22,0.51029,0.027424,0,0.0405453,0.729171,0.0410229,0.0120487,0.00376052,-0.99992,0.0278918,0.4,0,0,flat,0,7.84531e-08,0.000443217,0.999546,1.02189e-05,0,0,1
2.24,0.517641,0.029581,0,0.0350637,0.729671,0.0351258,0.00656712,-0.000455925,-0.999978,0.0343089,0.4,0,0,flat,0,1.77674e-07,0.000127362,0.999843,2.93005e-05,0,0,1
2.26,0.523813,0.0319007,0,0.0329181,0.730564,0.0333444,0.00442147,0.00283123,-0.999986,0.0400335,0.4,0,0,flat,0,2.19105e-07,1.64861e-05,0.999975,8.14344e-06,0,0,1
2.28,0.529527,0.0341474,0,0.030777,0.731384,0.0323627,0.00228037,0.00753449,-0.999969,0.04296,0.4,0,0,flat,0,3.26496e-07,4.02687e-06,0.999992,3.50159e-06,0,0,1
2.3,0.53677,0.0365651,0,0.0277724,0.732116,0.0308229,-0.000724216,0.0108969,-0.99994,0.0465517,0.4,0,0,flat,0,2.32276e-07,1.34109e-06,0.999997,1.7831e-06,0,0,1
2.32,0.543465,0.0383202,0,0.0253225,0.732486,0.0293569,-0.00317411,0.0123861,-0.999918,0.0508554,0.4,0,0,flat,0,1.7489e-07,1.21349e-06,0.999997,1.29575e-06,0,0,1
2.34,0.549583,0.0396329,0,0.0231946,0.732699,0.027702,-0.00530204,0.012684,-0.999906,0.0526839,0.4,0,0,flat,0,1.99037e-07,2.68335e-06,0.999996,1.42822e-06,0,0,1
2.36,0.55652,0.0408435,0,0.0208677,0.73289,0.0259808,-0.00762895,0.0130143,-0.999886,0.0528283,0.4,0,0,flat,0,2.24094e-07,5.15432e-06,0.999993,1.43384e-06,0,0,1
2.38,0.563511,0.041709,0,0.0194082,0.733027,0.0256924,-0.00908838,0.0143727,-0.999855,0.0537731,0.4,0,0,flat,0,1.95868e-07,7.19023e-06,0.999991,1.13621e-06,0,0,1
2.4,0.570562,0.0421295,0,0.0192479,0.733056,0.0269604,-0.00924868,0.0164161,-0.999822,0.0570528,0.4,0,0,flat,0,1.22812e-07,8.12148e-06,0.999991,7.53771e-07,0,0,1
2.42,0.577664,0.0421897,0,0.020471,0.732894,0.0288055,-0.00802563,0.0178023,-0.999809,0.0600161,0.4,0,0,flat,0,6.06825e-08,6.29053e-06,0.999993,3.93575e-07,0,0,1
2.44,0.584693,0.0418546,0,0.0235113,0.732414,0.0307823,-0.00498535,0.017406,-0.999836,0.0616705,0.4,0,0,flat,0,2.73254e-08,3.78588e-06,0.999996,1.84044e-07,0,0,1
2.46,0.591827,0.0408529,0,0.0268341,0.731598,0.0315777,-0.00166257,0.0141818,-0.999898,0.0638553,0.4,0,0,flat,0,1.2264e-08,2.19443e-06,0.999998,9.683e-08,0,0,1
2.48,0.599999,0.0388105,0,0.0286516,0.730172,0.0299857,0.000155012,0.00637318,-0.99998,0.0656083,0.4,0,0,flat,0,7.90502e-09,1.93408e-06,0.999998,8.54266e-08,0,0,1
2.5,0.607116,0.0369431,0,0.0270917,0.728926,0.0277256,-0.00140495,0.00341883,-0.999993,0.0707072,0.4,0,0,flat,0,1.80812e-08,6.39339e-06,0.999993,2.74062e-07,0,0,1
2.52,0.615749,0.0352944,0,0.0241134,0.728684,0.0265167,-0.00438325,0.00856388,-0.999954,0.0736138,0.4,0,0,flat,0,1.36574e-08,5.08505e-06,0.999995,2.45281e-07,0,0,1
2.54,0.622096,0.0337812,0,0.0246698,0.729323,0.0270244,-0.00382678,0.00856132,-0.999956,0.0653925,0.4,0,0,flat,0,7.18682e-09,5.30545e-06,0.999995,1.53384e-07,0,0,1
2.56,0.628744,0.0319234,0,0.0263033,0.730157,0.027605,-0.00219328,0.00590979,-0.99998,0.0616491,0.4,0,0,flat,0,3.36648e-09,2.50456e-06,0.999997,6.52701e-08,0,0,1
2.58,0.635602,0.0306098,0,0.0254656,0.73079,0.0257711,-0.00303099,0.00147504,-0.999994,0.0595654,0.4,0,0,flat,0,1.57617e-09,8.31381e-07,0.999999,4.27339e-08,0,0,1
2.6,0.643129,0.0298748,0,0.0231562,0.731104,0.0231823,-0.0053404,-0.00345747,-0.99998,0.0563473,0.4,0,0,flat,0,9.88379e-10,3.41337e-07,1,3.57756e-08,0,0,1
2.62,0.649003,0.0297265,0,0.0221997,0.731039,0.0223817,-0.00629693,-0.00528035,-0.999966,0.0535598,0.4,0,0,flat,0,1.08818e-09,2.3607e-07,1,3.65009e-08,0,0,1
2.64,0.655864,0.0298138,0,0.0227945,0.730772,0.0229783,-0.00570215,-0.00532451,-0.99997,0.0516786,0.4,0,0,flat,0,1.13385e-09,1.75547e-07,1,3.31212e-08,0,0,1
2.66,0.661348,0.029966,0,0.0244353,0.730633,0.0245874,-0.00406131,-0.00516153,-0.999978,0.0516322,0.4,0,0,flat,0,1.14875e-09,1.83882e-07,1,2.88353e-08,0,0,1
2.68,0.668059,0.0303099,0,0.0269596,0.730745,0.0272266,-0.00153703,-0.00623891,-0.999979,0.0510034,0.4,0,0,flat,0,1.08948e-09,2.7721e-07,1,2.95195e-08,0,0,1
2.7,0.674119,0.0308548,0,0.0295894,0.731012,0.0302036,0.00109273,-0.00849723,-0.999963,0.049463,0.4,0,0,flat,0,1.21195e-09,6.92867e-07,0.999999,4.24889e-08,0,0,1
2.72,0.68009,0.0317643,0,0.0324848,0.731294,0.0336434,0.0039882,-0.0111989,-0.999929,0.0479579,0.4,0,0,flat,0,2.07173e-09,2.74731e-06,0.999997,9.5998e-08,0,0,1
2.74,0.685245,0.033013,0,0.035798,0.731427,0.0372478,0.00730141,-0.0127469,-0.999892,0.0469826,0.4,0,0,flat,0,5.4697e-09,1.25794e-05,0.999987,3.36496e-07,0,0,1
2.76,0.690719,0.0349524,0,0.0398288,0.731388,0.0409981,0.0113321,-0.0121697,-0.999862,0.0457603,0.4,0,0,flat,0,1.83297e-08,6.41e-05,0.999934,1.4772e-06,0,0,1
2.78,0.696677,0.0377124,0,0.0429473,0.731039,0.0432804,0.0144507,-0.00779048,-0.999865,0.0447923,0.4,0,0,flat,0,4.37878e-08,0.000240385,0.999754,5.15341e-06,0,0,1
2.8,0.701584,0.0405091,0,0.0438234,0.730169,0.0438986,0.0153267,3.86979e-05,-0.999883,0.0444281,0.4,0,0,flat,0,6.47269e-08,0.000365898,0.999622,1.18648e-05,0,0,1
2.82,0.708191,0.0434559,0,0.0403434,0.729317,0.040455,0.0118467,0.00048978,-0.99993,0.0433385,0.4,0,0,flat,0,8.66803e-08,0.000415869,0.999572,1.23555e-05,0,0,1
2.84,0.714164,0.0452871,0,0.0347668,0.729701,0.0347882,0.00627013,-0.00359489,-0.999974,0.0489921,0.4,0,0,flat,0,1.26448e-07,0.000110822,0.999866,2.31622e-05,0,0,1
2.86,0.720014,0.0478536,0,0.0327199,0.730557,0.0328055,0.00422323,-0.000141104,-0.999991,0.0548556,0.4,0,0,flat,0,1.20057e-07,1.50966e-05,0.999977,7.34922e-06,0,0,1
2.88,0.725838,0.0508076,0,0.0317841,0.731564,0.0334141,0.00328744,0.00784031,-0.999964,0.0570989,0.4,0,0,flat,0,3.14746e-07,8.77433e-06,0.999987,3.8318e-06,0,0,1
2.9,0.732057,0.0534868,0,0.0300581,0.732366,0.033746,0.00156149,0.0128765,-0.999916,0.0584611,0.4,0,0,flat,0,3.33676e-07,3.30439e-06,0.999994,2.1853e-06,0,0,1
2.92,0.738549,0.0556039,0,0.0276284,0.732815,0.0321983,-0.000868209,0.0140678,-0.999901,0.0607847,0.4,0,0,flat,0,2.56302e-07,4.20629e-06,0.999994,1.90038e-06,0,0,1
2.94,0.745187,0.0573702,0,0.0247823,0.733106,0.0300394,-0.00371428,0.0145136,-0.999888,0.0622492,0.4,0,0,flat,0,2.29254e-07,6.86734e-06,0.999991,1.73591e-06,0,0,1
2.96,0.751876,0.0588567,0,0.0222557,0.733354,0.0288819,-0.00624094,0.0159437,-0.999853,0.063365,0.4,0,0,flat,0,2.30178e-07,1.03807e-05,0.999988,1.61517e-06,0,0,1
2.98,0.758577,0.0599539,0,0.0207889,0.733524,0.0291981,-0.00770776,0.0180363,-0.999808,0.0651481,0.4,0,0,flat,0,1.8861e-07,1.32204e-05,0.999985,1.31393e-06,0,0,1
3,0.76608,0.060662,0,0.0204647,0.733545,0.030549,-0.00803195,0.0202196,-0.999763,0.068378,0.4,0,0,flat,0,1.09198e-07,1.15261e-05,0.999987,7.94547e-07,0,0,1
3.02,0.772328,0.0609182,0,0.0213308,0.733377,0.032139,-0.00716581,0.0215767,-0.999741,0.0712099,0.4,0,0,flat,0,5.0179e-08,7.40914e-06,0.999992,3.67283e-07,0,0,1
3.04,0.779266,0.0608437,0,0.0243316,0.732893,0.0342336,-0.00416502,0.0216202,-0.999758,0.0735153,0.4,0,0,flat,0,2.18774e-08,4.09794e-06,0.999996,1.7156e-07,0,0,1
3.06,0.786316,0.0601808,0,0.0273528,0.732011,0.0349062,-0.00114378,0.0192206,-0.999815,0.0752387,0.4,0,0,flat,0,1.06498e-08,2.7214e-06,0.999997,1.01909e-07,0,0,1
3.08,0.79431,0.0585228,0,0.029898,0.73056,0.033021,0.00140137,0.0115487,-0.999932,0.0763167,0.4,0,0,flat,0,7.77562e-09,3.29492e-06,0.999997,1.05671e-07,0,0,1
3.1,0.802035,0.0567952,0,0.0287393,0.729223,0.0306737,0.000242724,0.00825005,-0.999966,0.0824461,0.4,0,0,flat,0,1.26464e-08,9.16651e-06,0.999991,2.10861e-07,0,0,1
3.12,0.809025,0.055724,0,0.0260474,0.729005,0.0298283,-0.00244921,0.0120718,-0.999924,0.0853706,0.4,0,0,flat,0,1.45273e-08,6.39797e-06,0.999993,3.32398e-07,0,0,1
3.14,0.8168,0.0541617,0,0.0258749,0.72972,0.0294481,-0.00262174,0.0115917,-0.999929,0.0769675,0.4,0,0,flat,0,8.68226e-09,8.47879e-06,0.999991,2.34276e-07,0,0,1
3.16,0.823545,0.0525809,0,0.0264039,0.730521,0.0285038,-0.00209274,0.00826645,-0.999964,0.0718066,0.4,0,0,flat,0,3.04341e-09,2.42209e-06,0.999997,7.61862e-08,0,0,1
3.18,0.829758,0.0516634,0,0.0252365,0.731054,0.0260449,-0.00326017,0.00396455,-0.999987,0.068363,0.4,0,0,flat,0,1.49175e-09,6.78438e-07,0.999999,3.91436e-08,0,0,1
3.2,0.837187,0.0511553,0,0.0236043,0.731328,0.0236935,-0.00489232,-0.000454469,-0.999988,0.0662551,0.4,0,0,flat,0,9.27151e-10,2.65556e-07,1,3.106e-08,0,0,1
3.22,0.843691,0.0511241,0,0.0229686,0.731268,0.0229809,-0.00552802,-0.00308877,-0.99998,0.0647248,0.4,0,0,flat,0,1.14487e-09,1.79304e-07,1,3.60774e-08,0,0,1
3.24,0.850023,0.0513295,0,0.0236415,0.731117,0.023686,-0.00485515,-0.00385966,-0.999981,0.0632889,0.4,0,0,flat,0,1.20203e-09,1.29298e-07,1,3.36791e-08,0,0,1
3.26,0.855675,0.0516273,0,0.0249291,0.731073,0.0250462,-0.00356749,-0.00484683,-0.999982,0.061436,0.4,0,0,flat,0,1.1219e-09,1.48174e-07,1,3.01499e-08,0,0,1
3.28,0.861931,0.0520995,0,0.0268111,0.731159,0.0271279,-0.00168555,-0.00656736,-0.999977,0.0594956,0.4,0,0,flat,0,1.08817e-09,2.69617e-07,1,3.40012e-08,0,0,1
3.3,0.868126,0.0527896,0,0.0290702,0.731323,0.0297783,0.000573531,-0.00890087,-0.99996,0.0581086,0.4,0,0,flat,0,1.3394e-09,7.55099e-07,0.999999,5.50766e-08,0,0,1
3.32,0.874254,0.0538181,0,0.0315758,0.731506,0.0328853,0.00307917,-0.0116417,-0.999928,0.0572626,0.4,0,0,flat,0,2.33599e-09,2.54367e-06,0.999997,1.25034e-07,0,0,1
3.34,0.880658,0.0555356,0,0.0356075,0.731561,0.0372366,0.00711089,-0.0133439,-0.999886,0.0561946,0.4,0,0,flat,0,5.44636e-09,9.10868e-06,0.999991,3.86475e-07,0,0,1
3.36,0.88619,0.0576892,0,0.0398103,0.731394,0.0410272,0.0113137,-0.0123614,-0.99986,0.0548473,0.4,0,0,flat,0,1.79989e-08,4.26417e-05,0.999956,1.47664e-06,0,0,1
3.38,0.891679,0.0603678,0,0.0428261,0.730939,0.0432128,0.0143295,-0.00820328,-0.999864,0.053884,0.4,0,0,flat,0,4.31174e-08,0.000147135,0.999848,4.68064e-06,0,0,1
3.4,0.896661,0.0632885,0,0.0438395,0.72996,0.0438878,0.0153429,-0.000493849,-0.999882,0.0531921,0.4,0,0,flat,0,6.08429e-08,0.000213796,0.999777,9.67558e-06,0,0,1
3.42,0.902795,0.0661511,0,0.0406716,0.729117,0.0407882,0.012175,0.000594465,-0.999926,0.0515537,0.4,0,0,flat,0,7.15048e-08,0.000301596,0.999689,9.23806e-06,0,0,1
3.44,0.909247,0.0683584,0,0.0359727,0.729523,0.035986,0.00747607,-0.00328277,-0.999967,0.056034,0.4,0,0,flat,0,1.16826e-07,5.55531e-05,0.999925,1.88727e-05,0,0,1
3.46,0.915772,0.0712154,0,0.0342279,0.730492,0.0343102,0.00573132,-0.000151438,-0.999984,0.0622281,0.4,0,0,flat,0,1.32596e-07,7.65513e-06,0.999987,5.18353e-06,0,0,1
3.48,0.921368,0.0737497,0,0.0319674,0.731364,0.0332046,0.00347075,0.00650141,-0.999973,0.0666596,0.4,0,0,flat,0,2.26194e-07,1.91026e-06,0.999995,2.51782e-06,0,0,1
3.5,0.927814,0.07627,0,0.0293914,0.732092,0.0322834,0.000894799,0.0108878,-0.99994,0.0704214,0.4,0,0,flat,0,1.88871e-07,7.39743e-07,0.999997,1.50817e-06,0,0,1
3.52,0.934348,0.0783134,0,0.0272588,0.732496,0.0313142,-0.00123786,0.0129461,-0.999915,0.0749443,0.4,0,0,flat,0,1.57329e-07,1.12291e-06,0.999997,1.23821e-06,0,0,1
3.54,0.941651,0.0801433,0,0.0251518,0.732692,0.0299977,-0.00334483,0.0138827,-0.999898,0.0783736,0.4,0,0,flat,0,1.57804e-07,2.33903e-06,0.999996,1.15155e-06,0,0,1
3.56,0.947782,0.0814551,0,0.0230256,0.732787,0.0283801,-0.00547099,0.0141237,-0.999885,0.0772969,0.4,0,0,flat,0,1.58146e-07,4.33033e-06,0.999995,1.00264e-06,0,0,1
3.58,0.954688,0.0825968,0,0.0208341,0.732875,0.0275185,-0.00766253,0.0155154,-0.99985,0.0768545,0.4,0,0,flat,0,1.47036e-07,6.50911e-06,0.999992,7.88434e-07,0,0,1
3.6,0.961602,0.0832609,0,0.0203432,0.732904,0.0285644,-0.00815344,0.0175884,-0.999812,0.0794604,0.4,0,0,flat,0,9.76069e-08,6.24999e-06,0.999993,5.30751e-07,0,0,1
3.62,0.969241,0.0835174,0,0.0213859,0.732742,0.0307086,-0.00711075,0.0195721,-0.999783,0.0831921,0.4,0,0,flat,0,4.84891e-08,4.37193e-06,0.999995,2.77951e-07,0,0,1
3.64,0.975415,0.0833593,0,0.0239137,0.732299,0.0324363,-0.00458293,0.0194497,-0.9998,0.0851388,0.4,0,0,flat,0,2.12125e-08,2.33162e-06,0.999997,1.28059e-07,0,0,1
3.66,0.982401,0.0825888,0,0.0268564,0.731507,0.0329342,-0.00164027,0.0166001,-0.999861,0.0874548,0.4,0,0,flat,0,9.37543e-09,1.29895e-06,0.999999,6.8274e-08,0,0,1
3.68,0.989664,0.0810577,0,0.0283215,0.730305,0.0311232,-0.000175131,0.0104372,-0.999946,0.0890336,0.4,0,0,flat,0,6.38089e-09,1.28308e-06,0.999999,6.46102e-08,0,0,1
3.7,0.997358,0.0792152,0,0.0267793,0.728991,0.028399,-0.0017173,0.00698064,-0.999974,0.0948379,0.4,0,0,flat,0,1.03259e-08,3.06802e-06,0.999997,1.30951e-07,0,0,1
3.72,1.00513,0.0779487,0,0.0236662,0.728788,0.0274034,-0.0048304,0.0113523,-0.999924,0.097756,0.4,0,0,flat,0,1.04146e-08,2.12621e-06,0.999998,1.84991e-07,0,0,1
3.74,1.0127,0.0762192,0,0.0243884,0.729571,0.0278864,-0.00410826,0.0110554,-0.99993,0.0890657,0.4,0,0,flat,0,6.31088e-09,2.95608e-06,0.999997,1.30413e-07,0,0,1
3.76,1.01852,0.0746718,0,0.0260234,0.730321,0.0282918,-0.00247327,0.00863258,-0.99996,0.0862533,0.4,0,0,flat,0,2.54068e-09,1.38139e-06,0.999999,5.11857e-08,0,0,1
3.78,1.02599,0.0735397,0,0.0247538,0.730971,0.0255411,-0.00374286,0.00382365,-0.999986,0.0822039,0.4,0,0,flat,0,1.4538e-09,4.36326e-07,1,3.3104e-08,0,0,1
3.8,1.03266,0.0730942,0,0.0229695,0.7312,0.0231025,-0.00552715,-6.86021e-06,-0.999985,0.0795123,0.4,0,0,flat,0,9.33758e-10,2.04377e-07,1,2.98931e-08,0,0,1
3.82,1.03838,0.0730186,0,0.0222236,0.731173,0.0222293,-0.00627306,-0.00218561,-0.999978,0.0777142,0.4,0,0,flat,0,1.18882e-09,1.84348e-07,1,3.74206e-08,0,0,1
3.84,1.04462,0.0731615,0,0.0224303,0.731033,0.0224481,-0.00606635,-0.00323857,-0.999976,0.075454,0.4,0,0,flat,0,1.17575e-09,1.36277e-07,1,3.13806e-08,0,0,1
3.86,1.05075,0.0734237,0,0.0236409,0.730923,0.023691,-0.00485577,-0.00393694,-0.99998,0.0738957,0.4,0,0,flat,0,9.87738e-10,1.26827e-07,1,2.5172e-08,0,0,1
3.88,1.05742,0.0738383,0,0.0258699,0.731009,0.0260427,-0.00262678,-0.00542792,-0.999982,0.0731422,0.4,0,0,flat,0,9.6529e-10,2.26943e-07,1,2.80369e-08,0,0,1
3.9,1.06285,0.074368,0,0.0280382,0.731224,0.0285268,-0.000458398,-0.00770233,-0.99997,0.0723393,0.4,0,0,flat,0,1.11444e-09,5.5245e-07,0.999999,4.34213e-08,0,0,1
3.92,1.0688,0.0753124,0,0.0308156,0.731496,0.0319213,0.00231899,-0.0107825,-0.999939,0.0711722,0.4,0,0,flat,0,1.86781e-09,1.70021e-06,0.999998,9.29837e-08,0,0,1
3.94,1.07448,0.0767865,0,0.034697,0.731584,0.0361727,0.00620034,-0.0126785,-0.9999,0.0697301,0.4,0,0,flat,0,4.7158e-09,6.32817e-06,0.999993,2.85495e-07,0,0,1
3.96,1.07994,0.0788565,0,0.0388577,0.731413,0.0401607,0.0103611,-0.0125983,-0.999867,0.06768,0.4,0,0,flat,0,1.65148e-08,3.24448e-05,0.999967,1.12361e-06,0,0,1
3.98,1.08534,0.0814866,0,0.0422458,0.730982,0.0427648,0.0137492,-0.00907948,-0.999864,0.0657286,0.4,0,0,flat,0,4.42495e-08,0.000129245,0.999867,4.07167e-06,0,0,1
4,1.09085,0.0847212,0,0.0430345,0.729979,0.0430469,0.0145379,-0.00158591,-0.999893,0.0647972,0.4,0,0,flat,0,5.44451e-08,0.000232655,0.999757,9.76709e-06,0,0,1
4.02,1.09681,0.0875873,0,0.0400975,0.729017,0.0401859,0.0116009,0.000142261,-0.999933,0.0637942,0.4,0,0,flat,0,1.01365e-07,0.000141872,0.999845,1.31954e-05,0,0,1
4.04,1.10393,0.0900669,0,0.0334589,0.729306,0.0335511,0.00496231,-0.00488759,-0.999976,0.0662445,0.4,0,0,flat,0,1.52253e-07,6.91113e-05,0.999907,2.42465e-05,0,0,1
4.06,1.10921,0.0924103,0,0.0310347,0.730022,0.0310388,0.0025381,-0.00225226,-0.999994,0.0712149,0.4,0,0,flat,0,1.14322e-07,4.3269e-06,0.999992,3.6325e-06,0,0,1
4.08,1.11588,0.0953849,0,0.0283142,0.731104,0.0295108,-0.000182422,0.00584339,-0.999983,0.077993,0.4,0,0,flat,0,2.42193e-07,1.51731e-06,0.999996,2.51065e-06,0,0,1
4.1,1.12216,0.0977758,0,0.0262177,0.731893,0.0290937,-0.00227894,0.010145,-0.999946,0.0814395,0.4,0,0,flat,0,1.96613e-07,3.77314e-07,0.999998,1.25246e-06,0,0,1
4.12,1.12792,0.0995559,0,0.0241218,0.732317,0.0277106,-0.00437482,0.01117,-0.999928,0.0829545,0.4,0,0,flat,0,1.67609e-07,6.23665e-07,0.999998,9.75511e-07,0,0,1
4.14,1.13449,0.101163,0,0.0219498,0.732633,0.0260289,-0.0065468,0.0115239,-0.999912,0.0846229,0.4,0,0,flat,0,1.64518e-07,1.23163e-06,0.999998,8.12758e-07,0,0,1
4.16,1.14126,0.102444,0,0.0196325,0.732898,0.0246262,-0.0088641,0.0124046,-0.999884,0.0860802,0.4,0,0,flat,0,1.77251e-07,2.3674e-06,0.999997,8.18218e-07,0,0,1
4.18,1.14811,0.103346,0,0.0179916,0.73309,0.0245559,-0.010505,0.0142472,-0.999843,0.0885086,0.4,0,0,flat,0,1.56123e-07,3.58588e-06,0.999996,6.82381e-07,0,0,1
4.2,1.15508,0.103822,0,0.017442,0.733158,0.0257225,-0.0110547,0.0164416,-0.999804,0.0921028,0.4,0,0,flat,0,9.99969e-08,3.69004e-06,0.999996,4.4555e-07,0,0,1
4.22,1.1622,0.103963,0,0.0181392,0.733054,0.0275574,-0.0103574,0.0182846,-0.999779,0.0952562,0.4,0,0,flat,0,4.76185e-08,2.57783e-06,0.999997,2.14158e-07,0,0,1
4.24,1.16935,0.103734,0,0.0207274,0.73266,0.0296338,-0.00776922,0.0187168,-0.999795,0.0971838,0.4,0,0,flat,0,2.0304e-08,1.5036e-06,0.999998,9.58759e-08,0,0,1
4.25999,1.1766,0.102897,0,0.0243916,0.73185,0.0308017,-0.00410506,0.0163451,-0.999858,0.0988875,0.4,0,0,flat,0,9.43328e-09,9.66589e-07,0.999999,5.40213e-08,0,0,1
4.27999,1.18411,0.101226,0,0.0273692,0.730547,0.0297742,-0.00112744,0.00925511,-0.999957,0.100383,0.4,0,0,flat,0,6.53838e-09,1.06918e-06,0.999999,5.37002e-08,0,0,1
4.29999,1.19214,0.0993661,0,0.0266725,0.729158,0.0279761,-0.00182411,0.00596907,-0.999981,0.10695,0.4,0,0,flat,0,1.20451e-08,2.917e-06,0.999997,1.19106e-07,0,0,1
4.31999,1.20106,0.0979921,0,0.0234334,0.728902,0.0269095,-0.0050632,0.0107604,-0.999929,0.110708,0.4,0,0,flat,0,1.63606e-08,2.64517e-06,0.999997,2.02037e-07,0,0,1
4.33999,1.20748,0.0966092,0,0.0239745,0.729477,0.0273315,-0.00452214,0.0106545,-0.999933,0.104495,0.4,0,0,flat,0,8.65157e-09,3.21326e-06,0.999997,1.3378e-07,0,0,1
4.35999,1.21434,0.0950823,0,0.0249575,0.730205,0.0268185,-0.00353908,0.00734398,-0.999967,0.0995131,0.4,0,0,flat,0,2.88602e-09,1.10811e-06,0.999999,4.24411e-08,0,0,1
4.37999,1.22222,0.0941247,0,0.0226915,0.730803,0.0230663,-0.0058051,0.00164932,-0.999982,0.0942666,0.4,0,0,flat,0,1.47089e-09,3.02374e-07,1,2.20089e-08,0,0,1
4.39999,1.22841,0.0938275,0,0.0210089,0.730987,0.0210192,-0.00748769,-0.00188723,-0.99997,0.0920371,0.4,0,0,flat,0,8.41657e-10,1.0429e-07,1,1.64829e-08,0,0,1
4.41999,1.23488,0.0939079,0,0.0208623,0.730929,0.0208883,-0.00763434,-0.00339398,-0.999965,0.0905275,0.4,0,0,flat,0,1.01213e-09,6.79409e-08,1,1.66462e-08,0,0,1
4.43999,1.24184,0.0942987,0,0.0220532,0.730789,0.0220975,-0.0064434,-0.00379522,-0.999972,0.0889622,0.4,0,0,flat,0,1.09918e-09,5.10972e-08,1,1.57023e-08,0,0,1
4.45999,1.24813,0.0948209,0,0.0238458,0.730786,0.0239413,-0.00465079,-0.00454759,-0.999979,0.0873287,0.4,0,0,flat,0,9.99911e-10,6.33569e-08,1,1.51119e-08,0,0,1
4.47999,1.2544,0.0955281,0,0.0260583,0.73093,0.0263295,-0.00243834,-0.00622062,-0.999978,0.0852568,0.4,0,0,flat,0,9.55883e-10,1.32344e-07,1,1.92114e-08,0,0,1
4.49999,1.25997,0.096365,0,0.0283744,0.731101,0.0289376,-0.000122223,-0.00812783,-0.999967,0.0834451,0.4,0,0,flat,0,1.21753e-09,4.21045e-07,1,3.45214e-08,0,0,1
4.51999,1.26612,0.097632,0,0.0308524,0.731277,0.0319418,0.00235574,-0.0107188,-0.99994,0.0817017,0.4,0,0,flat,0,2.48628e-09,1.91636e-06,0.999998,8.74268e-08,0,0,1
4.53999,1.27201,0.0993618,0,0.0340928,0.73133,0.0354788,0.00559619,-0.0122729,-0.999909,0.0811048,0.4,0,0,flat,0,5.91671e-09,7.10391e-06,0.999992,3.00511e-07,0,0,1
4.55999,1.27755,0.101654,0,0.0381189,0.731188,0.0392067,0.00962224,-0.0116229,-0.999886,0.0796867,0.4,0,0,flat,0,1.90766e-08,3.67874e-05,0.999962,1.24606e-06,0,0,1
4.57999,1.28301,0.104466,0,0.0412216,0.730824,0.0416044,0.012725,-0.00806208,-0.999887,0.0784389,0.4,0,0,flat,0,4.4651e-08,0.000141951,0.999854,4.14669e-06,0,0,1
4.59999,1.28856,0.107873,0,0.0422204,0.72981,0.042298,0.0137237,4.68814e-05,-0.999906,0.0774628,0.4,0,0,flat,0,5.81686e-08,0.00020535,0.999785,9.39044e-06,0,0,1
4.61999,1.29532,0.111059,0,0.0386388,0.729044,0.0387078,0.0101422,-0.000208226,-0.999949,0.0773084,0.4,0,0,flat,0,8.89827e-08,0.000378113,0.99961,1.13021e-05,0,0,1
4.63999,1.3017,0.113474,0,0.034442,0.729594,0.0344541,0.00594534,-0.00320859,-0.999977,0.0818578,0.4,0,0,flat,0,1.27133e-07,6.3273e-05,0.999916,2.02861e-05,0,0,1
4.65999,1.30712,0.115913,0,0.0326946,0.730421,0.0328327,0.00419792,0.000510517,-0.999991,0.0882685,0.4,0,0,flat,0,1.38986e-07,5.83971e-06,0.99999,3.7637e-06,0,0,1
4.67999,1.31331,0.118748,0,0.0306111,0.73136,0.0318914,0.00211448,0.00647234,-0.999977,0.0918845,0.4,0,0,flat,0,2.20601e-07,1.29635e-06,0.999996,2.28083e-06,0,0,1
4.69999,1.31974,0.121355,0,0.0282026,0.732033,0.0311002,-0.000294068,0.0106353,-0.999943,0.0949759,0.4,0,0,flat,0,2.25774e-07,7.58109e-07,0.999998,1.47856e-06,0,0,1
4.71999,1.3263,0.123518,0,0.0259151,0.732442,0.0297642,-0.0025815,0.0121752,-0.999923,0.097769,0.4,0,0,flat,0,1.85101e-07,1.04453e-06,0.999998,1.14502e-06,0,0,1
4.73999,1.3337,0.125496,0,0.0233159,0.732789,0.0279142,-0.00518075,0.0128864,-0.999904,0.0993026,0.4,0,0,flat,0,2.04774e-07,2.37599e-06,0.999996,1.29678e-06,0,0,1
4.75999,1.33986,0.126834,0,0.0214012,0.733044,0.0270465,-0.00709538,0.0140727,-0.999876,0.100594,0.4,0,0,flat,0,2.17014e-07,4.65802e-06,0.999994,1.3686e-06,0,0,1
4.77999,1.34746,0.128075,0,0.02011,0.733281,0.0275466,-0.00838666,0.0163603,-0.999831,0.102992,0.4,0,0,flat,0,1.89058e-07,7.53566e-06,0.999991,1.22321e-06,0,0,1
4.79999,1.35446,0.128777,0,0.0201394,0.733306,0.0292062,-0.00835725,0.0186877,-0.99979,0.107018,0.4,0,0,flat,0,1.15962e-07,7.60351e-06,0.999992,7.69237e-07,0,0,1
4.81999,1.36086,0.129134,0,0.0210896,0.733129,0.0311136,-0.00740705,0.0204131,-0.999764,0.110216,0.4,0,0,flat,0,5.85074e-08,5.12815e-06,0.999994,3.67725e-07,0,0,1
4.83999,1.36793,0.129148,0,0.0236768,0.732634,0.0327564,-0.00481982,0.0201706,-0.999785,0.111813,0.4,0,0,flat,0,2.57022e-08,2.83594e-06,0.999997,1.62338e-07,0,0,1
4.85999,1.37575,0.128356,0,0.027171,0.73168,0.0327764,-0.00132561,0.0158676,-0.999873,0.113289,0.4,0,0,flat,0,1.0388e-08,1.74922e-06,0.999998,7.7728e-08,0,0,1
4.87999,1.38316,0.126811,0,0.0286995,0.730308,0.031194,0.00020283,0.00975424,-0.999952,0.114625,0.4,0,0,flat,0,7.04638e-09,1.61139e-06,0.999998,7.06996e-08,0,0,1
4.89999,1.39023,0.12536,0,0.0272507,0.729117,0.0287474,-0.00124589,0.00668449,-0.999977,0.119685,0.4,0,0,flat,0,1.1623e-08,3.42688e-06,0.999996,1.33431e-07,0,0,1
4.91999,1.39822,0.124199,0,0.0237775,0.728887,0.0276804,-0.0047191,0.0117089,-0.99992,0.124832,0.4,0,0,flat,0,1.1459e-08,2.2272e-06,0.999997,1.8882e-07,0,0,1
4.93999,1.40521,0.122647,0,0.0245058,0.729465,0.0281968,-0.00399083,0.0114857,-0.999926,0.119232,0.4,0,0,flat,0,6.44544e-09,3.0451e-06,0.999997,1.35958e-07,0,0,1
4.95999,1.41185,0.12109,0,0.0260699,0.730186,0.0283128,-0.00242674,0.00857005,-0.99996,0.11372,0.4,0,0,flat,0,2.78076e-09,1.31803e-06,0.999999,4.99054e-08,0,0,1
4.97999,1.41941,0.120099,0,0.0247855,0.730784,0.0257896,-0.00371112,0.00465746,-0.999982,0.11026,0.4,0,0,flat,0,1.51461e-09,3.92348e-07,1,2.81266e-08,0,0,1
4.99999,1.4262,0.119775,0,0.0223425,0.731008,0.0225091,-0.00615417,0.000257752,-0.999981,0.107572,0.4,0,0,flat,0,1.01539e-09,1.7278e-07,1,2.65977e-08,0,0,1
5.01999,1.43196,0.119815,0,0.0213743,0.730967,0.0213791,-0.0071223,-0.00209795,-0.999972,0.105875,0.4,0,0,flat,0,1.19275e-09,1.67111e-07,1,3.11595e-08,0,0,1
5.03999,1.43816,0.120112,0,0.0218736,0.730818,0.0218807,-0.00662308,-0.00284282,-0.999974,0.103894,0.4,0,0,flat,0,1.32856e-09,1.30015e-07,1,2.76574e-08,0,0,1
5.05999,1.4443,0.120557,0,0.0232511,0.730711,0.0232773,-0.00524554,-0.00348783,-0.99998,0.101829,0.4,0,0,flat,0,1.16593e-09,1.37558e-07,1,2.38872e-08,0,0,1
5.07999,1.45039,0.121104,0,0.0252871,0.73077,0.0253749,-0.00320953,-0.00452768,-0.999985,0.101128,0.4,0,0,flat,0,1.12144e-09,2.59975e-07,1,2.74038e-08,0,0,1
5.09999,1.45643,0.12183,0,0.0277897,0.730994,0.0281248,-0.000706948,-0.00676176,-0.999977,0.100385,0.4,0,0,flat,0,1.28189e-09,6.82423e-07,0.999999,4.41235e-08,0,0,1
5.11999,1.463,0.123059,0,0.0307425,0.731297,0.0316983,0.00224587,-0.0101712,-0.999946,0.098823,0.4,0,0,flat,0,2.10345e-09,2.13372e-06,0.999998,9.5051e-08,0,0,1
5.13999,1.46814,0.124515,0,0.0339772,0.731434,0.0353019,0.00548053,-0.0120285,-0.999913,0.0976532,0.4,0,0,flat,0,4.92286e-09,7.35626e-06,0.999992,2.88699e-07,0,0,1
5.15999,1.47404,0.126917,0,0.0387711,0.731326,0.0398417,0.0102745,-0.0116221,-0.99988,0.0961834,0.4,0,0,flat,0,1.58798e-08,3.5457e-05,0.999963,1.16079e-06,0,0,1
5.17999,1.47876,0.129397,0,0.0418959,0.730983,0.0423459,0.0133993,-0.00859832,-0.999873,0.0949526,0.4,0,0,flat,0,4.1936e-08,0.000150187,0.999846,4.02052e-06,0,0,1
5.19999,1.48416,0.132739,0,0.0429025,0.730032,0.0429207,0.0144058,-0.00131216,-0.999895,0.0933024,0.4,0,0,flat,0,5.35886e-08,0.000249785,0.999741,9.03301e-06,0,0,1
5.21999,1.49005,0.135754,0,0.0399325,0.729135,0.0400254,0.0114358,0.000212578,-0.999935,0.0926231,0.4,0,0,flat,0,8.31253e-08,0.000295164,0.999692,1.26629e-05,0,0,1
5.23999,1.49698,0.138366,0,0.0343496,0.72953,0.0343761,0.00585296,-0.00375035,-0.999976,0.097165,0.4,0,0,flat,0,1.47699e-07,9.36395e-05,0.999881,2.53239e-05,0,0,1
5.25999,1.50225,0.140768,0,0.0321234,0.73029,0.0321743,0.00362674,-0.00071543,-0.999993,0.103189,0.4,0,0,flat,0,1.36464e-07,7.7609e-06,0.999987,5.26477e-06,0,0,1
5.27999,1.5082,0.143562,0,0.0298072,0.731212,0.0307125,0.00131062,0.004921,-0.999987,0.106772,0.4,0,0,flat,0,2.46838e-07,2.56536e-06,0.999994,3.40302e-06,0,0,1
5.29999,1.51445,0.146122,0,0.027217,0.731922,0.0298462,-0.00127967,0.00978119,-0.999951,0.111408,0.4,0,0,flat,0,2.21317e-07,1.12785e-06,0.999997,1.80923e-06,0,0,1
5.31999,1.52149,0.148461,0,0.024771,0.732372,0.0285957,-0.00372568,0.0118209,-0.999923,0.115246,0.4,0,0,flat,0,1.67686e-07,1.18696e-06,0.999997,1.26252e-06,0,0,1
5.33999,1.52739,0.150067,0,0.0227856,0.732608,0.0270553,-0.00571101,0.0121238,-0.99991,0.116176,0.4,0,0,flat,0,1.65087e-07,2.18324e-06,0.999997,1.12691e-06,0,0,1
5.35999,1.53414,0.151525,0,0.0205839,0.732835,0.0257156,-0.00791276,0.0129501,-0.999885,0.117434,0.4,0,0,flat,0,1.78212e-07,4.59948e-06,0.999994,1.11951e-06,0,0,1
5.37999,1.54102,0.152623,0,0.0189602,0.733018,0.0254523,-0.0095364,0.0145154,-0.999849,0.118951,0.4,0,0,flat,0,1.58564e-07,6.88248e-06,0.999992,9.50736e-07,0,0,1
5.39999,1.54801,0.153298,0,0.0185547,0.733095,0.026696,-0.00994188,0.0167291,-0.999811,0.122155,0.4,0,0,flat,0,1.04664e-07,7.03193e-06,0.999992,6.31188e-07,0,0,1
5.41999,1.55582,0.153613,0,0.0197363,0.732961,0.0289891,-0.00876034,0.018767,-0.999785,0.125885,0.4,0,0,flat,0,5.20008e-08,5.27045e-06,0.999994,3.20768e-07,0,0,1
5.43999,1.56224,0.153525,0,0.0222894,0.732564,0.0309272,-0.00620718,0.0189759,-0.999801,0.127729,0.4,0,0,flat,0,2.30309e-08,3.1694e-06,0.999997,1.48789e-07,0,0,1
5.45999,1.57017,0.152745,0,0.0265464,0.731594,0.0322039,-0.00195018,0.0157661,-0.999874,0.129443,0.4,0,0,flat,0,1.0806e-08,1.96485e-06,0.999998,8.40153e-08,0,0,1
5.47999,1.57694,0.151368,0,0.0290733,0.730407,0.031375,0.00057664,0.00932527,-0.999956,0.131069,0.4,0,0,flat,0,8.02456e-09,2.27032e-06,0.999998,8.58719e-08,0,0,1
5.49999,1.5859,0.149449,0,0.027632,0.728886,0.028884,-0.000864655,0.00593952,-0.999982,0.139136,0.4,0,0,flat,0,1.37597e-08,5.92543e-06,0.999994,1.78504e-07,0,0,1
5.51999,1.594,0.148344,0,0.0245289,0.728681,0.0276352,-0.00396772,0.0102619,-0.99994,0.141461,0.4,0,0,flat,0,1.33635e-08,3.46015e-06,0.999996,2.53483e-07,0,0,1
5.53999,1.60046,0.147113,0,0.0248845,0.729242,0.0277815,-0.00361208,0.00988171,-0.999945,0.134703,0.4,0,0,flat,0,7.63624e-09,5.23632e-06,0.999995,1.56167e-07,0,0,1
5.55999,1.60736,0.145697,0,0.0257605,0.730016,0.0273337,-0.0027361,0.00667146,-0.999974,0.129336,0.4,0,0,flat,0,2.61182e-09,1.31458e-06,0.999999,4.78722e-08,0,0,1
5.57999,1.61502,0.144791,0,0.0244902,0.730669,0.0248431,-0.00400639,0.00168881,-0.999991,0.126506,0.4,0,0,flat,0,1.25557e-09,3.63464e-07,1,2.35762e-08,0,0,1
5.59999,1.62112,0.144581,0,0.0230343,0.730926,0.0230456,-0.00546231,-0.00187009,-0.999983,0.125197,0.4,0,0,flat,0,8.70933e-10,1.37078e-07,1,1.93519e-08,0,0,1
5.61999,1.62825,0.144872,0,0.0223171,0.73094,0.0223923,-0.00617951,-0.00425163,-0.999972,0.122266,0.4,0,0,flat,0,1.06521e-09,9.17267e-08,1,1.96538e-08,0,0,1
5.63999,1.63389,0.145366,0,0.0227923,0.73081,0.0229055,-0.00570437,-0.00471082,-0.999973,0.120288,0.4,0,0,flat,0,1.1079e-09,7.27391e-08,1,1.93421e-08,0,0,1
5.65999,1.64002,0.146013,0,0.0244363,0.730733,0.0245656,-0.00406032,-0.00495559,-0.999979,0.119447,0.4,0,0,flat,0,1.1138e-09,1.12283e-07,1,2.12709e-08,0,0,1
5.67999,1.6467,0.14688,0,0.0269527,0.730871,0.0272376,-0.00154397,-0.00636527,-0.999979,0.118632,0.4,0,0,flat,0,1.10548e-09,2.22284e-07,1,2.57655e-08,0,0,1
5.69999,1.6521,0.147792,0,0.0295824,0.731104,0.0302056,0.00108578,-0.00854871,-0.999963,0.117603,0.4,0,0,flat,0,1.29764e-09,6.00327e-07,0.999999,4.15078e-08,0,0,1
5.71999,1.65855,0.149294,0,0.0325821,0.73142,0.0337248,0.00408552,-0.0111484,-0.999929,0.116616,0.4,0,0,flat,0,2.23996e-09,2.11344e-06,0.999998,9.52337e-08,0,0,1
5.73999,1.66348,0.150967,0,0.0363925,0.731507,0.0377423,0.00789583,-0.0124518,-0.999891,0.11559,0.4,0,0,flat,0,5.8093e-09,8.90606e-06,0.999991,3.22754e-07,0,0,1
5.75999,1.66882,0.15336,0,0.0402086,0.731443,0.041363,0.011712,-0.0121499,-0.999858,0.113668,0.4,0,0,flat,0,2.05317e-08,4.92853e-05,0.999949,1.32388e-06,0,0,1
5.77999,1.67406,0.156268,0,0.04298,0.731123,0.0433024,0.0144833,-0.00769503,-0.999865,0.1127,0.4,0,0,flat,0,4.43928e-08,0.000154799,0.999841,4.46969e-06,0,0,1
5.79999,1.6793,0.159726,0,0.0436494,0.73016,0.0437258,0.0151528,6.31636e-05,-0.999885,0.112293,0.4,0,0,flat,0,6.35534e-08,0.000252361,0.999738,9.64346e-06,0,0,1
5.81999,1.68503,0.162846,0,0.0406467,0.729327,0.0408247,0.01215,0.0013077,-0.999925,0.111505,0.4,0,0,flat,0,8.34375e-08,0.000301588,0.999689,9.87634e-06,0,0,1
5.83999,1.69133,0.165415,0,0.0349569,0.729706,0.0349693,0.00646032,-0.00321383,-0.999974,0.115077,0.4,0,0,flat,0,1.35949e-07,7.81785e-05,0.999903,1.8634e-05,0,0,1
5.85999,1.69744,0.16874,0,0.0329079,0.730647,0.0330318,0.00441124,0.000358534,-0.99999,0.120223,0.4,0,0,flat,0,1.36026e-07,1.01891e-05,0.999984,6.0437e-06,0,0,1
5.87999,1.70261,0.171652,0,0.0312495,0.731519,0.0324584,0.00275286,0.00630098,-0.999976,0.123511,0.4,0,0,flat,0,2.77234e-07,3.66913e-06,0.999993,2.78944e-06,0,0,1
5.89999,1.70933,0.174864,0,0.0283342,0.732334,0.031375,-0.000162431,0.0110062,-0.999939,0.127915,0.4,0,0,flat,0,2.21915e-07,1.27041e-06,0.999997,1.70275e-06,0,0,1
5.91999,1.715,0.177123,0,0.0259512,0.732752,0.0301087,-0.00254546,0.0128016,-0.999915,0.13085,0.4,0,0,flat,0,1.66762e-07,1.29318e-06,0.999997,1.28748e-06,0,0,1
5.93999,1.72206,0.179536,0,0.0234267,0.73315,0.0286457,-0.00506996,0.0140222,-0.999889,0.132348,0.4,0,0,flat,0,1.80887e-07,2.65597e-06,0.999996,1.28482e-06,0,0,1
5.95999,1.72862,0.181393,0,0.0210881,0.733429,0.0279441,-0.0074085,0.0158737,-0.999847,0.134081,0.4,0,0,flat,0,1.85747e-07,4.71557e-06,0.999994,1.21045e-06,0,0,1
5.97999,1.73529,0.182856,0,0.0198246,0.733578,0.0285519,-0.00867207,0.018081,-0.999799,0.137078,0.4,0,0,flat,0,1.49295e-07,6.36928e-06,0.999992,9.32545e-07,0,0,1
5.99999,1.74214,0.18391,0,0.0194153,0.73356,0.0297382,-0.00908132,0.0200634,-0.999757,0.141018,0.4,0,0,flat,0,8.85469e-08,5.92438e-06,0.999993,5.51261e-07,0,0,1
6.01999,1.74917,0.184666,0,0.0200752,0.733347,0.0313484,-0.00842143,0.0216158,-0.999731,0.143954,0.4,0,0,flat,0,4.38279e-08,3.91854e-06,0.999996,2.63802e-07,0,0,1
6.03999,1.7555,0.185029,0,0.0226072,0.732906,0.0331957,-0.00588944,0.0218457,-0.999744,0.145674,0.4,0,0,flat,0,2.01145e-08,2.38192e-06,0.999997,1.30221e-07,0,0,1
6.05999,1.7633,0.184759,0,0.0262393,0.731914,0.0338413,-0.00225733,0.0189074,-0.999819,0.147114,0.4,0,0,flat,0,9.56731e-09,1.62017e-06,0.999998,7.96432e-08,0,0,1
6.08,1.76992,0.183813,0,0.0285696,0.730712,0.0324584,7.29348e-05,0.0129402,-0.999916,0.14848,0.4,0,0,flat,0,6.98387e-09,1.96641e-06,0.999998,8.39006e-08,0,0,1
6.1,1.77772,0.182561,0,0.0278845,0.729286,0.0302174,-0.000612161,0.00917413,-0.999958,0.154243,0.4,0,0,flat,0,1.32358e-08,5.63057e-06,0.999994,1.93018e-07,0,0,1
6.12,1.78577,0.181952,0,0.0240747,0.728966,0.0289973,-0.00442193,0.0136983,-0.999896,0.158174,0.4,0,0,flat,0,1.80452e-08,6.43377e-06,0.999993,3.43707e-07,0,0,1
6.14,1.793,0.180979,0,0.0236869,0.729592,0.0285915,-0.0048097,0.0135465,-0.999897,0.15078,0.4,0,0,flat,0,9.30414e-09,6.02028e-06,0.999994,2.37626e-07,0,0,1
6.16,1.80033,0.179613,0,0.0254043,0.730472,0.0282412,-0.00309229,0.00986686,-0.999947,0.147267,0.4,0,0,flat,0,3.79643e-09,2.89754e-06,0.999997,7.94111e-08,0,0,1
6.18,1.80733,0.179094,0,0.0241122,0.731033,0.0254335,-0.00438446,0.00561395,-0.999975,0.144052,0.4,0,0,flat,0,1.75685e-09,7.32585e-07,0.999999,3.77966e-08,0,0,1
6.2,1.81419,0.17909,0,0.0220183,0.731232,0.0222561,-0.00647833,0.000753902,-0.999979,0.140981,0.4,0,0,flat,0,9.55962e-10,2.19978e-07,1,2.64395e-08,0,0,1
6.22,1.82075,0.179415,0,0.0213976,0.731167,0.0214181,-0.00709902,-0.00165403,-0.999973,0.139141,0.4,0,0,flat,0,1.08214e-09,1.52061e-07,1,2.9212e-08,0,0,1
6.24,1.82651,0.179908,0,0.0217978,0.731035,0.0218015,-0.00669878,-0.00273448,-0.999974,0.137126,0.4,0,0,flat,0,1.11148e-09,1.18254e-07,1,2.63822e-08,0,0,1
6.26,1.83283,0.18056,0,0.0231121,0.730937,0.023154,-0.00538453,-0.00378169,-0.999978,0.135178,0.4,0,0,flat,0,1.02397e-09,1.33069e-07,1,2.4164e-08,0,0,1
6.28,1.83974,0.181393,0,0.0252634,0.730996,0.0254499,-0.0032332,-0.00551903,-0.99998,0.134035,0.4,0,0,flat,0,1.0299e-09,2.4625e-07,1,2.7941e-08,0,0,1
6.3,1.84596,0.182372,0,0.0276186,0.731193,0.0282116,-0.000878044,-0.00819895,-0.999966,0.133096,0.4,0,0,flat,0,1.21356e-09,6.29892e-07,0.999999,4.57378e-08,0,0,1
6.32,1.85206,0.183736,0,0.0300904,0.731421,0.0312703,0.00159375,-0.0109527,-0.999939,0.131965,0.4,0,0,flat,0,2.03993e-09,1.88953e-06,0.999998,1.01632e-07,0,0,1
6.34,1.85725,0.185407,0,0.0340773,0.731475,0.0356012,0.00558069,-0.0127597,-0.999903,0.130533,0.4,0,0,flat,0,5.09536e-09,7.02965e-06,0.999993,3.16194e-07,0,0,1
6.36,1.86331,0.188091,0,0.0384412,0.731279,0.0397563,0.00994462,-0.0125869,-0.999871,0.128359,0.4,0,0,flat,0,1.82657e-08,3.62974e-05,0.999962,1.24566e-06,0,0,1
6.38,1.86818,0.190786,0,0.0418206,0.730888,0.0423698,0.013324,-0.00923317,-0.999869,0.126921,0.4,0,0,flat,0,4.50391e-08,0.000136169,0.999859,4.41118e-06,0,0,1
6.4,1.87371,0.194364,0,0.0427233,0.729878,0.0427369,0.0142267,-0.00153452,-0.999898,0.125396,0.4,0,0,flat,0,5.76847e-08,0.000236113,0.999754,9.67198e-06,0,0,1
6.42,1.88041,0.197794,0,0.0390527,0.728989,0.0390985,0.0105561,-0.000655715,-0.999944,0.125011,0.4,0,0,flat,0,9.41565e-08,0.000298136,0.999688,1.4047e-05,0,0,1
6.44,1.88626,0.200106,0,0.0343248,0.729363,0.034364,0.00582822,-0.0040061,-0.999975,0.128547,0.4,0,0,flat,0,1.49e-07,7.94795e-05,0.999892,2.81247e-05,0,0,1
6.46,1.89275,0.203344,0,0.0320966,0.730312,0.0321891,0.00359994,-7.09823e-05,-0.999994,0.134059,0.4,0,0,flat,0,1.52503e-07,8.07663e-06,0.999986,5.74019e-06,0,0,1
6.48,1.89892,0.206407,0,0.0298934,0.731287,0.0313655,0.00139674,0.00701984,-0.999974,0.138997,0.4,0,0,flat,0,2.61944e-07,1.86406e-06,0.999995,2.95724e-06,0,0,1
6.5,1.90468,0.208842,0,0.0277355,0.731932,0.0309696,-0.000761174,0.0113109,-0.999936,0.144498,0.4,0,0,flat,0,2.1367e-07,8.19024e-07,0.999997,1.83012e-06,0,0,1
6.52001,1.91122,0.211168,0,0.0259907,0.732323,0.0298682,-0.00250589,0.012252,-0.999922,0.147564,0.4,0,0,flat,0,1.67807e-07,1.11219e-06,0.999997,1.27099e-06,0,0,1
6.54001,1.91857,0.213441,0,0.0235488,0.732598,0.0277149,-0.00494778,0.0121509,-0.999914,0.146856,0.4,0,0,flat,0,1.87683e-07,2.74739e-06,0.999996,1.23293e-06,0,0,1
6.56001,1.9254,0.215134,0,0.0216597,0.732761,0.0268652,-0.00683693,0.0134289,-0.999886,0.14844,0.4,0,0,flat,0,2.00927e-07,5.63986e-06,0.999993,1.1115e-06,0,0,1
6.58001,1.93168,0.216301,0,0.0199522,0.732827,0.0267985,-0.00854441,0.0154267,-0.999844,0.151409,0.4,0,0,flat,0,1.79088e-07,8.38624e-06,0.99999,9.39689e-07,0,0,1
6.60001,1.93879,0.217238,0,0.0189426,0.732761,0.0273969,-0.00955404,0.0173274,-0.999804,0.154064,0.4,0,0,flat,0,1.17137e-07,7.01074e-06,0.999992,5.5679e-07,0,0,1
6.62001,1.94595,0.217879,0,0.0192973,0.732506,0.0288117,-0.00919929,0.0189332,-0.999778,0.155355,0.4,0,0,flat,0,5.83967e-08,3.74017e-06,0.999996,2.3759e-07,0,0,1
6.64001,1.95308,0.218083,0,0.0216033,0.732001,0.0304278,-0.00689336,0.0189637,-0.999796,0.156372,0.4,0,0,flat,0,2.47198e-08,1.86384e-06,0.999998,1.0319e-07,0,0,1
6.66001,1.96031,0.217566,0,0.0247336,0.731212,0.0306172,-0.00376305,0.0155832,-0.999871,0.158362,0.4,0,0,flat,0,8.79521e-09,1.01439e-06,0.999999,4.8525e-08,0,0,1
6.68001,1.96789,0.216278,0,0.0264509,0.729975,0.0288406,-0.00204575,0.00902461,-0.999957,0.159986,0.4,0,0,flat,0,5.57249e-09,9.05157e-07,0.999999,4.54991e-08,0,0,1
6.70001,1.97596,0.2148,0,0.0249635,0.728606,0.0264312,-0.00353313,0.00621357,-0.999974,0.16576,0.4,0,0,flat,0,9.74274e-09,2.26577e-06,0.999998,9.38256e-08,0,0,1
6.72001,1.98416,0.213994,0,0.0213506,0.728403,0.025785,-0.00714606,0.0119921,-0.999903,0.168472,0.4,0,0,flat,0,9.50964e-09,1.38458e-06,0.999998,1.27488e-07,0,0,1
6.74001,1.99135,0.212697,0,0.0222882,0.729083,0.0264852,-0.00620847,0.0118426,-0.999911,0.161291,0.4,0,0,flat,0,6.04532e-09,1.86183e-06,0.999998,9.60816e-08,0,0,1
6.76001,1.99863,0.211113,0,0.0251991,0.729997,0.0276611,-0.00329751,0.00893861,-0.999955,0.158732,0.4,0,0,flat,0,2.96276e-09,1.43574e-06,0.999999,4.46295e-08,0,0,1
6.78001,2.00563,0.21044,0,0.0242202,0.730608,0.0251317,-0.00427642,0.00423258,-0.999982,0.155582,0.4,0,0,flat,0,1.7886e-09,5.4441e-07,0.999999,3.27322e-08,0,0,1
6.80001,2.01248,0.210316,0,0.0222078,0.730869,0.022363,-0.00628879,0.000138037,-0.99998,0.152559,0.4,0,0,flat,0,1.17048e-09,2.74791e-07,1,3.25588e-08,0,0,1
6.82001,2.01895,0.210575,0,0.02133,0.730838,0.0213372,-0.00716661,-0.00200078,-0.999972,0.149778,0.4,0,0,flat,0,1.43913e-09,2.60231e-07,1,3.89282e-08,0,0,1
6.84001,2.02515,0.211028,0,0.0218791,0.730694,0.0218834,-0.00661749,-0.0026499,-0.999975,0.148316,0.4,0,0,flat,0,1.39561e-09,2.05736e-07,1,3.30401e-08,0,0,1
6.86001,2.03063,0.21154,0,0.0232459,0.73064,0.0232644,-0.00525075,-0.00334582,-0.999981,0.147046,0.4,0,0,flat,0,1.27118e-09,2.24705e-07,1,2.78668e-08,0,0,1
6.88001,2.03728,0.212323,0,0.0255943,0.730778,0.0257179,-0.00290229,-0.00495071,-0.999984,0.145869,0.4,0,0,flat,0,1.23452e-09,3.91774e-07,1,3.12292e-08,0,0,1
6.90001,2.04263,0.213148,0,0.0279059,0.731002,0.0282918,-0.000590727,-0.00708991,-0.999975,0.14481,0.4,0,0,flat,0,1.4657e-09,1.00448e-06,0.999999,5.06444e-08,0,0,1
6.92001,2.04908,0.214553,0,0.0309213,0.731314,0.0319194,0.0024247,-0.0103699,-0.999943,0.143528,0.4,0,0,flat,0,2.54646e-09,3.45963e-06,0.999996,1.16874e-07,0,0,1
6.94001,2.05404,0.216154,0,0.0343982,0.731408,0.0356932,0.00590154,-0.0119802,-0.999911,0.142415,0.4,0,0,flat,0,6.15437e-09,1.17566e-05,0.999988,3.75892e-07,0,0,1
6.96002,2.05934,0.218474,0,0.0382477,0.731333,0.0394069,0.00975103,-0.0119387,-0.999881,0.140438,0.4,0,0,flat,0,2.11409e-08,5.86259e-05,0.99994,1.49095e-06,0,0,1
6.98002,2.06452,0.221315,0,0.0411001,0.731002,0.0415557,0.0126035,-0.00856898,-0.999884,0.139303,0.4,0,0,flat,0,4.70757e-08,0.000192634,0.999802,5.15854e-06,0,0,1
7.00002,2.06969,0.224734,0,0.042044,0.729997,0.0420945,0.0135474,-0.000481672,-0.999908,0.138565,0.4,0,0,flat,0,6.49472e-08,0.000331363,0.999657,1.15711e-05,0,0,1
7.02002,2.07603,0.227986,0,0.0383594,0.729156,0.0384031,0.00986279,-0.000705869,-0.999951,0.137725,0.4,0,0,flat,0,1.03262e-07,0.000463231,0.999523,1.39427e-05,0,0,1
7.04002,2.08232,0.230498,0,0.0325245,0.729625,0.032605,0.00402791,-0.00469074,-0.999981,0.142408,0.4,0,0,flat,0,1.57033e-07,0.000109487,0.999862,2.84302e-05,0,0,1
7.06002,2.08732,0.233098,0,0.0308261,0.730408,0.0308539,0.00232946,-0.00125846,-0.999996,0.148066,0.4,0,0,flat,0,1.4953e-07,1.04557e-05,0.999984,5.55968e-06,0,0,1
7.08002,2.09353,0.236495,0,0.0292286,0.731459,0.0303886,0.000731986,0.00584775,-0.999983,0.151858,0.4,0,0,flat,0,2.76108e-07,2.90162e-06,0.999994,2.85302e-06,0,0,1
7.10002,2.09894,0.239079,0,0.0271639,0.732133,0.0295411,-0.00133275,0.00914094,-0.999957,0.153199,0.4,0,0,flat,0,2.51827e-07,1.08159e-06,0.999997,1.65012e-06,0,0,1
7.12002,2.1052,0.241484,0,0.0243654,0.732639,0.0277729,-0.00413124,0.0108612,-0.999932,0.156572,0.4,0,0,flat,0,2.05297e-07,1.5756e-06,0.999997,1.42985e-06,0,0,1
7.14002,2.11227,0.243748,0,0.0218844,0.733049,0.0261887,-0.00661223,0.011921,-0.999907,0.159,0.4,0,0,flat,0,1.9756e-07,2.78288e-06,0.999996,1.38091e-06,0,0,1
7.16002,2.11819,0.245356,0,0.0198769,0.733344,0.0252949,-0.00861975,0.0131825,-0.999876,0.160099,0.4,0,0,flat,0,2.046e-07,4.94145e-06,0.999993,1.38029e-06,0,0,1
7.18002,2.12481,0.24677,0,0.0187458,0.733552,0.026077,-0.00975084,0.0156622,-0.99983,0.163516,0.4,0,0,flat,0,1.73638e-07,7.9074e-06,0.999991,1.16053e-06,0,0,1
7.20002,2.13167,0.24776,0,0.0182828,0.733531,0.0275076,-0.0102138,0.0180866,-0.999784,0.168636,0.4,0,0,flat,0,1.12718e-07,8.63497e-06,0.999991,6.8272e-07,0,0,1
7.22002,2.13881,0.248508,0,0.0182945,0.733286,0.0284724,-0.0102021,0.0193556,-0.999761,0.170625,0.4,0,0,flat,0,5.53526e-08,4.69428e-06,0.999995,2.83106e-07,0,0,1
7.24002,2.14586,0.248949,0,0.0206928,0.732764,0.0299061,-0.00780385,0.0191268,-0.999787,0.169797,0.4,0,0,flat,0,2.35968e-08,2.55643e-06,0.999997,1.24243e-07,0,0,1
7.26002,2.15301,0.248626,0,0.0244723,0.731875,0.0309021,-0.00402434,0.0164063,-0.999857,0.171954,0.4,0,0,flat,0,1.08078e-08,1.70008e-06,0.999998,7.69619e-08,0,0,1
7.28002,2.16134,0.247312,0,0.0271309,0.730327,0.0293162,-0.00136568,0.00863399,-0.999962,0.174605,0.4,0,0,flat,0,6.70736e-09,1.75396e-06,0.999998,6.90031e-08,0,0,1
7.30002,2.16854,0.246245,0,0.0261332,0.729063,0.0276761,-0.00236346,0.00664219,-0.999975,0.180253,0.4,0,0,flat,0,1.70746e-08,6.59535e-06,0.999993,2.33115e-07,0,0,1
7.32002,2.17722,0.245604,0,0.0233319,0.728865,0.0273446,-0.0051647,0.011794,-0.999917,0.182253,0.4,0,0,flat,0,1.49847e-08,4.747e-06,0.999995,2.57388e-07,0,0,1
7.34002,2.18442,0.244681,0,0.0232895,0.729537,0.0269073,-0.00520709,0.0110123,-0.999926,0.173757,0.4,0,0,flat,0,7.19075e-09,5.35204e-06,0.999995,1.49301e-07,0,0,1
7.36002,2.19064,0.243784,0,0.0237868,0.730204,0.026109,-0.00470984,0.00828949,-0.999955,0.169409,0.4,0,0,flat,0,2.34392e-09,1.32588e-06,0.999999,4.8009e-08,0,0,1
7.38002,2.19756,0.243338,0,0.0229061,0.730758,0.0237889,-0.0055905,0.00394646,-0.999977,0.166693,0.4,0,0,flat,0,1.13999e-09,3.20861e-07,1,2.27008e-08,0,0,1
7.40003,2.20501,0.243519,0,0.0211767,0.731028,0.0212673,-0.00731989,-0.000543152,-0.999973,0.164735,0.4,0,0,flat,0,8.41957e-10,1.23042e-07,1,1.93933e-08,0,0,1
7.42003,2.21081,0.244059,0,0.0208396,0.730998,0.0208426,-0.00765703,-0.00225146,-0.999968,0.16329,0.4,0,0,flat,0,9.53338e-10,8.7701e-08,1,2.12621e-08,0,0,1
7.44003,2.21706,0.244906,0,0.0217076,0.730891,0.0217138,-0.00678901,-0.0027817,-0.999973,0.161578,0.4,0,0,flat,0,1.08083e-09,7.97575e-08,1,2.15484e-08,0,0,1
7.46003,2.22388,0.246038,0,0.0233869,0.730849,0.0234279,-0.00510969,-0.00375886,-0.99998,0.159062,0.4,0,0,flat,0,9.72902e-10,1.02105e-07,1,1.99936e-08,0,0,1
7.48003,2.22941,0.247111,0,0.0251989,0.730904,0.0253161,-0.00329771,-0.00486025,-0.999983,0.157436,0.4,0,0,flat,0,9.01432e-10,2.02727e-07,1,2.37114e-08,0,0,1
7.50003,2.23547,0.248471,0,0.0276582,0.731067,0.0279633,-0.00083846,-0.00656522,-0.999978,0.156576,0.4,0,0,flat,0,1.12948e-09,6.28021e-07,0.999999,4.00626e-08,0,0,1
7.52003,2.24139,0.250151,0,0.0304657,0.73127,0.0311902,0.00196904,-0.00913408,-0.999956,0.15573,0.4,0,0,flat,0,1.93229e-09,2.05686e-06,0.999998,9.33302e-08,0,0,1
7.54003,2.24704,0.252312,0,0.0340737,0.731365,0.0351292,0.00557704,-0.0110016,-0.999924,0.154604,0.4,0,0,flat,0,4.83613e-09,8.19876e-06,0.999991,3.00007e-07,0,0,1
7.56003,2.25237,0.25503,0,0.0381373,0.731265,0.0389794,0.00964068,-0.0105021,-0.999898,0.153082,0.4,0,0,flat,0,1.58307e-08,3.92842e-05,0.999959,1.19274e-06,0,0,1
7.58003,2.25758,0.258268,0,0.0412146,0.730903,0.041435,0.012718,-0.00669459,-0.999897,0.152069,0.4,0,0,flat,0,3.50753e-08,0.000157893,0.999838,4.01818e-06,0,0,1
7.60003,2.26339,0.262478,0,0.0419695,0.729682,0.0422331,0.0134729,0.00221927,-0.999907,0.15114,0.4,0,0,flat,0,5.20387e-08,0.000274956,0.999715,9.93042e-06,0,0,1
7.62003,2.26872,0.265441,0,0.0386967,0.729062,0.0389059,0.0102001,0.00152505,-0.999947,0.151,0.4,0,0,flat,0,8.48073e-08,0.000768259,0.999219,1.25812e-05,0,0,1
7.64003,2.27546,0.268604,0,0.0340187,0.729678,0.034031,0.00552204,-0.0016996,-0.999983,0.155698,0.4,0,0,flat,0,1.49436e-07,0.000122159,0.999848,2.99292e-05,0,0,1
7.66003,2.28062,0.271385,0,0.0324672,0.730549,0.0327473,0.00397058,0.0017813,-0.999991,0.161571,0.4,0,0,flat,0,1.71456e-07,1.41483e-05,0.99998,5.7228e-06,0,0,1
7.68003,2.2866,0.27468,0,0.0301553,0.731515,0.0317715,0.00165867,0.00753004,-0.99997,0.165982,0.4,0,0,flat,0,2.59354e-07,3.01794e-06,0.999994,2.97109e-06,0,0,1
7.70003,2.29281,0.277752,0,0.027689,0.732197,0.0309253,-0.000807589,0.0113038,-0.999936,0.169755,0.4,0,0,flat,0,2.03664e-07,1.15842e-06,0.999997,1.70215e-06,0,0,1
7.72003,2.29982,0.280678,0,0.0251423,0.732641,0.029304,-0.00335429,0.0125879,-0.999915,0.1724,0.4,0,0,flat,0,1.72661e-07,1.85455e-06,0.999997,1.4435e-06,0,0,1
7.74003,2.30637,0.282992,0,0.0231551,0.732924,0.0279931,-0.00534151,0.0132669,-0.999898,0.174253,0.4,0,0,flat,0,1.92607e-07,4.30139e-06,0.999994,1.59655e-06,0,0,1
7.76003,2.31241,0.284816,0,0.0211091,0.733127,0.0270553,-0.00738752,0.0144614,-0.999868,0.176303,0.4,0,0,flat,0,2.10165e-07,8.83962e-06,0.999989,1.64887e-06,0,0,1
7.78003,2.31923,0.286531,0,0.0197696,0.733247,0.0273381,-0.00872699,0.0164164,-0.999827,0.178832,0.4,0,0,flat,0,1.88398e-07,1.3316e-05,0.999985,1.39346e-06,0,0,1
7.80003,2.32621,0.287904,0,0.019262,0.733218,0.0284724,-0.00923461,0.0185038,-0.999786,0.181412,0.4,0,0,flat,0,1.24646e-07,1.31403e-05,0.999986,8.77293e-07,0,0,1
7.82003,2.33397,0.289013,0,0.0204187,0.732953,0.030465,-0.00807795,0.0201462,-0.999764,0.183847,0.4,0,0,flat,0,6.15797e-08,8.36008e-06,0.999991,4.37836e-07,0,0,1
7.84004,2.34105,0.28952,0,0.0232316,0.732418,0.0321502,-0.00526505,0.0197598,-0.999791,0.185834,0.4,0,0,flat,0,2.62826e-08,5.01812e-06,0.999995,2.0113e-07,0,0,1
7.86004,2.34824,0.28933,0,0.0265316,0.731521,0.0323314,-0.00196507,0.0160096,-0.99987,0.187454,0.4,0,0,flat,0,1.08361e-08,3.03779e-06,0.999997,9.87687e-08,0,0,1
7.88004,2.35571,0.288338,0,0.028641,0.730159,0.0308655,0.000144373,0.00903223,-0.999959,0.188107,0.4,0,0,flat,0,7.61703e-09,2.85691e-06,0.999997,9.43229e-08,0,0,1
7.90004,2.36292,0.287343,0,0.0275094,0.728965,0.0288241,-0.000987239,0.00613715,-0.999981,0.195173,0.4,0,0,flat,0,1.309e-08,6.3207e-06,0.999993,2.02718e-07,0,0,1
7.92004,2.37098,0.286797,0,0.0242018,0.728694,0.0277213,-0.00429481,0.011049,-0.99993,0.198936,0.4,0,0,flat,0,1.54027e-08,5.38684e-06,0.999994,3.00338e-07,0,0,1
7.94004,2.37882,0.285811,0,0.0248781,0.729426,0.0282517,-0.00361853,0.0109167,-0.999934,0.190402,0.4,0,0,flat,0,8.34252e-09,6.34949e-06,0.999993,2.02631e-07,0,0,1
7.96004,2.38489,0.284906,0,0.0261846,0.73013,0.0283297,-0.00231207,0.00834671,-0.999963,0.186673,0.4,0,0,flat,0,3.50191e-09,2.97489e-06,0.999997,7.91994e-08,0,0,1
7.98004,2.39185,0.284547,0,0.0248775,0.730723,0.0257109,-0.00361915,0.00402046,-0.999985,0.183051,0.4,0,0,flat,0,1.76493e-09,7.87019e-07,0.999999,4.28617e-08,0,0,1
8.00004,2.39874,0.284734,0,0.0223099,0.730994,0.022379,-0.00618674,-0.000762691,-0.999981,0.179392,0.4,0,0,flat,0,1.09953e-09,3.14108e-07,1,3.44766e-08,0,0,1
8.02004,2.4052,0.285286,0,0.0211908,0.730931,0.0212027,-0.00730584,-0.00305191,-0.999969,0.177199,0.4,0,0,flat,0,1.14534e-09,2.31316e-07,1,3.49928e-08,0,0,1
8.04004,2.41135,0.286028,0,0.021868,0.730745,0.0218943,-0.00662858,-0.00347854,-0.999972,0.176339,0.4,0,0,flat,0,1.2242e-09,1.68338e-07,1,3.11822e-08,0,0,1
8.06004,2.41745,0.286925,0,0.0234692,0.730664,0.0235218,-0.0050274,-0.00398537,-0.999979,0.175179,0.4,0,0,flat,0,1.1022e-09,1.5817e-07,1,2.58679e-08,0,0,1
8.08004,2.42354,0.287989,0,0.0255305,0.73078,0.0256947,-0.00296612,-0.00532617,-0.999981,0.17383,0.4,0,0,flat,0,1.0042e-09,2.37138e-07,1,2.69523e-08,0,0,1
8.10004,2.42955,0.289244,0,0.0280259,0.731036,0.0285017,-0.000470758,-0.00762593,-0.999971,0.172534,0.4,0,0,flat,0,1.16307e-09,6.07215e-07,0.999999,4.14927e-08,0,0,1
8.12004,2.43545,0.290857,0,0.0307815,0.731299,0.0318559,0.00228491,-0.0106485,-0.999941,0.170857,0.4,0,0,flat,0,1.99039e-09,2.02437e-06,0.999998,9.37047e-08,0,0,1
8.14004,2.44164,0.293211,0,0.0341983,0.731413,0.0357082,0.00570164,-0.0127234,-0.999903,0.169351,0.4,0,0,flat,0,5.23057e-09,8.51492e-06,0.999991,3.07283e-07,0,0,1
8.16004,2.44643,0.295628,0,0.0380496,0.731314,0.0393327,0.00955299,-0.0124136,-0.999877,0.167892,0.4,0,0,flat,0,1.72569e-08,4.23371e-05,0.999956,1.29986e-06,0,0,1
8.18004,2.45156,0.298798,0,0.0413102,0.730955,0.0417832,0.0128136,-0.00870682,-0.99988,0.167061,0.4,0,0,flat,0,4.19052e-08,0.000168428,0.999827,4.80007e-06,0,0,1
8.20004,2.45671,0.302568,0,0.0424859,0.729964,0.0425229,0.0139892,-0.000775631,-0.999902,0.166116,0.4,0,0,flat,0,5.74398e-08,0.000309152,0.99968,1.09004e-05,0,0,1
8.22004,2.46306,0.306308,0,0.0388978,0.729075,0.0389519,0.0104011,-0.000502419,-0.999946,0.165241,0.4,0,0,flat,0,9.02529e-08,0.000364874,0.999622,1.34311e-05,0,0,1
8.24004,2.46874,0.308895,0,0.0337626,0.729433,0.0338166,0.00526593,-0.00431381,-0.999977,0.169454,0.4,0,0,flat,0,1.33676e-07,8.85367e-05,0.999886,2.52916e-05,0,0,1
8.26005,2.47488,0.312462,0,0.0316886,0.730351,0.0317227,0.00319202,-0.00107771,-0.999994,0.174422,0.4,0,0,flat,0,1.50281e-07,1.07535e-05,0.999983,6.57408e-06,0,0,1
8.28005,2.4807,0.315852,0,0.0296619,0.731308,0.0307978,0.00116525,0.00581107,-0.999982,0.178693,0.4,0,0,flat,0,2.86962e-07,3.22252e-06,0.999993,3.26255e-06,0,0,1
8.30005,2.48684,0.318909,0,0.0269144,0.732029,0.0297702,-0.00158224,0.0102544,-0.999946,0.182878,0.4,0,0,flat,0,2.27733e-07,1.05783e-06,0.999997,1.8745e-06,0,0,1
8.32005,2.49254,0.321307,0,0.0246898,0.73245,0.028378,-0.00380683,0.0115242,-0.999926,0.185558,0.4,0,0,flat,0,1.67488e-07,1.23017e-06,0.999997,1.41455e-06,0,0,1
8.34005,2.49968,0.323878,0,0.0223778,0.732849,0.0269471,-0.00611882,0.0125499,-0.999903,0.187847,0.4,0,0,flat,0,1.86465e-07,2.63831e-06,0.999996,1.42544e-06,0,0,1
8.36005,2.50633,0.325892,0,0.0201766,0.733113,0.0261637,-0.00832,0.0141931,-0.999865,0.190245,0.4,0,0,flat,0,1.9431e-07,5.15437e-06,0.999993,1.38845e-06,0,0,1
8.38005,2.51245,0.327432,0,0.0188584,0.733271,0.0261409,-0.00963825,0.0156373,-0.999831,0.191569,0.4,0,0,flat,0,1.63188e-07,7.24328e-06,0.999992,1.08217e-06,0,0,1
8.40005,2.51939,0.328775,0,0.0185104,0.73333,0.027349,-0.00998627,0.0176695,-0.999794,0.194454,0.4,0,0,flat,0,1.01656e-07,7.23625e-06,0.999992,6.63768e-07,0,0,1
8.42005,2.52716,0.329814,0,0.0198551,0.733145,0.0296659,-0.00864149,0.0195815,-0.999771,0.198643,0.4,0,0,flat,0,4.97701e-08,5.45501e-06,0.999994,3.25995e-07,0,0,1
8.44005,2.53358,0.330316,0,0.0224087,0.732698,0.0314756,-0.00608796,0.0196414,-0.999789,0.200731,0.4,0,0,flat,0,2.28045e-08,3.319e-06,0.999997,1.5362e-07,0,0,1
8.46005,2.54088,0.330313,0,0.0259547,0.731827,0.0324179,-0.00254197,0.0169595,-0.999853,0.202417,0.4,0,0,flat,0,1.12169e-08,2.12282e-06,0.999998,8.98186e-08,0,0,1
8.48005,2.54856,0.329518,0,0.0282133,0.730516,0.0309831,-0.00028331,0.0103351,-0.999947,0.204354,0.4,0,0,flat,0,7.98148e-09,2.29797e-06,0.999998,9.01703e-08,0,0,1
8.50005,2.55668,0.328536,0,0.027221,0.729047,0.028708,-0.00127558,0.0066452,-0.999977,0.209667,0.4,0,0,flat,0,1.30099e-08,5.60771e-06,0.999994,1.73211e-07,0,0,1
8.52005,2.56482,0.328218,0,0.0238899,0.728769,0.0276632,-0.00460672,0.0114799,-0.999923,0.212992,0.4,0,0,flat,0,1.52098e-08,3.72836e-06,0.999996,2.67847e-07,0,0,1
8.54005,2.57301,0.327517,0,0.023232,0.729494,0.0267384,-0.00526467,0.0107659,-0.999928,0.202354,0.4,0,0,flat,0,7.49698e-09,4.47578e-06,0.999995,1.60281e-07,0,0,1
8.56005,2.57927,0.326714,0,0.0241393,0.730223,0.026291,-0.00435735,0.00794711,-0.999959,0.198769,0.4,0,0,flat,0,2.56594e-09,1.71877e-06,0.999998,5.11107e-08,0,0,1
8.58005,2.58691,0.326432,0,0.0233612,0.730866,0.0240778,-0.00513542,0.00335442,-0.999981,0.197108,0.4,0,0,flat,0,1.33333e-09,5.14507e-07,1,2.88688e-08,0,0,1
8.60005,2.59384,0.326841,0,0.0212371,0.731113,0.0212785,-0.00725952,-0.00118764,-0.999973,0.194275,0.4,0,0,flat,0,8.73267e-10,1.78126e-07,1,2.08511e-08,0,0,1
8.62005,2.59974,0.327569,0,0.0204807,0.731057,0.0204965,-0.00801592,-0.00314263,-0.999963,0.192028,0.4,0,0,flat,0,9.34483e-10,1.12072e-07,1,2.12872e-08,0,0,1
8.64005,2.60601,0.328563,0,0.0212199,0.730884,0.0212505,-0.0072767,-0.00355845,-0.999967,0.19058,0.4,0,0,flat,0,1.04968e-09,9.769e-08,1,2.2095e-08,0,0,1
8.66005,2.6122,0.329662,0,0.0230629,0.730811,0.0231257,-0.00543373,-0.00410741,-0.999977,0.189446,0.4,0,0,flat,0,9.9978e-10,1.18297e-07,1,2.03336e-08,0,0,1
8.68005,2.61837,0.330905,0,0.0249492,0.730931,0.0251317,-0.0035474,-0.00546591,-0.999979,0.188168,0.4,0,0,flat,0,8.96877e-10,2.03131e-07,1,2.25485e-08,0,0,1
8.70006,2.62504,0.3325,0,0.0277524,0.731202,0.0282939,-0.000744249,-0.00794851,-0.999968,0.186692,0.4,0,0,flat,0,1.07472e-09,5.87759e-07,0.999999,3.61222e-08,0,0,1
8.72006,2.63098,0.334301,0,0.0305543,0.731467,0.0316832,0.00205768,-0.0108338,-0.999939,0.185575,0.4,0,0,flat,0,1.86412e-09,1.95646e-06,0.999998,8.46189e-08,0,0,1
8.74006,2.63595,0.336324,0,0.0342908,0.731535,0.0356464,0.00579418,-0.0121905,-0.999909,0.184681,0.4,0,0,flat,0,4.66425e-09,7.7123e-06,0.999992,2.81774e-07,0,0,1
8.76006,2.64127,0.339108,0,0.0382188,0.731435,0.0393751,0.00972214,-0.0119193,-0.999882,0.18247,0.4,0,0,flat,0,1.7339e-08,4.39635e-05,0.999955,1.18243e-06,0,0,1
8.78006,2.64697,0.342766,0,0.0411887,0.730991,0.0414954,0.012692,-0.00747656,-0.999892,0.181252,0.4,0,0,flat,0,3.90319e-08,0.000143666,0.999852,4.18186e-06,0,0,1
8.80006,2.65158,0.346261,0,0.0420316,0.730019,0.0421285,0.013535,0.000336981,-0.999908,0.18095,0.4,0,0,flat,0,5.99625e-08,0.000260109,0.99973,9.42439e-06,0,0,1
8.82006,2.65732,0.349859,0,0.0393276,0.729133,0.039573,0.010831,0.00189642,-0.99994,0.179487,0.4,0,0,flat,0,7.60555e-08,0.000379331,0.999611,9.90662e-06,0,0,1
8.84006,2.66347,0.352854,0,0.034037,0.7295,0.0340415,0.0055404,-0.00271649,-0.999981,0.183561,0.4,0,0,flat,0,1.36209e-07,8.22466e-05,0.999897,2.05268e-05,0,0,1
8.86006,2.66908,0.356099,0,0.0321658,0.730357,0.0322668,0.00366919,5.49716e-05,-0.999993,0.189994,0.4,0,0,flat,0,1.40298e-07,1.02451e-05,0.999984,5.7212e-06,0,0,1
8.88006,2.67485,0.359616,0,0.0300238,0.731306,0.0311844,0.00152715,0.00595278,-0.999981,0.193793,0.4,0,0,flat,0,2.50388e-07,2.97858e-06,0.999994,2.8145e-06,0,0,1
8.90006,2.68093,0.362905,0,0.0274502,0.732028,0.0302785,-0.00104647,0.0103109,-0.999946,0.197771,0.4,0,0,flat,0,2.01647e-07,1.08074e-06,0.999997,1.61407e-06,0,0,1
8.92006,2.68719,0.365782,0,0.0251101,0.732488,0.0290055,-0.00338656,0.0120522,-0.999922,0.20069,0.4,0,0,flat,0,1.70944e-07,1.5761e-06,0.999997,1.35567e-06,0,0,1
8.94006,2.69359,0.368311,0,0.0230501,0.73281,0.0278244,-0.00544654,0.0131213,-0.999899,0.203004,0.4,0,0,flat,0,1.86405e-07,3.31632e-06,0.999995,1.41906e-06,0,0,1
8.96006,2.70018,0.370535,0,0.0211306,0.733033,0.0269715,-0.00736607,0.0142989,-0.999871,0.204899,0.4,0,0,flat,0,1.88159e-07,6.32922e-06,0.999992,1.35897e-06,0,0,1
8.98006,2.70692,0.372447,0,0.0196771,0.733163,0.0270487,-0.00881953,0.0160953,-0.999832,0.206765,0.4,0,0,flat,0,1.61319e-07,8.85313e-06,0.99999,1.08252e-06,0,0,1
9.00006,2.71382,0.373972,0,0.0190971,0.733147,0.0282749,-0.00939957,0.0183882,-0.999787,0.210002,0.4,0,0,flat,0,1.04907e-07,8.62827e-06,0.999991,6.63093e-07,0,0,1
9.02006,2.72084,0.375141,0,0.0198228,0.732936,0.0300354,-0.00867382,0.0201033,-0.99976,0.212862,0.4,0,0,flat,0,5.23552e-08,5.58937e-06,0.999994,3.25734e-07,0,0,1
9.04006,2.72792,0.375894,0,0.0222376,0.732446,0.0317697,-0.00625902,0.0202275,-0.999776,0.214683,0.4,0,0,flat,0,2.32538e-08,3.18478e-06,0.999997,1.49298e-07,0,0,1
9.06006,2.73512,0.375987,0,0.0254649,0.731616,0.0321669,-0.00303174,0.0171892,-0.999848,0.216285,0.4,0,0,flat,0,9.63945e-09,1.93329e-06,0.999998,7.63512e-08,0,0,1
9.08006,2.74341,0.375183,0,0.0277351,0.730173,0.0301878,-0.000761549,0.00944769,-0.999955,0.217675,0.4,0,0,flat,0,6.38381e-09,1.86804e-06,0.999998,7.30518e-08,0,0,1
9.10006,2.75143,0.374428,0,0.0262835,0.72891,0.0281756,-0.00221317,0.00768333,-0.999968,0.224092,0.4,0,0,flat,0,1.48423e-08,6.35761e-06,0.999993,2.29457e-07,0,0,1
9.12006,2.75939,0.37424,0,0.0234519,0.72885,0.027865,-0.00504478,0.0125829,-0.999908,0.225189,0.4,0,0,flat,0,1.14954e-08,4.29021e-06,0.999995,2.34306e-07,0,0,1
9.14007,2.76585,0.373605,0,0.0240827,0.729464,0.0279803,-0.00441396,0.0117797,-0.999921,0.218389,0.4,0,0,flat,0,6.53085e-09,5.49577e-06,0.999994,1.49752e-07,0,0,1
9.16007,2.77271,0.372785,0,0.0255625,0.730259,0.0278715,-0.00293414,0.00863766,-0.999958,0.214131,0.4,0,0,flat,0,2.7146e-09,2.10136e-06,0.999998,5.81231e-08,0,0,1
9.18007,2.77973,0.37258,0,0.0245506,0.730856,0.0254546,-0.00394598,0.00425142,-0.999983,0.211593,0.4,0,0,flat,0,1.42894e-09,6.94577e-07,0.999999,3.55666e-08,0,0,1
9.20007,2.78658,0.37294,0,0.0225958,0.731113,0.0227148,-0.00590088,-0.000160987,-0.999983,0.209454,0.4,0,0,flat,0,9.76525e-10,2.9095e-07,1,3.2737e-08,0,0,1
9.22007,2.7937,0.373811,0,0.0216954,0.731034,0.0217001,-0.00680119,-0.00254911,-0.999974,0.207226,0.4,0,0,flat,0,1.22108e-09,2.29825e-07,1,3.82109e-08,0,0,1
9.24007,2.79927,0.374724,0,0.0222503,0.730856,0.0222642,-0.00624633,-0.00310004,-0.999976,0.205679,0.4,0,0,flat,0,1.34269e-09,1.86165e-07,1,3.54779e-08,0,0,1
9.26007,2.80596,0.375936,0,0.0238815,0.730765,0.0239114,-0.00461513,-0.00356928,-0.999983,0.204614,0.4,0,0,flat,0,1.27787e-09,2.07379e-07,1,3.11459e-08,0,0,1
9.28007,2.8114,0.377056,0,0.0260057,0.730872,0.0261386,-0.00249093,-0.00505624,-0.999984,0.203324,0.4,0,0,flat,0,1.17072e-09,3.41394e-07,1,3.31126e-08,0,0,1
9.30007,2.81796,0.378672,0,0.0287436,0.731113,0.0292409,0.000246965,-0.00781016,-0.999969,0.201152,0.4,0,0,flat,0,1.34114e-09,8.93259e-07,0.999999,5.0669e-08,0,0,1
9.32007,2.82383,0.380541,0,0.03121,0.731313,0.0322926,0.0027134,-0.0107357,-0.999939,0.199092,0.4,0,0,flat,0,2.35681e-09,3.14429e-06,0.999997,1.14579e-07,0,0,1
9.34007,2.82889,0.382606,0,0.033925,0.731406,0.0353846,0.00542835,-0.0125085,-0.999907,0.198246,0.4,0,0,flat,0,5.84263e-09,1.2813e-05,0.999987,3.75894e-07,0,0,1
9.36007,2.83464,0.385686,0,0.0381344,0.73133,0.0392644,0.00963774,-0.0118039,-0.999884,0.197287,0.4,0,0,flat,0,1.81338e-08,5.77893e-05,0.999941,1.57349e-06,0,0,1
9.38007,2.83961,0.389022,0,0.0414195,0.730947,0.0417475,0.0129229,-0.00764835,-0.999887,0.196524,0.4,0,0,flat,0,4.60975e-08,0.000212547,0.999782,5.292e-06,0,0,1
9.40007,2.84465,0.392953,0,0.0423346,0.729864,0.0424148,0.013838,9.68601e-05,-0.999904,0.195128,0.4,0,0,flat,0,6.00871e-08,0.000319475,0.99967,1.08297e-05,0,0,1
9.42007,2.85032,0.39647,0,0.0389283,0.729103,0.0390115,0.0104317,1.80481e-05,-0.999946,0.194461,0.4,0,0,flat,0,8.62998e-08,0.000611863,0.999376,1.23732e-05,0,0,1
9.44007,2.85581,0.399218,0,0.0342909,0.729503,0.0343206,0.00579431,-0.0037815,-0.999976,0.197937,0.4,0,0,flat,0,1.42373e-07,0.000109152,0.999865,2.60301e-05,0,0,1
9.46007,2.86181,0.402883,0,0.032403,0.73046,0.0324804,0.00390642,-0.000280611,-0.999992,0.203707,0.4,0,0,flat,0,1.75367e-07,1.84734e-05,0.999972,9.56673e-06,0,0,1
9.48007,2.8675,0.406463,0,0.0303516,0.731422,0.0315437,0.00185494,0.00611573,-0.99998,0.207839,0.4,0,0,flat,0,2.97793e-07,4.84595e-06,0.999991,3.7015e-06,0,0,1
9.50007,2.8729,0.409458,0,0.0280563,0.732085,0.030418,-0.0004403,0.00928073,-0.999957,0.210592,0.4,0,0,flat,0,2.08113e-07,1.42808e-06,0.999996,2.03159e-06,0,0,1
9.52007,2.8791,0.412415,0,0.0254663,0.732602,0.0286935,-0.00303028,0.0107537,-0.999938,0.212982,0.4,0,0,flat,0,1.8692e-07,2.40237e-06,0.999996,1.80421e-06,0,0,1
9.54007,2.88542,0.415037,0,0.0232925,0.73296,0.0277106,-0.0052041,0.0125462,-0.999908,0.216685,0.4,0,0,flat,0,2.05512e-07,5.11592e-06,0.999993,1.88513e-06,0,0,1
9.56007,2.89194,0.417393,0,0.0209863,0.733153,0.026546,-0.00751037,0.0137934,-0.999877,0.218136,0.4,0,0,flat,0,2.03839e-07,9.37024e-06,0.999989,1.75833e-06,0,0,1
9.58008,2.89861,0.419521,0,0.0194219,0.733266,0.0260152,-0.00907469,0.0148447,-0.999849,0.217719,0.4,0,0,flat,0,1.74285e-07,1.19165e-05,0.999987,1.33402e-06,0,0,1
9.60008,2.90542,0.421175,0,0.0189437,0.733278,0.0272638,-0.00955292,0.017141,-0.999807,0.221407,0.4,0,0,flat,0,1.10487e-07,1.30173e-05,0.999986,8.172e-07,0,0,1
9.62008,2.91237,0.422443,0,0.0199323,0.733099,0.0292266,-0.00856434,0.0189113,-0.999784,0.225216,0.4,0,0,flat,0,5.39706e-08,9.10808e-06,0.99999,4.1018e-07,0,0,1
9.64008,2.91942,0.423344,0,0.0223935,0.732631,0.0310945,-0.00610312,0.0191083,-0.999799,0.226969,0.4,0,0,flat,0,2.48319e-08,5.00992e-06,0.999995,1.92838e-07,0,0,1
9.66008,2.92737,0.423663,0,0.0259289,0.731736,0.0322298,-0.00256776,0.0166778,-0.999858,0.229145,0.4,0,0,flat,0,1.12877e-08,3.02318e-06,0.999997,1.03712e-07,0,0,1
9.68008,2.93497,0.423857,0,0.0278921,0.731508,0.034108,-0.000604501,0.0171643,-0.999852,0.231067,0.4,0,0,flat,0,6.05271e-09,1.41593e-06,0.999998,9.4902e-08,0,0,1
9.70008,2.94191,0.42379,0,0.0329986,0.732108,0.0388599,0.00450202,0.0180542,-0.999827,0.226071,0.4,0,0,flat,0,6.83515e-09,3.12001e-06,0.999997,1.1942e-07,0,0,1
9.72008,2.94826,0.423043,0,0.0400468,0.733195,0.0439733,0.0115502,0.0156929,-0.99981,0.221644,0.4,0,0,flat,0,7.84872e-09,6.49372e-06,0.999993,1.31474e-07,0,0,1
9.74008,2.95386,0.422503,0,0.044312,0.734722,0.047374,0.0158154,0.0142843,-0.999773,0.216808,0.4,0,0,flat,0,9.55966e-09,3.77844e-06,0.999996,1.1365e-07,0,0,1
9.76008,2.96075,0.422214,0,0.0455592,0.735966,0.0468946,0.0170626,0.00862765,-0.999817,0.210802,0.4,0,0,flat,0,4.23587e-09,5.95458e-07,0.999999,8.20149e-08,0,0,1
9.78008,2.96658,0.422636,0,0.0447226,0.736535,0.0450026,0.016226,0.0025091,-0.999865,0.205925,0.4,0,0,flat,0,2.76791e-09,1.01675e-07,1,7.92969e-08,0,0,1
9.80008,2.97168,0.423648,0,0.0441713,0.73673,0.0442099,0.0156747,-0.000710882,-0.999877,0.203156,0.4,0,0,flat,0,1.7555e-09,2.29872e-08,1,5.7437e-08,0,0,1
9.82008,2.97584,0.425007,0,0.043712,0.736723,0.0437217,0.0152154,-0.00174323,-0.999883,0.199718,0.4,0,0,flat,0,9.47727e-10,9.38686e-09,1,2.50319e-08,0,0,1
9.84008,2.98012,0.426943,0,0.0429412,0.736628,0.0429485,0.0144445,-0.00196798,-0.999894,0.194877,0.4,0,0,flat,0,6.01837e-10,1.10036e-08,1,1.2763e-08,0,0,1
9.86008,2.98398,0.429195,0,0.0425238,0.736485,0.0425384,0.0140272,-0.00154222,-0.9999,0.191794,0.4,0,0,flat,0,6.24317e-10,4.16385e-08,1,1.48959e-08,0,0,1
9.88008,2.98772,0.432018,0,0.0426582,0.736353,0.0426797,0.0141615,-0.00123209,-0.999899,0.190396,0.4,0,0,flat,0,1.0726e-09,3.15272e-07,1,3.38381e-08,0,0,1
9.90008,2.99044,0.434661,0,0.0427916,0.736227,0.0427997,0.0142949,-0.00180038,-0.999896,0.190132,0.4,0,0,flat,0,2.06494e-09,2.24066e-06,0.999998,1.07422e-07,0,0,1
9.92008,2.99308,0.438092,0,0.0428316,0.736163,0.0428387,0.014335,-0.00192733,-0.999895,0.190197,0.4,0,0,flat,0,4.49344e-09,1.25339e-05,0.999987,3.52962e-07,0,0,1
9.94008,2.99565,0.442586,0,0.0421339,0.736262,0.0421582,0.0136372,-0.00110322,-0.999906,0.189273,0.4,0,0,flat,0,9.48259e-09,4.25879e-05,0.999956,1.09967e-06,0,0,1
9.96008,2.99761,0.446903,0,0.0404058,0.736532,0.0404801,0.0119092,-8.78674e-05,-0.999929,0.186372,0.4,0,0,flat,0,1.9558e-08,8.44583e-05,0.999913,2.95392e-06,0,0,1
9.98008,2.9999,0.453005,0,0.0371883,0.737306,0.0373293,0.00869168,0.00073591,-0.999962,0.179856,0.4,0,0,flat,0,3.58153e-08,8.84088e-05,0.999906,5.21578e-06,0,0,1
10.0001,3.00154,0.459244,0,0.0346957,0.738392,0.0360323,0.00619909,0.00724586,-0.999955,0.172371,0.4,0,0,flat,0,6.84615e-08,5.30295e-05,0.999938,8.41826e-06,0,0,1
10.0201,3.00256,0.465125,0,0.0355069,0.738948,0.0422895,0.00701028,0.0205045,-0.999765,0.171532,0.4,0,0,flat,0,8.55571e-08,2.0806e-06,0.999992,5.65273e-06,0,0,1
10.0401,3.00353,0.471721,0,0.0387006,0.738503,0.050562,0.0102039,0.0300691,-0.999496,0.17377,0.4,0,0,flat,0,1.51198e-07,2.91801e-08,0.999997,2.6196e-06,0,0,1
10.0601,3.00473,0.475859,0,0.0385463,0.738971,0.0443594,0.0100497,0.0194858,-0.99976,0.175637,0.4,0,0,flat,0,2.58841e-07,1.77996e-07,0.999996,3.88225e-06,0,0,1
10.0801,3.00656,0.481292,0,0.0330072,0.739809,0.0395096,0.0045106,0.019248,-0.999805,0.173168,0.4,0,0,flat,0,9.37345e-07,2.47657e-07,0.999993,5.41502e-06,0,0,1
10.1001,3.00816,0.48654,0,0.0271642,0.741045,0.0399015,-0.00133239,0.0267611,-0.999641,0.175787,0.4,0,0,flat,0,1.30977e-06,3.00359e-08,0.999997,1.33493e-06,0,0,1
10.1201,3.00941,0.491554,0,0.0222943,0.742399,0.0409894,-0.0062023,0.0319325,-0.999471,0.176893,0.4,0,0,flat,0,7.60113e-07,1.31586e-09,0.999999,2.76719e-07,0,0,1
10.1401,3.01025,0.495073,0,0.018212,0.743245,0.0396903,-0.0102846,0.0328014,-0.999409,0.176338,0.4,0,0,flat,0,6.58277e-07,4.24034e-10,0.999999,2.54756e-07,0,0,1
10.1601,3.01126,0.498415,0,0.0120622,0.743935,0.0383503,-0.0164344,0.0339399,-0.999289,0.177965,0.4,0,0,flat,0,9.45773e-07,5.24865e-10,0.999999,4.16665e-07,0,0,1
10.1801,3.01236,0.501458,0,0.00464877,0.744369,0.0384497,-0.0238479,0.0357007,-0.999078,0.1811,0.4,0,0,flat,0,1.10625e-06,5.21032e-10,0.999998,5.45143e-07,0,0,1
10.2001,3.01333,0.50386,0,-0.00380316,0.744578,0.0416073,-0.0322998,0.0389617,-0.998719,0.185677,0.4,0,0,flat,0,8.60022e-07,3.29177e-10,0.999999,3.53908e-07,0,0,1
10.2201,3.01402,0.506044,0,-0.00868187,0.744821,0.046146,-0.0371785,0.0428418,-0.99839,0.188244,0.4,0,0,flat,0,4.31153e-07,2.1074e-10,0.999999,1.78381e-07,0,0,1
10.2401,3.01428,0.507717,0,-0.00949817,0.745069,0.0493492,-0.0379948,0.0459408,-0.998221,0.188369,0.4,0,0,flat,0,1.76584e-07,2.27553e-10,1,9.05022e-08,0,0,1
10.2601,3.01437,0.509367,0,-0.0056438,0.745428,0.0508219,-0.0341404,0.0480234,-0.998263,0.184852,0.4,0,0,flat,0,1.04435e-07,7.26843e-10,1,7.346e-08,0,0,1
10.2801,3.01455,0.510959,0,0.00130349,0.745926,0.0534202,-0.0271931,0.0509218,-0.998332,0.178685,0.4,0,0,flat,0,1.03266e-07,4.01613e-09,1,1.54566e-07,0,0,1
10.3001,3.01492,0.51255,0,0.00970038,0.746589,0.059782,-0.0187963,0.0565035,-0.998225,0.171,0.4,0,0,flat,0,1.61921e-07,3.90215e-08,0.999999,4.75501e-07,0,0,1
10.3201,3.01512,0.513605,0,0.0195645,0.747159,0.0651362,-0.00893217,0.0596395,-0.99818,0.162281,0.4,0,0,flat,0,3.51258e-07,3.25677e-07,0.999998,1.53072e-06,0,0,1
10.3401,3.01466,0.51388,0,0.0304078,0.747556,0.0665638,0.00191122,0.0567254,-0.998388,0.153094,0.4,0,0,flat,0,4.43892e-07,9.66626e-07,0.999996,2.8885e-06,0,0,1
10.3601,3.01387,0.513364,0,0.0383068,0.747805,0.0620197,0.00981016,0.0462969,-0.99888,0.148985,0.4,0,0,flat,0,8.73217e-07,1.29325e-06,0.999994,3.87793e-06,0,0,1
10.3801,3.01324,0.512969,0,0.0385371,0.747472,0.0526884,0.0100405,0.033459,-0.99939,0.147042,0.4,0,0,flat,0,1.39902e-06,3.5263e-07,0.999996,2.38317e-06,0,0,1
10.4001,3.0126,0.513196,0,0.0337896,0.746237,0.0420478,0.00529292,0.0225596,-0.999731,0.141518,0.4,0,0,flat,0,1.19379e-06,7.75134e-09,0.999998,7.03337e-07,0,0,1
10.4201,3.01106,0.514209,0,0.0286459,0.743694,0.0344368,0.000149319,0.0166485,-0.999861,0.135572,0.4,0,0,flat,0,1.59262e-06,2.60328e-10,0.999998,3.0979e-07,0,0,1
10.4401,3.00883,0.516564,0,0.0238115,0.742738,0.036584,-0.00468513,0.0253116,-0.999669,0.131933,0.4,0,0,flat,0,2.94068e-06,1.61581e-11,0.999997,1.64392e-07,0,0,1
10.4601,3.00666,0.518472,0,0.017983,0.74249,0.0364567,-0.0105136,0.0292486,-0.999517,0.129983,0.4,0,0,flat,0,6.28893e-07,3.13946e-12,0.999999,4.13565e-08,0,0,1
10.4801,3.00397,0.52064,0,0.0122879,0.742501,0.0347933,-0.0162087,0.030089,-0.999416,0.128998,0.4,0,0,flat,0,1.94783e-07,2.17867e-12,1,1.43208e-08,0,0,1
10.5001,3.0007,0.523308,0,0.00695205,0.742458,0.0345509,-0.0215446,0.0313815,-0.999275,0.128774,0.4,0,0,flat,0,1.93117e-07,5.07568e-12,1,1.26494e-08,0,0,1
10.5201,2.99749,0.526057,0,0.00114386,0.742149,0.0363503,-0.0273528,0.0338672,-0.999052,0.128981,0.4,0,0,flat,0,3.06724e-07,1.35894e-11,1,2.81761e-08,0,0,1
10.5401,2.99442,0.528709,0,-0.0037083,0.741433,0.0403488,-0.0322049,0.0377054,-0.99877,0.130861,0.4,0,0,flat,0,4.27754e-06,5.78934e-11,0.999995,2.64933e-07,0,0,1
10.5601,2.99098,0.532034,0,-0.0101191,0.739894,0.0482569,-0.0386157,0.0446992,-0.998254,0.135058,0.4,0,0,flat,0,0.000119999,2.4934e-10,0.999874,6.19349e-06,0,0,1
10.5801,2.98718,0.537123,0,-0.0181457,0.73725,0.0579821,-0.0466423,0.0525609,-0.997528,0.137331,0.4,0,0,flat,0,0.0108556,1.28067e-09,0.988915,0.000229627,0,0,1
10.6001,2.98373,0.542355,0,-0.0255356,0.735057,0.0628072,-0.0540322,0.0548522,-0.997031,0.13758,0.4,0,0,flat,0,0.382997,2.39197e-09,0.615069,0.00193463,0,0,1
10.6201,2.97919,0.548444,0,-0.0318515,0.735087,0.051587,-0.0603481,0.0380553,-0.997452,0.133618,0.4,0,0,flat,0,0.313672,3.75258e-09,0.685404,0.000924054,0,0,1
10.6401,2.97484,0.554578,0,-0.0317939,0.736297,0.0494241,-0.0602905,0.0353188,-0.997556,0.125282,0.4,0,0,flat,0,0.714885,5.30929e-09,0.284215,0.000899256,0,0,1
10.6601,2.96972,0.561118,0,-0.0250319,0.738383,0.0469479,-0.0535286,0.0372157,-0.997873,0.122796,0.4,0,0,flat,0,0.886061,2.44187e-09,0.11357,0.000369432,0,0,1
10.6801,2.96509,0.56701,0,-0.0177304,0.740713,0.0446554,-0.046227,0.0384949,-0.998189,0.122198,0.4,0,0,flat,0,0.836373,4.14276e-09,0.163255,0.000371999,0,0,1
10.7001,2.96081,0.572879,0,-0.0141614,0.742856,0.0452233,-0.0426581,0.0404647,-0.99827,0.121658,0.4,0,0,flat,0,0.758942,6.39874e-09,0.240598,0.000460256,0,0,1
10.7201,2.95732,0.577593,0,-0.0146173,0.744081,0.0470976,-0.0431139,0.0422851,-0.998175,0.121844,0.4,0,0,flat,0,0.779367,7.12203e-09,0.220214,0.000419351,0,0,1
10.7401,2.9542,0.581201,0,-0.0165448,0.744584,0.0474846,-0.0450414,0.0420183,-0.998101,0.12157,0.4,0,0,slope_up,0,0.858131,8.09427e-09,0.141391,0.000478382,0.1,0,0.9
10.7601,2.95071,0.584481,0,-0.0193501,0.744526,0.0465256,-0.0478468,0.0398178,-0.998061,0.1221,0.4,0,0,slope_up,0,0.911733,5.81817e-09,0.0877586,0.000508478,0.2,0,0.8
10.7801,2.94672,0.587294,0,-0.0220135,0.743852,0.0428456,-0.0505101,0.034265,-0.998136,0.121433,0.4,0,0,slope_up,0,0.929167,5.72737e-09,0.0702112,0.000621601,0.3,0,0.7
10.8001,2.9433,0.58912,0,-0.0233735,0.743016,0.0383892,-0.0518701,0.027961,-0.998262,0.118805,0.4,0,0,slope_up,0,0.944481,9.05952e-09,0.0549799,0.000538958,0.4,0,0.6
10.8201,2.93896,0.590776,0,-0.0235984,0.741867,0.0321576,-0.052095,0.0193555,-0.998455,0.114247,0.4,0,0,slope_up,0,0.930334,2.19196e-08,0.069266,0.000399675,0.5,0,0.5
10.8401,2.93529,0.591539,0,-0.0221238,0.74087,0.0259693,-0.0506204,0.0111053,-0.998656,0.112362,0.4,0,0,slope_up,0,0.839801,7.64677e-08,0.159904,0.000294173,0.6,0,0.4
10.8601,2.93125,0.591825,0,-0.019831,0.739755,0.0202655,-0.0483277,0.00165,-0.99883,0.111468,0.4,0,0,slope_up,0,0.653181,1.16424e-07,0.346644,0.000174577,0.7,0,0.3
10.8801,2.92736,0.591698,0,-0.0165599,0.738623,0.0191369,-0.0450565,-0.0120282,-0.998912,0.109103,0.4,0,0,slope_up,0,0.559534,9.75515e-08,0.440368,9.75769e-05,0.8,0,0.2
10.9001,2.92352,0.59124,0,-0.0118462,0.737217,0.0301859,-0.0403428,-0.0302118,-0.998729,0.103201,0.4,0,0,slope_up,0,0.696943,1.01811e-07,0.302969,8.74911e-05,0.9,0,0.1
10.9201,2.91989,0.591514,0,-0.00820786,0.73673,0.035765,-0.0367045,-0.0372568,-0.998631,0.102193,0.4,0,0,slope_up,0,0.905982,1.04795e-07,0.0939309,8.67189e-05,1,0,0
10.9401,2.91757,0.592817,0,-0.0117831,0.738643,0.0236129,-0.0402797,-0.0229104,-0.998926,0.11042,0.4,0,0,slope_up,0,0.998045,1.12743e-09,0.00193533,1.97947e-05,1,0,0
10.9601,2.91563,0.592827,0,-0.0109194,0.739867,0.0157392,-0.039416,-0.0137896,-0.999128,0.107801,0.4,0,0,slope_up,0,0.99888,1.27228e-09,0.00109936,2.02285e-05,1,0,0
10.9801,2.91354,0.592283,0,-0.00685196,0.74145,0.0127048,-0.0353486,-0.0131547,-0.999288,0.099867,0.4,0,0,slope_up,0,0.999687,2.96144e-09,0.000306654,6.54271e-06,1,0,0
11.0001,2.91194,0.591964,0,-0.00241046,0.743826,0.0209823,-0.0309071,-0.0233026,-0.999251,0.0910975,0.4,0,0,slope_up,0,0.999737,7.63059e-09,0.000254084,8.51514e-06,1,0,0
11.0201,2.9106,0.592492,0,0.00332177,0.746859,0.0341203,-0.0251749,-0.0364139,-0.99902,0.0850984,0.4,0,0,slope_up,0,0.999859,2.86817e-08,0.000116767,2.41767e-05,1,0,0
11.0401,2.90935,0.593948,0,0.0102823,0.749444,0.0442719,-0.0182143,-0.0455114,-0.998798,0.0800547,0.4,0,0,slope_up,0,0.999778,4.19352e-08,0.000142922,7.87421e-05,1,0,0
11.0601,2.90812,0.596412,0,0.0209329,0.751569,0.0537906,-0.00756369,-0.0519948,-0.998619,0.0737331,0.4,0,0,slope_up,0,0.999879,2.62385e-08,4.50248e-05,7.62569e-05,1,0,0
11.0801,2.90703,0.599515,0,0.0310639,0.752995,0.0598269,0.00256727,-0.0535712,-0.998561,0.0693263,0.4,0,0,slope_up,0,0.999906,8.93486e-09,1.7286e-05,7.68828e-05,1,0,0
11.1001,2.90615,0.603764,0,0.0429864,0.754132,0.0676597,0.0144898,-0.05468,-0.998399,0.0661838,0.4,0,0,slope_up,0,0.9999,3.22416e-09,1.31233e-05,8.65904e-05,1,0,0
11.1201,2.90565,0.609328,0,0.0516988,0.75482,0.073849,0.0232022,-0.0551534,-0.998208,0.0657287,0.4,0,0,slope_up,0,0.999903,7.45995e-10,1.24518e-05,8.44675e-05,1,0,0
11.1401,2.90554,0.614608,0,0.0601859,0.754822,0.0787791,0.0316893,-0.0532383,-0.998079,0.066558,0.4,0,0,slope_up,0,0.999919,1.34523e-10,9.38837e-06,7.18974e-05,1,0,0
11.1601,2.90581,0.621887,0,0.0680124,0.753962,0.0799467,0.0395157,-0.0444203,-0.998231,0.0712842,0.4,0,0,slope_up,0,0.999948,2.1095e-11,3.81319e-06,4.85734e-05,1,0,0
11.1801,2.90647,0.62925,0,0.0735423,0.752151,0.0779055,0.0450457,-0.0280896,-0.99859,0.0802487,0.4,0,0,slope_up,0,0.999952,3.66487e-12,1.33107e-06,4.70576e-05,1,0,0
11.2001,2.90742,0.636551,0,0.0768345,0.749446,0.0769454,0.0483379,-0.00613609,-0.998812,0.0888952,0.4,0,0,slope_up,0,0.999952,1.06587e-12,2.56348e-07,4.74042e-05,1,0,0
11.2201,2.90857,0.642904,0,0.0796992,0.747229,0.079816,0.0512025,0.00133604,-0.998687,0.0997832,0.4,0,0,slope_up,0,0.999946,8.47784e-13,3.84434e-08,5.36829e-05,1,0,0
11.2401,2.9108,0.647871,0,0.0761653,0.747221,0.0762114,0.0476686,-0.00438198,-0.998854,0.103164,0.4,0,0,slope_up,0,0.999877,2.56697e-11,8.41333e-08,0.000122841,1,0,0
11.2601,2.91368,0.653604,0,0.0694553,0.747645,0.0701682,0.0409586,0.00740076,-0.999133,0.107831,0.4,0,0,slope_up,0,0.999951,2.01234e-11,2.43005e-08,4.89728e-05,1,0,0
11.2801,2.91612,0.657478,0,0.0652854,0.74798,0.0685626,0.0367887,0.0184344,-0.999153,0.113319,0.4,0,0,slope_up,0,0.999977,1.39292e-11,8.07742e-09,2.26528e-05,1,0,0
11.3001,2.919,0.660879,0,0.0628951,0.748311,0.0690282,0.0343985,0.0259448,-0.999071,0.119329,0.4,0,0,slope_up,0,0.999987,1.5737e-11,1.69062e-09,1.32253e-05,1,0,0
11.3201,2.92241,0.663917,0,0.062912,0.748501,0.070394,0.0344153,0.0290822,-0.998984,0.124559,0.4,0,0,slope_up,0,0.999996,4.08544e-12,1.22814e-10,3.54795e-06,1,0,0
11.3401,2.92553,0.666068,0,0.0642013,0.748452,0.0718658,0.0357046,0.0297907,-0.998918,0.128817,0.4,0,0,slope_up,0,0.999999,1.07819e-12,1.04175e-11,1.01275e-06,1,0,0
11.3601,2.92944,0.668239,0,0.0656781,0.748094,0.0731877,0.0371815,0.0297874,-0.998864,0.13241,0.4,0,0,slope_up,0,1,7.88725e-13,1.98378e-12,4.21848e-07,1,0,0
11.3801,2.9338,0.670283,0,0.0669278,0.747382,0.0743225,0.0384311,0.0298092,-0.998817,0.134776,0.4,0,0,slope_up,0,1,1.17133e-12,9.98416e-13,2.77702e-07,1,0,0
11.4001,2.93861,0.672281,0,0.0676123,0.746369,0.0751075,0.0391157,0.0301947,-0.998778,0.135861,0.4,0,0,slope_up,0,1,2.07172e-12,9.05392e-13,2.4776e-07,1,0,0
11.4201,2.94442,0.674418,0,0.0679367,0.74495,0.0754933,0.0394401,0.03041,-0.998759,0.135391,0.4,0,0,slope_up,0,1,3.04118e-12,1.26739e-12,2.83146e-07,1,0,0
11.4401,2.94956,0.675945,0,0.0681085,0.743912,0.0742832,0.0396119,0.0271384,-0.998847,0.133071,0.4,0,0,slope_up,0,1,4.04986e-12,2.78364e-12,4.00296e-07,1,0,0
11.4601,2.95629,0.677741,0,0.0685022,0.743091,0.072824,0.0400056,0.0221974,-0.998953,0.130316,0.4,0,0,slope_up,0,1,1.95904e-12,1.65724e-12,4.05937e-07,1,0,0
11.4801,2.96198,0.679318,0,0.0692887,0.742475,0.0728601,0.040792,0.0200079,-0.998967,0.12764,0.4,0,0,slope_up,0,0.999999,5.30151e-12,9.89339e-12,1.45969e-06,1,0,0
11.5001,2.96928,0.681223,0,0.0700731,0.741571,0.0730122,0.0415765,0.0179789,-0.998974,0.124034,0.4,0,0,slope_up,0,0.999996,2.2507e-11,4.29423e-11,4.16579e-06,1,0,0
11.5201,2.97604,0.682612,0,0.0714641,0.740379,0.0734984,0.0429675,0.0146297,-0.998969,0.120654,0.4,0,0,slope_up,0,0.999992,1.05701e-10,1.13778e-10,7.92402e-06,1,0,0
11.5401,2.98242,0.68365,0,0.0719248,0.739219,0.0738458,0.0434282,0.0141859,-0.998956,0.122326,0.4,0,0,slope_up,0,0.999995,1.60903e-10,1.30728e-10,5.19088e-06,1,0,0
11.5601,2.99037,0.684796,0,0.0716065,0.738241,0.0745534,0.0431098,0.0182197,-0.998904,0.129697,0.4,0,0,slope_up,0,0.999991,1.11381e-10,1.53512e-09,8.59459e-06,1,0,0
11.5801,2.99717,0.686499,0,0.072248,0.73848,0.0759644,0.0437514,0.0209359,-0.998823,0.121983,0.4,0,0,slope_up,0,0.999995,5.97e-11,9.65008e-09,4.47004e-06,1,0,0
11.6001,3.00366,0.688459,0,0.0718168,0.739433,0.0753644,0.0433202,0.0203205,-0.998855,0.108747,0.4,0,0,slope_up,0,0.999998,9.02115e-11,2.46257e-09,1.53908e-06,1,0,0
11.6201,3.01078,0.690215,0,0.0743888,0.740956,0.076435,0.0458922,0.0150098,-0.998834,0.104214,0.4,0,0,slope_up,0,0.999998,4.65142e-10,4.18296e-10,1.74369e-06,1,0,0
11.6401,3.01842,0.692067,0,0.0809431,0.742683,0.0813297,0.0524465,0.00516293,-0.99861,0.102836,0.4,0,0,slope_up,0,0.999992,2.173e-09,4.20396e-09,7.80917e-06,1,0,0
11.6601,3.02473,0.693914,0,0.0871126,0.743807,0.0871519,0.058616,-0.00305978,-0.998276,0.0994917,0.4,0,0,slope_up,0,0.999988,5.55684e-09,2.92562e-08,1.24052e-05,1,0,0
11.6801,3.03168,0.696163,0,0.094065,0.744647,0.0945709,0.0655683,-0.0117049,-0.997779,0.0960126,0.4,0,0,slope_up,0,0.999983,1.05003e-08,1.00881e-07,1.64365e-05,1,0,0
11.7001,3.03846,0.698597,0,0.100804,0.745038,0.102336,0.0723075,-0.0196771,-0.997188,0.093217,0.4,0,0,slope_up,0,0.999974,1.60889e-08,3.0289e-07,2.61512e-05,1,0,0
11.7201,3.04509,0.701299,0,0.106703,0.745048,0.109558,0.0782066,-0.0268831,-0.996575,0.0906066,0.4,0,0,slope_up,0,0.999963,1.42164e-08,6.15317e-07,3.62754e-05,1,0,0
11.7401,3.0522,0.704532,0,0.112386,0.744815,0.117206,0.0838896,-0.035276,-0.99585,0.0890366,0.4,0,0,slope_up,0,0.999957,9.96256e-09,8.68747e-07,4.17236e-05,1,0,0
11.7601,3.05862,0.707764,0,0.116975,0.744443,0.123877,0.0884787,-0.0427474,-0.99516,0.0887477,0.4,0,0,slope_up,0,0.999956,4.34085e-09,9.33901e-07,4.34217e-05,1,0,0
11.7801,3.06506,0.711568,0,0.120945,0.743668,0.129042,0.0924488,-0.0469167,-0.994612,0.088691,0.4,0,0,slope_up,0,0.999965,1.46484e-09,6.05193e-07,3.41351e-05,1,0,0
11.8001,3.0709,0.715646,0,0.123729,0.742293,0.130919,0.0952329,-0.0446495,-0.994453,0.0890692,0.4,0,0,slope_up,0,0.999979,2.98223e-10,2.24669e-07,2.08248e-05,1,0,0
11.8201,3.0774,0.720894,0,0.125363,0.739662,0.128968,0.0968659,-0.0319722,-0.994784,0.0893568,0.4,0,0,slope_up,0,0.999984,1.47777e-10,9.2004e-08,1.55457e-05,1,0,0
11.8401,3.08415,0.725504,0,0.123587,0.737211,0.125655,0.0950902,-0.0242617,-0.995173,0.0840892,0.4,0,0,slope_up,0,0.999974,1.87641e-09,1.77442e-07,2.58748e-05,1,0,0
11.8601,3.09215,0.730262,0,0.117254,0.734698,0.117904,0.0887574,-0.0135723,-0.995961,0.0765056,0.4,0,0,slope_up,0,0.999895,1.92681e-08,1.15691e-06,0.000104205,1,0,0
11.8801,3.09957,0.733801,0,0.112577,0.73259,0.112705,0.0840809,-0.00477645,-0.996448,0.0738875,0.4,0,0,slope_up,0,0.999836,4.30341e-08,4.38396e-06,0.000159526,1,0,0
11.9001,3.10668,0.735708,0,0.111287,0.732214,0.111507,0.0827908,-0.00763257,-0.996538,0.0704901,0.4,0,0,slope_up,0,0.999973,2.62556e-09,3.34633e-07,2.63018e-05,1,0,0
11.9201,3.11297,0.737319,0,0.112557,0.733049,0.112664,0.0840608,-0.00160579,-0.996459,0.068777,0.4,0,0,slope_up,0,0.999995,9.13615e-11,1.6566e-07,5.1309e-06,1,0,0
11.9401,3.11994,0.738968,0,0.115429,0.734565,0.115988,0.0869327,0.00767381,-0.996185,0.0649785,0.4,0,0,slope_up,0,0.999988,3.82528e-11,5.45116e-07,1.09649e-05,1,0,0
11.9601,3.12685,0.740365,0,0.11977,0.736107,0.121306,0.0912737,0.015899,-0.995699,0.0638793,0.4,0,0,slope_up,0,0.999985,8.85318e-11,2.47239e-07,1.49603e-05,1,0,0
11.9801,3.13445,0.741775,0,0.124725,0.737601,0.12734,0.0962287,0.0223814,-0.995108,0.062434,0.4,0,0,slope_up,0,0.999974,4.3141e-10,1.45222e-07,2.53061e-05,1,0,0
12.0001,3.14135,0.743168,0,0.128235,0.738967,0.131879,0.0997384,0.0275092,-0.994633,0.0554989,0.4,0,0,slope_up,0,0.999924,3.80541e-09,1.68426e-07,7.56091e-05,1,0,0
12.0201,3.14787,0.744583,0,0.132069,0.740403,0.13658,0.103573,0.031494,-0.994123,0.0464867,0.4,0,0,slope_up,0,0.999625,2.53539e-08,6.12099e-07,0.000374302,1,0,0
12.0401,3.15395,0.746083,0,0.137473,0.74191,0.142837,0.108976,0.035366,-0.993415,0.0294613,0.4,0,0,slope_up,0,0.998585,6.78134e-08,2.0437e-06,0.00141236,1,0,0
12.0601,3.15907,0.747504,0,0.142436,0.743307,0.14797,0.11394,0.0365397,-0.992815,0.0128219,0.4,0,0,slope_up,0,0.996529,1.3186e-07,4.13712e-06,0.00346683,1,0,0
12.0801,3.16481,0.749074,0,0.146789,0.744884,0.152586,0.118293,0.0379895,-0.992252,-0.0030947,0.4,0,0,slope_up,0,0.993282,2.53014e-07,1.14546e-05,0.00670583,1,0,0
12.1001,3.17119,0.750764,0,0.150261,0.746555,0.155888,0.121765,0.0377047,-0.991843,-0.0209923,0.4,0,0,slope_up,0,0.990006,2.11414e-07,1.85032e-05,0.00997546,1,0,0
12.1201,3.17622,0.752138,0,0.15383,0.74799,0.159212,0.125334,0.0370931,-0.991421,-0.0382768,0.4,0,0,slope_up,0,0.985868,2.13606e-07,2.29091e-05,0.0141087,1,0,0
12.1401,3.18144,0.753296,0,0.159581,0.750127,0.165096,0.131085,0.0381414,-0.990637,-0.0578297,0.4,0,0,slope_up,0,0.985787,2.11261e-07,2.48802e-05,0.0141879,1,0,0
12.1601,3.18607,0.753386,0,0.166216,0.752927,0.170518,0.137719,0.0333774,-0.989909,-0.0745493,0.4,0,0,slope_up,0,0.995596,1.14651e-07,2.46064e-05,0.00437939,1,0,0
12.1801,3.19207,0.752536,0,0.166178,0.755742,0.168217,0.137681,0.0205295,-0.990264,-0.0896443,0.4,0,0,slope_up,0,0.998569,1.04649e-08,3.92652e-05,0.00139201,1,0,0
12.2001,3.19782,0.751369,0,0.163062,0.758053,0.163563,0.134565,0.00287019,-0.990901,-0.105159,0.4,0,0,slope_up,0,0.999657,3.20388e-09,1.54205e-06,0.000341924,1,0,0
12.2201,3.20288,0.750131,0,0.163785,0.760197,0.164446,0.135288,-0.0112873,-0.990742,-0.118131,0.4,0,0,slope_up,0,0.99945,3.41541e-08,4.46737e-06,0.000545375,1,0,0
12.2401,3.20753,0.749076,0,0.168195,0.762231,0.169935,0.139698,-0.0230892,-0.989925,-0.133013,0.4,0,0,slope_up,0,0.99976,3.75773e-08,1.43891e-06,0.000238719,1,0,0
12.2601,3.21182,0.748204,0,0.171701,0.764056,0.174561,0.143205,-0.0308371,-0.989213,-0.143654,0.4,0,0,slope_up,0,0.999877,2.24229e-08,7.94998e-07,0.000121919,1,0,0
12.2801,3.21677,0.747401,0,0.174305,0.766164,0.178664,0.145809,-0.0389537,-0.988546,-0.152908,0.4,0,0,slope_up,0,0.999844,2.61042e-08,1.41202e-06,0.000154649,1,0,0
12.3001,3.22174,0.746815,0,0.175808,0.768401,0.182,0.147311,-0.0470629,-0.98797,-0.159659,0.4,0,0,slope_up,0,0.99973,3.47051e-08,3.65257e-06,0.00026631,1,0,0
12.3201,3.22659,0.74656,0,0.176851,0.770815,0.185496,0.148354,-0.0561635,-0.987338,-0.16501,0.4,0,0,slope_up,0,0.999553,4.69601e-08,1.00039e-05,0.000437255,1,0,0
12.3401,3.23187,0.746931,0,0.177604,0.773616,0.1892,0.149107,-0.0655449,-0.986646,-0.169371,0.4,0,0,slope_up,0,0.999402,5.16327e-08,1.28115e-05,0.000584879,1,0,0
12.3601,3.23686,0.748022,0,0.177793,0.776279,0.192104,0.149296,-0.073158,-0.986082,-0.172724,0.4,0,0,slope_up,0,0.999311,3.30955e-08,9.82679e-06,0.000678924,1,0,0
12.3801,3.24166,0.749717,0,0.177206,0.778663,0.191916,0.148709,-0.0741191,-0.986099,-0.174333,0.4,0,0,slope_up,0,0.999389,1.18952e-08,6.97118e-06,0.000604432,1,0,0
12.4001,3.24813,0.752831,0,0.174456,0.781038,0.186753,0.145959,-0.0671316,-0.98701,-0.178044,0.4,0,0,slope_up,0,0.999413,5.32045e-09,8.01761e-06,0.000579232,1,0,0
12.4201,3.25402,0.756382,0,0.167972,0.781684,0.173714,0.139475,-0.044633,-0.989219,-0.187302,0.4,0,0,slope_up,0,0.999336,6.94855e-09,5.06479e-06,0.000658849,1,0,0
12.4401,3.26174,0.761592,0,0.156797,0.7789,0.157183,0.1283,-0.00542899,-0.991721,-0.203742,0.4,0,0,slope_up,0,0.999084,2.87597e-08,1.81233e-06,0.000913941,1,0,0
12.4601,3.2681,0.766133,0,0.147183,0.772707,0.150306,0.118686,0.0264794,-0.992579,-0.217424,0.4,0,0,slope_up,0,0.998587,1.20232e-07,1.43569e-06,0.00141187,1,0,0
12.4801,3.27504,0.771639,0,0.13731,0.761722,0.150881,0.108813,0.0593011,-0.992292,-0.236292,0.4,0,0,slope_up,0,0.996503,2.11429e-06,8.70084e-06,0.00348586,1,0,0
12.5001,3.28144,0.775702,0,0.129122,0.747615,0.15144,0.100625,0.0760267,-0.992015,-0.250258,0.4,0,0,slope_up,0,0.995334,1.07581e-05,2.6517e-05,0.00462821,1,0,0
12.5201,3.28517,0.773423,0,0.125336,0.739882,0.130421,0.0968396,0.0329365,-0.994755,-0.247546,0.4,0,0,slope_up,0,0.98958,0.000231286,1.06749e-05,0.0101775,1,0,0
12.5401,3.28926,0.771684,0,0.122521,0.738778,0.123278,0.0940248,0.00979797,-0.995522,-0.254222,0.4,0,0,slope_up,0,0.977771,0.00036179,9.62578e-07,0.0218658,1,0,0
12.5601,3.29327,0.772847,0,0.120196,0.740642,0.12493,0.0916995,0.0310328,-0.995303,-0.267497,0.4,0,0,slope_up,0,0.99415,9.21291e-07,7.44103e-07,0.00584798,1,0,0
12.5801,3.29797,0.774165,0,0.117975,0.743039,0.129687,0.0894782,0.0509525,-0.994685,-0.28668,0.4,0,0,slope_up,0,0.994351,1.56556e-06,4.42644e-07,0.00564687,1,0,0
12.6001,3.30218,0.774714,0,0.121608,0.744752,0.13678,0.0931115,0.0596554,-0.993867,-0.300992,0.4,0,0,slope_up,0,0.983942,3.24233e-05,1.34889e-06,0.0160242,1,0,0
12.6201,3.30509,0.7744,0,0.127411,0.74564,0.141943,0.0989148,0.0595151,-0.993315,-0.309269,0.4,0,0,slope_up,0,0.896904,0.000218631,1.64438e-06,0.102876,1,0,0
12.6401,3.30802,0.773921,0,0.132355,0.746714,0.146696,0.103858,0.0601228,-0.992773,-0.317416,0.4,0,0,slope_up,0,0.837168,0.000215243,7.47422e-07,0.162616,1,0,0
12.6601,3.31034,0.773865,0,0.137695,0.748045,0.152604,0.109199,0.0625461,-0.99205,-0.333028,0.4,0,0,slope_up,0,0.900362,1.77565e-05,5.09405e-07,0.0996201,1,0,0
12.6801,3.31221,0.774183,0,0.142614,0.749771,0.158613,0.114118,0.0660759,-0.991267,-0.358691,0.4,0,0,slope_up,0,0.933159,2.12195e-06,2.7371e-07,0.0668387,1,0,0
12.7001,3.31329,0.774393,0,0.145342,0.751194,0.161903,0.116845,0.0679247,-0.990825,-0.384677,0.4,0,0,slope_up,0,0.904252,1.20027e-06,2.59764e-07,0.0957468,1,0,0
12.7201,3.3142,0.774318,0,0.146556,0.752626,0.16325,0.118059,0.0684805,-0.990642,-0.415019,0.4,0,0,slope_up,0,0.864304,1.24191e-06,1.61181e-07,0.135695,1,0,0
12.7401,3.3145,0.773928,0,0.148286,0.753834,0.164646,0.11979,0.0680717,-0.990463,-0.446103,0.4,0,0,slope_up,0,0.787041,1.2143e-06,1.58554e-07,0.212958,1,0,0
12.7601,3.31396,0.773337,0,0.152588,0.754788,0.168205,0.124091,0.0671888,-0.989993,-0.490085,0.4,0,0,slope_up,0,0.744404,1.34011e-06,9.40422e-08,0.255594,1,0,0
12.7801,3.3128,0.772641,0,0.157777,0.755415,0.172922,0.129281,0.0670289,-0.98934,-0.532072,0.4,0,0,slope_up,0,0.848564,1.72766e-06,1.52682e-08,0.151435,1,0,0
12.8001,3.31191,0.771624,0,0.159521,0.757296,0.1787,0.131025,0.0767638,-0.988403,-0.564735,0.4,0,0,slope_up,0,0.926317,2.06267e-06,2.11487e-09,0.0736805,1,0,0
12.8201,3.31023,0.768865,0,0.157347,0.759178,0.174328,0.12885,0.0713309,-0.989095,-0.587677,0.4,0,0,slope_up,0,0.941179,8.59297e-07,1.94785e-09,0.0588206,1,0,0
12.8401,3.30917,0.765197,0,0.148064,0.760636,0.159859,0.119567,0.0567622,-0.991202,-0.61883,0.4,0,0,slope_up,0,0.959851,2.15475e-07,2.15347e-09,0.040149,1,0,0
12.8602,3.30925,0.761917,0,0.13709,0.761927,0.143806,0.108594,0.0400953,-0.993277,-0.645204,0.4,0,0,slope_up,0,0.993141,3.05526e-08,1.11634e-09,0.0068594,1,0,0
12.8802,3.30922,0.758438,0,0.13062,0.76358,0.133991,0.102123,0.0264944,-0.994419,-0.667209,0.4,0,0,slope_up,0,0.991928,3.05875e-08,4.02477e-09,0.00807171,1,0,0
12.9002,3.30918,0.7548,0,0.132212,0.764652,0.134688,0.103716,0.0221552,-0.99436,-0.68112,0.4,0,0,slope_up,0,0.994098,3.47454e-09,1.28167e-09,0.00590159,1,0,0
12.9202,3.30943,0.751947,0,0.139489,0.765803,0.141044,0.110992,0.016735,-0.99368,-0.687313,0.4,0,0,slope_up,0,0.996723,9.51946e-10,1.35684e-09,0.0032774,1,0,0
12.9402,3.31034,0.749003,0,0.14996,0.767132,0.150765,0.121463,0.00976903,-0.992548,-0.684756,0.4,0,0,slope_up,0,0.99653,2.69779e-10,3.00613e-09,0.00347015,1,0,0
12.9602,3.31275,0.746413,0,0.161789,0.768166,0.162317,0.133292,0.00392839,-0.991069,-0.678936,0.4,0,0,slope_up,0,0.993721,2.2819e-10,1.43522e-08,0.0062791,1,0,0
12.9802,3.31618,0.744697,0,0.172143,0.768485,0.17272,0.143647,0.00257422,-0.989626,-0.668272,0.4,0,0,slope_up,0,0.991153,3.3271e-10,3.09418e-08,0.0088473,1,0,0
13.0002,3.32053,0.74361,0,0.180394,0.768112,0.181196,0.151898,0.00617547,-0.988377,-0.65462,0.4,0,0,slope_up,0,0.986684,4.9167e-10,5.7966e-08,0.0133161,1,0,0
13.0202,3.32572,0.743518,0,0.184996,0.766368,0.187507,0.1565,0.0236835,-0.987394,-0.641779,0.4,0,0,slope_up,0,0.976511,2.11788e-09,1.05916e-07,0.0234889,1,0,0
13.0402,3.33228,0.74417,0,0.185917,0.761641,0.194448,0.15742,0.051813,-0.986171,-0.631655,0.4,0,0,slope_up,0,0.931727,2.73387e-08,2.73675e-07,0.0682726,1,0,0
13.0602,3.33894,0.745119,0,0.188067,0.752522,0.20847,0.15957,0.0851441,-0.983508,-0.623069,0.4,0,0,slope_up,0,0.813084,8.03745e-07,7.55809e-07,0.186914,1,0,0
13.0802,3.34208,0.743487,0,0.196021,0.74551,0.217065,0.167525,0.0880708,-0.981926,-0.606272,0.4,0,0,slope_up,0,0.996854,4.1507e-08,1.95952e-10,0.00314641,1,0,0
13.1002,3.34481,0.741127,0,0.201398,0.74155,0.222576,0.172901,0.0893262,-0.98088,-0.600033,0.4,0,0,slope_up,0,0.998824,5.20079e-08,2.74835e-10,0.00117551,1,0,0
13.1202,3.34717,0.739199,0,0.204771,0.740313,0.228404,0.176275,0.0955923,-0.979688,-0.606269,0.4,0,0,slope_up,0,0.987112,4.21651e-07,2.23817e-09,0.0128879,1,0,0
13.1402,3.34949,0.736895,0,0.207861,0.740963,0.23317,0.179364,0.0999085,-0.978696,-0.620857,0.4,0,0,slope_up,0,0.912856,1.47925e-06,2.76038e-09,0.0871421,1,0,0
13.1602,3.35152,0.734566,0,0.210306,0.742689,0.237828,0.181809,0.105186,-0.977692,-0.634996,0.4,0,0,slope_up,0,0.787868,4.04872e-06,2.77068e-09,0.212128,1,0,0
13.1802,3.35405,0.731145,0,0.212093,0.745673,0.242261,0.183596,0.111102,-0.976703,-0.646117,0.4,0,0,slope_up,0,0.81319,5.74314e-06,2.50519e-09,0.186804,1,0,0
13.2002,3.35644,0.727167,0,0.213004,0.748711,0.244773,0.184508,0.114561,-0.976131,-0.644421,0.4,0,0,slope_up,0,0.954447,1.92973e-06,6.15418e-10,0.0455514,1,0,0
13.2202,3.35895,0.722895,0,0.214245,0.751942,0.24699,0.185749,0.116784,-0.975633,-0.642161,0.4,0,0,slope_up,0,0.984425,3.09293e-07,1.5772e-09,0.0155745,1,0,0
13.2402,3.36121,0.718517,0,0.218227,0.755249,0.250031,0.189731,0.115702,-0.974995,-0.642907,0.4,0,0,slope_up,0,0.99424,5.96174e-08,3.90912e-09,0.00576003,1,0,0
13.2602,3.36332,0.713669,0,0.223925,0.758546,0.253628,0.195428,0.112425,-0.974253,-0.646006,0.4,0,0,slope_up,0,0.996369,2.41141e-08,8.80831e-09,0.00363108,1,0,0
13.2802,3.36561,0.707631,0,0.230873,0.762344,0.258355,0.202377,0.108806,-0.973245,-0.657097,0.4,0,0,slope_up,0,0.99597,3.01709e-08,1.33489e-08,0.00402987,1,0,0
13.3002,3.36712,0.7019,0,0.236938,0.765771,0.262182,0.208441,0.104632,-0.972422,-0.669787,0.4,0,0,slope_up,0,0.993322,1.20248e-07,1.28199e-08,0.00667754,1,0,0
13.3202,3.36808,0.693661,0,0.243915,0.770429,0.264946,0.215419,0.0951293,-0.971877,-0.683605,0.4,0,0,slope_up,0,0.986995,1.56095e-06,1.40726e-08,0.0130035,1,0,0
13.3402,3.3688,0.686387,0,0.246778,0.774423,0.262747,0.218282,0.0812412,-0.972498,-0.700166,0.4,0,0,slope_up,0,0.988687,5.25425e-07,1.51007e-08,0.0113127,1,0,0
13.3602,3.37044,0.678009,0,0.243523,0.779022,0.252253,0.215026,0.0557415,-0.975016,-0.72167,0.4,0,0,slope_up,0,0.992685,3.9749e-08,3.27258e-09,0.00731512,1,0,0
13.3802,3.37356,0.668747,0,0.233325,0.783102,0.239561,0.204828,0.0444374,-0.977789,-0.735427,0.4,0,0,slope_up,0,0.999002,4.00077e-09,3.61923e-11,0.000997625,1,0,0
13.4002,3.37557,0.661687,0,0.229508,0.786298,0.233638,0.201012,0.0327875,-0.97904,-0.742352,0.4,0,0,slope_up,0,0.999554,1.67149e-09,1.57202e-11,0.000445877,1,0,0
13.4202,3.37753,0.653991,0,0.231226,0.790142,0.233419,0.202729,0.016314,-0.979099,-0.746048,0.4,0,0,slope_up,0,0.999534,8.37096e-10,6.66282e-11,0.000466109,1,0,0
13.4402,3.37998,0.647983,0,0.235721,0.793503,0.237251,0.207224,8.42065e-05,-0.978293,-0.747708,0.4,0,0,slope_up,0,0.999338,3.92867e-10,2.7814e-10,0.000662176,1,0,0
13.4602,3.38294,0.643307,0,0.23996,0.796502,0.241762,0.211464,-0.0118134,-0.977314,-0.746121,0.4,0,0,slope_up,0,0.99887,2.32671e-10,1.36691e-09,0.00112952,1,0,0
13.4802,3.38663,0.638642,0,0.245932,0.799923,0.248982,0.217436,-0.0273282,-0.975692,-0.736984,0.4,0,0,slope_up,0,0.997857,2.89257e-10,7.56403e-09,0.00214343,1,0,0
13.5002,3.391,0.634124,0,0.254872,0.803803,0.260861,0.226375,-0.0470877,-0.972901,-0.720764,0.4,0,0,slope_up,0,0.99361,9.23878e-10,6.05931e-08,0.00639015,1,0,0
13.5202,3.39449,0.63101,0,0.265602,0.807886,0.276555,0.237105,-0.0696575,-0.968983,-0.700695,0.4,0,0,slope_up,0,0.996341,1.70594e-09,8.14484e-08,0.0036594,1,0,0
13.5402,3.39906,0.628768,0,0.278903,0.813667,0.296034,0.250407,-0.0915129,-0.963806,-0.674746,0.4,0,0,slope_up,0,0.998324,6.31444e-09,1.32708e-07,0.00167593,1,0,0
13.5602,3.40562,0.627224,0,0.28994,0.821182,0.311325,0.261444,-0.104792,-0.959513,-0.644565,0.4,0,0,slope_up,0,0.999237,9.84342e-09,2.57107e-07,0.00076231,1,0,0
13.5802,3.41241,0.625925,0,0.296947,0.828841,0.320979,0.268451,-0.112589,-0.956691,-0.618652,0.4,0,0,slope_up,0,0.999503,6.03744e-09,5.60956e-07,0.000496319,1,0,0
13.6002,3.41909,0.624414,0,0.300672,0.835988,0.324965,0.272175,-0.113508,-0.95553,-0.592675,0.4,0,0,slope_up,0,0.999588,1.12164e-08,1.66613e-06,0.000410188,1,0,0
13.6202,3.42761,0.622506,0,0.299213,0.843228,0.319156,0.270717,-0.100882,-0.957358,-0.565759,0.4,0,0,slope_up,0,0.999534,1.93062e-08,6.83598e-06,0.000459337,1,0,0
13.6402,3.4384,0.620197,0,0.28825,0.847952,0.297672,0.259753,-0.0622756,-0.963665,-0.548013,0.4,0,0,slope_up,0,0.996869,1.57858e-07,6.55878e-05,0.00306498,1,0,0
13.6602,3.44717,0.616507,0,0.276349,0.849472,0.280623,0.247852,-0.0321856,-0.968263,-0.534902,0.4,0,0,slope_up,0,0.995456,1.06328e-05,3.86871e-05,0.00449432,1,0,0
13.6802,3.45428,0.611223,0,0.267052,0.852397,0.270702,0.238555,-0.0285775,-0.970708,-0.52532,0.4,0,0,slope_up,0,0.998627,1.12087e-05,1.58263e-06,0.00135984,1,0,0
13.7002,3.46067,0.607312,0,0.259844,0.855413,0.262321,0.231347,-0.0158459,-0.972742,-0.514335,0.4,0,0,slope_up,0,0.999892,4.10583e-07,3.53494e-07,0.000107102,1,0,0
13.7202,3.46776,0.602909,0,0.250126,0.85851,0.252009,0.221629,0.0010167,-0.97513,-0.503031,0.4,0,0,slope_up,0,0.999977,1.09027e-08,2.63047e-07,2.23517e-05,1,0,0
13.7402,3.47583,0.597328,0,0.235102,0.861264,0.237451,0.206606,0.0173117,-0.978271,-0.491337,0.4,0,0,slope_up,0,0.999986,6.52654e-10,3.02869e-07,1.35897e-05,1,0,0
13.7602,3.48328,0.591965,0,0.21976,0.86304,0.223605,0.191264,0.0314805,-0.981034,-0.480606,0.4,0,0,slope_up,0,0.999991,5.67809e-11,4.33916e-07,8.29318e-06,1,0,0
13.7802,3.48921,0.587615,0,0.207749,0.863884,0.213548,0.179252,0.0421663,-0.982899,-0.471202,0.4,0,0,slope_up,0,0.999994,7.82603e-12,3.49601e-07,5.23191e-06,1,0,0
13.8002,3.49718,0.581615,0,0.192854,0.864096,0.202373,0.164358,0.0558829,-0.984817,-0.456567,0.4,0,0,slope_up,0,0.999997,1.61553e-12,1.13141e-07,3.29784e-06,1,0,0
13.8202,3.50417,0.576027,0,0.180944,0.86341,0.194263,0.152447,0.0660739,-0.9861,-0.442992,0.4,0,0,slope_up,0,0.999997,4.49095e-13,2.81474e-08,2.75879e-06,1,0,0
13.8402,3.51084,0.570062,0,0.170222,0.862196,0.186908,0.141725,0.0730662,-0.987206,-0.431541,0.4,0,0,slope_up,0,0.999997,2.28716e-13,4.97102e-09,3.05315e-06,1,0,0
13.8602,3.51721,0.56368,0,0.160733,0.860664,0.17999,0.132236,0.0771911,-0.988208,-0.420568,0.4,0,0,slope_up,0,0.999998,1.61939e-13,5.72808e-10,2.19101e-06,1,0,0
13.8802,3.52338,0.556904,0,0.15202,0.859026,0.172595,0.123523,0.0781533,-0.989259,-0.408174,0.4,0,0,slope_up,0,0.999999,1.71177e-13,7.68517e-11,1.08058e-06,1,0,0
13.9002,3.53012,0.549874,0,0.141921,0.857528,0.164096,0.113424,0.0790324,-0.990398,-0.378442,0.4,0,0,slope_up,0,0.999999,1.83062e-13,2.20904e-11,5.71617e-07,1,0,0
13.9202,3.53833,0.542754,0,0.128915,0.85694,0.155362,0.100419,0.0835792,-0.991429,-0.341051,0.4,0,0,slope_up,0,0.999996,6.8495e-13,5.51496e-10,3.69144e-06,1,0,0
13.9402,3.54396,0.537092,0,0.123103,0.8576,0.147431,0.0946068,0.0781069,-0.992446,-0.32154,0.4,0,0,slope_up,0,0.999998,4.87912e-13,4.50303e-10,1.90989e-06,1,0,0
13.9602,3.54963,0.530717,0,0.121768,0.860094,0.140544,0.0932712,0.0672095,-0.99337,-0.300413,0.4,0,0,slope_up,0,0.999998,6.64892e-13,7.72286e-10,1.5791e-06,1,0,0
13.9802,3.55451,0.525823,0,0.121688,0.863574,0.134956,0.0931913,0.0553957,-0.994106,-0.294335,0.4,0,0,slope_up,0,0.999998,2.56766e-12,4.02419e-09,1.51041e-06,1,0,0
14.0002,3.55938,0.521718,0,0.123293,0.867326,0.132118,0.0947967,0.0444706,-0.994503,-0.292441,0.4,0,0,slope_up,0,1,3.91918e-12,9.31552e-10,4.47549e-07,1,0,0
14.0202,3.56379,0.517688,0,0.129952,0.871208,0.133881,0.101455,0.0288978,-0.99442,-0.281557,0.4,0,0,slope_up,0,1,6.26969e-12,2.02552e-10,2.4813e-07,1,0,0
14.0402,3.56782,0.514046,0,0.135927,0.874637,0.137211,0.10743,0.014599,-0.994105,-0.268442,0.4,0,0,slope_up,0,1,2.96394e-12,1.11802e-10,1.38585e-07,1,0,0
14.0602,3.5725,0.510256,0,0.141132,0.878142,0.141378,0.112635,-0.00161024,-0.993635,-0.256536,0.4,0,0,slope_up,0,1,6.56325e-13,7.8005e-11,6.86943e-08,1,0,0
14.0802,3.57715,0.506655,0,0.145101,0.880976,0.146179,0.116605,-0.0177185,-0.99302,-0.243608,0.4,0,0,slope_up,0,1,4.45269e-13,7.588e-11,6.08823e-08,1,0,0
14.1002,3.58205,0.502838,0,0.148036,0.883165,0.151674,0.11954,-0.0339617,-0.992248,-0.226404,0.4,0,0,slope_up,0,1,6.24664e-13,1.20396e-10,7.05841e-08,1,0,0
14.1202,3.58581,0.499961,0,0.14965,0.88433,0.156369,0.121153,-0.0465243,-0.991543,-0.214694,0.4,0,0,slope_up,0,1,1.18806e-12,2.30539e-10,9.17099e-08,1,0,0
14.1402,3.58963,0.497105,0,0.151383,0.885071,0.162475,0.122886,-0.0602736,-0.990589,-0.205029,0.4,0,0,slope_up,0,1,1.84671e-12,1.85201e-10,9.68066e-08,1,0,0
14.1602,3.59339,0.494531,0,0.153984,0.88528,0.168919,0.125487,-0.0706847,-0.989574,-0.196814,0.4,0,0,slope_up,0,1,2.25875e-12,1.74386e-10,1.02512e-07,1,0,0
14.1802,3.59615,0.492823,0,0.156714,0.885047,0.173133,0.128218,-0.0747589,-0.988924,-0.191511,0.4,0,0,slope_up,0,1,1.80893e-12,2.86944e-10,1.24643e-07,1,0,0
14.2002,3.59919,0.49098,0,0.159055,0.884455,0.176246,0.130559,-0.0770225,-0.988444,-0.185526,0.4,0,0,slope_up,0,1,1.13014e-12,3.20898e-10,1.04438e-07,1,0,0
14.2202,3.60221,0.48909,0,0.16055,0.883686,0.177236,0.132053,-0.0761306,-0.988315,-0.17878,0.4,0,0,slope_up,0,1,5.50119e-13,6.68077e-10,1.31868e-07,1,0,0
14.2402,3.60517,0.487233,0,0.160941,0.882793,0.175091,0.132445,-0.0699757,-0.988717,-0.173881,0.4,0,0,slope_up,0,1,2.80893e-13,7.16585e-10,1.32828e-07,1,0,0
14.2602,3.60859,0.483651,0,0.156569,0.883368,0.171421,0.128073,-0.0709591,-0.989223,-0.172201,0.4,0,0,slope_up,0,1,2.62314e-12,1.66693e-09,2.67352e-07,1,0,0
14.2802,3.61197,0.480311,0,0.149171,0.885645,0.162902,0.120674,-0.0668273,-0.99044,-0.164497,0.4,0,0,slope_up,0,1,2.80617e-12,1.57972e-09,4.06317e-07,1,0,0
14.3002,3.61505,0.477893,0,0.142125,0.888362,0.152225,0.113629,-0.0560287,-0.991942,-0.15393,0.4,0,0,slope_up,0,1,1.45389e-12,6.35878e-10,4.62477e-07,1,0,0
14.3202,3.61893,0.474912,0,0.134734,0.891758,0.141311,0.106237,-0.044218,-0.993357,-0.146098,0.4,0,0,slope_up,0,1,2.88157e-13,3.37142e-11,1.61362e-07,1,0,0
14.3402,3.62182,0.472331,0,0.132616,0.894214,0.137099,0.10412,-0.0363334,-0.993901,-0.142484,0.4,0,0,slope_up,0,1,9.34628e-14,3.36542e-12,5.36309e-08,1,0,0
14.3602,3.62493,0.469085,0,0.132705,0.896482,0.135459,0.104208,-0.0285539,-0.994146,-0.13745,0.4,0,0,slope_up,0,1,7.92944e-14,1.6625e-12,3.64428e-08,1,0,0
14.3802,3.62834,0.465608,0,0.132006,0.898407,0.133319,0.103509,-0.0196514,-0.994434,-0.133431,0.4,0,0,slope_up,0,1,9.52041e-14,3.44849e-13,2.50787e-08,1,0,0
14.4002,3.632,0.462137,0,0.130421,0.90006,0.130907,0.101924,-0.0113553,-0.994727,-0.130478,0.4,0,0,slope_up,0,1,1.40007e-13,8.39936e-14,1.74301e-08,1,0,0
14.4202,3.63592,0.458368,0,0.128838,0.901474,0.12901,0.100341,-0.00237272,-0.99495,-0.128864,0.4,0,0,slope_up,0,1,1.68358e-13,4.0932e-14,1.34873e-08,1,0,0
14.4402,3.63934,0.454877,0,0.126965,0.902237,0.127368,0.0984679,0.00533755,-0.995126,-0.129495,0.4,0,0,slope_up,0,1,1.46971e-13,2.30066e-14,1.05261e-08,1,0,0
14.4602,3.64254,0.45115,0,0.125152,0.902341,0.125762,0.0966549,0.00820354,-0.995284,-0.130021,0.4,0,0,slope_up,0,1,1.01203e-13,1.09755e-14,6.49185e-09,1,0,0
14.4802,3.64525,0.447514,0,0.122847,0.90173,0.123366,0.0943506,0.00712061,-0.995514,-0.130297,0.4,0,0,slope_up,0,1,7.18386e-14,7.26238e-15,4.75465e-09,1,0,0
14.5002,3.64878,0.442779,0,0.116787,0.900615,0.117409,0.0882904,0.00837312,-0.99606,-0.128066,0.4,0,0,slope_up,0,1,7.38204e-14,5.94634e-15,6.28132e-09,1,0,0
14.5202,3.65247,0.438131,0,0.108023,0.900417,0.109076,0.0795268,0.0119905,-0.996761,-0.121058,0.4,0,0,slope_up,0,1,7.56885e-14,8.51732e-14,3.15735e-08,1,0,0
14.5402,3.65512,0.433856,0,0.100663,0.901048,0.101172,0.0721666,0.00697349,-0.997368,-0.119818,0.4,0,0,slope_up,0,1,9.62791e-14,3.24407e-13,3.90405e-08,1,0,0
14.5602,3.65758,0.429645,0,0.096426,0.902697,0.0965036,0.0679294,-0.000393532,-0.99769,-0.123917,0.4,0,0,slope_up,0,1,1.267e-13,1.06137e-13,1.30893e-08,1,0,0
14.5802,3.66028,0.42637,0,0.0929922,0.904873,0.0932296,0.0644956,-0.00838356,-0.997883,-0.128557,0.4,0,0,slope_up,0,1,1.80633e-13,4.96273e-15,4.51615e-09,1,0,0
14.6002,3.6631,0.423782,0,0.0914722,0.907043,0.0926452,0.0629756,-0.0168471,-0.997873,-0.131684,0.4,0,0,slope_up,0,1,2.494e-13,2.45622e-15,5.14911e-09,1,0,0
14.6202,3.66589,0.421504,0,0.0924364,0.90901,0.0950978,0.0639398,-0.0245638,-0.997651,-0.131406,0.4,0,0,slope_up,0,1,1.8689e-13,2.21403e-15,5.12373e-09,1,0,0
14.6402,3.66893,0.419421,0,0.0946791,0.910776,0.0994131,0.0661825,-0.0325515,-0.997276,-0.131455,0.4,0,0,slope_up,0,1,9.56708e-14,2.8005e-15,5.35906e-09,1,0,0
14.6602,3.67256,0.417378,0,0.0973352,0.912418,0.104281,0.0688386,-0.0396507,-0.99684,-0.13233,0.4,0,0,slope_up,0,1,7.24418e-14,8.80141e-15,5.04705e-09,1,0,0
14.6802,3.67607,0.415689,0,0.100264,0.913593,0.109624,0.0717675,-0.0465282,-0.996336,-0.132497,0.4,0,0,slope_up,0,1,9.09206e-14,4.53566e-14,6.34919e-09,1,0,0
14.7002,3.67931,0.414327,0,0.103045,0.914354,0.114621,0.0745482,-0.0523746,-0.995841,-0.133338,0.4,0,0,slope_up,0,1,2.31395e-13,7.82698e-13,1.44479e-08,1,0,0
14.7202,3.68304,0.412946,0,0.105858,0.914914,0.119947,0.0773614,-0.0585456,-0.995283,-0.134446,0.4,0,0,slope_up,0,1,5.24343e-13,3.92466e-12,2.25617e-08,1,0,0
14.7402,3.68686,0.4116,0,0.108259,0.915275,0.125102,0.079762,-0.0648006,-0.994705,-0.135532,0.4,0,0,slope_up,0,1,6.80668e-13,6.84632e-12,2.63525e-08,1,0,0
14.7602,3.69082,0.410263,0,0.110365,0.915506,0.130135,0.0818684,-0.0710221,-0.994109,-0.137096,0.4,0,0,slope_up,0,1,6.14916e-13,1.13788e-11,2.81618e-08,1,0,0
14.7802,3.69494,0.408966,0,0.112447,0.915602,0.134822,0.0839506,-0.0764093,-0.993536,-0.138988,0.4,0,0,slope_up,0,1,4.2338e-13,2.33443e-11,3.44175e-08,1,0,0
14.8002,3.69962,0.407657,0,0.11529,0.915468,0.13913,0.0867934,-0.0798621,-0.99302,-0.141223,0.4,0,0,slope_up,0,1,2.1637e-13,4.7814e-11,4.93704e-08,1,0,0
14.8202,3.70363,0.406644,0,0.117406,0.91512,0.141275,0.0889093,-0.0805312,-0.992779,-0.142749,0.4,0,0,slope_up,0,1,8.7477e-14,4.56997e-11,6.42543e-08,1,0,0
14.8402,3.70869,0.405292,0,0.11891,0.914307,0.141521,0.0904135,-0.0786784,-0.992792,-0.143083,0.4,0,0,slope_up,0,1,4.57236e-14,3.16877e-11,8.75656e-08,1,0,0
14.8602,3.71332,0.403026,0,0.118087,0.913931,0.142069,0.0895899,-0.0809314,-0.992685,-0.144956,0.4,0,0,slope_up,0,1,4.85074e-14,2.50086e-11,9.45121e-08,1,0,0
14.8802,3.71781,0.400568,0,0.116269,0.914974,0.140197,0.0877728,-0.0803043,-0.992898,-0.141444,0.4,0,0,slope_up,0,1,1.1464e-13,4.0952e-11,1.21679e-07,1,0,0
14.9002,3.72164,0.398882,0,0.116012,0.917377,0.133149,0.0875152,-0.0673557,-0.993883,-0.133576,0.4,0,0,slope_up,0,1,8.69393e-14,3.22778e-11,7.63609e-08,1,0,0
14.9202,3.72561,0.397145,0,0.112919,0.92004,0.124653,0.084422,-0.0548623,-0.994919,-0.123176,0.4,0,0,slope_up,0,1,9.50687e-14,1.94371e-11,9.50655e-08,1,0,0
14.9402,3.73074,0.394624,0,0.109607,0.92326,0.11701,0.08111,-0.0430503,-0.995775,-0.114145,0.4,0,0,slope_up,0,1,7.47488e-14,3.97076e-12,6.49703e-08,1,0,0
14.9602,3.73425,0.392782,0,0.110155,0.925363,0.114898,0.0816586,-0.034717,-0.996056,-0.109736,0.4,0,0,slope_up,0,1,8.48295e-14,6.65888e-13,2.81686e-08,1,0,0
14.9802,3.73896,0.390197,0,0.113312,0.927871,0.115281,0.0848159,-0.0230366,-0.99613,-0.104496,0.4,0,0,slope_up,0,1,1.18897e-13,3.18979e-13,2.3168e-08,1,0,0
15.0002,3.74387,0.387553,0,0.11593,0.929931,0.116471,0.0874334,-0.012375,-0.996094,-0.100605,0.4,0,0,slope_up,0,1,1.75507e-13,1.77386e-13,2.5769e-08,1,0,0
15.0202,3.7485,0.385163,0,0.117363,0.931385,0.117484,0.0888664,-0.00234068,-0.996041,-0.0984408,0.4,0,0,slope_up,0,1,2.59528e-13,1.05361e-13,2.65821e-08,1,0,0
15.0402,3.75306,0.382791,0,0.11817,0.932351,0.118697,0.0896731,0.00729631,-0.995944,-0.0980278,0.4,0,0,slope_up,0,1,2.91037e-13,6.4818e-14,2.03403e-08,1,0,0
15.0602,3.75722,0.380156,0,0.119095,0.932716,0.120044,0.0905981,0.0115256,-0.995821,-0.0976015,0.4,0,0,slope_up,0,1,2.17115e-13,5.13897e-14,1.41419e-08,1,0,0
15.0802,3.76139,0.377243,0,0.118073,0.932467,0.11928,0.089576,0.0135421,-0.995888,-0.0971517,0.4,0,0,slope_up,0,1,1.61978e-13,5.45515e-14,1.12022e-08,1,0,0
15.1002,3.76525,0.374165,0,0.114589,0.931771,0.115744,0.0860919,0.0130231,-0.996202,-0.0943526,0.4,0,0,slope_up,0,1,1.52109e-13,5.68153e-14,1.50645e-08,1,0,0
15.1202,3.77051,0.370069,0,0.105663,0.931339,0.10726,0.0771661,0.0154768,-0.996898,-0.0842133,0.4,0,0,slope_up,0,1,1.46081e-13,3.80403e-13,6.03589e-08,1,0,0
15.1402,3.77461,0.366462,0,0.0998498,0.931892,0.101106,0.0713531,0.0129941,-0.997366,-0.0826962,0.4,0,0,slope_up,0,1,1.93486e-13,1.80762e-12,9.23705e-08,1,0,0
15.1602,3.77752,0.363435,0,0.097653,0.933178,0.0982326,0.0691564,0.00762806,-0.997577,-0.086121,0.4,0,0,slope_up,0,1,2.18731e-13,3.66582e-12,5.92983e-08,1,0,0
15.1802,3.78098,0.360782,0,0.0959694,0.935068,0.0961156,0.0674727,0.00172462,-0.99772,-0.0932959,0.4,0,0,slope_up,0,1,3.05232e-13,7.42886e-13,3.00845e-08,1,0,0
15.2002,3.78495,0.358537,0,0.0959299,0.937176,0.096008,0.0674333,-0.00455062,-0.997713,-0.09641,0.4,0,0,slope_up,0,1,6.33273e-13,2.0197e-13,2.20885e-08,1,0,0
15.2202,3.78852,0.356716,0,0.0990184,0.938942,0.0995139,0.0705217,-0.0117179,-0.997441,-0.0943893,0.4,0,0,slope_up,0,1,3.74518e-13,1.79018e-13,3.85501e-08,1,0,0
15.2402,3.79188,0.355311,0,0.102541,0.940411,0.10378,0.0740447,-0.0179422,-0.997093,-0.0940848,0.4,0,0,slope_up,0,1,1.77941e-13,1.34799e-13,2.8076e-08,1,0,0
15.2602,3.79623,0.353898,0,0.107002,0.941954,0.109721,0.0785053,-0.0262984,-0.996567,-0.0961971,0.4,0,0,slope_up,0,1,1.59451e-13,1.25992e-13,1.58629e-08,1,0,0
15.2802,3.79981,0.352955,0,0.110908,0.942891,0.115107,0.0824117,-0.0328237,-0.996058,-0.0979302,0.4,0,0,slope_up,0,1,2.29893e-13,2.72835e-13,1.6701e-08,1,0,0
15.3002,3.80374,0.352005,0,0.115062,0.943601,0.120892,0.0865656,-0.0390809,-0.995479,-0.0975823,0.4,0,0,slope_up,0,1,6.39227e-13,1.24404e-12,2.81256e-08,1,0,0
15.3202,3.80794,0.351036,0,0.119058,0.944167,0.127144,0.0905614,-0.0465759,-0.994801,-0.0968638,0.4,0,0,slope_up,0,1,1.32873e-12,5.99168e-12,7.32307e-08,1,0,0
15.3402,3.81156,0.35035,0,0.122079,0.944572,0.132394,0.0935824,-0.0531591,-0.994191,-0.0974421,0.4,0,0,slope_up,0,1,2.71585e-12,2.46789e-11,1.64517e-07,1,0,0
15.3602,3.81478,0.349841,0,0.125133,0.944886,0.138718,0.0966364,-0.0617496,-0.993402,-0.0972814,0.4,0,0,slope_up,0,1,2.59846e-12,4.39753e-11,2.15169e-07,1,0,0
15.3802,3.81868,0.349404,0,0.127624,0.945149,0.144022,0.0991277,-0.0685755,-0.992709,-0.0964978,0.4,0,0,slope_up,0,1,1.42443e-12,7.71263e-11,2.58821e-07,1,0,0
15.4002,3.82215,0.349257,0,0.130041,0.945157,0.148041,0.101545,-0.0725361,-0.992183,-0.0954105,0.4,0,0,slope_up,0,1,6.22838e-13,7.24684e-11,2.69088e-07,1,0,0
15.4202,3.82532,0.349266,0,0.131543,0.944947,0.149899,0.103046,-0.0736342,-0.991947,-0.0937798,0.4,0,0,slope_up,0,1,2.91171e-13,5.08004e-11,2.72355e-07,1,0,0
15.4402,3.82884,0.349416,0,0.132201,0.944399,0.149256,0.103704,-0.0710359,-0.992068,-0.0925461,0.4,0,0,slope_up,0,1,1.77201e-13,3.6693e-11,2.8609e-07,1,0,0
15.4602,3.83259,0.348857,0,0.129474,0.944438,0.146595,0.100978,-0.070551,-0.992384,-0.0972661,0.4,0,0,slope_up,0,1,2.92512e-13,4.17829e-11,2.08399e-07,1,0,0
15.4802,3.83631,0.348075,0,0.124861,0.945984,0.140886,0.0963646,-0.0671397,-0.993079,-0.0973918,0.4,0,0,slope_up,0,1,9.72588e-13,1.49715e-10,3.02187e-07,1,0,0
15.5002,3.84017,0.347391,0,0.120816,0.948867,0.133088,0.0923199,-0.0577704,-0.994052,-0.0881113,0.4,0,0,slope_up,0,1,4.39169e-13,1.75854e-10,2.55947e-07,1,0,0
15.5202,3.84368,0.346828,0,0.116161,0.951605,0.124903,0.0876639,-0.0479158,-0.994997,-0.0808842,0.4,0,0,slope_up,0,1,2.86113e-13,7.21485e-11,2.93205e-07,1,0,0
15.5402,3.84748,0.34603,0,0.114346,0.954594,0.120183,0.0858492,-0.0390024,-0.995544,-0.0759773,0.4,0,0,slope_up,0,1,1.83348e-13,9.65427e-12,1.52049e-07,1,0,0
15.5602,3.85142,0.344817,0,0.116121,0.957385,0.119296,0.0876242,-0.0292151,-0.995725,-0.0681427,0.4,0,0,slope_up,0,1,1.51848e-13,2.76776e-12,9.31409e-08,1,0,0
15.5802,3.85512,0.34345,0,0.118196,0.959416,0.119854,0.089699,-0.0215055,-0.995737,-0.0636764,0.4,0,0,slope_up,0,1,1.11836e-13,5.99177e-13,5.92032e-08,1,0,0
15.6002,3.85873,0.342087,0,0.118511,0.960944,0.119241,0.0900146,-0.0144117,-0.995836,-0.0601433,0.4,0,0,slope_up,0,1,1.74104e-13,1.62609e-13,4.27979e-08,1,0,0
15.6202,3.86282,0.340473,0,0.117916,0.962333,0.118104,0.0894192,-0.00636108,-0.995974,-0.0578119,0.4,0,0,slope_up,0,1,2.24467e-13,1.82966e-13,5.32142e-08,1,0,0
15.6402,3.86675,0.338774,0,0.117314,0.963361,0.117487,0.0888171,0.00104436,-0.996047,-0.0577971,0.4,0,0,slope_up,0,1,3.33148e-13,1.0957e-13,4.47971e-08,1,0,0
15.6602,3.87043,0.336867,0,0.11669,0.963838,0.117119,0.0881932,0.00604675,-0.996085,-0.0582734,0.4,0,0,slope_up,0,1,2.34643e-13,7.37295e-14,2.9444e-08,1,0,0
15.6802,3.87391,0.334656,0,0.11543,0.963654,0.115956,0.0869332,0.00729001,-0.996187,-0.0588968,0.4,0,0,slope_up,0,1,1.53045e-13,7.19807e-14,2.11156e-08,1,0,0
15.7002,3.8774,0.332025,0,0.112162,0.962852,0.112606,0.0836654,0.00629716,-0.996474,-0.058218,0.4,0,0,slope_up,0,1,1.72138e-13,7.14271e-14,2.5231e-08,1,0,0
15.7202,3.88182,0.32907,0,0.103407,0.96256,0.104348,0.0749106,0.0109421,-0.99713,-0.0506761,0.4,0,0,slope_up,0,1,2.4262e-13,3.17501e-13,6.90614e-08,1,0,0
15.7402,3.88497,0.326551,0,0.0972755,0.963328,0.0982855,0.0687789,0.0111679,-0.997569,-0.0498841,0.4,0,0,slope_up,0,1,2.9264e-13,1.16616e-12,1.14982e-07,1,0,0
15.7602,3.88771,0.323744,0,0.0937798,0.964904,0.0942396,0.0652832,0.00630796,-0.997847,-0.0548715,0.4,0,0,slope_up,0,1,2.68804e-13,1.35612e-12,5.04482e-08,1,0,0
15.7802,3.89076,0.321655,0,0.0898773,0.966822,0.0899762,0.0613807,0.000739465,-0.998114,-0.0615075,0.4,0,0,slope_up,0,1,3.97591e-13,4.33844e-13,2.74756e-08,1,0,0
15.8002,3.89398,0.320209,0,0.0882922,0.96869,0.0883543,0.0597956,-0.00444034,-0.998201,-0.065054,0.4,0,0,slope_up,0,1,5.10721e-13,1.03949e-13,2.14891e-08,1,0,0
15.8202,3.89715,0.319029,0,0.089435,0.970407,0.0898414,0.0609384,-0.0105375,-0.998086,-0.0654598,0.4,0,0,slope_up,0,1,2.89431e-13,5.69614e-14,2.25873e-08,1,0,0
15.8402,3.90082,0.318034,0,0.0928596,0.972066,0.0941839,0.0643629,-0.0178843,-0.997766,-0.0664182,0.4,0,0,slope_up,0,1,1.50401e-13,4.00307e-14,1.57673e-08,1,0,0
15.8602,3.90403,0.317503,0,0.0965835,0.973164,0.0989755,0.0680868,-0.0237926,-0.997396,-0.0680694,0.4,0,0,slope_up,0,1,1.18089e-13,4.64438e-14,1.05588e-08,1,0,0
15.8802,3.90781,0.317146,0,0.100944,0.974081,0.104556,0.0724479,-0.0293901,-0.996939,-0.0687762,0.4,0,0,slope_up,0,1,1.63006e-13,1.27961e-13,1.25066e-08,1,0,0
15.9002,3.91172,0.316933,0,0.105082,0.974709,0.110055,0.0765851,-0.0348301,-0.996454,-0.0691879,0.4,0,0,slope_up,0,1,3.90295e-13,7.21565e-13,2.58487e-08,1,0,0
15.9202,3.91565,0.31682,0,0.108816,0.975153,0.115477,0.0803192,-0.0407477,-0.995936,-0.0701331,0.4,0,0,slope_up,0,1,1.03347e-12,4.08169e-12,6.18351e-08,1,0,0
15.9402,3.91955,0.316792,0,0.112198,0.975499,0.120959,0.0837017,-0.0472616,-0.995369,-0.0710869,0.4,0,0,slope_up,0,1,2.0429e-12,1.26057e-11,1.1099e-07,1,0,0
15.9602,3.92388,0.316851,0,0.115578,0.975817,0.127103,0.0870819,-0.0549103,-0.994687,-0.0714729,0.4,0,0,slope_up,0,1,1.85261e-12,3.27825e-11,1.65071e-07,1,0,0
15.9802,3.92786,0.317076,0,0.118607,0.975989,0.132472,0.0901107,-0.0609861,-0.994063,-0.0714182,0.4,0,0,slope_up,0,1,9.8548e-13,6.85267e-11,2.14243e-07,1,0,0
16.0002,3.93147,0.317496,0,0.121361,0.975938,0.1364,0.0928645,-0.0642019,-0.993607,-0.0711581,0.4,0,0,slope_up,0,1,3.92697e-13,8.03112e-11,2.3816e-07,1,0,0
16.0202,3.93561,0.318146,0,0.123737,0.975588,0.138942,0.0952401,-0.0651012,-0.993323,-0.0698198,0.4,0,0,slope_up,0,1,1.78091e-13,6.13118e-11,2.58306e-07,1,0,0
16.0402,3.94021,0.318989,0,0.125074,0.974772,0.138742,0.0965777,-0.0619307,-0.993397,-0.0680291,0.4,0,0,slope_up,0,1,1.05067e-13,4.30938e-11,2.97402e-07,1,0,0
16.0602,3.9442,0.319099,0,0.123162,0.974677,0.137147,0.0946657,-0.0622488,-0.993561,-0.071128,0.4,0,0,slope_up,0,1,2.09258e-13,4.39694e-11,2.03132e-07,1,0,0
16.0802,3.94873,0.319173,0,0.120606,0.976212,0.132529,0.0921094,-0.0568892,-0.994122,-0.0683587,0.4,0,0,slope_up,0,1,2.32563e-13,1.1057e-10,3.17111e-07,1,0,0
16.1002,3.95236,0.319255,0,0.118353,0.978319,0.12714,0.0898566,-0.0484183,-0.994777,-0.0610217,0.4,0,0,slope_up,0,1,1.41607e-13,1.03553e-10,2.36751e-07,1,0,0
16.1202,3.95693,0.319111,0,0.114604,0.981028,0.120457,0.0861077,-0.0390918,-0.995519,-0.0519678,0.4,0,0,slope_up,0,1,1.42229e-13,3.14456e-11,2.30949e-07,1,0,0
16.1402,3.96141,0.318772,0,0.113611,0.983689,0.117079,0.0851144,-0.0302269,-0.995913,-0.0453061,0.4,0,0,slope_up,0,1,1.04945e-13,4.85923e-12,1.28e-07,1,0,0
16.1602,3.96601,0.318056,0,0.116288,0.98619,0.118028,0.0877912,-0.0219028,-0.995898,-0.0396085,0.4,0,0,slope_up,0,1,1.05493e-13,1.06126e-12,7.07978e-08,1,0,0
16.1802,3.96989,0.317211,0,0.118359,0.98794,0.119246,0.0898624,-0.0158668,-0.995828,-0.0355905,0.4,0,0,slope_up,0,1,1.40339e-13,2.00415e-13,4.54127e-08,1,0,0
16.2002,3.9744,0.316186,0,0.119626,0.989644,0.119836,0.0911295,-0.00681525,-0.995816,-0.0310639,0.4,0,0,slope_up,0,1,2.62532e-13,9.54291e-14,3.77788e-08,1,0,0
16.2202,3.97839,0.315244,0,0.120026,0.990911,0.120203,0.0915294,0.000842555,-0.995802,-0.0286701,0.4,0,0,slope_up,0,1,4.00435e-13,8.45836e-14,4.35575e-08,1,0,0
16.2402,3.98341,0.313923,0,0.120366,0.992106,0.121083,0.0918689,0.0093859,-0.995727,-0.0290179,0.4,0,0,slope_up,0,1,3.93864e-13,5.73722e-14,3.51552e-08,1,0,0
16.2602,3.98691,0.312728,0,0.120408,0.992543,0.12153,0.091911,0.0129739,-0.995683,-0.0293183,0.4,0,0,slope_up,0,1,2.90528e-13,3.74684e-14,2.20071e-08,1,0,0
16.2802,3.99068,0.311187,0,0.119211,0.992518,0.120492,0.0907146,0.0141187,-0.995777,-0.0292319,0.4,0,0,slope_up,0,1,2.16625e-13,4.54096e-14,1.60596e-08,1,0,0
16.3002,3.99454,0.309269,0,0.115514,0.992043,0.116776,0.087017,0.0138396,-0.996111,-0.0262496,0.4,0,0,slope_up,0,1,2.46957e-13,5.67168e-14,2.24018e-08,1,0,0
16.3202,3.99941,0.307127,0,0.106413,0.992168,0.108566,0.0779164,0.0185936,-0.996786,-0.0181054,0.4,0,0,slope_up,0,1,2.8662e-13,3.14604e-13,7.07342e-08,1,0,0
16.3402,4.00281,0.30521,0,0.100782,0.993187,0.102944,0.0722849,0.0181707,-0.997218,-0.0203379,0.4,0,0,slope_up,0,1,4.28071e-13,5.70902e-13,7.47091e-08,1,0,0
16.3602,4.00562,0.302713,0,0.0988513,0.995039,0.100122,0.0703547,0.0130253,-0.997437,-0.0230044,0.4,0,0,slope_up,0,1,3.31945e-13,8.08092e-13,3.61351e-08,1,0,0
16.3802,4.00872,0.300773,0,0.0966313,0.997248,0.0971896,0.0681347,0.00738847,-0.997649,-0.0267571,0.4,0,0,slope_up,0,1,4.7592e-13,1.11647e-12,3.20871e-08,1,0,0
16.4002,4.01211,0.299576,0,0.0952508,0.999392,0.0953598,0.0667541,0.000785939,-0.997769,-0.0309512,0.4,0,0,slope_up,0,1,5.48285e-13,2.13224e-13,2.68765e-08,1,0,0
16.4202,4.01582,0.298582,0,0.0966409,1.00154,0.0968056,0.0681443,-0.00701979,-0.997651,-0.031542,0.4,0,0,slope_up,0,1,3.38593e-13,7.85073e-14,2.54091e-08,1,0,0
16.4402,4.01896,0.297957,0,0.099275,1.00311,0.100013,0.0707784,-0.0140376,-0.997393,-0.0321699,0.4,0,0,slope_up,0,1,1.76115e-13,4.64796e-14,1.91954e-08,1,0,0
16.4602,4.02261,0.297502,0,0.102836,1.00456,0.104696,0.074339,-0.0216781,-0.996997,-0.0334431,0.4,0,0,slope_up,0,1,1.56527e-13,5.02924e-14,1.31157e-08,1,0,0
16.4802,4.02639,0.297295,0,0.106557,1.00564,0.109885,0.0780601,-0.0288985,-0.99653,-0.0353005,0.4,0,0,slope_up,0,1,2.27046e-13,1.35049e-13,1.57033e-08,1,0,0
16.5002,4.0302,0.297263,0,0.110066,1.00635,0.114907,0.0815696,-0.0350484,-0.996051,-0.0365006,0.4,0,0,slope_up,0,1,5.67773e-13,6.29949e-13,2.80319e-08,1,0,0
16.5202,4.03401,0.297327,0,0.113015,1.00682,0.119642,0.084518,-0.0413038,-0.995566,-0.036752,0.4,0,0,slope_up,0,1,1.4693e-12,3.80949e-12,7.33545e-08,1,0,0
16.5402,4.03813,0.297517,0,0.115242,1.00723,0.123983,0.0867455,-0.047751,-0.995085,-0.0373285,0.4,0,0,slope_up,0,1,2.5735e-12,1.70548e-11,1.76469e-07,1,0,0
16.5602,4.04185,0.297891,0,0.117901,1.00751,0.129866,0.0894046,-0.0564405,-0.994395,-0.0379859,0.4,0,0,slope_up,0,1,2.40483e-12,4.08154e-11,2.72898e-07,1,0,0
16.5802,4.04558,0.298526,0,0.119917,1.00762,0.133913,0.0914203,-0.0615686,-0.993907,-0.0382029,0.4,0,0,slope_up,0,1,1.26461e-12,7.14607e-11,3.29018e-07,1,0,0
16.6002,4.04942,0.299363,0,0.122053,1.00754,0.13777,0.0935566,-0.0658318,-0.993435,-0.0375004,0.4,0,0,slope_up,0,1,5.5185e-13,8.64605e-11,3.56416e-07,1,0,0
16.6202,4.05294,0.300262,0,0.1235,1.0072,0.139399,0.095003,-0.0665565,-0.99325,-0.0355584,0.4,0,0,slope_up,0,1,2.10649e-13,8.44594e-11,4.1165e-07,1,0,0
16.6402,4.05683,0.301392,0,0.124326,1.00635,0.138617,0.0958294,-0.0631937,-0.99339,-0.0338115,0.4,0,0,slope_up,0,1,1.18764e-13,6.55355e-11,4.82724e-07,1,0,0
16.6602,4.06119,0.301865,0,0.121096,1.00617,0.136419,0.0925993,-0.0647596,-0.993595,-0.0392559,0.4,0,0,slope_up,0,1,2.04099e-13,5.44321e-11,2.6254e-07,1,0,0
16.6802,4.06557,0.302413,0,0.117701,1.0075,0.130873,0.089204,-0.0592177,-0.994251,-0.0396212,0.4,0,0,slope_up,0,1,2.93865e-13,1.32595e-10,4.49055e-07,1,0,0
16.7002,4.06888,0.302788,0,0.116036,1.00953,0.126047,0.0875391,-0.0512463,-0.994842,-0.0340454,0.4,0,0,slope_up,0,1,1.61999e-13,1.07576e-10,2.79285e-07,1,0,0
16.7202,4.07347,0.30295,0,0.112972,1.01253,0.119824,0.0844755,-0.0419788,-0.995541,-0.0273423,0.4,0,0,slope_up,0,1,1.57184e-13,5.39629e-11,3.49178e-07,1,0,0
16.7402,4.0777,0.302821,0,0.112438,1.01526,0.116722,0.0839411,-0.0333274,-0.995913,-0.0207302,0.4,0,0,slope_up,0,1,9.411e-14,6.75068e-12,1.60025e-07,1,0,0
16.7602,4.08132,0.30243,0,0.114393,1.0174,0.116915,0.0858967,-0.026012,-0.995964,-0.0147088,0.4,0,0,slope_up,0,1,9.48173e-14,1.43655e-12,8.7166e-08,1,0,0
16.7802,4.08586,0.301674,0,0.116815,1.01961,0.117952,0.0883182,-0.0178728,-0.995932,-0.0103203,0.4,0,0,slope_up,0,1,1.11442e-13,2.71036e-13,5.03358e-08,1,0,0
16.8002,4.08975,0.300972,0,0.117495,1.02117,0.117905,0.0889987,-0.0106587,-0.995975,-0.00820915,0.4,0,0,slope_up,0,1,2.17477e-13,8.78717e-14,4.12527e-08,1,0,0
16.8202,4.09398,0.300152,0,0.117787,1.02265,0.117911,0.0892906,-0.00216427,-0.996003,-0.0066717,0.4,0,0,slope_up,0,1,3.7016e-13,7.22012e-14,4.21359e-08,1,0,0
16.8402,4.09837,0.299173,0,0.117938,1.02379,0.118363,0.0894411,0.00596512,-0.995974,-0.00708016,0.4,0,0,slope_up,0,1,3.48061e-13,5.83095e-14,3.86004e-08,1,0,0
16.8602,4.10167,0.298133,0,0.118002,1.0242,0.118722,0.0895058,0.00938711,-0.995942,-0.00757811,0.4,0,0,slope_up,0,1,2.43837e-13,3.44702e-14,2.40929e-08,1,0,0
16.8802,4.10558,0.296583,0,0.116683,1.02397,0.117493,0.0881866,0.0102363,-0.996051,-0.00766261,0.4,0,0,slope_up,0,1,1.76221e-13,3.45309e-14,1.73285e-08,1,0,0
16.9002,4.10928,0.294782,0,0.112847,1.0232,0.113565,0.0843502,0.00931344,-0.996393,-0.00502148,0.4,0,0,slope_up,0,1,1.99105e-13,3.33029e-14,1.85961e-08,1,0,0
16.9202,4.11314,0.293168,0,0.105373,1.02295,0.10666,0.0768767,0.013508,-0.996949,0.00263286,0.4,0,0,slope_up,0,1,2.333e-13,1.6236e-13,4.99199e-08,1,0,0
16.9402,4.11681,0.29139,0,0.0986251,1.02377,0.100173,0.0701285,0.0147059,-0.99743,0.00185341,0.4,0,0,slope_up,0,1,3.75623e-13,1.24897e-12,1.38542e-07,1,0,0
16.9602,4.11951,0.289379,0,0.0961267,1.02559,0.097138,0.0676301,0.0111141,-0.997649,-0.00324763,0.4,0,0,slope_up,0,1,5.37437e-13,1.18331e-12,4.12281e-08,1,0,0
16.9802,4.12247,0.287696,0,0.0931164,1.02791,0.0935071,0.0646198,0.00551352,-0.997895,-0.00716973,0.4,0,0,slope_up,0,1,5.96386e-13,1.12948e-12,3.47772e-08,1,0,0
17.0002,4.12612,0.286635,0,0.0910937,1.03039,0.0911421,0.0625971,-0.00166227,-0.998038,-0.0122976,0.4,0,0,slope_up,0,1,5.91131e-13,1.9263e-13,2.59718e-08,1,0,0
17.0202,4.1291,0.286001,0,0.0917201,1.03223,0.0919571,0.0632235,-0.00837261,-0.997964,-0.0135027,0.4,0,0,slope_up,0,1,3.4297e-13,6.75502e-14,2.5603e-08,1,0,0
17.0402,4.13282,0.285491,0,0.094871,1.03417,0.0959788,0.0663743,-0.0166263,-0.997656,-0.014479,0.4,0,0,slope_up,0,1,1.75571e-13,3.78387e-14,2.03222e-08,1,0,0
17.0602,4.13603,0.285322,0,0.0984279,1.03543,0.100677,0.0699313,-0.0232921,-0.99728,-0.0163178,0.4,0,0,slope_up,0,1,1.47358e-13,4.63255e-14,1.32692e-08,1,0,0
17.0802,4.13983,0.285326,0,0.10237,1.03648,0.105969,0.0738729,-0.0295174,-0.996831,-0.0169039,0.4,0,0,slope_up,0,1,2.04877e-13,1.54668e-13,1.69545e-08,1,0,0
17.1002,4.14373,0.285442,0,0.106036,1.03721,0.111244,0.0775394,-0.0357508,-0.996348,-0.017692,0.4,0,0,slope_up,0,1,4.92759e-13,9.89198e-13,3.88081e-08,1,0,0
17.1202,4.14763,0.285668,0,0.109334,1.03773,0.116537,0.080837,-0.0424303,-0.995824,-0.0187207,0.4,0,0,slope_up,0,1,1.32729e-12,5.42646e-12,9.40677e-08,1,0,0
17.1402,4.15192,0.286044,0,0.112221,1.03815,0.121868,0.0837241,-0.0495913,-0.995254,-0.0197835,0.4,0,0,slope_up,0,1,2.49295e-12,1.86413e-11,1.85508e-07,1,0,0
17.1602,4.15582,0.286564,0,0.115168,1.03839,0.127612,0.0866714,-0.0569974,-0.994605,-0.020505,0.4,0,0,slope_up,0,1,2.27984e-12,5.02249e-11,2.91556e-07,1,0,0
17.1802,4.15938,0.287232,0,0.117529,1.03845,0.131836,0.089032,-0.061729,-0.994114,-0.0208827,0.4,0,0,slope_up,0,1,1.21457e-12,9.82491e-11,3.74934e-07,1,0,0
17.2002,4.16343,0.288184,0,0.120093,1.03831,0.135581,0.0915961,-0.0648853,-0.99368,-0.0208863,0.4,0,0,slope_up,0,1,5.22993e-13,1.32311e-10,4.4554e-07,1,0,0
17.2202,4.16759,0.289336,0,0.122234,1.03784,0.137561,0.0937372,-0.0650291,-0.993471,-0.0193875,0.4,0,0,slope_up,0,1,2.29776e-13,1.1499e-10,5.1039e-07,1,0,0
17.2402,4.17176,0.29059,0,0.123402,1.03693,0.13708,0.0949051,-0.0615992,-0.993579,-0.0175901,0.4,0,0,slope_up,0,0.999999,1.32468e-13,8.74723e-11,5.70602e-07,1,0,0
17.2603,4.17663,0.291326,0,0.121162,1.03692,0.135242,0.092665,-0.0620302,-0.993763,-0.022207,0.4,0,0,slope_up,0,1,2.46377e-13,8.37131e-11,3.46807e-07,1,0,0
17.2803,4.18085,0.291913,0,0.117949,1.03841,0.129732,0.0894522,-0.056015,-0.994415,-0.019457,0.4,0,0,slope_up,0,0.999999,2.69841e-13,2.02891e-10,5.52141e-07,1,0,0
17.3003,4.1851,0.292506,0,0.114772,1.04073,0.122932,0.0862756,-0.046066,-0.995206,-0.0103933,0.4,0,0,slope_up,0,1,1.63286e-13,2.51573e-10,4.93439e-07,1,0,0
17.3203,4.18917,0.292842,0,0.112042,1.04316,0.117559,0.0835455,-0.0376228,-0.995793,-0.0046149,0.4,0,0,slope_up,0,1,1.2873e-13,4.54121e-11,4.06637e-07,1,0,0
17.3403,4.19354,0.29288,0,0.112004,1.04579,0.115314,0.0835079,-0.0293919,-0.996074,0.00058593,0.4,0,0,slope_up,0,1,1.04221e-13,5.87936e-12,1.75826e-07,1,0,0
17.3603,4.19779,0.29251,0,0.114566,1.04807,0.116326,0.0860697,-0.0219131,-0.996048,0.00681847,0.4,0,0,slope_up,0,1,1.17156e-13,1.49558e-12,1.03591e-07,1,0,0
17.3803,4.20216,0.291888,0,0.11711,1.05003,0.117862,0.0886134,-0.0146015,-0.995959,0.0116517,0.4,0,0,slope_up,0,1,1.75406e-13,3.37238e-13,6.61416e-08,1,0,0
17.4003,4.20667,0.291214,0,0.118246,1.05174,0.118446,0.0897499,-0.00667248,-0.995942,0.0143192,0.4,0,0,slope_up,0,1,3.30666e-13,1.36207e-13,5.5462e-08,1,0,0
17.4203,4.21151,0.29041,0,0.118785,1.05328,0.119014,0.0902882,0.00245946,-0.995913,0.0162896,0.4,0,0,slope_up,0,1,5.44644e-13,9.99017e-14,5.69635e-08,1,0,0
17.4403,4.21523,0.28962,0,0.119091,1.05418,0.119739,0.0905941,0.00866535,-0.99585,0.016422,0.4,0,0,slope_up,0,1,4.8668e-13,6.69528e-14,4.70395e-08,1,0,0
17.4603,4.21914,0.288547,0,0.118918,1.05472,0.120042,0.090421,0.0129414,-0.99582,0.0160465,0.4,0,0,slope_up,0,1,3.24712e-13,4.29218e-14,2.98946e-08,1,0,0
17.4803,4.22292,0.287271,0,0.117518,1.05472,0.118829,0.0890218,0.0142656,-0.995928,0.0159823,0.4,0,0,slope_up,0,1,2.41406e-13,4.30707e-14,2.09649e-08,1,0,0
17.5003,4.2267,0.28565,0,0.114244,1.05425,0.11543,0.0857475,0.0132335,-0.996229,0.0178061,0.4,0,0,slope_up,0,1,2.84245e-13,5.34756e-14,2.71995e-08,1,0,0
17.5203,4.23113,0.284063,0,0.106279,1.05421,0.10839,0.0777827,0.0183695,-0.996801,0.0264994,0.4,0,0,slope_up,0,1,3.99395e-13,2.49779e-13,7.05993e-08,1,0,0
17.5403,4.23496,0.282328,0,0.0999326,1.05524,0.102468,0.071436,0.0198649,-0.997247,0.026065,0.4,0,0,slope_up,0,1,5.21259e-13,7.72276e-13,1.55235e-07,1,0,0
17.5603,4.23796,0.280037,0,0.0984539,1.05741,0.100174,0.0699572,0.0156689,-0.997427,0.0220082,0.4,0,0,slope_up,0,1,5.81288e-13,7.64794e-13,3.72823e-08,1,0,0
17.5803,4.24106,0.278438,0,0.0956743,1.05983,0.0964064,0.0671777,0.00894015,-0.997701,0.0179579,0.4,0,0,slope_up,0,1,7.68218e-13,1.71045e-12,3.68512e-08,1,0,0
17.6003,4.2442,0.277668,0,0.0933864,1.06191,0.093553,0.0648898,0.00221227,-0.99789,0.0125078,0.4,0,0,slope_up,0,1,7.91133e-13,3.72385e-13,3.12832e-08,1,0,0
17.6203,4.24793,0.276949,0,0.0940346,1.06421,0.0941503,0.065538,-0.00595599,-0.997832,0.011893,0.4,0,0,slope_up,0,1,4.7178e-13,9.5875e-14,3.05842e-08,1,0,0
17.6403,4.25103,0.276556,0,0.0965971,1.06585,0.0972922,0.0681005,-0.0135698,-0.997586,0.0105777,0.4,0,0,slope_up,0,1,2.3355e-13,5.07306e-14,2.30374e-08,1,0,0
17.6603,4.25464,0.276393,0,0.100345,1.06733,0.102172,0.0718484,-0.0213059,-0.997188,0.00877804,0.4,0,0,slope_up,0,1,1.78651e-13,4.68215e-14,1.33613e-08,1,0,0
17.6803,4.25846,0.276453,0,0.10412,1.06842,0.107315,0.0756233,-0.0280775,-0.996741,0.00763404,0.4,0,0,slope_up,0,1,2.34985e-13,1.31048e-13,1.63541e-08,1,0,0
17.7003,4.26274,0.27665,0,0.107609,1.06925,0.112433,0.0791123,-0.0346657,-0.996263,0.00666401,0.4,0,0,slope_up,0,1,5.65056e-13,7.63705e-13,3.56773e-08,1,0,0
17.7203,4.26662,0.276954,0,0.110975,1.06977,0.11809,0.0824786,-0.0424414,-0.995689,0.00539744,0.4,0,0,slope_up,0,1,1.49752e-12,4.32314e-12,8.95395e-08,1,0,0
17.7403,4.2701,0.277393,0,0.113301,1.07008,0.122518,0.0848046,-0.0486725,-0.995208,0.00387283,0.4,0,0,slope_up,0,1,2.75366e-12,1.72624e-11,1.92288e-07,1,0,0
17.7603,4.274,0.278031,0,0.115501,1.0703,0.127282,0.087004,-0.0555087,-0.99466,0.0030433,0.4,0,0,slope_up,0,1,2.75023e-12,4.02165e-11,2.81488e-07,1,0,0
17.7803,4.27831,0.278936,0,0.117921,1.07041,0.132014,0.0894243,-0.0613411,-0.994103,0.0027449,0.4,0,0,slope_up,0,1,1.31265e-12,9.54407e-11,3.94618e-07,1,0,0
17.8003,4.28232,0.279998,0,0.120317,1.07025,0.135741,0.0918209,-0.0647966,-0.993665,0.00340259,0.4,0,0,slope_up,0,1,5.59258e-13,1.35482e-10,4.77918e-07,1,0,0
17.8203,4.28597,0.281188,0,0.12237,1.06976,0.137486,0.0938736,-0.0645981,-0.993486,0.00490868,0.4,0,0,slope_up,0,0.999999,2.33061e-13,1.24106e-10,5.56822e-07,1,0,0
17.8403,4.2901,0.28262,0,0.12311,1.06876,0.136549,0.0946131,-0.0609877,-0.993644,0.00529326,0.4,0,0,slope_up,0,0.999999,1.3481e-13,8.46046e-11,5.81031e-07,1,0,0
17.8603,4.29458,0.28347,0,0.120224,1.06858,0.134221,0.0917279,-0.0616375,-0.993875,-0.000544481,0.4,0,0,slope_up,0,1,2.42234e-13,7.59393e-11,3.38788e-07,1,0,0
17.8803,4.29865,0.284271,0,0.117575,1.06977,0.129305,0.0890786,-0.0558117,-0.99446,0.000538653,0.4,0,0,slope_up,0,1,2.62011e-13,1.80826e-10,5.05774e-07,1,0,0
17.9003,4.30267,0.285009,0,0.114999,1.07191,0.123576,0.0865024,-0.047258,-0.99513,0.00658858,0.4,0,0,slope_up,0,1,1.91979e-13,2.5151e-10,4.97932e-07,1,0,0
17.9203,4.30751,0.285497,0,0.112141,1.07478,0.117852,0.0836442,-0.038279,-0.99576,0.01297,0.4,0,0,slope_up,0,1,1.52012e-13,6.29484e-11,4.52844e-07,1,0,0
17.9403,4.31143,0.285613,0,0.112134,1.0771,0.115744,0.0836369,-0.03066,-0.996024,0.019241,0.4,0,0,slope_up,0,1,9.17276e-14,7.31698e-12,1.90057e-07,1,0,0
17.9603,4.31606,0.285342,0,0.114615,1.0796,0.116537,0.0861185,-0.0228577,-0.996023,0.0245922,0.4,0,0,slope_up,0,1,9.3365e-14,1.74371e-12,1.09652e-07,1,0,0
17.9803,4.32041,0.284826,0,0.116619,1.08155,0.117458,0.0881227,-0.015404,-0.995991,0.0290169,0.4,0,0,slope_up,0,1,1.48686e-13,2.57269e-13,6.33304e-08,1,0,0
18.0003,4.32444,0.284309,0,0.117315,1.0831,0.11758,0.0888179,-0.00824864,-0.996014,0.0312506,0.4,0,0,slope_up,0,1,3.41959e-13,1.20673e-13,5.38942e-08,1,0,0
18.0203,4.32922,0.283621,0,0.117728,1.08467,0.117899,0.0892317,0.00090786,-0.99601,0.032691,0.4,0,0,slope_up,0,1,5.52744e-13,9.63155e-14,5.52204e-08,1,0,0
18.0403,4.33327,0.282844,0,0.118051,1.08567,0.118616,0.0895547,0.00774011,-0.995952,0.0323794,0.4,0,0,slope_up,0,1,4.91558e-13,6.09907e-14,4.70488e-08,1,0,0
18.0603,4.33671,0.28194,0,0.117995,1.08612,0.11892,0.0894983,0.0112884,-0.995923,0.0318898,0.4,0,0,slope_up,0,1,3.52488e-13,3.54519e-14,2.89428e-08,1,0,0
18.0803,4.34047,0.280742,0,0.116551,1.08607,0.117649,0.0880542,0.0126597,-0.996035,0.0317865,0.4,0,0,slope_up,0,1,2.57651e-13,3.55002e-14,2.07627e-08,1,0,0
18.1003,4.34431,0.279189,0,0.112962,1.08553,0.113991,0.0844659,0.0119888,-0.996354,0.0339103,0.4,0,0,slope_up,0,1,3.07369e-13,4.6853e-14,2.84531e-08,1,0,0
18.1203,4.34867,0.277757,0,0.105304,1.08555,0.107234,0.0768073,0.017337,-0.996895,0.040555,0.4,0,0,slope_up,0,1,4.24227e-13,2.22321e-13,7.6794e-08,1,0,0
18.1403,4.35263,0.275982,0,0.0996328,1.08691,0.101935,0.0711362,0.0187498,-0.99729,0.0374492,0.4,0,0,slope_up,0,1,6.85209e-13,4.89195e-13,1.07851e-07,1,0,0
18.1603,4.35507,0.27414,0,0.0984508,1.08881,0.100005,0.0699542,0.0147284,-0.997441,0.0352687,0.4,0,0,slope_up,0,1,8.27716e-13,6.361e-13,3.64478e-08,1,0,0
18.1803,4.35817,0.272649,0,0.0958929,1.09124,0.0966285,0.0673963,0.0089739,-0.997686,0.0306865,0.4,0,0,slope_up,0,1,1.06152e-12,1.84551e-12,4.6105e-08,1,0,0
18.2003,4.36164,0.271914,0,0.0934694,1.09355,0.093576,0.0649727,0.000811714,-0.997887,0.0227782,0.4,0,0,slope_up,0,1,7.80855e-13,2.28676e-13,2.89352e-08,1,0,0
18.2203,4.36533,0.271362,0,0.0943596,1.09573,0.0945722,0.065863,-0.00796409,-0.997797,0.0207691,0.4,0,0,slope_up,0,1,4.2951e-13,4.3e-14,2.18977e-08,1,0,0
18.2403,4.36833,0.271081,0,0.0973096,1.09722,0.0981207,0.068813,-0.0145661,-0.997523,0.0212484,0.4,0,0,slope_up,0,1,2.15522e-13,3.12512e-14,2.0925e-08,1,0,0
18.2603,4.37232,0.27107,0,0.100837,1.09868,0.102634,0.0723402,-0.0211839,-0.997155,0.0204768,0.4,0,0,slope_up,0,1,1.73685e-13,4.85228e-14,1.57758e-08,1,0,0
18.2803,4.37619,0.271274,0,0.104347,1.09967,0.107596,0.0758502,-0.028332,-0.996717,0.0181959,0.4,0,0,slope_up,0,1,2.6552e-13,1.78895e-13,2.16249e-08,1,0,0
18.3003,4.38004,0.271568,0,0.107591,1.10038,0.112449,0.0790948,-0.0347794,-0.99626,0.0165635,0.4,0,0,slope_up,0,1,7.82374e-13,8.3313e-13,4.12927e-08,1,0,0
18.3203,4.38348,0.271929,0,0.110568,1.10083,0.117439,0.0820713,-0.0416535,-0.995756,0.0153666,0.4,0,0,slope_up,0,1,2.07148e-12,3.87536e-12,9.45013e-08,1,0,0
18.3403,4.38765,0.272548,0,0.113185,1.10124,0.122488,0.0846881,-0.0488786,-0.995208,0.0141459,0.4,0,0,slope_up,0,1,3.19575e-12,1.48823e-11,1.94081e-07,1,0,0
18.3603,4.39145,0.273307,0,0.115585,1.10149,0.127492,0.0870882,-0.0558259,-0.994635,0.0132873,0.4,0,0,slope_up,0,1,2.48616e-12,4.29641e-11,3.09866e-07,1,0,0
18.3803,4.39531,0.274293,0,0.117714,1.10158,0.131654,0.0892176,-0.0609552,-0.994145,0.0128747,0.4,0,0,slope_up,0,1,1.25132e-12,8.60201e-11,4.08082e-07,1,0,0
18.4003,4.39923,0.275535,0,0.120386,1.1014,0.135531,0.0918898,-0.0642097,-0.993697,0.0131249,0.4,0,0,slope_up,0,1,5.3779e-13,1.17217e-10,4.98502e-07,1,0,0
18.4203,4.40326,0.277016,0,0.122138,1.1008,0.136767,0.0936414,-0.0634717,-0.993581,0.0149306,0.4,0,0,slope_up,0,0.999999,2.41398e-13,1.05279e-10,5.8106e-07,1,0,0
18.4403,4.40692,0.278339,0,0.122527,1.09992,0.135799,0.0940306,-0.0604759,-0.993731,0.0158605,0.4,0,0,slope_up,0,0.999999,1.48141e-13,8.3781e-11,6.75703e-07,1,0,0
18.4603,4.41195,0.279279,0,0.118105,1.09988,0.132453,0.0896087,-0.0619477,-0.994049,0.0112167,0.4,0,0,slope_up,0,1,3.58098e-13,9.3896e-11,3.87922e-07,1,0,0
18.4803,4.41578,0.280066,0,0.114391,1.10106,0.126399,0.0858944,-0.0558151,-0.99474,0.0146399,0.4,0,0,slope_up,0,0.999999,2.43343e-13,2.19254e-10,6.4509e-07,1,0,0
18.5003,4.41976,0.280989,0,0.112123,1.10316,0.120741,0.0836265,-0.046863,-0.995395,0.0200907,0.4,0,0,slope_up,0,1,1.42502e-13,1.80154e-10,4.9286e-07,1,0,0
18.5203,4.42405,0.281671,0,0.109974,1.10571,0.115548,0.0814776,-0.037519,-0.995969,0.0257633,0.4,0,0,slope_up,0,1,1.18444e-13,4.36214e-11,4.13622e-07,1,0,0
18.5403,4.42791,0.282026,0,0.110153,1.108,0.113645,0.0816563,-0.0299609,-0.99621,0.0297986,0.4,0,0,slope_up,0,1,7.38004e-14,1.11379e-11,3.11606e-07,1,0,0
18.5603,4.43243,0.281982,0,0.113609,1.11041,0.115481,0.0851127,-0.0225142,-0.996117,0.0350997,0.4,0,0,slope_up,0,1,8.24388e-14,1.56735e-12,1.21642e-07,1,0,0
18.5803,4.43716,0.281506,0,0.117076,1.11242,0.11794,0.0885795,-0.0156413,-0.995946,0.0404926,0.4,0,0,slope_up,0,1,1.24016e-13,3.98771e-13,8.40002e-08,1,0,0
18.6003,4.44123,0.281044,0,0.118163,1.1139,0.118493,0.0896664,-0.00940999,-0.995927,0.0427003,0.4,0,0,slope_up,0,1,3.5068e-13,1.17155e-13,6.18871e-08,1,0,0
18.6203,4.44614,0.280486,0,0.118419,1.11553,0.118562,0.0899228,-0.000451674,-0.995949,0.0436139,0.4,0,0,slope_up,0,1,6.07265e-13,7.68461e-14,5.71458e-08,1,0,0
18.6403,4.45025,0.279851,0,0.118871,1.11668,0.119373,0.0903746,0.00696541,-0.995883,0.0435451,0.4,0,0,slope_up,0,1,4.85532e-13,4.93407e-14,4.90326e-08,1,0,0
18.6603,4.45374,0.279104,0,0.118834,1.11728,0.119761,0.0903369,0.0113306,-0.995847,0.0428893,0.4,0,0,slope_up,0,1,2.99087e-13,2.84866e-14,2.93679e-08,1,0,0
18.6803,4.4575,0.278061,0,0.117683,1.11742,0.118823,0.0891868,0.0130177,-0.99593,0.0424961,0.4,0,0,slope_up,0,1,2.09365e-13,2.99097e-14,2.07687e-08,1,0,0
18.7003,4.46129,0.276687,0,0.114535,1.11704,0.115626,0.0860385,0.0125298,-0.996213,0.0441815,0.4,0,0,slope_up,0,1,2.32606e-13,3.68361e-14,2.53186e-08,1,0,0
18.7203,4.46571,0.275371,0,0.106803,1.11713,0.108723,0.0783059,0.0173985,-0.996778,0.0506857,0.4,0,0,slope_up,0,1,3.55074e-13,2.05562e-13,7.70167e-08,1,0,0
18.7403,4.46981,0.273684,0,0.100787,1.11853,0.103124,0.0722902,0.0190193,-0.997202,0.0477244,0.4,0,0,slope_up,0,1,5.72026e-13,4.21444e-13,1.22375e-07,1,0,0
18.7603,4.47259,0.271712,0,0.0994793,1.12066,0.100988,0.0709827,0.0145355,-0.997372,0.0448861,0.4,0,0,slope_up,0,1,7.14272e-13,4.36832e-13,3.45983e-08,1,0,0
18.7803,4.47579,0.270256,0,0.0967742,1.12308,0.0973848,0.0682776,0.00789635,-0.997635,0.0389653,0.4,0,0,slope_up,0,1,1.00512e-12,1.47099e-12,4.20777e-08,1,0,0
18.8003,4.47894,0.26957,0,0.0946023,1.12511,0.0947116,0.0661057,0.000819923,-0.997812,0.0330169,0.4,0,0,slope_up,0,1,6.1636e-13,1.84494e-13,3.15062e-08,1,0,0
18.8203,4.48268,0.269003,0,0.0951921,1.12727,0.0953698,0.0666955,-0.00731384,-0.997747,0.0325993,0.4,0,0,slope_up,0,1,4.06627e-13,4.52172e-14,2.66413e-08,1,0,0
18.8403,4.48613,0.268738,0,0.0979595,1.12892,0.0988427,0.0694629,-0.0151611,-0.997469,0.0320304,0.4,0,0,slope_up,0,1,2.22729e-13,3.30982e-14,2.34352e-08,1,0,0
18.8603,4.48977,0.268771,0,0.101373,1.13023,0.103417,0.0728768,-0.0225294,-0.997086,0.0302098,0.4,0,0,slope_up,0,1,1.8323e-13,4.00413e-14,1.43608e-08,1,0,0
18.8803,4.49316,0.268963,0,0.104856,1.13113,0.10834,0.0763595,-0.0293402,-0.996649,0.0288763,0.4,0,0,slope_up,0,1,2.90637e-13,1.32833e-13,1.97489e-08,1,0,0
18.9003,4.49695,0.269316,0,0.10793,1.13182,0.112912,0.0794334,-0.0352542,-0.996217,0.0272812,0.4,0,0,slope_up,0,1,7.46384e-13,7.62106e-13,4.34598e-08,1,0,0
18.9203,4.50073,0.269834,0,0.110921,1.13227,0.117818,0.0824243,-0.0417888,-0.995721,0.0260763,0.4,0,0,slope_up,0,1,1.8386e-12,3.76915e-12,1.02184e-07,1,0,0
18.9403,4.50489,0.270561,0,0.113413,1.13263,0.122706,0.0849161,-0.0488937,-0.995188,0.0250291,0.4,0,0,slope_up,0,1,2.91513e-12,1.59874e-11,2.32632e-07,1,0,0
18.9603,4.50867,0.271408,0,0.115946,1.13284,0.128116,0.0874497,-0.0565207,-0.994564,0.0242994,0.4,0,0,slope_up,0,1,2.49701e-12,4.65914e-11,3.87314e-07,1,0,0
18.9803,4.5125,0.272488,0,0.117997,1.13291,0.132174,0.0895006,-0.061544,-0.994083,0.0240807,0.4,0,0,slope_up,0,1,1.32834e-12,9.11159e-11,4.99757e-07,1,0,0
19.0003,4.51601,0.27367,0,0.120221,1.13274,0.135577,0.0917244,-0.0646318,-0.993685,0.0246696,0.4,0,0,slope_up,0,0.999999,5.68257e-13,1.17297e-10,5.80487e-07,1,0,0
19.0203,4.52036,0.275428,0,0.122206,1.13204,0.136736,0.0937092,-0.0632683,-0.993587,0.0264036,0.4,0,0,slope_up,0,0.999999,2.6277e-13,1.08234e-10,6.76665e-07,1,0,0
19.0403,4.52402,0.276858,0,0.122289,1.13113,0.135552,0.0937926,-0.0604064,-0.993758,0.0259598,0.4,0,0,slope_up,0,0.999999,1.61573e-13,7.66974e-11,7.04618e-07,1,0,0
19.0603,4.52846,0.277911,0,0.118623,1.13106,0.132518,0.0901266,-0.0610567,-0.994057,0.0202206,0.4,0,0,slope_up,0,1,3.87454e-13,9.25578e-11,4.27855e-07,1,0,0
19.0803,4.53279,0.279027,0,0.115586,1.13252,0.126708,0.0870889,-0.0539391,-0.994739,0.0225345,0.4,0,0,slope_up,0,0.999999,3.02376e-13,1.8936e-10,5.82272e-07,1,0,0
19.1003,4.5369,0.279945,0,0.1124,1.13469,0.120294,0.0839031,-0.0449164,-0.995461,0.0297569,0.4,0,0,slope_up,0,0.999999,1.97316e-13,2.52983e-10,6.04319e-07,1,0,0
19.1203,4.54069,0.280534,0,0.11057,1.137,0.116308,0.0820735,-0.038139,-0.995896,0.0330772,0.4,0,0,slope_up,0,1,1.43807e-13,4.15113e-11,4.69809e-07,1,0,0
19.1403,4.54526,0.280794,0,0.111381,1.1398,0.114872,0.0828847,-0.0300833,-0.996105,0.0394154,0.4,0,0,slope_up,0,1,1.06018e-13,5.31486e-12,1.74873e-07,1,0,0
19.1603,4.54899,0.280664,0,0.113795,1.14183,0.115803,0.0852985,-0.0232908,-0.996083,0.0462171,0.4,0,0,slope_up,0,1,1.05219e-13,1.6431e-12,1.23592e-07,1,0,0
19.1803,4.5532,0.280326,0,0.116583,1.14378,0.117455,0.0880866,-0.0157055,-0.995989,0.0505389,0.4,0,0,slope_up,0,1,1.62436e-13,2.97869e-13,6.89966e-08,1,0,0
19.2003,4.55799,0.279871,0,0.117544,1.14564,0.117803,0.0890478,-0.0081016,-0.995994,0.0525148,0.4,0,0,slope_up,0,1,3.75298e-13,1.1276e-13,5.70572e-08,1,0,0
19.2203,4.56228,0.279394,0,0.117647,1.14708,0.117795,0.0891503,6.48433e-07,-0.996018,0.052768,0.4,0,0,slope_up,0,1,6.72273e-13,1.0245e-13,6.43382e-08,1,0,0
19.2403,4.56589,0.278826,0,0.117767,1.14806,0.11822,0.0892706,0.0063541,-0.995987,0.0522138,0.4,0,0,slope_up,0,1,5.66041e-13,6.24789e-14,5.18617e-08,1,0,0
19.2603,4.56966,0.277998,0,0.117473,1.14866,0.118363,0.0889767,0.0109765,-0.995973,0.0514204,0.4,0,0,slope_up,0,1,3.71191e-13,3.64244e-14,3.19158e-08,1,0,0
19.2803,4.57364,0.276797,0,0.116163,1.14862,0.117219,0.0876664,0.0123183,-0.996074,0.0510178,0.4,0,0,slope_up,0,1,2.65476e-13,3.80837e-14,2.37601e-08,1,0,0
19.3003,4.57695,0.27544,0,0.112826,1.14809,0.113775,0.0843292,0.0113548,-0.996373,0.0530092,0.4,0,0,slope_up,0,1,2.97481e-13,4.27165e-14,3.00154e-08,1,0,0
19.3203,4.58123,0.274056,0,0.10502,1.14802,0.106843,0.0765231,0.0167293,-0.996927,0.0602539,0.4,0,0,slope_up,0,1,3.90714e-13,1.7131e-13,7.24925e-08,1,0,0
19.3403,4.58492,0.272584,0,0.0988985,1.14912,0.101222,0.0704019,0.0187794,-0.997342,0.0569197,0.4,0,0,slope_up,0,1,6.75745e-13,4.79829e-13,1.28631e-07,1,0,0
19.3603,4.58755,0.27057,0,0.0974641,1.15113,0.0989743,0.0689675,0.0144017,-0.997515,0.0534038,0.4,0,0,slope_up,0,1,8.03318e-13,5.00658e-13,3.77855e-08,1,0,0
19.3803,4.59081,0.268862,0,0.0948678,1.15381,0.0954724,0.0663712,0.0077736,-0.997765,0.0497308,0.4,0,0,slope_up,0,1,1.00126e-12,1.31957e-12,4.16103e-08,1,0,0
19.4003,4.5939,0.268213,0,0.0922935,1.15592,0.0924026,0.0637968,0.000919619,-0.997962,0.0437533,0.4,0,0,slope_up,0,1,8.9645e-13,2.69434e-13,3.19979e-08,1,0,0
19.4203,4.59756,0.267642,0,0.0925326,1.1582,0.0927147,0.064036,-0.00743682,-0.99792,0.0424049,0.4,0,0,slope_up,0,1,5.34593e-13,5.93773e-14,2.84287e-08,1,0,0
19.4403,4.60092,0.267354,0,0.0952779,1.15995,0.0962496,0.0667813,-0.0156967,-0.997644,0.0408291,0.4,0,0,slope_up,0,1,2.70839e-13,3.18858e-14,2.13825e-08,1,0,0
19.4603,4.60408,0.267356,0,0.0986621,1.1612,0.100736,0.0701655,-0.0224573,-0.997283,0.038801,0.4,0,0,slope_up,0,1,2.0232e-13,3.70072e-14,1.31464e-08,1,0,0
19.4803,4.60819,0.267613,0,0.102433,1.16229,0.105839,0.0739367,-0.0287575,-0.996848,0.0374635,0.4,0,0,slope_up,0,1,2.66365e-13,1.29966e-13,1.79789e-08,1,0,0
19.5003,4.61165,0.267957,0,0.105926,1.16288,0.11082,0.0774293,-0.0346787,-0.996395,0.0361825,0.4,0,0,slope_up,0,1,6.66048e-13,9.05097e-13,4.42209e-08,1,0,0
19.5203,4.61552,0.26846,0,0.108901,1.16332,0.115602,0.0804039,-0.0408824,-0.995924,0.0348719,0.4,0,0,slope_up,0,1,1.85654e-12,5.72464e-12,1.17759e-07,1,0,0
19.5403,4.6194,0.269099,0,0.111333,1.16364,0.120298,0.0828368,-0.0476464,-0.995423,0.0331554,0.4,0,0,slope_up,0,1,3.38585e-12,1.92348e-11,2.34713e-07,1,0,0
19.5603,4.62332,0.269854,0,0.113457,1.16388,0.125089,0.0849608,-0.0547302,-0.99488,0.0323365,0.4,0,0,slope_up,0,1,3.24491e-12,5.37933e-11,3.76433e-07,1,0,0
19.5803,4.62762,0.270928,0,0.116256,1.16397,0.130296,0.0877589,-0.0608529,-0.994281,0.03198,0.4,0,0,slope_up,0,1,1.55244e-12,1.18095e-10,5.03602e-07,1,0,0
19.6003,4.63124,0.272049,0,0.118437,1.16381,0.133492,0.0899407,-0.0635689,-0.993916,0.0321646,0.4,0,0,slope_up,0,0.999999,5.78852e-13,1.55127e-10,5.80702e-07,1,0,0
19.6203,4.63574,0.273734,0,0.120839,1.16314,0.135176,0.0923424,-0.0625332,-0.993762,0.0331756,0.4,0,0,slope_up,0,0.999999,2.34395e-13,1.35482e-10,6.77892e-07,1,0,0
19.6403,4.63951,0.275193,0,0.121617,1.16221,0.134491,0.0931204,-0.0593602,-0.993884,0.0329631,0.4,0,0,slope_up,0,0.999999,1.52548e-13,9.21899e-11,6.78301e-07,1,0,0
19.6603,4.64394,0.276289,0,0.119293,1.16207,0.132405,0.0907967,-0.0594208,-0.994095,0.0270123,0.4,0,0,slope_up,0,1,2.881e-13,1.04102e-10,4.4239e-07,1,0,0
19.6803,4.64821,0.277253,0,0.116142,1.16327,0.126975,0.0876449,-0.0533383,-0.994723,0.0294264,0.4,0,0,slope_up,0,0.999999,3.08506e-13,2.30354e-10,6.04661e-07,1,0,0
19.7003,4.65292,0.278265,0,0.112569,1.16558,0.120083,0.0840727,-0.0438604,-0.995494,0.0378291,0.4,0,0,slope_up,0,0.999999,2.17491e-13,2.86117e-10,6.60964e-07,1,0,0
19.7203,4.65696,0.278989,0,0.110213,1.16785,0.115311,0.0817165,-0.0359587,-0.996007,0.0426545,0.4,0,0,slope_up,0,1,1.4266e-13,5.25772e-11,5.08286e-07,1,0,0
19.7403,4.66126,0.279403,0,0.110746,1.17036,0.11388,0.0822492,-0.0285112,-0.996204,0.0469131,0.4,0,0,slope_up,0,1,9.6655e-14,6.39135e-12,2.17315e-07,1,0,0
19.7603,4.66553,0.27936,0,0.11349,1.17259,0.115163,0.0849938,-0.0213247,-0.996153,0.0534188,0.4,0,0,slope_up,0,1,1.13996e-13,1.67118e-12,1.3043e-07,1,0,0
19.7803,4.67038,0.279066,0,0.116216,1.17476,0.116862,0.0877189,-0.0135332,-0.996053,0.0576724,0.4,0,0,slope_up,0,1,1.9503e-13,3.58443e-13,8.19325e-08,1,0,0
19.8003,4.67445,0.278779,0,0.117327,1.17632,0.117506,0.08883,-0.0061169,-0.996028,0.0608359,0.4,0,0,slope_up,0,1,4.28751e-13,1.39084e-13,6.87327e-08,1,0,0
19.8203,4.67888,0.278402,0,0.117832,1.17777,0.118043,0.0893357,0.00206895,-0.995999,0.0615573,0.4,0,0,slope_up,0,1,6.18011e-13,1.15867e-13,7.1746e-08,1,0,0
19.8403,4.68304,0.2779,0,0.118167,1.17886,0.118852,0.0896699,0.0090484,-0.99593,0.0604917,0.4,0,0,slope_up,0,1,6.08358e-13,5.54979e-14,5.35219e-08,1,0,0
19.8603,4.68731,0.27708,0,0.11819,1.17951,0.119431,0.0896929,0.0137932,-0.995874,0.060018,0.4,0,0,slope_up,0,1,4.23967e-13,3.54185e-14,3.40132e-08,1,0,0
19.8803,4.69069,0.276209,0,0.117049,1.17956,0.118462,0.0885519,0.0149555,-0.995959,0.0599652,0.4,0,0,slope_up,0,1,3.21549e-13,3.93964e-14,2.49565e-08,1,0,0
19.9003,4.69502,0.2748,0,0.112788,1.17913,0.114228,0.0842909,0.0149202,-0.996329,0.0630782,0.4,0,0,slope_up,0,1,3.49898e-13,4.5451e-14,3.15217e-08,1,0,0
19.9203,4.6994,0.273684,0,0.105881,1.17935,0.108193,0.0773839,0.019355,-0.996813,0.0680198,0.4,0,0,slope_up,0,1,5.2879e-13,2.66525e-13,1.04847e-07,1,0,0
19.9403,4.70289,0.272312,0,0.10097,1.18074,0.10374,0.0724737,0.0210226,-0.997149,0.0645692,0.4,0,0,slope_up,0,1,9.57287e-13,3.51969e-13,1.08926e-07,1,0,0
19.9603,4.70545,0.270618,0,0.0997127,1.18266,0.101601,0.071216,0.0166742,-0.997322,0.0600975,0.4,0,0,slope_up,0,1,1.21631e-12,4.84675e-13,3.98746e-08,1,0,0
19.9803,4.70853,0.269016,0,0.0974896,1.18514,0.0983359,0.068993,0.00994081,-0.997568,0.0558208,0.4,0,0,slope_up,0,1,1.05386e-12,1.61906e-12,4.35495e-08,1,0,0
20.0003,4.71233,0.26816,0,0.094794,1.18768,0.0949307,0.0662974,0.00154011,-0.997799,0.0508242,0.4,0,0,slope_up,0,1,8.94319e-13,3.98642e-13,4.02363e-08,1,0,0
20.0203,4.71573,0.26779,0,0.0951506,1.18969,0.0952847,0.0666539,-0.00637197,-0.997756,0.0490726,0.4,0,0,slope_up,0,1,5.06e-13,9.08532e-14,3.66725e-08,1,0,0
20.0403,4.71879,0.267646,0,0.09739,1.19125,0.098072,0.0688933,-0.013478,-0.997533,0.0481568,0.4,0,0,slope_up,0,1,2.61808e-13,3.58009e-14,2.28573e-08,1,0,0
20.0603,4.72234,0.26771,0,0.100713,1.19267,0.102542,0.072216,-0.0213506,-0.99716,0.0460967,0.4,0,0,slope_up,0,1,2.26566e-13,4.37112e-14,1.58711e-08,1,0,0
20.0803,4.72603,0.267977,0,0.104169,1.19372,0.107397,0.0756721,-0.0282234,-0.996733,0.0448842,0.4,0,0,slope_up,0,1,3.22804e-13,1.42175e-13,2.07718e-08,1,0,0
20.1003,4.73013,0.268459,0,0.107543,1.19448,0.112368,0.0790466,-0.0346599,-0.996268,0.0430816,0.4,0,0,slope_up,0,1,7.58714e-13,7.94708e-13,4.48294e-08,1,0,0
20.1203,4.73349,0.269017,0,0.110433,1.19487,0.117077,0.0819362,-0.040953,-0.995796,0.041843,0.4,0,0,slope_up,0,1,1.98671e-12,4.06122e-12,1.06071e-07,1,0,0
20.1403,4.73762,0.269834,0,0.112959,1.19524,0.122232,0.0844619,-0.0487604,-0.995233,0.0408021,0.4,0,0,slope_up,0,1,3.0239e-12,1.73735e-11,2.48034e-07,1,0,0
20.1603,4.74099,0.270663,0,0.114884,1.19545,0.126568,0.0863871,-0.0551505,-0.994734,0.0401918,0.4,0,0,slope_up,0,1,2.57743e-12,5.27122e-11,4.24328e-07,1,0,0
20.1803,4.74474,0.271817,0,0.117181,1.19555,0.131138,0.0886845,-0.060873,-0.994198,0.039923,0.4,0,0,slope_up,0,1,1.35211e-12,9.54598e-11,5.18754e-07,1,0,0
20.2003,4.74897,0.273405,0,0.119501,1.19534,0.134517,0.0910042,-0.0637284,-0.993809,0.0401385,0.4,0,0,slope_up,0,0.999999,5.70657e-13,1.29539e-10,6.03997e-07,1,0,0
20.2203,4.75252,0.274933,0,0.121236,1.19476,0.135662,0.0927398,-0.0628191,-0.993707,0.0417085,0.4,0,0,slope_up,0,0.999999,2.54879e-13,1.16788e-10,6.92853e-07,1,0,0
20.2403,4.75693,0.276716,0,0.121477,1.19358,0.134279,0.0929805,-0.0591599,-0.993909,0.0424492,0.4,0,0,slope_up,0,0.999999,1.57202e-13,9.15587e-11,7.58113e-07,1,0,0
20.2603,4.76096,0.277644,0,0.117924,1.19349,0.131932,0.0894274,-0.061153,-0.994114,0.0371153,0.4,0,0,slope_up,0,1,4.02354e-13,1.08483e-10,4.27284e-07,1,0,0
20.2803,4.7649,0.278796,0,0.114978,1.19467,0.126596,0.0864812,-0.0550124,-0.994733,0.0378345,0.4,0,0,slope_up,0,0.999999,2.9835e-13,1.9602e-10,6.14945e-07,1,0,0
20.3003,4.76884,0.279865,0,0.112269,1.19674,0.120549,0.083772,-0.0459684,-0.995424,0.0438053,0.4,0,0,slope_up,0,0.999999,1.85022e-13,2.57324e-10,5.88358e-07,1,0,0
20.3203,4.77349,0.280714,0,0.109993,1.19957,0.115591,0.0814966,-0.0375992,-0.995964,0.048667,0.4,0,0,slope_up,0,1,1.44459e-13,5.86925e-11,5.26308e-07,1,0,0
20.3403,4.77769,0.281113,0,0.110534,1.20213,0.114086,0.0820377,-0.0302469,-0.99617,0.0540859,0.4,0,0,slope_up,0,1,8.12973e-14,8.05805e-12,2.36898e-07,1,0,0
20.3603,4.78185,0.281129,0,0.113109,1.20439,0.115056,0.0846129,-0.022897,-0.996151,0.060899,0.4,0,0,slope_up,0,1,9.55539e-14,1.8568e-12,1.35057e-07,1,0,0
20.3803,4.78567,0.280948,0,0.115358,1.20614,0.116343,0.0868615,-0.0166304,-0.996082,0.0649279,0.4,0,0,slope_up,0,1,1.44512e-13,3.02631e-13,7.31609e-08,1,0,0
20.4003,4.79007,0.280672,0,0.116445,1.20785,0.116719,0.0879483,-0.00849014,-0.996089,0.0673023,0.4,0,0,slope_up,0,1,3.15091e-13,1.25902e-13,6.14547e-08,1,0,0
20.4203,4.79483,0.280296,0,0.116591,1.20944,0.116727,0.0880946,-0.000450344,-0.996112,0.0682196,0.4,0,0,slope_up,0,1,6.03393e-13,9.98297e-14,7.06148e-08,1,0,0
20.4403,4.79851,0.279879,0,0.116588,1.21041,0.117021,0.0880913,0.00609907,-0.996094,0.0675662,0.4,0,0,slope_up,0,1,5.70438e-13,6.02209e-14,5.88957e-08,1,0,0
20.4603,4.80237,0.279239,0,0.116159,1.21103,0.117058,0.0876622,0.0110301,-0.996089,0.0663912,0.4,0,0,slope_up,0,1,3.79429e-13,3.36122e-14,3.66131e-08,1,0,0
20.4803,4.8063,0.278182,0,0.115312,1.211,0.116325,0.0868153,0.0119466,-0.996153,0.0657962,0.4,0,0,slope_up,0,1,2.89672e-13,3.21155e-14,2.64875e-08,1,0,0
20.5003,4.80968,0.27705,0,0.112282,1.21049,0.11329,0.0837855,0.0118111,-0.996414,0.0678515,0.4,0,0,slope_up,0,1,2.84099e-13,3.13585e-14,2.75735e-08,1,0,0
20.5203,4.8141,0.275919,0,0.104172,1.21041,0.106057,0.0756753,0.0170123,-0.996987,0.0738871,0.4,0,0,slope_up,0,1,4.57644e-13,2.38522e-13,1.01965e-07,1,0,0
20.5403,4.81808,0.274454,0,0.0983403,1.21171,0.100752,0.0698436,0.0191447,-0.997374,0.0703696,0.4,0,0,slope_up,0,1,7.71601e-13,3.33687e-13,1.51413e-07,1,0,0
20.5603,4.82048,0.272818,0,0.0973358,1.21358,0.0990002,0.0688392,0.0152736,-0.997511,0.0665129,0.4,0,0,slope_up,0,1,9.49625e-13,3.04372e-13,3.2503e-08,1,0,0
20.5803,4.82382,0.271276,0,0.0946497,1.21632,0.0953761,0.0661531,0.00884399,-0.99777,0.0625899,0.4,0,0,slope_up,0,1,1.12383e-12,1.21529e-12,4.14932e-08,1,0,0
20.6003,4.82735,0.270725,0,0.0915781,1.21865,0.0916743,0.0630814,0.000593506,-0.998008,0.0547229,0.4,0,0,slope_up,0,1,9.8765e-13,2.74938e-13,3.32912e-08,1,0,0
20.6203,4.8304,0.27041,0,0.0916382,1.22047,0.0917739,0.0631415,-0.00651785,-0.997983,0.052766,0.4,0,0,slope_up,0,1,5.48262e-13,5.41761e-14,2.79718e-08,1,0,0
20.6403,4.83375,0.270229,0,0.094312,1.22218,0.095094,0.0658153,-0.0142079,-0.997731,0.052276,0.4,0,0,slope_up,0,1,2.73726e-13,3.14796e-14,2.36035e-08,1,0,0
20.6603,4.83731,0.270337,0,0.0979695,1.22354,0.0998499,0.0694728,-0.0214001,-0.997354,0.0504445,0.4,0,0,slope_up,0,1,2.03604e-13,3.82923e-14,1.56874e-08,1,0,0
20.6803,4.84112,0.270669,0,0.101584,1.22454,0.104758,0.0730878,-0.0277172,-0.99694,0.0488764,0.4,0,0,slope_up,0,1,2.73611e-13,1.3019e-13,1.9811e-08,1,0,0
20.7003,4.84539,0.271159,0,0.105099,1.22532,0.109859,0.0766027,-0.0341069,-0.996478,0.0472763,0.4,0,0,slope_up,0,1,6.99393e-13,7.62647e-13,4.35263e-08,1,0,0
20.7203,4.8489,0.271715,0,0.108245,1.22573,0.114882,0.0797485,-0.0405846,-0.995988,0.045305,0.4,0,0,slope_up,0,1,1.81107e-12,4.13649e-12,1.07478e-07,1,0,0
20.7403,4.85284,0.2725,0,0.11087,1.22602,0.119668,0.0823732,-0.0471187,-0.995487,0.0435189,0.4,0,0,slope_up,0,1,3.34638e-12,1.56891e-11,2.23478e-07,1,0,0
20.7603,4.85682,0.273408,0,0.113194,1.22621,0.124495,0.0846979,-0.0538876,-0.994948,0.0426239,0.4,0,0,slope_up,0,1,3.01028e-12,4.86025e-11,3.72739e-07,1,0,0
20.7803,4.86083,0.274511,0,0.115737,1.22628,0.12926,0.0872408,-0.0595826,-0.994404,0.0421904,0.4,0,0,slope_up,0,1,1.54775e-12,1.16552e-10,5.32652e-07,1,0,0
20.8003,4.86532,0.276029,0,0.1186,1.22606,0.133249,0.0901029,-0.0627212,-0.993955,0.0426674,0.4,0,0,slope_up,0,0.999999,6.08989e-13,1.60179e-10,6.47302e-07,1,0,0
20.8203,4.86948,0.277753,0,0.120732,1.22534,0.134456,0.0922355,-0.061131,-0.993859,0.0440181,0.4,0,0,slope_up,0,0.999999,2.53709e-13,1.33291e-10,7.3084e-07,1,0,0
20.8403,4.87337,0.279247,0,0.121029,1.22437,0.133612,0.092532,-0.0585533,-0.993987,0.0439514,0.4,0,0,slope_up,0,0.999999,1.63565e-13,1.03047e-10,8.07206e-07,1,0,0
20.8603,4.87801,0.280404,0,0.117904,1.22428,0.131329,0.0894072,-0.0598375,-0.994196,0.03859,0.4,0,0,slope_up,0,1,3.76883e-13,1.29263e-10,4.92864e-07,1,0,0
20.8803,4.88221,0.281564,0,0.115416,1.22556,0.126256,0.0869192,-0.0532128,-0.994793,0.041735,0.4,0,0,slope_up,0,0.999999,2.8169e-13,2.41315e-10,6.46841e-07,1,0,0
20.9003,4.88686,0.282795,0,0.112648,1.22791,0.119931,0.0841517,-0.0432062,-0.995516,0.0484705,0.4,0,0,slope_up,0,0.999999,1.89425e-13,2.2285e-10,6.05603e-07,1,0,0
20.9203,4.89131,0.283616,0,0.111015,1.23048,0.115935,0.0825184,-0.0354503,-0.995959,0.0530079,0.4,0,0,slope_up,0,1,1.40394e-13,4.66862e-11,5.14365e-07,1,0,0
20.9403,4.89564,0.284025,0,0.112236,1.233,0.115203,0.0837391,-0.027921,-0.996096,0.0589529,0.4,0,0,slope_up,0,1,9.79564e-14,6.96085e-12,2.20269e-07,1,0,0
20.9603,4.89993,0.284053,0,0.115213,1.23526,0.116704,0.0867159,-0.0202826,-0.996027,0.0658841,0.4,0,0,slope_up,0,1,1.19456e-13,1.72054e-12,1.38509e-07,1,0,0
20.9803,4.9043,0.283867,0,0.117732,1.23721,0.118389,0.0892355,-0.0136521,-0.995917,0.069988,0.4,0,0,slope_up,0,1,2.20638e-13,2.73123e-13,7.52525e-08,1,0,0
21.0003,4.90831,0.283637,0,0.119114,1.23873,0.119298,0.0906169,-0.00608935,-0.995867,0.0719225,0.4,0,0,slope_up,0,1,4.48451e-13,1.43759e-13,6.94735e-08,1,0,0
21.0203,4.91311,0.283324,0,0.11928,1.2403,0.11952,0.0907835,0.00266767,-0.995867,0.0712585,0.4,0,0,slope_up,0,1,8.29625e-13,8.68809e-14,6.61137e-08,1,0,0
21.0403,4.91681,0.282944,0,0.119186,1.24129,0.119857,0.090689,0.0089178,-0.995839,0.0702547,0.4,0,0,slope_up,0,1,7.32399e-13,5.58479e-14,5.3304e-08,1,0,0
21.0603,4.9206,0.282284,0,0.119005,1.24191,0.12017,0.0905083,0.0132581,-0.995807,0.0697895,0.4,0,0,slope_up,0,1,4.89974e-13,3.88808e-14,3.46241e-08,1,0,0
21.0803,4.92427,0.28138,0,0.117499,1.24198,0.118837,0.0890023,0.0144547,-0.995926,0.0697021,0.4,0,0,slope_up,0,1,3.20095e-13,4.12431e-14,2.49526e-08,1,0,0
21.1003,4.92811,0.280216,0,0.113415,1.24164,0.114811,0.0849188,0.0146601,-0.99628,0.0719858,0.4,0,0,slope_up,0,1,3.2909e-13,4.78339e-14,3.19124e-08,1,0,0
21.1203,4.93285,0.27913,0,0.104708,1.24206,0.10737,0.0762112,0.0209089,-0.996872,0.076576,0.4,0,0,slope_up,0,1,5.06183e-13,2.73008e-13,1.04294e-07,1,0,0
21.1403,4.9364,0.277765,0,0.0998785,1.24361,0.102881,0.0713819,0.0219068,-0.997208,0.0718664,0.4,0,0,slope_up,0,1,1.06084e-12,2.86747e-13,1.05345e-07,1,0,0
21.1603,4.93886,0.275981,0,0.0989529,1.24562,0.100984,0.0704563,0.0173488,-0.997364,0.0691779,0.4,0,0,slope_up,0,1,1.06001e-12,4.14424e-13,4.0254e-08,1,0,0
21.1803,4.9419,0.274495,0,0.0967433,1.24812,0.0977128,0.0682466,0.0108417,-0.99761,0.0645888,0.4,0,0,slope_up,0,1,1.02617e-12,1.26775e-12,4.13918e-08,1,0,0
21.2003,4.9457,0.273802,0,0.0938512,1.25066,0.0940227,0.0653545,0.00232108,-0.997859,0.0579453,0.4,0,0,slope_up,0,1,9.52606e-13,3.04602e-13,3.51647e-08,1,0,0
21.2203,4.94871,0.273507,0,0.0941085,1.25248,0.094182,0.0656119,-0.00450326,-0.997835,0.0567304,0.4,0,0,slope_up,0,1,5.16974e-13,6.76844e-14,3.21147e-08,1,0,0
21.2403,4.95239,0.273365,0,0.097005,1.25439,0.09767,0.0685083,-0.0133149,-0.997562,0.0552524,0.4,0,0,slope_up,0,1,2.79847e-13,3.70396e-14,2.63183e-08,1,0,0
21.2603,4.95591,0.273514,0,0.100202,1.25575,0.101786,0.0717055,-0.0199352,-0.997227,0.0535954,0.4,0,0,slope_up,0,1,2.34848e-13,3.71282e-14,1.47839e-08,1,0,0
21.2803,4.95963,0.273856,0,0.103519,1.25678,0.106335,0.0750224,-0.0263928,-0.996832,0.0526814,0.4,0,0,slope_up,0,1,3.20277e-13,1.21502e-13,1.97459e-08,1,0,0
21.3003,4.96338,0.274363,0,0.106981,1.25748,0.11148,0.0784844,-0.033438,-0.996354,0.0506609,0.4,0,0,slope_up,0,1,7.7956e-13,7.74828e-13,4.57556e-08,1,0,0
21.3203,4.96674,0.274978,0,0.109464,1.25789,0.115536,0.080967,-0.0390429,-0.995952,0.0491556,0.4,0,0,slope_up,0,1,2.03804e-12,3.87746e-12,1.05956e-07,1,0,0
21.3403,4.97086,0.275872,0,0.111927,1.25825,0.12044,0.0834309,-0.0465434,-0.995426,0.0479327,0.4,0,0,slope_up,0,1,3.59153e-12,1.51742e-11,2.2679e-07,1,0,0
21.3603,4.97426,0.276719,0,0.113747,1.25847,0.124641,0.0852501,-0.0530119,-0.994948,0.0474724,0.4,0,0,slope_up,0,1,2.93229e-12,5.07899e-11,3.94636e-07,1,0,0
21.3803,4.97842,0.278017,0,0.116029,1.25859,0.129194,0.0875327,-0.0588385,-0.994422,0.0472899,0.4,0,0,slope_up,0,1,1.45362e-12,9.86355e-11,4.96478e-07,1,0,0
21.4003,4.98228,0.279533,0,0.118529,1.25836,0.13265,0.0900325,-0.0615385,-0.994036,0.0473317,0.4,0,0,slope_up,0,0.999999,6.01465e-13,1.35712e-10,5.7875e-07,1,0,0
21.4203,4.98628,0.28135,0,0.120145,1.25766,0.133292,0.0916479,-0.0596834,-0.994001,0.0481384,0.4,0,0,slope_up,0,0.999999,2.54635e-13,1.15012e-10,6.50971e-07,1,0,0
21.4403,4.99037,0.283054,0,0.120324,1.25662,0.132091,0.0918276,-0.0564558,-0.994173,0.0483659,0.4,0,0,slope_up,0,0.999999,1.63252e-13,9.08833e-11,7.25147e-07,1,0,0
21.4603,4.99473,0.284228,0,0.116758,1.25668,0.129133,0.0882613,-0.057172,-0.994455,0.0427093,0.4,0,0,slope_up,0,1,3.86886e-13,1.13695e-10,4.439e-07,1,0,0
21.4803,4.99889,0.285361,0,0.113067,1.25803,0.12319,0.0845708,-0.0509622,-0.995113,0.0455271,0.4,0,0,slope_up,0,0.999999,2.4108e-13,2.59013e-10,7.15535e-07,1,0,0
21.5003,5.003,0.286394,0,0.110113,1.26012,0.117508,0.0816162,-0.0431111,-0.995731,0.0506931,0.4,0,0,slope_up,0,0.999999,1.59136e-13,2.3888e-10,7.04564e-07,1,0,0
21.5203,5.00734,0.287162,0,0.108292,1.2626,0.11328,0.0797949,-0.035325,-0.996185,0.0560702,0.4,0,0,slope_up,0,1,1.07993e-13,4.56195e-11,5.16504e-07,1,0,0
21.5403,5.01114,0.287551,0,0.109288,1.26478,0.112475,0.0807918,-0.0285878,-0.996321,0.0612243,0.4,0,0,slope_up,0,1,6.5777e-14,5.29214e-12,2.03595e-07,1,0,0
21.5603,5.01533,0.287583,0,0.11241,1.26691,0.114144,0.0839133,-0.021632,-0.996238,0.0681849,0.4,0,0,slope_up,0,1,8.08939e-14,1.35856e-12,1.21445e-07,1,0,0
21.5803,5.02008,0.287347,0,0.115583,1.26888,0.116347,0.0870866,-0.014697,-0.996092,0.0724593,0.4,0,0,slope_up,0,1,1.25795e-13,3.49005e-13,8.78879e-08,1,0,0
21.6003,5.02458,0.287076,0,0.116697,1.27044,0.116927,0.0882008,-0.00753864,-0.996074,0.0743997,0.4,0,0,slope_up,0,1,3.89673e-13,1.04778e-13,6.43243e-08,1,0,0
21.6203,5.02856,0.286742,0,0.116916,1.27167,0.117051,0.0884189,-0.000545953,-0.996083,0.0756141,0.4,0,0,slope_up,0,1,7.16864e-13,1.02581e-13,7.21438e-08,1,0,0
21.6404,5.03276,0.286281,0,0.11689,1.27274,0.117369,0.0883934,0.00670272,-0.996063,0.0747245,0.4,0,0,slope_up,0,1,6.62062e-13,7.00744e-14,6.14015e-08,1,0,0
21.6604,5.03666,0.285606,0,0.116724,1.27336,0.117677,0.0882272,0.0114973,-0.996034,0.0736115,0.4,0,0,slope_up,0,1,4.35439e-13,3.51096e-14,3.69664e-08,1,0,0
21.6804,5.04037,0.284675,0,0.115769,1.27343,0.116944,0.0872725,0.0132121,-0.996097,0.0731547,0.4,0,0,slope_up,0,1,3.13499e-13,3.32668e-14,2.55261e-08,1,0,0
21.7004,5.04416,0.283458,0,0.112629,1.27301,0.113861,0.0841328,0.0134947,-0.996363,0.0744881,0.4,0,0,slope_up,0,1,3.28855e-13,4.04706e-14,3.20284e-08,1,0,0
21.7204,5.04892,0.282292,0,0.1045,1.2733,0.106984,0.0760036,0.0200593,-0.996906,0.0789494,0.4,0,0,slope_up,0,1,5.21333e-13,2.03919e-13,9.27311e-08,1,0,0
21.7404,5.0523,0.281059,0,0.0996539,1.2746,0.102665,0.0711573,0.0219198,-0.997224,0.074479,0.4,0,0,slope_up,0,1,1.06463e-12,2.57725e-13,1.15049e-07,1,0,0
21.7604,5.05514,0.278989,0,0.0984769,1.27671,0.100381,0.0699802,0.0166526,-0.997409,0.0698558,0.4,0,0,slope_up,0,1,9.76825e-13,2.88077e-13,3.76203e-08,1,0,0
21.7804,5.05817,0.27719,0,0.0967167,1.27913,0.0974926,0.0682201,0.00934521,-0.997627,0.0666152,0.4,0,0,slope_up,0,1,1.23278e-12,9.14438e-13,2.62533e-08,1,0,0
21.8004,5.06199,0.276275,0,0.0939319,1.2816,0.094078,0.0654352,0.00178343,-0.997855,0.063438,0.4,0,0,slope_up,0,1,9.00251e-13,2.63597e-13,3.4009e-08,1,0,0
21.8204,5.06542,0.275958,0,0.0939857,1.28354,0.0940989,0.0654891,-0.00588345,-0.997836,0.0602616,0.4,0,0,slope_up,0,1,6.30247e-13,9.25538e-14,3.53184e-08,1,0,0
21.8404,5.06849,0.27581,0,0.0960865,1.28508,0.0966939,0.0675899,-0.012752,-0.997632,0.0590238,0.4,0,0,slope_up,0,1,3.27942e-13,3.30027e-14,2.06495e-08,1,0,0
21.8604,5.07203,0.275835,0,0.099371,1.28648,0.101036,0.0708744,-0.0203412,-0.997278,0.05721,0.4,0,0,slope_up,0,1,2.84038e-13,4.65881e-14,1.64427e-08,1,0,0
21.8804,5.07571,0.276106,0,0.10299,1.28751,0.106009,0.074493,-0.0272226,-0.99685,0.0549102,0.4,0,0,slope_up,0,1,3.7368e-13,1.61378e-13,2.17577e-08,1,0,0
21.9004,5.07944,0.276552,0,0.106594,1.28818,0.111051,0.0780978,-0.0332365,-0.996392,0.0531619,0.4,0,0,slope_up,0,1,8.49779e-13,7.85246e-13,4.23485e-08,1,0,0
21.9204,5.08321,0.277158,0,0.109568,1.2886,0.115683,0.0810714,-0.0391899,-0.995938,0.0518643,0.4,0,0,slope_up,0,1,2.08938e-12,4.55357e-12,1.10617e-07,1,0,0
21.9404,5.08739,0.277962,0,0.11214,1.28895,0.120736,0.0836436,-0.0468052,-0.995396,0.0505007,0.4,0,0,slope_up,0,1,3.62791e-12,2.01284e-11,2.56836e-07,1,0,0
21.9604,5.09081,0.278738,0,0.114125,1.28916,0.125058,0.0856281,-0.0531831,-0.994907,0.0498551,0.4,0,0,slope_up,0,1,3.02989e-12,6.24045e-11,4.31405e-07,1,0,0
21.9804,5.09503,0.279952,0,0.116595,1.28925,0.129976,0.0880979,-0.0594535,-0.994336,0.0494705,0.4,0,0,slope_up,0,0.999999,1.62195e-12,1.15315e-10,5.3728e-07,1,0,0
22.0004,5.09898,0.281334,0,0.118636,1.28906,0.13313,0.0901392,-0.062389,-0.993973,0.0496317,0.4,0,0,slope_up,0,0.999999,6.49052e-13,1.53728e-10,6.17124e-07,1,0,0
22.0204,5.10299,0.282985,0,0.120306,1.28838,0.134072,0.0918091,-0.0611358,-0.993898,0.0507767,0.4,0,0,slope_up,0,0.999999,2.80658e-13,1.35096e-10,7.08735e-07,1,0,0
22.0404,5.10716,0.284551,0,0.120182,1.28732,0.132857,0.0916858,-0.058593,-0.994063,0.0498374,0.4,0,0,slope_up,0,0.999999,1.78854e-13,1.02695e-10,7.66847e-07,1,0,0
22.0604,5.11169,0.285684,0,0.116829,1.28721,0.130403,0.0883321,-0.0599393,-0.994286,0.0437448,0.4,0,0,slope_up,0,1,4.16969e-13,1.25827e-10,4.61622e-07,1,0,0
22.0804,5.11567,0.286793,0,0.114303,1.28839,0.125269,0.0858066,-0.0532981,-0.994885,0.0458071,0.4,0,0,slope_up,0,0.999999,3.21248e-13,2.0396e-10,5.37645e-07,1,0,0
22.1004,5.11966,0.287816,0,0.11188,1.29044,0.119454,0.0833832,-0.0439188,-0.995549,0.0518069,0.4,0,0,slope_up,0,0.999999,1.91917e-13,2.13594e-10,5.37489e-07,1,0,0
22.1204,5.12398,0.288629,0,0.10991,1.29294,0.115056,0.0814134,-0.0360791,-0.996027,0.056542,0.4,0,0,slope_up,0,1,1.56221e-13,5.67329e-11,5.04316e-07,1,0,0
22.1404,5.12821,0.289039,0,0.110473,1.29545,0.113852,0.0819763,-0.0295291,-0.996197,0.0613109,0.4,0,0,slope_up,0,1,1.00651e-13,7.59451e-12,2.18562e-07,1,0,0
22.1604,5.13199,0.289047,0,0.113337,1.29748,0.115033,0.0848401,-0.0214612,-0.996163,0.0690748,0.4,0,0,slope_up,0,1,1.23786e-13,2.27231e-12,1.4012e-07,1,0,0
22.1804,5.13626,0.288855,0,0.115904,1.29946,0.11664,0.0874069,-0.014443,-0.996068,0.0727168,0.4,0,0,slope_up,0,1,1.92034e-13,3.87501e-13,8.29135e-08,1,0,0
22.2004,5.14066,0.288611,0,0.116974,1.30122,0.117204,0.0884776,-0.00750827,-0.99605,0.07425,0.4,0,0,slope_up,0,1,4.69096e-13,1.3693e-13,6.47616e-08,1,0,0
22.2204,5.14497,0.28831,0,0.117452,1.30274,0.117619,0.0889557,0.000799148,-0.996035,0.074867,0.4,0,0,slope_up,0,1,7.62501e-13,1.17302e-13,6.93891e-08,1,0,0
22.2404,5.14898,0.287871,0,0.117848,1.30389,0.11843,0.0893511,0.00794348,-0.995969,0.0741296,0.4,0,0,slope_up,0,1,6.58589e-13,7.05603e-14,5.91332e-08,1,0,0
22.2604,5.15274,0.287202,0,0.117853,1.30452,0.118906,0.0893566,0.0123433,-0.995923,0.0733492,0.4,0,0,slope_up,0,1,4.55279e-13,3.96961e-14,3.6163e-08,1,0,0
22.2804,5.15635,0.286274,0,0.116712,1.30455,0.117913,0.0882149,0.0134451,-0.996011,0.0731136,0.4,0,0,slope_up,0,1,3.19073e-13,4.02119e-14,2.56413e-08,1,0,0
22.3004,5.16046,0.284903,0,0.11276,1.30403,0.113897,0.0842636,0.0128123,-0.996361,0.0752542,0.4,0,0,slope_up,0,1,3.26254e-13,4.27847e-14,2.81841e-08,1,0,0
22.3204,5.16438,0.283877,0,0.105397,1.30408,0.107405,0.0769005,0.0177546,-0.996881,0.081498,0.4,0,0,slope_up,0,1,4.71933e-13,2.62118e-13,9.39983e-08,1,0,0
22.3404,5.16815,0.282619,0,0.0991095,1.3052,0.101741,0.0706129,0.0202202,-0.997299,0.078513,0.4,0,0,slope_up,0,1,7.4065e-13,5.07686e-13,1.68673e-07,1,0,0
22.3604,5.17107,0.280627,0,0.0976977,1.30752,0.099356,0.069201,0.0152643,-0.997486,0.0731369,0.4,0,0,slope_up,0,1,9.73622e-13,5.12709e-13,3.64255e-08,1,0,0
22.3804,5.17371,0.279274,0,0.0957489,1.30983,0.0966112,0.0672522,0.00998956,-0.997686,0.0710693,0.4,0,0,slope_up,0,1,1.19533e-12,1.52045e-12,3.55814e-08,1,0,0
22.4004,5.17715,0.278587,0,0.0926511,1.31231,0.0928357,0.0641545,0.00257297,-0.997937,0.0648787,0.4,0,0,slope_up,0,1,1.19638e-12,4.97183e-13,4.28103e-08,1,0,0
22.4204,5.18087,0.278175,0,0.092525,1.31471,0.0926574,0.0640283,-0.00641437,-0.997927,0.0614014,0.4,0,0,slope_up,0,1,7.03596e-13,8.0334e-14,3.08907e-08,1,0,0
22.4404,5.18391,0.277969,0,0.0947885,1.31638,0.0954981,0.0662919,-0.013625,-0.997707,0.0608735,0.4,0,0,slope_up,0,1,3.23002e-13,3.14572e-14,2.30978e-08,1,0,0
22.4604,5.18783,0.278016,0,0.0986985,1.31801,0.100742,0.0702018,-0.0223041,-0.997283,0.0584049,0.4,0,0,slope_up,0,1,2.22823e-13,4.44855e-14,1.66489e-08,1,0,0
22.4804,5.19121,0.278288,0,0.102099,1.31897,0.105399,0.0736021,-0.0282891,-0.996886,0.0565051,0.4,0,0,slope_up,0,1,2.89755e-13,1.51629e-13,2.01833e-08,1,0,0
22.5004,5.19507,0.278701,0,0.105562,1.3197,0.1104,0.0770658,-0.034435,-0.996431,0.0552946,0.4,0,0,slope_up,0,1,7.05271e-13,8.92365e-13,4.33791e-08,1,0,0
22.5204,5.19899,0.279252,0,0.108424,1.32017,0.115125,0.0799275,-0.0408042,-0.995965,0.0538754,0.4,0,0,slope_up,0,1,1.82923e-12,6.1227e-12,1.24405e-07,1,0,0
22.5404,5.20293,0.279964,0,0.11074,1.3205,0.119721,0.0822431,-0.0475807,-0.995476,0.0521368,0.4,0,0,slope_up,0,1,3.61239e-12,2.29704e-11,2.62997e-07,1,0,0
22.5604,5.20726,0.28091,0,0.113131,1.32072,0.124852,0.0846346,-0.0548762,-0.9949,0.051023,0.4,0,0,slope_up,0,1,3.2318e-12,6.21493e-11,4.11897e-07,1,0,0
22.5804,5.21088,0.281888,0,0.115069,1.32075,0.128747,0.0865726,-0.0597803,-0.99445,0.0504596,0.4,0,0,slope_up,0,1,1.70466e-12,1.28546e-10,5.33203e-07,1,0,0
22.6004,5.21496,0.283217,0,0.117432,1.32056,0.132232,0.0889357,-0.0627843,-0.994057,0.0502349,0.4,0,0,slope_up,0,0.999999,6.21825e-13,1.80099e-10,6.36758e-07,1,0,0
22.6204,5.21914,0.284825,0,0.11944,1.31993,0.133683,0.0909433,-0.0620133,-0.993923,0.0514229,0.4,0,0,slope_up,0,0.999999,2.52197e-13,1.51181e-10,7.20847e-07,1,0,0
22.6404,5.22339,0.286451,0,0.120254,1.31878,0.132814,0.0917573,-0.0583377,-0.994071,0.0525054,0.4,0,0,slope_up,0,0.999999,1.4907e-13,1.14301e-10,7.92892e-07,1,0,0
22.6604,5.22811,0.287494,0,0.116978,1.31855,0.130864,0.0884814,-0.0606726,-0.994228,0.0469514,0.4,0,0,slope_up,0,1,3.04555e-13,1.23804e-10,4.6608e-07,1,0,0
22.6804,5.23236,0.288674,0,0.114274,1.31967,0.125809,0.0857777,-0.0546709,-0.994813,0.0477509,0.4,0,0,slope_up,0,0.999999,2.31911e-13,2.08917e-10,6.8922e-07,1,0,0
22.7004,5.23647,0.289833,0,0.112159,1.3217,0.120096,0.0836626,-0.0449931,-0.995478,0.053973,0.4,0,0,slope_up,0,0.999999,1.63513e-13,1.81719e-10,5.37042e-07,1,0,0
22.7204,5.24094,0.290703,0,0.110018,1.3242,0.115468,0.0815218,-0.037115,-0.99598,0.0586332,0.4,0,0,slope_up,0,0.999999,1.3673e-13,6.96167e-11,6.36705e-07,1,0,0
22.7404,5.24582,0.291234,0,0.110615,1.32696,0.11383,0.0821179,-0.0288496,-0.996205,0.0648569,0.4,0,0,slope_up,0,1,9.17376e-14,8.69928e-12,2.6151e-07,1,0,0
22.7604,5.24973,0.291313,0,0.113222,1.32895,0.114986,0.0847257,-0.0218539,-0.996165,0.0719314,0.4,0,0,slope_up,0,1,9.83116e-14,2.28271e-12,1.69477e-07,1,0,0
22.7804,5.25457,0.291178,0,0.116467,1.33104,0.1172,0.0879708,-0.0144027,-0.996019,0.0758975,0.4,0,0,slope_up,0,1,1.32107e-13,4.46388e-13,9.8174e-08,1,0,0
22.8004,5.25913,0.291003,0,0.117672,1.33271,0.117876,0.0891749,-0.00682928,-0.995993,0.0773182,0.4,0,0,slope_up,0,1,3.67296e-13,1.01204e-13,6.29917e-08,1,0,0
22.8204,5.2632,0.290781,0,0.117917,1.33404,0.118081,0.0894205,0.000618684,-0.995994,0.077694,0.4,0,0,slope_up,0,1,6.79255e-13,9.2977e-14,6.92947e-08,1,0,0
22.8404,5.26781,0.290332,0,0.118332,1.3353,0.118971,0.0898349,0.0085706,-0.99592,0.0771267,0.4,0,0,slope_up,0,1,6.25224e-13,5.88853e-14,5.79055e-08,1,0,0
22.8604,5.27132,0.289742,0,0.118436,1.33588,0.119522,0.0899397,0.0126188,-0.995867,0.0765987,0.4,0,0,slope_up,0,1,4.25323e-13,3.51016e-14,3.64062e-08,1,0,0
22.8804,5.27551,0.288758,0,0.117129,1.33598,0.118426,0.0886325,0.0141489,-0.995964,0.0763493,0.4,0,0,slope_up,0,1,2.91007e-13,3.31161e-14,2.48679e-08,1,0,0
22.9004,5.27901,0.287644,0,0.114134,1.33563,0.115309,0.0856376,0.0131443,-0.99624,0.0778701,0.4,0,0,slope_up,0,1,3.10343e-13,4.32859e-14,3.04929e-08,1,0,0
22.9204,5.28348,0.28658,0,0.106519,1.33574,0.108633,0.0780229,0.0184042,-0.996782,0.0843385,0.4,0,0,slope_up,0,1,4.70527e-13,1.94012e-13,7.7839e-08,1,0,0
22.9404,5.28736,0.285396,0,0.10075,1.33706,0.103541,0.0722536,0.0210913,-0.997163,0.0812104,0.4,0,0,slope_up,0,1,8.11273e-13,4.41793e-13,1.41463e-07,1,0,0
22.9604,5.29049,0.283445,0,0.099492,1.33951,0.101267,0.0709954,0.0160453,-0.997348,0.076413,0.4,0,0,slope_up,0,1,1.03828e-12,4.86449e-13,3.81573e-08,1,0,0
22.9804,5.29367,0.282068,0,0.0972694,1.34211,0.0980324,0.0687728,0.0092614,-0.997589,0.0720523,0.4,0,0,slope_up,0,1,1.3039e-12,1.75541e-12,4.27134e-08,1,0,0
23.0004,5.29689,0.281529,0,0.0949154,1.34431,0.0950922,0.0664188,0.00239709,-0.997789,0.0665224,0.4,0,0,slope_up,0,1,9.52103e-13,3.60151e-13,3.66943e-08,1,0,0
23.0204,5.3004,0.281188,0,0.0949737,1.34647,0.0950827,0.0664771,-0.00570687,-0.997772,0.0638869,0.4,0,0,slope_up,0,1,5.89107e-13,6.56297e-14,3.17265e-08,1,0,0
23.0404,5.30389,0.281029,0,0.0975127,1.34829,0.0982174,0.0690161,-0.013682,-0.997522,0.0633291,0.4,0,0,slope_up,0,1,3.10103e-13,2.85738e-14,2.36567e-08,1,0,0
23.0604,5.30753,0.281151,0,0.101087,1.34973,0.102994,0.0725908,-0.0217883,-0.997124,0.0605898,0.4,0,0,slope_up,0,1,2.39108e-13,3.81318e-14,1.59186e-08,1,0,0
23.0804,5.31134,0.281539,0,0.104792,1.35075,0.10803,0.0762955,-0.0283323,-0.996683,0.0586371,0.4,0,0,slope_up,0,1,3.16579e-13,1.12001e-13,1.86524e-08,1,0,0
23.1004,5.31563,0.282109,0,0.108415,1.35147,0.113298,0.0799181,-0.0349794,-0.996188,0.0574027,0.4,0,0,slope_up,0,1,7.63401e-13,7.0271e-13,4.28434e-08,1,0,0
23.1204,5.31915,0.282696,0,0.110857,1.35188,0.117448,0.0823601,-0.0408584,-0.995765,0.0560485,0.4,0,0,slope_up,0,1,1.98973e-12,4.8461e-12,1.26196e-07,1,0,0
23.1404,5.32341,0.283563,0,0.113417,1.35228,0.122756,0.0849205,-0.0490144,-0.995181,0.0543959,0.4,0,0,slope_up,0,1,3.35163e-12,1.6864e-11,2.56519e-07,1,0,0
23.1604,5.32689,0.284403,0,0.115411,1.35251,0.127272,0.0869144,-0.0556818,-0.994658,0.0538372,0.4,0,0,slope_up,0,1,2.85296e-12,5.26715e-11,4.30279e-07,1,0,0
23.1804,5.33117,0.285692,0,0.117994,1.35261,0.132439,0.0894976,-0.062136,-0.994047,0.0536632,0.4,0,0,slope_up,0,0.999999,1.43006e-12,1.0124e-10,5.47744e-07,1,0,0
23.2004,5.33465,0.28706,0,0.120366,1.35238,0.135364,0.0918697,-0.0638869,-0.99372,0.0535369,0.4,0,0,slope_up,0,0.999999,5.72156e-13,1.38282e-10,6.61242e-07,1,0,0
23.2204,5.3387,0.288829,0,0.122046,1.35169,0.136239,0.0935492,-0.0624772,-0.993652,0.0546303,0.4,0,0,slope_up,0,0.999999,2.79453e-13,1.11076e-10,7.06826e-07,1,0,0
23.2404,5.34327,0.290694,0,0.12183,1.35055,0.134516,0.0933333,-0.0589607,-0.993888,0.0539306,0.4,0,0,slope_up,0,0.999999,1.81043e-13,9.95267e-11,7.95352e-07,1,0,0
23.2604,5.34727,0.291777,0,0.118524,1.35055,0.131424,0.090027,-0.0587684,-0.994204,0.0489053,0.4,0,0,slope_up,0,1,4.66367e-13,1.06685e-10,4.60387e-07,1,0,0
23.2804,5.35129,0.292928,0,0.115602,1.3518,0.126033,0.0871055,-0.052228,-0.994829,0.051394,0.4,0,0,slope_up,0,0.999999,3.1997e-13,2.48106e-10,6.29699e-07,1,0,0
23.3004,5.35547,0.293994,0,0.112298,1.35385,0.119817,0.0838014,-0.0438321,-0.995518,0.0576205,0.4,0,0,slope_up,0,0.999999,2.0775e-13,2.83446e-10,7.03186e-07,1,0,0
23.3204,5.35989,0.294854,0,0.109757,1.35632,0.11469,0.08126,-0.0353341,-0.996066,0.0632385,0.4,0,0,slope_up,0,1,1.51596e-13,5.21525e-11,5.24886e-07,1,0,0
23.3404,5.3641,0.295339,0,0.110631,1.35875,0.113687,0.0821349,-0.0281558,-0.996223,0.0669739,0.4,0,0,slope_up,0,1,8.47753e-14,9.05465e-12,2.76916e-07,1,0,0
23.3604,5.36868,0.295319,0,0.114005,1.36109,0.115662,0.0855085,-0.0212643,-0.99611,0.0729226,0.4,0,0,slope_up,0,1,1.16143e-13,1.26046e-12,1.16633e-07,1,0,0
23.3804,5.37308,0.295049,0,0.116231,1.363,0.117003,0.0877339,-0.0147827,-0.996034,0.0768315,0.4,0,0,slope_up,0,1,2.11051e-13,3.10617e-13,7.93981e-08,1,0,0
23.4004,5.37713,0.294798,0,0.117,1.36458,0.117244,0.0885038,-0.00782087,-0.996045,0.0789369,0.4,0,0,slope_up,0,1,5.27905e-13,1.44925e-13,6.80453e-08,1,0,0
23.4204,5.38147,0.294438,0,0.117464,1.36608,0.117621,0.0889669,0.000456297,-0.996035,0.0802262,0.4,0,0,slope_up,0,1,8.12233e-13,1.24612e-13,7.56913e-08,1,0,0
23.4404,5.38595,0.293867,0,0.117702,1.36728,0.118293,0.0892049,0.00803995,-0.995981,0.0790953,0.4,0,0,slope_up,0,1,6.55842e-13,7.02512e-14,6.12241e-08,1,0,0
23.4604,5.3898,0.293125,0,0.117318,1.36784,0.118364,0.0888209,0.0122753,-0.995972,0.0780475,0.4,0,0,slope_up,0,1,4.50772e-13,3.52208e-14,3.73599e-08,1,0,0
23.4804,5.39348,0.292118,0,0.116012,1.36779,0.117172,0.0875153,0.0131059,-0.996077,0.0776701,0.4,0,0,slope_up,0,1,3.40039e-13,3.60249e-14,2.55972e-08,1,0,0
23.5004,5.39694,0.290964,0,0.111958,1.36735,0.11323,0.0834609,0.0137541,-0.996416,0.0805525,0.4,0,0,slope_up,0,1,3.52389e-13,4.27494e-14,3.34843e-08,1,0,0
23.5204,5.40131,0.289898,0,0.104852,1.36749,0.107192,0.0763553,0.0194005,-0.996892,0.0846078,0.4,0,0,slope_up,0,1,5.13284e-13,2.46101e-13,1.21087e-07,1,0,0
23.5404,5.40495,0.288596,0,0.0998006,1.3688,0.102653,0.071304,0.0212583,-0.997228,0.0793305,0.4,0,0,slope_up,0,1,1.02069e-12,3.22478e-13,1.19665e-07,1,0,0
23.5604,5.40767,0.286592,0,0.0989944,1.37093,0.100837,0.0704977,0.0163713,-0.997378,0.0760658,0.4,0,0,slope_up,0,1,1.10609e-12,4.01713e-13,3.97293e-08,1,0,0
23.5804,5.41107,0.284865,0,0.0965046,1.3737,0.0971921,0.0680079,0.00858287,-0.997648,0.0719191,0.4,0,0,slope_up,0,1,1.18509e-12,1.37569e-12,4.22157e-08,1,0,0
23.6004,5.41456,0.284192,0,0.0939803,1.37605,0.0941179,0.0654837,0.00158959,-0.997852,0.0669494,0.4,0,0,slope_up,0,1,8.91053e-13,3.22765e-13,3.94947e-08,1,0,0
23.6204,5.41796,0.283841,0,0.094082,1.37812,0.0942377,0.0655854,-0.00688917,-0.997823,0.0650328,0.4,0,0,slope_up,0,1,5.71013e-13,6.92979e-14,3.4935e-08,1,0,0
23.6404,5.42136,0.283703,0,0.0966586,1.37989,0.0975771,0.068162,-0.0153731,-0.997556,0.0629783,0.4,0,0,slope_up,0,1,3.17519e-13,3.01773e-14,2.28448e-08,1,0,0
23.6604,5.42452,0.283805,0,0.100002,1.38115,0.102055,0.071505,-0.0224637,-0.997187,0.0606453,0.4,0,0,slope_up,0,1,2.47366e-13,3.6451e-14,1.51775e-08,1,0,0
23.6804,5.4286,0.28419,0,0.104041,1.38225,0.107564,0.0755444,-0.0294057,-0.996709,0.0595146,0.4,0,0,slope_up,0,1,3.2202e-13,1.16292e-13,1.86706e-08,1,0,0
23.7004,5.43201,0.284609,0,0.106974,1.38286,0.11193,0.0784773,-0.0350333,-0.9963,0.0587386,0.4,0,0,slope_up,0,1,7.36087e-13,8.7393e-13,5.09748e-08,1,0,0
23.7204,5.43577,0.285194,0,0.109898,1.38338,0.11691,0.0814015,-0.0419645,-0.995798,0.0572215,0.4,0,0,slope_up,0,1,1.83189e-12,4.40843e-12,1.22762e-07,1,0,0
23.7404,5.43988,0.285987,0,0.112656,1.38382,0.122496,0.084159,-0.0501658,-0.995189,0.0557941,0.4,0,0,slope_up,0,1,3.06746e-12,1.61234e-11,2.49227e-07,1,0,0
23.7604,5.44322,0.286836,0,0.114831,1.38399,0.126793,0.0863349,-0.0557986,-0.994702,0.0549385,0.4,0,0,slope_up,0,1,2.55641e-12,4.66731e-11,3.95249e-07,1,0,0
23.7804,5.44742,0.288145,0,0.117097,1.38398,0.131147,0.0886006,-0.0610617,-0.994194,0.0541286,0.4,0,0,slope_up,0,1,1.54784e-12,8.4806e-11,4.83688e-07,1,0,0
23.8004,5.45097,0.28939,0,0.118808,1.38376,0.133721,0.0903118,-0.0633445,-0.993897,0.0542032,0.4,0,0,slope_up,0,0.999999,6.10647e-13,1.34755e-10,6.27183e-07,1,0,0
23.8204,5.45497,0.291012,0,0.120406,1.38308,0.13458,0.0919096,-0.0620728,-0.993831,0.0556526,0.4,0,0,slope_up,0,0.999999,2.87521e-13,1.28498e-10,7.52436e-07,1,0,0
23.8404,5.45946,0.292716,0,0.120554,1.3819,0.133236,0.0920574,-0.058686,-0.994023,0.0557676,0.4,0,0,slope_up,0,0.999999,1.83202e-13,9.77881e-11,7.99269e-07,1,0,0
23.8604,5.46376,0.293644,0,0.115765,1.38174,0.129968,0.0872688,-0.0610989,-0.994309,0.0500029,0.4,0,0,slope_up,0,1,4.29131e-13,1.14059e-10,4.5471e-07,1,0,0
23.8804,5.46794,0.294808,0,0.112181,1.38272,0.12413,0.0836844,-0.0552103,-0.994962,0.0514169,0.4,0,0,slope_up,0,0.999999,3.21647e-13,1.72125e-10,8.45674e-07,1,0,0
23.9004,5.47207,0.296144,0,0.110619,1.3849,0.118278,0.0821225,-0.04395,-0.995653,0.0566825,0.4,0,0,slope_up,0,1,1.3103e-13,9.2362e-11,4.23241e-07,1,0,0
23.9204,5.47626,0.29705,0,0.109123,1.3874,0.114246,0.0806262,-0.0358972,-0.996098,0.0604907,0.4,0,0,slope_up,0,1,9.6554e-14,3.42841e-11,4.91159e-07,1,0,0
23.9404,5.48011,0.297546,0,0.109584,1.38969,0.112888,0.081087,-0.0291204,-0.996282,0.0655459,0.4,0,0,slope_up,0,1,8.16248e-14,7.06505e-12,2.60469e-07,1,0,0
23.9604,5.48476,0.297721,0,0.112363,1.3922,0.114022,0.0838667,-0.0211768,-0.996252,0.0725907,0.4,0,0,slope_up,0,1,1.09327e-13,2.64155e-12,1.80949e-07,1,0,0
23.9804,5.48907,0.297641,0,0.115152,1.39413,0.115832,0.0866552,-0.0138698,-0.996142,0.0777351,0.4,0,0,slope_up,0,1,1.758e-13,4.0061e-13,1.0109e-07,1,0,0
24.0004,5.49304,0.297495,0,0.1166,1.39563,0.11682,0.0881034,-0.00732831,-0.996084,0.0800706,0.4,0,0,slope_up,0,1,3.39659e-13,1.33572e-13,7.74071e-08,1,0,0
24.0204,5.49785,0.297266,0,0.117145,1.3972,0.11732,0.088648,0.00113166,-0.996062,0.0807631,0.4,0,0,slope_up,0,1,5.94332e-13,8.15424e-14,7.03846e-08,1,0,0
24.0404,5.50159,0.297008,0,0.117242,1.3982,0.117801,0.0887458,0.00765982,-0.996025,0.0798427,0.4,0,0,slope_up,0,1,5.88355e-13,5.15761e-14,6.29941e-08,1,0,0
24.0604,5.50545,0.29652,0,0.117242,1.39889,0.118328,0.0887456,0.0125869,-0.995975,0.0789755,0.4,0,0,slope_up,0,1,4.09762e-13,2.88866e-14,3.76557e-08,1,0,0
24.0804,5.5091,0.295768,0,0.116449,1.39901,0.117754,0.0879525,0.0141833,-0.996024,0.0786921,0.4,0,0,slope_up,0,1,3.03806e-13,3.04383e-14,2.72463e-08,1,0,0
24.1004,5.51326,0.294575,0,0.11347,1.39856,0.114677,0.0849738,0.0133457,-0.996294,0.0801189,0.4,0,0,slope_up,0,1,3.06889e-13,3.48877e-14,3.09673e-08,1,0,0
24.1204,5.5176,0.293666,0,0.105335,1.39873,0.107502,0.0768386,0.0185781,-0.99687,0.0858378,0.4,0,0,slope_up,0,1,4.91042e-13,1.81336e-13,8.67742e-08,1,0,0
24.1404,5.52122,0.292534,0,0.100339,1.40014,0.103064,0.0718428,0.0207575,-0.9972,0.0819571,0.4,0,0,slope_up,0,1,1.03974e-12,2.29842e-13,1.19797e-07,1,0,0
24.1604,5.52373,0.290964,0,0.0992277,1.40207,0.101121,0.0707311,0.016663,-0.997356,0.0776564,0.4,0,0,slope_up,0,1,1.20943e-12,2.65962e-13,3.8429e-08,1,0,0
24.1804,5.52706,0.289339,0,0.0971892,1.4048,0.0979691,0.0686926,0.00939717,-0.997594,0.0728002,0.4,0,0,slope_up,0,1,1.20366e-12,1.30177e-12,4.10093e-08,1,0,0
24.2004,5.53055,0.288703,0,0.0940129,1.40707,0.094116,0.0655163,0.000685463,-0.997851,0.0667992,0.4,0,0,slope_up,0,1,1.1198e-12,4.25539e-13,3.57787e-08,1,0,0
24.2204,5.53364,0.288476,0,0.0939031,1.40882,0.0940672,0.0654065,-0.0070744,-0.997834,0.0646042,0.4,0,0,slope_up,0,1,5.25579e-13,7.37009e-14,3.61887e-08,1,0,0
24.2404,5.53699,0.288431,0,0.0961492,1.41045,0.096887,0.0676526,-0.0139141,-0.997612,0.0634896,0.4,0,0,slope_up,0,1,2.66091e-13,2.95763e-14,2.33669e-08,1,0,0
24.2604,5.54053,0.288592,0,0.0994632,1.41179,0.101261,0.0709666,-0.0210816,-0.997256,0.0621742,0.4,0,0,slope_up,0,1,2.23553e-13,3.45358e-14,1.62211e-08,1,0,0
24.2804,5.5443,0.288964,0,0.10274,1.4128,0.105882,0.0742437,-0.0277128,-0.996855,0.0605164,0.4,0,0,slope_up,0,1,3.02668e-13,1.44042e-13,2.31347e-08,1,0,0
24.3004,5.5481,0.289454,0,0.106059,1.41352,0.110815,0.0775621,-0.0342249,-0.9964,0.0589467,0.4,0,0,slope_up,0,1,7.52934e-13,7.77155e-13,4.65721e-08,1,0,0
24.3204,5.55188,0.29008,0,0.109106,1.41403,0.11588,0.0806093,-0.0411319,-0.995897,0.0574198,0.4,0,0,slope_up,0,1,1.87844e-12,4.1384e-12,1.13322e-07,1,0,0
24.3404,5.55602,0.290979,0,0.112006,1.41443,0.121449,0.0835096,-0.0490221,-0.9953,0.0557409,0.4,0,0,slope_up,0,1,3.08965e-12,1.51075e-11,2.36309e-07,1,0,0
24.3604,5.55942,0.291907,0,0.114193,1.41461,0.125831,0.0856967,-0.0548979,-0.994808,0.0547814,0.4,0,0,slope_up,0,1,2.61022e-12,4.82041e-11,4.00559e-07,1,0,0
24.3804,5.56326,0.293173,0,0.116531,1.41464,0.13018,0.0880349,-0.0600403,-0.994306,0.0540874,0.4,0,0,slope_up,0,1,1.45999e-12,8.94391e-11,5.01616e-07,1,0,0
24.4004,5.56679,0.294502,0,0.118629,1.41446,0.133248,0.0901325,-0.0626614,-0.993957,0.0541112,0.4,0,0,slope_up,0,0.999999,6.15484e-13,1.364e-10,6.37037e-07,1,0,0
24.4204,5.57118,0.296398,0,0.120874,1.4138,0.134878,0.092377,-0.0617981,-0.993805,0.055875,0.4,0,0,slope_up,0,0.999999,2.91272e-13,1.36171e-10,7.78083e-07,1,0,0
24.4404,5.57562,0.29827,0,0.121475,1.4127,0.133981,0.0929779,-0.0584637,-0.99395,0.0565293,0.4,0,0,slope_up,0,0.999999,1.77344e-13,1.06956e-10,8.10916e-07,1,0,0
24.4604,5.58009,0.299454,0,0.117752,1.41278,0.130874,0.0892555,-0.0591144,-0.994253,0.0512705,0.4,0,0,slope_up,0,1,4.34441e-13,1.21634e-10,4.89238e-07,1,0,0
24.4804,5.58368,0.30058,0,0.115208,1.41398,0.12599,0.0867116,-0.0530272,-0.994821,0.0525464,0.4,0,0,slope_up,0,0.999999,2.78064e-13,2.56079e-10,6.99887e-07,1,0,0
24.5004,5.58784,0.301699,0,0.111903,1.41603,0.119531,0.0834069,-0.0440769,-0.99554,0.0598965,0.4,0,0,slope_up,0,0.999999,2.18775e-13,2.77621e-10,6.9727e-07,1,0,0
24.5204,5.59225,0.302606,0,0.109171,1.41852,0.114093,0.0806742,-0.0352144,-0.996118,0.0651788,0.4,0,0,slope_up,0,0.999999,1.52439e-13,7.95916e-11,6.79393e-07,1,0,0
24.5404,5.59645,0.30319,0,0.110094,1.42095,0.113223,0.0815969,-0.0284269,-0.99626,0.0694933,0.4,0,0,slope_up,0,1,9.0361e-14,6.46527e-12,2.30181e-07,1,0,0
24.5604,5.60097,0.303269,0,0.113407,1.4233,0.115182,0.0849108,-0.0219289,-0.996147,0.0757444,0.4,0,0,slope_up,0,1,8.77539e-14,1.93998e-12,1.46603e-07,1,0,0
24.5804,5.60485,0.303065,0,0.116391,1.42494,0.11729,0.087894,-0.0159301,-0.996002,0.0803182,0.4,0,0,slope_up,0,1,1.73978e-13,4.26328e-13,9.75736e-08,1,0,0
24.6004,5.60935,0.302801,0,0.117478,1.4266,0.117787,0.0889814,-0.00909013,-0.995992,0.0819796,0.4,0,0,slope_up,0,1,4.31507e-13,1.39879e-13,7.43568e-08,1,0,0
24.6204,5.61423,0.302502,0,0.117521,1.42826,0.117666,0.0890244,-0.000118392,-0.996029,0.0821274,0.4,0,0,slope_up,0,1,9.12542e-13,9.68247e-14,7.50176e-08,1,0,0
24.6404,5.61796,0.302161,0,0.117538,1.42935,0.118021,0.0890411,0.0067453,-0.996005,0.0812339,0.4,0,0,slope_up,0,1,7.43022e-13,6.96873e-14,6.86748e-08,1,0,0
24.6604,5.62181,0.301554,0,0.117445,1.43009,0.118433,0.0889484,0.0118059,-0.995966,0.0803493,0.4,0,0,slope_up,0,1,4.50365e-13,3.98227e-14,4.14263e-08,1,0,0
24.6804,5.62546,0.300648,0,0.11652,1.43023,0.117707,0.0880234,0.0133319,-0.996029,0.0800868,0.4,0,0,slope_up,0,1,3.02977e-13,3.95533e-14,2.99956e-08,1,0,0
24.7004,5.6292,0.299413,0,0.113391,1.42984,0.114521,0.0848946,0.0127835,-0.996308,0.0813819,0.4,0,0,slope_up,0,1,2.97686e-13,4.03215e-14,3.34118e-08,1,0,0
24.7204,5.63357,0.2983,0,0.105686,1.42998,0.10781,0.0771893,0.0183941,-0.996847,0.0872763,0.4,0,0,slope_up,0,1,4.67461e-13,1.97637e-13,9.51203e-08,1,0,0
24.7404,5.63763,0.296786,0,0.0999016,1.4315,0.102629,0.071405,0.020725,-0.997232,0.0842573,0.4,0,0,slope_up,0,1,8.37567e-13,3.67939e-13,1.55502e-07,1,0,0
24.7604,5.64016,0.295063,0,0.0983363,1.43345,0.10001,0.0698397,0.015403,-0.997439,0.0773987,0.4,0,0,slope_up,0,1,1.04397e-12,4.02368e-13,4.07872e-08,1,0,0
24.7804,5.64321,0.293326,0,0.0961435,1.43593,0.0968105,0.0676469,0.00839056,-0.997674,0.0737981,0.4,0,0,slope_up,0,1,1.44639e-12,8.64692e-13,2.53747e-08,1,0,0
24.8004,5.64668,0.292398,0,0.0933926,1.43828,0.0935422,0.064896,0.00185129,-0.99789,0.0723609,0.4,0,0,slope_up,0,1,9.88317e-13,2.29619e-13,3.72603e-08,1,0,0
24.8204,5.65045,0.291976,0,0.0931239,1.44057,0.0932367,0.0646273,-0.00588602,-0.997892,0.0692267,0.4,0,0,slope_up,0,1,6.54575e-13,9.71941e-14,4.41364e-08,1,0,0
24.8404,5.65389,0.291861,0,0.0956773,1.44235,0.0966019,0.0671806,-0.0153704,-0.997622,0.0652152,0.4,0,0,slope_up,0,1,3.48469e-13,2.43246e-14,2.0968e-08,1,0,0
24.8604,5.65704,0.291939,0,0.0992488,1.4436,0.101261,0.0707522,-0.0221881,-0.997247,0.0633956,0.4,0,0,slope_up,0,1,2.72168e-13,2.77984e-14,1.43147e-08,1,0,0
24.8804,5.66077,0.292271,0,0.103092,1.4446,0.106338,0.0745956,-0.028181,-0.996816,0.0628282,0.4,0,0,slope_up,0,1,3.2866e-13,1.11109e-13,1.85053e-08,1,0,0
24.9004,5.66468,0.292756,0,0.106177,1.44528,0.110881,0.0776801,-0.0340558,-0.996396,0.0619531,0.4,0,0,slope_up,0,1,6.65718e-13,9.95138e-13,5.36546e-08,1,0,0
24.9204,5.66894,0.293422,0,0.108939,1.44582,0.115545,0.0804423,-0.0406013,-0.995932,0.0601388,0.4,0,0,slope_up,0,1,1.8135e-12,5.54207e-12,1.36816e-07,1,0,0
24.9404,5.67277,0.294157,0,0.111617,1.44618,0.120854,0.0831203,-0.0484144,-0.995363,0.0582575,0.4,0,0,slope_up,0,1,3.38659e-12,1.81213e-11,2.66596e-07,1,0,0
24.9604,5.67625,0.294931,0,0.113582,1.44641,0.125251,0.0850854,-0.0548455,-0.994863,0.0575658,0.4,0,0,slope_up,0,1,3.12582e-12,5.26876e-11,4.17617e-07,1,0,0
24.9804,5.68052,0.296115,0,0.116259,1.44651,0.1304,0.0877624,-0.0610745,-0.994267,0.0571936,0.4,0,0,slope_up,0,1,1.49367e-12,1.09623e-10,5.34077e-07,1,0,0
25.0004,5.68404,0.297377,0,0.118634,1.4463,0.133413,0.0901378,-0.0630138,-0.993934,0.0567262,0.4,0,0,slope_up,0,0.999999,5.89519e-13,1.52983e-10,6.27849e-07,1,0,0
25.0204,5.68855,0.299183,0,0.120571,1.44555,0.134517,0.0920744,-0.0615973,-0.993845,0.0577621,0.4,0,0,slope_up,0,0.999999,2.75548e-13,1.23994e-10,6.84452e-07,1,0,0
25.0404,5.6923,0.300625,0,0.12092,1.44454,0.133421,0.0924237,-0.0583359,-0.994009,0.0581003,0.4,0,0,slope_up,0,0.999999,1.73459e-13,1.02945e-10,7.82555e-07,1,0,0
25.0604,5.69717,0.301805,0,0.117602,1.44447,0.130597,0.0891054,-0.0587905,-0.994286,0.0517,0.4,0,0,slope_up,0,1,4.17986e-13,1.31621e-10,4.96809e-07,1,0,0
25.0804,5.70129,0.302861,0,0.114493,1.44578,0.125039,0.0859966,-0.0522986,-0.994922,0.0537893,0.4,0,0,slope_up,0,0.999999,2.82e-13,2.95314e-10,7.35661e-07,1,0,0
25.1004,5.70515,0.303743,0,0.11129,1.4476,0.119003,0.0827933,-0.0442172,-0.995585,0.0607114,0.4,0,0,slope_up,0,0.999999,1.8954e-13,3.29928e-10,7.92036e-07,1,0,0
25.1204,5.70956,0.304533,0,0.10883,1.45002,0.114037,0.0803333,-0.0361403,-0.996113,0.0653502,0.4,0,0,slope_up,0,0.999999,1.28987e-13,6.50988e-11,6.59154e-07,1,0,0
25.1404,5.71424,0.304953,0,0.109854,1.45264,0.11299,0.0813571,-0.0284304,-0.996279,0.0697861,0.4,0,0,slope_up,0,1,7.79489e-14,5.99535e-12,2.36286e-07,1,0,0
25.1604,5.71806,0.3049,0,0.112511,1.45456,0.114368,0.0840142,-0.0223534,-0.996214,0.0752518,0.4,0,0,slope_up,0,1,9.41893e-14,1.34673e-12,1.39405e-07,1,0,0
25.1804,5.72247,0.304653,0,0.11492,1.45651,0.115776,0.0864234,-0.0155235,-0.996138,0.0788561,0.4,0,0,slope_up,0,1,1.86848e-13,2.82698e-13,8.37836e-08,1,0,0
25.2004,5.72746,0.304327,0,0.116022,1.45842,0.116209,0.0875249,-0.00651229,-0.996141,0.0818378,0.4,0,0,slope_up,0,1,4.68281e-13,1.40562e-13,7.47196e-08,1,0,0
25.2204,5.73142,0.303981,0,0.116401,1.45974,0.11657,0.0879048,0.00100485,-0.996128,0.0824297,0.4,0,0,slope_up,0,1,7.29511e-13,1.26207e-13,8.54993e-08,1,0,0
25.2404,5.73515,0.303497,0,0.116806,1.46075,0.117399,0.0883092,0.00806088,-0.99606,0.0814312,0.4,0,0,slope_up,0,1,6.42124e-13,6.1235e-14,6.06282e-08,1,0,0
25.2604,5.73948,0.302655,0,0.116694,1.46145,0.117793,0.0881976,0.0126648,-0.996022,0.08062,0.4,0,0,slope_up,0,1,4.20162e-13,3.54223e-14,3.75778e-08,1,0,0
25.2804,5.74329,0.301654,0,0.115389,1.4615,0.116707,0.0868926,0.0142208,-0.996116,0.0801758,0.4,0,0,slope_up,0,1,3.08122e-13,3.51685e-14,2.6871e-08,1,0,0
25.3004,5.74712,0.300305,0,0.112244,1.46106,0.113514,0.0837474,0.0137489,-0.996392,0.0816009,0.4,0,0,slope_up,0,1,3.51664e-13,4.21932e-14,3.54665e-08,1,0,0
25.3204,5.75148,0.299186,0,0.104193,1.4613,0.106808,0.075696,0.020642,-0.996917,0.0863758,0.4,0,0,slope_up,0,1,4.77834e-13,1.75485e-13,9.31809e-08,1,0,0
25.3404,5.75544,0.297591,0,0.0998325,1.46298,0.102825,0.0713359,0.0218611,-0.997213,0.0831869,0.4,0,0,slope_up,0,1,1.1215e-12,2.49708e-13,1.08142e-07,1,0,0
25.3604,5.75836,0.29561,0,0.0982519,1.46528,0.100073,0.0697553,0.0162013,-0.997433,0.0787112,0.4,0,0,slope_up,0,1,1.47577e-12,3.86526e-13,3.99507e-08,1,0,0
25.3804,5.76162,0.294149,0,0.0954024,1.46781,0.0961255,0.0669058,0.00884892,-0.99772,0.0725084,0.4,0,0,slope_up,0,1,1.16396e-12,1.14424e-12,4.42135e-08,1,0,0
25.4004,5.76513,0.293457,0,0.0929907,1.47014,0.0930989,0.064494,0.000872882,-0.997918,0.0671144,0.4,0,0,slope_up,0,1,7.96143e-13,1.87915e-13,3.28932e-08,1,0,0
25.4204,5.76819,0.293137,0,0.0934483,1.47197,0.0935664,0.0649516,-0.0060376,-0.99787,0.0661951,0.4,0,0,slope_up,0,1,4.52773e-13,4.90078e-14,3.41091e-08,1,0,0
25.4404,5.77159,0.293034,0,0.0961719,1.47373,0.0969301,0.0676753,-0.0140876,-0.997608,0.0647522,0.4,0,0,slope_up,0,1,2.71949e-13,2.79348e-14,2.50278e-08,1,0,0
25.4604,5.77517,0.29321,0,0.0998296,1.47513,0.101735,0.071333,-0.0216811,-0.997217,0.0625468,0.4,0,0,slope_up,0,1,2.36681e-13,3.3384e-14,1.5518e-08,1,0,0
25.4804,5.77893,0.293605,0,0.103498,1.47615,0.106744,0.0750012,-0.0282272,-0.996784,0.0610206,0.4,0,0,slope_up,0,1,3.38649e-13,1.25524e-13,2.07244e-08,1,0,0
25.5004,5.78274,0.294116,0,0.106925,1.47685,0.111746,0.0784288,-0.0345619,-0.99632,0.0598781,0.4,0,0,slope_up,0,1,8.302e-13,8.36311e-13,4.90236e-08,1,0,0
25.5204,5.78654,0.294797,0,0.109837,1.47732,0.116529,0.0813406,-0.0410028,-0.995843,0.0580578,0.4,0,0,slope_up,0,1,2.01467e-12,4.40454e-12,1.19972e-07,1,0,0
25.5404,5.79073,0.295797,0,0.11232,1.4776,0.121317,0.0838231,-0.0479126,-0.995328,0.055749,0.4,0,0,slope_up,0,1,3.46646e-12,1.64499e-11,2.49903e-07,1,0,0
25.5604,5.79421,0.296775,0,0.113841,1.47769,0.124844,0.0853448,-0.0532972,-0.994925,0.0546365,0.4,0,0,slope_up,0,1,3.47639e-12,4.51876e-11,3.88087e-07,1,0,0
25.5804,5.79809,0.297983,0,0.115807,1.47771,0.128971,0.0873104,-0.0587873,-0.994445,0.0541848,0.4,0,0,slope_up,0,1,1.65815e-12,1.02211e-10,5.254e-07,1,0,0
25.6004,5.802,0.299415,0,0.118166,1.47753,0.132485,0.0896689,-0.0618977,-0.994046,0.0545804,0.4,0,0,slope_up,0,0.999999,6.7969e-13,1.63868e-10,6.64183e-07,1,0,0
25.6204,5.80602,0.301129,0,0.120107,1.47692,0.133993,0.0916107,-0.0613599,-0.993903,0.0563027,0.4,0,0,slope_up,0,0.999999,2.82915e-13,1.48844e-10,7.6568e-07,1,0,0
25.6404,5.81008,0.302865,0,0.120617,1.47586,0.13315,0.0921205,-0.0583484,-0.994037,0.0570137,0.4,0,0,slope_up,0,0.999999,1.59619e-13,1.08087e-10,8.33317e-07,1,0,0
25.6604,5.81492,0.304157,0,0.11734,1.4759,0.130421,0.0888431,-0.0589324,-0.994301,0.0517441,0.4,0,0,slope_up,0,1,3.78033e-13,1.12651e-10,4.78607e-07,1,0,0
25.6804,5.81912,0.305303,0,0.113842,1.47728,0.124319,0.0853451,-0.0520013,-0.994994,0.0553145,0.4,0,0,slope_up,0,0.999999,2.40121e-13,2.60984e-10,6.91792e-07,1,0,0
25.7004,5.82289,0.306262,0,0.110965,1.47912,0.118547,0.082468,-0.0437917,-0.995631,0.0612378,0.4,0,0,slope_up,0,0.999999,1.64433e-13,2.41254e-10,7.08552e-07,1,0,0
25.7204,5.82756,0.307141,0,0.109285,1.4818,0.114388,0.0807887,-0.0358519,-0.996086,0.0649571,0.4,0,0,slope_up,0,0.999999,1.22485e-13,5.6127e-11,5.5977e-07,1,0,0
25.7404,5.83179,0.307571,0,0.110534,1.48422,0.113722,0.0820373,-0.0287226,-0.996215,0.070295,0.4,0,0,slope_up,0,1,8.33297e-14,5.12458e-12,2.05193e-07,1,0,0
25.7604,5.83559,0.307611,0,0.113057,1.48622,0.114961,0.0845604,-0.0226591,-0.996161,0.0751681,0.4,0,0,slope_up,0,1,1.17348e-13,1.80451e-12,1.51622e-07,1,0,0
25.7804,5.84038,0.307431,0,0.115523,1.48843,0.116287,0.0870259,-0.0147047,-0.996098,0.079133,0.4,0,0,slope_up,0,1,2.49314e-13,3.15721e-13,8.1438e-08,1,0,0
25.8004,5.84479,0.307177,0,0.116568,1.49019,0.116752,0.0880719,-0.00634592,-0.996094,0.0821839,0.4,0,0,slope_up,0,1,5.25086e-13,1.54938e-13,7.68711e-08,1,0,0
25.8204,5.84866,0.306922,0,0.11678,1.4915,0.116951,0.0882835,0.00101446,-0.996095,0.081313,0.4,0,0,slope_up,0,1,7.17666e-13,1.07093e-13,7.50696e-08,1,0,0
25.8404,5.85307,0.306416,0,0.117026,1.49271,0.117634,0.0885289,0.00822456,-0.99604,0.0798063,0.4,0,0,slope_up,0,1,6.26249e-13,5.10118e-14,5.30183e-08,1,0,0
25.8604,5.85685,0.305703,0,0.11668,1.49332,0.117669,0.0881836,0.0117887,-0.996035,0.0792885,0.4,0,0,slope_up,0,1,4.26286e-13,3.65754e-14,3.49237e-08,1,0,0
25.8804,5.86058,0.304757,0,0.114798,1.49345,0.115811,0.0863016,0.0119288,-0.996198,0.0790433,0.4,0,0,slope_up,0,1,3.17019e-13,4.21199e-14,2.65794e-08,1,0,0
25.9004,5.86407,0.303539,0,0.11108,1.49324,0.111859,0.082583,0.00984164,-0.996536,0.0806579,0.4,0,0,slope_up,0,1,3.72385e-13,4.26863e-14,3.46176e-08,1,0,0
25.9204,5.869,0.302233,0,0.101922,1.49372,0.103239,0.0734257,0.0135038,-0.997209,0.0864383,0.4,0,0,slope_up,0,1,5.1005e-13,1.63067e-13,8.26541e-08,1,0,0
25.9404,5.87252,0.301075,0,0.0962507,1.49517,0.0976425,0.0677541,0.0136102,-0.997609,0.0812456,0.4,0,0,slope_up,0,1,1.09538e-12,3.30456e-13,1.17168e-07,1,0,0
25.9604,5.8755,0.299252,0,0.0944839,1.49737,0.0951718,0.0659873,0.00850978,-0.997784,0.0760366,0.4,0,0,slope_up,0,1,1.14492e-12,3.601e-13,3.63666e-08,1,0,0
25.9804,5.87916,0.297872,0,0.0919917,1.49989,0.092195,0.0634951,0.00291398,-0.997978,0.07002,0.4,0,0,slope_up,0,1,1.14694e-12,6.23585e-13,2.91992e-08,1,0,0
26.0005,5.88245,0.297348,0,0.0897268,1.50177,0.0897717,0.0612302,-0.00314481,-0.998119,0.0648286,0.4,0,0,slope_up,0,1,8.91135e-13,1.28156e-13,2.7381e-08,1,0,0
26.0205,5.88601,0.296954,0,0.0904533,1.50359,0.0907786,0.0619567,-0.0095985,-0.998033,0.0633789,0.4,0,0,slope_up,0,1,6.16963e-13,6.53401e-14,3.66079e-08,1,0,0
26.0405,5.89002,0.296779,0,0.093237,1.50531,0.0942802,0.0647404,-0.0160863,-0.997772,0.0622074,0.4,0,0,slope_up,0,1,3.57871e-13,4.09879e-14,2.53557e-08,1,0,0
26.0605,5.89352,0.29689,0,0.0967143,1.50646,0.0988651,0.0682177,-0.0226598,-0.997413,0.0595715,0.4,0,0,slope_up,0,1,3.01669e-13,5.52812e-14,1.68892e-08,1,0,0
26.0805,5.89753,0.297174,0,0.100484,1.50739,0.10395,0.0719874,-0.0287678,-0.996991,0.0578137,0.4,0,0,slope_up,0,1,4.35912e-13,2.05537e-13,2.29068e-08,1,0,0
26.1005,5.90158,0.297569,0,0.10416,1.50801,0.10913,0.0756632,-0.0346927,-0.99653,0.0568512,0.4,0,0,slope_up,0,1,1.05844e-12,1.27552e-12,5.11987e-08,1,0,0
26.1205,5.90607,0.298168,0,0.10753,1.50848,0.114589,0.0790331,-0.041712,-0.995999,0.0563811,0.4,0,0,slope_up,0,1,2.60031e-12,7.04904e-12,1.25196e-07,1,0,0
26.1405,5.9098,0.298802,0,0.109575,1.50874,0.118747,0.0810787,-0.0478611,-0.995558,0.0566772,0.4,0,0,slope_up,0,1,3.95472e-12,3.09938e-11,2.61406e-07,1,0,0
26.1605,5.91402,0.299744,0,0.111338,1.50906,0.122819,0.0828412,-0.0539327,-0.995102,0.0585272,0.4,0,0,slope_up,0,1,3.08941e-12,8.89485e-11,3.80909e-07,1,0,0
26.1805,5.91838,0.30107,0,0.112855,1.50956,0.125507,0.0843586,-0.0569794,-0.994805,0.061354,0.4,0,0,slope_up,0,0.999999,1.4046e-12,2.297e-10,5.506e-07,1,0,0
26.2005,5.92306,0.30277,0,0.11375,1.51024,0.125865,0.0852532,-0.0559317,-0.994788,0.0661427,0.4,0,0,slope_up,0,0.999999,5.54989e-13,3.79581e-10,7.04774e-07,1,0,0
26.2205,5.92819,0.304907,0,0.113212,1.51104,0.122786,0.0847151,-0.0495887,-0.99517,0.0726078,0.4,0,0,slope_up,0,0.999999,2.42567e-13,4.58891e-10,9.53324e-07,1,0,0
26.2405,5.9338,0.307102,0,0.110321,1.51163,0.116414,0.0818243,-0.0392351,-0.995874,0.0788826,0.4,0,0,slope_up,0,0.999999,2.15993e-13,5.94322e-10,1.14817e-06,1,0,0
26.2605,5.94084,0.308684,0,0.102681,1.51237,0.108086,0.0741846,-0.0359112,-0.996598,0.0809687,0.4,0,0,slope_up,0,0.999999,5.19487e-13,7.00974e-10,6.96522e-07,1,0,0
26.2805,5.94667,0.309577,0,0.0967957,1.51251,0.100611,0.0682991,-0.0296485,-0.997224,0.0916711,0.4,0,0,slope_up,0,0.999999,2.60408e-12,2.07036e-09,9.93462e-07,1,0,0
26.3005,5.95288,0.310422,0,0.0938213,1.51264,0.0956786,0.0653247,-0.0209316,-0.997644,0.0997753,0.4,0,0,slope_up,0,0.999999,6.58661e-12,9.16503e-10,6.07021e-07,1,0,0
26.3205,5.95893,0.31128,0,0.0948327,1.51283,0.0957303,0.0663361,-0.0151304,-0.997683,0.100185,0.4,0,0,slope_up,0,1,9.64106e-12,3.25557e-10,3.60506e-07,1,0,0
26.3405,5.96613,0.31215,0,0.0967354,1.51267,0.0968913,0.0682388,-0.00683598,-0.997646,0.101701,0.4,0,0,slope_up,0,1,1.63772e-11,4.48433e-10,2.84557e-07,1,0,0
26.3605,5.97341,0.312319,0,0.0974678,1.51261,0.0975557,0.0689712,-0.00483678,-0.997607,0.104924,0.4,0,0,slope_up,0,1,7.48613e-12,2.97393e-10,1.80169e-07,1,0,0
26.3805,5.98099,0.312365,0,0.0981306,1.51297,0.0982071,0.069634,-0.00426716,-0.997563,0.108336,0.4,0,0,slope_up,0,1,1.07692e-12,1.75551e-11,7.87708e-08,1,0,0
26.4005,5.98869,0.312849,0,0.0982394,1.51362,0.0983729,0.0697427,0.00133442,-0.997564,0.107265,0.4,0,0,slope_up,0,1,8.23174e-13,1.13081e-11,8.38448e-08,1,0,0
26.4205,5.99637,0.313454,0,0.0985247,1.51432,0.0992261,0.0700281,0.00877772,-0.997506,0.103615,0.4,0,0,slope_up,0,1,1.36635e-12,4.99342e-12,1.36423e-07,1,0,0
26.4405,6.00319,0.313719,0,0.0995252,1.51475,0.100935,0.0710286,0.0139468,-0.997377,0.10113,0.4,0,0,slope_up,0,1,2.79233e-12,7.69547e-12,2.97188e-07,1,0,0
26.4605,6.01066,0.313757,0,0.101012,1.5148,0.103014,0.0725157,0.0173737,-0.997216,0.0981701,0.4,0,0,slope_up,0,1,3.11368e-12,8.91092e-12,3.50891e-07,1,0,0
26.4805,6.01807,0.313497,0,0.102288,1.51429,0.104495,0.0737914,0.0185219,-0.997102,0.0949829,0.4,0,0,slope_up,0,1,2.50559e-12,8.51182e-12,2.71336e-07,1,0,0
26.5005,6.02671,0.31259,0,0.100808,1.51313,0.103033,0.0723112,0.0184795,-0.997211,0.0962231,0.4,0,0,slope_up,0,1,4.45154e-12,7.53506e-12,3.55909e-07,1,0,0
26.5205,6.0345,0.311616,0,0.0962695,1.51227,0.0987037,0.0677729,0.0190428,-0.997519,0.101486,0.4,0,0,slope_up,0,0.999999,9.32279e-12,1.13066e-10,1.29329e-06,1,0,0
26.5405,6.04241,0.310477,0,0.0945719,1.51127,0.0959676,0.0660753,0.0135218,-0.997723,0.10187,0.4,0,0,slope_up,0,0.999998,2.37229e-11,2.38124e-09,1.89335e-06,1,0,0
26.5605,6.05117,0.30939,0,0.093364,1.50964,0.0935888,0.0648674,0.00326195,-0.997889,0.102443,0.4,0,0,slope_up,0,0.999998,4.47389e-11,1.90063e-08,1.64501e-06,1,0,0
26.5805,6.05869,0.309825,0,0.0906461,1.50904,0.0911722,0.0621495,0.00689507,-0.998043,0.102583,0.4,0,0,slope_up,0,0.999998,2.71816e-11,1.03529e-08,1.89325e-06,1,0,0
26.6005,6.06668,0.310462,0,0.0912661,1.50957,0.09214,0.0627695,0.0098523,-0.997979,0.0999847,0.4,0,0,slope_up,0,0.999993,1.26305e-10,9.16597e-09,7.43065e-06,1,0,0
26.6205,6.07437,0.310618,0,0.0955443,1.51082,0.0958164,0.0670477,0.00399958,-0.997742,0.0970274,0.4,0,0,slope_up,0,0.999994,9.52729e-10,5.9514e-09,6.42571e-06,1,0,0
26.6405,6.08206,0.310974,0,0.100924,1.51218,0.101009,0.0724277,-0.00434406,-0.997364,0.0957384,0.4,0,0,slope_up,0,0.999996,2.81034e-09,9.01249e-09,3.85353e-06,1,0,0
26.6605,6.08951,0.311859,0,0.107278,1.51324,0.107773,0.0787818,-0.0118201,-0.996822,0.0951138,0.4,0,0,slope_up,0,0.999997,5.71976e-09,3.00171e-08,2.72273e-06,1,0,0
26.6805,6.09665,0.313188,0,0.113935,1.51394,0.115217,0.0854384,-0.0188101,-0.996166,0.0954892,0.4,0,0,slope_up,0,0.999995,1.88112e-08,1.99205e-07,4.72101e-06,1,0,0
26.7005,6.10415,0.315059,0,0.12097,1.51443,0.123545,0.0924738,-0.0267939,-0.995355,0.0966307,0.4,0,0,slope_up,0,0.999984,8.16494e-08,2.09237e-06,1.36405e-05,1,0,0
26.7205,6.1106,0.317085,0,0.127226,1.51469,0.131354,0.0987296,-0.0343488,-0.994521,0.0980756,0.4,0,0,slope_up,0,0.999955,2.53319e-07,1.42991e-05,3.03064e-05,1,0,0
26.7405,6.11619,0.31921,0,0.132611,1.51482,0.138203,0.104115,-0.0405344,-0.993739,0.0992631,0.4,0,0,slope_up,0,0.999897,4.40096e-07,5.13388e-05,5.14007e-05,1,0,0
26.7605,6.12233,0.321889,0,0.138169,1.51479,0.145199,0.109673,-0.0461665,-0.992895,0.101945,0.4,0,0,slope_up,0,0.99983,3.92771e-07,0.000109306,6.05168e-05,1,0,0
26.7805,6.12853,0.324968,0,0.14322,1.51461,0.150773,0.114724,-0.0485371,-0.992211,0.106749,0.4,0,0,slope_up,0,0.999793,1.82399e-07,0.000152915,5.42961e-05,1,0,0
26.8005,6.13554,0.328901,0,0.147506,1.51404,0.153723,0.119009,-0.0444997,-0.991895,0.113547,0.4,0,0,slope_up,0,0.999785,6.45938e-08,0.000171814,4.33627e-05,1,0,0
26.8205,6.14139,0.332844,0,0.148806,1.51263,0.151774,0.120309,-0.0306446,-0.992263,0.116233,0.4,0,0,slope_up,0,0.99984,7.17865e-08,0.000126275,3.38834e-05,1,0,0
26.8405,6.14946,0.336789,0,0.144171,1.51073,0.14553,0.115674,-0.0201844,-0.993082,0.117939,0.4,0,0,slope_up,0,0.999855,1.20295e-06,8.09894e-05,6.2996e-05,1,0,0
26.8605,6.15676,0.339664,0,0.136333,1.50885,0.137232,0.107836,-0.0160851,-0.994039,0.116027,0.4,0,0,slope_up,0,0.998915,3.12062e-05,0.000624005,0.000430239,1,0,0
26.8805,6.16487,0.342316,0,0.132833,1.50695,0.133548,0.104336,-0.0141841,-0.994441,0.116974,0.4,0,0,slope_up,0,0.996439,0.000188655,0.00267756,0.000695176,1,0,0
26.9005,6.17166,0.343712,0,0.135232,1.50717,0.136394,0.106735,-0.0184885,-0.994116,0.117989,0.4,0,0,slope_up,0,0.999577,5.16632e-06,0.000272343,0.000145755,1,0,0
26.9205,6.1786,0.345669,0,0.137376,1.50849,0.137864,0.108879,-0.011004,-0.993994,0.116077,0.4,0,0,slope_up,0,0.997221,3.3629e-07,0.00265868,0.00012046,1,0,0
26.9405,6.18595,0.347609,0,0.13734,1.51009,0.13756,0.108843,-0.00220421,-0.994056,0.114705,0.4,0,0,slope_up,0,0.979698,1.14377e-07,0.0200293,0.000272994,1,0,0
26.9605,6.19351,0.349127,0,0.136272,1.51149,0.136742,0.107775,0.00587977,-0.994158,0.116895,0.4,0,0,slope_up,0,0.939556,2.03177e-07,0.0596435,0.000800675,1,0,0
26.9805,6.20124,0.35037,0,0.134073,1.51249,0.134959,0.105576,0.0110808,-0.994349,0.12179,0.4,0,0,slope_up,0,0.891514,3.49823e-07,0.106242,0.00224399,1,0,0
27.0005,6.20829,0.351456,0,0.13064,1.51309,0.13187,0.102144,0.0140791,-0.99467,0.122696,0.4,0,0,slope_up,0,0.732129,3.97526e-07,0.261368,0.00650244,1,0,0
27.0205,6.2161,0.352625,0,0.126169,1.51357,0.127854,0.0976728,0.0171674,-0.995071,0.1217,0.4,0,0,slope_up,0,0.816664,5.06092e-07,0.16778,0.0155556,1,0,0
27.0405,6.2237,0.35366,0,0.122311,1.51377,0.124601,0.0938142,0.0205106,-0.995378,0.121108,0.4,0,0,slope_up,0,0.777551,3.97647e-07,0.192009,0.0304396,1,0,0
27.0605,6.2311,0.354461,0,0.119212,1.51359,0.121932,0.090715,0.0224772,-0.995623,0.119971,0.4,0,0,slope_up,0,0.774788,3.87228e-07,0.175443,0.0497684,1,0,0
27.0805,6.23844,0.354799,0,0.116439,1.51289,0.119223,0.0879426,0.0225445,-0.99587,0.120199,0.4,0,0,slope_up,0,0.736567,5.44805e-07,0.185907,0.077526,1,0,0
27.1005,6.24659,0.3546,0,0.110875,1.51198,0.114001,0.0823787,0.0235804,-0.996322,0.126421,0.4,0,0,slope_up,0,0.534126,2.53028e-06,0.325687,0.140185,1,0,0
27.1205,6.25542,0.353978,0,0.106713,1.51129,0.109626,0.0782164,0.0222331,-0.996688,0.131577,0.4,0,0,slope_up,0,0.0877882,2.74774e-06,0.847799,0.0644096,1,0,0
27.1405,6.26294,0.353254,0,0.10576,1.51066,0.107527,0.0772637,0.0164666,-0.996875,0.130466,0.4,0,0,slope_up,0,0.00414538,1.11236e-06,0.993927,0.00192682,1,0,0
27.1605,6.27006,0.352463,0,0.103403,1.5096,0.1038,0.0749062,0.00571985,-0.997174,0.132305,0.4,0,0,slope_up,0,0.000846735,4.69138e-07,0.998769,0.000383466,1,0,0
27.1805,6.27811,0.352959,0,0.0997149,1.50912,0.100549,0.0712183,0.00994618,-0.997411,0.134424,0.4,0,0,slope_up,0,0.000258975,1.34498e-07,0.999623,0.000117935,1,0,0
27.2005,6.28558,0.353696,0,0.099892,1.50974,0.101225,0.0713954,0.0134897,-0.997357,0.134046,0.4,0,0,flat,0,0.000205651,1.19375e-07,0.999538,0.00025627,0.9,0,0.1
27.2205,6.2933,0.354298,0,0.10431,1.51129,0.104849,0.0758138,0.0073556,-0.997095,0.128423,0.4,0,0,flat,0,0.000589122,1.0862e-06,0.998919,0.000490757,0.8,0,0.2
27.2405,6.29938,0.354866,0,0.10989,1.51272,0.109991,0.0813929,-0.00113107,-0.996681,0.124871,0.4,0,0,flat,0,0.000405946,9.84073e-06,0.999143,0.000441228,0.7,0,0.3
27.2605,6.30603,0.35602,0,0.116261,1.51401,0.116605,0.0877644,-0.00970486,-0.996094,0.121151,0.4,0,0,flat,0,0.000136938,4.20173e-05,0.999563,0.000257689,0.6,0,0.4
27.2805,6.31335,0.358134,0,0.121633,1.5148,0.122574,0.093136,-0.0164064,-0.995518,0.115684,0.4,0,0,flat,0,6.89797e-05,6.16282e-05,0.999738,0.000131861,0.5,0,0.5
27.3005,6.32003,0.360851,0,0.124352,1.51488,0.125742,0.0958553,-0.019996,-0.995194,0.110023,0.4,0,0,flat,0,4.52435e-05,6.0293e-05,0.999829,6.52198e-05,0.4,0,0.6
27.3205,6.32672,0.364166,0,0.125077,1.51447,0.126767,0.0965807,-0.0220505,-0.995081,0.104408,0.4,0,0,flat,0,2.74881e-05,5.79577e-05,0.999883,3.10722e-05,0.3,0,0.7
27.3405,6.33273,0.367528,0,0.124642,1.51378,0.126463,0.0961451,-0.0228582,-0.995105,0.0993862,0.4,0,0,flat,0,1.4464e-05,5.44019e-05,0.999916,1.48238e-05,0.2,0,0.8
27.3605,6.33875,0.371234,0,0.123504,1.51283,0.125264,0.095007,-0.0224246,-0.995224,0.0938643,0.4,0,0,flat,0,8.00479e-06,7.52979e-05,0.999908,8.34312e-06,0.1,0,0.9
27.3805,6.34604,0.37629,0,0.121845,1.51118,0.122993,0.093348,-0.0181156,-0.995469,0.086766,0.4,0,0,flat,0,4.55029e-06,0.000147303,0.999843,4.93576e-06,0,0,1
27.4005,6.35254,0.381561,0,0.1203,1.50879,0.120541,0.091803,-0.00754386,-0.995749,0.0812503,0.4,0,0,flat,0,2.56585e-06,0.0002353,0.999759,2.8667e-06,0,0,1
27.4205,6.36008,0.386368,0,0.117225,1.50656,0.117413,0.088728,-0.00642316,-0.996035,0.080676,0.4,0,0,flat,0,1.68313e-06,5.07067e-05,0.999946,1.01749e-06,0,0,1
27.4405,6.3672,0.390263,0,0.114051,1.50589,0.114442,0.0855545,-0.0104717,-0.996278,0.0833248,0.4,0,0,flat,0,3.34394e-07,5.82612e-06,0.999993,8.59419e-07,0,0,1
27.4605,6.37448,0.394372,0,0.111354,1.50561,0.111565,0.082857,-0.00745616,-0.996534,0.0865869,0.4,0,0,flat,0,2.58823e-07,3.16002e-07,0.999999,2.44715e-07,0,0,1
27.4805,6.38142,0.397794,0,0.108671,1.5054,0.108761,0.0801743,-0.00213201,-0.996779,0.0896144,0.4,0,0,flat,0,3.45182e-07,3.04658e-08,0.999999,1.81845e-07,0,0,1
27.5005,6.39004,0.401231,0,0.106489,1.50503,0.106732,0.0779922,0.00337349,-0.996948,0.090389,0.4,0,0,flat,0,2.8963e-07,1.25341e-08,1,1.45464e-07,0,0,1
27.5205,6.3972,0.403375,0,0.105087,1.50464,0.105635,0.0765899,0.00746885,-0.997035,0.0912448,0.4,0,0,flat,0,2.33961e-07,3.41649e-08,1,1.42364e-07,0,0,1
27.5405,6.40617,0.405301,0,0.102232,1.50416,0.103218,0.0737355,0.011235,-0.997215,0.089349,0.4,0,0,flat,0,2.26364e-07,1.85629e-07,1,1.6621e-07,0,0,1
27.5605,6.41467,0.406406,0,0.0972531,1.50379,0.0987351,0.0687564,0.0142251,-0.997532,0.0869777,0.4,0,0,flat,0,3.13548e-07,1.52995e-06,0.999998,3.28513e-07,0,0,1
27.5805,6.42239,0.40693,0,0.0919695,1.50363,0.0939001,0.0634729,0.0162316,-0.997852,0.0832319,0.4,0,0,flat,0,3.70286e-07,4.34824e-06,0.999995,4.81272e-07,0,0,1
27.6005,6.43087,0.407069,0,0.0870161,1.50373,0.0893071,0.0585195,0.0174537,-0.998134,0.0781294,0.4,0,0,flat,0,3.49237e-07,3.25571e-06,0.999996,3.63547e-07,0,0,1
27.6205,6.44023,0.406694,0,0.0835443,1.50428,0.086041,0.0550477,0.0179667,-0.998322,0.0741999,0.4,0,0,flat,0,2.31399e-07,9.44432e-07,0.999999,1.20443e-07,0,0,1
27.6405,6.44814,0.405891,0,0.081886,1.50496,0.0842495,0.0533894,0.0172138,-0.998425,0.0714058,0.4,0,0,flat,0,1.32724e-07,2.32438e-07,1,3.01307e-08,0,0,1
27.6605,6.45733,0.404381,0,0.0808081,1.50571,0.0824779,0.0523115,0.0138985,-0.998534,0.0687085,0.4,0,0,flat,0,9.4176e-08,6.52031e-08,1,9.90059e-09,0,0,1
27.6805,6.4672,0.402229,0,0.0791492,1.50613,0.0802974,0.0506526,0.0109073,-0.998657,0.0676864,0.4,0,0,flat,0,1.17721e-07,5.86734e-08,1,7.42053e-09,0,0,1
27.7005,6.47761,0.399295,0,0.0763456,1.50548,0.0766439,0.0478489,0.00403857,-0.998846,0.0682209,0.4,0,0,flat,0,6.68049e-07,4.81337e-07,0.999999,3.9652e-08,0,0,1
27.7205,6.48798,0.397669,0,0.0722557,1.50496,0.0726272,0.0437591,0.00469312,-0.999031,0.0658776,0.4,0,0,flat,0,2.34508e-07,1.33624e-07,1,9.14015e-08,0,0,1
27.7405,6.49846,0.396903,0,0.0683552,1.50559,0.0692215,0.0398586,0.00836366,-0.99917,0.0551281,0.4,0,0,flat,0,9.475e-08,6.99367e-08,1,7.50637e-08,0,0,1
27.7605,6.50727,0.39624,0,0.0634528,1.50631,0.0637675,0.0349562,0.00375179,-0.999382,0.0473107,0.4,0,0,flat,0,3.00298e-08,2.35127e-07,1,5.24676e-08,0,0,1
27.7805,6.51499,0.396038,0,0.0563612,1.50678,0.0563833,0.0278645,-0.00113318,-0.999611,0.0440802,0.4,0,0,flat,0,8.08992e-09,9.96449e-08,1,2.27309e-08,0,0,1
27.8005,6.52313,0.396357,0,0.0478697,1.50695,0.0479134,0.0193731,-0.00440144,-0.999803,0.0428251,0.4,0,0,flat,0,7.1987e-09,3.47663e-08,1,1.70848e-08,0,0,1
27.8205,6.53063,0.397087,0,0.0411853,1.50676,0.041337,0.0126886,-0.00595336,-0.999902,0.0426107,0.4,0,0,flat,0,6.72288e-09,1.86469e-08,1,1.14631e-08,0,0,1
27.8405,6.53754,0.398274,0,0.0372375,1.50648,0.037468,0.00874089,-0.00657739,-0.99994,0.0404981,0.4,0,0,flat,0,4.58788e-09,1.25454e-08,1,6.45254e-09,0,0,1
27.8605,6.54417,0.399881,0,0.0346476,1.5064,0.0349983,0.00615102,-0.00737444,-0.999954,0.0377703,0.4,0,0,flat,0,3.76137e-09,8.01714e-09,1,5.78149e-09,0,0,1
27.8805,6.55132,0.402,0,0.0320608,1.50664,0.0327017,0.00356415,-0.00888664,-0.999954,0.0362969,0.4,0,0,flat,0,5.13545e-09,1.01996e-08,1,1.12612e-08,0,0,1
27.9005,6.55696,0.403877,0,0.0306934,1.50702,0.0319567,0.00219674,-0.0113418,-0.999933,0.0358546,0.4,0,0,flat,0,9.44085e-09,5.80773e-08,1,4.84353e-08,0,0,1
27.9205,6.56285,0.406116,0,0.0306285,1.50751,0.0330643,0.00213187,-0.0149138,-0.999887,0.0352857,0.4,0,0,flat,0,2.17507e-08,7.57027e-07,0.999999,2.88273e-07,0,0,1
27.9405,6.56856,0.408633,0,0.0310665,1.50799,0.0348737,0.0025699,-0.0183007,-0.999829,0.0344213,0.4,0,0,flat,0,6.1964e-08,8.58458e-06,0.99999,1.41907e-06,0,0,1
27.9605,6.57469,0.411929,0,0.0320546,1.50841,0.0361908,0.00355796,-0.0192574,-0.999808,0.0333535,0.4,0,0,flat,0,1.58753e-07,4.22287e-05,0.999951,6.16854e-06,0,0,1
27.9805,6.57948,0.415083,0,0.0333807,1.5083,0.0361991,0.00488407,-0.0164548,-0.999853,0.0330201,0.4,0,0,flat,0,2.7319e-07,8.54727e-05,0.9999,1.47312e-05,0,0,1
28.0005,6.58476,0.419131,0,0.0339726,1.50717,0.034735,0.00547593,-0.00968142,-0.999938,0.0318742,0.4,0,0,flat,0,2.52466e-07,8.39743e-05,0.999903,1.23472e-05,0,0,1
28.0205,6.59043,0.423464,0,0.0308452,1.50499,0.0309021,0.00234856,-0.00427557,-0.999988,0.0276315,0.4,0,0,flat,0,3.96395e-07,3.9526e-05,0.99995,9.84471e-06,0,0,1
28.0405,6.59758,0.426959,0,0.0208167,1.50386,0.0228143,-0.00767991,-0.0117886,-0.999901,0.0240941,0.4,0,0,flat,0,4.80529e-07,7.61227e-05,0.999911,1.2338e-05,0,0,1
28.0605,6.60342,0.429897,0,0.0150681,1.50405,0.0176663,-0.0134286,-0.0116859,-0.999842,0.0303155,0.4,0,0,flat,0,8.20571e-07,3.93336e-06,0.999984,1.08216e-05,0,0,1
28.0805,6.60834,0.432464,0,0.0123707,1.50485,0.0130245,-0.0161259,-0.0065283,-0.999849,0.0355145,0.4,0,0,flat,0,1.60723e-06,9.37297e-07,0.999992,5.23479e-06,0,0,1
28.1005,6.61408,0.435009,0,0.0090855,1.50584,0.00912188,-0.0194111,-0.00319936,-0.999806,0.0372133,0.4,0,0,flat,0,6.76005e-07,4.6953e-08,0.999998,9.23144e-07,0,0,1
28.1205,6.62006,0.436993,0,0.00520037,1.50659,0.00525896,-0.0232963,-0.00326992,-0.999723,0.0374329,0.4,0,0,flat,0,3.00598e-07,9.213e-09,0.999999,3.73386e-07,0,0,1
28.1405,6.62681,0.438472,0,0.00188377,1.50721,0.0024657,-0.0266129,-0.00405902,-0.999638,0.0383343,0.4,0,0,flat,0,2.25931e-07,7.58227e-09,1,2.54064e-07,0,0,1
28.1605,6.63308,0.43933,0,-0.000767898,1.5077,0.00204263,-0.0292645,-0.00436406,-0.999562,0.0394826,0.4,0,0,flat,0,2.49252e-07,1.27621e-08,1,2.63597e-07,0,0,1
28.1805,6.6395,0.439796,0,-0.00243123,1.50816,0.00308816,-0.0309279,-0.00436136,-0.999512,0.0404779,0.4,0,0,flat,0,1.83051e-07,1.96687e-08,1,1.75871e-07,0,0,1
28.2005,6.64612,0.439895,0,-0.00276499,1.50855,0.00304932,-0.0312616,-0.00371276,-0.999504,0.0421874,0.4,0,0,flat,0,7.96765e-08,2.31368e-08,1,7.24894e-08,0,0,1
28.2205,6.65229,0.439651,0,-0.00185663,1.50878,0.00192237,-0.0303533,-0.00298424,-0.999535,0.0446676,0.4,0,0,flat,0,3.07417e-08,2.02155e-08,1,2.61952e-08,0,0,1
28.2405,6.65945,0.439007,0,0.000248155,1.50886,0.000345267,-0.0282485,-0.00274959,-0.999597,0.0473937,0.4,0,0,flat,0,1.39309e-08,1.47743e-08,1,1.23653e-08,0,0,1
28.2605,6.6679,0.437807,0,0.00296709,1.5086,0.00325724,-0.0255295,-0.00377044,-0.999667,0.0486389,0.4,0,0,flat,0,8.75993e-09,1.52825e-08,1,8.76354e-09,0,0,1
28.2805,6.67603,0.436034,0,0.00547953,1.50772,0.00691398,-0.0230171,-0.00668926,-0.999713,0.0489859,0.4,0,0,flat,0,8.88604e-09,3.60004e-08,1,1.35189e-08,0,0,1
28.3005,6.68493,0.433979,0,0.00583278,1.50633,0.00759589,-0.0226638,-0.00732979,-0.999716,0.0558967,0.4,0,0,flat,0,1.22563e-08,9.08143e-08,1,3.67327e-08,0,0,1
28.3205,6.69382,0.432596,0,0.00490716,1.5056,0.00547006,-0.0235895,-4.9866e-05,-0.999722,0.0610357,0.4,0,0,flat,0,4.39125e-08,3.83353e-07,0.999999,2.16621e-07,0,0,1
28.3405,6.70098,0.431257,0,0.00673016,1.50589,0.00799353,-0.0217665,0.00185997,-0.999761,0.0578046,0.4,0,0,flat,0,2.25568e-08,8.19513e-07,0.999999,1.48334e-07,0,0,1
28.3605,6.7088,0.42977,0,0.00820579,1.50643,0.00834378,-0.0202908,-0.000972487,-0.999794,0.0510365,0.4,0,0,flat,0,7.90094e-09,1.6027e-07,1,3.60895e-08,0,0,1
28.3805,6.71668,0.428647,0,0.00801673,1.50703,0.00899024,-0.0204799,-0.00653831,-0.999769,0.0464776,0.4,0,0,flat,0,3.70349e-09,2.59561e-08,1,1.42223e-08,0,0,1
28.4005,6.72493,0.428034,0,0.00865093,1.50746,0.0118855,-0.0198457,-0.0106102,-0.999747,0.0460778,0.4,0,0,flat,0,2.18616e-09,1.09582e-08,1,1.00794e-08,0,0,1
28.4205,6.73125,0.428051,0,0.0115628,1.50751,0.0146445,-0.0169339,-0.0114429,-0.999791,0.0461601,0.4,0,0,flat,0,2.84463e-09,8.49228e-09,1,1.0744e-08,0,0,1
28.4405,6.73811,0.428488,0,0.0160909,1.50741,0.0178809,-0.0124057,-0.010254,-0.99987,0.045148,0.4,0,0,flat,0,4.50856e-09,1.10721e-08,1,1.43734e-08,0,0,1
28.4605,6.74495,0.429179,0,0.0208876,1.50733,0.0220029,-0.00760899,-0.00936398,-0.999927,0.0437294,0.4,0,0,flat,0,4.99249e-09,2.01233e-08,1,1.89961e-08,0,0,1
28.4805,6.75173,0.430018,0,0.0255175,1.50736,0.0264109,-0.00297917,-0.00926408,-0.999953,0.0424285,0.4,0,0,flat,0,5.27805e-09,7.27416e-08,1,3.03765e-08,0,0,1
28.5005,6.75833,0.431063,0,0.0299769,1.50743,0.0308384,0.00148024,-0.00968577,-0.999952,0.0408466,0.4,0,0,flat,0,5.95763e-09,4.19672e-07,0.999999,6.16643e-08,0,0,1
28.5205,6.76529,0.432603,0,0.0343891,1.50746,0.0351869,0.00589251,-0.00989258,-0.999934,0.0390521,0.4,0,0,flat,0,9.39885e-09,2.50692e-06,0.999997,1.66748e-07,0,0,1
28.5405,6.77129,0.434434,0,0.0388134,1.50748,0.0393766,0.0103168,-0.0090808,-0.999906,0.0382668,0.4,0,0,flat,0,1.927e-08,1.4325e-05,0.999985,5.77823e-07,0,0,1
28.5605,6.7771,0.436745,0,0.0430808,1.5075,0.0432059,0.0145842,-0.0056983,-0.999877,0.0386219,0.4,0,0,flat,0,3.86058e-08,7.24515e-05,0.999925,2.00482e-06,0,0,1
28.5805,6.78287,0.439538,0,0.045721,1.50742,0.0457594,0.0172244,-0.000694849,-0.999851,0.0385345,0.4,0,0,flat,0,5.95722e-08,0.000250477,0.999744,5.14903e-06,0,0,1
28.6005,6.78809,0.442557,0,0.0468559,1.50696,0.0477788,0.0183592,0.00685754,-0.999808,0.0381707,0.4,0,0,flat,0,6.40769e-08,0.000425155,0.999566,8.7466e-06,0,0,1
28.6205,6.79432,0.445745,0,0.0452139,1.5066,0.0466741,0.0167173,0.00910466,-0.999819,0.0395169,0.4,0,0,flat,0,8.48184e-08,0.000654299,0.999336,9.40807e-06,0,0,1
28.6405,6.80102,0.44849,0,0.0414831,1.5073,0.0425257,0.0129865,0.00687839,-0.999892,0.0445141,0.4,0,0,flat,0,1.37033e-07,0.000174937,0.999813,1.24345e-05,0,0,1
28.6605,6.80729,0.451659,0,0.040036,1.50826,0.0424247,0.0115394,0.0115659,-0.999867,0.0509739,0.4,0,0,flat,0,2.30066e-07,4.15936e-05,0.999952,6.37804e-06,0,0,1
28.6805,6.81438,0.455533,0,0.0380972,1.50926,0.0438443,0.00960059,0.0192343,-0.999769,0.0550753,0.4,0,0,flat,0,5.01696e-07,1.93825e-05,0.999975,4.75552e-06,0,0,1
28.7005,6.82097,0.458901,0,0.0353653,1.50989,0.0447128,0.00686865,0.0248909,-0.999667,0.0577197,0.4,0,0,flat,0,4.54867e-07,8.29805e-06,0.999988,3.30322e-06,0,0,1
28.7205,6.82696,0.461575,0,0.0333129,1.51019,0.0449004,0.00481628,0.0276378,-0.999606,0.0615892,0.4,0,0,flat,0,3.48795e-07,8.84161e-06,0.999988,2.84382e-06,0,0,1
28.7405,6.83366,0.464246,0,0.0309288,1.51034,0.0441478,0.00243213,0.0290381,-0.999575,0.0639078,0.4,0,0,flat,0,3.31276e-07,1.48782e-05,0.999982,3.21628e-06,0,0,1
28.7605,6.84111,0.466874,0,0.0282743,1.51041,0.043518,-0.000222323,0.0306149,-0.999531,0.0642227,0.4,0,0,flat,0,3.12475e-07,2.2181e-05,0.999975,2.89849e-06,0,0,1
28.7805,6.84714,0.468627,0,0.0271071,1.51039,0.0442086,-0.00138948,0.0324584,-0.999472,0.0655193,0.4,0,0,flat,0,2.23889e-07,1.97951e-05,0.999978,2.01194e-06,0,0,1
28.8005,6.85444,0.470103,0,0.0271403,1.5102,0.0456602,-0.00135629,0.0342525,-0.999412,0.0689545,0.4,0,0,flat,0,1.30251e-07,1.36948e-05,0.999985,1.26204e-06,0,0,1
28.8205,6.86096,0.470796,0,0.0286543,1.50974,0.0468589,0.000157679,0.0346102,-0.999401,0.0736455,0.4,0,0,flat,0,6.61552e-08,7.73483e-06,0.999992,6.41708e-07,0,0,1
28.8405,6.86673,0.470851,0,0.0303783,1.50907,0.0466076,0.00188169,0.0328822,-0.999457,0.0772062,0.4,0,0,flat,0,3.29786e-08,4.62582e-06,0.999995,3.55701e-07,0,0,1
28.8605,6.87329,0.470253,0,0.0313662,1.50824,0.0441762,0.00286956,0.0286425,-0.999586,0.0801081,0.4,0,0,flat,0,1.83573e-08,3.94525e-06,0.999996,2.66672e-07,0,0,1
28.8805,6.87995,0.469004,0,0.0316508,1.50738,0.0403,0.00315414,0.0224818,-0.999742,0.0813446,0.4,0,0,flat,0,1.2941e-08,4.73449e-06,0.999995,2.68813e-07,0,0,1
28.9005,6.88733,0.466988,0,0.0314857,1.50642,0.0358299,0.00298902,0.0146344,-0.999888,0.0832212,0.4,0,0,flat,0,1.69488e-08,1.22065e-05,0.999987,4.57042e-07,0,0,1
28.9205,6.89363,0.465439,0,0.0293492,1.50615,0.0328581,0.000852583,0.0123102,-0.999924,0.0916489,0.4,0,0,flat,0,3.78606e-08,4.49777e-05,0.999954,1.26819e-06,0,0,1
28.9405,6.90161,0.463481,0,0.0246604,1.50655,0.0277256,-0.00383626,0.0102054,-0.999941,0.102257,0.4,0,0,flat,0,2.80583e-08,5.45828e-05,0.999945,7.13506e-07,0,0,1
28.9605,6.90813,0.461693,0,0.0209543,1.50691,0.0220705,-0.00754232,0.00446446,-0.999962,0.108748,0.4,0,0,flat,0,1.30518e-08,3.01608e-05,0.99997,2.20884e-07,0,0,1
28.9805,6.91548,0.460046,0,0.0170045,1.50704,0.0170096,-0.0114921,-0.0022575,-0.999931,0.12014,0.4,0,0,flat,0,3.38228e-09,2.65802e-06,0.999997,2.32684e-08,0,0,1
29.0005,6.92383,0.459078,0,0.0142862,1.50697,0.0152232,-0.0142104,-0.00771757,-0.999869,0.129417,0.4,0,0,flat,0,6.11203e-10,2.0546e-07,1,1.82444e-09,0,0,1
29.0205,6.9313,0.458652,0,0.0146109,1.5069,0.0174353,-0.0138857,-0.0119729,-0.999832,0.1394,0.4,0,0,flat,0,1.79671e-10,8.30398e-08,1,4.71205e-10,0,0,1
29.0405,6.93871,0.45853,0,0.0178978,1.50707,0.0222347,-0.0105988,-0.0156483,-0.999821,0.147374,0.4,0,0,flat,0,1.24106e-10,6.46674e-08,1,4.73402e-10,0,0,1
29.0605,6.9457,0.458724,0,0.021253,1.5075,0.0275011,-0.00724359,-0.0199131,-0.999775,0.150202,0.4,0,0,flat,0,1.06075e-10,9.17683e-08,1,8.35446e-10,0,0,1
29.0805,6.95379,0.459169,0,0.0243992,1.50805,0.0335369,-0.00409743,-0.0254666,-0.999667,0.151444,0.4,0,0,flat,0,1.19891e-10,2.62087e-07,1,2.73856e-09,0,0,1
29.1005,6.96207,0.459827,0,0.0284763,1.50839,0.0417818,-2.03412e-05,-0.0330334,-0.999454,0.152138,0.4,0,0,flat,0,1.345e-10,6.27783e-07,0.999999,8.60501e-09,0,0,1
29.1205,6.97053,0.460861,0,0.0326802,1.50833,0.0487352,0.00418353,-0.0386072,-0.999246,0.152588,0.4,0,0,flat,0,1.44616e-10,7.33112e-07,0.999999,1.5804e-08,0,0,1
29.1405,6.98018,0.462624,0,0.0374515,1.50771,0.0538604,0.00895488,-0.041157,-0.999113,0.153934,0.4,0,0,flat,0,2.0312e-10,7.47941e-07,0.999999,2.58545e-08,0,0,1
29.1605,6.98845,0.464557,0,0.0425113,1.50675,0.0578617,0.0140147,-0.0416986,-0.999032,0.155346,0.4,0,0,flat,0,2.72159e-10,6.56429e-07,0.999999,3.61417e-08,0,0,1
29.1805,6.99895,0.467399,0,0.0483496,1.50473,0.0615777,0.019853,-0.0405745,-0.998979,0.156453,0.4,0,0,flat,0,3.67856e-10,9.41648e-07,0.999999,4.83276e-08,0,0,1
29.2005,7.00798,0.469888,0,0.0545188,1.50204,0.0643402,0.0260222,-0.036601,-0.998991,0.157116,0.4,0,0,flat,0,6.36619e-10,3.27051e-06,0.999997,8.73661e-08,0,0,1
29.2205,7.02043,0.472375,0,0.0563361,1.49797,0.0662989,0.0278395,-0.0373857,-0.998913,0.152699,0.4,0,0,flat,0,6.06591e-10,1.83184e-05,0.999982,1.62747e-07,0,0,1
29.2405,7.03132,0.474275,0,0.0568467,1.49429,0.0660248,0.0283501,-0.0360132,-0.998949,0.149148,0.4,0,0,flat,0,7.08026e-10,2.00607e-05,0.999979,4.79553e-07,0,0,1
29.2605,7.04309,0.476295,0,0.0601277,1.48969,0.0644782,0.031631,-0.0257103,-0.999169,0.147619,0.4,0,0,flat,0,1.61293e-09,2.61617e-05,0.999973,1.13121e-06,0,0,1
29.2805,7.05573,0.476581,0,0.0603671,1.48642,0.0661259,0.0318704,-0.0294168,-0.999059,0.145804,0.4,0,0,flat,0,2.74484e-08,0.000583175,0.999407,1.01154e-05,0,0,1
29.3005,7.06888,0.476931,0,0.0577019,1.48422,0.0634506,0.0292052,-0.0288227,-0.999158,0.144166,0.4,0,0,flat,0,2.25115e-07,0.0016252,0.99829,8.41244e-05,0,0,1
29.3205,7.08191,0.47727,0,0.0562914,1.48292,0.0591068,0.0277948,-0.0204559,-0.999404,0.142222,0.4,0,0,flat,0,9.03308e-07,0.00417884,0.99564,0.000180399,0,0,1
29.3405,7.09613,0.476971,0,0.0582777,1.48191,0.05913,0.029781,-0.0124119,-0.999479,0.139201,0.4,0,0,flat,0,1.308e-06,0.00404113,0.995763,0.000194394,0,0,1
29.3605,7.10778,0.47627,0,0.0624468,1.48103,0.0627178,0.0339502,-0.00816888,-0.99939,0.138275,0.4,0,0,flat,0,1.32095e-06,0.0060604,0.993762,0.000175844,0,0,1
29.3805,7.12229,0.475315,0,0.0681031,1.47965,0.0681341,0.0396065,-0.00398121,-0.999207,0.136558,0.4,0,0,flat,0,9.75741e-07,0.00661361,0.993286,9.99759e-05,0,0,1
29.4005,7.13592,0.474534,0,0.071812,1.47813,0.0718791,0.0433154,0.000207258,-0.999061,0.133005,0.4,0,0,flat,0,4.82013e-07,0.00343484,0.996533,3.16498e-05,0,0,1
29.4205,7.14838,0.473732,0,0.0749587,1.47662,0.075263,0.046462,0.0040561,-0.998912,0.12879,0.4,0,0,flat,0,2.2543e-07,0.00168312,0.998304,1.22106e-05,0,0,1
29.4405,7.16236,0.472435,0,0.0796687,1.47463,0.080316,0.0511721,0.007495,-0.998662,0.122668,0.4,0,0,flat,0,2.1282e-07,0.0016688,0.998321,9.57431e-06,0,0,1
29.4605,7.17675,0.470572,0,0.0852342,1.47195,0.0860542,0.0567376,0.00912936,-0.998347,0.112015,0.4,0,0,flat,0,3.18886e-07,0.0017242,0.998263,1.20959e-05,0,0,1
29.4805,7.19336,0.467718,0,0.0901715,1.46743,0.0910989,0.0616748,0.0101849,-0.998044,0.101166,0.4,0,0,flat,0,1.49075e-06,0.00508938,0.994862,4.68229e-05,0,0,1
29.5005,7.20901,0.463833,0,0.0910562,1.46034,0.0911258,0.0625596,-0.000352816,-0.998041,0.0953554,0.4,0,0,flat,0,3.45891e-05,0.118821,0.880328,0.000816389,0,0,1
29.5205,7.22408,0.459771,0,0.0829875,1.45044,0.0867607,0.0544908,-0.0276331,-0.998132,0.0908193,0.4,0,0,flat,0,0.000246908,0.164392,0.831921,0.00344067,0,0,1
29.5405,7.24204,0.455,0,0.0636375,1.43532,0.0899649,0.0351409,-0.0659657,-0.997203,0.0954078,0.4,0,0,flat,0,0.000219276,0.0481145,0.949768,0.00189842,0,0,1
29.5605,7.25898,0.454497,0,0.0414974,1.42158,0.0676473,0.0130008,-0.055855,-0.998354,0.0935303,0.4,0,0,flat,0,4.51077e-05,0.00971149,0.989873,0.0003702,0,0,1
29.5805,7.27336,0.456925,0,0.027336,1.41308,0.0341936,-0.00116061,-0.0229984,-0.999735,0.0714438,0.4,0,0,flat,0,9.47864e-06,0.0004173,0.999024,0.000548891,0,0,1
29.6005,7.28507,0.457713,0,0.0266525,1.4077,0.0302372,-0.00184415,-0.0167386,-0.999858,0.0644075,0.4,0,0,flat,0,1.19808e-05,0.000142425,0.999744,0.000101242,0,0,1
29.6205,7.29738,0.459368,0,0.0293314,1.40475,0.0321706,0.000834822,-0.0156706,-0.999877,0.0683143,0.4,0,0,flat,0,2.15883e-06,0.00155203,0.998247,0.000198846,0,0,1
29.6405,7.31023,0.461942,0,0.0244604,1.40332,0.0274121,-0.00403618,-0.0148311,-0.999882,0.0711907,0.4,0,0,flat,0,1.58601e-05,0.024381,0.974356,0.00124734,0,0,1
29.6605,7.32181,0.464703,0,0.0207535,1.40233,0.0242849,-0.00774311,-0.0150679,-0.999856,0.0718219,0.4,0,0,flat,0,3.56478e-05,0.15371,0.83972,0.00653376,0,0,1
29.6805,7.33416,0.467753,0,0.0201428,1.40131,0.0236583,-0.00835384,-0.0148688,-0.999855,0.0708382,0.4,0,0,flat,0,2.53084e-05,0.280628,0.709788,0.00955844,0,0,1
29.7005,7.34627,0.470648,0,0.0218026,1.40034,0.0248335,-0.00669402,-0.0143493,-0.999875,0.0697124,0.4,0,0,flat,0,1.16462e-05,0.628266,0.365056,0.00666646,0,0,1
29.7205,7.35945,0.473747,0,0.0251172,1.39907,0.0272879,-0.00337943,-0.0131233,-0.999908,0.0691274,0.4,0,0,flat,0,2.26058e-06,0.936662,0.0610292,0.00230696,0,0,1
29.7405,7.37122,0.476603,0,0.0295739,1.39747,0.0303159,0.00107723,-0.0091073,-0.999958,0.0697978,0.4,0,0,flat,0,5.90574e-07,0.979722,0.0192499,0.00102701,0,0,1
29.7605,7.38185,0.479206,0,0.0336716,1.39569,0.0336877,0.00517494,-0.00338804,-0.999981,0.0719342,0.4,0,0,flat,0,2.76693e-07,0.984438,0.0149885,0.000573722,0,0,1
29.7805,7.39396,0.481984,0,0.0373751,1.39316,0.0376126,0.00887846,0.00171758,-0.999959,0.0736883,0.4,0,0,flat,0,1.69484e-07,0.976276,0.0232647,0.000459353,0,0,1
29.8005,7.40639,0.48496,0,0.0394074,1.38914,0.0416331,0.0109108,0.0109603,-0.99988,0.0758228,0.4,0,0,slope_down,0,1.1531e-07,0.941815,0.057413,0.000771806,0,0.1,0.9
29.8205,7.42055,0.488716,0,0.0395063,1.38279,0.0496636,0.0110097,0.0276266,-0.999558,0.0827683,0.4,0,0,slope_down,0,1.99362e-07,0.875804,0.123469,0.000726643,0,0.2,0.8
29.8405,7.43293,0.492341,0,0.0366663,1.37647,0.0567334,0.0081697,0.0408198,-0.999133,0.0860994,0.4,0,0,slope_down,0,4.35741e-07,0.733078,0.265924,0.000997102,0,0.3,0.7
29.8605,7.44751,0.496522,0,0.0302622,1.36963,0.0579204,0.00176561,0.0469114,-0.998897,0.0785097,0.4,0,0,slope_down,0,4.05286e-07,0.499673,0.499426,0.000900711,0,0.4,0.6
29.8805,7.46265,0.501425,0,0.022895,1.36311,0.0595781,-0.00560158,0.0525238,-0.998604,0.0654409,0.4,0,0,slope_down,0,5.87716e-07,0.574564,0.424216,0.00121902,0,0.5,0.5
29.9005,7.47741,0.505007,0,0.0207678,1.35885,0.0528218,-0.00772878,0.046096,-0.998907,0.060794,0.4,0,0,slope_down,0,1.84538e-06,0.973596,0.0257534,0.000648577,0,0.6,0.4
29.9205,7.49112,0.508497,0,0.0261578,1.35631,0.0514493,-0.00233882,0.0418335,-0.999122,0.0588905,0.4,0,0,slope_down,0,3.06654e-06,0.993957,0.00530766,0.000732249,0,0.7,0.3
29.9405,7.50383,0.512485,0,0.0364175,1.35495,0.0601549,0.0079209,0.0454012,-0.998937,0.0535731,0.4,0,0,slope_down,0,8.39627e-06,0.995105,0.00395459,0.000932094,0,0.8,0.2
29.9605,7.5175,0.517196,0,0.0474235,1.35399,0.0735057,0.0189269,0.0536657,-0.99838,0.0455105,0.4,0,0,slope_down,0,2.80585e-05,0.991759,0.00601965,0.00219365,0,0.9,0.1
29.9805,7.52996,0.521829,0,0.0538684,1.35291,0.0842297,0.0253717,0.0622328,-0.997739,0.0352204,0.4,0,0,slope_down,0,4.78028e-05,0.989945,0.00640879,0.00359857,0,1,0
30.0005,7.54248,0.526575,0,0.0558749,1.35161,0.0901611,0.0273783,0.0682243,-0.997294,0.0232339,0.4,0,0,slope_down,0,2.94077e-05,0.991973,0.00285978,0.00513824,0,1,0
30.0205,7.55395,0.530499,0,0.0535877,1.35042,0.0893719,0.0250911,0.068989,-0.997302,0.00967856,0.4,0,0,slope_down,0,1.47633e-05,0.99307,0.000986679,0.00592844,0,1,0
30.0405,7.56683,0.534385,0,0.0481775,1.34894,0.0807495,0.0196808,0.0622921,-0.997864,-0.00279612,0.4,0,0,slope_down,0,6.69846e-06,0.993547,0.000432764,0.00601381,0,1,0
30.0605,7.57964,0.538116,0,0.0415383,1.34689,0.0685278,0.0130417,0.052016,-0.998561,-0.014173,0.4,0,0,slope_down,0,3.82057e-06,0.996504,0.000248593,0.00324397,0,1,0
30.0805,7.59349,0.542503,0,0.0342048,1.34358,0.0576324,0.00570821,0.0439103,-0.999019,-0.0248767,0.4,0,0,slope_down,0,2.93726e-06,0.998283,7.93253e-05,0.00163481,0,1,0
30.1005,7.60627,0.546682,0,0.0258029,1.33927,0.0473853,-0.00269375,0.0372781,-0.999301,-0.033885,0.4,0,0,slope_down,0,3.84835e-06,0.998072,1.63461e-05,0.00190811,0,1,0
30.1205,7.6184,0.550427,0,0.0149528,1.33422,0.0368795,-0.0135438,0.0312496,-0.99942,-0.0376855,0.4,0,0,slope_down,0,3.33155e-06,0.997538,1.50668e-06,0.00245677,0,1,0
30.1405,7.63274,0.554489,0,-0.000767829,1.3271,0.025785,-0.0292645,0.0233113,-0.9993,-0.036324,0.4,0,0,slope_down,0,1.78049e-06,0.99826,1.07415e-07,0.00173788,0,1,0
30.1605,7.64775,0.558745,0,-0.0168993,1.31807,0.0258566,-0.0453959,0.0170931,-0.998823,-0.0312574,0.4,0,0,slope_down,0,9.353e-07,0.998935,8.18518e-08,0.00106423,0,1,0
30.1805,7.66206,0.565239,0,-0.0260001,1.30922,0.0444238,-0.0544968,0.033519,-0.997951,-0.0273939,0.4,0,0,slope_down,0,3.85639e-07,0.999586,1.63901e-07,0.000413242,0,1,0
30.2005,7.67483,0.570724,0,-0.0254769,1.30313,0.062513,-0.0539736,0.0545573,-0.997051,-0.0284326,0.4,0,0,slope_down,0,2.00841e-05,0.989555,1.70306e-05,0.0104082,0,1,0
30.2205,7.6879,0.572822,0,-0.0200623,1.29906,0.0482433,-0.0485589,0.0413775,-0.997963,-0.0334846,0.4,0,0,slope_down,0,6.60885e-05,0.952437,0.000541025,0.0469562,0,1,0
30.2405,7.70023,0.573971,0,-0.0251876,1.29734,0.0316211,-0.0536842,0.0166211,-0.99842,-0.0372591,0.4,0,0,slope_down,0,1.60064e-06,0.999119,9.59115e-06,0.000869789,0,1,0
30.2605,7.71429,0.576746,0,-0.0341281,1.29579,0.0344073,-0.0626248,0.00161487,-0.998036,-0.0389632,0.4,0,0,slope_down,0,6.88918e-07,0.999882,3.29939e-06,0.000114331,0,1,0
30.2805,7.72768,0.58113,0,-0.0409974,1.29368,0.041065,-0.0694941,-0.00362943,-0.997576,-0.0404423,0.4,0,0,slope_down,0,6.14504e-07,0.999891,4.43376e-07,0.000108374,0,1,0
30.3005,7.74054,0.586525,0,-0.0462907,1.29087,0.0464089,-0.0747873,-0.00463979,-0.997189,-0.0387144,0.4,0,0,slope_down,0,1.90334e-07,0.999886,2.86372e-08,0.000113903,0,1,0
30.3205,7.75306,0.592755,0,-0.0507486,1.28742,0.050829,-0.0792452,-0.00282113,-0.996851,-0.0340058,0.4,0,0,slope_down,0,4.06763e-08,0.999941,4.13369e-09,5.94197e-05,0,1,0
30.3405,7.76526,0.599898,0,-0.0546114,1.28339,0.0551525,-0.083108,0.00455624,-0.99653,-0.031957,0.4,0,0,slope_down,0,1.3371e-08,0.999962,1.31774e-09,3.78959e-05,0,1,0
30.3605,7.77842,0.60854,0,-0.0586222,1.27807,0.0628689,-0.0871188,0.0199374,-0.995998,-0.0328207,0.4,0,0,slope_down,0,1.86402e-08,0.999936,1.86559e-09,6.42649e-05,0,1,0
30.3806,7.7904,0.616564,0,-0.0633168,1.2723,0.0732797,-0.0918135,0.0341326,-0.995191,-0.0357047,0.4,0,0,slope_down,0,4.85904e-08,0.999904,8.64213e-09,9.59533e-05,0,1,0
30.4006,7.80139,0.623883,0,-0.0690494,1.26622,0.0856168,-0.097546,0.0478145,-0.994082,-0.0385411,0.4,0,0,slope_down,0,1.37718e-07,0.999788,6.16112e-08,0.000211393,0,1,0
30.4206,7.81496,0.633104,0,-0.0757511,1.25729,0.103893,-0.104248,0.0681883,-0.992211,-0.042354,0.4,0,0,slope_down,0,2.98439e-07,0.999565,6.01881e-07,0.000434346,0,1,0
30.4406,7.82689,0.641232,0,-0.0784031,1.24782,0.118554,-0.1069,0.0859129,-0.990551,-0.0453144,0.4,0,0,slope_down,0,4.7328e-07,0.999349,3.57036e-06,0.00064707,0,1,0
30.4606,7.83696,0.646495,0,-0.0767156,1.24091,0.109571,-0.105212,0.075286,-0.991596,-0.0467867,0.4,0,0,slope_down,0,2.4198e-05,0.997085,6.36389e-06,0.00288412,0,1,0
30.4806,7.84545,0.651385,0,-0.0766893,1.23699,0.104704,-0.105186,0.0683597,-0.9921,-0.0566133,0.4,0,0,slope_down,0,1.96322e-05,0.99961,3.77141e-07,0.000369515,0,1,0
30.5006,7.85433,0.657391,0,-0.0768299,1.23367,0.106271,-0.105326,0.0704871,-0.991936,-0.0699262,0.4,0,0,slope_down,0,7.92691e-06,0.999933,2.14656e-07,5.87026e-05,0,1,0
30.5206,7.86261,0.66269,0,-0.0764158,1.23056,0.106948,-0.104912,0.0718918,-0.99188,-0.0850032,0.4,0,0,slope_down,0,5.03361e-06,0.999943,3.63232e-07,5.12921e-05,0,1,0
30.5406,7.87041,0.666651,0,-0.0764618,1.22773,0.104458,-0.104958,0.0682468,-0.992132,-0.0923657,0.4,0,0,slope_down,0,9.07764e-07,0.999987,1.24413e-07,1.2344e-05,0,1,0
30.5606,7.87814,0.669387,0,-0.078994,1.22558,0.10084,-0.107491,0.0597363,-0.99241,-0.0936684,0.4,0,0,slope_down,0,1.00917e-07,0.999996,2.45765e-08,3.97211e-06,0,1,0
30.5806,7.88584,0.671584,0,-0.0829127,1.224,0.10053,-0.111409,0.0538454,-0.992315,-0.0920457,0.4,0,0,slope_down,0,2.06205e-08,0.999996,6.5809e-09,4.08977e-06,0,1,0
30.6006,7.89324,0.673683,0,-0.0858331,1.22279,0.100799,-0.11433,0.0497885,-0.992194,-0.087963,0.4,0,0,slope_down,0,1.45412e-08,0.999994,6.66672e-09,5.7778e-06,0,1,0
30.6206,7.90113,0.676297,0,-0.0885529,1.22159,0.101417,-0.117049,0.0463052,-0.992046,-0.085652,0.4,0,0,slope_down,0,6.75899e-09,0.999996,3.12956e-09,3.69501e-06,0,1,0
30.6406,7.90815,0.678993,0,-0.0909937,1.22043,0.102942,-0.11949,0.0449463,-0.991817,-0.0841601,0.4,0,0,slope_down,0,2.15267e-09,0.999999,7.66477e-10,1.20147e-06,0,1,0
30.6606,7.91498,0.681865,0,-0.09332,1.21913,0.104806,-0.121817,0.0444535,-0.991557,-0.0822231,0.4,0,0,slope_down,0,1.47768e-09,0.999999,6.91572e-10,1.00792e-06,0,1,0
30.6806,7.92101,0.684515,0,-0.0955397,1.21788,0.106477,-0.124036,0.0436945,-0.991315,-0.0805037,0.4,0,0,slope_down,0,1.60444e-09,0.999999,1.02166e-09,1.32008e-06,0,1,0
30.7006,7.92832,0.687696,0,-0.0986585,1.21634,0.108112,-0.127155,0.0407844,-0.991044,-0.0792854,0.4,0,0,slope_down,0,2.14735e-09,0.999998,1.83839e-09,2.39671e-06,0,1,0
30.7206,7.93416,0.690151,0,-0.100758,1.21495,0.107733,-0.129255,0.0345449,-0.991009,-0.0792202,0.4,0,0,slope_down,0,3.70881e-09,0.999992,4.10871e-09,7.48074e-06,0,1,0
30.7406,7.94115,0.6932,0,-0.102442,1.21303,0.105889,-0.130938,0.0227635,-0.991129,-0.0806319,0.4,0,0,slope_down,0,6.56918e-09,0.999984,9.16318e-09,1.607e-05,0,1,0
30.7606,7.94649,0.696819,0,-0.102222,1.21212,0.105094,-0.130719,0.0202347,-0.991213,-0.0833,0.4,0,0,slope_down,0,7.31961e-09,0.999957,5.77954e-09,4.29922e-05,0,1,0
30.7806,7.95269,0.700839,0,-0.100702,1.21195,0.103742,-0.129198,0.0208833,-0.991399,-0.0840927,0.4,0,0,slope_down,0,5.70427e-09,0.999981,1.11363e-08,1.91828e-05,0,1,0
30.8006,7.95727,0.703913,0,-0.0971309,1.21209,0.100377,-0.125627,0.0214695,-0.991845,-0.0850593,0.4,0,0,slope_down,0,6.9812e-09,0.999982,5.24467e-08,1.78186e-05,0,1,0
30.8206,7.96216,0.706791,0,-0.0917878,1.21231,0.0942814,-0.120284,0.0177455,-0.992581,-0.0833185,0.4,0,0,slope_down,0,7.59776e-09,0.999986,3.07648e-08,1.36171e-05,0,1,0
30.8406,7.96739,0.709291,0,-0.0882447,1.21282,0.0891639,-0.116741,0.0083112,-0.993128,-0.0805228,0.4,0,0,slope_down,0,2.6218e-09,0.999995,1.05175e-08,5.37696e-06,0,1,0
30.8606,7.97344,0.712454,0,-0.0859663,1.21318,0.0862467,-0.114463,-8.01014e-05,-0.993428,-0.07734,0.4,0,0,slope_down,0,1.11769e-09,0.999994,9.34072e-09,5.54659e-06,0,1,0
30.8806,7.97846,0.715582,0,-0.0843618,1.21293,0.0845994,-0.112858,-0.00271464,-0.993607,-0.0734844,0.4,0,0,slope_down,0,1.21517e-09,0.999989,1.32177e-08,1.13964e-05,0,1,0
30.9006,7.9847,0.71993,0,-0.0826256,1.2118,0.0828511,-0.111122,-0.00268294,-0.993803,-0.0677925,0.4,0,0,slope_down,0,1.10213e-09,0.99999,1.11988e-08,1.00884e-05,0,1,0
30.9206,7.98983,0.723969,0,-0.0809703,1.20993,0.0812783,-0.109467,0.0014141,-0.993989,-0.0618185,0.4,0,0,slope_down,0,7.4731e-10,0.999997,8.34272e-09,3.4205e-06,0,1,0
30.9406,7.99621,0.729385,0,-0.0795727,1.20629,0.0808137,-0.108069,0.0103927,-0.994089,-0.0543176,0.4,0,0,slope_down,0,5.29181e-10,0.999999,6.35444e-09,1.3639e-06,0,1,0
30.9606,8.00167,0.734135,0,-0.0796337,1.20233,0.0828691,-0.10813,0.0196751,-0.993942,-0.0474306,0.4,0,0,slope_down,0,4.8544e-10,0.999999,6.8591e-09,7.19317e-07,0,1,0
30.9806,8.00871,0.740353,0,-0.0810277,1.19655,0.0875905,-0.109524,0.0301708,-0.993526,-0.0409997,0.4,0,0,slope_down,0,4.56996e-10,0.999999,1.50927e-08,5.85772e-07,0,1,0
31.0006,8.01445,0.745802,0,-0.0806853,1.19102,0.0909605,-0.109182,0.0389854,-0.993257,-0.0367007,0.4,0,0,slope_down,0,4.18293e-10,0.999999,3.43855e-08,6.53618e-07,0,1,0
31.0206,8.02116,0.752833,0,-0.0758648,1.18287,0.0946246,-0.104361,0.0536587,-0.993091,-0.0290122,0.4,0,0,slope_down,0,4.47418e-10,0.999999,7.22216e-08,8.56285e-07,0,1,0
31.0406,8.02652,0.758872,0,-0.0678539,1.17465,0.100055,-0.0963505,0.0707014,-0.992833,-0.0221687,0.4,0,0,slope_down,0,1.4663e-09,0.999998,3.64672e-07,1.87664e-06,0,1,0
31.0606,8.03256,0.765716,0,-0.0595037,1.16315,0.108869,-0.0880003,0.0883432,-0.992195,-0.0175043,0.4,0,0,slope_down,0,9.53721e-09,0.99999,3.99091e-06,5.51021e-06,0,1,0
31.0806,8.03898,0.772598,0,-0.0516701,1.14863,0.125112,-0.0801667,0.111036,-0.990578,-0.0119656,0.4,0,0,slope_down,0,4.29298e-08,0.999963,2.46672e-05,1.26538e-05,0,1,0
31.1006,8.04646,0.780123,0,-0.0451216,1.12943,0.145959,-0.0736182,0.135727,-0.988007,-0.0036868,0.4,0,0,slope_down,0,7.34855e-08,0.999962,2.12014e-05,1.62078e-05,0,1,0
31.1206,8.05324,0.787168,0,-0.0385497,1.10948,0.167652,-0.0670463,0.159831,-0.984865,0.00637873,0.4,0,0,slope_down,0,8.82027e-08,0.999959,1.63639e-05,2.4552e-05,0,1,0
31.1406,8.05962,0.794457,0,-0.0300484,1.08738,0.190879,-0.0585451,0.184826,-0.981026,0.0179757,0.4,0,0,slope_down,0,1.06316e-07,0.999956,1.40992e-05,2.9291e-05,0,1,0
31.1606,8.06605,0.801841,0,-0.0178367,1.0633,0.225567,-0.0463334,0.220489,-0.974288,0.0367598,0.4,0,0,slope_down,0,1.67076e-07,0.999954,1.95706e-05,2.66062e-05,0,1,0
31.1806,8.0717,0.808356,0,-0.00607244,1.03989,0.255951,-0.0345691,0.250687,-0.967451,0.0520221,0.4,0,0,slope_down,0,2.48668e-07,0.999977,4.45554e-06,1.84824e-05,0,1,0
31.2006,8.07831,0.816124,0,0.00861699,1.00825,0.291988,-0.0198796,0.285403,-0.958201,0.0651791,0.4,0,0,slope_down,0,9.40092e-07,0.999933,3.19327e-06,6.31011e-05,0,1,0
31.2206,8.08425,0.822262,0,0.0244449,0.977799,0.326657,-0.00405177,0.317724,-0.948175,0.0753373,0.4,0,0,slope_down,0,1.77277e-06,0.999883,1.78691e-06,0.000113292,0,1,0
31.2406,8.09055,0.827628,0,0.0309942,0.950669,0.347585,0.00249757,0.337048,-0.941484,0.0751734,0.4,0,0,slope_down,0,2.22084e-06,0.999966,3.18084e-07,3.1797e-05,0,1,0
31.2606,8.09659,0.835641,0,0.0498592,0.91813,0.385019,0.0213625,0.370238,-0.928691,0.086191,0.4,0,0,slope_down,0,7.34138e-06,0.999912,7.55746e-07,7.99854e-05,0,1,0
31.2806,8.10198,0.844239,0,0.0757048,0.883908,0.421976,0.0472082,0.400711,-0.914987,0.10445,0.4,0,0,slope_down,0,9.24649e-06,0.999608,9.94607e-07,0.000382116,0,1,0
31.3006,8.10883,0.853975,0,0.0956073,0.849591,0.457491,0.0671107,0.429643,-0.900502,0.122085,0.4,0,0,slope_down,0,5.97098e-06,0.999972,1.94654e-06,2.02931e-05,0,1,0
31.3206,8.11666,0.865404,0,0.121367,0.812403,0.498759,0.0928703,0.461396,-0.88232,0.136743,0.4,0,0,slope_down,0,6.43784e-05,0.999795,5.05918e-05,9.02076e-05,0,1,0
31.3406,8.12591,0.87265,0,0.132869,0.791242,0.50888,0.104373,0.467566,-0.877775,0.142244,0.4,0,0,slope_down,0,0.000580748,0.999225,7.72187e-06,0.000186087,0,1,0
31.3606,8.13971,0.882703,0,0.135136,0.76975,0.504199,0.106639,0.462659,-0.880099,0.150549,0.4,0,0,slope_down,0,2.95707e-06,0.999966,1.2068e-09,3.13154e-05,0,1,0
31.3806,8.14772,0.890881,0,0.166888,0.756784,0.506727,0.138392,0.454828,-0.879761,0.179478,0.4,0,0,slope_down,0,4.19344e-05,0.998854,2.18472e-08,0.00110419,0,1,0
31.4006,8.15796,0.902461,0,0.232597,0.747392,0.527954,0.204101,0.446663,-0.871111,0.239572,0.4,0,0,slope_down,0,0.00025814,0.999322,5.94396e-08,0.000419571,0,1,0
31.4206,8.16675,0.911956,0,0.297142,0.744042,0.537535,0.268645,0.417595,-0.868012,0.27038,0.4,0,0,slope_down,0,0.00160147,0.99823,4.29366e-07,0.000167798,0,1,0
31.4406,8.17399,0.923975,0,0.360287,0.743204,0.559103,0.331791,0.391015,-0.8585,0.253465,0.4,0,0,slope_down,0,0.000482462,0.999471,1.30863e-07,4.62193e-05,0,1,0
31.4606,8.18042,0.938841,0,0.395668,0.742044,0.577638,0.367172,0.378864,-0.849498,0.212989,0.4,0,0,slope_down,0,0.0004782,0.99949,3.21998e-07,3.12348e-05,0,1,0
31.4806,8.18748,0.961599,0,0.422423,0.737613,0.615044,0.393927,0.396361,-0.829289,0.159507,0.4,0,0,slope_down,0,0.0127264,0.987016,4.09617e-05,0.000216541,0,1,0
31.5006,8.19753,0.992386,0,0.436368,0.728645,0.674711,0.407872,0.450879,-0.793945,0.0954534,0.4,0,0,slope_down,0,0.219364,0.779495,2.64181e-05,0.00111462,0,1,0
31.5206,8.20709,1.0178,0,0.451521,0.718835,0.727604,0.423025,0.492869,-0.760349,0.0512673,0.4,0,0,slope_down,0,0.382105,0.614678,1.81482e-05,0.00319875,0,1,0
31.5406,8.21649,1.04469,0,0.47685,0.703961,0.80938,0.448353,0.550316,-0.704367,-6.2434e-05,0.4,0,0,slope_down,0,0.43699,0.540447,5.87654e-05,0.0225038,0,1,0
31.5606,8.22445,1.06998,0,0.51121,0.685135,0.932656,0.482714,0.627183,-0.611252,-0.0601317,0.4,0,0,slope_down,0,0.151132,0.683776,0.000446752,0.164645,0,1,0
31.5806,8.23324,1.09441,0,0.544833,0.664779,1.06426,0.516336,0.693985,-0.501778,-0.138055,0.4,0,0,slope_down,0,0.211282,0.628198,0.00154989,0.158969,0,1,0
31.6006,8.24472,1.1176,0,0.572618,0.64398,1.14747,0.544121,0.721478,-0.428255,-0.22061,0.4,0,0,slope_down,0,0.885817,0.0994594,6.781e-06,0.0147163,0,1,0
31.6206,8.24472,1.1176,0,0.572618,0.64398,1.14747,0.544121,0.721478,-0.428255,-0.22061,0.4,0,0,slope_down,0,0.885817,0.0994594,6.781e-06,0.0147163,0,1,0
