t,drift_x,drift_y,lean,dpitch,base_z,tilt_rad,gx,gy,gz,yaw_delta,cmd_vx,cmd_vy,cmd_yaw,meta_selected,meta_safety_hold,prob_slope_up,prob_slope_down,prob_flat,prob_NEUTRAL,weight_slope_up,weight_slope_down,weight_flat
0.0199988,0,0,0,0,0.7336,0,-0.0284347,-0.00262484,-0.999592,0,0.4,0,0,flat,0,8.61213e-15,1.754e-14,1,1.36378e-09,0,0,1
0.0399988,-2.89455e-06,-1.85252e-06,0,1.49161e-05,0.733602,0.000345267,-0.0284198,-0.00262599,-0.999593,-2.03513e-05,0.4,0,0,flat,0,1.10174e-14,2.05134e-14,1,1.02985e-09,0,0,1
0.0599988,-2.49594e-06,-2.75703e-06,0,3.26019e-05,0.733603,0,-0.0284021,-0.00262815,-0.999593,-4.57857e-05,0.4,0,0,flat,0,1.34231e-14,2.15634e-14,1,6.97079e-10,0,0,1
0.0799987,5.76861e-06,-3.0346e-06,0,4.92074e-05,0.733602,0,-0.0283855,-0.00263071,-0.999594,-6.59209e-05,0.4,0,0,flat,0,1.57708e-14,2.12501e-14,1,4.40164e-10,0,0,1
0.0999987,2.88486e-05,-3.09074e-06,0,7.72513e-05,0.7336,0,-0.0283575,-0.00263507,-0.999594,-8.91648e-05,0.4,0,0,flat,0,1.80821e-14,2.0471e-14,1,2.65334e-10,0,0,1
0.119999,7.27382e-05,-3.00093e-06,0,0.000118947,0.733595,0.000345267,-0.0283158,-0.00264033,-0.999596,-0.000108549,0.4,0,0,flat,0,2.02995e-14,1.97385e-14,1,1.54068e-10,0,0,1
0.139999,0.00014402,-2.7722e-06,0,0.000190206,0.733588,0,-0.0282445,-0.00264724,-0.999598,-0.0001265,0.4,0,0,flat,0,2.23074e-14,1.93812e-14,1,8.6789e-11,0,0,1
0.159999,0.000261068,-2.29737e-06,0,0.000316862,0.733579,0.000345267,-0.0281179,-0.00265672,-0.999601,-0.00014521,0.4,0,0,flat,0,2.40487e-14,1.99022e-14,1,4.85703e-11,0,0,1
0.179999,0.000391565,-1.34495e-06,0,0.000466498,0.73357,0.000488281,-0.0279682,-0.00266596,-0.999605,-0.000160147,0.4,0,0,flat,0,2.5536e-14,2.18615e-14,1,2.75677e-11,0,0,1
0.199999,0.000577297,7.21222e-07,0,0.000689397,0.733558,0.000690534,-0.0277453,-0.00267764,-0.999611,-0.000176702,0.4,0,0,flat,0,2.68212e-14,2.60834e-14,1,1.60997e-11,0,0,1
0.219999,0.000810297,4.06726e-06,0,0.00097747,0.733544,0.000976562,-0.0274573,-0.00269093,-0.999619,-0.000193615,0.4,0,0,flat,0,2.79742e-14,3.33642e-14,1,9.71758e-12,0,0,1
0.239999,0.000874618,5.52501e-05,0,0.00228378,0.733515,0.00231612,-0.0261509,-0.00239401,-0.999655,0.000878075,0.4,0,0,flat,0,2.24115e-14,3.41584e-14,1,4.6727e-12,0,0,1
0.259999,0.000378193,0.000989314,0,0.00616118,0.733317,0.00699114,-0.0222735,0.000674424,-0.999752,0.00353164,0.4,0,0,flat,0,3.4952e-13,1.36578e-12,1,6.15965e-12,0,0,1
0.279999,0.000300547,0.0022053,0,0.00750623,0.733227,0.00900349,-0.0209285,0.00233821,-0.999778,0.00386075,0.4,0,0,flat,0,3.8593e-13,2.53315e-12,1,1.79948e-11,0,0,1
0.299999,0.000266491,0.00357415,0,0.00833709,0.733259,0.0100366,-0.0200976,0.00295525,-0.999794,0.00431745,0.4,0,0,flat,0,1.41225e-13,4.43525e-12,1,2.24966e-11,0,0,1
0.319999,0.000120079,0.00503281,0,0.00931637,0.73338,0.0109293,-0.0191184,0.00308622,-0.999812,0.00611511,0.4,0,0,flat,0,1.36433e-13,2.86915e-11,1,2.57439e-11,0,0,1
0.339998,-8.2301e-05,0.00633835,0,0.0105643,0.733427,0.0124536,-0.0178705,0.00395925,-0.999832,0.00807565,0.4,0,0,flat,0,3.09392e-13,4.07115e-10,1,5.58926e-11,0,0,1
0.359998,-0.000414526,0.00805504,0,0.0124881,0.733271,0.0155717,-0.0159466,0.00667136,-0.999851,0.00959676,0.4,0,0,flat,0,8.48549e-13,5.86423e-09,1,1.51466e-10,0,0,1
0.379998,-0.000788467,0.0100659,0,0.0148363,0.73282,0.0198584,-0.0135985,0.0105698,-0.999852,0.0120715,0.4,0,0,flat,0,1.80889e-12,4.82835e-08,1,2.87255e-10,0,0,1
0.399998,-0.000844598,0.0116933,0,0.0153418,0.73301,0.0172048,-0.013093,0.00515184,-0.999901,0.0142918,0.4,0,0,flat,0,3.16719e-12,4.44445e-07,1,2.86511e-10,0,0,1
0.419998,-0.0004548,0.0136455,0,0.0140486,0.733567,0.0144106,-0.0143861,0.000567518,-0.999896,0.0147059,0.4,0,0,flat,0,3.738e-12,5.54505e-07,0.999999,2.48954e-10,0,0,1
0.439998,-4.72572e-05,0.0155148,0,0.0132583,0.734042,0.0138237,-0.0151764,0.00127497,-0.999884,0.0157004,0.4,0,0,flat,0,5.97575e-12,2.53989e-07,1,2.12937e-10,0,0,1
0.459998,0.000510061,0.017853,0,0.0122252,0.734548,0.0149905,-0.0162095,0.00604403,-0.99985,0.0161255,0.4,0,0,flat,0,3.54308e-11,2.25962e-07,1,3.9252e-10,0,0,1
0.479998,0.0011795,0.0201494,0,0.0106754,0.734993,0.0177941,-0.0177593,0.0116104,-0.999775,0.0166875,0.4,0,0,flat,0,1.13845e-10,2.32497e-07,1,6.44268e-10,0,0,1
0.499998,0.00222378,0.0223166,0,0.00802395,0.735345,0.0199184,-0.0204108,0.015604,-0.99967,0.0175149,0.4,0,0,flat,0,1.32328e-10,2.74322e-07,1,8.27119e-10,0,0,1
0.519998,0.00332255,0.0237051,0,0.00469337,0.735568,0.0217522,-0.0237413,0.0186132,-0.999545,0.0183193,0.4,0,0,flat,0,1.44669e-10,4.42757e-07,1,1.26532e-09,0,0,1
0.539998,0.004817,0.0249064,0,0.00145296,0.735821,0.0242112,-0.0269818,0.0215387,-0.999404,0.0180216,0.4,0,0,flat,0,2.70514e-10,1.12979e-06,0.999999,2.2961e-09,0,0,1
0.559998,0.00618672,0.0253757,0,-0.000414738,0.736003,0.0258474,-0.0288495,0.0232151,-0.999314,0.0174395,0.4,0,0,flat,0,5.2314e-10,2.84354e-06,0.999997,3.9156e-09,0,0,1
0.579998,0.007974,0.0252992,0,-0.00162521,0.736137,0.0265751,-0.0300599,0.0238982,-0.999262,0.0173107,0.4,0,0,flat,0,8.36213e-10,5.78126e-06,0.999994,4.80058e-09,0,0,1
0.599998,0.010072,0.0246475,0,-0.0017955,0.736153,0.0261682,-0.0302302,0.0234795,-0.999267,0.0176028,0.4,0,0,flat,0,9.02283e-10,6.37392e-06,0.999994,3.8258e-09,0,0,1
0.619998,0.012484,0.0234572,0,-0.000776727,0.736022,0.0246431,-0.0292114,0.0220037,-0.999331,0.0175652,0.4,0,0,flat,0,6.3478e-10,3.36372e-06,0.999997,2.25559e-09,0,0,1
0.639998,0.0153016,0.0217392,0,0.00128406,0.735752,0.0223737,-0.0271507,0.0197105,-0.999437,0.0164286,0.4,0,0,flat,0,3.77948e-10,1.35866e-06,0.999999,1.48726e-09,0,0,1
0.659998,0.0186585,0.0193891,0,0.00399598,0.735313,0.019632,-0.0244387,0.0165948,-0.999564,0.0144246,0.4,0,0,flat,0,2.10535e-10,6.59504e-07,0.999999,1.33339e-09,0,0,1
0.679998,0.0225926,0.0163227,0,0.00706034,0.734564,0.0160281,-0.0213744,0.0117631,-0.999702,0.0124972,0.4,0,0,flat,0,1.2195e-10,5.4322e-07,0.999999,1.59625e-09,0,0,1
0.699998,0.0269513,0.0126303,0,0.0106285,0.733368,0.0127656,-0.0178062,0.00443416,-0.999832,0.0108012,0.4,0,0,flat,0,1.48883e-10,1.36259e-06,0.999999,4.26312e-09,0,0,1
0.719998,0.0318604,0.00930714,0,0.0124198,0.732535,0.0142902,-0.016015,0.00443684,-0.999862,0.0136883,0.4,0,0,flat,0,8.77202e-10,7.61572e-06,0.999992,4.11836e-08,0,0,1
0.739998,0.0370316,0.00630471,0,0.0130817,0.731921,0.0180864,-0.015353,0.0098609,-0.999834,0.0183691,0.4,0,0,flat,0,2.94786e-09,3.46613e-05,0.999965,1.08727e-07,0,0,1
0.759998,0.0418111,0.00319645,0,0.014565,0.731605,0.0191182,-0.0138697,0.00975454,-0.999856,0.0191183,0.4,0,0,flat,0,5.40208e-09,5.10246e-05,0.999949,9.75696e-08,0,0,1
0.779998,0.046925,0.000492452,0,0.0134577,0.731691,0.0149506,-0.014977,0.00387243,-0.99988,0.0161979,0.4,0,0,flat,0,2.00282e-09,4.23334e-06,0.999996,1.77253e-08,0,0,1
0.799998,0.0523383,-0.00173279,0,0.0107847,0.732019,0.0108691,-0.01765,-0.00393293,-0.999837,0.013937,0.4,0,0,flat,0,1.34724e-09,8.2692e-07,0.999999,7.60356e-09,0,0,1
0.819998,0.057534,-0.00353968,0,0.0101984,0.732348,0.0125632,-0.0182363,-0.00995071,-0.999784,0.0139766,0.4,0,0,flat,0,1.57439e-09,4.75944e-07,1,5.06434e-09,0,0,1
0.839998,0.0630236,-0.00507167,0,0.0122426,0.732662,0.0168618,-0.0161922,-0.0142192,-0.999768,0.0143326,0.4,0,0,flat,0,1.95563e-09,2.71042e-07,1,3.96469e-09,0,0,1
0.859998,0.0681115,-0.00606921,0,0.0156447,0.732935,0.0221029,-0.01279,-0.0182368,-0.999752,0.0144078,0.4,0,0,flat,0,2.3911e-09,2.25303e-07,1,4.37584e-09,0,0,1
0.879998,0.0728471,-0.00663775,0,0.018344,0.733161,0.0260953,-0.0100907,-0.0211819,-0.999725,0.0143255,0.4,0,0,flat,0,2.45583e-09,1.87719e-07,1,6.23269e-09,0,0,1
0.899998,0.078232,-0.00683778,0,0.0209878,0.733396,0.0301127,-0.00744696,-0.0242148,-0.999679,0.0140066,0.4,0,0,flat,0,2.73814e-09,2.04853e-07,1,1.05348e-08,0,0,1
0.919998,0.0836996,-0.00653761,0,0.0233957,0.733577,0.033608,-0.00503898,-0.0267514,-0.999629,0.0130748,0.4,0,0,flat,0,3.71566e-09,2.84164e-07,1,1.96667e-08,0,0,1
0.939998,0.0897642,-0.00559616,0,0.0261622,0.733666,0.0364256,-0.00227255,-0.0279665,-0.999606,0.0120825,0.4,0,0,flat,0,6.20862e-09,4.84376e-07,1,4.44747e-08,0,0,1
0.959998,0.0952013,-0.00416777,0,0.0294811,0.73364,0.0378763,0.00104641,-0.0263992,-0.999651,0.0116839,0.4,0,0,flat,0,1.34916e-08,1.18498e-06,0.999999,1.25479e-07,0,0,1
0.979998,0.100482,-0.00231347,0,0.0332459,0.733511,0.0387662,0.00481116,-0.0225556,-0.999734,0.0112567,0.4,0,0,flat,0,3.19298e-08,4.51723e-06,0.999995,3.55533e-07,0,0,1
0.999998,0.105748,-4.17674e-05,0,0.0370027,0.733177,0.0385982,0.00856797,-0.0135927,-0.999871,0.0110477,0.4,0,0,flat,0,6.42761e-08,1.65092e-05,0.999983,8.41378e-07,0,0,1
1.02,0.111185,0.00240746,0,0.0380273,0.73261,0.0380867,0.00959255,-0.00466398,-0.999943,0.0118792,0.4,0,0,flat,0,8.66856e-08,1.52145e-05,0.999984,1.15893e-06,0,0,1
1.04,0.11658,0.00407768,0,0.0352464,0.732661,0.0352597,0.00681169,-0.00343133,-0.999971,0.0123788,0.4,0,0,flat,0,2.94079e-08,3.2668e-06,0.999996,3.589e-07,0,0,1
1.06,0.122566,0.00594961,0,0.0322557,0.733243,0.0322963,0.00382097,-0.00108962,-0.999992,0.0174059,0.4,0,0,flat,0,1.42494e-08,9.39935e-08,1,1.56847e-07,0,0,1
1.08,0.128111,0.00816477,0,0.0319357,0.733917,0.0330589,0.00350099,0.00590356,-0.999976,0.0218061,0.4,0,0,flat,0,3.15077e-08,6.15194e-08,1,1.37265e-07,0,0,1
1.1,0.134012,0.0106081,0,0.0307734,0.734584,0.0353963,0.00233865,0.0148574,-0.999887,0.0246233,0.4,0,0,flat,0,1.07526e-07,5.78089e-08,1,2.41005e-07,0,0,1
1.12,0.140249,0.0128852,0,0.0286269,0.735134,0.0381023,0.000192203,0.0225157,-0.999746,0.0273223,0.4,0,0,flat,0,1.83044e-07,1.11173e-07,0.999999,4.52062e-07,0,0,1
1.14,0.146595,0.0149025,0,0.0264615,0.735547,0.0408218,-0.00197326,0.0284551,-0.999593,0.0301512,0.4,0,0,flat,0,2.18914e-07,4.49831e-07,0.999999,7.08459e-07,0,0,1
1.16,0.153649,0.0169314,0,0.024206,0.735835,0.0439936,-0.00422869,0.0341049,-0.999409,0.0316353,0.4,0,0,flat,0,2.22304e-07,1.23938e-06,0.999998,8.13653e-07,0,0,1
1.18,0.160142,0.0185356,0,0.0225385,0.73593,0.0476376,-0.00589622,0.0393368,-0.999209,0.0325791,0.4,0,0,flat,0,1.71435e-07,1.63276e-06,0.999998,6.43197e-07,0,0,1
1.2,0.166715,0.0196999,0,0.0219144,0.735818,0.0514342,-0.00652034,0.0438965,-0.999015,0.0349634,0.4,0,0,flat,0,1.04584e-07,1.21526e-06,0.999998,3.80222e-07,0,0,1
1.22,0.172747,0.0202966,0,0.02221,0.735503,0.0551385,-0.00622468,0.0478291,-0.998836,0.0384051,0.4,0,0,flat,0,5.86748e-08,6.14432e-07,0.999999,2.03817e-07,0,0,1
1.24,0.179492,0.0204004,0,0.0239729,0.734894,0.0573825,-0.00446183,0.0494944,-0.998764,0.0412828,0.4,0,0,flat,0,3.49065e-08,2.83506e-07,1,1.15889e-07,0,0,1
1.26,0.186808,0.0197356,0,0.0279905,0.73398,0.0571273,-0.000444217,0.047162,-0.998887,0.0437894,0.4,0,0,flat,0,2.11025e-08,2.00952e-07,1,9.03113e-08,0,0,1
1.28,0.192887,0.0185598,0,0.0313434,0.733203,0.0545808,0.00290866,0.0420477,-0.999111,0.0459981,0.4,0,0,flat,0,1.47699e-08,2.63235e-07,1,1.0651e-07,0,0,1
1.3,0.199982,0.0167218,0,0.0329546,0.73231,0.0497691,0.00451991,0.0346623,-0.999389,0.0478833,0.4,0,0,flat,0,2.31371e-08,1.16023e-06,0.999999,2.58775e-07,0,0,1
1.32,0.207944,0.0142512,0,0.0325656,0.731179,0.0418702,0.00413093,0.0236865,-0.999711,0.0521629,0.4,0,0,flat,0,5.83874e-08,8.17179e-06,0.999991,1.08445e-06,0,0,1
1.34,0.214615,0.0131004,0,0.0296045,0.731098,0.0386091,0.00116977,0.0221548,-0.999754,0.0576689,0.4,0,0,flat,0,9.75398e-08,1.90991e-05,0.999979,2.06391e-06,0,0,1
1.36,0.221476,0.0121027,0,0.0276236,0.731844,0.0365139,-0.000811142,0.021251,-0.999774,0.0528041,0.4,0,0,flat,0,2.19956e-08,3.39793e-06,0.999996,4.73913e-07,0,0,1
1.38,0.228139,0.0110941,0,0.0262393,0.732493,0.0324106,-0.00219543,0.0163931,-0.999863,0.0447491,0.4,0,0,flat,0,6.72989e-09,5.11636e-07,0.999999,1.03249e-07,0,0,1
1.4,0.23513,0.0102982,0,0.0232002,0.732769,0.0262433,-0.00523448,0.00962953,-0.99994,0.0413156,0.4,0,0,flat,0,2.16616e-09,1.68714e-07,1,3.42034e-08,0,0,1
1.42,0.242099,0.00966132,0,0.0206883,0.732766,0.0214515,-0.00774638,0.00302337,-0.999965,0.0402388,0.4,0,0,flat,0,1.0555e-09,8.5483e-08,1,2.60499e-08,0,0,1
1.44,0.249607,0.00909644,0,0.0199317,0.732679,0.0199423,-0.00850298,-0.0029728,-0.999959,0.0388636,0.4,0,0,flat,0,9.22922e-10,6.01602e-08,1,2.11851e-08,0,0,1
1.46,0.25566,0.00868023,0,0.0206508,0.73266,0.0212055,-0.0077839,-0.00741517,-0.999942,0.0376616,0.4,0,0,flat,0,7.52675e-10,3.3409e-08,1,1.62126e-08,0,0,1
1.48,0.262383,0.00826222,0,0.0221232,0.732769,0.0241273,-0.00631148,-0.012245,-0.999905,0.0367619,0.4,0,0,flat,0,7.09622e-10,2.7506e-08,1,1.78635e-08,0,0,1
1.5,0.269142,0.00798874,0,0.0237352,0.732971,0.0277149,-0.00469947,-0.0169322,-0.999846,0.0359782,0.4,0,0,flat,0,8.19009e-10,3.65262e-08,1,2.74044e-08,0,0,1
1.52,0.275875,0.00802678,0,0.0263081,0.733156,0.0331184,-0.00212657,-0.0227388,-0.999739,0.0344307,0.4,0,0,flat,0,1.38264e-09,8.89052e-08,1,5.74175e-08,0,0,1
1.54,0.282473,0.00854256,0,0.0297892,0.733158,0.0380632,0.0013545,-0.0263136,-0.999653,0.0329064,0.4,0,0,flat,0,3.10114e-09,2.60782e-07,1,1.48252e-07,0,0,1
1.56,0.288307,0.00952173,0,0.0339974,0.732925,0.0420222,0.00556265,-0.027317,-0.999611,0.0313812,0.4,0,0,flat,0,9.52556e-09,1.11992e-06,0.999998,4.65344e-07,0,0,1
1.58,0.295272,0.0113102,0,0.0383213,0.732251,0.0446073,0.00988656,-0.0254491,-0.999627,0.0299558,0.4,0,0,flat,0,2.54183e-08,4.73201e-06,0.999994,1.3226e-06,0,0,1
1.6,0.301543,0.0135255,0,0.0414495,0.731224,0.0445752,0.0130148,-0.0190094,-0.999735,0.0287768,0.4,0,0,flat,0,4.06486e-08,1.23014e-05,0.999985,2.24369e-06,0,0,1
1.62,0.308196,0.015839,0,0.0408957,0.729863,0.0420208,0.012461,-0.0122665,-0.999847,0.0252283,0.4,0,0,flat,0,5.30151e-08,8.40405e-06,0.999989,2.15539e-06,0,0,1
1.64,0.315519,0.017056,0,0.0355294,0.72948,0.037766,0.00709465,-0.0154154,-0.999856,0.0229726,0.4,0,0,flat,0,3.49328e-08,3.62206e-06,0.999995,1.46187e-06,0,0,1
1.66,0.322993,0.0183094,0,0.0322983,0.730029,0.0343414,0.00386358,-0.014286,-0.999891,0.0314637,0.4,0,0,flat,0,2.37818e-08,1.96378e-07,0.999999,8.30402e-07,0,0,1
1.68,0.3289,0.0196335,0,0.0312549,0.730783,0.0317753,0.00282021,-0.00832087,-0.999961,0.0370226,0.4,0,0,flat,0,5.39188e-08,4.41587e-08,1,3.1983e-07,0,0,1
1.7,0.335878,0.0210872,0,0.0289559,0.731563,0.0289685,0.000521138,-0.00193427,-0.999998,0.0408481,0.4,0,0,flat,0,9.57183e-08,9.71535e-09,1,2.05378e-07,0,0,1
1.72,0.343728,0.0223363,0,0.0263922,0.732157,0.0268341,-0.00204249,0.00219856,-0.999995,0.0425049,0.4,0,0,flat,0,1.23295e-07,1.78389e-08,1,2.59924e-07,0,0,1
1.74,0.350867,0.0230677,0,0.0247573,0.732551,0.0258012,-0.0036774,0.00462039,-0.999983,0.0438065,0.4,0,0,flat,0,1.79689e-07,1.21192e-07,0.999999,4.39148e-07,0,0,1
1.76,0.357404,0.0234661,0,0.0232956,0.732885,0.0252099,-0.00513911,0.00699727,-0.999962,0.0449225,0.4,0,0,flat,0,2.30037e-07,4.90103e-07,0.999999,6.36054e-07,0,0,1
1.78,0.365505,0.0237081,0,0.0216908,0.733232,0.0253631,-0.0067439,0.0105134,-0.999922,0.0458277,0.4,0,0,flat,0,2.14111e-07,1.10062e-06,0.999998,5.94427e-07,0,0,1
1.8,0.372129,0.0236584,0,0.0212976,0.733366,0.0269228,-0.00713714,0.0138383,-0.999879,0.0479423,0.4,0,0,flat,0,1.32927e-07,1.45415e-06,0.999998,3.74606e-07,0,0,1
1.82,0.379433,0.0233283,0,0.0221836,0.733278,0.0294096,-0.00625114,0.0166817,-0.999841,0.0507278,0.4,0,0,flat,0,6.26137e-08,1.15451e-06,0.999999,1.66795e-07,0,0,1
1.84,0.386546,0.0226384,0,0.0248531,0.732788,0.031638,-0.00358166,0.0169457,-0.99985,0.0527102,0.4,0,0,flat,0,2.42633e-08,5.12825e-07,0.999999,5.64277e-08,0,0,1
1.86,0.394545,0.0211966,0,0.0273125,0.731921,0.0315626,-0.00112227,0.0131883,-0.999912,0.0548029,0.4,0,0,flat,0,9.24781e-09,1.8936e-07,1,2.14801e-08,0,0,1
1.88,0.40134,0.0194456,0,0.0278485,0.730781,0.0298542,-0.00058623,0.00811924,-0.999967,0.0555081,0.4,0,0,flat,0,6.1493e-09,1.40102e-07,1,1.64128e-08,0,0,1
1.9,0.410022,0.0169698,0,0.0262898,0.729164,0.0274056,-0.00214488,0.00510279,-0.999985,0.0595449,0.4,0,0,flat,0,1.09596e-08,3.31426e-07,1,3.38669e-08,0,0,1
1.92,0.417177,0.0154647,0,0.0231737,0.72885,0.0266513,-0.00526102,0.0105288,-0.999931,0.0623566,0.4,0,0,flat,0,1.10307e-08,2.09539e-07,1,5.17157e-08,0,0,1
1.94,0.424165,0.0135791,0,0.0238534,0.729316,0.0275963,-0.00458128,0.0112471,-0.999926,0.05784,0.4,0,0,flat,0,5.86561e-09,3.18501e-07,1,3.43203e-08,0,0,1
1.96,0.430971,0.0118745,0,0.0245223,0.729928,0.0269737,-0.00391241,0.00859976,-0.999955,0.0515083,0.4,0,0,flat,0,1.81595e-09,1.32047e-07,1,1.22299e-08,0,0,1
1.98,0.437942,0.0107773,0,0.0230421,0.730409,0.0240803,-0.00539261,0.00435663,-0.999976,0.0469615,0.4,0,0,flat,0,9.20809e-10,5.25157e-08,1,7.81883e-09,0,0,1
2,0.445276,0.0101835,0,0.021744,0.730603,0.02203,-0.00669071,0.000886875,-0.999977,0.0454694,0.4,0,0,flat,0,7.47515e-10,3.13344e-08,1,9.17112e-09,0,0,1
2.02,0.451036,0.0100888,0,0.0216987,0.730549,0.021807,-0.00673604,-0.000522652,-0.999977,0.0439538,0.4,0,0,flat,0,1.04437e-09,2.81043e-08,1,1.22083e-08,0,0,1
2.04,0.457279,0.0102185,0,0.0227481,0.730429,0.0228143,-0.00568662,-0.000965785,-0.999983,0.0423066,0.4,0,0,flat,0,1.14723e-09,2.58822e-08,1,1.28914e-08,0,0,1
2.06,0.463467,0.0104654,0,0.0245115,0.730412,0.0245316,-0.00392323,-0.00181146,-0.999991,0.0407353,0.4,0,0,flat,0,1.04073e-09,3.35869e-08,1,1.28893e-08,0,0,1
2.08,0.469612,0.010834,0,0.0267421,0.730559,0.0267584,-0.00169259,-0.00345865,-0.999993,0.0394571,0.4,0,0,flat,0,9.96205e-10,8.25131e-08,1,1.7525e-08,0,0,1
2.1,0.475683,0.011399,0,0.0293428,0.730807,0.0295027,0.000908064,-0.00565126,-0.999984,0.0385496,0.4,0,0,flat,0,1.27965e-09,3.00889e-07,1,3.37014e-08,0,0,1
2.12,0.481654,0.0123221,0,0.0322053,0.731075,0.0327309,0.00377062,-0.00844312,-0.999957,0.037305,0.4,0,0,flat,0,2.44393e-09,1.37253e-06,0.999998,9.49639e-08,0,0,1
2.14,0.487903,0.0139394,0,0.0363014,0.731219,0.0370713,0.00786666,-0.0101253,-0.999918,0.0360273,0.4,0,0,flat,0,6.73627e-09,7.37461e-06,0.999992,3.60127e-07,0,0,1
2.16,0.493402,0.0160139,0,0.0398757,0.731178,0.0404226,0.0114409,-0.00922379,-0.999892,0.03472,0.4,0,0,flat,0,2.21024e-08,4.22271e-05,0.999956,1.50744e-06,0,0,1
2.18,0.498291,0.0183289,0,0.0422275,0.730941,0.042336,0.0137928,-0.00558471,-0.999889,0.0342744,0.4,0,0,flat,0,4.44292e-08,0.000148486,0.999847,4.6433e-06,0,0,1
2.2,0.504411,0.0217904,0,0.0427722,0.729958,0.0431023,0.0143375,0.00266765,-0.999894,0.0327026,0.4,0,0,flat,0,5.57417e-08,0.000220321,0.999771,8.27999e-06,0,0,1
2.22,0.509813,0.0243846,0,0.039908,0.729097,0.0404742,0.0114733,0.00409648,-0.999926,0.0313946,0.4,0,0,flat,0,1.0111e-07,0.00017344,0.999815,1.19222e-05,0,0,1
2.24,0.51696,0.0268034,0,0.0333421,0.729323,0.0333784,0.00490742,-0.0011896,-0.999987,0.0340874,0.4,0,0,flat,0,1.87455e-07,9.7417e-05,0.999879,2.37963e-05,0,0,1
2.26,0.52297,0.0292426,0,0.0305008,0.730101,0.0307222,0.00206604,0.00101857,-0.999997,0.0404705,0.4,0,0,flat,0,1.77812e-07,8.21126e-06,0.999987,4.49222e-06,0,0,1
2.28,0.528408,0.0315547,0,0.0280224,0.730925,0.0293386,-0.000412326,0.00605009,-0.999982,0.0439092,0.4,0,0,flat,0,3.19221e-07,2.54282e-06,0.999994,2.79483e-06,0,0,1
2.3,0.534673,0.0338766,0,0.0254431,0.731675,0.0282665,-0.00299162,0.00967993,-0.999949,0.0467065,0.4,0,0,flat,0,2.64532e-07,8.65077e-07,0.999998,1.35442e-06,0,0,1
2.32,0.541117,0.0357633,0,0.0229401,0.732212,0.0266803,-0.00549463,0.0109934,-0.999924,0.0491496,0.4,0,0,flat,0,1.89779e-07,6.63256e-07,0.999998,8.853e-07,0,0,1
2.34,0.548382,0.0374344,0,0.0203062,0.732673,0.0247565,-0.00812855,0.011533,-0.9999,0.0508132,0.4,0,0,flat,0,1.93089e-07,1.1556e-06,0.999998,9.35256e-07,0,0,1
2.36,0.555116,0.0386039,0,0.0185341,0.733009,0.0238465,-0.0099006,0.012375,-0.999874,0.0523779,0.4,0,0,flat,0,2.02958e-07,1.92356e-06,0.999997,9.10513e-07,0,0,1
2.38,0.56125,0.0393387,0,0.0173928,0.73324,0.0239662,-0.0110419,0.0138571,-0.999843,0.0542853,0.4,0,0,flat,0,1.67455e-07,2.94272e-06,0.999996,7.32021e-07,0,0,1
2.4,0.568115,0.0397207,0,0.0175897,0.733313,0.0256761,-0.010845,0.0160782,-0.999812,0.0587928,0.4,0,0,flat,0,9.83971e-08,3.46652e-06,0.999996,4.56108e-07,0,0,1
2.42,0.575174,0.0397202,0,0.0185634,0.733129,0.0275033,-0.00987134,0.0176636,-0.999795,0.0631796,0.4,0,0,flat,0,5.03983e-08,2.68321e-06,0.999997,2.22418e-07,0,0,1
2.44,0.582383,0.0393931,0,0.020544,0.732664,0.0289747,-0.00789071,0.0178018,-0.99981,0.0650286,0.4,0,0,flat,0,2.42858e-08,1.52764e-06,0.999998,1.02065e-07,0,0,1
2.46,0.5896,0.0384868,0,0.0237387,0.731853,0.0296217,-0.00469599,0.0150877,-0.999875,0.0654613,0.4,0,0,flat,0,1.14405e-08,1.03067e-06,0.999999,5.50255e-08,0,0,1
2.48,0.596978,0.0366438,0,0.0264289,0.730565,0.0282918,-0.00200577,0.00745782,-0.99997,0.0663252,0.4,0,0,flat,0,7.04979e-09,9.96698e-07,0.999999,5.41969e-08,0,0,1
2.5,0.604821,0.0345493,0,0.0257324,0.729077,0.0264762,-0.00270229,0.00358999,-0.99999,0.0715781,0.4,0,0,flat,0,1.22948e-08,2.55631e-06,0.999997,1.15811e-07,0,0,1
2.52,0.612795,0.0331244,0,0.0224848,0.728742,0.0253631,-0.00594991,0.00910225,-0.999941,0.0756541,0.4,0,0,flat,0,1.62765e-08,2.10396e-06,0.999998,1.99133e-07,0,0,1
2.54,0.61999,0.0315335,0,0.0220007,0.729389,0.0251365,-0.00643405,0.00952239,-0.999934,0.0667371,0.4,0,0,flat,0,8.26567e-09,2.56476e-06,0.999997,1.29166e-07,0,0,1
2.56,0.625981,0.0298909,0,0.0229844,0.730125,0.0248862,-0.00545036,0.00690447,-0.999961,0.0625028,0.4,0,0,flat,0,3.19839e-09,1.24969e-06,0.999999,4.54628e-08,0,0,1
2.58,0.634109,0.0284352,0,0.021818,0.73086,0.0222642,-0.00661676,0.00179111,-0.999977,0.0602048,0.4,0,0,flat,0,1.64e-09,4.13875e-07,1,2.77872e-08,0,0,1
2.6,0.64089,0.0279189,0,0.0197685,0.731112,0.0197802,-0.00866624,-0.00211828,-0.99996,0.0580097,0.4,0,0,flat,0,9.08078e-10,1.23883e-07,1,1.80273e-08,0,0,1
2.62,0.646651,0.0278638,0,0.0192076,0.731082,0.0192549,-0.00922707,-0.00388737,-0.99995,0.0561142,0.4,0,0,flat,0,9.83882e-10,8.39921e-08,1,1.83949e-08,0,0,1
2.64,0.653515,0.0280863,0,0.019998,0.730947,0.0200704,-0.00843669,-0.00427364,-0.999955,0.0541585,0.4,0,0,flat,0,1.11073e-09,6.42324e-08,1,1.79362e-08,0,0,1
2.66,0.65912,0.0284209,0,0.0215103,0.730884,0.0216203,-0.00692437,-0.00473995,-0.999965,0.0521582,0.4,0,0,flat,0,9.86543e-10,6.49225e-08,1,1.58252e-08,0,0,1
2.68,0.665332,0.0289403,0,0.0235227,0.730923,0.0237262,-0.00491205,-0.00568675,-0.999972,0.050427,0.4,0,0,flat,0,9.56031e-10,1.39719e-07,1,1.95602e-08,0,0,1
2.7,0.671508,0.029652,0,0.0258873,0.731052,0.0263091,-0.00254741,-0.00729664,-0.99997,0.0489313,0.4,0,0,flat,0,1.16483e-09,4.63498e-07,1,3.367e-08,0,0,1
2.72,0.677713,0.0307059,0,0.0281263,0.731179,0.0290384,-0.000308459,-0.00982748,-0.999952,0.0467847,0.4,0,0,flat,0,2.16189e-09,2.16887e-06,0.999998,7.94707e-08,0,0,1
2.74,0.68378,0.0322122,0,0.0308934,0.731229,0.0321946,0.00245868,-0.011667,-0.999929,0.046152,0.4,0,0,flat,0,4.70192e-09,8.15811e-06,0.999992,2.42518e-07,0,0,1
2.76,0.689514,0.0343044,0,0.0347954,0.731081,0.0359031,0.00636069,-0.0114582,-0.999914,0.0449168,0.4,0,0,flat,0,1.54849e-08,3.82041e-05,0.999961,9.97422e-07,0,0,1
2.78,0.695031,0.0369296,0,0.0387129,0.730703,0.0390863,0.0102782,-0.00798301,-0.999915,0.0439238,0.4,0,0,flat,0,3.94207e-08,0.000149921,0.999846,3.92496e-06,0,0,1
2.8,0.700613,0.0401488,0,0.0407826,0.729736,0.0408466,0.0123479,-0.000415778,-0.999924,0.042913,0.4,0,0,flat,0,5.55237e-08,0.000285953,0.999705,9.3283e-06,0,0,1
2.82,0.706709,0.0431533,0,0.0384771,0.728729,0.0387108,0.0100424,0.00156759,-0.999948,0.0418413,0.4,0,0,flat,0,9.76692e-08,0.000171831,0.999815,1.27911e-05,0,0,1
2.84,0.713401,0.0455055,0,0.0324391,0.728922,0.0324657,0.00400433,-0.00383407,-0.999985,0.043047,0.4,0,0,flat,0,1.40256e-07,6.76272e-05,0.999912,1.99104e-05,0,0,1
2.86,0.719467,0.0481494,0,0.0297554,0.729699,0.0297843,0.00132068,-0.00142294,-0.999998,0.0489232,0.4,0,0,flat,0,1.35026e-07,6.92285e-06,0.999988,5.40339e-06,0,0,1
2.88,0.726277,0.0511466,0,0.0272774,0.7308,0.0284515,-0.00115736,0.00544816,-0.999985,0.0542049,0.4,0,0,flat,0,2.52233e-07,2.09771e-06,0.999995,2.75615e-06,0,0,1
2.9,0.732757,0.0535405,0,0.0250544,0.731618,0.0278522,-0.00338031,0.00953463,-0.999949,0.0580447,0.4,0,0,flat,0,1.83845e-07,5.46818e-07,0.999998,1.43168e-06,0,0,1
2.92,0.739356,0.0555275,0,0.0226829,0.732184,0.0266803,-0.00575177,0.0114148,-0.999918,0.0608196,0.4,0,0,flat,0,1.56681e-07,7.40749e-07,0.999998,1.08955e-06,0,0,1
2.94,0.746086,0.0571533,0,0.0209682,0.732593,0.0257735,-0.00746652,0.0123606,-0.999896,0.0628939,0.4,0,0,flat,0,1.60169e-07,1.33159e-06,0.999997,9.95025e-07,0,0,1
2.96,0.752285,0.0583223,0,0.0191128,0.732895,0.0250081,-0.00932192,0.0135005,-0.999865,0.0647149,0.4,0,0,flat,0,1.68929e-07,2.72022e-06,0.999996,1.00031e-06,0,0,1
2.98,0.759254,0.0592992,0,0.0178623,0.733141,0.0252784,-0.0105724,0.0152595,-0.999828,0.0663942,0.4,0,0,flat,0,1.45478e-07,4.03604e-06,0.999995,8.08526e-07,0,0,1
3,0.766302,0.0598514,0,0.0177259,0.733241,0.0268895,-0.0107088,0.01759,-0.999788,0.0697658,0.4,0,0,flat,0,9.18866e-08,4.14762e-06,0.999995,5.01134e-07,0,0,1
3.02,0.773426,0.0600191,0,0.0189141,0.733117,0.0290199,-0.00952063,0.0193808,-0.999767,0.0732728,0.4,0,0,flat,0,4.56177e-08,3.09998e-06,0.999997,2.50281e-07,0,0,1
3.04,0.78055,0.0598014,0,0.0216816,0.732665,0.030985,-0.00675312,0.0195082,-0.999787,0.0753814,0.4,0,0,flat,0,2.07317e-08,1.89792e-06,0.999998,1.16643e-07,0,0,1
3.06,0.788405,0.0588224,0,0.0256856,0.731672,0.0316813,-0.00274915,0.015918,-0.99987,0.0771264,0.4,0,0,flat,0,9.47726e-09,1.23654e-06,0.999999,6.32451e-08,0,0,1
3.08,0.795019,0.0572704,0,0.0280639,0.730446,0.0303886,-0.000370844,0.00902209,-0.999959,0.0782019,0.4,0,0,flat,0,6.91131e-09,1.32046e-06,0.999999,6.40628e-08,0,0,1
3.1,0.8029,0.0553987,0,0.0270685,0.729099,0.0283717,-0.0013662,0.00586433,-0.999982,0.0849255,0.4,0,0,flat,0,1.23143e-08,3.28431e-06,0.999997,1.38894e-07,0,0,1
3.12,0.810966,0.0540561,0,0.023671,0.728839,0.0271609,-0.0047637,0.0106819,-0.999932,0.0898969,0.4,0,0,flat,0,1.52608e-08,3.29539e-06,0.999996,2.2121e-07,0,0,1
3.14,0.818017,0.0524432,0,0.0243192,0.729449,0.0276503,-0.00411556,0.0105209,-0.999936,0.0832501,0.4,0,0,flat,0,7.93919e-09,3.68553e-06,0.999996,1.55849e-07,0,0,1
3.16,0.823956,0.0509114,0,0.0260426,0.730136,0.0280357,-0.00239209,0.00774046,-0.999967,0.078875,0.4,0,0,flat,0,3.64238e-09,1.66901e-06,0.999998,5.84184e-08,0,0,1
3.18,0.832333,0.0496673,0,0.0244009,0.730839,0.0251222,-0.00403385,0.00333281,-0.999986,0.074532,0.4,0,0,flat,0,1.77465e-09,4.22209e-07,1,2.93982e-08,0,0,1
3.2,0.83846,0.0492411,0,0.0223564,0.731055,0.0224375,-0.00607833,-0.000785055,-0.999981,0.0720488,0.4,0,0,flat,0,9.61264e-10,1.5391e-07,1,2.24509e-08,0,0,1
3.22,0.845568,0.0491655,0,0.0216855,0.73102,0.0216946,-0.00674924,-0.003032,-0.999973,0.0701786,0.4,0,0,flat,0,1.12259e-09,1.29263e-07,1,2.53822e-08,0,0,1
3.24,0.851214,0.0493197,0,0.0223399,0.73093,0.0223683,-0.00609485,-0.00365142,-0.999975,0.0688873,0.4,0,0,flat,0,1.14443e-09,9.23765e-08,1,2.13798e-08,0,0,1
3.26,0.857473,0.0496454,0,0.0237142,0.730921,0.0238365,-0.00472047,-0.00497728,-0.999976,0.0663475,0.4,0,0,flat,0,1.05865e-09,1.11063e-07,1,1.96524e-08,0,0,1
3.28,0.863706,0.050135,0,0.0255991,0.730998,0.0258957,-0.00283566,-0.00650432,-0.999975,0.064407,0.4,0,0,flat,0,9.87601e-10,1.93725e-07,1,2.27112e-08,0,0,1
3.3,0.869864,0.0508144,0,0.0279672,0.731168,0.0285769,-0.000467476,-0.0084693,-0.999964,0.0635745,0.4,0,0,flat,0,1.26173e-09,5.56518e-07,0.999999,3.94016e-08,0,0,1
3.32,0.875916,0.0518371,0,0.0307642,0.731353,0.0319026,0.00232951,-0.0110514,-0.999936,0.0624695,0.4,0,0,flat,0,2.12614e-09,1.67753e-06,0.999998,9.16789e-08,0,0,1
3.34,0.881778,0.0533699,0,0.0342094,0.731423,0.0357483,0.00577467,-0.0129884,-0.999899,0.0607273,0.4,0,0,flat,0,5.38249e-09,6.64753e-06,0.999993,2.84798e-07,0,0,1
3.36,0.886812,0.0552289,0,0.0382497,0.731312,0.0395307,0.00981503,-0.0125885,-0.999873,0.0591102,0.4,0,0,flat,0,1.66769e-08,3.01581e-05,0.999969,1.12921e-06,0,0,1
3.38,0.892787,0.0580799,0,0.041782,0.7309,0.0422543,0.0133473,-0.00890142,-0.999871,0.0583043,0.4,0,0,flat,0,4.09555e-08,0.000126293,0.99987,3.86068e-06,0,0,1
3.4,0.898349,0.0612907,0,0.0429919,0.729952,0.0430081,0.0145572,-0.00161007,-0.999893,0.0567756,0.4,0,0,flat,0,5.47721e-08,0.00020777,0.999784,8.17762e-06,0,0,1
3.42,0.904408,0.0643284,0,0.0401095,0.728984,0.0402896,0.0116747,0.00113518,-0.999931,0.0555355,0.4,0,0,flat,0,7.85288e-08,0.00021844,0.999771,1.09041e-05,0,0,1
3.44,0.911603,0.0668343,0,0.0340845,0.729346,0.0340958,0.00564975,-0.00329922,-0.999979,0.059674,0.4,0,0,flat,0,1.41632e-07,5.74796e-05,0.999925,1.74353e-05,0,0,1
3.46,0.916845,0.0692323,0,0.0325378,0.730117,0.032583,0.00410313,-0.000980797,-0.999991,0.0640186,0.4,0,0,flat,0,1.29045e-07,5.60817e-06,0.999989,5.16463e-06,0,0,1
3.48,0.92285,0.0720914,0,0.0305924,0.731125,0.0318371,0.00215767,0.00617141,-0.999979,0.0689207,0.4,0,0,flat,0,2.8472e-07,2.41233e-06,0.999994,2.87339e-06,0,0,1
3.5,0.929211,0.0746834,0,0.0283057,0.731961,0.0310906,-0.00012906,0.010222,-0.999948,0.0722101,0.4,0,0,flat,0,2.08408e-07,5.867e-07,0.999998,1.46682e-06,0,0,1
3.52,0.936369,0.0770409,0,0.0255771,0.732596,0.0295653,-0.00285766,0.0121972,-0.999922,0.0749055,0.4,0,0,flat,0,1.73384e-07,8.22467e-07,0.999998,1.26642e-06,0,0,1
3.54,0.942982,0.0788155,0,0.0233819,0.733021,0.0285247,-0.00505277,0.0137115,-0.999893,0.0772418,0.4,0,0,flat,0,1.80087e-07,1.53956e-06,0.999997,1.26337e-06,0,0,1
3.56,0.949033,0.0801289,0,0.0216646,0.733319,0.0281968,-0.00677016,0.0154189,-0.999858,0.0793809,0.4,0,0,flat,0,1.9228e-07,2.9632e-06,0.999996,1.32026e-06,0,0,1
3.58,0.955845,0.0812486,0,0.020334,0.733516,0.0285957,-0.00810074,0.0174782,-0.999814,0.081783,0.4,0,0,flat,0,1.60381e-07,4.61982e-06,0.999994,1.04463e-06,0,0,1
3.6,0.963472,0.0820389,0,0.0198648,0.733513,0.0300195,-0.00856987,0.0198811,-0.999766,0.0852318,0.4,0,0,flat,0,9.84948e-08,4.32444e-06,0.999995,5.943e-07,0,0,1
3.62,0.970497,0.0823828,0,0.0207214,0.733269,0.0317734,-0.00771328,0.0214605,-0.99974,0.0881809,0.4,0,0,flat,0,4.77914e-08,2.98333e-06,0.999997,2.78617e-07,0,0,1
3.64,0.976776,0.0823418,0,0.022771,0.732788,0.0331723,-0.00566371,0.0214926,-0.999753,0.0898262,0.4,0,0,flat,0,2.14864e-08,1.80264e-06,0.999998,1.27741e-07,0,0,1
3.66,0.9838,0.081673,0,0.0263044,0.731907,0.0336381,-0.00213027,0.0183387,-0.99983,0.0918665,0.4,0,0,flat,0,9.75471e-09,1.15014e-06,0.999999,6.99498e-08,0,0,1
3.68,0.991778,0.0800062,0,0.0284588,0.730409,0.0316682,2.41197e-05,0.0112543,-0.999937,0.0931657,0.4,0,0,flat,0,6.3078e-09,1.18255e-06,0.999999,6.35831e-08,0,0,1
3.7,0.998763,0.0785,0,0.0271887,0.729189,0.0290527,-0.00124606,0.00760265,-0.99997,0.0991735,0.4,0,0,flat,0,1.08454e-08,2.95559e-06,0.999997,1.30906e-07,0,0,1
3.72,1.00673,0.0773244,0,0.0236058,0.728898,0.0280016,-0.00482895,0.012432,-0.999911,0.105347,0.4,0,0,flat,0,1.21481e-08,2.96776e-06,0.999997,1.90944e-07,0,0,1
3.74,1.01364,0.0757767,0,0.0245767,0.729474,0.0290753,-0.00385801,0.0129064,-0.999909,0.101275,0.4,0,0,flat,0,7.55194e-09,2.60247e-06,0.999997,1.65897e-07,0,0,1
3.76,1.02004,0.0741425,0,0.0271949,0.730226,0.0299778,-0.0012398,0.00997611,-0.999949,0.0968941,0.4,0,0,flat,0,4.05524e-09,1.83797e-06,0.999998,6.60404e-08,0,0,1
3.78,1.02687,0.0731938,0,0.026075,0.730777,0.027605,-0.00235972,0.00642363,-0.999977,0.0933197,0.4,0,0,flat,0,1.91727e-09,4.86453e-07,1,3.32029e-08,0,0,1
3.8,1.03384,0.0727645,0,0.0228979,0.731002,0.0232798,-0.00553683,0.0015472,-0.999983,0.0890344,0.4,0,0,flat,0,1.17345e-09,2.04811e-07,1,3.01305e-08,0,0,1
3.82,1.04098,0.0726653,0,0.021416,0.730876,0.0214654,-0.00701874,-0.00126793,-0.999975,0.0865487,0.4,0,0,flat,0,1.2289e-09,1.96766e-07,1,3.50029e-08,0,0,1
3.84,1.04651,0.0727322,0,0.0221836,0.730685,0.0222052,-0.00625116,-0.00179896,-0.999979,0.0857785,0.4,0,0,flat,0,1.33175e-09,1.49452e-07,1,2.89234e-08,0,0,1
3.86,1.05263,0.0728935,0,0.024076,0.730624,0.0240803,-0.00435875,-0.00251363,-0.999987,0.0847525,0.4,0,0,flat,0,1.2071e-09,1.36664e-07,1,2.19698e-08,0,0,1
3.88,1.05882,0.0732084,0,0.0262435,0.730778,0.0263091,-0.00219125,-0.00439935,-0.999988,0.0831076,0.4,0,0,flat,0,1.08737e-09,2.12077e-07,1,2.30906e-08,0,0,1
3.9,1.06496,0.0737149,0,0.0287219,0.73108,0.0290814,0.000287145,-0.00715762,-0.999974,0.0820621,0.4,0,0,flat,0,1.26718e-09,5.94379e-07,0.999999,3.82371e-08,0,0,1
3.92,1.07093,0.0746206,0,0.0317187,0.731354,0.0326506,0.00328393,-0.0103514,-0.999941,0.0801279,0.4,0,0,flat,0,2.1259e-09,1.95415e-06,0.999998,9.11047e-08,0,0,1
3.94,1.07672,0.0760794,0,0.0351806,0.731443,0.0365645,0.00674592,-0.0125721,-0.999898,0.0778144,0.4,0,0,flat,0,6.02027e-09,8.63548e-06,0.999991,3.06438e-07,0,0,1
3.96,1.08288,0.078358,0,0.0389744,0.731301,0.0401726,0.0105396,-0.0123467,-0.999868,0.0756485,0.4,0,0,flat,0,2.0892e-08,4.4873e-05,0.999954,1.3117e-06,0,0,1
3.98,1.08775,0.0807091,0,0.0416134,0.730953,0.0420804,0.0131787,-0.00883983,-0.999874,0.0749714,0.4,0,0,flat,0,4.86367e-08,0.000160127,0.999835,4.93584e-06,0,0,1
4,1.09325,0.0838836,0,0.0425771,0.730012,0.0425972,0.0141423,-0.00149151,-0.999899,0.073574,0.4,0,0,flat,0,6.29302e-08,0.000277768,0.999713,9.61203e-06,0,0,1
4.02,1.09989,0.0870456,0,0.0390731,0.729093,0.0391397,0.0106384,-0.000424089,-0.999943,0.0724108,0.4,0,0,flat,0,9.02306e-08,0.000288899,0.9997,1.14938e-05,0,0,1
4.04,1.10632,0.0893275,0,0.0339229,0.729487,0.0339626,0.00548813,-0.00418152,-0.999976,0.0767147,0.4,0,0,flat,0,1.39665e-07,7.06215e-05,0.999908,2.06896e-05,0,0,1
4.06,1.11155,0.0917443,0,0.0321989,0.730225,0.0322224,0.00376421,-0.00153319,-0.999992,0.0807014,0.4,0,0,flat,0,1.29952e-07,5.66274e-06,0.99999,3.99981e-06,0,0,1
4.08,1.11761,0.0945378,0,0.0299498,0.731147,0.0307997,0.00151511,0.0045419,-0.999989,0.0844041,0.4,0,0,flat,0,2.68076e-07,1.92083e-06,0.999995,2.57353e-06,0,0,1
4.1,1.12399,0.0970105,0,0.0270679,0.731887,0.0293975,-0.00136677,0.00883493,-0.99996,0.088229,0.4,0,0,flat,0,2.15881e-07,6.43442e-07,0.999998,1.50071e-06,0,0,1
4.12,1.13051,0.0990714,0,0.0244063,0.732397,0.027775,-0.00402846,0.0106247,-0.999935,0.0909661,0.4,0,0,flat,0,1.68062e-07,7.37979e-07,0.999998,1.18477e-06,0,0,1
4.14,1.13713,0.100778,0,0.0221767,0.73279,0.0265392,-0.006258,0.0119478,-0.999909,0.0931522,0.4,0,0,flat,0,1.78865e-07,1.40918e-06,0.999997,1.15453e-06,0,0,1
4.16,1.1446,0.102279,0,0.020162,0.733155,0.0256483,-0.00827273,0.0132244,-0.999878,0.0942049,0.4,0,0,flat,0,1.86511e-07,2.67775e-06,0.999996,1.15263e-06,0,0,1
4.18,1.15148,0.103252,0,0.0189465,0.733385,0.0261569,-0.00948817,0.0154057,-0.999836,0.0964672,0.4,0,0,flat,0,1.55762e-07,4.2239e-06,0.999995,9.35439e-07,0,0,1
4.2,1.15777,0.103738,0,0.0190888,0.733425,0.0279483,-0.00934594,0.0177835,-0.999798,0.101225,0.4,0,0,flat,0,9.23873e-08,4.39912e-06,0.999995,5.5295e-07,0,0,1
4.22,1.16491,0.103958,0,0.0200368,0.733242,0.0296157,-0.00839794,0.0191803,-0.999781,0.104714,0.4,0,0,flat,0,4.70258e-08,3.19612e-06,0.999997,2.67201e-07,0,0,1
4.24,1.17286,0.103777,0,0.0226711,0.732695,0.0315342,-0.00576365,0.0192892,-0.999797,0.107065,0.4,0,0,flat,0,2.27996e-08,1.87054e-06,0.999998,1.23558e-07,0,0,1
4.25999,1.17938,0.103074,0,0.0258391,0.731894,0.0321223,-0.00259561,0.0164537,-0.999861,0.10783,0.4,0,0,flat,0,1.04962e-08,1.20337e-06,0.999999,6.46858e-08,0,0,1
4.27999,1.18692,0.101459,0,0.0281057,0.730566,0.0306542,-0.000329005,0.00960021,-0.999954,0.109551,0.4,0,0,flat,0,7.37696e-09,1.23588e-06,0.999999,6.70329e-08,0,0,1
4.29999,1.19493,0.0996279,0,0.0269515,0.729068,0.0281587,-0.00148323,0.00551821,-0.999984,0.114112,0.4,0,0,flat,0,1.21976e-08,3.10848e-06,0.999997,1.30869e-07,0,0,1
4.31999,1.20305,0.0984289,0,0.0234348,0.728766,0.0270531,-0.00499996,0.0108805,-0.999928,0.11926,0.4,0,0,flat,0,1.29666e-08,1.99549e-06,0.999998,1.93983e-07,0,0,1
4.33999,1.21023,0.0969208,0,0.0234698,0.729317,0.0271015,-0.00496496,0.0109191,-0.999928,0.113193,0.4,0,0,flat,0,6.71865e-09,2.54777e-06,0.999997,1.25954e-07,0,0,1
4.35999,1.21706,0.0954105,0,0.0242988,0.730028,0.0264312,-0.00413587,0.00776294,-0.999961,0.106492,0.4,0,0,flat,0,2.08296e-09,7.67701e-07,0.999999,3.57433e-08,0,0,1
4.37999,1.22404,0.0944905,0,0.0228922,0.730599,0.0237187,-0.0055425,0.00355825,-0.999978,0.102957,0.4,0,0,flat,0,1.12019e-09,2.40049e-07,1,1.85593e-08,0,0,1
4.39999,1.2315,0.0941443,0,0.0207905,0.73087,0.0209026,-0.00764419,-0.000507231,-0.999971,0.101631,0.4,0,0,flat,0,7.65275e-10,8.90328e-08,1,1.62063e-08,0,0,1
4.41999,1.23731,0.0942959,0,0.0201602,0.730837,0.0201682,-0.00827452,-0.00228867,-0.999963,0.100095,0.4,0,0,flat,0,9.37313e-10,6.48768e-08,1,1.763e-08,0,0,1
4.43999,1.2436,0.0947826,0,0.0206314,0.730696,0.0206386,-0.00780329,-0.00284441,-0.999965,0.0974991,0.4,0,0,flat,0,1.10248e-09,5.83259e-08,1,1.79286e-08,0,0,1
4.45999,1.2504,0.0954565,0,0.0223259,0.730589,0.0223337,-0.00610884,-0.00303838,-0.999977,0.0961293,0.4,0,0,flat,0,1.0352e-09,7.30368e-08,1,1.7157e-08,0,0,1
4.47999,1.25591,0.0960997,0,0.0243398,0.730666,0.0243829,-0.00409494,-0.00398818,-0.999984,0.0956414,0.4,0,0,flat,0,1.01767e-09,1.58296e-07,1,2.14945e-08,0,0,1
4.49999,1.26199,0.0970155,0,0.0268989,0.730904,0.0271257,-0.00153587,-0.0060769,-0.99998,0.0945552,0.4,0,0,flat,0,1.17547e-09,4.36245e-07,1,3.47372e-08,0,0,1
4.51999,1.26799,0.0982937,0,0.0296991,0.73117,0.0303533,0.00126442,-0.00887509,-0.99996,0.0927811,0.4,0,0,flat,0,1.92467e-09,1.41467e-06,0.999998,7.47954e-08,0,0,1
4.53999,1.2738,0.100057,0,0.0326629,0.731329,0.0336965,0.00422815,-0.0108921,-0.999932,0.0913524,0.4,0,0,flat,0,4.87918e-09,6.12188e-06,0.999994,2.37063e-07,0,0,1
4.55999,1.28028,0.102896,0,0.0377873,0.731149,0.0385998,0.00935263,-0.0104827,-0.999901,0.0901403,0.4,0,0,flat,0,1.54192e-08,3.09039e-05,0.999968,1.00985e-06,0,0,1
4.57999,1.28334,0.104646,0,0.0415187,0.730824,0.0419313,0.0130839,-0.00845267,-0.999879,0.0885653,0.4,0,0,flat,0,6.033e-08,0.000154718,0.999841,4.02655e-06,0,0,1
4.59999,1.28983,0.108858,0,0.0434004,0.729918,0.0434248,0.0149657,-0.00392344,-0.99988,0.083171,0.4,0,0,flat,0,1.06936e-07,0.00023384,0.999755,1.12043e-05,0,0,1
4.61999,1.29623,0.113114,0,0.0407193,0.728452,0.0410069,0.0122846,0.00218402,-0.999922,0.0796483,0.4,0,0,flat,0,7.0596e-08,0.000157725,0.999826,1.61422e-05,0,0,1
4.63999,1.30147,0.115415,0,0.0351131,0.72831,0.0351445,0.0066784,-0.00125884,-0.999977,0.0819469,0.4,0,0,flat,0,1.39789e-07,9.70898e-05,0.999886,1.69386e-05,0,0,1
4.65999,1.30842,0.118514,0,0.0289871,0.728965,0.0289932,0.000552357,-0.00227517,-0.999997,0.0904146,0.4,0,0,flat,0,1.18074e-07,9.39728e-06,0.999972,1.856e-05,0,0,1
4.67999,1.31393,0.121567,0,0.0281961,0.730043,0.0288468,-0.000238644,0.00343757,-0.999994,0.0957731,0.4,0,0,flat,0,1.95498e-07,5.18591e-06,0.999991,3.98817e-06,0,0,1
4.69999,1.31941,0.125007,0,0.0286977,0.731258,0.0315531,0.000263022,0.0104811,-0.999945,0.0909407,0.4,0,0,flat,0,3.99811e-07,2.78458e-06,0.999995,1.96415e-06,0,0,1
4.71999,1.32609,0.128113,0,0.0277855,0.732157,0.0316945,-0.000649203,0.0126173,-0.99992,0.0885796,0.4,0,0,flat,0,5.17018e-07,4.16163e-06,0.999994,1.69011e-06,0,0,1
4.73999,1.33202,0.129915,0,0.0252135,0.732555,0.0289108,-0.00322119,0.0115146,-0.999929,0.0931503,0.4,0,0,flat,0,3.36877e-07,5.64415e-06,0.999992,1.76725e-06,0,0,1
4.75999,1.33808,0.131436,0,0.0223134,0.732743,0.0261637,-0.00612134,0.011033,-0.99992,0.0980988,0.4,0,0,flat,0,2.30187e-07,4.74655e-06,0.999994,1.30156e-06,0,0,1
4.77999,1.34533,0.133188,0,0.0187575,0.732857,0.0240556,-0.00967726,0.0124322,-0.999876,0.0990856,0.4,0,0,flat,0,1.97661e-07,4.30317e-06,0.999995,9.54213e-07,0,0,1
4.79999,1.35168,0.134409,0,0.0181694,0.73283,0.025403,-0.0102653,0.0151231,-0.999833,0.0975473,0.4,0,0,flat,0,1.60608e-07,4.06775e-06,0.999995,5.64509e-07,0,0,1
4.81999,1.35818,0.134954,0,0.0187307,0.732594,0.0276848,-0.00970406,0.017756,-0.999795,0.100397,0.4,0,0,flat,0,7.82944e-08,2.49692e-06,0.999997,2.87466e-07,0,0,1
4.83999,1.36514,0.134956,0,0.0193723,0.732216,0.0286935,-0.00906238,0.0185376,-0.999787,0.10455,0.4,0,0,flat,0,2.4615e-08,9.09548e-07,0.999999,1.12964e-07,0,0,1
4.85999,1.37205,0.13459,0,0.0221386,0.731493,0.0293122,-0.0062961,0.016581,-0.999843,0.105323,0.4,0,0,flat,0,8.85675e-09,5.55834e-07,0.999999,4.5817e-08,0,0,1
4.87999,1.37899,0.133559,0,0.0258204,0.730349,0.0293345,-0.00261428,0.0112882,-0.999933,0.105816,0.4,0,0,flat,0,5.27547e-09,5.36853e-07,0.999999,3.94701e-08,0,0,1
4.89999,1.38649,0.132169,0,0.0262791,0.729074,0.0282327,-0.00215559,0.00768203,-0.999968,0.111941,0.4,0,0,flat,0,6.9638e-09,1.10499e-06,0.999999,7.20669e-08,0,0,1
4.91999,1.39434,0.131204,0,0.0234409,0.728716,0.0272879,-0.00499382,0.011339,-0.999923,0.119407,0.4,0,0,flat,0,1.1664e-08,2.6026e-06,0.999997,1.49078e-07,0,0,1
4.93999,1.40199,0.13013,0,0.0232336,0.729471,0.0275379,-0.00520114,0.0121553,-0.999913,0.112396,0.4,0,0,flat,0,7.71183e-09,2.32433e-06,0.999997,1.53949e-07,0,0,1
4.95999,1.40778,0.129006,0,0.0243588,0.730266,0.0269847,-0.00407591,0.00897759,-0.999951,0.106146,0.4,0,0,flat,0,3.83206e-09,1.66711e-06,0.999998,5.82729e-08,0,0,1
4.97999,1.41438,0.128301,0,0.0234669,0.730931,0.0246649,-0.00496778,0.0049565,-0.999975,0.102837,0.4,0,0,flat,0,2.11613e-09,4.92822e-07,1,3.13751e-08,0,0,1
4.99999,1.42104,0.128151,0,0.0210444,0.731224,0.0212869,-0.00739034,0.000541164,-0.999973,0.100818,0.4,0,0,flat,0,1.10897e-09,1.21172e-07,1,1.99808e-08,0,0,1
5.01999,1.42733,0.128411,0,0.0200005,0.731143,0.0200139,-0.00843422,-0.00200462,-0.999962,0.0995606,0.4,0,0,flat,0,9.56872e-10,6.44246e-08,1,1.86291e-08,0,0,1
5.03999,1.43326,0.128893,0,0.0212926,0.730959,0.0213009,-0.00714213,-0.00229939,-0.999972,0.0991623,0.4,0,0,flat,0,1.26925e-09,5.59415e-08,1,2.03786e-08,0,0,1
5.05999,1.43924,0.129521,0,0.0232197,0.730938,0.0232285,-0.00521501,-0.00294067,-0.999982,0.0977242,0.4,0,0,flat,0,1.2247e-09,6.24439e-08,1,1.73753e-08,0,0,1
5.07999,1.44589,0.13039,0,0.0252965,0.731128,0.0253772,-0.00313827,-0.00457132,-0.999985,0.0959497,0.4,0,0,flat,0,1.0404e-09,1.11942e-07,1,1.77846e-08,0,0,1
5.09999,1.45128,0.131302,0,0.0276826,0.731346,0.0280442,-0.000752127,-0.00708435,-0.999975,0.0937673,0.4,0,0,flat,0,1.13306e-09,3.41959e-07,1,2.89717e-08,0,0,1
5.11999,1.45722,0.132689,0,0.0300692,0.731549,0.0309754,0.0016345,-0.0100485,-0.999948,0.0912476,0.4,0,0,flat,0,2.05448e-09,1.46105e-06,0.999998,7.09726e-08,0,0,1
5.13999,1.46298,0.134577,0,0.0329396,0.731587,0.0342336,0.00450491,-0.0119385,-0.999919,0.0899664,0.4,0,0,flat,0,5.16808e-09,6.96993e-06,0.999993,2.32279e-07,0,0,1
5.15999,1.46845,0.13703,0,0.0365369,0.731404,0.0376236,0.00810215,-0.0115847,-0.9999,0.08891,0.4,0,0,flat,0,1.62932e-08,3.32971e-05,0.999966,1.01318e-06,0,0,1
5.17999,1.47366,0.140023,0,0.0401516,0.730946,0.0404977,0.0117169,-0.00787725,-0.9999,0.0881383,0.4,0,0,flat,0,4.141e-08,0.000149115,0.999847,3.78368e-06,0,0,1
5.19999,1.47894,0.143615,0,0.0417918,0.729923,0.0418445,0.0133571,-0.000605328,-0.999911,0.0867191,0.4,0,0,flat,0,6.34878e-08,0.000251435,0.99974,8.13471e-06,0,0,1
5.21999,1.48476,0.147066,0,0.0391541,0.728902,0.0393312,0.0107194,0.00105611,-0.999942,0.0847941,0.4,0,0,flat,0,7.49087e-08,0.000173985,0.999817,8.65201e-06,0,0,1
5.23999,1.49122,0.149731,0,0.0331963,0.729147,0.033228,0.0047616,-0.00395697,-0.999981,0.0888858,0.4,0,0,flat,0,1.15838e-07,4.95923e-05,0.999936,1.44307e-05,0,0,1
5.25999,1.49706,0.152612,0,0.0306112,0.729965,0.0306562,0.00217652,-0.00106052,-0.999997,0.0965004,0.4,0,0,flat,0,1.19529e-07,6.61144e-06,0.999988,5.66589e-06,0,0,1
5.27999,1.50288,0.155724,0,0.0289539,0.73098,0.0300671,0.000519215,0.00546507,-0.999985,0.100256,0.4,0,0,flat,0,2.08863e-07,2.33034e-06,0.999995,2.5245e-06,0,0,1
5.29999,1.50836,0.158364,0,0.027152,0.731735,0.0298941,-0.00128269,0.00986833,-0.99995,0.101842,0.4,0,0,flat,0,1.98172e-07,9.09755e-07,0.999997,1.39078e-06,0,0,1
5.31999,1.51597,0.161229,0,0.0250476,0.732357,0.0286457,-0.00338711,0.0112678,-0.999931,0.104757,0.4,0,0,flat,0,1.64776e-07,1.30346e-06,0.999997,1.07797e-06,0,0,1
5.33999,1.52256,0.163186,0,0.0229621,0.732728,0.0269781,-0.00547267,0.0115328,-0.999919,0.106151,0.4,0,0,flat,0,1.6299e-07,2.33302e-06,0.999996,1.06688e-06,0,0,1
5.35999,1.52928,0.16483,0,0.020504,0.733071,0.0256785,-0.00793071,0.0128297,-0.999886,0.107414,0.4,0,0,flat,0,1.85068e-07,4.64993e-06,0.999994,1.18145e-06,0,0,1
5.37999,1.53604,0.166081,0,0.0192941,0.733334,0.0261295,-0.00914061,0.0149891,-0.999846,0.109446,0.4,0,0,flat,0,1.64367e-07,6.83612e-06,0.999992,1.05418e-06,0,0,1
5.39999,1.54152,0.166739,0,0.0192124,0.73342,0.0274556,-0.00922236,0.0169855,-0.999813,0.112887,0.4,0,0,flat,0,1.00915e-07,7.26161e-06,0.999992,6.7784e-07,0,0,1
5.41999,1.5492,0.167261,0,0.0200327,0.733287,0.0294663,-0.008402,0.0189798,-0.999785,0.117157,0.4,0,0,flat,0,4.96939e-08,4.84253e-06,0.999995,3.12971e-07,0,0,1
5.43999,1.55562,0.167265,0,0.0220695,0.732824,0.0314812,-0.00636519,0.01982,-0.999783,0.122658,0.4,0,0,flat,0,2.34783e-08,2.50047e-06,0.999997,1.32609e-07,0,0,1
5.45999,1.56375,0.166893,0,0.024473,0.731907,0.0321131,-0.00396175,0.0181619,-0.999827,0.1238,0.4,0,0,flat,0,1.12397e-08,1.19182e-06,0.999999,6.58205e-08,0,0,1
5.47999,1.57116,0.165722,0,0.0275754,0.730577,0.0311787,-0.000859288,0.0119139,-0.999929,0.123701,0.4,0,0,flat,0,5.7714e-09,1.14701e-06,0.999999,5.1977e-08,0,0,1
5.49999,1.57988,0.163811,0,0.0276862,0.72879,0.0289685,-0.000748549,0.0058851,-0.999982,0.127738,0.4,0,0,flat,0,8.84855e-09,2.94359e-06,0.999997,1.2038e-07,0,0,1
5.51999,1.58741,0.162937,0,0.0235877,0.728347,0.0274251,-0.00484704,0.0113616,-0.999924,0.13363,0.4,0,0,flat,0,1.73214e-08,8.77595e-06,0.999991,2.80083e-07,0,0,1
5.53999,1.59414,0.161835,0,0.0227305,0.728811,0.0279633,-0.00570422,0.0136597,-0.99989,0.131527,0.4,0,0,flat,0,7.54726e-09,3.34709e-06,0.999996,1.85807e-07,0,0,1
5.55999,1.60145,0.160352,0,0.0250484,0.729638,0.0281079,-0.00338632,0.0101196,-0.999943,0.124265,0.4,0,0,flat,0,3.83516e-09,2.34564e-06,0.999997,6.2944e-08,0,0,1
5.57999,1.60849,0.159706,0,0.0237054,0.730297,0.0252524,-0.0047293,0.00606218,-0.99997,0.119341,0.4,0,0,flat,0,2.07897e-09,8.31339e-07,0.999999,2.80354e-08,0,0,1
5.59999,1.61538,0.159568,0,0.0214326,0.730613,0.0220543,-0.00700214,0.00255807,-0.999972,0.118086,0.4,0,0,flat,0,9.63382e-10,2.36078e-07,1,2.09735e-08,0,0,1
5.61999,1.62193,0.159849,0,0.0202643,0.730624,0.0204558,-0.00817041,0.000128107,-0.999967,0.116169,0.4,0,0,flat,0,1.02112e-09,1.70357e-07,1,2.42382e-08,0,0,1
5.63999,1.62889,0.160514,0,0.0205033,0.730505,0.0205923,-0.00793144,-0.000750998,-0.999968,0.113489,0.4,0,0,flat,0,1.0609e-09,1.32894e-07,1,2.00336e-08,0,0,1
5.65999,1.63449,0.161181,0,0.0216972,0.730468,0.0217385,-0.00673749,-0.00138314,-0.999976,0.111675,0.4,0,0,flat,0,9.58213e-10,1.30685e-07,1,1.62054e-08,0,0,1
5.67999,1.64068,0.162071,0,0.0236173,0.730582,0.0236255,-0.00481744,-0.00289022,-0.999984,0.10983,0.4,0,0,flat,0,9.64022e-10,2.72089e-07,1,1.9857e-08,0,0,1
5.69999,1.64685,0.163188,0,0.0258822,0.730808,0.026022,-0.00255253,-0.00529029,-0.999983,0.107966,0.4,0,0,flat,0,1.15105e-09,7.19175e-07,0.999999,3.34926e-08,0,0,1
5.71999,1.65297,0.164689,0,0.0282824,0.731048,0.0288427,-0.000152343,-0.0082586,-0.999966,0.105918,0.4,0,0,flat,0,1.97713e-09,2.53215e-06,0.999997,7.74747e-08,0,0,1
5.73999,1.65892,0.16672,0,0.0312279,0.731158,0.0322409,0.0027932,-0.0106294,-0.99994,0.1039,0.4,0,0,flat,0,5.1114e-09,1.22061e-05,0.999988,2.37262e-07,0,0,1
5.75999,1.66464,0.169365,0,0.0347385,0.731069,0.035745,0.0063038,-0.0110373,-0.999919,0.101688,0.4,0,0,flat,0,1.83004e-08,6.86196e-05,0.99993,1.05589e-06,0,0,1
5.77999,1.67014,0.172531,0,0.0381267,0.730767,0.0384528,0.00969194,-0.00759295,-0.999924,0.100512,0.4,0,0,flat,0,4.64867e-08,0.00028248,0.999713,4.77097e-06,0,0,1
5.79999,1.67559,0.176225,0,0.0401908,0.72986,0.0402867,0.0117561,8.18835e-05,-0.999931,0.100169,0.4,0,0,flat,0,7.04274e-08,0.000540891,0.999448,1.07393e-05,0,0,1
5.81999,1.68143,0.180057,0,0.0386365,0.728681,0.0391991,0.0102018,0.00396511,-0.99994,0.0975825,0.4,0,0,flat,0,1.2809e-07,0.000138095,0.99985,1.17734e-05,0,0,1
5.83999,1.68812,0.183086,0,0.0320178,0.728627,0.0320257,0.0035831,-0.00307974,-0.999989,0.0956447,0.4,0,0,flat,0,1.26624e-07,4.80483e-05,0.999937,1.50463e-05,0,0,1
5.85999,1.69429,0.186105,0,0.028058,0.729249,0.0280654,-0.000376739,-0.00216136,-0.999998,0.103987,0.4,0,0,flat,0,1.50689e-07,1.09868e-05,0.99998,8.88773e-06,0,0,1
5.87999,1.70021,0.189278,0,0.0260324,0.730221,0.0268296,-0.00240235,0.00384824,-0.99999,0.10932,0.4,0,0,flat,0,1.47275e-07,1.49979e-06,0.999997,1.77263e-06,0,0,1
5.89999,1.70621,0.19243,0,0.0247679,0.731117,0.0271015,-0.00366681,0.00836603,-0.999958,0.10731,0.4,0,0,flat,0,1.99447e-07,8.64541e-07,0.999998,1.1504e-06,0,0,1
5.91999,1.71317,0.195181,0,0.0237635,0.731745,0.0270002,-0.00467125,0.0101806,-0.999937,0.109176,0.4,0,0,flat,0,1.98211e-07,1.40331e-06,0.999998,8.22124e-07,0,0,1
5.93999,1.71918,0.196977,0,0.0218605,0.732101,0.0250176,-0.00657427,0.00953057,-0.999933,0.110572,0.4,0,0,flat,0,1.748e-07,2.30718e-06,0.999997,8.67842e-07,0,0,1
5.95999,1.72605,0.198716,0,0.0194362,0.732423,0.0232491,-0.00899855,0.0101285,-0.999908,0.112348,0.4,0,0,flat,0,1.93087e-07,3.79888e-06,0.999995,9.53496e-07,0,0,1
5.97999,1.7329,0.200058,0,0.0179548,0.7326,0.0233463,-0.0104799,0.0122908,-0.99987,0.116494,0.4,0,0,flat,0,1.66085e-07,5.05962e-06,0.999994,7.69891e-07,0,0,1
5.99999,1.74049,0.201065,0,0.0175611,0.732633,0.024568,-0.0108737,0.0145521,-0.999835,0.118781,0.4,0,0,flat,0,1.08641e-07,4.82543e-06,0.999995,4.6964e-07,0,0,1
6.01999,1.74675,0.201556,0,0.0184507,0.732495,0.0263136,-0.00998402,0.016132,-0.99982,0.119671,0.4,0,0,flat,0,4.92588e-08,2.80226e-06,0.999997,2.06968e-07,0,0,1
6.03999,1.75377,0.201633,0,0.0208386,0.732099,0.0283297,-0.00759611,0.016561,-0.999834,0.121562,0.4,0,0,flat,0,2.09759e-08,1.53843e-06,0.999998,9.01236e-08,0,0,1
6.05999,1.76091,0.20108,0,0.0239344,0.731379,0.0292021,-0.00450036,0.014101,-0.99989,0.123917,0.4,0,0,flat,0,8.26179e-09,8.64534e-07,0.999999,4.21481e-08,0,0,1
6.08,1.76831,0.199753,0,0.0261276,0.730226,0.0279121,-0.00230708,0.00717839,-0.999972,0.124942,0.4,0,0,flat,0,5.14698e-09,7.74543e-07,0.999999,3.7416e-08,0,0,1
6.1,1.77619,0.198131,0,0.0252774,0.728851,0.0259716,-0.0031573,0.00331066,-0.99999,0.130283,0.4,0,0,flat,0,8.20758e-09,1.95582e-06,0.999998,7.79421e-08,0,0,1
6.12,1.78344,0.197307,0,0.0221303,0.728516,0.0246745,-0.00630445,0.0082758,-0.999946,0.134524,0.4,0,0,flat,0,1.24084e-08,1.90823e-06,0.999998,1.64279e-07,0,0,1
6.14,1.79125,0.196117,0,0.0223374,0.729201,0.0253608,-0.00609735,0.00937169,-0.999937,0.126367,0.4,0,0,flat,0,6.56552e-09,2.10142e-06,0.999998,1.05622e-07,0,0,1
6.16,1.79845,0.194812,0,0.0242147,0.730099,0.025875,-0.00422006,0.00648668,-0.99997,0.121274,0.4,0,0,flat,0,3.08415e-09,1.37436e-06,0.999999,4.39818e-08,0,0,1
6.18,1.80457,0.194345,0,0.023206,0.730673,0.0238565,-0.00522873,0.0028913,-0.999982,0.117965,0.4,0,0,flat,0,1.56347e-09,4.59608e-07,1,2.47848e-08,0,0,1
6.2,1.81123,0.194346,0,0.0214561,0.730993,0.0215374,-0.00697863,-0.00080617,-0.999975,0.115264,0.4,0,0,flat,0,9.19885e-10,1.8967e-07,1,2.10113e-08,0,0,1
6.22,1.81821,0.194796,0,0.0206974,0.731008,0.0207049,-0.00773733,-0.00263635,-0.999967,0.113466,0.4,0,0,flat,0,9.59469e-10,1.40829e-07,1,2.24935e-08,0,0,1
6.24,1.82375,0.195393,0,0.0212721,0.730922,0.0212841,-0.00716262,-0.00323713,-0.999969,0.111604,0.4,0,0,flat,0,9.83987e-10,1.16657e-07,1,2.10634e-08,0,0,1
6.26,1.82984,0.196228,0,0.0225173,0.730879,0.022562,-0.00591738,-0.00394954,-0.999975,0.109588,0.4,0,0,flat,0,8.93394e-10,1.29421e-07,1,1.86561e-08,0,0,1
6.28,1.8359,0.197221,0,0.0244463,0.730954,0.0245777,-0.0039884,-0.00509857,-0.999979,0.108018,0.4,0,0,flat,0,9.04465e-10,2.40976e-07,1,2.23529e-08,0,0,1
6.3,1.8419,0.198391,0,0.0267674,0.731139,0.0271455,-0.00166737,-0.00710328,-0.999973,0.107077,0.4,0,0,flat,0,1.11289e-09,6.36052e-07,0.999999,3.76399e-08,0,0,1
6.32,1.84785,0.199893,0,0.0292879,0.731357,0.030174,0.000853137,-0.00987101,-0.999951,0.106018,0.4,0,0,flat,0,1.85763e-09,1.96627e-06,0.999998,8.58104e-08,0,0,1
6.34,1.85302,0.201659,0,0.0325857,0.731464,0.0338941,0.004151,-0.0119362,-0.99992,0.104797,0.4,0,0,flat,0,4.50563e-09,7.33555e-06,0.999992,2.69024e-07,0,0,1
6.36,1.85899,0.204419,0,0.0367476,0.731356,0.0378448,0.00831288,-0.0116578,-0.999897,0.103369,0.4,0,0,flat,0,1.43694e-08,3.33981e-05,0.999966,1.08537e-06,0,0,1
6.38,1.86423,0.207471,0,0.04039,0.730948,0.0407633,0.0119553,-0.00809582,-0.999896,0.102388,0.4,0,0,flat,0,3.68044e-08,0.000140697,0.999855,3.8585e-06,0,0,1
6.4,1.86955,0.211126,0,0.0418116,0.729876,0.0418887,0.0133768,-0.000143677,-0.999911,0.101342,0.4,0,0,flat,0,5.1257e-08,0.000240602,0.99975,9.31354e-06,0,0,1
6.42,1.87543,0.214349,0,0.0388948,0.729009,0.0390008,0.0104601,0.000173426,-0.999945,0.100627,0.4,0,0,flat,0,8.03803e-08,0.00028256,0.999706,1.13966e-05,0,0,1
6.44,1.88189,0.216995,0,0.0330166,0.729389,0.0330607,0.00458187,-0.00422886,-0.999981,0.104926,0.4,0,0,flat,0,1.37342e-07,8.29729e-05,0.999892,2.50405e-05,0,0,1
6.46,1.8883,0.220247,0,0.0303761,0.73035,0.0305022,0.00194142,8.59407e-05,-0.999998,0.112362,0.4,0,0,flat,0,1.4255e-07,9.32235e-06,0.999984,6.18641e-06,0,0,1
6.48,1.89362,0.223054,0,0.0287095,0.731238,0.0298822,0.000274781,0.00564697,-0.999984,0.115358,0.4,0,0,flat,0,2.42186e-07,2.26944e-06,0.999995,2.82605e-06,0,0,1
6.5,1.89982,0.22586,0,0.0266129,0.731996,0.029363,-0.00182185,0.00977224,-0.999951,0.119557,0.4,0,0,flat,0,2.04423e-07,1.049e-06,0.999997,1.70725e-06,0,0,1
6.52001,1.90621,0.228231,0,0.0245851,0.732451,0.0284074,-0.00384964,0.0116032,-0.999925,0.123728,0.4,0,0,flat,0,1.623e-07,1.34819e-06,0.999997,1.30123e-06,0,0,1
6.54001,1.91347,0.230496,0,0.0219898,0.732778,0.0264515,-0.00644492,0.01207,-0.999906,0.124831,0.4,0,0,flat,0,1.62454e-07,2.56033e-06,0.999996,1.18943e-06,0,0,1
6.56001,1.92023,0.232254,0,0.0198744,0.733008,0.0252784,-0.00856031,0.0129917,-0.999879,0.12546,0.4,0,0,flat,0,1.76438e-07,4.43596e-06,0.999994,1.1262e-06,0,0,1
6.58001,1.92639,0.233475,0,0.0183624,0.733155,0.0253819,-0.0100724,0.0148947,-0.999838,0.127841,0.4,0,0,flat,0,1.58997e-07,7.05903e-06,0.999992,9.63563e-07,0,0,1
6.60001,1.93337,0.234425,0,0.01795,0.733196,0.0266401,-0.0104847,0.0170562,-0.9998,0.131483,0.4,0,0,flat,0,1.02142e-07,7.18984e-06,0.999992,6.31356e-07,0,0,1
6.62001,1.94119,0.235082,0,0.0190143,0.733015,0.0287744,-0.00942043,0.0189722,-0.999776,0.135008,0.4,0,0,flat,0,5.05004e-08,5.03198e-06,0.999995,3.12166e-07,0,0,1
6.64001,1.94764,0.235282,0,0.0213997,0.732604,0.0306445,-0.00703507,0.019304,-0.999789,0.136804,0.4,0,0,flat,0,2.25329e-08,3.08098e-06,0.999997,1.48973e-07,0,0,1
6.66001,1.95493,0.234924,0,0.0247709,0.731797,0.0315342,-0.0036638,0.0168825,-0.999851,0.138378,0.4,0,0,flat,0,1.07135e-08,2.08078e-06,0.999998,8.70829e-08,0,0,1
6.68001,1.96244,0.233717,0,0.0273914,0.730524,0.0300612,-0.00104333,0.00974713,-0.999952,0.139752,0.4,0,0,flat,0,7.07092e-09,2.24924e-06,0.999998,8.27298e-08,0,0,1
6.70001,1.97045,0.232389,0,0.0264996,0.729192,0.0280675,-0.0019351,0.00660685,-0.999976,0.145777,0.4,0,0,flat,0,1.20506e-08,5.43779e-06,0.999994,1.66629e-07,0,0,1
6.72001,1.97856,0.231631,0,0.0233852,0.728973,0.0272594,-0.00504955,0.0113807,-0.999923,0.149339,0.4,0,0,flat,0,1.42446e-08,3.92807e-06,0.999996,2.73249e-07,0,0,1
6.74001,1.98584,0.23052,0,0.0235756,0.729591,0.0271367,-0.00485916,0.0108003,-0.99993,0.140797,0.4,0,0,flat,0,8.36837e-09,5.99064e-06,0.999994,1.98399e-07,0,0,1
6.76001,1.99261,0.229207,0,0.0250577,0.730339,0.027266,-0.00337707,0.00811439,-0.999961,0.139188,0.4,0,0,flat,0,3.32082e-09,2.39626e-06,0.999997,6.37534e-08,0,0,1
6.78001,1.99964,0.228583,0,0.0238053,0.730874,0.0245923,-0.00462939,0.00352797,-0.999983,0.136789,0.4,0,0,flat,0,1.74389e-09,6.82193e-07,0.999999,3.7918e-08,0,0,1
6.80001,2.00656,0.22856,0,0.0218762,0.731083,0.0219541,-0.00655847,-0.000839946,-0.999978,0.133364,0.4,0,0,flat,0,1.11722e-09,2.69452e-07,1,2.70659e-08,0,0,1
6.82001,2.01376,0.228946,0,0.0214551,0.731004,0.0214626,-0.00697957,-0.00287785,-0.999972,0.130941,0.4,0,0,flat,0,1.32538e-09,2.21682e-07,1,3.13428e-08,0,0,1
6.84001,2.02012,0.229492,0,0.0223822,0.730865,0.0224056,-0.00605254,-0.00351483,-0.999976,0.12916,0.4,0,0,flat,0,1.31093e-09,1.69903e-07,1,2.7725e-08,0,0,1
6.86001,2.02578,0.230077,0,0.0238551,0.730833,0.0239338,-0.00457964,-0.00451408,-0.999979,0.127474,0.4,0,0,flat,0,1.16705e-09,1.88995e-07,1,2.43598e-08,0,0,1
6.88001,2.03205,0.230887,0,0.025919,0.730931,0.0261796,-0.00251568,-0.00627352,-0.999977,0.12557,0.4,0,0,flat,0,1.16174e-09,3.68313e-07,1,2.96545e-08,0,0,1
6.90001,2.03886,0.232033,0,0.0285865,0.731142,0.0292613,0.000151739,-0.00884878,-0.999961,0.124207,0.4,0,0,flat,0,1.50742e-09,1.09326e-06,0.999999,5.23066e-08,0,0,1
6.92001,2.04431,0.233294,0,0.0311271,0.731317,0.0323258,0.00269238,-0.0113283,-0.999932,0.123071,0.4,0,0,flat,0,2.56279e-09,3.27752e-06,0.999997,1.24234e-07,0,0,1
6.94001,2.05066,0.235397,0,0.0351179,0.731415,0.0366801,0.00668321,-0.0132011,-0.999891,0.121329,0.4,0,0,flat,0,6.70022e-09,1.32451e-05,0.999986,4.0808e-07,0,0,1
6.96002,2.05612,0.237869,0,0.0390742,0.731326,0.040223,0.0106395,-0.0121542,-0.99987,0.120106,0.4,0,0,flat,0,2.11832e-08,5.53114e-05,0.999943,1.59406e-06,0,0,1
6.98002,2.06085,0.240551,0,0.0421582,0.730999,0.0425328,0.0137235,-0.00821958,-0.999872,0.119578,0.4,0,0,flat,0,5.02197e-08,0.00018022,0.999815,5.0978e-06,0,0,1
7.00002,2.06622,0.244091,0,0.043309,0.730083,0.0433451,0.0148742,-0.00097234,-0.999889,0.117864,0.4,0,0,flat,0,5.93217e-08,0.000269668,0.999721,8.99086e-06,0,0,1
7.02002,2.0721,0.247425,0,0.0404953,0.729209,0.0406403,0.0120606,0.000742816,-0.999927,0.116333,0.4,0,0,flat,0,7.82812e-08,0.000252114,0.999738,1.01977e-05,0,0,1
7.04002,2.07856,0.250072,0,0.0349636,0.729534,0.0349762,0.00652891,-0.00337592,-0.999973,0.121539,0.4,0,0,flat,0,1.32055e-07,7.10829e-05,0.99991,1.85233e-05,0,0,1
7.06002,2.08434,0.253083,0,0.0329023,0.730347,0.0329849,0.00446757,-0.000370845,-0.99999,0.127588,0.4,0,0,flat,0,1.42385e-07,9.16622e-06,0.999984,6.94395e-06,0,0,1
7.08002,2.09017,0.256361,0,0.0312538,0.731307,0.0325171,0.00281907,0.00633173,-0.999976,0.130907,0.4,0,0,flat,0,3.02297e-07,4.1783e-06,0.999992,3.61671e-06,0,0,1
7.10002,2.09638,0.259362,0,0.0290203,0.732057,0.0321928,0.000585583,0.0112978,-0.999936,0.135094,0.4,0,0,flat,0,2.45555e-07,1.28947e-06,0.999997,1.82371e-06,0,0,1
7.12002,2.10275,0.2619,0,0.0268407,0.732488,0.0310523,-0.00159406,0.0129855,-0.999914,0.138655,0.4,0,0,flat,0,1.91029e-07,1.56583e-06,0.999997,1.42034e-06,0,0,1
7.14002,2.10928,0.264116,0,0.02441,0.732766,0.0290896,-0.00402474,0.0131928,-0.999905,0.13922,0.4,0,0,flat,0,1.88799e-07,3.09377e-06,0.999995,1.34577e-06,0,0,1
7.16002,2.11595,0.266041,0,0.0219576,0.733014,0.0276352,-0.0064771,0.0141534,-0.999879,0.139466,0.4,0,0,flat,0,2.0766e-07,5.75597e-06,0.999993,1.32508e-06,0,0,1
7.18002,2.12335,0.267671,0,0.0204341,0.733214,0.0278522,-0.00800065,0.016295,-0.999835,0.14188,0.4,0,0,flat,0,1.79817e-07,8.13771e-06,0.99999,1.13845e-06,0,0,1
7.20002,2.12954,0.268622,0,0.0199181,0.733264,0.0289849,-0.00851658,0.0184274,-0.999794,0.14521,0.4,0,0,flat,0,1.11382e-07,7.6334e-06,0.999992,7.21976e-07,0,0,1
7.22002,2.13647,0.269312,0,0.0209713,0.733097,0.0309176,-0.00746339,0.0200919,-0.99977,0.149164,0.4,0,0,flat,0,5.23081e-08,4.96497e-06,0.999995,3.39093e-07,0,0,1
7.24002,2.14358,0.269642,0,0.0229065,0.732648,0.0325537,-0.00552818,0.0205034,-0.999775,0.152002,0.4,0,0,flat,0,2.44549e-08,2.80931e-06,0.999997,1.48682e-07,0,0,1
7.26002,2.15069,0.269421,0,0.0259659,0.731809,0.0329686,-0.00246886,0.0176865,-0.999841,0.152844,0.4,0,0,flat,0,9.93149e-09,1.64331e-06,0.999998,7.07199e-08,0,0,1
7.28002,2.15802,0.268363,0,0.0284392,0.730534,0.0313788,4.49154e-06,0.0106274,-0.999944,0.154012,0.4,0,0,flat,0,6.84845e-09,1.62707e-06,0.999998,7.70402e-08,0,0,1
7.30002,2.1659,0.267085,0,0.0273127,0.729132,0.028764,-0.00112199,0.00638115,-0.999979,0.159112,0.4,0,0,flat,0,1.13957e-08,4.13519e-06,0.999996,1.53477e-07,0,0,1
7.32002,2.17475,0.266213,0,0.0236216,0.728818,0.0271828,-0.00481313,0.0108193,-0.99993,0.16567,0.4,0,0,flat,0,1.5422e-08,6.95433e-06,0.999993,2.3045e-07,0,0,1
7.34002,2.18109,0.265229,0,0.0241079,0.729411,0.0280314,-0.00432679,0.0116734,-0.999923,0.161019,0.4,0,0,flat,0,8.25484e-09,4.46734e-06,0.999995,1.76069e-07,0,0,1
7.36002,2.18776,0.264056,0,0.0258347,0.730185,0.0282496,-0.00260002,0.00878851,-0.999958,0.154429,0.4,0,0,flat,0,3.71657e-09,2.20075e-06,0.999998,6.6312e-08,0,0,1
7.38002,2.19543,0.263447,0,0.024475,0.730834,0.0255411,-0.00395975,0.00466009,-0.999981,0.150299,0.4,0,0,flat,0,1.89842e-09,6.63533e-07,0.999999,3.66578e-08,0,0,1
7.40003,2.20159,0.263409,0,0.0221448,0.731069,0.022331,-0.00628992,0.000219544,-0.99998,0.148018,0.4,0,0,flat,0,1.02196e-09,2.49088e-07,1,3.12771e-08,0,0,1
7.42003,2.20866,0.263766,0,0.0213195,0.731037,0.0213261,-0.00711527,-0.00239032,-0.999972,0.146457,0.4,0,0,flat,0,1.15991e-09,1.91441e-07,1,3.48586e-08,0,0,1
7.44003,2.21426,0.2643,0,0.0217621,0.730916,0.0217742,-0.00667265,-0.00306908,-0.999973,0.144822,0.4,0,0,flat,0,1.25657e-09,1.39918e-07,1,2.90885e-08,0,0,1
7.46003,2.22042,0.265024,0,0.023318,0.73085,0.0233642,-0.0051167,-0.00400147,-0.999979,0.142499,0.4,0,0,flat,0,1.18476e-09,1.46962e-07,1,2.52747e-08,0,0,1
7.48003,2.22595,0.265799,0,0.0250215,0.730882,0.025172,-0.00341324,-0.00533436,-0.99998,0.140603,0.4,0,0,flat,0,1.1116e-09,2.57381e-07,1,2.78901e-08,0,0,1
7.50003,2.23272,0.26704,0,0.0271779,0.730952,0.0276287,-0.00125682,-0.0075596,-0.999971,0.137868,0.4,0,0,flat,0,1.44061e-09,7.87753e-07,0.999999,4.56053e-08,0,0,1
7.52003,2.23888,0.268497,0,0.0288382,0.731031,0.0297081,0.000403508,-0.00974778,-0.999952,0.136159,0.4,0,0,flat,0,2.37374e-09,2.75565e-06,0.999997,9.72991e-08,0,0,1
7.54003,2.24309,0.269745,0,0.0306864,0.73108,0.0319381,0.00225164,-0.0114614,-0.999932,0.135893,0.4,0,0,flat,0,4.81588e-09,9.62064e-06,0.99999,2.81901e-07,0,0,1
7.56003,2.25129,0.273373,0,0.037199,0.730763,0.0382709,0.0087643,-0.0116018,-0.999894,0.133654,0.4,0,0,flat,0,1.45742e-08,4.37431e-05,0.999955,1.03911e-06,0,0,1
7.58003,2.25746,0.277257,0,0.042671,0.73007,0.0430234,0.0142363,-0.00808615,-0.999866,0.129707,0.4,0,0,flat,0,5.87177e-08,0.000196719,0.999799,4.24016e-06,0,0,1
7.60003,2.26115,0.279922,0,0.0444616,0.729484,0.044523,0.0160269,-0.00488912,-0.99986,0.126482,0.4,0,0,flat,0,1.3062e-07,0.000296088,0.999691,1.25575e-05,0,0,1
7.62003,2.26616,0.283746,0,0.044105,0.728323,0.0442396,0.0156703,0.000755316,-0.999877,0.122315,0.4,0,0,flat,0,6.84573e-08,8.26452e-05,0.999905,1.17444e-05,0,0,1
7.64003,2.27184,0.286678,0,0.0395449,0.727816,0.0395534,0.0111102,-0.00307338,-0.999934,0.123111,0.4,0,0,flat,0,7.05803e-08,9.94614e-05,0.99989,1.05944e-05,0,0,1
7.66003,2.27897,0.289753,0,0.0333333,0.728313,0.0334711,0.00489858,-0.00560884,-0.999972,0.133291,0.4,0,0,flat,0,1.43542e-07,1.46301e-05,0.999967,1.86284e-05,0,0,1
7.68003,2.28579,0.293079,0,0.0296238,0.729479,0.0298802,0.00118907,0.00124854,-0.999999,0.141579,0.4,0,0,flat,0,1.88335e-07,4.79286e-06,0.999987,8.09511e-06,0,0,1
7.70003,2.28948,0.294944,0,0.0277295,0.730238,0.0299837,-0.000705258,0.0087656,-0.999961,0.144167,0.4,0,0,flat,0,2.18003e-07,1.28869e-06,0.999996,2.45916e-06,0,0,1
7.72003,2.29864,0.29914,0,0.0268365,0.731561,0.0305393,-0.00159823,0.0119411,-0.999927,0.135529,0.4,0,0,flat,0,2.5358e-07,2.31451e-06,0.999996,1.28202e-06,0,0,1
7.74003,2.30367,0.300793,0,0.0272334,0.731746,0.0307939,-0.00120127,0.0117382,-0.99993,0.136622,0.4,0,0,flat,0,1.86431e-07,3.96286e-06,0.999995,8.72789e-07,0,0,1
7.76003,2.31068,0.302417,0,0.0246454,0.73194,0.0275185,-0.0037893,0.00960774,-0.999947,0.138913,0.4,0,0,flat,0,1.57635e-07,6.56635e-06,0.999992,9.80688e-07,0,0,1
7.78003,2.31794,0.303804,0,0.0209923,0.732155,0.0245462,-0.00744242,0.0100918,-0.999921,0.140994,0.4,0,0,flat,0,1.53068e-07,7.11503e-06,0.999992,9.20119e-07,0,0,1
7.80003,2.32494,0.304786,0,0.019626,0.732311,0.0251175,-0.00880869,0.0130489,-0.999876,0.143136,0.4,0,0,flat,0,1.52753e-07,8.67692e-06,0.99999,6.85978e-07,0,0,1
7.82003,2.33261,0.305207,0,0.0202788,0.732282,0.0273838,-0.00815597,0.0157728,-0.999842,0.146433,0.4,0,0,flat,0,8.27134e-08,5.44263e-06,0.999994,3.7459e-07,0,0,1
7.84004,2.33898,0.305131,0,0.022403,0.731989,0.0293772,-0.00603173,0.016372,-0.999848,0.148614,0.4,0,0,flat,0,2.95843e-08,2.03022e-06,0.999998,1.34032e-07,0,0,1
7.86004,2.34625,0.304527,0,0.0250032,0.731306,0.0299977,-0.00343156,0.0139437,-0.999897,0.150632,0.4,0,0,flat,0,1.00369e-08,7.94839e-07,0.999999,5.13168e-08,0,0,1
7.88004,2.35454,0.303021,0,0.0270561,0.73001,0.028378,-0.00137859,0.00591804,-0.999982,0.151921,0.4,0,0,flat,0,5.66227e-09,6.17675e-07,0.999999,4.00768e-08,0,0,1
7.90004,2.36188,0.30169,0,0.0254927,0.72891,0.0262092,-0.00294204,0.00343484,-0.99999,0.158577,0.4,0,0,flat,0,1.78988e-08,2.49825e-06,0.999997,1.98536e-07,0,0,1
7.92004,2.36992,0.300906,0,0.0229582,0.728758,0.0254476,-0.00547655,0.00834007,-0.99995,0.160837,0.4,0,0,flat,0,1.07679e-08,2.03548e-06,0.999998,1.52285e-07,0,0,1
7.94004,2.37703,0.299871,0,0.0241775,0.729491,0.0265684,-0.00425717,0.00838158,-0.999956,0.151269,0.4,0,0,flat,0,7.1818e-09,2.79402e-06,0.999997,1.15914e-07,0,0,1
7.96004,2.38379,0.298588,0,0.0263395,0.730374,0.0275163,-0.0020952,0.00531669,-0.999984,0.146147,0.4,0,0,flat,0,3.56911e-09,2.09767e-06,0.999998,5.5451e-08,0,0,1
7.98004,2.39077,0.297826,0,0.0257449,0.73104,0.0259762,-0.00268979,0.000792101,-0.999996,0.144732,0.4,0,0,flat,0,1.78431e-09,1.05749e-06,0.999999,4.30868e-08,0,0,1
8.00004,2.39764,0.297719,0,0.0238524,0.731333,0.0238765,-0.00458234,-0.00362479,-0.999983,0.14363,0.4,0,0,flat,0,9.0889e-10,4.04852e-07,1,3.40342e-08,0,0,1
8.02004,2.40404,0.298159,0,0.0232601,0.731244,0.023405,-0.00517463,-0.00518831,-0.999973,0.142703,0.4,0,0,flat,0,1.12295e-09,2.51964e-07,1,4.34696e-08,0,0,1
8.04004,2.41019,0.298938,0,0.0239451,0.731023,0.0241001,-0.00448958,-0.00531896,-0.999976,0.140887,0.4,0,0,flat,0,1.48176e-09,1.92676e-07,1,4.34496e-08,0,0,1
8.06004,2.41623,0.299881,0,0.025539,0.730883,0.0256831,-0.00289577,-0.00528879,-0.999982,0.139087,0.4,0,0,flat,0,1.4288e-09,1.95981e-07,1,3.58174e-08,0,0,1
8.08004,2.4222,0.300924,0,0.0277258,0.730931,0.0279249,-0.00070894,-0.00592259,-0.999982,0.13763,0.4,0,0,flat,0,1.33208e-09,3.39037e-07,1,3.56112e-08,0,0,1
8.10004,2.42808,0.302105,0,0.0302527,0.731125,0.0306542,0.001818,-0.00754062,-0.99997,0.136405,0.4,0,0,flat,0,1.41161e-09,8.51059e-07,0.999999,4.93215e-08,0,0,1
8.12004,2.43385,0.303578,0,0.0329549,0.731347,0.0337478,0.00452013,-0.00987318,-0.999941,0.134973,0.4,0,0,flat,0,2.15627e-09,2.70779e-06,0.999997,9.89188e-08,0,0,1
8.14004,2.43939,0.305484,0,0.0362336,0.731473,0.0373469,0.00779888,-0.0116614,-0.999902,0.133506,0.4,0,0,flat,0,5.13819e-09,1.08126e-05,0.999989,3.00551e-07,0,0,1
8.16004,2.44509,0.308158,0,0.0404801,0.731382,0.0413053,0.0120454,-0.0108189,-0.999869,0.13229,0.4,0,0,flat,0,1.58412e-08,5.07829e-05,0.999948,1.20175e-06,0,0,1
8.18004,2.44966,0.310792,0,0.0430189,0.731054,0.0432886,0.0145841,-0.00741279,-0.999866,0.131426,0.4,0,0,flat,0,4.01325e-08,0.000188651,0.999807,4.19456e-06,0,0,1
8.20004,2.45476,0.314258,0,0.0438522,0.730027,0.0440126,0.0154174,0.00106494,-0.999881,0.130329,0.4,0,0,flat,0,5.66362e-08,0.000292433,0.999698,9.60775e-06,0,0,1
8.22004,2.46044,0.317345,0,0.0407368,0.7293,0.0408685,0.012302,0.000600572,-0.999924,0.129906,0.4,0,0,flat,0,7.85313e-08,0.000783134,0.999206,1.03631e-05,0,0,1
8.24004,2.46654,0.319912,0,0.0359734,0.729871,0.0359794,0.00753873,-0.00287656,-0.999967,0.135131,0.4,0,0,flat,0,1.18903e-07,0.000105351,0.999874,1.99658e-05,0,0,1
8.26005,2.47206,0.322827,0,0.0345087,0.730902,0.0347401,0.00607394,0.00133798,-0.999981,0.142047,0.4,0,0,flat,0,1.05949e-07,1.297e-05,0.999981,5.69422e-06,0,0,1
8.28005,2.47829,0.326448,0,0.0332457,0.732066,0.0352613,0.00481098,0.00911357,-0.999947,0.145624,0.4,0,0,flat,0,2.51805e-07,5.73222e-06,0.999991,2.95333e-06,0,0,1
8.30005,2.48364,0.329288,0,0.0315861,0.732744,0.0363339,0.00315142,0.0153278,-0.999878,0.148269,0.4,0,0,flat,0,2.42461e-07,1.53567e-06,0.999997,1.52902e-06,0,0,1
8.32005,2.48978,0.332026,0,0.0297587,0.733078,0.0347967,0.00132398,0.0154048,-0.99988,0.147409,0.4,0,0,flat,0,2.04788e-07,3.4196e-06,0.999995,1.42554e-06,0,0,1
8.34005,2.49679,0.33459,0,0.0267016,0.733268,0.0321761,-0.00173307,0.0153229,-0.999881,0.147825,0.4,0,0,flat,0,2.2278e-07,8.52443e-06,0.99999,1.60993e-06,0,0,1
8.36005,2.5033,0.33652,0,0.0240444,0.733368,0.0310426,-0.00439032,0.0170062,-0.999846,0.151331,0.4,0,0,flat,0,2.1855e-07,1.48159e-05,0.999984,1.40734e-06,0,0,1
8.38005,2.50922,0.337996,0,0.0220989,0.733428,0.030467,-0.00633585,0.0183459,-0.999812,0.152276,0.4,0,0,flat,0,1.90647e-07,1.717e-05,0.999981,1.24119e-06,0,0,1
8.40005,2.51584,0.339331,0,0.0213985,0.733418,0.031375,-0.0070362,0.0203187,-0.999769,0.153411,0.4,0,0,flat,0,1.17851e-07,1.27891e-05,0.999986,7.85625e-07,0,0,1
8.42005,2.52258,0.340266,0,0.0221917,0.733242,0.0334782,-0.00624301,0.0224374,-0.999729,0.15653,0.4,0,0,flat,0,5.45281e-08,7.4544e-06,0.999992,3.83581e-07,0,0,1
8.44005,2.52936,0.340764,0,0.0248774,0.732741,0.0354603,-0.00355737,0.0226413,-0.999737,0.158936,0.4,0,0,flat,0,2.28125e-08,3.76629e-06,0.999996,1.76694e-07,0,0,1
8.46005,2.53643,0.340716,0,0.0276818,0.731917,0.0360968,-0.000752906,0.020537,-0.999789,0.161442,0.4,0,0,flat,0,1.16601e-08,2.3195e-06,0.999997,1.0365e-07,0,0,1
8.48005,2.54378,0.33987,0,0.0295509,0.730686,0.0337778,0.00111618,0.0137315,-0.999905,0.162196,0.4,0,0,flat,0,6.46417e-09,2.29464e-06,0.999998,8.61487e-08,0,0,1
8.50005,2.55148,0.338723,0,0.0289112,0.729308,0.0310906,0.000476438,0.00879536,-0.999961,0.166522,0.4,0,0,flat,0,1.1045e-08,6.89974e-06,0.999993,1.97287e-07,0,0,1
8.52005,2.56022,0.338147,0,0.025208,0.729061,0.0299977,-0.00322668,0.0136289,-0.999902,0.170462,0.4,0,0,flat,0,1.48392e-08,7.30204e-06,0.999992,3.38659e-07,0,0,1
8.54005,2.56651,0.337225,0,0.0259359,0.729649,0.0306542,-0.00249878,0.0137099,-0.999903,0.166558,0.4,0,0,flat,0,8.15599e-09,8.69332e-06,0.999991,2.57217e-07,0,0,1
8.56005,2.57324,0.336131,0,0.0274282,0.730431,0.0302234,-0.00100652,0.010057,-0.999949,0.159594,0.4,0,0,flat,0,4.24478e-09,3.94916e-06,0.999996,1.11742e-07,0,0,1
8.58005,2.58029,0.335601,0,0.0258162,0.731025,0.0270465,-0.00261848,0.00542152,-0.999982,0.15444,0.4,0,0,flat,0,1.94725e-09,1.17747e-06,0.999999,5.30938e-08,0,0,1
8.60005,2.58785,0.335534,0,0.0232635,0.731256,0.023466,-0.00517125,0.00040723,-0.999987,0.152307,0.4,0,0,flat,0,1.02948e-09,4.5595e-07,1,4.6741e-08,0,0,1
8.62005,2.59432,0.335867,0,0.022373,0.73113,0.0223843,-0.00606171,-0.00209408,-0.999979,0.150851,0.4,0,0,flat,0,1.17847e-09,3.04028e-07,1,4.96411e-08,0,0,1
8.64005,2.59993,0.336411,0,0.0227771,0.730913,0.0227829,-0.00565758,-0.00294372,-0.99998,0.149051,0.4,0,0,flat,0,1.26972e-09,1.98837e-07,1,3.92824e-08,0,0,1
8.66005,2.60609,0.337134,0,0.0242551,0.730741,0.0242702,-0.00417959,-0.00333806,-0.999986,0.147506,0.4,0,0,flat,0,1.25743e-09,1.90317e-07,1,3.28715e-08,0,0,1
8.68005,2.61224,0.337987,0,0.0262711,0.730751,0.0263431,-0.00216361,-0.00450701,-0.999987,0.14604,0.4,0,0,flat,0,1.23719e-09,3.18143e-07,1,3.52039e-08,0,0,1
8.70006,2.61837,0.339054,0,0.0285374,0.730909,0.0288468,0.00010265,-0.00680743,-0.999977,0.144469,0.4,0,0,flat,0,1.42995e-09,8.73626e-07,0.999999,5.47614e-08,0,0,1
8.72006,2.62441,0.340469,0,0.0313113,0.731105,0.0321835,0.0028766,-0.0100439,-0.999945,0.14267,0.4,0,0,flat,0,2.39089e-09,3.03043e-06,0.999997,1.17335e-07,0,0,1
8.74006,2.63026,0.342415,0,0.0339402,0.731167,0.0352698,0.00550545,-0.0122061,-0.99991,0.140802,0.4,0,0,flat,0,6.17765e-09,1.42348e-05,0.999985,3.39423e-07,0,0,1
8.76006,2.63587,0.344914,0,0.0371946,0.731117,0.0384078,0.0087599,-0.0121818,-0.999887,0.139758,0.4,0,0,flat,0,1.94628e-08,6.08573e-05,0.999938,1.49363e-06,0,0,1
8.78006,2.64171,0.348255,0,0.040563,0.730759,0.0409385,0.0121283,-0.00812535,-0.999893,0.139551,0.4,0,0,flat,0,4.88999e-08,0.000260305,0.999734,5.91181e-06,0,0,1
8.80006,2.64647,0.35153,0,0.0421358,0.729838,0.0422698,0.0137011,0.000667394,-0.999906,0.138818,0.4,0,0,flat,0,7.3313e-08,0.000438731,0.999548,1.32e-05,0,0,1
8.82006,2.65238,0.354863,0,0.0392367,0.728974,0.0393948,0.010802,0.000827344,-0.999941,0.137901,0.4,0,0,flat,0,1.01171e-07,0.000797317,0.999189,1.33222e-05,0,0,1
8.84006,2.65939,0.357955,0,0.0337807,0.729464,0.0338008,0.00534595,-0.00364787,-0.999979,0.141804,0.4,0,0,flat,0,1.57677e-07,0.000112733,0.999861,2.57156e-05,0,0,1
8.86006,2.6646,0.360714,0,0.0323336,0.730313,0.0324216,0.00389885,-0.00030202,-0.999992,0.148964,0.4,0,0,flat,0,1.59131e-07,1.46177e-05,0.999977,8.21821e-06,0,0,1
8.88006,2.67049,0.364022,0,0.0308847,0.731373,0.032228,0.00244997,0.0065664,-0.999975,0.153949,0.4,0,0,flat,0,2.73582e-07,3.97831e-06,0.999992,3.42893e-06,0,0,1
8.90006,2.67669,0.367169,0,0.0287312,0.732176,0.031749,0.000296464,0.0108779,-0.999941,0.155959,0.4,0,0,flat,0,2.31959e-07,1.18206e-06,0.999997,1.79119e-06,0,0,1
8.92006,2.68309,0.36985,0,0.0263637,0.73261,0.0301246,-0.00207104,0.0119471,-0.999927,0.157852,0.4,0,0,flat,0,1.95325e-07,2.08039e-06,0.999996,1.55681e-06,0,0,1
8.94006,2.68897,0.371904,0,0.0239216,0.732861,0.0282475,-0.00451315,0.0123933,-0.999913,0.159876,0.4,0,0,flat,0,2.09109e-07,5.5446e-06,0.999993,1.70554e-06,0,0,1
8.96006,2.69631,0.374065,0,0.0216357,0.733095,0.0270817,-0.00679905,0.0136584,-0.999884,0.162143,0.4,0,0,flat,0,2.25712e-07,1.04989e-05,0.999987,1.80187e-06,0,0,1
8.98006,2.70309,0.375682,0,0.0199285,0.733196,0.0269449,-0.00850619,0.0155057,-0.999844,0.164314,0.4,0,0,flat,0,1.97976e-07,1.42859e-05,0.999984,1.50478e-06,0,0,1
9.00006,2.70998,0.376975,0,0.0191551,0.733179,0.027633,-0.00927961,0.0172873,-0.999807,0.165738,0.4,0,0,flat,0,1.23536e-07,1.15546e-05,0.999987,8.7815e-07,0,0,1
9.02006,2.71762,0.377929,0,0.0200269,0.732944,0.0295169,-0.00840786,0.0190528,-0.999783,0.168698,0.4,0,0,flat,0,5.83453e-08,6.9807e-06,0.999993,4.05426e-07,0,0,1
9.04006,2.72395,0.378308,0,0.0223526,0.732504,0.0312322,-0.00608217,0.0191846,-0.999797,0.17133,0.4,0,0,flat,0,2.44682e-08,3.75303e-06,0.999996,1.7491e-07,0,0,1
9.06006,2.7311,0.378151,0,0.025367,0.731688,0.0315909,-0.00306774,0.0161984,-0.999864,0.172787,0.4,0,0,flat,0,1.01565e-08,2.14837e-06,0.999998,8.29929e-08,0,0,1
9.08006,2.73928,0.377064,0,0.0275032,0.730252,0.0299738,-0.000931555,0.00928205,-0.999956,0.173804,0.4,0,0,flat,0,6.56757e-09,1.90806e-06,0.999998,7.71194e-08,0,0,1
9.10006,2.74722,0.376027,0,0.0259749,0.728987,0.0276912,-0.0024598,0.00696174,-0.999973,0.180618,0.4,0,0,flat,0,1.1029e-08,4.21776e-06,0.999996,1.52874e-07,0,0,1
9.12006,2.75429,0.375517,0,0.0235153,0.728833,0.0273446,-0.00491941,0.011324,-0.999924,0.183523,0.4,0,0,flat,0,1.10359e-08,2.32148e-06,0.999997,2.19473e-07,0,0,1
9.14007,2.76131,0.37457,0,0.0241108,0.729406,0.0278372,-0.0043239,0.0112813,-0.999927,0.177602,0.4,0,0,flat,0,7.29903e-09,4.21615e-06,0.999996,1.54908e-07,0,0,1
9.16007,2.7681,0.373665,0,0.0247128,0.7301,0.0271433,-0.00372194,0.0085882,-0.999956,0.172532,0.4,0,0,flat,0,2.08057e-09,1.10123e-06,0.999999,4.46482e-08,0,0,1
9.18007,2.77582,0.373418,0,0.0225873,0.730671,0.0234584,-0.00584737,0.00368161,-0.999976,0.167273,0.4,0,0,flat,0,1.15875e-09,3.72357e-07,1,2.49171e-08,0,0,1
9.20007,2.78255,0.373725,0,0.0202987,0.730851,0.0203887,-0.00813604,-0.000773471,-0.999967,0.163932,0.4,0,0,flat,0,8.55553e-10,1.90439e-07,1,2.29919e-08,0,0,1
9.22007,2.78887,0.374391,0,0.0199564,0.730724,0.0199662,-0.00847836,-0.0021541,-0.999962,0.162291,0.4,0,0,flat,0,1.06511e-09,1.34088e-07,1,2.56412e-08,0,0,1
9.24007,2.79438,0.375171,0,0.0209155,0.730523,0.0209225,-0.00751922,-0.00223807,-0.999969,0.161293,0.4,0,0,flat,0,1.14648e-09,1.06109e-07,1,2.45721e-08,0,0,1
9.26007,2.80047,0.376189,0,0.0227521,0.730416,0.0227593,-0.00568262,-0.00239556,-0.999981,0.160369,0.4,0,0,flat,0,1.10294e-09,1.21885e-07,1,2.26976e-08,0,0,1
9.28007,2.80659,0.377386,0,0.0248264,0.730515,0.0248527,-0.00360833,-0.00368431,-0.999987,0.158851,0.4,0,0,flat,0,1.06943e-09,2.10815e-07,1,2.51982e-08,0,0,1
9.30007,2.81266,0.378785,0,0.0272189,0.730745,0.0274425,-0.00121579,-0.00607078,-0.999981,0.156906,0.4,0,0,flat,0,1.2251e-09,5.80495e-07,0.999999,4.03353e-08,0,0,1
9.32007,2.81867,0.380534,0,0.0296291,0.731,0.030314,0.00119436,-0.00901248,-0.999959,0.15514,0.4,0,0,flat,0,2.26682e-09,2.50212e-06,0.999997,9.43401e-08,0,0,1
9.34007,2.8244,0.382747,0,0.0328664,0.731157,0.0338959,0.00443167,-0.0108982,-0.999931,0.154553,0.4,0,0,flat,0,5.29099e-09,9.02974e-06,0.999991,3.2012e-07,0,0,1
9.36007,2.82971,0.385503,0,0.0371301,0.731102,0.0379157,0.00869535,-0.0102854,-0.999909,0.153547,0.4,0,0,flat,0,1.76995e-08,4.53875e-05,0.999953,1.45693e-06,0,0,1
9.38007,2.83433,0.388437,0,0.0403846,0.730827,0.0406198,0.0119499,-0.00695058,-0.999904,0.152884,0.4,0,0,flat,0,4.5366e-08,0.000198208,0.999796,5.33322e-06,0,0,1
9.40007,2.84064,0.393132,0,0.0415598,0.729643,0.0418246,0.013125,0.00204104,-0.999912,0.151426,0.4,0,0,flat,0,5.75362e-08,0.000296096,0.999692,1.14955e-05,0,0,1
9.42007,2.84594,0.396358,0,0.0383669,0.728932,0.0386739,0.00993218,0.00220907,-0.999948,0.150767,0.4,0,0,flat,0,8.74089e-08,0.000648299,0.999338,1.38979e-05,0,0,1
9.44007,2.8521,0.399297,0,0.0340771,0.729381,0.0341045,0.00564234,-0.00138755,-0.999983,0.155601,0.4,0,0,flat,0,1.63086e-07,0.000104344,0.999865,2.99773e-05,0,0,1
9.46007,2.85736,0.402049,0,0.0320219,0.730195,0.0322723,0.00358721,0.00135445,-0.999993,0.162635,0.4,0,0,flat,0,1.90426e-07,1.21676e-05,0.999981,7.0218e-06,0,0,1
9.48007,2.864,0.405666,0,0.0291685,0.731249,0.0308848,0.000733799,0.00750904,-0.999972,0.16749,0.4,0,0,flat,0,2.3751e-07,2.0675e-06,0.999995,2.95375e-06,0,0,1
9.50007,2.87022,0.408771,0,0.0267651,0.731922,0.0301977,-0.00166961,0.0113503,-0.999934,0.170693,0.4,0,0,flat,0,1.89885e-07,7.94596e-07,0.999997,1.60247e-06,0,0,1
9.52007,2.87722,0.411657,0,0.0246341,0.732319,0.0288096,-0.00380064,0.0123077,-0.999917,0.174359,0.4,0,0,flat,0,1.6881e-07,1.48343e-06,0.999997,1.30739e-06,0,0,1
9.54007,2.88316,0.413734,0,0.0225899,0.732557,0.0269582,-0.00584482,0.0120792,-0.99991,0.175137,0.4,0,0,flat,0,1.82563e-07,3.27179e-06,0.999995,1.40326e-06,0,0,1
9.56007,2.88994,0.415784,0,0.0203062,0.732829,0.0256877,-0.00812849,0.0131036,-0.999881,0.176284,0.4,0,0,flat,0,2.22286e-07,7.05977e-06,0.999991,1.61345e-06,0,0,1
9.58008,2.89681,0.417452,0,0.0189024,0.733031,0.0259234,-0.00953235,0.0151126,-0.99984,0.17879,0.4,0,0,flat,0,2.07327e-07,1.11999e-05,0.999987,1.48844e-06,0,0,1
9.60008,2.9038,0.418716,0,0.018682,0.733095,0.0273969,-0.00975276,0.0174097,-0.999801,0.182562,0.4,0,0,flat,0,1.31206e-07,1.11732e-05,0.999988,1.00445e-06,0,0,1
9.62008,2.9109,0.419624,0,0.019812,0.732938,0.0295673,-0.0086227,0.0193215,-0.999776,0.186397,0.4,0,0,flat,0,6.30008e-08,7.4317e-06,0.999992,4.73524e-07,0,0,1
9.64008,2.91807,0.420153,0,0.0223776,0.732486,0.0313712,-0.00605711,0.019356,-0.999794,0.188338,0.4,0,0,flat,0,2.73746e-08,3.95216e-06,0.999996,1.99024e-07,0,0,1
9.66008,2.92529,0.420052,0,0.0260671,0.731635,0.0320833,-0.0023676,0.0160754,-0.999868,0.189348,0.4,0,0,flat,0,1.11065e-08,2.2981e-06,0.999998,9.27419e-08,0,0,1
9.68008,2.93383,0.419598,0,0.0278154,0.73102,0.032647,-0.000619272,0.0144625,-0.999895,0.192798,0.4,0,0,flat,0,6.148e-09,1.33648e-06,0.999999,6.67704e-08,0,0,1
9.70008,2.94045,0.419183,0,0.032028,0.731271,0.0369053,0.00359327,0.0157047,-0.99987,0.190563,0.4,0,0,flat,0,4.06266e-09,1.21688e-06,0.999999,6.68566e-08,0,0,1
9.72008,2.94696,0.41818,0,0.0382427,0.732163,0.0422162,0.00980794,0.0152464,-0.999836,0.185505,0.4,0,0,flat,0,7.40563e-09,5.25561e-06,0.999995,1.18951e-07,0,0,1
9.74008,2.95313,0.417024,0,0.0439038,0.733824,0.047511,0.015469,0.0155213,-0.99976,0.176637,0.4,0,0,flat,0,1.13862e-08,6.82034e-06,0.999993,1.15408e-07,0,0,1
9.76008,2.95949,0.415725,0,0.046177,0.735177,0.0480203,0.0177423,0.0105306,-0.999787,0.180034,0.4,0,0,flat,0,3.06276e-09,8.60492e-07,0.999999,5.24001e-08,0,0,1
9.78008,2.96561,0.415399,0,0.0445883,0.735986,0.0449509,0.0161536,0.00303824,-0.999865,0.179538,0.4,0,0,flat,0,2.57429e-09,1.03373e-07,1,7.66384e-08,0,0,1
9.80008,2.97112,0.415973,0,0.0421822,0.736396,0.0421893,0.0137475,-0.00221453,-0.999903,0.17509,0.4,0,0,flat,0,1.80418e-09,2.98324e-08,1,7.23118e-08,0,0,1
9.82008,2.97596,0.417012,0,0.0407287,0.736443,0.0407429,0.012294,-0.00348046,-0.999918,0.171125,0.4,0,0,flat,0,1.03927e-09,1.00435e-08,1,3.68474e-08,0,0,1
9.84008,2.98022,0.41831,0,0.040431,0.736349,0.0404359,0.0119963,-0.00284616,-0.999924,0.167919,0.4,0,0,flat,0,6.79319e-10,1.08851e-08,1,1.82639e-08,0,0,1
9.86008,2.9841,0.41991,0,0.0406221,0.73631,0.0406315,0.0121874,-0.00196099,-0.999924,0.165422,0.4,0,0,flat,0,8.20397e-10,4.0927e-08,1,1.71826e-08,0,0,1
9.88008,2.98762,0.421875,0,0.0408975,0.736334,0.0409108,0.0124628,-0.00175357,-0.999921,0.163522,0.4,0,0,flat,0,1.32356e-09,3.16537e-07,1,3.03505e-08,0,0,1
9.90008,2.99077,0.424241,0,0.0410739,0.736352,0.0410781,0.0126391,-0.00246105,-0.999917,0.163037,0.4,0,0,flat,0,2.35674e-09,2.65946e-06,0.999997,8.74427e-08,0,0,1
9.92008,2.99355,0.427124,0,0.0409958,0.736377,0.0410011,0.0125611,-0.00293231,-0.999917,0.163786,0.4,0,0,flat,0,4.39915e-09,1.68702e-05,0.999983,2.78822e-07,0,0,1
9.94008,2.99622,0.431041,0,0.0404759,0.73656,0.0404815,0.0120412,-0.00220792,-0.999925,0.163248,0.4,0,0,flat,0,9.26767e-09,5.92047e-05,0.99994,8.84099e-07,0,0,1
9.96008,2.99849,0.43533,0,0.0388241,0.736984,0.0388538,0.0103894,-0.00126524,-0.999945,0.159651,0.4,0,0,flat,0,1.97574e-08,0.00012597,0.999872,2.42916e-06,0,0,1
9.98008,3.00049,0.439817,0,0.0358099,0.737724,0.0358466,0.00737522,-0.00110172,-0.999972,0.152586,0.4,0,0,flat,0,2.46346e-08,0.000159324,0.999837,3.89775e-06,0,0,1
10.0001,3.00231,0.44546,0,0.0337847,0.738884,0.0343136,0.00535,0.00334871,-0.99998,0.145251,0.4,0,0,flat,0,4.28297e-08,8.0591e-05,0.999914,5.72386e-06,0,0,1
10.0201,3.00361,0.451455,0,0.0347125,0.739703,0.0396738,0.00627783,0.0165781,-0.999843,0.143424,0.4,0,0,flat,0,6.86126e-08,5.17319e-06,0.999989,5.34366e-06,0,0,1
10.0401,3.00459,0.45752,0,0.0377962,0.739106,0.050952,0.00936143,0.0315362,-0.999459,0.144393,0.4,0,0,flat,0,1.4241e-07,7.80902e-08,0.999997,2.81553e-06,0,0,1
10.0601,3.00599,0.462055,0,0.0384345,0.739432,0.0437067,0.00999975,0.0181738,-0.999785,0.146226,0.4,0,0,flat,0,3.33519e-07,7.16527e-08,0.999996,3.46279e-06,0,0,1
10.0801,3.0079,0.466868,0,0.0325248,0.740052,0.0369263,0.0040901,0.0148518,-0.999881,0.145064,0.4,0,0,flat,0,5.89927e-07,3.51748e-07,0.999994,5.25841e-06,0,0,1
10.1001,3.00931,0.471262,0,0.0273832,0.741042,0.0363486,-0.00105149,0.0212763,-0.999773,0.147855,0.4,0,0,flat,0,6.76652e-07,4.22811e-08,0.999998,1.07015e-06,0,0,1
10.1201,3.01048,0.47557,0,0.0229555,0.742238,0.0376094,-0.00547926,0.0271642,-0.999616,0.149841,0.4,0,0,flat,0,4.69515e-07,2.67013e-09,0.999999,2.57668e-07,0,0,1
10.1401,3.01152,0.479551,0,0.0180677,0.743262,0.0365482,-0.010367,0.0291413,-0.999522,0.149336,0.4,0,0,flat,0,4.7227e-07,8.30069e-10,0.999999,1.74198e-07,0,0,1
10.1601,3.01242,0.482275,0,0.0124032,0.743816,0.034711,-0.0160315,0.0297919,-0.999428,0.149714,0.4,0,0,flat,0,6.46501e-07,9.78497e-10,0.999999,2.74985e-07,0,0,1
10.1801,3.01346,0.484738,0,0.00475102,0.744185,0.0343883,-0.0236837,0.0314277,-0.999225,0.153116,0.4,0,0,flat,0,7.44808e-07,9.3519e-10,0.999999,3.11744e-07,0,0,1
10.2001,3.01441,0.486807,0,-0.00267963,0.744482,0.0375872,-0.0311143,0.0348563,-0.998908,0.156992,0.4,0,0,flat,0,4.99646e-07,5.09644e-10,0.999999,2.06384e-07,0,0,1
10.2201,3.01491,0.488537,0,-0.00645778,0.74474,0.0415485,-0.0348925,0.0384034,-0.998653,0.158245,0.4,0,0,flat,0,2.32377e-07,3.56421e-10,1,1.00836e-07,0,0,1
10.2401,3.01518,0.489921,0,-0.00615113,0.745065,0.0441397,-0.0345859,0.0410686,-0.998558,0.157794,0.4,0,0,flat,0,9.22228e-08,3.56316e-10,1,5.24513e-08,0,0,1
10.2601,3.01531,0.491055,0,-0.00195936,0.745447,0.0451058,-0.0303941,0.0424233,-0.998637,0.153918,0.4,0,0,flat,0,6.63055e-08,1.42141e-09,1,5.65279e-08,0,0,1
10.2801,3.01553,0.492026,0,0.00487173,0.745896,0.0470215,-0.023563,0.0441316,-0.998748,0.148024,0.4,0,0,flat,0,7.06433e-08,6.88231e-09,1,9.51934e-08,0,0,1
10.3001,3.01601,0.492941,0,0.0124901,0.746505,0.0530898,-0.0159446,0.048959,-0.998673,0.141598,0.4,0,0,flat,0,1.07094e-07,5.13467e-08,1,2.71578e-07,0,0,1
10.3201,3.01641,0.493355,0,0.020802,0.747074,0.0585095,-0.00763269,0.0520427,-0.998616,0.134606,0.4,0,0,flat,0,2.07486e-07,3.84955e-07,0.999999,8.13182e-07,0,0,1
10.3401,3.0161,0.492879,0,0.0305833,0.747592,0.0587668,0.00214853,0.0475409,-0.998867,0.126648,0.4,0,0,flat,0,2.14934e-07,7.53192e-07,0.999998,1.37562e-06,0,0,1
10.3601,3.01553,0.491942,0,0.0358961,0.747871,0.0543366,0.0074614,0.0381552,-0.999244,0.121822,0.4,0,0,flat,0,4.05225e-07,9.63855e-07,0.999997,1.79342e-06,0,0,1
10.3801,3.01486,0.490968,0,0.0367206,0.747651,0.0463085,0.00828591,0.0255814,-0.999638,0.117943,0.4,0,0,flat,0,8.02955e-07,2.09816e-07,0.999998,1.15525e-06,0,0,1
10.4001,3.01407,0.490566,0,0.0332042,0.746289,0.037315,0.00476949,0.0143941,-0.999885,0.112226,0.4,0,0,flat,0,6.7984e-07,4.31125e-09,0.999999,3.7233e-07,0,0,1
10.4201,3.01276,0.491087,0,0.0280237,0.744149,0.0308403,-0.00041103,0.0102405,-0.999947,0.105817,0.4,0,0,flat,0,7.24448e-07,1.54051e-10,0.999999,1.59594e-07,0,0,1
10.4401,3.01075,0.492706,0,0.0223097,0.743318,0.0310618,-0.00612504,0.0189847,-0.999801,0.103405,0.4,0,0,flat,0,1.481e-06,1.2932e-11,0.999998,1.1402e-07,0,0,1
10.4601,3.00829,0.494015,0,0.0174337,0.743196,0.0295875,-0.0110011,0.0212773,-0.999713,0.102362,0.4,0,0,flat,0,1.29228e-07,1.64688e-12,1,1.48789e-08,0,0,1
10.4801,3.00561,0.495607,0,0.0118478,0.743404,0.0267205,-0.0165869,0.0213232,-0.999635,0.0990708,0.4,0,0,flat,0,3.80229e-08,1.23334e-12,1,3.43014e-09,0,0,1
10.5001,3.00279,0.49752,0,0.0071377,0.743579,0.0256831,-0.021297,0.0220454,-0.99953,0.0974939,0.4,0,0,flat,0,4.542e-08,2.26636e-12,1,3.20255e-09,0,0,1
10.5201,2.99974,0.499731,0,0.00224587,0.74351,0.0266043,-0.0261889,0.0238819,-0.999372,0.0968191,0.4,0,0,flat,0,1.21733e-07,4.90005e-12,1,8.82276e-09,0,0,1
10.5401,2.99648,0.50209,0,-0.00239928,0.742987,0.0304395,-0.030834,0.0277144,-0.99914,0.0984826,0.4,0,0,flat,0,5.12292e-07,1.22931e-11,1,4.51709e-08,0,0,1
10.5601,2.99316,0.504902,0,-0.00786534,0.741809,0.037538,-0.0363001,0.0340669,-0.99876,0.101506,0.4,0,0,flat,0,6.47742e-06,3.04438e-11,0.999993,4.80577e-07,0,0,1
10.5801,2.98987,0.50873,0,-0.0148077,0.739878,0.0477501,-0.0432425,0.0427436,-0.99815,0.102835,0.4,0,0,flat,0,0.000868865,1.21256e-10,0.999113,1.83879e-05,0,0,1
10.6001,2.98645,0.51402,0,-0.0219449,0.737201,0.06134,-0.0503796,0.0545966,-0.997237,0.103096,0.4,0,0,flat,0,0.0628602,3.67738e-10,0.936768,0.000371263,0,0,1
10.6201,2.98245,0.518272,0,-0.0262924,0.736601,0.0545262,-0.0547271,0.0450878,-0.997483,0.104243,0.4,0,0,flat,0,0.53423,5.32451e-10,0.464404,0.00136648,0,0,1
10.6401,2.97828,0.523383,0,-0.0292796,0.73732,0.0483988,-0.0577144,0.0358597,-0.997689,0.0959849,0.4,0,0,flat,0,0.0851117,9.97069e-10,0.914678,0.000210031,0,0,1
10.6601,2.97357,0.529231,0,-0.0257288,0.738828,0.0475825,-0.0541635,0.0373584,-0.997833,0.0910328,0.4,0,0,flat,0,0.573565,2.55446e-09,0.426163,0.000272277,0,0,1
10.6801,2.96899,0.534719,0,-0.0190914,0.740804,0.0473135,-0.0475262,0.0406317,-0.998043,0.0898575,0.4,0,0,flat,0,0.752134,4.86653e-09,0.247647,0.000219343,0,0,1
10.7001,2.96452,0.54016,0,-0.0137531,0.742887,0.0482804,-0.0421878,0.0436284,-0.998157,0.089003,0.4,0,0,flat,0,0.672391,6.94011e-09,0.327373,0.000235551,0,0,1
10.7201,2.96132,0.544125,0,-0.012147,0.744186,0.0504084,-0.0405817,0.0462691,-0.998104,0.0877867,0.4,0,0,flat,0,0.691827,9.66534e-09,0.307912,0.000261263,0,0,1
10.7401,2.95797,0.54796,0,-0.0137666,0.745078,0.0526545,-0.0422013,0.0481644,-0.997948,0.0870054,0.4,0,0,flat,0,0.721066,1.27164e-08,0.278623,0.000311099,0,0,1
10.7601,2.95415,0.551405,0,-0.0169107,0.745414,0.0532681,-0.0453454,0.0478494,-0.997825,0.0858014,0.4,0,0,flat,0,0.790934,1.34499e-08,0.208649,0.00041718,0,0,1
10.7801,2.95091,0.553645,0,-0.0195624,0.745335,0.0526398,-0.0479971,0.0462047,-0.997778,0.0851015,0.4,0,0,flat,0,0.89429,8.03541e-09,0.105186,0.000523497,0,0,1
10.8001,2.94712,0.555585,0,-0.0213884,0.744983,0.050582,-0.0498231,0.0431721,-0.997825,0.08396,0.4,0,0,flat,0,0.932607,7.58755e-09,0.0668957,0.000497015,0,0,1
10.8201,2.94312,0.556975,0,-0.02082,0.744433,0.0469657,-0.0492547,0.0394391,-0.998007,0.0842158,0.4,0,0,flat,0,0.920805,1.6601e-08,0.078709,0.000485657,0,0,1
10.8401,2.93844,0.558011,0,-0.0164628,0.74362,0.0386631,-0.0448975,0.0323364,-0.998468,0.0852955,0.4,0,0,slope_up,0,0.827904,7.00647e-08,0.171472,0.000623895,0.1,0,0.9
10.8601,2.93404,0.558613,0,-0.0104315,0.742694,0.0273424,-0.0388662,0.0226394,-0.998988,0.0859024,0.4,0,0,slope_up,0,0.628884,1.47477e-07,0.370653,0.000463011,0.2,0,0.8
10.8801,2.92967,0.559047,0,-0.00144061,0.741704,0.010781,-0.0298753,0.00805593,-0.999521,0.0876719,0.4,0,0,slope_up,0,0.404419,1.76643e-07,0.595367,0.000213412,0.3,0,0.7
10.9001,2.92586,0.559424,0,0.00639752,0.740766,0.00695695,-0.0220372,-0.00533924,-0.999743,0.088955,0.4,0,0,slope_up,0,0.184942,8.92434e-08,0.814997,6.02776e-05,0.4,0,0.6
10.9201,2.92171,0.559865,0,0.0154987,0.739561,0.0246818,-0.012936,-0.0218329,-0.999678,0.0889121,0.4,0,0,slope_up,0,0.105516,4.66021e-08,0.894463,2.08126e-05,0.5,0,0.5
10.9401,2.91766,0.560208,0,0.0247934,0.737986,0.0461693,-0.00364131,-0.0415633,-0.999129,0.0862603,0.4,0,0,slope_up,0,0.102303,4.10865e-08,0.897683,1.38209e-05,0.6,0,0.4
10.9601,2.91316,0.560749,0,0.034211,0.736077,0.0686661,0.00577624,-0.0621254,-0.998052,0.0798783,0.4,0,0,slope_up,0,0.146538,6.38121e-08,0.853442,1.95395e-05,0.7,0,0.3
10.9801,2.91033,0.562264,0,0.0364105,0.736631,0.0658973,0.0079758,-0.0575203,-0.998312,0.0811764,0.4,0,0,slope_up,0,0.947221,7.8795e-08,0.0527537,2.55257e-05,0.8,0,0.2
11.0001,2.90886,0.56239,0,0.0306088,0.737198,0.0608842,0.00217404,-0.0552318,-0.998471,0.0816416,0.4,0,0,slope_up,0,0.901369,1.50145e-08,0.0985559,7.47477e-05,0.9,0,0.1
11.0201,2.90794,0.561525,0,0.024782,0.737494,0.0578132,-0.0036527,-0.0548355,-0.998489,0.0649493,0.4,0,0,slope_up,0,0.82768,1.58247e-08,0.172252,6.82244e-05,1,0,0
11.0401,2.90754,0.560287,0,0.0205567,0.738514,0.0577699,-0.00787798,-0.0565899,-0.998366,0.0432819,0.4,0,0,slope_up,0,0.992763,9.40031e-08,0.00720453,3.28401e-05,1,0,0
11.0601,2.90727,0.558991,0,0.0212711,0.740715,0.0618493,-0.00716365,-0.060672,-0.998132,0.0284442,0.4,0,0,slope_up,0,0.999719,1.36899e-07,0.0002471,3.35169e-05,1,0,0
11.0801,2.90698,0.558411,0,0.0270581,0.742927,0.0686131,-0.00137666,-0.0656378,-0.997843,0.0219566,0.4,0,0,slope_up,0,0.999863,8.24822e-08,7.62181e-05,6.03304e-05,1,0,0
11.1001,2.90687,0.558967,0,0.0378383,0.745598,0.0794811,0.00940357,-0.0724601,-0.997327,0.0158739,0.4,0,0,slope_up,0,0.999907,1.65177e-08,3.96881e-05,5.28466e-05,1,0,0
11.1201,2.90709,0.560374,0,0.0484108,0.747404,0.090566,0.019976,-0.0790744,-0.996669,0.011612,0.4,0,0,slope_up,0,0.999881,3.67909e-09,3.52304e-05,8.38447e-05,1,0,0
11.1401,2.90781,0.56271,0,0.0603896,0.748678,0.102567,0.0319548,-0.0853876,-0.995835,0.00908986,0.4,0,0,slope_up,0,0.99979,1.32105e-09,6.14231e-05,0.000148359,1,0,0
11.1601,2.90942,0.565822,0,0.0716402,0.748788,0.11412,0.0432055,-0.0912516,-0.99489,0.00977605,0.4,0,0,slope_up,0,0.999751,5.93368e-10,8.38984e-05,0.000165108,1,0,0
11.1801,2.91147,0.568642,0,0.0782668,0.747664,0.119675,0.049832,-0.0929164,-0.994426,0.0139386,0.4,0,0,slope_up,0,0.999751,2.10075e-10,9.4881e-05,0.000153995,1,0,0
11.2001,2.91447,0.572522,0,0.0824127,0.746054,0.115527,0.053978,-0.0833668,-0.995056,0.0213045,0.4,0,0,slope_up,0,0.999766,8.35695e-11,6.76562e-05,0.000166272,1,0,0
11.2201,2.91755,0.577012,0,0.086318,0.744648,0.107213,0.0578832,-0.0660347,-0.996137,0.0236494,0.4,0,0,slope_up,0,0.999825,3.77564e-11,5.42846e-06,0.000169873,1,0,0
11.2401,2.92076,0.581987,0,0.0907688,0.742479,0.100138,0.0623341,-0.0447403,-0.997052,0.0249074,0.4,0,0,slope_up,0,0.999841,1.12853e-10,1.62493e-06,0.000156964,1,0,0
11.2601,2.92358,0.584546,0,0.0925061,0.741283,0.100871,0.0640714,-0.0426543,-0.997033,0.02381,0.4,0,0,slope_up,0,0.999802,6.92294e-10,1.46137e-06,0.000196801,1,0,0
11.2801,2.92669,0.586349,0,0.0883971,0.740466,0.0973425,0.0599624,-0.0432275,-0.997264,0.023354,0.4,0,0,slope_up,0,0.99932,9.91471e-08,1.9349e-05,0.000660839,1,0,0
11.3001,2.93046,0.588191,0,0.0822734,0.73962,0.0877198,0.0538387,-0.0329304,-0.998007,0.0342441,0.4,0,0,slope_up,0,0.9998,4.38667e-07,4.06597e-06,0.000195227,1,0,0
11.3201,2.93452,0.589807,0,0.077892,0.73908,0.0809465,0.0494573,-0.0245398,-0.998475,0.0353496,0.4,0,0,slope_up,0,0.999912,2.37728e-07,1.69502e-06,8.64121e-05,1,0,0
11.3401,2.93735,0.590695,0,0.0774807,0.739192,0.0798115,0.049046,-0.0216553,-0.998562,0.0321229,0.4,0,0,slope_up,0,0.999977,1.46143e-08,2.09194e-07,2.27843e-05,1,0,0
11.3601,2.94158,0.591677,0,0.0781811,0.739934,0.0796176,0.0497464,-0.0175377,-0.998608,0.0314925,0.4,0,0,slope_up,0,0.999995,1.27682e-09,4.52062e-08,5.40659e-06,1,0,0
11.3801,2.94589,0.592383,0,0.0793383,0.740905,0.0798227,0.0509036,-0.0111507,-0.998641,0.0322264,0.4,0,0,slope_up,0,0.999997,1.52261e-10,2.73927e-08,2.7662e-06,1,0,0
11.4001,2.95061,0.592825,0,0.0807173,0.741926,0.0807916,0.0522825,-0.00534714,-0.998618,0.0317934,0.4,0,0,slope_up,0,0.999998,3.78681e-11,1.14656e-08,2.30365e-06,1,0,0
11.4201,2.95568,0.592897,0,0.0819159,0.742878,0.0819575,0.0534811,-0.00124411,-0.998568,0.0310734,0.4,0,0,slope_up,0,0.999996,2.64899e-11,9.49187e-09,3.85234e-06,1,0,0
11.4401,2.96108,0.592602,0,0.0829021,0.743628,0.0830877,0.0544673,0.00243376,-0.998513,0.0299798,0.4,0,0,slope_up,0,0.99999,3.02966e-11,2.38283e-08,9.70816e-06,1,0,0
11.4601,2.96714,0.591853,0,0.0840627,0.743985,0.0843805,0.055628,0.00430707,-0.998442,0.0282709,0.4,0,0,slope_up,0,0.999984,3.22753e-11,4.24704e-08,1.60814e-05,1,0,0
11.4801,2.97225,0.590954,0,0.0844829,0.743807,0.0847749,0.0560482,0.00398346,-0.99842,0.0262845,0.4,0,0,slope_up,0,0.999983,3.22316e-11,5.81861e-08,1.66218e-05,1,0,0
11.5001,2.97822,0.589679,0,0.0834335,0.742994,0.0835632,0.0549988,0.00141141,-0.998485,0.0231504,0.4,0,0,slope_up,0,0.999979,3.90746e-11,9.35415e-08,2.08503e-05,1,0,0
11.5201,2.98449,0.58825,0,0.0804547,0.741742,0.0805141,0.05202,-0.000381675,-0.998646,0.0227987,0.4,0,0,slope_up,0,0.999975,1.20828e-10,1.69886e-07,2.44392e-05,1,0,0
11.5401,2.99123,0.58701,0,0.0749558,0.740597,0.075263,0.046521,0.00392216,-0.99891,0.0270022,0.4,0,0,slope_up,0,0.999918,2.00386e-10,1.26062e-06,8.03849e-05,1,0,0
11.5601,2.99734,0.586427,0,0.072282,0.739939,0.0733424,0.0438472,0.00969257,-0.998991,0.0236189,0.4,0,0,slope_up,0,0.999924,3.83334e-10,3.72243e-06,7.24978e-05,1,0,0
11.5801,3.00345,0.586461,0,0.0709024,0.740198,0.0729476,0.0424677,0.0144478,-0.998993,0.0135553,0.4,0,0,slope_up,0,0.999964,3.8375e-10,1.25557e-06,3.52336e-05,1,0,0
11.6001,3.00953,0.586317,0,0.0723072,0.741053,0.073714,0.0438725,0.0116046,-0.99897,0.00676371,0.4,0,0,slope_up,0,0.999985,6.44978e-10,9.93834e-08,1.52853e-05,1,0,0
11.6201,3.01551,0.586308,0,0.0761835,0.742108,0.0768111,0.0477488,0.00699184,-0.998835,0.00581659,0.4,0,0,slope_up,0,0.999957,3.23553e-09,4.69498e-07,4.22844e-05,1,0,0
11.6401,3.02152,0.58683,0,0.0820228,0.743007,0.0821698,0.0535881,0.0017544,-0.998562,0.00467359,0.4,0,0,slope_up,0,0.999932,8.36377e-09,2.41646e-06,6.54083e-05,1,0,0
11.6601,3.0276,0.587814,0,0.0882407,0.743641,0.0882915,0.059806,-0.00399609,-0.998202,0.00273251,0.4,0,0,slope_up,0,0.999915,2.17563e-08,9.41856e-06,7.50358e-05,1,0,0
11.6801,3.03359,0.589088,0,0.0947072,0.744002,0.0950495,0.0662725,-0.0100172,-0.997751,0.00144302,0.4,0,0,slope_up,0,0.999857,5.38602e-08,3.62589e-05,0.00010693,1,0,0
11.7001,3.03935,0.590636,0,0.101269,0.744126,0.102226,0.0728345,-0.0160364,-0.997215,0.000980694,0.4,0,0,slope_up,0,0.999751,1.07772e-07,9.88152e-05,0.000150019,1,0,0
11.7201,3.045,0.592451,0,0.107113,0.744089,0.109009,0.0786782,-0.0223521,-0.996649,0.00055458,0.4,0,0,slope_up,0,0.999677,1.06495e-07,0.000157655,0.000165679,1,0,0
11.7401,3.05054,0.594552,0,0.112295,0.743963,0.115472,0.0838606,-0.0290099,-0.996055,0.000573492,0.4,0,0,slope_up,0,0.999679,8.23535e-08,0.000165852,0.000154851,1,0,0
11.7601,3.05666,0.597192,0,0.117336,0.743737,0.122264,0.0889017,-0.0364493,-0.995373,0.00160184,0.4,0,0,slope_up,0,0.999721,5.15398e-08,0.000145172,0.000133356,1,0,0
11.7801,3.06227,0.600086,0,0.121171,0.7432,0.127044,0.092736,-0.0402262,-0.994878,0.00291657,0.4,0,0,slope_up,0,0.999774,2.15624e-08,0.000114457,0.000111605,1,0,0
11.8001,3.06738,0.603245,0,0.124807,0.742079,0.130164,0.0963726,-0.0389093,-0.994585,0.00554601,0.4,0,0,slope_up,0,0.99984,5.18667e-09,7.39613e-05,8.65012e-05,1,0,0
11.8201,3.07329,0.606793,0,0.126256,0.740509,0.130944,0.0978212,-0.03662,-0.99453,0.00723605,0.4,0,0,slope_up,0,0.999874,2.44787e-09,5.49664e-05,7.09531e-05,1,0,0
11.8401,3.0793,0.609437,0,0.125765,0.740576,0.131649,0.0973302,-0.0408705,-0.994413,0.0129539,0.4,0,0,slope_up,0,0.99994,8.30983e-10,1.73585e-05,4.30543e-05,1,0,0
11.8601,3.08453,0.612443,0,0.12739,0.741963,0.131377,0.0989554,-0.0339475,-0.994513,0.0243538,0.4,0,0,slope_up,0,0.999983,1.05015e-10,4.14587e-06,1.29017e-05,1,0,0
11.8801,3.0905,0.615631,0,0.12752,0.74456,0.129303,0.0990854,-0.0229177,-0.994815,0.0314201,0.4,0,0,slope_up,0,0.999997,7.37356e-12,5.94186e-08,3.12764e-06,1,0,0
11.9001,3.09572,0.617956,0,0.129304,0.747372,0.13005,0.10087,-0.0147281,-0.994791,0.0340763,0.4,0,0,slope_up,0,0.999999,1.76445e-12,1.24953e-09,1.33918e-06,1,0,0
11.9201,3.10066,0.619524,0,0.132786,0.750061,0.133111,0.104352,-0.00848448,-0.994504,0.0383409,0.4,0,0,slope_up,0,0.999999,8.08039e-13,1.80788e-10,7.09513e-07,1,0,0
11.9401,3.10562,0.620441,0,0.136345,0.752401,0.13656,0.107911,-0.00243013,-0.994158,0.0438449,0.4,0,0,slope_up,0,1,5.68169e-13,3.54502e-11,3.68685e-07,1,0,0
11.9601,3.10964,0.620909,0,0.137983,0.753984,0.138318,0.109548,0.0028859,-0.993977,0.0466454,0.4,0,0,slope_up,0,1,5.6998e-13,1.56659e-12,8.34859e-08,1,0,0
11.9801,3.11519,0.62148,0,0.137102,0.755676,0.137818,0.108667,0.00904029,-0.994037,0.0457858,0.4,0,0,slope_up,0,1,8.97915e-13,1.60472e-13,2.57089e-08,1,0,0
12.0001,3.12061,0.621915,0,0.134173,0.75688,0.135599,0.105738,0.0154938,-0.994273,0.0442455,0.4,0,0,slope_up,0,1,7.59433e-13,4.24985e-14,1.36716e-08,1,0,0
12.0201,3.12478,0.622129,0,0.131511,0.757561,0.133634,0.103076,0.0199637,-0.994473,0.0432305,0.4,0,0,slope_up,0,1,7.18394e-13,2.58505e-14,1.31926e-08,1,0,0
12.0401,3.12918,0.622266,0,0.128616,0.758071,0.131488,0.100181,0.023795,-0.994685,0.0424838,0.4,0,0,slope_up,0,1,9.08191e-13,3.84668e-14,2.0307e-08,1,0,0
12.0601,3.13364,0.622092,0,0.126011,0.758347,0.12891,0.0975767,0.0237245,-0.994945,0.043061,0.4,0,0,slope_up,0,1,1.04108e-12,7.70454e-14,3.08875e-08,1,0,0
12.0801,3.13766,0.621741,0,0.12267,0.758269,0.125209,0.0942357,0.0216717,-0.995314,0.0449566,0.4,0,0,slope_up,0,1,9.29576e-13,8.49645e-14,2.81749e-08,1,0,0
12.1001,3.14234,0.621535,0,0.115485,0.758496,0.118767,0.0870507,0.0245512,-0.995901,0.052404,0.4,0,0,slope_up,0,1,1.38786e-12,9.14096e-13,8.27497e-08,1,0,0
12.1201,3.14628,0.621348,0,0.109793,0.75964,0.114011,0.0813579,0.0276925,-0.9963,0.0532004,0.4,0,0,slope_up,0,1,2.71758e-12,6.64713e-12,2.67935e-07,1,0,0
12.1401,3.15002,0.620521,0,0.107627,0.762409,0.111578,0.0791926,0.0264187,-0.996509,0.0487271,0.4,0,0,slope_up,0,1,7.53676e-12,2.02128e-11,2.0171e-07,1,0,0
12.1601,3.15309,0.619371,0,0.106767,0.765744,0.109364,0.0783323,0.0206347,-0.996714,0.0469366,0.4,0,0,slope_up,0,1,1.11712e-11,1.22176e-10,9.6801e-08,1,0,0
12.1801,3.15668,0.618696,0,0.104131,0.769129,0.105253,0.0756965,0.0121439,-0.997057,0.0402681,0.4,0,0,slope_up,0,1,6.75694e-12,2.99292e-10,1.02099e-07,1,0,0
12.2001,3.15989,0.618301,0,0.103339,0.771862,0.103565,0.074904,0.00297542,-0.997186,0.036033,0.4,0,0,slope_up,0,1,2.19066e-12,1.01389e-11,4.84957e-08,1,0,0
12.2201,3.16332,0.617996,0,0.10493,0.774475,0.105088,0.0764956,-0.00668909,-0.997047,0.0360004,0.4,0,0,slope_up,0,1,9.85919e-13,1.33725e-12,3.5421e-08,1,0,0
12.2401,3.16684,0.617959,0,0.107629,0.776624,0.108514,0.0791944,-0.0157175,-0.996735,0.03523,0.4,0,0,slope_up,0,1,5.18091e-13,7.09245e-13,3.72357e-08,1,0,0
12.2601,3.17057,0.618197,0,0.109953,0.778325,0.112131,0.0815181,-0.0240805,-0.996381,0.0326272,0.4,0,0,slope_up,0,1,6.74738e-13,1.65858e-12,3.97342e-08,1,0,0
12.2801,3.17443,0.618532,0,0.111321,0.779639,0.115251,0.0828865,-0.032004,-0.996045,0.0307911,0.4,0,0,slope_up,0,1,1.36889e-12,2.92229e-12,4.43929e-08,1,0,0
12.3001,3.17861,0.619075,0,0.112182,0.78069,0.118545,0.0837475,-0.0405202,-0.995663,0.0285119,0.4,0,0,slope_up,0,1,3.30177e-12,6.90968e-12,7.10644e-08,1,0,0
12.3201,3.18191,0.619771,0,0.112593,0.781297,0.121613,0.084158,-0.0481852,-0.995287,0.0260307,0.4,0,0,slope_up,0,1,6.24004e-12,1.51535e-11,1.19053e-07,1,0,0
12.3401,3.18552,0.620796,0,0.112773,0.781818,0.124685,0.0843384,-0.0554115,-0.994895,0.0239865,0.4,0,0,slope_up,0,1,6.58005e-12,2.81625e-11,1.81085e-07,1,0,0
12.3601,3.18907,0.622105,0,0.113251,0.782166,0.128396,0.0848164,-0.0627115,-0.994421,0.0220936,0.4,0,0,slope_up,0,1,3.70876e-12,4.70431e-11,2.31609e-07,1,0,0
12.3801,3.19269,0.623758,0,0.114176,0.78226,0.131697,0.0857414,-0.0678294,-0.994006,0.0200617,0.4,0,0,slope_up,0,1,1.45491e-12,7.51013e-11,2.68125e-07,1,0,0
12.4001,3.19652,0.625686,0,0.115293,0.782027,0.133665,0.0868582,-0.0698068,-0.993772,0.0184323,0.4,0,0,slope_up,0,1,4.56782e-13,1.02064e-10,2.98303e-07,1,0,0
12.4201,3.20053,0.627875,0,0.116331,0.781327,0.133282,0.0878966,-0.067215,-0.993859,0.0174569,0.4,0,0,slope_up,0,1,1.5351e-13,1.05665e-10,3.58089e-07,1,0,0
12.4401,3.20477,0.630064,0,0.116313,0.78017,0.130678,0.0878781,-0.0617419,-0.994216,0.0164006,0.4,0,0,slope_up,0,1,9.99869e-14,7.89228e-11,3.88999e-07,1,0,0
12.4601,3.20922,0.631343,0,0.113402,0.780025,0.128922,0.0849673,-0.0635379,-0.994356,0.0109869,0.4,0,0,slope_up,0,1,1.83895e-13,6.44276e-11,2.07817e-07,1,0,0
12.4801,3.21355,0.632604,0,0.109513,0.781304,0.123367,0.0810788,-0.0590643,-0.994956,0.0125171,0.4,0,0,slope_up,0,1,2.04695e-13,2.05071e-10,4.42404e-07,1,0,0
12.5001,3.21765,0.633977,0,0.106544,0.783419,0.116464,0.0781093,-0.0493342,-0.995723,0.0183345,0.4,0,0,slope_up,0,1,1.1547e-13,2.32035e-10,4.88152e-07,1,0,0
12.5201,3.22205,0.635087,0,0.104035,0.785946,0.11065,0.0756007,-0.0400003,-0.996336,0.0232567,0.4,0,0,slope_up,0,1,6.44303e-14,3.56484e-11,3.46681e-07,1,0,0
12.5401,3.2265,0.635779,0,0.104001,0.788466,0.10819,0.0755664,-0.0320974,-0.996624,0.0274197,0.4,0,0,slope_up,0,1,4.29413e-14,5.22432e-12,1.61513e-07,1,0,0
12.5601,3.23097,0.635972,0,0.106464,0.790666,0.108929,0.0780295,-0.0252159,-0.996632,0.0332342,0.4,0,0,slope_up,0,1,5.27388e-14,1.68189e-12,9.3057e-08,1,0,0
12.5801,3.23562,0.635866,0,0.109214,0.792547,0.110499,0.0807788,-0.0187734,-0.996555,0.0378729,0.4,0,0,slope_up,0,1,7.56749e-14,4.33649e-13,5.61146e-08,1,0,0
12.6001,3.24049,0.635678,0,0.110871,0.794192,0.111312,0.082436,-0.0113336,-0.996532,0.0415803,0.4,0,0,slope_up,0,1,1.48615e-13,1.15412e-13,3.7957e-08,1,0,0
12.6201,3.24583,0.635409,0,0.111949,0.79574,0.11205,0.0835145,-0.00262982,-0.996503,0.0434525,0.4,0,0,slope_up,0,1,2.43117e-13,5.74359e-14,3.21916e-08,1,0,0
12.6401,3.25001,0.635097,0,0.112765,0.79673,0.113074,0.0843298,0.00417203,-0.996429,0.0441218,0.4,0,0,slope_up,0,1,2.97305e-13,3.47203e-14,2.91076e-08,1,0,0
12.6601,3.25482,0.634524,0,0.113557,0.797434,0.114405,0.0851219,0.0103505,-0.996317,0.0437812,0.4,0,0,slope_up,0,1,2.47296e-13,1.87999e-14,2.02732e-08,1,0,0
12.6801,3.25858,0.633862,0,0.113575,0.797522,0.114705,0.0851404,0.0126214,-0.996289,0.0431222,0.4,0,0,slope_up,0,1,2.12385e-13,1.28905e-14,1.41743e-08,1,0,0
12.7001,3.26271,0.632842,0,0.112092,0.797091,0.113172,0.0836571,0.0121905,-0.99642,0.0427109,0.4,0,0,slope_up,0,1,2.4232e-13,1.2865e-14,1.4988e-08,1,0,0
12.7201,3.26731,0.631703,0,0.106661,0.796653,0.108143,0.0782266,0.0146747,-0.996828,0.0494262,0.4,0,0,slope_up,0,1,3.76725e-13,1.89048e-14,2.14124e-08,1,0,0
12.7401,3.27182,0.630697,0,0.100015,0.797274,0.102442,0.07158,0.0192083,-0.99725,0.0519017,0.4,0,0,slope_up,0,1,4.79747e-13,1.47937e-13,9.94674e-08,1,0,0
12.7601,3.27512,0.629364,0,0.0979923,0.798977,0.100017,0.0695576,0.0170694,-0.997432,0.0477437,0.4,0,0,slope_up,0,1,5.67309e-13,8.79344e-14,2.55441e-08,1,0,0
12.7801,3.27874,0.627986,0,0.0961614,0.801514,0.0970661,0.0677267,0.0101636,-0.997652,0.0411345,0.4,0,0,slope_up,0,1,8.92591e-13,4.48809e-13,2.57703e-08,1,0,0
12.8001,3.28183,0.627593,0,0.0932835,0.803308,0.093532,0.0648488,0.00346648,-0.997889,0.0336414,0.4,0,0,slope_up,0,1,9.61457e-13,1.82173e-13,2.21033e-08,1,0,0
12.8201,3.28599,0.627378,0,0.0930567,0.805446,0.0931188,0.0646219,-0.00417295,-0.997901,0.0316995,0.4,0,0,slope_up,0,1,6.54487e-13,1.8577e-14,1.39542e-08,1,0,0
12.8401,3.2897,0.627322,0,0.0962514,0.807072,0.096734,0.0678167,-0.0116758,-0.997629,0.0320526,0.4,0,0,slope_up,0,1,2.91724e-13,2.34085e-14,2.26389e-08,1,0,0
12.8602,3.29408,0.6276,0,0.100792,0.808527,0.102322,0.0723569,-0.0198279,-0.997182,0.0294769,0.4,0,0,slope_up,0,1,2.12995e-13,4.18412e-14,1.43095e-08,1,0,0
12.8802,3.29831,0.628037,0,0.104943,0.80951,0.107763,0.0765083,-0.0267134,-0.996711,0.0273915,0.4,0,0,slope_up,0,1,3.08363e-13,1.69858e-13,1.89027e-08,1,0,0
12.9002,3.30215,0.628506,0,0.108723,0.810136,0.112975,0.0802886,-0.0329149,-0.996228,0.0252131,0.4,0,0,slope_up,0,1,7.96044e-13,8.99362e-13,4.10927e-08,1,0,0
12.9202,3.30639,0.629134,0,0.112714,0.810624,0.118876,0.0842794,-0.0399711,-0.99564,0.0234564,0.4,0,0,slope_up,0,1,2.05743e-12,3.98636e-12,9.74433e-08,1,0,0
12.9402,3.31058,0.629883,0,0.116285,0.810973,0.124827,0.0878507,-0.0475474,-0.994998,0.0220634,0.4,0,0,slope_up,0,1,3.25247e-12,1.32443e-11,2.10533e-07,1,0,0
12.9602,3.31476,0.63079,0,0.11946,0.811254,0.130816,0.0910256,-0.0554426,-0.994304,0.0214402,0.4,0,0,slope_up,0,1,2.9594e-12,3.64151e-11,3.52925e-07,1,0,0
12.9802,3.31891,0.631957,0,0.122562,0.8114,0.136468,0.0941276,-0.0621023,-0.993621,0.0214432,0.4,0,0,slope_up,0,1,1.66262e-12,8.0592e-11,4.91127e-07,1,0,0
13.0002,3.32301,0.63349,0,0.125656,0.811251,0.140665,0.0972209,-0.0652563,-0.993121,0.0218728,0.4,0,0,slope_up,0,0.999999,7.41688e-13,1.0961e-10,5.83891e-07,1,0,0
13.0202,3.32717,0.635313,0,0.127939,0.810719,0.14254,0.0995048,-0.0648351,-0.992923,0.023828,0.4,0,0,slope_up,0,0.999999,3.92863e-13,9.85509e-11,6.22793e-07,1,0,0
13.0402,3.33181,0.637335,0,0.128465,0.809841,0.141496,0.100031,-0.0612944,-0.993095,0.0233979,0.4,0,0,slope_up,0,0.999999,2.4471e-13,1.03841e-10,6.56624e-07,1,0,0
13.0602,3.33606,0.638523,0,0.124537,0.81003,0.137615,0.0961022,-0.0606062,-0.993525,0.01805,0.4,0,0,slope_up,0,1,7.3096e-13,1.22493e-10,3.77029e-07,1,0,0
13.0802,3.34051,0.639698,0,0.120508,0.811535,0.131223,0.0920732,-0.0540483,-0.994284,0.0227092,0.4,0,0,slope_up,0,1,5.31328e-13,2.54352e-10,5.25236e-07,1,0,0
13.1002,3.34482,0.640845,0,0.117355,0.813803,0.124832,0.0889199,-0.0446934,-0.995036,0.0295705,0.4,0,0,slope_up,0,0.999999,3.33207e-13,3.43889e-10,6.00538e-07,1,0,0
13.1202,3.34915,0.641823,0,0.115949,0.816476,0.120912,0.0875146,-0.0364036,-0.995498,0.0325432,0.4,0,0,slope_up,0,1,1.97331e-13,3.87469e-11,3.25522e-07,1,0,0
13.1402,3.35379,0.642394,0,0.117709,0.819387,0.120571,0.0892748,-0.0280862,-0.995611,0.0376271,0.4,0,0,slope_up,0,1,1.30755e-13,4.30299e-12,1.37015e-07,1,0,0
13.1602,3.35758,0.642442,0,0.120398,0.821554,0.122026,0.0919631,-0.0215963,-0.995528,0.0429628,0.4,0,0,slope_up,0,1,1.76444e-13,1.94077e-12,1.25444e-07,1,0,0
13.1802,3.36235,0.642272,0,0.122706,0.823949,0.123315,0.0942716,-0.0132728,-0.995458,0.0471338,0.4,0,0,slope_up,0,1,4.00931e-13,3.85037e-13,7.78344e-08,1,0,0
13.2002,3.36627,0.642093,0,0.123332,0.825666,0.123515,0.0948969,-0.00558322,-0.995471,0.0484866,0.4,0,0,slope_up,0,1,8.14945e-13,1.93069e-13,7.57939e-08,1,0,0
13.2202,3.37084,0.64179,0,0.123411,0.8274,0.123698,0.0949768,0.00323383,-0.995474,0.0476799,0.4,0,0,slope_up,0,1,8.81465e-13,9.37971e-14,6.31744e-08,1,0,0
13.2402,3.37469,0.641346,0,0.123217,0.828518,0.12397,0.094782,0.00959073,-0.995452,0.0469239,0.4,0,0,slope_up,0,1,6.54727e-13,5.71477e-14,4.51939e-08,1,0,0
13.2602,3.37795,0.640752,0,0.122433,0.829044,0.123539,0.0939985,0.012735,-0.995491,0.0464083,0.4,0,0,slope_up,0,1,4.01617e-13,3.69865e-14,2.79943e-08,1,0,0
13.2802,3.38184,0.639801,0,0.11986,0.829049,0.121028,0.0914256,0.0131357,-0.995725,0.0461057,0.4,0,0,slope_up,0,1,2.57533e-13,3.89505e-14,2.01793e-08,1,0,0
13.3002,3.3851,0.638718,0,0.115725,0.828617,0.116728,0.0872906,0.0117101,-0.996114,0.0483111,0.4,0,0,slope_up,0,1,2.74059e-13,5.44753e-14,2.76218e-08,1,0,0
13.3202,3.38934,0.63767,0,0.106823,0.828643,0.10873,0.078388,0.0171603,-0.996775,0.0562802,0.4,0,0,slope_up,0,1,3.5535e-13,1.94457e-13,6.10631e-08,1,0,0
13.3402,3.39297,0.636489,0,0.0998221,0.82979,0.102231,0.0713874,0.0191071,-0.997266,0.0538329,0.4,0,0,slope_up,0,1,6.07752e-13,9.58908e-13,1.6804e-07,1,0,0
13.3602,3.39547,0.634767,0,0.0980174,0.831858,0.0995367,0.0695826,0.0143278,-0.997473,0.0486737,0.4,0,0,slope_up,0,1,8.05635e-13,8.337e-13,4.30775e-08,1,0,0
13.3802,3.39833,0.633428,0,0.095403,0.834344,0.0961969,0.0669682,0.00926375,-0.997712,0.0460098,0.4,0,0,slope_up,0,1,1.00143e-12,1.4719e-12,3.9334e-08,1,0,0
13.4002,3.40164,0.632815,0,0.0924984,0.836756,0.0926761,0.0640637,0.00227865,-0.997943,0.0406358,0.4,0,0,slope_up,0,1,1.00014e-12,3.83678e-13,4.03502e-08,1,0,0
13.4202,3.40488,0.63244,0,0.0925523,0.838941,0.0926349,0.0641176,-0.00513004,-0.997929,0.0389898,0.4,0,0,slope_up,0,1,5.17854e-13,7.56297e-14,3.28654e-08,1,0,0
13.4402,3.40819,0.632253,0,0.0948866,0.840855,0.0955175,0.0664519,-0.0130917,-0.997704,0.0378577,0.4,0,0,slope_up,0,1,2.42117e-13,3.14688e-14,2.38966e-08,1,0,0
13.4602,3.41206,0.632328,0,0.0986205,0.842549,0.100486,0.0701858,-0.0215369,-0.997301,0.0360503,0.4,0,0,slope_up,0,1,1.73279e-13,3.50075e-14,1.50796e-08,1,0,0
13.4802,3.41539,0.63257,0,0.101821,0.843577,0.104955,0.073386,-0.0277424,-0.996918,0.0349294,0.4,0,0,slope_up,0,1,2.40426e-13,1.3074e-13,1.91612e-08,1,0,0
13.5002,3.41917,0.632999,0,0.10522,0.844368,0.109957,0.0767849,-0.0342044,-0.996461,0.0333369,0.4,0,0,slope_up,0,1,5.74067e-13,7.13149e-13,3.98056e-08,1,0,0
13.5202,3.42301,0.633624,0,0.108375,0.844852,0.115074,0.0799404,-0.0409531,-0.995958,0.031799,0.4,0,0,slope_up,0,1,1.52016e-12,3.48003e-12,9.21792e-08,1,0,0
13.5402,3.42691,0.634388,0,0.110374,0.84517,0.119042,0.0819397,-0.0468446,-0.995536,0.0306233,0.4,0,0,slope_up,0,1,2.86655e-12,1.35469e-11,2.00969e-07,1,0,0
13.5602,3.43084,0.63527,0,0.112479,0.845404,0.123667,0.0840444,-0.0536292,-0.995018,0.0297467,0.4,0,0,slope_up,0,1,2.633e-12,3.83981e-11,3.24254e-07,1,0,0
13.5802,3.43481,0.636364,0,0.114779,0.845493,0.128148,0.0863447,-0.0591857,-0.994506,0.0293114,0.4,0,0,slope_up,0,1,1.37909e-12,8.43366e-11,4.37105e-07,1,0,0
13.6002,3.43886,0.637764,0,0.117289,0.845299,0.131525,0.0888541,-0.06168,-0.994133,0.028938,0.4,0,0,slope_up,0,1,5.23238e-13,1.2057e-10,5.19717e-07,1,0,0
13.6202,3.44307,0.639458,0,0.119214,0.844668,0.1327,0.0907791,-0.0604231,-0.994036,0.0296708,0.4,0,0,slope_up,0,0.999999,2.14326e-13,1.06779e-10,5.86206e-07,1,0,0
13.6402,3.44735,0.64116,0,0.119756,0.843599,0.131559,0.0913209,-0.0565924,-0.994212,0.0305582,0.4,0,0,slope_up,0,0.999999,1.24274e-13,8.16195e-11,6.48163e-07,1,0,0
13.6602,3.45231,0.642325,0,0.116675,0.84366,0.128979,0.0882403,-0.0571502,-0.994458,0.0269136,0.4,0,0,slope_up,0,1,2.66839e-13,8.39863e-11,3.92606e-07,1,0,0
13.6802,3.45636,0.643253,0,0.113085,0.844887,0.123455,0.0846499,-0.0517492,-0.995066,0.0314408,0.4,0,0,slope_up,0,0.999999,1.83408e-13,2.72228e-10,7.58223e-07,1,0,0
13.7002,3.46075,0.64433,0,0.109514,0.846896,0.116216,0.0810788,-0.0411451,-0.995858,0.039126,0.4,0,0,slope_up,0,0.999999,1.13026e-13,1.73809e-10,7.01356e-07,1,0,0
13.7202,3.46535,0.645179,0,0.10748,0.849242,0.111765,0.0790449,-0.0328897,-0.996328,0.0442279,0.4,0,0,slope_up,0,1,6.73211e-14,2.38382e-11,4.32575e-07,1,0,0
13.7402,3.47021,0.645695,0,0.109027,0.851753,0.111345,0.0805922,-0.0247188,-0.996441,0.0486299,0.4,0,0,slope_up,0,1,5.01434e-14,5.6514e-12,2.96378e-07,1,0,0
13.7602,3.47412,0.645702,0,0.112558,0.853524,0.1139,0.0841232,-0.0193243,-0.996268,0.0528547,0.4,0,0,slope_up,0,1,6.9699e-14,7.70099e-13,1.2093e-07,1,0,0
13.7802,3.47873,0.645382,0,0.11578,0.855294,0.116394,0.0873458,-0.0133437,-0.996089,0.0577822,0.4,0,0,slope_up,0,1,1.62961e-13,2.1479e-13,7.94693e-08,1,0,0
13.8002,3.48302,0.645027,0,0.117314,0.856754,0.117514,0.0888797,-0.00688267,-0.996019,0.0608907,0.4,0,0,slope_up,0,1,4.53495e-13,1.03495e-13,6.86912e-08,1,0,0
13.8202,3.48862,0.644566,0,0.118154,0.858484,0.118369,0.0897189,0.00199493,-0.995965,0.0614152,0.4,0,0,slope_up,0,1,6.68527e-13,7.45895e-14,6.81244e-08,1,0,0
13.8402,3.49251,0.64415,0,0.118874,0.859523,0.119619,0.0904397,0.00947766,-0.995857,0.060195,0.4,0,0,slope_up,0,1,6.16211e-13,3.22548e-14,4.83286e-08,1,0,0
13.8602,3.49656,0.643492,0,0.119299,0.860256,0.120647,0.0908644,0.0144375,-0.995759,0.0595789,0.4,0,0,slope_up,0,1,3.91526e-13,2.14361e-14,2.88174e-08,1,0,0
13.8802,3.50083,0.642489,0,0.118533,0.860451,0.120122,0.0900982,0.0160206,-0.995804,0.0593195,0.4,0,0,slope_up,0,1,2.78495e-13,2.42771e-14,2.11247e-08,1,0,0
13.9002,3.50448,0.641367,0,0.115148,0.860207,0.116715,0.0867137,0.0156961,-0.99611,0.0615369,0.4,0,0,slope_up,0,1,2.81346e-13,2.50203e-14,2.49275e-08,1,0,0
13.9202,3.50955,0.640112,0,0.10735,0.860506,0.109809,0.078915,0.0200328,-0.99668,0.0673921,0.4,0,0,slope_up,0,1,3.7938e-13,1.39263e-13,7.67428e-08,1,0,0
13.9402,3.51338,0.638719,0,0.101885,0.861899,0.104671,0.0734505,0.02102,-0.997077,0.0622706,0.4,0,0,slope_up,0,1,6.60799e-13,1.94846e-13,8.9156e-08,1,0,0
13.9602,3.51601,0.636925,0,0.101338,0.863776,0.103203,0.0729036,0.0165104,-0.997202,0.0584055,0.4,0,0,slope_up,0,1,6.74774e-13,1.82904e-13,2.87044e-08,1,0,0
13.9802,3.51917,0.635279,0,0.0998096,0.866199,0.100677,0.0713749,0.0100438,-0.997399,0.0553101,0.4,0,0,slope_up,0,1,8.30539e-13,9.89381e-13,3.39212e-08,1,0,0
14.0002,3.52281,0.634502,0,0.0973525,0.868451,0.097544,0.0689177,0.00245084,-0.997619,0.0495684,0.4,0,0,slope_up,0,1,8.50807e-13,3.48851e-13,3.70274e-08,1,0,0
14.0202,3.52671,0.634003,0,0.0977402,0.8706,0.0978587,0.0693055,-0.00602073,-0.997577,0.047653,0.4,0,0,slope_up,0,1,5.55523e-13,7.10987e-14,2.9927e-08,1,0,0
14.0402,3.52987,0.633744,0,0.100112,0.87211,0.100754,0.0716776,-0.0133559,-0.997338,0.0465672,0.4,0,0,slope_up,0,1,2.89323e-13,3.39083e-14,2.25406e-08,1,0,0
14.0602,3.5335,0.633675,0,0.103464,0.873485,0.105146,0.0750291,-0.0208965,-0.996962,0.0451919,0.4,0,0,slope_up,0,1,2.42639e-13,4.09182e-14,1.48733e-08,1,0,0
14.0802,3.53727,0.633835,0,0.106758,0.874503,0.109844,0.0783233,-0.0280583,-0.996533,0.0430138,0.4,0,0,slope_up,0,1,3.39057e-13,1.34567e-13,1.98793e-08,1,0,0
14.1002,3.54103,0.634166,0,0.109982,0.875174,0.114615,0.0815472,-0.0344664,-0.996073,0.0409044,0.4,0,0,slope_up,0,1,8.11886e-13,6.25208e-13,3.94191e-08,1,0,0
14.1202,3.54476,0.634666,0,0.112711,0.875584,0.119106,0.0842767,-0.0407012,-0.995611,0.0396731,0.4,0,0,slope_up,0,1,2.24201e-12,3.7629e-12,1.02456e-07,1,0,0
14.1402,3.54848,0.635292,0,0.114872,0.875885,0.12358,0.0864371,-0.0477559,-0.995112,0.0388677,0.4,0,0,slope_up,0,1,3.43156e-12,1.78268e-11,2.53279e-07,1,0,0
14.1602,3.55256,0.636158,0,0.117021,0.876165,0.128813,0.0885861,-0.0560091,-0.994493,0.0384723,0.4,0,0,slope_up,0,1,2.91962e-12,5.25376e-11,4.38463e-07,1,0,0
14.1802,3.55623,0.637234,0,0.119202,0.876248,0.133275,0.0907673,-0.061744,-0.993956,0.0383788,0.4,0,0,slope_up,0,0.999999,1.59162e-12,1.09149e-10,5.79859e-07,1,0,0
14.2002,3.55963,0.638435,0,0.120897,0.876093,0.13611,0.092462,-0.0646387,-0.993616,0.039052,0.4,0,0,slope_up,0,0.999999,6.51113e-13,1.2555e-10,6.28393e-07,1,0,0
14.2202,3.56344,0.64002,0,0.122461,0.875495,0.137206,0.0940264,-0.0639625,-0.993513,0.0407734,0.4,0,0,slope_up,0,0.999999,2.91208e-13,1.17409e-10,7.3227e-07,1,0,0
14.2402,3.56771,0.64172,0,0.122307,0.874494,0.135832,0.0938723,-0.0611768,-0.993703,0.0398111,0.4,0,0,slope_up,0,0.999999,1.82585e-13,8.74259e-11,7.37136e-07,1,0,0
14.2602,3.5715,0.642704,0,0.118879,0.874596,0.132642,0.0904442,-0.0609782,-0.994033,0.0340898,0.4,0,0,slope_up,0,1,4.72663e-13,9.8587e-11,4.22886e-07,1,0,0
14.2802,3.57546,0.643697,0,0.115094,0.875939,0.126196,0.0866596,-0.0539497,-0.994776,0.0376339,0.4,0,0,slope_up,0,0.999999,3.49411e-13,2.29612e-10,5.44271e-07,1,0,0
14.3002,3.57983,0.644692,0,0.111164,0.878288,0.11895,0.0827292,-0.0445626,-0.995575,0.0444297,0.4,0,0,slope_up,0,0.999999,2.39579e-13,2.90252e-10,6.73655e-07,1,0,0
14.3202,3.5835,0.645357,0,0.109233,0.880576,0.114808,0.080798,-0.0375788,-0.996022,0.0476911,0.4,0,0,slope_up,0,1,1.64505e-13,4.68005e-11,4.39986e-07,1,0,0
14.3402,3.58786,0.645698,0,0.110253,0.883363,0.113678,0.0818181,-0.0298563,-0.9962,0.05306,0.4,0,0,slope_up,0,1,1.22922e-13,6.79125e-12,1.89823e-07,1,0,0
14.3602,3.59185,0.645572,0,0.112986,0.885629,0.114901,0.0845516,-0.0228726,-0.996157,0.0594861,0.4,0,0,slope_up,0,1,1.33967e-13,2.28038e-12,1.39087e-07,1,0,0
14.3802,3.59598,0.645241,0,0.115283,0.887629,0.116163,0.0868482,-0.0159047,-0.996095,0.0632974,0.4,0,0,slope_up,0,1,2.23467e-13,3.6402e-13,7.35921e-08,1,0,0
14.4002,3.5998,0.644875,0,0.116218,0.889226,0.116465,0.0877829,-0.00812549,-0.996107,0.0657179,0.4,0,0,slope_up,0,1,4.80251e-13,1.68487e-13,6.40789e-08,1,0,0
14.4202,3.60395,0.644406,0,0.116399,0.89073,0.11653,0.0879641,-0.000838644,-0.996123,0.0660004,0.4,0,0,slope_up,0,1,7.24438e-13,1.42611e-13,7.23391e-08,1,0,0
14.4402,3.60784,0.643789,0,0.116536,0.891847,0.116988,0.0881013,0.00618466,-0.996092,0.0650435,0.4,0,0,slope_up,0,1,6.35121e-13,7.2576e-14,5.599e-08,1,0,0
14.4602,3.61182,0.642814,0,0.116364,0.892451,0.117199,0.0879291,0.0102957,-0.996074,0.0642836,0.4,0,0,slope_up,0,1,4.05309e-13,4.19799e-14,3.55504e-08,1,0,0
14.4802,3.61494,0.641784,0,0.115058,0.892363,0.116005,0.0866237,0.0112268,-0.996178,0.0638122,0.4,0,0,slope_up,0,1,2.7025e-13,3.97878e-14,2.52091e-08,1,0,0
14.5002,3.61851,0.640311,0,0.111523,0.891712,0.112355,0.0830887,0.0101469,-0.99649,0.0651827,0.4,0,0,slope_up,0,1,2.77965e-13,4.03757e-14,2.77065e-08,1,0,0
14.5202,3.62308,0.638819,0,0.102664,0.891562,0.104387,0.0742295,0.0158306,-0.997116,0.0722545,0.4,0,0,slope_up,0,1,4.19919e-13,1.94757e-13,7.67373e-08,1,0,0
14.5402,3.62635,0.637502,0,0.096762,0.892543,0.0990063,0.0683273,0.0180386,-0.9975,0.0691323,0.4,0,0,slope_up,0,1,8.128e-13,4.50123e-13,1.40802e-07,1,0,0
14.5602,3.62889,0.635468,0,0.0950886,0.894502,0.0966013,0.0666539,0.0140782,-0.997677,0.0653364,0.4,0,0,slope_up,0,1,8.46484e-13,3.38262e-13,3.79537e-08,1,0,0
14.5802,3.63168,0.633777,0,0.0927871,0.896911,0.0934368,0.0643524,0.00794273,-0.997896,0.0619755,0.4,0,0,slope_up,0,1,1.09708e-12,9.53171e-13,3.61974e-08,1,0,0
14.6002,3.63498,0.632941,0,0.0896858,0.899243,0.0897883,0.061251,0.00064615,-0.998122,0.0560668,0.4,0,0,slope_up,0,1,1.11966e-12,3.24633e-13,3.47768e-08,1,0,0
14.6202,3.63825,0.632467,0,0.0893319,0.901315,0.0894747,0.0608971,-0.00687736,-0.99812,0.0532798,0.4,0,0,slope_up,0,1,6.03476e-13,6.47398e-14,2.86927e-08,1,0,0
14.6402,3.64186,0.632166,0,0.0919842,0.903259,0.0928832,0.0635495,-0.0151555,-0.997864,0.0523229,0.4,0,0,slope_up,0,1,2.84974e-13,2.65958e-14,2.08727e-08,1,0,0
14.6602,3.645,0.632144,0,0.0951916,0.904559,0.0971681,0.0667569,-0.0218215,-0.997531,0.0508598,0.4,0,0,slope_up,0,1,2.03158e-13,3.3815e-14,1.34658e-08,1,0,0
14.6802,3.64868,0.632346,0,0.0990387,0.905659,0.102457,0.070604,-0.0285734,-0.997095,0.0490933,0.4,0,0,slope_up,0,1,2.5394e-13,1.42261e-13,1.85691e-08,1,0,0
14.7002,3.65246,0.632704,0,0.102934,0.906396,0.107952,0.0744993,-0.0348414,-0.996612,0.0473789,0.4,0,0,slope_up,0,1,6.09668e-13,8.54727e-13,4.00084e-08,1,0,0
14.7202,3.6563,0.633203,0,0.106333,0.906863,0.113157,0.0778983,-0.0409915,-0.996118,0.0460353,0.4,0,0,slope_up,0,1,1.64151e-12,5.19733e-12,1.00507e-07,1,0,0
14.7402,3.66021,0.633818,0,0.109083,0.907192,0.118147,0.0806479,-0.0476535,-0.995603,0.0446158,0.4,0,0,slope_up,0,1,3.16259e-12,2.02339e-11,2.09941e-07,1,0,0
14.7602,3.66418,0.634519,0,0.111828,0.907446,0.123792,0.083393,-0.0553318,-0.994979,0.0438531,0.4,0,0,slope_up,0,1,2.94958e-12,6.2569e-11,3.47592e-07,1,0,0
14.7802,3.66851,0.635581,0,0.114802,0.907474,0.12849,0.0863672,-0.0599056,-0.994461,0.0432348,0.4,0,0,slope_up,0,1,1.50972e-12,1.47312e-10,4.86391e-07,1,0,0
14.8002,3.67222,0.636731,0,0.11702,0.907246,0.131374,0.0885849,-0.0618783,-0.994145,0.0422062,0.4,0,0,slope_up,0,1,6.27775e-13,1.67645e-10,5.26181e-07,1,0,0
14.8202,3.67649,0.638193,0,0.118855,0.906626,0.132708,0.0904206,-0.0611739,-0.994023,0.0429288,0.4,0,0,slope_up,0,0.999999,2.58268e-13,1.41772e-10,6.14557e-07,1,0,0
14.8402,3.68077,0.639662,0,0.119742,0.905571,0.132091,0.0913074,-0.0578958,-0.994138,0.0440863,0.4,0,0,slope_up,0,0.999999,1.59811e-13,1.16897e-10,6.97227e-07,1,0,0
14.8602,3.68571,0.640761,0,0.117174,0.905543,0.129619,0.0887397,-0.0575836,-0.994389,0.03907,0.4,0,0,slope_up,0,1,3.30232e-13,1.31764e-10,4.47677e-07,1,0,0
14.8802,3.6897,0.641558,0,0.114077,0.90671,0.124519,0.0856424,-0.0521205,-0.994962,0.0427417,0.4,0,0,slope_up,0,0.999999,2.21019e-13,3.06796e-10,6.948e-07,1,0,0
14.9002,3.69407,0.642511,0,0.110874,0.908734,0.117935,0.082439,-0.0424268,-0.995693,0.0508017,0.4,0,0,slope_up,0,0.999999,1.58523e-13,2.33017e-10,6.27396e-07,1,0,0
14.9202,3.69859,0.643265,0,0.108583,0.911122,0.113171,0.0801479,-0.0341258,-0.996199,0.054885,0.4,0,0,slope_up,0,0.999999,9.55376e-14,6.20376e-11,5.80967e-07,1,0,0
14.9402,3.70296,0.64362,0,0.109571,0.913494,0.112372,0.0811367,-0.0270748,-0.996335,0.0587626,0.4,0,0,slope_up,0,1,7.39902e-14,3.66858e-12,1.78354e-07,1,0,0
14.9602,3.70735,0.643518,0,0.11243,0.915658,0.113888,0.0839956,-0.020084,-0.996264,0.0649783,0.4,0,0,slope_up,0,1,1.04e-13,1.44389e-12,1.31881e-07,1,0,0
14.9802,3.71187,0.643223,0,0.115111,0.917597,0.115662,0.0866765,-0.0126433,-0.996156,0.0694274,0.4,0,0,slope_up,0,1,1.97938e-13,2.88374e-13,8.01605e-08,1,0,0
15.0002,3.71691,0.642829,0,0.116744,0.919453,0.116868,0.0883097,-0.00367743,-0.996086,0.0725153,0.4,0,0,slope_up,0,1,4.35571e-13,1.2124e-13,6.37899e-08,1,0,0
15.0202,3.72096,0.642439,0,0.117302,0.920699,0.117586,0.0888675,0.00355557,-0.996037,0.0728996,0.4,0,0,slope_up,0,1,6.46563e-13,9.1335e-14,6.48341e-08,1,0,0
15.0402,3.72564,0.641809,0,0.117594,0.921842,0.11851,0.0891597,0.0110326,-0.995956,0.0715433,0.4,0,0,slope_up,0,1,6.01253e-13,4.77669e-14,4.72896e-08,1,0,0
15.0602,3.7292,0.641068,0,0.117681,0.922361,0.119096,0.0892467,0.0148237,-0.995899,0.0711264,0.4,0,0,slope_up,0,1,4.1766e-13,3.03955e-14,3.10252e-08,1,0,0
15.0802,3.733,0.640014,0,0.116781,0.922427,0.118369,0.0883464,0.0159216,-0.995963,0.0709453,0.4,0,0,slope_up,0,1,2.94581e-13,3.09845e-14,2.16336e-08,1,0,0
15.1002,3.73691,0.63857,0,0.113628,0.922016,0.115021,0.0851934,0.014487,-0.996259,0.0733427,0.4,0,0,slope_up,0,1,3.05357e-13,3.26743e-14,2.38438e-08,1,0,0
15.1202,3.7414,0.637198,0,0.106242,0.922033,0.10841,0.0778068,0.0184945,-0.996797,0.0810105,0.4,0,0,slope_up,0,1,4.04425e-13,1.00941e-13,4.77288e-08,1,0,0
15.1402,3.74532,0.635916,0,0.100233,0.92324,0.103049,0.0717981,0.020978,-0.997199,0.0772449,0.4,0,0,slope_up,0,1,6.99262e-13,4.46785e-13,1.16056e-07,1,0,0
15.1602,3.74816,0.633997,0,0.0990847,0.925378,0.100991,0.07065,0.0165525,-0.997364,0.0716618,0.4,0,0,slope_up,0,1,1.11696e-12,5.53143e-13,3.86776e-08,1,0,0
15.1802,3.75116,0.632286,0,0.0975994,0.927988,0.0985148,0.0691646,0.0103133,-0.997552,0.0695017,0.4,0,0,slope_up,0,1,1.36584e-12,1.85556e-12,3.98284e-08,1,0,0
15.2002,3.75471,0.631468,0,0.0949541,0.930488,0.0951524,0.0665193,0.00262972,-0.997782,0.0636642,0.4,0,0,slope_up,0,1,1.1733e-12,5.4412e-13,4.40854e-08,1,0,0
15.2202,3.75856,0.630935,0,0.0952046,0.932913,0.0953354,0.0667699,-0.00643999,-0.997748,0.0604369,0.4,0,0,slope_up,0,1,6.43631e-13,8.86694e-14,3.30142e-08,1,0,0
15.2402,3.76205,0.630612,0,0.0979838,0.934782,0.0987708,0.0695491,-0.0145559,-0.997472,0.0597357,0.4,0,0,slope_up,0,1,2.94389e-13,3.21036e-14,2.31396e-08,1,0,0
15.2602,3.76534,0.630531,0,0.101121,0.936158,0.10298,0.0726866,-0.0216979,-0.997119,0.0580244,0.4,0,0,slope_up,0,1,2.26291e-13,4.38844e-14,1.57852e-08,1,0,0
15.2802,3.76914,0.630634,0,0.104632,0.93731,0.108009,0.076197,-0.0290486,-0.99667,0.05592,0.4,0,0,slope_up,0,1,3.00707e-13,1.51017e-13,2.06665e-08,1,0,0
15.3002,3.77336,0.63092,0,0.108068,0.938124,0.113127,0.0796335,-0.0356957,-0.996185,0.0536932,0.4,0,0,slope_up,0,1,7.25176e-13,7.86892e-13,4.25872e-08,1,0,0
15.3202,3.77682,0.631306,0,0.110943,0.938519,0.117851,0.0825083,-0.0419843,-0.995706,0.0523629,0.4,0,0,slope_up,0,1,2.13327e-12,4.54441e-12,1.07085e-07,1,0,0
15.3402,3.78069,0.631842,0,0.113139,0.938837,0.122452,0.0847046,-0.0490555,-0.995198,0.0514023,0.4,0,0,slope_up,0,1,3.66012e-12,2.19958e-11,2.66474e-07,1,0,0
15.3602,3.78453,0.632531,0,0.115143,0.939073,0.127247,0.0867081,-0.05636,-0.994638,0.0507025,0.4,0,0,slope_up,0,1,3.20408e-12,6.56173e-11,4.55309e-07,1,0,0
15.3802,3.78837,0.633475,0,0.117317,0.93915,0.13178,0.0888818,-0.0621843,-0.994099,0.0503832,0.4,0,0,slope_up,0,0.999999,1.67263e-12,1.23325e-10,5.74167e-07,1,0,0
15.4002,3.79227,0.634715,0,0.11952,0.938947,0.135116,0.091085,-0.0651461,-0.99371,0.0504351,0.4,0,0,slope_up,0,0.999999,6.56227e-13,1.53526e-10,6.45381e-07,1,0,0
15.4202,3.79627,0.636209,0,0.121198,0.938321,0.136311,0.0927637,-0.064487,-0.993598,0.0518105,0.4,0,0,slope_up,0,0.999999,2.63518e-13,1.25367e-10,7.15406e-07,1,0,0
15.4402,3.8003,0.637686,0,0.121627,0.937253,0.135166,0.0931921,-0.0610646,-0.993774,0.052559,0.4,0,0,slope_up,0,0.999999,1.61433e-13,9.92903e-11,7.86223e-07,1,0,0
15.4602,3.80547,0.638617,0,0.116395,0.93714,0.131497,0.0879601,-0.0633584,-0.994107,0.046811,0.4,0,0,slope_up,0,1,3.83507e-13,1.10173e-10,4.46623e-07,1,0,0
15.4802,3.80884,0.639433,0,0.113115,0.938008,0.126084,0.0846801,-0.0579198,-0.994723,0.0469915,0.4,0,0,slope_up,0,0.999999,2.7008e-13,1.96372e-10,8.52506e-07,1,0,0
15.5002,3.81295,0.640595,0,0.111495,0.940183,0.120545,0.0830604,-0.048063,-0.995385,0.0513759,0.4,0,0,slope_up,0,1,1.61821e-13,1.23481e-10,4.52905e-07,1,0,0
15.5202,3.81716,0.641315,0,0.109483,0.94272,0.115771,0.0810484,-0.0398803,-0.995912,0.0563525,0.4,0,0,slope_up,0,0.999999,1.36408e-13,6.43545e-11,5.79926e-07,1,0,0
15.5402,3.82138,0.641699,0,0.109756,0.945314,0.113851,0.0813213,-0.0324558,-0.996159,0.0612323,0.4,0,0,slope_up,0,1,9.84908e-14,1.11163e-11,2.98469e-07,1,0,0
15.5602,3.82596,0.64169,0,0.112277,0.947905,0.11453,0.0838421,-0.0246468,-0.996174,0.0671704,0.4,0,0,slope_up,0,1,1.10274e-13,2.65169e-12,1.66319e-07,1,0,0
15.5802,3.82983,0.641497,0,0.114201,0.949777,0.115315,0.0857667,-0.017761,-0.996157,0.0712753,0.4,0,0,slope_up,0,1,1.4554e-13,4.30691e-13,9.96544e-08,1,0,0
15.6002,3.83421,0.641223,0,0.115299,0.951595,0.115621,0.0868645,-0.00951979,-0.996175,0.0745951,0.4,0,0,slope_up,0,1,3.08771e-13,1.33474e-13,6.91268e-08,1,0,0
15.6202,3.83851,0.640856,0,0.115686,0.953058,0.115808,0.0872517,-0.00140128,-0.996185,0.0757756,0.4,0,0,slope_up,0,1,4.49774e-13,1.0461e-13,7.25626e-08,1,0,0
15.6402,3.8426,0.640352,0,0.115752,0.954107,0.116154,0.0873175,0.0055029,-0.996165,0.0745091,0.4,0,0,slope_up,0,1,4.80738e-13,5.35826e-14,5.7895e-08,1,0,0
15.6602,3.84649,0.63963,0,0.115349,0.954675,0.116158,0.0869143,0.0100345,-0.996165,0.0733982,0.4,0,0,slope_up,0,1,3.4312e-13,2.91477e-14,3.57773e-08,1,0,0
15.6802,3.85059,0.638562,0,0.114056,0.954619,0.115041,0.0856209,0.0115182,-0.996261,0.072758,0.4,0,0,slope_up,0,1,2.63661e-13,2.92948e-14,2.50051e-08,1,0,0
15.7002,3.8536,0.637499,0,0.110767,0.954141,0.111726,0.0823325,0.0111954,-0.996542,0.0743761,0.4,0,0,slope_up,0,1,2.82366e-13,3.65686e-14,3.22307e-08,1,0,0
15.7202,3.85836,0.636282,0,0.103347,0.954123,0.105365,0.0749123,0.017485,-0.997037,0.0795948,0.4,0,0,slope_up,0,1,4.02549e-13,1.81244e-13,9.46702e-08,1,0,0
15.7402,3.86176,0.635159,0,0.0983734,0.955211,0.100997,0.0699386,0.0199436,-0.997352,0.0750213,0.4,0,0,slope_up,0,1,8.60675e-13,2.91032e-13,1.23662e-07,1,0,0
15.7602,3.86478,0.633,0,0.0974125,0.9575,0.099084,0.0689778,0.0151516,-0.997503,0.0717275,0.4,0,0,slope_up,0,1,9.55443e-13,2.74939e-13,3.81028e-08,1,0,0
15.7802,3.86782,0.63139,0,0.0955476,0.959998,0.0961894,0.0671129,0.00797616,-0.997714,0.0686717,0.4,0,0,slope_up,0,1,1.17795e-12,1.21364e-12,4.35357e-08,1,0,0
15.8002,3.87168,0.630685,0,0.0928118,0.962546,0.0929032,0.0643771,0.000203705,-0.997926,0.0619079,0.4,0,0,slope_up,0,1,9.67285e-13,3.42519e-13,3.89644e-08,1,0,0
15.8202,3.87478,0.630378,0,0.0928228,0.964361,0.0929905,0.0643881,-0.00730739,-0.997898,0.0596963,0.4,0,0,slope_up,0,1,5.73902e-13,5.84015e-14,2.86943e-08,1,0,0
15.8402,3.8782,0.630178,0,0.0953645,0.966093,0.0962602,0.0669297,-0.0153021,-0.99764,0.0584427,0.4,0,0,slope_up,0,1,2.94524e-13,3.04578e-14,2.36646e-08,1,0,0
15.8602,3.88214,0.630254,0,0.0994568,0.96758,0.101723,0.0710221,-0.0236295,-0.997195,0.055943,0.4,0,0,slope_up,0,1,2.2832e-13,3.5408e-14,1.49835e-08,1,0,0
15.8802,3.88551,0.630552,0,0.103028,0.968427,0.106507,0.0745935,-0.0292761,-0.996784,0.0540299,0.4,0,0,slope_up,0,1,3.0598e-13,1.35726e-13,2.02612e-08,1,0,0
15.9002,3.88972,0.631082,0,0.107092,0.969088,0.112131,0.0786578,-0.0354942,-0.99627,0.0524149,0.4,0,0,slope_up,0,1,7.67941e-13,8.16213e-13,4.32515e-08,1,0,0
15.9202,3.89283,0.631553,0,0.109512,0.969414,0.115937,0.0810774,-0.0403049,-0.995893,0.0515349,0.4,0,0,slope_up,0,1,1.91342e-12,4.83079e-12,1.1996e-07,1,0,0
15.9402,3.89708,0.632312,0,0.112407,0.969792,0.121405,0.0839726,-0.0480917,-0.995307,0.049959,0.4,0,0,slope_up,0,1,3.41822e-12,1.7805e-11,2.52685e-07,1,0,0
15.9602,3.90095,0.633122,0,0.114831,0.970067,0.126614,0.0863963,-0.0555374,-0.994712,0.049304,0.4,0,0,slope_up,0,1,3.02958e-12,5.14129e-11,4.1963e-07,1,0,0
15.9802,3.9048,0.634176,0,0.117495,0.970163,0.131506,0.0890599,-0.0612281,-0.994143,0.0491877,0.4,0,0,slope_up,0,1,1.52939e-12,9.92884e-11,5.30375e-07,1,0,0
16.0002,3.90867,0.635574,0,0.120461,0.969939,0.135222,0.092026,-0.0635508,-0.993727,0.048869,0.4,0,0,slope_up,0,0.999999,6.08149e-13,1.27948e-10,6.19362e-07,1,0,0
16.0202,3.9127,0.63724,0,0.122169,0.969307,0.136258,0.0937342,-0.0624311,-0.993638,0.0495532,0.4,0,0,slope_up,0,0.999999,2.75983e-13,9.41411e-11,6.45607e-07,1,0,0
16.0402,3.91683,0.638918,0,0.122554,0.968244,0.135033,0.0941195,-0.0587797,-0.993824,0.0500609,0.4,0,0,slope_up,0,0.999999,1.87571e-13,9.44813e-11,7.5714e-07,1,0,0
16.0602,3.92139,0.640006,0,0.118882,0.968102,0.132058,0.0904473,-0.0596422,-0.994114,0.0447748,0.4,0,0,slope_up,0,1,4.32491e-13,1.07416e-10,4.44575e-07,1,0,0
16.0802,3.92553,0.641137,0,0.115651,0.969284,0.126625,0.087216,-0.0537499,-0.994738,0.045858,0.4,0,0,slope_up,0,0.999999,3.28891e-13,1.9409e-10,6.82789e-07,1,0,0
16.1002,3.92998,0.642356,0,0.112815,0.971572,0.120331,0.0843807,-0.0440673,-0.995459,0.0523756,0.4,0,0,slope_up,0,0.999999,2.21705e-13,1.89651e-10,5.55434e-07,1,0,0
16.1202,3.93434,0.64324,0,0.110656,0.97412,0.1157,0.0822208,-0.0359984,-0.995964,0.0572148,0.4,0,0,slope_up,0,0.999999,1.4556e-13,5.61692e-11,5.43142e-07,1,0,0
16.1402,3.93857,0.643735,0,0.111279,0.976657,0.114543,0.082844,-0.0292865,-0.996132,0.0618063,0.4,0,0,slope_up,0,1,9.22612e-14,7.49673e-12,2.2586e-07,1,0,0
16.1602,3.94235,0.643836,0,0.113726,0.978731,0.11548,0.0852917,-0.0219887,-0.996113,0.067886,0.4,0,0,slope_up,0,1,1.0617e-13,2.07938e-12,1.39528e-07,1,0,0
16.1802,3.94712,0.643754,0,0.116096,0.980973,0.116736,0.0876613,-0.0136262,-0.996057,0.0724016,0.4,0,0,slope_up,0,1,1.72016e-13,3.566e-13,8.24315e-08,1,0,0
16.2002,3.95152,0.643608,0,0.117055,0.98271,0.11723,0.0886204,-0.00616498,-0.996046,0.0754265,0.4,0,0,slope_up,0,1,3.79667e-13,1.39557e-13,7.07868e-08,1,0,0
16.2202,3.9558,0.643368,0,0.117371,0.984092,0.117578,0.0889363,0.00185123,-0.996036,0.0761522,0.4,0,0,slope_up,0,1,5.65921e-13,1.16386e-13,7.57242e-08,1,0,0
16.2402,3.95946,0.643019,0,0.117317,0.985013,0.117979,0.088882,0.00862932,-0.996005,0.0748911,0.4,0,0,slope_up,0,1,5.60244e-13,5.92537e-14,6.03378e-08,1,0,0
16.2602,3.96328,0.642411,0,0.11702,0.985593,0.118184,0.0885851,0.0130096,-0.995984,0.0741466,0.4,0,0,slope_up,0,1,4.14351e-13,3.39081e-14,3.86022e-08,1,0,0
16.2802,3.96696,0.641582,0,0.115891,0.985621,0.117277,0.0874558,0.0145543,-0.996062,0.0739155,0.4,0,0,slope_up,0,1,3.16037e-13,3.43638e-14,2.72981e-08,1,0,0
16.3002,3.97068,0.640468,0,0.112329,0.985192,0.113705,0.083894,0.0143129,-0.996372,0.0751635,0.4,0,0,slope_up,0,1,3.36325e-13,4.38682e-14,3.35083e-08,1,0,0
16.3202,3.97493,0.639525,0,0.104871,0.985371,0.107414,0.0764362,0.0202086,-0.99687,0.0805961,0.4,0,0,slope_up,0,1,5.83325e-13,2.28328e-13,9.87668e-08,1,0,0
16.3402,3.97881,0.638143,0,0.0994479,0.986978,0.102649,0.0710132,0.0225141,-0.997221,0.0773246,0.4,0,0,slope_up,0,1,1.06494e-12,3.51987e-13,1.55199e-07,1,0,0
16.3602,3.98129,0.636513,0,0.0980908,0.988999,0.100275,0.069656,0.0178719,-0.997411,0.0722123,0.4,0,0,slope_up,0,1,1.33227e-12,3.16581e-13,3.68672e-08,1,0,0
16.3802,3.98428,0.634994,0,0.0957012,0.991576,0.0967711,0.0672665,0.0113373,-0.997671,0.0689009,0.4,0,0,slope_up,0,1,1.14403e-12,1.08251e-12,3.83401e-08,1,0,0
16.4002,3.9877,0.634335,0,0.0926716,0.993973,0.0929289,0.0642369,0.00360232,-0.997928,0.0634305,0.4,0,0,slope_up,0,1,9.32952e-13,3.07562e-13,3.95534e-08,1,0,0
16.4202,3.99106,0.634058,0,0.0924457,0.996064,0.0925111,0.0640109,-0.00440078,-0.997939,0.0607239,0.4,0,0,slope_up,0,1,5.65177e-13,6.42894e-14,3.40643e-08,1,0,0
16.4402,3.9944,0.633975,0,0.0947967,0.997841,0.0953467,0.066362,-0.012331,-0.997719,0.05969,0.4,0,0,slope_up,0,1,2.88574e-13,2.58366e-14,2.32412e-08,1,0,0
16.4602,3.99793,0.634132,0,0.0981191,0.999274,0.0997033,0.0696844,-0.0199511,-0.99737,0.0579376,0.4,0,0,slope_up,0,1,2.23522e-13,3.54111e-14,1.60085e-08,1,0,0
16.4802,4.00167,0.634516,0,0.101556,1.00034,0.104476,0.0731216,-0.0268028,-0.996963,0.0561334,0.4,0,0,slope_up,0,1,2.8641e-13,1.201e-13,2.0133e-08,1,0,0
16.5002,4.00587,0.635136,0,0.105262,1.00111,0.109878,0.0768271,-0.0337901,-0.996472,0.0539347,0.4,0,0,slope_up,0,1,6.70333e-13,6.51416e-13,4.1981e-08,1,0,0
16.5202,4.00935,0.635822,0,0.107867,1.00149,0.114046,0.0794326,-0.0392944,-0.996065,0.0523994,0.4,0,0,slope_up,0,1,1.69683e-12,3.65191e-12,1.05559e-07,1,0,0
16.5402,4.01328,0.636739,0,0.110196,1.00179,0.118542,0.0817616,-0.045942,-0.995592,0.050658,0.4,0,0,slope_up,0,1,2.98438e-12,1.51606e-11,2.30832e-07,1,0,0
16.5602,4.01725,0.6378,0,0.112273,1.00198,0.123088,0.0838383,-0.0526843,-0.995086,0.0495891,0.4,0,0,slope_up,0,1,2.78583e-12,4.82751e-11,3.96662e-07,1,0,0
16.5802,4.02126,0.639077,0,0.114563,1.00203,0.127513,0.0861281,-0.0581938,-0.994583,0.0489977,0.4,0,0,slope_up,0,1,1.4733e-12,1.00419e-10,5.25894e-07,1,0,0
16.6002,4.02578,0.640777,0,0.117133,1.0018,0.13121,0.0886983,-0.0612919,-0.994171,0.049161,0.4,0,0,slope_up,0,0.999999,5.88247e-13,1.49578e-10,6.44573e-07,1,0,0
16.6202,4.03001,0.642637,0,0.118882,1.00106,0.132256,0.0904477,-0.0600947,-0.994086,0.0503413,0.4,0,0,slope_up,0,0.999999,2.34141e-13,1.35963e-10,7.51154e-07,1,0,0
16.6402,4.03389,0.644203,0,0.119339,1.00009,0.131387,0.0909044,-0.0570953,-0.994222,0.0507792,0.4,0,0,slope_up,0,0.999999,1.42672e-13,1.02386e-10,8.28892e-07,1,0,0
16.6602,4.03855,0.645428,0,0.116104,1.00003,0.128934,0.0876689,-0.0582503,-0.994445,0.0461487,0.4,0,0,slope_up,0,1,3.30077e-13,1.11065e-10,4.74658e-07,1,0,0
16.6802,4.04318,0.646777,0,0.113444,1.00147,0.123446,0.0850093,-0.0508907,-0.99508,0.0494537,0.4,0,0,slope_up,0,0.999999,2.16093e-13,2.3502e-10,6.94572e-07,1,0,0
16.7002,4.04702,0.647787,0,0.111405,1.00332,0.118666,0.0829705,-0.0430976,-0.99562,0.0543252,0.4,0,0,slope_up,0,0.999999,1.19002e-13,2.43209e-10,6.95618e-07,1,0,0
16.7202,4.0519,0.648605,0,0.110256,1.00601,0.114957,0.0818213,-0.0347435,-0.996041,0.0598402,0.4,0,0,slope_up,0,1,1.06393e-13,3.10507e-11,4.53957e-07,1,0,0
16.7402,4.05589,0.648917,0,0.111469,1.00817,0.114401,0.0830339,-0.0278496,-0.996158,0.0656204,0.4,0,0,slope_up,0,1,7.28914e-14,5.02403e-12,2.16211e-07,1,0,0
16.7602,4.06023,0.648886,0,0.114571,1.01034,0.116147,0.0861358,-0.0209591,-0.996063,0.0713183,0.4,0,0,slope_up,0,1,1.18405e-13,9.74272e-13,1.1047e-07,1,0,0
16.7802,4.06469,0.648617,0,0.117118,1.01227,0.11779,0.088683,-0.0139754,-0.995962,0.0750324,0.4,0,0,slope_up,0,1,2.39603e-13,2.26621e-13,7.36853e-08,1,0,0
16.8002,4.06966,0.648257,0,0.118326,1.01412,0.118477,0.0898909,-0.00509804,-0.995939,0.0779681,0.4,0,0,slope_up,0,1,6.23229e-13,1.16568e-13,6.63178e-08,1,0,0
16.8202,4.0736,0.64789,0,0.118589,1.01535,0.118804,0.0901542,0.00196062,-0.995926,0.0778959,0.4,0,0,slope_up,0,1,8.13476e-13,8.30641e-14,6.71216e-08,1,0,0
16.8402,4.07813,0.647309,0,0.118584,1.01647,0.119293,0.0901495,0.00911657,-0.995887,0.0763005,0.4,0,0,slope_up,0,1,7.07378e-13,4.57104e-14,4.6902e-08,1,0,0
16.8602,4.08163,0.646682,0,0.118147,1.01695,0.119315,0.0897123,0.0130769,-0.995882,0.0756232,0.4,0,0,slope_up,0,1,4.58397e-13,3.11201e-14,3.07074e-08,1,0,0
16.8802,4.08568,0.645635,0,0.116691,1.01691,0.117984,0.0882566,0.0139313,-0.996,0.0752208,0.4,0,0,slope_up,0,1,3.21468e-13,3.24844e-14,2.27293e-08,1,0,0
16.9002,4.0892,0.64451,0,0.113021,1.01648,0.114361,0.0845867,0.0140969,-0.996316,0.0781227,0.4,0,0,slope_up,0,1,3.32244e-13,3.61133e-14,2.97054e-08,1,0,0
16.9202,4.09367,0.643454,0,0.104859,1.01666,0.107393,0.076424,0.0201645,-0.996871,0.0835204,0.4,0,0,slope_up,0,1,4.36126e-13,2.39125e-13,1.08645e-07,1,0,0
16.9402,4.09762,0.641944,0,0.0998228,1.01816,0.102678,0.0713881,0.0211064,-0.997225,0.0781352,0.4,0,0,slope_up,0,1,8.42585e-13,2.87242e-13,1.12874e-07,1,0,0
16.9602,4.10007,0.640156,0,0.0993402,1.02011,0.101116,0.0709055,0.0158755,-0.997357,0.073941,0.4,0,0,slope_up,0,1,1.08426e-12,4.37719e-13,3.46194e-08,1,0,0
16.9802,4.10315,0.638572,0,0.0974091,1.02263,0.0981615,0.0689744,0.00900987,-0.997578,0.0697155,0.4,0,0,slope_up,0,1,1.20782e-12,1.3433e-12,3.36352e-08,1,0,0
17.0002,4.10667,0.637803,0,0.0946734,1.02499,0.0948067,0.0662387,0.00127646,-0.997803,0.0645161,0.4,0,0,slope_up,0,1,1.2107e-12,4.16192e-13,3.56473e-08,1,0,0
17.0202,4.1104,0.637351,0,0.0950576,1.02726,0.0952082,0.0666229,-0.00691348,-0.997754,0.0637854,0.4,0,0,slope_up,0,1,5.92725e-13,8.09788e-14,3.65556e-08,1,0,0
17.0402,4.11345,0.637185,0,0.0974984,1.02888,0.0982666,0.0690637,-0.0143824,-0.997509,0.0621512,0.4,0,0,slope_up,0,1,3.24358e-13,3.89983e-14,2.57821e-08,1,0,0
17.0602,4.11735,0.637259,0,0.101386,1.03049,0.103421,0.0729511,-0.0226438,-0.997078,0.0599977,0.4,0,0,slope_up,0,1,2.67522e-13,3.87743e-14,1.55598e-08,1,0,0
17.0802,4.12068,0.637489,0,0.10453,1.03147,0.107833,0.0760949,-0.0287343,-0.996686,0.0587743,0.4,0,0,slope_up,0,1,3.72391e-13,1.41639e-13,2.12101e-08,1,0,0
17.1002,4.12476,0.637885,0,0.108168,1.03233,0.113391,0.0797337,-0.0362647,-0.996156,0.0571296,0.4,0,0,slope_up,0,1,8.71706e-13,8.39632e-13,4.737e-08,1,0,0
17.1202,4.12843,0.638437,0,0.111007,1.03283,0.118239,0.0825727,-0.0429502,-0.995659,0.0552008,0.4,0,0,slope_up,0,1,2.11254e-12,4.27244e-12,1.15726e-07,1,0,0
17.1402,4.13173,0.639075,0,0.113109,1.03313,0.12244,0.0846739,-0.0491012,-0.995198,0.053938,0.4,0,0,slope_up,0,1,3.26554e-12,1.5861e-11,2.373e-07,1,0,0
17.1602,4.13538,0.639936,0,0.11524,1.03333,0.127018,0.0868048,-0.0556108,-0.994672,0.0530286,0.4,0,0,slope_up,0,1,2.7204e-12,4.99272e-11,3.993e-07,1,0,0
17.1802,4.13911,0.641026,0,0.117151,1.03337,0.131011,0.0887168,-0.0608126,-0.994199,0.0523321,0.4,0,0,slope_up,0,0.999999,1.66862e-12,1.08294e-10,5.37743e-07,1,0,0
17.2002,4.14289,0.642334,0,0.119121,1.03316,0.134014,0.090686,-0.063536,-0.993851,0.0523595,0.4,0,0,slope_up,0,0.999999,7.11825e-13,1.57124e-10,6.6525e-07,1,0,0
17.2202,4.14675,0.643898,0,0.120775,1.03253,0.135057,0.0923407,-0.0625572,-0.99376,0.0535072,0.4,0,0,slope_up,0,0.999999,3.17629e-13,1.38788e-10,7.56582e-07,1,0,0
17.2402,4.15105,0.645593,0,0.120942,1.03144,0.133772,0.0925074,-0.0592767,-0.993946,0.0535909,0.4,0,0,slope_up,0,0.999999,1.89375e-13,1.0384e-10,7.76791e-07,1,0,0
17.2603,4.15539,0.646624,0,0.116923,1.03149,0.13042,0.0884887,-0.0599477,-0.994272,0.0479432,0.4,0,0,slope_up,0,1,4.27255e-13,1.08811e-10,4.39004e-07,1,0,0
17.2803,4.1592,0.647737,0,0.114164,1.03281,0.125343,0.085729,-0.0539519,-0.994857,0.0487189,0.4,0,0,slope_up,0,0.999999,2.72501e-13,2.56774e-10,6.40753e-07,1,0,0
17.3003,4.16322,0.64874,0,0.110425,1.03489,0.118188,0.0819904,-0.0443727,-0.995645,0.0557571,0.4,0,0,slope_up,0,0.999999,2.11239e-13,3.09141e-10,6.86266e-07,1,0,0
17.3203,4.1671,0.649463,0,0.107733,1.03712,0.113105,0.0792979,-0.036698,-0.996175,0.0609104,0.4,0,0,slope_up,0,0.999999,1.46334e-13,6.97145e-11,6.20094e-07,1,0,0
17.3403,4.17117,0.649931,0,0.108157,1.03957,0.111562,0.0797219,-0.0295484,-0.996379,0.0645875,0.4,0,0,slope_up,0,1,8.83591e-14,1.18715e-11,3.09857e-07,1,0,0
17.3603,4.17561,0.649926,0,0.111283,1.04193,0.11317,0.0828486,-0.0226003,-0.996306,0.0701861,0.4,0,0,slope_up,0,1,1.02986e-13,1.61602e-12,1.26263e-07,1,0,0
17.3803,4.17945,0.649668,0,0.113453,1.04363,0.114447,0.0850185,-0.016802,-0.996238,0.0745351,0.4,0,0,slope_up,0,1,1.68069e-13,4.20191e-13,9.03032e-08,1,0,0
17.4003,4.18387,0.649354,0,0.114439,1.04535,0.114759,0.0860045,-0.00952184,-0.996249,0.0771802,0.4,0,0,slope_up,0,1,4.0498e-13,1.75593e-13,7.30167e-08,1,0,0
17.4203,4.18823,0.648995,0,0.114706,1.04686,0.114823,0.0862714,-0.00143353,-0.996271,0.0780511,0.4,0,0,slope_up,0,1,6.70926e-13,1.32209e-13,7.924e-08,1,0,0
17.4403,4.19275,0.64849,0,0.114809,1.04811,0.115312,0.0863746,0.00685132,-0.996239,0.0767368,0.4,0,0,slope_up,0,1,6.61687e-13,8.35755e-14,7.20389e-08,1,0,0
17.4603,4.19613,0.647783,0,0.115117,1.04866,0.116009,0.0866827,0.0107647,-0.996178,0.0760181,0.4,0,0,slope_up,0,1,4.36334e-13,4.09294e-14,4.37784e-08,1,0,0
17.4803,4.19981,0.646749,0,0.114191,1.0487,0.115273,0.0857566,0.0122832,-0.99624,0.0756173,0.4,0,0,slope_up,0,1,2.89311e-13,3.56963e-14,2.92761e-08,1,0,0
17.5003,4.20361,0.645403,0,0.110956,1.0482,0.112012,0.0825213,0.0119652,-0.996517,0.0767996,0.4,0,0,slope_up,0,1,3.10841e-13,4.15488e-14,3.50584e-08,1,0,0
17.5203,4.20792,0.644201,0,0.103635,1.04822,0.105624,0.0752008,0.0173496,-0.997017,0.0817855,0.4,0,0,slope_up,0,1,5.57182e-13,2.17182e-13,1.03552e-07,1,0,0
17.5403,4.21163,0.642822,0,0.0982853,1.04949,0.100923,0.0698505,0.0199965,-0.997357,0.0780772,0.4,0,0,slope_up,0,1,9.95087e-13,3.07603e-13,1.43466e-07,1,0,0
17.5603,4.21439,0.640848,0,0.0971657,1.05159,0.0990171,0.068731,0.0161034,-0.997505,0.0742333,0.4,0,0,slope_up,0,1,1.06485e-12,3.22504e-13,3.96325e-08,1,0,0
17.5803,4.21746,0.639232,0,0.0946656,1.05405,0.0953617,0.0662308,0.00841862,-0.997769,0.0692339,0.4,0,0,slope_up,0,1,1.20025e-12,1.14651e-12,3.99992e-08,1,0,0
17.6003,4.22098,0.638475,0,0.0915778,1.05634,0.091675,0.0631431,0.00044845,-0.998004,0.0631133,0.4,0,0,slope_up,0,1,1.00424e-12,3.07852e-13,3.47516e-08,1,0,0
17.6203,4.2244,0.638108,0,0.0914005,1.05832,0.091559,0.0629658,-0.00715843,-0.99799,0.0610267,0.4,0,0,slope_up,0,1,5.73338e-13,6.51763e-14,3.30154e-08,1,0,0
17.6403,4.22779,0.637967,0,0.0938894,1.06,0.0947356,0.0654547,-0.0148455,-0.997745,0.0598131,0.4,0,0,slope_up,0,1,2.99981e-13,2.90933e-14,2.31115e-08,1,0,0
17.6603,4.23137,0.638077,0,0.0973757,1.06135,0.099398,0.0689409,-0.0222442,-0.997373,0.0579593,0.4,0,0,slope_up,0,1,2.31807e-13,3.54266e-14,1.49803e-08,1,0,0
17.6803,4.23515,0.638458,0,0.101164,1.06232,0.104587,0.072729,-0.0288414,-0.996935,0.0554142,0.4,0,0,slope_up,0,1,2.95077e-13,1.30246e-13,1.96506e-08,1,0,0
17.7003,4.23901,0.638993,0,0.104926,1.06293,0.109798,0.0764913,-0.0346292,-0.996469,0.0543516,0.4,0,0,slope_up,0,1,7.54798e-13,7.43161e-13,3.78918e-08,1,0,0
17.7203,4.24292,0.63962,0,0.108077,1.06336,0.1148,0.0796419,-0.040977,-0.995981,0.0536119,0.4,0,0,slope_up,0,1,1.73463e-12,5.30348e-12,1.1768e-07,1,0,0
17.7403,4.24685,0.640426,0,0.110749,1.06368,0.119803,0.0823147,-0.0479329,-0.995453,0.051726,0.4,0,0,slope_up,0,1,3.19285e-12,2.16554e-11,2.63655e-07,1,0,0
17.7603,4.2512,0.641485,0,0.113158,1.06391,0.124793,0.0847233,-0.0548375,-0.994894,0.0507293,0.4,0,0,slope_up,0,1,2.81847e-12,5.27696e-11,3.91976e-07,1,0,0
17.7803,4.25476,0.642562,0,0.115777,1.06393,0.129472,0.0873426,-0.0601392,-0.994361,0.0502368,0.4,0,0,slope_up,0,1,1.45866e-12,1.12977e-10,5.34443e-07,1,0,0
17.8003,4.25881,0.644024,0,0.118375,1.0637,0.132975,0.0899404,-0.0627244,-0.99397,0.0498264,0.4,0,0,slope_up,0,0.999999,6.27631e-13,1.56772e-10,6.41283e-07,1,0,0
17.8203,4.26298,0.645718,0,0.120491,1.06307,0.134527,0.0920561,-0.0619453,-0.993825,0.0509643,0.4,0,0,slope_up,0,0.999999,2.74382e-13,1.31551e-10,7.24538e-07,1,0,0
17.8403,4.2672,0.647392,0,0.121335,1.06203,0.133876,0.0929007,-0.0586758,-0.993945,0.0521056,0.4,0,0,slope_up,0,0.999999,1.71465e-13,1.1593e-10,8.12569e-07,1,0,0
17.8603,4.27186,0.648487,0,0.118016,1.06198,0.131427,0.0895811,-0.0599921,-0.994171,0.0473381,0.4,0,0,slope_up,0,1,4.09101e-13,1.37664e-10,5.00115e-07,1,0,0
17.8803,4.27647,0.649781,0,0.115131,1.06346,0.125821,0.0866964,-0.052945,-0.994827,0.0491614,0.4,0,0,slope_up,0,0.999999,2.702e-13,2.38321e-10,7.17349e-07,1,0,0
17.9003,4.28027,0.650777,0,0.112809,1.06538,0.120476,0.0843741,-0.0445041,-0.99544,0.0553475,0.4,0,0,slope_up,0,0.999999,1.72843e-13,2.57155e-10,6.26703e-07,1,0,0
17.9203,4.28477,0.651611,0,0.110736,1.06793,0.115797,0.0823015,-0.0360634,-0.995955,0.0608355,0.4,0,0,slope_up,0,0.999999,1.41935e-13,5.46517e-11,5.54748e-07,1,0,0
17.9403,4.28912,0.652079,0,0.111596,1.07043,0.114619,0.0831615,-0.0282634,-0.996135,0.0658177,0.4,0,0,slope_up,0,1,8.991e-14,7.38185e-12,2.46983e-07,1,0,0
17.9603,4.29338,0.652104,0,0.114667,1.07264,0.116304,0.0862325,-0.0213383,-0.996046,0.0714743,0.4,0,0,slope_up,0,1,1.10692e-13,1.5313e-12,1.32316e-07,1,0,0
17.9803,4.29779,0.651867,0,0.117252,1.07459,0.117973,0.0888172,-0.0144717,-0.995943,0.0758509,0.4,0,0,slope_up,0,1,2.1607e-13,3.1578e-13,8.31899e-08,1,0,0
18.0003,4.30278,0.651566,0,0.118293,1.0765,0.118466,0.0898585,-0.00595199,-0.995937,0.0781676,0.4,0,0,slope_up,0,1,5.39178e-13,1.48731e-13,7.11803e-08,1,0,0
18.0203,4.30673,0.651273,0,0.118486,1.07782,0.118684,0.0900517,0.00149914,-0.995936,0.0788525,0.4,0,0,slope_up,0,1,8.38238e-13,1.12794e-13,7.50899e-08,1,0,0
18.0403,4.31087,0.650831,0,0.118425,1.07895,0.119088,0.0899905,0.0086452,-0.995905,0.0775809,0.4,0,0,slope_up,0,1,6.63453e-13,6.20136e-14,5.56617e-08,1,0,0
18.0603,4.31514,0.650095,0,0.117964,1.07963,0.119208,0.089529,0.0136387,-0.995891,0.076778,0.4,0,0,slope_up,0,1,4.34352e-13,3.7362e-14,3.7166e-08,1,0,0
18.0803,4.31851,0.649273,0,0.116583,1.07968,0.118003,0.0881484,0.014806,-0.995997,0.0766335,0.4,0,0,slope_up,0,1,3.19302e-13,3.85669e-14,2.69801e-08,1,0,0
18.1003,4.3228,0.648021,0,0.112104,1.07931,0.113712,0.0836688,0.0157806,-0.996369,0.0791241,0.4,0,0,slope_up,0,1,3.38128e-13,4.04716e-14,3.43221e-08,1,0,0
18.1203,4.32674,0.647156,0,0.105096,1.07963,0.10789,0.0766613,0.0213792,-0.996828,0.0827371,0.4,0,0,slope_up,0,1,5.00082e-13,2.11683e-13,1.19646e-07,1,0,0
18.1403,4.33059,0.645669,0,0.100482,1.08127,0.10372,0.0720469,0.0227839,-0.997141,0.0790314,0.4,0,0,slope_up,0,1,9.80918e-13,2.80726e-13,1.15006e-07,1,0,0
18.1603,4.33315,0.644022,0,0.0991316,1.08333,0.10135,0.0706969,0.0181317,-0.997333,0.0761404,0.4,0,0,slope_up,0,1,1.24696e-12,4.72648e-13,4.4399e-08,1,0,0
18.1803,4.33633,0.642705,0,0.096537,1.08591,0.0975991,0.0681023,0.0113294,-0.997614,0.0714472,0.4,0,0,slope_up,0,1,1.39846e-12,1.91809e-12,4.95592e-08,1,0,0
18.2003,4.34018,0.64215,0,0.093916,1.08853,0.0940919,0.0654813,0.00222212,-0.997851,0.0646225,0.4,0,0,slope_up,0,1,6.97201e-13,1.80088e-13,3.33969e-08,1,0,0
18.2203,4.34328,0.641976,0,0.0942921,1.09037,0.0943953,0.0658574,-0.00572034,-0.997813,0.0614858,0.4,0,0,slope_up,0,1,4.04652e-13,4.25602e-14,2.91455e-08,1,0,0
18.2403,4.34668,0.641976,0,0.0970107,1.09207,0.0976548,0.0685759,-0.0132827,-0.997557,0.0610592,0.4,0,0,slope_up,0,1,2.19938e-13,1.77622e-14,1.78655e-08,1,0,0
18.2603,4.35066,0.642277,0,0.10044,1.09349,0.102093,0.0720055,-0.020511,-0.997193,0.0595275,0.4,0,0,slope_up,0,1,1.9539e-13,3.54311e-14,1.76854e-08,1,0,0
18.2803,4.35411,0.642767,0,0.103755,1.09432,0.10661,0.0753198,-0.0267501,-0.996801,0.0571377,0.4,0,0,slope_up,0,1,3.06535e-13,1.34382e-13,2.24135e-08,1,0,0
18.3003,4.35803,0.643417,0,0.106741,1.09494,0.110924,0.078306,-0.0324181,-0.996402,0.0557305,0.4,0,0,slope_up,0,1,8.52652e-13,7.75062e-13,4.83454e-08,1,0,0
18.3203,4.36155,0.64408,0,0.109042,1.09534,0.114769,0.0806075,-0.0380429,-0.99602,0.0548196,0.4,0,0,slope_up,0,1,2.2301e-12,4.53574e-12,1.31449e-07,1,0,0
18.3403,4.36581,0.645036,0,0.111554,1.09574,0.119862,0.0831194,-0.0460818,-0.995474,0.0532045,0.4,0,0,slope_up,0,1,3.80946e-12,1.50299e-11,2.68697e-07,1,0,0
18.3603,4.36967,0.646084,0,0.113745,1.09602,0.124766,0.0853101,-0.053485,-0.994918,0.0523744,0.4,0,0,slope_up,0,1,3.11706e-12,4.06955e-11,4.28858e-07,1,0,0
18.3803,4.37354,0.6474,0,0.115938,1.09612,0.129007,0.0875031,-0.0587637,-0.99443,0.0521335,0.4,0,0,slope_up,0,1,1.40661e-12,7.24786e-11,5.11734e-07,1,0,0
18.4003,4.37789,0.649218,0,0.118866,1.09588,0.133047,0.0904314,-0.0619104,-0.993976,0.0521576,0.4,0,0,slope_up,0,0.999999,5.55857e-13,1.00346e-10,5.95949e-07,1,0,0
18.4203,4.38155,0.650992,0,0.120631,1.09525,0.133941,0.0921962,-0.0603257,-0.993912,0.0529529,0.4,0,0,slope_up,0,0.999999,2.30839e-13,8.90415e-11,6.84849e-07,1,0,0
18.4403,4.38577,0.652933,0,0.120831,1.09418,0.132656,0.0923962,-0.0568596,-0.994098,0.0525034,0.4,0,0,slope_up,0,0.999999,1.59544e-13,8.19796e-11,7.89479e-07,1,0,0
18.4603,4.39047,0.654295,0,0.116911,1.09405,0.129388,0.0884762,-0.0576062,-0.994411,0.0468594,0.4,0,0,slope_up,0,1,3.47694e-13,8.58024e-11,4.59984e-07,1,0,0
18.4803,4.39457,0.655661,0,0.114407,1.09518,0.12448,0.0859723,-0.0512571,-0.994978,0.0479102,0.4,0,0,slope_up,0,0.999999,2.82255e-13,1.56793e-10,6.79355e-07,1,0,0
18.5003,4.39872,0.656913,0,0.112086,1.09717,0.119188,0.0836517,-0.0427429,-0.995578,0.0544964,0.4,0,0,slope_up,0,0.999999,1.79712e-13,1.72677e-10,6.06542e-07,1,0,0
18.5203,4.40316,0.657912,0,0.110211,1.09964,0.114795,0.0817762,-0.0343188,-0.99606,0.0599704,0.4,0,0,slope_up,0,0.999999,1.33401e-13,4.72935e-11,5.72119e-07,1,0,0
18.5403,4.40791,0.658565,0,0.111229,1.10236,0.114178,0.0827939,-0.0279037,-0.996176,0.0646941,0.4,0,0,slope_up,0,1,7.87561e-14,5.26601e-12,2.22966e-07,1,0,0
18.5603,4.41178,0.658704,0,0.114064,1.10437,0.115676,0.0856298,-0.0211511,-0.996103,0.0709909,0.4,0,0,slope_up,0,1,1.07752e-13,1.43059e-12,1.34352e-07,1,0,0
18.5803,4.41665,0.658667,0,0.116714,1.10657,0.117324,0.0882791,-0.0133047,-0.996007,0.0755823,0.4,0,0,slope_up,0,1,2.0814e-13,2.71085e-13,8.179e-08,1,0,0
18.6003,4.42067,0.65859,0,0.117879,1.10813,0.118052,0.0894441,-0.00602051,-0.995974,0.0786545,0.4,0,0,slope_up,0,1,4.72064e-13,1.18833e-13,7.14349e-08,1,0,0
18.6203,4.42501,0.658413,0,0.118459,1.10954,0.118668,0.090024,0.00181425,-0.995938,0.0795565,0.4,0,0,slope_up,0,1,6.95787e-13,9.07785e-14,7.12159e-08,1,0,0
18.6403,4.42913,0.658086,0,0.118493,1.11055,0.119113,0.0900583,0.00819025,-0.995903,0.0781971,0.4,0,0,slope_up,0,1,5.06882e-13,6.20195e-14,6.31302e-08,1,0,0
18.6603,4.43343,0.657533,0,0.118045,1.11114,0.119142,0.0896101,0.012533,-0.995898,0.0762999,0.4,0,0,slope_up,0,1,4.20596e-13,2.47351e-14,3.37447e-08,1,0,0
18.6803,4.43677,0.656872,0,0.11683,1.11115,0.118151,0.0883954,0.0141343,-0.995985,0.0760158,0.4,0,0,slope_up,0,1,3.34107e-13,3.0263e-14,2.33097e-08,1,0,0
18.7003,4.44016,0.655934,0,0.113493,1.11073,0.114754,0.0850585,0.0135726,-0.996284,0.0782045,0.4,0,0,slope_up,0,1,3.45855e-13,4.32004e-14,3.08546e-08,1,0,0
18.7203,4.44493,0.654998,0,0.106699,1.11075,0.108862,0.0782642,0.0185045,-0.996761,0.084088,0.4,0,0,slope_up,0,1,4.54555e-13,1.97049e-13,8.53584e-08,1,0,0
18.7403,4.44862,0.654041,0,0.10072,1.11205,0.103758,0.072285,0.0219866,-0.997142,0.0784732,0.4,0,0,slope_up,0,1,8.21263e-13,3.67751e-13,1.37048e-07,1,0,0
18.7603,4.45127,0.652289,0,0.100312,1.11422,0.102343,0.0718768,0.0173065,-0.997263,0.0731192,0.4,0,0,slope_up,0,1,1.0555e-12,3.32354e-13,3.63625e-08,1,0,0
18.7803,4.45414,0.650721,0,0.098961,1.11682,0.0998732,0.0705263,0.0103533,-0.997456,0.0708153,0.4,0,0,slope_up,0,1,1.266e-12,1.68355e-12,3.77482e-08,1,0,0
18.8003,4.45759,0.650075,0,0.0960613,1.11923,0.0962912,0.0676265,0.00316545,-0.997706,0.0659898,0.4,0,0,slope_up,0,1,1.18636e-12,6.51317e-13,4.61344e-08,1,0,0
18.8203,4.46101,0.649774,0,0.0956739,1.12136,0.0957534,0.0672392,-0.00482429,-0.997725,0.0629343,0.4,0,0,slope_up,0,1,7.17701e-13,1.12991e-13,3.74904e-08,1,0,0
18.8403,4.46471,0.649606,0,0.098272,1.12334,0.0989924,0.0698372,-0.0140059,-0.99746,0.0612549,0.4,0,0,slope_up,0,1,3.47252e-13,3.27649e-14,2.44701e-08,1,0,0
18.8603,4.46821,0.649693,0,0.101688,1.12473,0.103541,0.0732536,-0.0217097,-0.997077,0.0596402,0.4,0,0,slope_up,0,1,2.57282e-13,3.53293e-14,1.53268e-08,1,0,0
18.8803,4.47188,0.649999,0,0.105044,1.12576,0.108291,0.0766093,-0.0285604,-0.996652,0.0582054,0.4,0,0,slope_up,0,1,3.25637e-13,1.43769e-13,2.19216e-08,1,0,0
18.9003,4.47521,0.650422,0,0.10793,1.12639,0.112647,0.0794951,-0.0344983,-0.996238,0.0561821,0.4,0,0,slope_up,0,1,7.77619e-13,8.09678e-13,4.78845e-08,1,0,0
18.9203,4.47893,0.651043,0,0.110684,1.12687,0.117285,0.0822488,-0.0410226,-0.995767,0.0548154,0.4,0,0,slope_up,0,1,1.93401e-12,4.04002e-12,1.14951e-07,1,0,0
18.9403,4.48302,0.651883,0,0.113132,1.12724,0.122402,0.0846971,-0.0489446,-0.995204,0.0535971,0.4,0,0,slope_up,0,1,3.20915e-12,1.69583e-11,2.68787e-07,1,0,0
18.9603,4.48637,0.652721,0,0.114999,1.12746,0.126693,0.0865647,-0.0553579,-0.994707,0.0529974,0.4,0,0,slope_up,0,1,2.81821e-12,5.36784e-11,4.6425e-07,1,0,0
18.9803,4.49011,0.653899,0,0.117212,1.12753,0.131116,0.0887769,-0.0609254,-0.994186,0.0526939,0.4,0,0,slope_up,0,0.999999,1.44767e-12,9.83076e-11,5.7672e-07,1,0,0
19.0003,4.49389,0.655405,0,0.119511,1.12729,0.134151,0.0910758,-0.0630708,-0.993845,0.0524796,0.4,0,0,slope_up,0,0.999999,6.12266e-13,1.29487e-10,6.74418e-07,1,0,0
19.0203,4.49782,0.657196,0,0.121088,1.12662,0.13489,0.0926535,-0.0615457,-0.993795,0.053279,0.4,0,0,slope_up,0,0.999999,2.92866e-13,1.05082e-10,7.22744e-07,1,0,0
19.0403,4.50183,0.658982,0,0.121239,1.1255,0.133367,0.0928044,-0.0576744,-0.994013,0.0538001,0.4,0,0,slope_up,0,0.999999,1.91398e-13,9.34974e-11,7.86533e-07,1,0,0
19.0603,4.50615,0.660159,0,0.117833,1.12541,0.13088,0.0893979,-0.0591224,-0.99424,0.0481359,0.4,0,0,slope_up,0,1,3.93494e-13,1.07367e-10,4.48614e-07,1,0,0
19.0803,4.51017,0.661397,0,0.114198,1.12666,0.125053,0.0857634,-0.0531686,-0.994896,0.0492934,0.4,0,0,slope_up,0,0.999999,3.02057e-13,2.13415e-10,6.54212e-07,1,0,0
19.1003,4.51418,0.662575,0,0.110849,1.12873,0.118659,0.0824147,-0.0445763,-0.995601,0.0553503,0.4,0,0,slope_up,0,0.999999,2.0815e-13,2.47095e-10,6.65914e-07,1,0,0
19.1203,4.51882,0.6636,0,0.108372,1.13152,0.113632,0.0799369,-0.0364176,-0.996134,0.0599424,0.4,0,0,slope_up,0,0.999999,1.48204e-13,7.44739e-11,6.32078e-07,1,0,0
19.1403,4.52257,0.664106,0,0.108944,1.13378,0.112422,0.0805097,-0.0299288,-0.996304,0.0647489,0.4,0,0,slope_up,0,1,7.66813e-14,8.97573e-12,2.58349e-07,1,0,0
19.1603,4.5263,0.66427,0,0.111159,1.13584,0.113243,0.0827242,-0.0236705,-0.996291,0.0702631,0.4,0,0,slope_up,0,1,8.98158e-14,2.25812e-12,1.50939e-07,1,0,0
19.1803,4.531,0.664212,0,0.113817,1.13803,0.11469,0.0853822,-0.0158087,-0.996223,0.0755551,0.4,0,0,slope_up,0,1,1.49445e-13,4.34957e-13,8.89369e-08,1,0,0
19.2003,4.5354,0.664064,0,0.115033,1.13972,0.115282,0.0865979,-0.00821086,-0.99621,0.0786341,0.4,0,0,slope_up,0,1,3.20501e-13,1.66855e-13,7.8475e-08,1,0,0
19.2203,4.53974,0.663797,0,0.115414,1.14109,0.115543,0.0869793,-0.000739509,-0.99621,0.0801466,0.4,0,0,slope_up,0,1,5.28429e-13,1.1235e-13,7.75225e-08,1,0,0
19.2403,4.5443,0.663386,0,0.115258,1.14218,0.115759,0.086823,0.00682976,-0.9962,0.0790929,0.4,0,0,slope_up,0,1,5.65208e-13,7.23727e-14,6.70051e-08,1,0,0
19.2603,4.54819,0.662782,0,0.114817,1.1427,0.115763,0.0863819,0.011219,-0.996199,0.077875,0.4,0,0,slope_up,0,1,4.05729e-13,3.29786e-14,3.9961e-08,1,0,0
19.2803,4.55155,0.662024,0,0.113715,1.14271,0.114846,0.0852806,0.0126364,-0.996277,0.0773471,0.4,0,0,slope_up,0,1,3.20339e-13,3.08018e-14,2.72954e-08,1,0,0
19.3003,4.55538,0.660914,0,0.110446,1.14223,0.111639,0.0820113,0.0129533,-0.996547,0.0785072,0.4,0,0,slope_up,0,1,3.35157e-13,3.58981e-14,3.52267e-08,1,0,0
19.3203,4.55969,0.660003,0,0.10326,1.14233,0.105583,0.0748256,0.0190073,-0.997015,0.0827195,0.4,0,0,slope_up,0,1,5.70121e-13,1.66853e-13,9.73118e-08,1,0,0
19.3403,4.56325,0.658785,0,0.0987702,1.1437,0.101752,0.0703355,0.0215362,-0.997291,0.0797765,0.4,0,0,slope_up,0,1,1.11647e-12,2.18981e-13,1.3431e-07,1,0,0
19.3603,4.56608,0.657033,0,0.0974724,1.14588,0.0995187,0.0690377,0.0171339,-0.997467,0.0759173,0.4,0,0,slope_up,0,1,1.32583e-12,2.52798e-13,3.76655e-08,1,0,0
19.3803,4.5692,0.655696,0,0.0949895,1.14837,0.0959396,0.0665548,0.010448,-0.997728,0.0712566,0.4,0,0,slope_up,0,1,1.32465e-12,1.30821e-12,4.57915e-08,1,0,0
19.4003,4.57314,0.655237,0,0.091604,1.15086,0.0917225,0.0631693,0.00102279,-0.998002,0.061613,0.4,0,0,slope_up,0,1,8.80326e-13,2.56636e-13,3.52206e-08,1,0,0
19.4203,4.57621,0.655126,0,0.0917827,1.15255,0.0918967,0.063348,-0.00612664,-0.997973,0.058904,0.4,0,0,slope_up,0,1,5.08667e-13,3.89401e-14,2.45265e-08,1,0,0
19.4403,4.5799,0.655129,0,0.0950793,1.15425,0.0958145,0.0666446,-0.0140111,-0.997678,0.0594214,0.4,0,0,slope_up,0,1,2.6051e-13,2.4114e-14,2.10936e-08,1,0,0
19.4603,4.58317,0.655382,0,0.0983192,1.15535,0.0999163,0.0698844,-0.0200409,-0.997354,0.0586713,0.4,0,0,slope_up,0,1,1.98091e-13,4.28032e-14,1.79593e-08,1,0,0
19.4803,4.58704,0.655927,0,0.101776,1.15628,0.104615,0.073341,-0.026478,-0.996955,0.0558425,0.4,0,0,slope_up,0,1,2.93776e-13,1.41366e-13,2.2712e-08,1,0,0
19.5003,4.59096,0.656622,0,0.105312,1.1569,0.109538,0.0768775,-0.0323979,-0.996514,0.0535988,0.4,0,0,slope_up,0,1,8.35547e-13,6.49228e-13,4.23383e-08,1,0,0
19.5203,4.5945,0.657327,0,0.108215,1.15728,0.113944,0.0797807,-0.037927,-0.996091,0.0527755,0.4,0,0,slope_up,0,1,2.21219e-12,3.81541e-12,1.1336e-07,1,0,0
19.5403,4.59881,0.658328,0,0.111069,1.15764,0.119021,0.0826339,-0.0450105,-0.995563,0.0515326,0.4,0,0,slope_up,0,1,3.78861e-12,1.68289e-11,2.67756e-07,1,0,0
19.5603,4.60314,0.659547,0,0.114184,1.15791,0.125285,0.0857496,-0.0537648,-0.994865,0.0504273,0.4,0,0,slope_up,0,1,3.20334e-12,4.53281e-11,4.36198e-07,1,0,0
19.5803,4.6071,0.660932,0,0.116847,1.15798,0.130065,0.0884126,-0.0592983,-0.994317,0.0502119,0.4,0,0,slope_up,0,0.999999,1.50537e-12,9.32254e-11,5.72934e-07,1,0,0
19.6003,4.61074,0.662426,0,0.11911,1.15779,0.13322,0.090675,-0.0618057,-0.993961,0.0507878,0.4,0,0,slope_up,0,0.999999,5.52639e-13,1.14967e-10,6.55582e-07,1,0,0
19.6203,4.61487,0.664388,0,0.121056,1.15708,0.134342,0.0926216,-0.0603596,-0.99387,0.0528245,0.4,0,0,slope_up,0,0.999999,2.53143e-13,1.05809e-10,7.86871e-07,1,0,0
19.6403,4.61908,0.666219,0,0.121206,1.15609,0.133479,0.0927708,-0.0580153,-0.993996,0.0523763,0.4,0,0,slope_up,0,0.999999,1.71389e-13,8.89433e-11,8.51866e-07,1,0,0
19.6603,4.62448,0.667585,0,0.115718,1.15621,0.129303,0.0872829,-0.0598813,-0.994382,0.048759,0.4,0,0,slope_up,0,0.999999,5.20755e-13,1.24963e-10,5.44261e-07,1,0,0
19.6803,4.62789,0.668694,0,0.113331,1.15721,0.124634,0.0848961,-0.0540819,-0.994921,0.0522102,0.4,0,0,slope_up,0,0.999999,2.80285e-13,2.50765e-10,8.29786e-07,1,0,0
19.7003,4.63233,0.67016,0,0.111558,1.1594,0.118741,0.0831228,-0.0428987,-0.995616,0.0581969,0.4,0,0,slope_up,0,0.999999,1.37767e-13,1.29889e-10,5.70576e-07,1,0,0
19.7203,4.63675,0.671248,0,0.110183,1.16184,0.114712,0.0817482,-0.0341158,-0.996069,0.0619402,0.4,0,0,slope_up,0,1,8.74755e-14,2.22906e-11,3.80618e-07,1,0,0
19.7403,4.64104,0.671951,0,0.111824,1.16424,0.114445,0.0833898,-0.0264349,-0.996166,0.0661116,0.4,0,0,slope_up,0,1,7.05244e-14,4.54448e-12,2.28162e-07,1,0,0
19.7603,4.64485,0.672125,0,0.115141,1.16617,0.116686,0.0867062,-0.0207912,-0.996017,0.0712269,0.4,0,0,slope_up,0,1,1.12369e-13,1.21906e-12,1.31855e-07,1,0,0
19.7803,4.64974,0.672,0,0.118331,1.1683,0.118992,0.0898966,-0.0138499,-0.995855,0.0761989,0.4,0,0,slope_up,0,1,2.97843e-13,3.00501e-13,8.56519e-08,1,0,0
19.8003,4.65428,0.671824,0,0.119641,1.17004,0.119827,0.0912061,-0.00623362,-0.995813,0.0787377,0.4,0,0,slope_up,0,1,7.31712e-13,1.12061e-13,7.05747e-08,1,0,0
19.8203,4.65867,0.671674,0,0.120017,1.17155,0.120238,0.0915822,0.00198021,-0.995796,0.0779207,0.4,0,0,slope_up,0,1,9.05527e-13,6.12998e-14,6.23409e-08,1,0,0
19.8403,4.66275,0.671432,0,0.12034,1.17276,0.121043,0.0919057,0.00906834,-0.995726,0.0765606,0.4,0,0,slope_up,0,1,6.3908e-13,3.22827e-14,4.51219e-08,1,0,0
19.8603,4.66654,0.670978,0,0.120294,1.17348,0.121496,0.0918595,0.0134121,-0.995682,0.0759583,0.4,0,0,slope_up,0,1,3.76199e-13,2.36921e-14,2.8827e-08,1,0,0
19.8803,4.67017,0.670276,0,0.119005,1.17363,0.120312,0.0905702,0.0141328,-0.99579,0.0756764,0.4,0,0,slope_up,0,1,2.46824e-13,2.70365e-14,2.10984e-08,1,0,0
19.9003,4.67453,0.669193,0,0.113899,1.17331,0.115248,0.0854646,0.014198,-0.99624,0.0795402,0.4,0,0,slope_up,0,1,2.4555e-13,3.18337e-14,2.53014e-08,1,0,0
19.9203,4.67852,0.668467,0,0.106412,1.1736,0.108612,0.0779775,0.0186699,-0.99678,0.0834988,0.4,0,0,slope_up,0,1,3.8895e-13,2.61417e-13,1.14292e-07,1,0,0
19.9403,4.68228,0.667232,0,0.101924,1.17524,0.104423,0.0734895,0.019724,-0.997101,0.0795773,0.4,0,0,slope_up,0,1,9.33141e-13,2.83987e-13,1.06114e-07,1,0,0
19.9603,4.68513,0.665655,0,0.100522,1.17758,0.102187,0.072087,0.0153519,-0.99728,0.0770564,0.4,0,0,slope_up,0,1,1.39369e-12,3.99805e-13,3.74019e-08,1,0,0
19.9803,4.68806,0.664692,0,0.0982777,1.1799,0.0991647,0.0698429,0.0101297,-0.997507,0.0725402,0.4,0,0,slope_up,0,1,1.37109e-12,1.71531e-12,5.06369e-08,1,0,0
20.0003,4.69159,0.664264,0,0.0956589,1.18226,0.0957796,0.0672242,0.000910526,-0.997737,0.0648602,0.4,0,0,slope_up,0,1,7.31327e-13,2.05687e-13,3.88223e-08,1,0,0
20.0203,4.69499,0.664126,0,0.0966025,1.18424,0.0968297,0.0681678,-0.00835084,-0.997639,0.0618308,0.4,0,0,slope_up,0,1,4.07031e-13,3.63475e-14,2.78783e-08,1,0,0
20.0403,4.69837,0.664177,0,0.0994442,1.18583,0.100272,0.0710094,-0.0149466,-0.997364,0.0617651,0.4,0,0,slope_up,0,1,2.12096e-13,2.17056e-14,2.16587e-08,1,0,0
20.0603,4.702,0.664512,0,0.10275,1.18707,0.104583,0.0743148,-0.0216868,-0.996999,0.0602576,0.4,0,0,slope_up,0,1,1.90748e-13,4.6047e-14,1.97064e-08,1,0,0
20.0803,4.70626,0.66513,0,0.105833,1.18805,0.109048,0.0773979,-0.0285095,-0.996593,0.0574364,0.4,0,0,slope_up,0,1,3.36543e-13,1.83905e-13,2.74561e-08,1,0,0
20.1003,4.70975,0.665718,0,0.108259,1.18858,0.112763,0.0798246,-0.0337809,-0.996236,0.0558612,0.4,0,0,slope_up,0,1,1.03747e-12,8.93582e-13,5.69427e-08,1,0,0
20.1203,4.71356,0.666471,0,0.110743,1.18902,0.117069,0.0823078,-0.040189,-0.995796,0.054568,0.4,0,0,slope_up,0,1,2.76759e-12,4.42543e-12,1.38245e-07,1,0,0
20.1403,4.7173,0.667395,0,0.112993,1.18936,0.121669,0.0845581,-0.047338,-0.995293,0.0532136,0.4,0,0,slope_up,0,1,4.26572e-12,1.59974e-11,2.94818e-07,1,0,0
20.1603,4.72102,0.668514,0,0.115145,1.18962,0.126508,0.08671,-0.0545959,-0.994736,0.0524267,0.4,0,0,slope_up,0,1,3.13722e-12,3.88617e-11,4.5001e-07,1,0,0
20.1803,4.72515,0.670057,0,0.117672,1.18972,0.131507,0.0892372,-0.060874,-0.994148,0.0522562,0.4,0,0,slope_up,0,0.999999,1.49215e-12,7.45879e-11,5.799e-07,1,0,0
20.2003,4.72855,0.671614,0,0.11988,1.18953,0.134457,0.0914452,-0.0630125,-0.993814,0.0527197,0.4,0,0,slope_up,0,0.999999,5.52858e-13,9.76703e-11,6.77275e-07,1,0,0
20.2203,4.73248,0.673638,0,0.121608,1.18883,0.135294,0.0931735,-0.0613949,-0.993755,0.0547529,0.4,0,0,slope_up,0,0.999999,2.50033e-13,8.87383e-11,7.8198e-07,1,0,0
20.2403,4.7369,0.675726,0,0.12153,1.18766,0.133818,0.0930956,-0.0581163,-0.99396,0.0546947,0.4,0,0,slope_up,0,0.999999,1.60906e-13,7.44875e-11,8.63253e-07,1,0,0
20.2603,4.7411,0.676912,0,0.117004,1.18766,0.130668,0.0885688,-0.0603414,-0.994241,0.0499257,0.4,0,0,slope_up,0,1,5.05958e-13,9.86758e-11,5.02819e-07,1,0,0
20.2803,4.74513,0.678409,0,0.113828,1.18889,0.124938,0.0853931,-0.0537153,-0.994898,0.0518732,0.4,0,0,slope_up,0,0.999999,3.56076e-13,1.75034e-10,8.22224e-07,1,0,0
20.3003,4.74899,0.679864,0,0.111801,1.191,0.11935,0.0833659,-0.0439984,-0.995547,0.0567547,0.4,0,0,slope_up,0,1,1.64047e-13,1.08055e-10,5.15994e-07,1,0,0
20.3203,4.75324,0.681017,0,0.109982,1.1936,0.114999,0.0815477,-0.0358102,-0.996026,0.0611081,0.4,0,0,slope_up,0,0.999999,1.30304e-13,3.85281e-11,5.41214e-07,1,0,0
20.3403,4.75783,0.681842,0,0.111155,1.19642,0.114052,0.0827204,-0.0276596,-0.996189,0.0668749,0.4,0,0,slope_up,0,1,9.41821e-14,7.71727e-12,2.7696e-07,1,0,0
20.3603,4.76155,0.682134,0,0.113832,1.19848,0.115517,0.085397,-0.0215832,-0.996113,0.0724389,0.4,0,0,slope_up,0,1,1.0357e-13,1.97003e-12,1.67721e-07,1,0,0
20.3803,4.76628,0.682249,0,0.116338,1.20072,0.117008,0.0879034,-0.0139409,-0.996031,0.0770948,0.4,0,0,slope_up,0,1,1.82859e-13,3.13665e-13,8.84265e-08,1,0,0
20.4003,4.77022,0.682271,0,0.11724,1.20231,0.117436,0.0888055,-0.00678002,-0.996026,0.0798921,0.4,0,0,slope_up,0,1,3.86264e-13,1.20483e-13,7.53683e-08,1,0,0
20.4203,4.77446,0.682196,0,0.11763,1.20376,0.117812,0.0891952,0.00112018,-0.996014,0.0810787,0.4,0,0,slope_up,0,1,5.96097e-13,8.21393e-14,7.24312e-08,1,0,0
20.4403,4.77845,0.681983,0,0.11765,1.20481,0.118234,0.089215,0.00778975,-0.995982,0.0800818,0.4,0,0,slope_up,0,1,5.29242e-13,4.63336e-14,5.9117e-08,1,0,0
20.4603,4.78226,0.681615,0,0.116998,1.2054,0.118084,0.0885633,0.0124137,-0.995993,0.0788714,0.4,0,0,slope_up,0,1,3.68954e-13,2.50261e-14,3.67364e-08,1,0,0
20.4803,4.78585,0.681013,0,0.115624,1.20541,0.116894,0.0871897,0.0137277,-0.996097,0.0782896,0.4,0,0,slope_up,0,1,2.99491e-13,2.48591e-14,2.5789e-08,1,0,0
20.5003,4.78953,0.680167,0,0.112109,1.20492,0.113429,0.0836745,0.0139193,-0.996396,0.0797811,0.4,0,0,slope_up,0,1,3.1133e-13,3.2695e-14,3.30521e-08,1,0,0
20.5203,4.79376,0.679516,0,0.104302,1.20502,0.106845,0.0758668,0.0201564,-0.996914,0.0848529,0.4,0,0,slope_up,0,1,5.38597e-13,1.793e-13,1.00882e-07,1,0,0
20.5403,4.79729,0.678545,0,0.099072,1.20638,0.102319,0.0706373,0.0226572,-0.997245,0.0815387,0.4,0,0,slope_up,0,1,1.06914e-12,2.5057e-13,1.49546e-07,1,0,0
20.5603,4.79995,0.67699,0,0.0979847,1.20857,0.100492,0.0695499,0.0193837,-0.99739,0.0782806,0.4,0,0,slope_up,0,1,1.22507e-12,2.71107e-13,3.95867e-08,1,0,0
20.5803,4.80331,0.675728,0,0.0945894,1.21137,0.0955031,0.0661547,0.0101524,-0.997758,0.0712682,0.4,0,0,slope_up,0,1,1.26524e-12,1.1634e-12,4.1737e-08,1,0,0
20.6003,4.80647,0.67542,0,0.0914237,1.21347,0.0915987,0.062989,0.0022465,-0.998012,0.0640837,0.4,0,0,slope_up,0,1,8.35172e-13,2.0547e-13,2.96876e-08,1,0,0
20.6203,4.81014,0.675343,0,0.0913341,1.21566,0.0914435,0.0628994,-0.00603046,-0.998002,0.0627452,0.4,0,0,slope_up,0,1,4.63961e-13,3.74964e-14,2.82793e-08,1,0,0
20.6403,4.81311,0.675465,0,0.0938759,1.21716,0.0945173,0.0654412,-0.0131488,-0.99777,0.0617932,0.4,0,0,slope_up,0,1,2.53405e-13,2.41025e-14,2.42584e-08,1,0,0
20.6603,4.81702,0.675954,0,0.0975523,1.21862,0.099249,0.0691176,-0.0205414,-0.997397,0.0593262,0.4,0,0,slope_up,0,1,1.91362e-13,3.01757e-14,1.49874e-08,1,0,0
20.6803,4.82046,0.676592,0,0.101182,1.21947,0.10409,0.0727471,-0.0267183,-0.996992,0.0572181,0.4,0,0,slope_up,0,1,2.58817e-13,1.02238e-13,1.80984e-08,1,0,0
20.7003,4.8244,0.677437,0,0.104658,1.22009,0.108861,0.0762233,-0.032229,-0.99657,0.0556785,0.4,0,0,slope_up,0,1,6.38496e-13,6.04309e-13,3.9856e-08,1,0,0
20.7203,4.82838,0.678433,0,0.107736,1.22046,0.113443,0.0793014,-0.0377857,-0.996134,0.0543041,0.4,0,0,slope_up,0,1,1.98212e-12,4.64124e-12,1.12574e-07,1,0,0
20.7403,4.83277,0.679653,0,0.11027,1.22077,0.118027,0.0818348,-0.0443301,-0.99566,0.0528762,0.4,0,0,slope_up,0,1,3.66284e-12,1.78014e-11,2.56705e-07,1,0,0
20.7603,4.83636,0.680781,0,0.112644,1.22097,0.122904,0.0842094,-0.0513851,-0.995122,0.0517808,0.4,0,0,slope_up,0,1,3.31677e-12,4.44487e-11,4.22126e-07,1,0,0
20.7803,4.84035,0.682269,0,0.115232,1.22107,0.12769,0.0867975,-0.0572051,-0.994582,0.051383,0.4,0,0,slope_up,0,1,1.62187e-12,8.07137e-11,5.29603e-07,1,0,0
20.8003,4.84485,0.684258,0,0.118052,1.22088,0.131705,0.089617,-0.0605484,-0.994134,0.0516186,0.4,0,0,slope_up,0,0.999999,5.78937e-13,1.06432e-10,5.94791e-07,1,0,0
20.8203,4.84862,0.686163,0,0.119961,1.22029,0.132994,0.0915266,-0.0595424,-0.994021,0.0532026,0.4,0,0,slope_up,0,0.999999,2.08635e-13,9.64678e-11,6.85485e-07,1,0,0
20.8403,4.85289,0.688245,0,0.120551,1.21924,0.132129,0.0921163,-0.0562036,-0.994161,0.0535278,0.4,0,0,slope_up,0,0.999999,1.28726e-13,8.35474e-11,8.06746e-07,1,0,0
20.8603,4.85759,0.689764,0,0.117116,1.21923,0.129123,0.088681,-0.0565419,-0.994454,0.0483674,0.4,0,0,slope_up,0,1,3.03857e-13,7.83391e-11,4.46251e-07,1,0,0
20.8803,4.86197,0.691197,0,0.114161,1.22048,0.123717,0.0857266,-0.0498806,-0.995069,0.051742,0.4,0,0,slope_up,0,0.999999,2.2049e-13,1.78127e-10,6.58147e-07,1,0,0
20.9003,4.86637,0.692484,0,0.111614,1.22245,0.118043,0.0831788,-0.0406402,-0.995706,0.0590026,0.4,0,0,slope_up,0,0.999999,1.46157e-13,1.62186e-10,5.90728e-07,1,0,0
20.9203,4.87086,0.693487,0,0.110509,1.22481,0.114678,0.0820746,-0.0328275,-0.996085,0.0631081,0.4,0,0,slope_up,0,1,1.06345e-13,2.80677e-11,4.21007e-07,1,0,0
20.9403,4.87523,0.694085,0,0.112381,1.22714,0.114887,0.0839459,-0.0259277,-0.996133,0.0675985,0.4,0,0,slope_up,0,1,8.53439e-14,2.77623e-12,1.59077e-07,1,0,0
20.9603,4.8796,0.694229,0,0.115754,1.22927,0.117094,0.0873197,-0.0194533,-0.99599,0.073425,0.4,0,0,slope_up,0,1,1.39008e-13,9.73886e-13,1.19437e-07,1,0,0
20.9803,4.88408,0.694179,0,0.118523,1.23122,0.119065,0.0900881,-0.0125282,-0.995855,0.0772405,0.4,0,0,slope_up,0,1,3.5424e-13,2.13023e-13,7.63516e-08,1,0,0
21.0003,4.88859,0.694086,0,0.120006,1.23296,0.120153,0.0915717,-0.00443273,-0.995789,0.0797979,0.4,0,0,slope_up,0,1,8.50878e-13,1.15591e-13,7.04394e-08,1,0,0
21.0203,4.89336,0.69394,0,0.120607,1.23454,0.12093,0.092172,0.00410468,-0.995735,0.0787419,0.4,0,0,slope_up,0,1,9.115e-13,7.05037e-14,6.56831e-08,1,0,0
21.0403,4.89695,0.693675,0,0.1211,1.23551,0.121861,0.0926657,0.00966224,-0.99565,0.0777447,0.4,0,0,slope_up,0,1,7.6187e-13,3.64188e-14,4.46422e-08,1,0,0
21.0603,4.90076,0.693199,0,0.12095,1.23615,0.122145,0.0925156,0.0133756,-0.995621,0.077151,0.4,0,0,slope_up,0,1,4.60236e-13,2.40254e-14,2.63072e-08,1,0,0
21.0803,4.90445,0.692531,0,0.119243,1.23628,0.120591,0.0908082,0.0144346,-0.995764,0.0765925,0.4,0,0,slope_up,0,1,2.9146e-13,2.84377e-14,1.97441e-08,1,0,0
21.1003,4.90824,0.691619,0,0.115336,1.23601,0.116637,0.0869009,0.013941,-0.996119,0.0784076,0.4,0,0,slope_up,0,1,3.06113e-13,4.00047e-14,2.49325e-08,1,0,0
21.1203,4.91259,0.690936,0,0.107163,1.2364,0.109629,0.0787285,0.0200479,-0.996695,0.0832741,0.4,0,0,slope_up,0,1,4.12197e-13,2.32939e-13,8.57037e-08,1,0,0
21.1403,4.91645,0.689722,0,0.101905,1.23818,0.10473,0.0734705,0.0211955,-0.997072,0.0794424,0.4,0,0,slope_up,0,1,9.46327e-13,3.70136e-13,1.12851e-07,1,0,0
21.1603,4.91894,0.68831,0,0.100694,1.24034,0.102668,0.0722591,0.0170405,-0.99724,0.0773032,0.4,0,0,slope_up,0,1,1.34099e-12,5.45821e-13,3.70303e-08,1,0,0
21.1803,4.92212,0.68731,0,0.0976856,1.24294,0.0986196,0.0692509,0.010464,-0.997544,0.0720628,0.4,0,0,slope_up,0,1,1.79017e-12,2.69358e-12,4.54437e-08,1,0,0
21.2003,4.92563,0.686965,0,0.0955768,1.24533,0.0957534,0.0671421,0.00219628,-0.997741,0.0643452,0.4,0,0,slope_up,0,1,5.93514e-13,1.22565e-13,2.5698e-08,1,0,0
21.2203,4.92936,0.686826,0,0.0961757,1.24753,0.0962843,0.067741,-0.00579767,-0.997686,0.06238,0.4,0,0,slope_up,0,1,3.33017e-13,1.88991e-14,1.71104e-08,1,0,0
21.2403,4.93239,0.686865,0,0.0992005,1.24897,0.099814,0.0707658,-0.0130649,-0.997407,0.0630329,0.4,0,0,slope_up,0,1,1.91576e-13,1.61799e-14,1.92341e-08,1,0,0
21.2603,4.93639,0.687292,0,0.102919,1.25032,0.104536,0.0744847,-0.0204764,-0.997012,0.0610984,0.4,0,0,slope_up,0,1,1.72859e-13,3.48205e-14,1.74514e-08,1,0,0
21.2803,4.93992,0.687869,0,0.105386,1.25111,0.107986,0.076951,-0.0257612,-0.996702,0.0589105,0.4,0,0,slope_up,0,1,3.18628e-13,1.39058e-13,2.38632e-08,1,0,0
21.3003,4.94388,0.688587,0,0.10782,1.25173,0.111729,0.0793855,-0.0315151,-0.996346,0.0572833,0.4,0,0,slope_up,0,1,9.96753e-13,7.0888e-13,4.96913e-08,1,0,0
21.3203,4.94778,0.689379,0,0.11,1.25219,0.115709,0.0815651,-0.0381265,-0.995938,0.056131,0.4,0,0,slope_up,0,1,2.69533e-12,3.9503e-12,1.31901e-07,1,0,0
21.3403,4.95159,0.690341,0,0.112086,1.25255,0.120135,0.0836514,-0.0454586,-0.995458,0.054525,0.4,0,0,slope_up,0,1,4.3511e-12,1.31825e-11,2.72446e-07,1,0,0
21.3603,4.9554,0.691508,0,0.114107,1.25283,0.124855,0.0856725,-0.0528866,-0.994919,0.053576,0.4,0,0,slope_up,0,1,3.28994e-12,2.88207e-11,3.90552e-07,1,0,0
21.3803,4.95958,0.693129,0,0.116715,1.25294,0.129793,0.0882801,-0.0589538,-0.99435,0.0532373,0.4,0,0,slope_up,0,1,1.4343e-12,5.72836e-11,4.99016e-07,1,0,0
21.4003,4.9631,0.694763,0,0.118792,1.25273,0.132593,0.0903573,-0.0610433,-0.994037,0.0533755,0.4,0,0,slope_up,0,0.999999,5.2331e-13,7.61258e-11,5.78766e-07,1,0,0
21.4203,4.96716,0.696876,0,0.120392,1.25201,0.133279,0.0919571,-0.059294,-0.993996,0.055094,0.4,0,0,slope_up,0,0.999999,2.28221e-13,7.23571e-11,6.91981e-07,1,0,0
21.4403,4.97133,0.698902,0,0.120265,1.25093,0.131868,0.0918303,-0.056207,-0.994187,0.0545246,0.4,0,0,slope_up,0,0.999999,1.45774e-13,6.1992e-11,7.90298e-07,1,0,0
21.4603,4.97573,0.700415,0,0.117035,1.25104,0.128979,0.0886002,-0.0563736,-0.994471,0.049033,0.4,0,0,slope_up,0,1,3.87196e-13,7.17557e-11,4.63479e-07,1,0,0
21.4803,4.97999,0.701836,0,0.113467,1.25239,0.122858,0.0850324,-0.0493217,-0.995157,0.053449,0.4,0,0,slope_up,0,0.999999,2.20682e-13,1.69026e-10,6.04088e-07,1,0,0
21.5003,4.98427,0.703174,0,0.110307,1.25442,0.116691,0.0818719,-0.0403012,-0.995828,0.0598189,0.4,0,0,slope_up,0,0.999999,1.42042e-13,1.65932e-10,7.39097e-07,1,0,0
21.5203,4.98854,0.704302,0,0.10918,1.2568,0.113347,0.0807455,-0.032656,-0.9962,0.0632377,0.4,0,0,slope_up,0,1,1.00266e-13,2.36109e-11,4.19494e-07,1,0,0
21.5403,4.99274,0.704994,0,0.110971,1.25916,0.113531,0.0825368,-0.0260669,-0.996247,0.0677983,0.4,0,0,slope_up,0,1,7.90953e-14,2.8135e-12,1.70319e-07,1,0,0
21.5603,4.997,0.705202,0,0.11427,1.2613,0.115668,0.0858358,-0.0197756,-0.996113,0.0742534,0.4,0,0,slope_up,0,1,1.31877e-13,1.0514e-12,1.31868e-07,1,0,0
21.5803,5.00137,0.705203,0,0.117025,1.26323,0.117635,0.08859,-0.0133142,-0.995979,0.0776512,0.4,0,0,slope_up,0,1,3.10736e-13,2.3931e-13,8.42718e-08,1,0,0
21.6003,5.00579,0.705147,0,0.118405,1.26498,0.118569,0.0899699,-0.00564037,-0.995929,0.0796943,0.4,0,0,slope_up,0,1,7.54166e-13,1.07426e-13,7.08209e-08,1,0,0
21.6203,5.01009,0.70507,0,0.118801,1.26648,0.119029,0.090366,0.00225364,-0.995906,0.0782584,0.4,0,0,slope_up,0,1,9.36525e-13,7.49701e-14,7.41478e-08,1,0,0
21.6404,5.01404,0.704822,0,0.119316,1.26766,0.119978,0.0908812,0.00864262,-0.995824,0.0769998,0.4,0,0,slope_up,0,1,7.39844e-13,4.02387e-14,5.35823e-08,1,0,0
21.6604,5.01778,0.704369,0,0.119134,1.26837,0.120225,0.0906991,0.0125249,-0.9958,0.0762209,0.4,0,0,slope_up,0,1,4.78285e-13,2.77018e-14,3.1901e-08,1,0,0
21.6804,5.02141,0.7037,0,0.117533,1.26858,0.118689,0.089098,0.0129734,-0.995938,0.0757903,0.4,0,0,slope_up,0,1,3.22695e-13,3.53058e-14,2.34741e-08,1,0,0
21.7004,5.02512,0.702755,0,0.11369,1.26838,0.114697,0.0852551,0.0116748,-0.996291,0.0769,0.4,0,0,slope_up,0,1,3.40008e-13,4.80905e-14,3.05657e-08,1,0,0
21.7204,5.02948,0.701917,0,0.105289,1.26872,0.107004,0.0768539,0.015978,-0.996914,0.0828317,0.4,0,0,slope_up,0,1,5.66265e-13,2.60042e-13,9.30637e-08,1,0,0
21.7404,5.03323,0.700858,0,0.099119,1.27017,0.101164,0.0706843,0.0172695,-0.997349,0.0799805,0.4,0,0,slope_up,0,1,9.50575e-13,4.70655e-13,1.51798e-07,1,0,0
21.7604,5.03601,0.699332,0,0.0975322,1.27232,0.0988204,0.0690975,0.0128883,-0.997527,0.0753124,0.4,0,0,slope_up,0,1,1.16353e-12,5.24172e-13,3.90334e-08,1,0,0
21.7804,5.03916,0.698238,0,0.094937,1.2747,0.0955006,0.0665023,0.007224,-0.99776,0.0700065,0.4,0,0,slope_up,0,1,1.04162e-12,1.03364e-12,3.58749e-08,1,0,0
21.8004,5.04267,0.697814,0,0.0924357,1.27694,0.0925188,0.064001,-6.90855e-05,-0.99795,0.0640124,0.4,0,0,slope_up,0,1,6.70516e-13,1.49041e-13,3.28115e-08,1,0,0
21.8204,5.04614,0.697657,0,0.0926809,1.27893,0.0928588,0.0642462,-0.00751779,-0.997906,0.0621915,0.4,0,0,slope_up,0,1,4.6437e-13,4.54547e-14,3.13657e-08,1,0,0
21.8404,5.04965,0.697715,0,0.0951557,1.28063,0.0960603,0.066721,-0.0153533,-0.997654,0.0605809,0.4,0,0,slope_up,0,1,2.75622e-13,2.69826e-14,2.3557e-08,1,0,0
21.8604,5.05332,0.698048,0,0.0986309,1.28198,0.100739,0.0701962,-0.0227839,-0.997273,0.0581443,0.4,0,0,slope_up,0,1,2.28245e-13,3.44266e-14,1.54247e-08,1,0,0
21.8804,5.05715,0.698608,0,0.102216,1.28293,0.105668,0.0737811,-0.0290762,-0.99685,0.0565379,0.4,0,0,slope_up,0,1,3.26978e-13,1.27718e-13,2.1095e-08,1,0,0
21.9004,5.06105,0.69933,0,0.105906,1.28354,0.110992,0.0774715,-0.035491,-0.996363,0.0547828,0.4,0,0,slope_up,0,1,7.91416e-13,8.35714e-13,4.92593e-08,1,0,0
21.9204,5.06499,0.700233,0,0.108428,1.28391,0.115056,0.0799929,-0.0407486,-0.995962,0.0532546,0.4,0,0,slope_up,0,1,1.96877e-12,4.46812e-12,1.2363e-07,1,0,0
21.9404,5.06895,0.701268,0,0.110775,1.28418,0.119611,0.0823401,-0.0473647,-0.995478,0.0516922,0.4,0,0,slope_up,0,1,3.28701e-12,1.63215e-11,2.57213e-07,1,0,0
21.9604,5.07291,0.702421,0,0.113012,1.28437,0.124408,0.0845769,-0.0542418,-0.99494,0.0509338,0.4,0,0,slope_up,0,1,2.73701e-12,4.86821e-11,4.34422e-07,1,0,0
21.9804,5.07689,0.703817,0,0.115521,1.28441,0.128986,0.0870865,-0.0595675,-0.994418,0.0505922,0.4,0,0,slope_up,0,0.999999,1.43539e-12,1.02198e-10,5.85242e-07,1,0,0
22.0004,5.08095,0.70552,0,0.118082,1.28417,0.13236,0.0896475,-0.0619488,-0.994045,0.0504885,0.4,0,0,slope_up,0,0.999999,5.79891e-13,1.34148e-10,6.78311e-07,1,0,0
22.0204,5.08515,0.707506,0,0.120074,1.28346,0.133456,0.0916394,-0.0603701,-0.993961,0.0520319,0.4,0,0,slope_up,0,0.999999,2.47635e-13,1.15478e-10,7.73474e-07,1,0,0
22.0404,5.08948,0.709446,0,0.120449,1.28231,0.132363,0.0920143,-0.0569982,-0.994125,0.0521684,0.4,0,0,slope_up,0,0.999999,1.53377e-13,9.11586e-11,8.56566e-07,1,0,0
22.0604,5.09422,0.710796,0,0.116974,1.28227,0.130381,0.0885395,-0.0597547,-0.994279,0.0466174,0.4,0,0,slope_up,0,1,2.90863e-13,8.22768e-11,4.62497e-07,1,0,0
22.0804,5.0985,0.712478,0,0.114029,1.28343,0.124465,0.0855942,-0.0520964,-0.994967,0.0458209,0.4,0,0,slope_up,0,0.999999,2.1217e-13,1.6061e-10,5.52574e-07,1,0,0
22.1004,5.10315,0.714228,0,0.111472,1.28553,0.11818,0.0830372,-0.0414723,-0.995683,0.0492221,0.4,0,0,slope_up,0,0.999999,1.27624e-13,1.24465e-10,5.72197e-07,1,0,0
22.1204,5.10709,0.715445,0,0.110523,1.28759,0.115192,0.0820884,-0.0346638,-0.996022,0.0520712,0.4,0,0,slope_up,0,0.999999,1.30938e-13,4.39873e-11,5.50826e-07,1,0,0
22.1404,5.11143,0.716485,0,0.11171,1.28998,0.114651,0.0832749,-0.0279115,-0.996136,0.055858,0.4,0,0,slope_up,0,1,1.11381e-13,8.25096e-12,2.54809e-07,1,0,0
22.1604,5.11621,0.717202,0,0.114637,1.29246,0.116166,0.0862028,-0.0206541,-0.996063,0.0592201,0.4,0,0,slope_up,0,1,1.451e-13,2.32116e-12,1.77713e-07,1,0,0
22.1804,5.1202,0.717624,0,0.116634,1.29436,0.117346,0.0881989,-0.0143723,-0.995999,0.0583118,0.4,0,0,slope_up,0,1,2.90039e-13,3.22493e-13,1.05697e-07,1,0,0
22.2004,5.12469,0.717996,0,0.117623,1.29641,0.117827,0.0891887,-0.00696793,-0.99599,0.055624,0.4,0,0,slope_up,0,1,7.36986e-13,1.20489e-13,8.62852e-08,1,0,0
22.2204,5.12948,0.71836,0,0.118105,1.29841,0.118299,0.08967,0.00142704,-0.99597,0.0537558,0.4,0,0,slope_up,0,1,1.32205e-12,1.31796e-13,1.08057e-07,1,0,0
22.2404,5.1331,0.718583,0,0.11879,1.29958,0.119578,0.0903554,0.00989124,-0.99586,0.0524058,0.4,0,0,slope_up,0,1,1.40328e-12,1.19677e-13,1.05398e-07,1,0,0
22.2604,5.13692,0.718704,0,0.11903,1.30012,0.120725,0.0905951,0.0167092,-0.995748,0.0513801,0.4,0,0,slope_up,0,1,1.0017e-12,8.48219e-14,6.02103e-08,1,0,0
22.2804,5.14061,0.71993,0,0.115952,1.29785,0.122478,0.0875168,0.0363714,-0.995499,0.045117,0.4,0,0,slope_up,0,0.999999,4.34817e-10,1.82375e-10,1.11795e-06,1,0,0
22.3004,5.14571,0.722213,0,0.112653,1.29064,0.125553,0.0842187,0.0524358,-0.995067,0.0302777,0.4,0,0,slope_up,0,1,8.30139e-11,5.87472e-11,1.92446e-07,1,0,0
22.3204,5.14903,0.725108,0,0.11313,1.28556,0.14195,0.0846954,0.0826598,-0.992972,0.035256,0.4,0,0,slope_up,0,0.999998,2.77843e-09,5.59031e-09,1.58051e-06,1,0,0
22.3404,5.1527,0.727688,0,0.11465,1.2817,0.152961,0.0862156,0.0980744,-0.991437,0.0360223,0.4,0,0,slope_up,0,0.999997,1.86634e-08,1.59615e-08,2.47981e-06,1,0,0
22.3604,5.15587,0.728681,0,0.113819,1.2809,0.150061,0.0853841,0.0946441,-0.991843,0.0359494,0.4,0,0,slope_up,0,1,1.21132e-09,3.55646e-11,5.71346e-08,1,0,0
22.3804,5.16007,0.729625,0,0.109352,1.28194,0.141948,0.0809174,0.0874444,-0.992878,0.0358334,0.4,0,0,slope_up,0,1,2.11647e-09,8.95063e-12,1.15845e-07,1,0,0
22.4004,5.16479,0.731325,0,0.104353,1.2853,0.130617,0.0759179,0.0755958,-0.994244,0.0371163,0.4,0,0,slope_up,0,0.999999,1.61774e-09,6.45165e-11,9.21466e-07,1,0,0
22.4204,5.16934,0.734064,0,0.103574,1.28996,0.122895,0.0751389,0.0632316,-0.995166,0.0369288,0.4,0,0,slope_up,0,0.999998,7.36119e-10,1.90218e-10,2.31432e-06,1,0,0
22.4404,5.17402,0.738128,0,0.107962,1.29556,0.12041,0.0795278,0.0503737,-0.995559,0.036063,0.4,0,0,slope_up,0,0.999998,5.20325e-10,1.57109e-10,1.65149e-06,1,0,0
22.4604,5.17785,0.741996,0,0.113441,1.29999,0.120929,0.0850068,0.0388658,-0.995622,0.0344863,0.4,0,0,slope_up,0,0.999999,2.75601e-10,1.78535e-10,1.12479e-06,1,0,0
22.4804,5.18258,0.747129,0,0.120651,1.30469,0.123569,0.0922168,0.0233779,-0.995465,0.0340934,0.4,0,0,slope_up,0,0.999999,1.70085e-10,2.87301e-10,7.80047e-07,1,0,0
22.5004,5.18682,0.752185,0,0.126845,1.30802,0.127711,0.0984103,0.010722,-0.995088,0.0366616,0.4,0,0,slope_up,0,0.999999,8.12621e-11,6.07054e-10,7.49267e-07,1,0,0
22.5204,5.19053,0.757007,0,0.131599,1.31024,0.13183,0.103164,0.000770568,-0.994664,0.039731,0.4,0,0,slope_up,0,0.999999,3.82249e-11,1.28091e-09,9.35119e-07,1,0,0
22.5404,5.19452,0.762658,0,0.135658,1.31185,0.136021,0.107223,-0.00903515,-0.994194,0.0434039,0.4,0,0,slope_up,0,0.999999,3.48599e-11,1.83215e-09,1.39727e-06,1,0,0
22.5604,5.19836,0.769051,0,0.138486,1.31243,0.139083,0.110051,-0.0126992,-0.993845,0.0463031,0.4,0,0,slope_up,0,0.999998,3.61654e-11,7.1888e-10,1.68028e-06,1,0,0
22.5804,5.20222,0.776415,0,0.139466,1.31166,0.139781,0.111031,-0.00736618,-0.99379,0.0488307,0.4,0,0,slope_up,0,0.999999,3.07728e-11,1.59403e-10,1.467e-06,1,0,0
22.6004,5.20658,0.785801,0,0.137434,1.30842,0.1384,0.108999,0.0116633,-0.993973,0.0479652,0.4,0,0,slope_up,0,0.999999,3.13396e-11,2.98167e-11,9.33454e-07,1,0,0
22.6204,5.21024,0.794571,0,0.132955,1.30296,0.139766,0.10452,0.0396993,-0.99373,0.0430805,0.4,0,0,slope_up,0,0.999999,5.07644e-11,9.93427e-12,8.77449e-07,1,0,0
22.6404,5.21429,0.805469,0,0.12581,1.29306,0.151351,0.0973749,0.080904,-0.991954,0.0345727,0.4,0,0,slope_up,0,0.999998,2.08327e-10,3.21406e-11,2.15063e-06,1,0,0
22.6604,5.21824,0.817169,0,0.118026,1.27926,0.173713,0.0895917,0.124029,-0.988226,0.0196925,0.4,0,0,slope_up,0,0.999996,9.50453e-10,5.71643e-11,3.90438e-06,1,0,0
22.6804,5.22235,0.82896,0,0.110219,1.26195,0.201472,0.0817847,0.164791,-0.982932,0.00503182,0.4,0,0,slope_up,0,0.999994,6.32179e-09,8.10814e-11,5.59894e-06,1,0,0
22.7004,5.22625,0.840602,0,0.104943,1.24186,0.229539,0.0765079,0.199681,-0.976869,-0.0119253,0.4,0,0,slope_up,0,0.999996,2.98984e-08,4.63668e-11,3.6004e-06,1,0,0
22.7204,5.22999,0.852503,0,0.101818,1.21948,0.262337,0.0733836,0.236368,-0.968889,-0.0279347,0.4,0,0,slope_up,0,0.999997,1.89861e-07,2.10135e-11,3.18286e-06,1,0,0
22.7404,5.23388,0.864419,0,0.0988501,1.19467,0.293427,0.0704154,0.269722,-0.96036,-0.0453201,0.4,0,0,slope_up,0,0.999993,4.84927e-07,6.50611e-11,6.61546e-06,1,0,0
22.7604,5.23774,0.877425,0,0.0962846,1.16731,0.32828,0.0678499,0.305669,-0.949717,-0.0717325,0.4,0,0,slope_up,0,0.999987,5.97319e-07,1.97297e-10,1.272e-05,1,0,0
22.7804,5.24202,0.891627,0,0.0933722,1.1376,0.373076,0.0649375,0.35037,-0.934358,-0.107293,0.4,0,0,slope_up,0,0.999936,3.37333e-07,1.45653e-09,6.31759e-05,1,0,0
22.8004,5.24605,0.906389,0,0.0961932,1.10545,0.423341,0.0677584,0.397574,-0.915065,-0.155862,0.4,0,0,slope_up,0,0.999676,1.6503e-06,9.46728e-09,0.000322484,1,0,0
22.8204,5.24999,0.922527,0,0.107279,1.07009,0.490192,0.0788443,0.456846,-0.886045,-0.22374,0.4,0,0,slope_up,0,0.995803,1.13373e-05,9.91308e-08,0.00418569,1,0,0
22.8404,5.25553,0.939846,0,0.121398,1.02655,0.578486,0.0929634,0.531923,-0.841674,-0.312448,0.4,0,0,slope_up,0,0.995472,9.80984e-07,6.36856e-08,0.00452744,1,0,0
22.8604,5.26262,0.952518,0,0.124535,0.982142,0.639784,0.0960999,0.582934,-0.806817,-0.370803,0.4,0,0,slope_up,0,0.996567,4.03913e-08,5.0099e-08,0.00343286,1,0,0
22.8804,5.27076,0.962285,0,0.115261,0.938452,0.72102,0.0868265,0.649237,-0.755614,-0.42601,0.4,0,0,slope_up,0,0.997571,1.07329e-07,2.87861e-08,0.00242856,1,0,0
22.9004,5.27881,0.969529,0,0.0947454,0.888085,0.80211,0.0663107,0.711814,-0.699231,-0.497804,0.4,0,0,slope_up,0,0.996802,9.45859e-08,2.19442e-09,0.00319739,1,0,0
22.9204,5.2824,0.972625,0,0.0754779,0.838665,0.895998,0.0470432,0.776489,-0.628372,-0.552748,0.4,0,0,slope_up,0,0.980176,5.24452e-06,3.187e-08,0.0198187,1,0,0
22.9404,5.28229,0.975221,0,0.0583663,0.791891,1.01624,0.0299315,0.847556,-0.529861,-0.581774,0.4,0,0,slope_up,0,0.978985,3.61694e-06,1.46287e-08,0.0210111,1,0,0
22.9604,5.28222,0.982226,0,0.0267418,0.745488,1.14535,-0.00169297,0.90971,-0.41524,-0.609518,0.4,0,0,slope_up,0,0.952546,4.25281e-06,7.21049e-10,0.0474493,1,0,0
22.9804,5.28222,0.982226,0,0.0267418,0.745488,1.14535,-0.00169297,0.90971,-0.41524,-0.609518,0.4,0,0,slope_up,0,0.952546,4.25281e-06,7.21049e-10,0.0474493,1,0,0
