3.941247239708900452e-03,-7.691417820751667023e-03,7.741571068763732910e-01,-1.311343722045421600e-02,3.557373210787773132e-02,6.786456108093261719e-01,7.334866523742675781e-01,1.521123386919498444e-02,-1.829016208648681641e-02,1.761968731880187988e-01,1.501326560974121094e-01,-2.097121924161911011e-01,3.472298756241798401e-02,-4.315901175141334534e-02,-5.476321280002593994e-02,-1.509738713502883911e-01,2.137818634510040283e-01,-2.449159324169158936e-01,1.220647394657135010e-01,-2.107187919318675995e-02,-4.411432519555091858e-02,-2.066335827112197876e-02,4.909677430987358093e-02,3.272502124309539795e-01,-1.517902016639709473e-01,1.136980533599853516e+00,5.889167636632919312e-02,1.943106576800346375e-02,-2.419577352702617645e-02,3.540904447436332703e-02,-3.427266180515289307e-01,3.533987700939178467e-01,9.921810030937194824e-01,2.892520092427730560e-02,6.671933084726333618e-02,7.317960262298583984e-02
3.305915277451276779e-03,-8.342896588146686554e-03,7.739975452423095703e-01,-1.262502651661634445e-02,3.594325482845306396e-02,6.786199212074279785e-01,7.335009574890136719e-01,1.127786282449960709e-02,-2.017610706388950348e-02,1.755989491939544678e-01,1.563978791236877441e-01,-2.134049087762832642e-01,3.502908349037170410e-02,-5.012436211109161377e-02,-5.802927166223526001e-02,-1.499072611331939697e-01,2.266331017017364502e-01,-2.503567039966583252e-01,1.212472394108772278e-01,-2.541997283697128296e-02,-4.754546284675598145e-02,-2.148015052080154419e-02,5.057534947991371155e-02,3.321590721607208252e-01,-1.360421478748321533e-01,1.161407947540283203e+00,4.829380288720130920e-02,1.521528512239456177e-02,-2.510385960340499878e-02,4.215044528245925903e-02,-3.501823544502258301e-01,3.448306918144226074e-01,1.011389732360839844e+00,3.694420307874679565e-02,6.233397126197814941e-02,7.733417302370071411e-02
3.850008826702833176e-03,-7.958969101309776306e-03,7.739174365997314453e-01,-1.295238267630338669e-02,3.693358600139617920e-02,6.780893802642822266e-01,7.339366078376770020e-01,1.005233544856309891e-02,-2.016969583928585052e-02,1.771682351827621460e-01,1.563981920480728149e-01,-2.141379117965698242e-01,3.413349762558937073e-02,-5.291585996747016907e-02,-5.837051197886466980e-02,-1.501917988061904907e-01,2.289708405733108521e-01,-2.527140974998474121e-01,1.205478087067604065e-01,-2.784206345677375793e-02,-4.781845584511756897e-02,-2.239629440009593964e-02,5.592312663793563843e-02,3.582164049148559570e-01,-1.127656847238540649e-01,1.183238148689270020e+00,3.392118215560913086e-02,1.741701737046241760e-02,-2.843794040381908417e-02,5.045176669955253601e-02,-3.755154311656951904e-01,3.291457891464233398e-01,1.023936152458190918e+00,4.372024536132812500e-02,6.434222310781478882e-02,8.601186424493789673e-02
4.486663267016410828e-03,-7.406546734273433685e-03,7.739108800888061523e-01,-1.292588748037815094e-02,3.803307190537452698e-02,6.774052977561950684e-01,7.345123887062072754e-01,1.064278837293386459e-02,-2.076041698455810547e-02,1.800090521574020386e-01,1.539009213447570801e-01,-2.115734517574310303e-01,3.051563538610935211e-02,-5.358658730983734131e-02,-5.948626622557640076e-02,-1.525724530220031738e-01,2.284275442361831665e-01,-2.545846998691558838e-01,1.190533190965652466e-01,-3.105251863598823547e-02,-4.781534895300865173e-02,-2.471169456839561462e-02,5.608590319752693176e-02,3.913000524044036865e-01,-8.383265882730484009e-02,1.202607154846191406e+00,2.049774304032325745e-02,2.139231562614440918e-02,-3.366398438811302185e-02,5.635841935873031616e-02,-4.132617712020874023e-01,3.033140003681182861e-01,1.035892128944396973e+00,4.773081466555595398e-02,6.711952388286590576e-02,9.581572562456130981e-02
6.368420552462339401e-03,-8.186507038772106171e-03,7.738336920738220215e-01,-1.199635025113821030e-02,3.877924382686614990e-02,6.770635843276977539e-01,7.348041534423828125e-01,1.121929381042718887e-02,-2.049347944557666779e-02,1.811993867158889771e-01,1.515076160430908203e-01,-2.099775373935699463e-01,2.681902237236499786e-02,-5.231513082981109619e-02,-5.922250077128410339e-02,-1.551458388566970825e-01,2.242178767919540405e-01,-2.563166022300720215e-01,1.183445826172828674e-01,-3.429805859923362732e-02,-4.769993945956230164e-02,-2.767701260745525360e-02,5.607513338327407837e-02,4.377308785915374756e-01,-3.981292620301246643e-02,1.228382229804992676e+00,-5.375773180276155472e-03,2.681575715541839600e-02,-3.362647444009780884e-02,6.072092056274414062e-02,-4.611364901065826416e-01,2.636963725090026855e-01,1.058080792427062988e+00,5.993254482746124268e-02,7.075655460357666016e-02,1.009791195392608643e-01
5.799117963761091232e-03,-9.562541730701923370e-03,7.737675309181213379e-01,-1.136822905391454697e-02,3.769886866211891174e-02,6.771361827850341797e-01,7.348034977912902832e-01,1.323756296187639236e-02,-2.071348205208778381e-02,1.818492561578750610e-01,1.487988531589508057e-01,-2.102078050374984741e-01,2.461948990821838379e-02,-5.016966536641120911e-02,-5.916958302259445190e-02,-1.566691100597381592e-01,2.212606817483901978e-01,-2.562261819839477539e-01,1.162199303507804871e-01,-3.825068101286888123e-02,-4.632991552352905273e-02,-2.839627303183078766e-02,5.946812033653259277e-02,4.914662241935729980e-01,1.128639187663793564e-02,1.262731075286865234e+00,-3.171514719724655151e-02,3.543473407626152039e-02,-3.273588046431541443e-02,6.427980959415435791e-02,-5.220814347267150879e-01,2.081213146448135376e-01,1.085271954536437988e+00,7.483008503913879395e-02,7.433914393186569214e-02,1.008827686309814453e-01
6.618362385779619217e-03,-1.012348849326372147e-02,7.736423015594482422e-01,-1.067977678030729294e-02,3.753997758030891418e-02,6.770263314247131348e-01,7.349231243133544922e-01,1.456822920590639114e-02,-2.030113525688648224e-02,1.825072169303894043e-01,1.474992185831069946e-01,-2.104426473379135132e-01,2.187991328537464142e-02,-4.764653742313385010e-02,-5.901237204670906067e-02,-1.610355675220489502e-01,2.176028043031692505e-01,-2.574831545352935791e-01,1.139485314488410950e-01,-3.950020298361778259e-02,-4.334368556737899780e-02,-2.908263541758060455e-02,6.298004090785980225e-02,5.583806037902832031e-01,6.763265281915664673e-02,1.291136741638183594e+00,-5.540203303098678589e-02,4.193548113107681274e-02,-2.950020134449005127e-02,6.849572062492370605e-02,-5.933340787887573242e-01,1.441059708595275879e-01,1.113785028457641602e+00,9.224248677492141724e-02,7.786369323730468750e-02,1.005407348275184631e-01
6.537056528031826019e-03,-1.181894913315773010e-02,7.735099792480468750e-01,-9.665242396295070648e-03,3.612393513321876526e-02,6.766495704650878906e-01,7.353550195693969727e-01,1.702028512954711914e-02,-1.978774182498455048e-02,1.826538890600204468e-01,1.457745581865310669e-01,-2.118151187896728516e-01,1.965906284749507904e-02,-4.368712007999420166e-02,-5.812846124172210693e-02,-1.631769686937332153e-01,2.118148058652877808e-01,-2.560171484947204590e-01,1.133669987320899963e-01,-3.978777304291725159e-02,-3.984416648745536804e-02,-3.175682574510574341e-02,6.871051341295242310e-02,6.319636702537536621e-01,1.225393638014793396e-01,1.326815009117126465e+00,-8.074195683002471924e-02,4.922483861446380615e-02,-1.764293760061264038e-02,6.819695234298706055e-02,-6.712104678153991699e-01,7.420255988836288452e-02,1.157799839973449707e+00,1.176020726561546326e-01,8.234447985887527466e-02,8.342882990837097168e-02
5.980592221021652222e-03,-1.447616517543792725e-02,7.732865810394287109e-01,-8.329087868332862854e-03,3.385462239384651184e-02,6.765921115875244141e-01,7.355321645736694336e-01,1.986314728856086731e-02,-1.913551613688468933e-02,1.821358352899551392e-01,1.438040733337402344e-01,-2.140882164239883423e-01,1.562873274087905884e-02,-3.852096199989318848e-02,-5.748958513140678406e-02,-1.683480888605117798e-01,2.050541490316390991e-01,-2.544672787189483643e-01,1.129192188382148743e-01,-3.964427113533020020e-02,-3.588179871439933777e-02,-3.250243887305259705e-02,7.683668285608291626e-02,7.182163000106811523e-01,1.855600178241729736e-01,1.358309745788574219e+00,-1.042763218283653259e-01,5.394599586725234985e-02,-8.457665331661701202e-03,6.777426600456237793e-02,-7.639314532279968262e-01,-3.653418505564332008e-03,1.196619749069213867e+00,1.381641924381256104e-01,8.578094094991683960e-02,6.463867425918579102e-02
4.877402912825345993e-03,-1.533213630318641663e-02,7.731370925903320312e-01,-7.801237981766462326e-03,3.228232264518737793e-02,6.767589449882507324e-01,7.354552149772644043e-01,2.197063341736793518e-02,-1.907361485064029694e-02,1.822163611650466919e-01,1.436616331338882446e-01,-2.158464193344116211e-01,1.086016371846199036e-02,-3.417624905705451965e-02,-5.767502635717391968e-02,-1.719232052564620972e-01,2.004142850637435913e-01,-2.520703077316284180e-01,1.138093322515487671e-01,-3.793650120496749878e-02,-3.210050240159034729e-02,-3.485124558210372925e-02,8.189135789871215820e-02,8.061235547065734863e-01,2.410982996225357056e-01,1.383717894554138184e+00,-1.255659610033035278e-01,5.530513077974319458e-02,1.110194483771920204e-03,6.473059207201004028e-02,-8.537853956222534180e-01,-7.723394781351089478e-02,1.234951257705688477e+00,1.648680716753005981e-01,8.742255717515945435e-02,4.506981000304222107e-02
4.067871719598770142e-03,-1.639477908611297607e-02,7.729070782661437988e-01,-7.238712161779403687e-03,3.077037446200847626e-02,6.757888793945312500e-01,7.364171147346496582e-01,2.348267100751399994e-02,-1.827612891793251038e-02,1.838391125202178955e-01,1.452023684978485107e-01,-2.194016426801681519e-01,6.047673523426055908e-03,-3.151141479611396790e-02,-5.701854825019836426e-02,-1.727682054042816162e-01,1.974936276674270630e-01,-2.511951327323913574e-01,1.147555857896804810e-01,-3.519622609019279480e-02,-2.857279218733310699e-02,-3.660655766725540161e-02,8.962473273277282715e-02,9.025756120681762695e-01,3.034839034080505371e-01,1.411699891090393066e+00,-1.483607143163681030e-01,5.782862007617950439e-02,6.938063539564609528e-03,6.254743784666061401e-02,-9.569395780563354492e-01,-1.567677855491638184e-01,1.269128799438476562e+00,1.921628862619400024e-01,8.812045305967330933e-02,2.554515376687049866e-02
1.892135478556156158e-03,-1.758531108498573303e-02,7.726326584815979004e-01,-6.666426546871662140e-03,2.825021371245384216e-02,6.745378971099853516e-01,7.376694083213806152e-01,2.542421594262123108e-02,-1.796888001263141632e-02,1.840732544660568237e-01,1.487210094928741455e-01,-2.249368280172348022e-01,1.282206649193540215e-04,-2.811399847269058228e-02,-5.658822134137153625e-02,-1.706905066967010498e-01,1.950610131025314331e-01,-2.486529201269149780e-01,1.193351745605468750e-01,-3.328771516680717468e-02,-2.565827593207359314e-02,-4.184434190392494202e-02,1.017656475305557251e-01,1.007818698883056641e+00,3.662829697132110596e-01,1.439784526824951172e+00,-1.730875968933105469e-01,5.954251065850257874e-02,1.354820467531681061e-02,5.622336268424987793e-02,-1.063779592514038086e+00,-2.407956123352050781e-01,1.309986114501953125e+00,2.329950630664825439e-01,9.063296765089035034e-02,4.433225840330123901e-03
2.076884964480996132e-03,-1.914943940937519073e-02,7.724556922912597656e-01,-5.244969855993986130e-03,2.664069086313247681e-02,6.747229099273681641e-01,7.375715374946594238e-01,2.562970109283924103e-02,-1.677166484296321869e-02,1.839760392904281616e-01,1.536723077297210693e-01,-2.275914549827575684e-01,-6.261403206735849380e-03,-2.460602298378944397e-02,-5.609010532498359680e-02,-1.721156984567642212e-01,1.932218968868255615e-01,-2.476490139961242676e-01,1.204373389482498169e-01,-3.173637017607688904e-02,-2.162372134625911713e-02,-4.438067600131034851e-02,1.112061291933059692e-01,1.107068061828613281e+00,4.208984076976776123e-01,1.459105014801025391e+00,-1.874101012945175171e-01,6.189129129052162170e-02,1.135924551635980606e-02,5.184661224484443665e-02,-1.166733264923095703e+00,-3.137185871601104736e-01,1.343765616416931152e+00,2.606752812862396240e-01,9.199714660644531250e-02,-1.038208976387977600e-02
9.136977605521678925e-04,-2.183173224329948425e-02,7.723102569580078125e-01,-3.422641661018133163e-03,2.367609553039073944e-02,6.734804511070251465e-01,7.388178110122680664e-01,2.727625332772731781e-02,-1.615471765398979187e-02,1.833973824977874756e-01,1.585850119590759277e-01,-2.309520542621612549e-01,-8.623458445072174072e-03,-2.205141261219978333e-02,-5.549253895878791809e-02,-1.690388768911361694e-01,1.932402998208999634e-01,-2.435042113065719604e-01,1.248133853077888489e-01,-3.128650784492492676e-02,-1.880908384919166565e-02,-4.765804111957550049e-02,1.179533004760742188e-01,1.209135293960571289e+00,4.701596200466156006e-01,1.478807568550109863e+00,-2.087530195713043213e-01,6.435943394899368286e-02,1.072063483297824860e-02,3.886546567082405090e-02,-1.268992066383361816e+00,-3.842243254184722900e-01,1.373638868331909180e+00,2.968412637710571289e-01,9.151092916727066040e-02,-3.273217752575874329e-02
-9.747250587679445744e-04,-2.243908494710922241e-02,7.721300125122070312e-01,-3.223284613341093063e-03,2.130315825343132019e-02,6.739167571067810059e-01,7.384930253028869629e-01,2.859178557991981506e-02,-1.545234955847263336e-02,1.813922077417373657e-01,1.620626300573348999e-01,-2.355055212974548340e-01,-1.356676779687404633e-02,-1.916317269206047058e-02,-5.521168559789657593e-02,-1.694127172231674194e-01,1.938125342130661011e-01,-2.406598627567291260e-01,1.287167370319366455e-01,-2.829181775450706482e-02,-1.554548554122447968e-02,-4.973959922790527344e-02,1.254579722881317139e-01,1.306960463523864746e+00,5.253924131393432617e-01,1.503952741622924805e+00,-2.318332195281982422e-01,7.043155282735824585e-02,4.440921358764171600e-03,3.160204365849494934e-02,-1.366432428359985352e+00,-4.462557733058929443e-01,1.401478171348571777e+00,3.195182085037231445e-01,9.147159755229949951e-02,-4.815928637981414795e-02
-1.344774849712848663e-03,-2.592929266393184662e-02,7.718501091003417969e-01,-7.949508726596832275e-04,1.804988831281661987e-02,6.731256842613220215e-01,7.393074035644531250e-01,3.125143051147460938e-02,-1.363458205014467239e-02,1.850592046976089478e-01,1.659539192914962769e-01,-2.388346493244171143e-01,-2.155110053718090057e-02,-1.621006429195404053e-02,-5.427761003375053406e-02,-1.693429350852966309e-01,1.948041915893554688e-01,-2.402184307575225830e-01,1.297933608293533325e-01,-2.522204071283340454e-02,-1.217260211706161499e-02,-4.882957413792610168e-02,1.309055089950561523e-01,1.413751006126403809e+00,5.900771617889404297e-01,1.531972289085388184e+00,-2.544164657592773438e-01,6.894451379776000977e-02,-3.001774661242961884e-03,1.406917441636323929e-02,-1.468901991844177246e+00,-5.176116228103637695e-01,1.438355088233947754e+00,3.622998595237731934e-01,8.646968752145767212e-02,-5.759375914931297302e-02
-2.944080857560038567e-03,-2.737078256905078888e-02,7.717864513397216797e-01,-5.033430643379688263e-04,1.617056690156459808e-02,6.730536222457885742e-01,7.394167184829711914e-01,3.170433640480041504e-02,-1.265732292085886002e-02,1.879640221595764160e-01,1.678438782691955566e-01,-2.403749227523803711e-01,-2.765463292598724365e-02,-1.395729184150695801e-02,-5.397672951221466064e-02,-1.693986952304840088e-01,1.920572668313980103e-01,-2.348738908767700195e-01,1.337895989418029785e-01,-2.142769843339920044e-02,-7.942434400320053101e-03,-5.297702923417091370e-02,1.349024772644042969e-01,1.508974194526672363e+00,6.453654170036315918e-01,1.555321574211120605e+00,-2.749678492546081543e-01,7.047779858112335205e-02,-7.412893697619438171e-03,1.647664932534098625e-03,-1.561746478080749512e+00,-5.669247508049011230e-01,1.457484602928161621e+00,3.815403580665588379e-01,8.231084793806076050e-02,-6.642418354749679565e-02
-2.527262084186077118e-03,-2.934538759291172028e-02,7.716782093048095703e-01,8.152491645887494087e-04,1.478892005980014801e-02,6.728897690773010254e-01,7.395944595336914062e-01,3.214858844876289368e-02,-1.100914366543292999e-02,1.900279223918914795e-01,1.701198667287826538e-01,-2.406399250030517578e-01,-3.534504026174545288e-02,-1.157534401863813400e-02,-5.306228622794151306e-02,-1.694784313440322876e-01,1.895583570003509521e-01,-2.323500663042068481e-01,1.373190134763717651e-01,-1.717448979616165161e-02,-3.378228982910513878e-03,-5.809924378991127014e-02,1.311193555593490601e-01,1.600969672203063965e+00,6.956646442413330078e-01,1.571650266647338867e+00,-2.981668412685394287e-01,7.232825458049774170e-02,-1.426474284380674362e-02,-1.521903835237026215e-02,-1.646968007087707520e+00,-6.077510714530944824e-01,1.475088477134704590e+00,4.056076407432556152e-01,8.226305246353149414e-02,-6.882935017347335815e-02
-3.095370950177311897e-03,-3.099976107478141785e-02,7.715801596641540527e-01,1.619595452211797237e-03,1.302173547446727753e-02,6.728798747062683105e-01,7.396354079246520996e-01,3.420983254909515381e-02,-9.593072347342967987e-03,1.931106597185134888e-01,1.694561392068862915e-01,-2.408752292394638062e-01,-4.205282032489776611e-02,-9.657166898250579834e-03,-5.206486582756042480e-02,-1.676240265369415283e-01,1.883971691131591797e-01,-2.292075753211975098e-01,1.423080414533615112e-01,-1.256310380995273590e-02,7.886763778515160084e-04,-6.464014202356338501e-02,1.215867325663566589e-01,1.696278333663940430e+00,7.397615313529968262e-01,1.589122772216796875e+00,-3.187966048717498779e-01,7.644624263048171997e-02,-1.721737906336784363e-02,-3.327199444174766541e-02,-1.736049771308898926e+00,-6.376623511314392090e-01,1.485580205917358398e+00,4.041876792907714844e-01,8.136267960071563721e-02,-7.022661715745925903e-02
-4.415227100253105164e-03,-3.065057843923568726e-02,7.714654207229614258e-01,1.185326953418552876e-03,1.202818751335144043e-02,6.727936863899230957e-01,7.397313714027404785e-01,3.708135709166526794e-02,-9.184978902339935303e-03,1.948911398649215698e-01,1.666297614574432373e-01,-2.423507720232009888e-01,-4.794124513864517212e-02,-8.929601870477199554e-03,-5.212447047233581543e-02,-1.677448302507400513e-01,1.894760280847549438e-01,-2.280360609292984009e-01,1.460428386926651001e-01,-9.225674904882907867e-03,4.773149732500314713e-03,-7.224327325820922852e-02,1.034659743309020996e-01,1.786062121391296387e+00,7.736055850982666016e-01,1.593756198883056641e+00,-3.334685564041137695e-01,6.856547296047210693e-02,-1.770613901317119598e-02,-5.941468477249145508e-02,-1.817624211311340332e+00,-6.661778092384338379e-01,1.488845705986022949e+00,4.201850295066833496e-01,7.174214720726013184e-02,-7.195346802473068237e-02
-4.855753388255834579e-03,-3.017669171094894409e-02,7.715346217155456543e-01,5.133430240675806999e-04,1.146629173308610916e-02,6.741524338722229004e-01,7.385030388832092285e-01,3.903709724545478821e-02,-7.822920568287372589e-03,1.965865939855575562e-01,1.627651453018188477e-01,-2.402827888727188110e-01,-5.384516343474388123e-02,-6.673764903098344803e-03,-5.110685154795646667e-02,-1.691730767488479614e-01,1.869409382343292236e-01,-2.239763885736465454e-01,1.498434394598007202e-01,-5.993035621941089630e-03,5.886978935450315475e-03,-7.563346624374389648e-02,8.433111011981964111e-02,1.866337895393371582e+00,7.956019043922424316e-01,1.605717539787292480e+00,-3.368585705757141113e-01,7.522247731685638428e-02,-2.601982839405536652e-02,-7.752093672752380371e-02,-1.886842370033264160e+00,-6.841763854026794434e-01,1.497533559799194336e+00,4.107933938503265381e-01,7.481124997138977051e-02,-6.957029551267623901e-02
-3.909896127879619598e-03,-2.965829335153102875e-02,7.715528011322021484e-01,7.313800742849707603e-04,1.183416601270437241e-02,6.740821599960327148e-01,7.385612130165100098e-01,4.078173264861106873e-02,-6.887092255055904388e-03,1.993548870086669922e-01,1.603889465332031250e-01,-2.369097024202346802e-01,-6.041462719440460205e-02,-7.042264100164175034e-03,-5.127758905291557312e-02,-1.708427220582962036e-01,1.890530139207839966e-01,-2.241975963115692139e-01,1.558265089988708496e-01,-3.303732722997665405e-03,5.821439903229475021e-03,-7.722498476505279541e-02,5.652341991662979126e-02,1.939499855041503906e+00,8.163517117500305176e-01,1.599768638610839844e+00,-3.531747460365295410e-01,7.869084924459457397e-02,-4.234891757369041443e-02,-9.363641589879989624e-02,-1.943180799484252930e+00,-7.042397856712341309e-01,1.492573618888854980e+00,4.060700237751007080e-01,7.949355989694595337e-02,-5.674652010202407837e-02
-1.889155828393995762e-03,-2.878685109317302704e-02,7.715411782264709473e-01,1.402751891873776913e-03,1.262228656560182571e-02,6.740911602973937988e-01,7.385389804840087891e-01,4.123358801007270813e-02,-5.508719943463802338e-03,2.007121890783309937e-01,1.619534492492675781e-01,-2.345673888921737671e-01,-6.539548188447952271e-02,-6.898013409227132797e-03,-5.149712413549423218e-02,-1.734108328819274902e-01,1.917691081762313843e-01,-2.264535725116729736e-01,1.610513329505920410e-01,-6.717690266668796539e-04,4.776629619300365448e-03,-7.650953531265258789e-02,3.180857747793197632e-02,2.005060911178588867e+00,8.309397697448730469e-01,1.591422915458679199e+00,-3.621989190578460693e-01,7.470387965440750122e-02,-4.595362022519111633e-02,-1.018576696515083313e-01,-1.995211124420166016e+00,-7.260119318962097168e-01,1.481176018714904785e+00,4.035665094852447510e-01,7.446308434009552002e-02,-5.370119959115982056e-02
-2.675583353266119957e-03,-2.787652797996997833e-02,7.715816497802734375e-01,1.118019456043839455e-03,1.243555452674627304e-02,6.749865412712097168e-01,7.377243638038635254e-01,4.253280162811279297e-02,-6.164346355944871902e-03,1.991251558065414429e-01,1.606738269329071045e-01,-2.334498465061187744e-01,-6.662808358669281006e-02,-7.071597035974264145e-03,-5.319230630993843079e-02,-1.761883348226547241e-01,1.957109123468399048e-01,-2.265987843275070190e-01,1.657570898532867432e-01,1.809826120734214783e-03,3.773015690967440605e-03,-7.511679828166961670e-02,8.358836174011230469e-03,2.066421985626220703e+00,8.519035577774047852e-01,1.576765537261962891e+00,-3.688338994979858398e-01,6.432881206274032593e-02,-3.723988682031631470e-02,-1.071937978267669678e-01,-2.044473409652709961e+00,-7.621025443077087402e-01,1.467432141304016113e+00,4.155150949954986572e-01,6.411965936422348022e-02,-6.001624464988708496e-02
-4.046872199978679419e-04,-2.831166423857212067e-02,7.715632915496826172e-01,3.014503279700875282e-03,1.219816319644451141e-02,6.759048104286193848e-01,7.368818521499633789e-01,4.433029145002365112e-02,-5.517806392163038254e-03,1.956644505262374878e-01,1.618952155113220215e-01,-2.315581291913986206e-01,-6.814979016780853271e-02,-4.072615411132574081e-03,-5.355267971754074097e-02,-1.801906228065490723e-01,1.971236914396286011e-01,-2.295204997062683105e-01,1.677939593791961670e-01,2.746272133663296700e-03,4.217771813273429871e-03,-7.110460847616195679e-02,-5.413372535258531570e-03,2.120733976364135742e+00,8.738873004913330078e-01,1.563181042671203613e+00,-3.734098374843597412e-01,6.412659585475921631e-02,-4.435693845152854919e-02,-9.732859581708908081e-02,-2.088562965393066406e+00,-8.025650382041931152e-01,1.457528471946716309e+00,4.157974720001220703e-01,6.460450589656829834e-02,-5.477834492921829224e-02
-1.362449373118579388e-03,-2.806358970701694489e-02,7.715625166893005371e-01,2.857373561710119247e-03,1.129250321537256241e-02,6.767345070838928223e-01,7.361349463462829590e-01,4.716647043824195862e-02,-5.384007934480905533e-03,1.960032433271408081e-01,1.586149781942367554e-01,-2.316040396690368652e-01,-6.993971765041351318e-02,-3.164981026202440262e-03,-5.440013483166694641e-02,-1.833236068487167358e-01,1.996443867683410645e-01,-2.287874966859817505e-01,1.715877801179885864e-01,2.533022314310073853e-03,5.268795881420373917e-03,-6.756595522165298462e-02,-8.374922908842563629e-03,2.169761896133422852e+00,9.010497927665710449e-01,1.549428462982177734e+00,-3.682897984981536865e-01,5.588048696517944336e-02,-4.192800074815750122e-02,-7.571715861558914185e-02,-2.129276752471923828e+00,-8.532988429069519043e-01,1.443846464157104492e+00,4.103124737739562988e-01,5.625718086957931519e-02,-5.915539339184761047e-02
2.341913641430437565e-04,-2.777274511754512787e-02,7.716149091720581055e-01,3.973552491515874863e-03,1.102770306169986725e-02,6.771823167800903320e-01,7.357218861579895020e-01,4.916528612375259399e-02,-4.294056911021471024e-03,1.940589845180511475e-01,1.596176028251647949e-01,-2.294970303773880005e-01,-7.057352364063262939e-02,-2.096369164064526558e-03,-5.480528622865676880e-02,-1.875257343053817749e-01,2.043287754058837891e-01,-2.307307273149490356e-01,1.715895235538482666e-01,2.468915226927492768e-05,7.358603179454803467e-03,-6.265962123870849609e-02,1.744089997373521328e-03,2.210556507110595703e+00,9.341580867767333984e-01,1.530389547348022461e+00,-3.677190840244293213e-01,4.704472422599792480e-02,-4.164705798029899597e-02,-4.812132567167282104e-02,-2.166172742843627930e+00,-9.173199534416198730e-01,1.433660387992858887e+00,4.235360920429229736e-01,4.898516833782196045e-02,-6.558902561664581299e-02
4.831365367863327265e-04,-2.835141308605670929e-02,7.716380953788757324e-01,5.106392316520214081e-03,9.552795439958572388e-03,6.785354614257812500e-01,7.344877719879150391e-01,5.173574760556221008e-02,-3.619527909904718399e-03,1.911707967519760132e-01,1.601398736238479614e-01,-2.292338311672210693e-01,-7.111131399869918823e-02,1.246913918294012547e-03,-5.522250384092330933e-02,-1.925075352191925049e-01,2.062020897865295410e-01,-2.306053191423416138e-01,1.713443845510482788e-01,-2.063213149085640907e-03,1.048700697720050812e-02,-5.963586643338203430e-02,1.795571483671665192e-02,2.247980117797851562e+00,9.767364859580993652e-01,1.513801455497741699e+00,-3.633020222187042236e-01,3.825535625219345093e-02,-3.626789897680282593e-02,-1.149481348693370819e-02,-2.203995466232299805e+00,-9.895622134208679199e-01,1.424329876899719238e+00,4.398526847362518311e-01,4.280658066272735596e-02,-6.996931135654449463e-02
9.593134745955467224e-04,-2.868944220244884491e-02,7.716849446296691895e-01,6.234556436538696289e-03,8.211898617446422577e-03,6.792379617691040039e-01,7.338457107543945312e-01,5.369038507342338562e-02,-2.229175996035337448e-03,1.908167153596878052e-01,1.629831939935684204e-01,-2.292392402887344360e-01,-7.127419859170913696e-02,3.161467844620347023e-03,-5.562811344861984253e-02,-1.967197507619857788e-01,2.109902203083038330e-01,-2.320094406604766846e-01,1.720903068780899048e-01,-4.884807858616113663e-03,2.505045756697654724e-02,-5.842180177569389343e-02,3.951684758067131042e-02,2.251499891281127930e+00,1.016818523406982422e+00,1.473826885223388672e+00,-3.541969954967498779e-01,2.474963292479515076e-02,-2.339787222445011139e-02,3.909091651439666748e-02,-2.251498699188232422e+00,-1.059790492057800293e+00,1.407947421073913574e+00,4.424981772899627686e-01,3.387820720672607422e-02,-7.762970775365829468e-02
9.550365939503535628e-05,-2.780351415276527405e-02,7.717169523239135742e-01,6.273492705076932907e-03,7.273882627487182617e-03,6.795952320098876953e-01,7.335243821144104004e-01,5.437052994966506958e-02,-1.458578044548630714e-03,1.923887282609939575e-01,1.675684452056884766e-01,-2.312592715024948120e-01,-7.179780304431915283e-02,3.337303642183542252e-03,-5.694822594523429871e-02,-1.990478336811065674e-01,2.174656987190246582e-01,-2.332547456026077271e-01,1.749676614999771118e-01,-8.236156776547431946e-03,2.614137157797813416e-02,-5.877513065934181213e-02,6.132428348064422607e-02,2.251499891281127930e+00,1.050308823585510254e+00,1.424507975578308105e+00,-3.470928668975830078e-01,8.776958100497722626e-03,-6.444793194532394409e-03,8.569432795047760010e-02,-2.251499891281127930e+00,-1.125983834266662598e+00,1.365187764167785645e+00,4.501437544822692871e-01,1.547603495419025421e-02,-9.675738215446472168e-02
-3.353772626724094152e-04,-2.815101295709609985e-02,7.717372179031372070e-01,6.903672125190496445e-03,6.682694423943758011e-03,6.800504922866821289e-01,7.331023216247558594e-01,5.405434966087341309e-02,-1.892145141027867794e-03,1.920093297958374023e-01,1.708430051803588867e-01,-2.326035797595977783e-01,-7.078062742948532104e-02,1.513169845566153526e-03,-5.915597081184387207e-02,-2.013458311557769775e-01,2.252933084964752197e-01,-2.356110066175460815e-01,1.745524108409881592e-01,-1.127507165074348450e-02,2.761778235435485840e-02,-6.032322347164154053e-02,8.137916773557662964e-02,2.251499891281127930e+00,1.080942869186401367e+00,1.371105313301086426e+00,-3.422845900058746338e-01,-1.746007474139332771e-03,1.336115971207618713e-02,1.237597689032554626e-01,-2.251499891281127930e+00,-1.186050891876220703e+00,1.319797992706298828e+00,4.636534452438354492e-01,2.568556228652596474e-03,-1.188537627458572388e-01
3.795699376496486366e-05,-2.816701680421829224e-02,7.717510461807250977e-01,7.818458601832389832e-03,5.923029966652393341e-03,6.803584098815917969e-01,7.328139543533325195e-01,5.323592573404312134e-02,-1.049635233357548714e-03,1.909368485212326050e-01,1.779701411724090576e-01,-2.347971647977828979e-01,-6.990244984626770020e-02,1.119691180065274239e-03,-6.037420779466629028e-02,-2.041746079921722412e-01,2.328215241432189941e-01,-2.380242347717285156e-01,1.740848571062088013e-01,-1.297043915838003159e-02,2.875289507210254669e-02,-5.966967716813087463e-02,9.913070499897003174e-02,2.251499891281127930e+00,1.114976525306701660e+00,1.318627595901489258e+00,-3.344976603984832764e-01,-1.030156668275594711e-02,2.123660035431385040e-02,1.560830324888229370e-01,-2.251499891281127930e+00,-1.245744109153747559e+00,1.275573134422302246e+00,4.794809520244598389e-01,-7.296883035451173782e-03,-1.331077814102172852e-01
-9.600422345101833344e-04,-2.839680388569831848e-02,7.716592550277709961e-01,8.392251096665859222e-03,4.404292907565832138e-03,6.809731125831604004e-01,7.322470545768737793e-01,5.434344336390495300e-02,-5.876266513951122761e-04,1.921055167913436890e-01,1.818773448467254639e-01,-2.391376644372940063e-01,-6.912157684564590454e-02,7.559022051282227039e-04,-6.169085204601287842e-02,-2.052619010210037231e-01,2.407427877187728882e-01,-2.399636358022689819e-01,1.747662574052810669e-01,-1.501817256212234497e-02,3.000960312783718109e-02,-5.749499052762985229e-02,1.172488555312156677e-01,2.251499891281127930e+00,1.150917291641235352e+00,1.261041283607482910e+00,-3.228844106197357178e-01,-2.253261208534240723e-02,4.207603633403778076e-02,1.850302070379257202e-01,-2.251499891281127930e+00,-1.300206422805786133e+00,1.222113370895385742e+00,4.881862401962280273e-01,-2.253829315304756165e-02,-1.546864360570907593e-01
-8.599208667874336243e-04,-2.914082631468772888e-02,7.716583013534545898e-01,1.000599190592765808e-02,3.086435841396450996e-03,6.806522011756896973e-01,7.325319051742553711e-01,5.663548782467842102e-02,-2.964676823467016220e-04,1.946638077497482300e-01,1.851397901773452759e-01,-2.399361580610275269e-01,-6.774932146072387695e-02,4.071542352903634310e-04,-6.326323747634887695e-02,-2.060941010713577271e-01,2.490800768136978149e-01,-2.418078333139419556e-01,1.751052886247634888e-01,-1.579093746840953827e-02,3.093529865145683289e-02,-5.539937689900398254e-02,1.342849433422088623e-01,2.251499891281127930e+00,1.185066819190979004e+00,1.210103511810302734e+00,-3.149281442165374756e-01,-2.914746478199958801e-02,5.564302206039428711e-02,2.107121050357818604e-01,-2.251499891281127930e+00,-1.347474455833435059e+00,1.176094770431518555e+00,4.944013655185699463e-01,-3.045216947793960571e-02,-1.679687350988388062e-01
-1.463542692363262177e-03,-3.004660643637180328e-02,7.716996669769287109e-01,1.167538017034530640e-02,1.371499733068048954e-03,6.811871528625488281e-01,7.320149540901184082e-01,5.847418680787086487e-02,-1.285395119339227676e-03,1.924828886985778809e-01,1.891417503356933594e-01,-2.408620715141296387e-01,-6.391053646802902222e-02,2.337017795071005821e-03,-6.505063176155090332e-02,-2.067822068929672241e-01,2.541829943656921387e-01,-2.422825247049331665e-01,1.737827807664871216e-01,-1.733108609914779663e-02,3.055216930806636810e-02,-5.244196951389312744e-02,1.525906026363372803e-01,2.251499891281127930e+00,1.221078991889953613e+00,1.160612821578979492e+00,-3.080910146236419678e-01,-3.881410509347915649e-02,6.672094762325286865e-02,2.335714548826217651e-01,-2.251499891281127930e+00,-1.391725540161132812e+00,1.127514004707336426e+00,5.088737010955810547e-01,-4.094780981540679932e-02,-1.770899444818496704e-01
-4.982018726877868176e-04,-3.066523186862468719e-02,7.716448307037353516e-01,1.350714173167943954e-02,8.460295794066041708e-05,6.807203888893127441e-01,7.324187755584716797e-01,6.071556359529495239e-02,-2.525854797568172216e-04,1.933223903179168701e-01,1.937589198350906372e-01,-2.432552576065063477e-01,-6.171036139130592346e-02,3.590663196519017220e-03,-6.512199342250823975e-02,-2.063114196062088013e-01,2.603462338447570801e-01,-2.452982664108276367e-01,1.728633940219879150e-01,-1.682291552424430847e-02,3.151465207338333130e-02,-4.508844763040542603e-02,1.723817884922027588e-01,2.251499891281127930e+00,1.256837964057922363e+00,1.105835080146789551e+00,-2.949036061763763428e-01,-4.763939231634140015e-02,8.583607524633407593e-02,2.593598961830139160e-01,-2.251499891281127930e+00,-1.434459447860717773e+00,1.076986193656921387e+00,5.178344845771789551e-01,-5.222822353243827820e-02,-1.887916326522827148e-01
3.862934245262295008e-04,-3.021556884050369263e-02,7.716111540794372559e-01,1.476053427904844284e-02,-5.495040095411241055e-04,6.808775067329406738e-01,7.322483062744140625e-01,6.213941425085067749e-02,2.523316361475735903e-04,1.926137506961822510e-01,1.987458020448684692e-01,-2.456803619861602783e-01,-5.956266447901725769e-02,5.332112777978181839e-03,-6.540364027023315430e-02,-2.059850394725799561e-01,2.650513350963592529e-01,-2.480636090040206909e-01,1.708351522684097290e-01,-1.734147593379020691e-02,3.147431463003158569e-02,-3.678388521075248718e-02,1.959402263164520264e-01,2.251499891281127930e+00,1.290328979492187500e+00,1.046079754829406738e+00,-2.766343653202056885e-01,-5.685641616582870483e-02,1.051830202341079712e-01,2.837810814380645752e-01,-2.251499891281127930e+00,-1.473715782165527344e+00,1.017220020294189453e+00,5.098503232002258301e-01,-6.384488195180892944e-02,-2.016098201274871826e-01
-2.516576787456870079e-04,-2.965288981795310974e-02,7.716587781906127930e-01,1.533438079059123993e-02,-1.758705941028892994e-03,6.814697980880737305e-01,7.316834330558776855e-01,6.439913064241409302e-02,9.275905904360115528e-05,1.910481750965118408e-01,2.013718038797378540e-01,-2.474338263273239136e-01,-5.654636770486831665e-02,7.940332405269145966e-03,-6.588348001241683960e-02,-2.059542983770370483e-01,2.681933939456939697e-01,-2.486532479524612427e-01,1.693676263093948364e-01,-1.793982274830341339e-02,3.241858631372451782e-02,-3.288532420992851257e-02,2.151119112968444824e-01,2.251499891281127930e+00,1.320587038993835449e+00,9.842689633369445801e-01,-2.557671666145324707e-01,-6.448795646429061890e-02,1.242528706789016724e-01,3.062790632247924805e-01,-2.251499891281127930e+00,-1.507235884666442871e+00,9.538274407386779785e-01,5.068246126174926758e-01,-7.124943286180496216e-02,-2.156676203012466431e-01
-8.361492655239999294e-04,-2.991859987378120422e-02,7.716961503028869629e-01,1.606258563697338104e-02,-3.440242027863860130e-03,6.818046569824218750e-01,7.313498258590698242e-01,6.655264645814895630e-02,5.721065681427717209e-04,1.893676519393920898e-01,2.039895653724670410e-01,-2.500678896903991699e-01,-5.492344126105308533e-02,9.607364423573017120e-03,-6.558055430650711060e-02,-2.048730105161666870e-01,2.722696661949157715e-01,-2.480494976043701172e-01,1.672170460224151611e-01,-1.908829063177108765e-02,3.243088349699974060e-02,-2.625470422208309174e-02,2.330743819475173950e-01,2.251499891281127930e+00,1.353781223297119141e+00,9.240937829017639160e-01,-2.409235537052154541e-01,-7.327480614185333252e-02,1.433287411928176880e-01,3.269054293632507324e-01,-2.251499891281127930e+00,-1.539844512939453125e+00,8.914946913719177246e-01,4.968622624874114990e-01,-7.984966039657592773e-02,-2.295673638582229614e-01
-6.918049184605479240e-04,-3.005832992494106293e-02,7.717420458793640137e-01,1.708182878792285919e-02,-4.653782118111848831e-03,6.819511651992797852e-01,7.311834096908569336e-01,6.813993304967880249e-02,8.116302196867763996e-04,1.864184886217117310e-01,2.075970172882080078e-01,-2.516392469406127930e-01,-5.235191807150840759e-02,1.177425496280193329e-02,-6.485793739557266235e-02,-2.019895166158676147e-01,2.747784256935119629e-01,-2.484167069196701050e-01,1.650175005197525024e-01,-1.925684511661529541e-02,3.181874379515647888e-02,-2.097061090171337128e-02,2.511744797229766846e-01,2.251499891281127930e+00,1.385008931159973145e+00,8.610991239547729492e-01,-2.214240878820419312e-01,-8.174990862607955933e-02,1.656985282897949219e-01,3.466818332672119141e-01,-2.251499891281127930e+00,-1.569880843162536621e+00,8.241674900054931641e-01,4.845582842826843262e-01,-8.658320456743240356e-02,-2.422445416450500488e-01
-1.508224406279623508e-03,-3.035949170589447021e-02,7.718086242675781250e-01,1.770101301372051239e-02,-5.980782210826873779e-03,6.816307306289672852e-01,7.314577698707580566e-01,6.984811276197433472e-02,8.192543173208832741e-04,1.867203712463378906e-01,2.099408507347106934e-01,-2.530219256877899170e-01,-4.956943541765213013e-02,1.274549681693315506e-02,-6.472735106945037842e-02,-1.988162994384765625e-01,2.776667773723602295e-01,-2.475275248289108276e-01,1.641080081462860107e-01,-2.028842829167842865e-02,3.204754739999771118e-02,-1.632848754525184631e-02,2.667352855205535889e-01,2.251499891281127930e+00,1.409933090209960938e+00,8.013694286346435547e-01,-1.992951333522796631e-01,-8.657512068748474121e-02,1.933306157588958740e-01,3.637732267379760742e-01,-2.251499891281127930e+00,-1.594523310661315918e+00,7.588034868240356445e-01,4.732390046119689941e-01,-9.407433122396469116e-02,-2.625534534454345703e-01
-1.092141144908964634e-03,-2.960297279059886932e-02,7.718344926834106445e-01,1.812486164271831512e-02,-6.588356569409370422e-03,6.824746727943420410e-01,7.306547760963439941e-01,7.047644257545471191e-02,1.684080110862851143e-03,1.847981214523315430e-01,2.140612155199050903e-01,-2.553575038909912109e-01,-4.916560277342796326e-02,1.429296005517244339e-02,-6.406857818365097046e-02,-1.975968331098556519e-01,2.812508046627044678e-01,-2.485444694757461548e-01,1.621715724468231201e-01,-2.045092172920703888e-02,3.148799389600753784e-02,-8.199405856430530548e-03,2.829387784004211426e-01,2.251499891281127930e+00,1.441085934638977051e+00,7.334036231040954590e-01,-1.824673861265182495e-01,-9.596608579158782959e-02,2.130032181739807129e-01,3.790830373764038086e-01,-2.251499891281127930e+00,-1.623399734497070312e+00,6.857669353485107422e-01,4.541366100311279297e-01,-1.023185849189758301e-01,-2.696253657341003418e-01
-1.027599559165537357e-03,-2.888724766671657562e-02,7.719563841819763184e-01,1.841413788497447968e-02,-7.050495594739913940e-03,6.828501820564270020e-01,7.302923202514648438e-01,7.034658640623092651e-02,1.705990172922611237e-03,1.811182945966720581e-01,2.187204509973526001e-01,-2.564443647861480713e-01,-4.559157043695449829e-02,1.610379666090011597e-02,-6.355013698339462280e-02,-1.955117583274841309e-01,2.824924290180206299e-01,-2.481556236743927002e-01,1.613903939723968506e-01,-2.010036818683147430e-02,3.149554505944252014e-02,-1.402728143148124218e-03,2.961562871932983398e-01,2.251499891281127930e+00,1.467714786529541016e+00,6.659345626831054688e-01,-1.605483591556549072e-01,-1.029570475220680237e-01,2.343191504478454590e-01,3.927429020404815674e-01,-2.251499891281127930e+00,-1.649275183677673340e+00,6.171140074729919434e-01,4.511723220348358154e-01,-1.097140982747077942e-01,-2.810745239257812500e-01
-1.151256146840751171e-03,-2.884037978947162628e-02,7.719902992248535156e-01,1.902416907250881195e-02,-7.842725142836570740e-03,6.829476356506347656e-01,7.301774621009826660e-01,7.040008157491683960e-02,1.568545936606824398e-03,1.779923439025878906e-01,2.230975329875946045e-01,-2.579180598258972168e-01,-4.300053417682647705e-02,1.792663522064685822e-02,-6.335710734128952026e-02,-1.937875002622604370e-01,2.835260033607482910e-01,-2.479667663574218750e-01,1.624997854232788086e-01,-1.865711249411106110e-02,2.903326600790023804e-02,3.559333272278308868e-03,3.088192641735076904e-01,2.251499891281127930e+00,1.491990447044372559e+00,6.081284880638122559e-01,-1.391708701848983765e-01,-1.020103842020034790e-01,2.527330219745635986e-01,4.038418829441070557e-01,-2.251499891281127930e+00,-1.673897862434387207e+00,5.561695098876953125e-01,4.392247200012207031e-01,-1.122185364365577698e-01,-2.886882722377777100e-01
3.263151738792657852e-04,-2.825316414237022400e-02,7.720913887023925781e-01,1.937319524586200714e-02,-7.219123654067516327e-03,6.830750703811645508e-01,7.300555109977722168e-01,7.000207901000976562e-02,1.987790921702980995e-03,1.754663139581680298e-01,2.246284931898117065e-01,-2.567515373229980469e-01,-4.400430619716644287e-02,1.902023516595363617e-02,-6.232870742678642273e-02,-1.922924071550369263e-01,2.822794318199157715e-01,-2.481320947408676147e-01,1.619847714900970459e-01,-1.820939779281616211e-02,2.742565050721168518e-02,7.877543568611145020e-03,3.190439641475677490e-01,2.251499891281127930e+00,1.516241788864135742e+00,5.556383132934570312e-01,-1.257142275571823120e-01,-1.027828305959701538e-01,2.690313458442687988e-01,4.136236011981964111e-01,-2.251499891281127930e+00,-1.696017742156982422e+00,5.024378299713134766e-01,4.283908605575561523e-01,-1.132461652159690857e-01,-2.946236729621887207e-01
3.649583086371421814e-04,-2.725476212799549103e-02,7.721529603004455566e-01,1.903476938605308533e-02,-7.362940348684787750e-03,6.836252808570861816e-01,7.295477390289306641e-01,7.112187892198562622e-02,2.554112579673528671e-03,1.741437613964080811e-01,2.244829237461090088e-01,-2.581099867820739746e-01,-4.365811496973037720e-02,2.031442150473594666e-02,-6.138335913419723511e-02,-1.911494284868240356e-01,2.825814187526702881e-01,-2.477257549762725830e-01,1.625507920980453491e-01,-1.762698404490947723e-02,2.608225867152214050e-02,1.094175968319177628e-02,3.272141516208648682e-01,2.251499891281127930e+00,1.539058446884155273e+00,5.018545389175415039e-01,-1.105749160051345825e-01,-1.043579578399658203e-01,2.833676338195800781e-01,4.205625057220458984e-01,-2.251499891281127930e+00,-1.716160655021667480e+00,4.454171955585479736e-01,4.186177253723144531e-01,-1.166943088173866272e-01,-2.995003759860992432e-01
1.054597436450421810e-03,-2.706257998943328857e-02,7.722018361091613770e-01,1.941075176000595093e-02,-7.774807512760162354e-03,6.844641566276550293e-01,7.287465929985046387e-01,7.198449969291687012e-02,3.368428442627191544e-03,1.716960668563842773e-01,2.253389358520507812e-01,-2.588430047035217285e-01,-4.390093684196472168e-02,2.276110835373401642e-02,-5.994067341089248657e-02,-1.897936463356018066e-01,2.815628945827484131e-01,-2.479774951934814453e-01,1.614050418138504028e-01,-1.740318536758422852e-02,2.427206188440322876e-02,1.498969178646802902e-02,3.323589265346527100e-01,2.251499891281127930e+00,1.561249852180480957e+00,4.511501789093017578e-01,-9.475415199995040894e-02,-1.035427376627922058e-01,3.016085326671600342e-01,4.256803691387176514e-01,-2.251499891281127930e+00,-1.733653545379638672e+00,3.942384421825408936e-01,4.053429365158081055e-01,-1.185767278075218201e-01,-3.050096929073333740e-01
2.337552607059478760e-03,-2.693005278706550598e-02,7.722685933113098145e-01,1.996148191392421722e-02,-8.047618903219699860e-03,6.850716471672058105e-01,7.281576991081237793e-01,7.270056009292602539e-02,4.312199540436267853e-03,1.675205528736114502e-01,2.263751029968261719e-01,-2.588599622249603271e-01,-4.396222531795501709e-02,2.488426119089126587e-02,-5.790307372808456421e-02,-1.875037848949432373e-01,2.808354198932647705e-01,-2.481058984994888306e-01,1.604181081056594849e-01,-1.756011135876178741e-02,2.271487005054950714e-02,1.828560791909694672e-02,3.377045392990112305e-01,2.251499891281127930e+00,1.583338856697082520e+00,4.013361334800720215e-01,-8.113307505846023560e-02,-1.023592650890350342e-01,3.183165192604064941e-01,4.297843873500823975e-01,-2.251499891281127930e+00,-1.748785614967346191e+00,3.440113663673400879e-01,3.897009491920471191e-01,-1.176273152232170105e-01,-3.115293383598327637e-01
3.473019227385520935e-03,-2.652561850845813751e-02,7.723450660705566406e-01,2.015051618218421936e-02,-7.808399852365255356e-03,6.853762269020080566e-01,7.278684377670288086e-01,7.307072728872299194e-02,5.303498823195695877e-03,1.666902899742126465e-01,2.265751659870147705e-01,-2.581048607826232910e-01,-4.533576965332031250e-02,2.598944865167140961e-02,-5.650606378912925720e-02,-1.861008852720260620e-01,2.798769176006317139e-01,-2.480825483798980713e-01,1.603315621614456177e-01,-1.816149987280368805e-02,2.126738056540489197e-02,2.137687243521213531e-02,3.443270027637481689e-01,2.251499891281127930e+00,1.605169177055358887e+00,3.591268658638000488e-01,-7.621929049491882324e-02,-1.016438081860542297e-01,3.310967087745666504e-01,4.342836439609527588e-01,-2.251499891281127930e+00,-1.763269543647766113e+00,3.030821681022644043e-01,3.796595335006713867e-01,-1.151491105556488037e-01,-3.177451491355895996e-01
4.388693720102310181e-03,-2.660494297742843628e-02,7.724043130874633789e-01,2.080312743782997131e-02,-7.982308976352214813e-03,6.855561137199401855e-01,7.276787161827087402e-01,7.389720529317855835e-02,5.571846384555101395e-03,1.642554104328155518e-01,2.271305918693542480e-01,-2.575143277645111084e-01,-4.489334672689437866e-02,2.748659998178482056e-02,-5.557675287127494812e-02,-1.845284253358840942e-01,2.794564664363861084e-01,-2.485434114933013916e-01,1.602907627820968628e-01,-1.883853226900100708e-02,1.858947984874248505e-02,2.498621679842472076e-02,3.501555621623992920e-01,2.251499891281127930e+00,1.624220252037048340e+00,3.156442344188690186e-01,-6.768267601728439331e-02,-1.009491980075836182e-01,3.455010354518890381e-01,4.379276037216186523e-01,-2.251499891281127930e+00,-1.772696256637573242e+00,2.581954598426818848e-01,3.683695495128631592e-01,-1.143384650349617004e-01,-3.241282105445861816e-01
4.189198836684226990e-03,-2.649561315774917603e-02,7.724266052246093750e-01,2.093905024230480194e-02,-8.676828816533088684e-03,6.862012743949890137e-01,7.270585298538208008e-01,7.562637329101562500e-02,5.834249779582023621e-03,1.625186800956726074e-01,2.260766327381134033e-01,-2.583809792995452881e-01,-4.513312876224517822e-02,2.927759848535060883e-02,-5.487657710909843445e-02,-1.837010532617568970e-01,2.793489694595336914e-01,-2.479115873575210571e-01,1.606265604496002197e-01,-1.983009092509746552e-02,1.584655791521072388e-02,2.858382463455200195e-02,3.570235371589660645e-01,2.251499891281127930e+00,1.645641565322875977e+00,2.716375291347503662e-01,-6.525246053934097290e-02,-1.007568016648292542e-01,3.532391786575317383e-01,4.400784075260162354e-01,-2.251499891281127930e+00,-1.783572435379028320e+00,2.132869958877563477e-01,3.588548898696899414e-01,-1.119463741779327393e-01,-3.235284388065338135e-01
4.578113555908203125e-03,-2.631806023418903351e-02,7.724760174751281738e-01,2.111554332077503204e-02,-8.894964121282100677e-03,6.873813867568969727e-01,7.259351015090942383e-01,7.646650820970535278e-02,6.248611491173505783e-03,1.608069837093353271e-01,2.252828478813171387e-01,-2.580930292606353760e-01,-4.699278250336647034e-02,3.119061328470706940e-02,-5.410870537161827087e-02,-1.834579855203628540e-01,2.782874405384063721e-01,-2.475874871015548706e-01,1.600279957056045532e-01,-2.035181224346160889e-02,1.369918696582317352e-02,3.169919177889823914e-02,3.638737201690673828e-01,2.251499891281127930e+00,1.664178371429443359e+00,2.357729524374008179e-01,-5.922789499163627625e-02,-9.775701910257339478e-02,3.601118028163909912e-01,4.419415295124053955e-01,-2.251499891281127930e+00,-1.792473196983337402e+00,1.770270019769668579e-01,3.459558486938476562e-01,-1.074531078338623047e-01,-3.272573053836822510e-01
5.123238079249858856e-03,-2.538336813449859619e-02,7.725275754928588867e-01,2.089291810989379883e-02,-8.680776692926883698e-03,6.878069043159484863e-01,7.255410552024841309e-01,7.791816443204879761e-02,6.414177361875772476e-03,1.575368642807006836e-01,2.232374995946884155e-01,-2.576743960380554199e-01,-4.755445197224617004e-02,3.319959715008735657e-02,-5.271829292178153992e-02,-1.816708296537399292e-01,2.759171724319458008e-01,-2.476031184196472168e-01,1.605245620012283325e-01,-2.086237072944641113e-02,1.186303701251745224e-02,3.410319611430168152e-02,3.701240718364715576e-01,2.251499891281127930e+00,1.678373098373413086e+00,1.975664347410202026e-01,-4.668090865015983582e-02,-9.356825798749923706e-02,3.691259324550628662e-01,4.436095058917999268e-01,-2.251499891281127930e+00,-1.796777486801147461e+00,1.387644410133361816e-01,3.317426443099975586e-01,-1.035847440361976624e-01,-3.318879008293151855e-01
5.919864866882562637e-03,-2.486036531627178192e-02,7.725610136985778809e-01,2.089645713567733765e-02,-8.471156470477581024e-03,6.885931491851806641e-01,7.247972488403320312e-01,7.946590334177017212e-02,6.654936820268630981e-03,1.546229422092437744e-01,2.201798111200332642e-01,-2.566531896591186523e-01,-4.915208742022514343e-02,3.502763807773590088e-02,-5.171275511384010315e-02,-1.818754971027374268e-01,2.738392949104309082e-01,-2.474766820669174194e-01,1.602725237607955933e-01,-2.294379472732543945e-02,9.710355661809444427e-03,3.541306778788566589e-02,3.797017931938171387e-01,2.251499891281127930e+00,1.694779515266418457e+00,1.641141921281814575e-01,-4.053142666816711426e-02,-9.170280396938323975e-02,3.753551542758941650e-01,4.444049298763275146e-01,-2.251499891281127930e+00,-1.803619861602783203e+00,1.013540178537368774e-01,3.175513446331024170e-01,-9.924849122762680054e-02,-3.314128518104553223e-01
5.545800086110830307e-03,-2.449432387948036194e-02,7.725796699523925781e-01,2.068586647510528564e-02,-8.782297372817993164e-03,6.897519230842590332e-01,7.236969470977783203e-01,8.096864819526672363e-02,6.440415978431701660e-03,1.524218916893005371e-01,2.175128608942031860e-01,-2.568081319332122803e-01,-5.075124278664588928e-02,3.643277287483215332e-02,-5.136203765869140625e-02,-1.815542429685592651e-01,2.732638716697692871e-01,-2.469556480646133423e-01,1.597730666399002075e-01,-2.361850440502166748e-02,8.404862135648727417e-03,3.694402053952217102e-02,3.888508975505828857e-01,2.251499891281127930e+00,1.710422754287719727e+00,1.364241540431976318e-01,-3.137494996190071106e-02,-8.884708583354949951e-02,3.802352547645568848e-01,4.458799064159393311e-01,-2.251499891281127930e+00,-1.812444210052490234e+00,6.901486963033676147e-02,3.077442944049835205e-01,-9.747774899005889893e-02,-3.343776464462280273e-01
5.776607897132635117e-03,-2.448648214340209961e-02,7.725875973701477051e-01,2.077521197497844696e-02,-9.029227308928966522e-03,6.909309029579162598e-01,7.225657701492309570e-01,8.200861513614654541e-02,6.745604332536458969e-03,1.506507545709609985e-01,2.155253142118453979e-01,-2.562900185585021973e-01,-5.346570536494255066e-02,3.773776069283485413e-02,-5.088300630450248718e-02,-1.824804097414016724e-01,2.728370726108551025e-01,-2.469296157360076904e-01,1.595373749732971191e-01,-2.636583149433135986e-02,6.767977960407733917e-03,3.720202669501304626e-02,3.977044522762298584e-01,2.251499891281127930e+00,1.725314021110534668e+00,1.121345162391662598e-01,-2.419504523277282715e-02,-8.635466545820236206e-02,3.854081630706787109e-01,4.465301036834716797e-01,-2.251499891281127930e+00,-1.820145368576049805e+00,4.231998696923255920e-02,2.954573929309844971e-01,-9.350834786891937256e-02,-3.376273810863494873e-01
4.899516701698303223e-03,-2.381913550198078156e-02,7.726082801818847656e-01,1.986606419086456299e-02,-9.301299229264259338e-03,6.920558214187622070e-01,7.215106487274169922e-01,8.279658108949661255e-02,6.935650482773780823e-03,1.487306207418441772e-01,2.128673493862152100e-01,-2.571531236171722412e-01,-5.423489212989807129e-02,3.881786391139030457e-02,-5.015664920210838318e-02,-1.825205683708190918e-01,2.714959383010864258e-01,-2.460354119539260864e-01,1.584704667329788208e-01,-2.829422242939472198e-02,5.953764077275991440e-03,3.715503215789794922e-02,4.044920206069946289e-01,2.251499891281127930e+00,1.733981013298034668e+00,8.798458427190780640e-02,-8.844180963933467865e-03,-8.287829160690307617e-02,3.937168419361114502e-01,4.477863311767578125e-01,-2.251499891281127930e+00,-1.823180198669433594e+00,1.602295227348804474e-02,2.813744843006134033e-01,-9.270507097244262695e-02,-3.438298702239990234e-01
5.634437315165996552e-03,-2.280538901686668396e-02,7.726178765296936035e-01,1.915501430630683899e-02,-8.776756934821605682e-03,6.929586529731750488e-01,7.206693887710571289e-01,8.282580226659774780e-02,7.935862056910991669e-03,1.461487710475921631e-01,2.111684978008270264e-01,-2.573105394840240479e-01,-5.598466843366622925e-02,3.898442164063453674e-02,-4.870672523975372314e-02,-1.830673813819885254e-01,2.711168825626373291e-01,-2.464971542358398438e-01,1.571316719055175781e-01,-2.981184609234333038e-02,4.135268740355968475e-03,3.660983964800834656e-02,4.095048308372497559e-01,2.251499891281127930e+00,1.742851138114929199e+00,6.642985343933105469e-02,4.039387684315443039e-03,-8.038977533578872681e-02,4.033896028995513916e-01,4.479406774044036865e-01,-2.251499891281127930e+00,-1.826361417770385742e+00,-7.906224578619003296e-03,2.684757411479949951e-01,-9.370300918817520142e-02,-3.505285084247589111e-01
6.234531290829181671e-03,-2.258662134408950806e-02,7.726008296012878418e-01,1.897690817713737488e-02,-8.727729320526123047e-03,6.935827732086181641e-01,7.200740575790405273e-01,8.320280909538269043e-02,8.796543814241886139e-03,1.444260478019714355e-01,2.098084688186645508e-01,-2.574201226234436035e-01,-5.686800181865692139e-02,3.942022845149040222e-02,-4.760742560029029846e-02,-1.837308257818222046e-01,2.707671225070953369e-01,-2.467208802700042725e-01,1.569846421480178833e-01,-3.070114925503730774e-02,2.947837812826037407e-03,3.613967075943946838e-02,4.149726927280426025e-01,2.251499891281127930e+00,1.749048233032226562e+00,4.854537546634674072e-02,1.823755167424678802e-02,-7.543179392814636230e-02,4.125513434410095215e-01,4.495633542537689209e-01,-2.251499891281127930e+00,-1.828349590301513672e+00,-2.702790498733520508e-02,2.550506591796875000e-01,-9.170143306255340576e-02,-3.590515553951263428e-01
6.609953008592128754e-03,-2.302765101194381714e-02,7.726103663444519043e-01,1.929315738379955292e-02,-9.092077612876892090e-03,6.940852999687194824e-01,7.195767164230346680e-01,8.363540470600128174e-02,9.235973469913005829e-03,1.428650766611099243e-01,2.092683315277099609e-01,-2.568061053752899170e-01,-5.770105868577957153e-02,3.943610191345214844e-02,-4.697162285447120667e-02,-1.835856884717941284e-01,2.719899713993072510e-01,-2.469053119421005249e-01,1.556316763162612915e-01,-3.249132633209228516e-02,1.160368905402719975e-03,3.699795156717300415e-02,4.213769435882568359e-01,2.251499891281127930e+00,1.755842804908752441e+00,3.698169440031051636e-02,2.592918649315834045e-02,-7.156302034854888916e-02,4.176958203315734863e-01,4.509106278419494629e-01,-2.251499891281127930e+00,-1.831331253051757812e+00,-3.969624638557434082e-02,2.447786182165145874e-01,-8.853797614574432373e-02,-3.621538579463958740e-01
7.219023071229457855e-03,-2.243117615580558777e-02,7.725602984428405762e-01,1.942278817296028137e-02,-8.932665921747684479e-03,6.945163011550903320e-01,7.191592454910278320e-01,8.451291918754577637e-02,9.257171303033828735e-03,1.401887536048889160e-01,2.087404727935791016e-01,-2.570799589157104492e-01,-5.815260484814643860e-02,4.008479043841362000e-02,-4.639405757188796997e-02,-1.825697124004364014e-01,2.728075683116912842e-01,-2.486589252948760986e-01,1.553123891353607178e-01,-3.385073319077491760e-02,-1.430017058737576008e-03,3.580654785037040710e-02,4.257972240447998047e-01,2.251499891281127930e+00,1.760331392288208008e+00,2.208288758993148804e-02,3.115633130073547363e-02,-7.159278541803359985e-02,4.247416853904724121e-01,4.507379233837127686e-01,-2.251499891281127930e+00,-1.832404255867004395e+00,-5.724012479186058044e-02,2.350206226110458374e-01,-8.928875625133514404e-02,-3.657590150833129883e-01
7.986417040228843689e-03,-2.303248271346092224e-02,7.725277543067932129e-01,2.040140889585018158e-02,-9.120640344917774200e-03,6.949463486671447754e-01,7.187142372131347656e-01,8.510583639144897461e-02,8.990241214632987976e-03,1.388072371482849121e-01,2.090398222208023071e-01,-2.562569081783294678e-01,-5.942161008715629578e-02,4.094852507114410400e-02,-4.655797407031059265e-02,-1.825265139341354370e-01,2.734862267971038818e-01,-2.503010928630828857e-01,1.535604447126388550e-01,-3.488335758447647095e-02,-3.881677286699414253e-03,3.656128421425819397e-02,4.315660297870635986e-01,2.251499891281127930e+00,1.765032410621643066e+00,1.260944176465272903e-02,3.008571639657020569e-02,-7.313680648803710938e-02,4.228461682796478271e-01,4.511040449142456055e-01,-2.251499891281127930e+00,-1.835068702697753906e+00,-7.072728127241134644e-02,2.271524071693420410e-01,-8.916028589010238647e-02,-3.638199567794799805e-01
9.043665602803230286e-03,-2.303458750247955322e-02,7.724992632865905762e-01,2.134048566222190857e-02,-9.019302204251289368e-03,6.951184868812561035e-01,7.185217738151550293e-01,8.596047759056091309e-02,8.788236416876316071e-03,1.376269459724426270e-01,2.098633795976638794e-01,-2.554461658000946045e-01,-6.029678136110305786e-02,4.228894785046577454e-02,-4.653272777795791626e-02,-1.817720085382461548e-01,2.737868130207061768e-01,-2.522093057632446289e-01,1.527008712291717529e-01,-3.667483851313591003e-02,-5.723794922232627869e-03,3.730047866702079773e-02,4.353408217430114746e-01,2.251499891281127930e+00,1.772017836570739746e+00,3.693916136398911476e-03,2.852533198893070221e-02,-7.560807466506958008e-02,4.232697784900665283e-01,4.512569904327392578e-01,-2.251499891281127930e+00,-1.838906407356262207e+00,-8.387387543916702271e-02,2.207981497049331665e-01,-8.939559012651443481e-02,-3.642711937427520752e-01
9.808924049139022827e-03,-2.277690358459949493e-02,7.724763751029968262e-01,2.210014499723911285e-02,-9.006220847368240356e-03,6.955170631408691406e-01,7.181131243705749512e-01,8.677519857883453369e-02,8.459926582872867584e-03,1.356488168239593506e-01,2.110201567411422729e-01,-2.549651265144348145e-01,-6.093375757336616516e-02,4.429056495428085327e-02,-4.659889265894889832e-02,-1.816510111093521118e-01,2.734494209289550781e-01,-2.536427378654479980e-01,1.524337232112884521e-01,-3.797620534896850586e-02,-7.068688981235027313e-03,3.873693197965621948e-02,4.388262331485748291e-01,2.251499891281127930e+00,1.780170321464538574e+00,-6.996824406087398529e-03,2.677058428525924683e-02,-7.887622714042663574e-02,4.250396490097045898e-01,4.515531957149505615e-01,-2.251499891281127930e+00,-1.844534993171691895e+00,-9.930668026208877563e-02,2.172972112894058228e-01,-9.065964818000793457e-02,-3.656338453292846680e-01
1.008104253560304642e-02,-2.175516448915004730e-02,7.724223732948303223e-01,2.248321473598480225e-02,-9.028139524161815643e-03,6.958627700805664062e-01,7.177659869194030762e-01,8.842045068740844727e-02,8.127295412123203278e-03,1.346029788255691528e-01,2.119331061840057373e-01,-2.557830214500427246e-01,-6.160150095820426941e-02,4.656747728586196899e-02,-4.681652784347534180e-02,-1.814203113317489624e-01,2.737382948398590088e-01,-2.551842629909515381e-01,1.522778719663619995e-01,-3.870774060487747192e-02,-7.940273731946945190e-03,4.024078324437141418e-02,4.431326389312744141e-01,2.251499891281127930e+00,1.788679957389831543e+00,-1.561372913420200348e-02,2.204200625419616699e-02,-8.297868072986602783e-02,4.252147078514099121e-01,4.531828463077545166e-01,-2.251499891281127930e+00,-1.851085305213928223e+00,-1.137849688529968262e-01,2.150334566831588745e-01,-9.220607578754425049e-02,-3.649184405803680420e-01
1.041048113256692886e-02,-2.133762463927268982e-02,7.724043130874633789e-01,2.319208905100822449e-02,-9.176483377814292908e-03,6.957319974899291992e-01,7.178683280944824219e-01,8.994019776582717896e-02,7.754856254905462265e-03,1.347999423742294312e-01,2.131135612726211548e-01,-2.554982304573059082e-01,-6.205415725708007812e-02,4.846246913075447083e-02,-4.719529300928115845e-02,-1.808429062366485596e-01,2.739837765693664551e-01,-2.563124001026153564e-01,1.518318355083465576e-01,-3.894620761275291443e-02,-8.966955356299877167e-03,4.260954260826110840e-02,4.480561614036560059e-01,2.251499891281127930e+00,1.798158884048461914e+00,-2.263424731791019440e-02,1.705310679972171783e-02,-8.948634564876556396e-02,4.264974594116210938e-01,4.565867781639099121e-01,-2.251499891281127930e+00,-1.858404994010925293e+00,-1.274808347225189209e-01,2.127215564250946045e-01,-9.393548220396041870e-02,-3.635653257369995117e-01
1.040743384510278702e-02,-2.103243581950664520e-02,7.723696231842041016e-01,2.353763394057750702e-02,-9.315229021012783051e-03,6.957698464393615723e-01,7.178186178207397461e-01,9.121242165565490723e-02,7.346111349761486053e-03,1.347349435091018677e-01,2.130839377641677856e-01,-2.558888494968414307e-01,-6.189500913023948669e-02,4.961836710572242737e-02,-4.744390025734901428e-02,-1.801019459962844849e-01,2.741827964782714844e-01,-2.570371329784393311e-01,1.512116491794586182e-01,-3.933173790574073792e-02,-9.349821135401725769e-03,4.378300160169601440e-02,4.533186554908752441e-01,2.251499891281127930e+00,1.806301474571228027e+00,-2.876254729926586151e-02,1.519772503525018692e-02,-9.364210069179534912e-02,4.300921261310577393e-01,4.610197246074676514e-01,-2.251499891281127930e+00,-1.864788532257080078e+00,-1.403224766254425049e-01,2.088517993688583374e-01,-9.533517062664031982e-02,-3.649462461471557617e-01
1.033299416303634644e-02,-2.026519738137722015e-02,7.723042964935302734e-01,2.364652045071125031e-02,-9.333380497992038727e-03,6.960378885269165039e-01,7.175548672676086426e-01,9.278684109449386597e-02,6.919618230313062668e-03,1.342920064926147461e-01,2.125522047281265259e-01,-2.567504048347473145e-01,-6.206601485610008240e-02,5.118957534432411194e-02,-4.769740626215934753e-02,-1.799082905054092407e-01,2.740802168846130371e-01,-2.582946419715881348e-01,1.511029303073883057e-01,-3.867163136601448059e-02,-9.736437350511550903e-03,4.482262581586837769e-02,4.594256877899169922e-01,2.251499891281127930e+00,1.814600467681884766e+00,-3.482304513454437256e-02,1.405252143740653992e-02,-9.668496251106262207e-02,4.339545667171478271e-01,4.663436114788055420e-01,-2.251499891281127930e+00,-1.872951865196228027e+00,-1.542680263519287109e-01,2.059744447469711304e-01,-9.777919203042984009e-02,-3.680462241172790527e-01
1.071775611490011215e-02,-1.948627829551696777e-02,7.722811102867126465e-01,2.393768727779388428e-02,-9.174576960504055023e-03,6.959336996078491211e-01,7.176483273506164551e-01,9.412544220685958862e-02,6.643923465162515640e-03,1.337365955114364624e-01,2.128024548292160034e-01,-2.565132677555084229e-01,-6.217114254832267761e-02,5.309317633509635925e-02,-4.766040667891502380e-02,-1.793326139450073242e-01,2.730408906936645508e-01,-2.594858407974243164e-01,1.505222022533416748e-01,-3.932314366102218628e-02,-1.076528429985046387e-02,4.477776959538459778e-02,4.653888344764709473e-01,2.251499891281127930e+00,1.821178674697875977e+00,-3.943787887692451477e-02,1.579489186406135559e-02,-9.811685979366302490e-02,4.341591000556945801e-01,4.709343612194061279e-01,-2.251499891281127930e+00,-1.879588723182678223e+00,-1.667536497116088867e-01,1.977235227823257446e-01,-9.887157380580902100e-02,-3.697454035282135010e-01
1.102476008236408234e-02,-1.925238035619258881e-02,7.722893357276916504e-01,2.419078722596168518e-02,-9.159769862890243530e-03,6.960178613662719727e-01,7.175583839416503906e-01,9.462632983922958374e-02,6.426009349524974823e-03,1.320589929819107056e-01,2.131122946739196777e-01,-2.561450600624084473e-01,-6.195036694407463074e-02,5.464795231819152832e-02,-4.728371649980545044e-02,-1.783772408962249756e-01,2.713975906372070312e-01,-2.597545981407165527e-01,1.492194086313247681e-01,-3.979900106787681580e-02,-1.112584583461284637e-02,4.468617588281631470e-02,4.696388542652130127e-01,2.251499891281127930e+00,1.826979279518127441e+00,-4.571392014622688293e-02,2.014100179076194763e-02,-9.986370801925659180e-02,4.315148890018463135e-01,4.755126535892486572e-01,-2.251499891281127930e+00,-1.885120630264282227e+00,-1.780764907598495483e-01,1.913419067859649658e-01,-9.944778680801391602e-02,-3.683372139930725098e-01
1.021372620016336441e-02,-1.909858919680118561e-02,7.722505927085876465e-01,2.403553575277328491e-02,-9.714016690850257874e-03,6.965259909629821777e-01,7.170630693435668945e-01,9.542082995176315308e-02,6.187458522617816925e-03,1.312339901924133301e-01,2.128931879997253418e-01,-2.577916681766510010e-01,-6.143886223435401917e-02,5.596942827105522156e-02,-4.738816618919372559e-02,-1.787462830543518066e-01,2.708930373191833496e-01,-2.592608928680419922e-01,1.487696766853332520e-01,-4.009243473410606384e-02,-1.053673774003982544e-02,4.509123414754867554e-02,4.747667312622070312e-01,2.251499891281127930e+00,1.832957267761230469e+00,-5.394055321812629700e-02,2.430508099496364594e-02,-1.016299054026603699e-01,4.338692724704742432e-01,4.808231890201568604e-01,-2.251499891281127930e+00,-1.891693592071533203e+00,-1.879304349422454834e-01,1.832917034626007080e-01,-9.983770549297332764e-02,-3.695074915885925293e-01
1.035018078982830048e-02,-1.922335848212242126e-02,7.722172737121582031e-01,2.444110438227653503e-02,-1.012031547725200653e-02,6.964694261550903320e-01,7.170987129211425781e-01,9.625560790300369263e-02,6.362596526741981506e-03,1.309329718351364136e-01,2.136355340480804443e-01,-2.583107352256774902e-01,-6.149874627590179443e-02,5.689943209290504456e-02,-4.716921597719192505e-02,-1.785056740045547485e-01,2.712774872779846191e-01,-2.595836222171783447e-01,1.487888842821121216e-01,-3.908849880099296570e-02,-1.096555590629577637e-02,4.645031318068504333e-02,4.800575077533721924e-01,2.251499891281127930e+00,1.839489102363586426e+00,-6.024353951215744019e-02,3.065110743045806885e-02,-1.014156863093376160e-01,4.385826885700225830e-01,4.872971475124359131e-01,-2.251499891281127930e+00,-1.898885726928710938e+00,-1.988426595926284790e-01,1.775626540184020996e-01,-9.967346489429473877e-02,-3.730858862400054932e-01
1.023044344037771225e-02,-1.854456961154937744e-02,7.721689939498901367e-01,2.456286922097206116e-02,-1.024914067238569260e-02,6.964959502220153809e-01,7.170669436454772949e-01,9.756417572498321533e-02,6.067715585231781006e-03,1.305573731660842896e-01,2.139731496572494507e-01,-2.592774629592895508e-01,-6.036020070314407349e-02,5.777877941727638245e-02,-4.728478193283081055e-02,-1.774359196424484253e-01,2.723955214023590088e-01,-2.605504691600799561e-01,1.484281122684478760e-01,-3.851813450455665588e-02,-1.126495562493801117e-02,4.727768898010253906e-02,4.853165149688720703e-01,2.251499891281127930e+00,1.845700621604919434e+00,-6.804163753986358643e-02,3.684752434492111206e-02,-1.006963923573493958e-01,4.452343583106994629e-01,4.934690594673156738e-01,-2.251499891281127930e+00,-1.906272888183593750e+00,-2.096020579338073730e-01,1.734479218721389771e-01,-9.961856901645660400e-02,-3.772622048854827881e-01
1.047609932720661163e-02,-1.845207624137401581e-02,7.721119523048400879e-01,2.492153458297252655e-02,-1.041681319475173950e-02,6.961827278137207031e-01,7.173562645912170410e-01,9.870643168687820435e-02,6.089157890528440475e-03,1.306353658437728882e-01,2.140021324157714844e-01,-2.598473131656646729e-01,-5.981749296188354492e-02,5.836004391312599182e-02,-4.711049050092697144e-02,-1.764719337224960327e-01,2.730233669281005859e-01,-2.617014050483703613e-01,1.481085568666458130e-01,-3.922848775982856750e-02,-1.174271479249000549e-02,4.690708220005035400e-02,4.907128810882568359e-01,2.251499891281127930e+00,1.848983049392700195e+00,-7.528890669345855713e-02,4.461712390184402466e-02,-9.922393411397933960e-02,4.480143785476684570e-01,4.999239444732666016e-01,-2.251499891281127930e+00,-1.909744143486022949e+00,-2.193092852830886841e-01,1.673825979232788086e-01,-9.896820038557052612e-02,-3.749124109745025635e-01
1.027817744761705399e-02,-1.822420954704284668e-02,7.720851302146911621e-01,2.511727437376976013e-02,-1.073343586176633835e-02,6.961593031883239746e-01,7.173675298690795898e-01,9.979322552680969238e-02,5.912710446864366531e-03,1.303912401199340820e-01,2.141967266798019409e-01,-2.602665424346923828e-01,-5.987967178225517273e-02,5.904014408588409424e-02,-4.717384278774261475e-02,-1.756670475006103516e-01,2.740148007869720459e-01,-2.622008323669433594e-01,1.478379815816879272e-01,-3.885543718934059143e-02,-1.148317195475101471e-02,4.798506200313568115e-02,4.966508150100708008e-01,2.251499891281127930e+00,1.854501247406005859e+00,-8.367822319269180298e-02,4.786066338419914246e-02,-1.001728698611259460e-01,4.493809342384338379e-01,5.068338513374328613e-01,-2.251499891281127930e+00,-1.916278243064880371e+00,-2.275024652481079102e-01,1.671069115400314331e-01,-9.825480729341506958e-02,-3.725880682468414307e-01
1.049488689750432968e-02,-1.806361414492130280e-02,7.720680832862854004e-01,2.535890601575374603e-02,-1.088700070977210999e-02,6.957593560218811035e-01,7.177445888519287109e-01,1.008071824908256531e-01,6.114916410297155380e-03,1.306831687688827515e-01,2.143267095088958740e-01,-2.603110969066619873e-01,-5.999990552663803101e-02,5.947836488485336304e-02,-4.687326401472091675e-02,-1.747331172227859497e-01,2.745850086212158203e-01,-2.626153528690338135e-01,1.475285887718200684e-01,-3.881622105836868286e-02,-1.171828992664813995e-02,4.821667820215225220e-02,5.023315548896789551e-01,2.251499891281127930e+00,1.859148383140563965e+00,-8.989525586366653442e-02,5.273716151714324951e-02,-9.960747510194778442e-02,4.488024413585662842e-01,5.138049721717834473e-01,-2.251499891281127930e+00,-1.921783685684204102e+00,-2.352788001298904419e-01,1.670745611190795898e-01,-9.725388139486312866e-02,-3.688413500785827637e-01
1.069296896457672119e-02,-1.769132353365421295e-02,7.720589041709899902e-01,2.541634999215602875e-02,-1.085228100419044495e-02,6.956713795661926270e-01,7.178283929824829102e-01,1.013289391994476318e-01,6.308779586106538773e-03,1.308389455080032349e-01,2.146359086036682129e-01,-2.602785825729370117e-01,-6.020798906683921814e-02,5.973468348383903503e-02,-4.665744304656982422e-02,-1.740968227386474609e-01,2.752292454242706299e-01,-2.630606293678283691e-01,1.469727605581283569e-01,-3.805050626397132874e-02,-1.185308955609798431e-02,4.796792194247245789e-02,5.065777897834777832e-01,2.251499891281127930e+00,1.862043261528015137e+00,-9.505542367696762085e-02,6.045958027243614197e-02,-9.704165160655975342e-02,4.479691684246063232e-01,5.193615555763244629e-01,-2.251499891281127930e+00,-1.926411986351013184e+00,-2.421791851520538330e-01,1.658563315868377686e-01,-9.571389108896255493e-02,-3.645811080932617188e-01
1.058598328381776810e-02,-1.734660007059574127e-02,7.720491290092468262e-01,2.532715722918510437e-02,-1.096763275563716888e-02,6.956645250320434570e-01,7.178364396095275879e-01,1.019531041383743286e-01,6.381168961524963379e-03,1.304134130477905273e-01,2.145141661167144775e-01,-2.606375217437744141e-01,-5.977368354797363281e-02,5.979863554239273071e-02,-4.638223722577095032e-02,-1.731269508600234985e-01,2.761567533016204834e-01,-2.631697356700897217e-01,1.462871581315994263e-01,-3.834182024002075195e-02,-1.175284013152122498e-02,4.831394180655479431e-02,5.112217664718627930e-01,2.251499891281127930e+00,1.864495396614074707e+00,-1.020600274205207825e-01,6.673587113618850708e-02,-9.451614320278167725e-02,4.488242864608764648e-01,5.246857404708862305e-01,-2.251499891281127930e+00,-1.930895447731018066e+00,-2.483053803443908691e-01,1.649423092603683472e-01,-9.414754062891006470e-02,-3.615030348300933838e-01
1.056270673871040344e-02,-1.718772947788238525e-02,7.720364332199096680e-01,2.539355307817459106e-02,-1.109407655894756317e-02,6.954732537269592285e-01,7.180174589157104492e-01,1.025416851043701172e-01,6.409354973584413528e-03,1.302802562713623047e-01,2.145586907863616943e-01,-2.605529129505157471e-01,-6.026394292712211609e-02,6.006941571831703186e-02,-4.625738039612770081e-02,-1.724665910005569458e-01,2.764977812767028809e-01,-2.631984055042266846e-01,1.466367095708847046e-01,-3.877462074160575867e-02,-1.219710707664489746e-02,4.920675978064537048e-02,5.164855122566223145e-01,2.251499891281127930e+00,1.868264436721801758e+00,-1.091775745153427124e-01,7.173589617013931274e-02,-9.303282946348190308e-02,4.502752125263214111e-01,5.309422612190246582e-01,-2.251499891281127930e+00,-1.935745477676391602e+00,-2.548792064189910889e-01,1.639173030853271484e-01,-9.281472861766815186e-02,-3.601227402687072754e-01
1.083216816186904907e-02,-1.728655025362968445e-02,7.720402479171752930e-01,2.573469653725624084e-02,-1.127782557159662247e-02,6.953837871551513672e-01,7.180890440940856934e-01,1.030764430761337280e-01,6.597079336643218994e-03,1.303182393312454224e-01,2.149457037448883057e-01,-2.600851953029632568e-01,-6.063846871256828308e-02,6.027877703309059143e-02,-4.610899090766906738e-02,-1.721196472644805908e-01,2.774485051631927490e-01,-2.634527385234832764e-01,1.459159702062606812e-01,-3.879810497164726257e-02,-1.311422418802976608e-02,5.080102384090423584e-02,5.222290754318237305e-01,2.251499891281127930e+00,1.872830748558044434e+00,-1.157114282250404358e-01,7.708798348903656006e-02,-9.117771685123443604e-02,4.529501199722290039e-01,5.372817516326904297e-01,-2.251499891281127930e+00,-1.941046476364135742e+00,-2.616442739963531494e-01,1.619159430265426636e-01,-9.162823110818862915e-02,-3.608512878417968750e-01
1.129083428531885147e-02,-1.700245961546897888e-02,7.720345258712768555e-01,2.609186433255672455e-02,-1.130245439708232880e-02,6.950598359107971191e-01,7.183893322944641113e-01,1.039735674858093262e-01,6.688910536468029022e-03,1.300378292798995972e-01,2.155447453260421753e-01,-2.598999142646789551e-01,-6.022313982248306274e-02,6.080722063779830933e-02,-4.589282348752021790e-02,-1.712967753410339355e-01,2.782860398292541504e-01,-2.640281319618225098e-01,1.462135314941406250e-01,-3.880919143557548523e-02,-1.412759348750114441e-02,5.194777622818946838e-02,5.275676250457763672e-01,2.251499891281127930e+00,1.877845644950866699e+00,-1.218958199024200439e-01,8.195841312408447266e-02,-8.916068822145462036e-02,4.570547938346862793e-01,5.427439808845520020e-01,-2.251499891281127930e+00,-1.946172356605529785e+00,-2.687802016735076904e-01,1.603271365165710449e-01,-9.098774939775466919e-02,-3.620174527168273926e-01
1.115441881120204926e-02,-1.708686910569667816e-02,7.720481157302856445e-01,2.634190395474433899e-02,-1.156124752014875412e-02,6.949878334999084473e-01,7.184458374977111816e-01,1.048479974269866943e-01,6.325623020529747009e-03,1.294676065444946289e-01,2.151557952165603638e-01,-2.597108185291290283e-01,-5.923730134963989258e-02,6.094815954566001892e-02,-4.595115780830383301e-02,-1.700576096773147583e-01,2.792400121688842773e-01,-2.639587223529815674e-01,1.461046636104583740e-01,-3.914073854684829712e-02,-1.398935727775096893e-02,5.260253325104713440e-02,5.331493020057678223e-01,2.251499891281127930e+00,1.881375551223754883e+00,-1.279391497373580933e-01,8.712153881788253784e-02,-8.647085726261138916e-02,4.599595665931701660e-01,5.482666492462158203e-01,-2.251499891281127930e+00,-1.950059056282043457e+00,-2.744689285755157471e-01,1.572283655405044556e-01,-8.998600393533706665e-02,-3.643600642681121826e-01
1.136797852814197540e-02,-1.698648929595947266e-02,7.720591425895690918e-01,2.659774571657180786e-02,-1.151600945740938187e-02,6.948543787002563477e-01,7.185661792755126953e-01,1.055083796381950378e-01,6.045571062713861465e-03,1.291693598031997681e-01,2.148889452219009399e-01,-2.591958642005920410e-01,-5.893759801983833313e-02,6.123794615268707275e-02,-4.604429379105567932e-02,-1.694272905588150024e-01,2.795243263244628906e-01,-2.642759978771209717e-01,1.460911333560943604e-01,-3.893900290131568909e-02,-1.442052703350782394e-02,5.250425264239311218e-02,5.383530855178833008e-01,2.251499891281127930e+00,1.884449243545532227e+00,-1.341055631637573242e-01,9.251063317060470581e-02,-8.424016088247299194e-02,4.645292162895202637e-01,5.536769628524780273e-01,-2.251499891281127930e+00,-1.952939033508300781e+00,-2.806593477725982666e-01,1.546129584312438965e-01,-8.915708959102630615e-02,-3.664422929286956787e-01
1.113857515156269073e-02,-1.684942655265331268e-02,7.720795869827270508e-01,2.650350332260131836e-02,-1.155441347509622574e-02,6.948159933090209961e-01,7.186061739921569824e-01,1.062175333499908447e-01,5.739558488130569458e-03,1.287775039672851562e-01,2.136490195989608765e-01,-2.589585781097412109e-01,-5.872435122728347778e-02,6.121929734945297241e-02,-4.609050229191780090e-02,-1.688150912523269653e-01,2.796637415885925293e-01,-2.638492882251739502e-01,1.464915126562118530e-01,-3.886662051081657410e-02,-1.402478478848934174e-02,5.196888372302055359e-02,5.430371165275573730e-01,2.251499891281127930e+00,1.886508822441101074e+00,-1.395524442195892334e-01,9.825118631124496460e-02,-8.250579237937927246e-02,4.685238897800445557e-01,5.586986541748046875e-01,-2.251499891281127930e+00,-1.955289840698242188e+00,-2.852624654769897461e-01,1.526462882757186890e-01,-8.839921653270721436e-02,-3.697794079780578613e-01
1.059347391128540039e-02,-1.684341952204704285e-02,7.721081376075744629e-01,2.625045739114284515e-02,-1.169665530323982239e-02,6.949380636215209961e-01,7.184950709342956543e-01,1.065936535596847534e-01,5.394149571657180786e-03,1.284231543540954590e-01,2.123621106147766113e-01,-2.589492499828338623e-01,-5.810557678341865540e-02,6.099323555827140808e-02,-4.623113572597503662e-02,-1.685263365507125854e-01,2.797672748565673828e-01,-2.631598114967346191e-01,1.464263796806335449e-01,-3.859823197126388550e-02,-1.330174598842859268e-02,5.098892375826835632e-02,5.471311211585998535e-01,2.251499891281127930e+00,1.886942267417907715e+00,-1.433379650115966797e-01,1.047334671020507812e-01,-8.008242398500442505e-02,4.709973633289337158e-01,5.635777115821838379e-01,-2.251499891281127930e+00,-1.956517219543457031e+00,-2.879365384578704834e-01,1.501661986112594604e-01,-8.748149871826171875e-02,-3.716335594654083252e-01
1.046137977391481400e-02,-1.680733822286128998e-02,7.721512913703918457e-01,2.598548866808414459e-02,-1.154241245239973068e-02,6.951038837432861328e-01,7.183467745780944824e-01,1.063251495361328125e-01,5.302646197378635406e-03,1.282206177711486816e-01,2.114480435848236084e-01,-2.583947777748107910e-01,-5.828114226460456848e-02,6.064796820282936096e-02,-4.628088325262069702e-02,-1.689629256725311279e-01,2.792847752571105957e-01,-2.623741030693054199e-01,1.462069898843765259e-01,-3.859645128250122070e-02,-1.324286684393882751e-02,4.920653626322746277e-02,5.509646534919738770e-01,2.251499891281127930e+00,1.886414527893066406e+00,-1.454793065786361694e-01,1.118699833750724792e-01,-7.806076109409332275e-02,4.729310274124145508e-01,5.670935511589050293e-01,-2.251499891281127930e+00,-1.956383109092712402e+00,-2.898935079574584961e-01,1.462728530168533325e-01,-8.604189753532409668e-02,-3.730370104312896729e-01
9.996564127504825592e-03,-1.685119234025478363e-02,7.721729278564453125e-01,2.553582005202770233e-02,-1.149930153042078018e-02,6.952903270721435547e-01,7.181831598281860352e-01,1.059753671288490295e-01,5.094264633953571320e-03,1.276598125696182251e-01,2.101843208074569702e-01,-2.586389780044555664e-01,-5.789502710103988647e-02,6.005490943789482117e-02,-4.622391238808631897e-02,-1.688284724950790405e-01,2.787391245365142822e-01,-2.615499496459960938e-01,1.461943387985229492e-01,-3.852920606732368469e-02,-1.303685363382101059e-02,4.705027118325233459e-02,5.539937019348144531e-01,2.251499891281127930e+00,1.883893370628356934e+00,-1.462807357311248779e-01,1.194014772772789001e-01,-7.623321563005447388e-02,4.748257994651794434e-01,5.697752833366394043e-01,-2.251499891281127930e+00,-1.954317092895507812e+00,-2.894449830055236816e-01,1.411618590354919434e-01,-8.462383598089218140e-02,-3.736595809459686279e-01
9.848229587078094482e-03,-1.654004305601119995e-02,7.722014784812927246e-01,2.496144734323024750e-02,-1.117945741862058640e-02,6.955468654632568359e-01,7.179600000381469727e-01,1.053397804498672485e-01,5.080735776573419571e-03,1.266509592533111572e-01,2.092206925153732300e-01,-2.587332427501678467e-01,-5.762687325477600098e-02,5.957713723182678223e-02,-4.599542543292045593e-02,-1.691935062408447266e-01,2.778811752796173096e-01,-2.607917785644531250e-01,1.464506089687347412e-01,-3.773179650306701660e-02,-1.301196590065956116e-02,4.423949494957923889e-02,5.556234717369079590e-01,2.251499891281127930e+00,1.880245208740234375e+00,-1.447881311178207397e-01,1.271688342094421387e-01,-7.407405227422714233e-02,4.746508896350860596e-01,5.708900094032287598e-01,-2.251499891281127930e+00,-1.951216578483581543e+00,-2.874633073806762695e-01,1.381076872348785400e-01,-8.354420959949493408e-02,-3.732070028781890869e-01
9.534030221402645111e-03,-1.638335175812244415e-02,7.722382545471191406e-01,2.427971363067626953e-02,-1.086397841572761536e-02,6.958062052726745605e-01,7.177368402481079102e-01,1.045800894498825073e-01,4.918882623314857483e-03,1.254524588584899902e-01,2.076501548290252686e-01,-2.587460577487945557e-01,-5.684407427906990051e-02,5.857389792799949646e-02,-4.578703641891479492e-02,-1.692415922880172729e-01,2.771766185760498047e-01,-2.597908675670623779e-01,1.467131823301315308e-01,-3.723650053143501282e-02,-1.299999840557575226e-02,4.104643315076828003e-02,5.563283562660217285e-01,2.251499891281127930e+00,1.874275803565979004e+00,-1.421178132295608521e-01,1.344610750675201416e-01,-7.241917401552200317e-02,4.739633798599243164e-01,5.713244676589965820e-01,-2.251499891281127930e+00,-1.946004629135131836e+00,-2.833400964736938477e-01,1.341359913349151611e-01,-8.279077708721160889e-02,-3.735083937644958496e-01
9.285049512982368469e-03,-1.626837626099586487e-02,7.722718715667724609e-01,2.365912869572639465e-02,-1.048086583614349365e-02,6.961984038352966309e-01,7.173828482627868652e-01,1.038305908441543579e-01,4.713557194918394089e-03,1.246468946337699890e-01,2.058467268943786621e-01,-2.585298717021942139e-01,-5.673353001475334167e-02,5.756382644176483154e-02,-4.573543742299079895e-02,-1.695020645856857300e-01,2.764858603477478027e-01,-2.589805126190185547e-01,1.469721347093582153e-01,-3.663406893610954285e-02,-1.312266103923320770e-02,3.817068785429000854e-02,5.564892292022705078e-01,2.251499891281127930e+00,1.867669463157653809e+00,-1.384369879961013794e-01,1.396465450525283813e-01,-7.216873019933700562e-02,4.730110466480255127e-01,5.707690119743347168e-01,-2.251499891281127930e+00,-1.940014362335205078e+00,-2.775880992412567139e-01,1.318643540143966675e-01,-8.264566957950592041e-02,-3.729814887046813965e-01
9.233672171831130981e-03,-1.637374050915241241e-02,7.722957730293273926e-01,2.327060513198375702e-02,-1.016042940318584442e-02,6.965432763099670410e-01,7.170653939247131348e-01,1.030377969145774841e-01,4.580473061650991440e-03,1.238906234502792358e-01,2.044394463300704956e-01,-2.581289708614349365e-01,-5.699585005640983582e-02,5.664243176579475403e-02,-4.571725428104400635e-02,-1.700470745563507080e-01,2.759177684783935547e-01,-2.584277689456939697e-01,1.469555646181106567e-01,-3.710433095693588257e-02,-1.403285749256610870e-02,3.509746491909027100e-02,5.562075972557067871e-01,2.251499891281127930e+00,1.860105037689208984e+00,-1.319095492362976074e-01,1.438792049884796143e-01,-7.244829833507537842e-02,4.709418714046478271e-01,5.683427453041076660e-01,-2.251499891281127930e+00,-1.932355761528015137e+00,-2.685129046440124512e-01,1.242995858192443848e-01,-8.119041472673416138e-02,-3.717664778232574463e-01
9.259203448891639709e-03,-1.644486561417579651e-02,7.723129391670227051e-01,2.291275747120380402e-02,-9.802559390664100647e-03,6.968250274658203125e-01,7.168080806732177734e-01,1.023717224597930908e-01,4.410719964653253555e-03,1.229391694068908691e-01,2.028836607933044434e-01,-2.576887309551239014e-01,-5.684880167245864868e-02,5.585495382547378540e-02,-4.574722051620483398e-02,-1.708875447511672974e-01,2.752174735069274902e-01,-2.581131458282470703e-01,1.473937034606933594e-01,-3.704507276415824890e-02,-1.490658614784479141e-02,3.207094594836235046e-02,5.543340444564819336e-01,2.251499891281127930e+00,1.851115822792053223e+00,-1.243632212281227112e-01,1.478553712368011475e-01,-7.228512316942214966e-02,4.687864780426025391e-01,5.640993714332580566e-01,-2.251499891281127930e+00,-1.923658847808837891e+00,-2.573271691799163818e-01,1.150250062346458435e-01,-7.908789813518524170e-02,-3.720782697200775146e-01
9.386070072650909424e-03,-1.665230654180049896e-02,7.723369002342224121e-01,2.291101776063442230e-02,-9.520714171230792999e-03,6.969242691993713379e-01,7.167154550552368164e-01,1.021038368344306946e-01,4.025863017886877060e-03,1.225974708795547485e-01,2.016411870718002319e-01,-2.566001415252685547e-01,-5.688052624464035034e-02,5.523929744958877563e-02,-4.610273241996765137e-02,-1.714691817760467529e-01,2.750421464443206787e-01,-2.580698132514953613e-01,1.478882282972335815e-01,-3.736005350947380066e-02,-1.613484323024749756e-02,3.012954071164131165e-02,5.521545410156250000e-01,2.251499891281127930e+00,1.841300249099731445e+00,-1.146500334143638611e-01,1.491608619689941406e-01,-7.262538373470306396e-02,4.672755002975463867e-01,5.583966374397277832e-01,-2.251499891281127930e+00,-1.914118170738220215e+00,-2.423164695501327515e-01,1.034212708473205566e-01,-7.636369019746780396e-02,-3.762708902359008789e-01
9.857450611889362335e-03,-1.724804006516933441e-02,7.723287343978881836e-01,2.344749495387077332e-02,-9.497443214058876038e-03,6.970548033714294434e-01,7.165714502334594727e-01,1.021913439035415649e-01,3.733237041160464287e-03,1.220958605408668518e-01,2.010761201381683350e-01,-2.558086216449737549e-01,-5.666134878993034363e-02,5.533156543970108032e-02,-4.646835476160049438e-02,-1.724325269460678101e-01,2.750158011913299561e-01,-2.586615681648254395e-01,1.484202593564987183e-01,-3.778551891446113586e-02,-1.775544695556163788e-02,2.883028239011764526e-02,5.494229793548583984e-01,2.251499891281127930e+00,1.829709529876708984e+00,-1.026566922664642334e-01,1.488957256078720093e-01,-7.400377839803695679e-02,4.659182131290435791e-01,5.517379641532897949e-01,-2.251499891281127930e+00,-1.902462244033813477e+00,-2.237560003995895386e-01,9.185177087783813477e-02,-7.433316111564636230e-02,-3.808692395687103271e-01
9.958088397979736328e-03,-1.813428662717342377e-02,7.723159193992614746e-01,2.373917773365974426e-02,-9.590370580554008484e-03,6.973938345909118652e-01,7.162306308746337891e-01,1.018170788884162903e-01,3.593614324927330017e-03,1.223043501377105713e-01,2.000456452369689941e-01,-2.553885579109191895e-01,-5.712261795997619629e-02,5.452542752027511597e-02,-4.693792387843132019e-02,-1.738580316305160522e-01,2.756062150001525879e-01,-2.586463391780853271e-01,1.483728289604187012e-01,-3.782048448920249939e-02,-1.941263303160667419e-02,2.603695541620254517e-02,5.446445941925048828e-01,2.251499891281127930e+00,1.814810514450073242e+00,-8.543774485588073730e-02,1.509362906217575073e-01,-7.485135644674301147e-02,4.642182588577270508e-01,5.437335371971130371e-01,-2.251499891281127930e+00,-1.887161970138549805e+00,-1.986198574304580688e-01,7.670567929744720459e-02,-7.048751413822174072e-02,-3.866011202335357666e-01
1.023777015507221222e-02,-1.879908889532089233e-02,7.723093628883361816e-01,2.390662394464015961e-02,-9.574927389621734619e-03,6.975748538970947266e-01,7.160489559173583984e-01,1.013330146670341492e-01,3.762890119105577469e-03,1.225632056593894958e-01,1.992781013250350952e-01,-2.547893822193145752e-01,-5.775936692953109741e-02,5.394295230507850647e-02,-4.695969447493553162e-02,-1.749568730592727661e-01,2.755397260189056396e-01,-2.585485577583312988e-01,1.487351953983306885e-01,-3.852247074246406555e-02,-2.120935916900634766e-02,2.413714677095413208e-02,5.388674139976501465e-01,2.251499891281127930e+00,1.799410939216613770e+00,-6.417943537235260010e-02,1.525343954563140869e-01,-7.555680721998214722e-02,4.684837758541107178e-01,5.364776849746704102e-01,-2.251499891281127930e+00,-1.869812130928039551e+00,-1.697129011154174805e-01,6.500068306922912598e-02,-6.845377385616302490e-02,-3.961759209632873535e-01
1.028694305568933487e-02,-1.850631833076477051e-02,7.722789645195007324e-01,2.335767447948455811e-02,-8.958534337580204010e-03,6.971776485443115234e-01,7.164617776870727539e-01,1.009573861956596375e-01,4.034488461911678314e-03,1.251786649227142334e-01,1.976656466722488403e-01,-2.547222971916198730e-01,-5.890442430973052979e-02,5.265077948570251465e-02,-4.713852703571319580e-02,-1.759677082300186157e-01,2.750291228294372559e-01,-2.585883736610412598e-01,1.495078355073928833e-01,-3.896727412939071655e-02,-2.219191379845142365e-02,2.062013000249862671e-02,5.332638621330261230e-01,2.251499891281127930e+00,1.781323790550231934e+00,-3.677716106176376343e-02,1.559335142374038696e-01,-7.499990612268447876e-02,4.744415283203125000e-01,5.301259756088256836e-01,-2.251499891281127930e+00,-1.849690556526184082e+00,-1.338090151548385620e-01,5.582159385085105896e-02,-6.647329032421112061e-02,-4.071542918682098389e-01
1.076344028115272522e-02,-1.911586150527000427e-02,7.722788453102111816e-01,2.291006036102771759e-02,-8.259809575974941254e-03,6.970664858818054199e-01,7.165927886962890625e-01,9.935798496007919312e-02,4.421529360115528107e-03,1.259268969297409058e-01,1.953691244125366211e-01,-2.532745599746704102e-01,-6.096382811665534973e-02,5.078860744833946228e-02,-4.686195775866508484e-02,-1.774122565984725952e-01,2.730729579925537109e-01,-2.578928172588348389e-01,1.504981219768524170e-01,-3.862560912966728210e-02,-2.397835627198219299e-02,1.568434759974479675e-02,5.270660519599914551e-01,2.251499891281127930e+00,1.761050701141357422e+00,-3.610675921663641930e-03,1.588614881038665771e-01,-7.523864507675170898e-02,4.775868654251098633e-01,5.219971537590026855e-01,-2.251499891281127930e+00,-1.828554391860961914e+00,-9.019991755485534668e-02,4.658107832074165344e-02,-6.483732163906097412e-02,-4.200305938720703125e-01
1.187563501298427582e-02,-1.894282922148704529e-02,7.722582817077636719e-01,2.224048599600791931e-02,-6.744507234543561935e-03,6.964020133018493652e-01,7.172755002975463867e-01,9.805962443351745605e-02,4.560415167361497879e-03,1.260580420494079590e-01,1.919123083353042603e-01,-2.516635954380035400e-01,-6.099849939346313477e-02,4.807099699974060059e-02,-4.638805985450744629e-02,-1.780203729867935181e-01,2.714949846267700195e-01,-2.589669227600097656e-01,1.495833694934844971e-01,-3.763326629996299744e-02,-2.600926719605922699e-02,1.002666633576154709e-02,5.197745561599731445e-01,2.251499891281127930e+00,1.733147859573364258e+00,3.063338063657283783e-02,1.676800847053527832e-01,-7.556972652673721313e-02,4.794299602508544922e-01,5.127154588699340820e-01,-2.251499891281127930e+00,-1.799691677093505859e+00,-4.439648240804672241e-02,2.964851073920726776e-02,-6.608818471431732178e-02,-4.305126667022705078e-01
1.218523271381855011e-02,-1.987047679722309113e-02,7.722281217575073242e-01,2.188672497868537903e-02,-5.966231226921081543e-03,6.963574290275573730e-01,7.173365354537963867e-01,9.643547236919403076e-02,4.526307340711355209e-03,1.280763000249862671e-01,1.887500137090682983e-01,-2.501568198204040527e-01,-6.202185899019241333e-02,4.537293687462806702e-02,-4.680016636848449707e-02,-1.799355149269104004e-01,2.704982459545135498e-01,-2.589043080806732178e-01,1.503058373928070068e-01,-3.647930175065994263e-02,-2.758764475584030151e-02,4.809440579265356064e-03,5.084050297737121582e-01,2.251499891281127930e+00,1.707904815673828125e+00,6.679220497608184814e-02,1.739787608385086060e-01,-7.310471683740615845e-02,4.870474040508270264e-01,5.026574730873107910e-01,-2.251499891281127930e+00,-1.772839426994323730e+00,6.774184294044971466e-03,2.143354155123233795e-02,-6.645771116018295288e-02,-4.459039866924285889e-01
1.351479534059762955e-02,-1.995427347719669342e-02,7.721275091171264648e-01,2.171437256038188934e-02,-4.650701303035020828e-03,6.960144639015197754e-01,7.176842689514160156e-01,9.459573775529861450e-02,5.399756133556365967e-03,1.324592232704162598e-01,1.880259811878204346e-01,-2.488887310028076172e-01,-6.495261937379837036e-02,4.251128807663917542e-02,-4.735606908798217773e-02,-1.836208999156951904e-01,2.714588344097137451e-01,-2.605633735656738281e-01,1.516045629978179932e-01,-3.446191176772117615e-02,-2.899057790637016296e-02,-7.951937732286751270e-04,4.985759258270263672e-01,2.251499891281127930e+00,1.680942893028259277e+00,1.166008487343788147e-01,1.765069514513015747e-01,-7.037179917097091675e-02,4.899524748325347900e-01,4.909814298152923584e-01,-2.251499891281127930e+00,-1.748752593994140625e+00,6.534443050622940063e-02,2.188767865300178528e-02,-6.584673374891281128e-02,-4.536324739456176758e-01
1.372021995484828949e-02,-2.094690315425395966e-02,7.720023393630981445e-01,2.183160558342933655e-02,-3.970640245825052261e-03,6.949083805084228516e-01,7.187558412551879883e-01,9.344914555549621582e-02,4.928832873702049255e-03,1.367432624101638794e-01,1.866115033626556396e-01,-2.481494545936584473e-01,-6.486321985721588135e-02,3.900811076164245605e-02,-4.887054860591888428e-02,-1.856868863105773926e-01,2.731415033340454102e-01,-2.623425126075744629e-01,1.523366868495941162e-01,-3.213888034224510193e-02,-3.173220157623291016e-02,-5.644501186907291412e-03,4.898982346057891846e-01,2.251499891281127930e+00,1.652148008346557617e+00,1.699100732803344727e-01,1.735113412141799927e-01,-7.132285833358764648e-02,4.972328841686248779e-01,4.814957380294799805e-01,-2.251499891281127930e+00,-1.721976995468139648e+00,1.284067630767822266e-01,2.450781874358654022e-02,-6.852991133928298950e-02,-4.646256566047668457e-01
1.362492609769105911e-02,-2.240169607102870941e-02,7.718143463134765625e-01,2.212423272430896759e-02,-3.651853185147047043e-03,6.938995718955993652e-01,7.197225689888000488e-01,9.253165125846862793e-02,4.208466503769159317e-03,1.407155692577362061e-01,1.849120706319808960e-01,-2.484392821788787842e-01,-6.368617713451385498e-02,3.547948971390724182e-02,-5.072456225752830505e-02,-1.884212940931320190e-01,2.753345668315887451e-01,-2.642089724540710449e-01,1.537258774042129517e-01,-2.912457659840583801e-02,-3.460358083248138428e-02,-1.244506705552339554e-02,4.809433519840240479e-01,2.251499891281127930e+00,1.619877815246582031e+00,2.243684977293014526e-01,1.717132627964019775e-01,-7.155999541282653809e-02,5.051616430282592773e-01,4.721429049968719482e-01,-2.251499891281127930e+00,-1.691646695137023926e+00,1.919651776552200317e-01,2.919657714664936066e-02,-7.099005579948425293e-02,-4.742074608802795410e-01
1.479805074632167816e-02,-2.389968186616897583e-02,7.716866135597229004e-01,2.329583466053009033e-02,-2.766053657978773117e-03,6.940285563468933105e-01,7.195652127265930176e-01,9.120754152536392212e-02,2.934210933744907379e-03,1.431691497564315796e-01,1.838385909795761108e-01,-2.457071691751480103e-01,-6.325200945138931274e-02,3.255895525217056274e-02,-5.340109765529632568e-02,-1.928335130214691162e-01,2.784671783447265625e-01,-2.674728035926818848e-01,1.529932916164398193e-01,-2.701600827276706696e-02,-3.699313476681709290e-02,-1.667865924537181854e-02,4.735337793827056885e-01,2.251499891281127930e+00,1.590557098388671875e+00,2.872312963008880615e-01,1.590860933065414429e-01,-7.402810454368591309e-02,5.136982798576354980e-01,4.608181416988372803e-01,-2.251499891281127930e+00,-1.665005445480346680e+00,2.606032490730285645e-01,3.568251058459281921e-02,-7.250986248254776001e-02,-4.866575002670288086e-01
1.577209867537021637e-02,-2.558880485594272614e-02,7.714852690696716309e-01,2.406377904117107391e-02,-2.088949549943208694e-03,6.928339004516601562e-01,7.206925153732299805e-01,9.020331501960754395e-02,2.617361722514033318e-03,1.476094275712966919e-01,1.821800172328948975e-01,-2.445202171802520752e-01,-6.378539651632308960e-02,2.906322665512561798e-02,-5.498459562659263611e-02,-1.960626542568206787e-01,2.802732884883880615e-01,-2.697809338569641113e-01,1.544467657804489136e-01,-2.525608614087104797e-02,-3.848699852824211121e-02,-2.226875349879264832e-02,4.659374654293060303e-01,2.251499891281127930e+00,1.558967232704162598e+00,3.570477068424224854e-01,1.480555832386016846e-01,-7.451378554105758667e-02,5.157824158668518066e-01,4.533994495868682861e-01,-2.251499891281127930e+00,-1.635641694068908691e+00,3.381169140338897705e-01,4.887913167476654053e-02,-7.200494408607482910e-02,-4.946199357509613037e-01
1.639129780232906342e-02,-2.671557851135730743e-02,7.712712287902832031e-01,2.438679896295070648e-02,-1.058079535141587257e-03,6.918086409568786621e-01,7.216681838035583496e-01,8.816322684288024902e-02,1.605707686394453049e-03,1.498726904392242432e-01,1.815301179885864258e-01,-2.444734722375869751e-01,-6.308658421039581299e-02,2.544865570962429047e-02,-5.657717585563659668e-02,-1.975530385971069336e-01,2.812617421150207520e-01,-2.725022137165069580e-01,1.560169011354446411e-01,-2.428177930414676666e-02,-4.086656495928764343e-02,-2.846144512295722961e-02,4.566816091537475586e-01,2.251499891281127930e+00,1.526230692863464355e+00,4.268227219581604004e-01,1.320410221815109253e-01,-7.681444287300109863e-02,5.202299952507019043e-01,4.441186189651489258e-01,-2.251499891281127930e+00,-1.603042960166931152e+00,4.152172803878784180e-01,6.200277432799339294e-02,-7.328535616397857666e-02,-5.031356811523437500e-01
1.690514013171195984e-02,-2.729874849319458008e-02,7.710748910903930664e-01,2.412088029086589813e-02,2.195172273786738515e-04,6.909672021865844727e-01,7.224835753440856934e-01,8.581699430942535400e-02,9.601979400031268597e-04,1.519026458263397217e-01,1.801868975162506104e-01,-2.444380968809127808e-01,-6.278631091117858887e-02,2.199540287256240845e-02,-5.767083540558815002e-02,-1.994184702634811401e-01,2.810158133506774902e-01,-2.746848165988922119e-01,1.570829749107360840e-01,-2.358456887304782867e-02,-4.175528511404991150e-02,-3.593192622065544128e-02,4.446836411952972412e-01,2.251499891281127930e+00,1.487519502639770508e+00,4.972102344036102295e-01,1.161467134952545166e-01,-7.913160324096679688e-02,5.212032198905944824e-01,4.297157526016235352e-01,-2.251499891281127930e+00,-1.566972851753234863e+00,4.960434138774871826e-01,7.728059589862823486e-02,-7.475861161947250366e-02,-5.101271867752075195e-01
1.680823788046836853e-02,-2.822551876306533813e-02,7.709113359451293945e-01,2.335930056869983673e-02,1.156349899247288704e-03,6.902559399604797363e-01,7.231872081756591797e-01,8.329826593399047852e-02,7.681836723349988461e-04,1.543621420860290527e-01,1.775401085615158081e-01,-2.445851713418960571e-01,-6.373569369316101074e-02,1.846081390976905823e-02,-5.784193426370620728e-02,-2.001282125711441040e-01,2.790535688400268555e-01,-2.751727998256683350e-01,1.580722033977508545e-01,-2.461103536188602448e-02,-4.171028360724449158e-02,-4.439525678753852844e-02,4.282197654247283936e-01,2.251499891281127930e+00,1.445968270301818848e+00,5.698450803756713867e-01,9.665026515722274780e-02,-8.171747624874114990e-02,5.244069099426269531e-01,4.127233624458312988e-01,-2.251499891281127930e+00,-1.526126503944396973e+00,5.788194537162780762e-01,9.478153288364410400e-02,-7.628932595252990723e-02,-5.172816514968872070e-01
1.698046922683715820e-02,-2.875529602169990540e-02,7.707479596138000488e-01,2.276676334440708160e-02,2.120258286595344543e-03,6.892727613449096680e-01,7.241410613059997559e-01,8.136448264122009277e-02,8.032416808418929577e-04,1.574559956789016724e-01,1.756373196840286255e-01,-2.443155646324157715e-01,-6.518050283193588257e-02,1.470414735376834869e-02,-5.842283368110656738e-02,-2.021963298320770264e-01,2.793021500110626221e-01,-2.762599587440490723e-01,1.595706939697265625e-01,-2.529451623558998108e-02,-4.238304495811462402e-02,-5.272298678755760193e-02,4.140083789825439453e-01,2.251499891281127930e+00,1.405660986900329590e+00,6.577521562576293945e-01,6.123831868171691895e-02,-8.516950905323028564e-02,5.147307515144348145e-01,3.952432274818420410e-01,-2.251499891281127930e+00,-1.485570907592773438e+00,6.780117750167846680e-01,1.248957067728042603e-01,-7.849364727735519409e-02,-5.133038759231567383e-01
1.606504805386066437e-02,-2.914746291935443878e-02,7.706115245819091797e-01,2.144190482795238495e-02,3.499002661556005478e-03,6.882765889167785645e-01,7.251229882240295410e-01,7.846209406852722168e-02,-6.345372530631721020e-04,1.591833978891372681e-01,1.720553636550903320e-01,-2.440282553434371948e-01,-6.567429751157760620e-02,1.143125072121620178e-02,-5.908874794840812683e-02,-2.015037983655929565e-01,2.744501829147338867e-01,-2.764828503131866455e-01,1.597622781991958618e-01,-2.652133069932460785e-02,-4.470964148640632629e-02,-6.298645585775375366e-02,3.968421518802642822e-01,2.251499891281127930e+00,1.359951496124267578e+00,7.439444661140441895e-01,3.142154589295387268e-02,-8.535151928663253784e-02,5.107339024543762207e-01,3.734271228313446045e-01,-2.251499891281127930e+00,-1.436401844024658203e+00,7.761832475662231445e-01,1.511998027563095093e-01,-7.918242365121841431e-02,-5.075841546058654785e-01
1.519342698156833649e-02,-2.936182729899883270e-02,7.705642580986022949e-01,1.932066306471824646e-02,5.475918296724557877e-03,6.868400573730468750e-01,7.265311479568481445e-01,7.341559976339340210e-02,-1.281700213439762592e-03,1.626580208539962769e-01,1.691579222679138184e-01,-2.426340728998184204e-01,-6.671145558357238770e-02,6.485335063189268112e-03,-5.964074656367301941e-02,-2.032365798950195312e-01,2.687631249427795410e-01,-2.742909789085388184e-01,1.611968725919723511e-01,-2.604910731315612793e-02,-4.443598166108131409e-02,-7.364694029092788696e-02,3.771908581256866455e-01,2.251499891281127930e+00,1.305577754974365234e+00,8.377950191497802734e-01,3.359327791258692741e-03,-8.120328187942504883e-02,4.995828270912170410e-01,3.441643118858337402e-01,-2.251499891281127930e+00,-1.378690361976623535e+00,8.849265575408935547e-01,1.738237887620925903e-01,-7.338107377290725708e-02,-5.029269456863403320e-01
1.513786986470222473e-02,-2.877492830157279968e-02,7.705175280570983887e-01,1.735565252602100372e-02,8.130271919071674347e-03,6.853548884391784668e-01,7.279569506645202637e-01,6.735317409038543701e-02,-1.973400823771953583e-03,1.650584936141967773e-01,1.691419631242752075e-01,-2.411016821861267090e-01,-6.812476366758346558e-02,1.973847160115838051e-03,-5.983308330178260803e-02,-2.027859985828399658e-01,2.626709640026092529e-01,-2.731940448284149170e-01,1.614934206008911133e-01,-2.506823651492595673e-02,-4.683022573590278625e-02,-8.109574764966964722e-02,3.606583774089813232e-01,2.251499414443969727e+00,1.259090542793273926e+00,9.423437118530273438e-01,-3.552789241075515747e-02,-7.713646441698074341e-02,4.800035357475280762e-01,3.122778832912445068e-01,-2.251499891281127930e+00,-1.326550245285034180e+00,1.002391099929809570e+00,2.021095454692840576e-01,-6.516142189502716064e-02,-4.864020049571990967e-01
1.464133989065885544e-02,-2.915391512215137482e-02,7.704829573631286621e-01,1.569975167512893677e-02,9.732880629599094391e-03,6.839334964752197266e-01,7.293105125427246094e-01,6.240018829703330994e-02,-2.289434196427464485e-03,1.666964441537857056e-01,1.681829392910003662e-01,-2.398395091295242310e-01,-6.753899902105331421e-02,-2.017119666561484337e-03,-5.931618064641952515e-02,-2.015509158372879028e-01,2.569367289543151855e-01,-2.709477543830871582e-01,1.614314764738082886e-01,-2.405594475567340851e-02,-4.828423634171485901e-02,-8.821460604667663574e-02,3.420512974262237549e-01,2.250988245010375977e+00,1.217240214347839355e+00,1.044319748878479004e+00,-7.624050229787826538e-02,-7.331239432096481323e-02,4.646247327327728271e-01,2.812151610851287842e-01,-2.251499891281127930e+00,-1.272907972335815430e+00,1.112008452415466309e+00,2.308103591203689575e-01,-5.746347457170486450e-02,-4.712808430194854736e-01
1.397051662206649780e-02,-2.948478423058986664e-02,7.705802321434020996e-01,1.428566966205835342e-02,1.140225119888782501e-02,6.817137598991394043e-01,7.313906550407409668e-01,5.813435837626457214e-02,-3.240544814616441727e-03,1.697099804878234863e-01,1.671137362718582153e-01,-2.374545931816101074e-01,-6.451935321092605591e-02,-6.897884886711835861e-03,-5.891872569918632507e-02,-1.963151246309280396e-01,2.524542510509490967e-01,-2.679864168167114258e-01,1.589592248201370239e-01,-2.518443949520587921e-02,-4.028958082199096680e-02,-9.447778761386871338e-02,3.200116157531738281e-01,2.217103481292724609e+00,1.171498179435729980e+00,1.125868320465087891e+00,-1.159947663545608521e-01,-6.600350141525268555e-02,4.401305615901947021e-01,2.448737025260925293e-01,-2.251498699188232422e+00,-1.216642618179321289e+00,1.211590290069580078e+00,2.606408596038818359e-01,-4.529879242181777954e-02,-4.458851218223571777e-01
1.226443611085414886e-02,-2.930465899407863617e-02,7.706071138381958008e-01,1.191592961549758911e-02,1.307173445820808411e-02,6.807582378387451172e-01,7.322946190834045410e-01,5.274156481027603149e-02,-4.302632529288530350e-03,1.719420105218887329e-01,1.656796932220458984e-01,-2.365764826536178589e-01,-6.520850211381912231e-02,-1.158178504556417465e-02,-5.965223535895347595e-02,-1.968149542808532715e-01,2.477006912231445312e-01,-2.654237747192382812e-01,1.579152941703796387e-01,-2.588479407131671906e-02,-3.137553110718727112e-02,-9.746364504098892212e-02,2.953297793865203857e-01,2.166408061981201172e+00,1.131374001502990723e+00,1.207050919532775879e+00,-1.602395921945571899e-01,-5.271984636783599854e-02,4.098907709121704102e-01,1.992825418710708618e-01,-2.251472949981689453e+00,-1.161858320236206055e+00,1.310551404953002930e+00,2.744147181510925293e-01,-2.345503307878971100e-02,-4.117985963821411133e-01
1.227924972772598267e-02,-2.995600737631320953e-02,7.706736922264099121e-01,1.055311597883701324e-02,1.532201003283262253e-02,6.789375543594360352e-01,7.339602708816528320e-01,4.727797955274581909e-02,-5.692160688340663910e-03,1.712620854377746582e-01,1.637399494647979736e-01,-2.336280792951583862e-01,-6.297913193702697754e-02,-1.732047088444232941e-02,-5.954184383153915405e-02,-1.936219185590744019e-01,2.428175657987594604e-01,-2.633395493030548096e-01,1.561364233493804932e-01,-2.231352776288986206e-02,-2.507445588707923889e-02,-1.021333634853363037e-01,2.711237668991088867e-01,2.116355180740356445e+00,1.084744811058044434e+00,1.285847187042236328e+00,-1.935622245073318481e-01,-3.001123107969760895e-02,3.924322128295898438e-01,1.532122939825057983e-01,-2.228432178497314453e+00,-1.099187493324279785e+00,1.395656585693359375e+00,2.915238440036773682e-01,1.317782793194055557e-03,-3.810816109180450439e-01
1.014275103807449341e-02,-2.996752969920635223e-02,7.708883881568908691e-01,7.641322445124387741e-03,1.750231720507144928e-02,6.766819953918457031e-01,7.360276579856872559e-01,4.314032942056655884e-02,-7.868371903896331787e-03,1.727084964513778687e-01,1.560623496770858765e-01,-2.289137691259384155e-01,-6.042479351162910461e-02,-2.360209822654724121e-02,-5.975248664617538452e-02,-1.901475936174392700e-01,2.354078292846679688e-01,-2.568539679050445557e-01,1.580444872379302979e-01,-1.730628125369548798e-02,-2.119353227317333221e-02,-1.080024689435958862e-01,2.426170259714126587e-01,2.079319477081298828e+00,1.037341356277465820e+00,1.368746042251586914e+00,-2.173689603805541992e-01,-3.776367986574769020e-03,3.680470287799835205e-01,1.046974211931228638e-01,-2.204946756362915039e+00,-1.031108617782592773e+00,1.465637445449829102e+00,3.061008155345916748e-01,2.502117492258548737e-02,-3.489798903465270996e-01
8.489638566970825195e-03,-2.944344282150268555e-02,7.710666656494140625e-01,5.070737563073635101e-03,1.941133663058280945e-02,6.757693886756896973e-01,7.368400692939758301e-01,3.836587071418762207e-02,-9.623013436794281006e-03,1.713627427816390991e-01,1.524114608764648438e-01,-2.262654155492782593e-01,-5.715418979525566101e-02,-2.849243581295013428e-02,-5.978935584425926208e-02,-1.867833286523818970e-01,2.301007658243179321e-01,-2.518967092037200928e-01,1.575634032487869263e-01,-1.346448529511690140e-02,-1.843768917024135590e-02,-1.098233014345169067e-01,2.142322361469268799e-01,2.043421983718872070e+00,9.932448267936706543e-01,1.438943982124328613e+00,-2.433496862649917603e-01,1.967126689851284027e-02,3.350791633129119873e-01,5.859008058905601501e-02,-2.179993391036987305e+00,-9.615759253501892090e-01,1.527878046035766602e+00,3.069235980510711670e-01,5.078936368227005005e-02,-3.081825971603393555e-01
5.725070834159851074e-03,-2.940135449171066284e-02,7.712154984474182129e-01,2.818302949890494347e-03,2.029201760888099670e-02,6.740312576293945312e-01,7.384186983108520508e-01,3.617344796657562256e-02,-1.159476861357688904e-02,1.733840107917785645e-01,1.471596956253051758e-01,-2.246000617742538452e-01,-5.288441106677055359e-02,-3.230303898453712463e-02,-5.983419716358184814e-02,-1.807810813188552856e-01,2.244797199964523315e-01,-2.460706532001495361e-01,1.586759835481643677e-01,-9.213563054800033569e-03,-1.555195264518260956e-02,-1.127542033791542053e-01,1.851936429738998413e-01,2.010963201522827148e+00,9.493035078048706055e-01,1.504270315170288086e+00,-2.587568759918212891e-01,4.062407091259956360e-02,3.174274563789367676e-01,1.300788205116987228e-02,-2.159139633178710938e+00,-8.859475851058959961e-01,1.573826670646667480e+00,2.960883975028991699e-01,7.241225987672805786e-02,-2.837184369564056396e-01
3.270778805017471313e-03,-2.789233997464179993e-02,7.713756561279296875e-01,-3.711761792146717198e-06,2.167336456477642059e-02,6.728365421295166016e-01,7.394735813140869141e-01,3.399439528584480286e-02,-1.327953953295946121e-02,1.739015728235244751e-01,1.425824761390686035e-01,-2.234208881855010986e-01,-4.967273399233818054e-02,-3.585068136453628540e-02,-5.994923040270805359e-02,-1.765633225440979004e-01,2.201389521360397339e-01,-2.408218979835510254e-01,1.593389064073562622e-01,-3.914473578333854675e-03,-1.219598297029733658e-02,-1.145567968487739563e-01,1.628752499818801880e-01,1.974111795425415039e+00,9.049553871154785156e-01,1.555050849914550781e+00,-2.685164809226989746e-01,5.978488922119140625e-02,2.946808338165283203e-01,-3.288920596241950989e-02,-2.132439851760864258e+00,-8.099113702774047852e-01,1.614319443702697754e+00,2.861901819705963135e-01,9.553872048854827881e-02,-2.555029094219207764e-01
1.515178941190242767e-03,-2.739547006785869598e-02,7.715324759483337402e-01,-1.829548040404915810e-03,2.300840429961681366e-02,6.714299321174621582e-01,7.407085299491882324e-01,3.207094222307205200e-02,-1.548386644572019577e-02,1.737565398216247559e-01,1.377832144498825073e-01,-2.209810316562652588e-01,-4.598905891180038452e-02,-3.883536905050277710e-02,-6.055503711104393005e-02,-1.736521124839782715e-01,2.149922847747802734e-01,-2.361171990633010864e-01,1.589409857988357544e-01,5.500684492290019989e-04,-8.049640804529190063e-03,-1.162233874201774597e-01,1.494610160589218140e-01,1.931311130523681641e+00,8.647562861442565918e-01,1.603594660758972168e+00,-2.733424305915832520e-01,7.523382455110549927e-02,2.846980690956115723e-01,-7.876274734735488892e-02,-2.103333711624145508e+00,-7.349491119384765625e-01,1.647473335266113281e+00,2.858797907829284668e-01,1.129202246665954590e-01,-2.408215850591659546e-01
1.529571949504315853e-03,-2.667768858373165131e-02,7.716307640075683594e-01,-2.414136426523327827e-03,2.431725338101387024e-02,6.704568862915039062e-01,7.415459752082824707e-01,3.051226399838924408e-02,-1.641174405813217163e-02,1.752801835536956787e-01,1.373008787631988525e-01,-2.184916138648986816e-01,-4.390088841319084167e-02,-3.973757475614547729e-02,-6.123610585927963257e-02,-1.735844463109970093e-01,2.117993086576461792e-01,-2.350163906812667847e-01,1.584069877862930298e-01,2.926129382103681564e-03,-4.079886712133884430e-03,-1.148099750280380249e-01,1.489351987838745117e-01,1.882177352905273438e+00,8.349327445030212402e-01,1.633906245231628418e+00,-2.724653184413909912e-01,8.002152293920516968e-02,2.808047533035278320e-01,-1.251910030841827393e-01,-2.073427677154541016e+00,-6.699900627136230469e-01,1.667654156684875488e+00,3.053663372993469238e-01,1.191377043724060059e-01,-2.346876710653305054e-01
-5.581598961725831032e-04,-2.594323083758354187e-02,7.717627882957458496e-01,-3.737062448635697365e-03,2.441571466624736786e-02,6.699203848838806152e-01,7.420219779014587402e-01,2.895979210734367371e-02,-1.760061830282211304e-02,1.759529709815979004e-01,1.379176229238510132e-01,-2.188601195812225342e-01,-3.938567638397216797e-02,-4.036874324083328247e-02,-6.188952922821044922e-02,-1.720214039087295532e-01,2.094838321208953857e-01,-2.314310222864151001e-01,1.569630205631256104e-01,2.427089493721723557e-03,2.689759014174342155e-03,-1.128375232219696045e-01,1.684804409742355347e-01,1.817043662071228027e+00,8.170336484909057617e-01,1.662034034729003906e+00,-2.702082991600036621e-01,8.565978705883026123e-02,2.818156778812408447e-01,-1.660754978656768799e-01,-2.034823417663574219e+00,-6.052694916725158691e-01,1.689029574394226074e+00,3.291382193565368652e-01,1.243967190384864807e-01,-2.342346906661987305e-01
-2.167223021388053894e-03,-2.449706569314002991e-02,7.718201279640197754e-01,-5.211859941482543945e-03,2.493173442780971527e-02,6.689195036888122559e-01,7.428983449935913086e-01,2.820015698671340942e-02,-1.883142627775669098e-02,1.756027191877365112e-01,1.377792805433273315e-01,-2.205016463994979858e-01,-3.393967822194099426e-02,-4.143698886036872864e-02,-6.198412179946899414e-02,-1.689237058162689209e-01,2.080790102481842041e-01,-2.304205000400543213e-01,1.543274223804473877e-01,-1.133072772063314915e-03,1.006531156599521637e-02,-1.100932136178016663e-01,2.061752527952194214e-01,1.743065476417541504e+00,8.216791152954101562e-01,1.677530527114868164e+00,-2.758097648620605469e-01,8.490385860204696655e-02,2.862642109394073486e-01,-2.049831002950668335e-01,-1.993822693824768066e+00,-5.533482432365417480e-01,1.699822545051574707e+00,3.608835339546203613e-01,1.232272610068321228e-01,-2.417143434286117554e-01
-2.959349658340215683e-03,-2.498742751777172089e-02,7.718896269798278809e-01,-5.708867684006690979e-03,2.482281252741813660e-02,6.674408316612243652e-01,7.442271113395690918e-01,2.644072473049163818e-02,-1.880726404488086700e-02,1.768515259027481079e-01,1.395400762557983398e-01,-2.217375785112380981e-01,-2.709914371371269226e-02,-4.286921769380569458e-02,-6.083873659372329712e-02,-1.645448654890060425e-01,2.062771618366241455e-01,-2.291211485862731934e-01,1.507417559623718262e-01,-1.200544368475675583e-02,1.842415705323219299e-02,-1.016534939408302307e-01,2.711569964885711670e-01,1.649005293846130371e+00,8.425509333610534668e-01,1.673465609550476074e+00,-2.711287140846252441e-01,7.676395773887634277e-02,2.936839461326599121e-01,-2.267486453056335449e-01,-1.934650540351867676e+00,-5.096743106842041016e-01,1.699833989143371582e+00,3.873517215251922607e-01,1.139542832970619202e-01,-2.523778975009918213e-01
-1.867189421318471432e-03,-2.417124621570110321e-02,7.720658183097839355e-01,-6.678985897451639175e-03,2.614913322031497955e-02,6.670213341712951660e-01,7.445496320724487305e-01,2.342463098466396332e-02,-1.766235940158367157e-02,1.774271428585052490e-01,1.413452178239822388e-01,-2.208065092563629150e-01,-2.128322236239910126e-02,-4.223247244954109192e-02,-5.857694894075393677e-02,-1.631959229707717896e-01,1.994598954916000366e-01,-2.274834811687469482e-01,1.441253274679183960e-01,-3.264953196048736572e-02,2.787267416715621948e-02,-9.059335291385650635e-02,3.698558807373046875e-01,1.540728926658630371e+00,9.074924588203430176e-01,1.649780273437500000e+00,-2.733134627342224121e-01,6.762892752885818481e-02,2.869969308376312256e-01,-2.363689988851547241e-01,-1.867073655128479004e+00,-4.852102398872375488e-01,1.697474002838134766e+00,4.146072566509246826e-01,1.017099618911743164e-01,-2.586320340633392334e-01
-1.612601801753044128e-03,-2.212219685316085815e-02,7.722156643867492676e-01,-7.563616149127483368e-03,2.783133275806903839e-02,6.656073927879333496e-01,7.457446455955505371e-01,1.880415156483650208e-02,-1.831995137035846710e-02,1.767618358135223389e-01,1.495454162359237671e-01,-2.222798019647598267e-01,-1.100364606827497482e-02,-4.400061070919036865e-02,-5.901688337326049805e-02,-1.609115898609161377e-01,1.992756575345993042e-01,-2.284143120050430298e-01,1.402749419212341309e-01,-5.864920839667320251e-02,2.208307012915611267e-02,-7.509819418191909790e-02,4.493731260299682617e-01,1.421638131141662598e+00,9.520589113235473633e-01,1.609911561012268066e+00,-2.669820785522460938e-01,5.463443696498870850e-02,2.868516147136688232e-01,-2.012029439210891724e-01,-1.748265147209167480e+00,-4.948134422302246094e-01,1.672703862190246582e+00,4.300075769424438477e-01,7.716217637062072754e-02,-2.690322101116180420e-01
-2.592868404462933540e-03,-2.017188817262649536e-02,7.723047733306884766e-01,-8.493017405271530151e-03,2.889886125922203064e-02,6.639423966407775879e-01,7.471768260002136230e-01,1.567297615110874176e-02,-2.014462091028690338e-02,1.759284734725952148e-01,1.564041376113891602e-01,-2.270100861787796021e-01,1.837513060308992863e-03,-4.735211282968521118e-02,-6.029196083545684814e-02,-1.565315425395965576e-01,2.035475522279739380e-01,-2.303467243909835815e-01,1.357903331518173218e-01,-7.714535295963287354e-02,4.473640583455562592e-03,-6.085014343261718750e-02,4.797733128070831299e-01,1.319131016731262207e+00,9.420294165611267090e-01,1.564334869384765625e+00,-2.563755810260772705e-01,4.643690958619117737e-02,2.859145998954772949e-01,-1.151115298271179199e-01,-1.605865120887756348e+00,-5.374097228050231934e-01,1.629992127418518066e+00,4.344242513179779053e-01,5.811147391796112061e-02,-2.840847969055175781e-01
-4.145750310271978378e-03,-1.816311106085777283e-02,7.724823355674743652e-01,-9.607523679733276367e-03,2.965869195759296417e-02,6.640566587448120117e-01,7.470320463180541992e-01,1.139166951179504395e-02,-2.186959609389305115e-02,1.763175427913665771e-01,1.650482714176177979e-01,-2.323518693447113037e-01,1.647985354065895081e-02,-4.823589697480201721e-02,-6.210222840309143066e-02,-1.545862853527069092e-01,2.050681561231613159e-01,-2.300244867801666260e-01,1.317941844463348389e-01,-7.183105498552322388e-02,-1.537595130503177643e-02,-4.897493496537208557e-02,4.226110875606536865e-01,1.231046676635742188e+00,8.454651236534118652e-01,1.526914715766906738e+00,-2.484839260578155518e-01,4.332836717367172241e-02,2.726469635963439941e-01,1.348653528839349747e-02,-1.447692394256591797e+00,-5.992987751960754395e-01,1.553358316421508789e+00,4.254756569862365723e-01,4.353605210781097412e-02,-2.850658595561981201e-01
-2.799510490149259567e-03,-1.810577698051929474e-02,7.726234197616577148e-01,-8.731839247047901154e-03,3.051332943141460419e-02,6.640440821647644043e-01,7.470195293426513672e-01,7.937256246805191040e-03,-2.193586900830268860e-02,1.779812127351760864e-01,1.727590709924697876e-01,-2.335831671953201294e-01,2.676920965313911438e-02,-4.907393455505371094e-02,-6.309360265731811523e-02,-1.546258181333541870e-01,2.074496746063232422e-01,-2.324770539999008179e-01,1.268048286437988281e-01,-5.976746231317520142e-02,-2.162611298263072968e-02,-4.006887972354888916e-02,3.463885486125946045e-01,1.134177327156066895e+00,7.196432948112487793e-01,1.493862628936767578e+00,-2.361952960491180420e-01,3.719092160463333130e-02,2.618705928325653076e-01,6.766559928655624390e-02,-1.310198307037353516e+00,-5.808447003364562988e-01,1.494754433631896973e+00,4.105387032032012939e-01,3.699997067451477051e-02,-2.707257866859436035e-01
-2.927812049165368080e-03,-1.670733094215393066e-02,7.727187871932983398e-01,-9.692938998341560364e-03,3.136676177382469177e-02,6.634218692779541016e-01,7.475249767303466797e-01,3.082776675000786781e-03,-2.101152576506137848e-02,1.811323612928390503e-01,1.820465773344039917e-01,-2.377291917800903320e-01,3.730584308505058289e-02,-5.176858976483345032e-02,-6.306443363428115845e-02,-1.529870629310607910e-01,2.111627906560897827e-01,-2.346357703208923340e-01,1.242880821228027344e-01,-4.269015043973922729e-02,-2.026527002453804016e-02,-3.602600470185279846e-02,2.662233114242553711e-01,1.029484510421752930e+00,5.924730896949768066e-01,1.469784021377563477e+00,-2.378813326358795166e-01,2.893777750432491302e-02,2.603433430194854736e-01,8.941861987113952637e-02,-1.180889844894409180e+00,-5.231187939643859863e-01,1.437371730804443359e+00,3.978329300880432129e-01,2.711871452629566193e-02,-2.586878240108489990e-01
-2.207984682172536850e-03,-1.569583639502525330e-02,7.729307413101196289e-01,-1.064675115048885345e-02,3.314950689673423767e-02,6.626773476600646973e-01,7.480952739715576172e-01,-3.266463987529277802e-03,-2.007115073502063751e-02,1.850719451904296875e-01,1.901827752590179443e-01,-2.382702082395553589e-01,4.659786075353622437e-02,-5.592093244194984436e-02,-6.327278167009353638e-02,-1.529353111982345581e-01,2.136095613241195679e-01,-2.358906567096710205e-01,1.204441636800765991e-01,-3.405570983886718750e-02,-1.891207322478294373e-02,-3.238181769847869873e-02,2.053418159484863281e-01,9.286893010139465332e-01,4.774730503559112549e-01,1.450310826301574707e+00,-2.350683808326721191e-01,2.444162219762802124e-02,2.411304712295532227e-01,9.011179953813552856e-02,-1.062595844268798828e+00,-4.363676011562347412e-01,1.388492822647094727e+00,3.760088086128234863e-01,2.609233185648918152e-02,-2.406090348958969116e-01
-4.788521036971360445e-04,-1.599175669252872467e-02,7.731225490570068359e-01,-1.042949501425027847e-02,3.392819687724113464e-02,6.626712679862976074e-01,7.480687499046325684e-01,-5.915694404393434525e-03,-1.816994324326515198e-02,1.890542656183242798e-01,1.937376260757446289e-01,-2.376724630594253540e-01,5.510836467146873474e-02,-5.747582763433456421e-02,-6.217754259705543518e-02,-1.526297628879547119e-01,2.145611047744750977e-01,-2.361775338649749756e-01,1.172602772712707520e-01,-3.257233649492263794e-02,-1.827685534954071045e-02,-2.704773284494876862e-02,1.579292118549346924e-01,8.306655287742614746e-01,3.722168803215026855e-01,1.431373715400695801e+00,-2.176291495561599731e-01,2.155068330466747284e-02,2.161815762519836426e-01,7.288770377635955811e-02,-9.465393424034118652e-01,-3.228349387645721436e-01,1.341014385223388672e+00,3.290251493453979492e-01,2.869723364710807800e-02,-2.166846245527267456e-01
5.098631372675299644e-04,-1.703235507011413574e-02,7.732170224189758301e-01,-9.416685439646244049e-03,3.366161510348320007e-02,6.617978811264038086e-01,7.488669753074645996e-01,-6.737247575074434280e-03,-1.714951731264591217e-02,1.917590051889419556e-01,1.976014971733093262e-01,-2.380775511264801025e-01,6.249966472387313843e-02,-5.779372528195381165e-02,-6.087334826588630676e-02,-1.470977663993835449e-01,2.150593400001525879e-01,-2.362165600061416626e-01,1.166262701153755188e-01,-3.488630428910255432e-02,-1.978800818324089050e-02,-2.120589837431907654e-02,1.269749253988265991e-01,7.391105294227600098e-01,2.928365170955657959e-01,1.410741806030273438e+00,-2.085234522819519043e-01,1.530503667891025543e-02,1.938124746084213257e-01,5.146714672446250916e-02,-8.368591070175170898e-01,-2.170181870460510254e-01,1.303940534591674805e+00,2.908414900302886963e-01,3.106088936328887939e-02,-1.962902396917343140e-01
1.159819075837731361e-03,-1.738549023866653442e-02,7.732602357864379883e-01,-9.113118052482604980e-03,3.392584249377250671e-02,6.621753573417663574e-01,7.485250830650329590e-01,-8.686553686857223511e-03,-1.622558012604713440e-02,1.950356364250183105e-01,2.009163349866867065e-01,-2.387476563453674316e-01,6.687120348215103149e-02,-5.911388248205184937e-02,-6.101384758949279785e-02,-1.462558060884475708e-01,2.172826677560806274e-01,-2.368030697107315063e-01,1.170087307691574097e-01,-3.868786245584487915e-02,-2.098272368311882019e-02,-1.899606920778751373e-02,1.044504791498184204e-01,6.602714061737060547e-01,2.171385884284973145e-01,1.381753444671630859e+00,-1.816228628158569336e-01,9.774114936590194702e-03,1.709609031677246094e-01,3.787217661738395691e-02,-7.436468601226806641e-01,-1.209772676229476929e-01,1.267662405967712402e+00,2.506312131881713867e-01,3.244969248771667480e-02,-1.733017265796661377e-01
1.521150115877389908e-03,-1.736060716211795807e-02,7.732608318328857422e-01,-9.661854244768619537e-03,3.468723595142364502e-02,6.624016165733337402e-01,7.482830882072448730e-01,-1.116453297436237335e-02,-1.548473816365003586e-02,1.976073831319808960e-01,2.019965350627899170e-01,-2.395685315132141113e-01,7.073072344064712524e-02,-6.210825219750404358e-02,-6.061296910047531128e-02,-1.441067755222320557e-01,2.191803455352783203e-01,-2.371732145547866821e-01,1.164814680814743042e-01,-4.044496268033981323e-02,-2.396720834076404572e-02,-1.598866283893585205e-02,7.916823029518127441e-02,5.887465476989746094e-01,1.427590996026992798e-01,1.352527856826782227e+00,-1.558987647294998169e-01,3.414301201701164246e-03,1.558525711297988892e-01,2.027194947004318237e-02,-6.577705144882202148e-01,-2.472540922462940216e-02,1.236764550209045410e+00,2.059305012226104736e-01,3.501122444868087769e-02,-1.582925021648406982e-01
2.296878723427653313e-03,-1.586518995463848114e-02,7.732723355293273926e-01,-1.091740839183330536e-02,3.655311092734336853e-02,6.626685857772827148e-01,7.479405403137207031e-01,-1.305391546338796616e-02,-1.476810127496719360e-02,2.013328820466995239e-01,2.004422098398208618e-01,-2.381237298250198364e-01,6.937631964683532715e-02,-6.454135477542877197e-02,-6.049335002899169922e-02,-1.439902484416961670e-01,2.190171182155609131e-01,-2.381014823913574219e-01,1.183325573801994324e-01,-4.365456476807594299e-02,-2.592338621616363525e-02,-1.301761344075202942e-02,6.050254777073860168e-02,5.194864273071289062e-01,7.470737397670745850e-02,1.319964408874511719e+00,-1.232320368289947510e-01,-5.366572178900241852e-03,1.320344358682632446e-01,9.501175023615360260e-03,-5.769450664520263672e-01,6.273920834064483643e-02,1.201427578926086426e+00,1.569658368825912476e-01,3.640134260058403015e-02,-1.389275044202804565e-01
2.987562911584973335e-03,-1.628190465271472931e-02,7.732264995574951172e-01,-1.144755817949771881e-02,3.760996088385581970e-02,6.626077890396118164e-01,7.479341030120849609e-01,-1.419311761856079102e-02,-1.416679099202156067e-02,2.046234160661697388e-01,1.967363208532333374e-01,-2.380824983119964600e-01,6.823516637086868286e-02,-6.700063496828079224e-02,-6.040124222636222839e-02,-1.453479230403900146e-01,2.175343334674835205e-01,-2.367546558380126953e-01,1.232216581702232361e-01,-4.338827356696128845e-02,-2.706417441368103027e-02,-1.297989953309297562e-02,4.573994874954223633e-02,4.602895677089691162e-01,1.417071279138326645e-02,1.289008498191833496e+00,-9.555007517337799072e-02,-1.616335660219192505e-02,1.233544796705245972e-01,3.648546291515231133e-03,-5.048121213912963867e-01,1.322103142738342285e-01,1.172841072082519531e+00,1.279607564210891724e-01,3.489360585808753967e-02,-1.296259015798568726e-01
3.663538256660103798e-03,-1.766667328774929047e-02,7.731754779815673828e-01,-1.167721208184957504e-02,3.868671134114265442e-02,6.639589667320251465e-01,7.466762661933898926e-01,-1.842728815972805023e-02,-1.345514226704835892e-02,2.088983952999114990e-01,1.962716579437255859e-01,-2.371374517679214478e-01,6.346483528614044189e-02,-7.085664570331573486e-02,-6.184881925582885742e-02,-1.506316214799880981e-01,2.184691578149795532e-01,-2.363276928663253784e-01,1.271400749683380127e-01,-4.292881116271018982e-02,-2.714934945106506348e-02,-1.284586265683174133e-02,3.420531749725341797e-02,4.025405347347259521e-01,-5.058956146240234375e-02,1.254145264625549316e+00,-6.938591599464416504e-02,-2.883054874837398529e-02,1.177520900964736938e-01,4.321757704019546509e-03,-4.363926351070404053e-01,2.005354762077331543e-01,1.144971132278442383e+00,9.968506544828414917e-02,3.117530792951583862e-02,-1.256863623857498169e-01
3.496033838018774986e-03,-1.784712076187133789e-02,7.731431722640991211e-01,-1.326627563685178757e-02,3.988623246550559998e-02,6.644257307052612305e-01,7.461712956428527832e-01,-2.269480749964714050e-02,-1.240872405469417572e-02,2.114077061414718628e-01,1.950454711914062500e-01,-2.374456971883773804e-01,6.019156426191329956e-02,-7.417360693216323853e-02,-6.151775643229484558e-02,-1.523322016000747681e-01,2.157678306102752686e-01,-2.336446046829223633e-01,1.317354887723922729e-01,-4.082283005118370056e-02,-2.702032402157783508e-02,-1.432654634118080139e-02,2.836782485246658325e-02,3.537083864212036133e-01,-1.074545532464981079e-01,1.210135221481323242e+00,-4.137292876839637756e-02,-4.254146665334701538e-02,1.153160855174064636e-01,8.822100237011909485e-03,-3.759475350379943848e-01,2.579238116741180420e-01,1.119014382362365723e+00,7.739365100860595703e-02,2.507243864238262177e-02,-1.200226619839668274e-01
3.390076337382197380e-03,-1.943173259496688843e-02,7.732707858085632324e-01,-1.419080793857574463e-02,3.971473500132560730e-02,6.656376123428344727e-01,7.450824975967407227e-01,-2.616129070520401001e-02,-1.081050653010606766e-02,2.092413455247879028e-01,1.935102492570877075e-01,-2.358821034431457520e-01,5.926281213760375977e-02,-7.532698661088943481e-02,-5.968628823757171631e-02,-1.534522622823715210e-01,2.114562392234802246e-01,-2.275615185499191284e-01,1.347767561674118042e-01,-3.834738582372665405e-02,-2.664237283170223236e-02,-1.586857065558433533e-02,2.125050686299800873e-02,3.115633726119995117e-01,-1.559714227914810181e-01,1.173190951347351074e+00,-9.945309720933437347e-03,-5.382100492715835571e-02,1.191558688879013062e-01,1.185761298984289169e-02,-3.272791206836700439e-01,3.024936914443969727e-01,1.103976607322692871e+00,5.730500072240829468e-02,1.903374493122100830e-02,-1.166085302829742432e-01
3.320988733321428299e-03,-2.089744061231613159e-02,7.733561992645263672e-01,-1.489701122045516968e-02,4.004908353090286255e-02,6.659528613090515137e-01,7.447690367698669434e-01,-3.084361366927623749e-02,-9.973918087780475616e-03,2.079655379056930542e-01,1.945323050022125244e-01,-2.347100973129272461e-01,5.887139216065406799e-02,-7.890214771032333374e-02,-5.851344019174575806e-02,-1.513153463602066040e-01,2.103478312492370605e-01,-2.236813902854919434e-01,1.365443766117095947e-01,-3.535711765289306641e-02,-2.655182033777236938e-02,-1.841327734291553497e-02,1.297395769506692886e-02,2.836617231369018555e-01,-1.952654272317886353e-01,1.144657969474792480e+00,4.956007935106754303e-03,-6.256290525197982788e-02,1.225396767258644104e-01,1.527132838964462280e-02,-2.977617383003234863e-01,3.384684324264526367e-01,1.089822769165039062e+00,4.330880567431449890e-02,1.460253912955522537e-02,-1.089478880167007446e-01
4.589789547026157379e-03,-2.110395766794681549e-02,7.733951807022094727e-01,-1.556633040308952332e-02,4.101533070206642151e-02,6.656153798103332520e-01,7.450044155120849609e-01,-3.424696251749992371e-02,-8.119099773466587067e-03,2.069526016712188721e-01,1.957084983587265015e-01,-2.331246733665466309e-01,5.681337416172027588e-02,-8.109860867261886597e-02,-5.610277876257896423e-02,-1.481423377990722656e-01,2.081283032894134521e-01,-2.216026037931442261e-01,1.366360038518905640e-01,-3.114666603505611420e-02,-2.839850820600986481e-02,-1.836097240447998047e-02,6.912385579198598862e-03,2.669083774089813232e-01,-2.244233340024948120e-01,1.117919087409973145e+00,1.823057048022747040e-02,-7.157116383314132690e-02,1.263058483600616455e-01,1.659413240849971771e-02,-2.775295674800872803e-01,3.679904341697692871e-01,1.079622387886047363e+00,3.156829625368118286e-02,8.956464938819408417e-03,-1.020236015319824219e-01
3.633026499301195145e-03,-2.146516181528568268e-02,7.733718752861022949e-01,-1.647205650806427002e-02,4.067313298583030701e-02,6.656932234764099121e-01,7.449342012405395508e-01,-3.636285290122032166e-02,-7.350895088165998459e-03,2.066338211297988892e-01,1.968344748020172119e-01,-2.346351891756057739e-01,5.868146941065788269e-02,-8.389065414667129517e-02,-5.498316138982772827e-02,-1.447587013244628906e-01,2.103091478347778320e-01,-2.201423048973083496e-01,1.354424655437469482e-01,-2.896949648857116699e-02,-2.947852388024330139e-02,-1.901865564286708832e-02,3.518057521432638168e-03,2.597642242908477783e-01,-2.461366206407546997e-01,1.100712060928344727e+00,3.032493963837623596e-02,-7.541360706090927124e-02,1.280449777841567993e-01,1.873538643121719360e-02,-2.717492878437042236e-01,3.859306871891021729e-01,1.074055075645446777e+00,2.691786922514438629e-02,6.717821117490530014e-03,-9.333427250385284424e-02
3.196454839780926704e-03,-2.113795094192028046e-02,7.733045220375061035e-01,-1.718908362090587616e-02,4.100922122597694397e-02,6.657276153564453125e-01,7.448688149452209473e-01,-3.775952383875846863e-02,-7.248651236295700073e-03,2.074731141328811646e-01,1.971650719642639160e-01,-2.353945821523666382e-01,6.057190522551536560e-02,-8.688011020421981812e-02,-5.502955988049507141e-02,-1.436520665884017944e-01,2.138462960720062256e-01,-2.211394757032394409e-01,1.335996389389038086e-01,-2.829501219093799591e-02,-3.029090911149978638e-02,-2.000651694834232330e-02,1.176374033093452454e-03,2.598352432250976562e-01,-2.576425373554229736e-01,1.092575311660766602e+00,3.369648382067680359e-02,-7.536380738019943237e-02,1.311201304197311401e-01,1.959351077675819397e-02,-2.737210690975189209e-01,3.974594473838806152e-01,1.068274736404418945e+00,2.075953222811222076e-02,7.584137842059135437e-03,-8.667212724685668945e-02
2.927981084212660789e-03,-2.083242870867252350e-02,7.732064723968505859e-01,-1.819906570017337799e-02,4.153629019856452942e-02,6.659168004989624023e-01,7.446464300155639648e-01,-3.947521746158599854e-02,-6.670723203569650650e-03,2.093534022569656372e-01,1.965828835964202881e-01,-2.364846765995025635e-01,6.283653527498245239e-02,-9.113968908786773682e-02,-5.484990030527114868e-02,-1.436432301998138428e-01,2.187055498361587524e-01,-2.228296250104904175e-01,1.304896920919418335e-01,-2.932236529886722565e-02,-3.076920099556446075e-02,-2.155829779803752899e-02,-1.125361886806786060e-03,2.623024880886077881e-01,-2.615301907062530518e-01,1.089778900146484375e+00,3.470855206251144409e-02,-7.445581257343292236e-02,1.305094063282012939e-01,1.951707713305950165e-02,-2.789183855056762695e-01,4.008382856845855713e-01,1.061537265777587891e+00,1.522764563560485840e-02,9.375640191137790680e-03,-7.963473349809646606e-02
1.864295685663819313e-03,-2.038419432938098907e-02,7.730367183685302734e-01,-1.930237002670764923e-02,4.190948605537414551e-02,6.658714413642883301e-01,7.446383237838745117e-01,-3.989970311522483826e-02,-6.809564772993326187e-03,2.132146805524826050e-01,1.943121403455734253e-01,-2.386138141155242920e-01,6.393661350011825562e-02,-9.535921365022659302e-02,-5.552663654088973999e-02,-1.435670405626296997e-01,2.239146381616592407e-01,-2.253969311714172363e-01,1.289786845445632935e-01,-3.228957578539848328e-02,-3.095315769314765930e-02,-2.296918630599975586e-02,-1.228000270202755928e-03,2.667172551155090332e-01,-2.601319551467895508e-01,1.093259930610656738e+00,3.910135477781295776e-02,-7.162100821733474731e-02,1.263300776481628418e-01,1.926515810191631317e-02,-2.912537753582000732e-01,3.968263566493988037e-01,1.053792357444763184e+00,1.041803602129220963e-02,1.137166190892457962e-02,-7.104346156120300293e-02
2.111966954544186592e-03,-1.978676021099090576e-02,7.728871703147888184e-01,-1.998151838779449463e-02,4.308807477355003357e-02,6.662284135818481445e-01,7.442337274551391602e-01,-4.065526276826858521e-02,-7.393231615424156189e-03,2.146028131246566772e-01,1.914553493261337280e-01,-2.388098388910293579e-01,6.392776221036911011e-02,-9.814132750034332275e-02,-5.626783892512321472e-02,-1.447004079818725586e-01,2.260481417179107666e-01,-2.286920845508575439e-01,1.270854622125625610e-01,-3.402620181441307068e-02,-3.183126822113990784e-02,-2.378538250923156738e-02,1.355117768980562687e-03,2.782624661922454834e-01,-2.512136697769165039e-01,1.096755146980285645e+00,4.026705399155616760e-02,-6.826982647180557251e-02,1.239405050873756409e-01,1.907942257821559906e-02,-3.085915446281433105e-01,3.871063292026519775e-01,1.050681233406066895e+00,1.055757049471139908e-02,1.475527789443731308e-02,-6.491311639547348022e-02
3.360797883942723274e-03,-1.972822099924087524e-02,7.727145552635192871e-01,-2.007430233061313629e-02,4.442388936877250671e-02,6.663765311241149902e-01,7.440200448036193848e-01,-4.220944643020629883e-02,-7.366857025772333145e-03,2.160835117101669312e-01,1.903985291719436646e-01,-2.390266954898834229e-01,6.354421377182006836e-02,-1.015283018350601196e-01,-5.686741322278976440e-02,-1.470503956079483032e-01,2.293885648250579834e-01,-2.333208173513412476e-01,1.242888420820236206e-01,-3.680249303579330444e-02,-3.294213116168975830e-02,-2.460001967847347260e-02,7.218453567475080490e-03,2.931893169879913330e-01,-2.331253588199615479e-01,1.109539866447448730e+00,3.735689446330070496e-02,-6.418468058109283447e-02,1.212346926331520081e-01,2.048457041382789612e-02,-3.318830132484436035e-01,3.720329403877258301e-01,1.048442602157592773e+00,1.276184711605310440e-02,1.570948027074337006e-02,-6.038112193346023560e-02
3.393502207472920418e-03,-1.950099319219589233e-02,7.725820541381835938e-01,-2.046315371990203857e-02,4.485498741269111633e-02,6.663939952850341797e-01,7.439679503440856934e-01,-4.245303571224212646e-02,-7.498354185372591019e-03,2.167316079139709473e-01,1.890250742435455322e-01,-2.404485046863555908e-01,6.417364627122879028e-02,-1.036083698272705078e-01,-5.700641497969627380e-02,-1.473423987627029419e-01,2.320067435503005981e-01,-2.361237555742263794e-01,1.216506659984588623e-01,-3.840314596891403198e-02,-3.429351374506950378e-02,-2.572329901158809662e-02,1.267242711037397385e-02,3.070633411407470703e-01,-2.169758230447769165e-01,1.124256491661071777e+00,4.101742804050445557e-02,-5.905781686305999756e-02,1.159125566482543945e-01,2.204323746263980865e-02,-3.533280193805694580e-01,3.538223206996917725e-01,1.052695274353027344e+00,1.451265625655651093e-02,1.814480125904083252e-02,-5.530737712979316711e-02
3.390765748918056488e-03,-1.926601491868495941e-02,7.724985480308532715e-01,-2.055986039340496063e-02,4.458947107195854187e-02,6.669892072677612305e-01,7.434476613998413086e-01,-4.157679527997970581e-02,-7.121834438294172287e-03,2.170099467039108276e-01,1.883580535650253296e-01,-2.418399602174758911e-01,6.452173739671707153e-02,-1.046362295746803284e-01,-5.665829032659530640e-02,-1.465824395418167114e-01,2.361976057291030884e-01,-2.386875152587890625e-01,1.177565902471542358e-01,-4.081801325082778931e-02,-3.511109203100204468e-02,-2.780294232070446014e-02,1.939527876675128937e-02,3.242447972297668457e-01,-1.988170742988586426e-01,1.149714231491088867e+00,4.229854047298431396e-02,-5.094156414270401001e-02,1.096888929605484009e-01,2.238045632839202881e-02,-3.765195012092590332e-01,3.324649333953857422e-01,1.064631819725036621e+00,1.765329390764236450e-02,2.087908983230590820e-02,-5.201986059546470642e-02
3.220130456611514091e-03,-1.823075860738754272e-02,7.724075913429260254e-01,-2.083626948297023773e-02,4.461894929409027100e-02,6.667362451553344727e-01,7.436650991439819336e-01,-3.994050994515419006e-02,-7.232325617223978043e-03,2.172497957944869995e-01,1.876734346151351929e-01,-2.438534200191497803e-01,6.435126066207885742e-02,-1.052911207079887390e-01,-5.612658336758613586e-02,-1.432321071624755859e-01,2.394895851612091064e-01,-2.415321618318557739e-01,1.144025623798370361e-01,-4.214844107627868652e-02,-3.602197021245956421e-02,-2.916036546230316162e-02,2.336762286722660065e-02,3.450958132743835449e-01,-1.682959347963333130e-01,1.185081243515014648e+00,3.405759856104850769e-02,-4.044555500149726868e-02,1.015781611204147339e-01,2.050089649856090546e-02,-4.035860896110534668e-01,3.040456473827362061e-01,1.087039828300476074e+00,2.495514042675495148e-02,2.525234594941139221e-02,-4.828253015875816345e-02
4.006952978670597076e-03,-1.956274546682834625e-02,7.723143100738525391e-01,-1.955950260162353516e-02,4.402871057391166687e-02,6.669026613235473633e-01,7.435857653617858887e-01,-3.865845501422882080e-02,-7.411449216306209564e-03,2.161884754896163940e-01,1.870208084583282471e-01,-2.440076917409896851e-01,6.472707539796829224e-02,-1.057451590895652771e-01,-5.626529827713966370e-02,-1.436687856912612915e-01,2.429730594158172607e-01,-2.443390041589736938e-01,1.109344512224197388e-01,-4.386349767446517944e-02,-3.564323484897613525e-02,-3.294863924384117126e-02,2.653375081717967987e-02,3.748738169670104980e-01,-1.374140977859497070e-01,1.216740012168884277e+00,2.606301382184028625e-02,-3.102222830057144165e-02,9.538970887660980225e-02,1.715933345258235931e-02,-4.390422999858856201e-01,2.695835828781127930e-01,1.113028168678283691e+00,3.509012982249259949e-02,3.100697696208953857e-02,-4.804003238677978516e-02
5.093309562653303146e-03,-1.922555826604366302e-02,7.723801732063293457e-01,-1.917586848139762878e-02,4.379716888070106506e-02,6.675686240196228027e-01,7.430115938186645508e-01,-3.620373830199241638e-02,-7.091636769473552704e-03,2.119186073541641235e-01,1.845669746398925781e-01,-2.425678670406341553e-01,6.509142369031906128e-02,-1.026282310485839844e-01,-5.448122322559356689e-02,-1.425665020942687988e-01,2.403944879770278931e-01,-2.444567978382110596e-01,1.063771024346351624e-01,-4.494744911789894104e-02,-3.393777832388877869e-02,-3.622070327401161194e-02,2.873545140027999878e-02,4.133540391921997070e-01,-8.915890753269195557e-02,1.256440997123718262e+00,-5.526257446035742760e-04,-1.977982372045516968e-02,9.129453450441360474e-02,1.269653066992759705e-02,-4.860266745090484619e-01,2.241206616163253784e-01,1.148261785507202148e+00,5.055252835154533386e-02,3.571319580078125000e-02,-4.970932006835937500e-02
4.904625471681356430e-03,-1.888254657387733459e-02,7.724978327751159668e-01,-1.889475621283054352e-02,4.308280721306800842e-02,6.681067943572998047e-01,7.425767183303833008e-01,-3.337536752223968506e-02,-7.542445324361324310e-03,2.087938189506530762e-01,1.822188198566436768e-01,-2.396313697099685669e-01,6.383727490901947021e-02,-9.873022884130477905e-02,-5.379399284720420837e-02,-1.420603841543197632e-01,2.370076030492782593e-01,-2.430370897054672241e-01,1.028650328516960144e-01,-4.494199529290199280e-02,-3.207776695489883423e-02,-3.799578174948692322e-02,3.317890316247940063e-02,4.623485207557678223e-01,-3.509451448917388916e-02,1.286635398864746094e+00,-2.957426384091377258e-02,-8.911126293241977692e-03,8.810953050851821899e-02,1.264362130314111710e-02,-5.413673520088195801e-01,1.768566220998764038e-01,1.177203655242919922e+00,6.260402500629425049e-02,4.082212224602699280e-02,-4.429991543292999268e-02
5.095831584185361862e-03,-2.006188221275806427e-02,7.724449634552001953e-01,-1.783356443047523499e-02,4.213428869843482971e-02,6.689540743827819824e-01,7.418942451477050781e-01,-3.098292089998722076e-02,-8.113880641758441925e-03,2.066374421119689941e-01,1.795252114534378052e-01,-2.391483187675476074e-01,6.251495331525802612e-02,-9.498074650764465332e-02,-5.364255234599113464e-02,-1.434209346771240234e-01,2.329411655664443970e-01,-2.427118271589279175e-01,9.880328923463821411e-02,-4.414560273289680481e-02,-2.904870919883251190e-02,-4.100915789604187012e-02,3.718200325965881348e-02,5.257529020309448242e-01,2.712761238217353821e-02,1.313998579978942871e+00,-6.806948035955429077e-02,-1.318445312790572643e-03,9.580721706151962280e-02,1.312994398176670074e-02,-6.102434396743774414e-01,1.170522049069404602e-01,1.211110949516296387e+00,8.631876856088638306e-02,4.375198483467102051e-02,-5.133085697889328003e-02
6.509967613965272903e-03,-2.204173617064952850e-02,7.723311781883239746e-01,-1.547174900770187378e-02,4.091809689998626709e-02,6.686114072799682617e-01,7.423241734504699707e-01,-2.665543556213378906e-02,-8.151055313646793365e-03,2.055429965257644653e-01,1.767184883356094360e-01,-2.376134097576141357e-01,5.879613757133483887e-02,-8.966494351625442505e-02,-5.326955392956733704e-02,-1.463039964437484741e-01,2.278593927621841431e-01,-2.434004098176956177e-01,9.657809883356094360e-02,-4.233954101800918579e-02,-2.655275911092758179e-02,-4.375744611024856567e-02,4.197173938155174255e-02,6.028589606285095215e-01,8.979231864213943481e-02,1.343829393386840820e+00,-1.051830649375915527e-01,5.452998448163270950e-03,1.047178208827972412e-01,1.199758704751729965e-02,-6.932260394096374512e-01,5.124607309699058533e-02,1.249290227890014648e+00,1.142577007412910461e-01,4.905918985605239868e-02,-5.985508114099502563e-02
5.340751260519027710e-03,-2.368002571165561676e-02,7.722025513648986816e-01,-1.412168145179748535e-02,3.906867280602455139e-02,6.686890721321105957e-01,7.423807382583618164e-01,-2.272134274244308472e-02,-9.617144241929054260e-03,2.036572992801666260e-01,1.735765635967254639e-01,-2.371467351913452148e-01,5.274320766329765320e-02,-8.373407274484634399e-02,-5.436674505472183228e-02,-1.501194536685943604e-01,2.210610508918762207e-01,-2.414543181657791138e-01,9.717680513858795166e-02,-3.950415924191474915e-02,-2.375451102852821350e-02,-4.686957970261573792e-02,4.930008947849273682e-02,6.940441727638244629e-01,1.603956222534179688e-01,1.372195363044738770e+00,-1.390641778707504272e-01,1.138096675276756287e-02,1.144583523273468018e-01,1.117551699280738831e-02,-7.931180000305175781e-01,-3.213483840227127075e-02,1.292608857154846191e+00,1.502730548381805420e-01,5.391839146614074707e-02,-7.056055963039398193e-02
4.504207987338304520e-03,-2.283906750380992889e-02,7.720714807510375977e-01,-1.395214255899190903e-02,3.847946971654891968e-02,6.689671874046325684e-01,7.421640753746032715e-01,-1.868677698075771332e-02,-1.085867080837488174e-02,2.022629380226135254e-01,1.698736101388931274e-01,-2.363859862089157104e-01,4.478593543171882629e-02,-7.735432684421539307e-02,-5.519279465079307556e-02,-1.538836956024169922e-01,2.134637534618377686e-01,-2.407756298780441284e-01,9.823794662952423096e-02,-3.494964167475700378e-02,-2.183339372277259827e-02,-5.088741704821586609e-02,5.485628917813301086e-02,7.875813841819763184e-01,2.271031290292739868e-01,1.395279765129089355e+00,-1.657352298498153687e-01,1.586206071078777313e-02,1.217598095536231995e-01,8.015759289264678955e-03,-8.951675295829772949e-01,-1.116308867931365967e-01,1.330761313438415527e+00,1.847354322671890259e-01,5.807418748736381531e-02,-7.986420392990112305e-02
3.394946688786149025e-03,-2.319820970296859741e-02,7.718711495399475098e-01,-1.301773916929960251e-02,3.736633062362670898e-02,6.685445904731750488e-01,7.426186203956604004e-01,-1.571580395102500916e-02,-1.254058908671140671e-02,1.997113525867462158e-01,1.691486984491348267e-01,-2.362181395292282104e-01,3.527395799756050110e-02,-7.185335457324981689e-02,-5.663646385073661804e-02,-1.570181995630264282e-01,2.073507755994796753e-01,-2.404598444700241089e-01,9.975735843181610107e-02,-2.966876141726970673e-02,-2.052171342074871063e-02,-5.596800148487091064e-02,6.498406082391738892e-02,8.943011760711669922e-01,2.987082302570343018e-01,1.421210765838623047e+00,-1.968670487403869629e-01,1.919033378362655640e-02,1.269957423210144043e-01,3.702713176608085632e-03,-1.011648654937744141e+00,-2.008520215749740601e-01,1.371920704841613770e+00,2.310012876987457275e-01,6.262759119272232056e-02,-9.055829048156738281e-02
2.135417424142360687e-03,-2.355601638555526733e-02,7.716906666755676270e-01,-1.173936109989881516e-02,3.567845746874809265e-02,6.690385341644287109e-01,7.422780394554138184e-01,-1.343164034187793732e-02,-1.425518747419118881e-02,1.937068700790405273e-01,1.719527095556259155e-01,-2.358770668506622314e-01,2.281276881694793701e-02,-6.562261283397674561e-02,-5.827534571290016174e-02,-1.593166887760162354e-01,2.033472657203674316e-01,-2.396847903728485107e-01,1.039222180843353271e-01,-2.511769346892833710e-02,-1.966600120067596436e-02,-6.303644925355911255e-02,7.525017857551574707e-02,1.006113648414611816e+00,3.601839244365692139e-01,1.443627953529357910e+00,-2.184278964996337891e-01,2.310644276440143585e-02,1.286792457103729248e-01,-9.231382049620151520e-03,-1.132219910621643066e+00,-2.837604284286499023e-01,1.415191054344177246e+00,2.751069664955139160e-01,6.725163757801055908e-02,-9.753647446632385254e-02
1.638107234612107277e-03,-2.514798566699028015e-02,7.714329361915588379e-01,-9.637326933443546295e-03,3.354889899492263794e-02,6.698117256164550781e-01,7.417100667953491211e-01,-1.099118310958147049e-02,-1.504516415297985077e-02,1.902706325054168701e-01,1.751839667558670044e-01,-2.368736267089843750e-01,1.351534575223922729e-02,-6.069120019674301147e-02,-5.950251594185829163e-02,-1.607395708560943604e-01,2.026572078466415405e-01,-2.402536869049072266e-01,1.073659285902976990e-01,-2.286519296467304230e-02,-1.774648204445838928e-02,-6.809519976377487183e-02,8.084195107221603394e-02,1.122679829597473145e+00,4.181277155876159668e-01,1.460648059844970703e+00,-2.466896176338195801e-01,2.630551345646381378e-02,1.275690346956253052e-01,-2.318343892693519592e-02,-1.253224611282348633e+00,-3.558669090270996094e-01,1.442689180374145508e+00,3.100793063640594482e-01,6.732671707868576050e-02,-1.064893603324890137e-01
-6.362899439409375191e-04,-2.545959688723087311e-02,7.711487412452697754e-01,-9.322575293481349945e-03,3.128081187605857849e-02,6.713353991508483887e-01,7.404345870018005371e-01,-8.130706846714019775e-03,-1.573501899838447571e-02,1.874181628227233887e-01,1.755093783140182495e-01,-2.399647384881973267e-01,1.463938504457473755e-03,-5.483092367649078369e-02,-6.091475114226341248e-02,-1.658728718757629395e-01,1.993631422519683838e-01,-2.380333244800567627e-01,1.147820800542831421e-01,-2.050202898681163788e-02,-1.709011197090148926e-02,-7.325504720211029053e-02,8.206706494092941284e-02,1.244450092315673828e+00,4.732396900653839111e-01,1.472089767456054688e+00,-2.718821763992309570e-01,2.975568175315856934e-02,1.236413046717643738e-01,-4.426460713148117065e-02,-1.377386450767517090e+00,-4.216429889202117920e-01,1.463922619819641113e+00,3.415407538414001465e-01,6.815132498741149902e-02,-1.182201802730560303e-01
-2.029941417276859283e-03,-2.512485161423683167e-02,7.708459496498107910e-01,-8.686183020472526550e-03,2.936630882322788239e-02,6.713090538978576660e-01,7.405446171760559082e-01,-2.382475417107343674e-03,-1.616374030709266663e-02,1.870037466287612915e-01,1.733511835336685181e-01,-2.419583797454833984e-01,-1.013660524040460587e-02,-4.881567135453224182e-02,-6.138293072581291199e-02,-1.683668941259384155e-01,1.962553709745407104e-01,-2.370580881834030151e-01,1.202306970953941345e-01,-1.576435565948486328e-02,-1.591502502560615540e-02,-7.573912292718887329e-02,7.287709414958953857e-02,1.381746768951416016e+00,5.293009281158447266e-01,1.486145257949829102e+00,-2.938750386238098145e-01,3.231206163763999939e-02,1.109979525208473206e-01,-8.294385671615600586e-02,-1.515858411788940430e+00,-4.862359464168548584e-01,1.489959120750427246e+00,3.801765143871307373e-01,7.009702920913696289e-02,-1.204914599657058716e-01
-2.089451998472213745e-03,-2.648598887026309967e-02,7.705605030059814453e-01,-6.796315312385559082e-03,2.702300623059272766e-02,6.720462441444396973e-01,7.399847507476806641e-01,2.439881442114710808e-03,-1.535379700362682343e-02,1.871543675661087036e-01,1.729821115732192993e-01,-2.436545789241790771e-01,-2.135226316750049591e-02,-4.204933345317840576e-02,-6.167243048548698425e-02,-1.732162088155746460e-01,1.931218355894088745e-01,-2.360011637210845947e-01,1.268490254878997803e-01,-1.159109082072973251e-02,-1.310745533555746078e-02,-8.071345835924148560e-02,5.468358844518661499e-02,1.505085825920104980e+00,5.683445930480957031e-01,1.489739537239074707e+00,-3.008806407451629639e-01,3.142347931861877441e-02,1.110493689775466919e-01,-1.212135404348373413e-01,-1.634495615959167480e+00,-5.249909758567810059e-01,1.493537902832031250e+00,3.975269198417663574e-01,6.601428240537643433e-02,-1.299548596143722534e-01
-4.352199612185359001e-04,-2.624990232288837433e-02,7.703909277915954590e-01,-5.893663037568330765e-03,2.621607854962348938e-02,6.735279560089111328e-01,7.386732101440429688e-01,7.169515360146760941e-03,-1.377109065651893616e-02,1.837128847837448120e-01,1.688642948865890503e-01,-2.431145161390304565e-01,-2.977702207863330841e-02,-3.797710686922073364e-02,-6.023230031132698059e-02,-1.765690296888351440e-01,1.930888593196868896e-01,-2.369007766246795654e-01,1.279702782630920410e-01,-7.406679447740316391e-03,-1.052017882466316223e-02,-8.223954588174819946e-02,1.755961962044239044e-02,1.626007914543151855e+00,5.921221971511840820e-01,1.475002765655517578e+00,-3.067792654037475586e-01,2.650827169418334961e-02,1.080124750733375549e-01,-1.629624515771865845e-01,-1.750528931617736816e+00,-5.479707121849060059e-01,1.475969672203063965e+00,3.857693076133728027e-01,6.003228202462196350e-02,-1.377909034490585327e-01
-1.345369732007384300e-03,-2.647152915596961975e-02,7.702720165252685547e-01,-5.263254046440124512e-03,2.436383627355098724e-02,6.739580631256103516e-01,7.383490204811096191e-01,1.309763174504041672e-02,-1.341425720602273941e-02,1.845010071992874146e-01,1.637578159570693970e-01,-2.418689578771591187e-01,-3.751956671476364136e-02,-3.746426478028297424e-02,-6.091133505105972290e-02,-1.780261248350143433e-01,2.000928223133087158e-01,-2.372026890516281128e-01,1.338835954666137695e-01,-4.665990825742483139e-03,-1.124427374452352524e-02,-8.146129548549652100e-02,-2.574202418327331543e-02,1.734502792358398438e+00,6.098601818084716797e-01,1.448357462882995605e+00,-3.068726658821105957e-01,1.663511246442794800e-02,1.040495783090591431e-01,-2.013022303581237793e-01,-1.844432115554809570e+00,-5.754230022430419922e-01,1.446665644645690918e+00,3.853427469730377197e-01,5.012564361095428467e-02,-1.404898017644882202e-01
1.935915672220289707e-03,-2.470620349049568176e-02,7.701897025108337402e-01,-3.575784154236316681e-03,2.465474978089332581e-02,6.747095584869384766e-01,7.376627922058105469e-01,1.798630878329277039e-02,-1.214598864316940308e-02,1.814009696245193481e-01,1.635102927684783936e-01,-2.389195710420608521e-01,-4.185529425740242004e-02,-3.674787282943725586e-02,-6.107671186327934265e-02,-1.806444078683853149e-01,2.106839120388031006e-01,-2.434958964586257935e-01,1.394412666559219360e-01,-4.673670046031475067e-03,-1.210295967757701874e-02,-7.348929345607757568e-02,-6.095623597502708435e-02,1.828801512718200684e+00,6.287227869033813477e-01,1.417711615562438965e+00,-3.118706941604614258e-01,1.110576186329126358e-02,1.057759597897529602e-01,-2.177241742610931396e-01,-1.924407005310058594e+00,-6.112691164016723633e-01,1.415875911712646484e+00,3.766359090805053711e-01,4.276695474982261658e-02,-1.448677480220794678e-01
3.610614920035004616e-03,-2.475186437368392944e-02,7.700971961021423340e-01,-1.039220951497554779e-03,2.306420914828777313e-02,6.758824586868286133e-01,7.366477251052856445e-01,2.486009337007999420e-02,-1.175008155405521393e-02,1.788989901542663574e-01,1.623022556304931641e-01,-2.377482950687408447e-01,-4.472862184047698975e-02,-3.277169167995452881e-02,-6.170025095343589783e-02,-1.830163747072219849e-01,2.180177569389343262e-01,-2.476252913475036621e-01,1.452203094959259033e-01,-5.511679220944643021e-03,-1.078538782894611359e-02,-6.358112394809722900e-02,-8.235364407300949097e-02,1.917397379875183105e+00,6.672005653381347656e-01,1.381949663162231445e+00,-2.987888157367706299e-01,3.899986157193779945e-03,1.142892166972160339e-01,-2.051537781953811646e-01,-2.002409219741821289e+00,-6.688399910926818848e-01,1.375102400779724121e+00,3.517261445522308350e-01,3.167278692126274109e-02,-1.495193839073181152e-01
5.024497862905263901e-03,-2.504363283514976501e-02,7.700086832046508789e-01,1.596128568053245544e-03,2.069995179772377014e-02,6.780692934989929199e-01,7.347047328948974609e-01,3.153631091117858887e-02,-1.031364779919385910e-02,1.775483042001724243e-01,1.630782634019851685e-01,-2.373461425304412842e-01,-5.007724463939666748e-02,-2.843022719025611877e-02,-6.271804124116897583e-02,-1.894579529762268066e-01,2.282479554414749146e-01,-2.516872882843017578e-01,1.484781801700592041e-01,-1.005035545676946640e-02,-8.285515010356903076e-03,-5.206792056560516357e-02,-7.801564782857894897e-02,1.994780182838439941e+00,7.273449897766113281e-01,1.350457429885864258e+00,-3.016440272331237793e-01,-1.430758973583579063e-03,1.185488775372505188e-01,-1.723530590534210205e-01,-2.075726747512817383e+00,-7.603582739830017090e-01,1.346404910087585449e+00,3.530456125736236572e-01,2.575418725609779358e-02,-1.594734638929367065e-01
6.113970186561346054e-03,-2.425893396139144897e-02,7.700004577636718750e-01,4.537878558039665222e-03,1.783252879977226257e-02,6.797120571136474609e-01,7.332481741905212402e-01,4.186914488673210144e-02,-9.938691742718219757e-03,1.727248877286911011e-01,1.625386327505111694e-01,-2.354518473148345947e-01,-5.103546380996704102e-02,-1.869859173893928528e-02,-6.310823559761047363e-02,-1.937667727470397949e-01,2.325124293565750122e-01,-2.532361745834350586e-01,1.515277922153472900e-01,-2.308715507388114929e-02,3.023536992259323597e-04,-5.954713001847267151e-02,1.065695956349372864e-01,2.078282117843627930e+00,9.273890256881713867e-01,1.364848732948303223e+00,-2.985038757324218750e-01,-5.027213133871555328e-03,1.256406903266906738e-01,7.883042842149734497e-02,-2.181542873382568359e+00,-1.046257138252258301e+00,1.371886491775512695e+00,3.576608002185821533e-01,2.012458816170692444e-02,-1.831938177347183228e-01
6.791833322495222092e-03,-2.285313606262207031e-02,7.700173854827880859e-01,5.460881628096103668e-03,1.637458242475986481e-02,6.818925142288208008e-01,7.312487363815307617e-01,4.562458768486976624e-02,-7.439808454364538193e-03,1.748822927474975586e-01,1.664248406887054443e-01,-2.360171973705291748e-01,-5.573001876473426819e-02,-1.499801222234964371e-02,-6.343218684196472168e-02,-1.983561366796493530e-01,2.401138097047805786e-01,-2.544194161891937256e-01,1.548256576061248779e-01,-2.588700130581855774e-02,1.886606216430664062e-03,-6.478313356637954712e-02,1.425276100635528564e-01,2.154357671737670898e+00,9.974978566169738770e-01,1.336131453514099121e+00,-2.904088497161865234e-01,-1.858251169323921204e-02,1.434609591960906982e-01,1.154346689581871033e-01,-2.251494884490966797e+00,-1.129800915718078613e+00,1.340744733810424805e+00,3.679495155811309814e-01,4.802040290087461472e-03,-2.060560733079910278e-01
6.832133047282695770e-03,-2.263505384325981140e-02,7.700783014297485352e-01,6.501479540020227432e-03,1.450612116605043411e-02,6.832858920097351074e-01,7.299778461456298828e-01,4.722701013088226318e-02,-5.340496543794870377e-03,1.756836324930191040e-01,1.731341779232025146e-01,-2.387718707323074341e-01,-5.779758095741271973e-02,-1.222883909940719604e-02,-6.402587145566940308e-02,-2.032621502876281738e-01,2.470518797636032104e-01,-2.541190683841705322e-01,1.569644510746002197e-01,-2.550005353987216949e-02,-1.791266910731792450e-02,-6.893778592348098755e-02,1.913278847932815552e-01,2.249684810638427734e+00,1.070554852485656738e+00,1.303782463073730469e+00,-2.745918333530426025e-01,-3.097994998097419739e-02,1.589052081108093262e-01,1.530341804027557373e-01,-2.251499891281127930e+00,-1.195799827575683594e+00,1.275857329368591309e+00,3.758825659751892090e-01,-1.804837957024574280e-02,-2.308950871229171753e-01
6.718286313116550446e-03,-2.392547391355037689e-02,7.702135443687438965e-01,7.772088982164859772e-03,1.329561229795217514e-02,6.844747662544250488e-01,7.288738489151000977e-01,4.753894731402397156e-02,-5.237309262156486511e-03,1.758587956428527832e-01,1.757254451513290405e-01,-2.382864952087402344e-01,-5.969324707984924316e-02,-1.143435481935739517e-02,-6.580784916877746582e-02,-2.071122825145721436e-01,2.513903379440307617e-01,-2.535818517208099365e-01,1.594841480255126953e-01,-2.386127039790153503e-02,-1.630839891731739044e-02,-7.307023555040359497e-02,2.311666011810302734e-01,2.251499891281127930e+00,1.129109025001525879e+00,1.224749803543090820e+00,-2.469628304243087769e-01,-5.043623223900794983e-02,1.877719610929489136e-01,1.841650456190109253e-01,-2.251499891281127930e+00,-1.245911359786987305e+00,1.184952616691589355e+00,3.735040128231048584e-01,-4.089825227856636047e-02,-2.575767636299133301e-01
6.143350619822740555e-03,-2.399286627769470215e-02,7.703745365142822266e-01,7.616481743752956390e-03,1.238990668207406998e-02,6.856023073196411133e-01,7.278310060501098633e-01,4.651925712823867798e-02,-4.082574509084224701e-03,1.754849851131439209e-01,1.793723255395889282e-01,-2.396387010812759399e-01,-5.769838392734527588e-02,-1.219680812209844589e-02,-6.592289358377456665e-02,-2.080484926700592041e-01,2.564860582351684570e-01,-2.524923682212829590e-01,1.588683426380157471e-01,-2.105693705379962921e-02,-1.322889979928731918e-02,-7.665444910526275635e-02,2.538921833038330078e-01,2.251499891281127930e+00,1.168358683586120605e+00,1.140254139900207520e+00,-2.205730080604553223e-01,-5.956559255719184875e-02,2.161087393760681152e-01,2.043602019548416138e-01,-2.251499891281127930e+00,-1.286682486534118652e+00,1.090059876441955566e+00,3.738337457180023193e-01,-5.992138013243675232e-02,-2.923072278499603271e-01
6.583590060472488403e-03,-2.493868209421634674e-02,7.703757286071777344e-01,8.566511794924736023e-03,1.141079328954219818e-02,6.870325803756713867e-01,7.264865040779113770e-01,4.615601524710655212e-02,-3.259388031437993050e-03,1.742290109395980835e-01,1.826153695583343506e-01,-2.413971126079559326e-01,-5.628192052245140076e-02,-1.269548758864402771e-02,-6.631801277399063110e-02,-2.093349993228912354e-01,2.627481818199157715e-01,-2.544305920600891113e-01,1.575019806623458862e-01,-2.024694345891475677e-02,-1.094596181064844131e-02,-7.479310780763626099e-02,2.663132548332214355e-01,2.251499891281127930e+00,1.207131743431091309e+00,1.053226232528686523e+00,-1.937393397092819214e-01,-7.015375792980194092e-02,2.422631084918975830e-01,2.197354435920715332e-01,-2.251499891281127930e+00,-1.324294924736022949e+00,9.993681907653808594e-01,3.530102074146270752e-01,-7.607360929250717163e-02,-3.181737959384918213e-01
7.347686216235160828e-03,-2.626758441329002380e-02,7.703987360000610352e-01,1.013176888227462769e-02,1.017661392688751221e-02,6.880902647972106934e-01,7.254830002784729004e-01,4.648147150874137878e-02,-2.096364274621009827e-03,1.752631962299346924e-01,1.866777986288070679e-01,-2.420456111431121826e-01,-5.577480420470237732e-02,-1.272887550294399261e-02,-6.672582775354385376e-02,-2.104107141494750977e-01,2.694464027881622314e-01,-2.564620971679687500e-01,1.556991338729858398e-01,-2.019132487475872040e-02,-9.531704708933830261e-03,-7.182712852954864502e-02,2.716445922851562500e-01,2.251499891281127930e+00,1.234564065933227539e+00,9.622831344604492188e-01,-1.586950868368148804e-01,-8.046822249889373779e-02,2.707505524158477783e-01,2.321885079145431519e-01,-2.251499891281127930e+00,-1.351606845855712891e+00,9.017460942268371582e-01,3.271822631359100342e-01,-8.936511725187301636e-02,-3.417883217334747314e-01
7.272520568221807480e-03,-2.614031732082366943e-02,7.704228758811950684e-01,1.050102710723876953e-02,9.294879622757434845e-03,6.890882849693298340e-01,7.245416641235351562e-01,4.702376201748847961e-02,-1.315590343438088894e-03,1.743252128362655640e-01,1.894475519657135010e-01,-2.433660030364990234e-01,-5.385068431496620178e-02,-1.336626149713993073e-02,-6.716391444206237793e-02,-2.114951163530349731e-01,2.767654061317443848e-01,-2.580425739288330078e-01,1.547350138425827026e-01,-2.010687254369258881e-02,-9.038112126290798187e-03,-6.746114790439605713e-02,2.751120924949645996e-01,2.251499891281127930e+00,1.256859302520751953e+00,8.702539205551147461e-01,-1.220271810889244080e-01,-8.974084258079528809e-02,3.031523525714874268e-01,2.426238656044006348e-01,-2.251499891281127930e+00,-1.375517249107360840e+00,8.034940361976623535e-01,2.994944453239440918e-01,-1.006495282053947449e-01,-3.658023476600646973e-01
6.649986840784549713e-03,-2.662570774555206299e-02,7.704054713249206543e-01,1.060123182833194733e-02,8.384158834815025330e-03,6.896965503692626953e-01,7.239723801612854004e-01,4.728745669126510620e-02,-8.581134025007486343e-04,1.746212095022201538e-01,1.904644668102264404e-01,-2.452237159013748169e-01,-5.150638893246650696e-02,-1.418400742113590240e-02,-6.754925847053527832e-02,-2.123638689517974854e-01,2.812156677246093750e-01,-2.585249841213226318e-01,1.554304659366607666e-01,-2.157534472644329071e-02,-6.899440195411443710e-03,-6.413221359252929688e-02,2.763502001762390137e-01,2.251499891281127930e+00,1.278432846069335938e+00,7.845882177352905273e-01,-8.434122800827026367e-02,-9.610461443662643433e-02,3.330117166042327881e-01,2.500493228435516357e-01,-2.251499891281127930e+00,-1.396867632865905762e+00,7.094689607620239258e-01,2.704264521598815918e-01,-1.093647405505180359e-01,-3.891594409942626953e-01
6.505373399704694748e-03,-2.610727772116661072e-02,7.703974246978759766e-01,1.059108600020408630e-02,7.855612784624099731e-03,6.908838152885437012e-01,7.228455543518066406e-01,4.735358059406280518e-02,-5.929002654738724232e-04,1.715473234653472900e-01,1.927269846200942993e-01,-2.475016713142395020e-01,-4.883508756756782532e-02,-1.290364656597375870e-02,-6.708582490682601929e-02,-2.116271704435348511e-01,2.831499576568603516e-01,-2.596345841884613037e-01,1.539275199174880981e-01,-2.107170224189758301e-02,-4.746779333800077438e-03,-5.581680312752723694e-02,2.790558338165283203e-01,2.251499891281127930e+00,1.306481361389160156e+00,7.026103138923645020e-01,-5.009274557232856750e-02,-1.008906140923500061e-01,3.678470849990844727e-01,2.602153122425079346e-01,-2.251499891281127930e+00,-1.423771977424621582e+00,6.193249225616455078e-01,2.446730434894561768e-01,-1.166592836380004883e-01,-4.122890830039978027e-01
6.073447410017251968e-03,-2.552267536520957947e-02,7.703666687011718750e-01,1.087892800569534302e-02,6.835209205746650696e-03,6.916385293006896973e-01,7.221295237541198730e-01,4.750504717230796814e-02,-5.204926128499209881e-04,1.672684699296951294e-01,1.978769153356552124e-01,-2.512671947479248047e-01,-4.363993182778358459e-02,-1.115248445421457291e-02,-6.644469499588012695e-02,-2.087231427431106567e-01,2.862564921379089355e-01,-2.607320547103881836e-01,1.517227888107299805e-01,-2.016213349997997284e-02,-3.458680352196097374e-03,-4.697721078991889954e-02,2.860633730888366699e-01,2.251499891281127930e+00,1.339086413383483887e+00,6.192923784255981445e-01,-1.633316278457641602e-02,-1.058748215436935425e-01,4.038213789463043213e-01,2.722629904747009277e-01,-2.251499891281127930e+00,-1.454383730888366699e+00,5.292237401008605957e-01,2.255213856697082520e-01,-1.232360675930976868e-01,-4.332356452941894531e-01
6.899713072925806046e-03,-2.442436106503009796e-02,7.703291177749633789e-01,1.116575673222541809e-02,6.942479871213436127e-03,6.919612884521484375e-01,7.218148708343505859e-01,4.752663150429725647e-02,-4.476096946746110916e-04,1.626796275377273560e-01,2.014708518981933594e-01,-2.531732916831970215e-01,-4.166646301746368408e-02,-9.694747626781463623e-03,-6.555556505918502808e-02,-2.063264697790145874e-01,2.875005900859832764e-01,-2.626152634620666504e-01,1.512377262115478516e-01,-2.018518932163715363e-02,-2.690097782760858536e-03,-3.913943096995353699e-02,2.977960109710693359e-01,2.251499891281127930e+00,1.373148798942565918e+00,5.472535490989685059e-01,1.347881834954023361e-02,-1.080498993396759033e-01,4.390137493610382080e-01,2.855136990547180176e-01,-2.251499891281127930e+00,-1.484073758125305176e+00,4.505585134029388428e-01,1.987019479274749756e-01,-1.263509988784790039e-01,-4.564940631389617920e-01
6.011113058775663376e-03,-2.450893074274063110e-02,7.702953815460205078e-01,1.110412366688251495e-02,5.777692422270774841e-03,6.924654841423034668e-01,7.213424444198608398e-01,4.832572117447853088e-02,-3.806321474257856607e-04,1.584299951791763306e-01,2.025483995676040649e-01,-2.554976344108581543e-01,-4.168055579066276550e-02,-6.883802823722362518e-03,-6.474401801824569702e-02,-2.060676664113998413e-01,2.856184244155883789e-01,-2.617285251617431641e-01,1.542082428932189941e-01,-2.164301648736000061e-02,-1.051057130098342896e-03,-3.555380180478096008e-02,3.043124377727508545e-01,2.251499891281127930e+00,1.405934691429138184e+00,4.752832651138305664e-01,4.577189683914184570e-02,-1.075870841741561890e-01,4.735208749771118164e-01,2.923006713390350342e-01,-2.251499891281127930e+00,-1.511081099510192871e+00,3.695636093616485596e-01,1.635847687721252441e-01,-1.261028647422790527e-01,-4.797746241092681885e-01
5.975309759378433228e-03,-2.398234792053699493e-02,7.702507376670837402e-01,1.071078516542911530e-02,5.644835066050291061e-03,6.930881738662719727e-01,7.207511067390441895e-01,4.779864847660064697e-02,-1.888391707325354218e-04,1.542618423700332642e-01,2.037742435932159424e-01,-2.578939199447631836e-01,-3.964693471789360046e-02,-6.190301850438117981e-03,-6.365719437599182129e-02,-2.044911980628967285e-01,2.853477895259857178e-01,-2.620543837547302246e-01,1.542411148548126221e-01,-2.355710975825786591e-02,2.121827565133571625e-03,-2.926431782543659210e-02,3.139522969722747803e-01,2.251499891281127930e+00,1.439703702926635742e+00,4.051620662212371826e-01,6.796514242887496948e-02,-1.072539761662483215e-01,5.068685412406921387e-01,3.020163774490356445e-01,-2.251499891281127930e+00,-1.539072394371032715e+00,2.921627163887023926e-01,1.366293728351593018e-01,-1.257594674825668335e-01,-5.050074458122253418e-01
5.588012281805276871e-03,-2.328587695956230164e-02,7.702053785324096680e-01,9.807027876377105713e-03,5.746122915297746658e-03,6.939824819564819336e-01,7.199021577835083008e-01,4.702949151396751404e-02,1.309466551902005449e-05,1.512725800275802612e-01,2.034374773502349854e-01,-2.601838409900665283e-01,-3.888121619820594788e-02,-5.082796793431043625e-03,-6.260074675083160400e-02,-2.039359509944915771e-01,2.826329171657562256e-01,-2.620062828063964844e-01,1.548093259334564209e-01,-2.553743124008178711e-02,5.377459339797496796e-03,-2.431793697178363800e-02,3.236614763736724854e-01,2.251499891281127930e+00,1.475122570991516113e+00,3.347188532352447510e-01,9.162453562021255493e-02,-1.078642606735229492e-01,5.378212332725524902e-01,3.121587038040161133e-01,-2.251499891281127930e+00,-1.568809986114501953e+00,2.148702144622802734e-01,1.102682277560234070e-01,-1.267412602901458740e-01,-5.267452001571655273e-01
5.069233011454343796e-03,-2.323111146688461304e-02,7.701244950294494629e-01,9.573653340339660645e-03,4.938479978591203690e-03,6.942808032035827637e-01,7.196235656738281250e-01,4.779357463121414185e-02,6.867338088341057301e-04,1.499067544937133789e-01,2.039025425910949707e-01,-2.636643350124359131e-01,-3.761807084083557129e-02,-3.810783848166465759e-03,-6.130398064851760864e-02,-2.020627707242965698e-01,2.821856439113616943e-01,-2.620401680469512939e-01,1.557315886020660400e-01,-2.740835957229137421e-02,7.443798240274190903e-03,-1.798654161393642426e-02,3.356083035469055176e-01,2.251499891281127930e+00,1.512169480323791504e+00,2.671974301338195801e-01,1.050878912210464478e-01,-1.093295365571975708e-01,5.667581558227539062e-01,3.261428773403167725e-01,-2.251499891281127930e+00,-1.601477622985839844e+00,1.434998363256454468e-01,9.533092379570007324e-02,-1.279801577329635620e-01,-5.463790297508239746e-01
4.550606943666934967e-03,-2.322226203978061676e-02,7.701109051704406738e-01,9.257134981453418732e-03,4.270584322512149811e-03,6.941483020782470703e-01,7.197598218917846680e-01,4.864254966378211975e-02,1.196442986838519573e-03,1.489959657192230225e-01,2.035966962575912476e-01,-2.663566172122955322e-01,-3.466178849339485168e-02,-3.135737730190157890e-03,-6.003934890031814575e-02,-2.002125382423400879e-01,2.815333902835845947e-01,-2.607515752315521240e-01,1.557510942220687866e-01,-2.946162596344947815e-02,1.007676869630813599e-02,-1.280831079930067062e-02,3.493197560310363770e-01,2.251499891281127930e+00,1.546616077423095703e+00,2.101493924856185913e-01,1.244993880391120911e-01,-1.085470691323280334e-01,5.905944108963012695e-01,3.398378193378448486e-01,-2.251499891281127930e+00,-1.633158802986145020e+00,7.659499347209930420e-02,7.191926240921020508e-02,-1.264455914497375488e-01,-5.650922656059265137e-01
4.344039130955934525e-03,-2.334380522370338440e-02,7.700724005699157715e-01,9.820429608225822449e-03,3.404486225917935371e-03,6.936064362525939941e-01,7.202791571617126465e-01,4.991072043776512146e-02,1.381451729685068130e-03,1.485542356967926025e-01,2.058576047420501709e-01,-2.678996920585632324e-01,-3.360839188098907471e-02,-1.412376645021140575e-03,-5.962973088026046753e-02,-1.987030059099197388e-01,2.816369533538818359e-01,-2.606359422206878662e-01,1.566944271326065063e-01,-3.127078339457511902e-02,1.067003235220909119e-02,-7.658989168703556061e-03,3.665921986103057861e-01,2.251499891281127930e+00,1.582047104835510254e+00,1.602388322353363037e-01,1.345085054636001587e-01,-1.099646314978599548e-01,6.079168915748596191e-01,3.559402227401733398e-01,-2.251499891281127930e+00,-1.664814472198486328e+00,1.634579896926879883e-02,5.514527857303619385e-02,-1.241607591509819031e-01,-5.770375132560729980e-01
4.366603214293718338e-03,-2.398840151727199554e-02,7.700213789939880371e-01,1.070448849350214005e-02,2.508949721232056618e-03,6.929423213005065918e-01,7.209092378616333008e-01,5.202247947454452515e-02,1.541734091006219387e-03,1.489567756652832031e-01,2.059887349605560303e-01,-2.684333026409149170e-01,-3.439139947295188904e-02,4.321645828895270824e-04,-5.949119478464126587e-02,-1.984865367412567139e-01,2.811765074729919434e-01,-2.609239518642425537e-01,1.576303839683532715e-01,-3.338173031806945801e-02,1.117472723126411438e-02,-7.902277633547782898e-03,3.821929097175598145e-01,2.251499891281127930e+00,1.606953859329223633e+00,1.192831546068191528e-01,1.480420231819152832e-01,-1.114500910043716431e-01,6.166357398033142090e-01,3.671583533287048340e-01,-2.251499891281127930e+00,-1.687188982963562012e+00,-3.350663185119628906e-02,2.678003907203674316e-02,-1.180260404944419861e-01,-5.827878713607788086e-01
4.197909496724605560e-03,-2.396198362112045288e-02,7.699881196022033691e-01,1.105070300400257111e-02,1.892715692520141602e-03,6.929805874824523926e-01,7.208690643310546875e-01,5.380531772971153259e-02,1.414772938005626202e-03,1.474981307983398438e-01,2.054982930421829224e-01,-2.693977355957031250e-01,-3.340415284037590027e-02,2.375069539994001389e-03,-5.894360318779945374e-02,-1.968742758035659790e-01,2.802700996398925781e-01,-2.609136700630187988e-01,1.580087244510650635e-01,-3.572557494044303894e-02,1.168726105242967606e-02,-6.231035571545362473e-03,3.939831554889678955e-01,2.251499891281127930e+00,1.632864832878112793e+00,7.725704461336135864e-02,1.599672585725784302e-01,-1.128261908888816833e-01,6.289496421813964844e-01,3.757028877735137939e-01,-2.251499891281127930e+00,-1.710472583770751953e+00,-8.338833600282669067e-02,7.726358599029481411e-04,-1.138835847377777100e-01,-5.925430655479431152e-01
4.024168942123651505e-03,-2.373470738530158997e-02,7.699581980705261230e-01,1.161953527480363846e-02,1.246425206772983074e-03,6.931104063987731934e-01,7.207366824150085449e-01,5.599626153707504272e-02,1.122390502132475376e-03,1.471402645111083984e-01,2.056581079959869385e-01,-2.703481316566467285e-01,-3.156565502285957336e-02,4.537763074040412903e-03,-5.892346799373626709e-02,-1.957690864801406860e-01,2.806118130683898926e-01,-2.619170546531677246e-01,1.557935476303100586e-01,-3.716007620096206665e-02,1.200080104172229767e-02,-3.812096314504742622e-03,4.066094160079956055e-01,2.251499891281127930e+00,1.654821634292602539e+00,4.450155794620513916e-02,1.711467802524566650e-01,-1.112713888287544250e-01,6.366256475448608398e-01,3.862784206867218018e-01,-2.251499891281127930e+00,-1.730935811996459961e+00,-1.245976537466049194e-01,-1.819634623825550079e-02,-1.106486245989799500e-01,-5.981863141059875488e-01
4.290198907256126404e-03,-2.424593083560466766e-02,7.698999047279357910e-01,1.255433168262243271e-02,4.023411602247506380e-04,6.934134364128112793e-01,7.204304337501525879e-01,5.819134041666984558e-02,1.098855165764689445e-03,1.457125395536422729e-01,2.051192671060562134e-01,-2.706723809242248535e-01,-3.129430860280990601e-02,6.816918496042490005e-03,-5.866699293255805969e-02,-1.956882625818252563e-01,2.805615663528442383e-01,-2.626380026340484619e-01,1.557249128818511963e-01,-3.773109987378120422e-02,1.214432902634143829e-02,-2.476005116477608681e-03,4.195316135883331299e-01,2.251499891281127930e+00,1.673282861709594727e+00,1.384782791137695312e-02,1.835203021764755249e-01,-1.094556301832199097e-01,6.438552737236022949e-01,3.966774344444274902e-01,-2.251499891281127930e+00,-1.748337626457214355e+00,-1.603707820177078247e-01,-3.482664376497268677e-02,-1.059317067265510559e-01,-6.022250056266784668e-01
3.583879442885518074e-03,-2.372427470982074738e-02,7.698786258697509766e-01,1.255550235509872437e-02,-1.228856126544997096e-04,6.933276057243347168e-01,7.205131649971008301e-01,6.061700358986854553e-02,3.784248838201165199e-04,1.440971493721008301e-01,2.034173011779785156e-01,-2.715280652046203613e-01,-2.991688810288906097e-02,7.916876114904880524e-03,-5.837759375572204590e-02,-1.926095634698867798e-01,2.812174558639526367e-01,-2.629457712173461914e-01,1.543392539024353027e-01,-3.968792036175727844e-02,1.180903613567352295e-02,-1.307077589444816113e-03,4.301981031894683838e-01,2.251499891281127930e+00,1.688224792480468750e+00,-1.086322218179702759e-02,1.969891637563705444e-01,-1.037497520446777344e-01,6.522272229194641113e-01,4.059733152389526367e-01,-2.251499891281127930e+00,-1.762918114662170410e+00,-1.892558783292770386e-01,-5.000500753521919250e-02,-1.017853692173957825e-01,-6.076186299324035645e-01
3.615981200709939003e-03,-2.400035597383975983e-02,7.698758244514465332e-01,1.314743049442768097e-02,-5.770097486674785614e-04,6.931668519973754883e-01,7.206569910049438477e-01,6.208585202693939209e-02,9.863004379440099001e-05,1.439662873744964600e-01,2.030181437730789185e-01,-2.708863317966461182e-01,-2.887940779328346252e-02,8.698333054780960083e-03,-5.864492058753967285e-02,-1.924351453781127930e-01,2.821269333362579346e-01,-2.630176544189453125e-01,1.552446931600570679e-01,-4.009909555315971375e-02,1.106852572411298752e-02,2.176743000745773315e-03,4.421013295650482178e-01,2.251499891281127930e+00,1.707181215286254883e+00,-3.347934409976005554e-02,2.046111524105072021e-01,-9.990945458412170410e-02,6.620628237724304199e-01,4.181775748729705811e-01,-2.251499891281127930e+00,-1.780889511108398438e+00,-2.141534388065338135e-01,-5.543928593397140503e-02,-9.915007650852203369e-02,-6.144408583641052246e-01
3.304724814370274544e-03,-2.400300838053226471e-02,7.698238492012023926e-01,1.358674746006727219e-02,-1.179747167043387890e-03,6.935426592826843262e-01,7.202864885330200195e-01,6.357781589031219482e-02,-2.053469215752556920e-04,1.434788852930068970e-01,2.031394392251968384e-01,-2.716630697250366211e-01,-2.916242741048336029e-02,9.831989184021949768e-03,-5.918387696146965027e-02,-1.927887648344039917e-01,2.837500572204589844e-01,-2.636151313781738281e-01,1.563985943794250488e-01,-3.973941877484321594e-02,1.090737804770469666e-02,4.116356838494539261e-03,4.539760351181030273e-01,2.251499891281127930e+00,1.722750902175903320e+00,-5.176491662859916687e-02,2.139011919498443604e-01,-9.564174711704254150e-02,6.674577593803405762e-01,4.300814867019653320e-01,-2.251499891281127930e+00,-1.796522140502929688e+00,-2.342482060194015503e-01,-6.131418049335479736e-02,-9.637695550918579102e-02,-6.165150403976440430e-01
3.769869450479745865e-03,-2.429813891649246216e-02,7.698087692260742188e-01,1.406555436551570892e-02,-1.377599546685814857e-03,6.937443614006042480e-01,7.200826406478881836e-01,6.430388242006301880e-02,1.708649797365069389e-04,1.439248174428939819e-01,2.029256969690322876e-01,-2.712945640087127686e-01,-3.032351657748222351e-02,1.071033626794815063e-02,-5.907397717237472534e-02,-1.934930384159088135e-01,2.836727797985076904e-01,-2.640151381492614746e-01,1.565610021352767944e-01,-3.964574635028839111e-02,1.006541494280099869e-02,5.145191214978694916e-03,4.645462036132812500e-01,2.251499891281127930e+00,1.736420035362243652e+00,-6.363088637590408325e-02,2.218441963195800781e-01,-9.082044661045074463e-02,6.704240441322326660e-01,4.415681958198547363e-01,-2.251499891281127930e+00,-1.810217738151550293e+00,-2.505450248718261719e-01,-6.644610315561294556e-02,-9.317236393690109253e-02,-6.166077852249145508e-01
4.135283175855875015e-03,-2.394300512969493866e-02,7.698174118995666504e-01,1.408957224339246750e-02,-1.208943664096295834e-03,6.938073039054870605e-01,7.200218439102172852e-01,6.500803679227828979e-02,4.544629191514104605e-04,1.443755179643630981e-01,2.020983546972274780e-01,-2.706354558467864990e-01,-3.100161254405975342e-02,1.154339965432882309e-02,-5.895972996950149536e-02,-1.946211904287338257e-01,2.829507291316986084e-01,-2.644376158714294434e-01,1.564177572727203369e-01,-4.021393507719039917e-02,9.531119838356971741e-03,5.209712311625480652e-03,4.734254181385040283e-01,2.251499891281127930e+00,1.749764084815979004e+00,-7.493022084236145020e-02,2.280591428279876709e-01,-8.591670542955398560e-02,6.768441200256347656e-01,4.519863724708557129e-01,-2.251499891281127930e+00,-1.823237895965576172e+00,-2.647962868213653564e-01,-6.710568815469741821e-02,-9.122306108474731445e-02,-6.178514957427978516e-01
3.901693969964981079e-03,-2.407812140882015228e-02,7.698212265968322754e-01,1.413446106016635895e-02,-1.511294743977487087e-03,6.939663887023925781e-01,7.198671102523803711e-01,6.596313416957855225e-02,4.387955414131283760e-04,1.445495635271072388e-01,2.006636410951614380e-01,-2.703551650047302246e-01,-3.015731833875179291e-02,1.213394012302160263e-02,-5.907415971159934998e-02,-1.955941021442413330e-01,2.827554345130920410e-01,-2.640807628631591797e-01,1.561308205127716064e-01,-4.069019854068756104e-02,9.642686694860458374e-03,5.356966983526945114e-03,4.819180071353912354e-01,2.251499891281127930e+00,1.759480118751525879e+00,-8.423792570829391479e-02,2.360074669122695923e-01,-8.054898679256439209e-02,6.824615597724914551e-01,4.615823328495025635e-01,-2.251499891281127930e+00,-1.833688259124755859e+00,-2.738548219203948975e-01,-7.058161497116088867e-02,-8.833907544612884521e-02,-6.192840337753295898e-01
3.835791489109396935e-03,-2.387509495019912720e-02,7.698466777801513672e-01,1.419705618172883987e-02,-1.690457342192530632e-03,6.942755579948425293e-01,7.195672392845153809e-01,6.675561517477035522e-02,3.948878438677638769e-04,1.438388973474502563e-01,2.001635879278182983e-01,-2.698231637477874756e-01,-3.006845898926258087e-02,1.289666164666414261e-02,-5.911787971854209900e-02,-1.960392594337463379e-01,2.830637991428375244e-01,-2.640651762485504150e-01,1.560962945222854614e-01,-4.120647907257080078e-02,8.960096165537834167e-03,5.152265075594186783e-03,4.888146221637725830e-01,2.251499891281127930e+00,1.767241120338439941e+00,-9.236735850572586060e-02,2.411863356828689575e-01,-7.614199072122573853e-02,6.851205825805664062e-01,4.692070484161376953e-01,-2.251499891281127930e+00,-1.842427968978881836e+00,-2.812587022781372070e-01,-7.347521930932998657e-02,-8.650951087474822998e-02,-6.189228892326354980e-01
3.410320961847901344e-03,-2.362219616770744324e-02,7.698556780815124512e-01,1.428166031837463379e-02,-2.062717452645301819e-03,6.943725943565368652e-01,7.194709777832031250e-01,6.781513988971710205e-02,2.189529477618634701e-04,1.437609791755676270e-01,2.001653909683227539e-01,-2.696173489093780518e-01,-3.076118789613246918e-02,1.368621271103620529e-02,-5.939685553312301636e-02,-1.957615166902542114e-01,2.838374078273773193e-01,-2.638601958751678467e-01,1.569277048110961914e-01,-4.242181405425071716e-02,8.540199138224124908e-03,5.673569627106189728e-03,4.950515329837799072e-01,2.251499891281127930e+00,1.774667382240295410e+00,-9.965131431818008423e-02,2.424959689378738403e-01,-7.418583333492279053e-02,6.858198046684265137e-01,4.755447506904602051e-01,-2.251499891281127930e+00,-1.850014567375183105e+00,-2.868061065673828125e-01,-7.422239333391189575e-02,-8.638233691453933716e-02,-6.164106726646423340e-01
3.394768573343753815e-03,-2.336819656193256378e-02,7.698677778244018555e-01,1.451534591615200043e-02,-2.358088502660393715e-03,6.945031881332397461e-01,7.193393111228942871e-01,6.894013285636901855e-02,1.828657113946974277e-04,1.427642554044723511e-01,2.002057135105133057e-01,-2.691912353038787842e-01,-3.166904672980308533e-02,1.485040877014398575e-02,-5.944171547889709473e-02,-1.959556341171264648e-01,2.842739820480346680e-01,-2.639716565608978271e-01,1.575763672590255737e-01,-4.242336377501487732e-02,7.615715265274047852e-03,6.676667369902133942e-03,5.002020597457885742e-01,2.251499891281127930e+00,1.781321048736572266e+00,-1.045079305768013000e-01,2.427719682455062866e-01,-7.273196429014205933e-02,6.865243911743164062e-01,4.804310500621795654e-01,-2.251499891281127930e+00,-1.856765270233154297e+00,-2.918777465820312500e-01,-7.311486452817916870e-02,-8.683023601770401001e-02,-6.146162748336791992e-01
3.454093122854828835e-03,-2.338251844048500061e-02,7.698769569396972656e-01,1.498451549559831619e-02,-2.657593693584203720e-03,6.944100260734558105e-01,7.194185853004455566e-01,6.997592002153396606e-02,1.147853545262478292e-04,1.430770009756088257e-01,2.006249576807022095e-01,-2.684570252895355225e-01,-3.273674473166465759e-02,1.589063555002212524e-02,-5.975864827632904053e-02,-1.962432861328125000e-01,2.847166359424591064e-01,-2.643286287784576416e-01,1.572998166084289551e-01,-4.306882247328758240e-02,6.604334805160760880e-03,7.692831568419933319e-03,5.049986839294433594e-01,2.251499891281127930e+00,1.786818861961364746e+00,-1.077057570219039917e-01,2.440786808729171753e-01,-7.119157910346984863e-02,6.875082254409790039e-01,4.844472408294677734e-01,-2.251499891281127930e+00,-1.861672401428222656e+00,-2.963508367538452148e-01,-7.431258261203765869e-02,-8.623801916837692261e-02,-6.139318943023681641e-01
3.605186473578214645e-03,-2.326890267431735992e-02,7.698752284049987793e-01,1.531450357288122177e-02,-2.691235160455107689e-03,6.943864822387695312e-01,7.194342017173767090e-01,7.051095366477966309e-02,-1.477084151702001691e-04,1.427075415849685669e-01,2.010188549757003784e-01,-2.678550183773040771e-01,-3.331812098622322083e-02,1.649748347699642181e-02,-5.995482206344604492e-02,-1.956598460674285889e-01,2.850372493267059326e-01,-2.650068402290344238e-01,1.569324880838394165e-01,-4.332339763641357422e-02,5.360487382858991623e-03,8.444306440651416779e-03,5.085718035697937012e-01,2.251499891281127930e+00,1.791597962379455566e+00,-1.097845286130905151e-01,2.469791471958160400e-01,-6.837514042854309082e-02,6.879101395606994629e-01,4.869755506515502930e-01,-2.251499891281127930e+00,-1.865399956703186035e+00,-3.005890846252441406e-01,-7.607657462358474731e-02,-8.540342003107070923e-02,-6.123461127281188965e-01
3.849456785246729851e-03,-2.325337752699851990e-02,7.698658704757690430e-01,1.548982039093971252e-02,-2.619208302348852158e-03,6.945182085037231445e-01,7.193036079406738281e-01,7.083720713853836060e-02,-3.367759345564991236e-04,1.418356299400329590e-01,2.005824893712997437e-01,-2.675713300704956055e-01,-3.307425230741500854e-02,1.659899391233921051e-02,-5.994766205549240112e-02,-1.952907890081405640e-01,2.854245305061340332e-01,-2.657125890254974365e-01,1.571143269538879395e-01,-4.360255599021911621e-02,4.470047540962696075e-03,8.290203288197517395e-03,5.103915929794311523e-01,2.251499891281127930e+00,1.792242527008056641e+00,-1.106120422482490540e-01,2.515624165534973145e-01,-6.472721695899963379e-02,6.888650655746459961e-01,4.866137206554412842e-01,-2.251499891281127930e+00,-1.865879416465759277e+00,-3.032283484935760498e-01,-8.242350816726684570e-02,-8.283626288175582886e-02,-6.127647161483764648e-01
4.244307987391948700e-03,-2.309254929423332214e-02,7.698472142219543457e-01,1.549673080444335938e-02,-2.194426022469997406e-03,6.944954991340637207e-01,7.193267941474914551e-01,7.076719403266906738e-02,-7.253911462612450123e-04,1.405620574951171875e-01,1.997619867324829102e-01,-2.673520147800445557e-01,-3.188753500580787659e-02,1.615637540817260742e-02,-5.984656885266304016e-02,-1.943667531013488770e-01,2.854718267917633057e-01,-2.669351100921630859e-01,1.569110602140426636e-01,-4.394508525729179382e-02,3.228310961276292801e-03,7.179900072515010834e-03,5.100972056388854980e-01,2.251499891281127930e+00,1.790113687515258789e+00,-1.102102398872375488e-01,2.570374011993408203e-01,-6.058123707771301270e-02,6.897649168968200684e-01,4.837435781955718994e-01,-2.251499891281127930e+00,-1.863397121429443359e+00,-3.053454160690307617e-01,-9.196266531944274902e-02,-7.992550730705261230e-02,-6.129351854324340820e-01
4.691208247095346451e-03,-2.335384674370288849e-02,7.698333263397216797e-01,1.581128872931003571e-02,-1.886930316686630249e-03,6.944195628166198730e-01,7.193941473960876465e-01,7.041990756988525391e-02,-1.209518057294189930e-03,1.397656947374343872e-01,1.995872110128402710e-01,-2.666272521018981934e-01,-3.136083856225013733e-02,1.564826816320419312e-02,-6.010091677308082581e-02,-1.939368247985839844e-01,2.857351601123809814e-01,-2.680805623531341553e-01,1.568927615880966187e-01,-4.425824433565139771e-02,2.118239179253578186e-03,6.877459585666656494e-03,5.096182823181152344e-01,2.251499891281127930e+00,1.786192417144775391e+00,-1.090677902102470398e-01,2.627094089984893799e-01,-5.652518942952156067e-02,6.915887594223022461e-01,4.809548854827880859e-01,-2.251499891281127930e+00,-1.858397483825683594e+00,-3.066011965274810791e-01,-1.000525355339050293e-01,-7.664918899536132812e-02,-6.123474836349487305e-01
5.118213128298521042e-03,-2.321793884038925171e-02,7.698500752449035645e-01,1.573861762881278992e-02,-1.351451617665588856e-03,6.943693161010742188e-01,7.194454073905944824e-01,6.977849453687667847e-02,-1.584324636496603489e-03,1.380991935729980469e-01,1.992085725069046021e-01,-2.659248709678649902e-01,-3.228347375988960266e-02,1.524390652775764465e-02,-5.980517715215682983e-02,-1.926355361938476562e-01,2.848758101463317871e-01,-2.687197327613830566e-01,1.564655452966690063e-01,-4.483994096517562866e-02,1.792265684343874454e-03,7.360004354268312454e-03,5.090512633323669434e-01,2.251499891281127930e+00,1.785107135772705078e+00,-1.083452180027961731e-01,2.635804116725921631e-01,-5.587378889322280884e-02,6.924936771392822266e-01,4.785240292549133301e-01,-2.251499891281127930e+00,-1.856065392494201660e+00,-3.077578842639923096e-01,-1.009192243218421936e-01,-7.554370164871215820e-02,-6.109180450439453125e-01
5.735985934734344482e-03,-2.315369807183742523e-02,7.698680162429809570e-01,1.599436998367309570e-02,-8.965791785158216953e-04,6.940439343452453613e-01,7.197543978691101074e-01,6.931842118501663208e-02,-2.026287838816642761e-03,1.364023089408874512e-01,1.997329294681549072e-01,-2.648515403270721436e-01,-3.242087364196777344e-02,1.515285950154066086e-02,-5.978663638234138489e-02,-1.918880492448806763e-01,2.844047844409942627e-01,-2.697404026985168457e-01,1.563556790351867676e-01,-4.475789889693260193e-02,1.248724176548421383e-03,6.374088581651449203e-03,5.090359449386596680e-01,2.251499891281127930e+00,1.779731869697570801e+00,-1.062413379549980164e-01,2.668955028057098389e-01,-5.476370081305503845e-02,6.937102675437927246e-01,4.756101071834564209e-01,-2.251499891281127930e+00,-1.850062727928161621e+00,-3.074739873409271240e-01,-1.038867160677909851e-01,-7.327499240636825562e-02,-6.093084812164306641e-01
5.795412231236696243e-03,-2.274691686034202576e-02,7.698692679405212402e-01,1.572447270154953003e-02,-4.600849642883986235e-04,6.939669847488403320e-01,7.198349237442016602e-01,6.883227080106735229e-02,-2.511369762942194939e-03,1.346862316131591797e-01,1.995669454336166382e-01,-2.649765908718109131e-01,-3.166262805461883545e-02,1.486520189791917801e-02,-5.960072576999664307e-02,-1.904301941394805908e-01,2.836895287036895752e-01,-2.700413167476654053e-01,1.563832312822341919e-01,-4.462253674864768982e-02,1.786686945706605911e-03,3.048159414902329445e-03,5.056854486465454102e-01,2.251499891281127930e+00,1.768210291862487793e+00,-1.032201871275901794e-01,2.751032710075378418e-01,-5.532786250114440918e-02,6.881941556930541992e-01,4.694736599922180176e-01,-2.251499891281127930e+00,-1.839208126068115234e+00,-3.044753372669219971e-01,-1.124490872025489807e-01,-7.222007215023040771e-02,-6.038314104080200195e-01
5.950983148068189621e-03,-2.272436022758483887e-02,7.699059247970581055e-01,1.571685448288917542e-02,-1.876307505881413817e-04,6.938858628273010254e-01,7.199134826660156250e-01,6.830450892448425293e-02,-2.954997587949037552e-03,1.331250518560409546e-01,1.995684653520584106e-01,-2.639270424842834473e-01,-3.185857459902763367e-02,1.480721402913331985e-02,-5.948558449745178223e-02,-1.894919574260711670e-01,2.826744019985198975e-01,-2.698117494583129883e-01,1.560247540473937988e-01,-4.518800601363182068e-02,2.133780857548117638e-03,1.817311625927686691e-03,5.022652149200439453e-01,2.251499891281127930e+00,1.759671807289123535e+00,-1.000150293111801147e-01,2.800319790840148926e-01,-5.703739076852798462e-02,6.862208247184753418e-01,4.643814861774444580e-01,-2.251499891281127930e+00,-1.829807519912719727e+00,-3.006387054920196533e-01,-1.161724925041198730e-01,-7.154612243175506592e-02,-5.996832847595214844e-01
5.941181909292936325e-03,-2.269570156931877136e-02,7.699020504951477051e-01,1.543800905346870422e-02,-1.724747198750264943e-05,6.942093968391418457e-01,7.196075320243835449e-01,6.766125559806823730e-02,-2.869650954380631447e-03,1.325153410434722900e-01,1.991883665323257446e-01,-2.640654444694519043e-01,-3.222526982426643372e-02,1.527893729507923126e-02,-5.923161655664443970e-02,-1.901292353868484497e-01,2.806090116500854492e-01,-2.695323228836059570e-01,1.560976356267929077e-01,-4.633860290050506592e-02,2.852570964023470879e-03,-1.367451739497482777e-03,4.982665479183197021e-01,2.251499891281127930e+00,1.748283267021179199e+00,-9.769381582736968994e-02,2.876448631286621094e-01,-5.591908097267150879e-02,6.850038170814514160e-01,4.584161043167114258e-01,-2.251499891281127930e+00,-1.817996621131896973e+00,-2.956862449645996094e-01,-1.240283623337745667e-01,-6.887623667716979980e-02,-5.946478843688964844e-01
6.193718872964382172e-03,-2.271320484578609467e-02,7.699300050735473633e-01,1.514025405049324036e-02,3.428329364396631718e-04,6.941063404083251953e-01,7.197132110595703125e-01,6.656542420387268066e-02,-2.840445376932621002e-03,1.306898742914199829e-01,1.990869045257568359e-01,-2.636058628559112549e-01,-3.223186731338500977e-02,1.535054855048656464e-02,-5.858157575130462646e-02,-1.898332387208938599e-01,2.780985236167907715e-01,-2.690420746803283691e-01,1.565051972866058350e-01,-4.616479575634002686e-02,3.449461655691266060e-03,-4.656081553548574448e-03,4.917788207530975342e-01,2.251499891281127930e+00,1.736245512962341309e+00,-9.378426522016525269e-02,2.982234954833984375e-01,-5.305556207895278931e-02,6.837170720100402832e-01,4.514181315898895264e-01,-2.251499891281127930e+00,-1.806051254272460938e+00,-2.908851802349090576e-01,-1.319435983896255493e-01,-6.574123352766036987e-02,-5.927399992942810059e-01
6.398959551006555557e-03,-2.252378128468990326e-02,7.699514627456665039e-01,1.466107182204723358e-02,9.116734145209193230e-04,6.939005851745605469e-01,7.199209928512573242e-01,6.559003889560699463e-02,-2.949103014543652534e-03,1.294074654579162598e-01,1.983290165662765503e-01,-2.636727094650268555e-01,-3.108249604701995850e-02,1.451539434492588043e-02,-5.797116085886955261e-02,-1.887302994728088379e-01,2.766491770744323730e-01,-2.689949572086334229e-01,1.560674160718917847e-01,-4.587730765342712402e-02,4.006718285381793976e-03,-7.589555811136960983e-03,4.837335050106048584e-01,2.251499891281127930e+00,1.723877787590026855e+00,-9.018460661172866821e-02,3.063914477825164795e-01,-5.116398632526397705e-02,6.826881766319274902e-01,4.428442418575286865e-01,-2.251499891281127930e+00,-1.794477343559265137e+00,-2.864047586917877197e-01,-1.400206834077835083e-01,-6.379643082618713379e-02,-5.913289785385131836e-01
6.711222231388092041e-03,-2.237867377698421478e-02,7.699456214904785156e-01,1.438379939645528793e-02,1.464463421143591404e-03,6.935297250747680664e-01,7.202829122543334961e-01,6.482893973588943481e-02,-3.033043351024389267e-03,1.289787590503692627e-01,1.979016512632369995e-01,-2.637383341789245605e-01,-3.086123242974281311e-02,1.383507065474987030e-02,-5.762363225221633911e-02,-1.881159842014312744e-01,2.753809094429016113e-01,-2.694914042949676514e-01,1.553221195936203003e-01,-4.605110362172126770e-02,4.337596707046031952e-03,-1.108852028846740723e-02,4.762278795242309570e-01,2.251499891281127930e+00,1.710080385208129883e+00,-8.647716045379638672e-02,3.141248524188995361e-01,-5.030321702361106873e-02,6.812699437141418457e-01,4.338566958904266357e-01,-2.251499891281127930e+00,-1.781321883201599121e+00,-2.820737957954406738e-01,-1.507419347763061523e-01,-6.139914318919181824e-02,-5.891399979591369629e-01
6.970223970711231232e-03,-2.228998392820358276e-02,7.699359059333801270e-01,1.416577771306037903e-02,1.949293306097388268e-03,6.932363510131835938e-01,7.205684185028076172e-01,6.400261074304580688e-02,-3.126007737591862679e-03,1.288553029298782349e-01,1.977922171354293823e-01,-2.638745605945587158e-01,-3.030868247151374817e-02,1.296493224799633026e-02,-5.738088116049766541e-02,-1.872324049472808838e-01,2.747424244880676270e-01,-2.698718309402465820e-01,1.552799791097640991e-01,-4.594378918409347534e-02,4.925693850964307785e-03,-1.318285893648862839e-02,4.693432152271270752e-01,2.251499891281127930e+00,1.698736310005187988e+00,-8.282350748777389526e-02,3.188163936138153076e-01,-5.031875520944595337e-02,6.804363727569580078e-01,4.267423152923583984e-01,-2.251499891281127930e+00,-1.770172238349914551e+00,-2.780815362930297852e-01,-1.556457877159118652e-01,-6.124402955174446106e-02,-5.869076848030090332e-01
7.147673051804304123e-03,-2.202744968235492706e-02,7.699344754219055176e-01,1.376491226255893707e-02,2.480059629306197166e-03,6.928899884223937988e-01,7.209076881408691406e-01,6.333585083484649658e-02,-3.121923888102173805e-03,1.288682371377944946e-01,1.972054094076156616e-01,-2.640042901039123535e-01,-2.984698489308357239e-02,1.206727884709835052e-02,-5.701778829097747803e-02,-1.863643527030944824e-01,2.738688588142395020e-01,-2.699305713176727295e-01,1.551244407892227173e-01,-4.617953300476074219e-02,5.876022391021251678e-03,-1.617925800383090973e-02,4.626689851284027100e-01,2.251499891281127930e+00,1.685919880867004395e+00,-7.927358150482177734e-02,3.242094814777374268e-01,-5.291554704308509827e-02,6.768419146537780762e-01,4.189880192279815674e-01,-2.251499891281127930e+00,-1.758015275001525879e+00,-2.732923328876495361e-01,-1.621708273887634277e-01,-6.241400539875030518e-02,-5.834816694259643555e-01
7.207096554338932037e-03,-2.200215496122837067e-02,7.699155807495117188e-01,1.343639567494392395e-02,2.868353854864835739e-03,6.925457715988159180e-01,7.212430834770202637e-01,6.265008449554443359e-02,-3.128784243017435074e-03,1.292710602283477783e-01,1.966548264026641846e-01,-2.644031941890716553e-01,-2.939956635236740112e-02,1.116674579679965973e-02,-5.667470023036003113e-02,-1.852927953004837036e-01,2.729016840457916260e-01,-2.699626982212066650e-01,1.549764722585678101e-01,-4.672360420227050781e-02,6.848207674920558929e-03,-1.818880438804626465e-02,4.573528766632080078e-01,2.251499891281127930e+00,1.673887729644775391e+00,-7.553949207067489624e-02,3.267351090908050537e-01,-5.664277076721191406e-02,6.734251976013183594e-01,4.122669398784637451e-01,-2.251499891281127930e+00,-1.746562600135803223e+00,-2.672019004821777344e-01,-1.669428497552871704e-01,-6.397502869367599487e-02,-5.811877846717834473e-01
7.488261442631483078e-03,-2.161531150341033936e-02,7.699019908905029297e-01,1.291064918041229248e-02,3.624945413321256638e-03,6.920796036720275879e-01,7.216966152191162109e-01,6.201463565230369568e-02,-3.039568429812788963e-03,1.301556229591369629e-01,1.954151391983032227e-01,-2.643321156501770020e-01,-2.895555458962917328e-02,1.014079246670007706e-02,-5.636633187532424927e-02,-1.849941462278366089e-01,2.714799344539642334e-01,-2.702183723449707031e-01,1.551766693592071533e-01,-4.712565615773200989e-02,7.701887283474206924e-03,-2.166881971061229706e-02,4.518095552921295166e-01,2.251499891281127930e+00,1.659019589424133301e+00,-6.913792341947555542e-02,3.293273746967315674e-01,-6.085339561104774475e-02,6.683516502380371094e-01,4.043295681476593018e-01,-2.251499891281127930e+00,-1.733006238937377930e+00,-2.586195468902587891e-01,-1.727105677127838135e-01,-6.543333828449249268e-02,-5.798184275627136230e-01
7.764710113406181335e-03,-2.132402360439300537e-02,7.698777914047241211e-01,1.228847168385982513e-02,4.510444123297929764e-03,6.917432546615600586e-01,7.220248579978942871e-01,6.089578941464424133e-02,-2.960937097668647766e-03,1.313218027353286743e-01,1.940132826566696167e-01,-2.641531825065612793e-01,-2.913416922092437744e-02,8.680311031639575958e-03,-5.613981187343597412e-02,-1.848935186862945557e-01,2.699865400791168213e-01,-2.704270184040069580e-01,1.549577116966247559e-01,-4.810592532157897949e-02,8.435124531388282776e-03,-2.439505979418754578e-02,4.483848214149475098e-01,2.251499891281127930e+00,1.645504951477050781e+00,-5.810467153787612915e-02,3.268411159515380859e-01,-6.665167957544326782e-02,6.633236408233642578e-01,3.975903689861297607e-01,-2.251499891281127930e+00,-1.720619082450866699e+00,-2.452758848667144775e-01,-1.744949817657470703e-01,-6.771935522556304932e-02,-5.788464546203613281e-01
8.179332129657268524e-03,-2.087909542024135590e-02,7.698252201080322266e-01,1.150227244943380356e-02,5.563879851251840591e-03,6.915535926818847656e-01,7.222121357917785645e-01,5.994949489831924438e-02,-2.670020563527941704e-03,1.328350752592086792e-01,1.916174590587615967e-01,-2.641270756721496582e-01,-2.953155711293220520e-02,7.206765934824943542e-03,-5.576021596789360046e-02,-1.853421181440353394e-01,2.681258916854858398e-01,-2.708843648433685303e-01,1.548841446638107300e-01,-4.905093833804130554e-02,9.471035562455654144e-03,-2.837686426937580109e-02,4.449191987514495850e-01,2.251499891281127930e+00,1.630342721939086914e+00,-4.209614172577857971e-02,3.255144059658050537e-01,-7.052604854106903076e-02,6.587663888931274414e-01,3.904132246971130371e-01,-2.251499891281127930e+00,-1.706732511520385742e+00,-2.269622832536697388e-01,-1.768717169761657715e-01,-6.983438134193420410e-02,-5.807623267173767090e-01
8.577815257012844086e-03,-2.080260589718818665e-02,7.697942256927490234e-01,1.100460719317197800e-02,6.540831178426742554e-03,6.908598542213439941e-01,7.228753566741943359e-01,5.915308743715286255e-02,-2.612255280837416649e-03,1.351818591356277466e-01,1.892940700054168701e-01,-2.630235552787780762e-01,-2.974795550107955933e-02,5.549265071749687195e-03,-5.581063032150268555e-02,-1.860544830560684204e-01,2.662988305091857910e-01,-2.709222435951232910e-01,1.554451584815979004e-01,-4.891144484281539917e-02,1.011171098798513412e-02,-3.244942426681518555e-02,4.419500231742858887e-01,2.251499891281127930e+00,1.614987850189208984e+00,-2.439083531498908997e-02,3.231807351112365723e-01,-7.618772983551025391e-02,6.560053229331970215e-01,3.836164474487304688e-01,-2.251499891281127930e+00,-1.692446231842041016e+00,-2.056614309549331665e-01,-1.780462116003036499e-01,-7.151605933904647827e-02,-5.856923460960388184e-01
8.776904083788394928e-03,-2.032773941755294800e-02,7.697595357894897461e-01,1.015144865959882736e-02,7.912950590252876282e-03,6.898931860923767090e-01,7.237967252731323242e-01,5.812193825840950012e-02,-2.706690691411495209e-03,1.392769515514373779e-01,1.865157634019851685e-01,-2.619332373142242432e-01,-2.963080443441867828e-02,3.223365172743797302e-03,-5.607637390494346619e-02,-1.861158013343811035e-01,2.642590105533599854e-01,-2.710958421230316162e-01,1.554743349552154541e-01,-4.978933557868003845e-02,1.008304022252559662e-02,-3.738078847527503967e-02,4.380358755588531494e-01,2.251499891281127930e+00,1.599329710006713867e+00,-2.744649536907672882e-04,3.190086185932159424e-01,-7.991293817758560181e-02,6.543744206428527832e-01,3.766480684280395508e-01,-2.251499891281127930e+00,-1.676091313362121582e+00,-1.796998530626296997e-01,-1.754191815853118896e-01,-7.476630806922912598e-02,-5.925892591476440430e-01
9.627108462154865265e-03,-1.931240595877170563e-02,7.696659564971923828e-01,9.337958879768848419e-03,9.833220392465591431e-03,6.887667775154113770e-01,7.248561382293701172e-01,5.707513540983200073e-02,-2.604120643809437752e-03,1.444370001554489136e-01,1.841369867324829102e-01,-2.611075639724731445e-01,-3.090604953467845917e-02,8.291600388474762440e-04,-5.652846395969390869e-02,-1.873117685317993164e-01,2.625724375247955322e-01,-2.726924717426300049e-01,1.553544253110885620e-01,-5.017187073826789856e-02,9.993623942136764526e-03,-4.298689588904380798e-02,4.353955686092376709e-01,2.251499891281127930e+00,1.583784341812133789e+00,3.039177507162094116e-02,3.147703409194946289e-01,-8.334839344024658203e-02,6.548385024070739746e-01,3.681453466415405273e-01,-2.251499891281127930e+00,-1.660828709602355957e+00,-1.456427276134490967e-01,-1.748953014612197876e-01,-7.599268853664398193e-02,-6.029944419860839844e-01
1.037155557423830032e-02,-1.875567249953746796e-02,7.695320844650268555e-01,8.494272828102111816e-03,1.145049743354320526e-02,6.880482435226440430e-01,7.255249023437500000e-01,5.525814741849899292e-02,-2.211437793448567390e-03,1.485333889722824097e-01,1.824401021003723145e-01,-2.611654996871948242e-01,-3.094721026718616486e-02,-1.820580218918621540e-03,-5.665597692131996155e-02,-1.887079775333404541e-01,2.611974179744720459e-01,-2.739838957786560059e-01,1.553098559379577637e-01,-5.040482431650161743e-02,9.537502191960811615e-03,-4.830616712570190430e-02,4.345091283321380615e-01,2.251499891281127930e+00,1.564736485481262207e+00,6.851073354482650757e-02,3.122776150703430176e-01,-8.421886712312698364e-02,6.610889434814453125e-01,3.613955676555633545e-01,-2.251499891281127930e+00,-1.640082597732543945e+00,-1.006923094391822815e-01,-1.705794781446456909e-01,-7.743536680936813354e-02,-6.171541213989257812e-01
1.214571669697761536e-02,-1.900447346270084381e-02,7.693837881088256836e-01,8.763002231717109680e-03,1.313805114477872849e-02,6.856501698493957520e-01,7.277598977088928223e-01,5.395106971263885498e-02,-1.883709104731678963e-03,1.535870134830474854e-01,1.819942146539688110e-01,-2.594791352748870850e-01,-3.018094785511493683e-02,-5.714713595807552338e-03,-5.686028674244880676e-02,-1.881968230009078979e-01,2.618981897830963135e-01,-2.766788303852081299e-01,1.551952213048934937e-01,-4.929049685597419739e-02,8.069384843111038208e-03,-5.491809919476509094e-02,4.351042509078979492e-01,2.251499891281127930e+00,1.540760993957519531e+00,1.169373020529747009e-01,3.084046840667724609e-01,-8.285512775182723999e-02,6.660758852958679199e-01,3.550298810005187988e-01,-2.251499891281127930e+00,-1.612825155258178711e+00,-4.651103913784027100e-02,-1.614091545343399048e-01,-7.926689833402633667e-02,-6.331540346145629883e-01
1.117852609604597092e-02,-1.790289953351020813e-02,7.692103981971740723e-01,7.087075617164373398e-03,1.488118153065443039e-02,6.845237612724304199e-01,7.288041710853576660e-01,5.232468619942665100e-02,-2.887510694563388824e-03,1.597401201725006104e-01,1.786192655563354492e-01,-2.596470117568969727e-01,-2.924096584320068359e-02,-1.016782689839601517e-02,-5.865019559860229492e-02,-1.894969344139099121e-01,2.621290087699890137e-01,-2.776259481906890869e-01,1.556542068719863892e-01,-4.910171404480934143e-02,6.468892097473144531e-03,-6.211109831929206848e-02,4.390259385108947754e-01,2.251499891281127930e+00,1.517926692962646484e+00,1.718981266021728516e-01,3.054302930831909180e-01,-7.920048385858535767e-02,6.804692149162292480e-01,3.458743095397949219e-01,-2.251499891281127930e+00,-1.584598183631896973e+00,1.640097610652446747e-02,-1.493169218301773071e-01,-8.233710378408432007e-02,-6.559460163116455078e-01
1.222911942750215530e-02,-1.717223599553108215e-02,7.690145373344421387e-01,6.452968344092369080e-03,1.753894239664077759e-02,6.820301413536071777e-01,7.310852408409118652e-01,4.946972429752349854e-02,-3.715896746143698692e-03,1.658135205507278442e-01,1.781643182039260864e-01,-2.579247057437896729e-01,-2.797340229153633118e-02,-1.589484699070453644e-02,-6.014667823910713196e-02,-1.889498084783554077e-01,2.632257342338562012e-01,-2.808047235012054443e-01,1.567470133304595947e-01,-4.885053262114524841e-02,5.002034362405538559e-03,-7.310938090085983276e-02,4.428218901157379150e-01,2.251499891281127930e+00,1.486239790916442871e+00,2.357921749353408813e-01,3.036320805549621582e-01,-7.299714535474777222e-02,6.930642127990722656e-01,3.348028063774108887e-01,-2.251499891281127930e+00,-1.543186783790588379e+00,8.942797034978866577e-02,-1.327068209648132324e-01,-8.607475459575653076e-02,-6.819763779640197754e-01
1.258605159819126129e-02,-1.567238755524158478e-02,7.687591910362243652e-01,4.865780938416719437e-03,2.050066925585269928e-02,6.797878146171569824e-01,7.331060767173767090e-01,4.578284546732902527e-02,-4.521491006016731262e-03,1.727548390626907349e-01,1.776536852121353149e-01,-2.587691843509674072e-01,-2.415643632411956787e-02,-2.242283336818218231e-02,-6.160921603441238403e-02,-1.882576644420623779e-01,2.644009888172149658e-01,-2.841558754444122314e-01,1.567855030298233032e-01,-4.721007868647575378e-02,3.162342123687267303e-03,-8.618030697107315063e-02,4.440104067325592041e-01,2.251499891281127930e+00,1.445367813110351562e+00,3.065292239189147949e-01,3.031204044818878174e-01,-6.680256873369216919e-02,7.044439911842346191e-01,3.177385628223419189e-01,-2.251499891281127930e+00,-1.488310575485229492e+00,1.785799115896224976e-01,-1.083238199353218079e-01,-9.213335812091827393e-02,-7.059502601623535156e-01
1.322722062468528748e-02,-1.487441360950469971e-02,7.684267163276672363e-01,3.411262296140193939e-03,2.332623302936553955e-02,6.773759722709655762e-01,7.352591753005981445e-01,4.132560268044471741e-02,-4.903525579720735550e-03,1.785858869552612305e-01,1.775384247303009033e-01,-2.606545984745025635e-01,-2.103936858475208282e-02,-2.922108396887779236e-02,-6.260017305612564087e-02,-1.885076016187667847e-01,2.648209929466247559e-01,-2.876845300197601318e-01,1.576085239648818970e-01,-4.494476318359375000e-02,1.509503228589892387e-03,-1.001724153757095337e-01,4.429412782192230225e-01,2.251499414443969727e+00,1.398654818534851074e+00,3.790600299835205078e-01,2.991335093975067139e-01,-6.369964033365249634e-02,7.158064246177673340e-01,2.917853593826293945e-01,-2.251497507095336914e+00,-1.421104788780212402e+00,2.697068154811859131e-01,-8.734687417745590210e-02,-9.806617349386215210e-02,-7.316186428070068359e-01
1.192858163267374039e-02,-1.416210923343896866e-02,7.682453393936157227e-01,1.190112554468214512e-03,2.503992989659309387e-02,6.756930947303771973e-01,7.367567420005798340e-01,3.698505088686943054e-02,-5.201132036745548248e-03,1.843731403350830078e-01,1.772806644439697266e-01,-2.635906934738159180e-01,-1.864568516612052917e-02,-3.597756475210189819e-02,-6.392964720726013184e-02,-1.899968981742858887e-01,2.663359045982360840e-01,-2.873422503471374512e-01,1.596955657005310059e-01,-4.208099097013473511e-02,-2.790020545944571495e-03,-1.105662062764167786e-01,4.334041178226470947e-01,2.234837532043457031e+00,1.347472548484802246e+00,4.328304529190063477e-01,2.959278225898742676e-01,-6.547685712575912476e-02,7.326166033744812012e-01,2.550909221172332764e-01,-2.223391056060791016e+00,-1.346667766571044922e+00,3.379640281200408936e-01,-7.009490579366683960e-02,-1.061259061098098755e-01,-7.570561170578002930e-01
1.114167179912328720e-02,-1.405541971325874329e-02,7.681111097335815430e-01,-7.075572502799332142e-04,2.682357281446456909e-02,6.742190122604370117e-01,7.380438446998596191e-01,3.266356885433197021e-02,-5.454364698380231857e-03,1.891411542892456055e-01,1.756490767002105713e-01,-2.652114927768707275e-01,-1.868208497762680054e-02,-4.295774549245834351e-02,-6.525655835866928101e-02,-1.927600950002670288e-01,2.676279246807098389e-01,-2.869284152984619141e-01,1.616870015859603882e-01,-4.198637604713439941e-02,-3.500081598758697510e-03,-1.203821375966072083e-01,4.158127605915069580e-01,2.192914009094238281e+00,1.287024021148681641e+00,4.713854491710662842e-01,2.957333326339721680e-01,-6.628929078578948975e-02,7.465919852256774902e-01,2.106204181909561157e-01,-2.184029340744018555e+00,-1.260738134384155273e+00,3.954251408576965332e-01,-5.911467224359512329e-02,-1.105760410428047180e-01,-7.815820574760437012e-01
1.026249304413795471e-02,-1.264082361012697220e-02,7.679125070571899414e-01,-3.056732937693595886e-03,2.917647361755371094e-02,6.722472310066223145e-01,7.397452592849731445e-01,2.917256020009517670e-02,-6.186424288898706436e-03,1.938199996948242188e-01,1.733846962451934814e-01,-2.674421072006225586e-01,-1.837236993014812469e-02,-4.947110265493392944e-02,-6.685633957386016846e-02,-1.951295286417007446e-01,2.683056294918060303e-01,-2.884893119335174561e-01,1.643701344728469849e-01,-4.452183097600936890e-02,-3.035880858078598976e-03,-1.327614039182662964e-01,3.922152519226074219e-01,2.139762163162231445e+00,1.209197640419006348e+00,5.117191672325134277e-01,2.935065627098083496e-01,-6.882288306951522827e-02,7.437102794647216797e-01,1.569518148899078369e-01,-2.148126125335693359e+00,-1.154412627220153809e+00,4.629654288291931152e-01,-5.598197877407073975e-02,-1.099528893828392029e-01,-7.922448515892028809e-01
1.017741486430168152e-02,-1.241753157228231430e-02,7.677967548370361328e-01,-5.766511429101228714e-03,3.195845708250999451e-02,6.708505749702453613e-01,7.408812046051025391e-01,2.366896718740463257e-02,-6.272403988987207413e-03,1.960974037647247314e-01,1.680484116077423096e-01,-2.672682702541351318e-01,-1.806912571191787720e-02,-5.607851967215538025e-02,-6.607321649789810181e-02,-1.958173513412475586e-01,2.627996206283569336e-01,-2.868204712867736816e-01,1.656744927167892456e-01,-4.420557245612144470e-02,1.340828137472271919e-03,-1.411999464035034180e-01,3.378566801548004150e-01,2.088213682174682617e+00,1.112566471099853516e+00,5.560447573661804199e-01,2.788926362991333008e-01,-7.455815374851226807e-02,7.481204867362976074e-01,4.687928408384323120e-02,-2.131685256958007812e+00,-1.001510858535766602e+00,5.451472401618957520e-01,-3.734072297811508179e-02,-1.170799806714057922e-01,-8.093696832656860352e-01
1.058162841945886612e-02,-1.231180969625711441e-02,7.676507830619812012e-01,-8.165735751390457153e-03,3.423509001731872559e-02,6.698087453842163086e-01,7.416990995407104492e-01,1.957321353256702423e-02,-5.197014193981885910e-03,1.979093402624130249e-01,1.621175408363342285e-01,-2.664619684219360352e-01,-2.198808453977108002e-02,-6.063750386238098145e-02,-6.502871960401535034e-02,-2.011354118585586548e-01,2.566455602645874023e-01,-2.858746945858001709e-01,1.677667349576950073e-01,-3.895776718854904175e-02,9.659011848270893097e-03,-1.492632031440734863e-01,2.912065684795379639e-01,2.031827211380004883e+00,1.023038983345031738e+00,6.040676832199096680e-01,2.643445134162902832e-01,-7.630257308483123779e-02,7.513768672943115234e-01,-6.820806115865707397e-02,-2.123700618743896484e+00,-8.442137241363525391e-01,6.270527243614196777e-01,-1.673018559813499451e-02,-1.151249557733535767e-01,-8.231591582298278809e-01
9.797279722988605499e-03,-1.286439131945371628e-02,7.674990296363830566e-01,-1.023912057280540466e-02,3.607295081019401550e-02,6.683115959167480469e-01,7.429357171058654785e-01,1.393727492541074753e-02,-5.720905028283596039e-03,1.987147331237792969e-01,1.598165482282638550e-01,-2.677381932735443115e-01,-1.985073462128639221e-02,-6.749884039163589478e-02,-6.562379002571105957e-02,-2.044725418090820312e-01,2.548342347145080566e-01,-2.857706546783447266e-01,1.671271026134490967e-01,-2.870629169046878815e-02,1.820996962487697601e-02,-1.552097052335739136e-01,2.507378160953521729e-01,1.971125960350036621e+00,9.343115687370300293e-01,6.539491415023803711e-01,2.475167065858840942e-01,-8.058372884988784790e-02,7.540639042854309082e-01,-2.125109285116195679e-01,-2.122589826583862305e+00,-6.467916369438171387e-01,7.168051004409790039e-01,1.310433726757764816e-02,-1.185950413346290588e-01,-8.193002343177795410e-01
9.883088059723377228e-03,-1.229700725525617599e-02,7.673593163490295410e-01,-1.265139505267143250e-02,3.835005313158035278e-02,6.668283939361572266e-01,7.441163659095764160e-01,8.763398043811321259e-03,-4.457946401089429855e-03,2.028298974037170410e-01,1.581445038318634033e-01,-2.687366604804992676e-01,-2.266169711947441101e-02,-7.149577140808105469e-02,-6.474322825670242310e-02,-2.084021270275115967e-01,2.484214454889297485e-01,-2.845187783241271973e-01,1.698783636093139648e-01,-1.806466095149517059e-02,2.916176058351993561e-02,-1.564326584339141846e-01,2.317169159650802612e-01,1.904150366783142090e+00,8.779457807540893555e-01,7.075719237327575684e-01,2.271845638751983643e-01,-8.346524834632873535e-02,7.474032044410705566e-01,-3.672511279582977295e-01,-2.126813411712646484e+00,-4.430874586105346680e-01,7.984978556632995605e-01,3.713014349341392517e-02,-1.181081086397171021e-01,-8.036550283432006836e-01
8.467622101306915283e-03,-1.290561072528362274e-02,7.672992944717407227e-01,-1.437075901776552200e-02,3.854639828205108643e-02,6.650032401084899902e-01,7.457066178321838379e-01,7.498474791646003723e-03,-3.797831013798713684e-03,2.057947516441345215e-01,1.538133770227432251e-01,-2.699267566204071045e-01,-2.117474563419818878e-02,-7.556531578302383423e-02,-6.384707987308502197e-02,-2.097295820713043213e-01,2.468605786561965942e-01,-2.821799814701080322e-01,1.702979654073715210e-01,2.079795813187956810e-03,3.902573138475418091e-02,-1.522613614797592163e-01,2.543398439884185791e-01,1.836369991302490234e+00,8.550014495849609375e-01,7.612862586975097656e-01,2.007339596748352051e-01,-8.714044839143753052e-02,7.348465323448181152e-01,-5.589172244071960449e-01,-2.142597913742065430e+00,-2.001766264438629150e-01,8.824309110641479492e-01,7.272873818874359131e-02,-1.189419105648994446e-01,-7.748305797576904297e-01
8.128152228891849518e-03,-1.321404427289962769e-02,7.672982215881347656e-01,-1.558180805295705795e-02,3.973279520869255066e-02,6.627131104469299316e-01,7.476562261581420898e-01,4.307811614125967026e-03,-3.465463640168309212e-03,2.093442976474761963e-01,1.532460302114486694e-01,-2.698596417903900146e-01,-2.082384750247001648e-02,-7.990302890539169312e-02,-6.355831772089004517e-02,-2.106107324361801147e-01,2.448723018169403076e-01,-2.809605002403259277e-01,1.717247068881988525e-01,1.944736018776893616e-02,4.850451648235321045e-02,-1.409618109464645386e-01,3.367100954055786133e-01,1.751440405845642090e+00,9.066652655601501465e-01,8.126772046089172363e-01,1.669087111949920654e-01,-8.891090750694274902e-02,7.122969627380371094e-01,-7.826992869377136230e-01,-2.156890392303466797e+00,5.567491799592971802e-02,9.444082379341125488e-01,1.060421839356422424e-01,-1.153910011053085327e-01,-7.403048872947692871e-01
6.136775016784667969e-03,-1.223552133888006210e-02,7.674762010574340820e-01,-1.801391318440437317e-02,4.120970889925956726e-02,6.628955602645874023e-01,7.473598718643188477e-01,2.209424506872892380e-03,-5.512328818440437317e-03,2.096989452838897705e-01,1.464794278144836426e-01,-2.663726806640625000e-01,-1.933666504919528961e-02,-8.005164563655853271e-02,-6.397625803947448730e-02,-2.120991051197052002e-01,2.345583438873291016e-01,-2.765179276466369629e-01,1.706341803073883057e-01,1.937792636454105377e-02,5.445186793804168701e-02,-1.214699521660804749e-01,5.141711235046386719e-01,1.648036718368530273e+00,1.049121975898742676e+00,8.504921793937683105e-01,1.291030943393707275e-01,-8.804847300052642822e-02,6.729620099067687988e-01,-1.044029951095581055e+00,-2.164206981658935547e+00,3.482199311256408691e-01,9.978814125061035156e-01,1.279127597808837891e-01,-1.026050597429275513e-01,-6.900590062141418457e-01
5.039947573095560074e-03,-1.137346960604190826e-02,7.675722241401672363e-01,-1.977694407105445862e-02,4.222336411476135254e-02,6.611809134483337402e-01,7.487762570381164551e-01,2.121163066476583481e-03,-6.201381795108318329e-03,2.116964310407638550e-01,1.412670761346817017e-01,-2.656591534614562988e-01,-1.673341542482376099e-02,-8.245321363210678101e-02,-6.297802180051803589e-02,-2.093954384326934814e-01,2.308140546083450317e-01,-2.738953232765197754e-01,1.682789623737335205e-01,1.294351066462695599e-03,5.857483670115470886e-02,-1.066633909940719604e-01,6.206189990043640137e-01,1.549190640449523926e+00,1.114326357841491699e+00,9.018490910530090332e-01,7.783287763595581055e-02,-8.418975025415420532e-02,6.233173608779907227e-01,-1.194385290145874023e+00,-2.146427631378173828e+00,5.287550687789916992e-01,1.076784372329711914e+00,1.535295248031616211e-01,-8.469223976135253906e-02,-6.401376724243164062e-01
2.865510527044534683e-03,-1.086692605167627335e-02,7.676172256469726562e-01,-2.170502021908760071e-02,4.240781068801879883e-02,6.599046587944030762e-01,7.498375177383422852e-01,1.362416951451450586e-04,-6.535715423524379730e-03,2.131666690111160278e-01,1.405625939369201660e-01,-2.679184675216674805e-01,-1.145989820361137390e-02,-8.622503280639648438e-02,-6.307668238878250122e-02,-2.088910490274429321e-01,2.315364927053451538e-01,-2.713171243667602539e-01,1.663175821304321289e-01,-1.946511678397655487e-02,6.735684722661972046e-02,-1.009489893913269043e-01,6.548612117767333984e-01,1.452644586563110352e+00,1.099827647209167480e+00,9.516859650611877441e-01,3.889729455113410950e-02,-7.809679210186004639e-02,5.827860236167907715e-01,-1.277905941009521484e+00,-2.114912986755371094e+00,6.536737680435180664e-01,1.145476460456848145e+00,1.725205034017562866e-01,-7.064799219369888306e-02,-6.015034914016723633e-01
5.806774715892970562e-04,-1.264449674636125565e-02,7.677613496780395508e-01,-2.327650226652622223e-02,4.181404411792755127e-02,6.591433286666870117e-01,7.504931092262268066e-01,-2.474953187629580498e-03,-6.400717422366142273e-03,2.143660336732864380e-01,1.373570263385772705e-01,-2.693741321563720703e-01,-7.974661886692047119e-03,-8.740226179361343384e-02,-6.092693656682968140e-02,-2.066631317138671875e-01,2.232377678155899048e-01,-2.651562392711639404e-01,1.597785949707031250e-01,-1.402337104082107544e-02,6.254754215478897095e-02,-8.705432713031768799e-02,6.054595708847045898e-01,1.379291415214538574e+00,1.014070391654968262e+00,1.020570397377014160e+00,-2.150233136489987373e-03,-6.786984205245971680e-02,5.312427878379821777e-01,-1.620287179946899414e+00,-2.146593809127807617e+00,1.034371614456176758e+00,1.180544495582580566e+00,1.945489197969436646e-01,-5.760519579052925110e-02,-5.533663034439086914e-01
5.428146105259656906e-04,-1.323825772851705551e-02,7.679969668388366699e-01,-2.334518171846866608e-02,4.247295483946800232e-02,6.568991541862487793e-01,7.524191737174987793e-01,-4.611526150256395340e-03,-6.880202330648899078e-03,2.159242779016494751e-01,1.389989852905273438e-01,-2.695571780204772949e-01,-9.235753095708787441e-04,-8.841898292303085327e-02,-5.947460234165191650e-02,-2.000823765993118286e-01,2.178609520196914673e-01,-2.619108557701110840e-01,1.525392830371856689e-01,4.180607851594686508e-03,4.546337202191352844e-02,-7.151503860950469971e-02,5.152026414871215820e-01,1.319317221641540527e+00,8.868722319602966309e-01,1.088195919990539551e+00,-3.495777398347854614e-02,-5.486625060439109802e-02,4.894102513790130615e-01,-1.943953514099121094e+00,-2.220834970474243164e+00,1.399945855140686035e+00,1.185858726501464844e+00,1.964423060417175293e-01,-4.262491688132286072e-02,-5.162712335586547852e-01
-2.879932289943099022e-04,-1.391384657472372055e-02,7.681959271430969238e-01,-2.317371405661106110e-02,4.213461279869079590e-02,6.565126180648803711e-01,7.527807354927062988e-01,-6.108428351581096649e-03,-7.771315053105354309e-03,2.156123667955398560e-01,1.414058804512023926e-01,-2.679797112941741943e-01,8.554143831133842468e-03,-8.916583657264709473e-02,-5.941225215792655945e-02,-1.951984465122222900e-01,2.175897657871246338e-01,-2.609575390815734863e-01,1.428598165512084961e-01,9.736633859574794769e-03,8.434804528951644897e-02,-5.156228318810462952e-02,4.320465922355651855e-01,1.187594175338745117e+00,7.630322575569152832e-01,1.123564124107360840e+00,-5.804628506302833557e-02,-4.447466880083084106e-02,4.424357116222381592e-01,-1.923550963401794434e+00,-2.227142810821533203e+00,1.399999976158142090e+00,1.231327891349792480e+00,1.983854174613952637e-01,-2.044493891298770905e-02,-4.332263767719268799e-01
-9.009842178784310818e-04,-1.410476583987474442e-02,7.684683203697204590e-01,-2.349890768527984619e-02,4.058609157800674438e-02,6.554467082023620605e-01,7.537838816642761230e-01,-6.599922198802232742e-03,-5.730635020881891251e-03,2.125678956508636475e-01,1.465719789266586304e-01,-2.674285471439361572e-01,1.833777315914630890e-02,-8.896082639694213867e-02,-5.676535889506340027e-02,-1.926981955766677856e-01,2.194709628820419312e-01,-2.586627006530761719e-01,1.377439945936203003e-01,2.180898562073707581e-02,1.270123124122619629e-01,-4.272925481200218201e-02,3.456807732582092285e-01,1.063342809677124023e+00,6.234768629074096680e-01,1.163821935653686523e+00,-6.124063208699226379e-02,-3.378671407699584961e-02,4.249510765075683594e-01,-1.892291784286499023e+00,-2.223737239837646484e+00,1.399999976158142090e+00,1.276914954185485840e+00,1.977518498897552490e-01,-6.876906380057334900e-03,-3.767846524715423584e-01
-1.911173458211123943e-03,-1.563647761940956116e-02,7.688016891479492188e-01,-2.384962886571884155e-02,3.870636969804763794e-02,6.549273133277893066e-01,7.543230652809143066e-01,-7.929536513984203339e-03,-2.988208085298538208e-03,2.138065099716186523e-01,1.502186059951782227e-01,-2.651492953300476074e-01,2.532097883522510529e-02,-8.683432638645172119e-02,-5.325554311275482178e-02,-1.897543072700500488e-01,2.143241912126541138e-01,-2.534976303577423096e-01,1.336055397987365723e-01,3.140926733613014221e-02,1.731988638639450073e-01,-3.596687689423561096e-02,2.709076106548309326e-01,9.325862526893615723e-01,5.050765275955200195e-01,1.207600355148315430e+00,-7.148416340351104736e-02,-2.496859058737754822e-02,4.023616611957550049e-01,-1.859573245048522949e+00,-2.218828201293945312e+00,1.399999976158142090e+00,1.317174553871154785e+00,1.960729658603668213e-01,6.231823004782199860e-03,-3.056342005729675293e-01
-2.043679589405655861e-03,-1.567122712731361389e-02,7.692097425460815430e-01,-2.442382834851741791e-02,3.784638270735740662e-02,6.551704406738281250e-01,7.541370987892150879e-01,-1.031526084989309311e-02,-5.454374477267265320e-04,2.126303315162658691e-01,1.560615003108978271e-01,-2.613870501518249512e-01,3.160968422889709473e-02,-8.394224196672439575e-02,-5.028188601136207581e-02,-1.877629309892654419e-01,2.091287523508071899e-01,-2.496786564588546753e-01,1.287708878517150879e-01,3.844347596168518066e-02,2.270832508802413940e-01,-2.968811988830566406e-02,2.135986238718032837e-01,7.818937897682189941e-01,3.923915326595306396e-01,1.247353911399841309e+00,-7.188932597637176514e-02,-1.518004108220338821e-02,3.689058125019073486e-01,-1.818927407264709473e+00,-2.201692342758178711e+00,1.399999976158142090e+00,1.350746750831604004e+00,1.821574419736862183e-01,2.097625099122524261e-02,-2.196997404098510742e-01
-9.947003563866019249e-04,-1.643091998994350433e-02,7.694854140281677246e-01,-2.464710175991058350e-02,3.696373477578163147e-02,6.546663641929626465e-01,7.546112537384033203e-01,-1.283242087811231613e-02,3.480858169496059418e-03,2.120640426874160767e-01,1.622543334960937500e-01,-2.597677707672119141e-01,3.936955332756042480e-02,-8.325188606977462769e-02,-4.605884850025177002e-02,-1.857066899538040161e-01,2.074392437934875488e-01,-2.479159086942672729e-01,1.256817877292633057e-01,4.204096645116806030e-02,2.771161496639251709e-01,-2.767073921859264374e-02,1.771767437458038330e-01,6.525259613990783691e-01,3.088234364986419678e-01,1.274385333061218262e+00,-6.631492078304290771e-02,-1.094123255461454391e-02,3.590291738510131836e-01,-1.784414172172546387e+00,-2.175859928131103516e+00,1.399999976158142090e+00,1.377607703208923340e+00,1.735004633665084839e-01,3.025437332689762115e-02,-1.608109921216964722e-01
-1.244617393240332603e-03,-1.688197441399097443e-02,7.698339223861694336e-01,-2.560993470251560211e-02,3.607352450489997864e-02,6.545423865318298340e-01,7.547298073768615723e-01,-1.576228439807891846e-02,7.031557150185108185e-03,2.147451490163803101e-01,1.674637496471405029e-01,-2.576670944690704346e-01,4.833456873893737793e-02,-8.288011699914932251e-02,-4.292317479848861694e-02,-1.849881410598754883e-01,2.051053047180175781e-01,-2.445099353790283203e-01,1.245697885751724243e-01,3.920102864503860474e-02,3.330490887165069580e-01,-2.479225769639015198e-02,1.459662020206451416e-01,5.043765902519226074e-01,2.353373318910598755e-01,1.293469905853271484e+00,-6.445373594760894775e-02,-7.095362525433301926e-03,3.312471508979797363e-01,-1.744060754776000977e+00,-2.140511035919189453e+00,1.399999976158142090e+00,1.393480300903320312e+00,1.674887835979461670e-01,3.885545209050178528e-02,-8.004704862833023071e-02
-1.774700242094695568e-03,-1.721123605966567993e-02,7.701044678688049316e-01,-2.654848806560039520e-02,3.546231240034103394e-02,6.545589566230773926e-01,7.547119855880737305e-01,-1.897044479846954346e-02,9.799957275390625000e-03,2.184966355562210083e-01,1.728096157312393188e-01,-2.570307254791259766e-01,5.578301846981048584e-02,-8.256101608276367188e-02,-4.040532931685447693e-02,-1.819069534540176392e-01,2.020294964313507080e-01,-2.421270161867141724e-01,1.245706081390380859e-01,3.012789972126483917e-02,3.937885761260986328e-01,-2.229840494692325592e-02,1.248552799224853516e-01,3.489617407321929932e-01,1.727873086929321289e-01,1.311617732048034668e+00,-7.478487491607666016e-02,-8.598830550909042358e-03,2.968068718910217285e-01,-1.692874908447265625e+00,-2.090125799179077148e+00,1.399999976158142090e+00,1.399654269218444824e+00,1.662655472755432129e-01,4.626499861478805542e-02,2.508420962840318680e-03
-2.462178235873579979e-03,-1.910673454403877258e-02,7.702617645263671875e-01,-2.177978307008743286e-02,3.975222259759902954e-02,6.551027297973632812e-01,7.541788816452026367e-01,-2.146216854453086853e-02,-6.320537533611059189e-03,2.210076600313186646e-01,1.697307378053665161e-01,-2.523175477981567383e-01,6.675781309604644775e-02,-8.758709579706192017e-02,-5.620723590254783630e-02,-1.756507456302642822e-01,2.065573334693908691e-01,-2.428446710109710693e-01,1.293164491653442383e-01,1.258048135787248611e-02,4.202120304107666016e-01,-2.181434445083141327e-02,1.114625558257102966e-01,2.282985150814056396e-01,1.297570019960403442e-01,1.325846552848815918e+00,-7.908144593238830566e-02,-8.759666234254837036e-03,2.787891328334808350e-01,-1.632065892219543457e+00,-2.026155710220336914e+00,1.399999976158142090e+00,1.406800746917724609e+00,1.671520620584487915e-01,5.856067314743995667e-02,8.610584586858749390e-02
-3.544094739481806755e-03,-2.016587182879447937e-02,7.703668475151062012e-01,-1.472827699035406113e-02,4.787648841738700867e-02,6.562421917915344238e-01,7.528858780860900879e-01,-2.320696413516998291e-02,-3.396004810929298401e-02,2.251870483160018921e-01,1.594201177358627319e-01,-2.432193160057067871e-01,7.981868833303451538e-02,-9.747347980737686157e-02,-8.397160470485687256e-02,-1.690590679645538330e-01,2.185964137315750122e-01,-2.476061731576919556e-01,1.346917152404785156e-01,-1.802082359790802002e-02,4.287457466125488281e-01,-2.044791169464588165e-02,1.035091578960418701e-01,1.193164363503456116e-01,9.783647954463958740e-02,1.334761619567871094e+00,-7.937749475240707397e-02,-9.219545871019363403e-03,2.515744566917419434e-01,-1.555513978004455566e+00,-1.940309047698974609e+00,1.399999976158142090e+00,1.403085350990295410e+00,1.750749796628952026e-01,7.031802833080291748e-02,1.741710007190704346e-01
-2.846438437700271606e-03,-2.045013010501861572e-02,7.708050012588500977e-01,-2.021531574428081512e-02,4.637093842029571533e-02,6.606626510620117188e-01,7.489765882492065430e-01,-2.337026596069335938e-02,-2.391744405031204224e-02,2.204340100288391113e-01,1.436820179224014282e-01,-2.296377718448638916e-01,8.210153132677078247e-02,-1.088379025459289551e-01,-7.426517456769943237e-02,-1.758606731891632080e-01,2.346346080303192139e-01,-2.545428276062011719e-01,1.321697086095809937e-01,-2.278886884450912476e-01,4.098375141620635986e-01,2.301274985074996948e-02,1.476879417896270752e-01,2.665696851909160614e-02,2.270909100770950317e-01,1.332678794860839844e+00,-8.223983645439147949e-02,-1.807661540806293488e-02,2.306108772754669189e-01,-9.737562537193298340e-01,-1.448995590209960938e+00,9.671508669853210449e-01,1.464643478393554688e+00,2.345558851957321167e-01,8.988342434167861938e-02,1.322828531265258789e-01
6.253023166209459305e-03,-2.188771404325962067e-02,7.710033059120178223e-01,-1.908942870795726776e-02,4.219278693199157715e-02,6.582540273666381836e-01,7.513700723648071289e-01,-3.486764058470726013e-02,3.126717172563076019e-03,2.327007353305816650e-01,1.909412890672683716e-01,-2.553491294384002686e-01,6.772197782993316650e-02,-8.522512763738632202e-02,-4.989261552691459656e-02,-1.733021736145019531e-01,1.961152106523513794e-01,-2.333073019981384277e-01,1.167011484503746033e-01,-5.208918452262878418e-02,-3.238001838326454163e-02,-2.697663009166717529e-02,1.002597510814666748e-01,4.853846728801727295e-01,5.815766379237174988e-02,1.328885078430175781e+00,-6.270299851894378662e-02,-2.015445567667484283e-02,1.968919932842254639e-01,1.056982725858688354e-01,-6.353701353073120117e-01,1.104938983917236328e-02,1.206330657005310059e+00,1.098591014742851257e-01,1.469963695853948593e-02,-1.820867955684661865e-01
7.104027085006237030e-03,-2.347986400127410889e-02,7.709500789642333984e-01,-1.885539107024669647e-02,4.334914311766624451e-02,6.582564115524291992e-01,7.513080835342407227e-01,-3.910223394632339478e-02,2.936198608949780464e-03,2.344183623790740967e-01,1.916673630475997925e-01,-2.552471756935119629e-01,7.096623629331588745e-02,-9.188205003738403320e-02,-5.069408565759658813e-02,-1.705403029918670654e-01,2.015114724636077881e-01,-2.347692251205444336e-01,1.168118342757225037e-01,-4.669206961989402771e-02,-3.526814654469490051e-02,-3.101764433085918427e-02,8.468797057867050171e-02,4.209930300712585449e-01,-2.569939242675900459e-03,1.311491727828979492e+00,-5.159171670675277710e-02,-2.858590148389339447e-02,1.790453940629959106e-01,9.709861874580383301e-02,-5.580222606658935547e-01,8.438710868358612061e-02,1.168543100357055664e+00,8.533803373575210571e-02,1.257189176976680756e-02,-1.708953678607940674e-01
7.285213097929954529e-03,-2.367832884192466736e-02,7.708618044853210449e-01,-2.099783532321453094e-02,4.556864127516746521e-02,6.589885354042053223e-01,7.504776716232299805e-01,-4.572207480669021606e-02,3.567646490409970284e-03,2.360002845525741577e-01,1.895315796136856079e-01,-2.552061378955841064e-01,6.942570209503173828e-02,-1.003649085760116577e-01,-5.059975385665893555e-02,-1.704941689968109131e-01,2.045022249221801758e-01,-2.349723726511001587e-01,1.184381917119026184e-01,-4.454291239380836487e-02,-3.710905462503433228e-02,-3.599551320075988770e-02,7.532534748315811157e-02,3.558276891708374023e-01,-5.627196654677391052e-02,1.295726299285888672e+00,-2.957566455006599426e-02,-3.586106374859809875e-02,1.629824489355087280e-01,8.678334951400756836e-02,-4.752872586250305176e-01,1.557514220476150513e-01,1.140133857727050781e+00,7.184990495443344116e-02,9.983457624912261963e-03,-1.600391864776611328e-01
6.392444018274545670e-03,-2.324770577251911163e-02,7.710218429565429688e-01,-2.343514002859592438e-02,4.677595198154449463e-02,6.596057415008544922e-01,7.497887015342712402e-01,-4.997948557138442993e-02,3.978493157774209976e-03,2.343370318412780762e-01,1.862306445837020874e-01,-2.522572576999664307e-01,6.679560244083404541e-02,-1.040183305740356445e-01,-4.923072084784507751e-02,-1.679578274488449097e-01,2.009495794773101807e-01,-2.288935184478759766e-01,1.225419268012046814e-01,-4.220880568027496338e-02,-3.894231468439102173e-02,-4.031373560428619385e-02,6.593235582113265991e-02,2.990553081035614014e-01,-1.063348948955535889e-01,1.277650237083435059e+00,-1.098402775824069977e-03,-4.149944707751274109e-02,1.552388966083526611e-01,7.410410791635513306e-02,-4.001502990722656250e-01,2.174604684114456177e-01,1.121610879898071289e+00,6.325090676546096802e-02,5.829821340739727020e-03,-1.517127603292465210e-01
8.007420226931571960e-03,-2.332972362637519836e-02,7.710894346237182617e-01,-2.404577657580375671e-02,4.768533632159233093e-02,6.602707505226135254e-01,7.491264343261718750e-01,-5.158286169171333313e-02,5.368392914533615112e-03,2.306522876024246216e-01,1.837445646524429321e-01,-2.501672804355621338e-01,6.562367826700210571e-02,-1.062847897410392761e-01,-4.702090471982955933e-02,-1.663693934679031372e-01,2.008230835199356079e-01,-2.263444513082504272e-01,1.250832080841064453e-01,-3.804275766015052795e-02,-3.716281801462173462e-02,-4.463067278265953064e-02,5.982814729213714600e-02,2.530344128608703613e-01,-1.514569967985153198e-01,1.260249495506286621e+00,2.036365494132041931e-02,-4.773202538490295410e-02,1.534101366996765137e-01,6.538848578929901123e-02,-3.381200730800628662e-01,2.615731656551361084e-01,1.119931459426879883e+00,6.252742558717727661e-02,7.279706769622862339e-04,-1.570351719856262207e-01
9.562416933476924896e-03,-2.428632229566574097e-02,7.712383866310119629e-01,-2.298573218286037445e-02,4.786244407296180725e-02,6.595956087112426758e-01,7.497429251670837402e-01,-5.110381171107292175e-02,5.610801745206117630e-03,2.284075915813446045e-01,1.830287426710128784e-01,-2.455709576606750488e-01,6.542136520147323608e-02,-1.076552569866180420e-01,-4.617159813642501831e-02,-1.629808992147445679e-01,2.026899755001068115e-01,-2.242124825716018677e-01,1.294789910316467285e-01,-3.460378199815750122e-02,-3.724458441138267517e-02,-4.524696618318557739e-02,5.319758132100105286e-02,2.190067172050476074e-01,-1.823385059833526611e-01,1.250839352607727051e+00,2.051640488207340240e-02,-5.123932659626007080e-02,1.522219032049179077e-01,6.043646112084388733e-02,-2.947305440902709961e-01,2.965263724327087402e-01,1.116558670997619629e+00,7.120307534933090210e-02,-3.663225099444389343e-03,-1.555182337760925293e-01
8.156644180417060852e-03,-2.577609941363334656e-02,7.712659835815429688e-01,-2.293331734836101532e-02,4.676763340830802917e-02,6.605889201164245605e-01,7.489386796951293945e-01,-5.132693424820899963e-02,5.073054227977991104e-03,2.280558049678802490e-01,1.814941316843032837e-01,-2.452548444271087646e-01,6.435091793537139893e-02,-1.080820187926292419e-01,-4.674050956964492798e-02,-1.620159447193145752e-01,2.028920352458953857e-01,-2.211305648088455200e-01,1.330625712871551514e-01,-3.288942575454711914e-02,-3.569624572992324829e-02,-4.712957888841629028e-02,4.564693942666053772e-02,2.063520550727844238e-01,-2.077923119068145752e-01,1.234039068222045898e+00,2.813434228301048279e-02,-5.873382464051246643e-02,1.579127013683319092e-01,5.885230749845504761e-02,-2.713648974895477295e-01,3.214184641838073730e-01,1.109718084335327148e+00,7.740914821624755859e-02,-1.000831462442874908e-02,-1.535806506872177124e-01
8.230946958065032959e-03,-2.544725313782691956e-02,7.712562680244445801e-01,-2.291418798267841339e-02,4.730056971311569214e-02,6.609018445014953613e-01,7.486296892166137695e-01,-5.150693282485008240e-02,4.359251819550991058e-03,2.299823909997940063e-01,1.810547560453414917e-01,-2.449183762073516846e-01,6.662474572658538818e-02,-1.096614897251129150e-01,-4.791229218244552612e-02,-1.617715656757354736e-01,2.056487053632736206e-01,-2.224250137805938721e-01,1.312718838453292847e-01,-3.350837156176567078e-02,-3.331474959850311279e-02,-4.951399192214012146e-02,4.663415625691413879e-02,2.094222158193588257e-01,-2.186936438083648682e-01,1.217754125595092773e+00,3.006247617304325104e-02,-6.313519179821014404e-02,1.622445285320281982e-01,6.103085353970527649e-02,-2.699775993824005127e-01,3.296485841274261475e-01,1.099911808967590332e+00,7.522977143526077271e-02,-1.119747105985879898e-02,-1.557320952415466309e-01
7.386669516563415527e-03,-2.444581128656864166e-02,7.712922096252441406e-01,-2.333765290677547455e-02,4.767701029777526855e-02,6.618341207504272461e-01,7.477685809135437012e-01,-5.106650292873382568e-02,2.633551834151148796e-03,2.295141220092773438e-01,1.793603003025054932e-01,-2.435333877801895142e-01,6.606259942054748535e-02,-1.103579849004745483e-01,-4.988630115985870361e-02,-1.627203673124313354e-01,2.084636241197586060e-01,-2.242720872163772583e-01,1.299456506967544556e-01,-3.320459276437759399e-02,-3.148145601153373718e-02,-5.215837806463241577e-02,4.642341658473014832e-02,2.220637500286102295e-01,-2.245931476354598999e-01,1.202400922775268555e+00,3.480011224746704102e-02,-6.545981764793395996e-02,1.695275008678436279e-01,6.283911317586898804e-02,-2.786709964275360107e-01,3.320767283439636230e-01,1.086901307106018066e+00,7.122432440519332886e-02,-9.181161411106586456e-03,-1.537018418312072754e-01
6.845609750598669052e-03,-2.294593304395675659e-02,7.712908387184143066e-01,-2.455084025859832764e-02,4.923159629106521606e-02,6.625323891639709473e-01,7.470102906227111816e-01,-5.150137841701507568e-02,1.126121846027672291e-03,2.335003465414047241e-01,1.753082871437072754e-01,-2.427276521921157837e-01,6.471344083547592163e-02,-1.127861887216567993e-01,-5.232354998588562012e-02,-1.670340448617935181e-01,2.101701498031616211e-01,-2.265742570161819458e-01,1.288209110498428345e-01,-3.345661982893943787e-02,-2.797882258892059326e-02,-5.500330775976181030e-02,4.943859577178955078e-02,2.456056922674179077e-01,-2.111186385154724121e-01,1.187430143356323242e+00,3.772803768515586853e-02,-7.044206559658050537e-02,1.765166372060775757e-01,6.640762835741043091e-02,-3.005210459232330322e-01,3.221183121204376221e-01,1.067163825035095215e+00,6.187470257282257080e-02,-9.574821218848228455e-03,-1.485612392425537109e-01
6.737397518008947372e-03,-2.221024595201015472e-02,7.711507678031921387e-01,-2.530021034181118011e-02,5.037843436002731323e-02,6.633619070053100586e-01,7.461721301078796387e-01,-5.173296108841896057e-02,3.054160042665898800e-04,2.381481081247329712e-01,1.717597395181655884e-01,-2.446824163198471069e-01,6.313345581293106079e-02,-1.159973293542861938e-01,-5.439174920320510864e-02,-1.718316227197647095e-01,2.146168202161788940e-01,-2.321313023567199707e-01,1.243056133389472961e-01,-3.536638617515563965e-02,-2.435919083654880524e-02,-5.646166577935218811e-02,5.329370126128196716e-02,2.728550732135772705e-01,-1.936400085687637329e-01,1.182918310165405273e+00,3.530954942107200623e-02,-7.167913764715194702e-02,1.820714771747589111e-01,7.183654606342315674e-02,-3.329151868820190430e-01,3.085979223251342773e-01,1.051550865173339844e+00,5.806814134120941162e-02,-9.042177349328994751e-03,-1.434870064258575439e-01
7.780152838677167892e-03,-2.079019322991371155e-02,7.711200118064880371e-01,-2.594901248812675476e-02,5.190025269985198975e-02,6.644818782806396484e-01,7.450482249259948730e-01,-5.249364674091339111e-02,1.409291726304218173e-04,2.389036417007446289e-01,1.700199991464614868e-01,-2.440967857837677002e-01,6.127932667732238770e-02,-1.178818792104721069e-01,-5.523442104458808899e-02,-1.750591844320297241e-01,2.178592234849929810e-01,-2.371225208044052124e-01,1.196610555052757263e-01,-3.827266022562980652e-02,-2.080689556896686554e-02,-5.796546489000320435e-02,6.127186864614486694e-02,2.996630668640136719e-01,-1.808105111122131348e-01,1.176988244056701660e+00,3.521914780139923096e-02,-7.161594927310943604e-02,1.846407353878021240e-01,7.547969371080398560e-02,-3.634810745716094971e-01,2.947641909122467041e-01,1.042474031448364258e+00,5.743680149316787720e-02,-6.206576246768236160e-03,-1.390541791915893555e-01
7.881340570747852325e-03,-1.996832154691219330e-02,7.711578011512756348e-01,-2.609657496213912964e-02,5.189728364348411560e-02,6.658008098602294922e-01,7.438648939132690430e-01,-5.119214206933975220e-02,-2.040707477135583758e-05,2.378779500722885132e-01,1.684056520462036133e-01,-2.429281175136566162e-01,5.753375589847564697e-02,-1.162297949194908142e-01,-5.537986382842063904e-02,-1.761163622140884399e-01,2.182571738958358765e-01,-2.391067892313003540e-01,1.168515756726264954e-01,-4.060593619942665100e-02,-1.825292967259883881e-02,-5.705369263887405396e-02,6.476466357707977295e-02,3.256656527519226074e-01,-1.635176092386245728e-01,1.180662035942077637e+00,3.162820264697074890e-02,-7.118249684572219849e-02,1.844550222158432007e-01,7.467815279960632324e-02,-3.935573995113372803e-01,2.761665880680084229e-01,1.041629791259765625e+00,5.923735722899436951e-02,-5.306323990225791931e-03,-1.364695280790328979e-01
7.849311456084251404e-03,-1.959479227662086487e-02,7.711563706398010254e-01,-2.584678865969181061e-02,5.148152634501457214e-02,6.660673618316650391e-01,7.436638474464416504e-01,-4.912011697888374329e-02,-4.322476888773962855e-05,2.380044013261795044e-01,1.676100343465805054e-01,-2.438802570104598999e-01,5.580462142825126648e-02,-1.162303388118743896e-01,-5.538749322295188904e-02,-1.747413426637649536e-01,2.219556868076324463e-01,-2.406825125217437744e-01,1.144291833043098450e-01,-4.274536296725273132e-02,-1.680381968617439270e-02,-5.404951795935630798e-02,6.492533534765243530e-02,3.462655842304229736e-01,-1.427020579576492310e-01,1.194025039672851562e+00,2.316666953265666962e-02,-6.819909065961837769e-02,1.830572932958602905e-01,7.194814085960388184e-02,-4.225563108921051025e-01,2.528668642044067383e-01,1.049883365631103516e+00,6.846974790096282959e-02,-5.260553676635026932e-03,-1.318721026182174683e-01
7.897999137639999390e-03,-2.037356421351432800e-02,7.712501287460327148e-01,-2.476241067051887512e-02,5.061769485473632812e-02,6.662235856056213379e-01,7.436200380325317383e-01,-4.534524679183959961e-02,-9.260660735890269279e-04,2.371096462011337280e-01,1.635245382785797119e-01,-2.407166063785552979e-01,5.313435569405555725e-02,-1.129144728183746338e-01,-5.562672019004821777e-02,-1.756596863269805908e-01,2.195208519697189331e-01,-2.400018572807312012e-01,1.136451661586761475e-01,-4.428483918309211731e-02,-1.632693596184253693e-02,-5.091964453458786011e-02,6.226965412497520447e-02,3.626533448696136475e-01,-1.274960339069366455e-01,1.209233403205871582e+00,1.978467032313346863e-02,-6.488777697086334229e-02,1.807077229022979736e-01,6.318897753953933716e-02,-4.448133707046508789e-01,2.337252795696258545e-01,1.066764831542968750e+00,7.431045174598693848e-02,-2.929994370788335800e-03,-1.320982724428176880e-01
7.585565559566020966e-03,-2.061595208942890167e-02,7.713391780853271484e-01,-2.435929700732231140e-02,4.941706731915473938e-02,6.665652990341186523e-01,7.434079051017761230e-01,-4.181799665093421936e-02,-5.888924351893365383e-04,2.373633086681365967e-01,1.605910062789916992e-01,-2.398800551891326904e-01,5.382190644741058350e-02,-1.095046177506446838e-01,-5.486602708697319031e-02,-1.762450933456420898e-01,2.174556702375411987e-01,-2.378644943237304688e-01,1.135634854435920715e-01,-4.546130821108818054e-02,-1.564217172563076019e-02,-4.764042049646377563e-02,5.926602706313133240e-02,3.740407228469848633e-01,-1.130434572696685791e-01,1.226798653602600098e+00,1.539602782577276230e-02,-6.132408976554870605e-02,1.794366538524627686e-01,5.282608047127723694e-02,-4.641326069831848145e-01,2.181100994348526001e-01,1.081560015678405762e+00,7.278428226709365845e-02,-3.746659494936466217e-04,-1.367607861757278442e-01
6.898960098624229431e-03,-2.049165219068527222e-02,7.713093161582946777e-01,-2.434211224317550659e-02,4.820539429783821106e-02,6.662332415580749512e-01,7.437855601310729980e-01,-3.925363719463348389e-02,2.135312097379937768e-04,2.384177446365356445e-01,1.603871136903762817e-01,-2.429996132850646973e-01,5.729589238762855530e-02,-1.089196652173995972e-01,-5.382114648818969727e-02,-1.741682738065719604e-01,2.202576696872711182e-01,-2.378014922142028809e-01,1.104523912072181702e-01,-4.710226133465766907e-02,-1.475858967751264572e-02,-4.499359801411628723e-02,5.570389330387115479e-02,3.791856169700622559e-01,-9.950641542673110962e-02,1.244663953781127930e+00,7.633908186107873917e-03,-5.563066899776458740e-02,1.788059771060943604e-01,4.470333829522132874e-02,-4.773313701152801514e-01,2.015992999076843262e-01,1.095788359642028809e+00,7.456416636705398560e-02,1.187565387226641178e-03,-1.401645690202713013e-01
5.993294529616832733e-03,-2.024182118475437164e-02,7.713648080825805664e-01,-2.482589520514011383e-02,4.743190854787826538e-02,6.675873398780822754e-01,7.426041960716247559e-01,-3.795703127980232239e-02,3.140382759738713503e-04,2.376211881637573242e-01,1.583186239004135132e-01,-2.427716851234436035e-01,5.567478388547897339e-02,-1.064505651593208313e-01,-5.371125414967536926e-02,-1.762011200189590454e-01,2.180916666984558105e-01,-2.353197038173675537e-01,1.113938689231872559e-01,-4.738583415746688843e-02,-1.430753897875547409e-02,-4.328494146466255188e-02,5.399556830525398254e-02,3.806702792644500732e-01,-9.043769538402557373e-02,1.252890467643737793e+00,1.709503005258738995e-03,-5.306707695126533508e-02,1.756097376346588135e-01,3.962064906954765320e-02,-4.827244281768798828e-01,1.915051341056823730e-01,1.104659676551818848e+00,7.653602212667465210e-02,2.348823938518762589e-03,-1.401945799589157104e-01
5.758803337812423706e-03,-2.056370116770267487e-02,7.712544798851013184e-01,-2.510270476341247559e-02,4.680315777659416199e-02,6.686497330665588379e-01,7.416784167289733887e-01,-3.859723731875419617e-02,1.720666536130011082e-03,2.402864694595336914e-01,1.594844162464141846e-01,-2.463109195232391357e-01,5.858623981475830078e-02,-1.060529723763465881e-01,-5.303496122360229492e-02,-1.773426532745361328e-01,2.184835970401763916e-01,-2.355302125215530396e-01,1.080426201224327087e-01,-4.782442748546600342e-02,-1.281985454261302948e-02,-4.228105396032333374e-02,5.419258028268814087e-02,3.789048790931701660e-01,-8.830475062131881714e-02,1.253118634223937988e+00,-1.607008627615869045e-03,-5.252222716808319092e-02,1.757169812917709351e-01,3.877682983875274658e-02,-4.864162802696228027e-01,1.864123344421386719e-01,1.105998635292053223e+00,7.181553542613983154e-02,2.266000723466277122e-03,-1.432665586471557617e-01
5.595675669610500336e-03,-2.076050266623497009e-02,7.712226510047912598e-01,-2.517013996839523315e-02,4.701263457536697388e-02,6.681740283966064453e-01,7.420914769172668457e-01,-3.926200047135353088e-02,1.450656214728951454e-03,2.407663911581039429e-01,1.597585827112197876e-01,-2.465964257717132568e-01,5.742609500885009766e-02,-1.065604463219642639e-01,-5.364624410867691040e-02,-1.791950315237045288e-01,2.177338004112243652e-01,-2.350486665964126587e-01,1.121032461524009705e-01,-4.758848994970321655e-02,-1.243288349360227585e-02,-4.254776984453201294e-02,5.377295613288879395e-02,3.714032769203186035e-01,-8.928839117288589478e-02,1.253027439117431641e+00,-7.575214374810457230e-03,-5.276839435100555420e-02,1.719512343406677246e-01,3.868815675377845764e-02,-4.816251993179321289e-01,1.857800781726837158e-01,1.106827855110168457e+00,7.821585983037948608e-02,2.070335205644369125e-03,-1.395370960235595703e-01
4.969715606421232224e-03,-2.034951001405715942e-02,7.711288928985595703e-01,-2.589050121605396271e-02,4.680812358856201172e-02,6.687791943550109863e-01,7.415342330932617188e-01,-3.980999067425727844e-02,1.937567838467657566e-03,2.408456504344940186e-01,1.601457744836807251e-01,-2.495454549789428711e-01,5.701097846031188965e-02,-1.063900664448738098e-01,-5.344135686755180359e-02,-1.801691353321075439e-01,2.176569998264312744e-01,-2.349620759487152100e-01,1.143019124865531921e-01,-4.561698809266090393e-02,-1.182369887828826904e-02,-4.303984344005584717e-02,5.258141085505485535e-02,3.625545203685760498e-01,-9.516286849975585938e-02,1.246936559677124023e+00,-3.512636059895157814e-03,-5.410862714052200317e-02,1.683301925659179688e-01,4.050339758396148682e-02,-4.732656478881835938e-01,1.883441209793090820e-01,1.107646942138671875e+00,8.081424236297607422e-02,2.545319730415940285e-03,-1.359691470861434937e-01
4.181218799203634262e-03,-2.102244272828102112e-02,7.710727453231811523e-01,-2.611535228788852692e-02,4.622793570160865784e-02,6.698316931724548340e-01,7.406122684478759766e-01,-4.142872989177703857e-02,2.100854180753231049e-03,2.406029701232910156e-01,1.616815626621246338e-01,-2.514887154102325439e-01,5.707488954067230225e-02,-1.059280484914779663e-01,-5.373679101467132568e-02,-1.818082481622695923e-01,2.167112678289413452e-01,-2.342145591974258423e-01,1.146155744791030884e-01,-4.371000081300735474e-02,-1.178933400660753250e-02,-4.252071678638458252e-02,5.252213403582572937e-02,3.530481159687042236e-01,-1.021850407123565674e-01,1.237302780151367188e+00,-6.557284359587356448e-05,-5.499480664730072021e-02,1.662691533565521240e-01,4.216719418764114380e-02,-4.639939069747924805e-01,1.960327178239822388e-01,1.107301592826843262e+00,8.032391220331192017e-02,3.664373885840177536e-03,-1.317197829484939575e-01
4.103364888578653336e-03,-2.148349210619926453e-02,7.709478139877319336e-01,-2.622738666832447052e-02,4.610913246870040894e-02,6.703332066535949707e-01,7.401617765426635742e-01,-4.350134730339050293e-02,2.869513817131519318e-03,2.419377714395523071e-01,1.644452810287475586e-01,-2.543006837368011475e-01,5.675945058465003967e-02,-1.059382483363151550e-01,-5.383863672614097595e-02,-1.838891357183456421e-01,2.160466760396957397e-01,-2.349953502416610718e-01,1.148293614387512207e-01,-4.193535819649696350e-02,-1.217906735837459564e-02,-4.301836714148521423e-02,5.251485109329223633e-02,3.417520225048065186e-01,-1.088687032461166382e-01,1.230050444602966309e+00,3.387600881978869438e-03,-5.578263476490974426e-02,1.643268316984176636e-01,4.459202662110328674e-02,-4.519053101539611816e-01,2.025846540927886963e-01,1.107867717742919922e+00,8.202014863491058350e-02,3.981926944106817245e-03,-1.279407441616058350e-01
4.177705850452184677e-03,-2.206225693225860596e-02,7.708688974380493164e-01,-2.613014541566371918e-02,4.614068195223808289e-02,6.706051230430603027e-01,7.399169206619262695e-01,-4.566226154565811157e-02,3.316948655992746353e-03,2.431316226720809937e-01,1.673090606927871704e-01,-2.558689117431640625e-01,5.630458146333694458e-02,-1.062451004981994629e-01,-5.440010875463485718e-02,-1.866310685873031616e-01,2.156224250793457031e-01,-2.353600859642028809e-01,1.161410287022590637e-01,-3.966992720961570740e-02,-1.314941234886646271e-02,-4.401823505759239197e-02,5.342788249254226685e-02,3.319080770015716553e-01,-1.152655854821205139e-01,1.223109245300292969e+00,5.163820926100015640e-03,-5.648889020085334778e-02,1.610233336687088013e-01,4.742450267076492310e-02,-4.402767419815063477e-01,2.075700163841247559e-01,1.108621239662170410e+00,8.186765760183334351e-02,4.751423373818397522e-03,-1.235667541623115540e-01
4.795064684003591537e-03,-2.235355600714683533e-02,7.707834839820861816e-01,-2.596497535705566406e-02,4.642876237630844116e-02,6.707490682601928711e-01,7.397742271423339844e-01,-4.758622869849205017e-02,3.947532735764980316e-03,2.432765960693359375e-01,1.699797958135604858e-01,-2.569283545017242432e-01,5.598161369562149048e-02,-1.066466867923736572e-01,-5.455155298113822937e-02,-1.886795312166213989e-01,2.156272381544113159e-01,-2.366730868816375732e-01,1.156629770994186401e-01,-3.787928819656372070e-02,-1.413154508918523788e-02,-4.496273770928382874e-02,5.740514397621154785e-02,3.246369659900665283e-01,-1.191927865147590637e-01,1.213580608367919922e+00,6.096405908465385437e-03,-5.688090994954109192e-02,1.589795798063278198e-01,5.167803540825843811e-02,-4.298728108406066895e-01,2.121347934007644653e-01,1.107461333274841309e+00,7.814875990152359009e-02,5.561157129704952240e-03,-1.210358589887619019e-01
5.043880548328161240e-03,-2.237719297409057617e-02,7.707778215408325195e-01,-2.613698877394199371e-02,4.666785523295402527e-02,6.711026430130004883e-01,7.394323348999023438e-01,-4.805676639080047607e-02,4.325599875301122665e-03,2.444689422845840454e-01,1.695974171161651611e-01,-2.571025192737579346e-01,5.393328890204429626e-02,-1.062918305397033691e-01,-5.457706376910209656e-02,-1.909355074167251587e-01,2.141182571649551392e-01,-2.361840605735778809e-01,1.183462366461753845e-01,-3.640815988183021545e-02,-1.438075210899114609e-02,-4.556478932499885559e-02,5.723860859870910645e-02,3.181810975074768066e-01,-1.235642209649085999e-01,1.212862491607666016e+00,4.987095482647418976e-03,-5.710564926266670227e-02,1.569083333015441895e-01,5.521468445658683777e-02,-4.215894043445587158e-01,2.153664082288742065e-01,1.108384013175964355e+00,8.124453574419021606e-02,4.742559045553207397e-03,-1.201505213975906372e-01
5.482228007167577744e-03,-2.215766906738281250e-02,7.707617878913879395e-01,-2.648615650832653046e-02,4.696686938405036926e-02,6.719799637794494629e-01,7.386037707328796387e-01,-4.968687891960144043e-02,5.305406637489795685e-03,2.456550598144531250e-01,1.712121069431304932e-01,-2.581205070018768311e-01,5.411235243082046509e-02,-1.063999235630035400e-01,-5.405037105083465576e-02,-1.915273964405059814e-01,2.136871963739395142e-01,-2.363170832395553589e-01,1.149064451456069946e-01,-3.518648445606231689e-02,-1.371158845722675323e-02,-4.673029482364654541e-02,5.930651724338531494e-02,3.142864406108856201e-01,-1.251082420349121094e-01,1.211453080177307129e+00,4.888302180916070938e-03,-5.801377445459365845e-02,1.530241072177886963e-01,6.110147386789321899e-02,-4.163189232349395752e-01,2.168901562690734863e-01,1.108797550201416016e+00,7.624068856239318848e-02,4.302522167563438416e-03,-1.173399463295936584e-01
6.269952747970819473e-03,-2.205260656774044037e-02,7.707298994064331055e-01,-2.630231529474258423e-02,4.734262079000473022e-02,6.719990968704223633e-01,7.385689616203308105e-01,-5.011138692498207092e-02,5.886020138859748840e-03,2.470803260803222656e-01,1.722455024719238281e-01,-2.584165632724761963e-01,5.371465161442756653e-02,-1.063881590962409973e-01,-5.385269224643707275e-02,-1.921238005161285400e-01,2.135746330022811890e-01,-2.371390908956527710e-01,1.150509715080261230e-01,-3.550130128860473633e-02,-1.333281304687261581e-02,-4.783483594655990601e-02,6.061653792858123779e-02,3.139643371105194092e-01,-1.227674782276153564e-01,1.217920780181884766e+00,4.047983326017856598e-03,-5.661755800247192383e-02,1.474227756261825562e-01,6.475229561328887939e-02,-4.150365293025970459e-01,2.128948867321014404e-01,1.113429903984069824e+00,7.510340958833694458e-02,5.168239120393991470e-03,-1.132063791155815125e-01
7.399941794574260712e-03,-2.100578695535659790e-02,7.707307934761047363e-01,-2.656796760857105255e-02,4.802387952804565430e-02,6.724267601966857910e-01,7.381260991096496582e-01,-4.969483986496925354e-02,6.597893312573432922e-03,2.463623583316802979e-01,1.715843975543975830e-01,-2.582020461559295654e-01,5.226790159940719604e-02,-1.057523488998413086e-01,-5.281560495495796204e-02,-1.918506175279617310e-01,2.130739390850067139e-01,-2.379466146230697632e-01,1.144513264298439026e-01,-3.691269829869270325e-02,-1.227196026593446732e-02,-4.835548996925354004e-02,6.341730058193206787e-02,3.247983157634735107e-01,-1.146260872483253479e-01,1.229873180389404297e+00,5.967557430267333984e-03,-5.346768721938133240e-02,1.418937891721725464e-01,6.681603193283081055e-02,-4.253049790859222412e-01,2.049024999141693115e-01,1.127514600753784180e+00,7.136096060276031494e-02,7.813042029738426208e-03,-1.085681468248367310e-01
7.999119348824024200e-03,-2.168821729719638824e-02,7.706967592239379883e-01,-2.609748579561710358e-02,4.758190363645553589e-02,6.732736229896545410e-01,7.373991608619689941e-01,-4.951549693942070007e-02,7.197730243206024170e-03,2.457764744758605957e-01,1.718394756317138672e-01,-2.592108547687530518e-01,5.400617048144340515e-02,-1.060413345694541931e-01,-5.232355371117591858e-02,-1.921923011541366577e-01,2.155872583389282227e-01,-2.389725595712661743e-01,1.119248867034912109e-01,-4.007923230528831482e-02,-1.047439686954021454e-02,-4.937841743230819702e-02,6.390005350112915039e-02,3.515018224716186523e-01,-9.922008216381072998e-02,1.252145886421203613e+00,4.619207698851823807e-03,-4.809298366308212280e-02,1.413733214139938354e-01,6.909774988889694214e-02,-4.558843970298767090e-01,1.866289228200912476e-01,1.145386457443237305e+00,6.923514604568481445e-02,9.871432557702064514e-03,-1.091905161738395691e-01
8.434873074293136597e-03,-2.094949036836624146e-02,7.707917690277099609e-01,-2.659559994935989380e-02,4.736001044511795044e-02,6.741156578063964844e-01,7.366259694099426270e-01,-4.889784753322601318e-02,8.689195849001407623e-03,2.450109273195266724e-01,1.716543138027191162e-01,-2.589465081691741943e-01,5.348347127437591553e-02,-1.049783825874328613e-01,-5.010969564318656921e-02,-1.894329786300659180e-01,2.153208255767822266e-01,-2.375138103961944580e-01,1.073875650763511658e-01,-4.283284023404121399e-02,-8.129459805786609650e-03,-5.021385848522186279e-02,6.255408376455307007e-02,3.884796202182769775e-01,-7.393019646406173706e-02,1.280858039855957031e+00,-1.777503755874931812e-03,-4.242167994379997253e-02,1.411125957965850830e-01,6.971492618322372437e-02,-4.989778101444244385e-01,1.603705883026123047e-01,1.169121623039245605e+00,6.618509441614151001e-02,1.139341387897729874e-02,-1.089150905609130859e-01
7.369374856352806091e-03,-2.019871398806571960e-02,7.710433602333068848e-01,-2.692565135657787323e-02,4.633562639355659485e-02,6.750820279121398926e-01,7.357936501502990723e-01,-4.558844864368438721e-02,7.989254780113697052e-03,2.408648133277893066e-01,1.681843101978302002e-01,-2.553016543388366699e-01,5.209381133317947388e-02,-1.021687239408493042e-01,-4.890834912657737732e-02,-1.851812154054641724e-01,2.142942249774932861e-01,-2.339827567338943481e-01,1.048861220479011536e-01,-4.634556174278259277e-02,-5.286757368594408035e-03,-5.000186711549758911e-02,6.095329299569129944e-02,4.327419996261596680e-01,-4.183220118284225464e-02,1.311742782592773438e+00,-1.409506890922784805e-02,-3.270865604281425476e-02,1.441723406314849854e-01,6.738593429327011108e-02,-5.492390990257263184e-01,1.278142929077148438e-01,1.197003960609436035e+00,6.792657077312469482e-02,1.557953283190727234e-02,-1.085959747433662415e-01
7.255942095071077347e-03,-2.108636125922203064e-02,7.711436152458190918e-01,-2.593711391091346741e-02,4.518880322575569153e-02,6.763294935226440430e-01,7.347541451454162598e-01,-4.256679862737655640e-02,6.930371746420860291e-03,2.367214709520339966e-01,1.647818982601165771e-01,-2.517139315605163574e-01,4.936147108674049377e-02,-9.856592863798141479e-02,-4.890155792236328125e-02,-1.859608143568038940e-01,2.122488766908645630e-01,-2.328395098447799683e-01,1.024842560291290283e-01,-4.916164278984069824e-02,-2.491210121661424637e-03,-4.903540015220642090e-02,6.139357015490531921e-02,4.885664880275726318e-01,-2.455862471833825111e-03,1.333934068679809570e+00,-2.843839116394519806e-02,-2.602652274072170258e-02,1.509376913309097290e-01,6.604330986738204956e-02,-6.121503710746765137e-01,8.205888420343399048e-02,1.223189234733581543e+00,8.076856285333633423e-02,1.776118576526641846e-02,-1.145322844386100769e-01
8.372901007533073425e-03,-2.339921519160270691e-02,7.711701393127441406e-01,-2.397361770272254944e-02,4.375032335519790649e-02,6.771587133407592773e-01,7.341439127922058105e-01,-4.036412015557289124e-02,6.645788438618183136e-03,2.294117957353591919e-01,1.630756258964538574e-01,-2.493559569120407104e-01,4.758342355489730835e-02,-9.570694714784622192e-02,-4.760831966996192932e-02,-1.844741106033325195e-01,2.108408510684967041e-01,-2.319516390562057495e-01,9.586817771196365356e-02,-5.074344947934150696e-02,1.058874186128377914e-03,-4.948375746607780457e-02,6.452377885580062866e-02,5.556722879409790039e-01,4.092338681221008301e-02,1.361647963523864746e+00,-4.294521361589431763e-02,-1.659105531871318817e-02,1.662892848253250122e-01,6.550690531730651855e-02,-6.849937438964843750e-01,2.315055020153522491e-02,1.262002110481262207e+00,1.037092506885528564e-01,2.230465784668922424e-02,-1.306930482387542725e-01
8.850201033055782318e-03,-2.555439807474613190e-02,7.711385488510131836e-01,-2.194494754076004028e-02,4.239911586046218872e-02,6.778089404106140137e-01,7.336864471435546875e-01,-3.649080172181129456e-02,5.327458493411540985e-03,2.255422621965408325e-01,1.585855334997177124e-01,-2.455141693353652954e-01,4.191212728619575500e-02,-9.195508062839508057e-02,-4.810515046119689941e-02,-1.865208148956298828e-01,2.083256095647811890e-01,-2.321276664733886719e-01,9.449299424886703491e-02,-4.982909932732582092e-02,3.850936889648437500e-03,-4.958280548453330994e-02,7.041663676500320435e-02,6.294887065887451172e-01,9.414223581552505493e-02,1.376637578010559082e+00,-5.979360267519950867e-02,-1.185302436351776123e-02,1.838728785514831543e-01,7.009548693895339966e-02,-7.679066658020019531e-01,-4.549391195178031921e-02,1.290150165557861328e+00,1.263368725776672363e-01,2.360160462558269501e-02,-1.509022116661071777e-01
8.654906414449214935e-03,-2.644727192819118500e-02,7.711064219474792480e-01,-2.074234932661056519e-02,4.170181602239608765e-02,6.788299083709716797e-01,7.328169345855712891e-01,-3.360392898321151733e-02,3.264017868787050247e-03,2.215251624584197998e-01,1.546032577753067017e-01,-2.417615652084350586e-01,3.401536494493484497e-02,-8.864643424749374390e-02,-4.950639232993125916e-02,-1.884460747241973877e-01,2.058434933423995972e-01,-2.322505116462707520e-01,9.173720329999923706e-02,-4.745855554938316345e-02,5.407121498137712479e-03,-5.016257613897323608e-02,7.885555922985076904e-02,7.094445228576660156e-01,1.458282470703125000e-01,1.388176918029785156e+00,-7.433050125837326050e-02,-7.699551526457071304e-03,1.940976828336715698e-01,7.742624729871749878e-02,-8.552744388580322266e-01,-1.164532974362373352e-01,1.315286040306091309e+00,1.516189873218536377e-01,2.488885074853897095e-02,-1.631233096122741699e-01
7.179896347224712372e-03,-2.671393193304538727e-02,7.710409760475158691e-01,-1.980130001902580261e-02,4.084373638033866882e-02,6.789838671684265137e-01,7.327486276626586914e-01,-3.027166612446308136e-02,-5.939419133937917650e-05,2.161469459533691406e-01,1.516958326101303101e-01,-2.388722449541091919e-01,2.662886865437030792e-02,-8.523258566856384277e-02,-5.229404196143150330e-02,-1.911096274852752686e-01,2.040235847234725952e-01,-2.327410727739334106e-01,9.347061067819595337e-02,-4.338359832763671875e-02,5.687362048774957657e-03,-5.180505663156509399e-02,8.941009640693664551e-02,7.938974499702453613e-01,2.044966667890548706e-01,1.390835165977478027e+00,-9.109201282262802124e-02,-5.457585211843252182e-03,2.042300254106521606e-01,8.586142957210540771e-02,-9.513701796531677246e-01,-1.991438716650009155e-01,1.341160774230957031e+00,1.810300350189208984e-01,2.524895407259464264e-02,-1.742798984050750732e-01
5.407109390944242477e-03,-2.711372636258602142e-02,7.709846496582031250e-01,-1.891076378524303436e-02,3.961152955889701843e-02,6.792475581169128418e-01,7.325954437255859375e-01,-2.785673737525939941e-02,-3.074737498536705971e-03,2.091217041015625000e-01,1.511608660221099854e-01,-2.368312925100326538e-01,1.800364628434181213e-02,-8.148876577615737915e-02,-5.461211875081062317e-02,-1.922745406627655029e-01,2.019027024507522583e-01,-2.317266613245010376e-01,9.546537697315216064e-02,-3.981459885835647583e-02,6.182883400470018387e-03,-5.531750246882438660e-02,1.038017868995666504e-01,8.855817914009094238e-01,2.636580467224121094e-01,1.396475434303283691e+00,-1.081396415829658508e-01,-2.766108140349388123e-03,2.145684957504272461e-01,9.408956021070480347e-02,-1.052631855010986328e+00,-2.777728736400604248e-01,1.363676309585571289e+00,2.062062770128250122e-01,2.653537131845951080e-02,-1.838485896587371826e-01
3.916098736226558685e-03,-2.746797166764736176e-02,7.708424925804138184e-01,-1.786769181489944458e-02,3.834153339266777039e-02,6.796857118606567383e-01,7.322827577590942383e-01,-2.360860072076320648e-02,-5.970082245767116547e-03,2.038902789354324341e-01,1.478820443153381348e-01,-2.357963025569915771e-01,8.965145796537399292e-03,-7.702669501304626465e-02,-5.640930309891700745e-02,-1.920708119869232178e-01,1.991435736417770386e-01,-2.318373620510101318e-01,9.543715417385101318e-02,-3.726987168192863464e-02,7.102616131305694580e-03,-5.929265916347503662e-02,1.127413213253021240e-01,9.791214466094970703e-01,3.142832815647125244e-01,1.400510311126708984e+00,-1.214072480797767639e-01,-6.398317054845392704e-04,2.191966474056243896e-01,9.813548624515533447e-02,-1.153852224349975586e+00,-3.532625138759613037e-01,1.389259457588195801e+00,2.325614541769027710e-01,2.867658995091915131e-02,-1.927005797624588013e-01
2.729709027335047722e-03,-2.830931730568408966e-02,7.706339955329895020e-01,-1.639493927359580994e-02,3.625701740384101868e-02,6.798821091651916504e-01,7.322410345077514648e-01,-1.857040263712406158e-02,-7.423438131809234619e-03,2.000766247510910034e-01,1.460423022508621216e-01,-2.363904416561126709e-01,2.910061506554484367e-03,-7.307808101177215576e-02,-5.755938962101936340e-02,-1.923988163471221924e-01,2.001046687364578247e-01,-2.326983958482742310e-01,9.629796445369720459e-02,-3.583155572414398193e-02,7.052858360111713409e-03,-6.435844302177429199e-02,1.213048622012138367e-01,1.079057335853576660e+00,3.652171790599822998e-01,1.398814797401428223e+00,-1.359002739191055298e-01,8.025658898986876011e-04,2.181976586580276489e-01,9.783735126256942749e-02,-1.255539774894714355e+00,-4.236886799335479736e-01,1.401369690895080566e+00,2.523854970932006836e-01,2.828730642795562744e-02,-2.017376124858856201e-01
2.292324323207139969e-03,-2.958537824451923370e-02,7.704059481620788574e-01,-1.460950542241334915e-02,3.422170877456665039e-02,6.797074079513549805e-01,7.325389385223388672e-01,-1.319966372102499008e-02,-7.936375215649604797e-03,1.987949013710021973e-01,1.438003927469253540e-01,-2.369138002395629883e-01,-4.388982895761728287e-03,-6.947561353445053101e-02,-5.804317072033882141e-02,-1.923888027667999268e-01,2.009190022945404053e-01,-2.325825095176696777e-01,1.009752750396728516e-01,-3.680468723177909851e-02,7.667095400393009186e-03,-7.126283645629882812e-02,1.235122159123420715e-01,1.190216898918151855e+00,4.175163209438323975e-01,1.395974159240722656e+00,-1.553102284669876099e-01,3.932872496079653502e-04,2.320521324872970581e-01,9.435411542654037476e-02,-1.360869646072387695e+00,-4.926092028617858887e-01,1.408642292022705078e+00,2.790802717208862305e-01,2.259537950158119202e-02,-2.228960245847702026e-01
1.514291623607277870e-03,-2.810510806739330292e-02,7.702194452285766602e-01,-1.420327927917242050e-02,3.331570327281951904e-02,6.797415018081665039e-01,7.325570583343505859e-01,-8.595400489866733551e-03,-9.062411263585090637e-03,1.950566470623016357e-01,1.429642438888549805e-01,-2.383451014757156372e-01,-7.462389767169952393e-03,-6.687329709529876709e-02,-5.900196731090545654e-02,-1.917459219694137573e-01,2.043308317661285400e-01,-2.344568073749542236e-01,1.047433763742446899e-01,-3.453130275011062622e-02,7.108110934495925903e-03,-7.808475196361541748e-02,1.172932609915733337e-01,1.295279741287231445e+00,4.541585147380828857e-01,1.379982590675354004e+00,-1.623280495405197144e-01,-3.926490433514118195e-03,2.464434653520584106e-01,8.275411278009414673e-02,-1.458862781524658203e+00,-5.409144759178161621e-01,1.403458476066589355e+00,2.870098948478698730e-01,1.403967104852199554e-02,-2.389288991689682007e-01
2.219569636508822441e-03,-2.737848833203315735e-02,7.699399590492248535e-01,-1.356877572834491730e-02,3.315159305930137634e-02,6.805737614631652832e-01,7.318033576011657715e-01,-5.267458502203226089e-03,-9.075943380594253540e-03,1.947407424449920654e-01,1.406048685312271118e-01,-2.394296228885650635e-01,-1.314028259366750717e-02,-6.345392763614654541e-02,-5.990263819694519043e-02,-1.970648169517517090e-01,2.037693262100219727e-01,-2.370963394641876221e-01,1.098448261618614197e-01,-3.419388830661773682e-02,7.553436793386936188e-03,-8.592374622821807861e-02,1.090663671493530273e-01,1.396857738494873047e+00,4.874955415725708008e-01,1.358740448951721191e+00,-1.604036241769790649e-01,-7.733154576271772385e-03,2.536007165908813477e-01,7.240533828735351562e-02,-1.553454160690307617e+00,-5.813297629356384277e-01,1.389441251754760742e+00,2.897950112819671631e-01,7.814008742570877075e-03,-2.540258467197418213e-01
3.347698133438825607e-03,-2.651071920990943909e-02,7.697723507881164551e-01,-1.266896538436412811e-02,3.262874856591224670e-02,6.821407079696655273e-01,7.303826808929443359e-01,-1.415168633684515953e-03,-8.559164591133594513e-03,1.927283257246017456e-01,1.390317827463150024e-01,-2.392653375864028931e-01,-1.744203642010688782e-02,-5.935971438884735107e-02,-5.982968583703041077e-02,-1.996908634901046753e-01,2.046705931425094604e-01,-2.390649914741516113e-01,1.127446219325065613e-01,-3.449741750955581665e-02,8.561001159250736237e-03,-9.172556549310684204e-02,8.455934375524520874e-02,1.496019363403320312e+00,5.073640942573547363e-01,1.328564643859863281e+00,-1.494694799184799194e-01,-1.047600526362657547e-02,2.670617699623107910e-01,4.973624646663665771e-02,-1.645486354827880859e+00,-6.102090477943420410e-01,1.366869926452636719e+00,2.829507291316986084e-01,4.407575353980064392e-03,-2.667556405067443848e-01
3.802571212872862816e-03,-2.520362474024295807e-02,7.696678042411804199e-01,-1.215987280011177063e-02,3.241746127605438232e-02,6.829035282135009766e-01,7.296876311302185059e-01,2.208580728620290756e-03,-8.911307901144027710e-03,1.901282519102096558e-01,1.372589617967605591e-01,-2.377608716487884521e-01,-2.308006770908832550e-02,-5.521510168910026550e-02,-6.063272804021835327e-02,-2.042480856180191040e-01,2.040322870016098022e-01,-2.402118891477584839e-01,1.191100329160690308e-01,-3.303148970007896423e-02,7.897432893514633179e-03,-9.792421758174896240e-02,5.253401398658752441e-02,1.587936162948608398e+00,5.189076662063598633e-01,1.294183969497680664e+00,-1.387358158826828003e-01,-1.797712221741676331e-02,2.782405018806457520e-01,2.118687704205513000e-02,-1.731922268867492676e+00,-6.338949203491210938e-01,1.338519930839538574e+00,2.791804671287536621e-01,-2.621835563331842422e-03,-2.790000736713409424e-01
4.652272444218397141e-03,-2.260489761829376221e-02,7.695146799087524414e-01,-1.199504919350147247e-02,3.244758397340774536e-02,6.850134134292602539e-01,7.277086973190307617e-01,6.660470273345708847e-03,-8.892198093235492706e-03,1.869823187589645386e-01,1.349923312664031982e-01,-2.380327880382537842e-01,-2.546211332082748413e-02,-5.144577473402023315e-02,-6.116641312837600708e-02,-2.074324041604995728e-01,2.076127529144287109e-01,-2.445200681686401367e-01,1.210974678397178650e-01,-3.509249165654182434e-02,7.398392539471387863e-03,-9.593047946691513062e-02,9.091928601264953613e-03,1.675518751144409180e+00,5.251811742782592773e-01,1.250757455825805664e+00,-1.205536872148513794e-01,-2.208952978253364563e-02,2.907456159591674805e-01,-6.842961069196462631e-03,-1.810631155967712402e+00,-6.522089242935180664e-01,1.301281690597534180e+00,2.672649025917053223e-01,-7.586747873574495316e-03,-2.914813458919525146e-01
6.197630893439054489e-03,-2.089689671993255615e-02,7.694215178489685059e-01,-1.084746420383453369e-02,3.232067078351974487e-02,6.870252490043640137e-01,7.258333563804626465e-01,9.908522479236125946e-03,-9.074242785573005676e-03,1.814199984073638916e-01,1.360356509685516357e-01,-2.370702475309371948e-01,-2.792501449584960938e-02,-4.641573131084442139e-02,-6.248059868812561035e-02,-2.148244529962539673e-01,2.099698483943939209e-01,-2.482949942350387573e-01,1.246634274721145630e-01,-3.614707663655281067e-02,8.108557201921939850e-03,-9.354992210865020752e-02,-3.193895891308784485e-02,1.751394748687744141e+00,5.293827056884765625e-01,1.197617530822753906e+00,-1.064354926347732544e-01,-3.121476061642169952e-02,3.031449019908905029e-01,-3.050341643393039703e-02,-1.881284356117248535e+00,-6.753538250923156738e-01,1.252413034439086914e+00,2.635114192962646484e-01,-1.674877107143402100e-02,-3.048520386219024658e-01
7.634651381522417068e-03,-2.051584981381893158e-02,7.693347334861755371e-01,-9.018717333674430847e-03,3.140128776431083679e-02,6.887981891632080078e-01,7.242165803909301758e-01,1.351336948573589325e-02,-8.526316843926906586e-03,1.805533915758132935e-01,1.377832442522048950e-01,-2.363643795251846313e-01,-3.024751320481300354e-02,-4.241110011935234070e-02,-6.339811533689498901e-02,-2.187776863574981689e-01,2.144287526607513428e-01,-2.519408166408538818e-01,1.279276907444000244e-01,-3.814611583948135376e-02,9.485445916652679443e-03,-8.619641512632369995e-02,-7.082800567150115967e-02,1.817698717117309570e+00,5.433418154716491699e-01,1.142278075218200684e+00,-9.967789053916931152e-02,-3.768823295831680298e-02,3.191163837909698486e-01,-4.648275300860404968e-02,-1.944669008255004883e+00,-7.129821181297302246e-01,1.195012569427490234e+00,2.718758583068847656e-01,-2.636320516467094421e-02,-3.199059963226318359e-01
1.010007224977016449e-02,-1.998392678797245026e-02,7.691950798034667969e-01,-6.418289151042699814e-03,3.018682450056076050e-02,6.910526156425476074e-01,7.221453189849853516e-01,1.785625331103801727e-02,-7.207754068076610565e-03,1.787917464971542358e-01,1.418564170598983765e-01,-2.378996610641479492e-01,-3.230991214513778687e-02,-3.727141395211219788e-02,-6.385112553834915161e-02,-2.230996936559677124e-01,2.213839143514633179e-01,-2.578337490558624268e-01,1.291050314903259277e-01,-4.160574823617935181e-02,1.123959850519895554e-02,-7.168607413768768311e-02,-9.715752303600311279e-02,1.879621028900146484e+00,5.700877904891967773e-01,1.080855727195739746e+00,-9.171419590711593628e-02,-4.088499024510383606e-02,3.321752250194549561e-01,-4.913996160030364990e-02,-2.005098819732666016e+00,-7.744998335838317871e-01,1.135332226753234863e+00,2.846379280090332031e-01,-3.291728347539901733e-02,-3.399397134780883789e-01
1.095117349177598953e-02,-1.990917138755321503e-02,7.691519856452941895e-01,-3.401806810870766640e-03,2.710854448378086090e-02,6.927851438522338867e-01,7.206263542175292969e-01,2.417034097015857697e-02,-6.242905743420124054e-03,1.748345792293548584e-01,1.481008231639862061e-01,-2.400537133216857910e-01,-3.201855346560478210e-02,-3.021400608122348785e-02,-6.459772586822509766e-02,-2.284766286611557007e-01,2.299768626689910889e-01,-2.613242864608764648e-01,1.287285685539245605e-01,-4.976051673293113708e-02,1.585514470934867859e-02,-5.051961541175842285e-02,-8.809585124254226685e-02,1.946393251419067383e+00,6.335722804069519043e-01,1.023159503936767578e+00,-8.807060122489929199e-02,-4.127434268593788147e-02,3.432373404502868652e-01,-3.154187230393290520e-03,-2.076308250427246094e+00,-8.888422846794128418e-01,1.074894428253173828e+00,3.031708896160125732e-01,-3.790144994854927063e-02,-3.699292838573455811e-01
1.253388728946447372e-02,-1.711093261837959290e-02,7.690494060516357422e-01,-4.621919360943138599e-04,2.446720749139785767e-02,6.951021552085876465e-01,7.184943556785583496e-01,3.600296005606651306e-02,-5.070721730589866638e-03,1.711436361074447632e-01,1.498688459396362305e-01,-2.406975775957107544e-01,-3.505583107471466064e-02,-1.684429310262203217e-02,-6.391748040914535522e-02,-2.310515046119689941e-01,2.330652177333831787e-01,-2.657815515995025635e-01,1.307266801595687866e-01,-6.984125077724456787e-02,1.192267145961523056e-02,-6.144366040825843811e-02,1.857343167066574097e-01,2.057945489883422852e+00,9.247326850891113281e-01,1.027117013931274414e+00,-7.377092540264129639e-02,-4.552599042654037476e-02,3.693604767322540283e-01,2.957595288753509521e-01,-2.173277378082275391e+00,-1.228013396263122559e+00,1.062749266624450684e+00,2.873529791831970215e-01,-4.704486578702926636e-02,-4.209913611412048340e-01
1.054561510682106018e-02,-1.667694747447967529e-02,7.690808773040771484e-01,3.856938274111598730e-04,2.172360941767692566e-02,6.979514360427856445e-01,7.158154249191284180e-01,3.931870311498641968e-02,-4.739662632346153259e-03,1.716911494731903076e-01,1.546199470758438110e-01,-2.442344427108764648e-01,-3.595905750989913940e-02,-1.107117813080549240e-02,-6.503014266490936279e-02,-2.322587519884109497e-01,2.373887598514556885e-01,-2.648077011108398438e-01,1.315078139305114746e-01,-6.283539533615112305e-02,2.131636487320065498e-03,-8.311478793621063232e-02,3.961100280284881592e-01,2.164651155471801758e+00,1.152079820632934570e+00,1.016926288604736328e+00,-4.391794651746749878e-02,-5.436888709664344788e-02,4.029797315597534180e-01,4.018010497093200684e-01,-2.230431556701660156e+00,-1.346157431602478027e+00,1.002776503562927246e+00,2.761470079421997070e-01,-6.360962986946105957e-02,-4.580652713775634766e-01
9.947293438017368317e-03,-1.673931442201137543e-02,7.691718935966491699e-01,8.676478173583745956e-04,2.075657807290554047e-02,6.986767649650573730e-01,7.151357531547546387e-01,3.866368159651756287e-02,-4.588926210999488831e-03,1.706061959266662598e-01,1.599931120872497559e-01,-2.460092157125473022e-01,-3.353035822510719299e-02,-1.277164090424776077e-02,-6.636112928390502930e-02,-2.322926670312881470e-01,2.464678436517715454e-01,-2.651823163032531738e-01,1.305525749921798706e-01,-5.065104737877845764e-02,-8.119639009237289429e-03,-9.176965802907943726e-02,4.421815276145935059e-01,2.250725030899047852e+00,1.226041913032531738e+00,9.815424084663391113e-01,-1.845991052687168121e-02,-6.010648608207702637e-02,4.227968752384185791e-01,4.037297368049621582e-01,-2.251499891281127930e+00,-1.369789600372314453e+00,9.158993959426879883e-01,2.661346197128295898e-01,-8.287745714187622070e-02,-4.806116819381713867e-01
9.927192702889442444e-03,-1.668288186192512512e-02,7.692649364471435547e-01,-7.428896878991508856e-06,2.078172750771045685e-02,7.006383538246154785e-01,7.132138609886169434e-01,3.503085672855377197e-02,-3.493252443149685860e-03,1.683041304349899292e-01,1.630375087261199951e-01,-2.493437677621841431e-01,-2.902386523783206940e-02,-1.627351716160774231e-02,-6.557953357696533203e-02,-2.310389131307601929e-01,2.527423501014709473e-01,-2.663943767547607422e-01,1.270326673984527588e-01,-4.497298970818519592e-02,-2.354888245463371277e-03,-9.058751165866851807e-02,4.629409313201904297e-01,2.251499891281127930e+00,1.286443829536437988e+00,8.843665122985839844e-01,2.582824230194091797e-02,-6.743009388446807861e-02,4.620721340179443359e-01,3.982141315937042236e-01,-2.251499891281127930e+00,-1.393295645713806152e+00,7.885184288024902344e-01,2.320561110973358154e-01,-9.842313081026077271e-02,-5.139156579971313477e-01
8.309683762490749359e-03,-1.715988293290138245e-02,7.693878412246704102e-01,-9.998495224863290787e-04,1.990789920091629028e-02,7.024008035659790039e-01,7.115024924278259277e-01,3.143085911870002747e-02,-3.066581906750798225e-03,1.653679460287094116e-01,1.668945401906967163e-01,-2.516258358955383301e-01,-2.784373424947261810e-02,-1.924734562635421753e-02,-6.575375050306320190e-02,-2.303489297628402710e-01,2.583718299865722656e-01,-2.648707330226898193e-01,1.273282915353775024e-01,-4.157445207238197327e-02,1.054198015481233597e-03,-8.869759738445281982e-02,4.615735709667205811e-01,2.251499891281127930e+00,1.327107071876525879e+00,7.803425788879394531e-01,6.585398316383361816e-02,-6.959077715873718262e-02,4.985925853252410889e-01,3.879278004169464111e-01,-2.251499891281127930e+00,-1.413127064704895020e+00,6.632241606712341309e-01,1.895972788333892822e-01,-1.019018217921257019e-01,-5.428262948989868164e-01
6.398989818990230560e-03,-1.849330216646194458e-02,7.693513631820678711e-01,-6.280386005528271198e-04,1.804794743657112122e-02,7.032037973403930664e-01,7.107589840888977051e-01,3.028629347681999207e-02,-3.600547555834054947e-03,1.631983816623687744e-01,1.719210743904113770e-01,-2.559414207935333252e-01,-2.465935982763767242e-02,-2.162284962832927704e-02,-6.697417050600051880e-02,-2.279702872037887573e-01,2.671941518783569336e-01,-2.667538821697235107e-01,1.264135092496871948e-01,-3.815445676445960999e-02,1.672232639975845814e-03,-8.115065842866897583e-02,4.599060416221618652e-01,2.251499891281127930e+00,1.370337367057800293e+00,6.911442875862121582e-01,9.648731350898742676e-02,-7.226281613111495972e-02,5.227829813957214355e-01,3.872459530830383301e-01,-2.251499891281127930e+00,-1.448543071746826172e+00,5.521935224533081055e-01,1.661532074213027954e-01,-1.101181283593177795e-01,-5.572974085807800293e-01
6.066028028726577759e-03,-2.082523144781589508e-02,7.693040966987609863e-01,7.057593320496380329e-04,1.623862981796264648e-02,7.045317888259887695e-01,7.094862461090087891e-01,2.894112467765808105e-02,-3.422270994633436203e-03,1.607903987169265747e-01,1.767075210809707642e-01,-2.588229477405548096e-01,-2.147816121578216553e-02,-2.148478664457798004e-02,-6.707598268985748291e-02,-2.268946468830108643e-01,2.713451683521270752e-01,-2.686035037040710449e-01,1.231249570846557617e-01,-3.434227779507637024e-02,2.714995294809341431e-03,-7.406788319349288940e-02,4.545491933822631836e-01,2.251499891281127930e+00,1.400853991508483887e+00,6.059505343437194824e-01,1.383052468299865723e-01,-7.218365371227264404e-02,5.479123592376708984e-01,3.862816989421844482e-01,-2.251499891281127930e+00,-1.479611277580261230e+00,4.553763568401336670e-01,1.255873590707778931e-01,-1.111082881689071655e-01,-5.776261687278747559e-01
5.657040514051914215e-03,-2.139781229197978973e-02,7.692829966545104980e-01,1.061999704688787460e-03,1.496244315057992935e-02,7.062500715255737305e-01,7.078035473823547363e-01,2.806375548243522644e-02,-2.820052905008196831e-03,1.566043794155120850e-01,1.805015504360198975e-01,-2.610864341259002686e-01,-2.214926667511463165e-02,-2.002846449613571167e-02,-6.677985191345214844e-02,-2.278841882944107056e-01,2.739547789096832275e-01,-2.696196138858795166e-01,1.223690882325172424e-01,-3.295040130615234375e-02,4.008259158581495285e-03,-6.705877929925918579e-02,4.461313188076019287e-01,2.251499891281127930e+00,1.428633928298950195e+00,5.207734107971191406e-01,1.739482730627059937e-01,-7.142091542482376099e-02,5.635428428649902344e-01,3.853166103363037109e-01,-2.251499891281127930e+00,-1.508758664131164551e+00,3.649432957172393799e-01,8.900173008441925049e-02,-1.110642403364181519e-01,-5.863400697708129883e-01
5.889639258384704590e-03,-2.216743864119052887e-02,7.692598700523376465e-01,1.484710373915731907e-03,1.411602646112442017e-02,7.069930434226989746e-01,7.070780396461486816e-01,2.704599499702453613e-02,-2.057427773252129555e-03,1.528257131576538086e-01,1.836192905902862549e-01,-2.630865275859832764e-01,-2.222854830324649811e-02,-1.992039568722248077e-02,-6.587827950716018677e-02,-2.273551821708679199e-01,2.764326035976409912e-01,-2.711724936962127686e-01,1.213428229093551636e-01,-3.238751366734504700e-02,4.641129169613122940e-03,-6.285549700260162354e-02,4.322263002395629883e-01,2.251499891281127930e+00,1.447281241416931152e+00,4.440615773200988770e-01,2.149530202150344849e-01,-6.576317548751831055e-02,5.836895704269409180e-01,3.801310956478118896e-01,-2.251499891281127930e+00,-1.528321743011474609e+00,2.820172607898712158e-01,4.495397210121154785e-02,-1.060265451669692993e-01,-5.971515774726867676e-01
5.462346598505973816e-03,-2.287639863789081573e-02,7.692649364471435547e-01,1.566297607496380806e-03,1.296158507466316223e-02,7.079065442085266113e-01,7.061854004859924316e-01,2.656077779829502106e-02,-1.638284185901284218e-03,1.472785770893096924e-01,1.853660941123962402e-01,-2.651122510433197021e-01,-2.137467078864574432e-02,-1.948401145637035370e-02,-6.476169079542160034e-02,-2.261405140161514282e-01,2.781825661659240723e-01,-2.708800137042999268e-01,1.213624328374862671e-01,-3.072217479348182678e-02,6.528418045490980148e-03,-5.793778225779533386e-02,4.195747971534729004e-01,2.251499891281127930e+00,1.464268565177917480e+00,3.715578913688659668e-01,2.489936500787734985e-01,-5.964423343539237976e-02,6.038150191307067871e-01,3.753987252712249756e-01,-2.251499891281127930e+00,-1.547435164451599121e+00,2.076617628335952759e-01,8.167754858732223511e-03,-1.004783511161804199e-01,-6.072903871536254883e-01
5.955141969025135040e-03,-2.295708283782005310e-02,7.691807746887207031e-01,1.359866349957883358e-03,1.296756044030189514e-02,7.085070013999938965e-01,7.055833339691162109e-01,2.597726881504058838e-02,-1.282231532968580723e-03,1.427995562553405762e-01,1.848959028720855713e-01,-2.674287557601928711e-01,-1.992903836071491241e-02,-1.986981555819511414e-02,-6.336997449398040771e-02,-2.243250161409378052e-01,2.784280180931091309e-01,-2.724927365779876709e-01,1.215521469712257385e-01,-3.149466961622238159e-02,7.708272896707057953e-03,-5.458129942417144775e-02,4.091373383998870850e-01,2.251499891281127930e+00,1.479315042495727539e+00,3.036073446273803711e-01,2.800175249576568604e-01,-5.407263338565826416e-02,6.194259524345397949e-01,3.695768713951110840e-01,-2.251499891281127930e+00,-1.561079859733581543e+00,1.411438435316085815e-01,-3.181925043463706970e-02,-9.150712192058563232e-02,-6.140786409378051758e-01
5.868124775588512421e-03,-2.340178564190864563e-02,7.691494226455688477e-01,1.300864387303590775e-03,1.234324369579553604e-02,7.088748812675476074e-01,7.052250504493713379e-01,2.642231062054634094e-02,-9.107394726015627384e-04,1.389533281326293945e-01,1.839382797479629517e-01,-2.687154114246368408e-01,-1.945921406149864197e-02,-1.994209736585617065e-02,-6.249192729592323303e-02,-2.241446077823638916e-01,2.795067727565765381e-01,-2.726136445999145508e-01,1.241638734936714172e-01,-3.156888112425804138e-02,8.580829948186874390e-03,-5.185649171471595764e-02,4.031420052051544189e-01,2.251499891281127930e+00,1.496904015541076660e+00,2.441814690828323364e-01,3.013616204261779785e-01,-5.013812333345413208e-02,6.323189735412597656e-01,3.654036521911621094e-01,-2.251499891281127930e+00,-1.575737476348876953e+00,8.241452276706695557e-02,-6.466709822416305542e-02,-8.255578577518463135e-02,-6.149946451187133789e-01
5.618938710540533066e-03,-2.388935908675193787e-02,7.692038416862487793e-01,1.030021463520824909e-03,1.152871176600456238e-02,7.093224525451660156e-01,7.047891020774841309e-01,2.633443661034107208e-02,6.910151569172739983e-05,1.359919309616088867e-01,1.838408112525939941e-01,-2.699503302574157715e-01,-1.947825029492378235e-02,-1.948484964668750763e-02,-6.089432537555694580e-02,-2.233588993549346924e-01,2.789518535137176514e-01,-2.702039480209350586e-01,1.251953691244125366e-01,-3.338169306516647339e-02,9.506132453680038452e-03,-5.168005824089050293e-02,3.965539932250976562e-01,2.251499891281127930e+00,1.507810831069946289e+00,1.892442256212234497e-01,3.279400467872619629e-01,-4.758850485086441040e-02,6.416633129119873047e-01,3.605173528194427490e-01,-2.251499891281127930e+00,-1.582932710647583008e+00,2.973200939595699310e-02,-9.684338420629501343e-02,-7.598319649696350098e-02,-6.144919991493225098e-01
4.483541473746299744e-03,-2.370306849479675293e-02,7.691811323165893555e-01,-8.597372652729973197e-05,1.094361301511526108e-02,7.097085714340209961e-01,7.044103741645812988e-01,2.640682831406593323e-02,6.158130127005279064e-04,1.343359947204589844e-01,1.822477430105209351e-01,-2.734261453151702881e-01,-1.545609161257743835e-02,-2.004567161202430725e-02,-5.958040431141853333e-02,-2.219594419002532959e-01,2.789985239505767822e-01,-2.686838805675506592e-01,1.253404915332794189e-01,-3.434718400239944458e-02,1.119530200958251953e-02,-5.059572681784629822e-02,3.919434249401092529e-01,2.251499891281127930e+00,1.514973282814025879e+00,1.430061161518096924e-01,3.536813855171203613e-01,-4.107812419533729553e-02,6.490886807441711426e-01,3.555801808834075928e-01,-2.251499891281127930e+00,-1.588204383850097656e+00,-1.528090517967939377e-02,-1.292755603790283203e-01,-6.652387231588363647e-02,-6.189566254615783691e-01
4.097056575119495392e-03,-2.404438890516757965e-02,7.691553235054016113e-01,-4.062762309331446886e-04,1.035843323916196823e-02,7.093530297279357910e-01,7.047771811485290527e-01,2.726529166102409363e-02,1.352772116661071777e-03,1.344384104013442993e-01,1.806643605232238770e-01,-2.754316031932830811e-01,-1.368107926100492477e-02,-2.029276080429553986e-02,-5.837116390466690063e-02,-2.206631302833557129e-01,2.786980867385864258e-01,-2.673276364803314209e-01,1.262521594762802124e-01,-3.628079593181610107e-02,1.186131592839956284e-02,-4.913394153118133545e-02,3.889269232749938965e-01,2.251499891281127930e+00,1.525769829750061035e+00,1.080635264515876770e-01,3.716749548912048340e-01,-3.489328175783157349e-02,6.568722724914550781e-01,3.515509068965911865e-01,-2.251499891281127930e+00,-1.596041679382324219e+00,-5.177230015397071838e-02,-1.555815041065216064e-01,-5.831275880336761475e-02,-6.194081306457519531e-01
3.984957467764616013e-03,-2.413221262395381927e-02,7.691639065742492676e-01,-2.756197645794600248e-04,9.735510684549808502e-03,7.088579535484313965e-01,7.052839994430541992e-01,2.845341712236404419e-02,1.846916042268276215e-03,1.331865787506103516e-01,1.808345615863800049e-01,-2.763365805149078369e-01,-1.342094503343105316e-02,-2.006627433001995087e-02,-5.753792077302932739e-02,-2.192196995019912720e-01,2.798053026199340820e-01,-2.665174603462219238e-01,1.277765929698944092e-01,-3.646545112133026123e-02,1.290128659456968307e-02,-4.849242791533470154e-02,3.878875076770782471e-01,2.251499891281127930e+00,1.534089922904968262e+00,8.152389526367187500e-02,3.873905539512634277e-01,-3.078324533998966217e-02,6.603698134422302246e-01,3.498537540435791016e-01,-2.251499891281127930e+00,-1.603146910667419434e+00,-7.986683398485183716e-02,-1.764904707670211792e-01,-5.113577097654342651e-02,-6.190801262855529785e-01
4.109518602490425110e-03,-2.375829219818115234e-02,7.691439986228942871e-01,-3.957241715397685766e-04,9.626219980418682098e-03,7.085520625114440918e-01,7.055927515029907227e-01,2.910302020609378815e-02,2.249600598588585854e-03,1.318214535713195801e-01,1.808888316154479980e-01,-2.774406075477600098e-01,-1.229045540094375610e-02,-1.965537481009960175e-02,-5.654155090451240540e-02,-2.172868996858596802e-01,2.795397639274597168e-01,-2.664479017257690430e-01,1.284806132316589355e-01,-3.834646195173263550e-02,1.319846697151660919e-02,-4.869449138641357422e-02,3.876427710056304932e-01,2.251499891281127930e+00,1.538173794746398926e+00,5.803689360618591309e-02,4.050452411174774170e-01,-2.573578990995883942e-02,6.635818481445312500e-01,3.480216562747955322e-01,-2.251499891281127930e+00,-1.605369687080383301e+00,-1.034225076436996460e-01,-1.961513161659240723e-01,-4.540947824716567993e-02,-6.169902086257934570e-01
4.911846481263637543e-03,-2.385561168193817139e-02,7.691624760627746582e-01,1.860170887084677815e-04,9.602366946637630463e-03,7.083448171615600586e-01,7.058012485504150391e-01,2.985906228423118591e-02,2.580250613391399384e-03,1.312898844480514526e-01,1.811746507883071899e-01,-2.765322923660278320e-01,-1.339154317975044250e-02,-1.891163364052772522e-02,-5.601114034652709961e-02,-2.165744006633758545e-01,2.794417440891265869e-01,-2.668558061122894287e-01,1.279865205287933350e-01,-3.817294165492057800e-02,1.318516954779624939e-02,-4.887756332755088806e-02,3.878872990608215332e-01,2.251499891281127930e+00,1.541003346443176270e+00,4.398237168788909912e-02,4.200721383094787598e-01,-2.149067074060440063e-02,6.634112000465393066e-01,3.473585247993469238e-01,-2.251499891281127930e+00,-1.607430934906005859e+00,-1.192374750971794128e-01,-2.120388299226760864e-01,-3.971051052212715149e-02,-6.128241419792175293e-01
4.865867551416158676e-03,-2.398050203919410706e-02,7.691925764083862305e-01,3.952985862269997597e-04,9.436991065740585327e-03,7.084103822708129883e-01,7.057375907897949219e-01,3.030444309115409851e-02,2.368266461417078972e-03,1.305942833423614502e-01,1.809708178043365479e-01,-2.755684554576873779e-01,-1.400542631745338440e-02,-1.853142865002155304e-02,-5.594633147120475769e-02,-2.154509574174880981e-01,2.793861627578735352e-01,-2.664816975593566895e-01,1.281200796365737915e-01,-3.843002393841743469e-02,1.320097781717777252e-02,-4.967655614018440247e-02,3.890270292758941650e-01,2.251499891281127930e+00,1.543683052062988281e+00,3.505684807896614075e-02,4.299922883510589600e-01,-2.003025822341442108e-02,6.626464724540710449e-01,3.476263582706451416e-01,-2.251499891281127930e+00,-1.609371900558471680e+00,-1.283509284257888794e-01,-2.247661054134368896e-01,-3.531535342335700989e-02,-6.095833182334899902e-01
5.269447807222604752e-03,-2.355157583951950073e-02,7.692038416862487793e-01,3.654506872408092022e-04,9.804823435842990875e-03,7.083790898323059082e-01,7.057639360427856445e-01,3.045157901942729950e-02,2.391135552898049355e-03,1.302921473979949951e-01,1.807146370410919189e-01,-2.750120759010314941e-01,-1.349025405943393707e-02,-1.839200779795646667e-02,-5.583040416240692139e-02,-2.155116945505142212e-01,2.791286408901214600e-01,-2.669765949249267578e-01,1.271821409463882446e-01,-3.822587430477142334e-02,1.275669038295745850e-02,-5.168854817748069763e-02,3.886370062828063965e-01,2.251499891281127930e+00,1.544836759567260742e+00,3.089770302176475525e-02,4.411224424839019775e-01,-1.678918674588203430e-02,6.631352305412292480e-01,3.469763994216918945e-01,-2.251499891281127930e+00,-1.610800743103027344e+00,-1.353149712085723877e-01,-2.339082658290863037e-01,-3.265824541449546814e-02,-6.087059378623962402e-01
5.742113105952739716e-03,-2.330502867698669434e-02,7.692145705223083496e-01,2.314235462108626962e-04,1.049088500440120697e-02,7.080628275871276855e-01,7.060714364051818848e-01,3.004889190196990967e-02,2.150978194549679756e-03,1.304170936346054077e-01,1.798622906208038330e-01,-2.742114365100860596e-01,-1.217545662075281143e-02,-1.918528415262699127e-02,-5.595889687538146973e-02,-2.159178256988525391e-01,2.786380350589752197e-01,-2.676808834075927734e-01,1.259531080722808838e-01,-3.878207877278327942e-02,1.201416552066802979e-02,-5.499874055385589600e-02,3.869109451770782471e-01,2.251499891281127930e+00,1.542110085487365723e+00,3.023861348628997803e-02,4.540104568004608154e-01,-1.183363609015941620e-02,6.644302606582641602e-01,3.450174629688262939e-01,-2.251499891281127930e+00,-1.608102083206176758e+00,-1.406012624502182007e-01,-2.435417622327804565e-01,-2.898990362882614136e-02,-6.083533167839050293e-01
6.002758629620075226e-03,-2.293252386152744293e-02,7.692314386367797852e-01,1.136924038291908801e-05,1.125247217714786530e-02,7.079510688781738281e-01,7.061718702316284180e-01,2.922702766954898834e-02,1.636091968975961208e-03,1.305882930755615234e-01,1.794960051774978638e-01,-2.731155157089233398e-01,-1.208677329123020172e-02,-2.005328796803951263e-02,-5.633379518985748291e-02,-2.156827151775360107e-01,2.781715393066406250e-01,-2.681176960468292236e-01,1.251009553670883179e-01,-3.912229090929031372e-02,1.125367730855941772e-02,-5.666393414139747620e-02,3.855110406875610352e-01,2.251499891281127930e+00,1.542558312416076660e+00,2.868566848337650299e-02,4.609020650386810303e-01,-9.982067160308361053e-03,6.670269966125488281e-01,3.433274328708648682e-01,-2.251499891281127930e+00,-1.608276724815368652e+00,-1.449421048164367676e-01,-2.483641505241394043e-01,-2.714663371443748474e-02,-6.091893315315246582e-01
6.100695580244064331e-03,-2.271574363112449646e-02,7.691926360130310059e-01,-1.493748713983222842e-04,1.161549426615238190e-02,7.076940536499023438e-01,7.064235210418701172e-01,2.911732904613018036e-02,1.603527343831956387e-03,1.319399774074554443e-01,1.789378970861434937e-01,-2.732615172863006592e-01,-1.161312591284513474e-02,-2.070497535169124603e-02,-5.645676329731941223e-02,-2.155101001262664795e-01,2.781985998153686523e-01,-2.687571048736572266e-01,1.243347972631454468e-01,-3.931328654289245605e-02,1.104351133108139038e-02,-5.865924805402755737e-02,3.846420347690582275e-01,2.251499891281127930e+00,1.541523337364196777e+00,2.743904106318950653e-02,4.687778353691101074e-01,-8.245447650551795959e-03,6.697517633438110352e-01,3.432970643043518066e-01,-2.251499891281127930e+00,-1.607191324234008789e+00,-1.476813852787017822e-01,-2.531430423259735107e-01,-2.544510923326015472e-02,-6.107031106948852539e-01
6.337104365229606628e-03,-2.257657423615455627e-02,7.691547870635986328e-01,-3.471591917332261801e-04,1.201941445469856262e-02,7.073828577995300293e-01,7.067282795906066895e-01,2.887002937495708466e-02,1.720166299492120743e-03,1.328392028808593750e-01,1.782401204109191895e-01,-2.734144032001495361e-01,-1.158817578107118607e-02,-2.157558314502239227e-02,-5.627131462097167969e-02,-2.150286287069320679e-01,2.781562209129333496e-01,-2.695048749446868896e-01,1.235198229551315308e-01,-3.909261897206306458e-02,1.050142198801040649e-02,-6.041803956031799316e-02,3.829973638057708740e-01,2.251499891281127930e+00,1.539337873458862305e+00,2.642742171883583069e-02,4.759023189544677734e-01,-6.913436576724052429e-03,6.724045276641845703e-01,3.425620794296264648e-01,-2.251499891281127930e+00,-1.605719566345214844e+00,-1.501736193895339966e-01,-2.576394379138946533e-01,-2.420810051262378693e-02,-6.135011911392211914e-01
6.487127393484115601e-03,-2.231358923017978668e-02,7.691085934638977051e-01,-8.004059200175106525e-04,1.249297056347131729e-02,7.069184780120849609e-01,7.071841955184936523e-01,2.844202890992164612e-02,2.130472799763083458e-03,1.345726400613784790e-01,1.774294823408126831e-01,-2.738668918609619141e-01,-1.156160607933998108e-02,-2.247494272887706757e-02,-5.589659139513969421e-02,-2.148976176977157593e-01,2.773689329624176025e-01,-2.699661850929260254e-01,1.233934238553047180e-01,-3.900314122438430786e-02,1.030597742646932602e-02,-6.253769248723983765e-02,3.801516890525817871e-01,2.251499891281127930e+00,1.536157250404357910e+00,2.458326146006584167e-02,4.825936257839202881e-01,-5.803874228149652481e-03,6.730618476867675781e-01,3.416103422641754150e-01,-2.251499891281127930e+00,-1.603350162506103516e+00,-1.528295725584030151e-01,-2.609609365463256836e-01,-2.341734431684017181e-02,-6.151390671730041504e-01
6.590244825929403305e-03,-2.195511572062969208e-02,7.690398693084716797e-01,-1.182207255624234676e-03,1.310060173273086548e-02,7.061574459075927734e-01,7.079326510429382324e-01,2.787330746650695801e-02,2.094325143843889236e-03,1.357130259275436401e-01,1.772502213716506958e-01,-2.747730910778045654e-01,-1.180825009942054749e-02,-2.345636859536170959e-02,-5.564381554722785950e-02,-2.134400457143783569e-01,2.764593064785003662e-01,-2.709610760211944580e-01,1.230164170265197754e-01,-3.836480155587196350e-02,9.862238541245460510e-03,-6.437399238348007202e-02,3.764043152332305908e-01,2.251499891281127930e+00,1.531644701957702637e+00,2.259666286408901215e-02,4.862446188926696777e-01,-6.723327096551656723e-03,6.723060607910156250e-01,3.399998843669891357e-01,-2.251499891281127930e+00,-1.600185632705688477e+00,-1.565397232770919800e-01,-2.614950239658355713e-01,-2.503102086484432220e-02,-6.164605617523193359e-01
6.503649987280368805e-03,-2.168975584208965302e-02,7.689545154571533203e-01,-1.525500440038740635e-03,1.372298039495944977e-02,7.051664590835571289e-01,7.089073061943054199e-01,2.720436826348304749e-02,1.728839473798871040e-03,1.371642351150512695e-01,1.772651821374893188e-01,-2.759540379047393799e-01,-1.176532823592424393e-02,-2.452047169208526611e-02,-5.575592443346977234e-02,-2.120281010866165161e-01,2.753390967845916748e-01,-2.720198333263397217e-01,1.232684925198554993e-01,-3.753116354346275330e-02,9.370244108140468597e-03,-6.587705761194229126e-02,3.725462257862091064e-01,2.251499891281127930e+00,1.525835990905761719e+00,1.919307187199592590e-02,4.883494079113006592e-01,-9.030863642692565918e-03,6.734138131141662598e-01,3.377425968647003174e-01,-2.251499891281127930e+00,-1.595950365066528320e+00,-1.611275821924209595e-01,-2.621001899242401123e-01,-2.676530741155147552e-02,-6.202942728996276855e-01
6.572276819497346878e-03,-2.046392299234867096e-02,7.688413262367248535e-01,-2.275731880217790604e-03,1.481690537184476852e-02,7.038964033126831055e-01,7.101444005966186523e-01,2.685629203915596008e-02,1.697332365438342094e-03,1.400890946388244629e-01,1.771094202995300293e-01,-2.775840163230895996e-01,-1.187322381883859634e-02,-2.552852220833301544e-02,-5.561346933245658875e-02,-2.102081179618835449e-01,2.738865911960601807e-01,-2.735450565814971924e-01,1.243568882346153259e-01,-3.774216026067733765e-02,8.791192434728145599e-03,-6.748622655868530273e-02,3.688055574893951416e-01,2.251499891281127930e+00,1.521632075309753418e+00,1.503926236182451248e-02,4.875788092613220215e-01,-1.295046694576740265e-02,6.731155514717102051e-01,3.342517018318176270e-01,-2.251499891281127930e+00,-1.594341993331909180e+00,-1.674158126115798950e-01,-2.587897479534149170e-01,-3.129542246460914612e-02,-6.250122785568237305e-01
7.269233465194702148e-03,-1.917897909879684448e-02,7.686766982078552246e-01,-2.765305340290069580e-03,1.601251214742660522e-02,7.024167776107788086e-01,7.115803956985473633e-01,2.664041519165039062e-02,2.173632849007844925e-03,1.435022652149200439e-01,1.776272505521774292e-01,-2.792911827564239502e-01,-1.238909829407930374e-02,-2.578637935221195221e-02,-5.486697331070899963e-02,-2.079409658908843994e-01,2.713900506496429443e-01,-2.756117582321166992e-01,1.254845708608627319e-01,-4.058834165334701538e-02,8.876332081854343414e-03,-6.773865967988967896e-02,3.739762306213378906e-01,2.251499891281127930e+00,1.517504453659057617e+00,1.859874837100505829e-02,4.822507798671722412e-01,-1.704528741538524628e-02,6.743856668472290039e-01,3.315661251544952393e-01,-2.251499891281127930e+00,-1.596683263778686523e+00,-1.627663820981979370e-01,-2.524376809597015381e-01,-3.437458723783493042e-02,-6.329089403152465820e-01
8.403963409364223480e-03,-1.815224066376686096e-02,7.684740424156188965e-01,-3.008808707818388939e-03,1.713941618800163269e-02,7.009783387184143066e-01,7.129702568054199219e-01,2.667697332799434662e-02,3.065068973228335381e-03,1.473980993032455444e-01,1.779460161924362183e-01,-2.809790670871734619e-01,-1.217063423246145248e-02,-2.582925185561180115e-02,-5.381505936384201050e-02,-2.064282447099685669e-01,2.688170671463012695e-01,-2.780700325965881348e-01,1.252627819776535034e-01,-4.406712949275970459e-02,1.109887845814228058e-02,-6.932932883501052856e-02,3.854527175426483154e-01,2.251499891281127930e+00,1.513372540473937988e+00,3.887939453125000000e-02,4.737628400325775146e-01,-1.917060837149620056e-02,6.740777492523193359e-01,3.355825841426849365e-01,-2.251499891281127930e+00,-1.597196817398071289e+00,-1.334287971258163452e-01,-2.417545467615127563e-01,-3.457589820027351379e-02,-6.404041051864624023e-01
9.539375081658363342e-03,-1.702989265322685242e-02,7.682954668998718262e-01,-3.578865434974431992e-03,1.851726695895195007e-02,6.992968320846557617e-01,7.145825624465942383e-01,2.604687027633190155e-02,4.102202132344245911e-03,1.519688814878463745e-01,1.782349050045013428e-01,-2.827753722667694092e-01,-9.325197897851467133e-03,-2.670901827514171600e-02,-5.230480805039405823e-02,-2.036700844764709473e-01,2.659257352352142334e-01,-2.798395752906799316e-01,1.230415478348731995e-01,-4.575971886515617371e-02,1.266295276582241058e-02,-7.265063375234603882e-02,3.946503996849060059e-01,2.251499891281127930e+00,1.511280059814453125e+00,6.298953294754028320e-02,4.678707420825958252e-01,-2.156928926706314087e-02,6.818604469299316406e-01,3.430438935756683350e-01,-2.251499891281127930e+00,-1.594877481460571289e+00,-9.613920748233795166e-02,-2.301651835441589355e-01,-3.739922866225242615e-02,-6.544606089591979980e-01
9.816684760153293610e-03,-1.599517092108726501e-02,7.680975794792175293e-01,-4.596689715981483459e-03,1.966317370533943176e-02,6.981362104415893555e-01,7.156801223754882812e-01,2.468996308743953705e-02,5.073816981166601181e-03,1.575430184602737427e-01,1.786813139915466309e-01,-2.849948704242706299e-01,-7.498807273805141449e-03,-2.806903980672359467e-02,-5.134514346718788147e-02,-2.021100074052810669e-01,2.635014653205871582e-01,-2.808150649070739746e-01,1.207827702164649963e-01,-4.753861948847770691e-02,1.362146064639091492e-02,-7.564958930015563965e-02,4.083366096019744873e-01,2.251499891281127930e+00,1.513358950614929199e+00,9.454091638326644897e-02,4.548672735691070557e-01,-2.559209801256656647e-02,6.937654614448547363e-01,3.534578979015350342e-01,-2.251499891281127930e+00,-1.595128417015075684e+00,-4.839282482862472534e-02,-2.123889327049255371e-01,-4.258254542946815491e-02,-6.726725101470947266e-01
1.069480739533901215e-02,-1.508493162691593170e-02,7.678556442260742188e-01,-4.970419220626354218e-03,2.113123051822185516e-02,6.958259940147399902e-01,7.178822755813598633e-01,2.329838834702968597e-02,5.495398305356502533e-03,1.629264354705810547e-01,1.807229369878768921e-01,-2.861292958259582520e-01,-4.166465252637863159e-03,-3.018036857247352600e-02,-5.106067657470703125e-02,-2.000214457511901855e-01,2.624407112598419189e-01,-2.833156287670135498e-01,1.207517385482788086e-01,-4.852462559938430786e-02,1.328891050070524216e-02,-8.164799213409423828e-02,4.265317916870117188e-01,2.251499891281127930e+00,1.514834523200988770e+00,1.311058104038238525e-01,4.432338774204254150e-01,-2.763804048299789429e-02,7.154607176780700684e-01,3.661692738533020020e-01,-2.251499891281127930e+00,-1.592588901519775391e+00,5.142793059349060059e-03,-1.955954134464263916e-01,-4.639829695224761963e-02,-6.989656686782836914e-01
1.102581433951854706e-02,-1.412992365658283234e-02,7.676354050636291504e-01,-5.468968767672777176e-03,2.268287725746631622e-02,6.938890814781188965e-01,7.197037339210510254e-01,2.132141217589378357e-02,5.250540096312761307e-03,1.684762239456176758e-01,1.830588281154632568e-01,-2.859406769275665283e-01,-2.324880333617329597e-03,-3.309062123298645020e-02,-5.177981033921241760e-02,-1.982633024454116821e-01,2.627724707126617432e-01,-2.858686745166778564e-01,1.192463040351867676e-01,-4.786560311913490295e-02,1.319690793752670288e-02,-8.773896843194961548e-02,4.494754970073699951e-01,2.251499891281127930e+00,1.516153931617736816e+00,1.822930276393890381e-01,4.296798706054687500e-01,-2.896027453243732452e-02,7.350233793258666992e-01,3.860252499580383301e-01,-2.251499891281127930e+00,-1.588823080062866211e+00,7.983126491308212280e-02,-1.686635911464691162e-01,-5.320656299591064453e-02,-7.245298027992248535e-01
1.143545191735029221e-02,-1.311562303453683853e-02,7.672548890113830566e-01,-6.174087990075349808e-03,2.397226169705390930e-02,6.910946965217590332e-01,7.223401665687561035e-01,1.970709487795829773e-02,5.907224956899881363e-03,1.744180768728256226e-01,1.859692484140396118e-01,-2.895967364311218262e-01,4.593325778841972351e-03,-3.703060373663902283e-02,-5.129418149590492249e-02,-1.941767781972885132e-01,2.648587524890899658e-01,-2.892305254936218262e-01,1.192911192774772644e-01,-4.904030263423919678e-02,1.399895921349525452e-02,-9.457288682460784912e-02,4.786958992481231689e-01,2.251499891281127930e+00,1.519468188285827637e+00,2.367917001247406006e-01,4.133351147174835205e-01,-2.553928084671497345e-02,7.663810849189758301e-01,4.111411571502685547e-01,-2.251499891281127930e+00,-1.585810661315917969e+00,1.630487591028213501e-01,-1.335255801677703857e-01,-6.195706874132156372e-02,-7.592220306396484375e-01
9.850659407675266266e-03,-1.349062845110893250e-02,7.669655680656433105e-01,-6.299154832959175110e-03,2.367476932704448700e-02,6.896169781684875488e-01,7.237598299980163574e-01,1.724986732006072998e-02,5.156279075890779495e-03,1.784433871507644653e-01,1.920602619647979736e-01,-2.925965189933776855e-01,9.505097754299640656e-03,-4.028330743312835693e-02,-5.362563580274581909e-02,-1.947285681962966919e-01,2.697943747043609619e-01,-2.909042537212371826e-01,1.196047142148017883e-01,-4.782224074006080627e-02,1.549614407122135162e-02,-1.035206317901611328e-01,5.136158466339111328e-01,2.251499891281127930e+00,1.528997898101806641e+00,2.954743206501007080e-01,3.949181735515594482e-01,-2.712262794375419617e-02,7.944973111152648926e-01,4.437431991100311279e-01,-2.251499176025390625e+00,-1.585620641708374023e+00,2.526288926601409912e-01,-9.342369437217712402e-02,-7.452552020549774170e-02,-7.908870577812194824e-01
8.297638967633247375e-03,-1.438041869550943375e-02,7.666494250297546387e-01,-6.508108694106340408e-03,2.334070950746536255e-02,6.879609823226928711e-01,7.253430485725402832e-01,1.379731856286525726e-02,4.643849097192287445e-03,1.820977330207824707e-01,1.985285878181457520e-01,-2.972483932971954346e-01,1.525796484202146530e-02,-4.515439644455909729e-02,-5.562905594706535339e-02,-1.950065642595291138e-01,2.760753333568572998e-01,-2.939725816249847412e-01,1.171601861715316772e-01,-4.230279475450515747e-02,3.923352807760238647e-03,-1.089592501521110535e-01,5.495351552963256836e-01,2.234061002731323242e+00,1.529792666435241699e+00,3.401540219783782959e-01,3.732074201107025146e-01,-3.277872502803802490e-02,8.161471486091613770e-01,4.846325814723968506e-01,-2.172781467437744141e+00,-1.573201179504394531e+00,3.153498172760009766e-01,-5.638991668820381165e-02,-9.239301085472106934e-02,-8.191606402397155762e-01
5.832862574607133865e-03,-1.447425037622451782e-02,7.665217518806457520e-01,-7.342023309320211411e-03,2.301882766187191010e-02,6.869872808456420898e-01,7.262676358222961426e-01,1.091016735881567001e-02,3.353975713253021240e-03,1.845626980066299438e-01,2.033760249614715576e-01,-3.020510673522949219e-01,1.994393207132816315e-02,-5.020857974886894226e-02,-5.744005739688873291e-02,-1.908261626958847046e-01,2.829387485980987549e-01,-2.935850024223327637e-01,1.167958006262779236e-01,-3.797335550189018250e-02,-2.651795744895935059e-03,-1.053829714655876160e-01,5.833009481430053711e-01,2.168994903564453125e+00,1.534597039222717285e+00,3.705160021781921387e-01,3.477563858032226562e-01,-3.841846436262130737e-02,8.351527452468872070e-01,5.282510519027709961e-01,-2.070454597473144531e+00,-1.564071416854858398e+00,3.718052506446838379e-01,-1.115092821419239044e-02,-1.090786159038543701e-01,-8.348543047904968262e-01
4.673114046454429626e-03,-1.506817992776632309e-02,7.665263414382934570e-01,-8.356069214642047882e-03,2.324851602315902710e-02,6.863139867782592773e-01,7.268856763839721680e-01,8.953268639743328094e-03,2.928775735199451447e-03,1.857823431491851807e-01,2.020170837640762329e-01,-3.033536076545715332e-01,2.161968126893043518e-02,-5.396230146288871765e-02,-5.770570039749145508e-02,-1.897073835134506226e-01,2.839646935462951660e-01,-2.918919920921325684e-01,1.177587360143661499e-01,-3.382898494601249695e-02,-4.757428541779518127e-03,-1.005607917904853821e-01,6.228935718536376953e-01,2.078779220581054688e+00,1.537605404853820801e+00,4.013378322124481201e-01,3.174297213554382324e-01,-4.378143697977066040e-02,8.453822731971740723e-01,5.764354467391967773e-01,-1.954262256622314453e+00,-1.547961115837097168e+00,4.343721866607666016e-01,3.694349527359008789e-02,-1.230969056487083435e-01,-8.391586542129516602e-01
3.714405233040452003e-03,-1.596726849675178528e-02,7.665672302246093750e-01,-8.926537819206714630e-03,2.359316684305667877e-02,6.852520704269409180e-01,7.278689742088317871e-01,6.208695005625486374e-03,2.024263143539428711e-03,1.862891465425491333e-01,2.022677958011627197e-01,-3.024980127811431885e-01,2.098385989665985107e-02,-5.728499591350555420e-02,-5.924778431653976440e-02,-1.923959255218505859e-01,2.844313681125640869e-01,-2.907591462135314941e-01,1.220237240195274353e-01,-2.636008337140083313e-02,-5.738755222409963608e-03,-9.011764824390411377e-02,6.718410253524780273e-01,1.982343554496765137e+00,1.546074271202087402e+00,4.405728280544281006e-01,2.678761780261993408e-01,-5.146635696291923523e-02,8.427354693412780762e-01,6.158992648124694824e-01,-1.836370825767517090e+00,-1.525195837020874023e+00,5.084994435310363770e-01,1.091256141662597656e-01,-1.378850191831588745e-01,-8.196702003479003906e-01
5.319842137396335602e-03,-1.629977114498615265e-02,7.665504217147827148e-01,-9.273381903767585754e-03,2.574843168258666992e-02,6.853893399238586426e-01,7.276623249053955078e-01,2.717704919632524252e-04,1.763802720233798027e-03,1.857657581567764282e-01,2.047690600156784058e-01,-3.011647164821624756e-01,2.037783525884151459e-02,-6.159887090325355530e-02,-6.069858372211456299e-02,-1.973222196102142334e-01,2.851436734199523926e-01,-2.929938733577728271e-01,1.242828890681266785e-01,-2.253428474068641663e-02,-1.077982969582080841e-02,-7.928071171045303345e-02,7.166472077369689941e-01,1.891276478767395020e+00,1.550085783004760742e+00,4.911788403987884521e-01,1.848607361316680908e-01,-6.611318886280059814e-02,8.072351217269897461e-01,6.207672357559204102e-01,-1.725108861923217773e+00,-1.470678925514221191e+00,5.887895822525024414e-01,1.860023289918899536e-01,-1.436748057603836060e-01,-7.661347389221191406e-01
4.785642493516206741e-03,-1.556625310331583023e-02,7.668632864952087402e-01,-1.119876559823751450e-02,2.871065586805343628e-02,6.857756972312927246e-01,7.271602153778076172e-01,-6.734607275575399399e-03,-6.274242768995463848e-04,1.864329278469085693e-01,2.045543044805526733e-01,-2.986969351768493652e-01,1.921475678682327271e-02,-6.875815242528915405e-02,-6.404594331979751587e-02,-2.011682242155075073e-01,2.866951823234558105e-01,-2.910665571689605713e-01,1.242068335413932800e-01,-2.888861484825611115e-02,-3.913959115743637085e-02,-8.667989820241928101e-02,7.337059378623962402e-01,1.823981642723083496e+00,1.494770050048828125e+00,5.578800439834594727e-01,1.241562962532043457e-01,-7.940074801445007324e-02,7.582067251205444336e-01,3.910937011241912842e-01,-1.577546358108520508e+00,-1.170836091041564941e+00,6.692680120468139648e-01,2.338261306285858154e-01,-1.556736975908279419e-01,-7.144948840141296387e-01
5.912136286497116089e-03,-1.487835682928562164e-02,7.674012184143066406e-01,-1.296070870012044907e-02,3.290542960166931152e-02,6.864428520202636719e-01,7.263232469558715820e-01,-1.427374593913555145e-02,-3.536914475262165070e-03,1.827559620141983032e-01,2.007573097944259644e-01,-2.901664972305297852e-01,1.856422983109951019e-02,-7.386381179094314575e-02,-6.670555472373962402e-02,-2.067121267318725586e-01,2.806970477104187012e-01,-2.876077294349670410e-01,1.260806024074554443e-01,-5.220865830779075623e-02,-5.561849474906921387e-02,-9.988944977521896362e-02,6.947064399719238281e-01,1.717613577842712402e+00,1.368691563606262207e+00,6.108493804931640625e-01,7.635866850614547729e-02,-7.994549721479415894e-02,7.071631550788879395e-01,2.281530648469924927e-01,-1.456109523773193359e+00,-9.248298406600952148e-01,7.499898672103881836e-01,2.648485004901885986e-01,-1.431322544813156128e-01,-6.676953434944152832e-01
6.092979572713375092e-03,-1.194813661277294159e-02,7.678693532943725586e-01,-1.535080466419458389e-02,3.731929883360862732e-02,6.865895986557006836e-01,7.259244918823242188e-01,-1.848856359720230103e-02,-7.414940744638442993e-03,1.805215477943420410e-01,1.950493752956390381e-01,-2.831310033798217773e-01,1.881973072886466980e-02,-7.625816017389297485e-02,-7.000925391912460327e-02,-2.122247666120529175e-01,2.728708684444427490e-01,-2.858096957206726074e-01,1.262521594762802124e-01,-6.948256492614746094e-02,-5.123333260416984558e-02,-1.024028435349464417e-01,5.908528566360473633e-01,1.588145256042480469e+00,1.191358089447021484e+00,6.701816916465759277e-01,2.883105725049972534e-02,-8.042164891958236694e-02,6.525461673736572266e-01,1.641223132610321045e-01,-1.381582140922546387e+00,-7.908650040626525879e-01,8.639478087425231934e-01,2.979815006256103516e-01,-1.272930800914764404e-01,-6.113033294677734375e-01
6.252689752727746964e-03,-1.052948739379644394e-02,7.681875228881835938e-01,-1.694406569004058838e-02,3.907264396548271179e-02,6.875358819961547852e-01,7.249004244804382324e-01,-2.181746251881122589e-02,-8.062612265348434448e-03,1.773302257061004639e-01,1.941495835781097412e-01,-2.816632390022277832e-01,2.068310603499412537e-02,-7.859512418508529663e-02,-7.063844054937362671e-02,-2.153875678777694702e-01,2.722299695014953613e-01,-2.844341397285461426e-01,1.221214830875396729e-01,-6.635992974042892456e-02,-3.696420043706893921e-02,-9.786864370107650757e-02,4.671316146850585938e-01,1.456099510192871094e+00,9.950346350669860840e-01,7.490273714065551758e-01,-1.977414265275001526e-02,-7.264681905508041382e-02,5.925324559211730957e-01,1.663584858179092407e-01,-1.318556666374206543e+00,-7.213304042816162109e-01,9.924250841140747070e-01,3.256354331970214844e-01,-9.811603277921676636e-02,-5.408266782760620117e-01
5.118494387716054916e-03,-1.052074972540140152e-02,7.686020731925964355e-01,-1.788058504462242126e-02,3.963939100503921509e-02,6.865116357803344727e-01,7.258173227310180664e-01,-2.212109975516796112e-02,-1.039754040539264679e-02,1.718366891145706177e-01,1.895194053649902344e-01,-2.773209810256958008e-01,2.555765397846698761e-02,-7.813715189695358276e-02,-7.051342725753784180e-02,-2.145701944828033447e-01,2.645629048347473145e-01,-2.797203361988067627e-01,1.185852289199829102e-01,-5.334749817848205566e-02,-2.573478594422340393e-02,-9.255310893058776855e-02,3.661799430847167969e-01,1.342366456985473633e+00,8.276644945144653320e-01,8.414574861526489258e-01,-6.309535354375839233e-02,-5.919040367007255554e-02,5.362941622734069824e-01,1.784244924783706665e-01,-1.254463076591491699e+00,-6.760227680206298828e-01,1.100746870040893555e+00,3.555069863796234131e-01,-7.162068039178848267e-02,-4.739094972610473633e-01
4.231199622154235840e-03,-9.984747506678104401e-03,7.689267992973327637e-01,-1.922033354640007019e-02,4.011531546711921692e-02,6.849801540374755859e-01,7.272025346755981445e-01,-2.029355429112911224e-02,-1.102877594530582428e-02,1.704865694046020508e-01,1.820102632045745850e-01,-2.744411826133728027e-01,2.940658107399940491e-02,-7.558488100767135620e-02,-6.874535977840423584e-02,-2.141996324062347412e-01,2.528445720672607422e-01,-2.736367583274841309e-01,1.156419739127159119e-01,-4.034821689128875732e-02,-1.779798977077007294e-02,-8.271329104900360107e-02,3.073020577430725098e-01,1.239859580993652344e+00,6.962690353393554688e-01,9.306604862213134766e-01,-8.341158181428909302e-02,-4.464064165949821472e-02,4.697803854942321777e-01,1.958975493907928467e-01,-1.185343742370605469e+00,-6.250189542770385742e-01,1.188345432281494141e+00,3.474012613296508789e-01,-3.879768028855323792e-02,-4.109343290328979492e-01
4.446491133421659470e-03,-9.234518744051456451e-03,7.694231271743774414e-01,-2.052373997867107391e-02,4.086354747414588928e-02,6.853902935981750488e-01,7.267386913299560547e-01,-2.269352972507476807e-02,-1.035726815462112427e-02,1.671116203069686890e-01,1.816497892141342163e-01,-2.692514359951019287e-01,3.486378863453865051e-02,-7.157043367624282837e-02,-6.601210683584213257e-02,-2.151275724172592163e-01,2.400608956813812256e-01,-2.665551006793975830e-01,1.095831394195556641e-01,-2.769395522773265839e-02,-9.867667220532894135e-03,-7.592833042144775391e-02,2.551167905330657959e-01,1.139209151268005371e+00,5.696794986724853516e-01,1.021590113639831543e+00,-8.913990110158920288e-02,-3.068089671432971954e-02,4.038551449775695801e-01,1.998324692249298096e-01,-1.107455253601074219e+00,-5.541330575942993164e-01,1.257820725440979004e+00,3.239689767360687256e-01,-1.411022804677486420e-02,-3.542462885379791260e-01
4.986570216715335846e-03,-9.752267971634864807e-03,7.698060870170593262e-01,-2.086095139384269714e-02,4.096061363816261292e-02,6.859118938446044922e-01,7.262312769889831543e-01,-2.637311443686485291e-02,-9.209224022924900055e-03,1.652612239122390747e-01,1.855898350477218628e-01,-2.670011222362518311e-01,4.266911745071411133e-02,-6.792022287845611572e-02,-6.384813040494918823e-02,-2.173108905553817749e-01,2.296969145536422729e-01,-2.603500783443450928e-01,1.047481596469879150e-01,-2.178483456373214722e-02,-4.624722059816122055e-03,-6.871888786554336548e-02,2.075979858636856079e-01,1.038378000259399414e+00,4.520598053932189941e-01,1.111320376396179199e+00,-8.718661963939666748e-02,-2.012219280004501343e-02,3.436846733093261719e-01,1.917487680912017822e-01,-1.020774722099304199e+00,-4.672776758670806885e-01,1.303827643394470215e+00,3.052990138530731201e-01,-1.044059405103325844e-03,-3.043974936008453369e-01
5.760711152106523514e-03,-1.033417601138353348e-02,7.700067162513732910e-01,-2.071986161172389984e-02,4.065387323498725891e-02,6.847885847091674805e-01,7.273118495941162109e-01,-2.863843552768230438e-02,-7.137488108128309250e-03,1.666222959756851196e-01,1.910443007946014404e-01,-2.669695019721984863e-01,5.034624785184860229e-02,-6.682986021041870117e-02,-6.126931309700012207e-02,-2.152955830097198486e-01,2.256738841533660889e-01,-2.573020756244659424e-01,1.014958843588829041e-01,-2.033830061554908752e-02,-1.740607549436390400e-03,-6.111706793308258057e-02,1.777504682540893555e-01,9.386585950851440430e-01,3.582434654235839844e-01,1.174528121948242188e+00,-8.184115588665008545e-02,-1.522023882716894150e-02,2.965454757213592529e-01,1.758056282997131348e-01,-9.238707423210144043e-01,-3.783056437969207764e-01,1.327399730682373047e+00,2.844455838203430176e-01,8.613824844360351562e-03,-2.647940516471862793e-01
7.308681961148977280e-03,-1.262415945529937744e-02,7.701089382171630859e-01,-1.917967759072780609e-02,3.999970853328704834e-02,6.849134564399719238e-01,7.272728085517883301e-01,-3.035138733685016632e-02,-5.842445418238639832e-03,1.670156568288803101e-01,1.946888566017150879e-01,-2.654264271259307861e-01,5.801256373524665833e-02,-6.511266529560089111e-02,-5.970395356416702271e-02,-2.141547501087188721e-01,2.222061455249786377e-01,-2.565915882587432861e-01,1.000466644763946533e-01,-2.474568225443363190e-02,-7.793870754539966583e-04,-5.332667753100395203e-02,1.525117009878158569e-01,8.364365100860595703e-01,2.694413661956787109e-01,1.235047340393066406e+00,-7.386168092489242554e-02,-7.444939110428094864e-03,2.512134313583374023e-01,1.520386040210723877e-01,-8.243249654769897461e-01,-2.778858244419097900e-01,1.336440205574035645e+00,2.629285752773284912e-01,1.759181171655654907e-02,-2.259491980075836182e-01
7.401180453598499298e-03,-1.509678177535533905e-02,7.699964046478271484e-01,-1.750601455569267273e-02,3.875548392534255981e-02,6.838707327842712402e-01,7.283627986907958984e-01,-3.046812117099761963e-02,-5.100220907479524612e-03,1.721007674932479858e-01,1.983605623245239258e-01,-2.677685320377349854e-01,6.070479005575180054e-02,-6.536873430013656616e-02,-6.000038236379623413e-02,-2.126424163579940796e-01,2.237526476383209229e-01,-2.590078115463256836e-01,9.918171912431716919e-02,-2.834250591695308685e-02,-2.617910271510481834e-03,-4.525612294673919678e-02,1.472789198160171509e-01,7.377653121948242188e-01,2.022754549980163574e-01,1.258436203002929688e+00,-6.965258717536926270e-02,-6.154253147542476654e-03,2.144975513219833374e-01,1.394186913967132568e-01,-7.272983789443969727e-01,-1.865018457174301147e-01,1.323080301284790039e+00,2.431849241256713867e-01,2.187408506870269775e-02,-1.928258538246154785e-01
7.643274962902069092e-03,-1.564575359225273132e-02,7.698617577552795410e-01,-1.731655746698379517e-02,3.897463902831077576e-02,6.826695799827575684e-01,7.294815778732299805e-01,-3.088675439357757568e-02,-4.696767777204513550e-03,1.761016994714736938e-01,1.988644450902938843e-01,-2.697783708572387695e-01,6.647486239671707153e-02,-6.931427866220474243e-02,-5.959801748394966125e-02,-2.064078897237777710e-01,2.283373624086380005e-01,-2.619308829307556152e-01,9.842484444379806519e-02,-3.244726359844207764e-02,-6.653297226876020432e-03,-4.180854186415672302e-02,1.390002071857452393e-01,6.435520648956298828e-01,1.385759115219116211e-01,1.281593680381774902e+00,-6.333538144826889038e-02,-5.437950603663921356e-03,1.806735992431640625e-01,1.269814670085906982e-01,-6.409280300140380859e-01,-9.475779533386230469e-02,1.303967833518981934e+00,2.126221060752868652e-01,2.502997592091560364e-02,-1.667990237474441528e-01
8.547694422304630280e-03,-1.756071299314498901e-02,7.696523666381835938e-01,-1.638607680797576904e-02,4.000914841890335083e-02,6.807420849800109863e-01,7.312461733818054199e-01,-3.436151146888732910e-02,-5.103864707052707672e-03,1.821210235357284546e-01,2.016504853963851929e-01,-2.708763182163238525e-01,7.002128660678863525e-02,-7.623384892940521240e-02,-6.142112612724304199e-02,-2.045776695013046265e-01,2.346059978008270264e-01,-2.669359445571899414e-01,9.993775188922882080e-02,-3.509862720966339111e-02,-1.118595618754625320e-02,-3.837451711297035217e-02,1.323575079441070557e-01,5.562979578971862793e-01,8.174694329500198364e-02,1.285678148269653320e+00,-5.048977211117744446e-02,-7.520633749663829803e-03,1.467328965663909912e-01,1.186142042279243469e-01,-5.615584254264831543e-01,-9.164342656731605530e-03,1.266843318939208984e+00,1.833202689886093140e-01,2.667487040162086487e-02,-1.402344703674316406e-01
8.577381260693073273e-03,-1.919146999716758728e-02,7.694938778877258301e-01,-1.619884930551052094e-02,4.105899855494499207e-02,6.793024539947509766e-01,7.325298190116882324e-01,-3.901252895593643188e-02,-5.508206784725189209e-03,1.883634626865386963e-01,2.049185782670974731e-01,-2.719269990921020508e-01,7.061672210693359375e-02,-8.287841081619262695e-02,-6.381180882453918457e-02,-2.056226432323455811e-01,2.392873764038085938e-01,-2.697348594665527344e-01,1.053144931793212891e-01,-3.764477372169494629e-02,-1.514502428472042084e-02,-3.780419006943702698e-02,1.306908726692199707e-01,4.684551656246185303e-01,2.659638784825801849e-02,1.288552045822143555e+00,-3.268244117498397827e-02,-9.511286392807960510e-03,1.097261309623718262e-01,1.168196201324462891e-01,-4.838447868824005127e-01,6.007456779479980469e-02,1.231637716293334961e+00,1.638477742671966553e-01,2.630270086228847504e-02,-1.203616708517074585e-01
7.811483461409807205e-03,-1.930452324450016022e-02,7.693303823471069336e-01,-1.747553050518035889e-02,4.217190295457839966e-02,6.784491539001464844e-01,7.332277297973632812e-01,-4.580456018447875977e-02,-4.748451057821512222e-03,1.934693157672882080e-01,2.117369174957275391e-01,-2.758314311504364014e-01,7.313543558120727539e-02,-9.089470654726028442e-02,-6.569232791662216187e-02,-2.067582458257675171e-01,2.469969689846038818e-01,-2.714188396930694580e-01,1.097863838076591492e-01,-3.811987861990928650e-02,-1.685260422527790070e-02,-3.766761347651481628e-02,1.338692009449005127e-01,3.833208680152893066e-01,-3.192833438515663147e-02,1.278246283531188965e+00,-1.204340020194649696e-03,-1.089197117835283279e-02,8.189115673303604126e-02,1.198635622859001160e-01,-4.139120876789093018e-01,1.185429543256759644e-01,1.202944636344909668e+00,1.465242058038711548e-01,2.548835426568984985e-02,-1.007484272122383118e-01
6.699183955788612366e-03,-1.945485919713973999e-02,7.693398594856262207e-01,-1.838063634932041168e-02,4.324501380324363708e-02,6.761949658393859863e-01,7.352226972579956055e-01,-4.861601442098617554e-02,-5.567235406488180161e-03,1.980244666337966919e-01,2.122754901647567749e-01,-2.754391431808471680e-01,7.336944341659545898e-02,-9.707413613796234131e-02,-6.700336933135986328e-02,-2.032464295625686646e-01,2.499575316905975342e-01,-2.700925469398498535e-01,1.165650710463523865e-01,-3.835103660821914673e-02,-1.904305629432201385e-02,-4.072186723351478577e-02,1.379260867834091187e-01,3.129265010356903076e-01,-8.283914625644683838e-02,1.261105298995971680e+00,3.220454975962638855e-02,-1.287940330803394318e-02,6.191820278763771057e-02,1.184670031070709229e-01,-3.587188422679901123e-01,1.621527373790740967e-01,1.170492649078369141e+00,1.357004046440124512e-01,2.077119611203670502e-02,-9.277538955211639404e-02
4.580045584589242935e-03,-1.885470561683177948e-02,7.693598866462707520e-01,-2.067221142351627350e-02,4.436549544334411621e-02,6.731576919555664062e-01,7.378774285316467285e-01,-4.979254677891731262e-02,-4.599426407366991043e-03,2.116053402423858643e-01,2.084901779890060425e-01,-2.764582335948944092e-01,7.174057513475418091e-02,-1.006831526756286621e-01,-6.593737006187438965e-02,-1.966353207826614380e-01,2.435021400451660156e-01,-2.641242444515228271e-01,1.244465857744216919e-01,-3.831634670495986938e-02,-2.067600004374980927e-02,-4.820824787020683289e-02,1.394142061471939087e-01,2.803467512130737305e-01,-1.086139529943466187e-01,1.242822766304016113e+00,5.731231719255447388e-02,-1.400866825133562088e-02,6.376707553863525391e-02,1.200227588415145874e-01,-3.431560993194580078e-01,1.857330501079559326e-01,1.133118033409118652e+00,1.299765557050704956e-01,1.333039999008178711e-02,-9.508194029331207275e-02
