t,drift_x,drift_y,lean,dpitch,base_z,tilt_rad,gx,gy,gz,yaw_delta,cmd_vx,cmd_vy,cmd_yaw,meta_selected,meta_safety_hold
0.0199962,0,0,0,0,0.732861,0,-0.015612,-0.000430758,-0.999878,0,0.2,0,0,DISABLED,0
0.0399961,2.64402e-06,-1.66707e-07,0,-4.05498e-06,0.73286,0,-0.0156161,-0.000430743,-0.999878,3.61586e-06,0.2,0,0,DISABLED,0
0.0599961,2.88365e-05,-2.6729e-07,0,-4.59794e-06,0.732854,0,-0.0156166,-0.000430961,-0.999878,8.45769e-06,0.2,0,0,DISABLED,0
0.0799961,9.315e-05,-1.21538e-07,0,3.42913e-06,0.732844,0,-0.0156086,-0.00043002,-0.999878,1.58169e-05,0.2,0,0,DISABLED,0
0.0999961,0.00021833,4.60073e-07,0,7.02403e-06,0.732827,0,-0.015605,-0.000429641,-0.999878,2.48504e-05,0.2,0,0,DISABLED,0
0.119996,0.000415803,2.16439e-06,0,1.17868e-05,0.732801,0,-0.0156002,-0.000430838,-0.999878,3.32393e-05,0.2,0,0,DISABLED,0
0.139996,0.000631198,4.82891e-06,0,2.05934e-05,0.732774,0,-0.0155914,-0.000433903,-0.999878,3.88756e-05,0.2,0,0,DISABLED,0
0.159996,0.00101601,2.95504e-05,0,2.81194e-05,0.732717,0,-0.0155839,-0.000560851,-0.999878,4.68289e-05,0.2,0,0,DISABLED,0
0.179996,0.00150474,0.00025503,0,4.83375e-05,0.732594,0.00077204,-0.0155637,-0.00124398,-0.999878,3.65811e-05,0.2,0,0,DISABLED,0
0.199996,0.00204992,0.00102834,0,0.000414367,0.732363,0.00119604,-0.0151976,-0.00154034,-0.999883,-0.00030436,0.2,0,0,DISABLED,0
0.219996,0.00256371,0.00226823,0,0.00105425,0.732173,0.00150498,-0.0145577,-0.00149532,-0.999893,-4.04427e-07,0.2,0,0,DISABLED,0
0.239996,0.00324691,0.00369099,0,0.00095092,0.732288,0.00256057,-0.0146611,-0.00282384,-0.999889,0.000346541,0.2,0,0,DISABLED,0
0.259996,0.00428915,0.00563602,0,0.000209193,0.732575,0.0029901,-0.0154028,-0.00341741,-0.999876,0.000545002,0.2,0,0,DISABLED,0
0.279996,0.00537504,0.00781862,0,4.38234e-05,0.732789,0.00195313,-0.0155682,-0.00239787,-0.999876,0.00118334,0.2,0,0,DISABLED,0
0.299996,0.00651647,0.0103056,0,0.000663335,0.732959,0.000845728,-0.0149487,-0.000915533,-0.999888,0.00225557,0.2,0,0,DISABLED,0
0.319996,0.00776418,0.0126294,0,0.00077308,0.733199,0.00077204,-0.0148389,-0.000254853,-0.99989,0.00239514,0.2,0,0,DISABLED,0
0.339996,0.00907724,0.0148085,0,0.000737953,0.733381,0.00129187,-0.014874,0.000624124,-0.999889,0.00208626,0.2,0,0,DISABLED,0
0.359996,0.0105745,0.0173825,0,0.00159369,0.733336,0.00404125,-0.0140183,0.00327492,-0.999896,0.00223621,0.2,0,0,DISABLED,0
0.379996,0.0122593,0.0204363,0,0.00343462,0.732821,0.00929022,-0.0121774,0.00819834,-0.999892,0.00251146,0.2,0,0,DISABLED,0
0.399996,0.0138495,0.0225495,0,0.00463113,0.732675,0.00812664,-0.0109809,0.00624439,-0.99992,0.00497841,0.2,0,0,DISABLED,0
0.419996,0.0157651,0.0246788,0,0.00497192,0.732867,0.00515594,-0.0106401,0.000952259,-0.999943,0.00622554,0.2,0,0,DISABLED,0
0.439996,0.0177818,0.0269863,0,0.00426562,0.733211,0.00461936,-0.0113464,0.00135375,-0.999935,0.00798073,0.2,0,0,DISABLED,0
0.459996,0.0205197,0.0293091,0,0.000966051,0.733822,0.00601004,-0.0146459,0.0054931,-0.999878,0.0119207,0.2,0,0,DISABLED,0
0.479996,0.023025,0.0310369,0,-0.00206214,0.734219,0.00853448,-0.0176741,0.00785441,-0.999813,0.0130171,0.2,0,0,DISABLED,0
0.499996,0.025358,0.0321955,0,-0.00477861,0.734349,0.0103868,-0.0203906,0.00879487,-0.999753,0.0135923,0.2,0,0,DISABLED,0
0.519996,0.0283228,0.0331107,0,-0.00783764,0.734363,0.0120498,-0.0234496,0.00872275,-0.999687,0.0131898,0.2,0,0,DISABLED,0
0.539996,0.0308148,0.0334662,0,-0.00975558,0.734362,0.0130565,-0.0253676,0.00824563,-0.999644,0.0125247,0.2,0,0,DISABLED,0
0.559996,0.0339231,0.0335007,0,-0.0111193,0.734356,0.0137589,-0.0267313,0.00767418,-0.999613,0.0120416,0.2,0,0,DISABLED,0
0.579996,0.0365311,0.0332419,0,-0.0115055,0.734332,0.0136807,-0.0271175,0.00696955,-0.999608,0.0117213,0.2,0,0,DISABLED,0
0.599996,0.0398155,0.0325986,0,-0.0113303,0.734265,0.0131972,-0.0269423,0.00633197,-0.999617,0.0116488,0.2,0,0,DISABLED,0
0.619996,0.0428492,0.0316498,0,-0.01056,0.734166,0.0122461,-0.026172,0.00576945,-0.999641,0.0117851,0.2,0,0,DISABLED,0
0.639996,0.0456281,0.0304187,0,-0.00947578,0.734024,0.0110702,-0.0250878,0.00530085,-0.999671,0.0123359,0.2,0,0,DISABLED,0
0.659996,0.0487494,0.0286007,0,-0.00773322,0.733757,0.0091805,-0.0233452,0.00452153,-0.999717,0.0135321,0.2,0,0,DISABLED,0
0.679996,0.051843,0.0263724,0,-0.00505242,0.733257,0.00585938,-0.0206644,0.00253504,-0.999783,0.0143695,0.2,0,0,DISABLED,0
0.699996,0.0548428,0.0239432,0,-0.00258655,0.732415,0.00331169,-0.0181985,0.00164633,-0.999833,0.014386,0.2,0,0,DISABLED,0
0.719995,0.0580473,0.0217538,0,-0.000805907,0.732506,0.00865928,-0.0164179,0.00819094,-0.999832,0.0135541,0.2,0,0,DISABLED,0
0.739995,0.0604024,0.0199466,0,-0.00064086,0.732865,0.00823593,-0.0162529,0.00777804,-0.999838,0.0134251,0.2,0,0,DISABLED,0
0.759995,0.0643429,0.0175823,0,-0.00298655,0.733312,0.00429854,-0.0185985,0.00264541,-0.999824,0.0120487,0.2,0,0,DISABLED,0
0.779995,0.0677053,0.015959,0,-0.00620713,0.733806,0.00709271,-0.0218191,-0.00387075,-0.999754,0.0114346,0.2,0,0,DISABLED,0
0.799995,0.0702228,0.0149038,0,-0.00737824,0.734134,0.00998894,-0.0229902,-0.00716144,-0.99971,0.0116944,0.2,0,0,DISABLED,0
0.819995,0.0738479,0.0136341,0,-0.00754828,0.734424,0.0123913,-0.0231603,-0.0102549,-0.999679,0.0120991,0.2,0,0,DISABLED,0
0.839995,0.0766488,0.0129254,0,-0.00737928,0.734541,0.0131972,-0.0229913,-0.0113727,-0.999671,0.0127273,0.2,0,0,DISABLED,0
0.859995,0.0799251,0.0124145,0,-0.00735064,0.734654,0.0139824,-0.0229626,-0.0123269,-0.99966,0.0131575,0.2,0,0,DISABLED,0
0.879995,0.0833459,0.0121378,0,-0.00732956,0.734771,0.0149825,-0.0229416,-0.0134997,-0.999646,0.0133301,0.2,0,0,DISABLED,0
0.899995,0.0868338,0.0120733,0,-0.00696398,0.734842,0.0158787,-0.022576,-0.0147003,-0.999637,0.0134594,0.2,0,0,DISABLED,0
0.919995,0.090323,0.0122491,0,-0.00590228,0.734804,0.0161172,-0.0215143,-0.0154285,-0.999649,0.0135326,0.2,0,0,DISABLED,0
0.939995,0.0938014,0.0127002,0,-0.00418188,0.734658,0.0158185,-0.0197939,-0.0156883,-0.999681,0.01377,0.2,0,0,DISABLED,0
0.959995,0.0975622,0.0135512,0,-0.00145384,0.734354,0.0150143,-0.0170658,-0.0153769,-0.999736,0.0140223,0.2,0,0,DISABLED,0
0.979995,0.100627,0.0145344,0,0.00106289,0.73394,0.013884,-0.0145491,-0.0142727,-0.999792,0.014018,0.2,0,0,DISABLED,0
0.999995,0.104406,0.0160934,0,0.00376016,0.73298,0.0111613,-0.0118518,-0.0109374,-0.99987,0.0138186,0.2,0,0,DISABLED,0
1.02,0.10724,0.0170251,0,0.00604317,0.732453,0.0146608,-0.00956883,-0.013786,-0.999859,0.0152295,0.2,0,0,DISABLED,0
1.04,0.110354,0.0179729,0,0.00704818,0.732642,0.0185742,-0.00856382,-0.0176147,-0.999808,0.0167597,0.2,0,0,DISABLED,0
1.06,0.114034,0.0192885,0,0.006,0.733099,0.0152702,-0.00961201,-0.0144707,-0.999849,0.0183031,0.2,0,0,DISABLED,0
1.08,0.117466,0.02016,0,0.0024661,0.733465,0.00929022,-0.0131459,-0.00938897,-0.99987,0.0208915,0.2,0,0,DISABLED,0
1.1,0.121283,0.0208891,0,-0.000653503,0.733682,0.00488282,-0.0162655,-0.00526872,-0.999854,0.0230856,0.2,0,0,DISABLED,0
1.12,0.125304,0.0213802,0,-0.00259056,0.733609,0.00401164,-0.0182026,-0.00349765,-0.999828,0.0238739,0.2,0,0,DISABLED,0
1.14,0.128594,0.0214994,0,-0.003694,0.733474,0.00456746,-0.019306,-0.00310976,-0.999809,0.0243419,0.2,0,0,DISABLED,0
1.16,0.132282,0.0213761,0,-0.00463317,0.733429,0.00513277,-0.0202452,-0.00263938,-0.999792,0.0245538,0.2,0,0,DISABLED,0
1.18,0.136409,0.0209687,0,-0.00528491,0.733523,0.00535999,-0.0208969,-0.00129071,-0.999781,0.0253287,0.2,0,0,DISABLED,0
1.2,0.139458,0.0205011,0,-0.00545696,0.733624,0.00547006,-0.021069,-4.35554e-05,-0.999778,0.025937,0.2,0,0,DISABLED,0
1.22,0.143704,0.0196212,0,-0.00522417,0.733723,0.00566281,-0.0208362,0.00175197,-0.999781,0.0266599,0.2,0,0,DISABLED,0
1.24,0.147555,0.0185494,0,-0.00432317,0.733706,0.00548095,-0.0199352,0.00292455,-0.999797,0.0273317,0.2,0,0,DISABLED,0
1.25999,0.151728,0.0170576,0,-0.00272469,0.733472,0.00487059,-0.0183367,0.00361506,-0.999825,0.0285926,0.2,0,0,DISABLED,0
1.27999,0.155111,0.0155545,0,-0.00110445,0.73296,0.00379794,-0.0167164,0.00319544,-0.999855,0.0299712,0.2,0,0,DISABLED,0
1.29999,0.158337,0.013821,0,0.000891484,0.732062,0.00418614,-0.0147205,0.00365839,-0.999885,0.0297454,0.2,0,0,DISABLED,0
1.31999,0.162237,0.0120381,0,0.000818015,0.731977,0.00907602,-0.014794,0.00861313,-0.999853,0.0291151,0.2,0,0,DISABLED,0
1.33999,0.165944,0.0101069,0,-0.00104484,0.732419,0.00770497,-0.0166568,0.00720024,-0.999835,0.0275604,0.2,0,0,DISABLED,0
1.35999,0.169767,0.00856221,0,-0.00418199,0.732809,0.00548095,-0.019794,0.00310856,-0.999799,0.0251,0.2,0,0,DISABLED,0
1.37999,0.17337,0.00741665,0,-0.00668563,0.73322,0.00668608,-0.0222976,-0.000676991,-0.999751,0.0244049,0.2,0,0,DISABLED,0
1.39999,0.177033,0.00661011,0,-0.00759952,0.733552,0.00814862,-0.0232115,-0.00337608,-0.999725,0.0240929,0.2,0,0,DISABLED,0
1.41999,0.180002,0.00624194,0,-0.00763076,0.733722,0.00897033,-0.0232428,-0.00515623,-0.999717,0.024112,0.2,0,0,DISABLED,0
1.43999,0.183431,0.00614127,0,-0.00754411,0.733852,0.00954965,-0.0231561,-0.00629036,-0.999712,0.0239932,0.2,0,0,DISABLED,0
1.45999,0.187384,0.00637318,0,-0.00753388,0.733996,0.010219,-0.0231459,-0.0073385,-0.999705,0.0238741,0.2,0,0,DISABLED,0
1.47999,0.190737,0.006768,0,-0.00747002,0.73412,0.0110108,-0.023082,-0.00851667,-0.999697,0.0238371,0.2,0,0,DISABLED,0
1.49999,0.194881,0.0074925,0,-0.00681446,0.734215,0.0118855,-0.0224265,-0.0101746,-0.999697,0.0233655,0.2,0,0,DISABLED,0
1.51999,0.198244,0.00826943,0,-0.00541203,0.734203,0.0117391,-0.021024,-0.0108503,-0.99972,0.0236573,0.2,0,0,DISABLED,0
1.53999,0.201882,0.00933888,0,-0.00338617,0.734085,0.0110486,-0.0189982,-0.0109459,-0.99976,0.0239559,0.2,0,0,DISABLED,0
1.55999,0.205395,0.010631,0,-0.000369208,0.73381,0.00986284,-0.0159812,-0.0102855,-0.999819,0.0240358,0.2,0,0,DISABLED,0
1.57999,0.208874,0.012149,0,0.00287439,0.733257,0.00838653,-0.0127376,-0.00830634,-0.999884,0.0235706,0.2,0,0,DISABLED,0
1.59999,0.212352,0.0138777,0,0.00565931,0.73215,0.0069312,-0.0099527,-0.00443733,-0.999941,0.0228381,0.2,0,0,DISABLED,0
1.61999,0.215723,0.0148379,0,0.00713073,0.731926,0.0123527,-0.00848127,-0.0105175,-0.999909,0.0238784,0.2,0,0,DISABLED,0
1.63999,0.219652,0.0162479,0,0.00606479,0.73231,0.0121336,-0.00954721,-0.0109433,-0.999895,0.0240463,0.2,0,0,DISABLED,0
1.65999,0.223084,0.0173774,0,0.00339902,0.732659,0.00764283,-0.012213,-0.00727512,-0.999899,0.0259735,0.2,0,0,DISABLED,0
1.67999,0.227424,0.018471,0,-9.66713e-06,0.733072,0.00176052,-0.0156217,-0.00221346,-0.999876,0.0288377,0.2,0,0,DISABLED,0
1.69999,0.231136,0.0191406,0,-0.00153609,0.733177,0.00154408,-0.0171481,-0.000494235,-0.999853,0.0295059,0.2,0,0,DISABLED,0
1.71999,0.234815,0.0194725,0,-0.00279899,0.733096,0.00280496,-0.018411,-0.000171839,-0.99983,0.0301327,0.2,0,0,DISABLED,0
1.73999,0.237394,0.0194944,0,-0.00366716,0.733031,0.00367024,-0.0192792,-0.000398755,-0.999814,0.0305039,0.2,0,0,DISABLED,0
1.75999,0.241826,0.0191969,0,-0.00450911,0.73302,0.00451496,-0.0201211,-0.000531926,-0.999797,0.0312461,0.2,0,0,DISABLED,0
1.77999,0.245559,0.0186796,0,-0.00477552,0.733086,0.00477169,-0.0203875,-0.000352817,-0.999792,0.0316957,0.2,0,0,DISABLED,0
1.79999,0.249315,0.0179211,0,-0.00467609,0.733158,0.00469614,-0.0202881,4.4629e-05,-0.999794,0.0321684,0.2,0,0,DISABLED,0
1.81999,0.253434,0.0167887,0,-0.00409291,0.733209,0.00428465,-0.0197049,0.000823137,-0.999806,0.0330081,0.2,0,0,DISABLED,0
1.83999,0.256377,0.0157237,0,-0.00304201,0.733193,0.00355474,-0.018654,0.0014089,-0.999825,0.0341315,0.2,0,0,DISABLED,0
1.85999,0.260799,0.0138117,0,-0.00147499,0.733003,0.00276214,-0.017087,0.0018992,-0.999852,0.0357408,0.2,0,0,DISABLED,0
1.87999,0.264037,0.0120663,0,0.000148322,0.732521,0.00133721,-0.0154637,0.00088993,-0.99988,0.0369689,0.2,0,0,DISABLED,0
1.89999,0.267512,0.00990351,0,0.00166253,0.731613,0.00169146,-0.0139495,-0.000121645,-0.999903,0.0363686,0.2,0,0,DISABLED,0
1.91999,0.271071,0.00796898,0,0.00104714,0.731739,0.00598021,-0.0145649,0.00545535,-0.999879,0.0357315,0.2,0,0,DISABLED,0
1.93999,0.274929,0.00548466,0,-0.000546847,0.732401,0.00331169,-0.0161588,0.002846,-0.999865,0.0341638,0.2,0,0,DISABLED,0
1.95999,0.278519,0.00368326,0,-0.00307535,0.732992,0.00325724,-0.0186874,-0.00153562,-0.999824,0.0320502,0.2,0,0,DISABLED,0
1.97999,0.281627,0.00246893,0,-0.00506523,0.73342,0.00645937,-0.0206772,-0.0044348,-0.999776,0.0309254,0.2,0,0,DISABLED,0
1.99999,0.28518,0.00136374,0,-0.00602621,0.733752,0.00870048,-0.0216382,-0.00670866,-0.999743,0.0304685,0.2,0,0,DISABLED,0
2.01999,0.288392,0.000711456,0,-0.00617267,0.733914,0.0100247,-0.0217847,-0.00833347,-0.999728,0.0302241,0.2,0,0,DISABLED,0
2.03999,0.29139,0.000412047,0,-0.00617601,0.733997,0.0106754,-0.021788,-0.00913987,-0.999721,0.0301186,0.2,0,0,DISABLED,0
2.05999,0.294866,0.000369959,0,-0.00622664,0.734082,0.0113046,-0.0218386,-0.0098632,-0.999713,0.0300045,0.2,0,0,DISABLED,0
2.07999,0.298117,0.000532528,0,-0.00624144,0.734166,0.0120893,-0.0218534,-0.0107884,-0.999703,0.0298886,0.2,0,0,DISABLED,0
2.09999,0.302529,0.00100505,0,-0.00575923,0.734243,0.0128494,-0.0213712,-0.011919,-0.999701,0.0298708,0.2,0,0,DISABLED,0
2.11999,0.306161,0.00163301,0,-0.00446091,0.734227,0.0128076,-0.0200729,-0.0124395,-0.999721,0.030288,0.2,0,0,DISABLED,0
2.13999,0.309677,0.00249763,0,-0.00220459,0.734109,0.0123141,-0.0178166,-0.0125424,-0.999763,0.0305023,0.2,0,0,DISABLED,0
2.15999,0.313071,0.00358523,0,0.000810423,0.733842,0.0116423,-0.0148016,-0.0120452,-0.999818,0.0305551,0.2,0,0,DISABLED,0
2.17999,0.316443,0.00489703,0,0.00394234,0.733311,0.0107533,-0.0116697,-0.0104338,-0.999877,0.0301585,0.2,0,0,DISABLED,0
2.19999,0.319461,0.00634036,0,0.00675569,0.732332,0.00896368,-0.00885631,-0.00632264,-0.999941,0.0293551,0.2,0,0,DISABLED,0
2.21999,0.322615,0.00719984,0,0.00856862,0.731885,0.0149267,-0.00704338,-0.0126525,-0.999895,0.0304148,0.2,0,0,DISABLED,0
2.23999,0.325908,0.00820739,0,0.00817347,0.732182,0.0161319,-0.00743853,-0.0143389,-0.99987,0.0303885,0.2,0,0,DISABLED,0
2.25999,0.329584,0.00933039,0,0.00535674,0.732552,0.011729,-0.0102553,-0.0108673,-0.999888,0.0322736,0.2,0,0,DISABLED,0
2.27999,0.333457,0.0101794,0,0.00182516,0.732942,0.00572561,-0.0137868,-0.00586577,-0.999888,0.0347807,0.2,0,0,DISABLED,0
2.29999,0.337131,0.0106758,0,-0.000245776,0.733085,0.0030688,-0.0158578,-0.00349166,-0.999868,0.0356934,0.2,0,0,DISABLED,0
2.31999,0.340751,0.0108642,0,-0.00162197,0.733032,0.0029701,-0.017234,-0.00291209,-0.999847,0.0359011,0.2,0,0,DISABLED,0
2.33999,0.344025,0.010737,0,-0.00254979,0.732955,0.00360469,-0.0181618,-0.00299376,-0.999831,0.0362189,0.2,0,0,DISABLED,0
2.35999,0.348041,0.0102755,0,-0.00316677,0.732967,0.00401164,-0.0187788,-0.00289443,-0.999819,0.0366643,0.2,0,0,DISABLED,0
2.37999,0.352099,0.00951756,0,-0.0032821,0.733062,0.00375056,-0.0188941,-0.00223298,-0.999819,0.0375709,0.2,0,0,DISABLED,0
2.39999,0.355449,0.00869359,0,-0.00314242,0.733149,0.00332964,-0.0187544,-0.00156362,-0.999823,0.0377174,0.2,0,0,DISABLED,0
2.41999,0.359154,0.00752167,0,-0.00255041,0.733209,0.00256057,-0.0181624,-0.000533447,-0.999835,0.0385741,0.2,0,0,DISABLED,0
2.43999,0.363225,0.00591977,0,-0.00160376,0.733197,0.00179406,-0.0172158,0.000360077,-0.999852,0.0393,0.2,0,0,DISABLED,0
2.45999,0.366535,0.00435226,0,-0.000148874,0.733045,0.00142357,-0.0157609,0.000983211,-0.999875,0.0407267,0.2,0,0,DISABLED,0
2.47999,0.370221,0.00230221,0,0.00129931,0.732477,0.00142357,-0.0143127,7.88547e-05,-0.999898,0.0420851,0.2,0,0,DISABLED,0
2.49999,0.374073,-0.000109811,0,0.00274346,0.731559,0.0029901,-0.0128685,0.000789433,-0.999917,0.040795,0.2,0,0,DISABLED,0
2.51999,0.376937,-0.00176239,0,0.00226489,0.731715,0.00610841,-0.0133471,0.00524012,-0.999897,0.0403327,0.2,0,0,DISABLED,0
2.53999,0.381285,-0.00469871,0,0.000446667,0.732455,0.00267443,-0.0151653,0.00221011,-0.999883,0.0376055,0.2,0,0,DISABLED,0
2.55999,0.384894,-0.00666325,0,-0.00194686,0.733099,0.00312653,-0.0175589,-0.00288502,-0.999842,0.0357167,0.2,0,0,DISABLED,0
2.57999,0.388326,-0.00805926,0,-0.00405032,0.733608,0.0072424,-0.0196623,-0.00643896,-0.999786,0.0340541,0.2,0,0,DISABLED,0
2.59999,0.391208,-0.00902805,0,-0.00482596,0.733914,0.00977786,-0.020438,-0.00894165,-0.999751,0.0333428,0.2,0,0,DISABLED,0
2.61999,0.394712,-0.00985859,0,-0.00490823,0.73411,0.0111773,-0.0205202,-0.0104758,-0.999735,0.0328226,0.2,0,0,DISABLED,0
2.63999,0.398047,-0.0102556,0,-0.00497944,0.734171,0.0117696,-0.0205914,-0.0110992,-0.999726,0.03224,0.2,0,0,DISABLED,0
2.65999,0.401546,-0.0103367,0,-0.00517958,0.734235,0.0120844,-0.0207916,-0.0113508,-0.999719,0.0323099,0.2,0,0,DISABLED,0
2.67999,0.405175,-0.0101709,0,-0.00528229,0.734313,0.0128308,-0.0208943,-0.012122,-0.999708,0.032078,0.2,0,0,DISABLED,0
2.69999,0.408846,-0.00981764,0,-0.0049356,0.734363,0.0135538,-0.0205476,-0.0130553,-0.999704,0.032172,0.2,0,0,DISABLED,0
2.71999,0.412465,-0.00925997,0,-0.00375907,0.734339,0.0137632,-0.0193711,-0.0136765,-0.999719,0.0325814,0.2,0,0,DISABLED,0
2.73999,0.415982,-0.00848288,0,-0.0019665,0.734213,0.0135582,-0.0175785,-0.0138452,-0.99975,0.0328429,0.2,0,0,DISABLED,0
2.75999,0.419358,-0.00751438,0,0.00110446,0.733923,0.0129832,-0.0145075,-0.0133693,-0.999805,0.0330136,0.2,0,0,DISABLED,0
2.77999,0.422675,-0.0063204,0,0.00421112,0.733364,0.0120251,-0.0114009,-0.0116979,-0.999867,0.0327388,0.2,0,0,DISABLED,0
2.79999,0.425676,-0.00499068,0,0.00651582,0.732354,0.00996505,-0.00909618,-0.00796743,-0.999927,0.0318515,0.2,0,0,DISABLED,0
2.81999,0.429124,-0.00420148,0,0.00849821,0.731899,0.0161578,-0.00711379,-0.0141749,-0.999874,0.0339373,0.2,0,0,DISABLED,0
2.83999,0.431966,-0.00334946,0,0.00839204,0.732158,0.0178442,-0.00721996,-0.0161761,-0.999843,0.0339194,0.2,0,0,DISABLED,0
2.85999,0.435534,-0.00226702,0,0.00573261,0.732537,0.0134078,-0.00987939,-0.0125508,-0.999872,0.0360104,0.2,0,0,DISABLED,0
2.87999,0.439666,-0.00142752,0,0.00209462,0.73295,0.00739712,-0.0135174,-0.00752566,-0.99988,0.0382252,0.2,0,0,DISABLED,0
2.89999,0.443306,-0.00105612,0,0.000126991,0.733064,0.00499147,-0.015485,-0.00541968,-0.999865,0.0392893,0.2,0,0,DISABLED,0
2.91999,0.44652,-0.000994734,0,-0.00130607,0.732987,0.00454128,-0.0169181,-0.00478736,-0.999845,0.0393063,0.2,0,0,DISABLED,0
2.93999,0.450471,-0.00132981,0,-0.00228477,0.732883,0.00499147,-0.0178968,-0.00486774,-0.999828,0.0393797,0.2,0,0,DISABLED,0
2.95999,0.454097,-0.00193226,0,-0.00304935,0.732904,0.00525896,-0.0186614,-0.00471611,-0.999815,0.0397893,0.2,0,0,DISABLED,0
2.97999,0.457754,-0.00276293,0,-0.00318449,0.733,0.00495552,-0.0187965,-0.00422669,-0.999814,0.0400165,0.2,0,0,DISABLED,0
2.99999,0.461443,-0.00384091,0,-0.00300135,0.733103,0.00405597,-0.0186134,-0.00315271,-0.999822,0.0407501,0.2,0,0,DISABLED,0
3.01999,0.464769,-0.00501905,0,-0.00254472,0.733163,0.00308816,-0.0181567,-0.00220287,-0.999833,0.0412904,0.2,0,0,DISABLED,0
3.03999,0.468806,-0.00674573,0,-0.00142535,0.733149,0.00165584,-0.0170373,-0.00122886,-0.999854,0.0419007,0.2,0,0,DISABLED,0
3.05999,0.472484,-0.00859348,0,-3.24883e-05,0.732953,0,-0.0156445,-0.000557738,-0.999877,0.0432024,0.2,0,0,DISABLED,0
3.08,0.475748,-0.0105834,0,0.00148977,0.732389,0.00198341,-0.0141222,-0.00171405,-0.999899,0.0443418,0.2,0,0,DISABLED,0
3.1,0.479277,-0.0128803,0,0.00272591,0.731576,0.00271864,-0.0128861,-0.000349586,-0.999917,0.0432679,0.2,0,0,DISABLED,0
3.12,0.483227,-0.0153518,0,0.00204356,0.731873,0.00550266,-0.0135684,0.00467801,-0.999897,0.0418753,0.2,0,0,DISABLED,0
3.14,0.486414,-0.0176042,0,0.000891701,0.732417,0.00223759,-0.0147203,0.00163795,-0.99989,0.0400962,0.2,0,0,DISABLED,0
3.16,0.490431,-0.0197895,0,-0.00180491,0.733086,0.00368644,-0.0174169,-0.00364104,-0.999842,0.0372154,0.2,0,0,DISABLED,0
3.18,0.493927,-0.0211592,0,-0.00381942,0.733539,0.00707588,-0.0194314,-0.00638459,-0.999791,0.0354906,0.2,0,0,DISABLED,0
3.2,0.496868,-0.0220783,0,-0.00486135,0.73379,0.00936689,-0.0204734,-0.00844283,-0.999755,0.0345881,0.2,0,0,DISABLED,0
3.22,0.500427,-0.0228279,0,-0.00510738,0.73394,0.0105575,-0.0207194,-0.00967317,-0.999739,0.0340863,0.2,0,0,DISABLED,0
3.24,0.503472,-0.0231248,0,-0.00527226,0.733993,0.0110378,-0.0208843,-0.0101301,-0.999731,0.0337366,0.2,0,0,DISABLED,0
3.26,0.507023,-0.0231579,0,-0.00552956,0.734043,0.0114513,-0.0211416,-0.0104633,-0.999722,0.0334217,0.2,0,0,DISABLED,0
3.28,0.511078,-0.0229256,0,-0.00563696,0.734116,0.0121189,-0.021249,-0.0111573,-0.999712,0.0335077,0.2,0,0,DISABLED,0
3.3,0.514433,-0.022565,0,-0.0052783,0.734163,0.0127142,-0.0208903,-0.0119991,-0.99971,0.0337697,0.2,0,0,DISABLED,0
3.32,0.518103,-0.0219656,0,-0.00402968,0.734157,0.0129418,-0.0196417,-0.0127327,-0.999726,0.0342181,0.2,0,0,DISABLED,0
3.34,0.521658,-0.0211344,0,-0.00156407,0.734048,0.012686,-0.0171761,-0.0130168,-0.999768,0.034441,0.2,0,0,DISABLED,0
3.36,0.525415,-0.0199776,0,0.00143844,0.733751,0.0122801,-0.0141736,-0.0126291,-0.99982,0.0346074,0.2,0,0,DISABLED,0
3.38,0.528374,-0.018788,0,0.0046462,0.733287,0.0115549,-0.0109658,-0.0110125,-0.999879,0.0344549,0.2,0,0,DISABLED,0
3.4,0.532068,-0.0170702,0,0.00739366,0.732109,0.00996505,-0.00821834,-0.00711449,-0.999941,0.0332735,0.2,0,0,DISABLED,0
3.42,0.534902,-0.016456,0,0.00946412,0.7318,0.0162681,-0.00614788,-0.0136631,-0.999888,0.0356937,0.2,0,0,DISABLED,0
3.44,0.538503,-0.0153883,0,0.00893221,0.73217,0.017524,-0.00667979,-0.015509,-0.999857,0.0364925,0.2,0,0,DISABLED,0
3.46,0.541656,-0.014308,0,0.00691828,0.732561,0.0134788,-0.00869372,-0.0119993,-0.99989,0.0376277,0.2,0,0,DISABLED,0
3.48,0.545842,-0.01327,0,0.00322753,0.733051,0.00633827,-0.0123845,-0.00588383,-0.999906,0.0405782,0.2,0,0,DISABLED,0
3.5,0.549109,-0.012767,0,0.00122768,0.733187,0.00345267,-0.0143843,-0.00364986,-0.99989,0.0413599,0.2,0,0,DISABLED,0
3.52001,0.552693,-0.0125618,0,-6.37211e-05,0.733114,0.00288871,-0.0156757,-0.00332456,-0.999872,0.0413411,0.2,0,0,DISABLED,0
3.54001,0.556674,-0.0128112,0,-0.00138212,0.733011,0.00336525,-0.0169941,-0.00349405,-0.999849,0.04156,0.2,0,0,DISABLED,0
3.56001,0.559939,-0.0132902,0,-0.0019751,0.733015,0.00368644,-0.0175871,-0.00354524,-0.999839,0.0415847,0.2,0,0,DISABLED,0
3.58001,0.563579,-0.0140537,0,-0.00220464,0.733085,0.00352105,-0.0178166,-0.00315546,-0.999836,0.04204,0.2,0,0,DISABLED,0
3.60001,0.567247,-0.0150451,0,-0.00204737,0.733165,0.002868,-0.0176594,-0.00244805,-0.999841,0.0424529,0.2,0,0,DISABLED,0
3.62001,0.571306,-0.0163998,0,-0.00154628,0.733217,0.00182698,-0.0171583,-0.00140439,-0.999852,0.0429793,0.2,0,0,DISABLED,0
3.64001,0.574601,-0.0177456,0,-0.000660172,0.733193,0.000690534,-0.0162722,-0.000637921,-0.999867,0.0435667,0.2,0,0,DISABLED,0
3.66001,0.578241,-0.0195111,0,0.000787277,0.733027,0.000913491,-0.0148247,3.80279e-05,-0.99989,0.044836,0.2,0,0,DISABLED,0
3.68001,0.581873,-0.0216307,0,0.00241584,0.732472,0.00244141,-0.0131962,-0.000805083,-0.999913,0.0461525,0.2,0,0,DISABLED,0
3.70001,0.585386,-0.0239246,0,0.00379312,0.731585,0.00379794,-0.0118189,-0.00045118,-0.99993,0.0451078,0.2,0,0,DISABLED,0
3.72001,0.588946,-0.0260576,0,0.00330252,0.731766,0.00626259,-0.0123095,0.00489727,-0.999912,0.0445504,0.2,0,0,DISABLED,0
3.74001,0.592591,-0.0284406,0,0.00146397,0.732382,0.00300997,-0.014148,0.00220237,-0.999897,0.042105,0.2,0,0,DISABLED,0
3.76001,0.596301,-0.030378,0,-0.00136168,0.732996,0.00274047,-0.0169737,-0.00281154,-0.999852,0.0389473,0.2,0,0,DISABLED,0
3.78001,0.600146,-0.0318913,0,-0.00370816,0.733516,0.00671277,-0.0193202,-0.0060205,-0.999795,0.037514,0.2,0,0,DISABLED,0
3.80001,0.603071,-0.0328089,0,-0.00466412,0.733791,0.00896368,-0.0202761,-0.0080773,-0.999762,0.0367864,0.2,0,0,DISABLED,0
3.82001,0.606618,-0.0335659,0,-0.00492411,0.733963,0.0105349,-0.0205361,-0.00974649,-0.999742,0.036012,0.2,0,0,DISABLED,0
3.84001,0.609647,-0.0338818,0,-0.00502446,0.734029,0.0110054,-0.0206365,-0.0102253,-0.999735,0.0357327,0.2,0,0,DISABLED,0
3.86001,0.613175,-0.0339352,0,-0.00524709,0.734106,0.011498,-0.0208591,-0.010666,-0.999726,0.0356545,0.2,0,0,DISABLED,0
3.88001,0.61721,-0.0337108,0,-0.00534945,0.734203,0.0125014,-0.0209615,-0.011732,-0.999711,0.0351651,0.2,0,0,DISABLED,0
3.90001,0.620923,-0.0333025,0,-0.00502596,0.73425,0.0131972,-0.020638,-0.0126377,-0.999707,0.0351838,0.2,0,0,DISABLED,0
3.92001,0.624219,-0.0327667,0,-0.00387238,0.734233,0.0134212,-0.0194844,-0.0132809,-0.999722,0.0356573,0.2,0,0,DISABLED,0
3.94001,0.627414,-0.0320472,0,-0.00173703,0.734135,0.0132018,-0.017349,-0.0135161,-0.999758,0.0358742,0.2,0,0,DISABLED,0
3.96002,0.631511,-0.0308077,0,0.00152501,0.733818,0.0127329,-0.014087,-0.013072,-0.999815,0.0359766,0.2,0,0,DISABLED,0
3.98002,0.634905,-0.0295433,0,0.00451388,0.733261,0.0119704,-0.0110981,-0.0115151,-0.999872,0.0355714,0.2,0,0,DISABLED,0
4.00002,0.638227,-0.0280549,0,0.00726194,0.732144,0.0103753,-0.00835006,-0.00784295,-0.999934,0.0351732,0.2,0,0,DISABLED,0
4.02002,0.640106,-0.0275764,0,0.00864379,0.731872,0.0138968,-0.00696821,-0.0113108,-0.999912,0.0361281,0.2,0,0,DISABLED,0
4.04002,0.6444,-0.0262338,0,0.00823935,0.732201,0.0156518,-0.00737265,-0.0137365,-0.999878,0.0364263,0.2,0,0,DISABLED,0
4.06002,0.648316,-0.0250329,0,0.00536476,0.732649,0.0104668,-0.0102472,-0.00941944,-0.999903,0.0378918,0.2,0,0,DISABLED,0
4.08002,0.652042,-0.0241767,0,0.00206219,0.733029,0.00467069,-0.0135498,-0.00462941,-0.999897,0.0398934,0.2,0,0,DISABLED,0
4.10002,0.655555,-0.0235224,0,0.000298633,0.733167,0.00176052,-0.0153134,-0.00216409,-0.99988,0.0409435,0.2,0,0,DISABLED,0
4.12002,0.658672,-0.0231577,0,-0.00117485,0.733134,0.00154408,-0.0167869,-0.00143491,-0.999858,0.0414883,0.2,0,0,DISABLED,0
4.14002,0.662215,-0.023087,0,-0.00233971,0.733081,0.00253718,-0.0179517,-0.00139427,-0.999838,0.0418664,0.2,0,0,DISABLED,0
4.16002,0.666151,-0.0233339,0,-0.00332338,0.733141,0.00336525,-0.0189354,-0.000944314,-0.99982,0.0420551,0.2,0,0,DISABLED,0
4.18002,0.669754,-0.0238213,0,-0.0036394,0.733262,0.00365396,-0.0192514,-8.34049e-05,-0.999815,0.0424333,0.2,0,0,DISABLED,0
4.20002,0.671934,-0.0242169,0,-0.00360865,0.733336,0.00379794,-0.0192207,0.000715246,-0.999815,0.0422804,0.2,0,0,DISABLED,0
4.22002,0.676672,-0.0253899,0,-0.00310947,0.733442,0.00389096,-0.0187215,0.00190982,-0.999823,0.0428474,0.2,0,0,DISABLED,0
4.24002,0.680637,-0.026757,0,-0.00201987,0.733418,0.00371864,-0.0176319,0.00269468,-0.999841,0.0434169,0.2,0,0,DISABLED,0
4.26002,0.684222,-0.0282795,0,-0.000501947,0.733217,0.00363762,-0.0161139,0.00317945,-0.999865,0.0446256,0.2,0,0,DISABLED,0
4.28002,0.687385,-0.0299496,0,0.00114825,0.732711,0.00282613,-0.0144638,0.00215312,-0.999893,0.045705,0.2,0,0,DISABLED,0
4.30002,0.690779,-0.0320521,0,0.00276966,0.731781,0.00302971,-0.0128423,0.000829999,-0.999917,0.0449478,0.2,0,0,DISABLED,0
4.32002,0.693529,-0.0334866,0,0.00261383,0.731774,0.00680974,-0.0129982,0.00585277,-0.999898,0.0445784,0.2,0,0,DISABLED,0
4.34002,0.698053,-0.0362456,0,0.000444182,0.732509,0.0041288,-0.0151678,0.00366904,-0.999878,0.0418788,0.2,0,0,DISABLED,0
4.36002,0.701596,-0.0379644,0,-0.00255819,0.733097,0.00265205,-0.0181702,-0.00110249,-0.999834,0.0393912,0.2,0,0,DISABLED,0
4.38002,0.704635,-0.0391304,0,-0.00495486,0.733534,0.00634767,-0.0205669,-0.00439398,-0.999779,0.0376259,0.2,0,0,DISABLED,0
4.40003,0.707727,-0.040156,0,-0.00608568,0.73386,0.00870048,-0.0216977,-0.00664844,-0.999742,0.0372432,0.2,0,0,DISABLED,0
4.42003,0.710775,-0.0408662,0,-0.00649214,0.734022,0.0102888,-0.0221041,-0.00842183,-0.99972,0.0366426,0.2,0,0,DISABLED,0
4.44003,0.714316,-0.0412726,0,-0.00677913,0.734119,0.0111024,-0.0223911,-0.00922953,-0.999707,0.036399,0.2,0,0,DISABLED,0
4.46003,0.717724,-0.0413296,0,-0.00710018,0.734226,0.0117999,-0.0227122,-0.00985471,-0.999693,0.0364195,0.2,0,0,DISABLED,0
4.48003,0.721272,-0.0411623,0,-0.00727038,0.73435,0.0126672,-0.0228824,-0.0108053,-0.99968,0.0363989,0.2,0,0,DISABLED,0
4.50003,0.724513,-0.040839,0,-0.00701895,0.734427,0.0133276,-0.022631,-0.0117657,-0.999675,0.0363186,0.2,0,0,DISABLED,0
4.52003,0.728087,-0.0402674,0,-0.00597044,0.734427,0.0133365,-0.0215824,-0.0123572,-0.999691,0.0364212,0.2,0,0,DISABLED,0
4.54003,0.731913,-0.039374,0,-0.00370689,0.734288,0.0124966,-0.0193189,-0.0123722,-0.999737,0.0365133,0.2,0,0,DISABLED,0
4.56003,0.734957,-0.0384428,0,-0.00117886,0.734025,0.0113834,-0.0167909,-0.0117517,-0.99979,0.0365724,0.2,0,0,DISABLED,0
4.58003,0.737955,-0.0373026,0,0.00169924,0.733551,0.00974122,-0.0139128,-0.0100267,-0.999853,0.0362846,0.2,0,0,DISABLED,0
4.60003,0.741993,-0.0355108,0,0.00502457,0.732295,0.00734049,-0.0105874,-0.00578229,-0.999927,0.0357502,0.2,0,0,DISABLED,0
4.62003,0.7449,-0.034783,0,0.0066168,0.732059,0.0125632,-0.0089952,-0.0111081,-0.999898,0.0361239,0.2,0,0,DISABLED,0
4.64003,0.748292,-0.0337118,0,0.00609764,0.732357,0.013492,-0.00951436,-0.0124654,-0.999877,0.0365503,0.2,0,0,DISABLED,0
4.66003,0.752337,-0.0324576,0,0.0033337,0.732769,0.00876872,-0.0122783,-0.00854429,-0.999888,0.0387926,0.2,0,0,DISABLED,0
4.68003,0.755766,-0.0316257,0,0.000642391,0.733098,0.00439453,-0.0149696,-0.00476819,-0.999877,0.040153,0.2,0,0,DISABLED,0
4.70003,0.759923,-0.0309528,0,-0.00161079,0.733275,0.00212837,-0.0172228,-0.0018246,-0.99985,0.0422325,0.2,0,0,DISABLED,0
4.72003,0.763207,-0.0306605,0,-0.00286314,0.733238,0.0029701,-0.0184751,-0.00122748,-0.999829,0.0421075,0.2,0,0,DISABLED,0
4.74003,0.766879,-0.0306619,0,-0.00376383,0.733144,0.00387561,-0.0193758,-0.00133496,-0.999811,0.0424515,0.2,0,0,DISABLED,0
4.76003,0.770952,-0.0309817,0,-0.00435261,0.73313,0.00446184,-0.0199646,-0.00138154,-0.9998,0.0424276,0.2,0,0,DISABLED,0
4.78003,0.774327,-0.0314767,0,-0.00457638,0.733195,0.00460644,-0.0201884,-0.000950216,-0.999796,0.0429247,0.2,0,0,DISABLED,0
4.80003,0.77812,-0.0322463,0,-0.00448574,0.733284,0.00450173,-0.0200977,-0.000163719,-0.999798,0.0433458,0.2,0,0,DISABLED,0
4.82003,0.781919,-0.0332698,0,-0.00397193,0.733342,0.00415757,-0.0195839,0.000830487,-0.999808,0.0438365,0.2,0,0,DISABLED,0
4.84004,0.785672,-0.0346001,0,-0.00280783,0.733314,0.00350408,-0.0184198,0.00166134,-0.999829,0.044681,0.2,0,0,DISABLED,0
4.86004,0.789776,-0.0363974,0,-0.000976833,0.733087,0.00280496,-0.0165888,0.00218944,-0.99986,0.0462033,0.2,0,0,DISABLED,0
4.88004,0.793083,-0.0381824,0,0.000795933,0.732563,0.00176052,-0.0148161,0.00114029,-0.99989,0.0473617,0.2,0,0,DISABLED,0
4.90004,0.796653,-0.0403366,0,0.00236738,0.731669,0.00267443,-0.0132446,0.000805193,-0.999912,0.0468956,0.2,0,0,DISABLED,0
4.92004,0.800291,-0.042302,0,0.00184717,0.731818,0.00699114,-0.0137648,0.00631499,-0.999885,0.0461233,0.2,0,0,DISABLED,0
4.94004,0.803883,-0.0445723,0,0.000442531,0.732376,0.00438095,-0.0151695,0.00393512,-0.999877,0.0448219,0.2,0,0,DISABLED,0
4.96004,0.807618,-0.0463936,0,-0.00235423,0.732939,0.00241687,-0.0179662,-0.000909438,-0.999838,0.0417704,0.2,0,0,DISABLED,0
4.98004,0.811186,-0.0477136,0,-0.00484846,0.733411,0.00616668,-0.0204605,-0.00424758,-0.999782,0.0400752,0.2,0,0,DISABLED,0
5.00004,0.814488,-0.0486808,0,-0.00592454,0.73371,0.00847139,-0.0215365,-0.00649084,-0.999747,0.0390849,0.2,0,0,DISABLED,0
5.02004,0.818053,-0.0493805,0,-0.00608772,0.733885,0.00971058,-0.0216997,-0.00800303,-0.999732,0.0386993,0.2,0,0,DISABLED,0
5.04004,0.821095,-0.0496377,0,-0.00614356,0.733965,0.0102598,-0.0217556,-0.00864992,-0.999726,0.0383023,0.2,0,0,DISABLED,0
5.06004,0.825002,-0.0496063,0,-0.00628635,0.734062,0.0108362,-0.0218984,-0.00926542,-0.999717,0.0377922,0.2,0,0,DISABLED,0
5.08004,0.828328,-0.0493679,0,-0.00639427,0.734151,0.0117949,-0.0220063,-0.0103462,-0.999704,0.0373368,0.2,0,0,DISABLED,0
5.10004,0.832445,-0.0488695,0,-0.00597951,0.734227,0.0126153,-0.0215915,-0.0115443,-0.9997,0.037476,0.2,0,0,DISABLED,0
5.12004,0.835763,-0.0482646,0,-0.004835,0.734218,0.0127469,-0.020447,-0.01223,-0.999716,0.0376088,0.2,0,0,DISABLED,0
5.14004,0.839701,-0.0472776,0,-0.00246448,0.734097,0.0123286,-0.0180765,-0.0125077,-0.999758,0.0377819,0.2,0,0,DISABLED,0
5.16004,0.843134,-0.0461537,0,0.00055296,0.733824,0.0116423,-0.015059,-0.0120603,-0.999814,0.0378391,0.2,0,0,DISABLED,0
5.18004,0.846562,-0.0448187,0,0.00358903,0.73329,0.0108196,-0.012023,-0.0106374,-0.999871,0.0373136,0.2,0,0,DISABLED,0
5.20004,0.84993,-0.0432758,0,0.00608809,0.732183,0.00890363,-0.00952391,-0.00693443,-0.999931,0.0367053,0.2,0,0,DISABLED,0
5.22004,0.852479,-0.0426482,0,0.00806253,0.731948,0.0144313,-0.00754947,-0.0124014,-0.999895,0.0379394,0.2,0,0,DISABLED,0
5.24004,0.855685,-0.0416053,0,0.00803311,0.732229,0.0160912,-0.00757889,-0.0143721,-0.999868,0.0370163,0.2,0,0,DISABLED,0
5.26005,0.859824,-0.0403989,0,0.00494997,0.732629,0.0114409,-0.010662,-0.0107449,-0.999885,0.0391171,0.2,0,0,DISABLED,0
5.28005,0.863751,-0.0395532,0,0.0012098,0.733006,0.00538219,-0.0144022,-0.00566865,-0.99988,0.0415481,0.2,0,0,DISABLED,0
5.30005,0.867808,-0.0390218,0,-0.000921436,0.733124,0.00290927,-0.0165334,-0.00319753,-0.999858,0.0430299,0.2,0,0,DISABLED,0
5.32005,0.871451,-0.0388607,0,-0.00214443,0.733023,0.00331169,-0.0177564,-0.00294811,-0.999838,0.0431072,0.2,0,0,DISABLED,0
5.34005,0.874388,-0.0389827,0,-0.00295792,0.732965,0.00398182,-0.0185699,-0.00308207,-0.999823,0.0427271,0.2,0,0,DISABLED,0
5.36005,0.878817,-0.0395417,0,-0.00360057,0.733002,0.00433994,-0.0192126,-0.00284395,-0.999811,0.0432098,0.2,0,0,DISABLED,0
5.38005,0.882554,-0.0402725,0,-0.00375289,0.733096,0.00417188,-0.0193649,-0.00222736,-0.99981,0.0437877,0.2,0,0,DISABLED,0
5.40005,0.885938,-0.0411247,0,-0.00356326,0.733169,0.00373464,-0.0191753,-0.00156623,-0.999815,0.0440059,0.2,0,0,DISABLED,0
5.42005,0.890064,-0.0424333,0,-0.00295872,0.733218,0.0029701,-0.0185707,-0.000629965,-0.999827,0.0444277,0.2,0,0,DISABLED,0
5.44005,0.893406,-0.0437536,0,-0.00162938,0.733194,0.00179406,-0.0172414,0.000287342,-0.999851,0.0451966,0.2,0,0,DISABLED,0
5.46005,0.897155,-0.0454768,0,-0.000238247,0.73303,0.00161945,-0.0158502,0.00114839,-0.999874,0.0467331,0.2,0,0,DISABLED,0
5.48005,0.901176,-0.0478251,0,0.00153248,0.732382,0.00154408,-0.0140795,-0.000225422,-0.999901,0.0476637,0.2,0,0,DISABLED,0
5.50005,0.904366,-0.0499124,0,0.00311776,0.731587,0.00322044,-0.0124942,0.000374595,-0.999922,0.0467985,0.2,0,0,DISABLED,0
5.52005,0.907604,-0.0517904,0,0.00280675,0.731724,0.00572561,-0.0128052,0.00455597,-0.999908,0.046355,0.2,0,0,DISABLED,0
5.54005,0.911672,-0.0543616,0,0.000740638,0.732388,0.00239208,-0.0148714,0.00184705,-0.999888,0.0435527,0.2,0,0,DISABLED,0
5.56005,0.915422,-0.0562431,0,-0.00216149,0.733011,0.00357147,-0.0177735,-0.00328129,-0.999837,0.0402338,0.2,0,0,DISABLED,0
5.58005,0.919262,-0.0577097,0,-0.00453647,0.733526,0.00773585,-0.0201485,-0.00669864,-0.999775,0.0385969,0.2,0,0,DISABLED,0
5.60005,0.922488,-0.0586981,0,-0.00526718,0.733799,0.00985679,-0.0208792,-0.00876535,-0.999744,0.0377155,0.2,0,0,DISABLED,0
5.62005,0.92539,-0.0593391,0,-0.005435,0.733956,0.0109837,-0.021047,-0.00998003,-0.999729,0.0375496,0.2,0,0,DISABLED,0
5.64005,0.92876,-0.0597097,0,-0.00562175,0.734068,0.0117949,-0.0212338,-0.0108056,-0.999716,0.037064,0.2,0,0,DISABLED,0
5.66005,0.932651,-0.0597501,0,-0.00591323,0.734174,0.0125538,-0.0215252,-0.0115064,-0.999702,0.0365941,0.2,0,0,DISABLED,0
5.68005,0.936311,-0.0595605,0,-0.00596995,0.734265,0.0133633,-0.0215819,-0.0123855,-0.99969,0.0364987,0.2,0,0,DISABLED,0
5.70006,0.940006,-0.0591823,0,-0.00550115,0.734319,0.0140419,-0.0211132,-0.0133521,-0.999688,0.0366108,0.2,0,0,DISABLED,0
5.72006,0.943653,-0.0585921,0,-0.0042214,0.734301,0.0141981,-0.0198334,-0.013989,-0.999705,0.0369628,0.2,0,0,DISABLED,0
5.74006,0.94685,-0.0578705,0,-0.00235166,0.734201,0.0139268,-0.0179637,-0.0141632,-0.999738,0.0371735,0.2,0,0,DISABLED,0
5.76006,0.950259,-0.0568699,0,0.000560841,0.733939,0.0133097,-0.0150512,-0.0137239,-0.999793,0.0372585,0.2,0,0,DISABLED,0
5.78006,0.953613,-0.0556487,0,0.00377651,0.733413,0.0122607,-0.0118355,-0.0120953,-0.999857,0.0369136,0.2,0,0,DISABLED,0
5.80006,0.956958,-0.0541237,0,0.00664869,0.732344,0.00994709,-0.00896331,-0.0078303,-0.999929,0.0359517,0.2,0,0,DISABLED,0
5.82006,0.960128,-0.053301,0,0.00899876,0.731703,0.015188,-0.00661325,-0.0126689,-0.999898,0.0386579,0.2,0,0,DISABLED,0
5.84006,0.962979,-0.0523869,0,0.00942082,0.731802,0.0183417,-0.00619118,-0.0161642,-0.99985,0.0372832,0.2,0,0,DISABLED,0
5.86006,0.967151,-0.0510263,0,0.00684732,0.732292,0.0135229,-0.00876469,-0.0120922,-0.999888,0.0389098,0.2,0,0,DISABLED,0
5.88006,0.971093,-0.0501712,0,0.00241956,0.732771,0.00666823,-0.0131924,-0.00664207,-0.999891,0.042001,0.2,0,0,DISABLED,0
5.90006,0.974701,-0.0496028,0,-0.000100628,0.732937,0.00376642,-0.0157126,-0.00419569,-0.999868,0.0432462,0.2,0,0,DISABLED,0
5.92006,0.978145,-0.0492752,0,-0.00143422,0.732895,0.00360469,-0.0170462,-0.00374509,-0.999848,0.0435064,0.2,0,0,DISABLED,0
5.94006,0.981301,-0.0492663,0,-0.00278292,0.732855,0.00435365,-0.0183949,-0.00377392,-0.999824,0.0441721,0.2,0,0,DISABLED,0
5.96006,0.984845,-0.0495354,0,-0.00373289,0.732902,0.00479661,-0.0193449,-0.00343772,-0.999807,0.0445736,0.2,0,0,DISABLED,0
5.98006,0.988417,-0.0500361,0,-0.00411527,0.733029,0.00470882,-0.0197273,-0.00271912,-0.999802,0.0445554,0.2,0,0,DISABLED,0
6.00006,0.992402,-0.0508535,0,-0.00404919,0.733181,0.00415757,-0.0196612,-0.00139122,-0.999806,0.0450294,0.2,0,0,DISABLED,0
6.02006,0.996077,-0.0518512,0,-0.00374439,0.733281,0.00375056,-0.0193564,-0.000244345,-0.999813,0.0452036,0.2,0,0,DISABLED,0
6.04006,0.999335,-0.0530151,0,-0.00263901,0.733293,0.00288871,-0.018251,0.000710509,-0.999833,0.0456782,0.2,0,0,DISABLED,0
6.06006,1.00296,-0.0545749,0,-0.00106122,0.733156,0.00223759,-0.0166732,0.00152245,-0.99986,0.0468666,0.2,0,0,DISABLED,0
6.08006,1.00653,-0.0564744,0,0.000812966,0.732617,0.00138107,-0.014799,0.000694507,-0.99989,0.0480397,0.2,0,0,DISABLED,0
6.10006,1.00997,-0.0585663,0,0.00246566,0.731741,0.00274047,-0.0131463,0.000792731,-0.999913,0.0474736,0.2,0,0,DISABLED,0
6.12006,1.0135,-0.0604724,0,0.00199675,0.731936,0.0069226,-0.0136152,0.00619884,-0.999888,0.0459144,0.2,0,0,DISABLED,0
6.14007,1.01736,-0.0629859,0,0.00050007,0.732628,0.00329364,-0.0151119,0.00282289,-0.999882,0.0437961,0.2,0,0,DISABLED,0
6.16007,1.01984,-0.0643249,0,-0.00138073,0.733054,0.00154408,-0.0169927,-0.00106001,-0.999855,0.0424398,0.2,0,0,DISABLED,0
6.18007,1.02403,-0.0659541,0,-0.00412807,0.733642,0.006157,-0.0197401,-0.00498599,-0.999793,0.0400741,0.2,0,0,DISABLED,0
6.20007,1.02757,-0.067013,0,-0.00534441,0.733967,0.00889023,-0.0209564,-0.00753527,-0.999752,0.0393881,0.2,0,0,DISABLED,0
6.22007,1.03041,-0.067587,0,-0.00551806,0.734068,0.00998894,-0.0211301,-0.00876018,-0.999738,0.0387552,0.2,0,0,DISABLED,0
6.24007,1.03369,-0.0679214,0,-0.00563937,0.734111,0.0104269,-0.0212514,-0.00920718,-0.999732,0.0386494,0.2,0,0,DISABLED,0
6.26007,1.03717,-0.0679283,0,-0.00600635,0.734175,0.0109456,-0.0216184,-0.00958782,-0.99972,0.0383391,0.2,0,0,DISABLED,0
6.28007,1.04118,-0.0676322,0,-0.00628267,0.734262,0.0119405,-0.0218947,-0.0105847,-0.999704,0.0373045,0.2,0,0,DISABLED,0
6.30007,1.04486,-0.0671657,0,-0.0060719,0.734305,0.0126295,-0.0216839,-0.0115093,-0.999699,0.0372423,0.2,0,0,DISABLED,0
6.32007,1.04812,-0.066566,0,-0.00497996,0.734283,0.0127048,-0.020592,-0.0121182,-0.999714,0.0375461,0.2,0,0,DISABLED,0
6.34007,1.05168,-0.0656799,0,-0.00301279,0.734169,0.0122461,-0.0186248,-0.0123012,-0.999751,0.0377949,0.2,0,0,DISABLED,0
6.36007,1.05511,-0.064584,0,-0.000557199,0.733903,0.0115858,-0.0161692,-0.0120032,-0.999797,0.0379116,0.2,0,0,DISABLED,0
6.38007,1.05877,-0.0631046,0,0.00347011,0.733308,0.0100484,-0.0121419,-0.00986225,-0.999878,0.0376558,0.2,0,0,DISABLED,0
6.40007,1.06182,-0.0616428,0,0.00601675,0.732349,0.00840073,-0.00959525,-0.00629913,-0.999934,0.0367988,0.2,0,0,DISABLED,0
6.42007,1.06537,-0.0607345,0,0.00816186,0.731934,0.0143568,-0.00745014,-0.0122443,-0.999897,0.0383716,0.2,0,0,DISABLED,0
6.44007,1.06836,-0.0598119,0,0.00792719,0.732217,0.0166698,-0.00768481,-0.0150931,-0.999857,0.0396192,0.2,0,0,DISABLED,0
6.46007,1.07241,-0.0584859,0,0.00535425,0.73266,0.0121336,-0.0102578,-0.0113204,-0.999883,0.0417087,0.2,0,0,DISABLED,0
6.48007,1.07627,-0.0575865,0,0.00166387,0.73304,0.00589993,-0.0139481,-0.00608765,-0.999884,0.0439528,0.2,0,0,DISABLED,0
6.50007,1.07997,-0.0570493,0,-0.000444148,0.733151,0.00338291,-0.0160561,-0.00378852,-0.999864,0.045053,0.2,0,0,DISABLED,0
6.52007,1.08323,-0.0568427,0,-0.00169696,0.733089,0.00334749,-0.017309,-0.00332461,-0.999845,0.0448672,0.2,0,0,DISABLED,0
6.54007,1.08651,-0.0569617,0,-0.0028841,0.732961,0.00411433,-0.0184961,-0.00337157,-0.999823,0.0459231,0.2,0,0,DISABLED,0
6.56007,1.09088,-0.0574675,0,-0.00350797,0.73289,0.00473407,-0.01912,-0.00360506,-0.999811,0.0454648,0.2,0,0,DISABLED,0
6.58008,1.09419,-0.0580698,0,-0.00368557,0.732953,0.00470882,-0.0192976,-0.00335955,-0.999808,0.045183,0.2,0,0,DISABLED,0
6.60008,1.09791,-0.0589934,0,-0.00355899,0.733057,0.00408526,-0.019171,-0.00243362,-0.999813,0.0458849,0.2,0,0,DISABLED,0
6.62008,1.10165,-0.0601548,0,-0.00312859,0.733132,0.00323889,-0.0187406,-0.00126728,-0.999824,0.0465321,0.2,0,0,DISABLED,0
6.64008,1.10575,-0.0617328,0,-0.00202207,0.733121,0.00201324,-0.0176341,-0.000244572,-0.999844,0.0471043,0.2,0,0,DISABLED,0
6.66008,1.10943,-0.0634723,0,-0.000386288,0.732935,0.000845728,-0.0159983,0.000342948,-0.999872,0.0483179,0.2,0,0,DISABLED,0
6.68008,1.11236,-0.0651215,0,0.00106955,0.732507,0.00109183,-0.0145425,-0.000324615,-0.999894,0.0494447,0.2,0,0,DISABLED,0
6.70008,1.11663,-0.0677917,0,0.00285481,0.731528,0.00292969,-0.0127572,0.00023864,-0.999919,0.048185,0.2,0,0,DISABLED,0
6.72008,1.12018,-0.0699266,0,0.00256428,0.731765,0.00558864,-0.0130477,0.00454444,-0.999905,0.0477545,0.2,0,0,DISABLED,0
6.74008,1.12385,-0.072196,0,0.00075589,0.732364,0.00215619,-0.0148561,0.00160513,-0.999888,0.0452225,0.2,0,0,DISABLED,0
6.76008,1.12757,-0.0739791,0,-0.00198584,0.732967,0.00288871,-0.0175978,-0.00253224,-0.999842,0.0428489,0.2,0,0,DISABLED,0
6.78008,1.13076,-0.0751625,0,-0.00402021,0.733397,0.00638512,-0.0196322,-0.00538468,-0.999793,0.0414227,0.2,0,0,DISABLED,0
6.80008,1.13408,-0.0761554,0,-0.00499393,0.733704,0.00884992,-0.0206059,-0.00772943,-0.999758,0.0408233,0.2,0,0,DISABLED,0
6.82008,1.13737,-0.0768221,0,-0.00516375,0.733871,0.0101488,-0.0207757,-0.00917226,-0.999742,0.040568,0.2,0,0,DISABLED,0
6.84008,1.14113,-0.0771685,0,-0.00519698,0.733961,0.0108472,-0.020809,-0.00995091,-0.999734,0.040195,0.2,0,0,DISABLED,0
6.86008,1.14433,-0.0771892,0,-0.00526095,0.734028,0.0113572,-0.020873,-0.0104961,-0.999727,0.0400539,0.2,0,0,DISABLED,0
6.88008,1.14839,-0.0769734,0,-0.00526712,0.734127,0.0119555,-0.0208791,-0.0111656,-0.99972,0.0403122,0.2,0,0,DISABLED,0
6.90008,1.15211,-0.0765517,0,-0.00470584,0.734181,0.0128957,-0.0203178,-0.0124403,-0.999716,0.0397969,0.2,0,0,DISABLED,0
6.92008,1.15544,-0.075996,0,-0.00342593,0.734168,0.0131927,-0.0190379,-0.0131731,-0.999732,0.0399693,0.2,0,0,DISABLED,0
6.94008,1.15902,-0.0751668,0,-0.00153561,0.734061,0.0130975,-0.0171476,-0.0134389,-0.999763,0.040204,0.2,0,0,DISABLED,0
6.96008,1.16244,-0.0741193,0,0.00140441,0.733799,0.012775,-0.0142076,-0.0131258,-0.999813,0.0402392,0.2,0,0,DISABLED,0
6.98008,1.16615,-0.072711,0,0.00480367,0.733199,0.0119903,-0.0108083,-0.0114197,-0.999876,0.039722,0.2,0,0,DISABLED,0
7.00008,1.16946,-0.0711787,0,0.00753379,0.732084,0.0104725,-0.00807821,-0.00771076,-0.999938,0.0391269,0.2,0,0,DISABLED,0
7.02009,1.17228,-0.0704111,0,0.00913241,0.731855,0.015441,-0.0064796,-0.0128798,-0.999896,0.0396,0.2,0,0,DISABLED,0
7.04009,1.17596,-0.0691517,0,0.00846017,0.732214,0.0158373,-0.00715183,-0.0138171,-0.999879,0.0397934,0.2,0,0,DISABLED,0
7.06009,1.17924,-0.0681266,0,0.00590665,0.732555,0.0115704,-0.00970535,-0.0103801,-0.999899,0.0414961,0.2,0,0,DISABLED,0
7.08009,1.18304,-0.0672491,0,0.00215868,0.732933,0.00496753,-0.0134533,-0.00489816,-0.999897,0.0441241,0.2,0,0,DISABLED,0
7.10009,1.18701,-0.0666372,0,4.26415e-05,0.733091,0.00158221,-0.0155694,-0.00203124,-0.999877,0.0453636,0.2,0,0,DISABLED,0
7.12009,1.19052,-0.066358,0,-0.000916151,0.73303,0.00138107,-0.0165282,-0.00146908,-0.999862,0.0455952,0.2,0,0,DISABLED,0
7.14009,1.1937,-0.0663781,0,-0.00179585,0.732971,0.00210018,-0.0174078,-0.00150802,-0.999847,0.0458518,0.2,0,0,DISABLED,0
7.16009,1.19729,-0.0666695,0,-0.00255839,0.733001,0.00267443,-0.0181704,-0.00122186,-0.999834,0.0465227,0.2,0,0,DISABLED,0
7.18009,1.20094,-0.0671884,0,-0.00303936,0.733116,0.00304932,-0.0186514,-0.000544459,-0.999826,0.0468324,0.2,0,0,DISABLED,0
7.20009,1.2046,-0.0679508,0,-0.00306196,0.733243,0.00320188,-0.018674,0.000498084,-0.999825,0.0474076,0.2,0,0,DISABLED,0
7.22009,1.20828,-0.0689504,0,-0.00272498,0.733327,0.00341797,-0.018337,0.00162192,-0.999831,0.0479653,0.2,0,0,DISABLED,0
7.24009,1.21193,-0.0702151,0,-0.00182281,0.733326,0.00341797,-0.0174348,0.00246583,-0.999845,0.0484218,0.2,0,0,DISABLED,0
7.26009,1.21554,-0.0717624,0,-0.000327861,0.733169,0.00341797,-0.0159399,0.00297439,-0.999869,0.0495816,0.2,0,0,DISABLED,0
7.28009,1.21915,-0.0736274,0,0.00119181,0.732638,0.00282613,-0.0144202,0.00213155,-0.999894,0.0508493,0.2,0,0,DISABLED,0
7.30009,1.22294,-0.0758515,0,0.00257234,0.731704,0.00373464,-0.0130397,0.00227837,-0.999912,0.0496476,0.2,0,0,DISABLED,0
7.32009,1.22537,-0.0771547,0,0.0020077,0.73179,0.00725884,-0.0136043,0.00654799,-0.999886,0.0492432,0.2,0,0,DISABLED,0
7.34009,1.23002,-0.0799912,0,-0.000263864,0.732494,0.00395176,-0.0158759,0.00351825,-0.999868,0.047129,0.2,0,0,DISABLED,0
7.36009,1.23363,-0.0816906,0,-0.00314477,0.733037,0.00316443,-0.0187568,-0.000796061,-0.999824,0.0452153,0.2,0,0,DISABLED,0
7.38009,1.23641,-0.0826804,0,-0.00517075,0.733401,0.00601994,-0.0207827,-0.00351367,-0.999778,0.0436468,0.2,0,0,DISABLED,0
7.40009,1.24028,-0.0838071,0,-0.00640532,0.733751,0.0085554,-0.0220173,-0.00610372,-0.999739,0.0430345,0.2,0,0,DISABLED,0
7.42009,1.24348,-0.0844033,0,-0.00660506,0.73392,0.00975345,-0.0222171,-0.00761349,-0.999724,0.0428977,0.2,0,0,DISABLED,0
7.44009,1.24684,-0.0846577,0,-0.00663473,0.734044,0.0103696,-0.0222467,-0.00840891,-0.999717,0.0426903,0.2,0,0,DISABLED,0
7.4601,1.25034,-0.0846082,0,-0.0066747,0.734171,0.0109945,-0.0222867,-0.00917465,-0.99971,0.0424715,0.2,0,0,DISABLED,0
7.4801,1.2536,-0.0843621,0,-0.00666141,0.734279,0.0116627,-0.0222734,-0.0100017,-0.999702,0.0423806,0.2,0,0,DISABLED,0
7.5001,1.2569,-0.0839501,0,-0.0062386,0.734346,0.0122607,-0.0218506,-0.0109914,-0.999701,0.0423195,0.2,0,0,DISABLED,0
7.5201,1.2609,-0.0832187,0,-0.00509411,0.734332,0.0122071,-0.0207061,-0.0115274,-0.999719,0.0425549,0.2,0,0,DISABLED,0
7.5401,1.26476,-0.0822065,0,-0.00274042,0.734171,0.0114461,-0.0183524,-0.0115414,-0.999765,0.0425896,0.2,0,0,DISABLED,0
7.5601,1.26816,-0.0810431,0,-0.00016652,0.733845,0.0104725,-0.0157785,-0.0109039,-0.999816,0.0425273,0.2,0,0,DISABLED,0
7.5801,1.27156,-0.0796499,0,0.00277313,0.733238,0.00908915,-0.0128389,-0.00908845,-0.999876,0.0419401,0.2,0,0,DISABLED,0
7.6001,1.2749,-0.0780526,0,0.00583581,0.732164,0.00769723,-0.00977619,-0.00544579,-0.999937,0.0414337,0.2,0,0,DISABLED,0
7.6201,1.27782,-0.0771952,0,0.00729126,0.731935,0.0122801,-0.00832074,-0.0103111,-0.999912,0.0414388,0.2,0,0,DISABLED,0
7.6401,1.28122,-0.0760824,0,0.00668066,0.732234,0.0127843,-0.00893134,-0.0113315,-0.999896,0.041444,0.2,0,0,DISABLED,0
7.6601,1.28538,-0.0749158,0,0.00418662,0.732632,0.00919348,-0.0114254,-0.00861365,-0.999898,0.0435852,0.2,0,0,DISABLED,0
7.6801,1.28929,-0.0740905,0,0.000276357,0.732988,0.00271864,-0.0153356,-0.00314419,-0.999877,0.0464789,0.2,0,0,DISABLED,0
7.7001,1.29298,-0.0735488,0,-0.00144563,0.733106,0.00154408,-0.0170576,-0.0010046,-0.999854,0.0470352,0.2,0,0,DISABLED,0
7.7201,1.29589,-0.0733192,0,-0.00220367,0.733057,0.00221079,-0.0178157,-0.000562345,-0.999841,0.0471947,0.2,0,0,DISABLED,0
7.7401,1.29989,-0.0733385,0,-0.00314191,0.732955,0.00314553,-0.0187539,-0.000613938,-0.999824,0.0476491,0.2,0,0,DISABLED,0
7.7601,1.30394,-0.0736821,0,-0.00377016,0.732968,0.00378221,-0.0193822,-0.000625103,-0.999812,0.0476475,0.2,0,0,DISABLED,0
7.7801,1.30731,-0.0741856,0,-0.00398825,0.733055,0.00399676,-0.0196002,-0.000213162,-0.999808,0.0476729,0.2,0,0,DISABLED,0
7.8001,1.31106,-0.075001,0,-0.00381305,0.733156,0.00396682,-0.019425,0.000664337,-0.999811,0.0485182,0.2,0,0,DISABLED,0
7.8201,1.31482,-0.0760438,0,-0.00322886,0.733225,0.0038292,-0.0188409,0.00162059,-0.999821,0.0487633,0.2,0,0,DISABLED,0
7.8401,1.31851,-0.0773716,0,-0.00217887,0.733211,0.00345267,-0.0177909,0.00226002,-0.999839,0.0491851,0.2,0,0,DISABLED,0
7.8601,1.32218,-0.0790026,0,-0.000553969,0.733045,0.00314553,-0.016166,0.00267373,-0.999866,0.0505309,0.2,0,0,DISABLED,0
7.88011,1.32582,-0.080972,0,0.00116039,0.73252,0.00231612,-0.0144516,0.00158887,-0.999894,0.0517452,0.2,0,0,DISABLED,0
7.90011,1.32934,-0.083197,0,0.00257927,0.731578,0.00290927,-0.0130327,0.000912975,-0.999915,0.0505984,0.2,0,0,DISABLED,0
7.92011,1.33288,-0.0851701,0,0.00200227,0.731702,0.00617633,-0.0136097,0.00541167,-0.999893,0.0503148,0.2,0,0,DISABLED,0
7.94011,1.33654,-0.0874152,0,-8.0565e-05,0.732314,0.00362119,-0.0156926,0.00319345,-0.999872,0.0481954,0.2,0,0,DISABLED,0
7.96011,1.34022,-0.089262,0,-0.0029364,0.732917,0.00318321,-0.0185484,-0.00169114,-0.999827,0.0452395,0.2,0,0,DISABLED,0
7.98011,1.34405,-0.0907283,0,-0.00526439,0.733454,0.00709271,-0.0208764,-0.00517437,-0.999769,0.043717,0.2,0,0,DISABLED,0
8.00011,1.34696,-0.0916386,0,-0.00614232,0.733749,0.00944925,-0.0217543,-0.00761354,-0.999734,0.0430377,0.2,0,0,DISABLED,0
8.02011,1.35015,-0.0923574,0,-0.00619959,0.733922,0.0106587,-0.0218116,-0.0091063,-0.999721,0.0424719,0.2,0,0,DISABLED,0
8.04011,1.35382,-0.0927627,0,-0.006212,0.73404,0.011097,-0.021824,-0.00962925,-0.999715,0.0424028,0.2,0,0,DISABLED,0
8.06011,1.35699,-0.0927954,0,-0.00635813,0.734134,0.0118604,-0.0219701,-0.0104455,-0.999704,0.0414501,0.2,0,0,DISABLED,0
8.08011,1.361,-0.0925815,0,-0.00641361,0.734248,0.0126484,-0.0220256,-0.0113368,-0.999693,0.041112,0.2,0,0,DISABLED,0
8.10011,1.36468,-0.0921802,0,-0.00596632,0.734311,0.0132333,-0.0215783,-0.012242,-0.999692,0.0411494,0.2,0,0,DISABLED,0
8.12011,1.36831,-0.0915678,0,-0.00486541,0.734303,0.0133052,-0.0204774,-0.0128166,-0.999708,0.0413965,0.2,0,0,DISABLED,0
8.14011,1.37145,-0.0907994,0,-0.00263998,0.7342,0.0129003,-0.018252,-0.0130597,-0.999748,0.0413609,0.2,0,0,DISABLED,0
8.16011,1.37491,-0.0897591,0,-1.18632e-05,0.733945,0.0123672,-0.0156239,-0.0127999,-0.999796,0.0413558,0.2,0,0,DISABLED,0
8.18011,1.37828,-0.088513,0,0.00308072,0.733402,0.0111506,-0.0125313,-0.0111479,-0.999859,0.0410724,0.2,0,0,DISABLED,0
8.20011,1.38194,-0.0868632,0,0.00621892,0.732229,0.00911534,-0.00939308,-0.00709697,-0.999931,0.0403575,0.2,0,0,DISABLED,0
8.22011,1.38448,-0.0862094,0,0.00787272,0.731916,0.0136064,-0.00773928,-0.0115248,-0.999904,0.0411303,0.2,0,0,DISABLED,0
8.24011,1.38837,-0.0850269,0,0.00783761,0.732206,0.0152897,-0.00777439,-0.0135592,-0.999878,0.0403951,0.2,0,0,DISABLED,0
8.26011,1.39178,-0.0841376,0,0.0048476,0.732556,0.0110917,-0.0107644,-0.0104089,-0.999888,0.0422526,0.2,0,0,DISABLED,0
8.28011,1.39603,-0.0832994,0,0.00114746,0.73296,0.00527028,-0.0144645,-0.00557764,-0.99988,0.0446335,0.2,0,0,DISABLED,0
8.30011,1.39934,-0.0828433,0,-0.000541681,0.733078,0.00318321,-0.0161537,-0.0035713,-0.999863,0.0453599,0.2,0,0,DISABLED,0
8.32012,1.403,-0.0826024,0,-0.00179812,0.733006,0.00312653,-0.0174101,-0.00300011,-0.999844,0.0457221,0.2,0,0,DISABLED,0
8.34012,1.4067,-0.0826896,0,-0.00272485,0.732881,0.00376642,-0.0183369,-0.00304245,-0.999827,0.0460763,0.2,0,0,DISABLED,0
8.36012,1.41078,-0.083109,0,-0.00322087,0.73286,0.0041288,-0.0188329,-0.00302292,-0.999818,0.0457637,0.2,0,0,DISABLED,0
8.38012,1.41342,-0.0835381,0,-0.00333049,0.73292,0.00399676,-0.0189425,-0.00262066,-0.999817,0.0456525,0.2,0,0,DISABLED,0
8.40012,1.41837,-0.0846729,0,-0.00313415,0.733069,0.00325724,-0.0187461,-0.00134861,-0.999823,0.0465805,0.2,0,0,DISABLED,0
8.42012,1.42182,-0.0856978,0,-0.00263047,0.733132,0.00265205,-0.0182425,-0.000295775,-0.999834,0.0472077,0.2,0,0,DISABLED,0
8.44012,1.42598,-0.0872513,0,-0.0014894,0.73311,0.00179406,-0.0171014,0.000537833,-0.999854,0.0477545,0.2,0,0,DISABLED,0
8.46012,1.42938,-0.0887836,0,0.00010637,0.732957,0.00158221,-0.0155056,0.00116672,-0.999879,0.049228,0.2,0,0,DISABLED,0
8.48012,1.43352,-0.0910369,0,0.00188425,0.732303,0.00189111,-0.0137277,-0.000282329,-0.999906,0.0503106,0.2,0,0,DISABLED,0
8.50012,1.43672,-0.0930509,0,0.00340386,0.731548,0.00340049,-0.0122081,-0.000418793,-0.999925,0.0485291,0.2,0,0,DISABLED,0
8.52012,1.44035,-0.0951989,0,0.00306761,0.731755,0.00594021,-0.0125444,0.00466237,-0.99991,0.0487053,0.2,0,0,DISABLED,0
8.54012,1.44436,-0.0978339,0,0.00154735,0.73241,0.00280496,-0.0140647,0.00191943,-0.999899,0.0466652,0.2,0,0,DISABLED,0
8.56012,1.44774,-0.0995769,0,-0.00128029,0.732963,0.00300997,-0.0168923,-0.0031504,-0.999852,0.0433563,0.2,0,0,DISABLED,0
8.58012,1.4513,-0.100966,0,-0.00394622,0.733459,0.00742928,-0.0195582,-0.00671946,-0.999786,0.0408194,0.2,0,0,DISABLED,0
8.60012,1.45456,-0.102018,0,-0.00473736,0.733767,0.00938596,-0.0203494,-0.00853582,-0.999757,0.0402417,0.2,0,0,DISABLED,0
8.62012,1.45778,-0.102735,0,-0.00491718,0.733953,0.0106363,-0.0205292,-0.00986495,-0.999741,0.039982,0.2,0,0,DISABLED,0
8.64012,1.46113,-0.103081,0,-0.00501203,0.73404,0.0113257,-0.020624,-0.0105879,-0.999731,0.0392211,0.2,0,0,DISABLED,0
8.66012,1.46465,-0.103123,0,-0.00519445,0.734124,0.0116832,-0.0208065,-0.010893,-0.999724,0.0394227,0.2,0,0,DISABLED,0
8.68012,1.46866,-0.102899,0,-0.0051895,0.734212,0.0126011,-0.0208015,-0.0119164,-0.999713,0.0388462,0.2,0,0,DISABLED,0
8.70012,1.47197,-0.102548,0,-0.0048663,0.734254,0.0131837,-0.0204783,-0.0126823,-0.99971,0.0388822,0.2,0,0,DISABLED,0
8.72012,1.47596,-0.101877,0,-0.00343006,0.734231,0.0134567,-0.0190421,-0.0134471,-0.999728,0.0392176,0.2,0,0,DISABLED,0
8.74012,1.47915,-0.101139,0,-0.00161066,0.73413,0.0133097,-0.0172227,-0.013641,-0.999759,0.0394263,0.2,0,0,DISABLED,0
8.76013,1.48219,-0.100223,0,0.000988408,0.733909,0.0129695,-0.0146236,-0.0133617,-0.999804,0.0395062,0.2,0,0,DISABLED,0
8.78013,1.48615,-0.0987149,0,0.00495566,0.733298,0.0121189,-0.0106563,-0.0114914,-0.999877,0.0392179,0.2,0,0,DISABLED,0
8.80013,1.48914,-0.0973047,0,0.00776973,0.732343,0.0105179,-0.00784227,-0.00752879,-0.999941,0.0383583,0.2,0,0,DISABLED,0
8.82013,1.49259,-0.0963559,0,0.00975069,0.731904,0.0162277,-0.00586131,-0.013401,-0.999893,0.0397116,0.2,0,0,DISABLED,0
8.84013,1.49579,-0.0952872,0,0.00964734,0.732207,0.0173874,-0.00596466,-0.0148982,-0.999871,0.0396079,0.2,0,0,DISABLED,0
8.86013,1.49906,-0.0942622,0,0.00712529,0.732546,0.0133321,-0.00848671,-0.0116954,-0.999896,0.0413651,0.2,0,0,DISABLED,0
8.88013,1.50327,-0.093315,0,0.00333208,0.73296,0.00688807,-0.0122799,-0.00645517,-0.999904,0.0438689,0.2,0,0,DISABLED,0
8.90013,1.50693,-0.0928134,0,0.00122683,0.733084,0.0038292,-0.0143852,-0.00405825,-0.999888,0.0447911,0.2,0,0,DISABLED,0
8.92013,1.50944,-0.0926426,0,0.000216342,0.733053,0.00316443,-0.0153957,-0.00358096,-0.999875,0.0445263,0.2,0,0,DISABLED,0
8.94013,1.51416,-0.0928083,0,-0.00122667,0.732959,0.00327549,-0.0168387,-0.00345903,-0.999852,0.044961,0.2,0,0,DISABLED,0
8.96013,1.51708,-0.0931524,0,-0.00180716,0.732957,0.00340049,-0.0174192,-0.00329508,-0.999843,0.045195,0.2,0,0,DISABLED,0
8.98013,1.52151,-0.0939442,0,-0.00199093,0.733043,0.00302971,-0.0176029,-0.0027062,-0.999841,0.0456421,0.2,0,0,DISABLED,0
9.00013,1.52485,-0.0947527,0,-0.00181769,0.733132,0.00234172,-0.0174297,-0.00190426,-0.999846,0.0458512,0.2,0,0,DISABLED,0
9.02013,1.52856,-0.0958794,0,-0.00126736,0.733207,0.00129187,-0.0168794,-0.000759626,-0.999857,0.0462518,0.2,0,0,DISABLED,0
9.04013,1.53225,-0.0972837,0,-0.000216855,0.733199,0.00059802,-0.0158289,0.000186699,-0.999875,0.0468731,0.2,0,0,DISABLED,0
9.06013,1.53595,-0.098961,0,0.00112009,0.733029,0.00176052,-0.0144919,0.000898604,-0.999895,0.0481558,0.2,0,0,DISABLED,0
9.08013,1.53888,-0.100549,0,0.00232023,0.732608,0.00244141,-0.0132918,0.000285783,-0.999912,0.0492336,0.2,0,0,DISABLED,0
9.10013,1.54314,-0.103181,0,0.00388039,0.73156,0.00390625,-0.0117316,-8.98657e-05,-0.999931,0.0473641,0.2,0,0,DISABLED,0
9.12013,1.54635,-0.105023,0,0.00344461,0.731697,0.00618598,-0.0121674,0.00471074,-0.999915,0.047072,0.2,0,0,DISABLED,0
9.14013,1.55066,-0.107742,0,0.00143398,0.732447,0.00236703,-0.014178,0.00146362,-0.999898,0.0441809,0.2,0,0,DISABLED,0
9.16013,1.55398,-0.109358,0,-0.00123081,0.733008,0.00253718,-0.0168428,-0.00265118,-0.999855,0.041477,0.2,0,0,DISABLED,0
9.18013,1.55747,-0.110698,0,-0.00360835,0.733478,0.00647779,-0.0192203,-0.00580422,-0.999798,0.0396721,0.2,0,0,DISABLED,0
9.20014,1.561,-0.111804,0,-0.00456169,0.733779,0.00883644,-0.0201737,-0.00799597,-0.999765,0.0390171,0.2,0,0,DISABLED,0
9.22014,1.56388,-0.112414,0,-0.00479696,0.733911,0.0101017,-0.020409,-0.00932662,-0.999748,0.0386972,0.2,0,0,DISABLED,0
9.24014,1.56757,-0.112778,0,-0.00496295,0.733996,0.0108472,-0.0205749,-0.0100791,-0.999738,0.0382227,0.2,0,0,DISABLED,0
9.26014,1.57107,-0.112793,0,-0.00516179,0.73407,0.0113624,-0.0207738,-0.010556,-0.999729,0.0380205,0.2,0,0,DISABLED,0
9.28014,1.57471,-0.112587,0,-0.00526822,0.734159,0.0123044,-0.0208802,-0.011553,-0.999715,0.0378498,0.2,0,0,DISABLED,0
9.30014,1.57838,-0.112188,0,-0.00488556,0.734227,0.0130428,-0.0204976,-0.0125261,-0.999711,0.0381393,0.2,0,0,DISABLED,0
9.32014,1.58163,-0.111638,0,-0.00379321,0.734225,0.0132378,-0.0194052,-0.0131136,-0.999726,0.0384332,0.2,0,0,DISABLED,0
9.34014,1.58513,-0.110804,0,-0.00165654,0.73412,0.0130016,-0.0172685,-0.0133253,-0.999762,0.0385326,0.2,0,0,DISABLED,0
9.36014,1.58851,-0.109761,0,0.00122272,0.733858,0.0126059,-0.0143893,-0.0129757,-0.999812,0.0385722,0.2,0,0,DISABLED,0
9.38014,1.59182,-0.108484,0,0.00443742,0.733328,0.0118302,-0.0111746,-0.0113946,-0.999873,0.0382494,0.2,0,0,DISABLED,0
9.40014,1.59546,-0.106808,0,0.00744793,0.732131,0.0101605,-0.00816407,-0.00734178,-0.99994,0.0376377,0.2,0,0,DISABLED,0
9.42014,1.59827,-0.106102,0,0.0090826,0.731845,0.0153752,-0.0065294,-0.012835,-0.999896,0.0387915,0.2,0,0,DISABLED,0
9.44014,1.60156,-0.105057,0,0.00851538,0.732191,0.0165766,-0.00709662,-0.0146542,-0.999867,0.0397614,0.2,0,0,DISABLED,0
9.46014,1.60512,-0.103853,0,0.00600216,0.73262,0.0119255,-0.00960984,-0.0107366,-0.999896,0.0416425,0.2,0,0,DISABLED,0
9.48014,1.60926,-0.102822,0,0.00235249,0.733076,0.00517901,-0.0132595,-0.00505741,-0.999899,0.0441042,0.2,0,0,DISABLED,0
9.50014,1.61285,-0.102234,0,0.000391054,0.733219,0.00215619,-0.0152209,-0.00254596,-0.999881,0.0450616,0.2,0,0,DISABLED,0
9.52014,1.61601,-0.10197,0,-0.000769302,0.73318,0.00176052,-0.0163813,-0.00202139,-0.999864,0.0450088,0.2,0,0,DISABLED,0
9.54014,1.61992,-0.102054,0,-0.00191946,0.733104,0.00251358,-0.0175315,-0.00205812,-0.999844,0.0454151,0.2,0,0,DISABLED,0
9.56014,1.62313,-0.102379,0,-0.00241368,0.733115,0.002868,-0.0180257,-0.00197275,-0.999836,0.0456869,0.2,0,0,DISABLED,0
9.58014,1.62711,-0.103038,0,-0.00273216,0.733195,0.00288871,-0.0183442,-0.00137664,-0.999831,0.0461323,0.2,0,0,DISABLED,0
9.60014,1.6304,-0.103786,0,-0.00264968,0.733264,0.00267443,-0.0182617,-0.000755648,-0.999833,0.0463116,0.2,0,0,DISABLED,0
9.62014,1.6341,-0.104855,0,-0.00229043,0.733312,0.00236703,-0.0179024,0.00019632,-0.99984,0.0469498,0.2,0,0,DISABLED,0
9.64015,1.63779,-0.106186,0,-0.0014219,0.733297,0.0020716,-0.0170339,0.00110835,-0.999854,0.0476398,0.2,0,0,DISABLED,0
9.66015,1.64143,-0.107797,0,0.000129431,0.733136,0.00215619,-0.0154826,0.00172783,-0.999879,0.0489126,0.2,0,0,DISABLED,0
9.68015,1.6454,-0.109956,0,0.00215212,0.732512,0.00236703,-0.0134599,0.000564085,-0.999909,0.0501315,0.2,0,0,DISABLED,0
9.70015,1.64891,-0.112036,0,0.00349061,0.731671,0.00393665,-0.0121214,0.00140394,-0.999926,0.0492875,0.2,0,0,DISABLED,0
9.72015,1.65208,-0.113811,0,0.0030596,0.731859,0.00697407,-0.0125524,0.00584449,-0.999904,0.0487715,0.2,0,0,DISABLED,0
9.74015,1.65578,-0.116081,0,0.000884046,0.732436,0.00358812,-0.014728,0.00304749,-0.999887,0.0464549,0.2,0,0,DISABLED,0
9.76015,1.65987,-0.118066,0,-0.00171046,0.733055,0.0020716,-0.0173225,-0.00159613,-0.999849,0.0441518,0.2,0,0,DISABLED,0
9.78015,1.66305,-0.119164,0,-0.00452539,0.733464,0.00677464,-0.0201374,-0.00547098,-0.999782,0.041778,0.2,0,0,DISABLED,0
9.80015,1.66631,-0.120091,0,-0.00549501,0.733766,0.00907602,-0.021107,-0.00766023,-0.999748,0.0410129,0.2,0,0,DISABLED,0
9.82015,1.66953,-0.120735,0,-0.00563964,0.733956,0.0102772,-0.0212516,-0.00902797,-0.999733,0.0407866,0.2,0,0,DISABLED,0
9.84015,1.67289,-0.12103,0,-0.00570172,0.734062,0.0108856,-0.0213137,-0.00971023,-0.999726,0.040142,0.2,0,0,DISABLED,0
9.86015,1.67643,-0.121004,0,-0.00585605,0.734143,0.0113834,-0.021468,-0.0101961,-0.999718,0.0394298,0.2,0,0,DISABLED,0
9.88015,1.6801,-0.120731,0,-0.00594076,0.734219,0.0120844,-0.0215528,-0.0109557,-0.999708,0.0389532,0.2,0,0,DISABLED,0
9.90015,1.68383,-0.120268,0,-0.00565891,0.734273,0.012789,-0.0212709,-0.0119012,-0.999703,0.0389939,0.2,0,0,DISABLED,0
9.92015,1.68751,-0.119603,0,-0.00470601,0.734258,0.0130336,-0.020318,-0.0125872,-0.999714,0.039219,0.2,0,0,DISABLED,0
9.94015,1.69109,-0.118711,0,-0.00247779,0.734133,0.0126907,-0.0180898,-0.0128809,-0.999753,0.0393149,0.2,0,0,DISABLED,0
9.96015,1.69488,-0.117491,0,0.000385809,0.733801,0.0119854,-0.0152262,-0.0124091,-0.999807,0.0393686,0.2,0,0,DISABLED,0
9.98015,1.69831,-0.116162,0,0.00374094,0.733206,0.0106978,-0.0118711,-0.0104541,-0.999875,0.0389522,0.2,0,0,DISABLED,0
10.0002,1.70135,-0.11476,0,0.00623143,0.732194,0.00907602,-0.00938057,-0.00703049,-0.999931,0.0384654,0.2,0,0,DISABLED,0
10.0202,1.7046,-0.113881,0,0.00800878,0.731876,0.0145751,-0.00760322,-0.012609,-0.999892,0.0394506,0.2,0,0,DISABLED,0
10.0402,1.70761,-0.112888,0,0.00779542,0.732172,0.0156404,-0.00781658,-0.0139891,-0.999872,0.0396565,0.2,0,0,DISABLED,0
10.0602,1.71157,-0.111591,0,0.00534485,0.732615,0.0109999,-0.0102671,-0.0100472,-0.999897,0.0416696,0.2,0,0,DISABLED,0
10.0802,1.71543,-0.11067,0,0.00194105,0.733031,0.0049314,-0.013671,-0.00496772,-0.999894,0.0438583,0.2,0,0,DISABLED,0
10.1002,1.71913,-0.110093,0,-0.000229193,0.733193,0.00172634,-0.0158412,-0.002145,-0.999872,0.0455162,0.2,0,0,DISABLED,0
10.1202,1.72305,-0.109814,0,-0.00164501,0.733152,0.00201324,-0.017257,-0.00161585,-0.99985,0.0454527,0.2,0,0,DISABLED,0
10.1402,1.72629,-0.109901,0,-0.00230594,0.733109,0.00262948,-0.0179179,-0.00167644,-0.999838,0.0455841,0.2,0,0,DISABLED,0
10.1602,1.72991,-0.110259,0,-0.00326885,0.733136,0.00341797,-0.0188809,-0.00145333,-0.999821,0.0462125,0.2,0,0,DISABLED,0
10.1802,1.73356,-0.110844,0,-0.003509,0.733211,0.00355474,-0.019121,-0.000986899,-0.999817,0.0465761,0.2,0,0,DISABLED,0
10.2002,1.73762,-0.111764,0,-0.003358,0.73328,0.00336525,-0.01897,-0.000220416,-0.99982,0.0469199,0.2,0,0,DISABLED,0
10.2202,1.74057,-0.112619,0,-0.00291108,0.733309,0.0030688,-0.0185231,0.000575691,-0.999828,0.0473139,0.2,0,0,DISABLED,0
10.2402,1.74461,-0.114057,0,-0.00195535,0.7333,0.00271864,-0.0175673,0.00146397,-0.999845,0.047652,0.2,0,0,DISABLED,0
10.2602,1.74785,-0.115498,0,-0.000462268,0.733167,0.00248976,-0.0160743,0.00202321,-0.999869,0.0487246,0.2,0,0,DISABLED,0
10.2802,1.75179,-0.117637,0,0.00155033,0.732602,0.00212837,-0.0140617,0.00102414,-0.999901,0.0500006,0.2,0,0,DISABLED,0
10.3002,1.75561,-0.119968,0,0.00305491,0.731675,0.00325724,-0.0125571,0.000715798,-0.999921,0.049295,0.2,0,0,DISABLED,0
10.3202,1.75877,-0.121779,0,0.00253294,0.731858,0.00697407,-0.0130791,0.00606599,-0.999896,0.0488436,0.2,0,0,DISABLED,0
10.3402,1.76277,-0.124263,0,0.000149874,0.732496,0.00343536,-0.0154621,0.00299407,-0.999876,0.0462,0.2,0,0,DISABLED,0
10.3602,1.76643,-0.126072,0,-0.00224398,0.73305,0.00229024,-0.017856,-0.000951399,-0.99984,0.0439561,0.2,0,0,DISABLED,0
10.3802,1.76989,-0.127371,0,-0.00530513,0.733494,0.00695695,-0.0209171,-0.00492175,-0.999769,0.0418248,0.2,0,0,DISABLED,0
10.4002,1.7731,-0.128339,0,-0.00632052,0.733779,0.00900349,-0.0219325,-0.00684996,-0.999736,0.0411255,0.2,0,0,DISABLED,0
10.4202,1.77594,-0.128939,0,-0.00657056,0.733904,0.0101194,-0.0221826,-0.00812905,-0.999721,0.0405481,0.2,0,0,DISABLED,0
10.4402,1.77925,-0.129279,0,-0.0066743,0.733968,0.0105801,-0.0222863,-0.00864253,-0.999714,0.0399729,0.2,0,0,DISABLED,0
10.4602,1.78275,-0.129303,0,-0.00699604,0.734048,0.0111399,-0.022608,-0.00909779,-0.999703,0.0396585,0.2,0,0,DISABLED,0
10.4802,1.7864,-0.129076,0,-0.00715998,0.734156,0.0118302,-0.022772,-0.00985313,-0.999692,0.0394983,0.2,0,0,DISABLED,0
10.5002,1.79045,-0.128592,0,-0.0068561,0.734242,0.0125347,-0.0224681,-0.0109259,-0.999688,0.0393529,0.2,0,0,DISABLED,0
10.5202,1.79373,-0.128013,0,-0.00571967,0.734242,0.0126153,-0.0213317,-0.0116764,-0.999704,0.0395697,0.2,0,0,DISABLED,0
10.5402,1.79763,-0.127046,0,-0.00338332,0.734108,0.0119205,-0.0189953,-0.0118631,-0.999749,0.0397243,0.2,0,0,DISABLED,0
10.5602,1.80003,-0.126285,0,-0.000760144,0.733928,0.0109945,-0.0163721,-0.0113992,-0.999801,0.0397831,0.2,0,0,DISABLED,0
10.5802,1.80406,-0.124709,0,0.00251128,0.73334,0.00963045,-0.0131007,-0.00972997,-0.999867,0.0394806,0.2,0,0,DISABLED,0
10.6002,1.80779,-0.123022,0,0.00556055,0.73217,0.00792614,-0.0100514,-0.00608242,-0.999931,0.0389463,0.2,0,0,DISABLED,0
10.6202,1.81068,-0.122299,0,0.00727574,0.731953,0.0133321,-0.00833626,-0.0116023,-0.999898,0.0394584,0.2,0,0,DISABLED,0
10.6402,1.81445,-0.121102,0,0.0066106,0.732318,0.0138968,-0.0090014,-0.0126549,-0.999879,0.0397757,0.2,0,0,DISABLED,0
10.6602,1.81776,-0.120093,0,0.00415445,0.732679,0.00961186,-0.0114575,-0.00909697,-0.999893,0.0414113,0.2,0,0,DISABLED,0
10.6802,1.82204,-0.119116,0,0.000558185,0.733104,0.00346989,-0.0150538,-0.0038608,-0.999879,0.04392,0.2,0,0,DISABLED,0
10.7002,1.82575,-0.11852,0,-0.00120311,0.733236,0.00165584,-0.0168151,-0.00157883,-0.999857,0.0447372,0.2,0,0,DISABLED,0
10.7202,1.82865,-0.118249,0,-0.00232126,0.733202,0.00239208,-0.0179333,-0.00100527,-0.999839,0.0446763,0.2,0,0,DISABLED,0
10.7402,1.83269,-0.118238,0,-0.00343596,0.733121,0.00348703,-0.019048,-0.00104111,-0.999818,0.0450973,0.2,0,0,DISABLED,0
10.7602,1.83677,-0.118558,0,-0.00415381,0.733142,0.00418614,-0.0197658,-0.000871865,-0.999804,0.045252,0.2,0,0,DISABLED,0
10.7802,1.84051,-0.119106,0,-0.00431012,0.733226,0.00431239,-0.0199221,-0.000374987,-0.999801,0.0452959,0.2,0,0,DISABLED,0
10.8002,1.84425,-0.119893,0,-0.00405979,0.733315,0.00414321,-0.0196718,0.000392061,-0.999806,0.0454657,0.2,0,0,DISABLED,0
10.8202,1.84797,-0.120941,0,-0.00336948,0.733366,0.00379794,-0.0189815,0.00129309,-0.999819,0.0457865,0.2,0,0,DISABLED,0
10.8402,1.85019,-0.121701,0,-0.00273494,0.733362,0.00355474,-0.0183469,0.00182941,-0.99983,0.0460556,0.2,0,0,DISABLED,0
10.8602,1.85528,-0.123891,0,-0.000413341,0.733126,0.0029701,-0.0160253,0.00250022,-0.999868,0.0477189,0.2,0,0,DISABLED,0
10.8802,1.85861,-0.125624,0,0.000841588,0.732606,0.0024657,-0.0147704,0.00187665,-0.999889,0.0492493,0.2,0,0,DISABLED,0
10.9002,1.86175,-0.127563,0,0.00233784,0.73174,0.00290927,-0.0132742,0.00129619,-0.999911,0.0480886,0.2,0,0,DISABLED,0
10.9202,1.86602,-0.129869,0,0.00151941,0.731936,0.00775893,-0.0140926,0.00717645,-0.999875,0.0469935,0.2,0,0,DISABLED,0
10.9402,1.86912,-0.131981,0,0.000447023,0.732441,0.00514437,-0.015165,0.00468948,-0.999874,0.0464733,0.2,0,0,DISABLED,0
10.9602,1.8731,-0.134058,0,-0.00258364,0.733058,0.00260671,-0.0181956,-0.000777058,-0.999834,0.043628,0.2,0,0,DISABLED,0
10.9802,1.87658,-0.135391,0,-0.00507722,0.733514,0.00621482,-0.0206892,-0.00400989,-0.999778,0.0421682,0.2,0,0,DISABLED,0
11.0002,1.87949,-0.136267,0,-0.00610248,0.733783,0.00826482,-0.0217145,-0.00601464,-0.999746,0.041634,0.2,0,0,DISABLED,0
11.0202,1.88267,-0.136903,0,-0.0063368,0.733957,0.00952465,-0.0219488,-0.00755355,-0.999731,0.0412547,0.2,0,0,DISABLED,0
11.0402,1.88564,-0.137181,0,-0.00641259,0.734045,0.0102656,-0.0220246,-0.00844973,-0.999722,0.0408102,0.2,0,0,DISABLED,0
11.0602,1.88946,-0.137185,0,-0.00651349,0.734128,0.0108251,-0.0221255,-0.00908302,-0.999714,0.0400868,0.2,0,0,DISABLED,0
11.0802,1.89345,-0.136913,0,-0.00657675,0.734212,0.011498,-0.0221887,-0.00986376,-0.999705,0.0398476,0.2,0,0,DISABLED,0
11.1002,1.89714,-0.136448,0,-0.00629458,0.734269,0.0121924,-0.0219066,-0.0108766,-0.999701,0.0396988,0.2,0,0,DISABLED,0
11.1202,1.9008,-0.135762,0,-0.0051268,0.734256,0.012212,-0.0207388,-0.0115151,-0.999719,0.0399625,0.2,0,0,DISABLED,0
11.1402,1.90434,-0.134846,0,-0.00308387,0.734143,0.0116012,-0.0186959,-0.0116141,-0.999758,0.0401431,0.2,0,0,DISABLED,0
11.1602,1.90741,-0.133842,0,-0.000511512,0.733906,0.0107644,-0.0161235,-0.011183,-0.999807,0.0401894,0.2,0,0,DISABLED,0
11.1802,1.91076,-0.132506,0,0.00268657,0.73339,0.00951839,-0.0129254,-0.00956721,-0.999871,0.0398186,0.2,0,0,DISABLED,0
11.2002,1.91415,-0.130926,0,0.00534886,0.732305,0.0077127,-0.0102631,-0.00599675,-0.999929,0.0385614,0.2,0,0,DISABLED,0
11.2202,1.91673,-0.130285,0,0.00701475,0.731968,0.0127376,-0.00859725,-0.0110634,-0.999902,0.0400224,0.2,0,0,DISABLED,0
11.2402,1.92071,-0.129039,0,0.00681586,0.7323,0.0150895,-0.00879614,-0.0138902,-0.999865,0.0401835,0.2,0,0,DISABLED,0
11.2602,1.92483,-0.127775,0,0.00351516,0.73272,0.00958081,-0.0120968,-0.00934673,-0.999883,0.0423851,0.2,0,0,DISABLED,0
11.2802,1.92832,-0.126964,0,9.27495e-05,0.73306,0.00415757,-0.0155193,-0.00458197,-0.999869,0.0443205,0.2,0,0,DISABLED,0
11.3002,1.93231,-0.126297,0,-0.00169103,0.733197,0.00267443,-0.017303,-0.00248987,-0.999847,0.0450219,0.2,0,0,DISABLED,0
11.3202,1.93591,-0.126024,0,-0.00301183,0.733145,0.00343536,-0.0186238,-0.00207357,-0.999824,0.045168,0.2,0,0,DISABLED,0
11.3402,1.93918,-0.126086,0,-0.00399528,0.733117,0.00432619,-0.0196073,-0.00207811,-0.999806,0.0451414,0.2,0,0,DISABLED,0
11.3602,1.94318,-0.126495,0,-0.00451442,0.733147,0.00470882,-0.0201264,-0.00174653,-0.999796,0.0458435,0.2,0,0,DISABLED,0
11.3802,1.94649,-0.127037,0,-0.00468665,0.733207,0.00478416,-0.0202986,-0.00137521,-0.999793,0.0459764,0.2,0,0,DISABLED,0
11.4002,1.95022,-0.127857,0,-0.00453315,0.73327,0.00454128,-0.0201452,-0.000755376,-0.999797,0.0461876,0.2,0,0,DISABLED,0
11.4202,1.954,-0.128916,0,-0.00411279,0.733312,0.00415757,-0.0197248,0.000172618,-0.999805,0.0464401,0.2,0,0,DISABLED,0
11.4402,1.95773,-0.130274,0,-0.00299217,0.733285,0.00334749,-0.0186042,0.00102976,-0.999826,0.0471011,0.2,0,0,DISABLED,0
11.4602,1.96143,-0.131927,0,-0.00128804,0.733111,0.00241687,-0.0169,0.00163095,-0.999856,0.0484374,0.2,0,0,DISABLED,0
11.4802,1.96515,-0.133897,0,0.000611275,0.73255,0.00114512,-0.0150007,0.000549372,-0.999887,0.0498364,0.2,0,0,DISABLED,0
11.5002,1.96798,-0.135692,0,0.00203036,0.731736,0.0020716,-0.0135816,-0.00078816,-0.999907,0.0489138,0.2,0,0,DISABLED,0
11.5202,1.97229,-0.138013,0,0.00185401,0.73184,0.00665032,-0.013758,0.00596016,-0.999888,0.0482191,0.2,0,0,DISABLED,0
11.5402,1.97633,-0.140526,0,-0.000127777,0.732575,0.00302971,-0.0157398,0.00259605,-0.999873,0.0452266,0.2,0,0,DISABLED,0
11.5602,1.97957,-0.142262,0,-0.00223253,0.733151,0.00276214,-0.0178445,-0.00205851,-0.999839,0.0432452,0.2,0,0,DISABLED,0
11.5802,1.98338,-0.143772,0,-0.00457752,0.733673,0.00700817,-0.0201895,-0.0057383,-0.99978,0.0409233,0.2,0,0,DISABLED,0
11.6002,1.98659,-0.144756,0,-0.00542451,0.733939,0.00890363,-0.0210365,-0.00749855,-0.999751,0.0404046,0.2,0,0,DISABLED,0
11.6202,1.98947,-0.145338,0,-0.0057026,0.734047,0.010084,-0.0213146,-0.00874888,-0.999735,0.0400288,0.2,0,0,DISABLED,0
11.6402,1.99279,-0.145629,0,-0.0058692,0.734083,0.0106531,-0.0214812,-0.00932652,-0.999726,0.0395896,0.2,0,0,DISABLED,0
11.6602,1.99628,-0.145591,0,-0.00610953,0.734108,0.0110863,-0.0217215,-0.00968397,-0.999717,0.0391938,0.2,0,0,DISABLED,0
11.6802,2.00029,-0.145273,0,-0.00622436,0.734162,0.011673,-0.0218364,-0.0103071,-0.999708,0.0392072,0.2,0,0,DISABLED,0
11.7002,2.00397,-0.144776,0,-0.00579624,0.734204,0.0122656,-0.0214082,-0.0112466,-0.999708,0.0392249,0.2,0,0,DISABLED,0
11.7202,2.0076,-0.144074,0,-0.00455749,0.734194,0.0123479,-0.0201695,-0.0119107,-0.999726,0.0396784,0.2,0,0,DISABLED,0
11.7402,2.01112,-0.143149,0,-0.00237912,0.734086,0.0119854,-0.0179911,-0.0121725,-0.999764,0.0398467,0.2,0,0,DISABLED,0
11.7602,2.01448,-0.142,0,0.000698538,0.733818,0.0113677,-0.0149135,-0.0117728,-0.999819,0.039898,0.2,0,0,DISABLED,0
11.7802,2.01748,-0.140778,0,0.00357956,0.733349,0.010681,-0.0120324,-0.0104943,-0.999873,0.0395649,0.2,0,0,DISABLED,0
11.8002,2.0208,-0.139168,0,0.00647007,0.732309,0.00911534,-0.00914193,-0.00685424,-0.999935,0.0385255,0.2,0,0,DISABLED,0
11.8202,2.02428,-0.138194,0,0.00857978,0.731899,0.0145751,-0.00703222,-0.012214,-0.999901,0.0401183,0.2,0,0,DISABLED,0
11.8402,2.02722,-0.137237,0,0.00837218,0.732193,0.016202,-0.00723982,-0.0143025,-0.999871,0.0407789,0.2,0,0,DISABLED,0
11.8602,2.03081,-0.13606,0,0.00588829,0.732596,0.0117544,-0.00972371,-0.0106065,-0.999896,0.0428227,0.2,0,0,DISABLED,0
11.8802,2.03462,-0.135115,0,0.00238955,0.73301,0.00553506,-0.0132224,-0.00541887,-0.999898,0.0452504,0.2,0,0,DISABLED,0
11.9002,2.03824,-0.1345,0,0.000254396,0.733165,0.0024657,-0.0153576,-0.00288596,-0.999878,0.0460944,0.2,0,0,DISABLED,0
11.9202,2.04216,-0.134197,0,-0.00119191,0.733085,0.00215619,-0.0168039,-0.0022133,-0.999856,0.0465646,0.2,0,0,DISABLED,0
11.9402,2.04575,-0.134283,0,-0.00243992,0.733026,0.0030688,-0.0180519,-0.00229068,-0.999834,0.0464212,0.2,0,0,DISABLED,0
11.9602,2.04935,-0.13465,0,-0.00293407,0.733069,0.00341797,-0.0185461,-0.00217826,-0.999826,0.0464379,0.2,0,0,DISABLED,0
11.9802,2.05262,-0.135188,0,-0.00318195,0.733158,0.00334749,-0.018794,-0.00143845,-0.999822,0.0470337,0.2,0,0,DISABLED,0
12.0002,2.05629,-0.136,0,-0.00306157,0.733248,0.00308816,-0.0186736,-0.000716742,-0.999825,0.047196,0,0,0,DISABLED,0
12.0202,2.05997,-0.137076,0,-0.00253075,0.733286,0.00260671,-0.0181427,0.000209423,-0.999835,0.0479472,0,0,0,DISABLED,0
12.0402,2.06362,-0.138401,0,-0.00141687,0.733256,0.00204263,-0.0170289,0.00104328,-0.999854,0.0483915,0,0,0,DISABLED,0
12.0602,2.06718,-0.140014,0,0.000127204,0.733086,0.00179406,-0.0154848,0.00135095,-0.999879,0.0494625,0,0,0,DISABLED,0
12.0802,2.07068,-0.142007,0,0.00156888,0.732571,0.00161945,-0.0140431,4.12584e-05,-0.999901,0.0506312,0,0,0,DISABLED,0
12.1002,2.07441,-0.144415,0,0.0026827,0.731709,0.00269662,-0.0129293,-0.000642072,-0.999916,0.0500035,0,0,0,DISABLED,0
12.1202,2.07744,-0.146277,0,0.00195829,0.731952,0.00565227,-0.0136537,0.00486873,-0.999895,0.0492588,0,0,0,DISABLED,0
12.1402,2.08104,-0.148859,0,-1.75219e-05,0.732533,0.00334749,-0.0156295,0.0029247,-0.999874,0.0467801,0,0,0,DISABLED,0
12.1602,2.08383,-0.150629,0,-0.00233883,0.732716,0.00271864,-0.0179508,0.000930828,-0.999838,0.0443643,0,0,0,DISABLED,0
12.1802,2.08676,-0.152328,0,-0.00431274,0.732622,0.00433994,-0.0199247,3.56467e-05,-0.999801,0.042455,0,0,0,DISABLED,0
12.2002,2.089,-0.153427,0,-0.00486393,0.732117,0.00552428,-0.0204759,0.00217736,-0.999788,0.0425702,0,0,0,DISABLED,0
12.2202,2.09082,-0.154225,0,-0.00501526,0.731428,0.00747726,-0.0206273,0.00511089,-0.999774,0.0430027,0,0,0,DISABLED,0
12.2402,2.09292,-0.155286,0,-0.005785,0.731041,0.00730794,-0.021397,0.00403132,-0.999763,0.0433292,0,0,0,DISABLED,0
12.2602,2.09474,-0.156131,0,-0.00548019,0.73092,0.00608886,-0.0210922,0.00221911,-0.999775,0.0454003,0,0,0,DISABLED,0
12.2802,2.09637,-0.156607,0,-0.00436208,0.730903,0.0046451,-0.0199741,0.00115865,-0.9998,0.0471494,0,0,0,DISABLED,0
12.3002,2.09791,-0.156863,0,-0.00341104,0.730932,0.00355474,-0.019023,0.000562707,-0.999819,0.0479887,0,0,0,DISABLED,0
12.3202,2.09927,-0.157008,0,-0.00233063,0.73097,0.00241687,-0.0179426,0.000214554,-0.999839,0.0486059,0,0,0,DISABLED,0
12.3402,2.10045,-0.15704,0,-0.000479992,0.731006,0.00059802,-0.016092,3.87145e-05,-0.999871,0.0495862,0,0,0,DISABLED,0
12.3602,2.10148,-0.156975,0,0.001103,0.731043,0.00119604,-0.014509,6.08574e-05,-0.999895,0.050414,0,0,0,DISABLED,0
12.3802,2.10245,-0.15679,0,0.00265684,0.731086,0.00271864,-0.0129552,0.000233441,-0.999916,0.0512373,0,0,0,DISABLED,0
12.4002,2.10311,-0.156553,0,0.00379501,0.731114,0.00389096,-0.011817,0.000493176,-0.99993,0.0517438,0,0,0,DISABLED,0
12.4202,2.1037,-0.156202,0,0.00486679,0.731135,0.00503901,-0.0107452,0.000885524,-0.999942,0.0521171,0,0,0,DISABLED,0
12.4402,2.10413,-0.155822,0,0.00560186,0.731151,0.005839,-0.0100101,0.00123853,-0.999949,0.0523923,0,0,0,DISABLED,0
12.4602,2.10449,-0.155345,0,0.00627674,0.73117,0.00660536,-0.00933526,0.00162486,-0.999955,0.052726,0,0,0,DISABLED,0
12.4802,2.10478,-0.154724,0,0.00663076,0.731197,0.00702516,-0.00898124,0.00190069,-0.999958,0.0530831,0,0,0,DISABLED,0
12.5002,2.10488,-0.154243,0,0.00682649,0.73122,0.00728343,-0.00878551,0.00211876,-0.999959,0.0534556,0,0,0,DISABLED,0
12.5202,2.10489,-0.153656,0,0.0069601,0.731255,0.00748523,-0.0086519,0.0023291,-0.99996,0.0538589,0,0,0,DISABLED,0
12.5402,2.10481,-0.153135,0,0.00700198,0.731292,0.00759589,-0.00861002,0.00250981,-0.99996,0.0541881,0,0,0,DISABLED,0
12.5602,2.10463,-0.152639,0,0.00701065,0.731334,0.00768172,-0.00860135,0.0027014,-0.999959,0.0545308,0,0,0,DISABLED,0
12.5802,2.10441,-0.152221,0,0.00699897,0.731375,0.00774355,-0.00861303,0.00288274,-0.999959,0.0548989,0,0,0,DISABLED,0
12.6002,2.10408,-0.15175,0,0.00693791,0.73143,0.00778194,-0.00867409,0.00309588,-0.999958,0.0553261,0,0,0,DISABLED,0
12.6202,2.10374,-0.151361,0,0.00679889,0.731482,0.00773585,-0.00881311,0.00326359,-0.999956,0.0556544,0,0,0,DISABLED,0
12.6402,2.1034,-0.151041,0,0.0065298,0.731526,0.00758804,-0.0090822,0.00343525,-0.999953,0.0560036,0,0,0,DISABLED,0
12.6602,2.10294,-0.150687,0,0.00609891,0.731577,0.00730794,-0.00951309,0.00359843,-0.999948,0.0563826,0,0,0,DISABLED,0
12.6802,2.10254,-0.150427,0,0.00564814,0.731616,0.00699966,-0.00996386,0.00371062,-0.999943,0.0566924,0,0,0,DISABLED,0
12.7002,2.10207,-0.150164,0,0.00499704,0.731656,0.00656008,-0.010615,0.00383254,-0.999936,0.0571,0,0,0,DISABLED,0
12.7202,2.10163,-0.149949,0,0.00446299,0.73169,0.0062244,-0.011149,0.00390449,-0.99993,0.0573939,0,0,0,DISABLED,0
12.7402,2.10107,-0.149713,0,0.00366282,0.731729,0.00573601,-0.0119492,0.00398206,-0.999921,0.0577957,0,0,0,DISABLED,0
12.7602,2.10048,-0.149503,0,0.00280448,0.731765,0.00528158,-0.0128075,0.00403951,-0.99991,0.0582191,0,0,0,DISABLED,0
12.7802,2.09994,-0.149334,0,0.00206885,0.731797,0.00495552,-0.0135431,0.00407309,-0.9999,0.0585751,0,0,0,DISABLED,0
12.8002,2.09939,-0.149184,0,0.00122439,0.731827,0.00469614,-0.0143876,0.00409995,-0.999888,0.0589473,0,0,0,DISABLED,0
12.8202,2.09889,-0.149067,0,0.000361968,0.731853,0.00455439,-0.01525,0.00411798,-0.999875,0.0593108,0,0,0,DISABLED,0
12.8402,2.09834,-0.148955,0,-0.00051048,0.731881,0.00458049,-0.0161225,0.00412662,-0.999862,0.0596776,0,0,0,DISABLED,0
12.8602,2.09778,-0.148864,0,-0.00138628,0.731907,0.00477169,-0.0169983,0.00412401,-0.999847,0.0600565,0,0,0,DISABLED,0
12.8802,2.09717,-0.148788,0,-0.00235087,0.731935,0.00510949,-0.0179629,0.0041074,-0.99983,0.0604668,0,0,0,DISABLED,0
12.9002,2.09668,-0.148744,0,-0.00313566,0.731957,0.00550266,-0.0187477,0.00408605,-0.999816,0.0607978,0,0,0,DISABLED,0
12.9202,2.09615,-0.148713,0,-0.00399326,0.731981,0.00600011,-0.0196053,0.0040502,-0.9998,0.0611649,0,0,0,DISABLED,0
12.9402,2.09558,-0.1487,0,-0.00482469,0.732008,0.00655099,-0.0204367,0.00399906,-0.999783,0.0615406,0,0,0,DISABLED,0
12.9602,2.09512,-0.148699,0,-0.00562477,0.732031,0.00712625,-0.0212368,0.00393784,-0.999767,0.0619114,0,0,0,DISABLED,0
12.9802,2.09458,-0.148704,0,-0.00646515,0.732058,0.00775124,-0.0220772,0.00385734,-0.999749,0.0623246,0,0,0,DISABLED,0
13.0002,2.09415,-0.148713,0,-0.00712344,0.73208,0.00827203,-0.0227354,0.00378598,-0.999734,0.0626614,0,0,0,DISABLED,0
13.0202,2.09369,-0.14873,0,-0.00782545,0.732103,0.00884992,-0.0234375,0.00370688,-0.999718,0.0630316,0,0,0,DISABLED,0
13.0402,2.09325,-0.148751,0,-0.00849811,0.732124,0.00941766,-0.0241101,0.00363013,-0.999703,0.0633933,0,0,0,DISABLED,0
13.0602,2.09288,-0.148775,0,-0.00907781,0.732142,0.00991708,-0.0246898,0.00356228,-0.999689,0.0637139,0,0,0,DISABLED,0
13.0802,2.09248,-0.148804,0,-0.009693,0.73216,0.0104554,-0.025305,0.00348832,-0.999674,0.0640642,0,0,0,DISABLED,0
13.1002,2.09203,-0.148842,0,-0.0103931,0.732179,0.0110755,-0.0260051,0.00340384,-0.999656,0.0644682,0,0,0,DISABLED,0
13.1202,2.09172,-0.148872,0,-0.0108909,0.732192,0.0115239,-0.0265029,0.00334215,-0.999643,0.0647633,0,0,0,DISABLED,0
13.1402,2.09136,-0.14891,0,-0.0114669,0.732206,0.0120498,-0.0270789,0.00326957,-0.999628,0.0651154,0,0,0,DISABLED,0
13.1602,2.09106,-0.148945,0,-0.0119572,0.732216,0.0124966,-0.0275692,0.00320536,-0.999615,0.0654291,0,0,0,DISABLED,0
13.1802,2.09078,-0.148979,0,-0.0124124,0.732226,0.0129142,-0.0280244,0.0031428,-0.999602,0.0657372,0,0,0,DISABLED,0
13.2002,2.09052,-0.149013,0,-0.0127913,0.732235,0.0132693,-0.0284033,0.00308792,-0.999592,0.0660059,0,0,0,DISABLED,0
13.2202,2.09031,-0.149041,0,-0.0131778,0.732242,0.0136239,-0.0287898,0.00302828,-0.999581,0.0662998,0,0,0,DISABLED,0
13.2402,2.09007,-0.149072,0,-0.0135622,0.73225,0.0139824,-0.0291742,0.00296432,-0.99957,0.0666138,0,0,0,DISABLED,0
13.2602,2.08987,-0.149099,0,-0.0138767,0.732256,0.0142735,-0.0294887,0.00290769,-0.999561,0.0668912,0,0,0,DISABLED,0
13.2802,2.08971,-0.14912,0,-0.0141341,0.732261,0.0145137,-0.0297461,0.00285805,-0.999553,0.0671339,0,0,0,DISABLED,0
13.3002,2.08955,-0.149141,0,-0.014394,0.732266,0.014754,-0.030006,0.00280458,-0.999546,0.0673963,0,0,0,DISABLED,0
13.3202,2.08939,-0.149162,0,-0.0146503,0.732271,0.0149905,-0.0302623,0.00274787,-0.999538,0.0676761,0,0,0,DISABLED,0
13.3402,2.08927,-0.149176,0,-0.0148388,0.732275,0.0151683,-0.0304508,0.00270316,-0.999533,0.0678964,0,0,0,DISABLED,0
13.3602,2.08916,-0.14919,0,-0.0150271,0.732278,0.0153442,-0.0306391,0.00265515,-0.999527,0.0681352,0,0,0,DISABLED,0
13.3802,2.08906,-0.149202,0,-0.0151945,0.732281,0.0154988,-0.0308065,0.00260891,-0.999522,0.0683673,0,0,0,DISABLED,0
13.4002,2.08896,-0.149213,0,-0.0153563,0.732283,0.015648,-0.0309683,0.0025601,-0.999517,0.0686159,0,0,0,DISABLED,0
13.4202,2.08889,-0.14922,0,-0.0154724,0.732285,0.0157543,-0.0310844,0.0025217,-0.999514,0.0688137,0,0,0,DISABLED,0
13.4402,2.08883,-0.149226,0,-0.0155748,0.732286,0.0158486,-0.0311868,0.00248463,-0.99951,0.0690069,0,0,0,DISABLED,0
13.4602,2.08877,-0.14923,0,-0.0156828,0.732287,0.0159499,-0.0312948,0.00244109,-0.999507,0.0692366,0,0,0,DISABLED,0
13.4802,2.08872,-0.149234,0,-0.0157727,0.732287,0.0160281,-0.0313847,0.00239947,-0.999505,0.0694598,0,0,0,DISABLED,0
13.5002,2.08869,-0.149235,0,-0.0158336,0.732288,0.0160838,-0.0314456,0.0023668,-0.999503,0.0696386,0,0,0,DISABLED,0
13.5202,2.08866,-0.149235,0,-0.0158887,0.732288,0.0161319,-0.0315007,0.00233174,-0.999501,0.0698329,0,0,0,DISABLED,0
13.5402,2.08864,-0.149236,0,-0.0159316,0.732288,0.0161688,-0.0315436,0.00229781,-0.9995,0.0700243,0,0,0,DISABLED,0
13.5602,2.08862,-0.149236,0,-0.0159648,0.732288,0.0161946,-0.0315768,0.00226479,-0.999499,0.0702124,0,0,0,DISABLED,0
13.5802,2.08861,-0.149236,0,-0.015995,0.732287,0.0162167,-0.031607,0.00222961,-0.999498,0.0704164,0,0,0,DISABLED,0
13.6002,2.08861,-0.149236,0,-0.0160141,0.732286,0.0162314,-0.0316261,0.00220493,-0.999497,0.0705631,0,0,0,DISABLED,0
13.6202,2.08861,-0.149237,0,-0.0160373,0.732285,0.0162497,-0.0316493,0.00217201,-0.999497,0.0707618,0,0,0,DISABLED,0
13.6402,2.08837,-0.149213,0,-0.0143328,0.73226,0.0146037,-0.0299448,0.00236121,-0.999549,0.0711986,0,0,0,DISABLED,0
13.6602,2.08788,-0.149137,0,-0.0114465,0.732279,0.0118554,-0.0270585,0.00264308,-0.99963,0.0716882,0,0,0,DISABLED,0
13.6802,2.08753,-0.14905,0,-0.00867837,0.73239,0.00927095,-0.0242904,0.00284296,-0.999701,0.0719802,0,0,0,DISABLED,0
13.7002,2.0873,-0.148918,0,-0.00682896,0.732491,0.00769723,-0.022441,0.00312244,-0.999743,0.0720774,0,0,0,DISABLED,0
13.7202,2.08711,-0.148717,0,-0.00568043,0.732579,0.00687074,-0.0212924,0.00343204,-0.999767,0.0720978,0,0,0,DISABLED,0
13.7402,2.08694,-0.148501,0,-0.0048344,0.732659,0.00641306,-0.0204464,0.00377879,-0.999784,0.0720897,0,0,0,DISABLED,0
13.7602,2.0868,-0.148331,0,-0.00434801,0.732716,0.00625306,-0.01996,0.00406815,-0.999793,0.0720606,0,0,0,DISABLED,0
13.7802,2.08665,-0.148198,0,-0.00413197,0.732758,0.00624352,-0.019744,0.00425213,-0.999796,0.0719854,0,0,0,DISABLED,0
13.8002,2.08651,-0.148122,0,-0.0041034,0.732784,0.00630054,-0.0197154,0.00434764,-0.999796,0.0718251,0,0,0,DISABLED,0
13.8202,2.08638,-0.148096,0,-0.0041534,0.7328,0.00636642,-0.0197654,0.00439015,-0.999795,0.0716577,0,0,0,DISABLED,0
13.8402,2.08627,-0.148087,0,-0.0042439,0.732811,0.00645013,-0.0198559,0.00443129,-0.999793,0.0714367,0,0,0,DISABLED,0
13.8602,2.08617,-0.148083,0,-0.00433374,0.73282,0.00655099,-0.0199457,0.00447392,-0.999791,0.0712226,0,0,0,DISABLED,0
13.8802,2.08605,-0.148078,0,-0.00442707,0.732831,0.00665032,-0.0200391,0.00453299,-0.999789,0.0709659,0,0,0,DISABLED,0
13.9002,2.08596,-0.148071,0,-0.00450882,0.732841,0.00675702,-0.0201208,0.00459968,-0.999787,0.0706999,0,0,0,DISABLED,0
13.9202,2.08587,-0.14806,0,-0.00457676,0.732851,0.00685337,-0.0201888,0.0046595,-0.999785,0.0704648,0,0,0,DISABLED,0
13.9402,2.08576,-0.14804,0,-0.00464487,0.732862,0.0069312,-0.0202569,0.00471479,-0.999784,0.0702416,0,0,0,DISABLED,0
13.9602,2.08566,-0.148016,0,-0.0047458,0.732872,0.00705057,-0.0203578,0.00478268,-0.999781,0.0699558,0,0,0,DISABLED,0
13.9802,2.08558,-0.147994,0,-0.00481573,0.732879,0.00712625,-0.0204277,0.00482155,-0.99978,0.0697848,0,0,0,DISABLED,0
14.0002,2.0855,-0.147968,0,-0.00489096,0.732887,0.0072094,-0.020503,0.00486081,-0.999778,0.0696118,0,0,0,DISABLED,0
14.0202,2.08542,-0.147941,0,-0.00496196,0.732893,0.00729161,-0.020574,0.00489869,-0.999776,0.0694504,0,0,0,DISABLED,0
14.0402,2.08535,-0.147913,0,-0.00502814,0.7329,0.00734861,-0.0206401,0.00493597,-0.999775,0.069298,0,0,0,DISABLED,0
14.0602,2.08528,-0.147887,0,-0.00508926,0.732905,0.00742928,-0.0207013,0.00497249,-0.999773,0.0691548,0,0,0,DISABLED,0
14.0802,2.08522,-0.147862,0,-0.00514485,0.732911,0.00748523,-0.0207569,0.00500771,-0.999772,0.0690254,0,0,0,DISABLED,0
14.1002,2.08516,-0.147839,0,-0.00519505,0.732916,0.00754866,-0.0208071,0.00504132,-0.999771,0.0689098,0,0,0,DISABLED,0
14.1202,2.08511,-0.147819,0,-0.00524,0.73292,0.00760373,-0.020852,0.00507328,-0.99977,0.0688071,0,0,0,DISABLED,0
14.1402,2.08507,-0.1478,0,-0.00528009,0.732924,0.00765062,-0.0208921,0.00510383,-0.999769,0.0687128,0,0,0,DISABLED,0
14.1602,2.08502,-0.147782,0,-0.00531553,0.732928,0.00769723,-0.0209275,0.005133,-0.999768,0.068627,0,0,0,DISABLED,0
14.1802,2.08499,-0.147767,0,-0.00535089,0.732931,0.00774355,-0.0209629,0.0051637,-0.999767,0.0685405,0,0,0,DISABLED,0
14.2002,2.08495,-0.147752,0,-0.00537758,0.732934,0.00778194,-0.0209896,0.00518784,-0.999766,0.0684757,0,0,0,DISABLED,0
14.2202,2.08492,-0.14774,0,-0.00540508,0.732937,0.00782015,-0.0210171,0.00521356,-0.999766,0.0684114,0,0,0,DISABLED,0
14.2402,2.0849,-0.147728,0,-0.00543064,0.732939,0.00785057,-0.0210426,0.00523814,-0.999765,0.0683544,0,0,0,DISABLED,0
14.2603,2.08487,-0.147717,0,-0.00545663,0.732941,0.00788845,-0.0210686,0.00526377,-0.999764,0.0683004,0,0,0,DISABLED,0
14.2803,2.08485,-0.147709,0,-0.00547652,0.732943,0.00791861,-0.0210885,0.00528379,-0.999764,0.0682614,0,0,0,DISABLED,0
14.3003,2.08483,-0.147702,0,-0.00549722,0.732944,0.00794866,-0.0211092,0.00530502,-0.999763,0.0682237,0,0,0,DISABLED,0
14.3203,2.08481,-0.147695,0,-0.00551838,0.732945,0.0079786,-0.0211304,0.00532727,-0.999763,0.0681866,0,0,0,DISABLED,0
14.3403,2.0848,-0.14769,0,-0.00553285,0.732946,0.00800098,-0.0211448,0.0053429,-0.999762,0.0681612,0,0,0,DISABLED,0
14.3603,2.08478,-0.147684,0,-0.00555314,0.732947,0.00803073,-0.0211651,0.00536554,-0.999762,0.0681252,0,0,0,DISABLED,0
14.3803,2.08477,-0.14768,0,-0.00556733,0.732948,0.00804556,-0.0211793,0.00538193,-0.999761,0.0680999,0,0,0,DISABLED,0
14.4003,2.08476,-0.147677,0,-0.00558219,0.732948,0.00807514,-0.0211942,0.00539962,-0.999761,0.0680734,0,0,0,DISABLED,0
14.4203,2.08475,-0.147673,0,-0.00559746,0.732949,0.00809725,-0.0212095,0.00541845,-0.99976,0.0680462,0,0,0,DISABLED,0
14.4403,2.08474,-0.14767,0,-0.00560915,0.732949,0.0081193,-0.0212211,0.0054334,-0.99976,0.0680254,0,0,0,DISABLED,0
14.4603,2.08473,-0.147668,0,-0.00562009,0.732949,0.00813397,-0.0212321,0.00544792,-0.99976,0.068006,0,0,0,DISABLED,0
14.4803,2.08472,-0.147666,0,-0.00563362,0.732949,0.00816323,-0.0212456,0.00546662,-0.999759,0.0679823,0,0,0,DISABLED,0
14.5003,2.08472,-0.147664,0,-0.00564308,0.73295,0.00817053,-0.0212551,0.00548017,-0.999759,0.067966,0,0,0,DISABLED,0
14.5203,2.08471,-0.147663,0,-0.00565295,0.73295,0.00819239,-0.0212649,0.00549473,-0.999759,0.0679494,0,0,0,DISABLED,0
14.5403,2.0847,-0.147663,0,-0.00566307,0.73295,0.00820693,-0.0212751,0.00551016,-0.999758,0.0679331,0,0,0,DISABLED,0
14.5603,2.0847,-0.147662,0,-0.00567,0.73295,0.00822868,-0.021282,0.00552106,-0.999758,0.0679222,0,0,0,DISABLED,0
14.5803,2.0847,-0.147662,0,-0.00567816,0.73295,0.00824316,-0.0212902,0.00553434,-0.999758,0.06791,0,0,0,DISABLED,0
14.6003,2.08469,-0.147662,0,-0.00568651,0.73295,0.00825039,-0.0212985,0.00554857,-0.999758,0.0678981,0,0,0,DISABLED,0
14.6203,2.08469,-0.147661,0,-0.00569358,0.73295,0.00827203,-0.0213056,0.00556115,-0.999758,0.0678886,0,0,0,DISABLED,0
14.6403,2.08468,-0.147661,0,-0.0057008,0.73295,0.00828643,-0.0213128,0.0055746,-0.999757,0.0678797,0,0,0,DISABLED,0
14.6603,2.08468,-0.147661,0,-0.00570687,0.73295,0.00829362,-0.0213189,0.00558649,-0.999757,0.0678727,0,0,0,DISABLED,0
14.6803,2.08468,-0.147661,0,-0.0057125,0.73295,0.00830798,-0.0213245,0.00559805,-0.999757,0.067867,0,0,0,DISABLED,0
14.7003,2.08468,-0.14766,0,-0.00571719,0.73295,0.00832232,-0.0213292,0.00560819,-0.999757,0.0678628,0,0,0,DISABLED,0
14.7203,2.08467,-0.14766,0,-0.00572246,0.73295,0.00833663,-0.0213345,0.00562021,-0.999757,0.0678589,0,0,0,DISABLED,0
14.7403,2.08467,-0.14766,0,-0.00572685,0.732949,0.00833663,-0.0213389,0.00563082,-0.999756,0.0678564,0,0,0,DISABLED,0
14.7603,2.08467,-0.14766,0,-0.00573085,0.732949,0.00835805,-0.0213429,0.00564108,-0.999756,0.0678551,0,0,0,DISABLED,0
14.7803,2.08467,-0.14766,0,-0.00573448,0.732949,0.00836518,-0.0213465,0.00565101,-0.999756,0.0678549,0,0,0,DISABLED,0
14.8003,2.08467,-0.14766,0,-0.00573743,0.732949,0.0083723,-0.0213494,0.00565967,-0.999756,0.0678555,0,0,0,DISABLED,0
14.8203,2.08467,-0.14766,0,-0.00574066,0.732949,0.00837942,-0.0213527,0.0056699,-0.999756,0.0678574,0,0,0,DISABLED,0
14.8403,2.08467,-0.14766,0,-0.00574332,0.732948,0.00839364,-0.0213553,0.00567887,-0.999756,0.0678602,0,0,0,DISABLED,0
14.8603,2.08467,-0.14766,0,-0.00574557,0.732948,0.00839364,-0.0213576,0.00568666,-0.999756,0.0678635,0,0,0,DISABLED,0
14.8803,2.08467,-0.147659,0,-0.005748,0.732948,0.00840073,-0.02136,0.00569502,-0.999756,0.0678681,0,0,0,DISABLED,0
14.9003,2.08467,-0.147659,0,-0.00575036,0.732948,0.00840073,-0.0213624,0.00570308,-0.999756,0.0678735,0,0,0,DISABLED,0
14.9203,2.08467,-0.14766,0,-0.00575265,0.732948,0.00840783,-0.0213646,0.00571084,-0.999755,0.0678798,0,0,0,DISABLED,0
14.9403,2.08467,-0.14766,0,-0.00575485,0.732947,0.00842199,-0.0213668,0.00571828,-0.999755,0.0678869,0,0,0,DISABLED,0
14.9603,2.08467,-0.14766,0,-0.00575698,0.732947,0.00842199,-0.021369,0.00572542,-0.999755,0.0678948,0,0,0,DISABLED,0
14.9803,2.08467,-0.14766,0,-0.00575903,0.732947,0.00842907,-0.021371,0.00573226,-0.999755,0.0679035,0,0,0,DISABLED,0
15.0003,2.08467,-0.14766,0,-0.00576102,0.732947,0.00843614,-0.021373,0.00573882,-0.999755,0.0679129,0,0,0,DISABLED,0
15.0203,2.08467,-0.14766,0,-0.00576313,0.732947,0.0084432,-0.0213751,0.0057457,-0.999755,0.0679242,0,0,0,DISABLED,0
15.0403,2.08466,-0.14766,0,-0.0057648,0.732947,0.0084432,-0.0213768,0.00575107,-0.999755,0.067934,0,0,0,DISABLED,0
15.0603,2.08466,-0.14766,0,-0.00576659,0.732946,0.00845025,-0.0213786,0.00575677,-0.999755,0.0679456,0,0,0,DISABLED,0
15.0803,2.08466,-0.14766,0,-0.00576831,0.732946,0.00846435,-0.0213803,0.00576218,-0.999755,0.0679579,0,0,0,DISABLED,0
15.1003,2.08466,-0.147661,0,-0.00576998,0.732946,0.00846435,-0.021382,0.00576733,-0.999755,0.0679709,0,0,0,DISABLED,0
15.1203,2.08466,-0.147661,0,-0.00577159,0.732946,0.00847139,-0.0213836,0.0057722,-0.999755,0.0679845,0,0,0,DISABLED,0
15.1403,2.08466,-0.147661,0,-0.0057733,0.732946,0.00847139,-0.0213853,0.00577725,-0.999755,0.0680001,0,0,0,DISABLED,0
15.1603,2.08466,-0.147661,0,-0.0057748,0.732946,0.00847842,-0.0213868,0.00578157,-0.999755,0.068015,0,0,0,DISABLED,0
15.1803,2.08466,-0.147661,0,-0.00577625,0.732945,0.00848545,-0.0213882,0.00578563,-0.999754,0.0680305,0,0,0,DISABLED,0
15.2003,2.08466,-0.147662,0,-0.0057775,0.732945,0.00848545,-0.0213895,0.00578907,-0.999754,0.0680448,0,0,0,DISABLED,0
15.2203,2.08466,-0.147662,0,-0.00577886,0.732945,0.00848545,-0.0213909,0.00579267,-0.999754,0.0680613,0,0,0,DISABLED,0
15.2403,2.08466,-0.147662,0,-0.00578017,0.732945,0.00849247,-0.0213922,0.00579602,-0.999754,0.0680783,0,0,0,DISABLED,0
15.2603,2.08466,-0.147663,0,-0.00578144,0.732945,0.00849247,-0.0213934,0.00579912,-0.999754,0.0680959,0,0,0,DISABLED,0
15.2803,2.08466,-0.147663,0,-0.00578279,0.732945,0.00849949,-0.0213948,0.00580226,-0.999754,0.0681157,0,0,0,DISABLED,0
15.3003,2.08466,-0.147663,0,-0.00578397,0.732944,0.00849949,-0.021396,0.00580487,-0.999754,0.0681343,0,0,0,DISABLED,0
15.3203,2.08466,-0.147664,0,-0.0057851,0.732944,0.0085065,-0.0213971,0.00580724,-0.999754,0.0681534,0,0,0,DISABLED,0
15.3403,2.08466,-0.147664,0,-0.00578608,0.732944,0.0085065,-0.0213981,0.00580915,-0.999754,0.068171,0,0,0,DISABLED,0
15.3603,2.08466,-0.147665,0,-0.00578715,0.732944,0.0085065,-0.0213992,0.00581101,-0.999754,0.0681911,0,0,0,DISABLED,0
15.3803,2.08466,-0.147666,0,-0.0057882,0.732944,0.0085135,-0.0214002,0.00581256,-0.999754,0.0682117,0,0,0,DISABLED,0
15.4003,2.08466,-0.147667,0,-0.00578923,0.732944,0.0085065,-0.0214012,0.00581381,-0.999754,0.0682328,0,0,0,DISABLED,0
15.4203,2.08466,-0.147668,0,-0.00579034,0.732944,0.0085135,-0.0214023,0.00581482,-0.999754,0.0682566,0,0,0,DISABLED,0
15.4403,2.08466,-0.147669,0,-0.00579112,0.732944,0.0085135,-0.0214031,0.00581532,-0.999754,0.0682744,0,0,0,DISABLED,0
15.4603,2.08466,-0.147671,0,-0.00579217,0.732943,0.0085135,-0.0214042,0.00581569,-0.999754,0.0682994,0,0,0,DISABLED,0
15.4803,2.08466,-0.147673,0,-0.0057931,0.732943,0.0085135,-0.0214051,0.00581572,-0.999754,0.0683226,0,0,0,DISABLED,0
15.5003,2.08466,-0.147675,0,-0.00579383,0.732943,0.0085135,-0.0214058,0.00581554,-0.999754,0.0683415,0,0,0,DISABLED,0
15.5203,2.08466,-0.147678,0,-0.0057949,0.732943,0.0085135,-0.0214069,0.00581492,-0.999754,0.0683705,0,0,0,DISABLED,0
15.5403,2.08466,-0.147681,0,-0.00579575,0.732943,0.0085205,-0.0214078,0.00581411,-0.999754,0.0683952,0,0,0,DISABLED,0
15.5603,2.08466,-0.147684,0,-0.0057966,0.732943,0.0085205,-0.0214086,0.00581303,-0.999754,0.0684203,0,0,0,DISABLED,0
15.5803,2.08466,-0.147687,0,-0.0057974,0.732943,0.0085135,-0.0214094,0.0058117,-0.999754,0.0684459,0,0,0,DISABLED,0
15.6003,2.08466,-0.147691,0,-0.00579826,0.732943,0.0085135,-0.0214103,0.00580995,-0.999754,0.0684745,0,0,0,DISABLED,0
15.6203,2.08466,-0.147694,0,-0.00579895,0.732943,0.0085135,-0.021411,0.00580831,-0.999754,0.0684982,0,0,0,DISABLED,0
15.6403,2.08466,-0.147698,0,-0.0057997,0.732943,0.0085135,-0.0214117,0.00580628,-0.999754,0.068525,0,0,0,DISABLED,0
15.6603,2.08466,-0.147702,0,-0.0058005,0.732942,0.0085065,-0.0214125,0.00580378,-0.999754,0.0685548,0,0,0,DISABLED,0
15.6803,2.08466,-0.147705,0,-0.00580113,0.732942,0.0085065,-0.0214131,0.00580154,-0.999754,0.0685795,0,0,0,DISABLED,0
15.7003,2.08466,-0.14771,0,-0.00580182,0.732942,0.0085065,-0.0214138,0.00579885,-0.999754,0.0686073,0,0,0,DISABLED,0
15.7203,2.08466,-0.147714,0,-0.00580255,0.732942,0.0085065,-0.0214145,0.00579567,-0.999754,0.0686384,0,0,0,DISABLED,0
15.7403,2.08466,-0.147718,0,-0.00580312,0.732942,0.0085065,-0.0214151,0.00579289,-0.999754,0.068664,0,0,0,DISABLED,0
15.7603,2.08466,-0.147723,0,-0.0058038,0.732942,0.00849949,-0.0214158,0.00578927,-0.999754,0.0686958,0,0,0,DISABLED,0
15.7803,2.08466,-0.147728,0,-0.00580433,0.732942,0.00849949,-0.0214163,0.00578613,-0.999754,0.068722,0,0,0,DISABLED,0
15.8003,2.08466,-0.147733,0,-0.00580485,0.732942,0.00849949,-0.0214169,0.00578286,-0.999754,0.0687485,0,0,0,DISABLED,0
15.8203,2.08466,-0.147737,0,-0.0058054,0.732942,0.00849949,-0.0214174,0.00577904,-0.999754,0.0687782,0,0,0,DISABLED,0
15.8403,2.08466,-0.147743,0,-0.00580605,0.732942,0.00849247,-0.0214181,0.00577426,-0.999754,0.0688142,0,0,0,DISABLED,0
15.8603,2.08466,-0.147747,0,-0.00580647,0.732942,0.00849247,-0.0214185,0.00577093,-0.999754,0.0688385,0,0,0,DISABLED,0
15.8803,2.08466,-0.147753,0,-0.00580701,0.732942,0.00848545,-0.021419,0.00576618,-0.999754,0.0688721,0,0,0,DISABLED,0
15.9003,2.08466,-0.147758,0,-0.00580748,0.732942,0.00848545,-0.0214195,0.0057617,-0.999754,0.068903,0,0,0,DISABLED,0
15.9203,2.08466,-0.147764,0,-0.00580794,0.732942,0.00847842,-0.0214199,0.00575708,-0.999754,0.068934,0,0,0,DISABLED,0
15.9403,2.08466,-0.14777,0,-0.00580838,0.732941,0.00847842,-0.0214204,0.00575231,-0.999754,0.0689654,0,0,0,DISABLED,0
15.9603,2.08465,-0.147775,0,-0.00580879,0.732941,0.00847842,-0.0214208,0.00574739,-0.999754,0.0689969,0,0,0,DISABLED,0
15.9803,2.08465,-0.147782,0,-0.00580923,0.732941,0.00847139,-0.0214212,0.00574183,-0.999754,0.0690319,0,0,0,DISABLED,0
16.0003,2.08465,-0.147787,0,-0.00580957,0.732941,0.00847139,-0.0214216,0.00573716,-0.999754,0.0690607,0,0,0,DISABLED,0
16.0203,2.08465,-0.147793,0,-0.00580993,0.732941,0.00846435,-0.0214219,0.00573185,-0.999754,0.0690929,0,0,0,DISABLED,0
16.0403,2.08465,-0.147799,0,-0.00581028,0.732941,0.0084573,-0.0214223,0.00572642,-0.999754,0.0691254,0,0,0,DISABLED,0
16.0603,2.08465,-0.147805,0,-0.00581065,0.732941,0.0084573,-0.0214227,0.00572031,-0.999754,0.0691612,0,0,0,DISABLED,0
16.0803,2.08465,-0.147811,0,-0.00581097,0.732941,0.00845025,-0.021423,0.00571463,-0.999754,0.069194,0,0,0,DISABLED,0
16.1003,2.08465,-0.147817,0,-0.00581124,0.732941,0.00845025,-0.0214232,0.00570942,-0.999754,0.0692237,0,0,0,DISABLED,0
16.1203,2.08465,-0.147823,0,-0.00581153,0.732941,0.0084432,-0.0214235,0.00570353,-0.999754,0.0692569,0,0,0,DISABLED,0
16.1403,2.08465,-0.14783,0,-0.00581183,0.732941,0.0084432,-0.0214238,0.00569694,-0.999754,0.0692935,0,0,0,DISABLED,0
16.1603,2.08465,-0.147836,0,-0.00581207,0.732941,0.0084432,-0.0214241,0.00569145,-0.999754,0.0693237,0,0,0,DISABLED,0
16.1803,2.08465,-0.147842,0,-0.00581232,0.732941,0.00843614,-0.0214243,0.00568525,-0.999754,0.0693573,0,0,0,DISABLED,0
16.2003,2.08465,-0.147849,0,-0.00581255,0.732941,0.00842907,-0.0214245,0.00567896,-0.999754,0.0693911,0,0,0,DISABLED,0
16.2203,2.08465,-0.147855,0,-0.00581277,0.732941,0.00842199,-0.0214248,0.00567258,-0.999754,0.0694251,0,0,0,DISABLED,0
16.2403,2.08465,-0.147862,0,-0.00581298,0.732941,0.00841491,-0.021425,0.0056661,-0.999754,0.0694591,0,0,0,DISABLED,0
16.2603,2.08465,-0.147869,0,-0.00581319,0.732941,0.00841491,-0.0214252,0.00565888,-0.999754,0.0694968,0,0,0,DISABLED,0
16.2803,2.08465,-0.147875,0,-0.00581338,0.732941,0.00840783,-0.0214254,0.00565224,-0.999754,0.0695311,0,0,0,DISABLED,0
16.3003,2.08465,-0.147882,0,-0.00581354,0.732941,0.00840783,-0.0214255,0.00564619,-0.999754,0.0695622,0,0,0,DISABLED,0
16.3203,2.08465,-0.147888,0,-0.00581371,0.732941,0.00840073,-0.0214257,0.00563869,-0.999755,0.0696005,0,0,0,DISABLED,0
16.3403,2.08465,-0.147895,0,-0.00581386,0.732941,0.00840073,-0.0214259,0.00563176,-0.999755,0.0696358,0,0,0,DISABLED,0
16.3603,2.08465,-0.1479,0,-0.005814,0.732941,0.00839364,-0.021426,0.00562475,-0.999755,0.0696714,0,0,0,DISABLED,0
16.3803,2.08465,-0.147909,0,-0.00581414,0.732941,0.00838653,-0.0214261,0.00561764,-0.999755,0.0697072,0,0,0,DISABLED,0
16.4003,2.08465,-0.147916,0,-0.00581428,0.732941,0.00837942,-0.0214263,0.00561044,-0.999755,0.0697433,0,0,0,DISABLED,0
16.4203,2.08465,-0.147919,0,-0.00581435,0.732941,0.0083723,-0.0214264,0.00560608,-0.999755,0.069765,0,0,0,DISABLED,0
16.4403,2.08465,-0.147928,0,-0.0058145,0.732941,0.00836518,-0.0214265,0.00559653,-0.999755,0.0698125,0,0,0,DISABLED,0
16.4603,2.08465,-0.147936,0,-0.00581462,0.732941,0.00836518,-0.0214266,0.00558908,-0.999755,0.0698493,0,0,0,DISABLED,0
16.4803,2.08465,-0.147943,0,-0.00581472,0.732941,0.00835805,-0.0214267,0.00558156,-0.999755,0.0698863,0,0,0,DISABLED,0
16.5003,2.08465,-0.14795,0,-0.00581481,0.732941,0.00835092,-0.0214268,0.00557395,-0.999755,0.0699234,0,0,0,DISABLED,0
16.5203,2.08465,-0.147957,0,-0.00581489,0.732941,0.00835092,-0.0214269,0.00556628,-0.999755,0.0699607,0,0,0,DISABLED,0
16.5403,2.08465,-0.147964,0,-0.00581497,0.732941,0.00834378,-0.021427,0.00555855,-0.999755,0.0699981,0,0,0,DISABLED,0
16.5603,2.08465,-0.147971,0,-0.00581504,0.732941,0.00833663,-0.021427,0.00555076,-0.999755,0.0700356,0,0,0,DISABLED,0
16.5803,2.08465,-0.147978,0,-0.0058151,0.732941,0.00833663,-0.0214271,0.00554291,-0.999755,0.0700732,0,0,0,DISABLED,0
16.6003,2.08465,-0.147985,0,-0.00581515,0.732941,0.00832948,-0.0214272,0.005535,-0.999755,0.0701109,0,0,0,DISABLED,0
16.6203,2.08465,-0.147993,0,-0.00581521,0.732941,0.00832232,-0.0214272,0.00552625,-0.999755,0.0701524,0,0,0,DISABLED,0
16.6403,2.08465,-0.148,0,-0.00581525,0.732941,0.00831515,-0.0214272,0.00551824,-0.999755,0.0701903,0,0,0,DISABLED,0
16.6603,2.08465,-0.148007,0,-0.00581528,0.732941,0.00830798,-0.0214273,0.005511,-0.999755,0.0702243,0,0,0,DISABLED,0
16.6803,2.08465,-0.148015,0,-0.00581531,0.732941,0.00830081,-0.0214273,0.0055021,-0.999755,0.0702661,0,0,0,DISABLED,0
16.7003,2.08465,-0.148022,0,-0.00581533,0.732941,0.00829362,-0.0214273,0.00549478,-0.999755,0.0703002,0,0,0,DISABLED,0
16.7203,2.08465,-0.148028,0,-0.00581534,0.732941,0.00828643,-0.0214273,0.00548661,-0.999755,0.0703382,0,0,0,DISABLED,0
16.7403,2.08465,-0.148036,0,-0.00581535,0.732941,0.00828643,-0.0214274,0.00547757,-0.999755,0.07038,0,0,0,DISABLED,0
16.7603,2.08465,-0.148043,0,-0.00581536,0.732941,0.00827924,-0.0214274,0.00547014,-0.999755,0.0704143,0,0,0,DISABLED,0
16.7803,2.08465,-0.148051,0,-0.00581536,0.732941,0.00827203,-0.0214274,0.00546103,-0.999756,0.0704561,0,0,0,DISABLED,0
16.8003,2.08465,-0.148057,0,-0.00581535,0.732941,0.00826482,-0.0214274,0.00545354,-0.999756,0.0704904,0,0,0,DISABLED,0
16.8203,2.08465,-0.148065,0,-0.00581534,0.732941,0.00826482,-0.0214273,0.00544437,-0.999756,0.0705323,0,0,0,DISABLED,0
16.8403,2.08465,-0.148071,0,-0.00581533,0.732941,0.00826482,-0.0214273,0.00543683,-0.999756,0.0705666,0,0,0,DISABLED,0
16.8603,2.08465,-0.148079,0,-0.00581531,0.732941,0.00825761,-0.0214273,0.00542843,-0.999756,0.0706047,0,0,0,DISABLED,0
16.8803,2.08465,-0.148085,0,-0.00581528,0.732941,0.00825039,-0.0214273,0.00542084,-0.999756,0.070639,0,0,0,DISABLED,0
16.9003,2.08465,-0.148092,0,-0.00581526,0.732941,0.00825039,-0.0214273,0.00541239,-0.999756,0.0706771,0,0,0,DISABLED,0
16.9203,2.08465,-0.148101,0,-0.00581522,0.732941,0.00824316,-0.0214272,0.0054022,-0.999756,0.0707229,0,0,0,DISABLED,0
16.9403,2.08465,-0.148107,0,-0.00581518,0.732941,0.00823593,-0.0214272,0.00539454,-0.999756,0.0707572,0,0,0,DISABLED,0
16.9603,2.08465,-0.148115,0,-0.00581514,0.732941,0.00822868,-0.0214271,0.00538516,-0.999756,0.0707991,0,0,0,DISABLED,0
16.9803,2.08465,-0.148121,0,-0.0058151,0.732941,0.00822144,-0.0214271,0.00537747,-0.999756,0.0708334,0,0,0,DISABLED,0
17.0003,2.08465,-0.148128,0,-0.00581506,0.732941,0.00821419,-0.0214271,0.00536891,-0.999756,0.0708714,0,0,0,DISABLED,0
17.0203,2.08465,-0.148135,0,-0.005815,0.732941,0.00820693,-0.021427,0.00536032,-0.999756,0.0709095,0,0,0,DISABLED,0
17.0403,2.08465,-0.148142,0,-0.00581495,0.732941,0.00819966,-0.021427,0.00535172,-0.999756,0.0709475,0,0,0,DISABLED,0
17.0603,2.08465,-0.14815,0,-0.00581489,0.732941,0.00819239,-0.0214269,0.00534225,-0.999756,0.0709892,0,0,0,DISABLED,0
17.0803,2.08465,-0.148157,0,-0.00581484,0.732941,0.00818511,-0.0214268,0.00533363,-0.999756,0.0710272,0,0,0,DISABLED,0
17.1003,2.08465,-0.148163,0,-0.00581479,0.732941,0.00818511,-0.0214268,0.00532586,-0.999756,0.0710613,0,0,0,DISABLED,0
17.1203,2.08465,-0.148171,0,-0.00581473,0.732941,0.00817782,-0.0214267,0.00531635,-0.999756,0.0711029,0,0,0,DISABLED,0
17.1403,2.08465,-0.148178,0,-0.00581467,0.732941,0.00817053,-0.0214267,0.00530857,-0.999756,0.0711369,0,0,0,DISABLED,0
17.1603,2.08465,-0.148184,0,-0.00581461,0.732941,0.00816323,-0.0214266,0.00529991,-0.999756,0.0711747,0,0,0,DISABLED,0
17.1803,2.08465,-0.148192,0,-0.00581455,0.732941,0.00816323,-0.0214266,0.00529124,-0.999756,0.0712124,0,0,0,DISABLED,0
17.2003,2.08465,-0.148198,0,-0.00581449,0.732941,0.00815593,-0.0214265,0.00528256,-0.999756,0.0712501,0,0,0,DISABLED,0
17.2203,2.08465,-0.148205,0,-0.00581443,0.732941,0.00814862,-0.0214264,0.00527387,-0.999757,0.0712878,0,0,0,DISABLED,0
17.2403,2.08465,-0.148212,0,-0.00581436,0.732942,0.0081413,-0.0214264,0.00526518,-0.999757,0.0713254,0,0,0,DISABLED,0
17.2603,2.08465,-0.148218,0,-0.00581431,0.732942,0.00813397,-0.0214263,0.00525735,-0.999757,0.0713592,0,0,0,DISABLED,0
17.2803,2.08465,-0.148226,0,-0.00581422,0.732942,0.00813397,-0.0214262,0.00524689,-0.999757,0.0714043,0,0,0,DISABLED,0
17.3003,2.08465,-0.148232,0,-0.00581416,0.732942,0.00812664,-0.0214262,0.00523905,-0.999757,0.0714381,0,0,0,DISABLED,0
17.3203,2.08465,-0.148239,0,-0.0058141,0.732942,0.0081193,-0.0214261,0.00523032,-0.999757,0.0714756,0,0,0,DISABLED,0
17.3403,2.08465,-0.148246,0,-0.00581403,0.732942,0.00811196,-0.021426,0.00522159,-0.999757,0.071513,0,0,0,DISABLED,0
17.3603,2.08465,-0.148253,0,-0.00581396,0.732942,0.00810461,-0.021426,0.00521285,-0.999757,0.0715504,0,0,0,DISABLED,0
17.3803,2.08465,-0.148259,0,-0.0058139,0.732942,0.00810461,-0.0214259,0.00520499,-0.999757,0.071584,0,0,0,DISABLED,0
17.4003,2.08465,-0.148266,0,-0.00581383,0.732942,0.00809725,-0.0214258,0.00519537,-0.999757,0.0716251,0,0,0,DISABLED,0
17.4203,2.08465,-0.148273,0,-0.00581376,0.732942,0.00808989,-0.0214258,0.00518663,-0.999757,0.0716623,0,0,0,DISABLED,0
17.4403,2.08465,-0.148279,0,-0.0058137,0.732942,0.00807514,-0.0214257,0.00517788,-0.999757,0.0716995,0,0,0,DISABLED,0
17.4603,2.08465,-0.148286,0,-0.00581363,0.732942,0.00806775,-0.0214256,0.00516914,-0.999757,0.0717366,0,0,0,DISABLED,0
17.4803,2.08465,-0.148293,0,-0.00581357,0.732942,0.00806775,-0.0214256,0.0051604,-0.999757,0.0717737,0,0,0,DISABLED,0
17.5003,2.08465,-0.148299,0,-0.0058135,0.732942,0.00806036,-0.0214255,0.00515166,-0.999757,0.0718107,0,0,0,DISABLED,0
17.5203,2.08465,-0.148307,0,-0.00581344,0.732942,0.00805296,-0.0214254,0.00514291,-0.999757,0.0718477,0,0,0,DISABLED,0
17.5403,2.08465,-0.148313,0,-0.00581338,0.732942,0.00804556,-0.0214254,0.00513505,-0.999757,0.0718809,0,0,0,DISABLED,0
17.5603,2.08465,-0.148319,0,-0.00581332,0.732942,0.00804556,-0.0214253,0.00512543,-0.999757,0.0719215,0,0,0,DISABLED,0
17.5803,2.08465,-0.148326,0,-0.00581325,0.732942,0.00803815,-0.0214253,0.00511669,-0.999757,0.0719583,0,0,0,DISABLED,0
17.6003,2.08465,-0.148331,0,-0.00581321,0.732942,0.00803073,-0.0214252,0.0051097,-0.999757,0.0719877,0,0,0,DISABLED,0
17.6203,2.08465,-0.148339,0,-0.00581313,0.732942,0.0080233,-0.0214251,0.00509922,-0.999757,0.0720318,0,0,0,DISABLED,0
17.6403,2.08465,-0.148345,0,-0.00581308,0.732942,0.0080233,-0.0214251,0.00509048,-0.999757,0.0720684,0,0,0,DISABLED,0
17.6603,2.08465,-0.148353,0,-0.00581302,0.732942,0.00801587,-0.021425,0.00508175,-0.999758,0.072105,0,0,0,DISABLED,0
17.6803,2.08465,-0.148359,0,-0.00581297,0.732942,0.00800843,-0.021425,0.00507215,-0.999758,0.0721452,0,0,0,DISABLED,0
17.7003,2.08465,-0.148365,0,-0.00581292,0.732942,0.00800098,-0.0214249,0.0050643,-0.999758,0.072178,0,0,0,DISABLED,0
17.7203,2.08465,-0.148371,0,-0.00581287,0.732942,0.00799353,-0.0214249,0.00505559,-0.999758,0.0722144,0,0,0,DISABLED,0
17.7403,2.08465,-0.148378,0,-0.00581281,0.732942,0.00799353,-0.0214248,0.005046,-0.999758,0.0722544,0,0,0,DISABLED,0
17.7603,2.08465,-0.148384,0,-0.00581277,0.732942,0.00798607,-0.0214248,0.0050373,-0.999758,0.0722907,0,0,0,DISABLED,0
17.7803,2.08465,-0.14839,0,-0.00581273,0.732943,0.0079786,-0.0214247,0.00502947,-0.999758,0.0723233,0,0,0,DISABLED,0
17.8003,2.08465,-0.148397,0,-0.00581268,0.732943,0.00797113,-0.0214247,0.00502078,-0.999758,0.0723594,0,0,0,DISABLED,0
17.8203,2.08465,-0.148403,0,-0.00581263,0.732943,0.00797113,-0.0214246,0.00501122,-0.999758,0.0723991,0,0,0,DISABLED,0
17.8403,2.08465,-0.148409,0,-0.0058126,0.732943,0.00796365,-0.0214246,0.0050034,-0.999758,0.0724316,0,0,0,DISABLED,0
17.8603,2.08465,-0.148416,0,-0.00581256,0.732943,0.00794866,-0.0214246,0.00499472,-0.999758,0.0724676,0,0,0,DISABLED,0
17.8803,2.08465,-0.148421,0,-0.00581252,0.732943,0.00794116,-0.0214245,0.00498518,-0.999758,0.0725071,0,0,0,DISABLED,0
17.9003,2.08465,-0.148428,0,-0.00581249,0.732943,0.00794116,-0.0214245,0.00497739,-0.999758,0.0725393,0,0,0,DISABLED,0
17.9203,2.08465,-0.148435,0,-0.00581245,0.732943,0.00793365,-0.0214245,0.00496872,-0.999758,0.0725751,0,0,0,DISABLED,0
17.9403,2.08465,-0.148441,0,-0.00581242,0.732943,0.00792614,-0.0214244,0.0049592,-0.999758,0.0726145,0,0,0,DISABLED,0
17.9603,2.08465,-0.148448,0,-0.0058124,0.732943,0.00792614,-0.0214244,0.00495142,-0.999758,0.0726466,0,0,0,DISABLED,0
17.9803,2.08465,-0.148454,0,-0.00581236,0.732943,0.00791861,-0.0214244,0.00494191,-0.999758,0.0726858,0,0,0,DISABLED,0
18.0003,2.08465,-0.148459,0,-0.00581234,0.732943,0.00791108,-0.0214243,0.00493414,-0.999758,0.0727178,0,0,0,DISABLED,0
