1.879627257585525513e-02,-1.075571682304143906e-02,8.115254640579223633e-01,-4.784364718943834305e-03,6.116522848606109619e-02,8.080969452857971191e-01,5.858457684516906738e-01,1.091943681240081787e-01,2.312425523996353149e-01,6.218793988227844238e-01,1.946715116500854492e-01,5.675512924790382385e-02,-8.056467026472091675e-02,-3.403836488723754883e-02,-3.516196906566619873e-01,-7.780208587646484375e-01,7.553429156541824341e-02,-9.558705613017082214e-03,1.187863126397132874e-01,5.440836027264595032e-02,5.332212150096893311e-02,1.059970110654830933e-01,1.115807145833969116e-01,6.823258996009826660e-01,-4.872106909751892090e-01,4.971582591533660889e-01,1.617294698953628540e-01,-9.770730137825012207e-02,-1.560412943363189697e-01,-1.838327497243881226e-01,-9.816783070564270020e-01,6.915211081504821777e-01,2.945220768451690674e-01,-4.199234247207641602e-01,-1.675427705049514771e-01,2.587455213069915771e-01
2.748492546379566193e-02,5.371058359742164612e-03,8.130607604980468750e-01,-1.135554513894021511e-03,5.792114883661270142e-02,8.105937242507934570e-01,5.827363133430480957e-01,7.083708792924880981e-02,2.445205003023147583e-01,5.598466992378234863e-01,2.601762115955352783e-01,6.617666035890579224e-02,-7.283523678779602051e-02,1.301902625709772110e-02,-3.199210166931152344e-01,-8.029661774635314941e-01,4.752208665013313293e-02,-3.621254488825798035e-02,1.197582557797431946e-01,1.663750410079956055e-02,1.235397309064865112e-01,1.085208803415298462e-01,6.834404170513153076e-02,5.767557024955749512e-01,-5.502766370773315430e-01,6.594598889350891113e-01,1.559817790985107422e-01,-1.458589583635330200e-01,-1.515660285949707031e-01,-1.845787316560745239e-01,-1.054220795631408691e+00,6.993736624717712402e-01,3.561857938766479492e-01,-4.255638122558593750e-01,-2.219367772340774536e-01,2.272910177707672119e-01
3.902085125446319580e-02,1.769022643566131592e-02,8.143490552902221680e-01,5.051733460277318954e-03,5.913925170898437500e-02,7.992582321166992188e-01,5.980495810508728027e-01,5.425077304244041443e-02,2.298537939786911011e-01,5.463443994522094727e-01,2.807660698890686035e-01,5.355324968695640564e-02,-5.823734402656555176e-02,2.537682838737964630e-02,-2.974311113357543945e-01,-7.745352387428283691e-01,3.715471550822257996e-02,-6.058959290385246277e-02,1.177519410848617554e-01,1.887062750756740570e-02,1.377863138914108276e-01,1.172585189342498779e-01,8.668970316648483276e-02,5.506709218025207520e-01,-5.553200244903564453e-01,7.292891740798950195e-01,1.694028377532958984e-01,-1.458770185708999634e-01,-1.613244116306304932e-01,-1.876881569623947144e-01,-1.087422609329223633e+00,6.832127571105957031e-01,3.800102174282073975e-01,-4.229814112186431885e-01,-2.281723022460937500e-01,2.230660021305084229e-01
5.026258155703544617e-02,2.751942165195941925e-02,8.157052993774414062e-01,1.215415913611650467e-02,5.856371670961380005e-02,7.824027538299560547e-01,6.198939085006713867e-01,3.415732085704803467e-02,2.082069814205169678e-01,5.248172879219055176e-01,2.900977134704589844e-01,4.309016838669776917e-02,-4.690346494317054749e-02,3.139290958642959595e-02,-2.764628529548645020e-01,-7.300320863723754883e-01,3.283242881298065186e-02,-7.527561485767364502e-02,1.174393296241760254e-01,2.666294574737548828e-02,1.464545875787734985e-01,1.344728320837020874e-01,1.135215759277343750e-01,5.323166251182556152e-01,-5.543383359909057617e-01,7.865791916847229004e-01,1.906378269195556641e-01,-1.446575522422790527e-01,-1.719092428684234619e-01,-1.917762756347656250e-01,-1.106869935989379883e+00,6.591138839721679688e-01,4.194560348987579346e-01,-4.238953590393066406e-01,-2.213669866323471069e-01,2.091321200132369995e-01
6.311555206775665283e-02,3.700048103928565979e-02,8.168444037437438965e-01,1.988408714532852173e-02,5.702815204858779907e-02,7.628487348556518555e-01,6.437501311302185059e-01,3.981889225542545319e-03,1.807958185672760010e-01,4.907199144363403320e-01,2.862625122070312500e-01,2.936121635138988495e-02,-3.827564045786857605e-02,3.882362693548202515e-02,-2.525001764297485352e-01,-6.746701002120971680e-01,2.745342999696731567e-02,-8.681359887123107910e-02,1.180336996912956238e-01,4.606468975543975830e-02,1.537904292345046997e-01,1.526809334754943848e-01,1.412733495235443115e-01,5.132097005844116211e-01,-5.435984134674072266e-01,8.354716897010803223e-01,2.115429490804672241e-01,-1.433824896812438965e-01,-1.740115880966186523e-01,-1.966356933116912842e-01,-1.112262129783630371e+00,6.231201887130737305e-01,4.840185046195983887e-01,-4.152923226356506348e-01,-2.052255123853683472e-01,1.810564547777175903e-01
7.802867889404296875e-02,5.055239796638488770e-02,8.176292777061462402e-01,2.581974864006042480e-02,5.524588376283645630e-02,7.399613857269287109e-01,6.698793768882751465e-01,-3.224078565835952759e-02,1.534999758005142212e-01,4.456674456596374512e-01,2.705985009670257568e-01,1.835193298757076263e-02,-2.779773250222206116e-02,5.101650208234786987e-02,-2.205642312765121460e-01,-6.101869344711303711e-01,1.776998117566108704e-02,-9.738139063119888306e-02,1.133064776659011841e-01,6.744727492332458496e-02,1.621127426624298096e-01,1.693490594625473022e-01,1.667019873857498169e-01,4.909400343894958496e-01,-5.352934598922729492e-01,8.844007253646850586e-01,2.364259809255599976e-01,-1.432078033685684204e-01,-1.688206493854522705e-01,-2.025483846664428711e-01,-1.089965939521789551e+00,5.738906264305114746e-01,5.763502120971679688e-01,-3.947446346282958984e-01,-1.793661117553710938e-01,1.403095424175262451e-01
8.952045440673828125e-02,5.986562743782997131e-02,8.179367184638977051e-01,2.978611923754215240e-02,5.199263244867324829e-02,7.183085680007934570e-01,6.931394934654235840e-01,-6.829740852117538452e-02,1.329513192176818848e-01,3.981512784957885742e-01,2.482417523860931396e-01,1.144248060882091522e-02,-1.800088956952095032e-02,6.144550815224647522e-02,-1.915622204542160034e-01,-5.501247644424438477e-01,7.475391030311584473e-03,-9.925746917724609375e-02,1.055397540330886841e-01,8.900947123765945435e-02,1.683565080165863037e-01,1.857148110866546631e-01,1.809811145067214966e-01,4.694039821624755859e-01,-5.330586433410644531e-01,9.322819113731384277e-01,2.630473673343658447e-01,-1.469218879938125610e-01,-1.554619073867797852e-01,-2.110858410596847534e-01,-1.039755105972290039e+00,5.112487673759460449e-01,6.907197833061218262e-01,-3.680626451969146729e-01,-1.511417031288146973e-01,7.367579638957977295e-02
1.037558019161224365e-01,7.054351270198822021e-02,8.177182674407958984e-01,3.260742500424385071e-02,4.909496381878852844e-02,6.954086422920227051e-01,7.161936163902282715e-01,-9.869989007711410522e-02,1.157984510064125061e-01,3.592986464500427246e-01,2.239639312028884888e-01,3.527515567839145660e-03,-5.969204008579254150e-03,7.388401031494140625e-02,-1.590125858783721924e-01,-4.890271723270416260e-01,-2.666571177542209625e-03,-1.019927635788917542e-01,9.586071223020553589e-02,1.035182550549507141e-01,1.702639758586883545e-01,2.000001668930053711e-01,1.875414550304412842e-01,4.440583288669586182e-01,-5.442317128181457520e-01,9.741002917289733887e-01,2.984984815120697021e-01,-1.501404494047164917e-01,-1.347657889127731323e-01,-2.286246120929718018e-01,-9.578535556793212891e-01,4.362764656543731689e-01,8.262966871261596680e-01,-3.381338417530059814e-01,-1.152890250086784363e-01,-1.258671097457408905e-02
1.121222674846649170e-01,7.619832456111907959e-02,8.168325424194335938e-01,3.570204228162765503e-02,4.414918646216392517e-02,6.760789752006530762e-01,7.346382737159729004e-01,-1.290242820978164673e-01,1.065902411937713623e-01,3.255937397480010986e-01,2.118995636701583862e-01,6.274486891925334930e-03,-4.861675668507814407e-03,8.750516921281814575e-02,-1.352705210447311401e-01,-4.340686500072479248e-01,-1.219857390969991684e-02,-1.055655255913734436e-01,8.757854253053665161e-02,1.257275789976119995e-01,1.645210087299346924e-01,2.167202830314636230e-01,1.806731671094894409e-01,4.311911761760711670e-01,-5.510872006416320801e-01,1.003173708915710449e+00,3.070475161075592041e-01,-1.521803289651870728e-01,-1.203715950250625610e-01,-2.433592826128005981e-01,-8.973852396011352539e-01,3.980257511138916016e-01,9.092107415199279785e-01,-3.088150322437286377e-01,-1.045809015631675720e-01,-6.932096928358078003e-02
1.216887161135673523e-01,8.582160621881484985e-02,8.152376413345336914e-01,3.563134372234344482e-02,3.799379244446754456e-02,6.526910066604614258e-01,7.558315396308898926e-01,-1.596511453390121460e-01,9.830393642187118530e-02,2.921746075153350830e-01,1.857604086399078369e-01,1.293418183922767639e-02,-3.652267856523394585e-03,1.019445881247520447e-01,-1.045003235340118408e-01,-3.725818395614624023e-01,-1.568142138421535492e-02,-1.129073649644851685e-01,7.650868594646453857e-02,1.312609910964965820e-01,1.638550311326980591e-01,2.329869419336318970e-01,1.695499718189239502e-01,4.037677943706512451e-01,-5.472925305366516113e-01,1.028212666511535645e+00,2.976708114147186279e-01,-1.528074294328689575e-01,-1.070824563503265381e-01,-2.583347856998443604e-01,-8.168196082115173340e-01,3.390504717826843262e-01,9.869163036346435547e-01,-2.570898830890655518e-01,-8.991041779518127441e-02,-1.321181058883666992e-01
1.285965740680694580e-01,9.222042560577392578e-02,8.132044672966003418e-01,3.815272822976112366e-02,3.249111399054527283e-02,6.350535154342651367e-01,7.708408832550048828e-01,-1.792501509189605713e-01,8.709660917520523071e-02,2.706399261951446533e-01,1.700128763914108276e-01,1.682917401194572449e-02,-3.927927464246749878e-03,1.180358231067657471e-01,-8.581348508596420288e-02,-3.237172365188598633e-01,-1.563958823680877686e-02,-1.280925869941711426e-01,7.045266032218933105e-02,1.347589194774627686e-01,1.560480594635009766e-01,2.424319982528686523e-01,1.553301811218261719e-01,3.915586471557617188e-01,-5.515419244766235352e-01,1.038405060768127441e+00,2.914664447307586670e-01,-1.515895128250122070e-01,-9.664776921272277832e-02,-2.573738396167755127e-01,-7.661560773849487305e-01,3.266775012016296387e-01,1.020806074142456055e+00,-2.348408401012420654e-01,-8.542577922344207764e-02,-1.563186049461364746e-01
1.363538801670074463e-01,1.010876819491386414e-01,8.109532594680786133e-01,3.690890222787857056e-02,2.545431815087795258e-02,6.156390309333801270e-01,7.867518067359924316e-01,-1.994184702634811401e-01,7.323931157588958740e-02,2.532201111316680908e-01,1.467736959457397461e-01,1.600232534110546112e-02,-2.836496336385607719e-03,1.345704346895217896e-01,-5.905377492308616638e-02,-2.642581164836883545e-01,-1.550933532416820526e-02,-1.365453451871871948e-01,6.569897383451461792e-02,1.303754001855850220e-01,1.497953534126281738e-01,2.508392035961151123e-01,1.249130368232727051e-01,3.764544725418090820e-01,-5.597223043441772461e-01,1.042382240295410156e+00,2.861212790012359619e-01,-1.507638245820999146e-01,-8.543746918439865112e-02,-2.551265060901641846e-01,-6.973273754119873047e-01,3.257798850536346436e-01,1.051085710525512695e+00,-2.173568010330200195e-01,-8.096784353256225586e-02,-1.742309629917144775e-01
1.480287164449691772e-01,1.171570867300033569e-01,8.075179457664489746e-01,4.466734081506729126e-02,1.946601457893848419e-02,5.837219953536987305e-01,8.104903101921081543e-01,-1.802172362804412842e-01,4.421745613217353821e-02,2.710617780685424805e-01,1.077063903212547302e-01,-2.461960073560476303e-03,-5.167095921933650970e-03,1.675917357206344604e-01,-4.570462554693222046e-02,-1.806509941816329956e-01,-2.415026072412729263e-03,-1.767935305833816528e-01,6.808446347713470459e-02,1.514402180910110474e-01,1.201545447111129761e-01,2.385786771774291992e-01,1.296893805265426636e-01,3.713750541210174561e-01,-5.692306756973266602e-01,1.040237069129943848e+00,2.831203937530517578e-01,-1.533183604478836060e-01,-6.343480944633483887e-02,-2.140004932880401611e-01,-6.057144999504089355e-01,3.487000167369842529e-01,1.075169563293457031e+00,-2.097431421279907227e-01,-8.165244758129119873e-02,-1.835400760173797607e-01
1.555671244859695435e-01,1.243311390280723572e-01,8.046845793724060059e-01,4.414898157119750977e-02,1.047673821449279785e-02,5.595296621322631836e-01,8.275672793388366699e-01,-1.985327452421188354e-01,3.825806453824043274e-02,2.633023858070373535e-01,8.378576487302780151e-02,-4.613124183379113674e-04,-1.587347686290740967e-02,1.864114701747894287e-01,-2.129045128822326660e-02,-1.037959828972816467e-01,8.515522931702435017e-04,-1.884699016809463501e-01,6.085746735334396362e-02,1.555274575948715210e-01,1.073524057865142822e-01,2.453210651874542236e-01,8.998556435108184814e-02,3.777378797531127930e-01,-5.812808871269226074e-01,1.019512176513671875e+00,2.804907858371734619e-01,-1.624626517295837402e-01,-5.195885896682739258e-02,-1.901012063026428223e-01,-5.400150418281555176e-01,3.767997622489929199e-01,1.081468224525451660e+00,-2.174678742885589600e-01,-8.675365895032882690e-02,-1.854329407215118408e-01
1.661916226148605347e-01,1.353102624416351318e-01,8.020493984222412109e-01,4.161582142114639282e-02,4.702840000391006470e-03,5.348653197288513184e-01,8.438987731933593750e-01,-2.171594798564910889e-01,2.850481867790222168e-02,2.598129212856292725e-01,6.927388161420822144e-02,-4.854475613683462143e-03,-1.678447052836418152e-02,2.071214467287063599e-01,2.624022541567683220e-03,-3.236522898077964783e-02,1.201056293211877346e-03,-1.999628841876983643e-01,5.777106434106826782e-02,1.579315662384033203e-01,9.302230179309844971e-02,2.497822344303131104e-01,2.967062406241893768e-02,3.931977748870849609e-01,-5.948719382286071777e-01,9.782528877258300781e-01,2.745343744754791260e-01,-1.750341802835464478e-01,-3.038121759891510010e-02,-1.646967530250549316e-01,-4.919381141662597656e-01,4.167477190494537354e-01,1.086338639259338379e+00,-2.412179410457611084e-01,-8.807995170354843140e-02,-1.803825944662094116e-01
1.735766530036926270e-01,1.449852436780929565e-01,7.996163964271545410e-01,3.857687860727310181e-02,7.477779290638864040e-04,5.171751976013183594e-01,8.550093770027160645e-01,-2.295366674661636353e-01,3.090666048228740692e-02,2.535969614982604980e-01,5.552415922284126282e-02,-2.535433042794466019e-03,-2.154111117124557495e-02,2.233150303363800049e-01,1.925599947571754456e-02,2.294378727674484253e-02,1.387587399221956730e-03,-2.087927460670471191e-01,5.256578326225280762e-02,1.603837013244628906e-01,7.995151728391647339e-02,2.510205805301666260e-01,-3.168807923793792725e-02,4.171530306339263916e-01,-6.000536680221557617e-01,9.405607581138610840e-01,2.603317201137542725e-01,-1.824284493923187256e-01,-1.198423840105533600e-02,-1.426034867763519287e-01,-4.642790853977203369e-01,4.520958065986633301e-01,1.087969064712524414e+00,-2.611743211746215820e-01,-9.156216681003570557e-02,-1.644096821546554565e-01
1.821947097778320312e-01,1.564862281084060669e-01,7.972056269645690918e-01,3.417856991291046143e-02,-4.060555715113878250e-03,4.983756840229034424e-01,8.662776947021484375e-01,-2.405719608068466187e-01,3.493772447109222412e-02,2.512908577919006348e-01,3.443080186843872070e-02,-7.581097073853015900e-03,-2.877701073884963989e-02,2.421646714210510254e-01,3.891539201140403748e-02,8.543059974908828735e-02,4.249539691954851151e-03,-2.151585370302200317e-01,4.663104563951492310e-02,1.524035036563873291e-01,6.476644426584243774e-02,2.460942864418029785e-01,-1.036611050367355347e-01,4.493799805641174316e-01,-6.051763892173767090e-01,8.890476822853088379e-01,2.534452378749847412e-01,-1.963719129562377930e-01,6.089193746447563171e-03,-1.145449504256248474e-01,-4.402727782726287842e-01,4.891923367977142334e-01,1.083749532699584961e+00,-2.855486571788787842e-01,-9.881815314292907715e-02,-1.403513997793197632e-01
1.910147070884704590e-01,1.683981716632843018e-01,7.954858541488647461e-01,2.945673838257789612e-02,-5.671057850122451782e-03,4.787832498550415039e-01,8.774204850196838379e-01,-2.425234764814376831e-01,4.650660604238510132e-02,2.662779986858367920e-01,1.927160844206809998e-02,-5.068920552730560303e-03,-3.514048084616661072e-02,2.549474537372589111e-01,5.287531390786170959e-02,1.420568674802780151e-01,8.987848646938800812e-03,-2.166904658079147339e-01,4.701960086822509766e-02,1.409657746553421021e-01,4.745009168982505798e-02,2.350055724382400513e-01,-1.762351989746093750e-01,4.946826100349426270e-01,-6.089099049568176270e-01,8.279390931129455566e-01,2.447083592414855957e-01,-2.143837958574295044e-01,2.134754694998264313e-02,-9.379146248102188110e-02,-4.299461245536804199e-01,5.247572064399719238e-01,1.077632784843444824e+00,-3.147455453872680664e-01,-1.062896773219108582e-01,-1.111942529678344727e-01
1.974252909421920776e-01,1.816661655902862549e-01,7.942932248115539551e-01,2.441168949007987976e-02,-6.083006039261817932e-03,4.634670913219451904e-01,8.857569098472595215e-01,-2.391717880964279175e-01,5.927618965506553650e-02,2.799767553806304932e-01,1.024186052381992340e-02,2.950199646875262260e-03,-4.522100836038589478e-02,2.631579041481018066e-01,6.185764074325561523e-02,1.980361044406890869e-01,1.928403601050376892e-02,-2.165892869234085083e-01,4.877227172255516052e-02,1.267034262418746948e-01,2.773185446858406067e-02,2.174927443265914917e-01,-2.556130290031433105e-01,5.521709918975830078e-01,-5.987195968627929688e-01,7.688772082328796387e-01,2.292650192975997925e-01,-2.280892580747604370e-01,4.426078125834465027e-02,-7.000280916690826416e-02,-4.270989298820495605e-01,5.483115315437316895e-01,1.078061461448669434e+00,-3.319283425807952881e-01,-1.098889261484146118e-01,-8.313646912574768066e-02
2.057819962501525879e-01,1.907941251993179321e-01,7.941340804100036621e-01,2.125998213887214661e-02,-5.084980279207229614e-03,4.506750702857971191e-01,8.924204111099243164e-01,-2.314175963401794434e-01,7.324845343828201294e-02,2.920965850353240967e-01,1.049405708909034729e-02,2.214071713387966156e-02,-5.343013629317283630e-02,2.643285393714904785e-01,7.223628461360931396e-02,2.655631005764007568e-01,3.477602824568748474e-02,-2.057329863309860229e-01,6.064092740416526794e-02,1.074088364839553833e-01,6.326647475361824036e-03,1.932817846536636353e-01,-3.294745981693267822e-01,6.133850812911987305e-01,-5.878955125808715820e-01,7.257822751998901367e-01,2.206878066062927246e-01,-2.317587584257125854e-01,6.551486998796463013e-02,-4.826060682535171509e-02,-4.263002574443817139e-01,5.573011636734008789e-01,1.083274364471435547e+00,-3.320978581905364990e-01,-1.077809855341911316e-01,-5.865714699029922485e-02
2.103719413280487061e-01,2.048514634370803833e-01,7.952352166175842285e-01,1.581799611449241638e-02,-2.528222277760505676e-03,4.396081268787384033e-01,8.980467915534973145e-01,-2.197955101728439331e-01,8.836169540882110596e-02,3.119228780269622803e-01,7.775562349706888199e-03,3.039574995636940002e-02,-5.934237316250801086e-02,2.602497339248657227e-01,7.643415778875350952e-02,3.139475286006927490e-01,5.410675704479217529e-02,-1.801241785287857056e-01,8.408799022436141968e-02,8.236998319625854492e-02,-1.637037470936775208e-02,1.678198426961898804e-01,-4.056181907653808594e-01,6.763707995414733887e-01,-5.751779675483703613e-01,7.020312547683715820e-01,2.171739041805267334e-01,-2.315735667943954468e-01,9.703419357538223267e-02,-2.710866928100585938e-02,-4.357589185237884521e-01,5.551223158836364746e-01,1.096664667129516602e+00,-3.263906240463256836e-01,-1.040414944291114807e-01,-4.942450672388076782e-02
2.177359014749526978e-01,2.223846167325973511e-01,7.976374626159667969e-01,1.041267905384302139e-02,3.345495788380503654e-03,4.275718033313751221e-01,9.039152264595031738e-01,-2.042554169893264771e-01,9.982166439294815063e-02,3.314535617828369141e-01,8.184692822396755219e-03,1.705533266067504883e-02,-5.585825815796852112e-02,2.519034743309020996e-01,7.447148114442825317e-02,3.197944760322570801e-01,7.774285227060317993e-02,-1.342674493789672852e-01,1.157540604472160339e-01,5.940703675150871277e-02,-3.790133818984031677e-02,1.454592794179916382e-01,-4.820425212383270264e-01,7.313433885574340820e-01,-5.715345144271850586e-01,6.957705616950988770e-01,2.203225344419479370e-01,-2.241662144660949707e-01,1.208099871873855591e-01,-9.146159514784812927e-03,-4.436275660991668701e-01,5.514436364173889160e-01,1.106513977050781250e+00,-3.133309185504913330e-01,-1.005746722221374512e-01,-3.048064000904560089e-02
2.267777621746063232e-01,2.421813905239105225e-01,8.006539344787597656e-01,3.583172336220741272e-03,9.651898406445980072e-03,4.226309359073638916e-01,9.062433838844299316e-01,-1.901537179946899414e-01,1.057035550475120544e-01,3.544780015945434570e-01,1.055244170129299164e-02,-2.145673520863056183e-02,-4.752651229500770569e-02,2.397886365652084351e-01,8.031250536441802979e-02,3.351083695888519287e-01,1.128724217414855957e-01,-6.314539164304733276e-02,1.692601442337036133e-01,2.889335900545120239e-02,-5.992731824517250061e-02,1.262533813714981079e-01,-5.379625558853149414e-01,7.804640531539916992e-01,-5.884845256805419922e-01,6.961976289749145508e-01,2.305988818407058716e-01,-2.199506610631942749e-01,1.161179468035697937e-01,7.539526093751192093e-03,-4.473897218704223633e-01,5.359599590301513672e-01,1.109762668609619141e+00,-2.944361567497253418e-01,-1.012941002845764160e-01,-1.017547585070133209e-02
2.393919676542282104e-01,2.570795416831970215e-01,8.051860332489013672e-01,-5.016461946070194244e-03,1.484664063900709152e-02,4.326148927211761475e-01,9.014425873756408691e-01,-1.831084936857223511e-01,1.125888153910636902e-01,3.348670899868011475e-01,1.300009083934128284e-03,-3.539690747857093811e-02,-3.216925635933876038e-02,1.982141882181167603e-01,1.061571985483169556e-01,2.718976140022277832e-01,1.969304233789443970e-01,4.364634677767753601e-02,2.374198734760284424e-01,-1.984912529587745667e-02,-7.021445035934448242e-02,1.380522400140762329e-01,-6.127079129219055176e-01,8.143084645271301270e-01,-5.860942602157592773e-01,7.068642973899841309e-01,2.332356423139572144e-01,-2.122191041707992554e-01,1.262629926204681396e-01,-1.132661104202270508e-02,-4.563402533531188965e-01,5.187600255012512207e-01,1.119558691978454590e+00,-2.847670614719390869e-01,-9.608685970306396484e-02,1.033000461757183075e-02
2.518241107463836670e-01,2.706037461757659912e-01,8.080070614814758301e-01,-1.079389639198780060e-02,1.846394501626491547e-02,4.348005950450897217e-01,9.002727270126342773e-01,-1.700382083654403687e-01,1.209741756319999695e-01,3.399242758750915527e-01,1.938235131092369556e-03,-5.867732688784599304e-02,-3.030876442790031433e-02,1.795987039804458618e-01,1.313412487506866455e-01,2.256494611501693726e-01,2.455617785453796387e-01,1.342393159866333008e-01,2.617969512939453125e-01,-4.573428258299827576e-02,-7.830131798982620239e-02,1.341545581817626953e-01,-6.630990505218505859e-01,8.419957756996154785e-01,-5.961282849311828613e-01,7.253027558326721191e-01,2.433280199766159058e-01,-2.065254896879196167e-01,1.317100375890731812e-01,-1.421022415161132812e-02,-4.569807648658752441e-01,5.062993764877319336e-01,1.129562139511108398e+00,-2.773125171661376953e-01,-9.354875236749649048e-02,1.790205202996730804e-02
2.661923170089721680e-01,2.827394306659698486e-01,8.111839294433593750e-01,-1.879776455461978912e-02,1.844271458685398102e-02,4.349170327186584473e-01,9.000853896141052246e-01,-1.508974432945251465e-01,1.426463127136230469e-01,3.460937738418579102e-01,3.100726287811994553e-03,-8.079010248184204102e-02,-3.191663324832916260e-02,1.577992439270019531e-01,1.587613672018051147e-01,1.606422066688537598e-01,3.023155629634857178e-01,2.168189287185668945e-01,2.617999911308288574e-01,-5.944335833191871643e-02,-7.901538908481597900e-02,1.313762962818145752e-01,-6.981279850006103516e-01,8.606893420219421387e-01,-6.070837974548339844e-01,7.487107515335083008e-01,2.561149299144744873e-01,-2.008467316627502441e-01,1.378458291292190552e-01,-8.678671903908252716e-03,-4.506323337554931641e-01,4.955632686614990234e-01,1.139237761497497559e+00,-2.697773277759552002e-01,-9.298764169216156006e-02,1.912055723369121552e-02
2.843742072582244873e-01,2.987051606178283691e-01,8.156952857971191406e-01,-3.020952828228473663e-02,1.978543214499950409e-02,4.388490021228790283e-01,8.978348970413208008e-01,-1.304251700639724731e-01,1.679690629243850708e-01,3.430342674255371094e-01,-2.069686772301793098e-03,-1.035552546381950378e-01,-3.007787838578224182e-02,1.102141812443733215e-01,1.778255552053451538e-01,7.460185140371322632e-02,3.994922339916229248e-01,2.932683825492858887e-01,2.617999911308288574e-01,-8.455514907836914062e-02,-7.129126042127609253e-02,1.288089156150817871e-01,-7.471628189086914062e-01,8.680219054222106934e-01,-6.212819218635559082e-01,7.826343774795532227e-01,2.660167217254638672e-01,-1.954391449689865112e-01,1.355539709329605103e-01,-4.009048454463481903e-03,-4.413616955280303955e-01,4.875634908676147461e-01,1.155038237571716309e+00,-2.630798220634460449e-01,-9.447339177131652832e-02,3.647094964981079102e-02
2.920445501804351807e-01,3.149241507053375244e-01,8.197157979011535645e-01,-4.128454625606536865e-02,1.524925604462623596e-02,4.445002973079681396e-01,8.946968913078308105e-01,-1.070467531681060791e-01,1.854777485132217407e-01,3.347889482975006104e-01,-9.235591627657413483e-03,-1.227336749434471130e-01,-2.196459472179412842e-02,6.511918455362319946e-02,1.658669710159301758e-01,-1.039461605250835419e-02,4.950699508190155029e-01,3.439926505088806152e-01,2.617999911308288574e-01,-9.086521714925765991e-02,-5.485019832849502563e-02,1.281596869230270386e-01,-7.817713618278503418e-01,8.627812862396240234e-01,-6.133491992950439453e-01,8.191155791282653809e-01,2.752103209495544434e-01,-1.864155679941177368e-01,1.529254466295242310e-01,7.521795108914375305e-03,-4.297922253608703613e-01,4.790963530540466309e-01,1.174565553665161133e+00,-2.696509659290313721e-01,-9.049610048532485962e-02,3.652766346931457520e-02
2.936575710773468018e-01,3.328687846660614014e-01,8.231328725814819336e-01,-5.141238495707511902e-02,9.174259379506111145e-03,4.511151015758514404e-01,8.909364342689514160e-01,-8.341282606124877930e-02,1.939897835254669189e-01,3.191775679588317871e-01,-1.669902354478836060e-02,-1.441337466239929199e-01,-1.033955439925193787e-02,2.118573524057865143e-02,1.430674195289611816e-01,-7.535935193300247192e-02,5.809912085533142090e-01,3.615974783897399902e-01,2.617999911308288574e-01,-1.019419878721237183e-01,-3.552096709609031677e-02,1.324792951345443726e-01,-8.064259886741638184e-01,8.474141955375671387e-01,-6.192795038223266602e-01,8.390154838562011719e-01,2.857906520366668701e-01,-1.828873157501220703e-01,1.483407914638519287e-01,2.509336732327938080e-02,-4.209356904029846191e-01,4.679422974586486816e-01,1.189660906791687012e+00,-2.713357508182525635e-01,-9.106764197349548340e-02,3.557192534208297729e-02
2.919362187385559082e-01,3.476990163326263428e-01,8.256908059120178223e-01,-5.607631802558898926e-02,1.749002025462687016e-03,4.648957848548889160e-01,8.835860490798950195e-01,-6.325793266296386719e-02,1.889517605304718018e-01,2.907716631889343262e-01,-2.147080376744270325e-02,-1.564125865697860718e-01,-6.899018626427277923e-05,-1.716496981680393219e-02,1.085182204842567444e-01,-1.019992530345916748e-01,6.460126638412475586e-01,3.275702893733978271e-01,2.617999911308288574e-01,-1.189339384436607361e-01,-1.814226247370243073e-02,1.386045813560485840e-01,-8.152105808258056641e-01,8.247578144073486328e-01,-6.319897174835205078e-01,8.479833602905273438e-01,2.841664254665374756e-01,-1.874060034751892090e-01,1.297892034053802490e-01,4.527892544865608215e-02,-4.135456681251525879e-01,4.700217843055725098e-01,1.196039438247680664e+00,-2.815716266632080078e-01,-9.484285861253738403e-02,3.914709016680717468e-02
2.867171168327331543e-01,3.621627092361450195e-01,8.275525569915771484e-01,-5.578615516424179077e-02,-4.590817261487245560e-03,4.782519340515136719e-01,8.764370679855346680e-01,-4.239405691623687744e-02,1.698119640350341797e-01,2.647787928581237793e-01,-2.509205974638462067e-02,-1.662597358226776123e-01,1.086032111197710037e-02,-4.728999361395835876e-02,6.452769041061401367e-02,-1.190975308418273926e-01,6.827206611633300781e-01,2.740615010261535645e-01,2.614657580852508545e-01,-1.322528868913650513e-01,-1.010513585060834885e-02,1.473579108715057373e-01,-8.086139559745788574e-01,8.017550706863403320e-01,-6.374614834785461426e-01,8.524240255355834961e-01,2.799224257469177246e-01,-1.894305199384689331e-01,1.175520867109298706e-01,6.118042021989822388e-02,-4.037842452526092529e-01,4.714136123657226562e-01,1.195743083953857422e+00,-2.875126302242279053e-01,-9.561084210872650146e-02,4.025722667574882507e-02
2.891857624053955078e-01,3.721711337566375732e-01,8.287848830223083496e-01,-5.354514345526695251e-02,-9.859076701104640961e-03,4.938874244689941406e-01,8.678196668624877930e-01,-2.524563297629356384e-02,1.592082679271697998e-01,2.289812415838241577e-01,-2.253851667046546936e-02,-1.706421673297882080e-01,1.296434272080659866e-02,-7.687187194824218750e-02,2.643255330622196198e-02,-1.366445869207382202e-01,6.666178107261657715e-01,2.298902124166488647e-01,2.304195910692214966e-01,-1.450567245483398438e-01,-6.872336845844984055e-03,1.521539092063903809e-01,-7.882032394409179688e-01,7.747191190719604492e-01,-6.551640629768371582e-01,8.543239235877990723e-01,2.902593016624450684e-01,-1.942996382713317871e-01,9.845079481601715088e-02,8.267673105001449585e-02,-3.963972032070159912e-01,4.772776365280151367e-01,1.182771325111389160e+00,-2.993885874748229980e-01,-9.855179488658905029e-02,4.575675353407859802e-02
2.911055684089660645e-01,3.823406100273132324e-01,8.293265104293823242e-01,-5.109142884612083435e-02,-1.443150267004966736e-02,5.092911124229431152e-01,8.589551448822021484e-01,-9.686115197837352753e-03,1.480661928653717041e-01,1.998761445283889771e-01,-1.732522994279861450e-02,-1.769754439592361450e-01,6.010143086314201355e-03,-9.392304718494415283e-02,-1.684488845057785511e-03,-1.503947973251342773e-01,6.065765023231506348e-01,1.892336010932922363e-01,1.976020783185958862e-01,-1.420885324478149414e-01,-4.269890952855348587e-03,1.573281735181808472e-01,-7.500072717666625977e-01,7.512956261634826660e-01,-6.654503345489501953e-01,8.502423167228698730e-01,3.058201372623443604e-01,-1.997764557600021362e-01,8.533196151256561279e-02,1.028104498982429504e-01,-3.840940296649932861e-01,4.850922822952270508e-01,1.166387796401977539e+00,-3.092065453529357910e-01,-9.980121999979019165e-02,4.942924156785011292e-02
2.950377464294433594e-01,3.912075757980346680e-01,8.290399909019470215e-01,-4.585742577910423279e-02,-1.666586846113204956e-02,5.336481332778930664e-01,8.442979454994201660e-01,5.430026212707161903e-04,1.286233216524124146e-01,1.516415476799011230e-01,-1.406265236437320709e-02,-1.789554804563522339e-01,3.285468323156237602e-03,-1.118698045611381531e-01,-2.445645816624164581e-02,-1.368277221918106079e-01,5.270684957504272461e-01,1.554131209850311279e-01,1.839112639427185059e-01,-1.465592980384826660e-01,-6.036770064383745193e-03,1.654705256223678589e-01,-6.960953474044799805e-01,7.272207140922546387e-01,-6.846573948860168457e-01,8.359398245811462402e-01,3.143523335456848145e-01,-2.123106420040130615e-01,6.641931831836700439e-02,1.131845265626907349e-01,-3.791350722312927246e-01,4.890305101871490479e-01,1.145421624183654785e+00,-3.100881576538085938e-01,-1.037521287798881531e-01,4.402511194348335266e-02
2.999018430709838867e-01,3.974603414535522461e-01,8.277093768119812012e-01,-3.688281401991844177e-02,-1.703504659235477448e-02,5.619828701019287109e-01,8.261505365371704102e-01,7.610289845615625381e-03,1.017087846994400024e-01,9.630337357521057129e-02,-1.105089392513036728e-02,-1.752820760011672974e-01,-3.294887952506542206e-03,-1.232597902417182922e-01,-4.448486119508743286e-02,-1.034674048423767090e-01,4.326959252357482910e-01,1.343818902969360352e-01,1.845661550760269165e-01,-1.505645364522933960e-01,-1.660518720746040344e-02,1.773605048656463623e-01,-6.269819736480712891e-01,7.003650665283203125e-01,-6.939588785171508789e-01,8.216611146926879883e-01,3.228707015514373779e-01,-2.234132885932922363e-01,5.014387145638465881e-02,1.213703379034996033e-01,-3.688327968120574951e-01,4.895256459712982178e-01,1.127596020698547363e+00,-3.024296462535858154e-01,-1.094589158892631531e-01,4.326452314853668213e-02
3.072344064712524414e-01,4.057400524616241455e-01,8.264436125755310059e-01,-3.277826681733131409e-02,-2.499966882169246674e-02,5.847721099853515625e-01,8.101494908332824707e-01,2.614456973969936371e-02,1.010791212320327759e-01,5.300279706716537476e-02,2.780417911708354950e-03,-1.940082311630249023e-01,-1.734744571149349213e-02,-7.501541823148727417e-02,-3.569354861974716187e-02,-9.224581718444824219e-02,3.027845025062561035e-01,1.323615908622741699e-01,1.873504966497421265e-01,-1.526439636945724487e-01,-7.954237982630729675e-03,1.573061197996139526e-01,-5.152821540832519531e-01,6.774275302886962891e-01,-7.044880986213684082e-01,8.078519105911254883e-01,3.324237465858459473e-01,-2.339551746845245361e-01,3.213566169142723083e-02,1.813751608133316040e-01,-3.629429340362548828e-01,5.118368864059448242e-01,1.103656649589538574e+00,-3.137246072292327881e-01,-1.180032268166542053e-01,4.211463779211044312e-02
3.116180598735809326e-01,4.100265800952911377e-01,8.244085311889648438e-01,-2.058090269565582275e-02,-2.418614178895950317e-02,6.156857013702392578e-01,7.873516082763671875e-01,3.203865885734558105e-02,6.753095984458923340e-02,-1.465391553938388824e-02,6.049469579011201859e-03,-1.872969418764114380e-01,-1.842155680060386658e-02,-7.689595222473144531e-02,-6.012943014502525330e-02,-3.718966618180274963e-02,2.208601981401443481e-01,1.269276142120361328e-01,2.061467170715332031e-01,-1.511881798505783081e-01,-1.842409744858741760e-02,1.673538386821746826e-01,-4.121846258640289307e-01,6.506365537643432617e-01,-7.278385162353515625e-01,8.049172163009643555e-01,3.595604300498962402e-01,-2.428772449493408203e-01,1.702077221125364304e-03,1.961752772331237793e-01,-3.720980584621429443e-01,5.260723233222961426e-01,1.077522754669189453e+00,-3.144327700138092041e-01,-1.257963329553604126e-01,4.605055600404739380e-02
3.142120838165283203e-01,4.139823317527770996e-01,8.222271800041198730e-01,-7.294582203030586243e-03,-2.516098134219646454e-02,6.534867882728576660e-01,7.564844489097595215e-01,4.198029264807701111e-02,2.972718328237533569e-02,-1.022692620754241943e-01,5.264120642095804214e-03,-1.786610335111618042e-01,-2.145964466035366058e-02,-8.599308878183364868e-02,-8.379232138395309448e-02,4.446351528167724609e-02,1.557665914297103882e-01,1.108955740928649902e-01,2.287546396255493164e-01,-1.434124559164047241e-01,-3.071215935051441193e-02,1.841238737106323242e-01,-3.066058456897735596e-01,6.253721117973327637e-01,-7.556148767471313477e-01,8.255642652511596680e-01,3.768670260906219482e-01,-2.515634596347808838e-01,-3.424693271517753601e-02,1.978328675031661987e-01,-3.848517239093780518e-01,5.389449000358581543e-01,1.050991535186767578e+00,-2.983492910861968994e-01,-1.354727447032928467e-01,4.268158599734306335e-02
3.227565586566925049e-01,4.189980924129486084e-01,8.208302855491638184e-01,2.006991300731897354e-03,-2.330582961440086365e-02,6.836491227149963379e-01,7.294358611106872559e-01,4.878065735101699829e-02,8.578212931752204895e-03,-1.722354292869567871e-01,4.266945179551839828e-03,-1.739570051431655884e-01,-3.271498158574104309e-02,-8.186281472444534302e-02,-9.611648321151733398e-02,9.950024634599685669e-02,1.184505522251129150e-01,8.214406669139862061e-02,2.417815774679183960e-01,-1.308758258819580078e-01,-3.202921152114868164e-02,1.988346874713897705e-01,-2.192955017089843750e-01,6.158968806266784668e-01,-7.755964994430541992e-01,8.519080281257629395e-01,3.938562870025634766e-01,-2.613838911056518555e-01,-7.107920944690704346e-02,1.926889270544052124e-01,-4.108439087867736816e-01,5.601983666419982910e-01,1.022598743438720703e+00,-2.901578545570373535e-01,-1.427772492170333862e-01,5.383823812007904053e-02
3.285521268844604492e-01,4.237006902694702148e-01,8.200911283493041992e-01,5.543109495192766190e-03,-2.212956920266151428e-02,7.010428905487060547e-01,7.127541303634643555e-01,5.340213328599929810e-02,1.822752179577946663e-03,-2.098459899425506592e-01,1.539249904453754425e-03,-1.745095849037170410e-01,-4.787866398692131042e-02,-7.380498200654983521e-02,-1.074137166142463684e-01,1.130142062902450562e-01,1.007931455969810486e-01,5.807758122682571411e-02,2.454187721014022827e-01,-1.185966804623603821e-01,-2.975594624876976013e-02,2.072922140359878540e-01,-1.400104463100433350e-01,6.114941835403442383e-01,-7.718172073364257812e-01,8.684386014938354492e-01,4.107545912265777588e-01,-2.711639702320098877e-01,-1.068635955452919006e-01,1.918375790119171143e-01,-4.339362084865570068e-01,5.669760704040527344e-01,9.908486604690551758e-01,-2.850401699542999268e-01,-1.480614244937896729e-01,7.037504017353057861e-02
3.346382677555084229e-01,4.297572076320648193e-01,8.196550011634826660e-01,7.491159252822399139e-03,-1.911040022969245911e-02,7.174131274223327637e-01,6.963455080986022949e-01,5.351286381483078003e-02,-3.702203975990414619e-03,-2.397990524768829346e-01,7.914114976301789284e-04,-1.723527014255523682e-01,-6.249612942337989807e-02,-6.121446192264556885e-02,-1.221903190016746521e-01,8.633774518966674805e-02,8.467763662338256836e-02,3.977902606129646301e-02,2.436633408069610596e-01,-8.378583937883377075e-02,-2.409488335251808167e-02,2.072662264108657837e-01,-6.348655372858047485e-02,6.179351806640625000e-01,-7.593817710876464844e-01,8.849003314971923828e-01,4.323013424873352051e-01,-2.776881158351898193e-01,-1.420657634735107422e-01,1.894283890724182129e-01,-4.681262075901031494e-01,5.679706335067749023e-01,9.544534683227539062e-01,-2.834091782569885254e-01,-1.529978662729263306e-01,8.992430567741394043e-02
3.391824662685394287e-01,4.351016283035278320e-01,8.196160793304443359e-01,6.714292801916599274e-03,-1.632116548717021942e-02,7.303897142410278320e-01,6.828026175498962402e-01,5.011330544948577881e-02,-4.646476358175277710e-03,-2.607606053352355957e-01,-7.904138765297830105e-04,-1.704611331224441528e-01,-7.775666564702987671e-02,-4.938748106360435486e-02,-1.305334717035293579e-01,6.356881558895111084e-02,7.688026130199432373e-02,2.570986934006214142e-02,2.392037063837051392e-01,-6.098044663667678833e-02,-1.625469140708446503e-02,2.047678381204605103e-01,4.811304388567805290e-04,6.192777752876281738e-01,-7.418400645256042480e-01,8.911851048469543457e-01,4.386654794216156006e-01,-2.849926948547363281e-01,-1.705852746963500977e-01,1.842388957738876343e-01,-4.999493956565856934e-01,5.647173523902893066e-01,9.175124168395996094e-01,-2.737638652324676514e-01,-1.581889539957046509e-01,1.104166209697723389e-01
3.451221883296966553e-01,4.414377212524414062e-01,8.197238445281982422e-01,5.504705011844635010e-03,-1.103242300450801849e-02,7.429483532905578613e-01,6.692352294921875000e-01,4.204481467604637146e-02,-7.397716864943504333e-03,-2.835196554660797119e-01,-2.275588631164282560e-04,-1.650073826313018799e-01,-8.972605317831039429e-02,-3.376532346010208130e-02,-1.402845978736877441e-01,2.203109674155712128e-02,6.419277191162109375e-02,3.565965685993432999e-03,2.309518456459045410e-01,-2.004728838801383972e-02,-4.715412855148315430e-03,2.004085779190063477e-01,6.200533732771873474e-02,6.305956840515136719e-01,-7.140961885452270508e-01,8.910886645317077637e-01,4.331384897232055664e-01,-2.889137268066406250e-01,-1.980989277362823486e-01,1.763413697481155396e-01,-5.458047986030578613e-01,5.594694614410400391e-01,8.788132071495056152e-01,-2.656383514404296875e-01,-1.622648239135742188e-01,1.350265294313430786e-01
3.531962633132934570e-01,4.487753808498382568e-01,8.197704553604125977e-01,4.080452956259250641e-03,-5.439715925604104996e-03,7.561692595481872559e-01,6.543407440185546875e-01,3.359745070338249207e-02,-6.691945716738700867e-03,-3.026632964611053467e-01,-3.598616749513894320e-04,-1.594579517841339111e-01,-1.068958565592765808e-01,-1.772313378751277924e-02,-1.459917724132537842e-01,-2.501719258725643158e-02,5.448711290955543518e-02,-2.345065400004386902e-02,2.207812964916229248e-01,1.809789612889289856e-02,7.972881197929382324e-03,1.963270306587219238e-01,1.146764084696769714e-01,6.423305273056030273e-01,-6.789576411247253418e-01,8.703777790069580078e-01,4.090345203876495361e-01,-2.938236892223358154e-01,-2.152315527200698853e-01,1.656003147363662720e-01,-5.977882146835327148e-01,5.475761294364929199e-01,8.314563035964965820e-01,-2.590819001197814941e-01,-1.683062016963958740e-01,1.526157110929489136e-01
3.634375929832458496e-01,4.544662535190582275e-01,8.197954893112182617e-01,2.940038684755563736e-03,-5.017193034291267395e-04,7.701104879379272461e-01,6.379035115242004395e-01,2.186919748783111572e-02,-3.314698114991188049e-03,-3.262980878353118896e-01,2.449149906169623137e-04,-1.502227485179901123e-01,-1.269553452730178833e-01,-4.090592265129089355e-03,-1.477161049842834473e-01,-7.790435105562210083e-02,4.873856529593467712e-02,-4.891331493854522705e-02,2.082637399435043335e-01,6.023735553026199341e-02,2.564221434295177460e-02,1.940641850233078003e-01,1.529789268970489502e-01,6.507326960563659668e-01,-6.401870250701904297e-01,8.403277397155761719e-01,3.723106086254119873e-01,-2.944834232330322266e-01,-2.217871248722076416e-01,1.465735137462615967e-01,-6.489788889884948730e-01,5.320557355880737305e-01,7.938218116760253906e-01,-2.487980872392654419e-01,-1.696013808250427246e-01,1.621301472187042236e-01
3.690984845161437988e-01,4.507499337196350098e-01,8.209069371223449707e-01,-2.000675071030855179e-03,4.182633943855762482e-03,7.799496054649353027e-01,6.258251667022705078e-01,-6.026857532560825348e-03,-3.669160418212413788e-03,-3.229339718818664551e-01,-8.047564886510372162e-03,-1.157069280743598938e-01,-1.569304168224334717e-01,-1.983269862830638885e-02,-1.498266458511352539e-01,-1.086871698498725891e-01,5.078839883208274841e-02,-4.341145604848861694e-02,1.932490915060043335e-01,8.745434880256652832e-02,3.830681368708610535e-02,2.095781564712524414e-01,1.334533542394638062e-01,6.562116742134094238e-01,-6.096807122230529785e-01,8.177796006202697754e-01,3.402206897735595703e-01,-2.876733541488647461e-01,-2.363142967224121094e-01,8.470281958580017090e-02,-6.853217482566833496e-01,5.167533755302429199e-01,7.777506709098815918e-01,-2.396257370710372925e-01,-1.640220433473587036e-01,1.743757873773574829e-01
3.808371722698211670e-01,4.527528882026672363e-01,8.203834295272827148e-01,-3.288445062935352325e-03,7.261969614773988724e-03,7.938088774681091309e-01,6.081150770187377930e-01,-2.435514703392982483e-02,3.018445568159222603e-03,-3.324390947818756104e-01,-7.366119418293237686e-03,-1.005382463335990906e-01,-1.879281401634216309e-01,-1.218531467020511627e-02,-1.466395407915115356e-01,-1.581749320030212402e-01,4.847169667482376099e-02,-6.554271280765533447e-02,1.771954298019409180e-01,1.273110508918762207e-01,5.477653816342353821e-02,2.154846191406250000e-01,1.260235458612442017e-01,6.570458412170410156e-01,-5.807730555534362793e-01,7.836067676544189453e-01,3.073928058147430420e-01,-2.797959148883819580e-01,-2.358066737651824951e-01,3.288677707314491272e-02,-7.288507819175720215e-01,5.068684220314025879e-01,7.708132863044738770e-01,-2.387623488903045654e-01,-1.612871587276458740e-01,1.781832724809646606e-01
3.861956298351287842e-01,4.518650472164154053e-01,8.195467591285705566e-01,-4.542682319879531860e-03,7.197039201855659485e-03,8.067945241928100586e-01,5.907708406448364258e-01,-4.063814133405685425e-02,5.030978471040725708e-03,-3.382504880428314209e-01,-5.546300206333398819e-03,-9.163732826709747314e-02,-2.129305005073547363e-01,-3.824004670605063438e-03,-1.462212651968002319e-01,-1.977546960115432739e-01,4.702597111463546753e-02,-7.868015021085739136e-02,1.666537076234817505e-01,1.521063148975372314e-01,6.628962606191635132e-02,2.182467728853225708e-01,1.172012165188789368e-01,6.492152810096740723e-01,-5.580613613128662109e-01,7.509102225303649902e-01,2.671154737472534180e-01,-2.670355141162872314e-01,-2.298673987388610840e-01,-1.572468876838684082e-02,-7.600319385528564453e-01,4.913665354251861572e-01,7.747415900230407715e-01,-2.295428663492202759e-01,-1.549116522073745728e-01,1.671874225139617920e-01
3.951606452465057373e-01,4.536787271499633789e-01,8.185747861862182617e-01,-6.019193679094314575e-03,8.317660540342330933e-03,8.214238286018371582e-01,5.702258348464965820e-01,-5.883470922708511353e-02,1.052760891616344452e-02,-3.374435007572174072e-01,-4.493824671953916550e-03,-7.767991721630096436e-02,-2.450124323368072510e-01,7.874478586018085480e-03,-1.430541127920150757e-01,-2.510828971862792969e-01,4.323801770806312561e-02,-9.844452887773513794e-02,1.544042080640792847e-01,1.837742328643798828e-01,8.050172030925750732e-02,2.195263952016830444e-01,1.016318053007125854e-01,6.351929903030395508e-01,-5.273134112358093262e-01,7.188044190406799316e-01,2.205302715301513672e-01,-2.477893233299255371e-01,-2.049095779657363892e-01,-7.008640468120574951e-02,-7.922362089157104492e-01,4.666308462619781494e-01,7.832203507423400879e-01,-2.188743799924850464e-01,-1.467277258634567261e-01,1.380608379840850830e-01
4.053678810596466064e-01,4.577699005603790283e-01,8.179280757904052734e-01,-6.618137005716562271e-03,9.355243295431137085e-03,8.390387296676635742e-01,5.439509749412536621e-01,-7.592546194791793823e-02,9.294858202338218689e-03,-3.259995579719543457e-01,-2.229952951893210411e-03,-5.314927548170089722e-02,-2.617979049682617188e-01,2.606690302491188049e-02,-1.386097222566604614e-01,-3.150374889373779297e-01,4.138943925499916077e-02,-1.220510601997375488e-01,1.409319788217544556e-01,2.220020592212677002e-01,9.689121693372726440e-02,2.156003713607788086e-01,7.092228531837463379e-02,6.073117852210998535e-01,-4.877370893955230713e-01,6.804110407829284668e-01,1.739325523376464844e-01,-2.273986339569091797e-01,-1.484906524419784546e-01,-1.293836385011672974e-01,-8.168367147445678711e-01,4.327316284179687500e-01,8.112164139747619629e-01,-2.184220403432846069e-01,-1.331164240837097168e-01,9.009341895580291748e-02
4.103225171566009521e-01,4.578081965446472168e-01,8.175547719001770020e-01,-7.234550546854734421e-03,1.009102351963520050e-02,8.526981472969055176e-01,5.222563147544860840e-01,-9.273263067007064819e-02,9.985890239477157593e-03,-2.969203293323516846e-01,-4.119838122278451920e-03,-2.854371257126331329e-02,-2.617999911308288574e-01,3.593795374035835266e-02,-1.400290876626968384e-01,-3.569970130920410156e-01,4.135961830615997314e-02,-1.334519684314727783e-01,1.301698684692382812e-01,2.381518036127090454e-01,1.084946691989898682e-01,2.233918011188507080e-01,5.053928121924400330e-02,5.828149914741516113e-01,-4.715402126312255859e-01,6.466972231864929199e-01,1.321822553873062134e-01,-2.083919048309326172e-01,-1.173104643821716309e-01,-1.815123260021209717e-01,-8.373584747314453125e-01,4.078987538814544678e-01,8.416303396224975586e-01,-2.230667322874069214e-01,-1.194811165332794189e-01,4.626712948083877563e-02
4.205829501152038574e-01,4.592699110507965088e-01,8.173585534095764160e-01,-7.482155226171016693e-03,1.115855202078819275e-02,8.685002326965332031e-01,4.955066740512847900e-01,-1.142076179385185242e-01,2.453427202999591827e-02,-2.354947030544281006e-01,-6.723903119564056396e-03,6.152646616101264954e-03,-2.617999911308288574e-01,4.853124544024467468e-02,-1.361135244369506836e-01,-4.146174192428588867e-01,3.868300095200538635e-02,-1.446307003498077393e-01,1.187481507658958435e-01,2.560356259346008301e-01,1.192233711481094360e-01,2.268099933862686157e-01,3.006667830049991608e-02,5.565980672836303711e-01,-4.558704793453216553e-01,6.024765968322753906e-01,8.669243752956390381e-02,-1.955344676971435547e-01,-8.431399613618850708e-02,-2.332505434751510620e-01,-8.525851964950561523e-01,3.824699223041534424e-01,8.790406584739685059e-01,-2.281950116157531738e-01,-1.049916073679924011e-01,-1.268176478333771229e-03
4.358822405338287354e-01,4.619049727916717529e-01,8.173463940620422363e-01,-6.487778387963771820e-03,1.344074960798025131e-02,8.844996094703674316e-01,4.663021266460418701e-01,-1.366177499294281006e-01,7.048540562391281128e-02,-1.377383470535278320e-01,-1.020728982985019684e-02,3.852427750825881958e-02,-2.616852819919586182e-01,5.938600376248359680e-02,-1.289022117853164673e-01,-4.684160351753234863e-01,3.483886644244194031e-02,-1.589557826519012451e-01,9.661599248647689819e-02,2.684191167354583740e-01,1.274454295635223389e-01,2.306973636150360107e-01,1.286075264215469360e-02,5.360828042030334473e-01,-4.471677243709564209e-01,5.451124906539916992e-01,3.896366804838180542e-02,-1.887535154819488525e-01,-7.145482301712036133e-02,-2.824117541313171387e-01,-8.630566000938415527e-01,3.703362047672271729e-01,9.132403731346130371e-01,-2.393048107624053955e-01,-9.518214315176010132e-02,-3.005090914666652679e-02
4.514218270778656006e-01,4.617289900779724121e-01,8.182255029678344727e-01,-5.066846963018178940e-03,1.749106682837009430e-02,9.001594781875610352e-01,4.351795911788940430e-01,-1.492297500371932983e-01,1.102065443992614746e-01,-4.941928200423717499e-03,-1.607207767665386200e-02,5.537207797169685364e-02,-2.210833877325057983e-01,6.584305316209793091e-02,-1.280028074979782104e-01,-5.304365754127502441e-01,2.781150490045547485e-02,-1.645195633172988892e-01,8.157754689455032349e-02,2.702493667602539062e-01,1.324377804994583130e-01,2.334838807582855225e-01,2.205574652180075645e-03,5.159353017807006836e-01,-4.393789172172546387e-01,4.952022433280944824e-01,-3.638792783021926880e-03,-1.797238141298294067e-01,-6.298247724771499634e-02,-3.292075097560882568e-01,-8.621081113815307617e-01,3.601469099521636963e-01,9.458629488945007324e-01,-2.415694892406463623e-01,-8.449115604162216187e-02,-6.000439450144767761e-02
4.600103497505187988e-01,4.587835073471069336e-01,8.197361230850219727e-01,-3.931295592337846756e-03,2.236901037395000458e-02,9.124321341514587402e-01,4.085973501205444336e-01,-1.478766798973083496e-01,1.297787427902221680e-01,1.058348566293716431e-01,-1.939850300550460815e-02,4.344217479228973389e-02,-1.650578528642654419e-01,6.737653911113739014e-02,-1.393318623304367065e-01,-5.757281184196472168e-01,2.620172314345836639e-02,-1.627212911844253540e-01,7.164077460765838623e-02,2.724159359931945801e-01,1.311377137899398804e-01,2.350979745388031006e-01,-1.014656759798526764e-02,5.016260743141174316e-01,-4.362548291683197021e-01,4.432492554187774658e-01,-3.425215184688568115e-02,-1.723827272653579712e-01,-6.282087415456771851e-02,-3.823763728141784668e-01,-8.540781140327453613e-01,3.587224483489990234e-01,9.746991991996765137e-01,-2.465758323669433594e-01,-7.286669313907623291e-02,-7.728850096464157104e-02
4.685826301574707031e-01,4.543064832687377930e-01,8.210843801498413086e-01,-1.934689469635486603e-03,2.608521096408367157e-02,9.198471307754516602e-01,3.914040327072143555e-01,-1.450802832841873169e-01,1.409109830856323242e-01,1.700134575366973877e-01,-1.153340190649032593e-02,2.792539261281490326e-02,-1.367106586694717407e-01,6.633424013853073120e-02,-1.476375609636306763e-01,-6.046807169914245605e-01,2.064117416739463806e-02,-1.530611515045166016e-01,6.918516010046005249e-02,2.716702818870544434e-01,1.276375502347946167e-01,2.374931424856185913e-01,-1.993636973202228546e-02,4.887673854827880859e-01,-4.286570250988006592e-01,3.990209400653839111e-01,-7.069558650255203247e-02,-1.659745424985885620e-01,-5.977252125740051270e-02,-4.249372780323028564e-01,-8.415102958679199219e-01,3.619925677776336670e-01,9.936596751213073730e-01,-2.475938647985458374e-01,-6.526256352663040161e-02,-9.314887970685958862e-02
4.764212667942047119e-01,4.535083472728729248e-01,8.222684860229492188e-01,-1.925737247802317142e-03,3.037717007100582123e-02,9.281364083290100098e-01,3.709937632083892822e-01,-1.390764713287353516e-01,1.489289700984954834e-01,2.221504151821136475e-01,2.239289926365017891e-03,8.959596045315265656e-03,-1.276521533727645874e-01,6.796336174011230469e-02,-1.527778506278991699e-01,-6.391953229904174805e-01,1.299557369202375412e-02,-1.463807523250579834e-01,6.431147456169128418e-02,2.719834446907043457e-01,1.330519765615463257e-01,2.373950481414794922e-01,-2.920798957347869873e-02,4.736006557941436768e-01,-4.225061535835266113e-01,3.562285602092742920e-01,-9.572257101535797119e-02,-1.626505255699157715e-01,-7.331489771604537964e-02,-4.677180349826812744e-01,-8.221262097358703613e-01,3.561739623546600342e-01,1.005034685134887695e+00,-2.490920126438140869e-01,-5.447524785995483398e-02,-1.041962206363677979e-01
4.849020540714263916e-01,4.527608454227447510e-01,8.233506083488464355e-01,-9.290751186199486256e-04,3.532866761088371277e-02,9.338650703430175781e-01,3.558750152587890625e-01,-1.329128593206405640e-01,1.512412726879119873e-01,2.380611896514892578e-01,3.261061757802963257e-02,-5.569933913648128510e-03,-1.166621297597885132e-01,6.841821968555450439e-02,-1.568689197301864624e-01,-6.593698859214782715e-01,1.581808202899992466e-03,-1.408844292163848877e-01,5.954947695136070251e-02,2.734503746032714844e-01,1.331163793802261353e-01,2.327468842267990112e-01,-4.092712700366973877e-02,4.567401409149169922e-01,-4.179369509220123291e-01,3.112561404705047607e-01,-1.102043166756629944e-01,-1.663708090782165527e-01,-6.922078132629394531e-02,-5.090038776397705078e-01,-7.933700680732727051e-01,3.381143510341644287e-01,1.007988214492797852e+00,-2.268754094839096069e-01,-4.565533250570297241e-02,-1.340084075927734375e-01
4.891035854816436768e-01,4.513008296489715576e-01,8.245733976364135742e-01,-1.634258427657186985e-03,3.920135274529457092e-02,9.386811256408691406e-01,3.425468504428863525e-01,-1.250585764646530151e-01,1.542668044567108154e-01,2.607939839363098145e-01,6.612613797187805176e-02,-1.337319612503051758e-02,-1.123277321457862854e-01,6.814822554588317871e-02,-1.630168855190277100e-01,-6.793953776359558105e-01,-7.262277416884899139e-03,-1.313356161117553711e-01,5.701656267046928406e-02,2.767723798751831055e-01,1.274621039628982544e-01,2.250639051198959351e-01,-4.983818158507347107e-02,4.476969540119171143e-01,-4.180103540420532227e-01,2.773409187793731689e-01,-1.124231144785881042e-01,-1.646523326635360718e-01,-7.422479987144470215e-02,-5.506449341773986816e-01,-7.727505564689636230e-01,3.387701809406280518e-01,1.011752009391784668e+00,-2.248676568269729614e-01,-3.588873893022537231e-02,-1.475189030170440674e-01
4.914361834526062012e-01,4.492450654506683350e-01,8.257580995559692383e-01,-2.325244713574647903e-03,4.181804880499839783e-02,9.428375959396362305e-01,3.306101262569427490e-01,-1.144054979085922241e-01,1.553977131843566895e-01,2.787475883960723877e-01,9.946170449256896973e-02,-2.016968093812465668e-02,-1.062667891383171082e-01,6.846976280212402344e-02,-1.694839149713516235e-01,-6.943353414535522461e-01,-1.331988256424665451e-02,-1.211469992995262146e-01,5.093597993254661560e-02,2.803085744380950928e-01,1.176189556717872620e-01,2.111650556325912476e-01,-6.130742281675338745e-02,4.414142072200775146e-01,-4.267492890357971191e-01,2.508594393730163574e-01,-1.122495681047439575e-01,-1.598525047302246094e-01,-9.220167249441146851e-02,-5.911436676979064941e-01,-7.515492439270019531e-01,3.556600511074066162e-01,1.007694244384765625e+00,-2.289486229419708252e-01,-2.792275883257389069e-02,-1.474676281213760376e-01
4.927274882793426514e-01,4.490768313407897949e-01,8.269319534301757812e-01,-4.189743194729089737e-03,4.477788507938385010e-02,9.464706778526306152e-01,3.196415007114410400e-01,-1.098982617259025574e-01,1.592374145984649658e-01,2.934432327747344971e-01,1.316052079200744629e-01,-2.802180685102939606e-02,-1.004454791545867920e-01,6.812446564435958862e-02,-1.746194660663604736e-01,-7.078325748443603516e-01,-1.826561801135540009e-02,-1.133646890521049500e-01,4.663592949509620667e-02,2.752641439437866211e-01,1.131008118391036987e-01,2.018717080354690552e-01,-6.950687617063522339e-02,4.378170371055603027e-01,-4.316025078296661377e-01,2.358284145593643188e-01,-1.165296137332916260e-01,-1.553036719560623169e-01,-1.045185178518295288e-01,-6.197136044502258301e-01,-7.354307174682617188e-01,3.615496754646301270e-01,1.011414766311645508e+00,-2.187177389860153198e-01,-2.313021011650562286e-02,-1.537217646837234497e-01
4.948991239070892334e-01,4.482920765876770020e-01,8.280418515205383301e-01,-6.257235538214445114e-03,4.882791265845298767e-02,9.502980113029479980e-01,3.074253797531127930e-01,-9.879428893327713013e-02,1.628880351781845093e-01,3.071007728576660156e-01,1.669091731309890747e-01,-3.933823481202125549e-02,-9.746324270963668823e-02,6.563989073038101196e-02,-1.825408935546875000e-01,-7.240990400314331055e-01,-2.292647771537303925e-02,-1.073514893651008606e-01,4.373899102210998535e-02,2.741385698318481445e-01,1.071471199393272400e-01,1.858253628015518188e-01,-7.973177731037139893e-02,4.363099932670593262e-01,-4.388902187347412109e-01,2.221208661794662476e-01,-1.115938946604728699e-01,-1.544029712677001953e-01,-1.214351356029510498e-01,-6.530478000640869141e-01,-7.200663089752197266e-01,3.697322905063629150e-01,1.013307332992553711e+00,-2.206768095493316650e-01,-1.883094199001789093e-02,-1.521733254194259644e-01
4.981037378311157227e-01,4.453462958335876465e-01,8.287747502326965332e-01,-7.302504032850265503e-03,5.131426081061363220e-02,9.528090953826904297e-01,2.991125583648681641e-01,-8.766828477382659912e-02,1.626079082489013672e-01,3.165846467018127441e-01,1.918520629405975342e-01,-4.718923941254615784e-02,-9.153537452220916748e-02,6.060501933097839355e-02,-1.892915368080139160e-01,-7.336571216583251953e-01,-2.593073248863220215e-02,-1.005652397871017456e-01,3.946238756179809570e-02,2.765152156352996826e-01,1.005048826336860657e-01,1.697254776954650879e-01,-9.020918607711791992e-02,4.378670454025268555e-01,-4.440149664878845215e-01,2.047498822212219238e-01,-1.119058281183242798e-01,-1.561061739921569824e-01,-1.254419684410095215e-01,-6.843798756599426270e-01,-7.046658992767333984e-01,3.914290368556976318e-01,1.023846387863159180e+00,-2.274816632270812988e-01,-1.528112590312957764e-02,-1.441249251365661621e-01
4.967507421970367432e-01,4.405438005924224854e-01,8.291859626770019531e-01,-1.115198247134685516e-02,5.096411332488059998e-02,9.553638696670532227e-01,2.907888591289520264e-01,-7.037337869405746460e-02,1.607443243265151978e-01,3.225055932998657227e-01,1.941495239734649658e-01,-6.179400905966758728e-02,-8.308090269565582275e-02,5.389525368809700012e-02,-1.953426897525787354e-01,-7.412020564079284668e-01,-2.524542249739170074e-02,-8.892036974430084229e-02,3.944179788231849670e-02,2.760477364063262939e-01,9.542919695377349854e-02,1.533407568931579590e-01,-1.004656776785850525e-01,4.422206878662109375e-01,-4.522296488285064697e-01,1.862109005451202393e-01,-1.213541254401206970e-01,-1.592145860195159912e-01,-1.311472058296203613e-01,-7.108840346336364746e-01,-6.931167840957641602e-01,4.279222190380096436e-01,1.024854302406311035e+00,-2.423263490200042725e-01,-1.849668473005294800e-02,-1.254914402961730957e-01
4.937256574630737305e-01,4.373144507408142090e-01,8.295100927352905273e-01,-1.506507676094770432e-02,4.871289432048797607e-02,9.588022828102111816e-01,2.794606387615203857e-01,-5.258154869079589844e-02,1.585647165775299072e-01,3.279024064540863037e-01,1.904740929603576660e-01,-7.561436295509338379e-02,-7.740812748670578003e-02,5.425076931715011597e-02,-1.966547667980194092e-01,-7.516683936119079590e-01,-2.630467526614665985e-02,-7.728948444128036499e-02,3.870934247970581055e-02,2.675341069698333740e-01,9.617923945188522339e-02,1.409813910722732544e-01,-1.144906207919120789e-01,4.422897398471832275e-01,-4.556493461132049561e-01,1.690624803304672241e-01,-1.318782567977905273e-01,-1.631888002157211304e-01,-1.292098909616470337e-01,-7.184215188026428223e-01,-6.742076277732849121e-01,4.498101770877838135e-01,1.030913233757019043e+00,-2.495735883712768555e-01,-2.085011079907417297e-02,-1.173122003674507141e-01
4.954237639904022217e-01,4.322009086608886719e-01,8.297140598297119141e-01,-1.674263738095760345e-02,4.698969796299934387e-02,9.611786007881164551e-01,2.713804841041564941e-01,-4.156029224395751953e-02,1.563366502523422241e-01,3.305210769176483154e-01,1.812997758388519287e-01,-8.735518157482147217e-02,-7.081770896911621094e-02,5.038676038384437561e-02,-1.986270844936370850e-01,-7.608700394630432129e-01,-2.772507071495056152e-02,-6.478245556354522705e-02,3.967773541808128357e-02,2.622711956501007080e-01,9.649701416492462158e-02,1.336105167865753174e-01,-1.260825693607330322e-01,4.492144286632537842e-01,-4.611386954784393311e-01,1.566874384880065918e-01,-1.495606154203414917e-01,-1.676429659128189087e-01,-1.255729049444198608e-01,-7.170212268829345703e-01,-6.584941744804382324e-01,4.755060076713562012e-01,1.032535552978515625e+00,-2.546954452991485596e-01,-2.583853900432586670e-02,-1.072318404912948608e-01
4.923334419727325439e-01,4.279185533523559570e-01,8.296507596969604492e-01,-2.064812555909156799e-02,4.302101209759712219e-02,9.636331796646118164e-01,2.629334032535552979e-01,-2.247942797839641571e-02,1.475958228111267090e-01,3.270546495914459229e-01,1.562517583370208740e-01,-1.033067330718040466e-01,-6.545867770910263062e-02,5.004395917057991028e-02,-1.967766284942626953e-01,-7.706077694892883301e-01,-2.901908569037914276e-02,-5.160408839583396912e-02,4.153287038207054138e-02,2.557404339313507080e-01,9.794147312641143799e-02,1.266170442104339600e-01,-1.425636112689971924e-01,4.538490772247314453e-01,-4.624632298946380615e-01,1.382461935281753540e-01,-1.616106778383255005e-01,-1.770188659429550171e-01,-1.242590025067329407e-01,-7.039424180984497070e-01,-6.383278369903564453e-01,4.983715713024139404e-01,1.033006191253662109e+00,-2.586250901222229004e-01,-3.136644139885902405e-02,-9.521574527025222778e-02
4.924795329570770264e-01,4.212908744812011719e-01,8.295297622680664062e-01,-2.293149940669536591e-02,3.896523639559745789e-02,9.659066200256347656e-01,2.549121379852294922e-01,-8.264139294624328613e-03,1.394052952527999878e-01,3.166179955005645752e-01,1.243418082594871521e-01,-1.168833896517753601e-01,-5.828949436545372009e-02,4.721372947096824646e-02,-1.962710022926330566e-01,-7.764661908149719238e-01,-3.104680217802524567e-02,-3.477377444505691528e-02,4.344627261161804199e-02,2.505416870117187500e-01,1.007136777043342590e-01,1.204565614461898804e-01,-1.583956629037857056e-01,4.620940387248992920e-01,-4.635615050792694092e-01,1.229469403624534607e-01,-1.768336296081542969e-01,-1.832954734563827515e-01,-1.371854543685913086e-01,-6.826670169830322266e-01,-6.208751201629638672e-01,5.206658840179443359e-01,1.038431763648986816e+00,-2.677428126335144043e-01,-3.830311074852943420e-02,-6.720958650112152100e-02
4.959819018840789795e-01,4.168441593647003174e-01,8.293725252151489258e-01,-2.364434674382209778e-02,3.556365892291069031e-02,9.679096937179565430e-01,2.476427853107452393e-01,6.367101799696683884e-03,1.295241862535476685e-01,3.019182085990905762e-01,8.139736205339431763e-02,-1.276678889989852905e-01,-5.405068770051002502e-02,4.530739411711692810e-02,-1.921377480030059814e-01,-7.827919125556945801e-01,-3.539601340889930725e-02,-2.011639252305030823e-02,4.426674172282218933e-02,2.449129968881607056e-01,9.940704703330993652e-02,1.178213134407997131e-01,-1.781738549470901489e-01,4.628019034862518311e-01,-4.490568637847900391e-01,9.849855303764343262e-02,-2.026405185461044312e-01,-1.969079971313476562e-01,-1.283472031354904175e-01,-6.371636390686035156e-01,-5.960839986801147461e-01,5.354517698287963867e-01,1.046357989311218262e+00,-2.746922075748443604e-01,-4.460528120398521423e-02,-4.850848764181137085e-02
4.970825314521789551e-01,4.086615443229675293e-01,8.294811844825744629e-01,-2.229538746178150177e-02,3.220422565937042236e-02,9.690852165222167969e-01,2.435973286628723145e-01,1.475039403885602951e-02,1.196046769618988037e-01,2.875673174858093262e-01,5.578549206256866455e-02,-1.332662850618362427e-01,-4.921575263142585754e-02,4.517382383346557617e-02,-1.964776366949081421e-01,-7.835738658905029297e-01,-3.614083305001258850e-02,-3.278190735727548599e-03,4.823006317019462585e-02,2.446086406707763672e-01,9.799110144376754761e-02,1.181895881891250610e-01,-1.872063726186752319e-01,4.652439355850219727e-01,-4.351072609424591064e-01,7.424256950616836548e-02,-2.225768715143203735e-01,-2.062303572893142700e-01,-1.263774335384368896e-01,-6.005939841270446777e-01,-5.735239982604980469e-01,5.461326837539672852e-01,1.048947691917419434e+00,-2.855648398399353027e-01,-4.847887158393859863e-02,-2.678519301116466522e-02
4.971622526645660400e-01,3.995671570301055908e-01,8.297368288040161133e-01,-2.118989266455173492e-02,2.816389501094818115e-02,9.703837633132934570e-01,2.389836013317108154e-01,2.059827744960784912e-02,1.116110906004905701e-01,2.812090218067169189e-01,3.528408333659172058e-02,-1.372231096029281616e-01,-4.562700912356376648e-02,4.480538144707679749e-02,-2.025364041328430176e-01,-7.844185233116149902e-01,-3.373154997825622559e-02,1.585151068866252899e-02,5.359695851802825928e-02,2.431964427232742310e-01,9.495497494935989380e-02,1.203438937664031982e-01,-1.937117576599121094e-01,4.648975133895874023e-01,-4.154112339019775391e-01,4.342346638441085815e-02,-2.442060559988021851e-01,-2.150951623916625977e-01,-1.259426176548004150e-01,-5.577253699302673340e-01,-5.498539805412292480e-01,5.489833950996398926e-01,1.051115632057189941e+00,-2.933182120323181152e-01,-4.885542020201683044e-02,-3.934049047529697418e-03
4.950701296329498291e-01,3.898676335811614990e-01,8.301474452018737793e-01,-2.111493423581123352e-02,2.357665449380874634e-02,9.720240235328674316e-01,2.327392101287841797e-01,2.634064666926860809e-02,1.029666811227798462e-01,2.760724127292633057e-01,1.441790256649255753e-02,-1.410485357046127319e-01,-4.260037466883659363e-02,4.413120448589324951e-02,-2.118898630142211914e-01,-7.917234897613525391e-01,-2.489462681114673615e-02,3.565276414155960083e-02,5.792759731411933899e-02,2.461453974246978760e-01,8.932947367429733276e-02,1.249767914414405823e-01,-2.007547169923782349e-01,4.588691890239715576e-01,-3.820605874061584473e-01,-2.219352871179580688e-03,-2.706225216388702393e-01,-2.294606864452362061e-01,-1.213531643152236938e-01,-4.939967691898345947e-01,-5.156784653663635254e-01,5.489962100982666016e-01,1.045254349708557129e+00,-3.000951409339904785e-01,-4.866154491901397705e-02,2.465602010488510132e-02
4.932211935520172119e-01,3.788469433784484863e-01,8.309137225151062012e-01,-2.269721217453479767e-02,1.968125626444816589e-02,9.732986092567443848e-01,2.275682389736175537e-01,2.936390228569507599e-02,9.269195795059204102e-02,2.782151401042938232e-01,-1.156227942556142807e-02,-1.356762349605560303e-01,-3.935213014483451843e-02,3.831490874290466309e-02,-2.238837778568267822e-01,-7.927308082580566406e-01,-1.964452862739562988e-02,6.601241976022720337e-02,6.418269127607345581e-02,2.468836307525634766e-01,7.970213145017623901e-02,1.288076639175415039e-01,-1.959909945726394653e-01,4.548393785953521729e-01,-3.265769779682159424e-01,-8.633043617010116577e-02,-3.520903885364532471e-01,-2.415655404329299927e-01,-1.154115945100784302e-01,-4.163010716438293457e-01,-4.822443723678588867e-01,5.272955298423767090e-01,1.028309583663940430e+00,-2.813502252101898193e-01,-4.321181774139404297e-02,4.149796441197395325e-02
4.950292408466339111e-01,3.699352145195007324e-01,8.311955928802490234e-01,-2.240185812115669250e-02,1.681971922516822815e-02,9.743663072586059570e-01,2.232164591550827026e-01,2.882953360676765442e-02,8.506278693675994873e-02,2.875039577484130859e-01,-2.430704794824123383e-02,-1.350705176591873169e-01,-3.880847245454788208e-02,3.361213952302932739e-02,-2.305253446102142334e-01,-8.079025149345397949e-01,-1.333854068070650101e-02,8.241689205169677734e-02,7.206423580646514893e-02,2.511716485023498535e-01,6.729787588119506836e-02,1.325155049562454224e-01,-1.848067939281463623e-01,4.280110895633697510e-01,-2.885032892227172852e-01,-1.278881281614303589e-01,-4.296985864639282227e-01,-2.434040158987045288e-01,-1.020673885941505432e-01,-3.532859683036804199e-01,-4.509355425834655762e-01,5.137690901756286621e-01,1.021627187728881836e+00,-2.502380907535552979e-01,-4.003155231475830078e-02,5.124686658382415771e-02
4.877144694328308105e-01,3.608852326869964600e-01,8.318153023719787598e-01,-2.655405364930629730e-02,1.291722618043422699e-02,9.745410680770874023e-01,2.222560644149780273e-01,3.082311339676380157e-02,7.774903625249862671e-02,2.881543040275573730e-01,-3.781688213348388672e-02,-1.386582404375076294e-01,-3.743630275130271912e-02,2.410171367228031158e-02,-2.437059730291366577e-01,-7.985860705375671387e-01,1.180572668090462685e-03,1.052955240011215210e-01,8.003476262092590332e-02,2.463486492633819580e-01,6.416105479001998901e-02,1.350706219673156738e-01,-2.001975327730178833e-01,4.636098742485046387e-01,-2.130616903305053711e-01,-2.709536552429199219e-01,-4.996402859687805176e-01,-2.789957225322723389e-01,-8.371380716562271118e-02,-2.858577370643615723e-01,-4.369664192199707031e-01,4.856355488300323486e-01,9.870523214340209961e-01,-1.897993385791778564e-01,-3.588969260454177856e-02,6.328622251749038696e-02
4.864220321178436279e-01,3.547007441520690918e-01,8.320882916450500488e-01,-2.719746902585029602e-02,9.342982433736324310e-03,9.753779172897338867e-01,2.186570167541503906e-01,2.916620671749114990e-02,7.528103142976760864e-02,2.887482941150665283e-01,-3.903951868414878845e-02,-1.449705958366394043e-01,-4.074820876121520996e-02,1.906198076903820038e-02,-2.474291324615478516e-01,-7.927495837211608887e-01,1.248764153569936752e-02,1.158651709556579590e-01,8.164026588201522827e-02,2.426551282405853271e-01,6.237775832414627075e-02,1.373126953840255737e-01,-2.102181911468505859e-01,4.853688180446624756e-01,-1.665692925453186035e-01,-3.423717617988586426e-01,-5.273265242576599121e-01,-2.922489643096923828e-01,-5.985160171985626221e-02,-2.423322796821594238e-01,-4.246028959751129150e-01,4.715386331081390381e-01,9.675247669219970703e-01,-1.495782434940338135e-01,-3.137204423546791077e-02,6.646982580423355103e-02
4.841821789741516113e-01,3.464995026588439941e-01,8.326485753059387207e-01,-2.961415611207485199e-02,5.210700444877147675e-03,9.761944413185119629e-01,2.148028016090393066e-01,2.537199482321739197e-02,7.171765714883804321e-02,2.936144173145294189e-01,-4.448463022708892822e-02,-1.481663435697555542e-01,-4.271309077739715576e-02,9.674670174717903137e-03,-2.547790110111236572e-01,-7.900753021240234375e-01,2.582922764122486115e-02,1.343200504779815674e-01,8.689258992671966553e-02,2.375757545232772827e-01,5.876280367374420166e-02,1.443594396114349365e-01,-2.430537045001983643e-01,5.110281705856323242e-01,-1.079611703753471375e-01,-4.229476153850555420e-01,-5.516135096549987793e-01,-3.119513392448425293e-01,-1.393863279372453690e-02,-1.944928169250488281e-01,-4.214458465576171875e-01,4.622018337249755859e-01,9.394319057464599609e-01,-1.041819602251052856e-01,-3.489542379975318909e-02,5.565533787012100220e-02
4.843697249889373779e-01,3.383026123046875000e-01,8.330622911453247070e-01,-3.087177686393260956e-02,1.965370262041687965e-03,9.764413833618164062e-01,2.135540097951889038e-01,2.239502221345901489e-02,6.790379434823989868e-02,2.976071238517761230e-01,-5.426390469074249268e-02,-1.441091001033782959e-01,-4.152053222060203552e-02,-4.126843065023422241e-03,-2.634266614913940430e-01,-7.706657648086547852e-01,3.775113075971603394e-02,1.509584188461303711e-01,9.242576360702514648e-02,2.266344875097274780e-01,5.410151556134223938e-02,1.606357246637344360e-01,-2.844756245613098145e-01,5.637559294700622559e-01,-4.326120018959045410e-02,-4.966261982917785645e-01,-5.362479090690612793e-01,-3.312253654003143311e-01,6.627822667360305786e-02,-1.653746813535690308e-01,-4.285339117050170898e-01,4.546559751033782959e-01,8.908817768096923828e-01,-4.927912726998329163e-02,-4.034733027219772339e-02,2.656757645308971405e-02
4.866970181465148926e-01,3.311228752136230469e-01,8.329160213470458984e-01,-2.903042547404766083e-02,-2.356612123548984528e-03,9.769418835639953613e-01,2.115094661712646484e-01,1.969027146697044373e-02,6.770931929349899292e-02,2.955715656280517578e-01,-5.118210613727569580e-02,-1.492633074522018433e-01,-3.980884701013565063e-02,-9.955338202416896820e-03,-2.622779607772827148e-01,-7.548817992210388184e-01,4.495914652943611145e-02,1.460349261760711670e-01,9.979753941297531128e-02,2.128057330846786499e-01,5.883745849132537842e-02,1.699974089860916138e-01,-3.198291063308715820e-01,6.300744414329528809e-01,-2.251686295494437218e-03,-5.232017636299133301e-01,-4.982418417930603027e-01,-3.450692892074584961e-01,1.354853361845016479e-01,-1.488821059465408325e-01,-4.389669597148895264e-01,4.454033672809600830e-01,8.582534790039062500e-01,-1.620227098464965820e-02,-5.180882290005683899e-02,-8.502729237079620361e-03
4.853641390800476074e-01,3.281080722808837891e-01,8.331478238105773926e-01,-3.028489276766777039e-02,-5.874171387404203415e-03,9.780384302139282227e-01,2.061289101839065552e-01,1.743297837674617767e-02,6.957107037305831909e-02,2.912449836730957031e-01,-5.279408395290374756e-02,-1.498150974512100220e-01,-3.731520473957061768e-02,-1.855978742241859436e-02,-2.595379352569580078e-01,-7.074621319770812988e-01,4.784662276506423950e-02,1.238401308655738831e-01,1.105769872665405273e-01,1.972459107637405396e-01,5.665588751435279846e-02,1.937789618968963623e-01,-3.361054658889770508e-01,6.746857762336730957e-01,1.893327385187149048e-02,-5.242810845375061035e-01,-4.619179666042327881e-01,-3.493013978004455566e-01,1.890897601842880249e-01,-1.445178091526031494e-01,-4.449645280838012695e-01,4.496625363826751709e-01,8.230418562889099121e-01,4.876944003626704216e-04,-6.170236319303512573e-02,-2.716583386063575745e-02
4.868907630443572998e-01,3.246643841266632080e-01,8.332007527351379395e-01,-3.107635490596294403e-02,-8.628941141068935394e-03,9.790816307067871094e-01,2.008953243494033813e-01,1.138890534639358521e-02,7.055926322937011719e-02,2.850336432456970215e-01,-5.389486253261566162e-02,-1.476774364709854126e-01,-3.329604491591453552e-02,-3.073129430413246155e-02,-2.587724924087524414e-01,-6.522254347801208496e-01,5.069432407617568970e-02,8.785232156515121460e-02,1.253403872251510620e-01,1.845760196447372437e-01,5.458560213446617126e-02,2.098331302404403687e-01,-3.431850075721740723e-01,7.171525359153747559e-01,2.576229348778724670e-02,-5.048516392707824707e-01,-4.192928373813629150e-01,-3.490788936614990234e-01,2.329157292842864990e-01,-1.488142311573028564e-01,-4.522344470024108887e-01,4.609908163547515869e-01,7.902641296386718750e-01,-1.079526962712407112e-03,-7.124918699264526367e-02,-4.818261414766311646e-02
4.810958206653594971e-01,3.296976983547210693e-01,8.322175145149230957e-01,-2.429837919771671295e-02,-1.342407613992691040e-02,9.811109900474548340e-01,1.914435774087905884e-01,2.828778885304927826e-02,7.856576889753341675e-02,2.748283743858337402e-01,-3.059507720172405243e-02,-1.833989471197128296e-01,-3.751740977168083191e-02,-3.728349227458238602e-03,-2.454253733158111572e-01,-6.175340414047241211e-01,5.883561447262763977e-02,2.857491560280323029e-02,1.365033388137817383e-01,1.699302494525909424e-01,4.595346376299858093e-02,2.090940922498703003e-01,-2.829279601573944092e-01,7.486350536346435547e-01,-3.570016939193010330e-03,-4.606210291385650635e-01,-3.711701035499572754e-01,-3.403324484825134277e-01,2.610331177711486816e-01,-1.181616485118865967e-01,-4.377558529376983643e-01,4.894639551639556885e-01,7.642177343368530273e-01,-1.759941875934600830e-02,-7.726135849952697754e-02,-5.939471349120140076e-02
4.867708981037139893e-01,3.271106183528900146e-01,8.337264060974121094e-01,-3.463988006114959717e-02,-1.246077846735715866e-02,9.816843271255493164e-01,1.869243532419204712e-01,-1.414602738805115223e-03,7.978577166795730591e-02,2.565536201000213623e-01,-4.939926788210868835e-02,-1.482250988483428955e-01,-2.216290310025215149e-02,-4.090161249041557312e-02,-2.527144849300384521e-01,-5.518620014190673828e-01,6.712541729211807251e-02,3.186324238777160645e-02,1.281871646642684937e-01,1.530434936285018921e-01,4.064606875181198120e-02,2.426685839891433716e-01,-2.792073488235473633e-01,7.582688927650451660e-01,-2.653204277157783508e-02,-3.740760982036590576e-01,-3.164643943309783936e-01,-3.233642578125000000e-01,2.801999151706695557e-01,-1.606093943119049072e-01,-4.407237768173217773e-01,5.056197643280029297e-01,7.414621114730834961e-01,-2.579170651733875275e-02,-8.644922822713851929e-02,-6.578001379966735840e-02
4.828928112983703613e-01,3.327680230140686035e-01,8.330747485160827637e-01,-3.096504695713520050e-02,-1.617075875401496887e-02,9.831643104553222656e-01,1.793532073497772217e-01,5.979428067803382874e-03,8.959994465112686157e-02,2.495617121458053589e-01,-2.692011930048465729e-02,-1.782237291336059570e-01,-2.809348516166210175e-02,-8.420238271355628967e-03,-2.365211844444274902e-01,-5.216349959373474121e-01,7.376309484243392944e-02,-1.576461829245090485e-02,1.304687410593032837e-01,1.447265297174453735e-01,3.356957063078880310e-02,2.328957170248031616e-01,-2.361451983451843262e-01,7.563176751136779785e-01,-7.411499321460723877e-02,-2.859476208686828613e-01,-2.809362113475799561e-01,-3.088699281215667725e-01,2.829493284225463867e-01,-1.431203484535217285e-01,-4.264588057994842529e-01,5.430217981338500977e-01,7.199612259864807129e-01,-3.798764944076538086e-02,-9.447480738162994385e-02,-6.801201403141021729e-02
4.860065281391143799e-01,3.332839012145996094e-01,8.338059186935424805e-01,-3.705266118049621582e-02,-1.813137531280517578e-02,9.837315678596496582e-01,1.748444885015487671e-01,-1.216426584869623184e-02,9.716602414846420288e-02,2.424820661544799805e-01,-2.923095971345901489e-02,-1.701659560203552246e-01,-2.380980737507343292e-02,-1.102662086486816406e-02,-2.296454459428787231e-01,-4.839652180671691895e-01,8.359483629465103149e-02,-3.353716805577278137e-02,1.224992573261260986e-01,1.332704871892929077e-01,2.293916605412960052e-02,2.400148063898086548e-01,-2.416802346706390381e-01,7.282759547233581543e-01,-1.448760777711868286e-01,-8.780189603567123413e-02,-2.717426419258117676e-01,-2.784008681774139404e-01,2.670107781887054443e-01,-1.655451059341430664e-01,-4.148306548595428467e-01,5.779720544815063477e-01,7.178634405136108398e-01,-2.599764987826347351e-02,-9.791803359985351562e-02,-6.901254504919052124e-02
4.959291219711303711e-01,3.286973834037780762e-01,8.353263139724731445e-01,-4.800008237361907959e-02,-1.822898536920547485e-02,9.838656187057495117e-01,1.713830530643463135e-01,-4.990963637828826904e-02,1.000936180353164673e-01,2.313390374183654785e-01,-4.699057713150978088e-02,-1.291139125823974609e-01,-1.332298573106527328e-02,-4.917652904987335205e-02,-2.301903218030929565e-01,-4.370450973510742188e-01,1.003598794341087341e-01,-3.090528212487697601e-02,1.115239933133125305e-01,1.216889545321464539e-01,1.347209978848695755e-02,2.616770565509796143e-01,-2.700090706348419189e-01,6.936822533607482910e-01,-1.848702281713485718e-01,3.850065916776657104e-02,-2.813232243061065674e-01,-2.611984014511108398e-01,2.512825727462768555e-01,-2.198911756277084351e-01,-4.074406623840332031e-01,5.957503318786621094e-01,7.111460566520690918e-01,-1.593807712197303772e-02,-1.033387109637260437e-01,-6.724617630243301392e-02
4.916275441646575928e-01,3.318940699100494385e-01,8.345246315002441406e-01,-4.764506965875625610e-02,-2.073797397315502167e-02,9.845770597457885742e-01,1.670565456151962280e-01,-4.872552677989006042e-02,1.063379421830177307e-01,2.397425025701522827e-01,-2.640674822032451630e-02,-1.574299037456512451e-01,-2.186623774468898773e-02,-7.840419188141822815e-03,-2.087427526712417603e-01,-4.228869676589965820e-01,9.364096820354461670e-02,-6.839432567358016968e-02,1.113524883985519409e-01,1.262243986129760742e-01,-2.271598670631647110e-03,2.477524876594543457e-01,-2.794531881809234619e-01,6.261357665061950684e-01,-2.743550240993499756e-01,2.747517824172973633e-01,-3.009105920791625977e-01,-2.343177944421768188e-01,1.976215541362762451e-01,-2.298773676156997681e-01,-3.765019774436950684e-01,6.443246006965637207e-01,7.259379029273986816e-01,-4.077683202922344208e-03,-1.044564172625541687e-01,-7.099296897649765015e-02
5.006695985794067383e-01,3.243074119091033936e-01,8.359456658363342285e-01,-6.325548887252807617e-02,-2.238117158412933350e-02,9.837650060653686523e-01,1.664459854364395142e-01,-9.133736789226531982e-02,1.094413623213768005e-01,2.360851168632507324e-01,-5.420060083270072937e-02,-1.126853823661804199e-01,-1.046870462596416473e-02,-5.196677520871162415e-02,-2.060847878456115723e-01,-3.889689743518829346e-01,1.167132407426834106e-01,-6.115276366472244263e-02,9.778602421283721924e-02,1.111456826329231262e-01,-2.179248072206974030e-02,2.684645652770996094e-01,-3.465573787689208984e-01,5.529524683952331543e-01,-3.378383517265319824e-01,5.280715823173522949e-01,-3.132200539112091064e-01,-1.997114866971969604e-01,1.477471590042114258e-01,-3.118842542171478271e-01,-3.487195372581481934e-01,6.876200437545776367e-01,7.465797662734985352e-01,5.215023644268512726e-03,-1.033311635255813599e-01,-6.509412825107574463e-02
4.959435462951660156e-01,3.245136439800262451e-01,8.343830704689025879e-01,-5.844800174236297607e-02,-2.418703958392143250e-02,9.843386411666870117e-01,1.645486652851104736e-01,-8.244371414184570312e-02,1.096490770578384399e-01,2.498098760843276978e-01,-2.654452994465827942e-02,-1.520511358976364136e-01,-1.666316203773021698e-02,-4.052590113133192062e-03,-1.855731457471847534e-01,-3.851054012775421143e-01,9.289552271366119385e-02,-8.875615149736404419e-02,1.024783849716186523e-01,1.150594502687454224e-01,-4.409274831414222717e-02,2.620528042316436768e-01,-3.670581877231597900e-01,4.513821899890899658e-01,-4.194067120552062988e-01,8.016538619995117188e-01,-3.015280365943908691e-01,-1.731860935688018799e-01,9.518750756978988647e-02,-3.280407786369323730e-01,-2.988817989826202393e-01,7.543470859527587891e-01,7.861922383308410645e-01,9.054894559085369110e-03,-1.022530198097229004e-01,-5.005392059683799744e-02
5.001453757286071777e-01,3.225115537643432617e-01,8.340712785720825195e-01,-6.088942661881446838e-02,-2.422326430678367615e-02,9.839291572570800781e-01,1.660996675491333008e-01,-9.291522204875946045e-02,1.107139214873313904e-01,2.592449486255645752e-01,-2.871051989495754242e-02,-1.454487890005111694e-01,-1.944773085415363312e-02,-5.880485754460096359e-03,-1.752841025590896606e-01,-3.681215047836303711e-01,8.058443665504455566e-02,-8.749815076589584351e-02,1.010034903883934021e-01,1.052856817841529846e-01,-6.433374434709548950e-02,2.739706039428710938e-01,-4.017613530158996582e-01,3.488866090774536133e-01,-4.834953248500823975e-01,1.034631609916687012e+00,-2.978109419345855713e-01,-1.479145586490631104e-01,4.000417515635490417e-02,-3.706931173801422119e-01,-2.517633140087127686e-01,8.155847191810607910e-01,8.270782828330993652e-01,2.163700573146343231e-02,-9.939516335725784302e-02,-1.824774593114852905e-02
5.008205175399780273e-01,3.237726986408233643e-01,8.336136937141418457e-01,-6.278656423091888428e-02,-2.290214039385318756e-02,9.832581877708435059e-01,1.695189923048019409e-01,-9.727714955806732178e-02,1.128129586577415466e-01,2.697545588016510010e-01,-2.645457722246646881e-02,-1.469657868146896362e-01,-2.258784323930740356e-02,-6.782041862607002258e-03,-1.675822436809539795e-01,-3.482669591903686523e-01,6.681372970342636108e-02,-9.305413067340850830e-02,1.035447344183921814e-01,9.619656205177307129e-02,-8.209050446748733521e-02,2.838105261325836182e-01,-4.054124355316162109e-01,2.887751758098602295e-01,-5.192981958389282227e-01,1.153339385986328125e+00,-2.891060411930084229e-01,-1.400578767061233521e-01,1.710627786815166473e-02,-3.880988359451293945e-01,-2.232228219509124756e-01,8.510584235191345215e-01,8.530097007751464844e-01,3.648761659860610962e-02,-9.579921513795852661e-02,-6.767705199308693409e-04
5.028684139251708984e-01,3.274880051612854004e-01,8.331881761550903320e-01,-6.613989919424057007e-02,-2.008196897804737091e-02,9.821823835372924805e-01,1.747568845748901367e-01,-1.028679311275482178e-01,1.166805252432823181e-01,2.855204343795776367e-01,-2.934258803725242615e-02,-1.416034549474716187e-01,-3.287048637866973877e-02,-1.237890962511301041e-02,-1.603235602378845215e-01,-3.412349224090576172e-01,4.812420159578323364e-02,-9.980995953083038330e-02,1.057598665356636047e-01,9.095462411642074585e-02,-1.015989556908607483e-01,2.958873510360717773e-01,-4.092357754707336426e-01,2.231591194868087769e-01,-5.439908504486083984e-01,1.269886136054992676e+00,-2.833033204078674316e-01,-1.263869553804397583e-01,-2.196527319028973579e-03,-4.063083529472351074e-01,-1.908873170614242554e-01,8.860704302787780762e-01,8.878058195114135742e-01,5.463573709130287170e-02,-8.784236758947372437e-02,1.976009830832481384e-02
5.053195357322692871e-01,3.327515423297882080e-01,8.327316045761108398e-01,-6.945894658565521240e-02,-1.661770045757293701e-02,9.805936813354492188e-01,1.825797557830810547e-01,-1.075825989246368408e-01,1.229278966784477234e-01,3.048774302005767822e-01,-3.083305247128009796e-02,-1.376317292451858521e-01,-4.369985684752464294e-02,-1.795756630599498749e-02,-1.537375450134277344e-01,-3.414210677146911621e-01,2.841460518538951874e-02,-1.059590727090835571e-01,1.131906434893608093e-01,8.532057702541351318e-02,-1.167908757925033569e-01,3.058919608592987061e-01,-4.092898666858673096e-01,1.843023896217346191e-01,-5.695583820343017578e-01,1.337448954582214355e+00,-2.614962160587310791e-01,-1.266008466482162476e-01,-1.501907594501972198e-02,-4.128846824169158936e-01,-1.784964799880981445e-01,9.068575501441955566e-01,9.186221957206726074e-01,6.971443444490432739e-02,-8.459302037954330444e-02,3.246373683214187622e-02
5.096126198768615723e-01,3.387775719165802002e-01,8.323408365249633789e-01,-7.161740213632583618e-02,-1.357807219028472900e-02,9.794947504997253418e-01,1.878207027912139893e-01,-1.128555014729499817e-01,1.305767595767974854e-01,3.178213536739349365e-01,-3.163479268550872803e-02,-1.317690163850784302e-01,-5.687753856182098389e-02,-2.276617661118507385e-02,-1.458041518926620483e-01,-3.428914546966552734e-01,1.145152095705270767e-02,-1.098504960536956787e-01,1.175730079412460327e-01,7.940509170293807983e-02,-1.252317428588867188e-01,3.138550817966461182e-01,-4.049856364727020264e-01,1.603102833032608032e-01,-6.031332015991210938e-01,1.366915583610534668e+00,-2.193202972412109375e-01,-1.275049746036529541e-01,-3.699705377221107483e-02,-4.078669250011444092e-01,-1.805068552494049072e-01,9.160380363464355469e-01,9.535664319992065430e-01,6.587995588779449463e-02,-7.957115769386291504e-02,4.802942276000976562e-02
5.114601254463195801e-01,3.417999148368835449e-01,8.320440053939819336e-01,-7.229267060756683350e-02,-1.177655719220638275e-02,9.780086874961853027e-01,1.952794492244720459e-01,-1.118188574910163879e-01,1.362522542476654053e-01,3.336971402168273926e-01,-3.145295754075050354e-02,-1.307746767997741699e-01,-6.321974098682403564e-02,-2.595020085573196411e-02,-1.416915655136108398e-01,-3.420663177967071533e-01,1.463898923248052597e-03,-1.110010519623756409e-01,1.253499686717987061e-01,6.881003081798553467e-02,-1.308046877384185791e-01,3.179877400398254395e-01,-4.029803872108459473e-01,1.567067056894302368e-01,-6.386963725090026855e-01,1.375924348831176758e+00,-1.683949679136276245e-01,-1.327623426914215088e-01,-5.611749738454818726e-02,-3.947075009346008301e-01,-2.003054469823837280e-01,9.127147197723388672e-01,9.849675297737121582e-01,5.566557869315147400e-02,-8.131033927202224731e-02,6.446709483861923218e-02
5.149314999580383301e-01,3.447374105453491211e-01,8.318500518798828125e-01,-7.016278803348541260e-02,-1.085331849753856659e-02,9.769183993339538574e-01,2.014693170785903931e-01,-1.075423359870910645e-01,1.431893110275268555e-01,3.471832573413848877e-01,-2.976055815815925598e-02,-1.296858638525009155e-01,-7.089438289403915405e-02,-2.570317313075065613e-02,-1.366553008556365967e-01,-3.377889692783355713e-01,-4.538209643214941025e-03,-1.138741970062255859e-01,1.293878406286239624e-01,5.770975351333618164e-02,-1.326834559440612793e-01,3.171660900115966797e-01,-4.115705490112304688e-01,1.700884252786636353e-01,-6.673467755317687988e-01,1.374222278594970703e+00,-1.184640154242515564e-01,-1.413625478744506836e-01,-7.067807018756866455e-02,-3.765517771244049072e-01,-2.293784469366073608e-01,9.039583206176757812e-01,1.005200982093811035e+00,3.877168521285057068e-02,-8.470246940851211548e-02,7.898806035518646240e-02
5.201882719993591309e-01,3.457477092742919922e-01,8.318366408348083496e-01,-6.541381031274795532e-02,-1.048491057008504868e-02,9.753388762474060059e-01,2.105354666709899902e-01,-1.009866669774055481e-01,1.505093723535537720e-01,3.637324869632720947e-01,-2.350447326898574829e-02,-1.295239180326461792e-01,-7.345253974199295044e-02,-2.572714351117610931e-02,-1.326290667057037354e-01,-3.296336233615875244e-01,-8.166925050318241119e-03,-1.130681782960891724e-01,1.314788311719894409e-01,3.691332042217254639e-02,-1.334480047225952148e-01,3.081079721450805664e-01,-4.316628873348236084e-01,2.041056603193283081e-01,-7.023068666458129883e-01,1.371404647827148438e+00,-5.515136942267417908e-02,-1.403045356273651123e-01,-1.007762625813484192e-01,-3.505194187164306641e-01,-2.770653367042541504e-01,8.845391273498535156e-01,1.041131973266601562e+00,1.194774266332387924e-02,-8.012628555297851562e-02,1.033774614334106445e-01
5.266333818435668945e-01,3.479415178298950195e-01,8.319112658500671387e-01,-5.790141597390174866e-02,-9.373113512992858887e-03,9.738755822181701660e-01,2.193762958049774170e-01,-8.834062516689300537e-02,1.568786799907684326e-01,3.838067948818206787e-01,-1.919567584991455078e-02,-1.245075091719627380e-01,-7.818347215652465820e-02,-2.043448016047477722e-02,-1.294610053300857544e-01,-3.230622410774230957e-01,-1.129398029297590256e-02,-1.169167459011077881e-01,1.355161815881729126e-01,2.011203207075595856e-02,-1.253057867288589478e-01,2.926680743694305420e-01,-4.744576513767242432e-01,2.584448456764221191e-01,-7.166861295700073242e-01,1.365784168243408203e+00,3.682040609419345856e-03,-1.462637037038803101e-01,-1.158014684915542603e-01,-3.213551640510559082e-01,-3.424484431743621826e-01,8.618073463439941406e-01,1.065491199493408203e+00,-3.040392883121967316e-02,-8.104648441076278687e-02,1.332211196422576904e-01
5.341832041740417480e-01,3.474600315093994141e-01,8.322349786758422852e-01,-4.822994023561477661e-02,-9.341155178844928741e-03,9.717450141906738281e-01,2.308642268180847168e-01,-7.284063100814819336e-02,1.625316739082336426e-01,4.004786908626556396e-01,-1.314238924533128738e-02,-1.197672486305236816e-01,-7.879295200109481812e-02,-1.600125990808010101e-02,-1.269827336072921753e-01,-3.076238632202148438e-01,-1.181539241224527359e-02,-1.137400195002555847e-01,1.432921737432479858e-01,-5.453650839626789093e-03,-1.090403273701667786e-01,2.693298459053039551e-01,-5.424828529357910156e-01,3.500789701938629150e-01,-7.552816271781921387e-01,1.347206115722656250e+00,9.382240474224090576e-02,-1.588768959045410156e-01,-1.390162408351898193e-01,-2.845244109630584717e-01,-4.335434436798095703e-01,8.355742692947387695e-01,1.082974553108215332e+00,-9.197654575109481812e-02,-8.941220492124557495e-02,1.682072728872299194e-01
5.319132804870605469e-01,3.464119136333465576e-01,8.327875137329101562e-01,-4.263457655906677246e-02,-9.400419890880584717e-03,9.696786403656005859e-01,2.404523044824600220e-01,-5.806672945618629456e-02,1.637898832559585571e-01,4.160375595092773438e-01,8.471559849567711353e-04,-1.293861865997314453e-01,-7.752685993909835815e-02,-8.798462338745594025e-03,-1.300482898950576782e-01,-2.887084782123565674e-01,-8.383565582334995270e-03,-1.140675246715545654e-01,1.505376100540161133e-01,-3.448244929313659668e-02,-9.316659718751907349e-02,2.439355552196502686e-01,-6.499117016792297363e-01,4.755067229270935059e-01,-8.021178841590881348e-01,1.316659808158874512e+00,1.932599395513534546e-01,-1.737508475780487061e-01,-1.278127729892730713e-01,-2.476391941308975220e-01,-5.540354251861572266e-01,8.196890950202941895e-01,1.090128302574157715e+00,-1.518831849098205566e-01,-1.051252931356430054e-01,1.905220448970794678e-01
5.341258049011230469e-01,3.515207767486572266e-01,8.334937691688537598e-01,-3.939390182495117188e-02,-7.258423604071140289e-03,9.679557681083679199e-01,2.479052692651748657e-01,-5.167531594634056091e-02,1.715152412652969360e-01,4.305579066276550293e-01,1.341374590992927551e-02,-1.265188455581665039e-01,-8.463609963655471802e-02,-5.954349879175424576e-03,-1.261730045080184937e-01,-2.822267413139343262e-01,-9.133335202932357788e-03,-1.189623251557350159e-01,1.496009230613708496e-01,-4.663069918751716614e-02,-8.114352077245712280e-02,2.335078120231628418e-01,-7.296506166458129883e-01,5.572794675827026367e-01,-8.001486659049987793e-01,1.291224360466003418e+00,2.111913114786148071e-01,-1.797783672809600830e-01,-1.260220706462860107e-01,-2.261955738067626953e-01,-6.382086277008056641e-01,8.008778095245361328e-01,1.080410480499267578e+00,-1.858470439910888672e-01,-1.209380179643630981e-01,2.098852097988128662e-01
5.341367125511169434e-01,3.488658964633941650e-01,8.341361880302429199e-01,-3.520348668098449707e-02,-6.463918834924697876e-03,9.642021656036376953e-01,2.627415060997009277e-01,-4.544297978281974792e-02,1.757761389017105103e-01,4.557238221168518066e-01,3.825259581208229065e-02,-1.333657056093215942e-01,-7.866738736629486084e-02,-6.989646237343549728e-03,-1.285760253667831421e-01,-2.572258710861206055e-01,-1.124551240354776382e-02,-1.132416650652885437e-01,1.640250682830810547e-01,-7.635609060525894165e-02,-6.612451374530792236e-02,2.100209891796112061e-01,-8.881749510765075684e-01,7.043825984001159668e-01,-8.517166376113891602e-01,1.242499589920043945e+00,2.603691816329956055e-01,-1.865373998880386353e-01,-1.310216188430786133e-01,-2.136293798685073853e-01,-7.787598371505737305e-01,7.849153280258178711e-01,1.055667400360107422e+00,-2.273944467306137085e-01,-1.365552842617034912e-01,2.498266249895095825e-01
5.303304195404052734e-01,3.453147113323211670e-01,8.349180817604064941e-01,-3.117780946195125580e-02,-3.157473867759108543e-03,9.607058167457580566e-01,2.757938802242279053e-01,-4.580217972397804260e-02,1.764775365591049194e-01,4.875152409076690674e-01,8.474066108465194702e-02,-1.377913504838943481e-01,-6.754669547080993652e-02,-8.676995523273944855e-03,-1.428762376308441162e-01,-2.413921803236007690e-01,-5.109063349664211273e-03,-1.151409447193145752e-01,1.787116378545761108e-01,-1.072482913732528687e-01,-5.642735958099365234e-02,1.759022623300552368e-01,-1.085053443908691406e+00,8.710628747940063477e-01,-9.287762641906738281e-01,1.166950225830078125e+00,3.107705116271972656e-01,-1.944165080785751343e-01,-1.484496742486953735e-01,-2.059068679809570312e-01,-9.538630843162536621e-01,7.627281546592712402e-01,1.005264759063720703e+00,-2.580072879791259766e-01,-1.576246619224548340e-01,3.171970546245574951e-01
5.310716032981872559e-01,3.367044925689697266e-01,8.376553654670715332e-01,-3.276925534009933472e-02,-2.736230148002505302e-03,9.578883647918701172e-01,2.852517068386077881e-01,-9.268454462289810181e-02,2.120040059089660645e-01,5.263685584068298340e-01,1.795265227556228638e-01,-1.062263175845146179e-01,-4.435441270470619202e-02,-3.187998011708259583e-02,-1.544404476881027222e-01,-2.290611714124679565e-01,-2.579842228442430496e-03,-8.658198267221450806e-02,1.876571774482727051e-01,-1.414422839879989624e-01,-1.945759356021881104e-02,1.564147621393203735e-01,-1.301826357841491699e+00,1.022328495979309082e+00,-1.025285840034484863e+00,1.114840269088745117e+00,3.746609687805175781e-01,-1.952133923768997192e-01,-1.291541457176208496e-01,-2.435540556907653809e-01,-1.133318662643432617e+00,7.129370570182800293e-01,1.001178264617919922e+00,-2.729040682315826416e-01,-1.640648543834686279e-01,3.353306055068969727e-01
5.207728743553161621e-01,3.374474644660949707e-01,8.399983644485473633e-01,-3.183967620134353638e-02,1.853748923167586327e-03,9.552364945411682129e-01,2.941190302371978760e-01,-1.315246075391769409e-01,2.582273781299591064e-01,5.799919366836547852e-01,2.980801165103912354e-01,-9.596213698387145996e-02,-1.780547946691513062e-02,-3.704077750444412231e-02,-1.717990934848785400e-01,-2.053253203630447388e-01,1.563262753188610077e-02,-9.344924241304397583e-02,1.957507729530334473e-01,-1.699094325304031372e-01,9.959436720237135887e-04,1.379445195198059082e-01,-1.570844173431396484e+00,1.142806410789489746e+00,-1.162569880485534668e+00,1.091163635253906250e+00,3.929044306278228760e-01,-2.060019522905349731e-01,-9.815837442874908447e-02,-2.765626907348632812e-01,-1.312224507331848145e+00,6.600649952888488770e-01,9.875292181968688965e-01,-2.742052078247070312e-01,-1.838478744029998779e-01,3.576260805130004883e-01
5.157536268234252930e-01,3.353283405303955078e-01,8.409546613693237305e-01,-2.494661696255207062e-02,5.122492089867591858e-03,9.518888592720031738e-01,3.053835034370422363e-01,-1.477858424186706543e-01,2.594902515411376953e-01,5.636175870895385742e-01,3.443938493728637695e-01,-1.219808906316757202e-01,-3.939130809158086777e-03,-3.281083703041076660e-02,-1.864404082298278809e-01,-1.763153076171875000e-01,2.505990117788314819e-02,-9.662783890962600708e-02,2.094876021146774292e-01,-1.724814027547836304e-01,1.060839649289846420e-02,1.185356900095939636e-01,-1.700182199478149414e+00,1.195918321609497070e+00,-1.246482253074645996e+00,1.093866586685180664e+00,3.997071981430053711e-01,-2.111422717571258545e-01,-7.187490910291671753e-02,-2.850519716739654541e-01,-1.401883125305175781e+00,6.208150386810302734e-01,1.004251480102539062e+00,-2.545958757400512695e-01,-1.865762770175933838e-01,3.502599895000457764e-01
5.045641660690307617e-01,3.382271826267242432e-01,8.420392274856567383e-01,-2.211657539010047913e-02,8.078267797827720642e-03,9.475745558738708496e-01,3.186659812927246094e-01,-1.901203840970993042e-01,2.887056469917297363e-01,5.698394775390625000e-01,4.441955983638763428e-01,-1.322160214185714722e-01,-1.091757044196128845e-02,-3.013118915259838104e-02,-1.983847618103027344e-01,-1.561518907546997070e-01,3.970154374837875366e-02,-1.107461005449295044e-01,2.224153429269790649e-01,-1.745090782642364502e-01,3.608326613903045654e-02,9.648722410202026367e-02,-1.935152411460876465e+00,1.251916289329528809e+00,-1.399967193603515625e+00,1.109609723091125488e+00,4.012126922607421875e-01,-2.175741493701934814e-01,-2.211271040141582489e-02,-3.134504854679107666e-01,-1.542014122009277344e+00,5.576657056808471680e-01,1.006590962409973145e+00,-2.284422516822814941e-01,-1.984430849552154541e-01,3.410896360874176025e-01
4.908092617988586426e-01,3.370890617370605469e-01,8.419897556304931641e-01,-1.550885383039712906e-02,8.961358107626438141e-03,9.439049363136291504e-01,3.297312259674072266e-01,-2.203593403100967407e-01,2.919872999191284180e-01,5.506465435028076172e-01,4.894776642322540283e-01,-1.403120458126068115e-01,-1.859186403453350067e-02,-1.649954915046691895e-02,-2.162748575210571289e-01,-1.342208534479141235e-01,5.455313250422477722e-02,-1.230448186397552490e-01,2.365815192461013794e-01,-1.557183861732482910e-01,8.860421180725097656e-02,6.734933704137802124e-02,-2.005568265914916992e+00,1.268429517745971680e+00,-1.399999976158142090e+00,1.126067161560058594e+00,4.372740089893341064e-01,-2.132684886455535889e-01,2.968490496277809143e-02,-3.355336487293243408e-01,-1.684824466705322266e+00,5.208746790885925293e-01,1.028872251510620117e+00,-2.363260388374328613e-01,-1.903460770845413208e-01,2.975541055202484131e-01
4.761234223842620850e-01,3.409462273120880127e-01,8.403546214103698730e-01,-1.526993047446012497e-02,8.362016640603542328e-03,9.391687512397766113e-01,3.430145084857940674e-01,-2.353676557540893555e-01,3.012371957302093506e-01,5.328811407089233398e-01,5.014425516128540039e-01,-1.540329009294509888e-01,-2.801773324608802795e-02,-1.379417348653078079e-02,-2.219670861959457397e-01,-1.140096038579940796e-01,7.237313687801361084e-02,-1.428443193435668945e-01,2.451082319021224976e-01,-1.287009716033935547e-01,1.492853164672851562e-01,3.950034826993942261e-02,-2.064296483993530273e+00,1.282389402389526367e+00,-1.399999976158142090e+00,1.147665858268737793e+00,4.660090506076812744e-01,-2.086105793714523315e-01,7.612835615873336792e-02,-3.662067651748657227e-01,-1.808254122734069824e+00,4.893290698528289795e-01,1.003881812095642090e+00,-2.437893748283386230e-01,-1.973089426755905151e-01,2.506314218044281006e-01
4.545434117317199707e-01,3.425877690315246582e-01,8.370789289474487305e-01,-1.907227560877799988e-02,4.719798918813467026e-03,9.342504739761352539e-01,3.560758233070373535e-01,-2.463567703962326050e-01,3.062399923801422119e-01,5.195647478103637695e-01,4.853259623050689697e-01,-1.637184321880340576e-01,-3.820550814270973206e-02,-1.079759839922189713e-02,-2.268099486827850342e-01,-8.867263793945312500e-02,8.715914189815521240e-02,-1.582548022270202637e-01,2.491597682237625122e-01,-1.028608232736587524e-01,1.997016817331314087e-01,1.666755881160497665e-03,-2.132745504379272461e+00,1.285544872283935547e+00,-1.399999976158142090e+00,1.178670048713684082e+00,4.804941415786743164e-01,-2.007179707288742065e-01,1.043973788619041443e-01,-3.983235359191894531e-01,-1.917943000793457031e+00,4.588017463684082031e-01,9.664621353149414062e-01,-2.368144392967224121e-01,-1.968423873186111450e-01,2.208463549613952637e-01
4.370616972446441650e-01,3.423382043838500977e-01,8.317747712135314941e-01,-2.251700498163700104e-02,2.274997532367706299e-03,9.309211969375610352e-01,3.645182251930236816e-01,-2.448127269744873047e-01,3.186168372631072998e-01,5.075664520263671875e-01,4.767485857009887695e-01,-1.718109250068664551e-01,-4.313076287508010864e-02,-1.126032322645187378e-02,-2.359270453453063965e-01,-7.336715608835220337e-02,1.016315370798110962e-01,-1.863868683576583862e-01,2.514365017414093018e-01,-7.334971427917480469e-02,2.528095841407775879e-01,-2.333312667906284332e-02,-2.161490440368652344e+00,1.296828508377075195e+00,-1.399999976158142090e+00,1.196050643920898438e+00,5.077179074287414551e-01,-1.935911178588867188e-01,1.309707164764404297e-01,-4.254045188426971436e-01,-2.009050130844116211e+00,4.296500086784362793e-01,9.089394807815551758e-01,-2.275926619768142700e-01,-1.975719928741455078e-01,1.728633046150207520e-01
4.122432470321655273e-01,3.475163280963897705e-01,8.251177668571472168e-01,-2.884958125650882721e-02,3.657712077256292105e-04,9.287385940551757812e-01,3.696109056472778320e-01,-2.386147975921630859e-01,3.240965902805328369e-01,5.027506947517395020e-01,4.691738188266754150e-01,-1.916749924421310425e-01,-4.551547765731811523e-02,-6.718455813825130463e-03,-2.481152117252349854e-01,-6.630835682153701782e-02,1.264579892158508301e-01,-2.247283309698104858e-01,2.512866854667663574e-01,-5.680009350180625916e-02,3.164883255958557129e-01,-6.435448676347732544e-02,-2.182301521301269531e+00,1.321897387504577637e+00,-1.399999976158142090e+00,1.207737922668457031e+00,5.019263625144958496e-01,-1.718719601631164551e-01,1.728359162807464600e-01,-4.531079232692718506e-01,-2.092880964279174805e+00,3.972798287868499756e-01,8.316894173622131348e-01,-2.022925019264221191e-01,-1.893484890460968018e-01,9.409791976213455200e-02
3.884329497814178467e-01,3.510918617248535156e-01,8.173690438270568848e-01,-3.292152658104896545e-02,1.638688961975276470e-03,9.263618588447570801e-01,3.751894831657409668e-01,-2.405977845191955566e-01,3.153468966484069824e-01,4.815007746219635010e-01,4.919335246086120605e-01,-2.334786504507064819e-01,-5.046903342008590698e-02,-1.377907954156398773e-02,-2.715975642204284668e-01,-5.566382035613059998e-02,1.734741330146789551e-01,-2.710814177989959717e-01,2.455615550279617310e-01,-3.948954492807388306e-02,3.689624071121215820e-01,-1.094863563776016235e-01,-2.204039812088012695e+00,1.344937324523925781e+00,-1.399999976158142090e+00,1.213785052299499512e+00,4.988298416137695312e-01,-1.588109731674194336e-01,2.505151331424713135e-01,-4.815848469734191895e-01,-2.177054166793823242e+00,3.517522215843200684e-01,7.378191351890563965e-01,-1.949993968009948730e-01,-1.884403824806213379e-01,-3.156153857707977295e-02
3.657569587230682373e-01,3.504716157913208008e-01,8.088350892066955566e-01,-3.431818261742591858e-02,1.890142564661800861e-03,9.246962666511535645e-01,3.791510462760925293e-01,-2.457793205976486206e-01,3.057281672954559326e-01,4.676063656806945801e-01,5.454231500625610352e-01,-2.984527349472045898e-01,-4.067274928092956543e-02,-2.625289931893348694e-02,-3.010874092578887939e-01,-4.679186642169952393e-02,2.351589351892471313e-01,-3.061933517456054688e-01,2.451776266098022461e-01,-2.388523519039154053e-02,4.109366834163665771e-01,-1.513033807277679443e-01,-2.221812963485717773e+00,1.364377856254577637e+00,-1.399999976158142090e+00,1.215694308280944824e+00,4.849081933498382568e-01,-1.550839692354202271e-01,3.144071996212005615e-01,-4.953717589378356934e-01,-2.251475334167480469e+00,3.053910732269287109e-01,6.437778472900390625e-01,-1.845258325338363647e-01,-1.847306936979293823e-01,-1.327745765447616577e-01
3.460852205753326416e-01,3.508382737636566162e-01,7.998096942901611328e-01,-3.421248495578765869e-02,2.861345186829566956e-03,9.232040643692016602e-01,3.827734887599945068e-01,-2.506712079048156738e-01,2.973933219909667969e-01,4.623235166072845459e-01,6.066556572914123535e-01,-3.671878278255462646e-01,-2.600213326513767242e-02,-3.960338979959487915e-02,-3.349431157112121582e-01,-5.118720233440399170e-02,3.014393150806427002e-01,-3.357901573181152344e-01,2.433081120252609253e-01,-1.287033595144748688e-02,4.380648434162139893e-01,-1.950476914644241333e-01,-2.241189241409301758e+00,1.372156739234924316e+00,-1.399999976158142090e+00,1.202890038490295410e+00,4.637154638767242432e-01,-1.457290649414062500e-01,3.907641172409057617e-01,-5.138481855392456055e-01,-2.251499891281127930e+00,2.488789707422256470e-01,5.533365011215209961e-01,-1.737934499979019165e-01,-1.735113859176635742e-01,-2.647660970687866211e-01
3.279671967029571533e-01,3.532172143459320068e-01,7.909297347068786621e-01,-3.443770855665206909e-02,2.877036575227975845e-03,9.216814041137695312e-01,3.864054679870605469e-01,-2.547619044780731201e-01,2.959436178207397461e-01,4.635177850723266602e-01,6.672508120536804199e-01,-4.285470843315124512e-01,-4.944893065840005875e-03,-5.618644133210182190e-02,-3.686173856258392334e-01,-6.572186201810836792e-02,3.759451508522033691e-01,-3.515750765800476074e-01,2.320012450218200684e-01,-1.422971766442060471e-02,4.600205421447753906e-01,-2.313567548990249634e-01,-2.252558708190917969e+00,1.379405736923217773e+00,-1.399999976158142090e+00,1.187555193901062012e+00,4.313291311264038086e-01,-1.453725546598434448e-01,4.376874268054962158e-01,-5.269489884376525879e-01,-2.251499891281127930e+00,2.060979306697845459e-01,4.670592546463012695e-01,-1.730697602033615112e-01,-1.698019504547119141e-01,-3.662345707416534424e-01
3.109927475452423096e-01,3.546186387538909912e-01,7.824676036834716797e-01,-3.272904828190803528e-02,6.124716717749834061e-03,9.212909340858459473e-01,3.874458968639373779e-01,-2.643634080886840820e-01,2.794349193572998047e-01,4.522919356822967529e-01,7.346102595329284668e-01,-4.777289628982543945e-01,1.512126810848712921e-02,-8.762151002883911133e-02,-4.115618467330932617e-01,-6.538220494985580444e-02,4.829258620738983154e-01,-3.550047576427459717e-01,2.206913679838180542e-01,-1.364839915186166763e-02,4.809083342552185059e-01,-2.737670540809631348e-01,-2.280940771102905273e+00,1.375206828117370605e+00,-1.399999976158142090e+00,1.171623945236206055e+00,3.893099427223205566e-01,-1.480190902948379517e-01,5.052031278610229492e-01,-5.616760849952697754e-01,-2.251499891281127930e+00,1.555728018283843994e-01,3.479885458946228027e-01,-1.603510230779647827e-01,-1.684322208166122437e-01,-5.007728934288024902e-01
2.927793264389038086e-01,3.512238264083862305e-01,7.732520699501037598e-01,-2.856209501624107361e-02,7.267174776643514633e-03,9.215194582939147949e-01,3.872121870517730713e-01,-2.633704841136932373e-01,2.577345371246337891e-01,4.518059492111206055e-01,7.919582128524780273e-01,-5.310411453247070312e-01,3.379871696233749390e-02,-1.031318083405494690e-01,-4.555895924568176270e-01,-6.479103118181228638e-02,5.711529850959777832e-01,-3.605714142322540283e-01,2.069160640239715576e-01,-1.258012186735868454e-02,4.869771599769592285e-01,-3.134056329727172852e-01,-2.304919481277465820e+00,1.361168146133422852e+00,-1.399999976158142090e+00,1.150568485260009766e+00,3.491100072860717773e-01,-1.622127443552017212e-01,5.440382957458496094e-01,-6.030310392379760742e-01,-2.251499891281127930e+00,1.289763301610946655e-01,2.550437152385711670e-01,-1.547143906354904175e-01,-1.727484017610549927e-01,-5.917970538139343262e-01
2.813329398632049561e-01,3.450698852539062500e-01,7.638942003250122070e-01,-1.824222505092620850e-02,6.611864548176527023e-03,9.223478436470031738e-01,3.858730494976043701e-01,-2.554285228252410889e-01,2.340481281280517578e-01,4.466052055358886719e-01,8.403826951980590820e-01,-5.793685913085937500e-01,5.061084032058715820e-02,-1.139823421835899353e-01,-4.903489947319030762e-01,-4.459894821047782898e-02,6.568363904953002930e-01,-3.740237951278686523e-01,1.936598569154739380e-01,-1.177478767931461334e-02,4.921025037765502930e-01,-3.399745821952819824e-01,-2.347261190414428711e+00,1.341470837593078613e+00,-1.399999976158142090e+00,1.132393956184387207e+00,2.835528850555419922e-01,-1.717315912246704102e-01,5.727831125259399414e-01,-6.551111936569213867e-01,-2.251499891281127930e+00,1.033788695931434631e-01,1.704480797052383423e-01,-1.525531560182571411e-01,-1.576621085405349731e-01,-6.866193413734436035e-01
2.722456753253936768e-01,3.425725996494293213e-01,7.551637887954711914e-01,-9.116760455071926117e-03,8.005159907042980194e-03,9.241492152214050293e-01,3.818390071392059326e-01,-2.462282478809356689e-01,2.067768871784210205e-01,4.362373948097229004e-01,8.780753016471862793e-01,-6.259959340095520020e-01,6.753893196582794189e-02,-1.157751455903053284e-01,-5.128768682479858398e-01,-9.438911452889442444e-03,7.155756950378417969e-01,-3.846800625324249268e-01,1.937293708324432373e-01,-7.281989324837923050e-03,4.968972504138946533e-01,-3.704361319541931152e-01,-2.389552354812622070e+00,1.320370435714721680e+00,-1.399999976158142090e+00,1.121843218803405762e+00,2.308591455221176147e-01,-1.810345053672790527e-01,5.873963832855224609e-01,-7.114645242691040039e-01,-2.249937534332275391e+00,8.668318390846252441e-02,8.113524317741394043e-02,-1.559458225965499878e-01,-1.492150127887725830e-01,-7.666142582893371582e-01
2.691194117069244385e-01,3.378128707408905029e-01,7.475154995918273926e-01,-1.043979777023196220e-03,5.729503929615020752e-03,9.257170557975769043e-01,3.781719803810119629e-01,-2.434607744216918945e-01,1.895735263824462891e-01,4.204898476600646973e-01,9.080719351768493652e-01,-6.701198816299438477e-01,8.712653815746307373e-02,-1.108186319470405579e-01,-5.257262587547302246e-01,4.392955917865037918e-03,7.482373714447021484e-01,-4.051887392997741699e-01,1.789270341396331787e-01,-1.243288628756999969e-03,4.991139769554138184e-01,-3.933082818984985352e-01,-2.406276464462280273e+00,1.308860540390014648e+00,-1.399999976158142090e+00,1.107721447944641113e+00,2.093105614185333252e-01,-1.825814843177795410e-01,6.072905063629150391e-01,-7.599679231643676758e-01,-2.247035980224609375e+00,8.599331974983215332e-02,1.863242685794830322e-02,-1.678824573755264282e-01,-1.338603347539901733e-01,-8.329240679740905762e-01
2.599046826362609863e-01,3.362161219120025635e-01,7.418640851974487305e-01,5.893765948712825775e-03,4.913332406431436539e-03,9.262384772300720215e-01,3.768599927425384521e-01,-2.297442704439163208e-01,1.719897389411926270e-01,4.170390963554382324e-01,9.353694319725036621e-01,-6.966372728347778320e-01,1.002706363797187805e-01,-1.021642982959747314e-01,-5.410495996475219727e-01,2.050686441361904144e-02,7.761304378509521484e-01,-3.995741903781890869e-01,1.736847758293151855e-01,-1.353703066706657410e-02,5.039335489273071289e-01,-4.101927280426025391e-01,-2.416747570037841797e+00,1.305714845657348633e+00,-1.399999976158142090e+00,1.081848144531250000e+00,1.558242887258529663e-01,-1.919417977333068848e-01,6.270266771316528320e-01,-8.164622187614440918e-01,-2.204786777496337891e+00,7.396617531776428223e-02,-5.816513672471046448e-02,-1.805336624383926392e-01,-1.321440190076828003e-01,-8.843787312507629395e-01
2.512347400188446045e-01,3.354082107543945312e-01,7.392479777336120605e-01,1.090306788682937622e-02,3.216282231733202934e-03,9.267616271972656250e-01,3.754778802394866943e-01,-2.130716890096664429e-01,1.599295586347579956e-01,4.170768857002258301e-01,9.485055804252624512e-01,-7.076852321624755859e-01,1.080293357372283936e-01,-8.716794103384017944e-02,-5.489829778671264648e-01,3.089448064565658569e-02,7.853699922561645508e-01,-3.805952668190002441e-01,1.667498946189880371e-01,-2.552163973450660706e-02,5.063337087631225586e-01,-4.284498095512390137e-01,-2.400820016860961914e+00,1.323496580123901367e+00,-1.399999976158142090e+00,1.063275575637817383e+00,1.188697218894958496e-01,-1.943202018737792969e-01,6.424030661582946777e-01,-8.687666654586791992e-01,-2.154204845428466797e+00,6.987953186035156250e-02,-1.262539476156234741e-01,-1.944581717252731323e-01,-1.288446784019470215e-01,-9.431913495063781738e-01
2.411418557167053223e-01,3.387007117271423340e-01,7.405986189842224121e-01,1.095321495085954666e-02,6.263896357268095016e-04,9.273077249526977539e-01,3.741390705108642578e-01,-1.920225620269775391e-01,1.495947390794754028e-01,4.080264270305633545e-01,9.366420507431030273e-01,-7.085289955139160156e-01,1.138015910983085632e-01,-6.700947135686874390e-02,-5.427944660186767578e-01,3.762530535459518433e-02,7.750141024589538574e-01,-3.391376137733459473e-01,1.634924411773681641e-01,-4.472348839044570923e-02,5.077983736991882324e-01,-4.414442479610443115e-01,-2.361264705657958984e+00,1.364123582839965820e+00,-1.399999976158142090e+00,1.036271691322326660e+00,6.171970069408416748e-02,-2.046048790216445923e-01,6.489762663841247559e-01,-9.300327897071838379e-01,-2.088035821914672852e+00,5.082747340202331543e-02,-1.917401999235153198e-01,-2.187629342079162598e-01,-1.308280974626541138e-01,-1.002172470092773438e+00
2.320584207773208618e-01,3.444680571556091309e-01,7.468349933624267578e-01,8.254118263721466064e-03,-5.226032808423042297e-03,9.278883337974548340e-01,3.727302253246307373e-01,-1.604457348585128784e-01,1.482194215059280396e-01,3.964172899723052979e-01,8.938779234886169434e-01,-6.968987584114074707e-01,1.147945001721382141e-01,-3.880004957318305969e-02,-5.193689465522766113e-01,3.830480948090553284e-02,7.392824292182922363e-01,-2.763707637786865234e-01,1.602684110403060913e-01,-7.773679494857788086e-02,5.074726343154907227e-01,-4.533504247665405273e-01,-2.284033060073852539e+00,1.434335112571716309e+00,-1.399999976158142090e+00,1.001059889793395996e+00,-3.207892645150423050e-03,-2.195876985788345337e-01,6.420943737030029297e-01,-9.984413981437683105e-01,-1.998338222503662109e+00,1.414064597338438034e-02,-2.459051609039306641e-01,-2.501685321331024170e-01,-1.325685083866119385e-01,-1.067221999168395996e+00
2.318438589572906494e-01,3.503119349479675293e-01,7.585669159889221191e-01,8.325810544192790985e-03,-1.577017456293106079e-02,9.295225739479064941e-01,3.683337569236755371e-01,-1.249233484268188477e-01,1.653547286987304688e-01,3.831324875354766846e-01,8.344722390174865723e-01,-6.510289907455444336e-01,1.034246012568473816e-01,-7.955313660204410553e-03,-4.862846136093139648e-01,2.323115617036819458e-02,6.889117360115051270e-01,-2.200720012187957764e-01,1.590299755334854126e-01,-1.043114140629768372e-01,5.046910047531127930e-01,-4.643866121768951416e-01,-2.196525096893310547e+00,1.497566580772399902e+00,-1.399999976158142090e+00,9.519793391227722168e-01,-5.267813056707382202e-02,-2.353714406490325928e-01,6.204321384429931641e-01,-1.066450595855712891e+00,-1.911218285560607910e+00,-3.861534222960472107e-02,-2.829723656177520752e-01,-3.049736022949218750e-01,-1.079811826348304749e-01,-1.133274674415588379e+00
2.155692279338836670e-01,3.661919534206390381e-01,7.762371897697448730e-01,-3.865770064294338226e-03,-2.511174231767654419e-02,9.308803677558898926e-01,3.644395172595977783e-01,-7.026018947362899780e-02,1.786539107561111450e-01,3.744592070579528809e-01,7.312978506088256836e-01,-5.676202178001403809e-01,1.042024865746498108e-01,2.371617220342159271e-02,-4.453504085540771484e-01,-8.703789790160953999e-04,6.006984710693359375e-01,-9.912390261888504028e-02,1.620543599128723145e-01,-1.352266073226928711e-01,4.763028025627136230e-01,-4.779106676578521729e-01,-2.046559572219848633e+00,1.586070775985717773e+00,-1.399999976158142090e+00,8.541042208671569824e-01,-7.793305814266204834e-02,-2.615232467651367188e-01,5.537059903144836426e-01,-1.143899083137512207e+00,-1.813436269760131836e+00,-1.148792356252670288e-01,-3.163146078586578369e-01,-3.550848662853240967e-01,-9.536676108837127686e-02,-1.182553887367248535e+00
2.166621237993240356e-01,3.661985397338867188e-01,7.951846718788146973e-01,-1.583576574921607971e-02,-2.987136878073215485e-02,9.336975216865539551e-01,3.564629852771759033e-01,-2.582106366753578186e-02,1.655436158180236816e-01,3.174010515213012695e-01,5.492925047874450684e-01,-4.243138432502746582e-01,7.099650800228118896e-02,6.292349845170974731e-02,-3.839600682258605957e-01,-5.937886610627174377e-02,4.200695455074310303e-01,9.358531236648559570e-02,2.111153602600097656e-01,-1.510950326919555664e-01,3.688910007476806641e-01,-5.183647274971008301e-01,-1.844866037368774414e+00,1.673835635185241699e+00,-1.389767527580261230e+00,7.329028844833374023e-01,-9.760485589504241943e-02,-2.954123914241790771e-01,4.565297365188598633e-01,-1.222458839416503906e+00,-1.662122130393981934e+00,-2.422649413347244263e-01,-2.748990356922149658e-01,-4.073832035064697266e-01,-4.209747537970542908e-02,-1.315155029296875000e+00
2.214244902133941650e-01,3.688581883907318115e-01,8.183770179748535156e-01,-3.504522144794464111e-02,-3.807296976447105408e-02,9.438360333442687988e-01,3.263369798660278320e-01,1.093821786344051361e-02,1.883810907602310181e-01,2.358448654413223267e-01,3.385615646839141846e-01,-1.462019383907318115e-01,-1.065959315747022629e-02,1.050860881805419922e-01,-2.717084586620330811e-01,-1.390428543090820312e-01,2.461125105619430542e-01,3.347336649894714355e-01,2.617999315261840820e-01,-1.799170970916748047e-01,1.875054538249969482e-01,-5.199950933456420898e-01,-1.653644442558288574e+00,1.682425737380981445e+00,-1.325603246688842773e+00,6.140830516815185547e-01,-1.539391875267028809e-01,-3.420446217060089111e-01,3.561504781246185303e-01,-1.240399241447448730e+00,-1.531301140785217285e+00,-4.342650175094604492e-01,-2.080384790897369385e-01,-5.336757302284240723e-01,5.753068625926971436e-02,-1.481489419937133789e+00
2.277878075838088989e-01,3.782284557819366455e-01,8.478714823722839355e-01,-4.030540958046913147e-02,-5.095931142568588257e-02,9.588444828987121582e-01,2.763980329036712646e-01,3.946401178836822510e-02,2.162641733884811401e-01,1.114021018147468567e-01,1.576461344957351685e-01,1.572117656469345093e-01,-1.023955270648002625e-01,9.645669162273406982e-02,-1.657156795263290405e-01,-2.385126203298568726e-01,1.691355258226394653e-01,4.777267277240753174e-01,2.617999911308288574e-01,-1.016519889235496521e-01,-7.932895421981811523e-02,-5.199999809265136719e-01,-1.126856446266174316e+00,1.392042398452758789e+00,-9.349477291107177734e-01,5.180759429931640625e-01,-1.593303680419921875e-01,-3.757098913192749023e-01,2.988595068454742432e-01,-1.068698883056640625e+00,-1.510959625244140625e+00,-7.221432328224182129e-01,-2.599385976791381836e-01,-6.766924858093261719e-01,1.519388109445571899e-01,-1.549786686897277832e+00
2.278035432100296021e-01,3.764640688896179199e-01,8.777481913566589355e-01,-5.079596862196922302e-02,-4.481083527207374573e-02,9.660688638687133789e-01,2.492442876100540161e-01,1.468710787594318390e-02,2.236837893724441528e-01,1.001070439815521240e-01,1.190528720617294312e-01,2.627778649330139160e-01,-1.490488350391387939e-01,6.001130864024162292e-02,-1.262650340795516968e-01,-2.841340005397796631e-01,1.276737749576568604e-01,4.778275489807128906e-01,2.617999911308288574e-01,-9.337341412901878357e-03,-1.770329773426055908e-01,-5.199999809265136719e-01,-8.074206709861755371e-01,1.151946187019348145e+00,-7.000997662544250488e-01,4.104759395122528076e-01,5.591894499957561493e-03,-3.920445740222930908e-01,3.277766406536102295e-01,-1.067082762718200684e+00,-1.505349755287170410e+00,-6.911514997482299805e-01,-2.798768281936645508e-01,-5.776686668395996094e-01,1.739547252655029297e-01,-1.588622927665710449e+00
2.252622991800308228e-01,3.752903640270233154e-01,9.024687409400939941e-01,-6.893654167652130127e-02,-4.353713616728782654e-02,9.747857451438903809e-01,2.077137976884841919e-01,-4.605587944388389587e-02,2.725514173507690430e-01,9.169791638851165771e-02,1.119464859366416931e-01,3.559667766094207764e-01,-2.179668396711349487e-01,-1.293001044541597366e-02,-6.388377398252487183e-02,-3.275683224201202393e-01,1.098465248942375183e-01,5.094606876373291016e-01,2.617999911308288574e-01,3.647085279226303101e-02,-3.720823228359222412e-01,-4.331996440887451172e-01,-7.706009149551391602e-01,1.024694323539733887e+00,-7.350996136665344238e-01,3.255795240402221680e-01,9.689876437187194824e-02,-4.204902350902557373e-01,2.940402328968048096e-01,-1.138421893119812012e+00,-1.446807980537414551e+00,-6.120518445968627930e-01,-1.452602148056030273e-01,-4.835481643676757812e-01,1.932518631219863892e-01,-1.549553990364074707e+00
2.259181290864944458e-01,3.733483552932739258e-01,9.182827472686767578e-01,-6.149998679757118225e-02,-3.986017405986785889e-02,9.885418415069580078e-01,1.319618970155715942e-01,-1.553002744913101196e-01,3.142937719821929932e-01,1.259744614362716675e-01,1.853206604719161987e-01,2.758346199989318848e-01,-1.939614266157150269e-01,-6.260292232036590576e-02,-6.693732738494873047e-02,-3.366251885890960693e-01,8.984102308750152588e-02,4.365744590759277344e-01,2.617999911308288574e-01,8.439173549413681030e-02,-5.114827156066894531e-01,-2.273791730403900146e-01,-8.715363740921020508e-01,8.783816695213317871e-01,-8.347157239913940430e-01,2.031820416450500488e-01,1.320997923612594604e-01,-4.005412459373474121e-01,2.487970292568206787e-01,-1.316093444824218750e+00,-1.541519165039062500e+00,-2.412273138761520386e-01,3.992548584938049316e-01,-1.641165912151336670e-01,5.186225846409797668e-02,-1.232720971107482910e+00
2.284367680549621582e-01,3.743019998073577881e-01,9.243437647819519043e-01,-3.669999167323112488e-02,-5.803722888231277466e-02,9.958534240722656250e-01,5.967156961560249329e-02,-2.362200617790222168e-01,3.645551204681396484e-01,1.589380353689193726e-01,3.118596076965332031e-01,1.881899088621139526e-01,-1.738331019878387451e-01,-8.024290204048156738e-02,-7.510112971067428589e-02,-3.206059336662292480e-01,1.134992837905883789e-01,4.123917520046234131e-01,2.617999911308288574e-01,1.635239571332931519e-01,-5.199999809265136719e-01,-3.914317581802606583e-03,-8.918672204017639160e-01,7.431712150573730469e-01,-8.884158134460449219e-01,9.308469295501708984e-02,3.615556657314300537e-02,-4.052302837371826172e-01,1.590646803379058838e-01,-1.571058988571166992e+00,-1.536055326461791992e+00,3.173674345016479492e-01,7.883439064025878906e-01,-7.692751288414001465e-02,-2.277209609746932983e-02,-7.998000383377075195e-01
2.301392853260040283e-01,3.719702064990997314e-01,9.238656759262084961e-01,-4.045148193836212158e-02,-6.396966427564620972e-02,9.971303939819335938e-01,1.585721969604492188e-03,-3.002809286117553711e-01,3.681351840496063232e-01,1.830262839794158936e-01,3.257642090320587158e-01,1.792031377553939819e-01,-1.829585433006286621e-01,-1.125478670001029968e-01,-1.542452871799468994e-01,-2.932975590229034424e-01,1.510040163993835449e-01,4.218690097332000732e-01,2.617999911308288574e-01,1.580763459205627441e-01,-5.140946507453918457e-01,9.987848997116088867e-02,-8.860061764717102051e-01,6.971758604049682617e-01,-9.017726778984069824e-01,8.330930024385452271e-03,-5.160141736268997192e-02,-4.133535325527191162e-01,7.510701566934585571e-02,-1.973257780075073242e+00,-1.303417682647705078e+00,9.920914769172668457e-01,1.129949331283569336e+00,-1.835606247186660767e-01,-3.172520920634269714e-02,-3.557998239994049072e-01
2.288918793201446533e-01,3.596693575382232666e-01,9.191322922706604004e-01,-4.137265682220458984e-02,-8.275305479764938354e-02,9.946288466453552246e-01,-4.640829563140869141e-02,-3.710043430328369141e-01,3.934734761714935303e-01,1.905417144298553467e-01,3.272491991519927979e-01,1.494504660367965698e-01,-1.755068898200988770e-01,-1.162815168499946594e-01,-2.332179546356201172e-01,-2.992491126060485840e-01,1.717973351478576660e-01,4.117245078086853027e-01,2.617999911308288574e-01,1.801900863647460938e-01,-5.028030276298522949e-01,1.528930515050888062e-01,-8.714967370033264160e-01,6.745190620422363281e-01,-8.994902968406677246e-01,-3.471685200929641724e-02,-6.869796663522720337e-02,-4.150003790855407715e-01,3.041790053248405457e-02,-1.942417979240417480e+00,-1.140648007392883301e+00,1.168637752532958984e+00,1.172809123992919922e+00,-2.778355777263641357e-01,-7.347413152456283569e-02,-8.207111060619354248e-02
2.253700345754623413e-01,3.452941775321960449e-01,9.112483263015747070e-01,-4.831768572330474854e-02,-1.184316948056221008e-01,9.857434034347534180e-01,-1.093128025531768799e-01,-4.290943145751953125e-01,4.233523309230804443e-01,1.466829925775527954e-01,2.717602849006652832e-01,1.475614607334136963e-01,-1.810827702283859253e-01,-7.753337174654006958e-02,-3.070906400680541992e-01,-2.909366488456726074e-01,1.944808214902877808e-01,4.283800125122070312e-01,2.617999911308288574e-01,2.435565441846847534e-01,-4.249286949634552002e-01,2.197686433792114258e-01,-8.024926185607910156e-01,6.546535491943359375e-01,-8.486579656600952148e-01,-5.810306593775749207e-02,-1.013799905776977539e-01,-4.323046803474426270e-01,4.392878338694572449e-02,-1.763684988021850586e+00,-9.228405356407165527e-01,1.245723128318786621e+00,1.047322988510131836e+00,-3.334732651710510254e-01,-1.264903992414474487e-01,3.232212737202644348e-02
2.218490391969680786e-01,3.275717496871948242e-01,8.990340828895568848e-01,-6.768354028463363647e-02,-1.555923074483871460e-01,9.711039066314697266e-01,-1.678309142589569092e-01,-4.929636418819427490e-01,4.478973150253295898e-01,1.143677905201911926e-01,2.367535382509231567e-01,7.507469505071640015e-02,-1.656388640403747559e-01,-1.619581878185272217e-02,-3.642330169677734375e-01,-2.821897566318511963e-01,2.083314061164855957e-01,3.994610309600830078e-01,2.617999911308288574e-01,3.264612853527069092e-01,-3.742325305938720703e-01,2.687214016914367676e-01,-6.649408340454101562e-01,6.822782158851623535e-01,-7.436968684196472168e-01,-4.916552826762199402e-02,-3.232365101575851440e-02,-4.494199752807617188e-01,1.155001372098922729e-01,-1.485646367073059082e+00,-7.265755534172058105e-01,1.180368781089782715e+00,9.351976513862609863e-01,-3.323055803775787354e-01,-1.453883647918701172e-01,1.083817780017852783e-01
2.175578325986862183e-01,3.129906356334686279e-01,8.848971128463745117e-01,-9.111300110816955566e-02,-1.884315162897109985e-01,9.546141028404235840e-01,-2.119053453207015991e-01,-5.618309378623962402e-01,4.732248485088348389e-01,1.091390252113342285e-01,2.157334834337234497e-01,-1.902299001812934875e-02,-1.418859362602233887e-01,4.108203202486038208e-02,-4.131012260913848877e-01,-2.271656841039657593e-01,2.336815446615219116e-01,3.306061625480651855e-01,2.617999911308288574e-01,4.031642973423004150e-01,-3.208458423614501953e-01,3.098618388175964355e-01,-5.197985172271728516e-01,6.966248154640197754e-01,-6.231632232666015625e-01,-1.515927910804748535e-02,2.412109822034835815e-02,-4.445615410804748535e-01,2.254666537046432495e-01,-1.212066888809204102e+00,-5.160590410232543945e-01,1.077092647552490234e+00,8.600080013275146484e-01,-3.328721821308135986e-01,-1.220361068844795227e-01,9.219539165496826172e-02
2.130796909332275391e-01,2.968268692493438721e-01,8.708757162094116211e-01,-1.163567081093788147e-01,-2.098443210124969482e-01,9.409449696540832520e-01,-2.388495206832885742e-01,-6.199513673782348633e-01,4.635810852050781250e-01,5.272870883345603943e-02,2.180321365594863892e-01,-1.293835788965225220e-01,-9.562801569700241089e-02,7.307592779397964478e-02,-4.665309488773345947e-01,-1.702205836772918701e-01,2.971159219741821289e-01,2.708427906036376953e-01,2.397186607122421265e-01,4.668618142604827881e-01,-2.744338512420654297e-01,3.230544030666351318e-01,-3.668966889381408691e-01,7.495125532150268555e-01,-5.095856785774230957e-01,1.579044014215469360e-02,7.595891505479812622e-02,-4.300448298454284668e-01,3.353935480117797852e-01,-1.036605834960937500e+00,-3.695303201675415039e-01,1.001814126968383789e+00,8.232151865959167480e-01,-3.276147842407226562e-01,-1.044222787022590637e-01,4.357771947979927063e-02
2.082638144493103027e-01,2.838691771030426025e-01,8.586964607238769531e-01,-1.304997205734252930e-01,-2.248924523591995239e-01,9.307914376258850098e-01,-2.569445371627807617e-01,-6.622288823127746582e-01,4.583074450492858887e-01,4.699900746345520020e-02,2.507518231868743896e-01,-2.041714340448379517e-01,-4.077743738889694214e-02,9.578340500593185425e-02,-4.883601963520050049e-01,-1.480163484811782837e-01,3.542878329753875732e-01,2.277411371469497681e-01,2.031024545431137085e-01,4.825040400028228760e-01,-2.526129186153411865e-01,3.472443222999572754e-01,-2.785598635673522949e-01,7.674300074577331543e-01,-4.421329200267791748e-01,1.238447055220603943e-01,1.260190308094024658e-01,-4.073227345943450928e-01,3.765538036823272705e-01,-9.804486632347106934e-01,-3.154082596302032471e-01,9.638515710830688477e-01,7.700625658035278320e-01,-3.132052421569824219e-01,-1.082966402173042297e-01,1.300441753119230270e-02
2.048353403806686401e-01,2.488594204187393188e-01,8.485958576202392578e-01,-1.418150812387466431e-01,-2.406994551420211792e-01,9.196739196777343750e-01,-2.759567499160766602e-01,-7.014431357383728027e-01,4.207552671432495117e-01,1.452956255525350571e-02,3.077345788478851318e-01,-3.114460706710815430e-01,3.246730193495750427e-02,8.606682717800140381e-02,-5.034022331237792969e-01,-1.027043163776397705e-01,5.343548059463500977e-01,1.324658989906311035e-01,1.228350773453712463e-01,4.801435768604278564e-01,-2.293244451284408569e-01,3.730922341346740723e-01,-1.662104576826095581e-01,7.808186411857604980e-01,-3.836756944656372070e-01,3.496158719062805176e-01,1.132626608014106750e-01,-3.373809456825256348e-01,3.947558999061584473e-01,-9.020430445671081543e-01,-1.960262954235076904e-01,9.051846861839294434e-01,6.382318139076232910e-01,-2.523196637630462646e-01,-8.566255867481231689e-02,-8.049517869949340820e-02
2.017715275287628174e-01,2.253388166427612305e-01,8.408949971199035645e-01,-1.468419283628463745e-01,-2.310577481985092163e-01,9.138424992561340332e-01,-2.999027073383331299e-01,-7.222253680229187012e-01,3.368397653102874756e-01,-3.930055722594261169e-02,3.967109024524688721e-01,-3.724487721920013428e-01,9.133738279342651367e-02,1.522700116038322449e-02,-5.304417610168457031e-01,-5.900359526276588440e-02,8.251220583915710449e-01,2.873335499316453934e-03,1.575548015534877777e-02,4.535479843616485596e-01,-2.089379578828811646e-01,4.251270592212677002e-01,-1.294865608215332031e-01,7.376524209976196289e-01,-3.268820047378540039e-01,7.015944123268127441e-01,5.308308824896812439e-02,-2.363035082817077637e-01,3.426520824432373047e-01,-8.892494440078735352e-01,-1.062738597393035889e-01,8.952698111534118652e-01,4.838121831417083740e-01,-1.844747364521026611e-01,-6.312769651412963867e-02,-9.688688814640045166e-02
1.969356387853622437e-01,2.155567854642868042e-01,8.378515243530273438e-01,-1.561490148305892944e-01,-2.129399776458740234e-01,9.086854457855224609e-01,-3.233648538589477539e-01,-7.385698556900024414e-01,2.514141499996185303e-01,-7.798167318105697632e-02,4.573383927345275879e-01,-3.627373874187469482e-01,1.242377310991287231e-01,-8.793137222528457642e-02,-4.650688469409942627e-01,3.355753049254417419e-02,1.119611024856567383e+00,-9.653276950120925903e-02,-2.166194655001163483e-02,4.025948643684387207e-01,-2.051245272159576416e-01,4.642598628997802734e-01,-8.750203251838684082e-02,6.856639981269836426e-01,-2.986451089382171631e-01,9.423788785934448242e-01,-3.271622583270072937e-02,-2.010811716318130493e-01,2.530333399772644043e-01,-9.194930791854858398e-01,-5.758412554860115051e-02,9.035766124725341797e-01,3.858674466609954834e-01,-1.472105532884597778e-01,-6.446661800146102905e-02,-1.061001196503639221e-01
1.927955299615859985e-01,2.034723758697509766e-01,8.409982919692993164e-01,-1.677366048097610474e-01,-2.050984352827072144e-01,9.031102657318115234e-01,-3.379214107990264893e-01,-7.352690696716308594e-01,1.911623626947402954e-01,-1.199882924556732178e-01,4.646619558334350586e-01,-3.285071551799774170e-01,1.224541291594505310e-01,-1.938487440347671509e-01,-3.432942330837249756e-01,8.796112984418869019e-02,1.323812246322631836e+00,-1.579645425081253052e-01,-3.219594061374664307e-02,3.707767128944396973e-01,-1.925030648708343506e-01,4.678843319416046143e-01,-1.051568333059549332e-02,6.602031588554382324e-01,-3.004568517208099365e-01,1.029900312423706055e+00,-4.613420739769935608e-02,-1.911742240190505981e-01,1.767052412033081055e-01,-9.355747699737548828e-01,-5.130282789468765259e-02,8.976727724075317383e-01,2.885471582412719727e-01,-1.173084378242492676e-01,-7.571471482515335083e-02,-8.324999362230300903e-02
1.869385689496994019e-01,1.903901100158691406e-01,8.480229377746582031e-01,-1.671997904777526855e-01,-1.980981826782226562e-01,9.012596607208251953e-01,-3.471777141094207764e-01,-7.036531567573547363e-01,1.591008752584457397e-01,-1.436188966035842896e-01,4.594080746173858643e-01,-2.809689640998840332e-01,1.101407706737518311e-01,-2.834194302558898926e-01,-2.236282378435134888e-01,6.746590882539749146e-02,1.436717391014099121e+00,-1.828939467668533325e-01,-3.963948041200637817e-02,3.567535579204559326e-01,-1.785576194524765015e-01,4.621556997299194336e-01,5.772173777222633362e-02,6.326518654823303223e-01,-3.039438426494598389e-01,1.077108383178710938e+00,-4.347851872444152832e-02,-1.810127794742584229e-01,1.140249595046043396e-01,-9.362053871154785156e-01,-5.209199339151382446e-02,8.858473300933837891e-01,2.241460531949996948e-01,-7.935670763254165649e-02,-7.866019755601882935e-02,-5.079455301165580750e-02
1.789717674255371094e-01,1.757859587669372559e-01,8.575143218040466309e-01,-1.628871262073516846e-01,-1.940165609121322632e-01,9.003561139106750488e-01,-3.538137674331665039e-01,-6.554359793663024902e-01,1.423479914665222168e-01,-1.726274788379669189e-01,4.244133532047271729e-01,-2.176565974950790405e-01,8.148822188377380371e-02,-3.669619262218475342e-01,-1.178378388285636902e-01,7.747267372906208038e-03,1.434912800788879395e+00,-2.134407460689544678e-01,-5.530049651861190796e-02,3.460063040256500244e-01,-1.608015149831771851e-01,4.458934664726257324e-01,1.394819021224975586e-01,6.032918095588684082e-01,-3.170307576656341553e-01,1.087710618972778320e+00,-2.918904414400458336e-03,-1.727190315723419189e-01,5.120320245623588562e-02,-9.340682625770568848e-01,-6.980237364768981934e-02,8.708792328834533691e-01,1.607460379600524902e-01,-7.352086156606674194e-02,-7.435949891805648804e-02,-1.922958530485630035e-02
1.689262390136718750e-01,1.596972197294235229e-01,8.680076003074645996e-01,-1.523979604244232178e-01,-1.854882836341857910e-01,9.014622569084167480e-01,-3.601871728897094727e-01,-5.776485204696655273e-01,1.311325281858444214e-01,-1.867087036371231079e-01,3.617289662361145020e-01,-1.410969644784927368e-01,5.395985767245292664e-02,-4.271636307239532471e-01,-2.964192070066928864e-02,-7.121930271387100220e-02,1.309607863426208496e+00,-2.180829197168350220e-01,-6.056311726570129395e-02,3.301441073417663574e-01,-1.373692303895950317e-01,4.403921067714691162e-01,2.169993817806243896e-01,5.639504790306091309e-01,-3.414045572280883789e-01,1.083882808685302734e+00,4.312056675553321838e-02,-1.779183447360992432e-01,1.648548804223537445e-02,-9.209215044975280762e-01,-1.046265140175819397e-01,8.574478030204772949e-01,1.134703010320663452e-01,-7.899361103773117065e-02,-8.574642241001129150e-02,-1.702980883419513702e-02
1.590888798236846924e-01,1.419857442378997803e-01,8.798406124114990234e-01,-1.427419185638427734e-01,-1.760879307985305786e-01,9.005959033966064453e-01,-3.708703815937042236e-01,-4.892587661743164062e-01,1.130270585417747498e-01,-2.194906920194625854e-01,2.789666652679443359e-01,-6.431555747985839844e-02,3.946548793464899063e-03,-4.486256241798400879e-01,3.542260825634002686e-02,-1.193714514374732971e-01,1.093911767005920410e+00,-2.087060809135437012e-01,-4.334608465433120728e-02,3.001729846000671387e-01,-1.160412505269050598e-01,4.308265149593353271e-01,2.755452394485473633e-01,5.117158889770507812e-01,-3.632784187793731689e-01,1.069240450859069824e+00,7.820378988981246948e-02,-1.858699917793273926e-01,-1.055143773555755615e-02,-8.975337147712707520e-01,-1.571641266345977783e-01,8.375012278556823730e-01,6.664555519819259644e-02,-1.012245789170265198e-01,-9.624876081943511963e-02,-2.019540220499038696e-02
1.496883630752563477e-01,1.237066239118576050e-01,8.909476995468139648e-01,-1.358965486288070679e-01,-1.598231643438339233e-01,8.971405625343322754e-01,-3.887512087821960449e-01,-4.042804539203643799e-01,8.204279094934463501e-02,-2.412665486335754395e-01,2.064921259880065918e-01,-4.944933112710714340e-03,-3.611141070723533630e-02,-4.609633088111877441e-01,6.348243355751037598e-02,-1.507811993360519409e-01,8.451572060585021973e-01,-1.762921214103698730e-01,-1.030106097459793091e-02,2.629023492336273193e-01,-1.015741527080535889e-01,4.262358844280242920e-01,3.064678609371185303e-01,4.542314112186431885e-01,-4.004508852958679199e-01,1.047475814819335938e+00,9.309446066617965698e-02,-2.064733803272247314e-01,-3.043881244957447052e-02,-8.691714406013488770e-01,-2.147052884101867676e-01,8.211674094200134277e-01,4.051828011870384216e-02,-1.200972050428390503e-01,-1.089645028114318848e-01,-3.600554913282394409e-02
1.398501992225646973e-01,1.051434352993965149e-01,8.997383117675781250e-01,-1.284206211566925049e-01,-1.364060044288635254e-01,8.940238356590270996e-01,-4.069680273532867432e-01,-3.429015278816223145e-01,4.794797673821449280e-02,-2.312551736831665039e-01,1.783203035593032837e-01,2.302675321698188782e-02,-5.427483841776847839e-02,-4.694297015666961670e-01,7.179038226604461670e-02,-1.620820015668869019e-01,6.428799033164978027e-01,-1.333110481500625610e-01,2.662693336606025696e-02,2.262156605720520020e-01,-9.543036669492721558e-02,4.287371635437011719e-01,3.339455425739288330e-01,4.067792296409606934e-01,-4.169705808162689209e-01,1.030066728591918945e+00,9.270587563514709473e-02,-2.212750613689422607e-01,-4.580274969339370728e-02,-8.478392362594604492e-01,-2.591319978237152100e-01,7.966103553771972656e-01,3.210323676466941833e-02,-1.284659504890441895e-01,-1.104844287037849426e-01,-5.055909231305122375e-02
1.320409029722213745e-01,8.835668861865997314e-02,9.033399820327758789e-01,-1.307491958141326904e-01,-9.828188270330429077e-02,8.853839039802551270e-01,-4.351328909397125244e-01,-2.824793756008148193e-01,-2.946846187114715576e-02,-2.347050011157989502e-01,1.676917970180511475e-01,3.830086812376976013e-02,-6.938294321298599243e-02,-4.630926549434661865e-01,2.659951336681842804e-02,-1.384661197662353516e-01,3.749735951423645020e-01,-2.954153344035148621e-02,1.045691519975662231e-01,1.630773842334747314e-01,-9.935870766639709473e-02,4.469477236270904541e-01,3.288467228412628174e-01,3.533029258251190186e-01,-4.498886168003082275e-01,9.915289282798767090e-01,1.121074780821800232e-01,-2.441890388727188110e-01,-5.967417359352111816e-02,-8.170832991600036621e-01,-3.482857644557952881e-01,7.727218270301818848e-01,1.489410083740949631e-02,-1.483191698789596558e-01,-1.153895556926727295e-01,-6.469353288412094116e-02
1.204331815242767334e-01,6.864743679761886597e-02,9.017254710197448730e-01,-1.096922308206558228e-01,-5.294839292764663696e-02,8.729517459869384766e-01,-4.723551273345947266e-01,-1.450735181570053101e-01,-9.048388898372650146e-02,-2.672898471355438232e-01,1.522183865308761597e-01,8.453696966171264648e-03,-6.003411114215850830e-02,-3.997946381568908691e-01,-2.877167798578739166e-02,-1.115209981799125671e-01,1.599661111831665039e-01,4.800944030284881592e-02,1.828199476003646851e-01,9.210368990898132324e-02,-9.001508355140686035e-02,4.614087641239166260e-01,3.788334131240844727e-01,2.956036031246185303e-01,-4.705013930797576904e-01,9.551984071731567383e-01,1.401217281818389893e-01,-2.654343247413635254e-01,-5.946515500545501709e-02,-7.504761815071105957e-01,-4.268328845500946045e-01,7.480704188346862793e-01,3.349746344611048698e-03,-1.779754906892776489e-01,-1.123508363962173462e-01,-7.639008015394210815e-02
1.134641990065574646e-01,5.437401682138442993e-02,8.966113924980163574e-01,-8.703421056270599365e-02,-1.749131083488464355e-02,8.571985363960266113e-01,-5.072768330574035645e-01,-5.036270245909690857e-02,-1.317420303821563721e-01,-2.982161641120910645e-01,1.700114607810974121e-01,-2.139783650636672974e-02,-4.122222587466239929e-02,-4.003827571868896484e-01,-8.889225125312805176e-02,-9.370877593755722046e-02,8.056025207042694092e-02,1.119099035859107971e-01,2.356230914592742920e-01,3.579404950141906738e-02,-9.048371762037277222e-02,4.769137501716613770e-01,3.812088668346405029e-01,2.721751630306243896e-01,-4.989040195941925049e-01,9.040586352348327637e-01,1.761412620544433594e-01,-2.820631861686706543e-01,-6.067324802279472351e-02,-6.956791877746582031e-01,-5.098233222961425781e-01,7.311104536056518555e-01,-1.259264536201953888e-02,-2.135146707296371460e-01,-1.171625405550003052e-01,-7.586478441953659058e-02
1.049863919615745544e-01,3.989995270967483521e-02,8.876023292541503906e-01,-6.793340295553207397e-02,1.012612693011760712e-02,8.434008359909057617e-01,-5.328767299652099609e-01,-1.888114638859406114e-04,-1.722490936517715454e-01,-3.315521478652954102e-01,2.292960584163665771e-01,-5.597721040248870850e-02,-2.741863578557968140e-02,-4.099421203136444092e-01,-1.341526508331298828e-01,-6.479568779468536377e-02,6.049582734704017639e-02,1.253456622362136841e-01,2.537444531917572021e-01,3.562139580026268959e-03,-8.882764726877212524e-02,4.858147501945495605e-01,3.417170345783233643e-01,2.799418568611145020e-01,-5.311681628227233887e-01,8.646804094314575195e-01,2.224275916814804077e-01,-2.812754213809967041e-01,-5.296946689486503601e-02,-6.482644081115722656e-01,-6.144219040870666504e-01,7.246636152267456055e-01,-8.920853026211261749e-03,-2.649485468864440918e-01,-1.270774751901626587e-01,-6.612424552440643311e-02
9.429679065942764282e-02,2.408144250512123108e-02,8.741568922996520996e-01,-5.787856504321098328e-02,2.579784579575061798e-02,8.310098648071289062e-01,-5.526365637779235840e-01,3.173548728227615356e-02,-2.041902840137481689e-01,-3.421015441417694092e-01,2.872417569160461426e-01,-9.262387454509735107e-02,-2.500170841813087463e-02,-4.145559966564178467e-01,-1.674540191888809204e-01,-6.665498018264770508e-02,7.295881956815719604e-02,1.103585436940193176e-01,2.472658306360244751e-01,-1.975044980645179749e-02,-8.443813771009445190e-02,4.811072647571563721e-01,3.122392892837524414e-01,2.824690639972686768e-01,-5.414309501647949219e-01,8.443580865859985352e-01,2.383060604333877563e-01,-2.813508808612823486e-01,-4.179527983069419861e-02,-5.867721438407897949e-01,-6.870995759963989258e-01,7.009879350662231445e-01,1.464317901991307735e-03,-2.788444757461547852e-01,-1.398739069700241089e-01,-7.023153454065322876e-02
8.597066253423690796e-02,1.226063072681427002e-02,8.607123494148254395e-01,-6.250265240669250488e-02,2.837713807821273804e-02,8.288916945457458496e-01,-5.551817417144775391e-01,-4.776563867926597595e-02,-2.434909343719482422e-01,-2.889662981033325195e-01,5.012937188148498535e-01,-1.616106927394866943e-01,-3.899683430790901184e-02,-4.839850962162017822e-01,-1.823105514049530029e-01,-4.375055432319641113e-02,1.491073071956634521e-01,1.195123568177223206e-01,2.103382647037506104e-01,4.703287035226821899e-03,-6.033917516469955444e-02,4.877022206783294678e-01,1.924675852060317993e-01,3.090335428714752197e-01,-5.335432887077331543e-01,8.270373344421386719e-01,2.450352162122726440e-01,-2.713352739810943604e-01,1.145639689639210701e-03,-5.428915619850158691e-01,-7.757921218872070312e-01,6.610587239265441895e-01,3.532803058624267578e-02,-3.263615667819976807e-01,-1.495346426963806152e-01,-8.713071048259735107e-02
7.167356461286544800e-02,-5.407312419265508652e-03,8.527284264564514160e-01,-5.910950526595115662e-02,2.791877463459968567e-02,8.189944624900817871e-01,-5.700654983520507812e-01,-7.467079907655715942e-02,-2.567162215709686279e-01,-2.808592021465301514e-01,6.760147809982299805e-01,-1.836926937103271484e-01,-7.308089733123779297e-02,-5.065955519676208496e-01,-1.930774152278900146e-01,-4.774064943194389343e-02,2.743446230888366699e-01,6.277395039796829224e-02,1.535195708274841309e-01,6.625192705541849136e-03,-3.038127347826957703e-02,4.772525727748870850e-01,1.348328143358230591e-01,3.156254887580871582e-01,-5.190768837928771973e-01,8.529719114303588867e-01,2.205563932657241821e-01,-2.614891231060028076e-01,6.304586678743362427e-02,-4.729104042053222656e-01,-8.379033803939819336e-01,6.461856961250305176e-01,1.042733192443847656e-01,-3.476704657077789307e-01,-1.581420302391052246e-01,-1.046237200498580933e-01
5.767790228128433228e-02,-2.222062088549137115e-02,8.515688180923461914e-01,-5.379269272089004517e-02,3.230118751525878906e-02,8.090730905532836914e-01,-5.843489766120910645e-01,-1.415228545665740967e-01,-2.422926723957061768e-01,-2.312651723623275757e-01,8.493923544883728027e-01,-1.675021499395370483e-01,-9.388252347707748413e-02,-5.075912475585937500e-01,-2.079889923334121704e-01,-5.213203281164169312e-02,3.787603676319122314e-01,-8.709095418453216553e-03,1.000037565827369690e-01,1.428736001253128052e-02,-1.158582884818315506e-02,4.611450135707855225e-01,7.346194237470626831e-02,3.266275227069854736e-01,-5.115066766738891602e-01,8.801784515380859375e-01,1.964697241783142090e-01,-2.438603043556213379e-01,1.062164753675460815e-01,-3.988138139247894287e-01,-8.367162942886352539e-01,6.394062042236328125e-01,2.235619574785232544e-01,-3.497384488582611084e-01,-1.633386909961700439e-01,-1.231183782219886780e-01
5.130277574062347412e-02,-3.515282273292541504e-02,8.546549081802368164e-01,-5.380121991038322449e-02,3.592378273606300354e-02,8.013941645622253418e-01,-5.946279168128967285e-01,-2.139411270618438721e-01,-2.314710468053817749e-01,-1.703789830207824707e-01,9.801484942436218262e-01,-1.274995952844619751e-01,-1.060783416032791138e-01,-4.954566955566406250e-01,-2.242127954959869385e-01,-4.814142361283302307e-02,4.194180369377136230e-01,-4.158370196819305420e-02,6.891690939664840698e-02,1.475040800869464874e-02,-9.572166018187999725e-03,4.299309849739074707e-01,3.529815003275871277e-02,3.386203050613403320e-01,-4.923749864101409912e-01,8.850440382957458496e-01,1.646003723144531250e-01,-2.352687269449234009e-01,1.198598444461822510e-01,-3.254913687705993652e-01,-8.032478690147399902e-01,6.238240003585815430e-01,3.528796732425689697e-01,-3.320256769657135010e-01,-1.618532091379165649e-01,-1.151392012834548950e-01
4.852426797151565552e-02,-4.991703853011131287e-02,8.603674769401550293e-01,-5.693766474723815918e-02,3.515485674142837524e-02,7.962843775749206543e-01,-6.012099981307983398e-01,-2.660250067710876465e-01,-2.262673974037170410e-01,-1.332612782716751099e-01,1.048232316970825195e+00,-9.988886117935180664e-02,-1.096039190888404846e-01,-4.742764532566070557e-01,-2.353148907423019409e-01,-4.325654357671737671e-02,4.167159795761108398e-01,-5.083663016557693481e-02,5.431346595287322998e-02,1.631070487201213837e-02,-1.119106076657772064e-02,3.986195027828216553e-01,3.044565673917531967e-03,3.506952524185180664e-01,-4.781780838966369629e-01,8.583859205245971680e-01,1.294070482254028320e-01,-2.369605600833892822e-01,1.215854287147521973e-01,-2.668274044990539551e-01,-7.629927992820739746e-01,6.085116267204284668e-01,4.600829184055328369e-01,-3.162273466587066650e-01,-1.633908450603485107e-01,-9.344088286161422729e-02
4.471125453710556030e-02,-6.189984083175659180e-02,8.680315613746643066e-01,-5.925675109028816223e-02,3.824757784605026245e-02,7.945526242256164551e-01,-6.030852794647216797e-01,-2.841419279575347900e-01,-2.175457626581192017e-01,-1.149636730551719666e-01,1.058323383331298828e+00,-9.851275384426116943e-02,-9.614481031894683838e-02,-4.406884312629699707e-01,-2.432767152786254883e-01,-3.688100352883338928e-02,3.898558318614959717e-01,-4.217671975493431091e-02,5.734575912356376648e-02,1.792676001787185669e-02,-1.919535361230373383e-02,3.759511709213256836e-01,-1.887736283242702484e-02,3.609368503093719482e-01,-4.621745645999908447e-01,8.247852921485900879e-01,9.718900918960571289e-02,-2.417561709880828857e-01,1.318090707063674927e-01,-2.276613414287567139e-01,-7.306634187698364258e-01,6.004046797752380371e-01,5.331898331642150879e-01,-3.039814233779907227e-01,-1.643145382404327393e-01,-8.609081059694290161e-02
4.476815462112426758e-02,-7.402770221233367920e-02,8.760758042335510254e-01,-6.200211495161056519e-02,4.087935760617256165e-02,7.927594780921936035e-01,-6.049934625625610352e-01,-2.869311571121215820e-01,-2.211751937866210938e-01,-1.055336669087409973e-01,1.044696331024169922e+00,-9.252199530601501465e-02,-8.742235600948333740e-02,-3.971630930900573730e-01,-2.548816800117492676e-01,-2.825614251196384430e-02,3.358175456523895264e-01,-2.451612427830696106e-02,6.870082765817642212e-02,1.582834124565124512e-02,-2.926848269999027252e-02,3.520944416522979736e-01,-4.447000846266746521e-02,3.688087165355682373e-01,-4.572311043739318848e-01,7.881939411163330078e-01,8.982712775468826294e-02,-2.516209781169891357e-01,1.284641325473785400e-01,-1.887897104024887085e-01,-6.920755505561828613e-01,5.900736451148986816e-01,6.005297899246215820e-01,-2.943715155124664307e-01,-1.607547849416732788e-01,-6.720606237649917603e-02
4.989689216017723083e-02,-7.790999859571456909e-02,8.828319907188415527e-01,-6.249945610761642456e-02,4.393904283642768860e-02,7.959912419319152832e-01,-6.004674434661865234e-01,-2.804358303546905518e-01,-2.304978966712951660e-01,-1.054866462945938110e-01,1.015957832336425781e+00,-8.445259183645248413e-02,-8.329913020133972168e-02,-3.625397086143493652e-01,-2.600254714488983154e-01,-1.271142438054084778e-02,2.705282568931579590e-01,1.606971770524978638e-02,9.206283092498779297e-02,1.206722669303417206e-02,-4.218433052301406860e-02,3.246648907661437988e-01,-7.674226909875869751e-02,3.763643503189086914e-01,-4.503172934055328369e-01,7.606795430183410645e-01,8.054137229919433594e-02,-2.573539614677429199e-01,1.217878311872482300e-01,-1.617447286844253540e-01,-6.516989469528198242e-01,5.779079198837280273e-01,6.565558314323425293e-01,-2.780203819274902344e-01,-1.656061112880706787e-01,-5.038309097290039062e-02
5.430657789111137390e-02,-8.344008028507232666e-02,8.878538012504577637e-01,-6.059214845299720764e-02,4.521042108535766602e-02,8.000999093055725098e-01,-5.950838327407836914e-01,-2.616952657699584961e-01,-2.389301061630249023e-01,-1.210291236639022827e-01,9.724680781364440918e-01,-7.876432687044143677e-02,-8.333460241556167603e-02,-3.335029482841491699e-01,-2.586410343647003174e-01,4.660625476390123367e-03,2.251522541046142578e-01,4.952016472816467285e-02,1.092262938618659973e-01,1.151751168072223663e-02,-4.832338541746139526e-02,3.044503927230834961e-01,-1.157981231808662415e-01,3.860204219818115234e-01,-4.381264150142669678e-01,7.211131453514099121e-01,7.165967673063278198e-02,-2.672274112701416016e-01,1.125111877918243408e-01,-1.439549773931503296e-01,-6.107406020164489746e-01,5.639426708221435547e-01,7.114893794059753418e-01,-2.692641317844390869e-01,-1.674845814704895020e-01,-3.179892897605895996e-02
5.750897154211997986e-02,-8.694003522396087646e-02,8.909331560134887695e-01,-5.556790530681610107e-02,4.705809801816940308e-02,8.074030280113220215e-01,-5.854896306991577148e-01,-2.318657040596008301e-01,-2.408570200204849243e-01,-1.452127099037170410e-01,9.316722154617309570e-01,-8.789290487766265869e-02,-8.546463400125503540e-02,-3.162156343460083008e-01,-2.464139908552169800e-01,3.512388467788696289e-02,2.067047208547592163e-01,7.391349971294403076e-02,1.216267421841621399e-01,2.584792207926511765e-03,-4.965557157993316650e-02,2.894852757453918457e-01,-1.541395485401153564e-01,4.005871713161468506e-01,-4.237977564334869385e-01,6.950126290321350098e-01,5.033835023641586304e-02,-2.687807381153106689e-01,1.087334826588630676e-01,-1.343931108713150024e-01,-5.846908688545227051e-01,5.547360777854919434e-01,7.409869432449340820e-01,-2.550160288810729980e-01,-1.687556654214859009e-01,-2.313626185059547424e-02
6.311802566051483154e-02,-8.769954741001129150e-02,8.906843066215515137e-01,-4.787293449044227600e-02,4.767869785428047180e-02,8.177258968353271484e-01,-5.716286301612854004e-01,-1.866355091333389282e-01,-2.476057410240173340e-01,-1.858196556568145752e-01,8.840065002441406250e-01,-1.018046513199806213e-01,-8.728586137294769287e-02,-3.071362972259521484e-01,-2.259329408407211304e-01,7.459765672683715820e-02,1.950350552797317505e-01,9.086553752422332764e-02,1.331311911344528198e-01,-1.178025174885988235e-02,-4.792514815926551819e-02,2.744722366333007812e-01,-1.940093040466308594e-01,4.198334515094757080e-01,-3.956975936889648438e-01,6.593289375305175781e-01,2.173935249447822571e-02,-2.689652740955352783e-01,1.102375537157058716e-01,-1.257039159536361694e-01,-5.576809644699096680e-01,5.317822098731994629e-01,7.822194099426269531e-01,-2.346106618642807007e-01,-1.631314009428024292e-01,-1.586924120783805847e-02
7.190191745758056641e-02,-8.601360023021697998e-02,8.873643875122070312e-01,-3.693834692239761353e-02,4.660895839333534241e-02,8.294013142585754395e-01,-5.554787516593933105e-01,-1.266525238752365112e-01,-2.516922056674957275e-01,-2.360993474721908569e-01,8.232662081718444824e-01,-1.216745600104331970e-01,-9.094556421041488647e-02,-3.046764731407165527e-01,-2.001533210277557373e-01,1.095879450440406799e-01,1.929229497909545898e-01,9.982031583786010742e-02,1.462112963199615479e-01,-3.363296017050743103e-02,-4.121611267328262329e-02,2.578003108501434326e-01,-2.278836667537689209e-01,4.494211971759796143e-01,-3.648482561111450195e-01,6.174910068511962891e-01,-6.991351023316383362e-03,-2.649601101875305176e-01,1.141695752739906311e-01,-1.174129396677017212e-01,-5.419225096702575684e-01,4.946369528770446777e-01,8.014484047889709473e-01,-2.116325199604034424e-01,-1.551034748554229736e-01,-2.139167487621307373e-02
8.010442554950714111e-02,-8.537556976079940796e-02,8.813173770904541016e-01,-2.714736387133598328e-02,4.163840413093566895e-02,8.435190320014953613e-01,-5.347942709922790527e-01,-5.895605683326721191e-02,-2.524224817752838135e-01,-3.068261146545410156e-01,7.400016784667968750e-01,-1.479071378707885742e-01,-9.377393126487731934e-02,-3.098666667938232422e-01,-1.621277779340744019e-01,1.580595672130584717e-01,1.906041204929351807e-01,9.544109553098678589e-02,1.549199819564819336e-01,-6.170669198036193848e-02,-3.138294816017150879e-02,2.438684403896331787e-01,-2.565569877624511719e-01,4.844452142715454102e-01,-3.378576040267944336e-01,5.761957168579101562e-01,-3.853232413530349731e-02,-2.603591978549957275e-01,1.241739243268966675e-01,-1.120547056198120117e-01,-5.384821891784667969e-01,4.603314101696014404e-01,7.881339788436889648e-01,-1.781095862388610840e-01,-1.498062759637832642e-01,-3.502802550792694092e-02
8.743696659803390503e-02,-8.471781015396118164e-02,8.737985491752624512e-01,-1.938945613801479340e-02,3.732686117291450500e-02,8.584054708480834961e-01,-5.112443566322326660e-01,7.109110243618488312e-03,-2.544624805450439453e-01,-3.726820647716522217e-01,6.656722426414489746e-01,-1.846362203359603882e-01,-8.601749688386917114e-02,-3.184086382389068604e-01,-1.249252632260322571e-01,2.053849995136260986e-01,1.873266994953155518e-01,8.168662339448928833e-02,1.646803766489028931e-01,-8.961144089698791504e-02,-1.847138069570064545e-02,2.343281805515289307e-01,-2.845275998115539551e-01,5.175393819808959961e-01,-3.072816729545593262e-01,5.453717112541198730e-01,-6.731335818767547607e-02,-2.542630434036254883e-01,1.369034200906753540e-01,-1.063087657094001770e-01,-5.473245382308959961e-01,4.265488386154174805e-01,7.553198933601379395e-01,-1.377947181463241577e-01,-1.459260880947113037e-01,-4.500109329819679260e-02
9.253639727830886841e-02,-8.463662117719650269e-02,8.660637140274047852e-01,-1.476197503507137299e-02,3.346292302012443542e-02,8.681715726852416992e-01,-4.949145317077636719e-01,4.728271067142486572e-02,-2.476220577955245972e-01,-3.929421305656433105e-01,6.082634925842285156e-01,-2.202503979206085205e-01,-6.694031506776809692e-02,-3.218657970428466797e-01,-9.988676011562347412e-02,2.376426905393600464e-01,1.750348061323165894e-01,5.740197747945785522e-02,1.722726225852966309e-01,-1.178713887929916382e-01,-1.191022619605064392e-02,2.377700060606002808e-01,-3.070667684078216553e-01,5.387455821037292480e-01,-2.949914932250976562e-01,5.298301577568054199e-01,-8.054896444082260132e-02,-2.476535737514495850e-01,1.392550617456436157e-01,-1.074727624654769897e-01,-5.563241243362426758e-01,4.010758697986602783e-01,7.111320495605468750e-01,-1.009419038891792297e-01,-1.425978094339370728e-01,-5.090713128447532654e-02
1.015927866101264954e-01,-8.279073238372802734e-02,8.582305312156677246e-01,-1.291375420987606049e-02,3.013596870005130768e-02,8.797010779380798340e-01,-4.743954539299011230e-01,7.680094242095947266e-02,-2.485252618789672852e-01,-4.048652052879333496e-01,5.492302775382995605e-01,-2.781960368156433105e-01,-3.418556600809097290e-02,-3.332884907722473145e-01,-7.800778001546859741e-02,2.760458290576934814e-01,1.534378081560134888e-01,5.468908697366714478e-02,1.996659934520721436e-01,-1.540444344282150269e-01,-1.179648563265800476e-02,2.409183382987976074e-01,-3.357020616531372070e-01,5.613709688186645508e-01,-2.848325073719024658e-01,5.163825154304504395e-01,-8.449481427669525146e-02,-2.399989813566207886e-01,1.568914055824279785e-01,-1.166475340723991394e-01,-5.631164908409118652e-01,3.723335862159729004e-01,6.745053529739379883e-01,-5.826875939965248108e-02,-1.369355767965316772e-01,-7.315173000097274780e-02
1.168666556477546692e-01,-6.860127300024032593e-02,8.515673279762268066e-01,-1.264076866209506989e-02,3.160888329148292542e-02,8.916497826576232910e-01,-4.514441192150115967e-01,8.225803077220916748e-02,-2.559486627578735352e-01,-3.748271167278289795e-01,5.012643337249755859e-01,-3.394399881362915039e-01,1.533129531890153885e-02,-3.482129573822021484e-01,-6.353104114532470703e-02,3.172042369842529297e-01,1.119430065155029297e-01,9.403958916664123535e-02,2.557931542396545410e-01,-1.950099021196365356e-01,-2.381146140396595001e-02,2.521616816520690918e-01,-3.585700392723083496e-01,5.708295106887817383e-01,-2.888435125350952148e-01,5.124117732048034668e-01,-7.123741507530212402e-02,-2.299573421478271484e-01,1.638866811990737915e-01,-1.354744881391525269e-01,-5.633758902549743652e-01,3.491371572017669678e-01,6.231079101562500000e-01,-1.723297499120235443e-02,-1.347649246454238892e-01,-9.611335396766662598e-02
1.294015496969223022e-01,-5.301027372479438782e-02,8.482596874237060547e-01,-1.039322558790445328e-02,3.425162658095359802e-02,9.068004488945007324e-01,-4.200378656387329102e-01,7.846883684396743774e-02,-2.518755495548248291e-01,-3.244087994098663330e-01,4.677732586860656738e-01,-3.876019120216369629e-01,4.738161712884902954e-02,-3.534483611583709717e-01,-3.550825640559196472e-02,3.206995427608489990e-01,7.663424313068389893e-02,1.426435112953186035e-01,2.617992460727691650e-01,-2.340186089277267456e-01,-4.479217529296875000e-02,2.749331593513488770e-01,-3.812245726585388184e-01,5.810891985893249512e-01,-3.209962248802185059e-01,5.248764157295227051e-01,-3.845728933811187744e-02,-2.192180454730987549e-01,1.523812264204025269e-01,-1.681686639785766602e-01,-5.536560416221618652e-01,3.480878174304962158e-01,5.686027407646179199e-01,8.476090617477893829e-03,-1.391281932592391968e-01,-1.100602224469184875e-01
1.355356872081756592e-01,-4.131441935896873474e-02,8.479700684547424316e-01,3.626431571319699287e-03,4.379330947995185852e-02,9.161453843116760254e-01,-3.984302580356597900e-01,1.409930735826492310e-01,-2.366421371698379517e-01,-2.852391600608825684e-01,3.779972195625305176e-01,-4.051237106323242188e-01,8.097624033689498901e-02,-3.204524219036102295e-01,-6.410600990056991577e-02,2.321911156177520752e-01,5.564901232719421387e-02,1.237639114260673523e-01,2.617999911308288574e-01,-2.842678129673004150e-01,-7.871890068054199219e-02,2.849917709827423096e-01,-3.569628000259399414e-01,5.871135592460632324e-01,-3.725513815879821777e-01,5.510498285293579102e-01,-1.666447147727012634e-02,-2.111772000789642334e-01,1.346750259399414062e-01,-1.576710194349288940e-01,-5.275020599365234375e-01,3.627755045890808105e-01,5.251273512840270996e-01,2.429664880037307739e-02,-1.417905986309051514e-01,-1.281989812850952148e-01
1.507991403341293335e-01,-2.537485957145690918e-02,8.483330607414245605e-01,-5.873925052583217621e-03,4.075983166694641113e-02,9.324176907539367676e-01,-3.590284287929534912e-01,7.765168696641921997e-02,-2.271079570055007935e-01,-1.943971216678619385e-01,3.904528319835662842e-01,-4.205329418182373047e-01,1.030973345041275024e-01,-3.657601773738861084e-01,-6.103557348251342773e-02,1.947808265686035156e-01,3.977978974580764771e-02,1.551492065191268921e-01,2.617999911308288574e-01,-2.676372230052947998e-01,-8.275617659091949463e-02,3.108668327331542969e-01,-3.876096606254577637e-01,5.811339616775512695e-01,-3.863826990127563477e-01,5.811239480972290039e-01,-3.798473160713911057e-03,-2.015564292669296265e-01,1.259330660104751587e-01,-2.127844393253326416e-01,-5.305517315864562988e-01,3.761231899261474609e-01,5.088696479797363281e-01,3.346225619316101074e-02,-1.371238082647323608e-01,-1.293149292469024658e-01
1.596873253583908081e-01,-1.980935968458652496e-02,8.507953882217407227e-01,2.904495224356651306e-03,4.317524284124374390e-02,9.420365095138549805e-01,-3.327081501483917236e-01,1.251426786184310913e-01,-2.175375521183013916e-01,-1.523021012544631958e-01,3.048742413520812988e-01,-4.122695326805114746e-01,1.162128373980522156e-01,-3.334480524063110352e-01,-8.958632498979568481e-02,9.452623873949050903e-02,4.526235535740852356e-02,1.114738509058952332e-01,2.617999911308288574e-01,-2.959389090538024902e-01,-9.809993207454681396e-02,3.034485280513763428e-01,-3.516002893447875977e-01,5.775581002235412598e-01,-4.200730919837951660e-01,6.195023655891418457e-01,1.587758585810661316e-02,-1.960358023643493652e-01,1.054516360163688660e-01,-1.973585635423660278e-01,-5.078455805778503418e-01,3.887695074081420898e-01,5.052863359451293945e-01,4.011816531419754028e-02,-1.344256401062011719e-01,-1.344334185123443604e-01
1.684439927339553833e-01,-8.751365356147289276e-03,8.539178967475891113e-01,-6.308685406111180782e-04,4.108620434999465942e-02,9.552763700485229492e-01,-2.928456962108612061e-01,1.152140945196151733e-01,-2.002842277288436890e-01,-7.910489290952682495e-02,2.651741802692413330e-01,-4.022521674633026123e-01,1.228784248232841492e-01,-3.268747329711914062e-01,-1.092764064669609070e-01,1.365365274250507355e-02,4.621449112892150879e-02,9.834972769021987915e-02,2.593725323677062988e-01,-2.918934524059295654e-01,-1.004500985145568848e-01,3.026280701160430908e-01,-3.414302468299865723e-01,5.697817206382751465e-01,-4.343603551387786865e-01,6.583129763603210449e-01,4.161570966243743896e-02,-1.936517804861068726e-01,9.434527158737182617e-02,-2.079650163650512695e-01,-5.073020458221435547e-01,4.109311699867248535e-01,5.101103186607360840e-01,3.231566399335861206e-02,-1.284499466419219971e-01,-1.267228871583938599e-01
1.794046312570571899e-01,2.623823471367359161e-03,8.578553795814514160e-01,-4.544118419289588928e-03,3.067453578114509583e-02,9.661235213279724121e-01,-2.562105059623718262e-01,9.848167002201080322e-02,-1.644770354032516479e-01,-1.183550246059894562e-02,2.266857475042343140e-01,-3.968775868415832520e-01,1.298116147518157959e-01,-3.076370060443878174e-01,-1.064545512199401855e-01,-3.759665042161941528e-02,6.008049473166465759e-02,8.237347006797790527e-02,2.397865056991577148e-01,-2.900034487247467041e-01,-9.024157375097274780e-02,2.955296635627746582e-01,-3.162436485290527344e-01,5.481333732604980469e-01,-4.531643390655517578e-01,7.001233100891113281e-01,5.115107819437980652e-02,-1.905729919672012329e-01,6.665352731943130493e-02,-2.094289809465408325e-01,-5.070058703422546387e-01,4.370088875293731689e-01,4.968664944171905518e-01,2.467597462236881256e-02,-1.239645332098007202e-01,-1.030768379569053650e-01
1.882583349943161011e-01,1.705524139106273651e-02,8.622201085090637207e-01,-1.043177023530006409e-02,1.963980309665203094e-02,9.741488695144653320e-01,-2.248098403215408325e-01,7.909321784973144531e-02,-1.203327998518943787e-01,5.290594324469566345e-02,1.908034384250640869e-01,-3.864459097385406494e-01,1.333599835634231567e-01,-2.846513390541076660e-01,-1.028676629066467285e-01,-6.280095130205154419e-02,8.131770789623260498e-02,6.178246065974235535e-02,2.210719287395477295e-01,-2.853258550167083740e-01,-7.427548617124557495e-02,2.855506539344787598e-01,-3.066524863243103027e-01,5.230345129966735840e-01,-4.750441610813140869e-01,7.424663901329040527e-01,5.056100338697433472e-02,-1.904001981019973755e-01,5.165300145745277405e-02,-2.102386802434921265e-01,-4.989338815212249756e-01,4.665305316448211670e-01,4.932186603546142578e-01,1.480813045054674149e-02,-1.257718950510025024e-01,-9.296867996454238892e-02
2.042707204818725586e-01,3.076919913291931152e-02,8.667492270469665527e-01,-2.272524312138557434e-02,1.132821477949619293e-02,9.816517233848571777e-01,-1.889844089746475220e-01,2.019720710813999176e-02,-8.115593343973159790e-02,1.253914237022399902e-01,1.948698163032531738e-01,-3.668893575668334961e-01,1.310493648052215576e-01,-3.121123313903808594e-01,-1.124253720045089722e-01,-8.928176015615463257e-02,1.171785965561866760e-01,6.165916100144386292e-02,2.000518292188644409e-01,-2.625628113746643066e-01,-5.696812272071838379e-02,2.983952462673187256e-01,-3.225502967834472656e-01,5.053929686546325684e-01,-4.783691167831420898e-01,7.805926799774169922e-01,4.725097119808197021e-02,-1.848537772893905640e-01,4.097830504179000854e-02,-2.410015463829040527e-01,-4.965368211269378662e-01,4.863518476486206055e-01,5.039282441139221191e-01,7.123330142349004745e-03,-1.199485063552856445e-01,-8.463481813669204712e-02
2.151081562042236328e-01,4.728130623698234558e-02,8.713348507881164551e-01,-3.080613166093826294e-02,1.658909954130649567e-03,9.876217842102050781e-01,-1.537902802228927612e-01,9.252592572011053562e-04,-3.261706605553627014e-02,1.963769793510437012e-01,1.573988199234008789e-01,-3.453044593334197998e-01,1.250900328159332275e-01,-2.915897071361541748e-01,-1.206881254911422729e-01,-1.223790496587753296e-01,1.486362665891647339e-01,2.967286482453346252e-02,1.791777908802032471e-01,-2.554711103439331055e-01,-3.411793336272239685e-02,2.884850800037384033e-01,-3.335720002651214600e-01,4.913375079631805420e-01,-4.908949732780456543e-01,8.237771391868591309e-01,5.585303157567977905e-02,-1.836591362953186035e-01,3.396897017955780029e-02,-2.502948045730590820e-01,-4.942062497138977051e-01,5.155085921287536621e-01,5.053421854972839355e-01,-1.673501171171665192e-02,-1.276478320360183716e-01,-6.737852096557617188e-02
2.295680940151214600e-01,6.331494450569152832e-02,8.758395314216613770e-01,-3.899084031581878662e-02,-8.595186285674571991e-03,9.924731850624084473e-01,-1.157704144716262817e-01,-1.390628702938556671e-02,1.766451634466648102e-02,2.819405198097229004e-01,1.101371124386787415e-01,-3.143162429332733154e-01,1.077288091182708740e-01,-2.582047283649444580e-01,-1.431991755962371826e-01,-1.800884306430816650e-01,1.785116195678710938e-01,8.478554082103073597e-04,1.574534624814987183e-01,-2.365475744009017944e-01,-1.232137437909841537e-02,2.798747718334197998e-01,-3.316346406936645508e-01,4.749951064586639404e-01,-5.130180716514587402e-01,8.762138485908508301e-01,7.040946185588836670e-02,-1.807626038789749146e-01,1.454357057809829712e-02,-2.598960101604461670e-01,-4.892989397048950195e-01,5.586543679237365723e-01,5.252185463905334473e-01,-5.771326273679733276e-02,-1.244940608739852905e-01,-3.799346089363098145e-02
2.457899749279022217e-01,7.352565228939056396e-02,8.799191117286682129e-01,-4.605092480778694153e-02,-2.064498700201511383e-02,9.953544735908508301e-01,-8.199104666709899902e-02,-2.914799749851226807e-02,6.310342252254486084e-02,3.538294732570648193e-01,7.048626244068145752e-02,-2.783937454223632812e-01,8.851817250251770020e-02,-2.183393687009811401e-01,-1.756077855825424194e-01,-2.268040627241134644e-01,2.015085816383361816e-01,-1.350240409374237061e-02,1.378343701362609863e-01,-2.102125436067581177e-01,7.492583710700273514e-03,2.645312845706939697e-01,-3.282997012138366699e-01,4.528911709785461426e-01,-5.244032740592956543e-01,9.192093610763549805e-01,6.827671080827713013e-02,-1.806842833757400513e-01,2.548724180087447166e-03,-2.642997503280639648e-01,-4.729692637920379639e-01,5.867391228675842285e-01,5.546172857284545898e-01,-8.589911460876464844e-02,-1.214284747838973999e-01,-2.582986466586589813e-02
2.571316659450531006e-01,8.289845287799835205e-02,8.825623393058776855e-01,-5.407129973173141479e-02,-2.948610670864582062e-02,9.968497753143310547e-01,-4.997376725077629089e-02,-4.328337684273719788e-02,1.027768328785896301e-01,4.127698540687561035e-01,4.448299109935760498e-02,-2.474584728479385376e-01,7.127064466476440430e-02,-1.787067353725433350e-01,-2.082038521766662598e-01,-2.622798383235931396e-01,2.032094299793243408e-01,-1.408340688794851303e-02,1.350958496332168579e-01,-1.787256896495819092e-01,1.638484559953212738e-02,2.464536428451538086e-01,-3.265719115734100342e-01,4.322382211685180664e-01,-5.346646308898925781e-01,9.662104845046997070e-01,4.803226143121719360e-02,-1.761854887008666992e-01,7.589847664348781109e-04,-2.753806412220001221e-01,-4.571281969547271729e-01,6.238633394241333008e-01,5.969578623771667480e-01,-1.067467182874679565e-01,-1.139153763651847839e-01,-1.672482118010520935e-02
2.615743875503540039e-01,8.712398260831832886e-02,8.842518329620361328e-01,-6.247917562723159790e-02,-3.641491383314132690e-02,9.970077872276306152e-01,-2.730951644480228424e-02,-5.104526877403259277e-02,1.292754709720611572e-01,4.569602608680725098e-01,2.273422665894031525e-02,-2.242670506238937378e-01,5.535162240266799927e-02,-1.503961533308029175e-01,-2.357236146926879883e-01,-2.861303389072418213e-01,1.955441832542419434e-01,5.735795479267835617e-03,1.369850933551788330e-01,-1.470782160758972168e-01,1.888290233910083771e-02,2.359180450439453125e-01,-3.324724137783050537e-01,4.143962264060974121e-01,-5.392140150070190430e-01,1.006736516952514648e+00,4.036633670330047607e-02,-1.750665903091430664e-01,-9.873609989881515503e-03,-2.878220379352569580e-01,-4.450147747993469238e-01,6.614546179771423340e-01,6.230847835540771484e-01,-1.334887295961380005e-01,-1.130747497081756592e-01,4.308481235057115555e-03
2.676843404769897461e-01,9.320592880249023438e-02,8.850760459899902344e-01,-7.395077496767044067e-02,-4.001440480351448059e-02,9.964147210121154785e-01,9.369048289954662323e-03,-6.472540646791458130e-02,1.581888943910598755e-01,5.232251882553100586e-01,1.238599698990583420e-02,-2.104272097349166870e-01,5.169133469462394714e-02,-1.097730770707130432e-01,-2.700552046298980713e-01,-3.446601927280426025e-01,1.859628707170486450e-01,1.588922925293445587e-02,1.410686671733856201e-01,-1.093837767839431763e-01,2.035195194184780121e-02,2.153221666812896729e-01,-3.308929502964019775e-01,4.017457962036132812e-01,-5.390565395355224609e-01,1.043519973754882812e+00,3.046448528766632080e-02,-1.729030758142471313e-01,-7.657601498067378998e-03,-3.026344180107116699e-01,-4.286496937274932861e-01,6.891413331031799316e-01,6.636937260627746582e-01,-1.432369202375411987e-01,-1.059942394495010376e-01,1.140071079134941101e-02
2.778267860412597656e-01,9.905496239662170410e-02,8.855669498443603516e-01,-8.306898921728134155e-02,-4.493155702948570251e-02,9.949302673339843750e-01,3.456066176295280457e-02,-7.944782078266143799e-02,1.847745925188064575e-01,5.702147483825683594e-01,-7.573619950562715530e-03,-1.918280124664306641e-01,4.181687906384468079e-02,-7.725409418344497681e-02,-2.954452931880950928e-01,-3.848745822906494141e-01,1.760467290878295898e-01,3.702757135033607483e-02,1.467013657093048096e-01,-6.970240920782089233e-02,1.545299217104911804e-02,2.027362138032913208e-01,-3.357051610946655273e-01,3.838649094104766846e-01,-5.249049663543701172e-01,1.080084204673767090e+00,6.989248562604188919e-03,-1.702930033206939697e-01,-2.638370962813496590e-03,-3.127952218055725098e-01,-4.053938984870910645e-01,7.120770215988159180e-01,7.020418047904968262e-01,-1.484493166208267212e-01,-1.009801700711250305e-01,1.915410719811916351e-02
2.855204343795776367e-01,1.036979034543037415e-01,8.859301209449768066e-01,-9.092954546213150024e-02,-4.857376962900161743e-02,9.929977059364318848e-01,5.768799409270286560e-02,-9.021802246570587158e-02,2.068646997213363647e-01,5.997343063354492188e-01,-2.370546571910381317e-02,-1.747461110353469849e-01,3.998245671391487122e-02,-5.550872161984443665e-02,-3.111050128936767578e-01,-4.012232124805450439e-01,1.670452207326889038e-01,5.244908109307289124e-02,1.535564959049224854e-01,-3.733778744935989380e-02,5.365002434700727463e-03,1.919410079717636108e-01,-3.413382172584533691e-01,3.620182275772094727e-01,-5.071282386779785156e-01,1.126402139663696289e+00,-2.871156111359596252e-02,-1.624570935964584351e-01,4.558695480227470398e-03,-3.283584415912628174e-01,-3.781770169734954834e-01,7.318770885467529297e-01,7.414281368255615234e-01,-1.445402801036834717e-01,-9.441966563463211060e-02,3.132685646414756775e-02
2.944567203521728516e-01,1.114962324500083923e-01,8.859100937843322754e-01,-9.816595911979675293e-02,-4.853690415620803833e-02,9.905972480773925781e-01,8.200412243604660034e-02,-1.034336015582084656e-01,2.298440188169479370e-01,6.316177248954772949e-01,-2.944042906165122986e-02,-1.565716266632080078e-01,3.867785260081291199e-02,-3.987984359264373779e-02,-3.258796930313110352e-01,-4.208646416664123535e-01,1.506883054971694946e-01,6.786844134330749512e-02,1.654881685972213745e-01,-5.258855875581502914e-03,-1.083372812718153000e-02,1.871815323829650879e-01,-3.483384251594543457e-01,3.408702313899993896e-01,-4.920582771301269531e-01,1.169321298599243164e+00,-5.961909890174865723e-02,-1.567920297384262085e-01,3.372676903381943703e-03,-3.461094796657562256e-01,-3.528338074684143066e-01,7.565472126007080078e-01,7.755227088928222656e-01,-1.392395794391632080e-01,-8.880897611379623413e-02,5.170846730470657349e-02
2.988942265510559082e-01,1.184175685048103333e-01,8.857113122940063477e-01,-1.043762490153312683e-01,-4.779718071222305298e-02,9.885165095329284668e-01,9.826589375734329224e-02,-1.109436303377151489e-01,2.466069459915161133e-01,6.591463088989257812e-01,-3.519295528531074524e-02,-1.414393782615661621e-01,3.072170726954936981e-02,-3.286122530698776245e-02,-3.285469412803649902e-01,-4.293024837970733643e-01,1.349424421787261963e-01,7.837545126676559448e-02,1.774934977293014526e-01,1.540417224168777466e-02,-2.781713940203189850e-02,1.876878589391708374e-01,-3.564989864826202393e-01,3.172659873962402344e-01,-4.750353097915649414e-01,1.205014467239379883e+00,-8.972535282373428345e-02,-1.566554009914398193e-01,7.552007678896188736e-03,-3.599033951759338379e-01,-3.262479901313781738e-01,7.716777920722961426e-01,8.034859299659729004e-01,-1.292017549276351929e-01,-8.888478577136993408e-02,6.160854175686836243e-02
3.117160797119140625e-01,1.292883306741714478e-01,8.849837779998779297e-01,-1.083472669124603271e-01,-4.442137107253074646e-02,9.858490824699401855e-01,1.199551001191139221e-01,-1.221413910388946533e-01,2.698183953762054443e-01,6.989895701408386230e-01,-3.524868935346603394e-02,-1.200774386525154114e-01,1.900870166718959808e-02,-3.135451674461364746e-02,-3.303762376308441162e-01,-4.458687007427215576e-01,1.093689501285552979e-01,7.881675660610198975e-02,1.947537064552307129e-01,3.333212062716484070e-02,-4.978567361831665039e-02,1.895828545093536377e-01,-3.658567070960998535e-01,2.977723479270935059e-01,-4.622342884540557861e-01,1.245598673820495605e+00,-1.179585233330726624e-01,-1.537377685308456421e-01,1.456198375672101974e-02,-3.715853691101074219e-01,-3.035125732421875000e-01,7.892117500305175781e-01,8.315455317497253418e-01,-1.115934625267982483e-01,-8.349503576755523682e-02,7.046153396368026733e-02
3.221844136714935303e-01,1.413586288690567017e-01,8.841638565063476562e-01,-1.109628900885581970e-01,-4.002705216407775879e-02,9.834153652191162109e-01,1.377654075622558594e-01,-1.270847767591476440e-01,2.908419668674468994e-01,7.389774322509765625e-01,-3.513928502798080444e-02,-9.766711294651031494e-02,2.654261421412229538e-03,-3.442043438553810120e-02,-3.228390812873840332e-01,-4.564062952995300293e-01,8.182419091463088989e-02,6.402909010648727417e-02,2.060945332050323486e-01,4.373103007674217224e-02,-7.051163911819458008e-02,1.972454935312271118e-01,-3.744528889656066895e-01,2.807721197605133057e-01,-4.554837942123413086e-01,1.284848213195800781e+00,-1.356126964092254639e-01,-1.489312648773193359e-01,2.527759596705436707e-02,-3.822920024394989014e-01,-2.840817868709564209e-01,8.065786957740783691e-01,8.646712303161621094e-01,-9.867009520530700684e-02,-7.773765921592712402e-02,7.150588184595108032e-02
3.335712552070617676e-01,1.565364450216293335e-01,8.831503987312316895e-01,-1.099970638751983643e-01,-3.436893597245216370e-02,9.816842675209045410e-01,1.517082452774047852e-01,-1.267495900392532349e-01,3.121550083160400391e-01,7.680417895317077637e-01,-3.287123516201972961e-02,-6.944202631711959839e-02,-1.529917772859334946e-02,-4.130423814058303833e-02,-3.063818514347076416e-01,-4.513515532016754150e-01,5.131495743989944458e-02,3.440440818667411804e-02,2.123177051544189453e-01,4.408662766218185425e-02,-8.784766495227813721e-02,2.062153071165084839e-01,-3.746707439422607422e-01,2.672939002513885498e-01,-4.493881762027740479e-01,1.317046880722045898e+00,-1.549964249134063721e-01,-1.427781581878662109e-01,3.148826956748962402e-02,-3.879966437816619873e-01,-2.690964043140411377e-01,8.198722004890441895e-01,8.994678258895874023e-01,-9.384601563215255737e-02,-7.360848039388656616e-02,7.017100602388381958e-02
3.441382348537445068e-01,1.723739504814147949e-01,8.824170827865600586e-01,-1.077077612280845642e-01,-2.960001677274703979e-02,9.799060821533203125e-01,1.652480363845825195e-01,-1.207637712359428406e-01,3.354675471782684326e-01,7.944131493568420410e-01,-3.097251430153846741e-02,-3.917949646711349487e-02,-3.350596502423286438e-02,-4.728185385465621948e-02,-2.856960296630859375e-01,-4.372960031032562256e-01,3.358310833573341370e-02,-2.849645970854908228e-04,2.085117250680923462e-01,3.465225547552108765e-02,-1.033233553171157837e-01,2.114576101303100586e-01,-3.773524165153503418e-01,2.568548619747161865e-01,-4.352960586547851562e-01,1.346539616584777832e+00,-1.757978349924087524e-01,-1.389910131692886353e-01,2.782188728451728821e-02,-3.861553072929382324e-01,-2.660804986953735352e-01,8.248019218444824219e-01,9.316794276237487793e-01,-9.406902641057968140e-02,-7.379693537950515747e-02,7.939928025007247925e-02
3.522308766841888428e-01,1.880855113267898560e-01,8.820338249206542969e-01,-1.040942445397377014e-01,-2.515655383467674255e-02,9.782638549804687500e-01,1.775705814361572266e-01,-1.089793369174003601e-01,3.560875654220581055e-01,8.057796359062194824e-01,-3.014741651713848114e-02,-6.870612967759370804e-03,-5.225978419184684753e-02,-4.983595386147499084e-02,-2.661520540714263916e-01,-4.184440672397613525e-01,1.951666176319122314e-02,-3.586000204086303711e-02,1.988047659397125244e-01,1.966389268636703491e-02,-1.133480370044708252e-01,2.123781740665435791e-01,-3.786600232124328613e-01,2.598225772380828857e-01,-4.337354600429534912e-01,1.367138624191284180e+00,-1.689387708902359009e-01,-1.387314349412918091e-01,1.950516365468502045e-02,-3.848322033882141113e-01,-2.811503112316131592e-01,8.289598822593688965e-01,9.572330117225646973e-01,-1.121611818671226501e-01,-7.526472955942153931e-02,8.692543208599090576e-02
3.610547184944152832e-01,1.995432376861572266e-01,8.821493983268737793e-01,-9.849224984645843506e-02,-2.135789208114147186e-02,9.764777421951293945e-01,1.906155794858932495e-01,-9.649685025215148926e-02,3.723698258399963379e-01,8.092107772827148438e-01,-2.452519163489341736e-02,1.818958297371864319e-02,-5.939097329974174500e-02,-5.165420845150947571e-02,-2.502566576004028320e-01,-4.022170007228851318e-01,9.587847627699375153e-03,-6.516543775796890259e-02,1.845204532146453857e-01,-2.677737502381205559e-03,-1.180271431803703308e-01,2.100528031587600708e-01,-3.830362558364868164e-01,2.662524878978729248e-01,-4.319053590297698975e-01,1.381824254989624023e+00,-1.608474701642990112e-01,-1.402626782655715942e-01,6.253715837374329567e-04,-3.679306209087371826e-01,-3.021087050437927246e-01,8.182964324951171875e-01,9.929288625717163086e-01,-1.253405362367630005e-01,-7.525582611560821533e-02,1.040637716650962830e-01
3.732729554176330566e-01,2.084617763757705688e-01,8.827415704727172852e-01,-8.812725543975830078e-02,-1.810315251350402832e-02,9.739391803741455078e-01,2.082025408744812012e-01,-7.769986242055892944e-02,3.878793120384216309e-01,8.159787654876708984e-01,-1.415890268981456757e-02,3.850875049829483032e-02,-6.238535046577453613e-02,-5.223942548036575317e-02,-2.355510890483856201e-01,-3.774986565113067627e-01,9.835660457611083984e-04,-8.728972822427749634e-02,1.756281554698944092e-01,-3.126167133450508118e-02,-1.179357767105102539e-01,1.971621066331863403e-01,-3.974808752536773682e-01,2.921064198017120361e-01,-4.337689280509948730e-01,1.395282268524169922e+00,-1.444255858659744263e-01,-1.397831290960311890e-01,-1.802486553788185120e-02,-3.516824543476104736e-01,-3.478086590766906738e-01,8.092300295829772949e-01,1.034448742866516113e+00,-1.561298817396163940e-01,-7.546211034059524536e-02,1.256339251995086670e-01
3.870559632778167725e-01,2.175156474113464355e-01,8.839228749275207520e-01,-7.512448728084564209e-02,-1.490543130785226822e-02,9.715275764465332031e-01,2.242059856653213501e-01,-6.245209276676177979e-02,3.981455266475677490e-01,7.924516201019287109e-01,-4.353298339992761612e-03,4.950376600027084351e-02,-6.755003333091735840e-02,-4.561686515808105469e-02,-2.216827571392059326e-01,-3.569238781929016113e-01,-1.145710982382297516e-02,-1.030004024505615234e-01,1.662727743387222290e-01,-5.161428079009056091e-02,-1.016191467642784119e-01,1.844553798437118530e-01,-4.319385886192321777e-01,3.456867933273315430e-01,-4.521297514438629150e-01,1.382561564445495605e+00,-9.805865585803985596e-02,-1.514496952295303345e-01,-5.787533149123191833e-02,-3.257293403148651123e-01,-4.325056672096252441e-01,7.956277728080749512e-01,1.045308828353881836e+00,-1.991266012191772461e-01,-9.057289361953735352e-02,1.849291324615478516e-01
3.936958909034729004e-01,2.323379814624786377e-01,8.853203058242797852e-01,-6.259584426879882812e-02,-8.426601067185401917e-03,9.672225713729858398e-01,2.459496408700942993e-01,-4.610700160264968872e-02,3.967989683151245117e-01,7.602562904357910156e-01,2.182689122855663300e-02,3.550173342227935791e-02,-6.419125199317932129e-02,-3.348624706268310547e-02,-2.109794914722442627e-01,-3.311477005481719971e-01,-1.847521774470806122e-02,-1.334740519523620605e-01,1.577430963516235352e-01,-6.444254517555236816e-02,-8.137269318103790283e-02,1.620021462440490723e-01,-4.959223270416259766e-01,4.456779956817626953e-01,-4.767904579639434814e-01,1.365390419960021973e+00,-3.261401504278182983e-02,-1.567440330982208252e-01,-7.837450504302978516e-02,-2.981195747852325439e-01,-5.573281049728393555e-01,7.915256023406982422e-01,1.054403662681579590e+00,-2.468897253274917603e-01,-1.074138730764389038e-01,2.541456222534179688e-01
4.006044566631317139e-01,2.403898239135742188e-01,8.871860504150390625e-01,-5.532576516270637512e-02,-4.950752947479486465e-03,9.645651578903198242e-01,2.579313218593597412e-01,-4.983719438314437866e-02,3.860652446746826172e-01,7.264963388442993164e-01,4.713306576013565063e-02,8.951416239142417908e-03,-5.636046454310417175e-02,-3.115894459187984467e-02,-2.029284536838531494e-01,-3.118430674076080322e-01,-1.987363956868648529e-02,-1.434181779623031616e-01,1.527981311082839966e-01,-6.760064512491226196e-02,-6.826938688755035400e-02,1.601173728704452515e-01,-5.554559230804443359e-01,5.182771086692810059e-01,-4.796203672885894775e-01,1.350139975547790527e+00,-2.097075432538986206e-02,-1.604564785957336426e-01,-8.877000957727432251e-02,-2.849185168743133545e-01,-6.381326913833618164e-01,7.714338898658752441e-01,1.058931708335876465e+00,-2.568647265434265137e-01,-1.194789856672286987e-01,2.914323210716247559e-01
4.006325304508209229e-01,2.488143444061279297e-01,8.894470334053039551e-01,-4.798212274909019470e-02,-1.619071932509541512e-03,9.593256711959838867e-01,2.781894505023956299e-01,-5.618216842412948608e-02,3.710459470748901367e-01,7.159691452980041504e-01,9.790489077568054199e-02,-1.562213338911533356e-02,-3.906242176890373230e-02,-2.481485903263092041e-02,-1.963448226451873779e-01,-2.771716713905334473e-01,-2.294369973242282867e-02,-1.489869803190231323e-01,1.600335687398910522e-01,-8.736892789602279663e-02,-4.405508190393447876e-02,1.320708096027374268e-01,-6.879463195800781250e-01,6.859367489814758301e-01,-5.550012588500976562e-01,1.302883148193359375e+00,6.657391041517257690e-02,-1.683482676744461060e-01,-1.047189012169837952e-01,-2.750755250453948975e-01,-7.923479676246643066e-01,7.733741998672485352e-01,1.056639194488525391e+00,-3.014217913150787354e-01,-1.391931176185607910e-01,3.365972936153411865e-01
4.013051390647888184e-01,2.592918872833251953e-01,8.914946317672729492e-01,-4.373593628406524658e-02,1.690170844085514545e-03,9.533211588859558105e-01,2.987692356109619141e-01,-7.667272537946701050e-02,3.616220355033874512e-01,6.795336604118347168e-01,1.457857638597488403e-01,-3.179130703210830688e-02,-3.088928759098052979e-02,-2.362722717225551605e-02,-1.856686770915985107e-01,-2.498319596052169800e-01,-2.658976800739765167e-02,-1.557204723358154297e-01,1.672469079494476318e-01,-9.728719294071197510e-02,-1.504905242472887039e-02,1.058429554104804993e-01,-8.700872063636779785e-01,8.936983942985534668e-01,-6.301407814025878906e-01,1.231014251708984375e+00,1.582873314619064331e-01,-1.633714288473129272e-01,-1.239700093865394592e-01,-2.722652852535247803e-01,-9.764249920845031738e-01,7.385173439979553223e-01,1.024670839309692383e+00,-3.386630415916442871e-01,-1.662853062152862549e-01,3.967175483703613281e-01
3.998736739158630371e-01,2.627138495445251465e-01,8.941705822944641113e-01,-3.707616403698921204e-02,5.110641475766897202e-03,9.480457305908203125e-01,3.159249424934387207e-01,-1.042943894863128662e-01,3.594042956829071045e-01,6.589171886444091797e-01,2.126745730638504028e-01,-3.123641945421695709e-02,-2.406812086701393127e-02,-2.246815152466297150e-02,-1.906663626432418823e-01,-2.330498397350311279e-01,-1.988607086241245270e-02,-1.556632816791534424e-01,1.834557652473449707e-01,-1.168175563216209412e-01,1.703837700188159943e-02,8.267486095428466797e-02,-1.084799408912658691e+00,1.101639151573181152e+00,-7.448721528053283691e-01,1.173597574234008789e+00,2.462955564260482788e-01,-1.659094840288162231e-01,-1.086857616901397705e-01,-2.904044091701507568e-01,-1.161094546318054199e+00,6.933648586273193359e-01,1.022470235824584961e+00,-3.483151793479919434e-01,-1.786995530128479004e-01,4.110170006752014160e-01
3.926727473735809326e-01,2.685140073299407959e-01,8.966873884201049805e-01,-3.297456726431846619e-02,6.161818746477365494e-03,9.408289194107055664e-01,3.372175097465515137e-01,-1.284800320863723755e-01,3.524426519870758057e-01,6.243929266929626465e-01,2.478020340204238892e-01,-3.452698141336441040e-02,-3.182391822338104248e-02,-1.783471554517745972e-02,-1.883945018053054810e-01,-1.980667263269424438e-01,-1.653962582349777222e-02,-1.472038924694061279e-01,1.992689073085784912e-01,-1.242901757359504700e-01,5.296557769179344177e-02,6.304705888032913208e-02,-1.310885071754455566e+00,1.253706693649291992e+00,-8.621605634689331055e-01,1.145796537399291992e+00,2.805465757846832275e-01,-1.782334595918655396e-01,-6.765609234571456909e-02,-3.282915055751800537e-01,-1.322259664535522461e+00,6.601421236991882324e-01,1.028127789497375488e+00,-3.386256396770477295e-01,-1.929822415113449097e-01,3.938404321670532227e-01
3.880445957183837891e-01,2.713069319725036621e-01,8.984628319740295410e-01,-2.915233187377452850e-02,5.516103468835353851e-03,9.364662766456604004e-01,3.495005965232849121e-01,-1.389499902725219727e-01,3.422835171222686768e-01,6.049199104309082031e-01,2.567069530487060547e-01,-4.178531840443611145e-02,-3.731399029493331909e-02,-1.045513525605201721e-02,-1.869708895683288574e-01,-1.828806102275848389e-01,-1.414521969854831696e-02,-1.391287297010421753e-01,2.112913727760314941e-01,-1.178055033087730408e-01,7.364331930875778198e-02,5.592567101120948792e-02,-1.453838706016540527e+00,1.315412759780883789e+00,-9.520559906959533691e-01,1.134669899940490723e+00,2.860209643840789795e-01,-1.843145936727523804e-01,-4.658517241477966309e-02,-3.468873202800750732e-01,-1.406564831733703613e+00,6.394548416137695312e-01,1.041467666625976562e+00,-3.235031962394714355e-01,-1.947124302387237549e-01,3.841396868228912354e-01
3.829485774040222168e-01,2.745707035064697266e-01,8.993067145347595215e-01,-2.619211561977863312e-02,9.284871630370616913e-04,9.309133291244506836e-01,3.642985820770263672e-01,-1.695461124181747437e-01,3.488941490650177002e-01,5.736855268478393555e-01,2.767097949981689453e-01,-4.642020538449287415e-02,-5.286744982004165649e-02,2.769353450275957584e-04,-1.752996295690536499e-01,-1.606463640928268433e-01,-2.031838521361351013e-02,-1.276813596487045288e-01,2.217112779617309570e-01,-1.044318005442619324e-01,8.786648511886596680e-02,4.769236594438552856e-02,-1.844859719276428223e+00,1.348004341125488281e+00,-1.254078745841979980e+00,1.170150518417358398e+00,2.625522017478942871e-01,-1.963643878698348999e-01,-3.227819129824638367e-02,-3.577030599117279053e-01,-1.503458380699157715e+00,5.703077912330627441e-01,1.066345930099487305e+00,-2.857266962528228760e-01,-2.032307386398315430e-01,3.613216280937194824e-01
3.700086176395416260e-01,2.796891927719116211e-01,8.995923995971679688e-01,-2.228229306638240814e-02,5.993162631057202816e-04,9.263781309127807617e-01,3.759344518184661865e-01,-1.823748201131820679e-01,3.399100899696350098e-01,5.590090155601501465e-01,2.760186493396759033e-01,-4.300890117883682251e-02,-6.705117970705032349e-02,1.476217247545719147e-02,-1.827533841133117676e-01,-1.411974281072616577e-01,-8.412413299083709717e-03,-1.372767239809036255e-01,2.352944165468215942e-01,-8.760588616132736206e-02,1.264045387506484985e-01,1.825184561312198639e-02,-1.998375773429870605e+00,1.352833986282348633e+00,-1.362341403961181641e+00,1.173431754112243652e+00,2.835375666618347168e-01,-1.961842030286788940e-01,7.406887132674455643e-03,-3.790493011474609375e-01,-1.616961240768432617e+00,5.469388365745544434e-01,1.070883750915527344e+00,-2.788034975528717041e-01,-1.999045759439468384e-01,3.277492523193359375e-01
3.596692979335784912e-01,2.870637476444244385e-01,8.987751603126525879e-01,-2.156527526676654816e-02,-5.651215324178338051e-04,9.214602708816528320e-01,3.878732323646545410e-01,-1.943194717168807983e-01,3.391003906726837158e-01,5.418516993522644043e-01,2.677837312221527100e-01,-5.211077630519866943e-02,-7.761476933956146240e-02,2.420783787965774536e-02,-1.809395104646682739e-01,-1.204103454947471619e-01,-1.895047607831656933e-03,-1.501788347959518433e-01,2.412694990634918213e-01,-6.686216592788696289e-02,1.706304401159286499e-01,2.619642065837979317e-03,-2.114171743392944336e+00,1.333285450935363770e+00,-1.399999380111694336e+00,1.189687848091125488e+00,2.983524799346923828e-01,-1.994921714067459106e-01,3.957588970661163330e-02,-4.111472666263580322e-01,-1.710911989212036133e+00,5.197662115097045898e-01,1.058853268623352051e+00,-2.746661305427551270e-01,-2.001501172780990601e-01,2.847176492214202881e-01
3.456169068813323975e-01,2.930886745452880859e-01,8.967114686965942383e-01,-2.155354805290699005e-02,-2.190530300140380859e-03,9.173232913017272949e-01,3.975533545017242432e-01,-2.033133506774902344e-01,3.380596637725830078e-01,5.130949616432189941e-01,2.658562064170837402e-01,-5.945476517081260681e-02,-8.662623167037963867e-02,3.308952227234840393e-02,-1.840057820081710815e-01,-9.490974247455596924e-02,1.146088168025016785e-02,-1.732663214206695557e-01,2.396944314241409302e-01,-3.885853663086891174e-02,2.153379321098327637e-01,-2.363441698253154755e-02,-2.181183576583862305e+00,1.319200873374938965e+00,-1.399999976158142090e+00,1.196720957756042480e+00,3.275945782661437988e-01,-2.034790813922882080e-01,5.695459619164466858e-02,-4.408167898654937744e-01,-1.803345918655395508e+00,4.955150783061981201e-01,1.020313739776611328e+00,-2.699945569038391113e-01,-2.088718116283416748e-01,2.592514753341674805e-01
3.314453065395355225e-01,2.970857322216033936e-01,8.930963873863220215e-01,-2.010487765073776245e-02,-2.013469347730278969e-03,9.143725037574768066e-01,4.043695032596588135e-01,-1.994763016700744629e-01,3.399346768856048584e-01,5.134313702583312988e-01,2.688744068145751953e-01,-7.211975753307342529e-02,-8.802585303783416748e-02,4.176837578415870667e-02,-1.971531957387924194e-01,-8.436864614486694336e-02,2.942105755209922791e-02,-2.086354941129684448e-01,2.447912395000457764e-01,-1.483205426484346390e-02,2.450862377882003784e-01,-4.317393898963928223e-02,-2.221104860305786133e+00,1.309250831604003906e+00,-1.399999976158142090e+00,1.201084256172180176e+00,3.365010619163513184e-01,-1.987072080373764038e-01,9.256974607706069946e-02,-4.661925137042999268e-01,-1.869886040687561035e+00,4.719203412532806396e-01,9.827409982681274414e-01,-2.433345168828964233e-01,-2.121803313493728638e-01,2.190312445163726807e-01
3.140064179897308350e-01,3.032031357288360596e-01,8.886762857437133789e-01,-2.330934256315231323e-02,-3.997286316007375717e-03,9.109408855438232422e-01,4.118584990501403809e-01,-2.108069211244583130e-01,3.426638841629028320e-01,4.827670454978942871e-01,2.834324538707733154e-01,-9.054920077323913574e-02,-8.794087171554565430e-02,4.615877196192741394e-02,-2.026441097259521484e-01,-6.293965131044387817e-02,4.684344679117202759e-02,-2.404852360486984253e-01,2.403446435928344727e-01,1.061432436108589172e-02,2.959726452827453613e-01,-7.022792845964431763e-02,-2.269881963729858398e+00,1.304000496864318848e+00,-1.399999976158142090e+00,1.219141721725463867e+00,3.555026352405548096e-01,-1.871537715196609497e-01,1.268097907304763794e-01,-4.920342564582824707e-01,-1.954404830932617188e+00,4.421032369136810303e-01,9.238154888153076172e-01,-2.256406247615814209e-01,-2.062579989433288574e-01,1.586974710226058960e-01
2.984235882759094238e-01,3.057942986488342285e-01,8.830474019050598145e-01,-2.326145768165588379e-02,-3.055948065593838692e-03,9.080231189727783203e-01,4.182625710964202881e-01,-2.179851979017257690e-01,3.391308486461639404e-01,4.529321789741516113e-01,3.130503594875335693e-01,-1.100103706121444702e-01,-9.075146168470382690e-02,4.265833646059036255e-02,-2.206018269062042236e-01,-4.622909054160118103e-02,8.062680810689926147e-02,-2.877850532531738281e-01,2.331785410642623901e-01,3.010034561157226562e-02,3.333707153797149658e-01,-1.060144305229187012e-01,-2.304477453231811523e+00,1.300724864006042480e+00,-1.399999976158142090e+00,1.218189477920532227e+00,3.595015704631805420e-01,-1.873465478420257568e-01,1.842538863420486450e-01,-5.147144794464111328e-01,-2.025962114334106445e+00,4.042752981185913086e-01,8.353590369224548340e-01,-2.108072787523269653e-01,-2.101503610610961914e-01,5.900614336133003235e-02
2.780037224292755127e-01,3.056603074073791504e-01,8.763785958290100098e-01,-2.419738285243511200e-02,-2.620005747303366661e-03,9.063271284103393555e-01,4.218752384185791016e-01,-2.235779762268066406e-01,3.294132649898529053e-01,4.278084635734558105e-01,3.584584891796112061e-01,-1.493660211563110352e-01,-9.015018492937088013e-02,4.045750200748443604e-02,-2.468064427375793457e-01,-3.950609639286994934e-02,1.160912364721298218e-01,-3.250522017478942871e-01,2.363490462303161621e-01,4.649670794606208801e-02,3.705899119377136230e-01,-1.430711746215820312e-01,-2.332126140594482422e+00,1.302999258041381836e+00,-1.399999976158142090e+00,1.210467338562011719e+00,3.686304986476898193e-01,-1.830992549657821655e-01,2.419674694538116455e-01,-5.286017060279846191e-01,-2.095816850662231445e+00,3.620789945125579834e-01,7.491091489791870117e-01,-1.976700127124786377e-01,-2.077836394309997559e-01,-3.110336326062679291e-02
2.610692083835601807e-01,3.059889972209930420e-01,8.692296743392944336e-01,-2.349662221968173981e-02,-5.459516542032361031e-04,9.054719209671020508e-01,4.237548708915710449e-01,-2.341587096452713013e-01,3.163594305515289307e-01,4.174947440624237061e-01,4.220209717750549316e-01,-2.174975872039794922e-01,-7.546836137771606445e-02,2.989777363836765289e-02,-2.749491333961486816e-01,-3.222510218620300293e-02,1.698229461908340454e-01,-3.696449697017669678e-01,2.297470420598983765e-01,5.986921489238739014e-02,4.051720499992370605e-01,-1.772171109914779663e-01,-2.354148626327514648e+00,1.313075304031372070e+00,-1.399999976158142090e+00,1.201689481735229492e+00,3.756018877029418945e-01,-1.765159368515014648e-01,3.105427324771881104e-01,-5.511761903762817383e-01,-2.161963701248168945e+00,3.092947006225585938e-01,6.417263150215148926e-01,-1.733375191688537598e-01,-2.039057612419128418e-01,-1.476456075906753540e-01
2.413390576839447021e-01,3.071148693561553955e-01,8.616353869438171387e-01,-2.489513158798217773e-02,4.374535055831074715e-04,9.038257002830505371e-01,4.271757304668426514e-01,-2.437517195940017700e-01,3.056088984012603760e-01,4.039827585220336914e-01,4.835151731967926025e-01,-2.834380865097045898e-01,-5.672901123762130737e-02,1.613483205437660217e-02,-3.031133413314819336e-01,-3.251549601554870605e-02,2.277257293462753296e-01,-3.935689628124237061e-01,2.297084182500839233e-01,6.742136180400848389e-02,4.330555796623229980e-01,-2.050952166318893433e-01,-2.367838621139526367e+00,1.322599649429321289e+00,-1.399999976158142090e+00,1.192501783370971680e+00,3.706311285495758057e-01,-1.719112843275070190e-01,3.638241887092590332e-01,-5.617060661315917969e-01,-2.206800460815429688e+00,2.694125771522521973e-01,5.531439781188964844e-01,-1.612124741077423096e-01,-1.999854445457458496e-01,-2.429258823394775391e-01
2.215028107166290283e-01,3.078449368476867676e-01,8.540277481079101562e-01,-2.394979260861873627e-02,8.579876157455146313e-04,9.030157327651977539e-01,4.289385080337524414e-01,-2.596036493778228760e-01,2.914332449436187744e-01,3.885394930839538574e-01,5.726984739303588867e-01,-3.483260273933410645e-01,-3.466666862368583679e-02,-3.573232563212513924e-03,-3.371912539005279541e-01,-4.231008887290954590e-02,3.109662532806396484e-01,-3.996006250381469727e-01,2.287280857563018799e-01,8.027949184179306030e-02,4.612590968608856201e-01,-2.392727583646774292e-01,-2.389618396759033203e+00,1.322363615036010742e+00,-1.399999976158142090e+00,1.181031227111816406e+00,3.739629685878753662e-01,-1.648520529270172119e-01,4.275689423084259033e-01,-5.784069299697875977e-01,-2.250133514404296875e+00,2.227707207202911377e-01,4.529395997524261475e-01,-1.412048786878585815e-01,-1.993862539529800415e-01,-3.590240776538848877e-01
2.033582776784896851e-01,3.081223666667938232e-01,8.448228836059570312e-01,-2.467518486082553864e-02,3.027022816240787506e-03,9.030591249465942383e-01,4.287961721420288086e-01,-2.823760211467742920e-01,2.748470604419708252e-01,3.729818761348724365e-01,6.563445329666137695e-01,-4.150158166885375977e-01,-1.551427040249109268e-02,-3.180357441306114197e-02,-3.749228119850158691e-01,-5.265003815293312073e-02,4.018367230892181396e-01,-4.062811434268951416e-01,2.200849503278732300e-01,7.527728378772735596e-02,4.781300425529479980e-01,-2.736027538776397705e-01,-2.403096675872802734e+00,1.315568327903747559e+00,-1.399999976158142090e+00,1.160101771354675293e+00,3.550347089767456055e-01,-1.665280461311340332e-01,4.989855587482452393e-01,-6.041669249534606934e-01,-2.251499891281127930e+00,1.861823648214340210e-01,3.678578436374664307e-01,-1.497727930545806885e-01,-1.878187358379364014e-01,-4.828096330165863037e-01
1.865584850311279297e-01,3.054732084274291992e-01,8.352021574974060059e-01,-1.941566355526447296e-02,3.460528561845421791e-03,9.033625721931457520e-01,4.284239709377288818e-01,-2.957709431648254395e-01,2.573683857917785645e-01,3.681484758853912354e-01,7.409340739250183105e-01,-4.677164256572723389e-01,6.533778738230466843e-03,-5.364558473229408264e-02,-4.128943383693695068e-01,-4.214037954807281494e-02,5.016642212867736816e-01,-4.052243828773498535e-01,2.140719443559646606e-01,7.065655291080474854e-02,4.830740988254547119e-01,-2.984004914760589600e-01,-2.435083150863647461e+00,1.298710942268371582e+00,-1.399999976158142090e+00,1.154562473297119141e+00,3.225949108600616455e-01,-1.613439470529556274e-01,5.454983115196228027e-01,-6.385318040847778320e-01,-2.250087738037109375e+00,1.594294309616088867e-01,2.866705954074859619e-01,-1.587758809328079224e-01,-1.660248041152954102e-01,-5.891246199607849121e-01
1.727755069732666016e-01,3.063072264194488525e-01,8.248111605644226074e-01,-1.300831325352191925e-02,7.160475011914968491e-03,9.050182700157165527e-01,4.251134693622589111e-01,-2.979750931262969971e-01,2.313693016767501831e-01,3.644246459007263184e-01,8.035905957221984863e-01,-5.273154377937316895e-01,2.427052147686481476e-02,-7.224781811237335205e-02,-4.482809007167816162e-01,-1.433888915926218033e-02,5.972897410392761230e-01,-4.117745459079742432e-01,2.150339037179946899e-01,5.989671498537063599e-02,4.888078868389129639e-01,-3.244583606719970703e-01,-2.465018033981323242e+00,1.280174851417541504e+00,-1.399999976158142090e+00,1.139116525650024414e+00,2.765201330184936523e-01,-1.716186255216598511e-01,5.713093280792236328e-01,-6.883839964866638184e-01,-2.247441291809082031e+00,1.457447260618209839e-01,2.127043604850769043e-01,-1.637762784957885742e-01,-1.564859002828598022e-01,-6.773948073387145996e-01
1.647429913282394409e-01,3.031311035156250000e-01,8.137152791023254395e-01,-6.188604515045881271e-03,8.059053681790828705e-03,9.060212969779968262e-01,4.231101274490356445e-01,-2.959558963775634766e-01,2.057632356882095337e-01,3.537709414958953857e-01,8.412899374961853027e-01,-5.988031625747680664e-01,4.606662690639495850e-02,-8.552572131156921387e-02,-4.759068191051483154e-01,6.512682419270277023e-03,6.609285473823547363e-01,-4.303850233554840088e-01,2.076754868030548096e-01,5.677580833435058594e-02,4.926378428936004639e-01,-3.435116410255432129e-01,-2.485352754592895508e+00,1.265363693237304688e+00,-1.399999976158142090e+00,1.124974250793457031e+00,2.592922151088714600e-01,-1.682177484035491943e-01,6.118063926696777344e-01,-7.368409633636474609e-01,-2.235548496246337891e+00,1.359190642833709717e-01,1.516795307397842407e-01,-1.791341155767440796e-01,-1.344275623559951782e-01,-7.713704705238342285e-01
1.545176357030868530e-01,3.034857213497161865e-01,8.030842542648315430e-01,3.279427532106637955e-03,8.800205774605274200e-03,9.070092439651489258e-01,4.210059642791748047e-01,-2.872845232486724854e-01,1.830565929412841797e-01,3.465165793895721436e-01,8.940592408180236816e-01,-6.532222628593444824e-01,6.309907883405685425e-02,-8.882703632116317749e-02,-5.027356147766113281e-01,3.240389376878738403e-02,7.245866060256958008e-01,-4.343599081039428711e-01,2.026548534631729126e-01,4.148370027542114258e-02,4.973852932453155518e-01,-3.615800440311431885e-01,-2.498875141143798828e+00,1.256564736366271973e+00,-1.399999976158142090e+00,1.094681620597839355e+00,2.176283001899719238e-01,-1.768694221973419189e-01,6.469162106513977051e-01,-7.907603979110717773e-01,-2.207447767257690430e+00,1.262594759464263916e-01,7.983482629060745239e-02,-1.775878369808197021e-01,-1.315088719129562378e-01,-8.418788313865661621e-01
1.452057361602783203e-01,3.029614388942718506e-01,7.934455871582031250e-01,1.223208196461200714e-02,9.160838089883327484e-03,9.079025983810424805e-01,4.189024865627288818e-01,-2.777979373931884766e-01,1.634418666362762451e-01,3.445487916469573975e-01,9.405590891838073730e-01,-6.989734172821044922e-01,7.408846169710159302e-02,-8.323080092668533325e-02,-5.240918397903442383e-01,5.939663946628570557e-02,7.680313587188720703e-01,-4.424165487289428711e-01,2.036132812500000000e-01,3.239868953824043274e-02,5.018235445022583008e-01,-3.819249272346496582e-01,-2.515503406524658203e+00,1.249165773391723633e+00,-1.399999976158142090e+00,1.079448342323303223e+00,1.841050684452056885e-01,-1.721385568380355835e-01,6.770101189613342285e-01,-8.398842811584472656e-01,-2.192700862884521484e+00,1.174662113189697266e-01,1.820912584662437439e-02,-1.877068728208541870e-01,-1.185313910245895386e-01,-9.039673209190368652e-01
1.350390464067459106e-01,3.019252717494964600e-01,7.853754758834838867e-01,1.917997002601623535e-02,8.971250616014003754e-03,9.085646867752075195e-01,4.172072112560272217e-01,-2.657558023929595947e-01,1.440013498067855835e-01,3.452787697315216064e-01,9.757139682769775391e-01,-7.405886650085449219e-01,8.799847215414047241e-02,-7.505547255277633667e-02,-5.421590209007263184e-01,8.349651843309402466e-02,7.963938117027282715e-01,-4.386510550975799561e-01,2.050189524888992310e-01,2.052271552383899689e-02,5.059830546379089355e-01,-4.012466967105865479e-01,-2.517715692520141602e+00,1.251288890838623047e+00,-1.399999976158142090e+00,1.056619405746459961e+00,1.578652113676071167e-01,-1.698187291622161865e-01,7.039284706115722656e-01,-8.893141150474548340e-01,-2.161083698272705078e+00,1.181996315717697144e-01,-4.202947393059730530e-02,-1.995115578174591064e-01,-1.057316958904266357e-01,-9.588678479194641113e-01
1.229003071784973145e-01,3.008791804313659668e-01,7.808654904365539551e-01,2.351783029735088348e-02,8.455097675323486328e-03,9.097055196762084961e-01,4.145012795925140381e-01,-2.519056797027587891e-01,1.200272291898727417e-01,3.406137526035308838e-01,9.935912489891052246e-01,-7.631626129150390625e-01,1.007871702313423157e-01,-6.153343617916107178e-02,-5.533650517463684082e-01,1.105556339025497437e-01,8.041163682937622070e-01,-4.038132727146148682e-01,2.131116539239883423e-01,3.888070350512862206e-03,5.097670555114746094e-01,-4.125585258007049561e-01,-2.502296447753906250e+00,1.272532582283020020e+00,-1.399999976158142090e+00,1.035398244857788086e+00,1.153350397944450378e-01,-1.707120686769485474e-01,7.200039625167846680e-01,-9.450473785400390625e-01,-2.124069690704345703e+00,1.192144900560379028e-01,-9.997708350419998169e-02,-2.191280126571655273e-01,-9.319344162940979004e-02,-1.002490043640136719e+00
1.110735014081001282e-01,3.006209135055541992e-01,7.817247509956359863e-01,2.428230084478855133e-02,5.326114129275083542e-03,9.093683958053588867e-01,4.152482450008392334e-01,-2.296852320432662964e-01,1.034336537122726440e-01,3.358943164348602295e-01,9.818318486213684082e-01,-7.697897553443908691e-01,1.120331883430480957e-01,-4.437567666172981262e-02,-5.558527112007141113e-01,1.218579560518264771e-01,7.838138937950134277e-01,-3.496517837047576904e-01,2.164661586284637451e-01,-7.370769977569580078e-03,5.096156001091003418e-01,-4.308525025844573975e-01,-2.456213235855102539e+00,1.317059993743896484e+00,-1.399999976158142090e+00,1.004687547683715820e+00,8.237323909997940063e-02,-1.771789491176605225e-01,7.319925427436828613e-01,-1.002317190170288086e+00,-2.075182199478149414e+00,1.174600496888160706e-01,-1.600112766027450562e-01,-2.375690042972564697e-01,-8.675106614828109741e-02,-1.051976919174194336e+00
1.039705500006675720e-01,3.031898736953735352e-01,7.897576689720153809e-01,2.459110878407955170e-02,2.749817911535501480e-03,9.103925824165344238e-01,4.130049347877502441e-01,-2.001570314168930054e-01,9.540725499391555786e-02,3.326397836208343506e-01,9.398804306983947754e-01,-7.345106005668640137e-01,1.010525077581405640e-01,-2.687038481235504150e-02,-5.546738505363464355e-01,1.231911778450012207e-01,7.540242671966552734e-01,-2.790268957614898682e-01,2.190283983945846558e-01,-2.340516261756420135e-02,5.100190043449401855e-01,-4.415752887725830078e-01,-2.386586427688598633e+00,1.375828146934509277e+00,-1.399999976158142090e+00,9.757613539695739746e-01,5.282087251543998718e-02,-1.873759031295776367e-01,7.307942509651184082e-01,-1.072792053222656250e+00,-2.017037868499755859e+00,1.016875579953193665e-01,-1.963088065385818481e-01,-2.735500037670135498e-01,-7.152725011110305786e-02,-1.105348706245422363e+00
8.995651453733444214e-02,3.121201992034912109e-01,8.041934967041015625e-01,1.753536798059940338e-02,-3.705683397129178047e-03,9.093950986862182617e-01,4.155470430850982666e-01,-1.505108177661895752e-01,1.000410988926887512e-01,3.345231413841247559e-01,8.620879650115966797e-01,-6.793086528778076172e-01,9.876221418380737305e-02,-1.423586159944534302e-02,-5.569441318511962891e-01,8.995824307203292847e-02,6.952913999557495117e-01,-1.850208044052124023e-01,1.937530338764190674e-01,-3.722561523318290710e-02,5.088871717453002930e-01,-4.541708827018737793e-01,-2.262752294540405273e+00,1.460710883140563965e+00,-1.399999976158142090e+00,9.039093852043151855e-01,2.654576115310192108e-02,-2.073383033275604248e-01,7.194977402687072754e-01,-1.143393516540527344e+00,-1.923756003379821777e+00,6.789195537567138672e-02,-2.178833186626434326e-01,-2.847253978252410889e-01,-6.579636782407760620e-02,-1.171478509902954102e+00
7.605026662349700928e-02,3.274033367633819580e-01,8.233043551445007324e-01,4.362877458333969116e-03,-1.342107076197862625e-02,9.065318703651428223e-01,4.219014048576354980e-01,-9.085869789123535156e-02,1.166759356856346130e-01,3.267293870449066162e-01,7.522601485252380371e-01,-5.897057652473449707e-01,1.069762855768203735e-01,1.847296953201293945e-02,-5.156982541084289551e-01,5.120160803198814392e-02,5.810926556587219238e-01,-3.045014105737209320e-02,1.948910653591156006e-01,-6.480482965707778931e-02,5.034295916557312012e-01,-4.668829143047332764e-01,-2.084784030914306641e+00,1.595508337020874023e+00,-1.399999976158142090e+00,7.956711053848266602e-01,9.821088984608650208e-03,-2.244215309619903564e-01,6.712954640388488770e-01,-1.211311101913452148e+00,-1.781377196311950684e+00,-5.215059965848922729e-03,-2.457091510295867920e-01,-2.903015017509460449e-01,-7.303744554519653320e-02,-1.230175614356994629e+00
7.424105703830718994e-02,3.262793421745300293e-01,8.426764011383056641e-01,-1.559731923043727875e-02,-2.563695237040519714e-02,9.094086289405822754e-01,4.148196876049041748e-01,-4.567699879407882690e-02,1.358771324157714844e-01,2.813000380992889404e-01,5.863417387008666992e-01,-4.554279446601867676e-01,7.061673700809478760e-02,4.779333621263504028e-02,-4.543741047382354736e-01,-3.423892706632614136e-02,4.369827806949615479e-01,1.095450893044471741e-01,2.245813310146331787e-01,-7.826099544763565063e-02,4.396071434020996094e-01,-4.897820651531219482e-01,-1.908709645271301270e+00,1.705194354057312012e+00,-1.398247599601745605e+00,6.831388473510742188e-01,7.724143099039793015e-03,-2.552781701087951660e-01,6.050629615783691406e-01,-1.253750801086425781e+00,-1.627288818359375000e+00,-1.267976462841033936e-01,-1.920896321535110474e-01,-3.277909755706787109e-01,-3.704519197344779968e-02,-1.352447986602783203e+00
7.315567135810852051e-02,3.266164362430572510e-01,8.688206672668457031e-01,-2.648129686713218689e-02,-2.989446371793746948e-02,9.180533289909362793e-01,3.944403529167175293e-01,-1.017441228032112122e-02,1.604026854038238525e-01,2.350705265998840332e-01,4.531296789646148682e-01,-2.789618670940399170e-01,2.018790692090988159e-02,7.552051544189453125e-02,-3.790907263755798340e-01,-7.842897623777389526e-02,3.398911654949188232e-01,2.434986382722854614e-01,2.617995142936706543e-01,-1.066650897264480591e-01,3.284322321414947510e-01,-5.177342891693115234e-01,-1.799360394477844238e+00,1.727108120918273926e+00,-1.381755709648132324e+00,5.939323902130126953e-01,-1.838995888829231262e-02,-2.812118530273437500e-01,5.534123182296752930e-01,-1.247843384742736816e+00,-1.530174851417541504e+00,-2.548958361148834229e-01,-1.577547937631607056e-01,-3.978122472763061523e-01,1.987632736563682556e-02,-1.444489717483520508e+00
7.950258255004882812e-02,3.321976065635681152e-01,8.961476087570190430e-01,-5.078550055623054504e-02,-4.489427432417869568e-02,9.272675514221191406e-01,3.682121932506561279e-01,5.176552804186940193e-04,1.967324912548065186e-01,1.158868074417114258e-01,2.789358198642730713e-01,-3.820383921265602112e-02,-5.891301110386848450e-02,9.964784234762191772e-02,-2.144315838813781738e-01,-1.697913408279418945e-01,2.141524702310562134e-01,4.099082946777343750e-01,2.617999911308288574e-01,-1.194018274545669556e-01,8.859980106353759766e-02,-5.197668671607971191e-01,-1.659045338630676270e+00,1.672932028770446777e+00,-1.323779702186584473e+00,4.830963313579559326e-01,-9.006176888942718506e-02,-3.468402624130249023e-01,4.563852548599243164e-01,-1.257740139961242676e+00,-1.446860671043395996e+00,-4.633771181106567383e-01,-1.293003410100936890e-01,-5.244687795639038086e-01,1.138947382569313049e-01,-1.555826544761657715e+00
8.069352060556411743e-02,3.426920473575592041e-01,9.259372353553771973e-01,-7.896545529365539551e-02,-5.835592001676559448e-02,9.408316016197204590e-01,3.243377506732940674e-01,1.400941982865333557e-03,2.492422759532928467e-01,4.657112807035446167e-02,1.231578961014747620e-01,2.752291858196258545e-01,-1.690177619457244873e-01,6.795966625213623047e-02,-7.487334311008453369e-02,-2.614134550094604492e-01,1.287200301885604858e-01,5.218654870986938477e-01,2.617999911308288574e-01,-3.961597394663840532e-04,-1.527803093194961548e-01,-5.199999809265136719e-01,-1.243039727210998535e+00,1.348400831222534180e+00,-9.433160424232482910e-01,4.352013468742370605e-01,-8.816415444016456604e-03,-3.643957674503326416e-01,4.095943570137023926e-01,-1.155138611793518066e+00,-1.466681957244873047e+00,-6.514465212821960449e-01,-1.658271253108978271e-01,-5.658361911773681641e-01,1.720560342073440552e-01,-1.555933594703674316e+00
7.442220300436019897e-02,3.461281359195709229e-01,9.582120180130004883e-01,-7.511631399393081665e-02,-3.525986149907112122e-02,9.596248865127563477e-01,2.687644958496093750e-01,-7.057590037584304810e-02,2.316984683275222778e-01,-2.516502328217029572e-02,1.194969043135643005e-01,3.980348408222198486e-01,-2.370962947607040405e-01,-2.640006830915808678e-03,-6.400291621685028076e-02,-3.212873041629791260e-01,1.845892369747161865e-01,5.235999822616577148e-01,2.617999911308288574e-01,6.335385888814926147e-02,-4.191211462020874023e-01,-4.398878812789916992e-01,-1.113827466964721680e+00,1.151533484458923340e+00,-8.699656128883361816e-01,3.261353671550750732e-01,1.710661500692367554e-01,-3.828865587711334229e-01,3.775957226753234863e-01,-1.200912356376647949e+00,-1.505266308784484863e+00,-5.518542528152465820e-01,-1.316931843757629395e-02,-3.903521895408630371e-01,1.449534147977828979e-01,-1.440140962600708008e+00
6.653343886137008667e-02,3.451528251171112061e-01,9.815127253532409668e-01,-7.260211557149887085e-02,-3.707086294889450073e-02,9.729892611503601074e-01,2.159781903028488159e-01,-1.672979593276977539e-01,2.703413665294647217e-01,-1.468122936785221100e-02,1.741864979267120361e-01,3.442628979682922363e-01,-2.309779822826385498e-01,-8.087395690381526947e-03,-1.858709962107241154e-03,-2.991037070751190186e-01,1.315887421369552612e-01,4.756386280059814453e-01,2.617999911308288574e-01,1.593224257230758667e-01,-5.199999809265136719e-01,-2.684818506240844727e-01,-1.137439370155334473e+00,9.884248971939086914e-01,-8.262450098991394043e-01,1.844735890626907349e-01,2.082925438880920410e-01,-3.597685992717742920e-01,3.621567487716674805e-01,-1.350473642349243164e+00,-1.618297576904296875e+00,-1.785931885242462158e-01,4.052023291587829590e-01,-7.966694980859756470e-02,1.651164516806602478e-02,-1.133734822273254395e+00
6.191865727305412292e-02,3.475724756717681885e-01,9.900314807891845703e-01,-5.963810160756111145e-02,-4.894211888313293457e-02,9.837446212768554688e-01,1.621557325124740601e-01,-2.332523316144943237e-01,3.207966089248657227e-01,1.942923478782176971e-02,2.666069269180297852e-01,2.509886920452117920e-01,-2.022402733564376831e-01,-1.973754115169867873e-04,1.774213090538978577e-02,-2.780598700046539307e-01,1.228350624442100525e-01,4.294556677341461182e-01,2.617999911308288574e-01,2.159719616174697876e-01,-5.199999809265136719e-01,-1.274099647998809814e-01,-1.181446433067321777e+00,8.911783099174499512e-01,-8.282134532928466797e-01,9.379300475120544434e-02,2.165385633707046509e-01,-3.409517407417297363e-01,3.144232332706451416e-01,-1.588936686515808105e+00,-1.585867047309875488e+00,2.814967632293701172e-01,6.823655962944030762e-01,-5.740223079919815063e-02,9.218332706950604916e-04,-8.099940419197082520e-01
5.249219387769699097e-02,3.501608967781066895e-01,9.955106377601623535e-01,-5.443953350186347961e-02,-4.318373650312423706e-02,9.925149083137512207e-01,1.004274189472198486e-01,-3.253473043441772461e-01,3.129811286926269531e-01,9.699849784374237061e-02,3.430515825748443604e-01,2.205894440412521362e-01,-1.791641563177108765e-01,-1.805999130010604858e-02,-2.610846981406211853e-02,-2.395245730876922607e-01,1.440495550632476807e-01,4.115612506866455078e-01,2.617999911308288574e-01,2.555720210075378418e-01,-5.199999809265136719e-01,8.057114668190479279e-03,-1.163157224655151367e+00,8.001436591148376465e-01,-8.174721598625183105e-01,-5.754727497696876526e-02,1.602676808834075928e-01,-3.561651408672332764e-01,2.442624419927597046e-01,-2.015680074691772461e+00,-1.335222721099853516e+00,1.043082952499389648e+00,1.094262361526489258e+00,-1.577698588371276855e-01,8.937495760619640350e-03,-3.356866538524627686e-01
4.089601337909698486e-02,3.451632261276245117e-01,9.943379163742065430e-01,-5.538414791226387024e-02,-5.346301943063735962e-02,9.964847564697265625e-01,3.305185213685035706e-02,-3.943034112453460693e-01,3.165612816810607910e-01,1.343525350093841553e-01,3.130992650985717773e-01,2.362413555383682251e-01,-1.736438274383544922e-01,-1.880165748298168182e-02,-8.890748023986816406e-02,-2.282944023609161377e-01,1.926257014274597168e-01,4.173086881637573242e-01,2.617999911308288574e-01,3.084622323513031006e-01,-5.199999809265136719e-01,1.217681095004081726e-01,-1.076262950897216797e+00,6.765215992927551270e-01,-8.188712000846862793e-01,-1.603095233440399170e-01,8.935766667127609253e-02,-4.008098840713500977e-01,1.814771145582199097e-01,-1.915376186370849609e+00,-1.074297785758972168e+00,1.241211891174316406e+00,1.159943103790283203e+00,-2.860220968723297119e-01,-4.965178668498992920e-02,-2.543391659855842590e-02
2.785163372755050659e-02,3.315309286117553711e-01,9.859846830368041992e-01,-6.612775474786758423e-02,-8.494402468204498291e-02,9.939520359039306641e-01,-2.170242555439472198e-02,-4.506326019763946533e-01,3.373042941093444824e-01,1.161894276738166809e-01,2.261430025100708008e-01,2.317088991403579712e-01,-1.610978543758392334e-01,1.570858247578144073e-02,-1.707670539617538452e-01,-2.220426052808761597e-01,2.371642440557479858e-01,4.102999866008758545e-01,2.617999911308288574e-01,3.855356574058532715e-01,-4.930886030197143555e-01,2.024652212858200073e-01,-9.378683567047119141e-01,6.404655575752258301e-01,-7.962832450866699219e-01,-1.754708886146545410e-01,7.502453029155731201e-02,-4.296544790267944336e-01,1.425655037164688110e-01,-1.621146559715270996e+00,-8.453436493873596191e-01,1.195097327232360840e+00,1.060582876205444336e+00,-2.759391963481903076e-01,-1.145471408963203430e-01,1.233250200748443604e-01
1.531002949923276901e-02,3.182151317596435547e-01,9.692880511283874512e-01,-8.814450353384017944e-02,-1.190302222967147827e-01,9.857922196388244629e-01,-7.922124117612838745e-02,-5.102203488349914551e-01,3.702710568904876709e-01,1.481100469827651978e-01,1.778783351182937622e-01,1.826755702495574951e-01,-1.321092694997787476e-01,4.705294594168663025e-02,-2.048457115888595581e-01,-2.045497149229049683e-01,2.591991722583770752e-01,3.884363770484924316e-01,2.617999911308288574e-01,4.460511207580566406e-01,-4.408306181430816650e-01,2.399145960807800293e-01,-7.674797773361206055e-01,6.632466912269592285e-01,-7.567517161369323730e-01,-1.397759020328521729e-01,9.384626150131225586e-02,-4.472950100898742676e-01,1.809908747673034668e-01,-1.342519402503967285e+00,-6.380681395530700684e-01,1.103505611419677734e+00,9.995238184928894043e-01,-2.656807899475097656e-01,-1.196767538785934448e-01,1.462345123291015625e-01
3.812599228695034981e-03,3.069422245025634766e-01,9.461072683334350586e-01,-1.014987975358963013e-01,-1.410440951585769653e-01,9.794519543647766113e-01,-1.023639962077140808e-01,-5.526258349418640137e-01,4.027409553527832031e-01,1.592995673418045044e-01,1.532955020666122437e-01,1.528793126344680786e-01,-1.178436651825904846e-01,9.665413945913314819e-02,-2.501905560493469238e-01,-1.856196373701095581e-01,2.584399282932281494e-01,3.817153275012969971e-01,2.617999911308288574e-01,4.947013556957244873e-01,-4.089407324790954590e-01,2.549936473369598389e-01,-6.727527379989624023e-01,6.800194978713989258e-01,-7.033851742744445801e-01,-1.219034716486930847e-01,1.001200154423713684e-01,-4.566781818866729736e-01,1.853667348623275757e-01,-1.237833380699157715e+00,-5.510187745094299316e-01,1.057801604270935059e+00,9.709535837173461914e-01,-2.296194285154342651e-01,-1.296926885843276978e-01,1.685598641633987427e-01
-6.627517752349376678e-03,2.938171327114105225e-01,9.225797653198242188e-01,-1.274345219135284424e-01,-1.707774251699447632e-01,9.670433402061462402e-01,-1.393651366233825684e-01,-6.301970481872558594e-01,4.353040456771850586e-01,1.636330336332321167e-01,1.739011406898498535e-01,2.014020271599292755e-02,-6.296203285455703735e-02,1.535755544900894165e-01,-3.174974024295806885e-01,-1.394819319248199463e-01,3.151709139347076416e-01,3.003031313419342041e-01,2.457869499921798706e-01,5.648061633110046387e-01,-3.667791187763214111e-01,2.813460826873779297e-01,-4.286137521266937256e-01,7.492092251777648926e-01,-5.617901682853698730e-01,-2.992513217031955719e-02,1.586688458919525146e-01,-4.419800639152526855e-01,2.547113299369812012e-01,-1.016411304473876953e+00,-4.278160333633422852e-01,9.655487537384033203e-01,9.091891050338745117e-01,-2.291051447391510010e-01,-1.137448102235794067e-01,1.500178575515747070e-01
-1.665788888931274414e-02,2.828611731529235840e-01,9.014028906822204590e-01,-1.549523323774337769e-01,-2.005314975976943970e-01,9.529649615287780762e-01,-1.662368327379226685e-01,-7.077201008796691895e-01,4.496956765651702881e-01,1.190918311476707458e-01,2.388574779033660889e-01,-1.136915236711502075e-01,-7.494856137782335281e-03,1.919827908277511597e-01,-3.709001541137695312e-01,-8.280024677515029907e-02,4.151015579700469971e-01,2.214089632034301758e-01,2.050207406282424927e-01,5.815471410751342773e-01,-3.307516276836395264e-01,2.920866310596466064e-01,-2.496769726276397705e-01,7.864781618118286133e-01,-4.680622220039367676e-01,9.857181459665298462e-02,1.810690313577651978e-01,-4.162961840629577637e-01,3.235007822513580322e-01,-8.941725492477416992e-01,-2.995018661022186279e-01,9.060853123664855957e-01,8.684385418891906738e-01,-2.531079947948455811e-01,-1.198861971497535706e-01,4.623771458864212036e-02
-2.629548124969005585e-02,2.705242931842803955e-01,8.850296139717102051e-01,-1.787966340780258179e-01,-2.153358459472656250e-01,9.415953755378723145e-01,-1.872440427541732788e-01,-7.916002869606018066e-01,4.129518568515777588e-01,5.501893907785415649e-02,3.472777009010314941e-01,-2.446874529123306274e-01,6.281369924545288086e-02,2.021275013685226440e-01,-4.252504408359527588e-01,-1.543260272592306137e-02,5.909693837165832520e-01,1.253974139690399170e-01,1.550407409667968750e-01,5.661409497261047363e-01,-3.005670607089996338e-01,3.287365138530731201e-01,-1.248796060681343079e-01,7.858127951622009277e-01,-4.069021344184875488e-01,3.301014900207519531e-01,1.695750206708908081e-01,-3.544388115406036377e-01,3.914215564727783203e-01,-8.457831740379333496e-01,-1.751745790243148804e-01,8.654078841209411621e-01,8.017129898071289062e-01,-2.417159527540206909e-01,-1.149880960583686829e-01,-9.301266819238662720e-02
-3.384761884808540344e-02,2.580157816410064697e-01,8.727720975875854492e-01,-1.897595226764678955e-01,-2.128973603248596191e-01,9.355682730674743652e-01,-2.082740515470504761e-01,-8.460079431533813477e-01,3.485808372497558594e-01,1.961505599319934845e-02,4.731384813785552979e-01,-3.508611321449279785e-01,1.306994855403900146e-01,1.511638462543487549e-01,-4.721763134002685547e-01,5.761420726776123047e-02,8.516007065773010254e-01,-1.414006226696074009e-03,9.739334136247634888e-02,5.062806010246276855e-01,-2.827180922031402588e-01,3.903124332427978516e-01,-6.688234955072402954e-02,7.157633304595947266e-01,-3.794839680194854736e-01,6.301621198654174805e-01,7.378606498241424561e-02,-2.946202158927917480e-01,3.812503814697265625e-01,-8.443809747695922852e-01,-7.771953940391540527e-02,8.953721523284912109e-01,6.511185765266418457e-01,-1.840692907571792603e-01,-1.103585958480834961e-01,-1.861547529697418213e-01
-4.118394479155540466e-02,2.463210076093673706e-01,8.667894601821899414e-01,-2.016946375370025635e-01,-2.006029635667800903e-01,9.296718835830688477e-01,-2.340681403875350952e-01,-8.626092672348022461e-01,2.562877535820007324e-01,-1.398308482021093369e-02,5.462806820869445801e-01,-3.805606961250305176e-01,1.586233228445053101e-01,8.186550438404083252e-02,-4.237644970417022705e-01,1.310558170080184937e-01,1.080535888671875000e+00,-7.599316537380218506e-02,7.203454524278640747e-02,4.530954360961914062e-01,-2.665350139141082764e-01,4.179979264736175537e-01,-3.916421905159950256e-02,6.716070771217346191e-01,-3.803043365478515625e-01,7.712051868438720703e-01,5.045953765511512756e-02,-2.649390697479248047e-01,3.336218297481536865e-01,-8.451882004737854004e-01,-5.815737694501876831e-02,9.059146642684936523e-01,5.441523790359497070e-01,-1.619248837232589722e-01,-1.101446896791458130e-01,-1.790118664503097534e-01
-4.886883124709129333e-02,2.337919324636459351e-01,8.670166134834289551e-01,-2.147929817438125610e-01,-1.813692301511764526e-01,9.256820082664489746e-01,-2.531441748142242432e-01,-8.605137467384338379e-01,1.613187938928604126e-01,-6.277598440647125244e-02,5.781534910202026367e-01,-3.651076555252075195e-01,1.575292199850082397e-01,-5.697585642337799072e-02,-3.200838863849639893e-01,1.902281939983367920e-01,1.377931237220764160e+00,-1.314273029565811157e-01,6.133193150162696838e-02,4.035850763320922852e-01,-2.405635267496109009e-01,4.446272850036621094e-01,-5.147106014192104340e-03,6.297119259834289551e-01,-3.703544735908508301e-01,8.856830000877380371e-01,5.077283829450607300e-03,-2.408322691917419434e-01,2.868420779705047607e-01,-8.584394454956054688e-01,-3.986693546175956726e-02,9.282274246215820312e-01,4.368520379066467285e-01,-1.463501602411270142e-01,-1.096227988600730896e-01,-1.600903868675231934e-01
-5.795650929212570190e-02,2.203152924776077271e-01,8.753290772438049316e-01,-2.178799957036972046e-01,-1.680982410907745361e-01,9.240265488624572754e-01,-2.654170095920562744e-01,-8.336157798767089844e-01,1.022516787052154541e-01,-1.051515042781829834e-01,5.772894024848937988e-01,-3.132310807704925537e-01,1.461846828460693359e-01,-2.056822180747985840e-01,-1.866065114736557007e-01,1.918791979551315308e-01,1.587451696395874023e+00,-1.590170413255691528e-01,5.216572433710098267e-02,3.750455975532531738e-01,-2.010580152273178101e-01,4.449462890625000000e-01,3.601949289441108704e-02,5.818883776664733887e-01,-3.644579350948333740e-01,9.429926872253417969e-01,-2.460577897727489471e-02,-2.320949584245681763e-01,2.306355983018875122e-01,-8.425588607788085938e-01,-4.578690230846405029e-02,9.183535575866699219e-01,3.443407714366912842e-01,-1.051180064678192139e-01,-1.091180592775344849e-01,-1.094457358121871948e-01
-6.944086402654647827e-02,2.054183483123779297e-01,8.880593180656433105e-01,-2.148696333169937134e-01,-1.698380410671234131e-01,9.233489036560058594e-01,-2.690964341163635254e-01,-7.779054045677185059e-01,9.958133101463317871e-02,-1.225566938519477844e-01,5.183549523353576660e-01,-2.662416100502014160e-01,1.329475939273834229e-01,-3.387618660926818848e-01,-9.664189815521240234e-02,1.266029477119445801e-01,1.633714437484741211e+00,-1.774215996265411377e-01,2.361405268311500549e-02,3.639084994792938232e-01,-1.611942648887634277e-01,4.377044737339019775e-01,8.182542771100997925e-02,5.537174940109252930e-01,-3.732440471649169922e-01,9.542694091796875000e-01,-1.418965402990579605e-02,-2.226802408695220947e-01,1.839065849781036377e-01,-8.194149732589721680e-01,-7.138147950172424316e-02,9.045622944831848145e-01,2.736279070377349854e-01,-9.567297995090484619e-02,-1.050784811377525330e-01,-7.653492689132690430e-02
-8.260212838649749756e-02,1.899610757827758789e-01,9.031410217285156250e-01,-2.091784477233886719e-01,-1.720777004957199097e-01,9.227692484855651855e-01,-2.740995585918426514e-01,-7.040358185768127441e-01,1.082987785339355469e-01,-1.240739524364471436e-01,4.303794503211975098e-01,-1.875730305910110474e-01,1.073751002550125122e-01,-4.492815732955932617e-01,-3.951507061719894409e-02,4.173135012388229370e-02,1.556791067123413086e+00,-1.945926696062088013e-01,-1.639232598245143890e-02,3.434794843196868896e-01,-1.185645461082458496e-01,4.142424762248992920e-01,1.316223889589309692e-01,5.163107514381408691e-01,-3.810627162456512451e-01,9.341032505035400391e-01,6.228200625628232956e-03,-2.221921980381011963e-01,1.491218358278274536e-01,-7.844187617301940918e-01,-1.186730265617370605e-01,8.785834908485412598e-01,1.880341917276382446e-01,-1.156039237976074219e-01,-1.036888062953948975e-01,-6.422214955091476440e-02
-9.748653322458267212e-02,1.737452447414398193e-01,9.204622507095336914e-01,-1.926437914371490479e-01,-1.697811335325241089e-01,9.243926405906677246e-01,-2.820656299591064453e-01,-6.195920109748840332e-01,1.196473613381385803e-01,-1.224776208400726318e-01,3.523324429988861084e-01,-8.985979110002517700e-02,6.139501929283142090e-02,-5.058345198631286621e-01,8.799431845545768738e-03,-3.773819655179977417e-02,1.447421431541442871e+00,-2.029707282781600952e-01,-4.240091145038604736e-02,3.196645081043243408e-01,-8.051344007253646851e-02,4.063915312290191650e-01,1.628406047821044922e-01,4.893219769001007080e-01,-3.913902342319488525e-01,8.989139795303344727e-01,1.387414615601301193e-02,-2.350362986326217651e-01,1.497737467288970947e-01,-7.643351554870605469e-01,-1.594791561365127563e-01,8.508455753326416016e-01,1.343218684196472168e-01,-1.088560521602630615e-01,-1.190043836832046509e-01,-8.661641925573348999e-02
-1.122497767210006714e-01,1.586375981569290161e-01,9.377030134201049805e-01,-1.814376562833786011e-01,-1.601069420576095581e-01,9.228590130805969238e-01,-2.996286749839782715e-01,-5.171725749969482422e-01,1.054545566439628601e-01,-1.288792192935943604e-01,2.578038275241851807e-01,-2.427598275244235992e-02,2.634953521192073822e-02,-5.213403105735778809e-01,4.028819501399993896e-02,-1.137770637869834900e-01,1.175494790077209473e+00,-1.710975915193557739e-01,-3.026134148240089417e-02,2.710789740085601807e-01,-4.927187040448188782e-02,4.027476310729980469e-01,1.978247612714767456e-01,4.501351416110992432e-01,-3.817667365074157715e-01,8.362393975257873535e-01,2.628668397665023804e-02,-2.556080818176269531e-01,1.589442193508148193e-01,-7.167484760284423828e-01,-2.326428592205047607e-01,8.065802454948425293e-01,6.844270229339599609e-02,-1.225372925400733948e-01,-1.262251883745193481e-01,-8.896375447511672974e-02
-1.261579543352127075e-01,1.438510864973068237e-01,9.508695006370544434e-01,-1.707689017057418823e-01,-1.454840004444122314e-01,9.184892177581787109e-01,-3.256530463695526123e-01,-4.160741865634918213e-01,7.544349879026412964e-02,-1.374959051609039307e-01,1.746505796909332275e-01,2.771487459540367126e-02,-8.655725046992301941e-03,-5.068376064300537109e-01,4.891543835401535034e-02,-1.462140381336212158e-01,8.110606670379638672e-01,-1.145035773515701294e-01,2.220690809190273285e-02,1.998530328273773193e-01,-3.837713971734046936e-02,4.086044728755950928e-01,2.179043143987655640e-01,4.205851852893829346e-01,-3.760725855827331543e-01,7.717186808586120605e-01,5.630930885672569275e-02,-2.708966434001922607e-01,1.724634170532226562e-01,-6.638696789741516113e-01,-3.116352260112762451e-01,7.603342533111572266e-01,1.459608972072601318e-02,-1.496135443449020386e-01,-1.213255301117897034e-01,-8.655780553817749023e-02
-1.376563459634780884e-01,1.300799697637557983e-01,9.563527703285217285e-01,-1.676302105188369751e-01,-1.125274598598480225e-01,9.130704998970031738e-01,-3.543160855770111084e-01,-3.264026641845703125e-01,7.278780918568372726e-03,-1.428395509719848633e-01,1.402926892042160034e-01,6.021699309349060059e-02,-4.080858454108238220e-02,-4.918716847896575928e-01,1.552689820528030396e-02,-1.517146676778793335e-01,4.681417942047119141e-01,-2.292338013648986816e-02,9.730337560176849365e-02,1.343154311180114746e-01,-4.353499412536621094e-02,4.275275170803070068e-01,2.232815176248550415e-01,3.853419721126556396e-01,-3.701600432395935059e-01,7.173379659652709961e-01,5.485041812062263489e-02,-2.874567508697509766e-01,1.947731673717498779e-01,-6.232614517211914062e-01,-3.906109035015106201e-01,7.008925676345825195e-01,-4.840458184480667114e-02,-1.676919311285018921e-01,-1.262481659650802612e-01,-1.114614903926849365e-01
-1.523283272981643677e-01,1.135362386703491211e-01,9.547110795974731445e-01,-1.366284191608428955e-01,-6.554862111806869507e-02,9.052562117576599121e-01,-3.969221413135528564e-01,-1.687351018190383911e-01,-6.296980381011962891e-02,-1.905671358108520508e-01,1.250908076763153076e-01,2.670618332922458649e-02,-4.163666814565658569e-02,-4.160432517528533936e-01,-2.546695433557033539e-02,-1.432381719350814819e-01,1.830806434154510498e-01,5.685861036181449890e-02,1.778029352426528931e-01,5.596721917390823364e-02,-5.473869293928146362e-02,4.617311656475067139e-01,2.747362852096557617e-01,3.570340871810913086e-01,-3.786806464195251465e-01,6.835781931877136230e-01,4.435073956847190857e-02,-3.048667907714843750e-01,2.029890716075897217e-01,-5.494706034660339355e-01,-4.621084034442901611e-01,6.850476264953613281e-01,-7.173113524913787842e-02,-1.765357255935668945e-01,-1.205502972006797791e-01,-1.065042838454246521e-01
-1.612458825111389160e-01,1.016770079731941223e-01,9.481184482574462891e-01,-1.173606142401695251e-01,-3.520439937710762024e-02,8.972434401512145996e-01,-4.241949915885925293e-01,-8.031226694583892822e-02,-1.043376401066780090e-01,-2.161291092634201050e-01,1.372856497764587402e-01,6.211781408637762070e-03,-3.698076307773590088e-02,-4.167144894599914551e-01,-5.464489385485649109e-02,-1.549196839332580566e-01,1.088024899363517761e-01,8.815964311361312866e-02,2.149020582437515259e-01,1.558244184707291424e-05,-6.603711098432540894e-02,4.752612709999084473e-01,2.881544232368469238e-01,3.640470206737518311e-01,-3.812625706195831299e-01,6.639378070831298828e-01,5.765112116932868958e-02,-3.146390318870544434e-01,2.110608816146850586e-01,-5.146706700325012207e-01,-5.193529725074768066e-01,6.579758524894714355e-01,-8.597110211849212646e-02,-1.811378747224807739e-01,-1.265326738357543945e-01,-1.328061521053314209e-01
-1.689779460430145264e-01,9.023689478635787964e-02,9.346640706062316895e-01,-9.797580540180206299e-02,-1.072377897799015045e-02,8.849149942398071289e-01,-4.552046060562133789e-01,1.686605811119079590e-02,-1.350106149911880493e-01,-2.737703621387481689e-01,1.627544313669204712e-01,-4.336219653487205505e-02,-2.720682695508003235e-02,-4.459984004497528076e-01,-1.038676574826240540e-01,-1.614835560321807861e-01,5.665489286184310913e-02,1.067675799131393433e-01,2.549211680889129639e-01,-5.048089846968650818e-02,-7.050377875566482544e-02,4.837827086448669434e-01,2.833350896835327148e-01,3.738894760608673096e-01,-3.793144226074218750e-01,6.485528349876403809e-01,7.235709577798843384e-02,-3.182521760463714600e-01,2.232584357261657715e-01,-4.594741463661193848e-01,-5.864838957786560059e-01,6.392024159431457520e-01,-6.242232397198677063e-02,-2.036351412534713745e-01,-1.231018304824829102e-01,-1.383169442415237427e-01
-1.807434856891632080e-01,7.641170173883438110e-02,9.165428280830383301e-01,-8.029720187187194824e-02,9.137227199971675873e-03,8.741589188575744629e-01,-4.788684844970703125e-01,9.846369922161102295e-02,-1.577201783657073975e-01,-3.174708485603332520e-01,2.178900986909866333e-01,-1.005238890647888184e-01,-2.209387160837650299e-02,-4.671751856803894043e-01,-1.532290577888488770e-01,-1.792368441820144653e-01,4.592448100447654724e-02,1.029873937368392944e-01,2.617796957492828369e-01,-8.926089853048324585e-02,-7.725520431995391846e-02,4.779148697853088379e-01,2.728525400161743164e-01,3.940018117427825928e-01,-3.899523615837097168e-01,6.231631040573120117e-01,1.046467125415802002e-01,-3.199542164802551270e-01,2.373698502779006958e-01,-3.965055942535400391e-01,-6.432245969772338867e-01,6.094550490379333496e-01,-3.297827392816543579e-02,-2.233166396617889404e-01,-1.220726370811462402e-01,-1.541600525379180908e-01
-1.902619749307632446e-01,6.204124912619590759e-02,8.964874148368835449e-01,-8.857322484254837036e-02,1.615468785166740417e-02,8.755236864089965820e-01,-4.747126102447509766e-01,5.685621500015258789e-02,-2.010881602764129639e-01,-2.837753891944885254e-01,3.973368406295776367e-01,-1.876940876245498657e-01,-1.257272250950336456e-02,-5.487405061721801758e-01,-1.699557453393936157e-01,-1.289269626140594482e-01,1.059685349464416504e-01,1.276266276836395264e-01,2.363371253013610840e-01,-6.701520830392837524e-02,-7.853706181049346924e-02,4.856081902980804443e-01,1.721578836441040039e-01,4.136039316654205322e-01,-3.772317171096801758e-01,6.067841649055480957e-01,9.958507865667343140e-02,-3.000530004501342773e-01,2.547047138214111328e-01,-3.693065941333770752e-01,-6.972417235374450684e-01,5.474191308021545410e-01,1.679015904664993286e-02,-2.435633540153503418e-01,-1.334020495414733887e-01,-1.960023641586303711e-01
-2.088614255189895630e-01,4.161734133958816528e-02,8.829423785209655762e-01,-8.096563816070556641e-02,1.537362579256296158e-02,8.710047006607055664e-01,-4.843129217624664307e-01,5.663935840129852295e-02,-2.067764550447463989e-01,-2.948117256164550781e-01,5.724548101425170898e-01,-2.261168807744979858e-01,-3.252597525715827942e-02,-5.685256123542785645e-01,-1.831063479185104370e-01,-1.206683814525604248e-01,2.320359647274017334e-01,9.739734232425689697e-02,1.751457005739212036e-01,-7.578884810209274292e-02,-6.565959006547927856e-02,4.729735255241394043e-01,1.320978850126266479e-01,4.308563768863677979e-01,-4.045089781284332275e-01,6.151984930038452148e-01,1.078473553061485291e-01,-2.852626144886016846e-01,2.546902000904083252e-01,-3.097683787345886230e-01,-7.296933531761169434e-01,5.206558108329772949e-01,8.601929247379302979e-02,-2.594123780727386475e-01,-1.397632360458374023e-01,-2.182987630367279053e-01
-2.310588508844375610e-01,2.014821767807006836e-02,8.755968809127807617e-01,-7.748454064130783081e-02,7.495793048292398453e-03,8.699438571929931641e-01,-4.869677722454071045e-01,2.934140153229236603e-02,-2.035572975873947144e-01,-2.805333137512207031e-01,7.055317163467407227e-01,-2.019736319780349731e-01,-6.481362879276275635e-02,-5.743614435195922852e-01,-1.676073670387268066e-01,-9.690301865339279175e-02,3.266935646533966064e-01,1.367665454745292664e-02,1.272925883531570435e-01,-7.021126151084899902e-02,-4.856946691870689392e-02,4.570019245147705078e-01,1.200607717037200928e-01,4.323891103267669678e-01,-4.038216471672058105e-01,6.019259095191955566e-01,8.956218510866165161e-02,-2.722876965999603271e-01,2.491916865110397339e-01,-2.603120505809783936e-01,-7.334152460098266602e-01,4.932238757610321045e-01,1.415601372718811035e-01,-2.540389597415924072e-01,-1.433376818895339966e-01,-2.199054509401321411e-01
-2.530277073383331299e-01,-1.539866323582828045e-03,8.758183717727661133e-01,-7.168658077716827393e-02,7.152490317821502686e-03,8.674196600914001465e-01,-4.923342764377593994e-01,-2.976107783615589142e-02,-1.982904970645904541e-01,-2.512396275997161865e-01,8.749631643295288086e-01,-1.566756665706634521e-01,-8.889903873205184937e-02,-5.641201138496398926e-01,-1.578921824693679810e-01,-7.433293014764785767e-02,4.196713864803314209e-01,-5.167993903160095215e-02,7.692245393991470337e-02,-5.850988626480102539e-02,-3.818453103303909302e-02,4.346999228000640869e-01,1.072187423706054688e-01,4.409808814525604248e-01,-4.120909273624420166e-01,5.924078226089477539e-01,8.311197161674499512e-02,-2.537415325641632080e-01,2.265192717313766479e-01,-2.129402905702590942e-01,-7.190529108047485352e-01,4.747638404369354248e-01,2.286539673805236816e-01,-2.513576745986938477e-01,-1.385553926229476929e-01,-2.039770781993865967e-01
-2.655119895935058594e-01,-2.337602153420448303e-02,8.803074359893798828e-01,-6.850451976060867310e-02,1.131473202258348465e-02,8.709532618522644043e-01,-4.864355623722076416e-01,-1.085570529103279114e-01,-2.077099382877349854e-01,-2.069156169891357422e-01,1.013733148574829102e+00,-1.021262109279632568e-01,-1.001711934804916382e-01,-5.358558297157287598e-01,-1.517200767993927002e-01,-4.510772600769996643e-02,4.546881616115570068e-01,-8.836857229471206665e-02,4.892595857381820679e-02,-3.691829741001129150e-02,-4.403885453939437866e-02,4.103992283344268799e-01,1.078443974256515503e-01,4.519442021846771240e-01,-4.104856252670288086e-01,5.627524256706237793e-01,6.857289373874664307e-02,-2.451100647449493408e-01,2.149749547243118286e-01,-1.853685677051544189e-01,-6.952708363533020020e-01,4.685976207256317139e-01,3.041508495807647705e-01,-2.536171674728393555e-01,-1.333547234535217285e-01,-1.937838643789291382e-01
-2.721399664878845215e-01,-3.703795373439788818e-02,8.879122734069824219e-01,-6.384091824293136597e-02,1.740065775811672211e-02,8.729338645935058594e-01,-4.833301901817321777e-01,-1.675217002630233765e-01,-2.096247524023056030e-01,-1.836955547332763672e-01,1.086446642875671387e+00,-7.599315792322158813e-02,-9.980195015668869019e-02,-4.996590018272399902e-01,-1.530010700225830078e-01,-2.445761486887931824e-02,4.565412700176239014e-01,-8.105950057506561279e-02,4.665344953536987305e-02,-2.158313244581222534e-02,-5.289101228117942810e-02,3.926948606967926025e-01,1.100269481539726257e-01,4.662671983242034912e-01,-4.060902595520019531e-01,5.243597626686096191e-01,6.541702896356582642e-02,-2.421825230121612549e-01,2.113695442676544189e-01,-1.677004843950271606e-01,-6.816532611846923828e-01,4.731825292110443115e-01,3.623544275760650635e-01,-2.642029821872711182e-01,-1.251643300056457520e-01,-1.855237334966659546e-01
-2.786743342876434326e-01,-5.191519483923912048e-02,8.978785276412963867e-01,-6.193119287490844727e-02,2.368880063295364380e-02,8.763747811317443848e-01,-4.770436286926269531e-01,-2.207324206829071045e-01,-2.165737450122833252e-01,-1.619686931371688843e-01,1.117714047431945801e+00,-7.953929901123046875e-02,-7.936713099479675293e-02,-4.537197053432464600e-01,-1.565998941659927368e-01,-3.861917881295084953e-03,4.267692267894744873e-01,-6.323767453432083130e-02,5.585329234600067139e-02,-3.750160394702106714e-04,-6.510936468839645386e-02,3.702565729618072510e-01,1.124780029058456421e-01,4.901520013809204102e-01,-4.021467268466949463e-01,4.649376571178436279e-01,6.049089133739471436e-02,-2.522570490837097168e-01,2.071904242038726807e-01,-1.508884578943252563e-01,-6.566107869148254395e-01,4.770060181617736816e-01,4.371186494827270508e-01,-2.647145986557006836e-01,-1.175577193498611450e-01,-1.642131656408309937e-01
-2.833790481090545654e-01,-6.886832416057586670e-02,9.083037972450256348e-01,-5.841144174337387085e-02,3.055916540324687958e-02,8.849334120750427246e-01,-4.610283374786376953e-01,-2.588649988174438477e-01,-2.333735674619674683e-01,-1.649621129035949707e-01,1.090004682540893555e+00,-8.253170549869537354e-02,-6.581008434295654297e-02,-3.963547348976135254e-01,-1.551073938608169556e-01,2.773820050060749054e-02,3.723089694976806641e-01,-3.937586769461631775e-02,7.219190895557403564e-02,2.476925402879714966e-02,-7.906514406204223633e-02,3.522870242595672607e-01,1.159975752234458923e-01,5.175374150276184082e-01,-3.994802832603454590e-01,4.093491435050964355e-01,4.967985302209854126e-02,-2.689715325832366943e-01,2.013278305530548096e-01,-1.425280719995498657e-01,-6.342846155166625977e-01,4.879795610904693604e-01,5.117073059082031250e-01,-2.705979943275451660e-01,-1.139310896396636963e-01,-1.410086601972579956e-01
-2.870514094829559326e-01,-8.117713779211044312e-02,9.173654913902282715e-01,-5.475715547800064087e-02,3.904348984360694885e-02,8.926112651824951172e-01,-4.457829594612121582e-01,-2.722494006156921387e-01,-2.580114305019378662e-01,-1.880698502063751221e-01,1.019582867622375488e+00,-8.849851042032241821e-02,-5.841713026165962219e-02,-3.384762406349182129e-01,-1.580945551395416260e-01,5.980899930000305176e-02,3.070798516273498535e-01,-1.402531377971172333e-02,9.826842695474624634e-02,4.526315629482269287e-02,-9.089500457048416138e-02,3.352229595184326172e-01,1.173285320401191711e-01,5.372833609580993652e-01,-3.877518773078918457e-01,3.680889308452606201e-01,4.325139150023460388e-02,-2.881169617176055908e-01,1.978190392255783081e-01,-1.227283552289009094e-01,-6.201235055923461914e-01,4.977049529552459717e-01,5.748022794723510742e-01,-2.689383327960968018e-01,-1.125137358903884888e-01,-1.135477796196937561e-01
-2.884638011455535889e-01,-9.292244911193847656e-02,9.246462583541870117e-01,-4.951686412096023560e-02,4.336549341678619385e-02,9.021365642547607422e-01,-4.264001846313476562e-01,-2.608605623245239258e-01,-2.698850333690643311e-01,-2.261785417795181274e-01,9.164615273475646973e-01,-1.072190999984741211e-01,-5.359798669815063477e-02,-2.969320118427276611e-01,-1.503047496080398560e-01,1.029267311096191406e-01,2.623837888240814209e-01,1.922988146543502808e-02,1.304083466529846191e-01,6.337247043848037720e-02,-9.384465217590332031e-02,3.229097425937652588e-01,1.118388026952743530e-01,5.601494908332824707e-01,-3.695648610591888428e-01,3.414914309978485107e-01,3.095135837793350220e-02,-3.006369471549987793e-01,1.935636699199676514e-01,-1.116717085242271423e-01,-6.073244214057922363e-01,4.991232454776763916e-01,6.315255761146545410e-01,-2.575501203536987305e-01,-1.192946210503578186e-01,-9.542521089315414429e-02
-2.883642613887786865e-01,-1.059221327304840088e-01,9.285353422164916992e-01,-4.334358498454093933e-02,4.258463159203529358e-02,9.137911200523376465e-01,-4.016138911247253418e-01,-2.345248907804489136e-01,-2.810523509979248047e-01,-2.855367362499237061e-01,7.902405858039855957e-01,-1.213727518916130066e-01,-6.288060545921325684e-02,-2.628849744796752930e-01,-1.318406313657760620e-01,1.548129916191101074e-01,2.210668474435806274e-01,4.277516528964042664e-02,1.605057269334793091e-01,8.022525161504745483e-02,-9.079061448574066162e-02,3.091517984867095947e-01,1.038715615868568420e-01,5.822971463203430176e-01,-3.428460657596588135e-01,3.171828091144561768e-01,1.566987857222557068e-02,-3.089411258697509766e-01,1.943202465772628784e-01,-9.770503640174865723e-02,-5.920600295066833496e-01,4.925818443298339844e-01,6.919588446617126465e-01,-2.419537156820297241e-01,-1.225133687257766724e-01,-8.088854700326919556e-02
-2.839594483375549316e-01,-1.164382398128509521e-01,9.278410673141479492e-01,-3.333007171750068665e-02,3.900116309523582458e-02,9.279140830039978027e-01,-3.692471981048583984e-01,-1.992339193820953369e-01,-2.802726030349731445e-01,-3.670565783977508545e-01,6.365658044815063477e-01,-1.461950987577438354e-01,-7.170582562685012817e-02,-2.363895326852798462e-01,-1.030648127198219299e-01,2.166412025690078735e-01,1.849623918533325195e-01,5.719523876905441284e-02,1.888808906078338623e-01,8.826331794261932373e-02,-8.358065038919448853e-02,2.922926843166351318e-01,9.194370359182357788e-02,6.091925501823425293e-01,-3.150865733623504639e-01,3.033986091613769531e-01,-1.925937714986503124e-03,-3.101664483547210693e-01,1.944104284048080444e-01,-8.788047730922698975e-02,-5.765908956527709961e-01,4.787645041942596436e-01,7.558190822601318359e-01,-2.294898778200149536e-01,-1.183485314249992371e-01,-7.273156195878982544e-02
-2.806408703327178955e-01,-1.260440796613693237e-01,9.250807166099548340e-01,-2.423852495849132538e-02,3.387719020247459412e-02,9.382793307304382324e-01,-3.433609902858734131e-01,-1.577642858028411865e-01,-2.673675119876861572e-01,-4.250118434429168701e-01,5.379731655120849609e-01,-1.614832580089569092e-01,-7.756003737449645996e-02,-2.174895256757736206e-01,-7.589964568614959717e-02,2.717529237270355225e-01,1.654384285211563110e-01,5.515818670392036438e-02,2.022316753864288330e-01,9.029734134674072266e-02,-7.093229889869689941e-02,2.836198508739471436e-01,7.234951853752136230e-02,6.339224576950073242e-01,-2.853659987449645996e-01,3.079312145709991455e-01,-1.742997206747531891e-02,-3.030572533607482910e-01,1.952534615993499756e-01,-8.723594993352890015e-02,-5.686095952987670898e-01,4.683710634708404541e-01,7.973012924194335938e-01,-2.146547585725784302e-01,-1.187573447823524475e-01,-6.758909672498703003e-02
-2.796610891819000244e-01,-1.380166262388229370e-01,9.194280505180358887e-01,-1.757103390991687775e-02,2.769435755908489227e-02,9.500926136970520020e-01,-3.102391660213470459e-01,-1.197484731674194336e-01,-2.564164400100708008e-01,-4.863775074481964111e-01,4.603732824325561523e-01,-1.808689087629318237e-01,-7.445482909679412842e-02,-2.064269036054611206e-01,-4.452545195817947388e-02,3.360776305198669434e-01,1.544622480869293213e-01,3.143790736794471741e-02,2.103009521961212158e-01,7.832599431276321411e-02,-5.979452282190322876e-02,2.716501355171203613e-01,4.198940843343734741e-02,6.602712273597717285e-01,-2.512593269348144531e-01,3.207779824733734131e-01,-3.438690304756164551e-02,-2.912141084671020508e-01,1.997096240520477295e-01,-8.986301720142364502e-02,-5.721476674079895020e-01,4.529062211513519287e-01,8.295537233352661133e-01,-1.925863623619079590e-01,-1.128416582942008972e-01,-6.519635766744613647e-02
-2.785657644271850586e-01,-1.497755497694015503e-01,9.136561751365661621e-01,-7.478429935872554779e-03,3.358796983957290649e-02,9.580795168876647949e-01,-2.844285368919372559e-01,-3.406314924359321594e-02,-2.560398876667022705e-01,-5.346539616584777832e-01,3.444507420063018799e-01,-1.843724101781845093e-01,-4.678102210164070129e-02,-1.674038618803024292e-01,-5.098559707403182983e-02,4.017275571823120117e-01,1.233701854944229126e-01,1.798329292796552181e-03,2.175866961479187012e-01,3.948070481419563293e-02,-7.177346199750900269e-02,2.464200258255004883e-01,3.948414698243141174e-02,6.785293221473693848e-01,-2.345571517944335938e-01,3.431640565395355225e-01,-3.930738940834999084e-02,-2.782130539417266846e-01,1.982339471578598022e-01,-6.380935013294219971e-02,-5.677415728569030762e-01,4.399453401565551758e-01,8.436964750289916992e-01,-1.753346621990203857e-01,-1.100400909781455994e-01,-7.197627425193786621e-02
-2.669156193733215332e-01,-1.526089012622833252e-01,9.078916311264038086e-01,-8.528004400432109833e-03,1.964385248720645905e-02,9.673151373863220215e-01,-2.526713907718658447e-01,-5.978275835514068604e-02,-2.405080944299697876e-01,-5.211969614028930664e-01,3.628005385398864746e-01,-2.402347326278686523e-01,-1.818925142288208008e-02,-2.108671963214874268e-01,4.791027458850294352e-04,4.532721638679504395e-01,1.426745653152465820e-01,-4.374301643110811710e-04,2.281579822301864624e-01,6.022042594850063324e-03,-5.696281418204307556e-02,2.604743540287017822e-01,-4.513389244675636292e-02,6.865973472595214844e-01,-2.108994871377944946e-01,4.010752737522125244e-01,-3.353729844093322754e-02,-2.536819279193878174e-01,2.147992700338363647e-01,-1.154128238558769226e-01,-5.744507908821105957e-01,4.369966089725494385e-01,8.325964808464050293e-01,-1.611730456352233887e-01,-1.092155352234840393e-01,-8.371506631374359131e-02
-2.613655626773834229e-01,-1.667092442512512207e-01,9.042093157768249512e-01,-2.791607286781072617e-03,2.398373372852802277e-02,9.758821129798889160e-01,-2.169586420059204102e-01,-4.269718658179044724e-03,-2.451369017362594604e-01,-5.114225149154663086e-01,2.835428714752197266e-01,-2.614216506481170654e-01,1.462956238538026810e-02,-1.935525983572006226e-01,-1.157114747911691666e-02,4.893909692764282227e-01,1.099786013364791870e-01,7.629727479070425034e-04,2.501668334007263184e-01,-3.747090324759483337e-02,-7.490052282810211182e-02,2.528013288974761963e-01,-7.776698470115661621e-02,6.793316006660461426e-01,-2.142052203416824341e-01,4.711573123931884766e-01,-1.777051389217376709e-02,-2.390488386154174805e-01,2.250586003065109253e-01,-1.102123782038688660e-01,-5.681000947952270508e-01,4.429306387901306152e-01,8.078273534774780273e-01,-1.505816727876663208e-01,-1.132660880684852600e-01,-1.077128201723098755e-01
-2.510667443275451660e-01,-1.700568795204162598e-01,9.043280482292175293e-01,-8.488362655043601990e-03,1.251638960093259811e-02,9.832360148429870605e-01,-1.817090362310409546e-01,-4.645298421382904053e-02,-2.254940420389175415e-01,-4.573242664337158203e-01,3.094052672386169434e-01,-2.803602814674377441e-01,3.159994259476661682e-02,-2.402312457561492920e-01,3.036664985120296478e-02,4.830869436264038086e-01,1.121656298637390137e-01,3.497527912259101868e-02,2.611827850341796875e-01,-5.466425791382789612e-02,-7.022818177938461304e-02,2.748878002166748047e-01,-1.363274008035659790e-01,6.656779646873474121e-01,-2.311438024044036865e-01,5.666233897209167480e-01,-3.470491617918014526e-03,-2.160181105136871338e-01,2.168399542570114136e-01,-1.618472337722778320e-01,-5.594282746315002441e-01,4.519430994987487793e-01,7.931796908378601074e-01,-1.338752657175064087e-01,-1.141143739223480225e-01,-1.135715469717979431e-01
-2.529292702674865723e-01,-1.723533719778060913e-01,9.058365821838378906e-01,-1.878743176348507404e-03,1.117028389126062393e-02,9.899188280105590820e-01,-1.411820203065872192e-01,3.980946261435747147e-03,-1.904451847076416016e-01,-3.842394948005676270e-01,2.394463419914245605e-01,-2.789540290832519531e-01,5.037846416234970093e-02,-2.220158278942108154e-01,2.262932807207107544e-02,4.283717870712280273e-01,7.151472568511962891e-02,4.559177905321121216e-02,2.617999911308288574e-01,-1.055142730474472046e-01,-8.103806525468826294e-02,2.781665623188018799e-01,-1.557864099740982056e-01,6.241224408149719238e-01,-3.094010353088378906e-01,7.637997269630432129e-01,2.474597096443176270e-02,-1.950575709342956543e-01,1.698813140392303467e-01,-1.500165760517120361e-01,-5.261625051498413086e-01,4.898271858692169189e-01,7.788600325584411621e-01,-1.067086011171340942e-01,-1.224139630794525146e-01,-1.196107044816017151e-01
-2.430372238159179688e-01,-1.697148680686950684e-01,9.082150459289550781e-01,6.643960659857839346e-05,6.501203868538141251e-03,9.965880513191223145e-01,-8.227959275245666504e-02,1.532308105379343033e-02,-1.480726301670074463e-01,-2.742246389389038086e-01,1.953937411308288574e-01,-2.739321887493133545e-01,5.781502649188041687e-02,-2.438158541917800903e-01,5.313211586326360703e-03,3.027258515357971191e-01,5.332336574792861938e-02,4.659702256321907043e-02,2.617999911308288574e-01,-1.163082122802734375e-01,-8.192251622676849365e-02,2.839744091033935547e-01,-1.648969799280166626e-01,5.799304246902465820e-01,-3.281822204589843750e-01,8.900867104530334473e-01,4.783014953136444092e-02,-1.895153522491455078e-01,1.396751403808593750e-01,-1.493559777736663818e-01,-5.057850480079650879e-01,5.115506052970886230e-01,7.683819532394409180e-01,-1.236805692315101624e-01,-1.263000369071960449e-01,-1.210952177643775940e-01
-2.324068993330001831e-01,-1.664404869079589844e-01,9.111589193344116211e-01,1.229726825840771198e-03,2.546896459534764290e-03,9.994180798530578613e-01,-3.399335592985153198e-02,2.462097816169261932e-02,-1.117707714438438416e-01,-1.790651679039001465e-01,1.566317230463027954e-01,-2.584348320960998535e-01,5.626908689737319946e-02,-2.477315217256546021e-01,-1.044939830899238586e-02,1.881718635559082031e-01,4.315859824419021606e-02,3.257060050964355469e-02,2.617999911308288574e-01,-1.290357112884521484e-01,-8.180698752403259277e-02,2.859191298484802246e-01,-1.528797000646591187e-01,5.583823919296264648e-01,-3.359085321426391602e-01,9.448843598365783691e-01,5.573898181319236755e-02,-1.875056773424148560e-01,1.248302608728408813e-01,-1.214847117662429810e-01,-5.031555294990539551e-01,5.236328840255737305e-01,7.569810748100280762e-01,-1.376593410968780518e-01,-1.328634768724441528e-01,-1.125094369053840637e-01
-2.214364111423492432e-01,-1.667878925800323486e-01,9.143829345703125000e-01,5.194648474571295083e-05,-2.407037653028964996e-03,9.998933672904968262e-01,1.440545357763767242e-02,2.458211779594421387e-02,-8.301640301942825317e-02,-9.940207749605178833e-02,1.319950371980667114e-01,-2.388612329959869385e-01,5.507472157478332520e-02,-2.438075095415115356e-01,-3.069331683218479156e-02,1.053687557578086853e-01,4.391403868794441223e-02,2.053402364253997803e-02,2.617921829223632812e-01,-1.252592951059341431e-01,-7.567687332630157471e-02,2.863610684871673584e-01,-1.473807692527770996e-01,5.490930080413818359e-01,-3.342277407646179199e-01,9.686721563339233398e-01,5.881778895854949951e-02,-1.985947191715240479e-01,1.136941313743591309e-01,-7.995124161243438721e-02,-5.127676129341125488e-01,5.324530005455017090e-01,7.591469883918762207e-01,-1.556615680456161499e-01,-1.344713121652603149e-01,-9.377470612525939941e-02
-2.146344780921936035e-01,-1.684635728597640991e-01,9.174883365631103516e-01,-3.021083306521177292e-03,-6.448928266763687134e-03,9.988872408866882324e-01,4.662198573350906372e-02,2.189714089035987854e-02,-6.238856166601181030e-02,-3.856508061289787292e-02,1.142977103590965271e-01,-2.173340916633605957e-01,4.881513491272926331e-02,-2.364422678947448730e-01,-5.313979089260101318e-02,4.034941643476486206e-02,4.672833159565925598e-02,1.058989949524402618e-02,2.617811262607574463e-01,-1.141047999262809753e-01,-7.021569460630416870e-02,2.813757956027984619e-01,-1.372073441743850708e-01,5.375667810440063477e-01,-3.273277878761291504e-01,9.709199070930480957e-01,5.398495122790336609e-02,-2.049477845430374146e-01,1.059974730014801025e-01,-4.765752702951431274e-02,-5.131478905677795410e-01,5.234913229942321777e-01,7.720841169357299805e-01,-1.644864231348037720e-01,-1.335436552762985229e-01,-8.220370858907699585e-02
-2.024210244417190552e-01,-1.680565178394317627e-01,9.204624891281127930e-01,-5.935803521424531937e-03,-1.204621605575084686e-02,9.967821836471557617e-01,7.902451604604721069e-02,1.223830506205558777e-02,-3.299021348357200623e-02,2.332147210836410522e-02,9.996939450502395630e-02,-1.973224580287933350e-01,4.287054762244224548e-02,-2.088997960090637207e-01,-7.725854218006134033e-02,-2.453733421862125397e-02,6.576935201883316040e-02,-4.906250629574060440e-03,2.458436191082000732e-01,-1.025411933660507202e-01,-5.828576162457466125e-02,2.726221382617950439e-01,-1.225546523928642273e-01,5.291612148284912109e-01,-3.185436725616455078e-01,9.552541971206665039e-01,4.478674754500389099e-02,-2.132294178009033203e-01,1.099999248981475830e-01,-7.575403433293104172e-03,-5.184807777404785156e-01,5.182393789291381836e-01,7.799405455589294434e-01,-1.798701435327529907e-01,-1.346695870161056519e-01,-7.174446433782577515e-02
-1.857411116361618042e-01,-1.688571423292160034e-01,9.234403371810913086e-01,-1.923555694520473480e-02,-1.632007583975791931e-02,9.931266307830810547e-01,1.142939180135726929e-01,-3.968012332916259766e-02,2.626692876219749451e-03,7.978218793869018555e-02,1.098517924547195435e-01,-1.722532063722610474e-01,4.886094480752944946e-02,-2.205767929553985596e-01,-1.075515598058700562e-01,-7.155510783195495605e-02,1.045748740434646606e-01,-5.674241110682487488e-03,2.200642973184585571e-01,-7.702381908893585205e-02,-4.039958119392395020e-02,2.720378935337066650e-01,-1.430921703577041626e-01,5.252747535705566406e-01,-2.978027164936065674e-01,9.392197132110595703e-01,2.500279620289802551e-02,-2.156855463981628418e-01,1.187001317739486694e-01,-1.663662865757942200e-02,-5.303430557250976562e-01,4.964470565319061279e-01,7.932791113853454590e-01,-1.757441461086273193e-01,-1.343808174133300781e-01,-6.213149428367614746e-02
-1.768530160188674927e-01,-1.663589328527450562e-01,9.249280691146850586e-01,-2.807551994919776917e-02,-2.195009589195251465e-02,9.892352223396301270e-01,1.419281214475631714e-01,-5.745782330632209778e-02,3.776932135224342346e-02,1.256221830844879150e-01,1.011918187141418457e-01,-1.693897098302841187e-01,4.880513995885848999e-02,-1.943743526935577393e-01,-1.347369104623794556e-01,-1.164430156350135803e-01,1.476238220930099487e-01,-2.729666419327259064e-02,1.934829950332641602e-01,-6.146536394953727722e-02,-1.971906796097755432e-02,2.536085546016693115e-01,-1.332071274518966675e-01,5.207068920135498047e-01,-2.894144356250762939e-01,9.234070777893066406e-01,1.294882781803607941e-02,-2.174922376871109009e-01,1.202809810638427734e-01,-4.311749711632728577e-03,-5.322300791740417480e-01,4.783404469490051270e-01,8.130419254302978516e-01,-1.770051270723342896e-01,-1.316118240356445312e-01,-5.186992883682250977e-02
-1.638966947793960571e-01,-1.630436182022094727e-01,9.251468181610107422e-01,-3.272293880581855774e-02,-2.651491016149520874e-02,9.857872724533081055e-01,1.626333296298980713e-01,-7.038468122482299805e-02,6.895780563354492188e-02,1.532332748174667358e-01,8.850418031215667725e-02,-1.678791344165802002e-01,4.961871355772018433e-02,-1.609655022621154785e-01,-1.632536798715591431e-01,-1.357674300670623779e-01,1.783045679330825806e-01,-4.324015974998474121e-02,1.798720657825469971e-01,-3.926577419042587280e-02,-2.737717470154166222e-03,2.381304353475570679e-01,-1.192910671234130859e-01,5.091136097908020020e-01,-2.857943475246429443e-01,9.107759594917297363e-01,4.941719584167003632e-03,-2.214429229497909546e-01,1.180723235011100769e-01,8.146358653903007507e-03,-5.251273512840270996e-01,4.623247087001800537e-01,8.240173459053039551e-01,-1.695160567760467529e-01,-1.321487873792648315e-01,-4.101723805069923401e-02
-1.625433415174484253e-01,-1.615767627954483032e-01,9.248092174530029297e-01,-3.874702379107475281e-02,-3.056070022284984589e-02,9.837321043014526367e-01,1.727305650711059570e-01,-7.567112892866134644e-02,8.608815819025039673e-02,1.572172343730926514e-01,7.782455533742904663e-02,-1.734707206487655640e-01,5.375506728887557983e-02,-1.364508718252182007e-01,-1.786207556724548340e-01,-1.154297441244125366e-01,1.999874860048294067e-01,-4.444089531898498535e-02,1.786266267299652100e-01,-2.776770666241645813e-02,7.248790003359317780e-03,2.306153476238250732e-01,-1.096009835600852966e-01,5.055773258209228516e-01,-2.833306789398193359e-01,9.072598218917846680e-01,3.766546258702874184e-03,-2.222711890935897827e-01,1.140903607010841370e-01,1.491294056177139282e-02,-5.271507501602172852e-01,4.577046036720275879e-01,8.172214031219482422e-01,-1.846774667501449585e-01,-1.371266096830368042e-01,-3.013864159584045410e-02
-1.513719856739044189e-01,-1.557437181472778320e-01,9.240342974662780762e-01,-4.397364333271980286e-02,-3.060580603778362274e-02,9.811069965362548828e-01,1.858995556831359863e-01,-9.590353071689605713e-02,1.076327860355377197e-01,1.660259664058685303e-01,7.873154431581497192e-02,-1.728632897138595581e-01,5.486762523651123047e-02,-1.003873571753501892e-01,-1.934303343296051025e-01,-8.993078768253326416e-02,2.164832800626754761e-01,-5.555538460612297058e-02,1.801804602146148682e-01,-7.907026447355747223e-03,1.378054730594158173e-02,2.172616273164749146e-01,-9.907352924346923828e-02,4.963505864143371582e-01,-2.746072709560394287e-01,9.212732911109924316e-01,2.322283573448657990e-03,-2.233705073595046997e-01,1.179425865411758423e-01,1.478827837854623795e-02,-5.216085314750671387e-01,4.518894851207733154e-01,8.203421831130981445e-01,-1.915228664875030518e-01,-1.379148811101913452e-01,-2.538319490849971771e-02
-1.390306800603866577e-01,-1.547238081693649292e-01,9.226915240287780762e-01,-4.679841548204421997e-02,-3.034004755318164825e-02,9.794673919677734375e-01,1.937342882156372070e-01,-1.211779415607452393e-01,1.195922791957855225e-01,1.624016463756561279e-01,8.826330304145812988e-02,-1.696654856204986572e-01,5.960268527269363403e-02,-6.586059182882308960e-02,-2.040798515081405640e-01,-3.030071035027503967e-02,2.190138250589370728e-01,-4.303846135735511780e-02,1.967152953147888184e-01,8.433404378592967987e-03,1.264838036149740219e-02,2.060359865427017212e-01,-9.250187128782272339e-02,4.806274771690368652e-01,-2.737079858779907227e-01,9.438276290893554688e-01,-3.952296916395425797e-03,-2.241316586732864380e-01,1.222779229283332825e-01,5.098770372569561005e-03,-5.139370560646057129e-01,4.491611123085021973e-01,8.158150911331176758e-01,-1.912027299404144287e-01,-1.389769315719604492e-01,-2.754921279847621918e-02
-1.280003041028976440e-01,-1.501103490591049194e-01,9.206292629241943359e-01,-4.969678819179534912e-02,-2.603041753172874451e-02,9.785014986991882324e-01,1.984626203775405884e-01,-1.477984786033630371e-01,1.260793209075927734e-01,1.574075073003768921e-01,1.025323569774627686e-01,-1.672724038362503052e-01,5.885195732116699219e-02,-3.221287205815315247e-02,-2.043409943580627441e-01,2.455800212919712067e-02,2.029127031564712524e-01,-4.588250443339347839e-02,2.121800035238265991e-01,3.185925260186195374e-02,6.156809162348508835e-03,1.993844062089920044e-01,-8.579006046056747437e-02,4.601108431816101074e-01,-2.731625139713287354e-01,9.705554246902465820e-01,-4.252735991030931473e-03,-2.236592322587966919e-01,1.383814513683319092e-01,-5.712520796805620193e-03,-5.011647343635559082e-01,4.563737213611602783e-01,8.218042254447937012e-01,-1.943054795265197754e-01,-1.343130320310592651e-01,-3.406015038490295410e-02
-1.141173467040061951e-01,-1.430932581424713135e-01,9.182189702987670898e-01,-5.022442713379859924e-02,-1.907013915479183197e-02,9.781858325004577637e-01,2.006646841764450073e-01,-1.764060258865356445e-01,1.296730488538742065e-01,1.490917801856994629e-01,1.219581291079521179e-01,-1.567045003175735474e-01,5.527725070714950562e-02,-5.901449359953403473e-03,-1.991826593875885010e-01,7.433933019638061523e-02,1.710660755634307861e-01,-6.367287784814834595e-02,2.187912613153457642e-01,5.664088204503059387e-02,-3.516332246363162994e-03,1.944853514432907104e-01,-8.206573873758316040e-02,4.332047104835510254e-01,-2.701336145401000977e-01,1.014957547187805176e+00,-2.877482445910573006e-03,-2.215410172939300537e-01,1.575739830732345581e-01,-2.134450897574424744e-02,-4.809902608394622803e-01,4.626425802707672119e-01,8.444716334342956543e-01,-1.959771811962127686e-01,-1.306294053792953491e-01,-4.984192177653312683e-02
-1.022023558616638184e-01,-1.356051266193389893e-01,9.159804582595825195e-01,-5.008504912257194519e-02,-1.270488277077674866e-02,9.782134294509887695e-01,2.010686844587326050e-01,-1.955908089876174927e-01,1.314222812652587891e-01,1.345436722040176392e-01,1.287514120340347290e-01,-1.432531177997589111e-01,5.158105492591857910e-02,1.191308721899986267e-02,-1.877870261669158936e-01,1.186840906739234924e-01,1.419857740402221680e-01,-8.771070837974548340e-02,2.127854973077774048e-01,7.817731797695159912e-02,-1.297311764210462570e-02,1.955670565366744995e-01,-7.864426076412200928e-02,4.059791862964630127e-01,-2.708163857460021973e-01,1.053078532218933105e+00,2.222405979409813881e-03,-2.210471630096435547e-01,1.594205647706985474e-01,-3.770971670746803284e-02,-4.639498591423034668e-01,4.719135463237762451e-01,8.607485294342041016e-01,-2.005911618471145630e-01,-1.295009702444076538e-01,-5.835121870040893555e-02
-8.786256611347198486e-02,-1.213034614920616150e-01,9.124582409858703613e-01,-3.969978541135787964e-02,-9.306570282205939293e-04,9.773510098457336426e-01,2.078655660152435303e-01,-1.762900352478027344e-01,1.293254643678665161e-01,1.523701101541519165e-01,1.151437014341354370e-01,-1.196486726403236389e-01,2.538360469043254852e-02,5.844500288367271423e-02,-1.894491910934448242e-01,1.465982049703598022e-01,7.873549312353134155e-02,-1.574082076549530029e-01,1.971975117921829224e-01,1.157240644097328186e-01,-2.705458365380764008e-02,1.739631593227386475e-01,-2.863638848066329956e-02,3.716841340065002441e-01,-2.843593358993530273e-01,1.096963405609130859e+00,5.741315428167581558e-03,-2.236662954092025757e-01,1.647761315107345581e-01,-8.447235450148582458e-03,-4.387206435203552246e-01,4.918637871742248535e-01,8.815695643424987793e-01,-1.920778155326843262e-01,-1.346429139375686646e-01,-8.113174885511398315e-02
-6.203329563140869141e-02,-1.069828495383262634e-01,9.109507203102111816e-01,-3.130893409252166748e-02,5.836634896695613861e-03,9.785960912704467773e-01,2.033110260963439941e-01,-1.872554570436477661e-01,1.401650905609130859e-01,1.337427198886871338e-01,1.054772064089775085e-01,-6.193276494741439819e-02,-9.357157396152615547e-04,6.551969051361083984e-02,-1.766376048326492310e-01,1.392820477485656738e-01,5.832542851567268372e-02,-2.216063290834426880e-01,1.677476614713668823e-01,1.460353136062622070e-01,-2.586077712476253510e-02,1.839760243892669678e-01,-1.973406225442886353e-02,3.386918306350708008e-01,-2.946391999721527100e-01,1.136205434799194336e+00,1.812462927773594856e-03,-2.194078713655471802e-01,1.561167389154434204e-01,-1.837252080440521240e-02,-4.229252934455871582e-01,5.019105672836303711e-01,9.061179757118225098e-01,-1.853559315204620361e-01,-1.349149942398071289e-01,-9.520692378282546997e-02
-3.793163970112800598e-02,-9.767939895391464233e-02,9.097175598144531250e-01,-2.356219664216041565e-02,8.068082854151725769e-03,9.797981977462768555e-01,1.984318941831588745e-01,-1.934326142072677612e-01,1.515591740608215332e-01,1.111340522766113281e-01,8.391032367944717407e-02,-3.882094984874129295e-03,-3.032951243221759796e-02,6.990692764520645142e-02,-1.616910994052886963e-01,1.067487969994544983e-01,4.346736893057823181e-02,-2.633494138717651367e-01,1.467299908399581909e-01,1.744288355112075806e-01,-1.745718717575073242e-02,2.023552060127258301e-01,-2.280392311513423920e-02,3.156341314315795898e-01,-2.982339262962341309e-01,1.160072445869445801e+00,-7.928654551506042480e-03,-2.166581451892852783e-01,1.439770013093948364e-01,-3.518300503492355347e-02,-4.193530976772308350e-01,5.109318494796752930e-01,9.224723577499389648e-01,-1.788696199655532837e-01,-1.369589865207672119e-01,-9.887057542800903320e-02
-1.565945893526077271e-02,-9.125705063343048096e-02,9.089697599411010742e-01,-1.555086951702833176e-02,6.726677995175123215e-03,9.817309975624084473e-01,1.895182579755783081e-01,-1.965022832155227661e-01,1.599237918853759766e-01,7.549704611301422119e-02,5.512020364403724670e-02,4.924817010760307312e-02,-6.361535191535949707e-02,7.456452399492263794e-02,-1.437398046255111694e-01,7.141506671905517578e-02,3.269579261541366577e-02,-2.792971730232238770e-01,1.372321397066116333e-01,2.032576203346252441e-01,-3.882447257637977600e-03,2.240782827138900757e-01,-2.495097927749156952e-02,2.999674379825592041e-01,-3.091211915016174316e-01,1.159944534301757812e+00,-2.253247983753681183e-02,-2.194137722253799438e-01,1.269827485084533691e-01,-5.310498178005218506e-02,-4.201677143573760986e-01,5.176141858100891113e-01,9.356937408447265625e-01,-1.614368259906768799e-01,-1.415535062551498413e-01,-9.845097362995147705e-02
2.132722176611423492e-03,-8.391825854778289795e-02,9.096994400024414062e-01,-7.846665568649768829e-03,6.681628059595823288e-03,9.837435483932495117e-01,1.792829632759094238e-01,-2.017209231853485107e-01,1.486082375049591064e-01,2.501173503696918488e-02,3.670006617903709412e-02,3.506576642394065857e-02,-9.227018803358078003e-02,8.108908683061599731e-02,-1.294363588094711304e-01,4.314380511641502380e-02,2.611370012164115906e-02,-2.812774181365966797e-01,1.315504163503646851e-01,2.236325293779373169e-01,1.066233124583959579e-02,2.428262829780578613e-01,-2.764062024652957916e-02,2.915119230747222900e-01,-3.167130053043365479e-01,1.139359712600708008e+00,-4.158620536327362061e-02,-2.214228957891464233e-01,1.047798469662666321e-01,-6.314390897750854492e-02,-4.249446690082550049e-01,5.188714265823364258e-01,9.488332271575927734e-01,-1.468931138515472412e-01,-1.427017301321029663e-01,-8.929798007011413574e-02
2.412418462336063385e-02,-7.537265866994857788e-02,9.114982485771179199e-01,4.600968677550554276e-04,8.905083872377872467e-03,9.867534637451171875e-01,1.619816869497299194e-01,-2.069778889417648315e-01,1.325657516717910767e-01,2.923692809417843819e-03,1.820417307317256927e-02,1.435102778486907482e-03,-1.008426174521446228e-01,8.591943979263305664e-02,-1.187477260828018188e-01,8.761897333897650242e-04,1.905590295791625977e-02,-2.746427655220031738e-01,1.273826211690902710e-01,2.459190338850021362e-01,2.998462878167629242e-02,2.622604966163635254e-01,-2.921525202691555023e-02,2.938910722732543945e-01,-3.332382142543792725e-01,1.093373537063598633e+00,-5.531290546059608459e-02,-2.278326004743576050e-01,8.144011348485946655e-02,-6.830456107854843140e-02,-4.389396607875823975e-01,5.145063996315002441e-01,9.595366716384887695e-01,-1.290681511163711548e-01,-1.421677917242050171e-01,-7.877847552299499512e-02
4.294932261109352112e-02,-6.943719089031219482e-02,9.139836430549621582e-01,5.023659672588109970e-03,1.124369818717241287e-02,9.906176328659057617e-01,1.361065953969955444e-01,-2.056616842746734619e-01,1.192761808633804321e-01,3.434856608510017395e-02,9.617495350539684296e-03,-1.717528142035007477e-02,-9.326456487178802490e-02,8.889759331941604614e-02,-1.148037761449813843e-01,-5.610862746834754944e-02,1.241386495530605316e-02,-2.586646676063537598e-01,1.257113069295883179e-01,2.550474107265472412e-01,4.845525696873664856e-02,2.730551362037658691e-01,-2.815223857760429382e-02,3.131363689899444580e-01,-3.469361364841461182e-01,1.029265642166137695e+00,-6.924714148044586182e-02,-2.336949557065963745e-01,6.140668690204620361e-02,-6.224181130528450012e-02,-4.581376612186431885e-01,5.065699219703674316e-01,9.695543646812438965e-01,-1.225734502077102661e-01,-1.391698271036148071e-01,-6.441478431224822998e-02
6.417601555585861206e-02,-6.314679980278015137e-02,9.164506196975708008e-01,8.915645070374011993e-03,1.417054701596498489e-02,9.942660927772521973e-01,1.056153029203414917e-01,-2.011563181877136230e-01,1.029192283749580383e-01,6.929200887680053711e-02,7.256132550537586212e-03,-2.911533042788505554e-02,-8.544433116912841797e-02,8.718474209308624268e-02,-1.130747497081756592e-01,-1.210486814379692078e-01,7.734394166618585587e-03,-2.402010560035705566e-01,1.242807060480117798e-01,2.628062069416046143e-01,6.770820915699005127e-02,2.753003835678100586e-01,-2.277447097003459930e-02,3.489398658275604248e-01,-3.444851338863372803e-01,9.468595981597900391e-01,-7.801508158445358276e-02,-2.462218552827835083e-01,5.850064009428024292e-02,-4.490482062101364136e-02,-4.788655340671539307e-01,4.827014505863189697e-01,9.857251644134521484e-01,-1.172703579068183899e-01,-1.368010789155960083e-01,-5.353023484349250793e-02
8.438183367252349854e-02,-5.559581518173217773e-02,9.186971783638000488e-01,1.082110684365034103e-02,1.672869734466075897e-02,9.971628189086914062e-01,7.259016484022140503e-02,-1.885851919651031494e-01,8.493722230195999146e-02,1.012954264879226685e-01,1.118826214224100113e-02,-3.991839289665222168e-02,-7.370986789464950562e-02,8.146832883358001709e-02,-1.110287010669708252e-01,-1.882296800613403320e-01,6.091504823416471481e-03,-2.217688411474227905e-01,1.170608922839164734e-01,2.689175903797149658e-01,8.720841258764266968e-02,2.721532881259918213e-01,-6.725523155182600021e-03,4.047105312347412109e-01,-3.250445127487182617e-01,8.362090587615966797e-01,-9.471232444047927856e-02,-2.667343914508819580e-01,6.479831039905548096e-02,-1.924822106957435608e-02,-5.045656561851501465e-01,4.543832242488861084e-01,9.992970824241638184e-01,-1.193209365010261536e-01,-1.350531429052352905e-01,-4.205815121531486511e-02
9.797508269548416138e-02,-4.873729497194290161e-02,9.207634925842285156e-01,9.183471091091632843e-03,1.926775835454463959e-02,9.987840652465820312e-01,4.443823173642158508e-02,-1.734478920698165894e-01,7.294312864542007446e-02,1.253592967987060547e-01,1.671478711068630219e-02,-5.586670711636543274e-02,-6.351380795240402222e-02,7.426537573337554932e-02,-1.114308536052703857e-01,-2.468304634094238281e-01,3.707591444253921509e-03,-2.048372328281402588e-01,1.133489981293678284e-01,2.635346055030822754e-01,9.944177418947219849e-02,2.683337330818176270e-01,1.217809133231639862e-02,4.489947855472564697e-01,-2.974710464477539062e-01,7.599470019340515137e-01,-1.159190461039543152e-01,-2.740917205810546875e-01,6.436739116907119751e-02,6.042724940925836563e-03,-5.221867561340332031e-01,4.224881827831268311e-01,9.984135031700134277e-01,-1.252971440553665161e-01,-1.342020779848098755e-01,-2.763638086616992950e-02
1.153507903218269348e-01,-4.087849333882331848e-02,9.228637814521789551e-01,5.937659647315740585e-03,2.245671488344669342e-02,9.997078180313110352e-01,6.687161512672901154e-03,-1.470919251441955566e-01,5.644481256604194641e-02,1.581508517265319824e-01,3.952929005026817322e-02,-7.579324394464492798e-02,-4.269601777195930481e-02,5.971273779869079590e-02,-1.160226687788963318e-01,-3.127893805503845215e-01,5.009291227906942368e-03,-1.885372102260589600e-01,1.031833663582801819e-01,2.584694921970367432e-01,1.074704974889755249e-01,2.525474727153778076e-01,2.501931786537170410e-02,4.969846308231353760e-01,-2.634246945381164551e-01,6.925032734870910645e-01,-1.143143400549888611e-01,-2.797272205352783203e-01,7.096105813980102539e-02,3.136602789163589478e-02,-5.382495522499084473e-01,4.004891514778137207e-01,1.014924168586730957e+00,-1.505480855703353882e-01,-1.287150681018829346e-01,-1.243791729211807251e-02
1.279634833335876465e-01,-3.385614976286888123e-02,9.256101250648498535e-01,-9.902857244014739990e-03,1.951517909765243530e-02,9.993617534637451172e-01,-2.823491208255290985e-02,-1.664060205221176147e-01,5.987414345145225525e-02,1.857233792543411255e-01,5.470467358827590942e-02,-6.401010602712631226e-02,-2.820136956870555878e-02,2.623988687992095947e-02,-1.124360784888267517e-01,-3.705727159976959229e-01,-1.174055598676204681e-02,-1.436407566070556641e-01,8.559609949588775635e-02,2.328099161386489868e-01,1.216234788298606873e-01,2.566041350364685059e-01,-1.784624531865119934e-02,5.271402597427368164e-01,-2.372637689113616943e-01,6.811583042144775391e-01,-9.657587110996246338e-02,-2.654323577880859375e-01,7.871924340724945068e-02,8.246790617704391479e-03,-5.499680638313293457e-01,3.743472695350646973e-01,1.032214522361755371e+00,-1.593451648950576782e-01,-1.220314800739288330e-01,-1.098748389631509781e-02
1.379094421863555908e-01,-2.107162028551101685e-02,9.274543523788452148e-01,-1.744732819497585297e-02,2.448173984885215759e-02,9.975444078445434570e-01,-6.325697898864746094e-02,-1.356506794691085815e-01,4.915158078074455261e-02,2.194959223270416260e-01,9.636495262384414673e-02,-8.687324821949005127e-02,-1.128474343568086624e-02,1.262766029685735703e-02,-1.185448169708251953e-01,-4.391868710517883301e-01,-1.670875772833824158e-02,-1.366324275732040405e-01,7.439547032117843628e-02,2.190779000520706177e-01,1.244498342275619507e-01,2.433080971240997314e-01,-2.980856969952583313e-02,5.491665601730346680e-01,-2.212756276130676270e-01,6.913413405418395996e-01,-7.342382520437240601e-02,-2.520347833633422852e-01,8.250793814659118652e-02,1.269799098372459412e-02,-5.577032566070556641e-01,3.635370135307312012e-01,1.049850940704345703e+00,-1.828793436288833618e-01,-1.175175234675407410e-01,-8.027837611734867096e-03
1.491582691669464111e-01,-6.362912710756063461e-03,9.294174909591674805e-01,-2.290970087051391602e-02,2.778609842061996460e-02,9.931005239486694336e-01,-1.115994825959205627e-01,-9.887477010488510132e-02,4.379752278327941895e-02,2.709678709506988525e-01,1.385258436203002930e-01,-1.148846894502639771e-01,1.060695759952068329e-02,5.617709830403327942e-04,-1.273183524608612061e-01,-5.155655145645141602e-01,-9.486922994256019592e-03,-1.308341175317764282e-01,5.042275786399841309e-02,1.878526955842971802e-01,1.224029585719108582e-01,2.258205413818359375e-01,-2.970804274082183838e-02,5.579661726951599121e-01,-2.254381030797958374e-01,7.330909371376037598e-01,-5.664626136422157288e-02,-2.339241057634353638e-01,7.573729008436203003e-02,2.532195113599300385e-02,-5.592359304428100586e-01,3.647669851779937744e-01,1.059625506401062012e+00,-2.026313096284866333e-01,-1.219657212495803833e-01,-8.618068881332874298e-03
1.514406651258468628e-01,-1.747043570503592491e-03,9.305202960968017578e-01,-2.993806637823581696e-02,2.826191298663616180e-02,9.895265102386474609e-01,-1.383557617664337158e-01,-7.085879892110824585e-02,3.520251065492630005e-02,2.957036197185516357e-01,1.660012304782867432e-01,-1.364375352859497070e-01,2.073772624135017395e-02,-7.535604294389486313e-03,-1.343794018030166626e-01,-5.604275465011596680e-01,-8.819700218737125397e-03,-1.269142925739288330e-01,4.646641016006469727e-02,1.592542231082916260e-01,1.155378445982933044e-01,2.145453393459320068e-01,-3.443340584635734558e-02,5.613481998443603516e-01,-2.221432626247406006e-01,7.680181860923767090e-01,-3.364066034555435181e-02,-2.195090502500534058e-01,6.786118447780609131e-02,3.544142842292785645e-02,-5.565918087959289551e-01,3.598441779613494873e-01,1.083407640457153320e+00,-2.229254990816116333e-01,-1.152599826455116272e-01,-9.023734368383884430e-03
1.626580357551574707e-01,6.513461470603942871e-03,9.317854642868041992e-01,-3.202718868851661682e-02,3.112212009727954865e-02,9.853588342666625977e-01,-1.645406335592269897e-01,-4.990335181355476379e-02,2.730173245072364807e-02,3.090357482433319092e-01,2.161162197589874268e-01,-1.425294131040573120e-01,3.135943412780761719e-02,-1.880555786192417145e-02,-1.460461020469665527e-01,-6.076759099960327148e-01,-4.797384608536958694e-03,-1.194197610020637512e-01,3.816220909357070923e-02,1.348109990358352661e-01,1.118508055806159973e-01,2.017057985067367554e-01,-3.769765421748161316e-02,5.607005357742309570e-01,-2.363889068365097046e-01,8.050255775451660156e-01,-1.234769355505704880e-02,-2.078735530376434326e-01,5.084258690476417542e-02,4.017604887485504150e-02,-5.519973039627075195e-01,3.600814044475555420e-01,1.100494384765625000e+00,-2.321227341890335083e-01,-1.107028201222419739e-01,-1.034531835466623306e-02
1.719383448362350464e-01,1.411518268287181854e-02,9.322029948234558105e-01,-3.538170456886291504e-02,3.229795396327972412e-02,9.810681939125061035e-01,-1.876439005136489868e-01,-2.735336869955062866e-02,1.920324750244617462e-02,3.265038132667541504e-01,2.449687868356704712e-01,-1.489070951938629150e-01,3.381270915269851685e-02,-3.043808043003082275e-02,-1.544235199689865112e-01,-6.586259007453918457e-01,-2.993038157001137733e-03,-1.144622564315795898e-01,3.705633431673049927e-02,1.147151887416839600e-01,1.067039072513580322e-01,1.899917870759963989e-01,-4.254778102040290833e-02,5.555222034454345703e-01,-2.388136535882949829e-01,8.362240195274353027e-01,1.144800800830125809e-02,-2.007593512535095215e-01,4.024774953722953796e-02,4.926419258117675781e-02,-5.438333153724670410e-01,3.595165312290191650e-01,1.112725496292114258e+00,-2.424073219299316406e-01,-1.102863028645515442e-01,-7.387271150946617126e-03
1.870324313640594482e-01,2.397553250193595886e-02,9.319694638252258301e-01,-3.637444227933883667e-02,3.349932283163070679e-02,9.753459692001342773e-01,-2.150697112083435059e-01,-2.068057801807299256e-04,1.547865476459264755e-02,3.475092947483062744e-01,2.638128995895385742e-01,-1.528634727001190186e-01,2.827288024127483368e-02,-4.158763587474822998e-02,-1.640568375587463379e-01,-7.160152792930603027e-01,-5.804679356515407562e-03,-1.042068228125572205e-01,4.034385085105895996e-02,8.872310817241668701e-02,1.051937043666839600e-01,1.757792979478836060e-01,-4.947111383080482483e-02,5.504754185676574707e-01,-2.452535629272460938e-01,8.583289980888366699e-01,3.589731454849243164e-02,-1.968974322080612183e-01,3.042089752852916718e-02,5.591149255633354187e-02,-5.366649627685546875e-01,3.591848611831665039e-01,1.125131487846374512e+00,-2.553732395172119141e-01,-1.056782975792884827e-01,-1.058077160269021988e-02
1.995223760604858398e-01,3.038551472127437592e-02,9.310640096664428711e-01,-3.578633815050125122e-02,3.099274635314941406e-02,9.702063798904418945e-01,-2.376096248626708984e-01,2.522648684680461884e-02,1.378841884434223175e-02,3.531753420829772949e-01,2.456545829772949219e-01,-1.680540740489959717e-01,2.425067126750946045e-02,-4.914521053433418274e-02,-1.690690964460372925e-01,-7.696889638900756836e-01,-4.533340223133563995e-03,-9.161156415939331055e-02,4.235800355672836304e-02,6.559591740369796753e-02,1.057807952165603638e-01,1.673079431056976318e-01,-5.288415029644966125e-02,5.487626791000366211e-01,-2.523096501827239990e-01,8.804267644882202148e-01,5.666982010006904602e-02,-1.956951767206192017e-01,2.146387845277786255e-02,6.278619915246963501e-02,-5.315296053886413574e-01,3.616532385349273682e-01,1.131035923957824707e+00,-2.642080485820770264e-01,-1.039008125662803650e-01,-9.289627894759178162e-03
2.065629810094833374e-01,2.784360013902187347e-02,9.300375580787658691e-01,-3.399457037448883057e-02,2.623301558196544647e-02,9.686485528945922852e-01,-2.446961849927902222e-01,3.865787014365196228e-02,7.911960594356060028e-03,3.331612050533294678e-01,2.128229737281799316e-01,-1.870434731245040894e-01,2.545252256095409393e-02,-5.170456692576408386e-02,-1.706479042768478394e-01,-7.920701503753662109e-01,-5.075472290627658367e-04,-8.257570117712020874e-02,4.667607322335243225e-02,5.302498862147331238e-02,1.055493950843811035e-01,1.682436913251876831e-01,-5.949597805738449097e-02,5.477632284164428711e-01,-2.628448903560638428e-01,8.917527198791503906e-01,7.715284824371337891e-02,-1.990879923105239868e-01,2.551335841417312622e-02,5.867747962474822998e-02,-5.291152596473693848e-01,3.741128146648406982e-01,1.136215806007385254e+00,-2.802998721599578857e-01,-9.879383444786071777e-02,-1.321553904563188553e-02
