2.382742241024971008e-03,-1.710553653538227081e-02,7.985814213752746582e-01,-2.304088883101940155e-02,5.193727090954780579e-02,6.649586558341979980e-01,7.447158098220825195e-01,-2.550530806183815002e-02,1.184916868805885315e-02,2.064714431762695312e-01,4.993233829736709595e-02,-6.474585831165313721e-02,1.021019928157329559e-02,-5.714185163378715515e-02,-4.818154871463775635e-02,-1.708521991968154907e-01,3.885316476225852966e-02,-2.257801778614521027e-02,1.039761379361152649e-01,-1.632938534021377563e-02,-1.999275758862495422e-02,-8.948961645364761353e-02,6.640905886888504028e-02,3.170311748981475830e-01,-2.381947934627532959e-01,1.083179116249084473e+00,-2.147018164396286011e-02,-1.310855150222778320e-01,5.390866845846176147e-02,9.011077135801315308e-02,-3.753620684146881104e-01,3.421813249588012695e-01,9.836174845695495605e-01,6.880756467580795288e-02,-8.006707578897476196e-02,-6.590109318494796753e-02
2.079703146591782570e-03,-1.542107015848159790e-02,7.985175848007202148e-01,-2.418480999767780304e-02,5.216778442263603210e-02,6.656559705734252930e-01,7.440401911735534668e-01,-2.559252455830574036e-02,1.222614571452140808e-02,2.044533044099807739e-01,5.053149536252021790e-02,-6.778376549482345581e-02,7.910373620688915253e-03,-5.672125145792961121e-02,-4.720455035567283630e-02,-1.709305793046951294e-01,4.003915190696716309e-02,-2.567866630852222443e-02,1.030425429344177246e-01,-2.131394110620021820e-02,-1.905648596584796906e-02,-9.182862192392349243e-02,6.778717786073684692e-02,3.275484144687652588e-01,-2.350949048995971680e-01,1.100016117095947266e+00,-2.081331610679626465e-02,-1.418399512767791748e-01,5.666370317339897156e-02,8.399635553359985352e-02,-3.916158080101013184e-01,3.393540680408477783e-01,9.889563918113708496e-01,6.597621738910675049e-02,-9.074771404266357422e-02,-6.596010178327560425e-02
1.491816597990691662e-03,-1.381685491651296616e-02,7.984990477561950684e-01,-2.540265209972858429e-02,5.284504964947700500e-02,6.646445393562316895e-01,7.448555231094360352e-01,-2.515657059848308563e-02,1.238488312810659409e-02,2.059377580881118774e-01,4.936842247843742371e-02,-6.972468644380569458e-02,6.399965379387140274e-03,-5.773795768618583679e-02,-4.682577773928642273e-02,-1.700681447982788086e-01,3.983144089579582214e-02,-2.626523375511169434e-02,1.036111935973167419e-01,-2.354682050645351410e-02,-1.918421126902103424e-02,-9.109276533126831055e-02,7.406067848205566406e-02,3.388121128082275391e-01,-2.234812676906585693e-01,1.110700368881225586e+00,-3.304640576243400574e-02,-1.441045105457305908e-01,5.545061454176902771e-02,7.488021999597549438e-02,-4.129553139209747314e-01,3.323123455047607422e-01,9.828618764877319336e-01,7.337063550949096680e-02,-9.613073617219924927e-02,-6.871495395898818970e-02
9.873528033494949341e-04,-1.299882400780916214e-02,7.984688878059387207e-01,-2.627936936914920807e-02,5.305191501975059509e-02,6.641389727592468262e-01,7.452611923217773438e-01,-2.495226263999938965e-02,1.290396600961685181e-02,2.078643292188644409e-01,4.880096763372421265e-02,-7.185459882020950317e-02,4.673773888498544693e-03,-5.819794908165931702e-02,-4.609229788184165955e-02,-1.690896302461624146e-01,3.947008773684501648e-02,-2.706659771502017975e-02,1.026889756321907043e-01,-2.672418579459190369e-02,-1.836830191314220428e-02,-9.115935862064361572e-02,7.469024509191513062e-02,3.507495522499084473e-01,-2.175962328910827637e-01,1.117661118507385254e+00,-3.608692437410354614e-02,-1.464794129133224487e-01,5.802292004227638245e-02,6.405369192361831665e-02,-4.302087724208831787e-01,3.280434608459472656e-01,9.844496250152587891e-01,7.457237690687179565e-02,-9.890527278184890747e-02,-7.323323190212249756e-02
-3.125270886812359095e-04,-1.318874489516019821e-02,7.984875440597534180e-01,-2.692811004817485809e-02,5.250429734587669373e-02,6.641707420349121094e-01,7.452485561370849609e-01,-2.464527823030948639e-02,1.300347875803709030e-02,2.098404169082641602e-01,4.728460684418678284e-02,-7.252907007932662964e-02,4.732654895633459091e-03,-5.841954052448272705e-02,-4.600857943296432495e-02,-1.701126545667648315e-01,3.893155604600906372e-02,-2.518388815224170685e-02,1.022797226905822754e-01,-2.854974754154682159e-02,-1.774487085640430450e-02,-9.113234281539916992e-02,7.406448572874069214e-02,3.576257526874542236e-01,-2.116583734750747681e-01,1.124966740608215332e+00,-3.887348622083663940e-02,-1.476727426052093506e-01,6.249921023845672607e-02,5.459664016962051392e-02,-4.420193433761596680e-01,3.194750249385833740e-01,9.874495267868041992e-01,7.662127166986465454e-02,-1.012852415442466736e-01,-8.392247557640075684e-02
-1.012515393085777760e-03,-1.315394882112741470e-02,7.984269857406616211e-01,-2.745319716632366180e-02,5.184713378548622131e-02,6.637674570083618164e-01,7.456345558166503906e-01,-2.332137897610664368e-02,1.389199588447809219e-02,2.109256684780120850e-01,4.571560397744178772e-02,-7.504961639642715454e-02,5.624446552246809006e-03,-5.802994221448898315e-02,-4.493175446987152100e-02,-1.705459207296371460e-01,3.849431127309799194e-02,-2.428585477173328400e-02,1.033813059329986572e-01,-3.032395802438259125e-02,-1.684377901256084442e-02,-9.044092893600463867e-02,7.306768745183944702e-02,3.625498414039611816e-01,-2.076078057289123535e-01,1.132727861404418945e+00,-3.902716189622879028e-02,-1.476835012435913086e-01,6.606589257717132568e-02,4.507670551538467407e-02,-4.506892263889312744e-01,3.122466802597045898e-01,9.893707633018493652e-01,7.758045196533203125e-02,-1.036738678812980652e-01,-9.052541106939315796e-02
-1.702733919955790043e-03,-1.381736714392900467e-02,7.984036803245544434e-01,-2.721511945128440857e-02,5.147602781653404236e-02,6.635305285453796387e-01,7.458798885345458984e-01,-2.234067767858505249e-02,1.297072321176528931e-02,2.114524543285369873e-01,4.378977045416831970e-02,-7.487629354000091553e-02,6.826247554272413254e-03,-5.772051960229873657e-02,-4.556927457451820374e-02,-1.711795479059219360e-01,3.749521449208259583e-02,-2.357910014688968658e-02,1.030388176441192627e-01,-3.035618551075458527e-02,-1.747928746044635773e-02,-9.004158526659011841e-02,7.266337424516677856e-02,3.636797070503234863e-01,-2.014746069908142090e-01,1.134526848793029785e+00,-4.526648670434951782e-02,-1.486887633800506592e-01,6.756868213415145874e-02,3.979416191577911377e-02,-4.544365406036376953e-01,3.041961193084716797e-01,9.901233315467834473e-01,8.190586417913436890e-02,-1.051272973418235779e-01,-9.588626027107238770e-02
-2.487542573362588882e-03,-1.402481086552143097e-02,7.983729839324951172e-01,-2.740989811718463898e-02,5.096120759844779968e-02,6.641759276390075684e-01,7.453334331512451172e-01,-2.287803776562213898e-02,1.282206363976001740e-02,2.109599858522415161e-01,4.479104280471801758e-02,-7.717293500900268555e-02,8.721880614757537842e-03,-5.783749744296073914e-02,-4.573916271328926086e-02,-1.704644560813903809e-01,3.842235356569290161e-02,-2.333759143948554993e-02,1.014616563916206360e-01,-3.010900504887104034e-02,-1.685253344476222992e-02,-8.975447714328765869e-02,7.200127840042114258e-02,3.633705973625183105e-01,-1.999879777431488037e-01,1.134475350379943848e+00,-4.316317662596702576e-02,-1.478184312582015991e-01,7.073380798101425171e-02,3.732746094465255737e-02,-4.545550644397735596e-01,3.001745343208312988e-01,9.927783608436584473e-01,7.900039106607437134e-02,-1.052361503243446350e-01,-9.988338500261306763e-02
-2.835430903360247612e-03,-1.428165473043918610e-02,7.983087897300720215e-01,-2.741450630128383636e-02,5.098455399274826050e-02,6.639623045921325684e-01,7.455220222473144531e-01,-2.307932451367378235e-02,1.221159752458333969e-02,2.102807611227035522e-01,4.445299506187438965e-02,-7.834342867136001587e-02,9.085849858820438385e-03,-5.783158540725708008e-02,-4.600901529192924500e-02,-1.698456853628158569e-01,3.727866336703300476e-02,-2.360131964087486267e-02,1.026249527931213379e-01,-2.911214344203472137e-02,-1.755420491099357605e-02,-8.941429108381271362e-02,7.366845011711120605e-02,3.608110547065734863e-01,-1.957015395164489746e-01,1.130604624748229980e+00,-4.775514826178550720e-02,-1.461594551801681519e-01,7.036769390106201172e-02,3.702453151345252991e-02,-4.522751271724700928e-01,2.998735606670379639e-01,9.900825619697570801e-01,8.083070069551467896e-02,-1.047176718711853027e-01,-9.878554940223693848e-02
-3.765482222661375999e-03,-1.429144665598869324e-02,7.983150482177734375e-01,-2.747785113751888275e-02,5.051732435822486877e-02,6.641819477081298828e-01,7.453557848930358887e-01,-2.306522056460380554e-02,1.164784654974937439e-02,2.101886719465255737e-01,4.537118598818778992e-02,-7.957847416400909424e-02,1.054168678820133209e-02,-5.705082416534423828e-02,-4.662065580487251282e-02,-1.701808869838714600e-01,3.695894777774810791e-02,-2.287240698933601379e-02,1.035458520054817200e-01,-2.763240411877632141e-02,-1.891199126839637756e-02,-8.976569771766662598e-02,7.459704577922821045e-02,3.538615405559539795e-01,-1.936832219362258911e-01,1.124781489372253418e+00,-4.849943146109580994e-02,-1.449167132377624512e-01,6.990499794483184814e-02,3.882760927081108093e-02,-4.448247849941253662e-01,2.993791103363037109e-01,9.909008145332336426e-01,8.067641407251358032e-02,-1.028344854712486267e-01,-9.922948479652404785e-02
-3.633083077147603035e-03,-1.473604980856180191e-02,7.983495593070983887e-01,-2.662325277924537659e-02,5.059326067566871643e-02,6.641173958778381348e-01,7.454392313957214355e-01,-2.348964847624301910e-02,1.034877449274063110e-02,2.086514234542846680e-01,4.704326391220092773e-02,-7.811788469552993774e-02,1.132577657699584961e-02,-5.656315758824348450e-02,-4.799985513091087341e-02,-1.702024489641189575e-01,3.690285608172416687e-02,-2.322723343968391418e-02,1.045685932040214539e-01,-2.451639622449874878e-02,-2.073256857693195343e-02,-8.997786045074462891e-02,7.560537010431289673e-02,3.448148369789123535e-01,-1.964071989059448242e-01,1.116148114204406738e+00,-4.736490175127983093e-02,-1.437811404466629028e-01,6.882519274950027466e-02,4.188818112015724182e-02,-4.334892928600311279e-01,3.036501109600067139e-01,9.900133013725280762e-01,7.923635095357894897e-02,-1.007738411426544189e-01,-9.947481751441955566e-02
-2.581853652372956276e-03,-1.534860581159591675e-02,7.983834147453308105e-01,-2.581178396940231323e-02,5.081110820174217224e-02,6.651189327239990234e-01,7.445594668388366699e-01,-2.517427317798137665e-02,1.005635689944028854e-02,2.060767710208892822e-01,4.953097552061080933e-02,-7.677467912435531616e-02,1.205887738615274429e-02,-5.645119398832321167e-02,-4.849486052989959717e-02,-1.704885512590408325e-01,3.765626996755599976e-02,-2.399865351617336273e-02,1.030104383826255798e-01,-2.135756611824035645e-02,-2.183399908244609833e-02,-9.069207310676574707e-02,7.471628487110137939e-02,3.353418111801147461e-01,-2.022468596696853638e-01,1.106554985046386719e+00,-4.557718709111213684e-02,-1.436943411827087402e-01,7.090090215206146240e-02,4.719090461730957031e-02,-4.205443263053894043e-01,3.115044236183166504e-01,9.863438010215759277e-01,7.628685235977172852e-02,-1.004074066877365112e-01,-1.010195985436439514e-01
-2.323234453797340393e-03,-1.504407636821269989e-02,7.984771132469177246e-01,-2.529779076576232910e-02,5.138323083519935608e-02,6.657395958900451660e-01,7.439829111099243164e-01,-2.541172131896018982e-02,8.320080116391181946e-03,2.043497860431671143e-01,4.950536787509918213e-02,-7.308380305767059326e-02,1.124775689095258713e-02,-5.582116171717643738e-02,-5.026971548795700073e-02,-1.711919307708740234e-01,3.742971271276473999e-02,-2.412378229200839996e-02,1.045602336525917053e-01,-1.749521121382713318e-02,-2.379426360130310059e-02,-9.050983190536499023e-02,7.589250802993774414e-02,3.246095776557922363e-01,-2.082594037055969238e-01,1.100223064422607422e+00,-4.383815824985504150e-02,-1.426053345203399658e-01,6.933573633432388306e-02,5.442012473940849304e-02,-4.061001241207122803e-01,3.204804658889770508e-01,9.806660413742065430e-01,7.228528708219528198e-02,-9.937534481287002563e-02,-1.001537293195724487e-01
-1.381641486659646034e-03,-1.452070940285921097e-02,7.985785603523254395e-01,-2.479695528745651245e-02,5.160919949412345886e-02,6.664075255393981934e-01,7.433859109878540039e-01,-2.436137758195400238e-02,8.016382344067096710e-03,2.014063894748687744e-01,4.864708706736564636e-02,-6.878010183572769165e-02,9.297758340835571289e-03,-5.240565910935401917e-02,-5.048106983304023743e-02,-1.752838045358657837e-01,3.398742154240608215e-02,-2.272039279341697693e-02,1.081444099545478821e-01,-1.195761840790510178e-02,-2.525095269083976746e-02,-9.103777259588241577e-02,7.280346751213073730e-02,3.162784874439239502e-01,-2.161639481782913208e-01,1.093276858329772949e+00,-4.005140066146850586e-02,-1.457837074995040894e-01,6.697443872690200806e-02,6.181919947266578674e-02,-3.898469805717468262e-01,3.323008120059967041e-01,9.779353141784667969e-01,6.835408508777618408e-02,-1.003683432936668396e-01,-9.559640288352966309e-02
-1.358813489787280560e-03,-1.456178259104490280e-02,7.986319661140441895e-01,-2.441769838333129883e-02,5.155132338404655457e-02,6.680248379707336426e-01,7.419494986534118652e-01,-2.415898628532886505e-02,6.853615399450063705e-03,1.994490176439285278e-01,4.786334186792373657e-02,-6.693817675113677979e-02,9.089928120374679565e-03,-5.099413916468620300e-02,-5.174351856112480164e-02,-1.777779012918472290e-01,3.393244370818138123e-02,-2.310250513255596161e-02,1.083601787686347961e-01,-8.431470952928066254e-03,-2.617740258574485779e-02,-9.206368774175643921e-02,7.045722007751464844e-02,3.087255060672760010e-01,-2.241964191198348999e-01,1.088530302047729492e+00,-4.138119891285896301e-02,-1.443691551685333252e-01,6.578356027603149414e-02,6.703532487154006958e-02,-3.730307221412658691e-01,3.441297709941864014e-01,9.831230044364929199e-01,6.409030407667160034e-02,-9.765225648880004883e-02,-9.493978321552276611e-02
-1.666041673161089420e-03,-1.372297573834657669e-02,7.986799478530883789e-01,-2.443145401775836945e-02,5.181220546364784241e-02,6.679803133010864258e-01,7.419709563255310059e-01,-2.264676243066787720e-02,5.664478987455368042e-03,1.991131007671356201e-01,4.609451442956924438e-02,-6.583987921476364136e-02,9.403196163475513458e-03,-4.958915337920188904e-02,-5.273882672190666199e-02,-1.786907315254211426e-01,3.265327960252761841e-02,-2.280951477587223053e-02,1.119187101721763611e-01,-5.196225363761186600e-03,-2.704362571239471436e-02,-9.275787323713302612e-02,6.873983144760131836e-02,3.028519451618194580e-01,-2.290607094764709473e-01,1.089754462242126465e+00,-3.901249170303344727e-02,-1.440958380699157715e-01,6.306708604097366333e-02,7.291050255298614502e-02,-3.595837354660034180e-01,3.531744182109832764e-01,9.853987097740173340e-01,6.186483427882194519e-02,-9.759277105331420898e-02,-9.142091125249862671e-02
-1.579337520524859428e-03,-1.366620790213346481e-02,7.987529635429382324e-01,-2.419116906821727753e-02,5.176460742950439453e-02,6.688168048858642578e-01,7.412282228469848633e-01,-2.278080210089683533e-02,5.094041582196950912e-03,1.975983232259750366e-01,4.663989692926406860e-02,-6.555621325969696045e-02,1.179565489292144775e-02,-5.020744353532791138e-02,-5.338951572775840759e-02,-1.775398850440979004e-01,3.557838127017021179e-02,-2.371475473046302795e-02,1.101314127445220947e-01,-3.590556327253580093e-03,-2.699943818151950836e-02,-9.325034171342849731e-02,6.702870875597000122e-02,2.998511493206024170e-01,-2.326543331146240234e-01,1.090634465217590332e+00,-3.722897544503211975e-02,-1.414316892623901367e-01,6.339161098003387451e-02,7.848082482814788818e-02,-3.502100110054016113e-01,3.607596755027770996e-01,9.861025810241699219e-01,5.521845817565917969e-02,-9.657239168882369995e-02,-9.086968749761581421e-02
-1.351218088530004025e-03,-1.392467878758907318e-02,7.987683415412902832e-01,-2.371146157383918762e-02,5.193846672773361206e-02,6.684606671333312988e-01,7.415527701377868652e-01,-2.162536047399044037e-02,4.077922087162733078e-03,1.960523426532745361e-01,4.442922398447990417e-02,-6.410013884305953979e-02,1.291725412011146545e-02,-5.114051699638366699e-02,-5.431553721427917480e-02,-1.785721331834793091e-01,3.768860921263694763e-02,-2.547661773860454559e-02,1.106531172990798950e-01,-2.149204374291002750e-05,-2.827813290059566498e-02,-9.372317045927047729e-02,6.486673653125762939e-02,2.993990480899810791e-01,-2.355935126543045044e-01,1.091109871864318848e+00,-3.547397255897521973e-02,-1.397195011377334595e-01,6.262311339378356934e-02,8.044788986444473267e-02,-3.443461060523986816e-01,3.686119318008422852e-01,9.893041849136352539e-01,5.191128700971603394e-02,-9.478452056646347046e-02,-8.852888643741607666e-02
-1.639836933463811874e-03,-1.405921485275030136e-02,7.988155484199523926e-01,-2.342330664396286011e-02,5.172660201787948608e-02,6.681852340698242188e-01,7.418249249458312988e-01,-2.032164670526981354e-02,3.404704621061682701e-03,1.960388123989105225e-01,4.305911809206008911e-02,-6.370730698108673096e-02,1.400956790894269943e-02,-5.260705947875976562e-02,-5.485292151570320129e-02,-1.752014011144638062e-01,4.122710600495338440e-02,-2.627381123602390289e-02,1.090659871697425842e-01,4.753715766128152609e-04,-2.868116833269596100e-02,-9.368170052766799927e-02,6.348984688520431519e-02,2.984596788883209229e-01,-2.390437424182891846e-01,1.093004107475280762e+00,-3.378155827522277832e-02,-1.375316232442855835e-01,6.121181696653366089e-02,7.950603961944580078e-02,-3.409013748168945312e-01,3.730914592742919922e-01,9.943327307701110840e-01,4.861712455749511719e-02,-9.251681715250015259e-02,-8.794339746236801147e-02
-9.309978340752422810e-04,-1.419287081807851791e-02,7.988645434379577637e-01,-2.321275696158409119e-02,5.160241574048995972e-02,6.688183546066284180e-01,7.412694096565246582e-01,-2.043399773538112640e-02,4.280923400074243546e-03,1.962912380695343018e-01,4.364143311977386475e-02,-6.360265612602233887e-02,1.483980286866426468e-02,-5.376221984624862671e-02,-5.437533557415008545e-02,-1.739842444658279419e-01,4.469530284404754639e-02,-2.688900381326675415e-02,1.063751131296157837e-01,1.765972469002008438e-03,-2.872350625693798065e-02,-9.286753088235855103e-02,6.211910396814346313e-02,2.998013794422149658e-01,-2.401748150587081909e-01,1.092590570449829102e+00,-3.370010480284690857e-02,-1.358034312725067139e-01,6.233606860041618347e-02,8.013178408145904541e-02,-3.388192355632781982e-01,3.769852817058563232e-01,9.949955344200134277e-01,4.776210337877273560e-02,-9.143361449241638184e-02,-8.812276273965835571e-02
-5.655749700963497162e-04,-1.403373666107654572e-02,7.988845109939575195e-01,-2.346184104681015015e-02,5.142815411090850830e-02,6.691601276397705078e-01,7.409651875495910645e-01,-2.001046389341354370e-02,5.478020757436752319e-03,1.970703899860382080e-01,4.303646460175514221e-02,-6.411580741405487061e-02,1.486397068947553635e-02,-5.385886132717132568e-02,-5.330258607864379883e-02,-1.736937612295150757e-01,4.550581052899360657e-02,-2.666058018803596497e-02,1.061013936996459961e-01,2.403650432825088501e-03,-2.888306789100170135e-02,-9.182758629322052002e-02,6.209050118923187256e-02,3.011832833290100098e-01,-2.418162077665328979e-01,1.090451955795288086e+00,-2.941453829407691956e-02,-1.352794319391250610e-01,6.341491639614105225e-02,8.025628328323364258e-02,-3.386028110980987549e-01,3.820699155330657959e-01,9.951499700546264648e-01,4.523774608969688416e-02,-9.134219586849212646e-02,-8.850821852684020996e-02
-4.989494918845593929e-04,-1.373210549354553223e-02,7.989220023155212402e-01,-2.359790727496147156e-02,5.128981918096542358e-02,6.691541671752929688e-01,7.409758567810058594e-01,-1.953506283462047577e-02,6.133230403065681458e-03,1.983498483896255493e-01,4.321514815092086792e-02,-6.437339633703231812e-02,1.433574967086315155e-02,-5.400219559669494629e-02,-5.277939513325691223e-02,-1.727023273706436157e-01,4.661732539534568787e-02,-2.663538791239261627e-02,1.046803519129753113e-01,1.685437629930675030e-03,-2.880914881825447083e-02,-9.186349809169769287e-02,6.321291625499725342e-02,3.019385635852813721e-01,-2.433788180351257324e-01,1.089981675148010254e+00,-2.636318467557430267e-02,-1.346116960048675537e-01,6.450243294239044189e-02,8.037953823804855347e-02,-3.387169539928436279e-01,3.852004706859588623e-01,9.954321384429931641e-01,4.279894009232521057e-02,-9.059418737888336182e-02,-8.838621526956558228e-02
-6.249633734114468098e-04,-1.340236049145460129e-02,7.989280223846435547e-01,-2.425235323607921600e-02,5.114415287971496582e-02,6.694898009300231934e-01,7.406615614891052246e-01,-1.972235739231109619e-02,7.353981025516986847e-03,1.999339014291763306e-01,4.299983382225036621e-02,-6.556902080774307251e-02,1.282651722431182861e-02,-5.394245311617851257e-02,-5.165484175086021423e-02,-1.725340783596038818e-01,4.615453258156776428e-02,-2.580096572637557983e-02,1.041254624724388123e-01,5.611777305603027344e-04,-2.877459675073623657e-02,-9.103058278560638428e-02,6.512443721294403076e-02,3.033199906349182129e-01,-2.441084533929824829e-01,1.085500597953796387e+00,-2.300046198070049286e-02,-1.349183768033981323e-01,6.501425802707672119e-02,8.193188160657882690e-02,-3.402407765388488770e-01,3.875496387481689453e-01,9.910445809364318848e-01,3.985733911395072937e-02,-9.081968665122985840e-02,-8.662708103656768799e-02
-7.644411525689065456e-04,-1.291639730334281921e-02,7.989274263381958008e-01,-2.508918754756450653e-02,5.118740722537040710e-02,6.700879931449890137e-01,7.400894761085510254e-01,-2.036811225116252899e-02,8.448442444205284119e-03,2.015032470226287842e-01,4.286825284361839294e-02,-6.725829094648361206e-02,1.151033397763967514e-02,-5.443672090768814087e-02,-5.080582201480865479e-02,-1.733888089656829834e-01,4.633004963397979736e-02,-2.513618767261505127e-02,1.033916473388671875e-01,-2.937462159025017172e-05,-2.805953659117221832e-02,-9.088075160980224609e-02,6.788240373134613037e-02,3.051255047321319580e-01,-2.460489273071289062e-01,1.080526113510131836e+00,-1.880632527172565460e-02,-1.354590654373168945e-01,6.574707478284835815e-02,8.428841084241867065e-02,-3.420519828796386719e-01,3.902812898159027100e-01,9.882748723030090332e-01,3.821281343698501587e-02,-9.046524763107299805e-02,-8.514142781496047974e-02
-9.366910671815276146e-04,-1.264656893908977509e-02,7.989121079444885254e-01,-2.584249712526798248e-02,5.121479183435440063e-02,6.703370809555053711e-01,7.398360371589660645e-01,-2.064510807394981384e-02,9.616174735128879547e-03,2.049461603164672852e-01,4.210204631090164185e-02,-6.851270049810409546e-02,8.645640686154365540e-03,-5.455167219042778015e-02,-4.987151920795440674e-02,-1.741905659437179565e-01,4.509354382753372192e-02,-2.389540523290634155e-02,1.035747081041336060e-01,-2.286235103383660316e-03,-2.729455381631851196e-02,-9.076498448848724365e-02,7.133927196264266968e-02,3.072080910205841064e-01,-2.471359670162200928e-01,1.075742006301879883e+00,-1.407652813941240311e-02,-1.365014314651489258e-01,6.423407047986984253e-02,8.639966696500778198e-02,-3.439052402973175049e-01,3.902221918106079102e-01,9.829571843147277832e-01,3.827631846070289612e-02,-9.127840399742126465e-02,-8.117058128118515015e-02
-1.014175941236317158e-03,-1.277552079409360886e-02,7.989341020584106445e-01,-2.614932321012020111e-02,5.114411190152168274e-02,6.708732843399047852e-01,7.393439412117004395e-01,-2.142594009637832642e-02,1.016133930534124374e-02,2.059013396501541138e-01,4.237620159983634949e-02,-6.909426301717758179e-02,7.422039285302162170e-03,-5.472969263792037964e-02,-4.949278384447097778e-02,-1.746214777231216431e-01,4.469168931245803833e-02,-2.300912141799926758e-02,1.022763773798942566e-01,-3.422942245379090309e-03,-2.693403325974941254e-02,-9.108491241931915283e-02,7.395545393228530884e-02,3.111779093742370605e-01,-2.497548013925552368e-01,1.071189641952514648e+00,-8.332637138664722443e-03,-1.372566968202590942e-01,6.457576900720596313e-02,8.712124079465866089e-02,-3.452557623386383057e-01,3.911418020725250244e-01,9.823002219200134277e-01,3.733246028423309326e-02,-8.986303955316543579e-02,-7.904867827892303467e-02
-1.059489324688911438e-03,-1.317848637700080872e-02,7.989538908004760742e-01,-2.652326226234436035e-02,5.080751329660415649e-02,6.716583967208862305e-01,7.386407256126403809e-01,-2.272227965295314789e-02,1.136853918433189392e-02,2.068680375814437866e-01,4.338323697447776794e-02,-7.012891024351119995e-02,6.433823611587285995e-03,-5.527129396796226501e-02,-4.870646074414253235e-02,-1.759455651044845581e-01,4.521226510405540466e-02,-2.185230329632759094e-02,1.005071178078651428e-01,-4.872331395745277405e-03,-2.644767239689826965e-02,-9.097523987293243408e-02,7.709685713052749634e-02,3.167098760604858398e-01,-2.506272494792938232e-01,1.065926313400268555e+00,-2.019134815782308578e-03,-1.382654011249542236e-01,6.491894274950027466e-02,8.889541029930114746e-02,-3.477217853069305420e-01,3.907391428947448730e-01,9.786660075187683105e-01,3.649887442588806152e-02,-8.942759782075881958e-02,-7.558271288871765137e-02
-1.510260161012411118e-03,-1.334261335432529449e-02,7.989928722381591797e-01,-2.682107314467430115e-02,5.013361945748329163e-02,6.728275418281555176e-01,7.376112341880798340e-01,-2.345908433198928833e-02,1.207597926259040833e-02,2.057887911796569824e-01,4.477396979928016663e-02,-7.149668037891387939e-02,6.267675664275884628e-03,-5.479591339826583862e-02,-4.831943288445472717e-02,-1.776226907968521118e-01,4.611485823988914490e-02,-2.108797617256641388e-02,9.869847446680068970e-02,-4.950169939547777176e-03,-2.619102224707603455e-02,-8.997693657875061035e-02,8.059651404619216919e-02,3.260194957256317139e-01,-2.500403225421905518e-01,1.059622287750244141e+00,3.899645060300827026e-03,-1.390107125043869019e-01,6.797026097774505615e-02,9.039485454559326172e-02,-3.506675362586975098e-01,3.903029561042785645e-01,9.793044924736022949e-01,3.391738981008529663e-02,-8.807469159364700317e-02,-7.297419011592864990e-02
-2.227449323982000351e-03,-1.390670239925384521e-02,7.990146279335021973e-01,-2.700027078390121460e-02,4.905915260314941406e-02,6.735856533050537109e-01,7.369847893714904785e-01,-2.318569086492061615e-02,1.294846832752227783e-02,2.056106626987457275e-01,4.497735574841499329e-02,-7.292817533016204834e-02,6.065834779292345047e-03,-5.396455898880958557e-02,-4.751473665237426758e-02,-1.777122616767883301e-01,4.616739600896835327e-02,-1.934200152754783630e-02,9.733417630195617676e-02,-6.388371810317039490e-03,-2.545601874589920044e-02,-8.966989815235137939e-02,8.218418806791305542e-02,3.410403728485107422e-01,-2.461892664432525635e-01,1.056427121162414551e+00,6.979598663747310638e-03,-1.403722167015075684e-01,7.079986482858657837e-02,8.987525105476379395e-02,-3.546250462532043457e-01,3.894149065017700195e-01,9.799801111221313477e-01,3.128379583358764648e-02,-8.760851621627807617e-02,-7.024503499269485474e-02
-3.136953571811318398e-03,-1.426521036773920059e-02,7.990638017654418945e-01,-2.717347629368305206e-02,4.787267372012138367e-02,6.742744445800781250e-01,7.364264130592346191e-01,-2.233230695128440857e-02,1.358975283801555634e-02,2.047874480485916138e-01,4.488511756062507629e-02,-7.403601706027984619e-02,6.865372881293296814e-03,-5.297410115599632263e-02,-4.673020169138908386e-02,-1.762784570455551147e-01,4.662541300058364868e-02,-1.755817420780658722e-02,9.573113918304443359e-02,-8.345483802258968353e-03,-2.529815770685672760e-02,-8.890819549560546875e-02,7.937417924404144287e-02,3.585680127143859863e-01,-2.392507344484329224e-01,1.053573489189147949e+00,4.089380614459514618e-03,-1.407172232866287231e-01,7.355193793773651123e-02,8.856522291898727417e-02,-3.578976094722747803e-01,3.883122503757476807e-01,9.828615784645080566e-01,2.839963696897029877e-02,-8.601917326450347900e-02,-6.700402498245239258e-02
-3.578712232410907745e-03,-1.476693432778120041e-02,7.990867495536804199e-01,-2.721972391009330750e-02,4.677323251962661743e-02,6.750043630599975586e-01,7.358264327049255371e-01,-2.242128178477287292e-02,1.472372654825448990e-02,2.039218395948410034e-01,4.665485024452209473e-02,-7.690273225307464600e-02,1.004758942872285843e-02,-5.333952233195304871e-02,-4.572184383869171143e-02,-1.738280057907104492e-01,4.958572983741760254e-02,-1.733952388167381287e-02,9.128947556018829346e-02,-1.017462275922298431e-02,-2.473665773868560791e-02,-8.771613240242004395e-02,6.868761032819747925e-02,3.734625875949859619e-01,-2.296441495418548584e-01,1.063458800315856934e+00,-9.120357222855091095e-03,-1.379342973232269287e-01,7.905551791191101074e-02,8.695702999830245972e-02,-3.612903058528900146e-01,3.915980756282806396e-01,9.828377366065979004e-01,2.757934667170047760e-02,-8.596371859312057495e-02,-6.637525558471679688e-02
-3.322243224829435349e-03,-1.561364252120256424e-02,7.992002367973327637e-01,-2.667097747325897217e-02,4.586099460721015930e-02,6.756033897399902344e-01,7.353540062904357910e-01,-2.206330560147762299e-02,1.557195931673049927e-02,2.022053599357604980e-01,4.741549119353294373e-02,-7.555703818798065186e-02,1.176007930189371109e-02,-5.334442108869552612e-02,-4.518155008554458618e-02,-1.736223101615905762e-01,5.237938091158866882e-02,-1.675107516348361969e-02,9.067168086767196655e-02,-1.162578072398900986e-02,-2.479689568281173706e-02,-8.645238727331161499e-02,5.237685516476631165e-02,3.901082575321197510e-01,-2.171107977628707886e-01,1.067735671997070312e+00,-2.329963818192481995e-02,-1.373384743928909302e-01,8.897361159324645996e-02,8.374612033367156982e-02,-3.608092665672302246e-01,3.917184174060821533e-01,9.867450594902038574e-01,3.014193475246429443e-02,-8.369892090559005737e-02,-7.021471858024597168e-02
-2.535102656111121178e-03,-1.764773018658161163e-02,7.992452979087829590e-01,-2.565185353159904480e-02,4.440186917781829834e-02,6.767839789390563965e-01,7.343935370445251465e-01,-2.262639440596103668e-02,1.749383658170700073e-02,2.007431685924530029e-01,4.952975362539291382e-02,-7.522141933441162109e-02,1.399670541286468506e-02,-5.279507488012313843e-02,-4.397445544600486755e-02,-1.754080951213836670e-01,5.439395084977149963e-02,-1.509486511349678040e-02,8.929166942834854126e-02,-1.413800008594989777e-02,-2.381664700806140900e-02,-8.337332308292388916e-02,2.840695157647132874e-02,4.178481101989746094e-01,-2.061451673507690430e-01,1.064442873001098633e+00,-3.099028021097183228e-02,-1.390454024076461792e-01,1.061680093407630920e-01,7.759039103984832764e-02,-3.611404895782470703e-01,3.974709212779998779e-01,9.877685904502868652e-01,3.061033226549625397e-02,-8.332736790180206299e-02,-7.241903245449066162e-02
-1.492706011049449444e-03,-1.844234019517898560e-02,7.993731498718261719e-01,-2.450981177389621735e-02,4.330205544829368591e-02,6.784431934356689453e-01,7.329659461975097656e-01,-2.294045127928256989e-02,1.880181394517421722e-02,1.982959806919097900e-01,5.373914539813995361e-02,-7.410822063684463501e-02,1.540371123701334000e-02,-5.078893154859542847e-02,-4.341849684715270996e-02,-1.768926829099655151e-01,5.687636137008666992e-02,-1.498887874186038971e-02,8.572812378406524658e-02,-1.536758523434400558e-02,-2.373447455465793610e-02,-8.011513203382492065e-02,-2.866974100470542908e-03,4.470360279083251953e-01,-1.950547695159912109e-01,1.070821404457092285e+00,-4.301190748810768127e-02,-1.385180205106735229e-01,1.237485334277153015e-01,7.291384041309356689e-02,-3.583599627017974854e-01,4.036160111427307129e-01,9.958313703536987305e-01,2.925315313041210175e-02,-8.231893926858901978e-02,-7.330948114395141602e-02
-1.699379296042025089e-03,-2.005648985505104065e-02,7.993434667587280273e-01,-2.406500093638896942e-02,4.098704084753990173e-02,6.804718971252441406e-01,7.312310934066772461e-01,-2.189610898494720459e-02,2.143842726945877075e-02,1.999801248311996460e-01,5.488781630992889404e-02,-7.699240744113922119e-02,1.632500812411308289e-02,-4.804020747542381287e-02,-4.118197038769721985e-02,-1.766480952501296997e-01,5.712571740150451660e-02,-1.225629262626171112e-02,8.525536954402923584e-02,-1.794315129518508911e-02,-2.404496632516384125e-02,-8.073246479034423828e-02,-4.238952323794364929e-02,4.834190011024475098e-01,-1.931000947952270508e-01,1.069648027420043945e+00,-4.391934722661972046e-02,-1.420160382986068726e-01,1.447457075119018555e-01,6.608583033084869385e-02,-3.548121750354766846e-01,4.096989333629608154e-01,1.011632919311523438e+00,2.105136588215827942e-02,-8.131878823041915894e-02,-7.680085301399230957e-02
-1.726355287246406078e-03,-2.277445979416370392e-02,7.993169426918029785e-01,-2.314327284693717957e-02,3.854997456073760986e-02,6.820281744003295898e-01,7.299423813819885254e-01,-2.260900847613811493e-02,2.406804449856281281e-02,2.005639523267745972e-01,5.839919298887252808e-02,-7.924635708332061768e-02,1.945732347667217255e-02,-4.723733291029930115e-02,-3.994442522525787354e-02,-1.824159473180770874e-01,6.036555767059326172e-02,-1.030070148408412933e-02,8.487885445356369019e-02,-1.934085972607135773e-02,-2.428994514048099518e-02,-7.887186110019683838e-02,-9.515055269002914429e-02,5.179759860038757324e-01,-1.893788725137710571e-01,1.070545673370361328e+00,-5.315870046615600586e-02,-1.426282227039337158e-01,1.703461259603500366e-01,5.736875161528587341e-02,-3.522887527942657471e-01,4.206368327140808105e-01,1.022643208503723145e+00,1.448856946080923080e-02,-8.211839944124221802e-02,-8.202356100082397461e-02
-1.440713298507034779e-03,-2.550889551639556885e-02,7.992606759071350098e-01,-2.220980636775493622e-02,3.641891106963157654e-02,6.835702061653137207e-01,7.286372184753417969e-01,-2.170159667730331421e-02,2.643786557018756866e-02,2.028525769710540771e-01,5.747190862894058228e-02,-7.948795706033706665e-02,2.098691463470458984e-02,-4.738028720021247864e-02,-3.860766068100929260e-02,-1.853125840425491333e-01,6.404493004083633423e-02,-8.527319878339767456e-03,8.467531204223632812e-02,-2.304046601057052612e-02,-2.303881756961345673e-02,-7.766985893249511719e-02,-1.516676098108291626e-01,5.489150881767272949e-01,-1.890282481908798218e-01,1.068537235260009766e+00,-6.010829657316207886e-02,-1.440388113260269165e-01,1.965377032756805420e-01,4.803878813982009888e-02,-3.487184941768646240e-01,4.281449317932128906e-01,1.034158229827880859e+00,1.577175222337245941e-02,-8.171710371971130371e-02,-8.699389547109603882e-02
-3.159705782309174538e-03,-2.767851762473583221e-02,7.992987036705017090e-01,-2.189623005688190460e-02,3.317446261644363403e-02,6.862397193908691406e-01,7.262884974479675293e-01,-1.969680376350879669e-02,2.745088189840316772e-02,1.981298476457595825e-01,5.586433038115501404e-02,-8.022441715002059937e-02,2.361454442143440247e-02,-4.604776576161384583e-02,-3.754146397113800049e-02,-1.859698295593261719e-01,6.870999187231063843e-02,-5.645181518048048019e-03,8.375405520200729370e-02,-2.933719567954540253e-02,-2.206674404442310333e-02,-7.718387246131896973e-02,-2.318754643201828003e-01,5.791807770729064941e-01,-2.053178846836090088e-01,1.070950388908386230e+00,-6.194835528731346130e-02,-1.414652019739151001e-01,2.163200825452804565e-01,3.859587386250495911e-02,-3.468967974185943604e-01,4.408937394618988037e-01,1.052874326705932617e+00,1.130959670990705490e-02,-7.962074130773544312e-02,-8.258207887411117554e-02
-3.349938429892063141e-03,-2.960930764675140381e-02,7.992647290229797363e-01,-2.115059830248355865e-02,3.097664378583431244e-02,6.880673170089721680e-01,7.246767878532409668e-01,-1.730989478528499603e-02,2.885711379349231720e-02,1.983726471662521362e-01,5.360545217990875244e-02,-8.044834434986114502e-02,2.563567273318767548e-02,-4.490628838539123535e-02,-3.637351095676422119e-02,-1.874011009931564331e-01,7.204210758209228516e-02,-4.241116344928741455e-03,8.331653475761413574e-02,-3.733419999480247498e-02,-2.076571248471736908e-02,-7.754594832658767700e-02,-3.159443140029907227e-01,6.028569340705871582e-01,-2.304098308086395264e-01,1.078366279602050781e+00,-6.021266058087348938e-02,-1.391893625259399414e-01,2.330663651227951050e-01,2.716788835823535919e-02,-3.429547846317291260e-01,4.543541669845581055e-01,1.069996833801269531e+00,1.223038882017135620e-03,-7.728535681962966919e-02,-8.046738058328628540e-02
-2.556722145527601242e-03,-3.242599591612815857e-02,7.991236448287963867e-01,-1.946662925183773041e-02,2.940634079277515411e-02,6.889062523841857910e-01,7.239920496940612793e-01,-1.519477274268865585e-02,2.934159152209758759e-02,1.971894055604934692e-01,5.069677159190177917e-02,-7.853583246469497681e-02,2.582369931042194366e-02,-4.415765777230262756e-02,-3.569827228784561157e-02,-1.872001737356185913e-01,7.353121787309646606e-02,-4.073227755725383759e-03,8.307235687971115112e-02,-4.460907354950904846e-02,-2.101419866085052490e-02,-7.698240131139755249e-02,-4.080358147621154785e-01,6.217675805091857910e-01,-2.574682235717773438e-01,1.082681775093078613e+00,-6.339602172374725342e-02,-1.379560232162475586e-01,2.512938976287841797e-01,1.432786043733358383e-02,-3.380928933620452881e-01,4.703101515769958496e-01,1.080624818801879883e+00,-9.313432499766349792e-03,-7.479576021432876587e-02,-7.932801544666290283e-02
-1.637365319766104221e-03,-3.424504771828651428e-02,7.990651130676269531e-01,-1.836923323571681976e-02,2.856398932635784149e-02,6.897017359733581543e-01,7.232967615127563477e-01,-1.303584035485982895e-02,2.976739592850208282e-02,1.972839534282684326e-01,4.645274206995964050e-02,-7.484304904937744141e-02,2.394405379891395569e-02,-4.304931685328483582e-02,-3.498178720474243164e-02,-1.881867051124572754e-01,7.295117527246475220e-02,-2.961114980280399323e-03,8.279020339250564575e-02,-5.231663212180137634e-02,-1.989895850419998169e-02,-7.490618526935577393e-02,-4.969618916511535645e-01,6.354358196258544922e-01,-2.890492677688598633e-01,1.087275266647338867e+00,-6.414731591939926147e-02,-1.376459896564483643e-01,2.646176218986511230e-01,4.130253102630376816e-03,-3.350838124752044678e-01,4.845544099807739258e-01,1.086172223091125488e+00,-1.691496744751930237e-02,-7.340500503778457642e-02,-7.592937350273132324e-02
-1.264335936866700649e-03,-3.533133491873741150e-02,7.991209626197814941e-01,-1.694592647254467010e-02,2.806632779538631439e-02,6.893436908721923828e-01,7.236921787261962891e-01,-1.095588877797126770e-02,2.865881659090518951e-02,1.955227255821228027e-01,4.513699933886528015e-02,-7.014126330614089966e-02,2.183525636792182922e-02,-4.214901104569435120e-02,-3.555261716246604919e-02,-1.845448464155197144e-01,7.333440333604812622e-02,-2.247823402285575867e-03,8.331159502267837524e-02,-6.448356807231903076e-02,-1.907656714320182800e-02,-7.258392125368118286e-02,-6.016173362731933594e-01,6.436259150505065918e-01,-3.319534659385681152e-01,1.100037693977355957e+00,-5.651757866144180298e-02,-1.380448937416076660e-01,2.789128422737121582e-01,-7.509421557188034058e-03,-3.340229392051696777e-01,5.047948360443115234e-01,1.090634822845458984e+00,-3.023117966949939728e-02,-7.305512577295303345e-02,-7.113213092088699341e-02
-1.925451331771910191e-03,-3.586658462882041931e-02,7.992597818374633789e-01,-1.663919538259506226e-02,2.755000442266464233e-02,6.892261505126953125e-01,7.238311171531677246e-01,-1.105201523751020432e-02,2.815725095570087433e-02,1.947134733200073242e-01,4.618571698665618896e-02,-6.703587621450424194e-02,2.009494043886661530e-02,-4.182802140712738037e-02,-3.612652420997619629e-02,-1.833989620208740234e-01,7.316919416189193726e-02,1.014904584735631943e-03,8.706629276275634766e-02,-7.464560866355895996e-02,-1.798089593648910522e-02,-7.017349451780319214e-02,-6.999793648719787598e-01,6.411686539649963379e-01,-3.758002817630767822e-01,1.121133327484130859e+00,-5.452685803174972534e-02,-1.379673928022384644e-01,2.899769246578216553e-01,-1.693855971097946167e-02,-3.354263603687286377e-01,5.213397145271301270e-01,1.093790769577026367e+00,-3.691834211349487305e-02,-7.133436203002929688e-02,-6.808760762214660645e-02
-2.083580475300550461e-03,-3.748982027173042297e-02,7.992791533470153809e-01,-1.618019491434097290e-02,2.762521989643573761e-02,6.884620189666748047e-01,7.245654463768005371e-01,-1.180623471736907959e-02,2.731831185519695282e-02,1.958551555871963501e-01,4.461266472935676575e-02,-6.334684789180755615e-02,1.795071922242641449e-02,-4.287651181221008301e-02,-3.642895817756652832e-02,-1.800502389669418335e-01,7.009439170360565186e-02,5.181402899324893951e-03,9.074358642101287842e-02,-8.768816292285919189e-02,-1.666496694087982178e-02,-7.152433693408966064e-02,-7.927289009094238281e-01,6.375324726104736328e-01,-4.189118146896362305e-01,1.152846455574035645e+00,-5.443476885557174683e-02,-1.318209767341613770e-01,2.928899824619293213e-01,-2.931704930961132050e-02,-3.361449539661407471e-01,5.368586778640747070e-01,1.095409274101257324e+00,-4.632049053907394409e-02,-6.533212214708328247e-02,-6.057037413120269775e-02
-2.693438902497291565e-03,-3.694980219006538391e-02,7.993030548095703125e-01,-1.730872876942157745e-02,2.775784768164157867e-02,6.888386607170104980e-01,7.241762280464172363e-01,-1.110554765909910202e-02,2.771246992051601410e-02,1.968945562839508057e-01,4.023768007755279541e-02,-6.146390363574028015e-02,1.290701422840356827e-02,-4.292162507772445679e-02,-3.581130877137184143e-02,-1.818097978830337524e-01,6.790243834257125854e-02,8.574748411774635315e-03,9.454564005136489868e-02,-9.872998297214508057e-02,-1.393343042582273483e-02,-6.959050148725509644e-02,-8.833321332931518555e-01,6.312609910964965820e-01,-4.604159295558929443e-01,1.175564527511596680e+00,-4.479864612221717834e-02,-1.293875277042388916e-01,2.981668114662170410e-01,-3.571955487132072449e-02,-3.385981619358062744e-01,5.512956380844116211e-01,1.097562909126281738e+00,-5.633519217371940613e-02,-6.348399072885513306e-02,-5.338534340262413025e-02
-2.897112164646387100e-03,-3.552842140197753906e-02,7.993223667144775391e-01,-1.873969100415706635e-02,2.872632816433906555e-02,6.884027719497680664e-01,7.245172858238220215e-01,-1.233859919011592865e-02,2.840336225926876068e-02,1.995602697134017944e-01,4.000367969274520874e-02,-6.325237452983856201e-02,1.217542495578527451e-02,-4.495230689644813538e-02,-3.477980941534042358e-02,-1.776267290115356445e-01,6.734577566385269165e-02,1.048831269145011902e-02,9.756473451852798462e-02,-1.083744391798973083e-01,-1.282613817602396011e-02,-6.748846918344497681e-02,-9.589145183563232422e-01,6.218021512031555176e-01,-5.001929402351379395e-01,1.207274556159973145e+00,-3.226522728800773621e-02,-1.252534389495849609e-01,3.042712807655334473e-01,-4.123535007238388062e-02,-3.396929502487182617e-01,5.651450157165527344e-01,1.099208235740661621e+00,-6.771665811538696289e-02,-6.238474696874618530e-02,-5.178495869040489197e-02
-2.437188057228922844e-03,-3.459448739886283875e-02,7.993983030319213867e-01,-1.925965398550033569e-02,3.006078489124774933e-02,6.873985528945922852e-01,7.254024147987365723e-01,-1.210249774158000946e-02,2.793461643159389496e-02,2.020027190446853638e-01,3.695812821388244629e-02,-5.958703160285949707e-02,9.193751960992813110e-03,-4.606870189309120178e-02,-3.451326861977577209e-02,-1.728057861328125000e-01,6.449953466653823853e-02,1.327930670231580734e-02,1.020304188132286072e-01,-1.206156238913536072e-01,-1.190566271543502808e-02,-6.784810870885848999e-02,-1.029199242591857910e+00,6.087059378623962402e-01,-5.399743318557739258e-01,1.243141293525695801e+00,-1.984739303588867188e-02,-1.203219369053840637e-01,3.002115488052368164e-01,-4.891295731067657471e-02,-3.371263742446899414e-01,5.741760134696960449e-01,1.104054689407348633e+00,-7.422522455453872681e-02,-5.634818226099014282e-02,-4.338556155562400818e-02
-2.525338204577565193e-03,-3.421159088611602783e-02,7.994530797004699707e-01,-1.951831951737403870e-02,3.087479621171951294e-02,6.859673857688903809e-01,7.267149090766906738e-01,-1.359817944467067719e-02,2.755565382540225983e-02,2.034836113452911377e-01,3.881772607564926147e-02,-5.963934212923049927e-02,1.084397453814744949e-02,-4.898094385862350464e-02,-3.503300249576568604e-02,-1.696221381425857544e-01,6.633158773183822632e-02,1.396020222455263138e-02,1.058362275362014771e-01,-1.280020177364349365e-01,-1.272140443325042725e-02,-6.644074618816375732e-02,-1.087243676185607910e+00,5.931846499443054199e-01,-5.684313178062438965e-01,1.270701050758361816e+00,-1.991308480501174927e-02,-1.169714033603668213e-01,3.002254664897918701e-01,-5.587789416313171387e-02,-3.366758525371551514e-01,5.851047039031982422e-01,1.104927301406860352e+00,-7.829726487398147583e-02,-5.284383893013000488e-02,-3.970821574330329895e-02
-2.455018460750579834e-03,-3.314258158206939697e-02,7.995044589042663574e-01,-2.046610042452812195e-02,3.190254047513008118e-02,6.836777925491333008e-01,7.287990450859069824e-01,-1.246805209666490555e-02,2.818676643073558807e-02,2.075908184051513672e-01,3.536788001656532288e-02,-5.809574201703071594e-02,8.752453140914440155e-03,-5.046487227082252502e-02,-3.354598954319953918e-02,-1.643390804529190063e-01,6.354524195194244385e-02,1.601470448076725006e-02,1.081265062093734741e-01,-1.385291367769241333e-01,-1.347358152270317078e-02,-6.544065475463867188e-02,-1.133983969688415527e+00,5.759153366088867188e-01,-5.882897973060607910e-01,1.302000284194946289e+00,-2.108739130198955536e-02,-1.164328008890151978e-01,2.988082468509674072e-01,-6.477559357881546021e-02,-3.347118794918060303e-01,5.989431142807006836e-01,1.107545852661132812e+00,-7.713823020458221436e-02,-5.299119651317596436e-02,-3.642781823873519897e-02
-3.084751078858971596e-03,-3.271260857582092285e-02,7.995920777320861816e-01,-2.092907950282096863e-02,3.174844756722450256e-02,6.837879419326782227e-01,7.286892533302307129e-01,-1.330171525478363037e-02,2.881802991032600403e-02,2.104578465223312378e-01,3.754222020506858826e-02,-5.834243074059486389e-02,3.908792510628700256e-03,-5.099237710237503052e-02,-3.347830474376678467e-02,-1.625529676675796509e-01,6.453239917755126953e-02,1.776197925209999084e-02,1.090197712182998657e-01,-1.479627043008804321e-01,-1.311156619340181351e-02,-6.277395784854888916e-02,-1.174906849861145020e+00,5.552509427070617676e-01,-6.095401048660278320e-01,1.334066629409790039e+00,-1.861891336739063263e-02,-1.171441748738288879e-01,2.937201559543609619e-01,-7.164275646209716797e-02,-3.338400125503540039e-01,6.074864864349365234e-01,1.111182212829589844e+00,-7.484114915132522583e-02,-5.296481028199195862e-02,-3.405592218041419983e-02
-3.053486812859773636e-03,-3.205509111285209656e-02,7.997135519981384277e-01,-2.127638645470142365e-02,3.186052665114402771e-02,6.822203993797302246e-01,7.301421165466308594e-01,-1.385422702878713608e-02,3.036563843488693237e-02,2.133869379758834839e-01,4.074423760175704956e-02,-5.811285227537155151e-02,1.487546251155436039e-03,-5.062460526823997498e-02,-3.215885907411575317e-02,-1.600758433341979980e-01,6.260246038436889648e-02,2.030808851122856140e-02,1.106859520077705383e-01,-1.559794992208480835e-01,-1.210431288927793503e-02,-6.082731112837791443e-02,-1.208562850952148438e+00,5.386853814125061035e-01,-6.283995509147644043e-01,1.358575582504272461e+00,-8.703965693712234497e-03,-1.194524317979812622e-01,2.926611304283142090e-01,-7.767289131879806519e-02,-3.320486247539520264e-01,6.095421314239501953e-01,1.114855289459228516e+00,-7.162752747535705566e-02,-5.836392194032669067e-02,-3.546839207410812378e-02
-3.380879294127225876e-03,-3.163693472743034363e-02,7.997060418128967285e-01,-2.154030464589595795e-02,3.191134333610534668e-02,6.808269619941711426e-01,7.314316630363464355e-01,-1.547310035675764084e-02,3.139170259237289429e-02,2.158213257789611816e-01,4.600964114069938660e-02,-6.129795685410499573e-02,1.240555313415825367e-03,-5.101616308093070984e-02,-3.164597600698471069e-02,-1.577363163232803345e-01,6.216496974229812622e-02,2.086278796195983887e-02,1.127993986010551453e-01,-1.620811223983764648e-01,-1.186098437756299973e-02,-5.982363224029541016e-02,-1.231762528419494629e+00,5.273682475090026855e-01,-6.503492593765258789e-01,1.372491598129272461e+00,2.040202030912041664e-03,-1.179622113704681396e-01,2.929065823554992676e-01,-8.248328417539596558e-02,-3.330419957637786865e-01,6.140275001525878906e-01,1.115161657333374023e+00,-7.128728926181793213e-02,-5.853529274463653564e-02,-3.653782606124877930e-02
-3.351066960021853447e-03,-2.988524734973907471e-02,7.996785044670104980e-01,-2.201275713741779327e-02,3.235092014074325562e-02,6.789900064468383789e-01,7.331039309501647949e-01,-1.541812531650066376e-02,3.250606730580329895e-02,2.186034172773361206e-01,5.026320368051528931e-02,-6.629060953855514526e-02,4.097401630133390427e-03,-5.191960185766220093e-02,-3.080718964338302612e-02,-1.528916507959365845e-01,6.430842727422714233e-02,1.990524493157863617e-02,1.151786521077156067e-01,-1.603804975748062134e-01,-1.275769248604774475e-02,-5.711944028735160828e-02,-1.249088048934936523e+00,5.114232897758483887e-01,-6.546892523765563965e-01,1.380962610244750977e+00,6.745994091033935547e-03,-1.193699464201927185e-01,3.000371456146240234e-01,-8.066803961992263794e-02,-3.310478925704956055e-01,6.136451959609985352e-01,1.115751624107360840e+00,-6.284990906715393066e-02,-6.229035183787345886e-02,-3.928830102086067200e-02
-3.234607633203268051e-03,-2.964437566697597504e-02,7.997449040412902832e-01,-2.168060652911663055e-02,3.227198123931884766e-02,6.778343319892883301e-01,7.341859936714172363e-01,-1.591013558208942413e-02,3.287446871399879456e-02,2.178527563810348511e-01,5.416288599371910095e-02,-6.650782376527786255e-02,6.223376374691724777e-03,-5.259029939770698547e-02,-3.073909878730773926e-02,-1.508911103010177612e-01,6.662706285715103149e-02,1.936150901019573212e-02,1.155680567026138306e-01,-1.640144139528274536e-01,-1.332273986190557480e-02,-5.804132670164108276e-02,-1.267869710922241211e+00,5.036239624023437500e-01,-6.687250137329101562e-01,1.387345790863037109e+00,2.081756666302680969e-02,-1.162617057561874390e-01,2.964447140693664551e-01,-8.090455830097198486e-02,-3.309734761714935303e-01,6.145131587982177734e-01,1.114514589309692383e+00,-6.327949464321136475e-02,-6.149721890687942505e-02,-3.780842944979667664e-02
-2.567864954471588135e-03,-2.992260083556175232e-02,7.998744845390319824e-01,-2.101835981011390686e-02,3.249958530068397522e-02,6.768538951873779297e-01,7.350991368293762207e-01,-1.618338748812675476e-02,3.290520980954170227e-02,2.171045243740081787e-01,5.593870952725410461e-02,-6.348089873790740967e-02,2.620472339913249016e-03,-5.323362722992897034e-02,-3.081358596682548523e-02,-1.483026444911956787e-01,6.728129833936691284e-02,1.985886693000793457e-02,1.159815937280654907e-01,-1.702836602926254272e-01,-1.192259602248668671e-02,-5.773837864398956299e-02,-1.277320146560668945e+00,4.994744956493377686e-01,-6.866168379783630371e-01,1.393544793128967285e+00,3.774070739746093750e-02,-1.137771010398864746e-01,2.885842919349670410e-01,-8.411863446235656738e-02,-3.305632770061492920e-01,6.163202524185180664e-01,1.109564304351806641e+00,-6.334159523248672485e-02,-6.083237007260322571e-02,-2.956772781908512115e-02
-1.486728317104279995e-03,-2.919085323810577393e-02,7.999329566955566406e-01,-2.038910053670406342e-02,3.322319313883781433e-02,6.751078367233276367e-01,7.366884946823120117e-01,-1.624222099781036377e-02,3.315028920769691467e-02,2.176710367202758789e-01,5.958978459239006042e-02,-6.271120160818099976e-02,9.948911610990762711e-04,-5.362165346741676331e-02,-3.061082400381565094e-02,-1.437555849552154541e-01,6.843563169240951538e-02,1.737441495060920715e-02,1.161715462803840637e-01,-1.760220825672149658e-01,-1.241469383239746094e-02,-5.771677941083908081e-02,-1.288240432739257812e+00,5.010265111923217773e-01,-6.994990110397338867e-01,1.398517251014709473e+00,5.009837448596954346e-02,-1.125452220439910889e-01,2.811059653759002686e-01,-8.583558350801467896e-02,-3.287387192249298096e-01,6.177670955657958984e-01,1.106058835983276367e+00,-6.555153429508209229e-02,-5.979299917817115784e-02,-2.277335524559020996e-02
-1.277445349842309952e-03,-2.838185988366603851e-02,8.000077605247497559e-01,-2.012836746871471405e-02,3.332287818193435669e-02,6.734399199485778809e-01,7.382161617279052734e-01,-1.525791268795728683e-02,3.374428302049636841e-02,2.203085422515869141e-01,6.213824450969696045e-02,-6.260593235492706299e-02,9.557891171425580978e-04,-5.332222208380699158e-02,-3.015418723225593567e-02,-1.400911211967468262e-01,6.918361037969589233e-02,1.714864373207092285e-02,1.174579113721847534e-01,-1.790884137153625488e-01,-1.431007497012615204e-02,-5.824362859129905701e-02,-1.292845010757446289e+00,4.978170692920684814e-01,-7.008147239685058594e-01,1.402627229690551758e+00,5.330323427915573120e-02,-1.118189096450805664e-01,2.818820178508758545e-01,-8.647850155830383301e-02,-3.269135653972625732e-01,6.180136799812316895e-01,1.104978799819946289e+00,-6.557058542966842651e-02,-6.033585965633392334e-02,-2.164239063858985901e-02
-5.475516663864254951e-04,-2.758857794106006622e-02,8.000417947769165039e-01,-1.999732106924057007e-02,3.374216333031654358e-02,6.723340153694152832e-01,7.392081022262573242e-01,-1.481449604034423828e-02,3.455156832933425903e-02,2.225192487239837646e-01,6.403926759958267212e-02,-6.309915333986282349e-02,4.096857737749814987e-04,-5.290382727980613708e-02,-2.934168092906475067e-02,-1.368453949689865112e-01,6.870467215776443481e-02,1.642358861863613129e-02,1.166413947939872742e-01,-1.815418899059295654e-01,-1.409140415489673615e-02,-5.788553506135940552e-02,-1.295508980751037598e+00,4.972979128360748291e-01,-7.065597772598266602e-01,1.404267549514770508e+00,6.192284822463989258e-02,-1.118932217359542847e-01,2.790598273277282715e-01,-8.678305894136428833e-02,-3.256888687610626221e-01,6.192832589149475098e-01,1.104055643081665039e+00,-6.884630024433135986e-02,-6.063090264797210693e-02,-2.085286751389503479e-02
-1.029141130857169628e-03,-2.690988592803478241e-02,8.001048564910888672e-01,-2.045413479208946228e-02,3.342341631650924683e-02,6.713042855262756348e-01,7.401452660560607910e-01,-1.403423398733139038e-02,3.595929592847824097e-02,2.273010313510894775e-01,6.546346843242645264e-02,-6.449044495820999146e-02,-5.372551386244595051e-04,-5.325603112578392029e-02,-2.845167368650436401e-02,-1.350448727607727051e-01,6.994960457086563110e-02,1.780961640179157257e-02,1.195852458477020264e-01,-1.839817762374877930e-01,-1.455719303339719772e-02,-5.868862196803092957e-02,-1.295195698738098145e+00,4.955288767814636230e-01,-7.080379128456115723e-01,1.405649423599243164e+00,6.304122507572174072e-02,-1.098250895738601685e-01,2.800587415695190430e-01,-8.652537316083908081e-02,-3.265632092952728271e-01,6.195747852325439453e-01,1.102497100830078125e+00,-7.034857571125030518e-02,-6.024051085114479065e-02,-2.158570848405361176e-02
-4.722115991171449423e-04,-2.642572298645973206e-02,8.001331090927124023e-01,-2.010800689458847046e-02,3.337351977825164795e-02,6.702449321746826172e-01,7.411164641380310059e-01,-1.318187545984983444e-02,3.682425618171691895e-02,2.288115620613098145e-01,6.772295385599136353e-02,-6.542460620403289795e-02,1.415347098372876644e-03,-5.245193466544151306e-02,-2.757040783762931824e-02,-1.320859491825103760e-01,7.009752839803695679e-02,1.697614789009094238e-02,1.185261085629463196e-01,-1.853956580162048340e-01,-1.490649580955505371e-02,-5.899773910641670227e-02,-1.291601061820983887e+00,4.946673512458801270e-01,-7.094351649284362793e-01,1.406329631805419922e+00,6.750620901584625244e-02,-1.099203452467918396e-01,2.820202112197875977e-01,-8.551075309514999390e-02,-3.257088363170623779e-01,6.188182234764099121e-01,1.100609779357910156e+00,-7.107205688953399658e-02,-6.130146235227584839e-02,-2.389518544077873230e-02
-1.317041314905509353e-04,-2.594984881579875946e-02,8.001953959465026855e-01,-1.977240294218063354e-02,3.360133618116378784e-02,6.693300008773803711e-01,7.419416308403015137e-01,-1.315715909004211426e-02,3.682159259915351868e-02,2.288497388362884521e-01,7.027135044336318970e-02,-6.527572125196456909e-02,1.843089587055146694e-03,-5.230597406625747681e-02,-2.771938964724540710e-02,-1.307215541601181030e-01,7.080785185098648071e-02,1.615743152797222137e-02,1.186875402927398682e-01,-1.853362023830413818e-01,-1.525445096194744110e-02,-5.906269326806068420e-02,-1.291244506835937500e+00,4.942940771579742432e-01,-7.107815742492675781e-01,1.407011985778808594e+00,7.118055224418640137e-02,-1.095021963119506836e-01,2.807009220123291016e-01,-8.399109542369842529e-02,-3.251177668571472168e-01,6.186691522598266602e-01,1.099566936492919922e+00,-7.169871032238006592e-02,-6.153597682714462280e-02,-2.217003330588340759e-02
-1.212502465932630002e-04,-2.564506791532039642e-02,8.002453446388244629e-01,-1.943518780171871185e-02,3.360418602824211121e-02,6.683925986289978027e-01,7.427949905395507812e-01,-1.267535518854856491e-02,3.672037646174430847e-02,2.296396791934967041e-01,7.214462757110595703e-02,-6.512884050607681274e-02,1.727962284348905087e-03,-5.215732380747795105e-02,-2.791691385209560394e-02,-1.288447380065917969e-01,7.166045904159545898e-02,1.540630124509334564e-02,1.190218105912208557e-01,-1.866795718669891357e-01,-1.646317355334758759e-02,-5.924425274133682251e-02,-1.291356325149536133e+00,4.943269789218902588e-01,-7.103175520896911621e-01,1.408400654792785645e+00,7.375530898571014404e-02,-1.088881939649581909e-01,2.801769375801086426e-01,-8.381943404674530029e-02,-3.243660926818847656e-01,6.182690262794494629e-01,1.098910212516784668e+00,-7.265836000442504883e-02,-6.155548617243766785e-02,-2.014779299497604370e-02
5.550833157030865550e-05,-2.527532167732715607e-02,8.003002405166625977e-01,-1.902235671877861023e-02,3.383776918053627014e-02,6.670368313789367676e-01,7.440127730369567871e-01,-1.203202456235885620e-02,3.650055453181266785e-02,2.311309576034545898e-01,7.368036359548568726e-02,-6.411468982696533203e-02,1.320937532000243664e-03,-5.229483917355537415e-02,-2.828810550272464752e-02,-1.272214949131011963e-01,7.248153537511825562e-02,1.458028983324766159e-02,1.199763268232345581e-01,-1.869589090347290039e-01,-1.747977547347545624e-02,-5.898837000131607056e-02,-1.291630744934082031e+00,4.969336986541748047e-01,-7.118136882781982422e-01,1.407810568809509277e+00,7.693560421466827393e-02,-1.080126315355300903e-01,2.790209054946899414e-01,-8.340602368116378784e-02,-3.245328962802886963e-01,6.190356612205505371e-01,1.096292257308959961e+00,-7.430958747863769531e-02,-6.148514151573181152e-02,-1.830461435019969940e-02
-3.027262282557785511e-04,-2.499463036656379700e-02,8.003593683242797852e-01,-1.879016123712062836e-02,3.362298384308815002e-02,6.661518812179565430e-01,7.448208332061767578e-01,-1.136074308305978775e-02,3.641447052359580994e-02,2.326621860265731812e-01,7.540702819824218750e-02,-6.414673477411270142e-02,1.392611884512007236e-03,-5.214664340019226074e-02,-2.844231203198432922e-02,-1.245845705270767212e-01,7.343325763940811157e-02,1.465972047299146652e-02,1.204619109630584717e-01,-1.880264729261398315e-01,-1.905711740255355835e-02,-5.877539515495300293e-02,-1.291555285453796387e+00,4.968571066856384277e-01,-7.087309360504150391e-01,1.408158063888549805e+00,7.603161036968231201e-02,-1.080263927578926086e-01,2.795796394348144531e-01,-8.350142836570739746e-02,-3.243104219436645508e-01,6.193742752075195312e-01,1.095652103424072266e+00,-7.473447918891906738e-02,-6.209992244839668274e-02,-1.658768393099308014e-02
-3.576580784283578396e-04,-2.510287053883075714e-02,8.004110455513000488e-01,-1.842299290001392365e-02,3.338378295302391052e-02,6.655223965644836426e-01,7.454032897949218750e-01,-1.074693538248538971e-02,3.644295409321784973e-02,2.333528399467468262e-01,7.629397511482238770e-02,-6.325717270374298096e-02,6.656743353232741356e-04,-5.189934000372886658e-02,-2.851000986993312836e-02,-1.235024258494377136e-01,7.395569235086441040e-02,1.478915940970182419e-02,1.205039620399475098e-01,-1.892895549535751343e-01,-1.988981477916240692e-02,-5.808972939848899841e-02,-1.292500853538513184e+00,4.979464709758758545e-01,-7.078882455825805664e-01,1.408671736717224121e+00,7.507477700710296631e-02,-1.072584837675094604e-01,2.783023118972778320e-01,-8.413734287023544312e-02,-3.242417573928833008e-01,6.201350092887878418e-01,1.094268321990966797e+00,-7.482340186834335327e-02,-6.158060953021049500e-02,-1.390312239527702332e-02
-3.530127287376672029e-04,-2.506685815751552582e-02,8.004643917083740234e-01,-1.791832782328128815e-02,3.330394253134727478e-02,6.648632287979125977e-01,7.460071444511413574e-01,-1.015735324472188950e-02,3.603226691484451294e-02,2.336795181035995483e-01,7.758333534002304077e-02,-6.233205273747444153e-02,1.696172839729115367e-04,-5.117600411176681519e-02,-2.892329171299934387e-02,-1.222293078899383545e-01,7.385022938251495361e-02,1.449430640786886215e-02,1.204820200800895691e-01,-1.899251639842987061e-01,-2.128836698830127716e-02,-5.740286782383918762e-02,-1.293867588043212891e+00,4.992956221103668213e-01,-7.067935466766357422e-01,1.409310221672058105e+00,7.336839288473129272e-02,-1.072956845164299011e-01,2.760569453239440918e-01,-8.425522595643997192e-02,-3.236838281154632568e-01,6.204317808151245117e-01,1.093174695968627930e+00,-7.382608205080032349e-02,-6.139228865504264832e-02,-1.069507747888565063e-02
-4.538828507065773010e-04,-2.501845359802246094e-02,8.005028367042541504e-01,-1.770336367189884186e-02,3.315426036715507507e-02,6.643756628036499023e-01,7.464531660079956055e-01,-8.870389312505722046e-03,3.586259856820106506e-02,2.346161007881164551e-01,7.667047530412673950e-02,-6.127956882119178772e-02,-1.051514409482479095e-03,-5.055700987577438354e-02,-2.894571796059608459e-02,-1.214686483144760132e-01,7.350840419530868530e-02,1.460759527981281281e-02,1.202331781387329102e-01,-1.911246776580810547e-01,-2.223333902657032013e-02,-5.681798607110977173e-02,-1.295277476310729980e+00,4.992044866085052490e-01,-7.022936344146728516e-01,1.412367463111877441e+00,6.585073471069335938e-02,-1.079380214214324951e-01,2.739417850971221924e-01,-8.424588292837142944e-02,-3.230815529823303223e-01,6.196811199188232422e-01,1.092194914817810059e+00,-7.139385491609573364e-02,-6.144995242357254028e-02,-7.565787527710199356e-03
-1.070757862180471420e-03,-2.494260109961032867e-02,8.005349636077880859e-01,-1.767183840274810791e-02,3.289144858717918396e-02,6.641718745231628418e-01,7.466468811035156250e-01,-8.688908070325851440e-03,3.555075824260711670e-02,2.356130778789520264e-01,7.764890789985656738e-02,-6.168164685368537903e-02,-1.127118943259119987e-03,-4.984515905380249023e-02,-2.943427674472332001e-02,-1.214499771595001221e-01,7.287849485874176025e-02,1.532760355621576309e-02,1.209386140108108521e-01,-1.915990859270095825e-01,-2.331735379993915558e-02,-5.597379431128501892e-02,-1.296219944953918457e+00,4.988982975482940674e-01,-6.997512578964233398e-01,1.412068009376525879e+00,6.189286336302757263e-02,-1.077587455511093140e-01,2.723089158535003662e-01,-8.421824127435684204e-02,-3.238581120967864990e-01,6.199550628662109375e-01,1.091945648193359375e+00,-7.064124196767807007e-02,-6.050150468945503235e-02,-4.984791856259107590e-03
-1.002793316729366779e-03,-2.473303675651550293e-02,8.005740046501159668e-01,-1.758081652224063873e-02,3.292132541537284851e-02,6.636742353439331055e-01,7.470901012420654297e-01,-8.101326413452625275e-03,3.556113690137863159e-02,2.360546439886093140e-01,7.770904898643493652e-02,-6.133584678173065186e-02,-1.109613804146647453e-03,-4.918410629034042358e-02,-2.919295430183410645e-02,-1.200137585401535034e-01,7.181276381015777588e-02,1.572804339230060577e-02,1.206704750657081604e-01,-1.916306465864181519e-01,-2.355360053479671478e-02,-5.497347190976142883e-02,-1.296966910362243652e+00,4.994578361511230469e-01,-6.962209343910217285e-01,1.414166569709777832e+00,5.756003782153129578e-02,-1.071912199258804321e-01,2.701100111007690430e-01,-8.383145928382873535e-02,-3.233840465545654297e-01,6.199020147323608398e-01,1.091867089271545410e+00,-6.862935423851013184e-02,-5.984959006309509277e-02,-1.476443838328123093e-03
-6.982851773500442505e-04,-2.488778717815876007e-02,8.006099462509155273e-01,-1.736302860081195831e-02,3.299255669116973877e-02,6.636061072349548340e-01,7.471525669097900391e-01,-8.158000186085700989e-03,3.553769364953041077e-02,2.356563210487365723e-01,7.784017175436019897e-02,-6.053510680794715881e-02,-1.087904907763004303e-03,-4.870221391320228577e-02,-2.901093102991580963e-02,-1.191505417227745056e-01,7.074770331382751465e-02,1.600322127342224121e-02,1.197667121887207031e-01,-1.919159740209579468e-01,-2.341974340379238129e-02,-5.407382547855377197e-02,-1.297211766242980957e+00,4.997675418853759766e-01,-6.931966543197631836e-01,1.416409015655517578e+00,5.145223066210746765e-02,-1.068665236234664917e-01,2.681577801704406738e-01,-8.373290300369262695e-02,-3.226366043090820312e-01,6.197704076766967773e-01,1.091609001159667969e+00,-6.706470996141433716e-02,-5.896210670471191406e-02,1.177882892079651356e-03
-5.267001688480377197e-04,-2.469633705914020538e-02,8.006400465965270996e-01,-1.740721054375171661e-02,3.308757767081260681e-02,6.633489131927490234e-01,7.473756670951843262e-01,-8.060171268880367279e-03,3.580877184867858887e-02,2.360275387763977051e-01,7.807405292987823486e-02,-6.048248335719108582e-02,-1.329095568507909775e-03,-4.853485524654388428e-02,-2.857420407235622406e-02,-1.176877692341804504e-01,7.021133601665496826e-02,1.626774296164512634e-02,1.195345222949981689e-01,-1.918187886476516724e-01,-2.309735678136348724e-02,-5.288895592093467712e-02,-1.298349380493164062e+00,5.001188516616821289e-01,-6.913837194442749023e-01,1.419240117073059082e+00,4.692631587386131287e-02,-1.060768663883209229e-01,2.673019766807556152e-01,-8.393482118844985962e-02,-3.221104145050048828e-01,6.206930279731750488e-01,1.093258976936340332e+00,-6.681711226701736450e-02,-5.794161558151245117e-02,2.866572234779596329e-03
-8.390430011786520481e-04,-2.486656233668327332e-02,8.006721735000610352e-01,-1.736039854586124420e-02,3.292049095034599304e-02,6.631904244422912598e-01,7.475247979164123535e-01,-8.471493609249591827e-03,3.572111949324607849e-02,2.359630167484283447e-01,7.916646450757980347e-02,-6.050749123096466064e-02,-1.666959375143051147e-03,-4.842559248208999634e-02,-2.875576727092266083e-02,-1.175489202141761780e-01,6.996853649616241455e-02,1.680360175669193268e-02,1.201603561639785767e-01,-1.918773204088211060e-01,-2.350605092942714691e-02,-5.191895365715026855e-02,-1.300797343254089355e+00,4.991635084152221680e-01,-6.892498135566711426e-01,1.423133015632629395e+00,4.111352935433387756e-02,-1.055090799927711487e-01,2.647429406642913818e-01,-8.475804328918457031e-02,-3.220086991786956787e-01,6.215010285377502441e-01,1.094662666320800781e+00,-6.671240180730819702e-02,-5.741650238633155823e-02,6.180403288453817368e-03
-1.146524911746382713e-03,-2.502104453742504120e-02,8.007094264030456543e-01,-1.725780963897705078e-02,3.279237449169158936e-02,6.628527641296386719e-01,7.478322386741638184e-01,-8.839753456413745880e-03,3.558934107422828674e-02,2.364231050014495850e-01,8.041317015886306763e-02,-6.042688712477684021e-02,-1.387153170071542263e-03,-4.851513355970382690e-02,-2.899514324963092804e-02,-1.168072894215583801e-01,6.999097764492034912e-02,1.729677990078926086e-02,1.206071302294731140e-01,-1.916446089744567871e-01,-2.382570505142211914e-02,-5.055747553706169128e-02,-1.303413629531860352e+00,4.999766647815704346e-01,-6.886793375015258789e-01,1.425675153732299805e+00,3.660564497113227844e-02,-1.052181720733642578e-01,2.613843381404876709e-01,-8.577661961317062378e-02,-3.224107027053833008e-01,6.224398612976074219e-01,1.095294833183288574e+00,-6.686498224735260010e-02,-5.648343265056610107e-02,8.697574958205223083e-03
-1.245055813342332840e-03,-2.502689324319362640e-02,8.007653951644897461e-01,-1.741292141377925873e-02,3.282250463962554932e-02,6.629679203033447266e-01,7.477252483367919922e-01,-9.373986162245273590e-03,3.563698381185531616e-02,2.361320853233337402e-01,8.060187846422195435e-02,-6.005979701876640320e-02,-4.275938263162970543e-04,-4.911587387323379517e-02,-2.897113747894763947e-02,-1.165876910090446472e-01,7.055158913135528564e-02,1.803896948695182800e-02,1.206007674336433411e-01,-1.906775832176208496e-01,-2.360137552022933960e-02,-4.940427467226982117e-02,-1.306729555130004883e+00,5.003121495246887207e-01,-6.887325048446655273e-01,1.428194642066955566e+00,3.502934798598289490e-02,-1.045140624046325684e-01,2.587136328220367432e-01,-8.530815690755844116e-02,-3.225315809249877930e-01,6.229059100151062012e-01,1.095954656600952148e+00,-6.644866615533828735e-02,-5.560930818319320679e-02,1.008497737348079681e-02
-1.282052253372967243e-03,-2.569429390132427216e-02,8.007580041885375977e-01,-1.705536991357803345e-02,3.244057670235633850e-02,6.631990075111389160e-01,7.475451827049255371e-01,-9.598662145435810089e-03,3.564438223838806152e-02,2.355021536350250244e-01,8.127323538064956665e-02,-6.010079756379127502e-02,-5.837073549628257751e-04,-4.856701940298080444e-02,-2.882403880357742310e-02,-1.154947429895401001e-01,6.996798515319824219e-02,1.804487966001033783e-02,1.191991791129112244e-01,-1.916470974683761597e-01,-2.324427664279937744e-02,-4.801598191261291504e-02,-1.308734416961669922e+00,5.016456246376037598e-01,-6.884672045707702637e-01,1.431120991706848145e+00,3.324513509869575500e-02,-1.052277609705924988e-01,2.557656466960906982e-01,-8.779752999544143677e-02,-3.214957714080810547e-01,6.237833499908447266e-01,1.098294615745544434e+00,-6.622057408094406128e-02,-5.520262196660041809e-02,1.212984789162874222e-02
-1.629285747185349464e-03,-2.619927562773227692e-02,8.007538318634033203e-01,-1.686610467731952667e-02,3.211741521954536438e-02,6.630564332008361816e-01,7.476899027824401855e-01,-9.479476138949394226e-03,3.541129454970359802e-02,2.355011403560638428e-01,8.119155466556549072e-02,-6.033950671553611755e-02,4.572948382701724768e-04,-4.857971891760826111e-02,-2.886481955647468567e-02,-1.140493676066398621e-01,6.983637064695358276e-02,1.831537485122680664e-02,1.190202534198760986e-01,-1.919688880443572998e-01,-2.345402911305427551e-02,-4.676619544625282288e-02,-1.310766100883483887e+00,5.036021471023559570e-01,-6.889178752899169922e-01,1.432901859283447266e+00,3.319362550973892212e-02,-1.062295138835906982e-01,2.539721131324768066e-01,-8.990426361560821533e-02,-3.212301135063171387e-01,6.241193413734436035e-01,1.099784255027770996e+00,-6.568758189678192139e-02,-5.561289191246032715e-02,1.317253801971673965e-02
-1.948238350450992584e-03,-2.618493326008319855e-02,8.007847070693969727e-01,-1.705563068389892578e-02,3.207440301775932312e-02,6.628888845443725586e-01,7.478359937667846680e-01,-9.626077488064765930e-03,3.540738299489021301e-02,2.360556572675704956e-01,8.113548904657363892e-02,-6.050951778888702393e-02,1.134000835008919239e-03,-4.904051125049591064e-02,-2.874159812927246094e-02,-1.126568987965583801e-01,6.994739919900894165e-02,1.910394243896007538e-02,1.194435358047485352e-01,-1.920858919620513916e-01,-2.354316413402557373e-02,-4.607667773962020874e-02,-1.313436508178710938e+00,5.049447417259216309e-01,-6.878363490104675293e-01,1.436389803886413574e+00,3.251358494162559509e-02,-1.063353940844535828e-01,2.537448704242706299e-01,-9.043718129396438599e-02,-3.208301663398742676e-01,6.235873103141784668e-01,1.101928830146789551e+00,-6.471091508865356445e-02,-5.547815933823585510e-02,1.339403446763753891e-02
-2.085051732137799263e-03,-2.630942687392234802e-02,8.007988333702087402e-01,-1.723283343017101288e-02,3.207613527774810791e-02,6.628717780113220215e-01,7.478470206260681152e-01,-9.978325106203556061e-03,3.550095111131668091e-02,2.360340058803558350e-01,8.080428093671798706e-02,-6.050327420234680176e-02,1.704454305581748486e-03,-4.951687529683113098e-02,-2.839414589107036591e-02,-1.109841689467430115e-01,6.969578564167022705e-02,1.971078477799892426e-02,1.186369359493255615e-01,-1.922461688518524170e-01,-2.321811765432357788e-02,-4.533436521887779236e-02,-1.315504789352416992e+00,5.063982605934143066e-01,-6.870130896568298340e-01,1.439883470535278320e+00,3.313263505697250366e-02,-1.071073263883590698e-01,2.519788444042205811e-01,-9.114022552967071533e-02,-3.201085627079010010e-01,6.227743625640869141e-01,1.104099750518798828e+00,-6.359507143497467041e-02,-5.616814643144607544e-02,1.385454274713993073e-02
-2.561117289587855339e-03,-2.610882371664047241e-02,8.008243441581726074e-01,-1.767105795443058014e-02,3.205972164869308472e-02,6.628435254096984863e-01,7.478625178337097168e-01,-9.887620806694030762e-03,3.555699437856674194e-02,2.371300011873245239e-01,7.983899861574172974e-02,-6.075283512473106384e-02,1.723238383419811726e-03,-5.006031319499015808e-02,-2.828473038971424103e-02,-1.104222536087036133e-01,6.979486346244812012e-02,2.058380097150802612e-02,1.195538192987442017e-01,-1.922823041677474976e-01,-2.317099086940288544e-02,-4.491653293371200562e-02,-1.316608905792236328e+00,5.072610378265380859e-01,-6.865482330322265625e-01,1.441811800003051758e+00,3.172456845641136169e-02,-1.075943857431411743e-01,2.508015930652618408e-01,-9.126604348421096802e-02,-3.204823434352874756e-01,6.226739883422851562e-01,1.106065273284912109e+00,-6.342486292123794556e-02,-5.606598407030105591e-02,1.447185967117547989e-02
-2.850639401003718376e-03,-2.626098133623600006e-02,8.008622527122497559e-01,-1.788739301264286041e-02,3.184346109628677368e-02,6.630355119705200195e-01,7.476963996887207031e-01,-9.565689601004123688e-03,3.567041084170341492e-02,2.370979487895965576e-01,7.841785252094268799e-02,-6.024069339036941528e-02,1.508107990957796574e-03,-5.057058855891227722e-02,-2.808764576911926270e-02,-1.106012389063835144e-01,7.043903321027755737e-02,2.156899124383926392e-02,1.201977282762527466e-01,-1.922481656074523926e-01,-2.315209992229938507e-02,-4.450108110904693604e-02,-1.316072344779968262e+00,5.079734921455383301e-01,-6.854457259178161621e-01,1.443583011627197266e+00,2.737100422382354736e-02,-1.082982644438743591e-01,2.490459680557250977e-01,-9.117311984300613403e-02,-3.204200863838195801e-01,6.208080649375915527e-01,1.107163906097412109e+00,-6.212055683135986328e-02,-5.625458061695098877e-02,1.442752778530120850e-02
-2.565503586083650589e-03,-2.648996189236640930e-02,8.008736968040466309e-01,-1.778932847082614899e-02,3.185132145881652832e-02,6.632571816444396973e-01,7.475017905235290527e-01,-9.651881642639636993e-03,3.577942773699760437e-02,2.363294959068298340e-01,7.799439132213592529e-02,-5.982542410492897034e-02,1.162805943749845028e-03,-5.045294389128684998e-02,-2.776752784848213196e-02,-1.100011095404624939e-01,6.995546817779541016e-02,2.165442891418933868e-02,1.190547719597816467e-01,-1.927595436573028564e-01,-2.255419269204139709e-02,-4.379501938819885254e-02,-1.313413619995117188e+00,5.101571679115295410e-01,-6.850714087486267090e-01,1.445731401443481445e+00,2.673700079321861267e-02,-1.087673828005790710e-01,2.468495517969131470e-01,-9.140595793724060059e-02,-3.196153938770294189e-01,6.190490722656250000e-01,1.107517719268798828e+00,-6.022796034812927246e-02,-5.643504485487937927e-02,1.562026981264352798e-02
-1.917121233418583870e-03,-2.647752687335014343e-02,8.008779883384704590e-01,-1.751397736370563507e-02,3.210593014955520630e-02,6.635282039642333984e-01,7.472568750381469727e-01,-9.827686473727226257e-03,3.562851250171661377e-02,2.346434146165847778e-01,7.814408093690872192e-02,-5.940901488065719604e-02,1.898576738312840462e-03,-5.039867758750915527e-02,-2.787822671234607697e-02,-1.108813434839248657e-01,7.044920325279235840e-02,2.013454400002956390e-02,1.168490126729011536e-01,-1.921615749597549438e-01,-2.237828448414802551e-02,-4.316294938325881958e-02,-1.309705615043640137e+00,5.124375820159912109e-01,-6.878903508186340332e-01,1.446378827095031738e+00,2.859517186880111694e-02,-1.090400591492652893e-01,2.411830127239227295e-01,-9.054781496524810791e-02,-3.183828890323638916e-01,6.192677617073059082e-01,1.108165860176086426e+00,-5.929736047983169556e-02,-5.574427172541618347e-02,1.769177243113517761e-02
-2.420640317723155022e-03,-2.726797387003898621e-02,8.008895516395568848e-01,-1.716780290007591248e-02,3.156546503305435181e-02,6.636489629745483398e-01,7.471807003021240234e-01,-9.145983494818210602e-03,3.507384657859802246e-02,2.343274503946304321e-01,7.688210904598236084e-02,-5.857985839247703552e-02,2.011521020904183388e-03,-5.029091984033584595e-02,-2.836924977600574493e-02,-1.114251241087913513e-01,7.072544842958450317e-02,2.075623162090778351e-02,1.164247691631317139e-01,-1.927722096443176270e-01,-2.360018901526927948e-02,-4.321056976914405823e-02,-1.303235650062561035e+00,5.125086903572082520e-01,-6.852000951766967773e-01,1.446421384811401367e+00,2.720717899501323700e-02,-1.097881197929382324e-01,2.381019741296768188e-01,-9.186779707670211792e-02,-3.176898062229156494e-01,6.174377799034118652e-01,1.108460664749145508e+00,-5.871383473277091980e-02,-5.535099282860755920e-02,1.919547468423843384e-02
-2.838543849065899849e-03,-2.780057303607463837e-02,8.009021878242492676e-01,-1.678228192031383514e-02,3.096323460340499878e-02,6.636654734611511230e-01,7.471999526023864746e-01,-8.054769597947597504e-03,3.469308093190193176e-02,2.341850847005844116e-01,7.609631866216659546e-02,-5.811076611280441284e-02,2.634234027937054634e-03,-4.974543303251266479e-02,-2.875508740544319153e-02,-1.123062446713447571e-01,7.132140547037124634e-02,2.084991522133350372e-02,1.165176630020141602e-01,-1.923891901969909668e-01,-2.523807808756828308e-02,-4.313837736845016479e-02,-1.293454527854919434e+00,5.124859809875488281e-01,-6.805022954940795898e-01,1.444876194000244141e+00,2.412660233676433563e-02,-1.111106052994728088e-01,2.365095466375350952e-01,-9.187205135822296143e-02,-3.179690241813659668e-01,6.165694594383239746e-01,1.107262611389160156e+00,-5.999206379055976868e-02,-5.552294850349426270e-02,2.086002938449382782e-02
-2.976318821310997009e-03,-2.847345173358917236e-02,8.008714318275451660e-01,-1.614068821072578430e-02,3.054756671190261841e-02,6.636690497398376465e-01,7.472280263900756836e-01,-7.103643845766782761e-03,3.403180092573165894e-02,2.340370565652847290e-01,7.551376521587371826e-02,-5.777183547616004944e-02,2.698080614209175110e-03,-4.867692291736602783e-02,-2.933305315673351288e-02,-1.128645539283752441e-01,7.067083567380905151e-02,2.026920951902866364e-02,1.159130483865737915e-01,-1.927379071712493896e-01,-2.625984698534011841e-02,-4.288592189550399780e-02,-1.279492855072021484e+00,5.137732625007629395e-01,-6.738188862800598145e-01,1.442999243736267090e+00,2.293257415294647217e-02,-1.121602058410644531e-01,2.352214753627777100e-01,-9.257585555315017700e-02,-3.178929388523101807e-01,6.157174110412597656e-01,1.105610370635986328e+00,-6.391360610723495483e-02,-5.543015152215957642e-02,2.264386415481567383e-02
-3.156759077683091164e-03,-2.939541637897491455e-02,8.008899092674255371e-01,-1.550352107733488083e-02,2.981396950781345367e-02,6.641334891319274902e-01,7.468584179878234863e-01,-5.893574561923742294e-03,3.357096388936042786e-02,2.330123186111450195e-01,7.414431124925613403e-02,-5.666666477918624878e-02,3.393894527107477188e-03,-4.718878865242004395e-02,-2.948538772761821747e-02,-1.130311191082000732e-01,6.964854896068572998e-02,2.107440121471881866e-02,1.144217178225517273e-01,-1.933272927999496460e-01,-2.741618826985359192e-02,-4.312958940863609314e-02,-1.259580850601196289e+00,5.126402974128723145e-01,-6.653251051902770996e-01,1.440219640731811523e+00,2.153079956769943237e-02,-1.136937513947486877e-01,2.371816039085388184e-01,-9.213439375162124634e-02,-3.181711137294769287e-01,6.127995252609252930e-01,1.101735234260559082e+00,-6.598724424839019775e-02,-5.746262520551681519e-02,2.121034264564514160e-02
-3.014548914507031441e-03,-2.978646010160446167e-02,8.008648753166198730e-01,-1.508597563952207565e-02,2.968158386647701263e-02,6.640768647193908691e-01,7.469225525856018066e-01,-4.676447249948978424e-03,3.303829580545425415e-02,2.324440181255340576e-01,7.226382941007614136e-02,-5.613776296377182007e-02,3.494304837659001350e-03,-4.634109139442443848e-02,-2.966147847473621368e-02,-1.133982837200164795e-01,6.870710849761962891e-02,2.029228210449218750e-02,1.131583824753761292e-01,-1.935101151466369629e-01,-2.803003974258899689e-02,-4.326357692480087280e-02,-1.243030428886413574e+00,5.120524168014526367e-01,-6.560809016227722168e-01,1.437624931335449219e+00,2.123273536562919617e-02,-1.147538647055625916e-01,2.366429865360260010e-01,-9.144466370344161987e-02,-3.175809085369110107e-01,6.126245260238647461e-01,1.100363850593566895e+00,-6.905706226825714111e-02,-5.806257948279380798e-02,2.165616303682327271e-02
-2.701535122469067574e-03,-2.978354319930076599e-02,8.008399605751037598e-01,-1.484210602939128876e-02,2.989261969923973083e-02,6.639388799667358398e-01,7.470417022705078125e-01,-3.680852940306067467e-03,3.258057311177253723e-02,2.327437102794647217e-01,7.046021521091461182e-02,-5.543620511889457703e-02,2.973386319354176521e-03,-4.544659331440925598e-02,-2.990133315324783325e-02,-1.142238229513168335e-01,6.709468364715576172e-02,1.969396695494651794e-02,1.133223101496696472e-01,-1.935051232576370239e-01,-2.865149080753326416e-02,-4.347517713904380798e-02,-1.227387428283691406e+00,5.110243558883666992e-01,-6.486530900001525879e-01,1.433208465576171875e+00,2.518619038164615631e-02,-1.150126606225967407e-01,2.369778603315353394e-01,-9.017697721719741821e-02,-3.168215155601501465e-01,6.120827198028564453e-01,1.098973274230957031e+00,-7.059954851865768433e-02,-5.832304432988166809e-02,2.093317545950412750e-02
-2.605281770229339600e-03,-2.980634197592735291e-02,8.008407950401306152e-01,-1.472644042223691940e-02,3.015404008328914642e-02,6.638725399971008301e-01,7.470924258232116699e-01,-2.961114281788468361e-03,3.183328732848167419e-02,2.324431240558624268e-01,6.835737079381942749e-02,-5.427262187004089355e-02,2.146673621609807014e-03,-4.530827328562736511e-02,-3.046800568699836731e-02,-1.159564703702926636e-01,6.656108796596527100e-02,1.884019002318382263e-02,1.134204417467117310e-01,-1.923054456710815430e-01,-2.932538650929927826e-02,-4.469295963644981384e-02,-1.213706731796264648e+00,5.093426704406738281e-01,-6.412176489830017090e-01,1.430226325988769531e+00,2.534970641136169434e-02,-1.160895302891731262e-01,2.358169555664062500e-01,-8.786048740148544312e-02,-3.162046372890472412e-01,6.104356646537780762e-01,1.098467826843261719e+00,-7.260429859161376953e-02,-5.918166786432266235e-02,2.060840465128421783e-02
-2.658967161551117897e-03,-3.000069223344326019e-02,8.008424043655395508e-01,-1.455883029848337173e-02,3.025817312300205231e-02,6.640655398368835449e-01,7.469199299812316895e-01,-2.350971568375825882e-03,3.099401108920574188e-02,2.319167256355285645e-01,6.634388864040374756e-02,-5.296494811773300171e-02,1.458322978578507900e-03,-4.521769657731056213e-02,-3.122324123978614807e-02,-1.180907338857650757e-01,6.645669043064117432e-02,1.799898967146873474e-02,1.125126257538795471e-01,-1.910232454538345337e-01,-2.972788922488689423e-02,-4.600399360060691833e-02,-1.199327707290649414e+00,5.080752968788146973e-01,-6.352920532226562500e-01,1.425262570381164551e+00,2.940780483186244965e-02,-1.161784902215003967e-01,2.335732579231262207e-01,-8.560166507959365845e-02,-3.161002397537231445e-01,6.089875698089599609e-01,1.097511172294616699e+00,-7.455433160066604614e-02,-5.953731015324592590e-02,2.091614715754985809e-02
-2.264391165226697922e-03,-3.023029305040836334e-02,8.008267879486083984e-01,-1.395417191088199615e-02,3.049619309604167938e-02,6.637746691703796387e-01,7.471803426742553711e-01,-1.165076391771435738e-03,2.997595816850662231e-02,2.315447628498077393e-01,6.453932076692581177e-02,-5.141532048583030701e-02,1.136250328272581100e-03,-4.493075981736183167e-02,-3.199180215597152710e-02,-1.188250631093978882e-01,6.642699241638183594e-02,1.615803316235542297e-02,1.112510859966278076e-01,-1.896355301141738892e-01,-3.058520890772342682e-02,-4.715670272707939148e-02,-1.180855751037597656e+00,5.093978047370910645e-01,-6.299980878829956055e-01,1.416398406028747559e+00,3.559440746903419495e-02,-1.169759929180145264e-01,2.320532500743865967e-01,-8.386095613241195679e-02,-3.147960901260375977e-01,6.068482995033264160e-01,1.096554160118103027e+00,-7.614879310131072998e-02,-5.978024750947952271e-02,2.070467360317707062e-02
-2.606468740850687027e-03,-3.083374164998531342e-02,8.008270859718322754e-01,-1.350923907011747360e-02,3.007776103913784027e-02,6.638194322586059570e-01,7.471657395362854004e-01,1.083761380868963897e-04,2.918142825365066528e-02,2.314758002758026123e-01,6.276557594537734985e-02,-5.076678842306137085e-02,2.018295461311936378e-03,-4.475860297679901123e-02,-3.261927515268325806e-02,-1.196092292666435242e-01,6.725773215293884277e-02,1.545596681535243988e-02,1.097051501274108887e-01,-1.873104870319366455e-01,-3.177176043391227722e-02,-4.830423742532730103e-02,-1.156339764595031738e+00,5.100035667419433594e-01,-6.199989318847656250e-01,1.405233979225158691e+00,3.677864000201225281e-02,-1.183171048760414124e-01,2.307384908199310303e-01,-8.214023709297180176e-02,-3.145126104354858398e-01,6.037423610687255859e-01,1.095842957496643066e+00,-7.789306342601776123e-02,-6.044887378811836243e-02,1.799739338457584381e-02
-3.120105713605880737e-03,-3.093948401510715485e-02,8.008401393890380859e-01,-1.317456085234880447e-02,2.976067550480365753e-02,6.636970043182373047e-01,7.472931146621704102e-01,1.971093937754631042e-03,2.808463759720325470e-02,2.314893454313278198e-01,6.069799885153770447e-02,-4.991781711578369141e-02,2.026284812018275261e-03,-4.397612810134887695e-02,-3.346781805157661438e-02,-1.202433630824089050e-01,6.748846918344497681e-02,1.464363932609558105e-02,1.094669774174690247e-01,-1.848110407590866089e-01,-3.197018429636955261e-02,-4.930457472801208496e-02,-1.131196498870849609e+00,5.116454958915710449e-01,-6.097171306610107422e-01,1.392905235290527344e+00,3.905333206057548523e-02,-1.192874014377593994e-01,2.290640622377395630e-01,-7.984185218811035156e-02,-3.154670000076293945e-01,6.011950969696044922e-01,1.094731569290161133e+00,-7.942057400941848755e-02,-6.135506555438041687e-02,1.619743555784225464e-02
-3.331937361508607864e-03,-3.076645731925964355e-02,8.008894324302673340e-01,-1.292007509618997574e-02,2.960608340799808502e-02,6.637227535247802734e-01,7.472808361053466797e-01,3.894530935212969780e-03,2.719263918697834015e-02,2.310316711664199829e-01,5.835741385817527771e-02,-4.828192666172981262e-02,1.402930240146815777e-03,-4.350191727280616760e-02,-3.425148874521255493e-02,-1.220097839832305908e-01,6.868904829025268555e-02,1.352948416024446487e-02,1.088794842362403870e-01,-1.798849254846572876e-01,-3.189709037542343140e-02,-5.054223537445068359e-02,-1.098986387252807617e+00,5.144498348236083984e-01,-5.974625945091247559e-01,1.379472970962524414e+00,3.790156170725822449e-02,-1.192339956760406494e-01,2.252782583236694336e-01,-7.523053139448165894e-02,-3.169050216674804688e-01,5.984791517257690430e-01,1.092043161392211914e+00,-8.160810917615890503e-02,-6.238583102822303772e-02,1.597516983747482300e-02
-3.493061754852533340e-03,-3.169432282447814941e-02,8.009107708930969238e-01,-1.211588550359010696e-02,2.934016101062297821e-02,6.634575724601745605e-01,7.475402355194091797e-01,5.365275777876377106e-03,2.585217915475368500e-02,2.303002476692199707e-01,5.594535171985626221e-02,-4.586435854434967041e-02,7.726931362412869930e-04,-4.388392344117164612e-02,-3.529400378465652466e-02,-1.216886118054389954e-01,6.988695263862609863e-02,1.251346897333860397e-02,1.073140278458595276e-01,-1.764130741357803345e-01,-3.129027411341667175e-02,-5.299558863043785095e-02,-1.063492417335510254e+00,5.204367637634277344e-01,-5.901046991348266602e-01,1.362973570823669434e+00,4.039243981242179871e-02,-1.220874562859535217e-01,2.211038470268249512e-01,-7.319568097591400146e-02,-3.182280361652374268e-01,5.947175025939941406e-01,1.088951706886291504e+00,-8.257819712162017822e-02,-6.483546644449234009e-02,1.391140185296535492e-02
-3.703240305185317993e-03,-3.155623748898506165e-02,8.008621335029602051e-01,-1.194565370678901672e-02,2.905292809009552002e-02,6.639842391014099121e-01,7.470864653587341309e-01,7.478262297809123993e-03,2.525244653224945068e-02,2.309478223323822021e-01,5.322599783539772034e-02,-4.631903395056724548e-02,5.398705252446234226e-04,-4.307927936315536499e-02,-3.588094562292098999e-02,-1.235486418008804321e-01,7.089876383543014526e-02,1.100944727659225464e-02,1.069430187344551086e-01,-1.716250181198120117e-01,-3.127240762114524841e-02,-5.350045114755630493e-02,-1.022686243057250977e+00,5.261538028717041016e-01,-5.760912895202636719e-01,1.340693473815917969e+00,4.030940309166908264e-02,-1.230981424450874329e-01,2.141865938901901245e-01,-6.827362626791000366e-02,-3.197179138660430908e-01,5.909618735313415527e-01,1.085446476936340332e+00,-8.614428341388702393e-02,-6.547934561967849731e-02,1.283630169928073883e-02
-4.148719832301139832e-03,-3.221645951271057129e-02,8.009197711944580078e-01,-1.112918648868799210e-02,2.871968969702720642e-02,6.641225814819335938e-01,7.469889521598815918e-01,9.258567355573177338e-03,2.331651188433170319e-02,2.297249734401702881e-01,5.073777586221694946e-02,-4.348273202776908875e-02,1.045608427375555038e-03,-4.210650548338890076e-02,-3.744231164455413818e-02,-1.244279071688652039e-01,7.079209387302398682e-02,1.027726475149393082e-02,1.055241376161575317e-01,-1.672684252262115479e-01,-3.054040670394897461e-02,-5.472996085882186890e-02,-9.736918210983276367e-01,5.269576907157897949e-01,-5.645866394042968750e-01,1.320886611938476562e+00,3.802686929702758789e-02,-1.253340840339660645e-01,2.070610970258712769e-01,-6.727290898561477661e-02,-3.209541440010070801e-01,5.878061056137084961e-01,1.086320638656616211e+00,-8.872761577367782593e-02,-6.380139291286468506e-02,9.708590805530548096e-03
-3.840525634586811066e-03,-3.277657181024551392e-02,8.009619712829589844e-01,-1.019005291163921356e-02,2.861724980175495148e-02,6.642590761184692383e-01,7.468849420547485352e-01,1.142806839197874069e-02,2.222635224461555481e-02,2.315005660057067871e-01,4.791843146085739136e-02,-4.000369459390640259e-02,-2.272270387038588524e-03,-4.176899790763854980e-02,-3.899078443646430969e-02,-1.285262554883956909e-01,7.254596799612045288e-02,8.607317693531513214e-03,1.065941825509071350e-01,-1.623647809028625488e-01,-2.962396480143070221e-02,-5.627728253602981567e-02,-9.236189126968383789e-01,5.271217823028564453e-01,-5.519294738769531250e-01,1.297762751579284668e+00,3.862660750746726990e-02,-1.279443204402923584e-01,1.985038518905639648e-01,-6.322646886110305786e-02,-3.213164508342742920e-01,5.826352834701538086e-01,1.083157420158386230e+00,-8.933001011610031128e-02,-6.386910378932952881e-02,6.796462927013635635e-03
-3.471746575087308884e-03,-3.212197870016098022e-02,8.009646534919738770e-01,-1.017136685550212860e-02,2.910620905458927155e-02,6.645173430442810059e-01,7.466365098953247070e-01,1.296462398022413254e-02,2.155176177620887756e-02,2.327345609664916992e-01,4.526749998331069946e-02,-3.940172865986824036e-02,-3.665812546387314796e-03,-4.100121557712554932e-02,-3.961995244026184082e-02,-1.309873312711715698e-01,7.227579504251480103e-02,6.196304690092802048e-03,1.063233315944671631e-01,-1.568110287189483643e-01,-2.799717336893081665e-02,-5.689026415348052979e-02,-8.652506470680236816e-01,5.270813107490539551e-01,-5.368228554725646973e-01,1.273202419281005859e+00,4.025875777006149292e-02,-1.298534274101257324e-01,1.896626800298690796e-01,-5.667033419013023376e-02,-3.229625225067138672e-01,5.759598016738891602e-01,1.078153848648071289e+00,-9.048241376876831055e-02,-6.389480084180831909e-02,4.803002811968326569e-03
-2.836226485669612885e-03,-3.296541795134544373e-02,8.009687662124633789e-01,-8.988401852548122406e-03,2.906896173954010010e-02,6.644822955131530762e-01,7.466843128204345703e-01,1.440350618213415146e-02,2.021271549165248871e-02,2.310532182455062866e-01,4.349625483155250549e-02,-3.706348687410354614e-02,-1.266757957637310028e-03,-4.121772944927215576e-02,-4.078472778201103210e-02,-1.322062313556671143e-01,7.462455332279205322e-02,3.087478224188089371e-03,1.035834029316902161e-01,-1.513747274875640869e-01,-2.804066613316535950e-02,-5.782812833786010742e-02,-7.996487021446228027e-01,5.238682031631469727e-01,-5.200986862182617188e-01,1.247833490371704102e+00,4.049981012940406799e-02,-1.321454942226409912e-01,1.806969344615936279e-01,-5.307983607053756714e-02,-3.228861093521118164e-01,5.703154802322387695e-01,1.074557542800903320e+00,-9.066756814718246460e-02,-6.318093836307525635e-02,1.804797211661934853e-03
-2.379505662247538567e-03,-3.255911171436309814e-02,8.009597063064575195e-01,-8.769176900386810303e-03,2.950422093272209167e-02,6.648958921432495117e-01,7.463015913963317871e-01,1.621616072952747345e-02,1.899803988635540009e-02,2.288480848073959351e-01,3.973006457090377808e-02,-3.585977852344512939e-02,-1.411802833899855614e-03,-4.095343127846717834e-02,-4.135952889919281006e-02,-1.323897540569305420e-01,7.530272752046585083e-02,2.372214512433856726e-04,1.014781072735786438e-01,-1.453231871128082275e-01,-2.736325562000274658e-02,-5.832182988524436951e-02,-7.385589480400085449e-01,5.173586606979370117e-01,-5.019907951354980469e-01,1.222900748252868652e+00,4.230156168341636658e-02,-1.345013678073883057e-01,1.723854094743728638e-01,-4.587776213884353638e-02,-3.244683146476745605e-01,5.629006624221801758e-01,1.067661762237548828e+00,-9.037510305643081665e-02,-6.544562429189682007e-02,-5.843130056746304035e-04
-2.268687356263399124e-03,-3.159365803003311157e-02,8.010076880455017090e-01,-9.026892483234405518e-03,3.021751902997493744e-02,6.654138565063476562e-01,7.458081841468811035e-01,1.619039475917816162e-02,1.799133233726024628e-02,2.279366850852966309e-01,3.887714818120002747e-02,-3.548860177397727966e-02,-7.831599796190857887e-04,-4.104571044445037842e-02,-4.216774925589561462e-02,-1.323240548372268677e-01,7.554148137569427490e-02,-8.081507985480129719e-04,1.010619923472404480e-01,-1.387423425912857056e-01,-2.666611596941947937e-02,-5.794345214962959290e-02,-6.743652224540710449e-01,5.112818479537963867e-01,-4.815385937690734863e-01,1.198204755783081055e+00,4.659146815538406372e-02,-1.365468502044677734e-01,1.709410399198532104e-01,-3.726830706000328064e-02,-3.262679278850555420e-01,5.542454719543457031e-01,1.061602592468261719e+00,-8.870428800582885742e-02,-6.755787879228591919e-02,-5.633288528770208359e-03
-1.375108491629362106e-03,-3.036467358469963074e-02,8.010240197181701660e-01,-8.973055519163608551e-03,3.149073198437690735e-02,6.648698449134826660e-01,7.462412118911743164e-01,1.727283932268619537e-02,1.672411710023880005e-02,2.267162352800369263e-01,3.662406653165817261e-02,-3.402664512395858765e-02,-1.093668281100690365e-03,-4.145075380802154541e-02,-4.298183694481849670e-02,-1.323261111974716187e-01,7.599020004272460938e-02,-4.115591756999492645e-03,1.013612449169158936e-01,-1.314230114221572876e-01,-2.656498737633228302e-02,-5.735051259398460388e-02,-6.029738187789916992e-01,5.001807212829589844e-01,-4.596873819828033447e-01,1.174308061599731445e+00,4.850255325436592102e-02,-1.386754661798477173e-01,1.649075299501419067e-01,-2.894050069153308868e-02,-3.263488411903381348e-01,5.431972742080688477e-01,1.054246664047241211e+00,-8.743128925561904907e-02,-6.807812303304672241e-02,-1.096216868609189987e-02
-1.028249738737940788e-03,-2.891555614769458771e-02,8.009874820709228516e-01,-9.339274838566780090e-03,3.258331865072250366e-02,6.645960211753845215e-01,7.464336752891540527e-01,1.818770542740821838e-02,1.558836735785007477e-02,2.255494147539138794e-01,3.447474911808967590e-02,-3.421414643526077271e-02,-2.437512855976819992e-03,-4.115379229187965393e-02,-4.358553886413574219e-02,-1.323619186878204346e-01,7.511469721794128418e-02,-7.360042072832584381e-03,1.020764485001564026e-01,-1.251963675022125244e-01,-2.674440294504165649e-02,-5.565727129578590393e-02,-5.294082164764404297e-01,4.882257282733917236e-01,-4.396561682224273682e-01,1.148368477821350098e+00,4.854469746351242065e-02,-1.406977772712707520e-01,1.540250778198242188e-01,-2.116347104310989380e-02,-3.283001780509948730e-01,5.328543782234191895e-01,1.045273303985595703e+00,-8.652764558792114258e-02,-6.821568310260772705e-02,-1.438127271831035614e-02
-5.256524891592562199e-04,-2.712482772767543793e-02,8.010235428810119629e-01,-1.020972989499568939e-02,3.415310755372047424e-02,6.645792722702026367e-01,7.463670372962951660e-01,1.755498163402080536e-02,1.482830289751291275e-02,2.247129678726196289e-01,3.292217850685119629e-02,-3.357796370983123779e-02,-2.795611275359988213e-03,-4.200744628906250000e-02,-4.412351548671722412e-02,-1.333622783422470093e-01,7.428526133298873901e-02,-8.682346902787685394e-03,1.023693978786468506e-01,-1.170736998319625854e-01,-2.668954432010650635e-02,-5.491780862212181091e-02,-4.588152766227722168e-01,4.737669527530670166e-01,-4.239651858806610107e-01,1.128589868545532227e+00,5.493205040693283081e-02,-1.411884129047393799e-01,1.458544582128524780e-01,-1.167019642889499664e-02,-3.292117118835449219e-01,5.231741666793823242e-01,1.038777232170104980e+00,-8.067597448825836182e-02,-6.908781826496124268e-02,-1.970338448882102966e-02
7.190199103206396103e-04,-2.541076950728893280e-02,8.010574579238891602e-01,-1.089715864509344101e-02,3.602714464068412781e-02,6.643230319023132324e-01,7.464972734451293945e-01,1.600861549377441406e-02,1.449739746749401093e-02,2.228660583496093750e-01,3.290573507547378540e-02,-3.311700373888015747e-02,-2.243274124339222908e-03,-4.297298192977905273e-02,-4.423274099826812744e-02,-1.343494653701782227e-01,7.317570596933364868e-02,-1.079763844609260559e-02,1.027607023715972900e-01,-1.085750460624694824e-01,-2.681867405772209167e-02,-5.381817743182182312e-02,-3.865476548671722412e-01,4.567996859550476074e-01,-4.099935293197631836e-01,1.101880311965942383e+00,6.041254475712776184e-02,-1.414415538311004639e-01,1.372668892145156860e-01,-2.421549055725336075e-03,-3.288655281066894531e-01,5.129295587539672852e-01,1.031479239463806152e+00,-7.520677894353866577e-02,-6.822647899389266968e-02,-2.455818839371204376e-02
8.708626846782863140e-04,-2.366259694099426270e-02,8.010870814323425293e-01,-1.183833833783864975e-02,3.733309730887413025e-02,6.643303632736206055e-01,7.464122176170349121e-01,1.560101285576820374e-02,1.353799086064100266e-02,2.201349586248397827e-01,3.129420429468154907e-02,-3.299310058355331421e-02,-1.759705017320811749e-03,-4.303790256381034851e-02,-4.445965960621833801e-02,-1.338330507278442383e-01,7.128446549177169800e-02,-1.215879432857036591e-02,1.030551195144653320e-01,-1.036234349012374878e-01,-2.748729288578033447e-02,-5.412315577268600464e-02,-3.270834386348724365e-01,4.413046836853027344e-01,-4.000805616378784180e-01,1.085712671279907227e+00,6.335971504449844360e-02,-1.407574117183685303e-01,1.262917369604110718e-01,4.466366954147815704e-03,-3.295628130435943604e-01,5.054537057876586914e-01,1.027590751647949219e+00,-7.171322405338287354e-02,-6.774143129587173462e-02,-2.638471126556396484e-02
1.467885565944015980e-03,-2.170508168637752533e-02,8.010922670364379883e-01,-1.267891842871904373e-02,3.898436203598976135e-02,6.638941764831542969e-01,7.467020750045776367e-01,1.542362198233604431e-02,1.251952443271875381e-02,2.167933881282806396e-01,2.935838513076305389e-02,-3.255414590239524841e-02,-1.984595786780118942e-03,-4.304475709795951843e-02,-4.472045972943305969e-02,-1.340892463922500610e-01,6.896097958087921143e-02,-1.421964261680841446e-02,1.042458415031433105e-01,-9.608268737792968750e-02,-2.857529185712337494e-02,-5.299474671483039856e-02,-2.697298526763916016e-01,4.256545603275299072e-01,-3.890551924705505371e-01,1.067744493484497070e+00,6.594529002904891968e-02,-1.427592486143112183e-01,1.171586290001869202e-01,1.152381859719753265e-02,-3.290526270866394043e-01,4.967139065265655518e-01,1.023221254348754883e+00,-6.667423248291015625e-02,-6.941854953765869141e-02,-2.979179471731185913e-02
1.832456211559474468e-03,-1.968414895236492157e-02,8.010851740837097168e-01,-1.377610675990581512e-02,4.020443186163902283e-02,6.635715961456298828e-01,7.469046115875244141e-01,1.575159467756748199e-02,1.246935594826936722e-02,2.162507325410842896e-01,2.756001800298690796e-02,-3.350785374641418457e-02,-2.165256766602396965e-03,-4.259449243545532227e-02,-4.405258595943450928e-02,-1.329262703657150269e-01,6.643162667751312256e-02,-1.514297816902399063e-02,1.059483736753463745e-01,-9.020746499300003052e-02,-2.943674847483634949e-02,-5.297157168388366699e-02,-2.221771180629730225e-01,4.113402068614959717e-01,-3.824426531791687012e-01,1.050671696662902832e+00,7.049638032913208008e-02,-1.443456858396530151e-01,1.094851046800613403e-01,1.812469400465488434e-02,-3.284435868263244629e-01,4.899175465106964111e-01,1.021193265914916992e+00,-6.497771292924880981e-02,-7.049033045768737793e-02,-3.332930058240890503e-02
1.382963149808347225e-03,-1.855037733912467957e-02,8.010892271995544434e-01,-1.470959465950727463e-02,4.074614122509956360e-02,6.637942790985107422e-01,7.466595768928527832e-01,1.548343338072299957e-02,1.205696165561676025e-02,2.150138020515441895e-01,2.635850384831428528e-02,-3.440712019801139832e-02,-1.850976725108921528e-03,-4.223458096385002136e-02,-4.404858499765396118e-02,-1.331515908241271973e-01,6.444205343723297119e-02,-1.490037050098180771e-02,1.079529896378517151e-01,-8.391944319009780884e-02,-3.061366640031337738e-02,-5.378215387463569641e-02,-1.801743209362030029e-01,3.975752294063568115e-01,-3.802511692047119141e-01,1.036994099617004395e+00,7.559997588396072388e-02,-1.452616304159164429e-01,1.017388328909873962e-01,2.369958348572254181e-02,-3.283982574939727783e-01,4.824865758419036865e-01,1.019755959510803223e+00,-6.286141276359558105e-02,-7.118092477321624756e-02,-3.819077834486961365e-02
9.122130577452480793e-04,-1.742988266050815582e-02,8.010585308074951172e-01,-1.563734374940395355e-02,4.123619943857192993e-02,6.635745167732238770e-01,7.468091845512390137e-01,1.567003130912780762e-02,1.187060773372650146e-02,2.148855626583099365e-01,2.486736699938774109e-02,-3.554940223693847656e-02,-2.577865263447165489e-03,-4.150198400020599365e-02,-4.373498633503913879e-02,-1.327817440032958984e-01,6.149031594395637512e-02,-1.454694010317325592e-02,1.100501045584678650e-01,-7.773331552743911743e-02,-3.178185597062110901e-02,-5.451805144548416138e-02,-1.460211724042892456e-01,3.847205638885498047e-01,-3.773543536663055420e-01,1.027222871780395508e+00,7.968486845493316650e-02,-1.463108807802200317e-01,9.677623212337493896e-02,2.841694839298725128e-02,-3.278013169765472412e-01,4.757811129093170166e-01,1.019180297851562500e+00,-6.029033660888671875e-02,-7.309247553348541260e-02,-4.266320914030075073e-02
7.081825169734656811e-04,-1.606407947838306427e-02,8.010732531547546387e-01,-1.671682670712471008e-02,4.179409146308898926e-02,6.633700728416442871e-01,7.469363808631896973e-01,1.551683526486158371e-02,1.212543901056051254e-02,2.138765752315521240e-01,2.415632084012031555e-02,-3.700530901551246643e-02,-1.619990449398756027e-03,-4.094096645712852478e-02,-4.295400530099868774e-02,-1.327557861804962158e-01,5.903249606490135193e-02,-1.385884080082178116e-02,1.116258278489112854e-01,-7.181748002767562866e-02,-3.303572908043861389e-02,-5.480934306979179382e-02,-1.135697290301322937e-01,3.718808293342590332e-01,-3.761986792087554932e-01,1.020583510398864746e+00,8.106995373964309692e-02,-1.452613025903701782e-01,8.897933363914489746e-02,3.400772809982299805e-02,-3.280305862426757812e-01,4.704858958721160889e-01,1.016962170600891113e+00,-5.858766287565231323e-02,-7.436279952526092529e-02,-4.555207863450050354e-02
4.632931086234748363e-04,-1.486557349562644958e-02,8.010509610176086426e-01,-1.792300678789615631e-02,4.240202903747558594e-02,6.631554961204528809e-01,7.470646500587463379e-01,1.472457777708768845e-02,1.259826589375734329e-02,2.134635746479034424e-01,2.382113784551620483e-02,-3.932840004563331604e-02,-1.006142352707684040e-03,-4.120283573865890503e-02,-4.211237281560897827e-02,-1.328405439853668213e-01,5.719870701432228088e-02,-1.349821593612432480e-02,1.130406558513641357e-01,-6.561457365751266479e-02,-3.346761316061019897e-02,-5.578421428799629211e-02,-8.818645030260086060e-02,3.614222407341003418e-01,-3.772453665733337402e-01,1.015009403228759766e+00,8.552036434412002563e-02,-1.441848129034042358e-01,8.236667513847351074e-02,3.934248536825180054e-02,-3.288536071777343750e-01,4.675623178482055664e-01,1.015735983848571777e+00,-5.933702364563941956e-02,-7.536961138248443604e-02,-4.858963936567306519e-02
3.218105412088334560e-04,-1.389374863356351852e-02,8.010311126708984375e-01,-1.891934126615524292e-02,4.278671741485595703e-02,6.630101203918457031e-01,7.471472024917602539e-01,1.408258732408285141e-02,1.334913261234760284e-02,2.139038592576980591e-01,2.401433512568473816e-02,-4.187787324190139771e-02,2.809142752084881067e-04,-4.156072065234184265e-02,-4.118002951145172119e-02,-1.328856199979782104e-01,5.636595189571380615e-02,-1.334536913782358170e-02,1.135371252894401550e-01,-6.006878614425659180e-02,-3.400960564613342285e-02,-5.676056817173957825e-02,-6.693679094314575195e-02,3.510142564773559570e-01,-3.776939809322357178e-01,1.013221263885498047e+00,8.715767413377761841e-02,-1.424553096294403076e-01,7.807388156652450562e-02,4.407430812716484070e-02,-3.293356299400329590e-01,4.659984111785888672e-01,1.014537811279296875e+00,-5.965285375714302063e-02,-7.690720260143280029e-02,-5.234908312559127808e-02
-1.344221382169052958e-04,-1.310768444091081619e-02,8.010143041610717773e-01,-1.990447565913200378e-02,4.303413257002830505e-02,6.629757881164550781e-01,7.471378445625305176e-01,1.357593946158885956e-02,1.369891967624425888e-02,2.130931615829467773e-01,2.347600832581520081e-02,-4.368588328361511230e-02,1.040951698087155819e-03,-4.141268879175186157e-02,-4.051999747753143311e-02,-1.334734559059143066e-01,5.448017269372940063e-02,-1.275157555937767029e-02,1.146075204014778137e-01,-5.543169379234313965e-02,-3.455225750803947449e-02,-5.771069228649139404e-02,-4.986873269081115723e-02,3.427995145320892334e-01,-3.769222199916839600e-01,1.014267802238464355e+00,8.710926771163940430e-02,-1.411897987127304077e-01,7.514891028404235840e-02,4.757140576839447021e-02,-3.303867280483245850e-01,4.644122123718261719e-01,1.014864206314086914e+00,-5.928731709718704224e-02,-7.866529375314712524e-02,-5.692581459879875183e-02
-1.169397612102329731e-03,-1.233208179473876953e-02,8.009973764419555664e-01,-2.105286903679370880e-02,4.284543916583061218e-02,6.630436182022094727e-01,7.470570206642150879e-01,1.382183097302913666e-02,1.413958519697189331e-02,2.132518440485000610e-01,2.220402285456657410e-02,-4.595821723341941833e-02,1.758042839355766773e-03,-4.110297188162803650e-02,-3.969558700919151306e-02,-1.331182271242141724e-01,5.299668014049530029e-02,-1.141789648681879044e-02,1.157202497124671936e-01,-5.160308629274368286e-02,-3.522896021604537964e-02,-5.845890939235687256e-02,-3.881139680743217468e-02,3.362374901771545410e-01,-3.754816949367523193e-01,1.016661763191223145e+00,8.790962398052215576e-02,-1.409859210252761841e-01,7.394787669181823730e-02,5.045510083436965942e-02,-3.317677676677703857e-01,4.639958143234252930e-01,1.016690373420715332e+00,-6.056733801960945129e-02,-8.089698851108551025e-02,-6.008598953485488892e-02
-1.533747068606317043e-03,-1.240087859332561493e-02,8.010137081146240234e-01,-2.136217616498470306e-02,4.249763488769531250e-02,6.629188060760498047e-01,7.471789121627807617e-01,1.369811501353979111e-02,1.468090433627367020e-02,2.128617465496063232e-01,2.257938496768474579e-02,-4.728237912058830261e-02,3.315061796456575394e-03,-4.129808396100997925e-02,-3.906496986746788025e-02,-1.328939944505691528e-01,5.316860601305961609e-02,-1.063125766813755035e-02,1.156513914465904236e-01,-4.806623235344886780e-02,-3.582170233130455017e-02,-5.913821235299110413e-02,-3.028696775436401367e-02,3.293204903602600098e-01,-3.744212687015533447e-01,1.022997617721557617e+00,8.620021492242813110e-02,-1.399960070848464966e-01,7.324739545583724976e-02,5.083350837230682373e-02,-3.316240310668945312e-01,4.642123878002166748e-01,1.019123435020446777e+00,-6.027555093169212341e-02,-8.224447816610336304e-02,-6.442447751760482788e-02
-2.042626263573765755e-03,-1.230491325259208679e-02,8.010156750679016113e-01,-2.175239101052284241e-02,4.208951070904731750e-02,6.631518602371215820e-01,7.469838857650756836e-01,1.384642161428928375e-02,1.506750006228685379e-02,2.119184285402297974e-01,2.244764380156993866e-02,-4.854803532361984253e-02,4.276378545910120010e-03,-4.051800817251205444e-02,-3.857286274433135986e-02,-1.338798701763153076e-01,5.227060988545417786e-02,-9.941740892827510834e-03,1.164136826992034912e-01,-4.544575512409210205e-02,-3.655020147562026978e-02,-5.963042378425598145e-02,-2.660715766251087189e-02,3.244614303112030029e-01,-3.744442760944366455e-01,1.027723312377929688e+00,8.699283748865127563e-02,-1.392847597599029541e-01,7.297436147928237915e-02,5.077169463038444519e-02,-3.313842415809631348e-01,4.646691381931304932e-01,1.023434638977050781e+00,-6.199071556329727173e-02,-8.288650959730148315e-02,-6.700944900512695312e-02
-2.474239561706781387e-03,-1.212580595165491104e-02,8.010291457176208496e-01,-2.223278209567070007e-02,4.183902591466903687e-02,6.636037826538085938e-01,7.465823292732238770e-01,1.356786489486694336e-02,1.554520335048437119e-02,2.121141105890274048e-01,2.259081229567527771e-02,-4.964265972375869751e-02,4.371011629700660706e-03,-3.990368917584419250e-02,-3.798435628414154053e-02,-1.336195915937423706e-01,5.110546573996543884e-02,-8.761820383369922638e-03,1.165551915764808655e-01,-4.373097792267799377e-02,-3.677490353584289551e-02,-6.028225645422935486e-02,-2.574960514903068542e-02,3.214028179645538330e-01,-3.770149946212768555e-01,1.031430125236511230e+00,8.951838314533233643e-02,-1.388024687767028809e-01,7.243023812770843506e-02,5.051853507757186890e-02,-3.311331868171691895e-01,4.661851823329925537e-01,1.028111100196838379e+00,-6.421306729316711426e-02,-8.268530666828155518e-02,-6.784795969724655151e-02
-2.721122000366449356e-03,-1.208551600575447083e-02,8.010674118995666504e-01,-2.261078730225563049e-02,4.169142618775367737e-02,6.643154025077819824e-01,7.459461092948913574e-01,1.276355795562267303e-02,1.593258045613765717e-02,2.119422107934951782e-01,2.312588877975940704e-02,-5.016504228115081787e-02,4.845324903726577759e-03,-3.977483510971069336e-02,-3.772649541497230530e-02,-1.347109824419021606e-01,5.083138868212699890e-02,-7.707850076258182526e-03,1.167118325829505920e-01,-4.226504266262054443e-02,-3.652672469615936279e-02,-6.064797565340995789e-02,-2.560118958353996277e-02,3.188722431659698486e-01,-3.783353865146636963e-01,1.033796548843383789e+00,9.062726795673370361e-02,-1.382566243410110474e-01,7.397852838039398193e-02,5.122060701251029968e-02,-3.315373063087463379e-01,4.679100215435028076e-01,1.029715657234191895e+00,-6.664963066577911377e-02,-8.321256190538406372e-02,-6.902409344911575317e-02
-2.697206800803542137e-03,-1.197098661214113235e-02,8.010960221290588379e-01,-2.275213971734046936e-02,4.165578633546829224e-02,6.649464368820190430e-01,7.453813552856445312e-01,1.202229689806699753e-02,1.612453162670135498e-02,2.106644511222839355e-01,2.405512705445289612e-02,-5.040349438786506653e-02,5.212769377976655960e-03,-3.952899947762489319e-02,-3.769641742110252380e-02,-1.359609365463256836e-01,5.093180388212203979e-02,-7.372463122010231018e-03,1.165195181965827942e-01,-3.992956504225730896e-02,-3.641681745648384094e-02,-6.093874201178550720e-02,-2.605397440493106842e-02,3.168192803859710693e-01,-3.786171674728393555e-01,1.035921216011047363e+00,9.048169106245040894e-02,-1.387112438678741455e-01,7.692297548055648804e-02,5.306785553693771362e-02,-3.315064907073974609e-01,4.687792062759399414e-01,1.030090212821960449e+00,-6.775939464569091797e-02,-8.467338979244232178e-02,-7.098197937011718750e-02
-3.040113719180226326e-03,-1.180978026241064072e-02,8.011268377304077148e-01,-2.296989411115646362e-02,4.151523485779762268e-02,6.655283570289611816e-01,7.448630332946777344e-01,1.157065201550722122e-02,1.604524068534374237e-02,2.095539420843124390e-01,2.459820359945297241e-02,-5.068845301866531372e-02,5.437234416604042053e-03,-3.903147950768470764e-02,-3.787107393145561218e-02,-1.371140480041503906e-01,5.066176503896713257e-02,-6.865373346954584122e-03,1.167593896389007568e-01,-3.829666599631309509e-02,-3.663551062345504761e-02,-6.109603121876716614e-02,-2.646367438137531281e-02,3.144578635692596436e-01,-3.779342770576477051e-01,1.037196516990661621e+00,9.032789617776870728e-02,-1.393278241157531738e-01,7.875888794660568237e-02,5.455711483955383301e-02,-3.318906426429748535e-01,4.689413607120513916e-01,1.030716538429260254e+00,-6.767274439334869385e-02,-8.628778904676437378e-02,-7.150960713624954224e-02
-3.361128270626068115e-03,-1.192294713109731674e-02,8.011317253112792969e-01,-2.310304902493953705e-02,4.140295833349227905e-02,6.658450961112976074e-01,7.445819973945617676e-01,1.102857571095228195e-02,1.593603007495403290e-02,2.090808153152465820e-01,2.499294281005859375e-02,-5.128686502575874329e-02,5.534629337489604950e-03,-3.910968825221061707e-02,-3.805895894765853882e-02,-1.376502513885498047e-01,5.063000321388244629e-02,-6.469516083598136902e-03,1.170215085148811340e-01,-3.719687834382057190e-02,-3.663229197263717651e-02,-6.116923317313194275e-02,-2.759783156216144562e-02,3.124042749404907227e-01,-3.772734701633453369e-01,1.039368748664855957e+00,9.103816002607345581e-02,-1.399017721414566040e-01,8.116032928228378296e-02,5.524575710296630859e-02,-3.324247896671295166e-01,4.691226780414581299e-01,1.030396103858947754e+00,-6.707433611154556274e-02,-8.790391683578491211e-02,-7.200463116168975830e-02
-3.625544719398021698e-03,-1.215678267180919647e-02,8.011358976364135742e-01,-2.327467128634452820e-02,4.124764353036880493e-02,6.666123867034912109e-01,7.438983917236328125e-01,1.028101518750190735e-02,1.590108871459960938e-02,2.081018984317779541e-01,2.512524276971817017e-02,-5.183387175202369690e-02,5.571518093347549438e-03,-3.920159861445426941e-02,-3.821246698498725891e-02,-1.389183551073074341e-01,5.078802630305290222e-02,-6.182435899972915649e-03,1.172365769743919373e-01,-3.623397275805473328e-02,-3.635900840163230896e-02,-6.147327646613121033e-02,-2.899946831166744232e-02,3.105857074260711670e-01,-3.768328428268432617e-01,1.040521383285522461e+00,9.125368297100067139e-02,-1.403475254774093628e-01,8.313333988189697266e-02,5.640386044979095459e-02,-3.329956233501434326e-01,4.693655371665954590e-01,1.029613733291625977e+00,-6.684870272874832153e-02,-8.952602744102478027e-02,-7.183363288640975952e-02
-3.765395842492580414e-03,-1.233801618218421936e-02,8.011504411697387695e-01,-2.339746057987213135e-02,4.113413766026496887e-02,6.671309471130371094e-01,7.434358596801757812e-01,9.801824577152729034e-03,1.590337231755256653e-02,2.069344073534011841e-01,2.508666925132274628e-02,-5.216251686215400696e-02,5.567682906985282898e-03,-3.937025368213653564e-02,-3.817347437143325806e-02,-1.392445117235183716e-01,5.098490044474601746e-02,-5.858588032424449921e-03,1.168163269758224487e-01,-3.515618667006492615e-02,-3.598219901323318481e-02,-6.160484254360198975e-02,-2.993869781494140625e-02,3.092739880084991455e-01,-3.760366141796112061e-01,1.041033387184143066e+00,9.189985692501068115e-02,-1.413648128509521484e-01,8.487872779369354248e-02,5.737959966063499451e-02,-3.334808945655822754e-01,4.693785607814788818e-01,1.028838038444519043e+00,-6.658577919006347656e-02,-9.108845144510269165e-02,-7.155518233776092529e-02
-3.908601589500904083e-03,-1.229539513587951660e-02,8.011814951896667480e-01,-2.349288202822208405e-02,4.107594117522239685e-02,6.676333546638488770e-01,7.429848909378051758e-01,9.311664849519729614e-03,1.577648520469665527e-02,2.056447118520736694e-01,2.560919523239135742e-02,-5.235217139124870300e-02,5.858159158378839493e-03,-3.922619670629501343e-02,-3.837318345904350281e-02,-1.402647048234939575e-01,5.118187889456748962e-02,-5.752930883318185806e-03,1.163730174303054810e-01,-3.406818956136703491e-02,-3.585707023739814758e-02,-6.166329607367515564e-02,-3.093974106013774872e-02,3.076855242252349854e-01,-3.750338554382324219e-01,1.042679071426391602e+00,9.200464934110641479e-02,-1.417585164308547974e-01,8.654093742370605469e-02,5.861680954694747925e-02,-3.339760601520538330e-01,4.693456888198852539e-01,1.028421759605407715e+00,-6.606958806514739990e-02,-9.252871572971343994e-02,-7.159011065959930420e-02
-4.182622302323579788e-03,-1.253931317478418350e-02,8.011752367019653320e-01,-2.363281697034835815e-02,4.094047099351882935e-02,6.681113839149475098e-01,7.425581216812133789e-01,8.959080092608928680e-03,1.567278057336807251e-02,2.050193399190902710e-01,2.523883245885372162e-02,-5.288042500615119934e-02,5.343833006918430328e-03,-3.931227326393127441e-02,-3.844863548874855042e-02,-1.407717466354370117e-01,5.102483555674552917e-02,-5.449370481073856354e-03,1.165430620312690735e-01,-3.377489745616912842e-02,-3.547203540802001953e-02,-6.158101186156272888e-02,-3.216100856661796570e-02,3.067291975021362305e-01,-3.751405179500579834e-01,1.042996048927307129e+00,9.431157261133193970e-02,-1.435551941394805908e-01,8.914727717638015747e-02,5.875726789236068726e-02,-3.347355723381042480e-01,4.696562588214874268e-01,1.027675151824951172e+00,-6.597932428121566772e-02,-9.467189013957977295e-02,-7.167275995016098022e-02
-4.527339711785316467e-03,-1.270179077982902527e-02,8.011878132820129395e-01,-2.381515689194202423e-02,4.075330123305320740e-02,6.686677932739257812e-01,7.420615553855895996e-01,8.393599651753902435e-03,1.567616686224937439e-02,2.046796232461929321e-01,2.550353668630123138e-02,-5.345629155635833740e-02,5.303417332470417023e-03,-3.941107913851737976e-02,-3.848621994256973267e-02,-1.409073024988174438e-01,5.116168409585952759e-02,-5.029043648391962051e-03,1.161376014351844788e-01,-3.356549888849258423e-02,-3.528277948498725891e-02,-6.150105595588684082e-02,-3.302334249019622803e-02,3.052661716938018799e-01,-3.740987479686737061e-01,1.043299674987792969e+00,9.523761272430419922e-02,-1.443565934896469116e-01,9.139079600572586060e-02,5.939981341361999512e-02,-3.355583846569061279e-01,4.696921408176422119e-01,1.026762723922729492e+00,-6.574184447526931763e-02,-9.608077257871627808e-02,-7.154457271099090576e-02
-4.544890020042657852e-03,-1.319677289575338364e-02,8.011997342109680176e-01,-2.361838519573211670e-02,4.063894227147102356e-02,6.691023707389831543e-01,7.416822910308837891e-01,7.511755917221307755e-03,1.548200007528066635e-02,2.035127282142639160e-01,2.640201710164546967e-02,-5.345823615789413452e-02,5.398279521614313126e-03,-3.965628147125244141e-02,-3.877276182174682617e-02,-1.411843150854110718e-01,5.155915766954421997e-02,-5.148765165358781815e-03,1.153653264045715332e-01,-3.310099244117736816e-02,-3.476992994546890259e-02,-6.134049221873283386e-02,-3.447099775075912476e-02,3.043691813945770264e-01,-3.731374144554138184e-01,1.043889403343200684e+00,9.449382871389389038e-02,-1.452608704566955566e-01,9.427772462368011475e-02,5.916582420468330383e-02,-3.357783555984497070e-01,4.694624543190002441e-01,1.025917291641235352e+00,-6.558440625667572021e-02,-9.742919355630874634e-02,-7.258813828229904175e-02
-4.694307222962379456e-03,-1.341137848794460297e-02,8.012120723724365234e-01,-2.360320836305618286e-02,4.051480069756507874e-02,6.696781516075134277e-01,7.411697506904602051e-01,6.728747393935918808e-03,1.533694379031658173e-02,2.024537175893783569e-01,2.733010239899158478e-02,-5.390675365924835205e-02,5.595057271420955658e-03,-3.981094807386398315e-02,-3.905312716960906982e-02,-1.418098807334899902e-01,5.222290009260177612e-02,-5.333943292498588562e-03,1.149494573473930359e-01,-3.273035958409309387e-02,-3.433213010430335999e-02,-6.113433465361595154e-02,-3.532482683658599854e-02,3.033861219882965088e-01,-3.723727762699127197e-01,1.043796062469482422e+00,9.482657909393310547e-02,-1.460849493741989136e-01,9.691450744867324829e-02,5.976102501153945923e-02,-3.361825942993164062e-01,4.689461886882781982e-01,1.025088071823120117e+00,-6.566245108842849731e-02,-9.852222353219985962e-02,-7.297757267951965332e-02
-4.716807976365089417e-03,-1.373839378356933594e-02,8.012132644653320312e-01,-2.354760468006134033e-02,4.039620608091354370e-02,6.702347397804260254e-01,7.406746745109558105e-01,5.984934046864509583e-03,1.525946892797946930e-02,2.008354365825653076e-01,2.793582901358604431e-02,-5.419254302978515625e-02,5.327407736331224442e-03,-3.968803584575653076e-02,-3.911539912223815918e-02,-1.421855688095092773e-01,5.211618915200233459e-02,-5.445326212793588638e-03,1.146066784858703613e-01,-3.205859288573265076e-02,-3.396546840667724609e-02,-6.093221157789230347e-02,-3.615550696849822998e-02,3.031935989856719971e-01,-3.720984160900115967e-01,1.042730450630187988e+00,9.527999162673950195e-02,-1.465767621994018555e-01,9.782788157463073730e-02,5.979416891932487488e-02,-3.360991477966308594e-01,4.686937034130096436e-01,1.025308847427368164e+00,-6.516992300748825073e-02,-9.878333657979965210e-02,-7.209474593400955200e-02
-4.881502594798803329e-03,-1.377706229686737061e-02,8.012205362319946289e-01,-2.367501147091388702e-02,4.040179774165153503e-02,6.706521511077880859e-01,7.402924299240112305e-01,5.171626806259155273e-03,1.514039188623428345e-02,1.998600810766220093e-01,2.867797575891017914e-02,-5.470365285873413086e-02,5.025168880820274353e-03,-3.964730352163314819e-02,-3.924246132373809814e-02,-1.423670649528503418e-01,5.185716971755027771e-02,-5.399627145379781723e-03,1.146392002701759338e-01,-3.136190026998519897e-02,-3.370967134833335876e-02,-6.071359291672706604e-02,-3.630489110946655273e-02,3.024646937847137451e-01,-3.706057667732238770e-01,1.041736483573913574e+00,9.518928080797195435e-02,-1.467867195606231689e-01,9.898298978805541992e-02,6.018408015370368958e-02,-3.360833525657653809e-01,4.675616025924682617e-01,1.025611162185668945e+00,-6.478132307529449463e-02,-9.912797063589096069e-02,-7.159528136253356934e-02
-4.941721446812152863e-03,-1.378118339926004410e-02,8.012280464172363281e-01,-2.371583878993988037e-02,4.041034355759620667e-02,6.709823608398437500e-01,7.399913668632507324e-01,4.479775670915842056e-03,1.506631169468164444e-02,1.989135146141052246e-01,2.961944602429866791e-02,-5.515063926577568054e-02,4.678259138017892838e-03,-3.965878114104270935e-02,-3.939273953437805176e-02,-1.425236165523529053e-01,5.199962854385375977e-02,-5.589306354522705078e-03,1.144765689969062805e-01,-3.043735213577747345e-02,-3.326107189059257507e-02,-6.063579022884368896e-02,-3.624479845166206360e-02,3.017993271350860596e-01,-3.684752583503723145e-01,1.040901780128479004e+00,9.490681439638137817e-02,-1.476527899503707886e-01,9.972853213548660278e-02,6.079681217670440674e-02,-3.360317945480346680e-01,4.661528170108795166e-01,1.025510549545288086e+00,-6.426173448562622070e-02,-9.987675398588180542e-02,-7.145299762487411499e-02
-4.702799022197723389e-03,-1.365285646170377731e-02,8.012357950210571289e-01,-2.367450296878814697e-02,4.062249884009361267e-02,6.711722612380981445e-01,7.398088574409484863e-01,3.934601321816444397e-03,1.494883652776479721e-02,1.978811323642730713e-01,3.038476780056953430e-02,-5.530443042516708374e-02,4.226085729897022247e-03,-3.986380621790885925e-02,-3.958679363131523132e-02,-1.428350061178207397e-01,5.249318107962608337e-02,-6.282086949795484543e-03,1.141114309430122375e-01,-2.938076481223106384e-02,-3.269014507532119751e-02,-6.071925535798072815e-02,-3.537575900554656982e-02,3.016666471958160400e-01,-3.654599785804748535e-01,1.040426135063171387e+00,9.447674453258514404e-02,-1.478561758995056152e-01,9.945925325155258179e-02,6.183062866330146790e-02,-3.354169726371765137e-01,4.642255902290344238e-01,1.025132536888122559e+00,-6.329332292079925537e-02,-1.001592651009559631e-01,-7.094497978687286377e-02
-4.664257168769836426e-03,-1.371276471763849258e-02,8.012310266494750977e-01,-2.386747673153877258e-02,4.063168913125991821e-02,6.716909408569335938e-01,7.393312454223632812e-01,3.251197515055537224e-03,1.523551251739263535e-02,1.974771171808242798e-01,3.059959597885608673e-02,-5.581908673048019409e-02,3.231385722756385803e-03,-4.029361531138420105e-02,-3.947068378329277039e-02,-1.436473131179809570e-01,5.305278301239013672e-02,-6.274029146879911423e-03,1.141760200262069702e-01,-2.825733460485935211e-02,-3.197454288601875305e-02,-6.101300567388534546e-02,-3.465634956955909729e-02,3.015845119953155518e-01,-3.624294102191925049e-01,1.039031863212585449e+00,9.634516388177871704e-02,-1.487009674310684204e-01,1.005838885903358459e-01,6.310194730758666992e-02,-3.352892100811004639e-01,4.623335003852844238e-01,1.023996353149414062e+00,-6.309416145086288452e-02,-1.007935404777526855e-01,-7.098872214555740356e-02
-4.116708412766456604e-03,-1.352857891470193863e-02,8.012387156486511230e-01,-2.382836863398551941e-02,4.101918637752532959e-02,6.717714071273803711e-01,7.392380237579345703e-01,2.543769078329205513e-03,1.539757754653692245e-02,1.969882845878601074e-01,3.140503913164138794e-02,-5.562815070152282715e-02,2.227612072601914406e-03,-4.086866602301597595e-02,-3.949814289808273315e-02,-1.439736336469650269e-01,5.377591401338577271e-02,-6.999025121331214905e-03,1.137979179620742798e-01,-2.682331576943397522e-02,-3.141432628035545349e-02,-6.100448593497276306e-02,-3.115708194673061371e-02,3.026621937751770020e-01,-3.561829924583435059e-01,1.037688016891479492e+00,9.464669972658157349e-02,-1.488289982080459595e-01,1.021372526884078979e-01,6.437108665704727173e-02,-3.342752158641815186e-01,4.594053626060485840e-01,1.022152066230773926e+00,-6.062223389744758606e-02,-1.009066030383110046e-01,-7.119130343198776245e-02
-3.939114976674318314e-03,-1.349739171564579010e-02,8.012470006942749023e-01,-2.405023761093616486e-02,4.153409227728843689e-02,6.720091104507446289e-01,7.389859557151794434e-01,1.431930344551801682e-03,1.514086127281188965e-02,1.963404864072799683e-01,3.100335039198398590e-02,-5.488052219152450562e-02,6.675878539681434631e-04,-4.206569865345954895e-02,-3.989363089203834534e-02,-1.448842287063598633e-01,5.416150018572807312e-02,-7.516421843320131302e-03,1.133910343050956726e-01,-2.545976825058460236e-02,-3.120437078177928925e-02,-6.136179342865943909e-02,-2.447197400033473969e-02,3.069763779640197754e-01,-3.490123450756072998e-01,1.036591172218322754e+00,9.549421817064285278e-02,-1.484596878290176392e-01,1.036063879728317261e-01,6.472906470298767090e-02,-3.337004482746124268e-01,4.555284976959228516e-01,1.020452380180358887e+00,-5.693914741277694702e-02,-9.967103600502014160e-02,-7.095962017774581909e-02
-3.747239941731095314e-03,-1.379355601966381073e-02,8.012020587921142578e-01,-2.399054914712905884e-02,4.176049679517745972e-02,6.720833778381347656e-01,7.389075756072998047e-01,6.029416108503937721e-04,1.497242599725723267e-02,1.953386515378952026e-01,3.120948746800422668e-02,-5.556216463446617126e-02,-4.718468117062002420e-04,-4.342659190297126770e-02,-4.017872735857963562e-02,-1.447391360998153687e-01,5.552608519792556763e-02,-8.779357187449932098e-03,1.117981970310211182e-01,-2.498260885477066040e-02,-3.061362914741039276e-02,-6.179479509592056274e-02,-1.397589500993490219e-02,3.151351511478424072e-01,-3.378417193889617920e-01,1.039197206497192383e+00,9.341992437839508057e-02,-1.485120207071304321e-01,1.068463101983070374e-01,6.413732469081878662e-02,-3.334502875804901123e-01,4.522100985050201416e-01,1.016113638877868652e+00,-5.296948924660682678e-02,-1.001824438571929932e-01,-7.104094326496124268e-02
-2.768395002931356430e-03,-1.369404420256614685e-02,8.012227416038513184e-01,-2.381571941077709198e-02,4.244852066040039062e-02,6.719621419906616211e-01,7.389842867851257324e-01,-1.035194960422813892e-03,1.535688713192939758e-02,1.954187601804733276e-01,3.340711817145347595e-02,-5.526445433497428894e-02,-2.217259723693132401e-03,-4.445663094520568848e-02,-4.028135538101196289e-02,-1.456144303083419800e-01,5.637461319565773010e-02,-1.031394954770803452e-02,1.097828745841979980e-01,-2.426270395517349243e-02,-3.022582083940505981e-02,-6.167993694543838501e-02,-2.034759614616632462e-03,3.223899304866790771e-01,-3.202539086341857910e-01,1.043401360511779785e+00,8.427101373672485352e-02,-1.456284373998641968e-01,1.073780134320259094e-01,6.394425779581069946e-02,-3.322162330150604248e-01,4.476728141307830811e-01,1.009886264801025391e+00,-4.636398330330848694e-02,-9.797044098377227783e-02,-7.037593424320220947e-02
-1.886223326437175274e-03,-1.305983122438192368e-02,8.012514710426330566e-01,-2.382988855242729187e-02,4.311479255557060242e-02,6.711654663085937500e-01,7.396689653396606445e-01,-1.689610537141561508e-03,1.589864306151866913e-02,1.947910487651824951e-01,3.509612008929252625e-02,-5.558202043175697327e-02,-2.492790110409259796e-03,-4.639293998479843140e-02,-4.003097489476203918e-02,-1.444416791200637817e-01,5.942841619253158569e-02,-1.242320239543914795e-02,1.086386591196060181e-01,-2.433514781296253204e-02,-2.994461171329021454e-02,-6.098780408501625061e-02,1.044500898569822311e-02,3.303914070129394531e-01,-3.017361760139465332e-01,1.058270335197448730e+00,7.860358804464340210e-02,-1.426792442798614502e-01,1.080026626586914062e-01,6.339841336011886597e-02,-3.315989077091217041e-01,4.447434246540069580e-01,1.002403378486633301e+00,-3.893419355154037476e-02,-9.765321761369705200e-02,-6.983633339405059814e-02
-8.943183347582817078e-04,-1.305846590548753738e-02,8.012691736221313477e-01,-2.398610115051269531e-02,4.360836371779441833e-02,6.715440750122070312e-01,7.392911911010742188e-01,-3.355907974764704704e-03,1.669729128479957581e-02,1.924036443233489990e-01,3.609839081764221191e-02,-5.609871447086334229e-02,-7.755201659165322781e-04,-4.788923636078834534e-02,-3.933875635266304016e-02,-1.450666636228561401e-01,6.104229018092155457e-02,-1.424058433622121811e-02,1.047969162464141846e-01,-2.421665936708450317e-02,-2.912750095129013062e-02,-6.111476197838783264e-02,1.915249042212963104e-02,3.436949551105499268e-01,-2.791156470775604248e-01,1.071615695953369141e+00,6.262071430683135986e-02,-1.398102939128875732e-01,1.082048863172531128e-01,6.246716901659965515e-02,-3.322269320487976074e-01,4.428262114524841309e-01,9.949276447296142578e-01,-3.398816287517547607e-02,-9.551145136356353760e-02,-7.044687867164611816e-02
3.263457911089062691e-04,-1.209004782140254974e-02,8.014195561408996582e-01,-2.396340481936931610e-02,4.408144578337669373e-02,6.708996295928955078e-01,7.398487925529479980e-01,-2.795870648697018623e-03,1.757897064089775085e-02,1.899264007806777954e-01,3.665509819984436035e-02,-5.456569045782089233e-02,1.801950042136013508e-03,-4.940516501665115356e-02,-3.835200518369674683e-02,-1.428826898336410522e-01,6.502099335193634033e-02,-1.560286711901426315e-02,1.018070355057716370e-01,-2.483514137566089630e-02,-2.855147421360015869e-02,-6.060114875435829163e-02,2.940172888338565826e-02,3.609726428985595703e-01,-2.543294727802276611e-01,1.092546224594116211e+00,4.836972430348396301e-02,-1.316628158092498779e-01,1.083715260028839111e-01,6.003046035766601562e-02,-3.320668637752532959e-01,4.421446323394775391e-01,9.919803142547607422e-01,-3.410593792796134949e-02,-8.953349292278289795e-02,-7.039278000593185425e-02
5.783275119028985500e-04,-1.161770988255739212e-02,8.014976382255554199e-01,-2.413779310882091522e-02,4.428609833121299744e-02,6.696471571922302246e-01,7.409647703170776367e-01,-4.130154382437467575e-03,1.873820275068283081e-02,1.915138363838195801e-01,4.086178913712501526e-02,-5.636940896511077881e-02,3.191124647855758667e-03,-5.107734352350234985e-02,-3.753069043159484863e-02,-1.393785774707794189e-01,6.721036881208419800e-02,-1.575770974159240723e-02,9.956888854503631592e-02,-2.323178388178348541e-02,-2.833128720521926880e-02,-5.927808210253715515e-02,3.255785629153251648e-02,3.850812315940856934e-01,-2.237481176853179932e-01,1.117908596992492676e+00,2.794950269162654877e-02,-1.295192986726760864e-01,1.196134909987449646e-01,5.700353533029556274e-02,-3.331246078014373779e-01,4.420484900474548340e-01,9.906389713287353516e-01,-3.273781388998031616e-02,-8.897237479686737061e-02,-7.613423466682434082e-02
9.673556778579950333e-04,-1.010228507220745087e-02,8.016757369041442871e-01,-2.480413950979709625e-02,4.503214359283447266e-02,6.692689061164855957e-01,7.412394881248474121e-01,-5.680504254996776581e-03,1.948780380189418793e-02,1.919071674346923828e-01,4.434826225042343140e-02,-5.640397965908050537e-02,5.231257062405347824e-03,-5.244357511401176453e-02,-3.698926046490669250e-02,-1.369540840387344360e-01,6.920725107192993164e-02,-1.562260743230581284e-02,9.516739845275878906e-02,-2.391297742724418640e-02,-2.828487381339073181e-02,-5.941592156887054443e-02,3.607759624719619751e-02,4.113849997520446777e-01,-1.925794482231140137e-01,1.148286104202270508e+00,9.302959777414798737e-03,-1.253613978624343872e-01,1.271539926528930664e-01,5.651883035898208618e-02,-3.334546387195587158e-01,4.444350302219390869e-01,9.926445484161376953e-01,-3.590895235538482666e-02,-8.446884155273437500e-02,-7.502263039350509644e-02
1.568914158269762993e-04,-9.914457798004150391e-03,8.017603158950805664e-01,-2.530204318463802338e-02,4.430466517806053162e-02,6.694572567939758301e-01,7.410963773727416992e-01,-7.490577641874551773e-03,2.053155004978179932e-02,1.898713409900665283e-01,4.903633520007133484e-02,-5.920929834246635437e-02,8.881732821464538574e-03,-5.322929471731185913e-02,-3.649419546127319336e-02,-1.373398751020431519e-01,7.216326892375946045e-02,-1.489671319723129272e-02,9.285239875316619873e-02,-2.303357422351837158e-02,-2.804609201848506927e-02,-5.840319767594337463e-02,3.393760696053504944e-02,4.399566352367401123e-01,-1.610102504491806030e-01,1.173167824745178223e+00,-1.123130228370428085e-02,-1.250786632299423218e-01,1.370526105165481567e-01,5.673320591449737549e-02,-3.359730541706085205e-01,4.440263807773590088e-01,9.929388761520385742e-01,-3.728942573070526123e-02,-8.671186864376068115e-02,-7.928066700696945190e-02
7.495734025724232197e-04,-1.116865500807762146e-02,8.017514348030090332e-01,-2.516678348183631897e-02,4.328608140349388123e-02,6.708716154098510742e-01,7.398812174797058105e-01,-7.845986634492874146e-03,2.277304977178573608e-02,1.901345103979110718e-01,4.917903244495391846e-02,-6.036825850605964661e-02,1.001538988202810287e-02,-5.321693792939186096e-02,-3.464510291814804077e-02,-1.385031640529632568e-01,7.352159172296524048e-02,-1.411165203899145126e-02,8.910340815782546997e-02,-2.306329458951950073e-02,-2.597053907811641693e-02,-5.842632055282592773e-02,2.894065901637077332e-02,4.741578400135040283e-01,-1.294872611761093140e-01,1.193718910217285156e+00,-2.728367224335670471e-02,-1.220298483967781067e-01,1.484208554029464722e-01,5.623855069279670715e-02,-3.359385728836059570e-01,4.462415277957916260e-01,9.957037568092346191e-01,-3.761867433786392212e-02,-8.420437574386596680e-02,-7.545710355043411255e-02
4.121448146179318428e-04,-1.015533134341239929e-02,8.017833232879638672e-01,-2.572581917047500610e-02,4.303331673145294189e-02,6.701805591583251953e-01,7.405027747154235840e-01,-5.814692936837673187e-03,2.334527298808097839e-02,1.886134147644042969e-01,4.735547304153442383e-02,-6.083683669567108154e-02,1.233715098351240158e-02,-5.345332622528076172e-02,-3.362850472331047058e-02,-1.364873796701431274e-01,7.534847408533096313e-02,-1.425220351666212082e-02,8.876767009496688843e-02,-2.167795225977897644e-02,-2.465908788144588470e-02,-5.651384964585304260e-02,2.249778248369693756e-02,5.137954950332641602e-01,-1.022547632455825806e-01,1.202378392219543457e+00,-3.558410704135894775e-02,-1.209815666079521179e-01,1.609420031309127808e-01,5.640362948179244995e-02,-3.366314172744750977e-01,4.476436674594879150e-01,1.003142952919006348e+00,-3.586738184094429016e-02,-8.282732963562011719e-02,-7.496995478868484497e-02
6.095567368902266026e-04,-1.217097509652376175e-02,8.018003702163696289e-01,-2.473395317792892456e-02,4.206641018390655518e-02,6.717200279235839844e-01,7.391960620880126953e-01,-7.660130038857460022e-03,2.360855415463447571e-02,1.865927875041961670e-01,4.980620741844177246e-02,-5.954826250672340393e-02,1.387214940041303635e-02,-5.548921599984169006e-02,-3.422173485159873962e-02,-1.377213895320892334e-01,8.094137161970138550e-02,-1.509834080934524536e-02,8.229515701532363892e-02,-2.126645483076572418e-02,-2.333998121321201324e-02,-5.507050082087516785e-02,1.661764457821846008e-02,5.573086738586425781e-01,-6.743897497653961182e-02,1.207647681236267090e+00,-5.458015203475952148e-02,-1.173439323902130127e-01,1.804375499486923218e-01,5.431896820664405823e-02,-3.364128768444061279e-01,4.466058611869812012e-01,1.007607102394104004e+00,-3.303738310933113098e-02,-8.208174258470535278e-02,-7.538516074419021606e-02
-2.636096905916929245e-04,-1.214842032641172409e-02,8.017046451568603516e-01,-2.521392144262790680e-02,4.145852103829383850e-02,6.725152134895324707e-01,7.384908199310302734e-01,-7.125916425138711929e-03,2.376456186175346375e-02,1.849893778562545776e-01,4.838949069380760193e-02,-6.147455051541328430e-02,1.331331208348274231e-02,-5.625895783305168152e-02,-3.428512811660766602e-02,-1.386377513408660889e-01,8.382020890712738037e-02,-1.636838167905807495e-02,8.309399336576461792e-02,-2.044045552611351013e-02,-2.131622470915317535e-02,-5.216318741440773010e-02,2.603230299428105354e-03,6.013656258583068848e-01,-3.399245440959930420e-02,1.209148287773132324e+00,-7.640638202428817749e-02,-1.145897358655929565e-01,2.048872858285903931e-01,5.503125116229057312e-02,-3.370378315448760986e-01,4.462945163249969482e-01,1.013971328735351562e+00,-2.683120220899581909e-02,-8.493803441524505615e-02,-7.771627604961395264e-02
-9.471981902606785297e-04,-1.320938952267169952e-02,8.016243577003479004e-01,-2.525935694575309753e-02,4.070676490664482117e-02,6.731510758399963379e-01,7.379515767097473145e-01,-7.157715037465095520e-03,2.434057742357254028e-02,1.878735125064849854e-01,4.743660986423492432e-02,-6.260380893945693970e-02,1.020474638789892197e-02,-5.658617615699768066e-02,-3.429560363292694092e-02,-1.401319950819015503e-01,8.408915996551513672e-02,-1.553805917501449585e-02,8.354474604129791260e-02,-1.967117190361022949e-02,-1.955304667353630066e-02,-5.011078342795372009e-02,-6.205822341144084930e-03,6.442574262619018555e-01,-1.094943098723888397e-02,1.199851274490356445e+00,-8.245815336704254150e-02,-1.159106716513633728e-01,2.201262265443801880e-01,5.217423662543296814e-02,-3.369702398777008057e-01,4.462218284606933594e-01,1.021242618560791016e+00,-2.231190912425518036e-02,-8.603306859731674194e-02,-7.443772256374359131e-02
-1.651553320698440075e-03,-1.371738687157630920e-02,8.015436530113220215e-01,-2.555300481617450714e-02,4.046498611569404602e-02,6.739065051078796387e-01,7.372649312019348145e-01,-7.671665865927934647e-03,2.455336973071098328e-02,1.924393624067306519e-01,4.652625322341918945e-02,-6.286567449569702148e-02,6.365214940160512924e-03,-5.698506534099578857e-02,-3.506164625287055969e-02,-1.438108235597610474e-01,8.410108089447021484e-02,-1.552671380341053009e-02,8.577759563922882080e-02,-1.973538100719451904e-02,-1.803682371973991394e-02,-5.054125934839248657e-02,-2.690744027495384216e-02,6.870895624160766602e-01,1.616131886839866638e-02,1.193690776824951172e+00,-1.028211936354637146e-01,-1.140027120709419250e-01,2.408172041177749634e-01,5.262311920523643494e-02,-3.371272385120391846e-01,4.469138681888580322e-01,1.026184320449829102e+00,-1.745543815195560455e-02,-8.549880236387252808e-02,-7.288939505815505981e-02
-1.423382549546658993e-03,-1.390669029206037521e-02,8.015438318252563477e-01,-2.579632773995399475e-02,4.072365909814834595e-02,6.744112968444824219e-01,7.367805242538452148e-01,-9.386378340423107147e-03,2.502732165157794952e-02,1.923697739839553833e-01,4.742346331477165222e-02,-6.261489540338516235e-02,3.587389132007956505e-03,-5.798505619168281555e-02,-3.515337780117988586e-02,-1.458609551191329956e-01,8.448160439729690552e-02,-1.534161064773797989e-02,8.552556484937667847e-02,-1.914385333657264709e-02,-1.568993926048278809e-02,-4.771338775753974915e-02,-4.307394847273826599e-02,7.252361774444580078e-01,3.563293442130088806e-02,1.186949372291564941e+00,-1.171871200203895569e-01,-1.149933040142059326e-01,2.587077915668487549e-01,5.365878343582153320e-02,-3.378992974758148193e-01,4.486584961414337158e-01,1.023616194725036621e+00,-1.103680487722158432e-02,-8.654763549566268921e-02,-7.190868258476257324e-02
-2.548028714954853058e-03,-1.535576116293668747e-02,8.014926314353942871e-01,-2.550159394741058350e-02,3.931639716029167175e-02,6.752092838287353516e-01,7.361360192298889160e-01,-7.835081778466701508e-03,2.494128048419952393e-02,1.918869912624359131e-01,4.439893364906311035e-02,-6.122415512800216675e-02,8.671919349581003189e-04,-5.672328546643257141e-02,-3.551640361547470093e-02,-1.492610573768615723e-01,8.401843905448913574e-02,-1.386018283665180206e-02,8.751912415027618408e-02,-2.207981795072555542e-02,-1.428294181823730469e-02,-4.820951074361801147e-02,-7.065280526876449585e-02,7.629172801971435547e-01,4.851659387350082397e-02,1.177142024040222168e+00,-1.344338506460189819e-01,-1.172114536166191101e-01,2.764361798763275146e-01,4.954795166850090027e-02,-3.377088010311126709e-01,4.473839402198791504e-01,1.031238794326782227e+00,-1.223781052976846695e-02,-8.474308252334594727e-02,-7.466101646423339844e-02
-3.341492498293519020e-03,-1.747714541852474213e-02,8.014914989471435547e-01,-2.475145272910594940e-02,3.780340775847434998e-02,6.754458546638488770e-01,7.360239028930664062e-01,-9.469464421272277832e-03,2.581089548766613007e-02,1.936853975057601929e-01,4.882560670375823975e-02,-6.234967336058616638e-02,-1.154435740318149328e-04,-5.617995932698249817e-02,-3.516914695501327515e-02,-1.473005563020706177e-01,8.340503275394439697e-02,-1.069847680628299713e-02,8.645550161600112915e-02,-2.384584583342075348e-02,-1.339011359959840775e-02,-4.631872102618217468e-02,-9.695270657539367676e-02,7.962331175804138184e-01,5.685935541987419128e-02,1.167262196540832520e+00,-1.521356701850891113e-01,-1.199616864323616028e-01,2.960239648818969727e-01,4.272356629371643066e-02,-3.384921252727508545e-01,4.490251839160919189e-01,1.035657763481140137e+00,-1.464335992932319641e-02,-8.209794759750366211e-02,-7.673011720180511475e-02
-4.547940567135810852e-03,-1.843511871993541718e-02,8.015117049217224121e-01,-2.464670687913894653e-02,3.703688830137252808e-02,6.760066151618957520e-01,7.355514168739318848e-01,-1.052398327738046646e-02,2.509935945272445679e-02,1.927541345357894897e-01,5.026393011212348938e-02,-6.265211105346679688e-02,8.070758194662630558e-04,-5.535898730158805847e-02,-3.592707216739654541e-02,-1.479367613792419434e-01,8.177831768989562988e-02,-8.487789891660213470e-03,8.480525761842727661e-02,-2.431234158575534821e-02,-1.247529219835996628e-02,-4.531738534569740295e-02,-1.222361028194427490e-01,8.238670825958251953e-01,6.608904898166656494e-02,1.156439065933227539e+00,-1.768813729286193848e-01,-1.238299533724784851e-01,3.057404756546020508e-01,4.018046706914901733e-02,-3.409605622291564941e-01,4.487766325473785400e-01,1.036425948143005371e+00,-1.579515635967254639e-02,-8.222348988056182861e-02,-7.203245162963867188e-02
-5.364895332604646683e-03,-1.941531337797641754e-02,8.014606237411499023e-01,-2.465876750648021698e-02,3.621616959571838379e-02,6.767404079437255859e-01,7.349168658256530762e-01,-1.099389046430587769e-02,2.500064298510551453e-02,1.910583078861236572e-01,5.021862313151359558e-02,-6.344870477914810181e-02,1.110377954319119453e-03,-5.420502647757530212e-02,-3.565761819481849670e-02,-1.473450809717178345e-01,7.952974736690521240e-02,-6.851668003946542740e-03,8.498655259609222412e-02,-2.814361266791820526e-02,-1.211491227149963379e-02,-4.484450444579124451e-02,-1.583134084939956665e-01,8.494440317153930664e-01,6.494377553462982178e-02,1.149446964263916016e+00,-1.928059160709381104e-01,-1.256016343832015991e-01,3.216947317123413086e-01,3.607587888836860657e-02,-3.418067991733551025e-01,4.539785385131835938e-01,1.041196584701538086e+00,-2.035711705684661865e-02,-8.151580393314361572e-02,-7.368717342615127563e-02
-5.280083511024713516e-03,-2.015923522412776947e-02,8.014801740646362305e-01,-2.423656173050403595e-02,3.599373996257781982e-02,6.769267320632934570e-01,7.347701787948608398e-01,-1.181833166629076004e-02,2.538186870515346527e-02,1.945737749338150024e-01,5.195354670286178589e-02,-6.205939874053001404e-02,-2.414477756246924400e-03,-5.336989462375640869e-02,-3.607585653662681580e-02,-1.504296213388442993e-01,7.815991342067718506e-02,-5.891591776162385941e-03,8.488091826438903809e-02,-2.977515384554862976e-02,-1.175626460462808609e-02,-4.523383080959320068e-02,-2.024030685424804688e-01,8.717926740646362305e-01,6.138473376631736755e-02,1.141031622886657715e+00,-2.050231248140335083e-01,-1.293534040451049805e-01,3.406565785408020020e-01,3.158921003341674805e-02,-3.389416635036468506e-01,4.590938687324523926e-01,1.049782395362854004e+00,-2.576139383018016815e-02,-7.993499934673309326e-02,-7.637961208820343018e-02
-5.346072372049093246e-03,-2.112930454313755035e-02,8.014187812805175781e-01,-2.388698421418666840e-02,3.553725779056549072e-02,6.786805987358093262e-01,7.331842184066772461e-01,-1.174913812428712845e-02,2.460580319166183472e-02,1.914091408252716064e-01,4.983680695295333862e-02,-6.091711670160293579e-02,-3.303745761513710022e-03,-5.143254622817039490e-02,-3.617449104785919189e-02,-1.505310237407684326e-01,7.540162652730941772e-02,-5.684886127710342407e-03,8.284592628479003906e-02,-3.358136862516403198e-02,-1.178667787462472916e-02,-4.541590064764022827e-02,-2.519011199474334717e-01,8.891155719757080078e-01,5.056178197264671326e-02,1.128159165382385254e+00,-2.190807163715362549e-01,-1.321550607681274414e-01,3.531007468700408936e-01,2.776936441659927368e-02,-3.366816341876983643e-01,4.655194580554962158e-01,1.056727647781372070e+00,-2.983027324080467224e-02,-7.739147543907165527e-02,-7.370983809232711792e-02
-4.902849905192852020e-03,-2.206604368984699249e-02,8.014085888862609863e-01,-2.292226999998092651e-02,3.534491732716560364e-02,6.789728403091430664e-01,7.329537272453308105e-01,-1.167328096926212311e-02,2.391914278268814087e-02,1.904180645942687988e-01,5.026844143867492676e-02,-5.927968397736549377e-02,-3.738543251529335976e-03,-5.080448091030120850e-02,-3.688970953226089478e-02,-1.511661112308502197e-01,7.555631548166275024e-02,-6.610769778490066528e-03,8.178631216287612915e-02,-3.576408326625823975e-02,-1.152512431144714355e-02,-4.496875777840614319e-02,-3.013234436511993408e-01,9.016523957252502441e-01,3.719650954008102417e-02,1.115387678146362305e+00,-2.311453223228454590e-01,-1.357337087392807007e-01,3.664529025554656982e-01,2.368497662246227264e-02,-3.340449333190917969e-01,4.692842066287994385e-01,1.061136841773986816e+00,-3.088380768895149231e-02,-7.530486583709716797e-02,-7.094181329011917114e-02
-4.853211808949708939e-03,-2.321274392306804657e-02,8.013799190521240234e-01,-2.203195914626121521e-02,3.512344136834144592e-02,6.802471280097961426e-01,7.318092584609985352e-01,-1.178195793181657791e-02,2.260974980890750885e-02,1.907828301191329956e-01,4.963783919811248779e-02,-5.694635957479476929e-02,-6.246793083846569061e-03,-4.875058308243751526e-02,-3.828134387731552124e-02,-1.538359820842742920e-01,7.289478927850723267e-02,-6.735654082149267197e-03,8.015782386064529419e-02,-4.224401339888572693e-02,-1.055885851383209229e-02,-4.458272084593772888e-02,-3.602242171764373779e-01,9.087741971015930176e-01,1.280166581273078918e-02,1.104510664939880371e+00,-2.388950139284133911e-01,-1.389894634485244751e-01,3.791286051273345947e-01,1.781596615910530090e-02,-3.321939408779144287e-01,4.758717715740203857e-01,1.066110491752624512e+00,-3.490667417645454407e-02,-7.426493614912033081e-02,-6.995902210474014282e-02
-3.277287818491458893e-03,-2.391463890671730042e-02,8.013884425163269043e-01,-2.073859423398971558e-02,3.540413454174995422e-02,6.800172328948974609e-01,7.320471405982971191e-01,-1.092137582600116730e-02,2.269553393125534058e-02,1.932716667652130127e-01,4.953821748495101929e-02,-5.391294509172439575e-02,-8.565059863030910492e-03,-4.875016212463378906e-02,-3.854596242308616638e-02,-1.538708060979843140e-01,7.424783706665039062e-02,-8.466824889183044434e-03,7.932986319065093994e-02,-4.579966142773628235e-02,-9.021974168717861176e-03,-4.185916110873222351e-02,-4.195175766944885254e-01,9.118269681930541992e-01,-1.091537345200777054e-02,1.095067024230957031e+00,-2.438369691371917725e-01,-1.423367708921432495e-01,3.947870433330535889e-01,1.298279780894517899e-02,-3.279330730438232422e-01,4.794738590717315674e-01,1.068079352378845215e+00,-3.400234505534172058e-02,-7.262723892927169800e-02,-7.006081193685531616e-02
-3.077786182984709740e-03,-2.422008849680423737e-02,8.013754487037658691e-01,-2.030650526285171509e-02,3.566125407814979553e-02,6.806872487068176270e-01,7.314237952232360840e-01,-9.557159617543220520e-03,2.110290154814720154e-02,1.916393339633941650e-01,4.552041366696357727e-02,-5.092990770936012268e-02,-9.132936596870422363e-03,-4.779495298862457275e-02,-3.943015635013580322e-02,-1.540160477161407471e-01,7.251659780740737915e-02,-8.848797529935836792e-03,7.854548096656799316e-02,-5.535352602601051331e-02,-7.525247521698474884e-03,-4.209770634770393372e-02,-4.925382733345031738e-01,9.097038507461547852e-01,-4.795423895120620728e-02,1.091387391090393066e+00,-2.500061392784118652e-01,-1.406462490558624268e-01,4.039534926414489746e-01,7.033971138298511505e-03,-3.269816040992736816e-01,4.892772436141967773e-01,1.072413325309753418e+00,-3.600341081619262695e-02,-6.857513636350631714e-02,-6.691720336675643921e-02
-1.726643182337284088e-03,-2.465465292334556580e-02,8.013991713523864746e-01,-1.948938146233558655e-02,3.614570945501327515e-02,6.805050969123840332e-01,7.315917611122131348e-01,-8.160461671650409698e-03,2.093697711825370789e-02,1.933504641056060791e-01,4.248399659991264343e-02,-4.594988003373146057e-02,-1.170719135552644730e-02,-4.653066769242286682e-02,-3.952125087380409241e-02,-1.565954089164733887e-01,7.013052701950073242e-02,-9.145477786660194397e-03,7.854615151882171631e-02,-6.466110050678253174e-02,-6.683360319584608078e-03,-4.292540252208709717e-02,-5.700387358665466309e-01,9.060522913932800293e-01,-8.589672297239303589e-02,1.095222592353820801e+00,-2.508789896965026855e-01,-1.381314247846603394e-01,4.134843051433563232e-01,-4.180119431111961603e-04,-3.236472904682159424e-01,5.003072023391723633e-01,1.078045010566711426e+00,-4.255285114049911499e-02,-6.211249530315399170e-02,-6.384272128343582153e-02
-1.820343313738703728e-03,-2.395806834101676941e-02,8.014761805534362793e-01,-1.967252418398857117e-02,3.605052828788757324e-02,6.815958619117736816e-01,7.305754423141479492e-01,-5.349387414753437042e-03,1.950402185320854187e-02,1.846698224544525146e-01,3.635395690798759460e-02,-4.208146780729293823e-02,-1.004116609692573547e-02,-4.486582055687904358e-02,-3.919658809900283813e-02,-1.544954776763916016e-01,6.952638924121856689e-02,-9.447473101317882538e-03,7.852262258529663086e-02,-7.637435197830200195e-02,-6.768499035388231277e-03,-4.172801226377487183e-02,-6.548066139221191406e-01,8.923261165618896484e-01,-1.388815045356750488e-01,1.106431603431701660e+00,-2.355082333087921143e-01,-1.345592141151428223e-01,4.160737693309783936e-01,-6.088240072131156921e-03,-3.225080072879791260e-01,5.130517482757568359e-01,1.084175944328308105e+00,-4.866912215948104858e-02,-6.057106703519821167e-02,-6.261902302503585815e-02
-9.437925182282924652e-04,-2.401498146355152130e-02,8.015148639678955078e-01,-1.917196623980998993e-02,3.586469218134880066e-02,6.824901103973388672e-01,7.297625541687011719e-01,-3.872255794703960419e-03,1.957401633262634277e-02,1.821625977754592896e-01,3.464325144886970520e-02,-4.067290574312210083e-02,-9.630202315747737885e-03,-4.274331778287887573e-02,-3.857153654098510742e-02,-1.549734771251678467e-01,6.835072487592697144e-02,-9.408159181475639343e-03,7.707045972347259521e-02,-8.735957741737365723e-02,-6.289297714829444885e-03,-3.990178182721138000e-02,-7.341210842132568359e-01,8.640120029449462891e-01,-1.891562193632125854e-01,1.116812109947204590e+00,-2.296359539031982422e-01,-1.322325766086578369e-01,4.127055108547210693e-01,-1.472154911607503891e-02,-3.181412518024444580e-01,5.251550674438476562e-01,1.091638445854187012e+00,-5.039014294743537903e-02,-5.891208723187446594e-02,-5.830694362521171570e-02
-1.717863138765096664e-03,-2.459460496902465820e-02,8.015865683555603027e-01,-1.904480159282684326e-02,3.543298318982124329e-02,6.825206279754638672e-01,7.297584414482116699e-01,-4.042806569486856461e-03,1.889774389564990997e-02,1.819932013750076294e-01,3.483434766530990601e-02,-3.945188224315643311e-02,-8.768488653004169464e-03,-4.165291041135787964e-02,-3.868630900979042053e-02,-1.523971557617187500e-01,6.589129567146301270e-02,-7.441400084644556046e-03,7.823018729686737061e-02,-9.733004868030548096e-02,-6.687498651444911957e-03,-3.739338368177413940e-02,-8.081974387168884277e-01,8.337420821189880371e-01,-2.420905083417892456e-01,1.136236071586608887e+00,-2.183573544025421143e-01,-1.307993680238723755e-01,4.095531404018402100e-01,-2.481714449822902679e-02,-3.186484575271606445e-01,5.370821952819824219e-01,1.096632361412048340e+00,-5.796326696872711182e-02,-6.062773615121841431e-02,-6.112827360630035400e-02
-2.383278682827949524e-03,-2.590442448854446411e-02,8.016955852508544922e-01,-1.816727966070175171e-02,3.427989035844802856e-02,6.818587183952331543e-01,7.304543256759643555e-01,-3.563471138477325439e-03,1.870269142091274261e-02,1.820336431264877319e-01,3.706143796443939209e-02,-3.907113894820213318e-02,-6.375686265528202057e-03,-4.130740091204643250e-02,-3.881314024329185486e-02,-1.494201272726058960e-01,6.687752157449722290e-02,-5.538600496947765350e-03,7.902563363313674927e-02,-1.096165031194686890e-01,-7.481009699404239655e-03,-3.305016830563545227e-02,-8.728742003440856934e-01,7.946882843971252441e-01,-2.969508767127990723e-01,1.162087559700012207e+00,-2.084890604019165039e-01,-1.285938322544097900e-01,3.967764377593994141e-01,-3.709105029702186584e-02,-3.191826343536376953e-01,5.457174181938171387e-01,1.097753763198852539e+00,-6.295412033796310425e-02,-6.257905066013336182e-02,-5.869354307651519775e-02
-2.756572328507900238e-03,-2.535626292228698730e-02,8.017964959144592285e-01,-1.873360387980937958e-02,3.432494774460792542e-02,6.818976998329162598e-01,7.304015159606933594e-01,-3.320631571114063263e-03,1.895911432802677155e-02,1.828180402517318726e-01,3.626167774200439453e-02,-3.823645412921905518e-02,-8.299269713461399078e-03,-3.994648903608322144e-02,-3.821800276637077332e-02,-1.486074030399322510e-01,6.336291134357452393e-02,-2.157227369025349617e-03,8.224631845951080322e-02,-1.186318621039390564e-01,-7.275531534105539322e-03,-3.204770386219024658e-02,-9.403462409973144531e-01,7.552887201309204102e-01,-3.470578491687774658e-01,1.198682427406311035e+00,-1.805026084184646606e-01,-1.234656646847724915e-01,3.930681645870208740e-01,-4.190955683588981628e-02,-3.201403021812438965e-01,5.564182996749877930e-01,1.101551413536071777e+00,-6.998065114021301270e-02,-6.509149819612503052e-02,-6.073801964521408081e-02
-2.831510500982403755e-03,-2.470225468277931213e-02,8.018232583999633789e-01,-1.956737600266933441e-02,3.449827060103416443e-02,6.810736656188964844e-01,7.311399579048156738e-01,-2.805871888995170593e-03,2.041833475232124329e-02,1.874681264162063599e-01,3.559752181172370911e-02,-4.047790169715881348e-02,-1.102151162922382355e-02,-3.838314488530158997e-02,-3.617228940129280090e-02,-1.446659415960311890e-01,5.748664587736129761e-02,1.828321255743503571e-03,8.354852348566055298e-02,-1.277427971363067627e-01,-6.427397951483726501e-03,-3.078816458582878113e-02,-9.968444108963012695e-01,7.152704000473022461e-01,-3.846359550952911377e-01,1.223166942596435547e+00,-1.823916435241699219e-01,-1.254237741231918335e-01,3.815108835697174072e-01,-4.913701489567756653e-02,-3.183195888996124268e-01,5.667154192924499512e-01,1.106707215309143066e+00,-7.263706624507904053e-02,-6.450798362493515015e-02,-5.507460609078407288e-02
-2.776188310235738754e-03,-2.648000605404376984e-02,8.018974065780639648e-01,-1.934118755161762238e-02,3.456209599971771240e-02,6.803033947944641113e-01,7.318596839904785156e-01,-4.736648406833410263e-03,2.090690843760967255e-02,1.927258223295211792e-01,3.580003604292869568e-02,-3.743362054228782654e-02,-1.605972088873386383e-02,-4.035643488168716431e-02,-3.597857803106307983e-02,-1.439614593982696533e-01,5.570422112941741943e-02,5.490158684551715851e-03,8.440452814102172852e-02,-1.398952305316925049e-01,-6.235848180949687958e-03,-2.946316637098789215e-02,-1.037640571594238281e+00,6.799294948577880859e-01,-4.215745627880096436e-01,1.245503067970275879e+00,-1.821758300065994263e-01,-1.259240657091140747e-01,3.715722560882568359e-01,-6.146713718771934509e-02,-3.177648782730102539e-01,5.770294666290283203e-01,1.106476187705993652e+00,-8.089157193899154663e-02,-6.196370348334312439e-02,-5.160235986113548279e-02
-1.929684076458215714e-03,-2.627910301089286804e-02,8.019608259201049805e-01,-1.929988712072372437e-02,3.584470599889755249e-02,6.786072254180908203e-01,7.333722710609436035e-01,-4.100020043551921844e-03,2.053706906735897064e-02,1.976030170917510986e-01,3.252941370010375977e-02,-3.281657770276069641e-02,-1.958196796476840973e-02,-4.162360727787017822e-02,-3.617762401700019836e-02,-1.436200886964797974e-01,5.356119573116302490e-02,6.158759351819753647e-03,8.923886716365814209e-02,-1.479888409376144409e-01,-6.351489573717117310e-03,-2.997838146984577179e-02,-1.072019100189208984e+00,6.442863941192626953e-01,-4.517055451869964600e-01,1.273450970649719238e+00,-1.733102649450302124e-01,-1.186864599585533142e-01,3.613039851188659668e-01,-6.934691965579986572e-02,-3.153237402439117432e-01,5.886986851692199707e-01,1.111190557479858398e+00,-8.874861896038055420e-02,-5.419113114476203918e-02,-4.568083584308624268e-02
-3.753736964426934719e-04,-2.598396316170692444e-02,8.020647168159484863e-01,-1.953168399631977081e-02,3.701042756438255310e-02,6.776208281517028809e-01,7.342198491096496582e-01,-4.080956336110830307e-03,2.157028950750827789e-02,2.005055695772171021e-01,2.993379905819892883e-02,-2.963476255536079407e-02,-2.181100845336914062e-02,-4.370834305882453918e-02,-3.444315865635871887e-02,-1.378140300512313843e-01,5.265381187200546265e-02,8.051967248320579529e-03,8.921326696872711182e-02,-1.580809652805328369e-01,-7.141063455492258072e-03,-2.927588857710361481e-02,-1.103744745254516602e+00,6.081754565238952637e-01,-4.744113981723785400e-01,1.298086762428283691e+00,-1.626276522874832153e-01,-1.182107552886009216e-01,3.540280759334564209e-01,-7.644835859537124634e-02,-3.093438446521759033e-01,5.990306735038757324e-01,1.115224361419677734e+00,-9.005730599164962769e-02,-5.321760103106498718e-02,-4.765648767352104187e-02
-7.629595347680151463e-04,-2.814652025699615479e-02,8.020504713058471680e-01,-1.914283446967601776e-02,3.569097816944122314e-02,6.769989132881164551e-01,7.348688244819641113e-01,-5.083432886749505997e-03,2.338492497801780701e-02,2.034219056367874146e-01,3.218808025121688843e-02,-3.138687089085578918e-02,-2.236258983612060547e-02,-4.403362795710563660e-02,-3.271957486867904663e-02,-1.346692591905593872e-01,5.150387063622474670e-02,1.156377978622913361e-02,8.914768695831298828e-02,-1.701179295778274536e-01,-6.940742488950490952e-03,-2.656341902911663055e-02,-1.131604075431823730e+00,5.752506256103515625e-01,-4.945251643657684326e-01,1.325620770454406738e+00,-1.568637937307357788e-01,-1.189126893877983093e-01,3.503324091434478760e-01,-8.905145525932312012e-02,-3.090791702270507812e-01,6.090422272682189941e-01,1.115877270698547363e+00,-8.911076933145523071e-02,-5.553217232227325439e-02,-4.960421845316886902e-02
-8.207599166780710220e-04,-2.718110568821430206e-02,8.020507693290710449e-01,-1.952849887311458588e-02,3.557080402970314026e-02,6.756966114044189453e-01,7.360621094703674316e-01,-5.462080705910921097e-03,2.524040080606937408e-02,2.079710662364959717e-01,3.701950982213020325e-02,-3.545385599136352539e-02,-2.269512787461280823e-02,-4.287441074848175049e-02,-3.112114220857620239e-02,-1.305131465196609497e-01,4.992819577455520630e-02,1.165098603814840317e-02,9.056723117828369141e-02,-1.779961436986923218e-01,-7.305384147912263870e-03,-2.412601560354232788e-02,-1.151979088783264160e+00,5.474201440811157227e-01,-5.131614208221435547e-01,1.347761631011962891e+00,-1.421856731176376343e-01,-1.215556487441062927e-01,3.522437214851379395e-01,-9.574887156486511230e-02,-3.065638840198516846e-01,6.143751740455627441e-01,1.122810125350952148e+00,-8.499115705490112305e-02,-5.992467701435089111e-02,-5.558328330516815186e-02
-5.983120063319802284e-04,-2.776871994137763977e-02,8.021025657653808594e-01,-1.904604956507682800e-02,3.522410988807678223e-02,6.744059324264526367e-01,7.372741103172302246e-01,-5.523643456399440765e-03,2.605379559099674225e-02,2.088789492845535278e-01,3.929680958390235901e-02,-3.524659574031829834e-02,-2.315161749720573425e-02,-4.430234059691429138e-02,-3.030193969607353210e-02,-1.256258487701416016e-01,5.249241739511489868e-02,1.117260102182626724e-02,9.115001559257507324e-02,-1.848962754011154175e-01,-8.649178780615329742e-03,-2.309290878474712372e-02,-1.163372755050659180e+00,5.290855169296264648e-01,-5.272743701934814453e-01,1.365678548812866211e+00,-1.293586194515228271e-01,-1.190512701869010925e-01,3.478481769561767578e-01,-1.027433946728706360e-01,-3.030259609222412109e-01,6.138472557067871094e-01,1.125642180442810059e+00,-8.333885669708251953e-02,-6.069504469633102417e-02,-5.443807318806648254e-02
1.124172937124967575e-03,-2.634683437645435333e-02,8.021962046623229980e-01,-1.866836659610271454e-02,3.655614703893661499e-02,6.722356081008911133e-01,7.391985058784484863e-01,-5.964748095721006393e-03,2.671500667929649353e-02,2.098347693681716919e-01,4.330014809966087341e-02,-3.407622128725051880e-02,-2.417641878128051758e-02,-4.638333246111869812e-02,-3.011443465948104858e-02,-1.236799433827400208e-01,5.652241781353950500e-02,7.657573558390140533e-03,9.247361868619918823e-02,-1.892089247703552246e-01,-8.429379202425479889e-03,-2.230690419673919678e-02,-1.180624604225158691e+00,5.149699449539184570e-01,-5.458763241767883301e-01,1.382699728012084961e+00,-1.077271476387977600e-01,-1.140237525105476379e-01,3.420527875423431396e-01,-1.031692251563072205e-01,-3.013564050197601318e-01,6.184208989143371582e-01,1.123190879821777344e+00,-8.387890458106994629e-02,-5.961361154913902283e-02,-5.070559680461883545e-02
2.167492639273405075e-03,-2.612553350627422333e-02,8.022580742835998535e-01,-1.837460137903690338e-02,3.744927421212196350e-02,6.709058284759521484e-01,7.403683662414550781e-01,-6.749128457158803940e-03,2.675452828407287598e-02,2.095394730567932129e-01,4.463915526866912842e-02,-3.241665288805961609e-02,-2.452834323048591614e-02,-4.815976694226264954e-02,-2.998127602040767670e-02,-1.213488951325416565e-01,5.778941884636878967e-02,6.497166585177183151e-03,9.240685403347015381e-02,-1.937873214483261108e-01,-9.809600189328193665e-03,-2.284246496856212616e-02,-1.193958520889282227e+00,4.986379444599151611e-01,-5.564171671867370605e-01,1.395530223846435547e+00,-1.015861928462982178e-01,-1.110054999589920044e-01,3.350757360458374023e-01,-1.061701402068138123e-01,-2.977462708950042725e-01,6.207551956176757812e-01,1.123728275299072266e+00,-8.393304049968719482e-02,-5.871266499161720276e-02,-4.429734498262405396e-02
3.305878723040223122e-03,-2.607395127415657043e-02,8.022670149803161621e-01,-1.785155944526195526e-02,3.781821578741073608e-02,6.696420907974243164e-01,7.415056228637695312e-01,-6.092427298426628113e-03,2.744503691792488098e-02,2.106776386499404907e-01,4.532237723469734192e-02,-3.144486993551254272e-02,-2.626008167862892151e-02,-4.807700216770172119e-02,-2.905999869108200073e-02,-1.185331046581268311e-01,5.744962394237518311e-02,5.483155138790607452e-03,9.287990629673004150e-02,-1.967991888523101807e-01,-1.141505409032106400e-02,-2.225153148174285889e-02,-1.198838591575622559e+00,4.860900938510894775e-01,-5.613854527473449707e-01,1.404509544372558594e+00,-9.732147306203842163e-02,-1.118801087141036987e-01,3.319825828075408936e-01,-1.093542203307151794e-01,-2.940995097160339355e-01,6.224410533905029297e-01,1.124183058738708496e+00,-8.545311540365219116e-02,-6.029011309146881104e-02,-4.287793859839439392e-02
4.367654211819171906e-03,-2.567585371434688568e-02,8.023421764373779297e-01,-1.733128540217876434e-02,3.808868303894996643e-02,6.684537529945373535e-01,7.425755262374877930e-01,-4.725228995084762573e-03,2.801148034632205963e-02,2.113053500652313232e-01,4.559285193681716919e-02,-2.960176765918731689e-02,-2.674240060150623322e-02,-4.824756830930709839e-02,-2.827470004558563232e-02,-1.154108271002769470e-01,5.884733796119689941e-02,4.770142491906881332e-03,9.316921979188919067e-02,-1.986633241176605225e-01,-1.288851350545883179e-02,-2.195498719811439514e-02,-1.202124118804931641e+00,4.771170616149902344e-01,-5.662697553634643555e-01,1.409121036529541016e+00,-9.413792937994003296e-02,-1.106405928730964661e-01,3.300061225891113281e-01,-1.108615472912788391e-01,-2.905780375003814697e-01,6.238504052162170410e-01,1.126394629478454590e+00,-8.640158176422119141e-02,-5.962416902184486389e-02,-4.150431975722312927e-02
5.106336437165737152e-03,-2.546381577849388123e-02,8.023547530174255371e-01,-1.681259460747241974e-02,3.820529952645301819e-02,6.674365401268005371e-01,7.434959411621093750e-01,-3.371213562786579132e-03,2.820369042456150055e-02,2.112472504377365112e-01,4.559411108493804932e-02,-2.851002477109432220e-02,-2.613609656691551208e-02,-4.831747338175773621e-02,-2.786555141210556030e-02,-1.133757159113883972e-01,6.037705019116401672e-02,3.013757290318608284e-03,9.430573880672454834e-02,-2.007571309804916382e-01,-1.528056617826223373e-02,-2.119237743318080902e-02,-1.204526424407958984e+00,4.707296490669250488e-01,-5.692945718765258789e-01,1.411286234855651855e+00,-8.614002913236618042e-02,-1.089148595929145813e-01,3.290922343730926514e-01,-1.126157194375991821e-01,-2.876081168651580811e-01,6.261923313140869141e-01,1.127598404884338379e+00,-8.958712965250015259e-02,-6.004700809717178345e-02,-4.013614356517791748e-02
6.110589019954204559e-03,-2.526868321001529694e-02,8.023692369461059570e-01,-1.638850010931491852e-02,3.876042366027832031e-02,6.663175821304321289e-01,7.444796562194824219e-01,-2.962041413411498070e-03,2.853444218635559082e-02,2.128199934959411621e-01,4.594530537724494934e-02,-2.672039344906806946e-02,-2.762510627508163452e-02,-4.871032014489173889e-02,-2.755642496049404144e-02,-1.119953915476799011e-01,6.067785248160362244e-02,1.849737134762108326e-03,9.530504047870635986e-02,-2.027508616447448730e-01,-1.657906919717788696e-02,-2.133475244045257568e-02,-1.207060098648071289e+00,4.669612646102905273e-01,-5.722092390060424805e-01,1.413056969642639160e+00,-8.326134830713272095e-02,-1.074448674917221069e-01,3.284322023391723633e-01,-1.133700311183929443e-01,-2.851532399654388428e-01,6.274011135101318359e-01,1.126923084259033203e+00,-9.077081084251403809e-02,-5.977888032793998718e-02,-3.884791582822799683e-02
6.234339904040098190e-03,-2.556126751005649567e-02,8.023572564125061035e-01,-1.617208309471607208e-02,3.860785439610481262e-02,6.659163832664489746e-01,7.448511719703674316e-01,-2.892746590077877045e-03,2.887008525431156158e-02,2.134961932897567749e-01,4.655628651380538940e-02,-2.694216929376125336e-02,-2.738622389733791351e-02,-4.880818724632263184e-02,-2.729203738272190094e-02,-1.113361045718193054e-01,6.098292395472526550e-02,1.421231427229940891e-03,9.583340585231781006e-02,-2.039587348699569702e-01,-1.820885762572288513e-02,-2.138154953718185425e-02,-1.208742856979370117e+00,4.632436633110046387e-01,-5.753050446510314941e-01,1.412153601646423340e+00,-7.889523357152938843e-02,-1.069441288709640503e-01,3.299666047096252441e-01,-1.140504106879234314e-01,-2.844506502151489258e-01,6.288093924522399902e-01,1.126091957092285156e+00,-9.115489572286605835e-02,-6.042700260877609253e-02,-3.833345323801040649e-02
6.084807217121124268e-03,-2.584774047136306763e-02,8.023518919944763184e-01,-1.595863886177539825e-02,3.838562220335006714e-02,6.651819348335266113e-01,7.455232143402099609e-01,-2.266383264213800430e-03,2.884037792682647705e-02,2.134851217269897461e-01,4.633223265409469604e-02,-2.678303048014640808e-02,-2.710974402725696564e-02,-4.841862618923187256e-02,-2.707490138709545135e-02,-1.099906265735626221e-01,6.010280922055244446e-02,1.699656946584582329e-03,9.649410843849182129e-02,-2.048191428184509277e-01,-1.978258788585662842e-02,-2.156447805464267731e-02,-1.212304949760437012e+00,4.624140560626983643e-01,-5.783954262733459473e-01,1.411968111991882324e+00,-7.698855549097061157e-02,-1.062089428305625916e-01,3.298709988594055176e-01,-1.152662634849548340e-01,-2.841489911079406738e-01,6.297470927238464355e-01,1.126289725303649902e+00,-9.261714667081832886e-02,-6.002717092633247375e-02,-3.886986896395683289e-02
6.160892546176910400e-03,-2.596635185182094574e-02,8.023647069931030273e-01,-1.558851450681686401e-02,3.818593919277191162e-02,6.644794344902038574e-01,7.461674809455871582e-01,-1.405070419423282146e-03,2.891378104686737061e-02,2.140994668006896973e-01,4.660686850547790527e-02,-2.623498812317848206e-02,-2.729720063507556915e-02,-4.747687652707099915e-02,-2.690038457512855530e-02,-1.090845242142677307e-01,5.919143185019493103e-02,1.762312138453125954e-03,9.717126190662384033e-02,-2.045355588197708130e-01,-2.101523429155349731e-02,-2.118684165179729462e-02,-1.214313387870788574e+00,4.622190594673156738e-01,-5.794534087181091309e-01,1.411136031150817871e+00,-7.794609665870666504e-02,-1.061074808239936829e-01,3.282308578491210938e-01,-1.156053021550178528e-01,-2.836360037326812744e-01,6.293345689773559570e-01,1.126039266586303711e+00,-9.338003396987915039e-02,-6.048787385225296021e-02,-3.808486461639404297e-02
6.556150037795305252e-03,-2.614779770374298096e-02,8.023603558540344238e-01,-1.514324266463518143e-02,3.810726106166839600e-02,6.637192368507385254e-01,7.468569278717041016e-01,-6.062014726921916008e-04,2.911842614412307739e-02,2.143746912479400635e-01,4.681899771094322205e-02,-2.578192576766014099e-02,-2.767751179635524750e-02,-4.688737168908119202e-02,-2.656797692179679871e-02,-1.080153882503509521e-01,5.866611748933792114e-02,1.435325364582240582e-03,9.763455390930175781e-02,-2.048681676387786865e-01,-2.165547758340835571e-02,-2.087036147713661194e-02,-1.216430068016052246e+00,4.635880291461944580e-01,-5.809671282768249512e-01,1.409910321235656738e+00,-8.033436536788940430e-02,-1.063718721270561218e-01,3.261742591857910156e-01,-1.164713799953460693e-01,-2.824877500534057617e-01,6.296057701110839844e-01,1.126354813575744629e+00,-9.293880313634872437e-02,-6.056419759988784790e-02,-3.644195571541786194e-02
7.297855336219072342e-03,-2.647243440151214600e-02,8.023527264595031738e-01,-1.445605326443910599e-02,3.820966929197311401e-02,6.629194617271423340e-01,7.475752830505371094e-01,3.066727658733725548e-04,2.909073047339916229e-02,2.145068496465682983e-01,4.663451015949249268e-02,-2.483006939291954041e-02,-2.813135087490081787e-02,-4.642826318740844727e-02,-2.640434540808200836e-02,-1.069803237915039062e-01,5.821608752012252808e-02,5.853585898876190186e-04,9.736318141222000122e-02,-2.051095515489578247e-01,-2.180507034063339233e-02,-2.010184712707996368e-02,-1.217213749885559082e+00,4.650744199752807617e-01,-5.813621282577514648e-01,1.409327030181884766e+00,-8.354701101779937744e-02,-1.063410937786102295e-01,3.233047425746917725e-01,-1.176806017756462097e-01,-2.808867394924163818e-01,6.294222474098205566e-01,1.125824332237243652e+00,-9.269986301660537720e-02,-6.036160513758659363e-02,-3.496129438281059265e-02
7.289288099855184555e-03,-2.667654678225517273e-02,8.023678660392761230e-01,-1.394714787602424622e-02,3.778885677456855774e-02,6.622536778450012207e-01,7.481961846351623535e-01,1.967796357348561287e-03,2.909610792994499207e-02,2.153142094612121582e-01,4.616114497184753418e-02,-2.413008734583854675e-02,-2.854651398956775665e-02,-4.571655392646789551e-02,-2.630396373569965363e-02,-1.057287231087684631e-01,5.868325755000114441e-02,3.281699609942734241e-04,9.781454503536224365e-02,-2.044864594936370850e-01,-2.283694967627525330e-02,-2.027210406959056854e-02,-1.218402147293090820e+00,4.666368663311004639e-01,-5.807906389236450195e-01,1.407272100448608398e+00,-8.955607563257217407e-02,-1.067138016223907471e-01,3.212384581565856934e-01,-1.182745397090911865e-01,-2.799151837825775146e-01,6.293767094612121582e-01,1.127117514610290527e+00,-9.146588295698165894e-02,-6.088878586888313293e-02,-3.470435366034507751e-02
7.420968730002641678e-03,-2.688238024711608887e-02,8.023682832717895508e-01,-1.352889649569988251e-02,3.764835372567176819e-02,6.617020964622497559e-01,7.486987709999084473e-01,2.510393969714641571e-03,2.907434292137622833e-02,2.158641368150711060e-01,4.672089964151382446e-02,-2.401361986994743347e-02,-2.869318611919879913e-02,-4.527247324585914612e-02,-2.634660713374614716e-02,-1.049402430653572083e-01,5.858483538031578064e-02,-7.373586413450539112e-05,9.809439629316329956e-02,-2.038941979408264160e-01,-2.312174253165721893e-02,-1.986902393400669098e-02,-1.219567656517028809e+00,4.680869579315185547e-01,-5.810574889183044434e-01,1.405327081680297852e+00,-9.320741146802902222e-02,-1.067834943532943726e-01,3.195321559906005859e-01,-1.190562322735786438e-01,-2.791605293750762939e-01,6.294087767601013184e-01,1.128209590911865234e+00,-9.073030203580856323e-02,-6.102198734879493713e-02,-3.374826535582542419e-02
7.273371331393718719e-03,-2.737997472286224365e-02,8.023670315742492676e-01,-1.309140585362911224e-02,3.732115775346755981e-02,6.612910628318786621e-01,7.490860223770141602e-01,3.131681121885776520e-03,2.880383096635341644e-02,2.159622013568878174e-01,4.662960022687911987e-02,-2.362085320055484772e-02,-2.845074795186519623e-02,-4.497040808200836182e-02,-2.658548764884471893e-02,-1.045706644654273987e-01,5.862869694828987122e-02,-1.136522841989062726e-04,9.853091835975646973e-02,-2.032522410154342651e-01,-2.373533695936203003e-02,-2.000568434596061707e-02,-1.221751570701599121e+00,4.688362777233123779e-01,-5.806418061256408691e-01,1.404743194580078125e+00,-9.759946167469024658e-02,-1.064644083380699158e-01,3.188312351703643799e-01,-1.202796697616577148e-01,-2.786082625389099121e-01,6.298002600669860840e-01,1.130099892616271973e+00,-9.089244902133941650e-02,-6.045172363519668579e-02,-3.394568338990211487e-02
7.707708515226840973e-03,-2.756866253912448883e-02,8.023769259452819824e-01,-1.264736987650394440e-02,3.733834624290466309e-02,6.612324118614196777e-01,7.491445541381835938e-01,3.309136955067515373e-03,2.870129607617855072e-02,2.153759449720382690e-01,4.707714542746543884e-02,-2.299974113702774048e-02,-2.903988212347030640e-02,-4.459584876894950867e-02,-2.668485604226589203e-02,-1.044108718633651733e-01,5.882178992033004761e-02,-9.488246287219226360e-04,9.827315062284469604e-02,-2.024829387664794922e-01,-2.407430112361907959e-02,-1.917153969407081604e-02,-1.223025202751159668e+00,4.705634117126464844e-01,-5.808045864105224609e-01,1.403143525123596191e+00,-1.014066040515899658e-01,-1.072449311614036560e-01,3.168505728244781494e-01,-1.200915127992630005e-01,-2.776435613632202148e-01,6.296750903129577637e-01,1.130417108535766602e+00,-8.987859636545181274e-02,-6.101767718791961670e-02,-3.344717994332313538e-02
7.437064312398433685e-03,-2.808783948421478271e-02,8.023720979690551758e-01,-1.248447317630052567e-02,3.694446384906768799e-02,6.615511178970336914e-01,7.488854527473449707e-01,3.309778636321425438e-03,2.858408540487289429e-02,2.144966274499893188e-01,4.689119756221771240e-02,-2.335797436535358429e-02,-2.868922986090183258e-02,-4.393942654132843018e-02,-2.678596600890159607e-02,-1.049176529049873352e-01,5.793288350105285645e-02,-3.016612026840448380e-04,9.814350306987762451e-02,-2.029279768466949463e-01,-2.415652386844158173e-02,-1.875597983598709106e-02,-1.225023388862609863e+00,4.710955023765563965e-01,-5.803548693656921387e-01,1.402630448341369629e+00,-1.060975268483161926e-01,-1.073818355798721313e-01,3.155286014080047607e-01,-1.207729279994964600e-01,-2.779046595096588135e-01,6.300070285797119141e-01,1.131295442581176758e+00,-8.803460747003555298e-02,-6.100155040621757507e-02,-3.239656612277030945e-02
7.605457212775945663e-03,-2.820664457976818085e-02,8.023928403854370117e-01,-1.226809620857238770e-02,3.687489032745361328e-02,6.616520881652832031e-01,7.488031983375549316e-01,3.189611947163939476e-03,2.857020869851112366e-02,2.137973308563232422e-01,4.752171784639358521e-02,-2.325031347572803497e-02,-2.847224101424217224e-02,-4.324582964181900024e-02,-2.682325616478919983e-02,-1.054584756493568420e-01,5.728840827941894531e-02,-2.857623330783098936e-04,9.775464981794357300e-02,-2.012876421213150024e-01,-2.426618523895740509e-02,-1.817258074879646301e-02,-1.227203249931335449e+00,4.713031351566314697e-01,-5.792760848999023438e-01,1.401452898979187012e+00,-1.113917529582977295e-01,-1.080671772360801697e-01,3.143259882926940918e-01,-1.200812906026840210e-01,-2.776977121829986572e-01,6.303179264068603516e-01,1.132477164268493652e+00,-8.733943849802017212e-02,-6.089150905609130859e-02,-3.292477875947952271e-02
7.611686363816261292e-03,-2.837947942316532135e-02,8.023968338966369629e-01,-1.215489022433757782e-02,3.680904209613800049e-02,6.616054177284240723e-01,7.488495707511901855e-01,3.236644901335239410e-03,2.850892208516597748e-02,2.136526852846145630e-01,4.744292423129081726e-02,-2.321304567158222198e-02,-2.840921469032764435e-02,-4.260018095374107361e-02,-2.678846754133701324e-02,-1.054863482713699341e-01,5.603023618459701538e-02,3.701381137943826616e-05,9.777650982141494751e-02,-2.005314230918884277e-01,-2.438121661543846130e-02,-1.768541149795055389e-02,-1.228440880775451660e+00,4.710188508033752441e-01,-5.777319669723510742e-01,1.400464653968811035e+00,-1.179226115345954895e-01,-1.090201810002326965e-01,3.132619559764862061e-01,-1.200448200106620789e-01,-2.776777148246765137e-01,6.306849718093872070e-01,1.133412718772888184e+00,-8.704709261655807495e-02,-6.095919013023376465e-02,-3.324066847562789917e-02
7.573069538921117783e-03,-2.848089858889579773e-02,8.024212121963500977e-01,-1.208691764622926712e-02,3.667301312088966370e-02,6.617563962936401367e-01,7.487239241600036621e-01,3.266332903876900673e-03,2.843988314270973206e-02,2.127629816532135010e-01,4.746569693088531494e-02,-2.333483286201953888e-02,-2.773847058415412903e-02,-4.209261015057563782e-02,-2.674987912178039551e-02,-1.056834012269973755e-01,5.549707636237144470e-02,3.269081062171608210e-04,9.729825705289840698e-02,-1.991983056068420410e-01,-2.462331205606460571e-02,-1.694138720631599426e-02,-1.229429364204406738e+00,4.698215425014495850e-01,-5.758311748504638672e-01,1.399004578590393066e+00,-1.250344514846801758e-01,-1.096839457750320435e-01,3.129008710384368896e-01,-1.195044592022895813e-01,-2.777696251869201660e-01,6.311858892440795898e-01,1.134682893753051758e+00,-8.727815002202987671e-02,-6.071485579013824463e-02,-3.450894728302955627e-02
7.664432283490896225e-03,-2.895075641572475433e-02,8.024373054504394531e-01,-1.181610021740198135e-02,3.648954629898071289e-02,6.617152690887451172e-01,7.487735152244567871e-01,3.444941714406013489e-03,2.846856415271759033e-02,2.127773165702819824e-01,4.711347818374633789e-02,-2.272754348814487457e-02,-2.791812643408775330e-02,-4.173645377159118652e-02,-2.663069777190685272e-02,-1.053780615329742432e-01,5.480604618787765503e-02,7.915659807622432709e-04,9.693125635385513306e-02,-1.984701603651046753e-01,-2.469923719763755798e-02,-1.621840335428714752e-02,-1.229103684425354004e+00,4.688639342784881592e-01,-5.734896063804626465e-01,1.397718429565429688e+00,-1.338553428649902344e-01,-1.105837747454643250e-01,3.124365508556365967e-01,-1.200696453452110291e-01,-2.776222527027130127e-01,6.315420269966125488e-01,1.135109186172485352e+00,-8.716762065887451172e-02,-6.072127074003219604e-02,-3.573346883058547974e-02
7.664602715522050858e-03,-2.920494228601455688e-02,8.024625778198242188e-01,-1.168498210608959198e-02,3.637717291712760925e-02,6.618469953536987305e-01,7.486646175384521484e-01,3.480407642200589180e-03,2.838419564068317413e-02,2.126285433769226074e-01,4.688328132033348083e-02,-2.246926911175251007e-02,-2.781835757195949554e-02,-4.132394492626190186e-02,-2.659863606095314026e-02,-1.051170080900192261e-01,5.408378690481185913e-02,1.205192995257675648e-03,9.664233773946762085e-02,-1.974968761205673218e-01,-2.486513368785381317e-02,-1.577071286737918854e-02,-1.228123784065246582e+00,4.669728577136993408e-01,-5.709289908409118652e-01,1.395995974540710449e+00,-1.398230791091918945e-01,-1.112033873796463013e-01,3.120070099830627441e-01,-1.199418902397155762e-01,-2.774339318275451660e-01,6.315834522247314453e-01,1.136315941810607910e+00,-8.733726292848587036e-02,-6.058387830853462219e-02,-3.671084344387054443e-02
7.754998281598091125e-03,-2.955581992864608765e-02,8.024791479110717773e-01,-1.152564212679862976e-02,3.629077970981597900e-02,6.621473431587219238e-01,7.484056949615478516e-01,3.590263193473219872e-03,2.823572047054767609e-02,2.120695263147354126e-01,4.602762684226036072e-02,-2.183114364743232727e-02,-2.826854959130287170e-02,-4.081039503216743469e-02,-2.661879546940326691e-02,-1.055543199181556702e-01,5.309244245290756226e-02,1.551625668071210384e-03,9.638804942369461060e-02,-1.968606412410736084e-01,-2.477068640291690826e-02,-1.529723312705755234e-02,-1.226645469665527344e+00,4.650327265262603760e-01,-5.687296986579895020e-01,1.394284367561340332e+00,-1.455428302288055420e-01,-1.121217757463455200e-01,3.114936947822570801e-01,-1.199159100651741028e-01,-2.772861421108245850e-01,6.317617893218994141e-01,1.137230515480041504e+00,-8.723165839910507202e-02,-6.074418500065803528e-02,-3.679120913147926331e-02
7.988634519279003143e-03,-2.980739437043666840e-02,8.024930953979492188e-01,-1.135397609323263168e-02,3.637706115841865540e-02,6.624019145965576172e-01,7.481787800788879395e-01,3.468720708042383194e-03,2.797105163335800171e-02,2.111181467771530151e-01,4.546477273106575012e-02,-2.135065756738185883e-02,-2.836777828633785248e-02,-4.074235633015632629e-02,-2.675982937216758728e-02,-1.061115860939025879e-01,5.284152925014495850e-02,1.188184600323438644e-03,9.592096507549285889e-02,-1.959048807621002197e-01,-2.474605664610862732e-02,-1.501964405179023743e-02,-1.224639058113098145e+00,4.637190997600555420e-01,-5.666795969009399414e-01,1.392285943031311035e+00,-1.484046876430511475e-01,-1.124624609947204590e-01,3.113630115985870361e-01,-1.193339228630065918e-01,-2.771058976650238037e-01,6.320660710334777832e-01,1.137605786323547363e+00,-8.891424536705017090e-02,-6.057377904653549194e-02,-3.704308718442916870e-02
8.200188167393207550e-03,-2.987726405262947083e-02,8.025264739990234375e-01,-1.119968760758638382e-02,3.659809380769729614e-02,6.623502969741821289e-01,7.482160329818725586e-01,3.387643722817301750e-03,2.763590589165687561e-02,2.110287249088287354e-01,4.517608135938644409e-02,-2.068403735756874084e-02,-2.874845266342163086e-02,-4.080814495682716370e-02,-2.702656388282775879e-02,-1.062373220920562744e-01,5.257577076554298401e-02,1.014507492072880268e-03,9.582230448722839355e-02,-1.947328299283981323e-01,-2.477661147713661194e-02,-1.512489467859268188e-02,-1.221940040588378906e+00,4.623687863349914551e-01,-5.648552775382995605e-01,1.391057848930358887e+00,-1.507263481616973877e-01,-1.127911955118179321e-01,3.102844059467315674e-01,-1.187818795442581177e-01,-2.769179940223693848e-01,6.323220729827880859e-01,1.138360023498535156e+00,-9.018896520137786865e-02,-6.060752272605895996e-02,-3.670666366815567017e-02
8.392251096665859222e-03,-3.004332259297370911e-02,8.025590777397155762e-01,-1.093962974846363068e-02,3.677094355225563049e-02,6.624183654785156250e-01,7.481511235237121582e-01,3.230881178751587868e-03,2.699306607246398926e-02,2.093866914510726929e-01,4.493048042058944702e-02,-1.993722282350063324e-02,-2.805321291089057922e-02,-4.097824916243553162e-02,-2.757745236158370972e-02,-1.073682010173797607e-01,5.293964594602584839e-02,4.338193975854665041e-04,9.540636092424392700e-02,-1.926713585853576660e-01,-2.537859976291656494e-02,-1.554576307535171509e-02,-1.219886779785156250e+00,4.604696035385131836e-01,-5.631662607192993164e-01,1.389858484268188477e+00,-1.509999483823776245e-01,-1.126064658164978027e-01,3.101305961608886719e-01,-1.174181327223777771e-01,-2.769526839256286621e-01,6.330395340919494629e-01,1.138573050498962402e+00,-9.259963035583496094e-02,-6.020165979862213135e-02,-3.693397343158721924e-02
8.388645946979522705e-03,-3.013955615460872650e-02,8.025834560394287109e-01,-1.080914586782455444e-02,3.688451647758483887e-02,6.622998714447021484e-01,7.482523322105407715e-01,3.281856887042522430e-03,2.649313025176525116e-02,2.088759690523147583e-01,4.450703412294387817e-02,-1.961190998554229736e-02,-2.717351168394088745e-02,-4.121443629264831543e-02,-2.791966684162616730e-02,-1.072938069701194763e-01,5.312476679682731628e-02,1.145854839705862105e-04,9.521049261093139648e-02,-1.909587383270263672e-01,-2.601211890578269958e-02,-1.601617783308029175e-02,-1.216802477836608887e+00,4.591082036495208740e-01,-5.605500936508178711e-01,1.388766169548034668e+00,-1.504424810409545898e-01,-1.125142350792884827e-01,3.110513389110565186e-01,-1.168657988309860229e-01,-2.768182754516601562e-01,6.337763071060180664e-01,1.139721989631652832e+00,-9.486360102891921997e-02,-6.062524393200874329e-02,-3.883859887719154358e-02
8.316371589899063110e-03,-3.087914176285266876e-02,8.026080131530761719e-01,-1.040167361497879028e-02,3.654722496867179871e-02,6.625213027000427246e-01,7.480786442756652832e-01,3.622663207352161407e-03,2.613473124802112579e-02,2.083692848682403564e-01,4.367483034729957581e-02,-1.878387667238712311e-02,-2.718826383352279663e-02,-4.160716012120246887e-02,-2.824026532471179962e-02,-1.075372099876403809e-01,5.433824658393859863e-02,5.205742490943521261e-05,9.477520734071731567e-02,-1.902987360954284668e-01,-2.657622471451759338e-02,-1.633704267442226410e-02,-1.210810184478759766e+00,4.571174383163452148e-01,-5.570266246795654297e-01,1.387206912040710449e+00,-1.519604623317718506e-01,-1.129736155271530151e-01,3.102014660835266113e-01,-1.176470220088958740e-01,-2.761675417423248291e-01,6.344364881515502930e-01,1.140673160552978516e+00,-9.539111703634262085e-02,-6.173850223422050476e-02,-3.891981393098831177e-02
8.280152454972267151e-03,-3.128406405448913574e-02,8.026263713836669922e-01,-1.014123018831014633e-02,3.636888042092323303e-02,6.627693772315979004e-01,7.478711605072021484e-01,3.875792259350419044e-03,2.579515613615512848e-02,2.080395668745040894e-01,4.311811551451683044e-02,-1.855457015335559845e-02,-2.680939808487892151e-02,-4.140359535813331604e-02,-2.852042764425277710e-02,-1.080583408474922180e-01,5.437911301851272583e-02,5.032614353694953024e-05,9.393474459648132324e-02,-1.895633488893508911e-01,-2.697315625846385956e-02,-1.702619902789592743e-02,-1.204087734222412109e+00,4.546786248683929443e-01,-5.531993508338928223e-01,1.386265516281127930e+00,-1.554719358682632446e-01,-1.144244819879531860e-01,3.090817034244537354e-01,-1.178833618760108948e-01,-2.758018672466278076e-01,6.360077857971191406e-01,1.142090797424316406e+00,-9.588133543729782104e-02,-6.362666934728622437e-02,-3.964673355221748352e-02
7.791091687977313995e-03,-3.165203705430030823e-02,8.026448488235473633e-01,-9.979675523936748505e-03,3.616176173090934753e-02,6.625344157218933105e-01,7.480915188789367676e-01,4.576261620968580246e-03,2.507361024618148804e-02,2.083526998758316040e-01,4.180010780692100525e-02,-1.826203987002372742e-02,-2.599884197115898132e-02,-4.167511686682701111e-02,-2.907667309045791626e-02,-1.080694124102592468e-01,5.477469041943550110e-02,1.100294102798216045e-04,9.387822449207305908e-02,-1.885251849889755249e-01,-2.748616971075534821e-02,-1.733382046222686768e-02,-1.195963740348815918e+00,4.526574909687042236e-01,-5.485226511955261230e-01,1.386253476142883301e+00,-1.583839058876037598e-01,-1.152504161000251770e-01,3.072279393672943115e-01,-1.183238998055458069e-01,-2.762723863124847412e-01,6.362473964691162109e-01,1.142662048339843750e+00,-9.572490304708480835e-02,-6.460061669349670410e-02,-3.818390518426895142e-02
7.532073650509119034e-03,-3.184872120618820190e-02,8.026470541954040527e-01,-9.726992808282375336e-03,3.603157401084899902e-02,6.625245809555053711e-01,7.481098175048828125e-01,5.278736818581819534e-03,2.431479096412658691e-02,2.080641686916351318e-01,4.087660461664199829e-02,-1.816424354910850525e-02,-2.546150982379913330e-02,-4.155108705163002014e-02,-2.981662563979625702e-02,-1.092829704284667969e-01,5.521835386753082275e-02,-2.651040267664939165e-04,9.426251798868179321e-02,-1.862138658761978149e-01,-2.842155098915100098e-02,-1.782259717583656311e-02,-1.186267018318176270e+00,4.515591859817504883e-01,-5.440716147422790527e-01,1.384715914726257324e+00,-1.597740352153778076e-01,-1.158143654465675354e-01,3.048591315746307373e-01,-1.170029342174530029e-01,-2.767968773841857910e-01,6.350581049919128418e-01,1.141842484474182129e+00,-9.335573762655258179e-02,-6.601514667272567749e-02,-3.542380407452583313e-02
7.180075626820325851e-03,-3.237120062112808228e-02,8.026595711708068848e-01,-9.502995759248733521e-03,3.578736633062362671e-02,6.623688340187072754e-01,7.482623457908630371e-01,5.840231664478778839e-03,2.372992411255836487e-02,2.081472128629684448e-01,3.965100646018981934e-02,-1.775522157549858093e-02,-2.438736893236637115e-02,-4.138686135411262512e-02,-3.007794730365276337e-02,-1.085457354784011841e-01,5.450891330838203430e-02,5.011421162635087967e-04,9.401410818099975586e-02,-1.853491812944412231e-01,-2.880483306944370270e-02,-1.854014582931995392e-02,-1.172940254211425781e+00,4.482690095901489258e-01,-5.405542254447937012e-01,1.385749459266662598e+00,-1.565444171428680420e-01,-1.165974661707878113e-01,3.016143143177032471e-01,-1.178906187415122986e-01,-2.765188515186309814e-01,6.340346336364746094e-01,1.143636345863342285e+00,-8.980826288461685181e-02,-6.703014671802520752e-02,-3.416063264012336731e-02
5.737461615353822708e-03,-3.305517882108688354e-02,8.026545643806457520e-01,-9.386852383613586426e-03,3.477377071976661682e-02,6.623895764350891113e-01,7.482932209968566895e-01,7.587332744151353836e-03,2.300124242901802063e-02,2.097730934619903564e-01,3.754713758826255798e-02,-1.816784031689167023e-02,-2.418983355164527893e-02,-4.091864451766014099e-02,-3.080051951110363007e-02,-1.088428199291229248e-01,5.490199849009513855e-02,1.633660052902996540e-03,9.554509818553924561e-02,-1.850306987762451172e-01,-2.996721491217613220e-02,-1.979870907962322235e-02,-1.159182071685791016e+00,4.460468888282775879e-01,-5.322073698043823242e-01,1.385962963104248047e+00,-1.638352870941162109e-01,-1.169079095125198364e-01,2.991799712181091309e-01,-1.193067803978919983e-01,-2.782680690288543701e-01,6.334426999092102051e-01,1.143380880355834961e+00,-8.644092828035354614e-02,-6.857965886592864990e-02,-3.288117051124572754e-02
5.302770063281059265e-03,-3.313964605331420898e-02,8.026762604713439941e-01,-9.427014738321304321e-03,3.463522717356681824e-02,6.622644662857055664e-01,7.484098672866821289e-01,8.134750649333000183e-03,2.253661863505840302e-02,2.099744081497192383e-01,3.648349270224571228e-02,-1.814577355980873108e-02,-2.351061254739761353e-02,-4.110438749194145203e-02,-3.129904717206954956e-02,-1.104995682835578918e-01,5.534182116389274597e-02,1.837191288359463215e-03,9.679572284221649170e-02,-1.831126511096954346e-01,-3.000808320939540863e-02,-2.113740518689155579e-02,-1.145300269126892090e+00,4.439610540866851807e-01,-5.272753238677978516e-01,1.389038681983947754e+00,-1.645390838384628296e-01,-1.146280616521835327e-01,2.945380210876464844e-01,-1.185979768633842468e-01,-2.793957889080047607e-01,6.330078840255737305e-01,1.143578886985778809e+00,-8.716922998428344727e-02,-6.792729347944259644e-02,-3.180854767560958862e-02
4.748740233480930328e-03,-3.332818299531936646e-02,8.027061820030212402e-01,-9.361473843455314636e-03,3.434200957417488098e-02,6.619897484779357910e-01,7.486671805381774902e-01,9.540824219584465027e-03,2.203059569001197815e-02,2.114714831113815308e-01,3.445062041282653809e-02,-1.764747314155101776e-02,-2.398517169058322906e-02,-4.118682071566581726e-02,-3.175727277994155884e-02,-1.112147346138954163e-01,5.587986484169960022e-02,2.147877123206853867e-03,9.732211381196975708e-02,-1.816068738698959351e-01,-3.036011569201946259e-02,-2.178782038390636444e-02,-1.124823570251464844e+00,4.414089620113372803e-01,-5.194324254989624023e-01,1.389571309089660645e+00,-1.673116534948348999e-01,-1.145292595028877258e-01,2.885788977146148682e-01,-1.183852627873420715e-01,-2.805149853229522705e-01,6.313074827194213867e-01,1.141325354576110840e+00,-8.477584272623062134e-02,-6.911689788103103638e-02,-2.970959991216659546e-02
4.161764401942491531e-03,-3.321321681141853333e-02,8.027480244636535645e-01,-9.468782693147659302e-03,3.398295864462852478e-02,6.619590520858764648e-01,7.487093806266784668e-01,1.137157250195741653e-02,2.168085612356662750e-02,2.127913981676101685e-01,3.198081627488136292e-02,-1.757903210818767548e-02,-2.397180534899234772e-02,-4.061193764209747314e-02,-3.183015063405036926e-02,-1.109222024679183960e-01,5.563962087035179138e-02,3.029077546671032906e-03,9.691071510314941406e-02,-1.802718639373779297e-01,-3.056621551513671875e-02,-2.277511917054653168e-02,-1.099090218544006348e+00,4.390708506107330322e-01,-5.113270282745361328e-01,1.386307001113891602e+00,-1.696831434965133667e-01,-1.154699549078941345e-01,2.816531956195831299e-01,-1.172686144709587097e-01,-2.820248603820800781e-01,6.301792860031127930e-01,1.138891220092773438e+00,-8.155671507120132446e-02,-7.136527448892593384e-02,-2.639587782323360443e-02
3.958856686949729919e-03,-3.396490588784217834e-02,8.027514815330505371e-01,-8.984610438346862793e-03,3.343328088521957397e-02,6.618595123291015625e-01,7.488280534744262695e-01,1.265571266412734985e-02,2.139810845255851746e-02,2.134408354759216309e-01,3.070953115820884705e-02,-1.733052358031272888e-02,-2.362745627760887146e-02,-4.038104042410850525e-02,-3.210571780800819397e-02,-1.119123697280883789e-01,5.630604177713394165e-02,3.107331926003098488e-03,9.691436588764190674e-02,-1.790749877691268921e-01,-3.065093979239463806e-02,-2.438938431441783905e-02,-1.074392795562744141e+00,4.369090199470520020e-01,-5.064588785171508789e-01,1.384086251258850098e+00,-1.669771075248718262e-01,-1.147555559873580933e-01,2.728550732135772705e-01,-1.176708117127418518e-01,-2.824013829231262207e-01,6.284899711608886719e-01,1.137166619300842285e+00,-7.882372289896011353e-02,-7.183036208152770996e-02,-2.266440540552139282e-02
3.440544242039322853e-03,-3.455854579806327820e-02,8.027558922767639160e-01,-8.627329021692276001e-03,3.262903168797492981e-02,6.622810363769531250e-01,7.484949827194213867e-01,1.440647523850202560e-02,2.100693248212337494e-02,2.133684158325195312e-01,2.877557650208473206e-02,-1.726474612951278687e-02,-2.312876097857952118e-02,-3.964494168758392334e-02,-3.250271081924438477e-02,-1.136050894856452942e-01,5.723972991108894348e-02,3.273166716098785400e-03,9.686051309108734131e-02,-1.770706027746200562e-01,-3.122800961136817932e-02,-2.508175559341907501e-02,-1.047261476516723633e+00,4.342928826808929443e-01,-4.984150826930999756e-01,1.380264163017272949e+00,-1.679364889860153198e-01,-1.142006292939186096e-01,2.658440172672271729e-01,-1.169559583067893982e-01,-2.834613323211669922e-01,6.261665225028991699e-01,1.134403705596923828e+00,-7.730694115161895752e-02,-7.249299436807632446e-02,-2.022476866841316223e-02
3.031184431165456772e-03,-3.468891605734825134e-02,8.027760386466979980e-01,-8.236866444349288940e-03,3.186981379985809326e-02,6.624904274940490723e-01,7.483467459678649902e-01,1.659261435270309448e-02,2.070807665586471558e-02,2.135892510414123535e-01,2.755485661327838898e-02,-1.747420988976955414e-02,-2.273393608629703522e-02,-3.870074078440666199e-02,-3.278199955821037292e-02,-1.141476929187774658e-01,5.892436206340789795e-02,2.619276754558086395e-03,9.629248827695846558e-02,-1.747355312108993530e-01,-3.196533396840095520e-02,-2.561710029840469360e-02,-1.018438339233398438e+00,4.317992031574249268e-01,-4.916664361953735352e-01,1.373646855354309082e+00,-1.663320362567901611e-01,-1.158913448452949524e-01,2.571711242198944092e-01,-1.155245900154113770e-01,-2.845714390277862549e-01,6.248421072959899902e-01,1.132184028625488281e+00,-7.781860232353210449e-02,-7.385011762380599976e-02,-1.684034988284111023e-02
2.783928997814655304e-03,-3.477263078093528748e-02,8.028016090393066406e-01,-7.897022180259227753e-03,3.119671158492565155e-02,6.629918813705444336e-01,7.479345798492431641e-01,1.875368133187294006e-02,2.043977007269859314e-02,2.134783267974853516e-01,2.585291676223278046e-02,-1.737684570252895355e-02,-2.230171300470829010e-02,-3.758987411856651306e-02,-3.306086361408233643e-02,-1.157158464193344116e-01,6.029393151402473450e-02,2.114574424922466278e-03,9.557271748781204224e-02,-1.722783595323562622e-01,-3.264861926436424255e-02,-2.626991644501686096e-02,-9.867940545082092285e-01,4.287956058979034424e-01,-4.878343939781188965e-01,1.368638634681701660e+00,-1.596804112195968628e-01,-1.166873946785926819e-01,2.476756572723388672e-01,-1.137676462531089783e-01,-2.851857841014862061e-01,6.226629614830017090e-01,1.130259513854980469e+00,-7.891022413969039917e-02,-7.548092305660247803e-02,-1.575481519103050232e-02
2.031398005783557892e-03,-3.587193042039871216e-02,8.027985692024230957e-01,-7.388727739453315735e-03,2.976073138415813446e-02,6.639187932014465332e-01,7.471756935119628906e-01,2.056306786835193634e-02,2.051961421966552734e-02,2.136071473360061646e-01,2.453694678843021393e-02,-1.791951619088649750e-02,-2.160085737705230713e-02,-3.635910153388977051e-02,-3.312622383236885071e-02,-1.171852871775627136e-01,6.164489686489105225e-02,2.682343823835253716e-03,9.440440684556961060e-02,-1.702528595924377441e-01,-3.344450145959854126e-02,-2.770614996552467346e-02,-9.520837068557739258e-01,4.232181906700134277e-01,-4.802345037460327148e-01,1.360066771507263184e+00,-1.622990518808364868e-01,-1.192392110824584961e-01,2.377201169729232788e-01,-1.142132207751274109e-01,-2.852188348770141602e-01,6.198430657386779785e-01,1.130611777305603027e+00,-7.839071750640869141e-02,-7.660658657550811768e-02,-1.528979465365409851e-02
2.219067187979817390e-03,-3.602362796664237976e-02,8.028086423873901367e-01,-6.822579074651002884e-03,2.934919111430644989e-02,6.638122200965881348e-01,7.472920417785644531e-01,2.250760793685913086e-02,2.038939669728279114e-02,2.143719941377639771e-01,2.366426773369312286e-02,-1.799487136304378510e-02,-2.066516689956188202e-02,-3.594185784459114075e-02,-3.323882445693016052e-02,-1.170160099864006042e-01,6.356473267078399658e-02,1.403823262080550194e-03,9.333583712577819824e-02,-1.688238680362701416e-01,-3.374551609158515930e-02,-2.887942828238010406e-02,-9.136254191398620605e-01,4.162493944168090820e-01,-4.747779965400695801e-01,1.353302478790283203e+00,-1.560015380382537842e-01,-1.204495429992675781e-01,2.272114157676696777e-01,-1.131551638245582581e-01,-2.844444811344146729e-01,6.162316203117370605e-01,1.128106236457824707e+00,-7.447122782468795776e-02,-7.926397025585174561e-02,-1.430956833064556122e-02
2.263792091980576515e-03,-3.656417131423950195e-02,8.028485774993896484e-01,-6.295288912951946259e-03,2.871866896748542786e-02,6.644459366798400879e-01,7.467577457427978516e-01,2.366317063570022583e-02,2.030412293970584869e-02,2.139311432838439941e-01,2.296138368546962738e-02,-1.742888055741786957e-02,-1.932888105511665344e-02,-3.524336218833923340e-02,-3.325483575463294983e-02,-1.171059831976890564e-01,6.481504440307617188e-02,1.396367209963500500e-03,9.121292829513549805e-02,-1.656953245401382446e-01,-3.414482623338699341e-02,-3.048684448003768921e-02,-8.721911907196044922e-01,4.074301719665527344e-01,-4.668844044208526611e-01,1.343943238258361816e+00,-1.516110301017761230e-01,-1.229860931634902954e-01,2.175502330064773560e-01,-1.108573824167251587e-01,-2.842527031898498535e-01,6.120836138725280762e-01,1.125246882438659668e+00,-7.332535088062286377e-02,-8.164810389280319214e-02,-1.337060611695051193e-02
1.847298000939190388e-03,-3.707484155893325806e-02,8.028775453567504883e-01,-5.919087678194046021e-03,2.812694013118743896e-02,6.653212308883666992e-01,7.460036873817443848e-01,2.406940981745719910e-02,1.968675106763839722e-02,2.130097299814224243e-01,2.295210957527160645e-02,-1.750125177204608917e-02,-1.781852170825004578e-02,-3.470216691493988037e-02,-3.421385213732719421e-02,-1.207692027091979980e-01,6.647089868783950806e-02,4.787413054145872593e-04,8.967673033475875854e-02,-1.630495637655258179e-01,-3.460877761244773865e-02,-3.246648609638214111e-02,-8.323207497596740723e-01,3.970278203487396240e-01,-4.584275782108306885e-01,1.335424184799194336e+00,-1.528366655111312866e-01,-1.236651465296745300e-01,2.076723575592041016e-01,-1.080466061830520630e-01,-2.859449982643127441e-01,6.095065474510192871e-01,1.121259689331054688e+00,-7.618802785873413086e-02,-8.151723444461822510e-02,-1.076634880155324936e-02
1.682948786765336990e-03,-3.702505677938461304e-02,8.029375672340393066e-01,-5.974588450044393539e-03,2.821774408221244812e-02,6.658241748809814453e-01,7.455509305000305176e-01,2.378604374825954437e-02,1.916521787643432617e-02,2.131576538085937500e-01,2.291847579181194305e-02,-1.778553426265716553e-02,-1.634086295962333679e-02,-3.507224842905998230e-02,-3.491850942373275757e-02,-1.227594986557960510e-01,6.742922216653823853e-02,1.169336974271573126e-04,8.872021734714508057e-02,-1.594878286123275757e-01,-3.414657339453697205e-02,-3.406423702836036682e-02,-7.881523966789245605e-01,3.847174942493438721e-01,-4.514455199241638184e-01,1.330315470695495605e+00,-1.502876281738281250e-01,-1.239159330725669861e-01,2.010755985975265503e-01,-1.050483062863349915e-01,-2.875367701053619385e-01,6.060352325439453125e-01,1.117788553237915039e+00,-7.674590498208999634e-02,-8.233124762773513794e-02,-1.312363054603338242e-02
2.354817697778344154e-03,-3.648382425308227539e-02,8.029950261116027832e-01,-5.888049490749835968e-03,2.872188948094844818e-02,6.657382249832153320e-01,7.456091046333312988e-01,2.419193834066390991e-02,1.919208839535713196e-02,2.148817330598831177e-01,2.282087877392768860e-02,-1.733761094510555267e-02,-1.673666015267372131e-02,-3.524614125490188599e-02,-3.512240201234817505e-02,-1.243750527501106262e-01,6.845236569643020630e-02,-1.582697732374072075e-03,8.824898302555084229e-02,-1.554667800664901733e-01,-3.388661518692970276e-02,-3.461911901831626892e-02,-7.399954795837402344e-01,3.715566098690032959e-01,-4.475039839744567871e-01,1.319564461708068848e+00,-1.424122601747512817e-01,-1.262971311807632446e-01,1.894113719463348389e-01,-1.010763347148895264e-01,-2.878535389900207520e-01,6.011445522308349609e-01,1.112357616424560547e+00,-7.681167125701904297e-02,-8.319619297981262207e-02,-1.488933525979518890e-02
2.157665556296706200e-03,-3.593775629997253418e-02,8.030233979225158691e-01,-5.868854001164436340e-03,2.876587025821208954e-02,6.653439402580261230e-01,7.459594607353210449e-01,2.522185817360877991e-02,1.891323924064636230e-02,2.171551138162612915e-01,2.287702076137065887e-02,-1.804178766906261444e-02,-1.618194952607154846e-02,-3.515941277146339417e-02,-3.556161373853683472e-02,-1.245066151022911072e-01,6.969832628965377808e-02,-3.082273760810494423e-03,8.902873098850250244e-02,-1.509582549333572388e-01,-3.504594787955284119e-02,-3.487445414066314697e-02,-6.922885179519653320e-01,3.588362336158752441e-01,-4.435344934463500977e-01,1.306401133537292480e+00,-1.321285963058471680e-01,-1.279431134462356567e-01,1.779060214757919312e-01,-9.807720035314559937e-02,-2.881282269954681396e-01,5.946566462516784668e-01,1.109437346458435059e+00,-7.911705225706100464e-02,-8.338475227355957031e-02,-1.678028143942356110e-02
1.649886486120522022e-03,-3.527233004570007324e-02,8.030716776847839355e-01,-6.088941823691129684e-03,2.875883132219314575e-02,6.648985147476196289e-01,7.463550567626953125e-01,2.581719309091567993e-02,1.860584877431392670e-02,2.178684771060943604e-01,2.338580787181854248e-02,-1.931658759713172913e-02,-1.532385498285293579e-02,-3.495574742555618286e-02,-3.595967963337898254e-02,-1.247672289609909058e-01,7.021632790565490723e-02,-3.487750422209501266e-03,8.993810415267944336e-02,-1.448430269956588745e-01,-3.613748773932456970e-02,-3.457402437925338745e-02,-6.375989317893981934e-01,3.426502943038940430e-01,-4.367718696594238281e-01,1.293220996856689453e+00,-1.266774535179138184e-01,-1.291275471448898315e-01,1.653817147016525269e-01,-9.390528500080108643e-02,-2.894421815872192383e-01,5.858001708984375000e-01,1.104686975479125977e+00,-7.801278680562973022e-02,-8.411706238985061646e-02,-1.894324459135532379e-02
1.475800410844385624e-03,-3.460473567247390747e-02,8.030897974967956543e-01,-6.241903174668550491e-03,2.871260792016983032e-02,6.644355654716491699e-01,7.467676997184753418e-01,2.676092274487018585e-02,1.874270290136337280e-02,2.185604274272918701e-01,2.372189611196517944e-02,-2.084103785455226898e-02,-1.574763655662536621e-02,-3.510478138923645020e-02,-3.589095547795295715e-02,-1.241832971572875977e-01,7.188692688941955566e-02,-4.726713988929986954e-03,9.088300168514251709e-02,-1.397365480661392212e-01,-3.634027019143104553e-02,-3.353142365813255310e-02,-5.846199393272399902e-01,3.304595351219177246e-01,-4.338501393795013428e-01,1.273693799972534180e+00,-1.133405268192291260e-01,-1.310085952281951904e-01,1.513398140668869019e-01,-8.963562548160552979e-02,-2.912988960742950439e-01,5.789120197296142578e-01,1.098031282424926758e+00,-7.764764875173568726e-02,-8.502341806888580322e-02,-1.822040230035781860e-02
1.293091103434562683e-03,-3.370221704244613647e-02,8.031286001205444336e-01,-6.869997363537549973e-03,2.886812947690486908e-02,6.639888286590576172e-01,7.471534609794616699e-01,2.659938298165798187e-02,1.934218779206275940e-02,2.187292873859405518e-01,2.480055391788482666e-02,-2.318164892494678497e-02,-1.428979262709617615e-02,-3.451853618025779724e-02,-3.516989946365356445e-02,-1.236863583326339722e-01,7.047674059867858887e-02,-4.157406277954578400e-03,9.248232841491699219e-02,-1.336630731821060181e-01,-3.652693331241607666e-02,-3.461940214037895203e-02,-5.349459052085876465e-01,3.206336498260498047e-01,-4.357865452766418457e-01,1.261127352714538574e+00,-9.778086096048355103e-02,-1.307283639907836914e-01,1.374441236257553101e-01,-8.482056111097335815e-02,-2.928462922573089600e-01,5.743734240531921387e-01,1.094306111335754395e+00,-7.677087932825088501e-02,-8.420941233634948730e-02,-1.830379292368888855e-02
5.532911163754761219e-04,-3.224524855613708496e-02,8.031610250473022461e-01,-7.894706912338733673e-03,2.948442846536636353e-02,6.632808446884155273e-01,7.477478981018066406e-01,2.650700882077217102e-02,1.878588832914829254e-02,2.180949151515960693e-01,2.444173581898212433e-02,-2.555356360971927643e-02,-1.190161705017089844e-02,-3.489397838711738586e-02,-3.544370457530021667e-02,-1.238311529159545898e-01,6.965827941894531250e-02,-4.547703079879283905e-03,9.532033652067184448e-02,-1.263125240802764893e-01,-3.656739741563796997e-02,-3.436109423637390137e-02,-4.786748886108398438e-01,3.125247955322265625e-01,-4.397671222686767578e-01,1.240617394447326660e+00,-8.229246735572814941e-02,-1.310603022575378418e-01,1.219304651021957397e-01,-7.886388897895812988e-02,-2.963044941425323486e-01,5.682194232940673828e-01,1.088047504425048828e+00,-7.574966549873352051e-02,-8.442500233650207520e-02,-2.071330696344375610e-02
4.007512761745601892e-04,-3.090690448880195618e-02,8.032256960868835449e-01,-8.706148713827133179e-03,3.021377511322498322e-02,6.627162098884582520e-01,7.482102513313293457e-01,2.577128447592258453e-02,1.865205727517604828e-02,2.175724953413009644e-01,2.546577341854572296e-02,-2.763902582228183746e-02,-9.374762885272502899e-03,-3.533922135829925537e-02,-3.521549701690673828e-02,-1.223879978060722351e-01,6.902968138456344604e-02,-4.992741625756025314e-03,9.598430246114730835e-02,-1.209820508956909180e-01,-3.601144254207611084e-02,-3.581826016306877136e-02,-4.209128916263580322e-01,3.031566441059112549e-01,-4.469464421272277832e-01,1.220892786979675293e+00,-6.465027481317520142e-02,-1.298206001520156860e-01,1.010231003165245056e-01,-7.352059334516525269e-02,-2.980191409587860107e-01,5.627570152282714844e-01,1.083756685256958008e+00,-7.538223266601562500e-02,-8.366219699382781982e-02,-1.958972215652465820e-02
3.358562826178967953e-04,-2.872733771800994873e-02,8.032521009445190430e-01,-9.988315403461456299e-03,3.134592995047569275e-02,6.629737615585327148e-01,7.479194402694702148e-01,2.465795166790485382e-02,1.826888695359230042e-02,2.144846469163894653e-01,2.610293030738830566e-02,-3.044135868549346924e-02,-7.523167878389358521e-03,-3.511941060423851013e-02,-3.529392927885055542e-02,-1.238289773464202881e-01,6.782218813896179199e-02,-6.786794867366552353e-03,9.711302071809768677e-02,-1.144096255302429199e-01,-3.558248654007911682e-02,-3.589031100273132324e-02,-3.651546239852905273e-01,2.956869304180145264e-01,-4.512424468994140625e-01,1.198863983154296875e+00,-5.463032424449920654e-02,-1.298266053199768066e-01,8.416952937841415405e-02,-6.608258932828903198e-02,-3.005346059799194336e-01,5.585887432098388672e-01,1.080084443092346191e+00,-7.498328387737274170e-02,-8.427271246910095215e-02,-2.043394744396209717e-02
2.831173769664019346e-04,-2.619190700352191925e-02,8.032888174057006836e-01,-1.136770006269216537e-02,3.252925351262092590e-02,6.626732349395751953e-01,7.481154799461364746e-01,2.465424127876758575e-02,1.817384362220764160e-02,2.139483690261840820e-01,2.572392113506793976e-02,-3.269867226481437683e-02,-7.099417038261890411e-03,-3.456662222743034363e-02,-3.506971150636672974e-02,-1.244666650891304016e-01,6.591862440109252930e-02,-7.665931712836027145e-03,1.001957356929779053e-01,-1.089984104037284851e-01,-3.483393788337707520e-02,-3.692908212542533875e-02,-3.167881369590759277e-01,2.914854288101196289e-01,-4.558378756046295166e-01,1.181967020034790039e+00,-4.192680492997169495e-02,-1.309487521648406982e-01,6.836881488561630249e-02,-5.781492590904235840e-02,-3.029288649559020996e-01,5.531474947929382324e-01,1.076526999473571777e+00,-7.184594869613647461e-02,-8.576122671365737915e-02,-2.057967521250247955e-02
-5.306439707055687904e-04,-2.391707710921764374e-02,8.032849431037902832e-01,-1.253883447498083115e-02,3.339620679616928101e-02,6.615006923675537109e-01,7.490956783294677734e-01,2.532441169023513794e-02,1.738989911973476410e-02,2.144662737846374512e-01,2.555126883089542389e-02,-3.566842153668403625e-02,-6.558619905263185501e-03,-3.447582200169563293e-02,-3.526957705616950989e-02,-1.216666847467422485e-01,6.466288864612579346e-02,-8.749429136514663696e-03,1.039453968405723572e-01,-1.045682206749916077e-01,-3.521939367055892944e-02,-3.730541840195655823e-02,-2.717632055282592773e-01,2.900071740150451660e-01,-4.644129872322082520e-01,1.166488885879516602e+00,-2.473307214677333832e-02,-1.328122168779373169e-01,4.858023300766944885e-02,-5.198069289326667786e-02,-3.058454096317291260e-01,5.479109883308410645e-01,1.073680281639099121e+00,-7.008691877126693726e-02,-8.626813441514968872e-02,-1.627762243151664734e-02
-1.211632275953888893e-03,-2.171691879630088806e-02,8.033045530319213867e-01,-1.389463897794485092e-02,3.424517810344696045e-02,6.611433029174804688e-01,7.493488788604736328e-01,2.503193169832229614e-02,1.701580174267292023e-02,2.142601609230041504e-01,2.584763802587985992e-02,-3.847930207848548889e-02,-5.631057079881429672e-03,-3.393756225705146790e-02,-3.528047725558280945e-02,-1.210381463170051575e-01,6.246213987469673157e-02,-8.639316074550151825e-03,1.057936474680900574e-01,-9.844065457582473755e-02,-3.494882956147193909e-02,-3.744988888502120972e-02,-2.300612181425094604e-01,2.884845733642578125e-01,-4.697409272193908691e-01,1.152384877204895020e+00,-1.267789769917726517e-02,-1.352740973234176636e-01,3.307571262121200562e-02,-4.488255828619003296e-02,-3.089577555656433105e-01,5.432772040367126465e-01,1.071168541908264160e+00,-6.836621463298797607e-02,-8.763061463832855225e-02,-1.524487230926752090e-02
-1.722649787552654743e-03,-1.989330910146236420e-02,8.033016324043273926e-01,-1.497137174010276794e-02,3.490175306797027588e-02,6.609426140785217285e-01,7.494748830795288086e-01,2.477903477847576141e-02,1.695464365184307098e-02,2.155597805976867676e-01,2.653911896049976349e-02,-4.098631441593170166e-02,-5.753880832344293594e-03,-3.325590118765830994e-02,-3.530020639300346375e-02,-1.209008470177650452e-01,6.055443361401557922e-02,-8.677731268107891083e-03,1.077157631516456604e-01,-9.286992996931076050e-02,-3.414949029684066772e-02,-3.787694126367568970e-02,-1.923660188913345337e-01,2.894162237644195557e-01,-4.750341176986694336e-01,1.139129042625427246e+00,-1.852913293987512589e-03,-1.374240070581436157e-01,2.032081037759780884e-02,-3.776944428682327271e-02,-3.124726116657257080e-01,5.396237373352050781e-01,1.067549705505371094e+00,-6.630250066518783569e-02,-8.912331610918045044e-02,-1.434342283755540848e-02
-2.079713158309459686e-03,-1.794858276844024658e-02,8.033185601234436035e-01,-1.609217375516891479e-02,3.542526438832283020e-02,6.608279943466186523e-01,7.495281696319580078e-01,2.507436461746692657e-02,1.713729090988636017e-02,2.151352763175964355e-01,2.654783613979816437e-02,-4.304100573062896729e-02,-5.147378426045179367e-03,-3.230680897831916809e-02,-3.472897410392761230e-02,-1.197667941451072693e-01,5.886758863925933838e-02,-8.585187606513500214e-03,1.090896502137184143e-01,-8.699359744787216187e-02,-3.366496041417121887e-02,-3.838399797677993774e-02,-1.590477079153060913e-01,2.922205924987792969e-01,-4.776647686958312988e-01,1.125910878181457520e+00,8.471755310893058777e-03,-1.384380012750625610e-01,8.213873952627182007e-03,-2.984590455889701843e-02,-3.153431117534637451e-01,5.355629324913024902e-01,1.064546108245849609e+00,-6.463559716939926147e-02,-8.972752094268798828e-02,-1.219415664672851562e-02
-2.091666450724005699e-03,-1.678314432501792908e-02,8.033346533775329590e-01,-1.673559658229351044e-02,3.589681908488273621e-02,6.606559157371520996e-01,7.496433258056640625e-01,2.507742308080196381e-02,1.734362356364727020e-02,2.155856192111968994e-01,2.668726816773414612e-02,-4.407556727528572083e-02,-4.858605563640594482e-03,-3.210964798927307129e-02,-3.445288911461830139e-02,-1.197394505143165588e-01,5.813345685601234436e-02,-8.637043647468090057e-03,1.094008311629295349e-01,-8.167070895433425903e-02,-3.289129585027694702e-02,-3.976580128073692322e-02,-1.318499892950057983e-01,2.949650883674621582e-01,-4.777151942253112793e-01,1.116182088851928711e+00,1.461083255708217621e-02,-1.381269097328186035e-01,-1.895559369586408138e-03,-2.342724427580833435e-02,-3.174358606338500977e-01,5.321181416511535645e-01,1.061377644538879395e+00,-6.329964846372604370e-02,-8.950605988502502441e-02,-1.031625363975763321e-02
-2.170364605262875557e-03,-1.542778778821229935e-02,8.033343553543090820e-01,-1.722810789942741394e-02,3.641843423247337341e-02,6.602563261985778809e-01,7.499589920043945312e-01,2.554627880454063416e-02,1.718682609498500824e-02,2.167563438415527344e-01,2.694656699895858765e-02,-4.512267932295799255e-02,-5.196922924369573593e-03,-3.139900043606758118e-02,-3.456232324242591858e-02,-1.194937005639076233e-01,5.705633759498596191e-02,-9.095442481338977814e-03,1.106543615460395813e-01,-7.712040841579437256e-02,-3.219757229089736938e-02,-4.051409289240837097e-02,-1.095220819115638733e-01,2.980295121669769287e-01,-4.743745923042297363e-01,1.108386635780334473e+00,1.948176883161067963e-02,-1.388024985790252686e-01,-1.050252281129360199e-02,-1.707945950329303741e-02,-3.195734322071075439e-01,5.284295678138732910e-01,1.057676315307617188e+00,-6.025833636522293091e-02,-9.000870585441589355e-02,-6.959834136068820953e-03
-2.211117185652256012e-03,-1.428338419646024704e-02,8.033100962638854980e-01,-1.767404377460479736e-02,3.670240193605422974e-02,6.603901386260986328e-01,7.498168945312500000e-01,2.598817460238933563e-02,1.732186786830425262e-02,2.177304178476333618e-01,2.726046368479728699e-02,-4.661295190453529358e-02,-5.813026800751686096e-03,-3.005950152873992920e-02,-3.451345488429069519e-02,-1.203033030033111572e-01,5.558601766824722290e-02,-9.485166519880294800e-03,1.116217449307441711e-01,-7.252541184425354004e-02,-3.129166364669799805e-02,-4.124674201011657715e-02,-9.434913098812103271e-02,3.016579151153564453e-01,-4.726822376251220703e-01,1.100088000297546387e+00,2.403394877910614014e-02,-1.399750411510467529e-01,-1.678117550909519196e-02,-1.126499753445386887e-02,-3.219425976276397705e-01,5.268203616142272949e-01,1.054757833480834961e+00,-5.724993348121643066e-02,-9.021691977977752686e-02,-5.707503762096166611e-03
-1.936058397404849529e-03,-1.303749624639749527e-02,8.033265471458435059e-01,-1.807663217186927795e-02,3.722720220685005188e-02,6.604790687561035156e-01,7.497031092643737793e-01,2.594438195228576660e-02,1.751162856817245483e-02,2.186163365840911865e-01,2.816807292401790619e-02,-4.714949801564216614e-02,-5.743883550167083740e-03,-2.921261452138423920e-02,-3.450337052345275879e-02,-1.212644875049591064e-01,5.478676781058311462e-02,-1.000132411718368530e-02,1.119629368185997009e-01,-6.848242878913879395e-02,-3.032447211444377899e-02,-4.241508990526199341e-02,-8.282318711280822754e-02,3.050402104854583740e-01,-4.708826839923858643e-01,1.091925382614135742e+00,2.801024727523326874e-02,-1.401868164539337158e-01,-2.097409777343273163e-02,-5.197112448513507843e-03,-3.239650428295135498e-01,5.259304046630859375e-01,1.051639199256896973e+00,-5.523697286844253540e-02,-9.033223241567611694e-02,-5.243294406682252884e-03
-1.796642434783279896e-03,-1.178204454481601715e-02,8.033320903778076172e-01,-1.833773031830787659e-02,3.746399283409118652e-02,6.608213186264038086e-01,7.493833303451538086e-01,2.634830959141254425e-02,1.772927120327949524e-02,2.197311967611312866e-01,2.937910519540309906e-02,-4.799544066190719604e-02,-5.282398778945207596e-03,-2.792716026306152344e-02,-3.463556244969367981e-02,-1.221896633505821228e-01,5.459222570061683655e-02,-1.045311149209737778e-02,1.128821149468421936e-01,-6.533586978912353516e-02,-2.980936318635940552e-02,-4.403740912675857544e-02,-7.529217004776000977e-02,3.076479434967041016e-01,-4.699113965034484863e-01,1.084910035133361816e+00,3.326960653066635132e-02,-1.404795795679092407e-01,-2.274425886571407318e-02,2.431147295283153653e-04,-3.251392245292663574e-01,5.252148509025573730e-01,1.050322055816650391e+00,-5.519824102520942688e-02,-8.970495313405990601e-02,-5.339050199836492538e-03
-1.817486481741070747e-03,-1.057069562375545502e-02,8.033276200294494629e-01,-1.858058571815490723e-02,3.768632933497428894e-02,6.609336733818054199e-01,7.492671012878417969e-01,2.660524286329746246e-02,1.778393238782882690e-02,2.209457904100418091e-01,3.109825216233730316e-02,-4.944377765059471130e-02,-4.347856156527996063e-03,-2.677868306636810303e-02,-3.489419817924499512e-02,-1.226571202278137207e-01,5.441721901297569275e-02,-1.104146055877208710e-02,1.135160923004150391e-01,-6.269906461238861084e-02,-2.948383986949920654e-02,-4.505985230207443237e-02,-6.970146298408508301e-02,3.085389435291290283e-01,-4.678015708923339844e-01,1.080338478088378906e+00,3.700519725680351257e-02,-1.411791443824768066e-01,-2.245411463081836700e-02,4.728813190013170242e-03,-3.262509405612945557e-01,5.251115560531616211e-01,1.049155712127685547e+00,-5.506267026066780090e-02,-9.055060893297195435e-02,-5.870055407285690308e-03
-1.857023686170578003e-03,-9.547312743961811066e-03,8.033159375190734863e-01,-1.885200105607509613e-02,3.804947063326835632e-02,6.611849665641784668e-01,7.490202188491821289e-01,2.655012905597686768e-02,1.749162748456001282e-02,2.212794423103332520e-01,3.212119266390800476e-02,-5.051764845848083496e-02,-3.876780392602086067e-03,-2.610090188682079315e-02,-3.537671267986297607e-02,-1.234039962291717529e-01,5.427050590515136719e-02,-1.188550144433975220e-02,1.144883856177330017e-01,-6.029519066214561462e-02,-2.886632643640041351e-02,-4.570058360695838928e-02,-6.517764925956726074e-02,3.100411891937255859e-01,-4.676756262779235840e-01,1.074565768241882324e+00,4.170764237642288208e-02,-1.417929083108901978e-01,-2.259537391364574432e-02,8.577342145144939423e-03,-3.275363445281982422e-01,5.256703495979309082e-01,1.048226594924926758e+00,-5.534245818853378296e-02,-9.071180969476699829e-02,-5.769916344434022903e-03
-1.670481055043637753e-03,-8.951687254011631012e-03,8.033060431480407715e-01,-1.871485076844692230e-02,3.836128860712051392e-02,6.611894965171813965e-01,7.490037679672241211e-01,2.650810033082962036e-02,1.709231920540332794e-02,2.217481285333633423e-01,3.348838910460472107e-02,-5.096714571118354797e-02,-3.506994806230068207e-03,-2.563043683767318726e-02,-3.603904694318771362e-02,-1.239164844155311584e-01,5.453636497259140015e-02,-1.294770743697881699e-02,1.148348450660705566e-01,-5.765980482101440430e-02,-2.844667062163352966e-02,-4.615081846714019775e-02,-6.194517761468887329e-02,3.117675781250000000e-01,-4.674461185932159424e-01,1.070038080215454102e+00,4.734675586223602295e-02,-1.425844281911849976e-01,-2.096363902091979980e-02,1.155868079513311386e-02,-3.281915783882141113e-01,5.260774493217468262e-01,1.046646595001220703e+00,-5.651513487100601196e-02,-9.110941737890243530e-02,-6.217141635715961456e-03
-1.693723723292350769e-03,-8.812786079943180084e-03,8.033047914505004883e-01,-1.849549077451229095e-02,3.837335854768753052e-02,6.615431904792785645e-01,7.486962080001831055e-01,2.630700729787349701e-02,1.663816533982753754e-02,2.213798016309738159e-01,3.469661623239517212e-02,-5.138751491904258728e-02,-2.765443176031112671e-03,-2.552293054759502411e-02,-3.673017024993896484e-02,-1.242278814315795898e-01,5.563629791140556335e-02,-1.368525717407464981e-02,1.151544973254203796e-01,-5.565849319100379944e-02,-2.818954363465309143e-02,-4.616260156035423279e-02,-6.058629602193832397e-02,3.127490580081939697e-01,-4.672139585018157959e-01,1.066814899444580078e+00,5.338853225111961365e-02,-1.433138102293014526e-01,-1.762530766427516937e-02,1.325686089694499969e-02,-3.286288082599639893e-01,5.265018939971923828e-01,1.046108722686767578e+00,-5.869139730930328369e-02,-9.134061634540557861e-02,-7.361315656453371048e-03
-1.735764089971780777e-03,-8.679905906319618225e-03,8.032932281494140625e-01,-1.834326796233654022e-02,3.830927610397338867e-02,6.617102622985839844e-01,7.485555410385131836e-01,2.639172226190567017e-02,1.643813587725162506e-02,2.215753197669982910e-01,3.561505302786827087e-02,-5.224118754267692566e-02,-2.025808440521359444e-03,-2.567875571548938751e-02,-3.718817606568336487e-02,-1.245775371789932251e-01,5.723123624920845032e-02,-1.470215432345867157e-02,1.154080554842948914e-01,-5.416262149810791016e-02,-2.806682325899600983e-02,-4.544992372393608093e-02,-5.997046455740928650e-02,3.131492435932159424e-01,-4.664826989173889160e-01,1.065433740615844727e+00,5.935128778219223022e-02,-1.433998942375183105e-01,-1.429895963519811630e-02,1.429487112909555435e-02,-3.291258513927459717e-01,5.271488428115844727e-01,1.045077443122863770e+00,-6.053240969777107239e-02,-9.182959049940109253e-02,-8.970083668828010559e-03
-1.840558717958629131e-03,-8.833206258714199066e-03,8.032854199409484863e-01,-1.801454089581966400e-02,3.809782117605209351e-02,6.616802811622619629e-01,7.486008405685424805e-01,2.658647298812866211e-02,1.614919118583202362e-02,2.216370552778244019e-01,3.662404790520668030e-02,-5.293284356594085693e-02,-1.293974928557872772e-03,-2.578697539865970612e-02,-3.762503340840339661e-02,-1.240645572543144226e-01,5.861718580126762390e-02,-1.532717514783143997e-02,1.153563261032104492e-01,-5.347061902284622192e-02,-2.801131270825862885e-02,-4.413265362381935120e-02,-5.984945595264434814e-02,3.133535087108612061e-01,-4.653381705284118652e-01,1.064526081085205078e+00,6.461003422737121582e-02,-1.440374851226806641e-01,-1.083897240459918976e-02,1.403578184545040131e-02,-3.296015262603759766e-01,5.276833176612854004e-01,1.043836236000061035e+00,-6.199890002608299255e-02,-9.239183366298675537e-02,-1.014233753085136414e-02
-2.144798869267106056e-03,-8.894030004739761353e-03,8.032943606376647949e-01,-1.783429458737373352e-02,3.764817118644714355e-02,6.620656847953796387e-01,7.482870817184448242e-01,2.693317458033561707e-02,1.598240621387958527e-02,2.204909175634384155e-01,3.747049719095230103e-02,-5.389593541622161865e-02,-1.956917549250647426e-04,-2.574934437870979309e-02,-3.795485943555831909e-02,-1.242765486240386963e-01,6.063616275787353516e-02,-1.559939235448837280e-02,1.153990626335144043e-01,-5.299274995923042297e-02,-2.794798091053962708e-02,-4.234294965863227844e-02,-6.000441312789916992e-02,3.128245472908020020e-01,-4.631567001342773438e-01,1.063711285591125488e+00,6.932976841926574707e-02,-1.448203474283218384e-01,-6.518809590488672256e-03,1.436708960682153702e-02,-3.305001258850097656e-01,5.274720191955566406e-01,1.042581200599670410e+00,-6.405940651893615723e-02,-9.312842786312103271e-02,-1.208546198904514313e-02
-2.253019716590642929e-03,-8.934392593801021576e-03,8.033015727996826172e-01,-1.764648221433162689e-02,3.742161765694618225e-02,6.619679927825927734e-01,7.483893632888793945e-01,2.758186496794223785e-02,1.573312096297740936e-02,2.196147143840789795e-01,3.745174035429954529e-02,-5.420890450477600098e-02,5.309942644089460373e-04,-2.602675557136535645e-02,-3.815333172678947449e-02,-1.240016669034957886e-01,6.233458593487739563e-02,-1.617015339434146881e-02,1.155402064323425293e-01,-5.315373837947845459e-02,-2.782873809337615967e-02,-4.107480868697166443e-02,-5.967490002512931824e-02,3.128957748413085938e-01,-4.623192548751831055e-01,1.063581705093383789e+00,7.435869425535202026e-02,-1.453677117824554443e-01,-2.881241729483008385e-03,1.377170346677303314e-02,-3.309966623783111572e-01,5.274571180343627930e-01,1.041996121406555176e+00,-6.627885252237319946e-02,-9.315280616283416748e-02,-1.343821175396442413e-02
-2.426304621621966362e-03,-8.894334547221660614e-03,8.033202290534973145e-01,-1.753968000411987305e-02,3.728007525205612183e-02,6.617442369461059570e-01,7.485967874526977539e-01,2.801955677568912506e-02,1.534078083932399750e-02,2.181037962436676025e-01,3.755715116858482361e-02,-5.451094731688499451e-02,1.888379105366766453e-03,-2.654723078012466431e-02,-3.839904069900512695e-02,-1.234932690858840942e-01,6.408373266458511353e-02,-1.665134169161319733e-02,1.157520413398742676e-01,-5.328333005309104919e-02,-2.798646502196788788e-02,-3.976032882928848267e-02,-5.963370576500892639e-02,3.127592802047729492e-01,-4.621836543083190918e-01,1.064453244209289551e+00,7.920557260513305664e-02,-1.457931995391845703e-01,1.265443395823240280e-03,1.314422301948070526e-02,-3.313694298267364502e-01,5.276654958724975586e-01,1.041843414306640625e+00,-6.799456477165222168e-02,-9.295238554477691650e-02,-1.539943926036357880e-02
-2.574740443378686905e-03,-9.103775024414062500e-03,8.033301830291748047e-01,-1.733660697937011719e-02,3.703134879469871521e-02,6.616225242614746094e-01,7.487214207649230957e-01,2.852729894220829010e-02,1.500243786722421646e-02,2.166172564029693604e-01,3.739989548921585083e-02,-5.486912652850151062e-02,2.945046406239271164e-03,-2.733943052589893341e-02,-3.865465149283409119e-02,-1.231626421213150024e-01,6.637277454137802124e-02,-1.726216822862625122e-02,1.152876839041709900e-01,-5.396303161978721619e-02,-2.795474976301193237e-02,-3.857081010937690735e-02,-5.990685895085334778e-02,3.119954466819763184e-01,-4.607031941413879395e-01,1.065949797630310059e+00,8.190607279539108276e-02,-1.463891565799713135e-01,5.152886267751455307e-03,1.219069026410579681e-02,-3.318063318729400635e-01,5.274988412857055664e-01,1.040784239768981934e+00,-6.833661347627639771e-02,-9.356897324323654175e-02,-1.708398945629596710e-02
-2.743002725765109062e-03,-9.302972815930843353e-03,8.033518791198730469e-01,-1.726804114878177643e-02,3.674171119928359985e-02,6.617071032524108887e-01,7.486625313758850098e-01,2.866540849208831787e-02,1.497730426490306854e-02,2.154678404331207275e-01,3.761533647775650024e-02,-5.528572946786880493e-02,3.848484018817543983e-03,-2.801133319735527039e-02,-3.870992735028266907e-02,-1.232960969209671021e-01,6.832569092512130737e-02,-1.730433851480484009e-02,1.149417683482170105e-01,-5.495232716202735901e-02,-2.796476520597934723e-02,-3.749255090951919556e-02,-6.048086285591125488e-02,3.117367923259735107e-01,-4.602501392364501953e-01,1.067196846008300781e+00,8.690240979194641113e-02,-1.468137651681900024e-01,1.083982829004526138e-02,1.124848518520593643e-02,-3.326329588890075684e-01,5.280092954635620117e-01,1.039892673492431641e+00,-7.059440761804580688e-02,-9.380133450031280518e-02,-2.011179924011230469e-02
-2.870680531486868858e-03,-9.212183766067028046e-03,8.033626675605773926e-01,-1.717882417142391205e-02,3.654149919748306274e-02,6.616931557655334473e-01,7.486866712570190430e-01,2.912557311356067657e-02,1.475944370031356812e-02,2.139968127012252808e-01,3.794909268617630005e-02,-5.615200102329254150e-02,4.891851916909217834e-03,-2.866548672318458557e-02,-3.891844674944877625e-02,-1.231162473559379578e-01,7.083769142627716064e-02,-1.814967952668666840e-02,1.147875711321830750e-01,-5.577099695801734924e-02,-2.816778421401977539e-02,-3.671670332551002502e-02,-6.051617488265037537e-02,3.111178576946258545e-01,-4.596958160400390625e-01,1.068926095962524414e+00,8.945156633853912354e-02,-1.474231779575347900e-01,1.587852649390697479e-02,1.075668539851903915e-02,-3.330976963043212891e-01,5.282143950462341309e-01,1.039770960807800293e+00,-7.216440886259078979e-02,-9.387693554162979126e-02,-2.379681542515754700e-02
-3.126575844362378120e-03,-8.791826665401458740e-03,8.034026622772216797e-01,-1.731200888752937317e-02,3.632262349128723145e-02,6.614105701446533203e-01,7.489439249038696289e-01,2.957753464579582214e-02,1.494179386645555496e-02,2.136695086956024170e-01,3.887784853577613831e-02,-5.686708912253379822e-02,4.818670451641082764e-03,-2.916540019214153290e-02,-3.876963630318641663e-02,-1.221685633063316345e-01,7.310425490140914917e-02,-1.823401451110839844e-02,1.161120831966400146e-01,-5.738037079572677612e-02,-2.849013358354568481e-02,-3.550424054265022278e-02,-6.092028692364692688e-02,3.097032308578491211e-01,-4.592085182666778564e-01,1.073599219322204590e+00,9.694086015224456787e-02,-1.472300291061401367e-01,2.210800908505916595e-02,1.035639923065900803e-02,-3.333926498889923096e-01,5.283571481704711914e-01,1.040247440338134766e+00,-7.550638914108276367e-02,-9.292676299810409546e-02,-2.582431398332118988e-02
-3.078154986724257469e-03,-8.537692017853260040e-03,8.034200072288513184e-01,-1.718637347221374512e-02,3.623647987842559814e-02,6.610925197601318359e-01,7.492317557334899902e-01,3.040953911840915680e-02,1.475281082093715668e-02,2.124329060316085815e-01,3.891423717141151428e-02,-5.733299255371093750e-02,5.777931772172451019e-03,-3.005815856158733368e-02,-3.891474008560180664e-02,-1.217259392142295837e-01,7.614963501691818237e-02,-1.955202221870422363e-02,1.155935302376747131e-01,-5.853611603379249573e-02,-2.875229343771934509e-02,-3.507077321410179138e-02,-6.044965609908103943e-02,3.093041777610778809e-01,-4.590564966201782227e-01,1.076021075248718262e+00,1.010270640254020691e-01,-1.474777460098266602e-01,2.553912624716758728e-02,1.040779612958431244e-02,-3.337486982345581055e-01,5.282125473022460938e-01,1.038841724395751953e+00,-7.645939290523529053e-02,-9.283835440874099731e-02,-2.717329002916812897e-02
-3.103061811998486519e-03,-8.252827450633049011e-03,8.034573197364807129e-01,-1.713486015796661377e-02,3.627215698361396790e-02,6.607612371444702148e-01,7.495234012603759766e-01,3.031931258738040924e-02,1.448257546871900558e-02,2.107649445533752441e-01,4.014563560485839844e-02,-5.771380662918090820e-02,7.272427901625633240e-03,-3.111124224960803986e-02,-3.918581455945968628e-02,-1.209554374217987061e-01,7.884576916694641113e-02,-2.043413370847702026e-02,1.158337965607643127e-01,-5.989929288625717163e-02,-2.930953353643417358e-02,-3.504693508148193359e-02,-5.974586308002471924e-02,3.095021247863769531e-01,-4.600194692611694336e-01,1.077979683876037598e+00,1.059898436069488525e-01,-1.464089453220367432e-01,2.727835252881050110e-02,1.031519006937742233e-02,-3.344149291515350342e-01,5.285126566886901855e-01,1.038139224052429199e+00,-7.842032611370086670e-02,-9.122267365455627441e-02,-2.711185626685619354e-02
-3.284537931904196739e-03,-8.223128505051136017e-03,8.034790158271789551e-01,-1.717074401676654816e-02,3.623292222619056702e-02,6.606255173683166504e-01,7.496441006660461426e-01,3.016776405274868011e-02,1.431257277727127075e-02,2.101602703332901001e-01,4.054542630910873413e-02,-5.782177671790122986e-02,8.230186067521572113e-03,-3.189290314912796021e-02,-3.938840329647064209e-02,-1.207110583782196045e-01,8.035076409578323364e-02,-2.068383060395717621e-02,1.158453300595283508e-01,-6.144456192851066589e-02,-2.985716983675956726e-02,-3.502837941050529480e-02,-5.964521318674087524e-02,3.093347251415252686e-01,-4.606200158596038818e-01,1.079227089881896973e+00,1.091047972440719604e-01,-1.459941864013671875e-01,2.735248766839504242e-02,9.926563128829002380e-03,-3.350113928318023682e-01,5.282588005065917969e-01,1.036868691444396973e+00,-7.962556928396224976e-02,-9.044931828975677490e-02,-2.661843970417976379e-02
-3.247036831453442574e-03,-8.201557211577892303e-03,8.034937977790832520e-01,-1.708234474062919617e-02,3.624836355447769165e-02,6.601724028587341309e-01,7.500444054603576660e-01,3.002143092453479767e-02,1.433644816279411316e-02,2.102030068635940552e-01,4.148119315505027771e-02,-5.797213315963745117e-02,9.103933349251747131e-03,-3.244587779045104980e-02,-3.940513357520103455e-02,-1.200163513422012329e-01,8.136780560016632080e-02,-2.103331312537193298e-02,1.160358563065528870e-01,-6.299553066492080688e-02,-2.999154850840568542e-02,-3.535541519522666931e-02,-5.895319953560829163e-02,3.094407916069030762e-01,-4.611574113368988037e-01,1.080556869506835938e+00,1.115482673048973083e-01,-1.461096107959747314e-01,2.761565521359443665e-02,9.122433140873908997e-03,-3.353953957557678223e-01,5.278903245925903320e-01,1.035681605339050293e+00,-8.056948333978652954e-02,-9.007780253887176514e-02,-2.630057372152805328e-02
-3.097164444625377655e-03,-8.042585104703903198e-03,8.035145998001098633e-01,-1.707885600626468658e-02,3.635474294424057007e-02,6.597047448158264160e-01,7.504507303237915039e-01,2.971036918461322784e-02,1.455556508153676987e-02,2.103913128376007080e-01,4.263597354292869568e-02,-5.813232064247131348e-02,9.934999048709869385e-03,-3.315340727567672729e-02,-3.933228179812431335e-02,-1.197427287697792053e-01,8.259765803813934326e-02,-2.150919847190380096e-02,1.158721297979354858e-01,-6.497231125831604004e-02,-2.990347519516944885e-02,-3.526004403829574585e-02,-5.783438682556152344e-02,3.096348941326141357e-01,-4.614585041999816895e-01,1.081691026687622070e+00,1.138240694999694824e-01,-1.464042663574218750e-01,2.701889164745807648e-02,8.574728854000568390e-03,-3.361395895481109619e-01,5.278707146644592285e-01,1.033327341079711914e+00,-8.070766925811767578e-02,-9.043656289577484131e-02,-2.616140060126781464e-02
-2.862651366740465164e-03,-7.701687980443239212e-03,8.035320043563842773e-01,-1.707225665450096130e-02,3.654580563306808472e-02,6.592590212821960449e-01,7.508332133293151855e-01,2.936150692403316498e-02,1.485815085470676422e-02,2.112700194120407104e-01,4.415365681052207947e-02,-5.821389704942703247e-02,1.028330903500318527e-02,-3.382012620568275452e-02,-3.931245952844619751e-02,-1.194229796528816223e-01,8.406125754117965698e-02,-2.232470735907554626e-02,1.155303269624710083e-01,-6.596869230270385742e-02,-2.986041642725467682e-02,-3.495468944311141968e-02,-5.642136186361312866e-02,3.101101517677307129e-01,-4.610371589660644531e-01,1.081756234169006348e+00,1.165968924760818481e-01,-1.466401219367980957e-01,2.655344642698764801e-02,8.745887316763401031e-03,-3.364723026752471924e-01,5.271865129470825195e-01,1.031266331672668457e+00,-8.019535988569259644e-02,-9.122239798307418823e-02,-2.609737962484359741e-02
-2.646924462169408798e-03,-7.483702618628740311e-03,8.035509586334228516e-01,-1.689914427697658539e-02,3.672870248556137085e-02,6.586782932281494141e-01,7.513377070426940918e-01,2.851772122085094452e-02,1.499471161514520645e-02,2.117455154657363892e-01,4.692362621426582336e-02,-5.846486240625381470e-02,1.095072831958532333e-02,-3.469429537653923035e-02,-3.955410048365592957e-02,-1.188018471002578735e-01,8.604373782873153687e-02,-2.361409552395343781e-02,1.152855083346366882e-01,-6.733402609825134277e-02,-3.008110634982585907e-02,-3.483228757977485657e-02,-5.518287792801856995e-02,3.108084499835968018e-01,-4.617227315902709961e-01,1.082347273826599121e+00,1.198659986257553101e-01,-1.462136358022689819e-01,2.524523623287677765e-02,8.060392923653125763e-03,-3.364139199256896973e-01,5.265371203422546387e-01,1.030243754386901855e+00,-8.097828924655914307e-02,-9.068100154399871826e-02,-2.472151629626750946e-02
-2.215757966041564941e-03,-7.033961825072765350e-03,8.035823106765747070e-01,-1.675417460501194000e-02,3.705205023288726807e-02,6.580061912536621094e-01,7.519137263298034668e-01,2.807430736720561981e-02,1.518700085580348969e-02,2.122634053230285645e-01,4.910382255911827087e-02,-5.822707712650299072e-02,1.141578517854213715e-02,-3.572880849242210388e-02,-3.965705633163452148e-02,-1.180152818560600281e-01,8.852512389421463013e-02,-2.528782188892364502e-02,1.146148145198822021e-01,-6.859368085861206055e-02,-3.013098053634166718e-02,-3.433514386415481567e-02,-5.348712950944900513e-02,3.115810751914978027e-01,-4.618945717811584473e-01,1.083324432373046875e+00,1.211893483996391296e-01,-1.457768976688385010e-01,2.293819002807140350e-02,7.320120930671691895e-03,-3.356389701366424561e-01,5.255990624427795410e-01,1.029952764511108398e+00,-8.078622072935104370e-02,-9.041444212198257446e-02,-2.302316762506961823e-02
-1.804255996830761433e-03,-6.664573680609464645e-03,8.036098480224609375e-01,-1.653016731142997742e-02,3.720223531126976013e-02,6.578690409660339355e-01,7.520313262939453125e-01,2.718767710030078888e-02,1.547467615455389023e-02,2.122212648391723633e-01,5.241215229034423828e-02,-5.861076340079307556e-02,1.216762419790029526e-02,-3.636364266276359558e-02,-3.983720019459724426e-02,-1.177087426185607910e-01,9.131751209497451782e-02,-2.735976316034793854e-02,1.133552119135856628e-01,-6.998633593320846558e-02,-3.020611219108104706e-02,-3.391749784350395203e-02,-5.212010070681571960e-02,3.128740489482879639e-01,-4.628324806690216064e-01,1.083231210708618164e+00,1.224447190761566162e-01,-1.452093869447708130e-01,2.052691392600536346e-02,6.799249909818172455e-03,-3.347818255424499512e-01,5.251713395118713379e-01,1.030071735382080078e+00,-8.075097948312759399e-02,-9.006316214799880981e-02,-2.182329632341861725e-02
-1.005588797852396965e-03,-6.551147438585758209e-03,8.036418557167053223e-01,-1.593230850994586945e-02,3.751556575298309326e-02,6.570784449577331543e-01,7.527195215225219727e-01,2.569911815226078033e-02,1.593724265694618225e-02,2.137255519628524780e-01,5.753140151500701904e-02,-5.861329659819602966e-02,1.239852048456668854e-02,-3.740589693188667297e-02,-4.011429846286773682e-02,-1.167567372322082520e-01,9.433306753635406494e-02,-2.974359691143035889e-02,1.126417592167854309e-01,-7.208711653947830200e-02,-3.020193055272102356e-02,-3.373109921813011169e-02,-4.988117888569831848e-02,3.148448765277862549e-01,-4.634123146533966064e-01,1.083551645278930664e+00,1.237542852759361267e-01,-1.450540721416473389e-01,1.980165950953960419e-02,5.194083321839570999e-03,-3.333577215671539307e-01,5.249798297882080078e-01,1.028975605964660645e+00,-7.967534661293029785e-02,-8.977295458316802979e-02,-2.048433385789394379e-02
2.233643463114276528e-04,-5.677905399352312088e-03,8.036414980888366699e-01,-1.585847884416580200e-02,3.840493410825729370e-02,6.561697721481323242e-01,7.534685134887695312e-01,2.475162781774997711e-02,1.661748997867107391e-02,2.147072404623031616e-01,6.051057204604148865e-02,-5.880749598145484924e-02,1.203720550984144211e-02,-3.809214383363723755e-02,-3.973147645592689514e-02,-1.162802204489707947e-01,9.554900974035263062e-02,-3.260485082864761353e-02,1.113241612911224365e-01,-7.302439212799072266e-02,-2.989942766726016998e-02,-3.326698392629623413e-02,-4.683387279510498047e-02,3.164840638637542725e-01,-4.630364477634429932e-01,1.085432529449462891e+00,1.246167421340942383e-01,-1.466710120439529419e-01,1.719231531023979187e-02,5.664872005581855774e-03,-3.314776122570037842e-01,5.243443846702575684e-01,1.027520537376403809e+00,-7.833145558834075928e-02,-9.161338955163955688e-02,-2.033186331391334534e-02
8.527439786121249199e-04,-5.056487396359443665e-03,8.036580681800842285e-01,-1.563710346817970276e-02,3.892626985907554626e-02,6.556611061096191406e-01,7.538890838623046875e-01,2.264967374503612518e-02,1.693714596331119537e-02,2.149112969636917114e-01,6.618920713663101196e-02,-5.975779145956039429e-02,1.319885626435279846e-02,-3.864025324583053589e-02,-4.016029834747314453e-02,-1.166787296533584595e-01,9.751044958829879761e-02,-3.500227257609367371e-02,1.106431186199188232e-01,-7.325117290019989014e-02,-2.967314980924129486e-02,-3.320628032088279724e-02,-4.459076002240180969e-02,3.171533644199371338e-01,-4.633296430110931396e-01,1.086392045021057129e+00,1.220535635948181152e-01,-1.469625979661941528e-01,1.661688089370727539e-02,6.118213757872581482e-03,-3.305432796478271484e-01,5.244788527488708496e-01,1.027420043945312500e+00,-7.588369399309158325e-02,-9.243045002222061157e-02,-2.207433991134166718e-02
1.403873320668935776e-03,-4.096793942153453827e-03,8.036607503890991211e-01,-1.570596359670162201e-02,3.956080228090286255e-02,6.555789709091186523e-01,7.539260387420654297e-01,2.079636231064796448e-02,1.708552427589893341e-02,2.138434946537017822e-01,7.058617472648620605e-02,-6.048391014337539673e-02,1.310730539262294769e-02,-3.869765251874923706e-02,-4.040736332535743713e-02,-1.168614104390144348e-01,9.861145168542861938e-02,-3.765802830457687378e-02,1.097553595900535583e-01,-7.396880537271499634e-02,-2.909538336098194122e-02,-3.320541232824325562e-02,-4.210089519619941711e-02,3.171142637729644775e-01,-4.620969593524932861e-01,1.087411284446716309e+00,1.184377297759056091e-01,-1.471783518791198730e-01,1.434685382992029190e-02,6.977572105824947357e-03,-3.292079269886016846e-01,5.229825973510742188e-01,1.028828740119934082e+00,-7.407490909099578857e-02,-9.277857840061187744e-02,-2.191744372248649597e-02
1.927890349179506302e-03,-3.146519884467124939e-03,8.037170767784118652e-01,-1.553587149828672409e-02,4.007613286375999451e-02,6.552736163139343262e-01,7.541677951812744141e-01,1.758982986211776733e-02,1.733731105923652649e-02,2.118628621101379395e-01,7.876081764698028564e-02,-6.114232912659645081e-02,1.422706991434097290e-02,-3.872381150722503662e-02,-4.079250618815422058e-02,-1.158733591437339783e-01,1.003117039799690247e-01,-3.976765275001525879e-02,1.081146150827407837e-01,-7.421548664569854736e-02,-2.850511856377124786e-02,-3.285674005746841431e-02,-3.883119300007820129e-02,3.175997436046600342e-01,-4.601035118103027344e-01,1.086326360702514648e+00,1.189203038811683655e-01,-1.483844518661499023e-01,1.419785711914300919e-02,8.184817619621753693e-03,-3.284353017807006836e-01,5.211668014526367188e-01,1.028571486473083496e+00,-7.359150797128677368e-02,-9.373948723077774048e-02,-2.093891613185405731e-02
3.048143349587917328e-03,-2.045789035037159920e-03,8.037687540054321289e-01,-1.499915588647127151e-02,4.110386222600936890e-02,6.547091007232666016e-01,7.546134591102600098e-01,1.332919858396053314e-02,1.700968854129314423e-02,2.079083770513534546e-01,8.911740779876708984e-02,-6.136340647935867310e-02,1.481087785214185715e-02,-3.842692822217941284e-02,-4.160154983401298523e-02,-1.142000332474708557e-01,1.012993529438972473e-01,-4.317098855972290039e-02,1.074559465050697327e-01,-7.263227552175521851e-02,-2.761441655457019806e-02,-3.216702863574028015e-02,-3.571639209985733032e-02,3.188591599464416504e-01,-4.585467278957366943e-01,1.085912704467773438e+00,1.181503683328628540e-01,-1.489651799201965332e-01,1.384079363197088242e-02,9.135252796113491058e-03,-3.263154625892639160e-01,5.193963050842285156e-01,1.030397057533264160e+00,-7.259505987167358398e-02,-9.325752407312393188e-02,-1.950504444539546967e-02
4.096483346074819565e-03,-4.772905958816409111e-04,8.038512468338012695e-01,-1.447658147662878036e-02,4.241414740681648254e-02,6.544528007507324219e-01,7.547734975814819336e-01,7.281486410647630692e-03,1.632356457412242889e-02,2.038853317499160767e-01,1.034291312098503113e-01,-6.246357038617134094e-02,1.518616918474435806e-02,-3.774741664528846741e-02,-4.322168231010437012e-02,-1.134143099188804626e-01,1.021865755319595337e-01,-4.707596078515052795e-02,1.068584620952606201e-01,-7.056751847267150879e-02,-2.654957957565784454e-02,-3.103975020349025726e-02,-3.150759264826774597e-02,3.200538754463195801e-01,-4.560047686100006104e-01,1.083093523979187012e+00,1.138919293880462646e-01,-1.507181823253631592e-01,1.436683628708124161e-02,1.180819794535636902e-02,-3.262773752212524414e-01,5.172919631004333496e-01,1.028205156326293945e+00,-7.139555364847183228e-02,-9.469703584909439087e-02,-1.953655853867530823e-02
5.201366264373064041e-03,6.262246752157807350e-04,8.040280342102050781e-01,-1.332961674779653549e-02,4.388607293367385864e-02,6.541766524314880371e-01,7.549498081207275391e-01,-8.088322356343269348e-04,1.458379905670881271e-02,1.980119496583938599e-01,1.212379410862922668e-01,-6.089729815721511841e-02,1.548913680016994476e-02,-3.754366934299468994e-02,-4.600286856293678284e-02,-1.119402125477790833e-01,1.039833649992942810e-01,-5.125322192907333374e-02,1.059828922152519226e-01,-6.711388379335403442e-02,-2.563399262726306915e-02,-3.019740805029869080e-02,-2.900206297636032104e-02,3.214117288589477539e-01,-4.533397257328033447e-01,1.081259489059448242e+00,1.097586005926132202e-01,-1.508571207523345947e-01,1.334339845925569534e-02,1.236817985773086548e-02,-3.264134824275970459e-01,5.147277116775512695e-01,1.028040289878845215e+00,-7.209296524524688721e-02,-9.329529106616973877e-02,-1.796742342412471771e-02
7.281866855919361115e-03,2.562109380960464478e-03,8.042830228805541992e-01,-1.193512137979269028e-02,4.629205539822578430e-02,6.536630392074584961e-01,7.552742958068847656e-01,-1.129296980798244476e-02,1.255325134843587875e-02,1.920146346092224121e-01,1.444459855556488037e-01,-5.802701413631439209e-02,1.551967207342386246e-02,-3.667789697647094727e-02,-4.936210811138153076e-02,-1.108669042587280273e-01,1.049140170216560364e-01,-5.653881654143333435e-02,1.072742715477943420e-01,-6.083149090409278870e-02,-2.537240274250507355e-02,-2.800231240689754486e-02,-2.691098302602767944e-02,3.240236043930053711e-01,-4.492436945438385010e-01,1.080004692077636719e+00,1.098201051354408264e-01,-1.519304066896438599e-01,1.289603579789400101e-02,1.187251042574644089e-02,-3.276934623718261719e-01,5.114276409149169922e-01,1.027960181236267090e+00,-7.458802312612533569e-02,-9.315748512744903564e-02,-1.822851411998271942e-02
8.148630149662494659e-03,2.330974675714969635e-03,8.047004938125610352e-01,-9.110822342336177826e-03,4.816717281937599182e-02,6.533707380294799805e-01,7.554492950439453125e-01,-2.665868960320949554e-02,7.996246218681335449e-03,1.867635250091552734e-01,1.768159866333007812e-01,-5.322428047657012939e-02,1.855134405195713043e-02,-3.573134914040565491e-02,-5.591213330626487732e-02,-1.098235845565795898e-01,1.048377975821495056e-01,-6.034095212817192078e-02,1.088135167956352234e-01,-5.398279055953025818e-02,-2.749530225992202759e-02,-2.648522332310676575e-02,-2.787749841809272766e-02,3.258440792560577393e-01,-4.442243278026580811e-01,1.074201107025146484e+00,1.039002686738967896e-01,-1.531431823968887329e-01,1.279371604323387146e-02,5.732700228691101074e-03,-3.333305418491363525e-01,5.065904259681701660e-01,1.029630899429321289e+00,-7.477151602506637573e-02,-9.271728992462158203e-02,-2.015207894146442413e-02
9.512618184089660645e-03,2.697767224162817001e-03,8.054045438766479492e-01,-5.761414766311645508e-03,5.059498548507690430e-02,6.535233855247497559e-01,7.551914453506469727e-01,-4.732658341526985168e-02,4.207696299999952316e-03,1.888030469417572021e-01,2.207085192203521729e-01,-4.261570423841476440e-02,2.191184461116790771e-02,-3.378323465585708618e-02,-6.411779671907424927e-02,-1.114863976836204529e-01,1.048287749290466309e-01,-6.352483481168746948e-02,1.101101040840148926e-01,-4.430003836750984192e-02,-3.097584471106529236e-02,-2.050699293613433838e-02,-3.006581589579582214e-02,3.271045386791229248e-01,-4.360516369342803955e-01,1.069218039512634277e+00,9.655864536762237549e-02,-1.535648852586746216e-01,1.096855383366346359e-02,1.266516861505806446e-03,-3.414095342159271240e-01,5.030828714370727539e-01,1.030290722846984863e+00,-7.645839452743530273e-02,-9.329921752214431763e-02,-1.839438639581203461e-02
1.093980949372053146e-02,1.619537710212171078e-03,8.061202764511108398e-01,-7.253197836689651012e-04,5.310942977666854858e-02,6.522267460823059082e-01,7.561607956886291504e-01,-7.509893178939819336e-02,1.927772100316360593e-04,1.903962045907974243e-01,2.734206020832061768e-01,-1.655632443726062775e-02,1.762959733605384827e-02,-3.154474496841430664e-02,-7.422205805778503418e-02,-1.087330654263496399e-01,1.034809201955795288e-01,-6.845705211162567139e-02,1.121215149760246277e-01,-3.172476589679718018e-02,-3.624666482210159302e-02,-1.301115844398736954e-02,-3.394295275211334229e-02,3.279632329940795898e-01,-4.255254864692687988e-01,1.066805720329284668e+00,8.680175989866256714e-02,-1.524724662303924561e-01,7.143398746848106384e-03,-1.880898838862776756e-03,-3.457015752792358398e-01,4.975650906562805176e-01,1.033568859100341797e+00,-7.065179198980331421e-02,-9.051568806171417236e-02,-1.590601727366447449e-02
1.289759669452905655e-02,3.746088594198226929e-03,8.069329857826232910e-01,4.723746795207262039e-03,5.551503598690032959e-02,6.503050923347473145e-01,7.576272487640380859e-01,-1.085412725806236267e-01,-6.530291866511106491e-03,1.853494942188262939e-01,3.315672278404235840e-01,1.603991549927741289e-04,1.026581227779388428e-02,-2.520757541060447693e-02,-8.455958217382431030e-02,-1.032065153121948242e-01,1.042120307683944702e-01,-7.392174005508422852e-02,1.126490682363510132e-01,-1.647088490426540375e-02,-4.272791370749473572e-02,-4.376564174890518188e-03,-3.181670978665351868e-02,3.291192650794982910e-01,-4.168640673160552979e-01,1.065511822700500488e+00,8.145167678594589233e-02,-1.510271579027175903e-01,3.120462410151958466e-03,-3.241620259359478951e-03,-3.471089601516723633e-01,4.937829673290252686e-01,1.037115454673767090e+00,-6.807184964418411255e-02,-8.649506419897079468e-02,-1.278691831976175308e-02
1.479706633836030960e-02,5.431748460978269577e-03,8.078511953353881836e-01,1.120985671877861023e-02,5.901257693767547607e-02,6.472792625427246094e-01,7.598825097084045410e-01,-1.598274856805801392e-01,-2.631804533302783966e-02,1.588916182518005371e-01,3.985163867473602295e-01,-7.408145815134048462e-02,1.212033163756132126e-02,-2.028768323361873627e-02,-9.785395860671997070e-02,-9.344646334648132324e-02,1.045993119478225708e-01,-7.921552658081054688e-02,1.116731092333793640e-01,2.690980909392237663e-03,-5.101325735449790955e-02,7.323573343455791473e-03,-3.018178977072238922e-02,3.305701315402984619e-01,-4.051170051097869873e-01,1.059995532035827637e+00,7.071261107921600342e-02,-1.501345038414001465e-01,1.328937825746834278e-03,-5.408025812357664108e-03,-3.496966361999511719e-01,4.887687265872955322e-01,1.032475948333740234e+00,-6.362913548946380615e-02,-8.571151643991470337e-02,-1.203602831810712814e-02
1.693515665829181671e-02,7.612253073602914810e-03,8.088997006416320801e-01,1.861487142741680145e-02,6.226778402924537659e-02,6.464981436729431152e-01,7.601423263549804688e-01,-2.038128674030303955e-01,-3.538527339696884155e-02,1.587812453508377075e-01,4.630607664585113525e-01,-9.740175306797027588e-02,1.352072414010763168e-02,-1.198359951376914978e-02,-1.128840893507003784e-01,-8.630412817001342773e-02,1.055288016796112061e-01,-8.554490655660629272e-02,1.098997294902801514e-01,1.798989437520503998e-02,-5.989634618163108826e-02,1.443305797874927521e-02,-2.066187001764774323e-02,3.290108740329742432e-01,-3.985111117362976074e-01,1.058705449104309082e+00,6.340303272008895874e-02,-1.522042602300643921e-01,6.419085897505283356e-03,9.744433336891233921e-04,-3.526991307735443115e-01,4.875645339488983154e-01,1.031134843826293945e+00,-6.061195209622383118e-02,-8.775616437196731567e-02,-1.503446977585554123e-02
1.926497742533683777e-02,9.559583850204944611e-03,8.097280859947204590e-01,2.279765158891677856e-02,6.506150215864181519e-02,6.471748948097229004e-01,7.592179775238037109e-01,-2.610597312450408936e-01,-3.088925406336784363e-02,1.686950474977493286e-01,5.366339087486267090e-01,-9.882025420665740967e-02,7.867531850934028625e-03,-8.904231712222099304e-03,-1.215399429202079773e-01,-8.005329966545104980e-02,1.091925948858261108e-01,-9.053256362676620483e-02,1.046533659100532532e-01,3.302081674337387085e-02,-6.292720884084701538e-02,2.629160322248935699e-02,-1.734317652881145477e-02,3.315843939781188965e-01,-3.920018970966339111e-01,1.051063179969787598e+00,5.837810039520263672e-02,-1.572104692459106445e-01,5.750983022153377533e-03,5.250123213045299053e-04,-3.587442040443420410e-01,4.842921495437622070e-01,1.023882269859313965e+00,-5.445548892021179199e-02,-9.109716117382049561e-02,-9.221629239618778229e-03
2.105298452079296112e-02,1.233276817947626114e-02,8.103628754615783691e-01,2.814427018165588379e-02,6.589795649051666260e-02,6.477687358856201172e-01,7.584596276283264160e-01,-3.036797046661376953e-01,-3.299182280898094177e-02,1.728443354368209839e-01,5.781212449073791504e-01,-9.109016507863998413e-02,3.114432562142610550e-03,-3.100527392234653234e-04,-1.300388276576995850e-01,-7.289852201938629150e-02,1.148261576890945435e-01,-9.682545065879821777e-02,1.001014336943626404e-01,4.598422348499298096e-02,-6.604986637830734253e-02,3.262583166360855103e-02,-2.217052271589636803e-03,3.311972022056579590e-01,-3.873478174209594727e-01,1.044580459594726562e+00,5.735740065574645996e-02,-1.607257127761840820e-01,8.256212808191776276e-03,8.812490850687026978e-03,-3.647912442684173584e-01,4.817341566085815430e-01,1.018265962600708008e+00,-5.136809870600700378e-02,-9.342422336339950562e-02,-5.772685166448354721e-03
2.371308580040931702e-02,1.740089058876037598e-02,8.104789853096008301e-01,3.083117678761482239e-02,6.623169779777526855e-02,6.468023061752319336e-01,7.591505646705627441e-01,-3.388962447643280029e-01,-2.659460343420505524e-02,1.816733181476593018e-01,5.793030858039855957e-01,-8.467914909124374390e-02,-3.750808071345090866e-03,8.894951082766056061e-03,-1.323475986719131470e-01,-6.919896602630615234e-02,1.188094392418861389e-01,-1.029895916581153870e-01,9.852214902639389038e-02,5.939613282680511475e-02,-6.512395292520523071e-02,3.967189043760299683e-02,1.192199066281318665e-02,3.324511647224426270e-01,-3.801634609699249268e-01,1.040960550308227539e+00,5.688182637095451355e-02,-1.640643626451492310e-01,1.353080756962299347e-02,1.208472903817892075e-02,-3.694955408573150635e-01,4.806490540504455566e-01,1.010782599449157715e+00,-4.564434289932250977e-02,-9.603006392717361450e-02,-2.528858371078968048e-03
2.587248384952545166e-02,2.543157525360584259e-02,8.102543354034423828e-01,3.175076469779014587e-02,6.536757200956344604e-02,6.462883949279785156e-01,7.596250772476196289e-01,-3.652575016021728516e-01,-1.653479412198066711e-02,1.916508078575134277e-01,5.561137199401855469e-01,-7.570437341928482056e-02,-8.080865256488323212e-03,2.294738590717315674e-02,-1.312464326620101929e-01,-6.754574924707412720e-02,1.208283379673957825e-01,-1.083683669567108154e-01,9.782174229621887207e-02,7.309050858020782471e-02,-6.142032146453857422e-02,4.554582759737968445e-02,2.649527788162231445e-02,3.335357606410980225e-01,-3.690064847469329834e-01,1.036735296249389648e+00,5.864615738391876221e-02,-1.673595607280731201e-01,2.078401856124401093e-02,1.221950445324182510e-02,-3.726372718811035156e-01,4.756992757320404053e-01,1.008623480796813965e+00,-4.065531492233276367e-02,-9.686169028282165527e-02,-2.394457813352346420e-03
2.617924846708774567e-02,3.631420806050300598e-02,8.094404935836791992e-01,3.017635084688663483e-02,6.220509484410285950e-02,6.426779031753540039e-01,7.630105018615722656e-01,-3.787870109081268311e-01,-2.260860987007617950e-03,2.026459872722625732e-01,5.035485625267028809e-01,-5.912517383694648743e-02,-1.107851881533861160e-02,3.988252207636833191e-02,-1.243410930037498474e-01,-5.921290442347526550e-02,1.218281239271163940e-01,-1.128147467970848083e-01,9.981881827116012573e-02,8.702481538057327271e-02,-5.619156733155250549e-02,5.208088085055351257e-02,4.297522827982902527e-02,3.313269019126892090e-01,-3.579553663730621338e-01,1.040367603302001953e+00,5.822021514177322388e-02,-1.704450696706771851e-01,2.510957419872283936e-02,8.807122707366943359e-03,-3.787892758846282959e-01,4.752628803253173828e-01,1.000332474708557129e+00,-3.742092475295066833e-02,-9.824817627668380737e-02,-2.021300606429576874e-03
2.670582756400108337e-02,4.852246120572090149e-02,8.081836104393005371e-01,2.736916393041610718e-02,5.859759077429771423e-02,6.387272477149963379e-01,7.667103409767150879e-01,-3.839817941188812256e-01,1.657943055033683777e-02,2.145601660013198853e-01,4.369943439960479736e-01,-3.871263191103935242e-02,-1.600727997720241547e-02,5.607865005731582642e-02,-1.151331216096878052e-01,-5.245903506875038147e-02,1.262737512588500977e-01,-1.186828464269638062e-01,1.026249006390571594e-01,1.012213975191116333e-01,-4.798134043812751770e-02,5.794572457671165466e-02,5.667642131447792053e-02,3.290557563304901123e-01,-3.446677625179290771e-01,1.048957824707031250e+00,5.880647152662277222e-02,-1.712858229875564575e-01,2.830017916858196259e-02,3.705771407112479210e-03,-3.852174282073974609e-01,4.750368893146514893e-01,9.933227896690368652e-01,-3.405162319540977478e-02,-9.834706038236618042e-02,-2.180398150812834501e-04
2.544880099594593048e-02,6.130377203226089478e-02,8.063027858734130859e-01,2.345712855458259583e-02,5.301132053136825562e-02,6.363047361373901367e-01,7.692567110061645508e-01,-3.869444131851196289e-01,3.678885474801063538e-02,2.248362898826599121e-01,3.538457155227661133e-01,-2.032730355858802795e-02,-2.253457345068454742e-02,7.433190196752548218e-02,-1.033224016427993774e-01,-4.176775738596916199e-02,1.322695761919021606e-01,-1.255662441253662109e-01,1.016152948141098022e-01,1.121667027473449707e-01,-3.739387169480323792e-02,6.467515230178833008e-02,6.791984289884567261e-02,3.269620239734649658e-01,-3.301961719989776611e-01,1.056339383125305176e+00,5.946196988224983215e-02,-1.728212386369705200e-01,3.161711618304252625e-02,-1.452925935154780746e-04,-3.871037364006042480e-01,4.700771868228912354e-01,9.887974858283996582e-01,-2.397044189274311066e-02,-9.848600625991821289e-02,-8.454025955870747566e-04
2.510310895740985870e-02,7.332737743854522705e-02,8.039387464523315430e-01,1.875991374254226685e-02,4.828269779682159424e-02,6.320608854293823242e-01,7.731855511665344238e-01,-3.787584304809570312e-01,5.270953848958015442e-02,2.255908846855163574e-01,2.742229998111724854e-01,-1.083767786622047424e-02,-2.823507227003574371e-02,8.877454698085784912e-02,-9.026659280061721802e-02,-3.104444220662117004e-02,1.374683380126953125e-01,-1.336235702037811279e-01,1.049370765686035156e-01,1.225831210613250732e-01,-2.912844531238079071e-02,6.978221237659454346e-02,7.677234709262847900e-02,3.232986927032470703e-01,-3.187859654426574707e-01,1.066268324851989746e+00,6.001182645559310913e-02,-1.712028235197067261e-01,3.264524415135383606e-02,-8.172973990440368652e-03,-3.899418711662292480e-01,4.686379134654998779e-01,9.852561354637145996e-01,-2.083487063646316528e-02,-9.938565641641616821e-02,1.594383968040347099e-03
2.445810846984386444e-02,8.544234186410903931e-02,8.012079596519470215e-01,1.525289751589298248e-02,4.377099126577377319e-02,6.270535588264465332e-01,7.775958180427551270e-01,-3.727748990058898926e-01,6.506526470184326172e-02,2.168888151645660400e-01,2.022880017757415771e-01,-5.814890377223491669e-03,-3.776736557483673096e-02,1.063624694943428040e-01,-8.020999282598495483e-02,-1.717159338295459747e-02,1.387269794940948486e-01,-1.437312811613082886e-01,1.076977774500846863e-01,1.338673681020736694e-01,-2.342589758336544037e-02,7.174488157033920288e-02,8.899659663438796997e-02,3.196394443511962891e-01,-3.088948130607604980e-01,1.073897838592529297e+00,6.366131454706192017e-02,-1.678907126188278198e-01,2.978004887700080872e-02,-1.298207696527242661e-02,-3.931209146976470947e-01,4.692515432834625244e-01,9.779165387153625488e-01,-1.783164963126182556e-02,-1.009436473250389099e-01,1.070584915578365326e-02
2.347724698483943939e-02,9.723293036222457886e-02,7.982634902000427246e-01,1.115227304399013519e-02,4.007025808095932007e-02,6.226384639739990234e-01,7.814034819602966309e-01,-3.630610704421997070e-01,7.778380066156387329e-02,2.153628319501876831e-01,1.418284624814987183e-01,-6.588023155927658081e-03,-4.444423690438270569e-02,1.202021539211273193e-01,-7.102809846401214600e-02,-3.823018167167901993e-03,1.426001787185668945e-01,-1.552066802978515625e-01,1.073590070009231567e-01,1.399369984865188599e-01,-1.951032131910324097e-02,7.328732311725616455e-02,9.834187477827072144e-02,3.141427636146545410e-01,-3.026144206523895264e-01,1.086506605148315430e+00,6.518271565437316895e-02,-1.633371412754058838e-01,2.409818582236766815e-02,-1.952651329338550568e-02,-3.931048512458801270e-01,4.727790951728820801e-01,9.764691591262817383e-01,-1.656320504844188690e-02,-1.017438098788261414e-01,1.690252870321273804e-02
2.160129137337207794e-02,1.101374328136444092e-01,7.950981855392456055e-01,7.007851265370845795e-03,3.594278916716575623e-02,6.195224523544311523e-01,7.841243147850036621e-01,-3.546738624572753906e-01,8.921118825674057007e-02,2.166808694601058960e-01,1.031352579593658447e-01,-3.637668211013078690e-03,-4.862805828452110291e-02,1.382340341806411743e-01,-6.259097158908843994e-02,1.080382522195577621e-02,1.435148864984512329e-01,-1.663360893726348877e-01,1.037330329418182373e-01,1.461746543645858765e-01,-1.824845187366008759e-02,7.310698181390762329e-02,1.086198389530181885e-01,3.116374015808105469e-01,-2.952360212802886963e-01,1.098039746284484863e+00,6.350492686033248901e-02,-1.606918275356292725e-01,2.071467973291873932e-02,-2.317259646952152252e-02,-3.939503133296966553e-01,4.783481657505035400e-01,9.712523818016052246e-01,-1.823696866631507874e-02,-1.052037477493286133e-01,1.930785365402698517e-02
1.771665923297405243e-02,1.229094490408897400e-01,7.919802069664001465e-01,2.769588492810726166e-03,3.211809694766998291e-02,6.151806116104125977e-01,7.877268791198730469e-01,-3.452678918838500977e-01,9.853168576955795288e-02,2.189993411302566528e-01,8.425833284854888916e-02,-3.208304755389690399e-03,-4.643293097615242004e-02,1.504712700843811035e-01,-5.774501338601112366e-02,2.747594006359577179e-02,1.525910496711730957e-01,-1.781632155179977417e-01,1.010880097746849060e-01,1.498430520296096802e-01,-2.122452110052108765e-02,6.878206878900527954e-02,1.157244071364402771e-01,3.126847743988037109e-01,-2.911503314971923828e-01,1.109775662422180176e+00,6.413606554269790649e-02,-1.551007777452468872e-01,1.751165650784969330e-02,-2.501116134226322174e-02,-3.916405737400054932e-01,4.847759902477264404e-01,9.724563360214233398e-01,-2.070016972720623016e-02,-1.040691435337066650e-01,2.210428752005100250e-02
1.324330456554889679e-02,1.373986899852752686e-01,7.891803383827209473e-01,-2.150690415874123573e-03,2.844410017132759094e-02,6.114134788513183594e-01,7.907969951629638672e-01,-3.404364883899688721e-01,1.090586483478546143e-01,2.308976203203201294e-01,8.341526985168457031e-02,-8.943639113567769527e-05,-4.146771505475044250e-02,1.658229380846023560e-01,-5.270677059888839722e-02,4.732789099216461182e-02,1.605418473482131958e-01,-1.879540532827377319e-01,9.853960573673248291e-02,1.510086059570312500e-01,-2.670009993016719818e-02,6.132309883832931519e-02,1.239392384886741638e-01,3.143347799777984619e-01,-2.862056493759155273e-01,1.120273828506469727e+00,6.335736811161041260e-02,-1.524129658937454224e-01,1.297872792929410934e-02,-2.448001317679882050e-02,-3.911615312099456787e-01,4.919809699058532715e-01,9.679695963859558105e-01,-2.865762636065483093e-02,-1.055890098214149475e-01,2.522089891135692596e-02
7.974523119628429413e-03,1.531808674335479736e-01,7.872547507286071777e-01,-7.928948849439620972e-03,2.620146051049232483e-02,6.083197593688964844e-01,7.932198643684387207e-01,-3.371559977531433105e-01,1.154327094554901123e-01,2.401355654001235962e-01,9.542767703533172607e-02,8.167666383087635040e-03,-3.353428095579147339e-02,1.797375828027725220e-01,-4.867983981966972351e-02,6.916660070419311523e-02,1.764849573373794556e-01,-2.009278535842895508e-01,9.848000109195709229e-02,1.503140628337860107e-01,-3.479164093732833862e-02,4.920338094234466553e-02,1.285381168127059937e-01,3.164587914943695068e-01,-2.824175655841827393e-01,1.129742980003356934e+00,6.376863270998001099e-02,-1.507471203804016113e-01,9.600039571523666382e-03,-1.842544227838516235e-02,-3.861500322818756104e-01,4.936046600341796875e-01,9.646536111831665039e-01,-3.361116349697113037e-02,-1.060573980212211609e-01,2.596125751733779907e-02
3.878697520121932030e-03,1.720524579286575317e-01,7.865630388259887695e-01,-1.348931249231100082e-02,2.584979496896266937e-02,6.067020893096923828e-01,7.943943142890930176e-01,-3.356427550315856934e-01,1.215848475694656372e-01,2.515611648559570312e-01,1.190953329205513000e-01,2.691863849759101868e-02,-2.147427573800086975e-02,1.885418891906738281e-01,-4.836127907037734985e-02,8.050528168678283691e-02,1.994692683219909668e-01,-1.927891224622726440e-01,1.007311195135116577e-01,1.507737487554550171e-01,-4.294874519109725952e-02,3.392811492085456848e-02,1.353774219751358032e-01,3.177004754543304443e-01,-2.816127240657806396e-01,1.136112570762634277e+00,7.079632580280303955e-02,-1.459547728300094604e-01,9.056850336492061615e-03,-1.158256828784942627e-02,-3.807847499847412109e-01,4.932647347450256348e-01,9.674610495567321777e-01,-4.083019122481346130e-02,-1.027979701757431030e-01,2.555297128856182098e-02
-1.231283531524240971e-03,1.927009820938110352e-01,7.874746918678283691e-01,-2.045374922454357147e-02,2.701664157211780548e-02,6.067575812339782715e-01,7.941642999649047852e-01,-3.306307494640350342e-01,1.241154819726943970e-01,2.655669450759887695e-01,1.409607380628585815e-01,3.282688558101654053e-02,-3.205974586308002472e-03,1.845798045396804810e-01,-5.037888884544372559e-02,8.153429627418518066e-02,2.354641705751419067e-01,-1.631125956773757935e-01,1.059271618723869324e-01,1.463028341531753540e-01,-5.343149602413177490e-02,1.945030130445957184e-02,1.347174793481826782e-01,3.196792900562286377e-01,-2.759264707565307617e-01,1.145609140396118164e+00,7.336229830980300903e-02,-1.385829299688339233e-01,1.158603746443986893e-02,-1.356718945316970348e-03,-3.726649582386016846e-01,4.891317784786224365e-01,9.685263037681579590e-01,-4.452036321163177490e-02,-1.006349623203277588e-01,2.671478502452373505e-02
-5.594489164650440216e-03,2.121814191341400146e-01,7.901097536087036133e-01,-2.888881601393222809e-02,2.822634205222129822e-02,6.050961017608642578e-01,7.951272726058959961e-01,-3.234903812408447266e-01,1.288364529609680176e-01,2.728933095932006836e-01,1.588688939809799194e-01,1.756612025201320648e-02,1.968573406338691711e-02,1.757185310125350952e-01,-5.063952505588531494e-02,7.438312470912933350e-02,2.853152155876159668e-01,-1.682034432888031006e-01,1.026172563433647156e-01,1.425210088491439819e-01,-6.112277880311012268e-02,4.325256682932376862e-03,1.314854174852371216e-01,3.208405673503875732e-01,-2.746617794036865234e-01,1.150463819503784180e+00,7.867174595594406128e-02,-1.336065977811813354e-01,1.224250812083482742e-02,7.384862285107374191e-03,-3.617776930332183838e-01,4.836061298847198486e-01,9.707864522933959961e-01,-4.069956392049789429e-02,-9.694247692823410034e-02,2.800749428570270538e-02
-8.503720164299011230e-03,2.349662482738494873e-01,7.938913702964782715e-01,-3.795149549841880798e-02,3.008861094713211060e-02,6.079109907150268555e-01,7.925267219543457031e-01,-3.153203129768371582e-01,1.279144436120986938e-01,2.694806754589080811e-01,1.729463785886764526e-01,-1.635074615478515625e-02,4.582684487104415894e-02,1.427128165960311890e-01,-5.030822753906250000e-02,5.548085644841194153e-02,3.749971389770507812e-01,-1.302589625120162964e-01,1.099651902914047241e-01,1.360088586807250977e-01,-6.699481606483459473e-02,-6.500554271042346954e-03,1.206106394529342651e-01,3.271897137165069580e-01,-2.751654684543609619e-01,1.152143120765686035e+00,8.587418496608734131e-02,-1.279574930667877197e-01,9.348688647150993347e-03,1.369456108659505844e-02,-3.499850630760192871e-01,4.792282581329345703e-01,9.736643433570861816e-01,-3.734366595745086670e-02,-9.241098165512084961e-02,3.070417605340480804e-02
-1.190651487559080124e-02,2.585494816303253174e-01,7.980244159698486328e-01,-4.604284837841987610e-02,2.977023832499980927e-02,6.112391948699951172e-01,7.895444035530090332e-01,-2.969201505184173584e-01,1.247682347893714905e-01,2.611564993858337402e-01,1.779573410749435425e-01,-5.072521790862083435e-02,6.937209516763687134e-02,9.580826014280319214e-02,-4.632072150707244873e-02,3.704824298620223999e-02,4.809674322605133057e-01,-5.208812654018402100e-02,1.289647817611694336e-01,1.244738847017288208e-01,-6.780187040567398071e-02,-1.152697857469320297e-02,1.087870821356773376e-01,3.338707983493804932e-01,-2.800910472869873047e-01,1.150286912918090820e+00,9.292256087064743042e-02,-1.277959197759628296e-01,9.974417276680469513e-03,2.111385762691497803e-02,-3.436433374881744385e-01,4.771092236042022705e-01,9.650157690048217773e-01,-3.181065246462821960e-02,-9.393934160470962524e-02,3.200396150350570679e-02
-1.273937802761793137e-02,2.752104997634887695e-01,8.024666309356689453e-01,-4.966214299201965332e-02,2.211572788655757904e-02,6.170136332511901855e-01,7.850724458694458008e-01,-2.625938653945922852e-01,1.265241950750350952e-01,2.472210526466369629e-01,1.683127582073211670e-01,-6.984744966030120850e-02,8.944172412157058716e-02,1.253768894821405411e-02,-2.978769317269325256e-02,-4.178322385996580124e-03,6.619187593460083008e-01,7.562434766441583633e-03,1.388224959373474121e-01,1.133396103978157043e-01,-5.636804923415184021e-02,-9.327137842774391174e-03,9.531622380018234253e-02,3.442275822162628174e-01,-2.884209454059600830e-01,1.146779894828796387e+00,1.103660464286804199e-01,-1.278419792652130127e-01,1.850193366408348083e-02,2.752210013568401337e-02,-3.403089642524719238e-01,4.844594001770019531e-01,9.573758244514465332e-01,-3.869882971048355103e-02,-9.545552730560302734e-02,3.175041079521179199e-02
-1.588019542396068573e-02,2.910859286785125732e-01,8.061067461967468262e-01,-5.456196144223213196e-02,1.522601582109928131e-02,6.217852830886840820e-01,7.811365127563476562e-01,-2.359815835952758789e-01,1.288866698741912842e-01,2.324582189321517944e-01,1.646960973739624023e-01,-8.986472338438034058e-02,1.035023331642150879e-01,-6.988189369440078735e-02,-3.000770509243011475e-02,-4.717772081494331360e-02,8.045870661735534668e-01,1.859434135258197784e-02,1.268614381551742554e-01,9.844702482223510742e-02,-4.589067399501800537e-02,-2.120370510965585709e-03,7.277698814868927002e-02,3.565409481525421143e-01,-3.006373345851898193e-01,1.143418550491333008e+00,1.243866905570030212e-01,-1.283590495586395264e-01,2.768050879240036011e-02,2.606931515038013458e-02,-3.412870764732360840e-01,4.906331598758697510e-01,9.379863142967224121e-01,-4.746392369270324707e-02,-9.713391959667205811e-02,3.124728985130786896e-02
-2.034650743007659912e-02,3.013892769813537598e-01,8.092679977416992188e-01,-5.770022794604301453e-02,5.934179294854402542e-03,6.268756985664367676e-01,7.769570946693420410e-01,-2.101635634899139404e-01,1.328587830066680908e-01,2.231816202402114868e-01,1.594445109367370605e-01,-1.008771732449531555e-01,1.104624643921852112e-01,-1.574778705835342407e-01,-2.644503489136695862e-02,-8.494374901056289673e-02,9.277610778808593750e-01,-9.036974050104618073e-03,9.947889298200607300e-02,8.005628734827041626e-02,-3.451932966709136963e-02,9.396591223776340485e-03,4.403150081634521484e-02,3.671861588954925537e-01,-3.062609434127807617e-01,1.147327542304992676e+00,1.357747316360473633e-01,-1.252853572368621826e-01,4.293216764926910400e-02,1.628336869180202484e-02,-3.410213589668273926e-01,4.951325654983520508e-01,9.187839627265930176e-01,-6.491174548864364624e-02,-9.860443323850631714e-02,2.398327924311161041e-02
-2.365859411656856537e-02,3.147523701190948486e-01,8.118017911911010742e-01,-5.830102786421775818e-02,-8.715953299542888999e-05,6.316059827804565430e-01,7.730943560600280762e-01,-1.834119558334350586e-01,1.290759146213531494e-01,2.101268768310546875e-01,1.583769023418426514e-01,-1.159415468573570251e-01,1.155849993228912354e-01,-2.365944981575012207e-01,-3.116828203201293945e-02,-1.197104901075363159e-01,9.992777109146118164e-01,-4.875073954463005066e-02,7.154335081577301025e-02,6.158715486526489258e-02,-2.860259823501110077e-02,2.248287573456764221e-02,1.101472880691289902e-02,3.799561858177185059e-01,-3.179567456245422363e-01,1.146153092384338379e+00,1.439674049615859985e-01,-1.195696815848350525e-01,5.574505776166915894e-02,7.486640242859721184e-04,-3.421400487422943115e-01,5.038541555404663086e-01,8.990693092346191406e-01,-7.384967058897018433e-02,-9.728640317916870117e-02,1.994349062442779541e-02
-2.921501360833644867e-02,3.283593654632568359e-01,8.137898445129394531e-01,-5.923338234424591064e-02,-6.422440521419048309e-03,6.391909718513488770e-01,7.667366266250610352e-01,-1.610180735588073730e-01,1.225156113505363464e-01,1.947983205318450928e-01,1.632589399814605713e-01,-1.310604959726333618e-01,1.159656345844268799e-01,-3.021974265575408936e-01,-3.093626908957958221e-02,-1.486610472202301025e-01,1.011274695396423340e+00,-9.684740751981735229e-02,4.930183663964271545e-02,3.462837263941764832e-02,-2.254920825362205505e-02,3.705674409866333008e-02,-2.318616397678852081e-02,3.909039199352264404e-01,-3.293733894824981689e-01,1.143227815628051758e+00,1.516214013099670410e-01,-1.163986176252365112e-01,7.291830331087112427e-02,-1.461245026439428329e-02,-3.499032855033874512e-01,5.095013380050659180e-01,8.723177313804626465e-01,-8.489410579204559326e-02,-9.784203767776489258e-02,9.589471854269504547e-03
-3.364586830139160156e-02,3.431920111179351807e-01,8.148985505104064941e-01,-5.763826519250869751e-02,-9.893720969557762146e-03,6.466269493103027344e-01,7.605612874031066895e-01,-1.352110505104064941e-01,1.098958477377891541e-01,1.854687482118606567e-01,1.641959846019744873e-01,-1.449207514524459839e-01,1.105548590421676636e-01,-3.481425940990447998e-01,-3.347239643335342407e-02,-1.805371195077896118e-01,9.570111036300659180e-01,-1.311294734477996826e-01,4.415670782327651978e-02,6.028757896274328232e-03,-2.208180725574493408e-02,4.843284189701080322e-02,-5.543790385127067566e-02,3.990100026130676270e-01,-3.388836681842803955e-01,1.138924837112426758e+00,1.446635723114013672e-01,-1.130400896072387695e-01,9.535872936248779297e-02,-3.149739652872085571e-02,-3.551366925239562988e-01,5.180127024650573730e-01,8.535630702972412109e-01,-8.451848477125167847e-02,-9.643052518367767334e-02,-5.556262563914060593e-03
-3.831585869193077087e-02,3.607617616653442383e-01,8.148576021194458008e-01,-5.419827252626419067e-02,-1.034042146056890488e-02,6.552674770355224609e-01,7.533791661262512207e-01,-1.088546961545944214e-01,8.792758733034133911e-02,1.704098135232925415e-01,1.663085669279098511e-01,-1.602231860160827637e-01,1.019821912050247192e-01,-3.667424321174621582e-01,-3.283789381384849548e-02,-2.002952694892883301e-01,8.448317646980285645e-01,-1.577014774084091187e-01,4.755993932485580444e-02,-2.191952429711818695e-02,-2.740066498517990112e-02,6.138918548822402954e-02,-8.853090554475784302e-02,4.058996140956878662e-01,-3.449702262878417969e-01,1.137299299240112305e+00,1.352238804101943970e-01,-1.112401783466339111e-01,1.125582009553909302e-01,-4.812591895461082458e-02,-3.628273904323577881e-01,5.297610759735107422e-01,8.369109034538269043e-01,-7.787456363439559937e-02,-9.450115263462066650e-02,-1.180281117558479309e-02
-4.139070957899093628e-02,3.762400746345520020e-01,8.136302232742309570e-01,-4.860154911875724792e-02,-9.916302748024463654e-03,6.632426977157592773e-01,7.467587590217590332e-01,-7.953587919473648071e-02,6.455454230308532715e-02,1.590360254049301147e-01,1.627186834812164307e-01,-1.758766323328018188e-01,9.048090875148773193e-02,-3.763283193111419678e-01,-2.876032143831253052e-02,-2.174705713987350464e-01,7.214596867561340332e-01,-1.587012857198715210e-01,6.285668909549713135e-02,-4.954664409160614014e-02,-3.216059878468513489e-02,6.715237349271774292e-02,-1.101672351360321045e-01,4.098636209964752197e-01,-3.550380766391754150e-01,1.128315925598144531e+00,1.137017682194709778e-01,-1.151040717959403992e-01,1.314922869205474854e-01,-5.448638647794723511e-02,-3.666061162948608398e-01,5.371478199958801270e-01,8.201654553413391113e-01,-6.815613806247711182e-02,-9.523687511682510376e-02,-2.305659092962741852e-02
-4.466073215007781982e-02,3.966735303401947021e-01,8.110582232475280762e-01,-4.207839444279670715e-02,-4.515993408858776093e-03,6.721723079681396484e-01,7.391842603683471680e-01,-5.145697295665740967e-02,3.038899414241313934e-02,1.407966315746307373e-01,1.613728851079940796e-01,-1.950075179338455200e-01,8.538732677698135376e-02,-3.744082152843475342e-01,-2.614955976605415344e-02,-2.242133021354675293e-01,5.673806667327880859e-01,-1.388351619243621826e-01,8.905246853828430176e-02,-7.881783694028854370e-02,-4.540004208683967590e-02,7.399938255548477173e-02,-1.369908154010772705e-01,4.147807359695434570e-01,-3.631266653537750244e-01,1.124711394309997559e+00,8.524894714355468750e-02,-1.168131977319717407e-01,1.448240429162979126e-01,-6.412264704704284668e-02,-3.710476756095886230e-01,5.430066585540771484e-01,8.050138354301452637e-01,-4.987263306975364685e-02,-9.051134437322616577e-02,-3.057705797255039215e-02
-4.616616666316986084e-02,4.135563969612121582e-01,8.073889017105102539e-01,-3.205258771777153015e-02,8.620377047918736935e-04,6.825731396675109863e-01,7.301135659217834473e-01,-2.265265211462974548e-02,-7.066476624459028244e-03,1.144542694091796875e-01,1.593653410673141479e-01,-2.142839133739471436e-01,8.510833233594894409e-02,-3.655337691307067871e-01,-2.696906588971614838e-02,-2.273502349853515625e-01,4.270181059837341309e-01,-1.063180267810821533e-01,1.153427138924598694e-01,-1.029372364282608032e-01,-5.956600606441497803e-02,8.300364762544631958e-02,-1.665001958608627319e-01,4.156190156936645508e-01,-3.655810058116912842e-01,1.119151473045349121e+00,5.629431828856468201e-02,-1.244324445724487305e-01,1.619041115045547485e-01,-6.933878362178802490e-02,-3.753470778465270996e-01,5.441100001335144043e-01,7.864096164703369141e-01,-3.313162922859191895e-02,-8.894427120685577393e-02,-3.854683786630630493e-02
-4.546813294291496277e-02,4.292360842227935791e-01,8.036641478538513184e-01,-2.101703546941280365e-02,4.692898597568273544e-03,6.920735836029052734e-01,7.215056419372558594e-01,6.111360620707273483e-03,-3.833360224962234497e-02,8.810734003782272339e-02,1.649673432111740112e-01,-2.346693128347396851e-01,9.109140187501907349e-02,-3.524382412433624268e-01,-2.814565040171146393e-02,-2.154716998338699341e-01,3.341814279556274414e-01,-7.866118103265762329e-02,1.368611007928848267e-01,-1.211766228079795837e-01,-6.891231983900070190e-02,9.113439172506332397e-02,-1.926394104957580566e-01,4.151104688644409180e-01,-3.792317509651184082e-01,1.112738847732543945e+00,4.964628070592880249e-02,-1.356883347034454346e-01,1.712205857038497925e-01,-7.016250491142272949e-02,-3.767326474189758301e-01,5.454934835433959961e-01,7.788834571838378906e-01,-2.436990849673748016e-02,-8.913040161132812500e-02,-4.412869736552238464e-02
-4.425525665283203125e-02,4.463951587677001953e-01,8.004382848739624023e-01,-1.288490928709506989e-02,7.094856817275285721e-03,6.985576152801513672e-01,7.154026031494140625e-01,3.058287315070629120e-02,-5.950448662042617798e-02,6.288252770900726318e-02,1.823992431163787842e-01,-2.571244239807128906e-01,9.639106690883636475e-02,-3.402841389179229736e-01,-3.107667900621891022e-02,-2.024501413106918335e-01,2.925958931446075439e-01,-6.530126929283142090e-02,1.425831764936447144e-01,-1.324039399623870850e-01,-7.103210687637329102e-02,9.669275581836700439e-02,-2.150128632783889771e-01,4.099014103412628174e-01,-3.863953053951263428e-01,1.107002258300781250e+00,5.349034443497657776e-02,-1.424863487482070923e-01,1.814162284135818481e-01,-6.916549056768417358e-02,-3.757255375385284424e-01,5.413386225700378418e-01,7.731392383575439453e-01,-1.345468964427709579e-02,-9.327052533626556396e-02,-5.388637632131576538e-02
-4.327066987752914429e-02,4.650776684284210205e-01,7.981081604957580566e-01,-1.000908017158508301e-02,1.010023336857557297e-02,7.036641240119934082e-01,7.103904485702514648e-01,4.300368204712867737e-02,-7.178349792957305908e-02,4.116075485944747925e-02,2.112551927566528320e-01,-2.752391695976257324e-01,1.049811393022537231e-01,-3.312748074531555176e-01,-3.054270520806312561e-02,-1.808447986841201782e-01,3.020029962062835693e-01,-5.561417341232299805e-02,1.403650194406509399e-01,-1.381677836179733276e-01,-6.691345572471618652e-02,9.762808680534362793e-02,-2.228865772485733032e-01,3.986655175685882568e-01,-3.898435533046722412e-01,1.102627515792846680e+00,6.524544954299926758e-02,-1.415028274059295654e-01,1.877552270889282227e-01,-6.249704584479331970e-02,-3.744634389877319336e-01,5.335401892662048340e-01,7.722597122192382812e-01,-7.728016003966331482e-03,-9.658725559711456299e-02,-6.600833684206008911e-02
-4.076448082923889160e-02,4.864508509635925293e-01,7.963948249816894531e-01,-1.306039839982986450e-02,1.622294634580612183e-02,7.067800164222717285e-01,7.071267366409301758e-01,4.303728044033050537e-02,-7.493510842323303223e-02,2.859271690249443054e-02,2.453696578741073608e-01,-2.888329625129699707e-01,1.083377897739410400e-01,-3.351001143455505371e-01,-2.628291957080364227e-02,-1.558758020401000977e-01,3.639112710952758789e-01,-5.784882232546806335e-02,1.298365294933319092e-01,-1.447074562311172485e-01,-5.529087409377098083e-02,9.323931485414505005e-02,-2.248075902462005615e-01,3.873817324638366699e-01,-3.939390480518341064e-01,1.090493202209472656e+00,7.835046201944351196e-02,-1.343720108270645142e-01,1.910519003868103027e-01,-5.579390004277229309e-02,-3.778367638587951660e-01,5.250971913337707520e-01,7.670567035675048828e-01,-7.225116714835166931e-03,-9.523694962263107300e-02,-7.379095256328582764e-02
-3.762237727642059326e-02,5.139025449752807617e-01,7.952800393104553223e-01,-2.133533917367458344e-02,2.303380519151687622e-02,7.100090980529785156e-01,7.034922838211059570e-01,4.382836446166038513e-02,-6.893146783113479614e-02,1.835135743021965027e-02,2.772325873374938965e-01,-2.936180233955383301e-01,1.111855655908584595e-01,-3.425640463829040527e-01,-1.646239124238491058e-02,-1.317875385284423828e-01,4.651464819908142090e-01,-7.994130998849868774e-02,1.152213960886001587e-01,-1.483798027038574219e-01,-3.912574797868728638e-02,8.509338647127151489e-02,-2.143369168043136597e-01,3.739867508411407471e-01,-4.020957946777343750e-01,1.079735398292541504e+00,8.329303562641143799e-02,-1.262787133455276489e-01,1.893000453710556030e-01,-3.952835500240325928e-02,-3.737892806529998779e-01,5.162154436111450195e-01,7.687725424766540527e-01,-3.105177544057369232e-03,-9.211584180593490601e-02,-8.243979513645172119e-02
-3.345807269215583801e-02,5.399439334869384766e-01,7.940371036529541016e-01,-2.864425070583820343e-02,3.015426546335220337e-02,7.122219204902648926e-01,7.007212042808532715e-01,4.022503271698951721e-02,-6.225999072194099426e-02,1.396233960986137390e-02,3.159398436546325684e-01,-2.889400124549865723e-01,1.125812754034996033e-01,-3.547601997852325439e-01,-5.565283820033073425e-03,-1.176448389887809753e-01,5.733699798583984375e-01,-1.091639250516891479e-01,9.868364781141281128e-02,-1.533072739839553833e-01,-2.539181336760520935e-02,7.658798247575759888e-02,-2.019239813089370728e-01,3.648517429828643799e-01,-4.120489656925201416e-01,1.068106055259704590e+00,8.500938117504119873e-02,-1.238700598478317261e-01,1.837751865386962891e-01,-2.405913546681404114e-02,-3.728636801242828369e-01,5.081822276115417480e-01,7.701445221900939941e-01,-3.262311452999711037e-03,-9.139014780521392822e-02,-8.476752042770385742e-02
-2.860398776829242706e-02,5.514574050903320312e-01,7.926515936851501465e-01,-3.254557028412818909e-02,3.517865762114524841e-02,7.119117379188537598e-01,7.006317973136901855e-01,2.936395816504955292e-02,-5.584203079342842102e-02,1.797088235616683960e-02,3.460225164890289307e-01,-2.916464805603027344e-01,1.155463755130767822e-01,-3.687868714332580566e-01,3.446639981120824814e-03,-1.092873513698577881e-01,6.743497252464294434e-01,-1.317636221647262573e-01,8.972804248332977295e-02,-1.520776748657226562e-01,-1.531172171235084534e-02,6.929014623165130615e-02,-1.865581274032592773e-01,3.597856760025024414e-01,-4.177186489105224609e-01,1.055185794830322266e+00,9.848910570144653320e-02,-1.210196241736412048e-01,1.769957542419433594e-01,-1.630737073719501495e-02,-3.705548346042633057e-01,5.080129504203796387e-01,7.816612720489501953e-01,-1.315669249743223190e-02,-8.885230123996734619e-02,-8.239355683326721191e-02
-2.727298066020011902e-02,5.611767768859863281e-01,7.915704250335693359e-01,-3.707386925816535950e-02,4.051130264997482300e-02,7.101172208786010742e-01,7.019386291503906250e-01,1.934956200420856476e-02,-5.385962501168251038e-02,2.408909238874912262e-02,3.646604120731353760e-01,-2.872185707092285156e-01,1.130430772900581360e-01,-3.577947318553924561e-01,7.847050204873085022e-03,-1.035980507731437683e-01,7.139871120452880859e-01,-1.624882370233535767e-01,8.130139857530593872e-02,-1.500662863254547119e-01,-9.046144783496856689e-03,6.025044247508049011e-02,-1.828884780406951904e-01,3.505258262157440186e-01,-4.280816018581390381e-01,1.064888596534729004e+00,1.017616018652915955e-01,-1.167272254824638367e-01,1.750649064779281616e-01,-9.873808361589908600e-03,-3.665522336959838867e-01,5.044685602188110352e-01,8.079050183296203613e-01,-1.365721225738525391e-02,-8.555020391941070557e-02,-7.636366039514541626e-02
