t,drift_x,drift_y,lean,dpitch,base_z,tilt_rad,gx,gy,gz,yaw_delta,cmd_vx,cmd_vy,cmd_yaw,meta_selected,meta_safety_hold
0.0199962,0,0,0,0,0.732343,0,-0.0147675,-0.00132972,-0.99989,0,0,0,0,DISABLED,0
0.0399961,2.80328e-06,-3.241e-06,0,2.49967e-06,0.732342,0,-0.014765,-0.00132737,-0.99989,-1.39344e-05,0,0,0,DISABLED,0
0.0599961,5.8678e-06,-6.80704e-06,0,4.97326e-06,0.732342,0,-0.0147625,-0.00132508,-0.99989,-2.79546e-05,0,0,0,DISABLED,0
0.0799961,9.17912e-06,-1.07074e-05,0,7.66106e-06,0.732341,0,-0.0147598,-0.0013226,-0.99989,-4.33866e-05,0,0,0,DISABLED,0
0.0999961,1.21449e-05,-1.42278e-05,0,1.00555e-05,0.732341,0,-0.0147574,-0.00132036,-0.99989,-5.75539e-05,0,0,0,DISABLED,0
0.119996,1.50762e-05,-1.77287e-05,0,1.24145e-05,0.73234,0,-0.0147551,-0.00131812,-0.99989,-7.17863e-05,0,0,0,DISABLED,0
0.139996,1.79727e-05,-2.12188e-05,0,1.47503e-05,0.732339,0,-0.0147528,-0.00131587,-0.99989,-8.60468e-05,0,0,0,DISABLED,0
0.159996,2.08332e-05,-2.47015e-05,0,1.68327e-05,0.732339,0,-0.0147507,-0.00131385,-0.99989,-9.89139e-05,0,0,0,DISABLED,0
0.179996,2.36542e-05,-2.81809e-05,0,1.9352e-05,0.732338,0,-0.0147482,-0.00131139,-0.99989,-0.000114679,0,0,0,DISABLED,0
0.199996,2.61613e-05,-3.13092e-05,0,2.16058e-05,0.732338,0,-0.0147459,-0.00130916,-0.99989,-0.000129072,0,0,0,DISABLED,0
0.219996,2.919e-05,-3.51327e-05,0,2.38335e-05,0.732337,0,-0.0147437,-0.00130692,-0.99989,-0.000143476,0,0,0,DISABLED,0
0.239996,3.13725e-05,-3.79109e-05,0,2.55946e-05,0.732337,0,-0.0147419,-0.00130513,-0.999891,-0.000155022,0,0,0,DISABLED,0
0.259996,3.46112e-05,-4.20748e-05,0,2.82116e-05,0.732336,0,-0.0147393,-0.00130244,-0.999891,-0.000172377,0,0,0,DISABLED,0
0.279996,3.70075e-05,-4.51994e-05,0,3.01553e-05,0.732335,0,-0.0147373,-0.00130043,-0.999891,-0.000185404,0,0,0,DISABLED,0
0.299996,3.99072e-05,-4.90132e-05,0,3.2492e-05,0.732335,0,-0.014735,-0.00129798,-0.999891,-0.000201404,0,0,0,DISABLED,0
0.319996,4.25191e-05,-5.24782e-05,0,3.45875e-05,0.732334,0,-0.0147329,-0.00129574,-0.999891,-0.000215959,0,0,0,DISABLED,0
0.339996,4.48548e-05,-5.5592e-05,0,3.64566e-05,0.732334,0,-0.014731,-0.00129372,-0.999891,-0.000229081,0,0,0,DISABLED,0
0.359996,4.76837e-05,-5.939e-05,0,3.87188e-05,0.732333,0,-0.0147288,-0.00129126,-0.999891,-0.000245182,0,0,0,DISABLED,0
0.379996,5.02286e-05,-6.28419e-05,0,4.07519e-05,0.732333,0,-0.0147268,-0.00128903,-0.999891,-0.00025982,0,0,0,DISABLED,0
0.399996,5.27501e-05,-6.6292e-05,0,4.27617e-05,0.732332,0,-0.0147247,-0.00128679,-0.999891,-0.000274479,0,0,0,DISABLED,0
0.419996,5.52507e-05,-6.97374e-05,0,4.43486e-05,0.732331,0,-0.0147232,-0.001285,-0.999891,-0.000286227,0,0,0,DISABLED,0
0.439996,5.74817e-05,-7.28327e-05,0,4.65093e-05,0.732331,0,-0.014721,-0.00128255,-0.999891,-0.000302425,0,0,0,DISABLED,0
0.459996,6.01746e-05,-7.66199e-05,0,4.86486e-05,0.73233,0,-0.0147189,-0.0012801,-0.999891,-0.000318598,0,0,0,DISABLED,0
0.479996,6.25979e-05,-8.00649e-05,0,5.05643e-05,0.73233,0,-0.0147169,-0.00127786,-0.999891,-0.000333294,0,0,0,DISABLED,0
0.499996,6.50096e-05,-8.34996e-05,0,5.24493e-05,0.732329,0,-0.0147151,-0.00127563,-0.999891,-0.000348052,0,0,0,DISABLED,0
0.519996,6.74101e-05,-8.69203e-05,0,5.41266e-05,0.732329,0,-0.0147134,-0.00127361,-0.999891,-0.000361394,0,0,0,DISABLED,0
0.539996,6.95535e-05,-8.99928e-05,0,5.61597e-05,0.732328,0,-0.0147113,-0.00127115,-0.999891,-0.00037772,0,0,0,DISABLED,0
0.559996,7.21463e-05,-9.37488e-05,0,5.79888e-05,0.732328,0,-0.0147095,-0.00126892,-0.999891,-0.000392549,0,0,0,DISABLED,0
0.579996,7.42502e-05,-9.68184e-05,0,5.979e-05,0.732327,0,-0.0147077,-0.00126668,-0.999891,-0.00040739,0,0,0,DISABLED,0
0.599996,7.68052e-05,-0.000100561,0,6.15641e-05,0.732327,0,-0.0147059,-0.00126445,-0.999891,-0.000422288,0,0,0,DISABLED,0
0.619996,7.86521e-05,-0.000103277,0,6.29695e-05,0.732326,0,-0.0147045,-0.00126266,-0.999891,-0.000434227,0,0,0,DISABLED,0
0.639996,8.11694e-05,-0.000107009,0,6.48862e-05,0.732325,0,-0.0147026,-0.00126019,-0.999891,-0.000450602,0,0,0,DISABLED,0
0.659996,8.34311e-05,-0.000110402,0,6.67786e-05,0.732325,0,-0.0147007,-0.00125773,-0.999891,-0.000466947,0,0,0,DISABLED,0
0.679996,8.56747e-05,-0.000113792,0,6.82995e-05,0.732324,0,-0.0146992,-0.00125571,-0.999891,-0.00048033,0,0,0,DISABLED,0
0.699996,8.81311e-05,-0.000117515,0,7.01342e-05,0.732324,0,-0.0146974,-0.00125323,-0.999891,-0.000496678,0,0,0,DISABLED,0
0.719995,9.0356e-05,-0.000120888,0,7.17798e-05,0.732323,0,-0.0146957,-0.00125098,-0.999891,-0.000511572,0,0,0,DISABLED,0
0.739995,9.25688e-05,-0.00012425,0,7.3405e-05,0.732323,0,-0.0146941,-0.00124874,-0.999891,-0.00052651,0,0,0,DISABLED,0
0.759995,9.47686e-05,-0.000127605,0,7.50078e-05,0.732322,0,-0.0146925,-0.0012465,-0.999891,-0.000541467,0,0,0,DISABLED,0
0.779995,9.69553e-05,-0.000130955,0,7.65892e-05,0.732322,0,-0.0146909,-0.00124425,-0.999891,-0.000556426,0,0,0,DISABLED,0
0.799995,9.86927e-05,-0.000133634,0,7.78418e-05,0.732321,0,-0.0146897,-0.00124245,-0.999891,-0.000568369,0,0,0,DISABLED,0
0.819995,0.000101064,-0.000137321,0,7.95489e-05,0.732321,0,-0.014688,-0.00123998,-0.999891,-0.000584727,0,0,0,DISABLED,0
0.839995,0.000103411,-0.000141006,0,8.1229e-05,0.73232,0,-0.0146863,-0.00123752,-0.999891,-0.000601089,0,0,0,DISABLED,0
0.859995,0.000105741,-0.000144686,0,8.28765e-05,0.732319,0,-0.0146846,-0.00123506,-0.999891,-0.000617463,0,0,0,DISABLED,0
0.879995,0.000107644,-0.000147686,0,8.41981e-05,0.732319,0,-0.0146833,-0.00123304,-0.999891,-0.000630893,0,0,0,DISABLED,0
0.899995,0.000109757,-0.000151007,0,8.55047e-05,0.732318,0,-0.014682,-0.00123102,-0.999891,-0.00064436,0,0,0,DISABLED,0
0.919995,0.000111857,-0.00015433,0,8.68104e-05,0.732318,0,-0.0146807,-0.00122899,-0.999891,-0.000657734,0,0,0,DISABLED,0
0.939995,0.000113935,-0.00015765,0,8.85315e-05,0.732317,0,-0.014679,-0.00122632,-0.999892,-0.000675589,0,0,0,DISABLED,0
0.959995,0.000115992,-0.00016097,0,8.99332e-05,0.732317,0,-0.0146776,-0.00122409,-0.999892,-0.000690466,0,0,0,DISABLED,0
0.979995,0.000118042,-0.000164283,0,9.13031e-05,0.732316,0,-0.0146762,-0.00122186,-0.999892,-0.000705361,0,0,0,DISABLED,0
0.999995,0.000120091,-0.000167582,0,9.26498e-05,0.732316,0,-0.0146749,-0.00121963,-0.999892,-0.000720298,0,0,0,DISABLED,0
1.02,0.000121929,-0.000170547,0,9.39881e-05,0.732315,0,-0.0146735,-0.00121739,-0.999892,-0.000735201,0,0,0,DISABLED,0
1.04,0.000123959,-0.000173837,0,9.53125e-05,0.732315,0,-0.0146722,-0.00121516,-0.999892,-0.000750097,0,0,0,DISABLED,0
1.06,0.000125974,-0.000177123,0,9.6485e-05,0.732314,0,-0.014671,-0.00121315,-0.999892,-0.000763498,0,0,0,DISABLED,0
1.08,0.000128176,-0.000180734,0,9.7895e-05,0.732314,0,-0.0146696,-0.0012107,-0.999892,-0.000779862,0,0,0,DISABLED,0
1.1,0.000130164,-0.000184011,0,9.91523e-05,0.732313,0,-0.0146684,-0.00120848,-0.999892,-0.000794755,0,0,0,DISABLED,0
1.12,0.000132142,-0.000187282,0,0.000100388,0.732312,0,-0.0146671,-0.00120626,-0.999892,-0.000809643,0,0,0,DISABLED,0
1.14,0.000134112,-0.00019055,0,0.000101486,0.732312,0.000345267,-0.014666,-0.00120425,-0.999892,-0.000823021,0,0,0,DISABLED,0
1.16,0.000136072,-0.000193812,0,0.000102811,0.732311,0,-0.0146647,-0.0012018,-0.999892,-0.000839349,0,0,0,DISABLED,0
1.18,0.00013802,-0.00019707,0,0.000103998,0.732311,0,-0.0146635,-0.00119958,-0.999892,-0.000854179,0,0,0,DISABLED,0
1.2,0.000139764,-0.000199998,0,0.000105049,0.73231,0.000345267,-0.0146625,-0.00119758,-0.999892,-0.000867525,0,0,0,DISABLED,0
1.22,0.000141886,-0.000203575,0,0.000106315,0.73231,0,-0.0146612,-0.00119513,-0.999892,-0.000883767,0,0,0,DISABLED,0
1.24,0.000143806,-0.000206819,0,0.000107449,0.732309,0,-0.0146601,-0.00119291,-0.999892,-0.000898561,0,0,0,DISABLED,0
1.25999,0.000145718,-0.000210051,0,0.000108557,0.732309,0.000345267,-0.0146589,-0.0011907,-0.999892,-0.000913398,0,0,0,DISABLED,0
1.27999,0.000147624,-0.000213276,0,0.000109646,0.732308,0,-0.0146579,-0.00118849,-0.999892,-0.000928232,0,0,0,DISABLED,0
1.29999,0.000149332,-0.000216171,0,0.000110718,0.732308,0,-0.0146568,-0.00118628,-0.999892,-0.000943063,0,0,0,DISABLED,0
1.31999,0.000151408,-0.000219708,0,0.000111779,0.732307,0.000345267,-0.0146557,-0.00118407,-0.999892,-0.000957843,0,0,0,DISABLED,0
1.33999,0.000153286,-0.000222915,0,0.000112716,0.732307,0,-0.0146548,-0.00118208,-0.999892,-0.000971165,0,0,0,DISABLED,0
1.35999,0.000155151,-0.00022612,0,0.000113743,0.732306,0,-0.0146538,-0.00117987,-0.999892,-0.000985922,0,0,0,DISABLED,0
1.37999,0.000157004,-0.000229322,0,0.000114855,0.732306,0,-0.0146526,-0.00117744,-0.999892,-0.00100213,0,0,0,DISABLED,0
1.39999,0.000158846,-0.00023252,0,0.000115845,0.732305,0,-0.0146517,-0.00117524,-0.999892,-0.00101685,0,0,0,DISABLED,0
1.41999,0.000160685,-0.000235706,0,0.000116813,0.732305,0,-0.0146507,-0.00117304,-0.999892,-0.00103159,0,0,0,DISABLED,0
1.43999,0.000162337,-0.000238564,0,0.00011767,0.732304,0,-0.0146498,-0.00117105,-0.999892,-0.00104487,0,0,0,DISABLED,0
1.45999,0.000164348,-0.000242054,0,0.000118615,0.732303,0.000345267,-0.0146489,-0.00116885,-0.999892,-0.00105957,0,0,0,DISABLED,0
1.47999,0.000166161,-0.000245222,0,0.000119641,0.732303,0,-0.0146479,-0.00116643,-0.999892,-0.00107571,0,0,0,DISABLED,0
1.49999,0.000167605,-0.000247752,0,0.000120368,0.732302,0,-0.0146471,-0.00116467,-0.999892,-0.00108746,0,0,0,DISABLED,0
1.51999,0.000169761,-0.000251542,0,0.000121443,0.732302,0,-0.0146461,-0.00116203,-0.999892,-0.00110504,0,0,0,DISABLED,0
1.53999,0.000171551,-0.000254692,0,0.000122143,0.732301,0.000345267,-0.0146454,-0.00116028,-0.999892,-0.00111677,0,0,0,DISABLED,0
1.55999,0.000173334,-0.000257839,0,0.000123189,0.732301,0,-0.0146443,-0.00115764,-0.999892,-0.00113427,0,0,0,DISABLED,0
1.57999,0.000174933,-0.00026066,0,0.000124035,0.7323,0,-0.0146435,-0.00115545,-0.999892,-0.00114889,0,0,0,DISABLED,0
1.59999,0.000176707,-0.000263788,0,0.000124789,0.7323,0,-0.0146427,-0.00115348,-0.999892,-0.00116202,0,0,0,DISABLED,0
1.61999,0.000178653,-0.000267217,0,0.000125693,0.732299,0.000345267,-0.0146418,-0.00115106,-0.999892,-0.00117808,0,0,0,DISABLED,0
1.63999,0.000180416,-0.000270324,0,0.00012642,0.732299,0,-0.0146411,-0.0011491,-0.999892,-0.00119125,0,0,0,DISABLED,0
1.65999,0.000181643,-0.000272496,0,0.000126977,0.732298,0,-0.0146405,-0.00114757,-0.999892,-0.00120147,0,0,0,DISABLED,0
1.67999,0.000183907,-0.000276521,0,0.00012804,0.732298,0,-0.0146395,-0.00114449,-0.999892,-0.00122143,0,0,0,DISABLED,0
1.69999,0.000185635,-0.000279591,0,0.000128757,0.732297,0.000345267,-0.0146387,-0.00114232,-0.999892,-0.00123542,0,0,0,DISABLED,0
1.71999,0.000187192,-0.000282315,0,0.000129361,0.732297,0,-0.0146381,-0.00114038,-0.999892,-0.00124781,0,0,0,DISABLED,0
1.73999,0.000189102,-0.000285581,0,0.000130059,0.732296,0,-0.0146374,-0.00113804,-0.999892,-0.00126281,0,0,0,DISABLED,0
1.75999,0.00019084,-0.000288487,0,0.000130603,0.732296,0,-0.0146369,-0.00113615,-0.999892,-0.00127494,0,0,0,DISABLED,0
1.77999,0.000192399,-0.000291055,0,0.000131177,0.732295,0,-0.0146363,-0.00113408,-0.999892,-0.00128827,0,0,0,DISABLED,0
1.79999,0.000194296,-0.000294136,0,0.000131758,0.732295,0.000345267,-0.0146357,-0.00113182,-0.999892,-0.00130284,0,0,0,DISABLED,0
1.81999,0.000196015,-0.000296896,0,0.000132252,0.732294,0.000345267,-0.0146353,-0.00112979,-0.999892,-0.00131601,0,0,0,DISABLED,0
1.83999,0.00019773,-0.000299628,0,0.000132725,0.732294,0,-0.0146348,-0.00112775,-0.999892,-0.00132909,0,0,0,DISABLED,0
1.85999,0.000199445,-0.000302334,0,0.000133125,0.732293,0,-0.0146344,-0.00112593,-0.999892,-0.00134088,0,0,0,DISABLED,0
1.87999,0.000201152,-0.000305028,0,0.000133594,0.732293,0,-0.0146339,-0.0011237,-0.999892,-0.00135522,0,0,0,DISABLED,0
1.89999,0.000202848,-0.000307719,0,0.000134001,0.732292,0,-0.0146335,-0.00112168,-0.999892,-0.00136819,0,0,0,DISABLED,0
1.91999,0.000204538,-0.000310409,0,0.000134347,0.732292,0.000345267,-0.0146332,-0.00111987,-0.999892,-0.00137981,0,0,0,DISABLED,0
1.93999,0.000206221,-0.000313099,0,0.000134743,0.732291,0.000345267,-0.0146328,-0.00111765,-0.999892,-0.00139399,0,0,0,DISABLED,0
1.95999,0.000207898,-0.000315792,0,0.000135085,0.732291,0.000345267,-0.0146324,-0.00111564,-0.999892,-0.00140678,0,0,0,DISABLED,0
1.97999,0.000209401,-0.000318223,0,0.000135415,0.73229,0,-0.0146321,-0.00111363,-0.999892,-0.00141947,0,0,0,DISABLED,0
1.99999,0.000211233,-0.000321193,0,0.000135723,0.73229,0,-0.0146318,-0.00111163,-0.999892,-0.00143215,0,0,0,DISABLED,0
2.01999,0.000212894,-0.000323894,0,0.00013601,0.732289,0,-0.0146315,-0.00110964,-0.999892,-0.00144479,0,0,0,DISABLED,0
2.03999,0.000214548,-0.000326601,0,0.000136288,0.732289,0,-0.0146312,-0.00110765,-0.999892,-0.00145735,0,0,0,DISABLED,0
2.05999,0.000215866,-0.000328767,0,0.000136493,0.732288,0,-0.014631,-0.00110606,-0.999892,-0.0014674,0,0,0,DISABLED,0
2.07999,0.00021767,-0.000331748,0,0.000136734,0.732288,0,-0.0146308,-0.00110409,-0.999892,-0.00147993,0,0,0,DISABLED,0
2.09999,0.000219297,-0.000334468,0,0.000137007,0.732287,0.000345267,-0.0146305,-0.00110173,-0.999892,-0.00149484,0,0,0,DISABLED,0
2.11999,0.000221075,-0.000337467,0,0.000137217,0.732286,0.000345267,-0.0146303,-0.00109977,-0.999892,-0.00150719,0,0,0,DISABLED,0
2.13999,0.000222693,-0.000340188,0,0.000137403,0.732286,0.000345267,-0.0146301,-0.00109781,-0.999892,-0.00151953,0,0,0,DISABLED,0
2.15999,0.000224313,-0.000342904,0,0.000137575,0.732285,0.000345267,-0.0146299,-0.00109584,-0.999892,-0.00153185,0,0,0,DISABLED,0
2.17999,0.000225931,-0.000345621,0,0.000137744,0.732285,0.000345267,-0.0146298,-0.00109388,-0.999892,-0.0015441,0,0,0,DISABLED,0
2.19999,0.000227381,-0.000348065,0,0.000137886,0.732284,0,-0.0146296,-0.00109213,-0.999892,-0.00155512,0,0,0,DISABLED,0
2.21999,0.000228982,-0.000350785,0,0.000138033,0.732284,0,-0.0146295,-0.00109019,-0.999892,-0.00156729,0,0,0,DISABLED,0
2.23999,0.000230733,-0.00035378,0,0.000138178,0.732283,0,-0.0146293,-0.00108806,-0.999892,-0.00158061,0,0,0,DISABLED,0
2.25999,0.000232158,-0.000356232,0,0.000138296,0.732283,0,-0.0146292,-0.00108613,-0.999892,-0.00159268,0,0,0,DISABLED,0
2.27999,0.00023374,-0.000358953,0,0.00013839,0.732282,0,-0.0146291,-0.00108439,-0.999892,-0.00160352,0,0,0,DISABLED,0
2.29999,0.000235477,-0.000361941,0,0.000138492,0.732282,0,-0.014629,-0.00108228,-0.999892,-0.00161674,0,0,0,DISABLED,0
2.31999,0.000237049,-0.000364657,0,0.000138578,0.732281,0,-0.0146289,-0.00108036,-0.999892,-0.00162871,0,0,0,DISABLED,0
2.33999,0.000238616,-0.00036737,0,0.000138644,0.732281,0.000345267,-0.0146289,-0.00107864,-0.999892,-0.00163947,0,0,0,DISABLED,0
2.35999,0.000240021,-0.00036981,0,0.000138708,0.73228,0.000345267,-0.0146288,-0.00107673,-0.999892,-0.00165137,0,0,0,DISABLED,0
2.37999,0.000241422,-0.000372249,0,0.00013877,0.73228,0.000345267,-0.0146287,-0.00107463,-0.999892,-0.0016644,0,0,0,DISABLED,0
2.39999,0.00024328,-0.0003755,0,0.000138815,0.732279,0.000345267,-0.0146287,-0.00107273,-0.999892,-0.00167623,0,0,0,DISABLED,0
2.41999,0.000244825,-0.000378204,0,0.000138848,0.732279,0.000345267,-0.0146287,-0.00107083,-0.999892,-0.00168802,0,0,0,DISABLED,0
2.43999,0.000246215,-0.00038063,0,0.000138868,0.732278,0.000345267,-0.0146286,-0.00106913,-0.999892,-0.00169863,0,0,0,DISABLED,0
2.45999,0.000247907,-0.000383594,0,0.000138889,0.732278,0.000345267,-0.0146286,-0.00106705,-0.999892,-0.00171154,0,0,0,DISABLED,0
2.47999,0.000249285,-0.000386016,0,0.0001389,0.732277,0.000345267,-0.0146286,-0.00106516,-0.999892,-0.00172323,0,0,0,DISABLED,0
2.49999,0.000250963,-0.000388973,0,0.000138901,0.732277,0.000345267,-0.0146286,-0.00106347,-0.999892,-0.00173374,0,0,0,DISABLED,0
2.51999,0.000252484,-0.000391657,0,0.000138892,0.732276,0.000345267,-0.0146286,-0.0010614,-0.999892,-0.00174654,0,0,0,DISABLED,0
2.53999,0.000253999,-0.000394337,0,0.000138879,0.732276,0.000345267,-0.0146286,-0.00105953,-0.999892,-0.00175816,0,0,0,DISABLED,0
2.55999,0.000255509,-0.000397014,0,0.000138858,0.732275,0.000345267,-0.0146286,-0.00105765,-0.999892,-0.00176974,0,0,0,DISABLED,0
2.57999,0.000256865,-0.00039942,0,0.000138831,0.732275,0.000345267,-0.0146287,-0.00105597,-0.999892,-0.00178016,0,0,0,DISABLED,0
2.59999,0.000258516,-0.000402357,0,0.000138797,0.732274,0.000345267,-0.0146287,-0.0010541,-0.999892,-0.00179172,0,0,0,DISABLED,0
2.61999,0.000260007,-0.000405028,0,0.000138754,0.732274,0.000345267,-0.0146287,-0.00105205,-0.999892,-0.00180439,0,0,0,DISABLED,0
2.63999,0.000261491,-0.000407696,0,0.000138707,0.732273,0.000345267,-0.0146288,-0.00105019,-0.999892,-0.00181588,0,0,0,DISABLED,0
2.65999,0.000262972,-0.000410357,0,0.000138647,0.732273,0.000345267,-0.0146289,-0.00104833,-0.999892,-0.00182739,0,0,0,DISABLED,0
2.67999,0.000264305,-0.000412749,0,0.000138589,0.732272,0,-0.0146289,-0.00104665,-0.999892,-0.00183772,0,0,0,DISABLED,0
2.69999,0.000265927,-0.00041567,0,0.000138525,0.732272,0,-0.014629,-0.00104479,-0.999892,-0.00184915,0,0,0,DISABLED,0
2.71999,0.000267256,-0.000418049,0,0.000138444,0.732271,0,-0.0146291,-0.00104258,-0.999892,-0.00186181,0,0,0,DISABLED,0
2.73999,0.000268584,-0.000420407,0,0.000138395,0.732271,0,-0.0146291,-0.00104092,-0.999892,-0.00187118,0,0,0,DISABLED,0
2.75999,0.000270345,-0.00042352,0,0.000138361,0.73227,0,-0.0146291,-0.00103846,-0.999892,-0.00188532,0,0,0,DISABLED,0
2.77999,0.000271652,-0.000425825,0,0.000138373,0.73227,0,-0.0146291,-0.00103659,-0.999892,-0.00189607,0,0,0,DISABLED,0
2.79999,0.000273088,-0.000428354,0,0.00013841,0.73227,0,-0.0146291,-0.00103449,-0.999892,-0.00190817,0,0,0,DISABLED,0
2.81999,0.000274642,-0.000431103,0,0.00013847,0.732269,0.000345267,-0.014629,-0.00103222,-0.999892,-0.0019216,0,0,0,DISABLED,0
2.83999,0.000276035,-0.000433566,0,0.000138532,0.732269,0.000345267,-0.014629,-0.00103011,-0.999892,-0.00193395,0,0,0,DISABLED,0
2.85999,0.00027727,-0.000435756,0,0.000138601,0.732268,0.000345267,-0.0146289,-0.00102804,-0.999892,-0.00194639,0,0,0,DISABLED,0
2.87999,0.000278759,-0.0004384,0,0.000138662,0.732268,0.000345267,-0.0146288,-0.00102601,-0.999892,-0.00195892,0,0,0,DISABLED,0
2.89999,0.000280091,-0.000440778,0,0.000138716,0.732267,0.000345267,-0.0146288,-0.00102419,-0.999892,-0.00197024,0,0,0,DISABLED,0
2.91999,0.000281271,-0.000442902,0,0.000138776,0.732267,0.000345267,-0.0146287,-0.00102217,-0.999892,-0.00198282,0,0,0,DISABLED,0
2.93999,0.00028256,-0.00044525,0,0.000138833,0.732266,0.000345267,-0.0146287,-0.00102015,-0.999892,-0.00199537,0,0,0,DISABLED,0
2.95999,0.00028383,-0.000447578,0,0.000138886,0.732266,0.000345267,-0.0146286,-0.00101794,-0.999892,-0.00200924,0,0,0,DISABLED,0
2.97999,0.000285212,-0.000450113,0,0.000138926,0.732265,0.000345267,-0.0146286,-0.00101592,-0.999892,-0.0020219,0,0,0,DISABLED,0
2.99999,0.000286335,-0.000452172,0,0.000138962,0.732265,0.000345267,-0.0146285,-0.00101409,-0.999892,-0.00203328,0,0,0,DISABLED,0
3.01999,0.000287698,-0.000454663,0,0.000139004,0.732265,0.000345267,-0.0146285,-0.00101186,-0.999892,-0.00204726,0,0,0,DISABLED,0
3.03999,0.000288927,-0.000456908,0,0.000139041,0.732264,0.000345267,-0.0146285,-0.00100983,-0.999892,-0.00206003,0,0,0,DISABLED,0
3.05999,0.000290145,-0.000459138,0,0.000139075,0.732264,0.000345267,-0.0146284,-0.0010078,-0.999892,-0.0020728,0,0,0,DISABLED,0
3.08,0.000291355,-0.000461351,0,0.000139105,0.732263,0.000345267,-0.0146284,-0.00100577,-0.999892,-0.00208562,0,0,0,DISABLED,0
3.1,0.000292439,-0.00046333,0,0.000139134,0.732263,0.000345267,-0.0146284,-0.00100373,-0.999892,-0.00209845,0,0,0,DISABLED,0
3.12,0.000293752,-0.000465733,0,0.000139165,0.732262,0.000345267,-0.0146283,-0.0010017,-0.999892,-0.00211129,0,0,0,DISABLED,0
3.14,0.000294938,-0.0004679,0,0.000139191,0.732262,0.000345267,-0.0146283,-0.000999663,-0.999892,-0.00212417,0,0,0,DISABLED,0
3.16,0.000295998,-0.000469839,0,0.00013921,0.732261,0.000345267,-0.0146283,-0.000997831,-0.999892,-0.00213578,0,0,0,DISABLED,0
3.18,0.000297282,-0.000472198,0,0.000139236,0.732261,0.000345267,-0.0146283,-0.000995789,-0.999893,-0.00214862,0,0,0,DISABLED,0
3.2,0.000298438,-0.000474328,0,0.000139261,0.73226,0.000345267,-0.0146282,-0.000993551,-0.999893,-0.00216279,0,0,0,DISABLED,0
3.22,0.000299585,-0.000476442,0,0.000139276,0.73226,0.000345267,-0.0146282,-0.000991515,-0.999893,-0.0021757,0,0,0,DISABLED,0
3.24,0.000300615,-0.000478329,0,0.000139283,0.73226,0.000345267,-0.0146282,-0.000989474,-0.999893,-0.00218866,0,0,0,DISABLED,0
3.26,0.000301755,-0.000480412,0,0.000139289,0.732259,0.000345267,-0.0146282,-0.000987632,-0.999893,-0.00220033,0,0,0,DISABLED,0
3.28,0.000302777,-0.000482276,0,0.000139295,0.732259,0.000345267,-0.0146282,-0.000985587,-0.999893,-0.00221329,0,0,0,DISABLED,0
3.3,0.000304125,-0.000484746,0,0.000139302,0.732258,0.000345267,-0.0146282,-0.000983341,-0.999893,-0.00222757,0,0,0,DISABLED,0
3.32,0.000305239,-0.000486793,0,0.0001393,0.732258,0.000345267,-0.0146282,-0.000981299,-0.999893,-0.00224056,0,0,0,DISABLED,0
3.34,0.000306237,-0.00048862,0,0.00013929,0.732257,0.000345267,-0.0146282,-0.000979459,-0.999893,-0.00225228,0,0,0,DISABLED,0
3.36,0.000307455,-0.000490839,0,0.000139265,0.732257,0.000345267,-0.0146282,-0.000977203,-0.999893,-0.00226643,0,0,0,DISABLED,0
3.38,0.000308556,-0.000492829,0,0.000139237,0.732257,0.000345267,-0.0146283,-0.000975376,-0.999893,-0.00227796,0,0,0,DISABLED,0
3.4,0.000309541,-0.00049459,0,0.000139193,0.732256,0.000345267,-0.0146283,-0.000973365,-0.999893,-0.00229068,0,0,0,DISABLED,0
3.42,0.000310738,-0.000496696,0,0.000139121,0.732256,0.000345267,-0.0146284,-0.000971174,-0.999893,-0.00230459,0,0,0,DISABLED,0
3.44,0.000311714,-0.000498377,0,0.000139052,0.732255,0.000345267,-0.0146285,-0.00096959,-0.999893,-0.00231464,0,0,0,DISABLED,0
3.46,0.000312794,-0.000500203,0,0.000138944,0.732255,0.000345267,-0.0146286,-0.000967423,-0.999893,-0.00232836,0,0,0,DISABLED,0
3.48,0.000313978,-0.000502157,0,0.000138813,0.732254,0.000345267,-0.0146287,-0.000965273,-0.999893,-0.00234201,0,0,0,DISABLED,0
3.5,0.000314836,-0.000503544,0,0.000138678,0.732254,0.000345267,-0.0146288,-0.000963328,-0.999893,-0.00235442,0,0,0,DISABLED,0
3.52001,0.000316121,-0.000505581,0,0.00013853,0.732253,0.000345267,-0.014629,-0.000961378,-0.999893,-0.0023668,0,0,0,DISABLED,0
3.54001,0.000318042,-0.000508565,0,0.000138247,0.732253,0.000345267,-0.0146293,-0.00095785,-0.999893,-0.00238903,0,0,0,DISABLED,0
3.56001,0.000318254,-0.000508895,0,0.000138232,0.732253,0.000345267,-0.0146293,-0.000957653,-0.999893,-0.00239026,0,0,0,DISABLED,0
3.58001,0.000319314,-0.000510528,0,0.00013805,0.732252,0.000345267,-0.0146295,-0.000955495,-0.999893,-0.00240377,0,0,0,DISABLED,0
3.60001,0.000320365,-0.000512148,0,0.000137882,0.732252,0.000345267,-0.0146296,-0.000953739,-0.999893,-0.0024149,0,0,0,DISABLED,0
3.62001,0.000321396,-0.000513769,0,0.000137676,0.732251,0.000345267,-0.0146298,-0.000951605,-0.999893,-0.00242844,0,0,0,DISABLED,0
3.64001,0.000322412,-0.000515386,0,0.000137463,0.732251,0.000345267,-0.01463,-0.000949668,-0.999893,-0.00244075,0,0,0,DISABLED,0
3.66001,0.000323428,-0.000516995,0,0.000137234,0.73225,0.000345267,-0.0146303,-0.000947718,-0.999893,-0.00245303,0,0,0,DISABLED,0
3.68001,0.000324446,-0.000518595,0,0.000137002,0.73225,0.000345267,-0.0146305,-0.000945764,-0.999893,-0.0024653,0,0,0,DISABLED,0
3.70001,0.000325463,-0.000520189,0,0.00013677,0.73225,0.000345267,-0.0146307,-0.00094381,-0.999893,-0.00247754,0,0,0,DISABLED,0
3.72001,0.000326476,-0.000521778,0,0.000136535,0.732249,0.000345267,-0.014631,-0.000941859,-0.999893,-0.00248976,0,0,0,DISABLED,0
3.74001,0.000327383,-0.000523203,0,0.000136313,0.732249,0.000345267,-0.0146312,-0.000940104,-0.999893,-0.00250074,0,0,0,DISABLED,0
3.76001,0.000328485,-0.000524941,0,0.000136037,0.732248,0.000345267,-0.0146315,-0.000937957,-0.999893,-0.00251409,0,0,0,DISABLED,0
3.78001,0.000329483,-0.000526515,0,0.000135802,0.732248,0.000345267,-0.0146317,-0.000936207,-0.999893,-0.00252504,0,0,0,DISABLED,0
3.80001,0.000330277,-0.000527771,0,0.000135533,0.732248,0.000345267,-0.014632,-0.000934262,-0.999893,-0.00253716,0,0,0,DISABLED,0
3.82001,0.000331462,-0.000529651,0,0.000135231,0.732247,0.000345267,-0.0146323,-0.000932124,-0.999893,-0.00255044,0,0,0,DISABLED,0
3.84001,0.000332053,-0.000530588,0,0.000135032,0.732247,0.000345267,-0.0146325,-0.000930766,-0.999893,-0.00255891,0,0,0,DISABLED,0
3.86001,0.000333327,-0.000532612,0,0.000134685,0.732246,0.000345267,-0.0146328,-0.000928437,-0.999893,-0.00257338,0,0,0,DISABLED,0
3.88001,0.000334397,-0.000534322,0,0.000134357,0.732246,0.000488281,-0.0146331,-0.000926309,-0.999892,-0.00258661,0,0,0,DISABLED,0
3.90001,0.000335366,-0.000535869,0,0.000134051,0.732245,0.000488281,-0.0146335,-0.000924374,-0.999892,-0.00259861,0,0,0,DISABLED,0
3.92001,0.000336337,-0.000537409,0,0.000133736,0.732245,0.000488281,-0.0146338,-0.000922436,-0.999892,-0.00261061,0,0,0,DISABLED,0
3.94001,0.00033731,-0.00053894,0,0.000133413,0.732244,0.000488281,-0.0146341,-0.000920498,-0.999892,-0.00262262,0,0,0,DISABLED,0
3.96002,0.000338279,-0.000540467,0,0.000133091,0.732244,0.000488281,-0.0146344,-0.000918565,-0.999892,-0.00263462,0,0,0,DISABLED,0
3.98002,0.000339242,-0.000541992,0,0.000132795,0.732244,0.000488281,-0.0146347,-0.000916829,-0.999892,-0.00264539,0,0,0,DISABLED,0
4.00002,0.000340198,-0.000543514,0,0.000132427,0.732243,0.000488281,-0.0146351,-0.000914712,-0.999892,-0.00265851,0,0,0,DISABLED,0
4.02002,0.000354966,-0.000545156,0,0.000132083,0.732241,0.000488281,-0.0146354,-0.000912791,-0.999892,-0.00267043,0,0,0,DISABLED,0
4.04002,0.000983824,-0.000545703,0,-0.00162025,0.732134,0.00165584,-0.0163878,-0.000910891,-0.999865,-0.00268718,0,0,0,DISABLED,0
4.06002,0.00216741,-0.00055105,0,-0.00376124,0.731891,0.00378221,-0.0185287,-0.000905339,-0.999828,-0.00270214,0,0,0,DISABLED,0
4.08002,0.00405136,-0.000566624,0,-0.00490439,0.731539,0.0049193,-0.0196719,-0.000882813,-0.999806,-0.00271402,0,0,0,DISABLED,0
4.10002,0.00613997,-0.000578608,0,-0.00449304,0.73124,0.00451496,-0.0192605,-0.000883774,-0.999814,-0.00272796,0,0,0,DISABLED,0
4.12002,0.00803743,-0.000585672,0,-0.00240967,0.731027,0.00244141,-0.0171772,-0.000931648,-0.999852,-0.00274568,0,0,0,DISABLED,0
4.14002,0.0109941,-0.000597403,0,0.000612332,0.730757,0.000690534,-0.0141552,-0.00102164,-0.999899,-0.00274039,0,0,0,DISABLED,0
4.16002,0.0140421,-0.000615074,0,0.00380972,0.730506,0.0038136,-0.0109578,-0.00109844,-0.999939,-0.00267463,0,0,0,DISABLED,0
4.18002,0.017765,-0.00064626,0,0.00801207,0.730214,0.00800843,-0.00675543,-0.00116809,-0.999977,-0.00235523,0,0,0,DISABLED,0
4.20002,0.0214617,-0.000674663,0,0.011476,0.730029,0.0114773,-0.00329152,-0.00118757,-0.999994,-0.00200509,0,0,0,DISABLED,0
4.22002,0.0250435,-0.000678931,0,0.0151708,0.730002,0.0151683,0.000403299,-0.00119349,-0.999999,-0.00186588,0,0,0,DISABLED,0
4.24002,0.0290853,-0.000655985,0,0.0208663,0.73029,0.0208655,0.00609876,-0.00120158,-0.999981,-0.00183163,0,0,0,DISABLED,0
4.26002,0.0322886,-0.000589904,0,0.0269036,0.730885,0.0269028,0.0121361,-0.00119033,-0.999926,-0.00180473,0,0,0,DISABLED,0
4.28002,0.0351149,-0.000488969,0,0.0314322,0.731645,0.0314339,0.0166647,-0.00115151,-0.99986,-0.00168565,0,0,0,DISABLED,0
4.30002,0.0385408,-0.000321088,0,0.0343783,0.732729,0.0343813,0.0196108,-0.00111841,-0.999807,-0.00163488,0,0,0,DISABLED,0
4.32002,0.041265,-0.000183572,0,0.0365773,0.733628,0.0365808,0.0218098,-0.00109391,-0.999762,-0.00136845,0,0,0,DISABLED,0
4.34002,0.0444179,-2.78666e-05,0,0.0389194,0.734596,0.0389228,0.0241519,-0.000926965,-0.999708,-0.00072029,0,0,0,DISABLED,0
4.36002,0.0468357,7.43461e-05,0,0.0413868,0.735201,0.0413947,0.0266192,-0.000682346,-0.999645,0.000284666,0,0,0,DISABLED,0
4.38002,0.0496031,0.000191157,0,0.0448584,0.73564,0.0448765,0.0300909,-0.00022666,-0.999547,0.00121084,0,0,0,DISABLED,0
4.40003,0.0514964,0.00027956,0,0.0472303,0.735766,0.0472593,0.0324628,0.000124299,-0.999473,0.00155939,0,0,0,DISABLED,0
4.42003,0.0541874,0.000362595,0,0.0512117,0.735742,0.0512542,0.0364442,0.000539679,-0.999336,0.00169298,0,0,0,DISABLED,0
4.44003,0.0563308,0.000310624,0,0.0544127,0.735569,0.054455,0.0396452,0.000514939,-0.999214,0.00161763,0,0,0,DISABLED,0
4.46003,0.0581865,0.000165876,0,0.0568792,0.735338,0.0569129,0.0421117,0.000260796,-0.999113,0.000789268,0,0,0,DISABLED,0
4.48003,0.060372,-0.00011373,0,0.0589023,0.735017,0.0589269,0.0441348,-0.00022889,-0.999026,-0.00094188,0,0,0,DISABLED,0
4.50003,0.0623502,-0.000472948,0,0.060084,0.734762,0.0600994,0.0453165,-0.00128469,-0.998972,-0.00242687,0,0,0,DISABLED,0
4.52003,0.0641204,-0.000806607,0,0.0607232,0.73462,0.0607675,0.0459557,-0.00316602,-0.998938,-0.00402249,0,0,0,DISABLED,0
4.54003,0.0660459,-0.00104958,0,0.0609378,0.734559,0.0610739,0.0461703,-0.0051485,-0.99892,-0.00479992,0,0,0,DISABLED,0
4.56003,0.0680912,-0.000978259,0,0.0611963,0.73453,0.0614274,0.0464288,-0.00645157,-0.998901,-0.00547461,0,0,0,DISABLED,0
4.58003,0.0698338,-0.000655343,0,0.0619899,0.734509,0.0623344,0.0472224,-0.00769678,-0.998855,-0.00451327,0,0,0,DISABLED,0
4.60003,0.0709963,-0.000189863,0,0.0628163,0.734502,0.0632161,0.0480488,-0.00825222,-0.998811,-0.0021225,0,0,0,DISABLED,0
4.62003,0.0724495,0.000874238,0,0.0624033,0.734239,0.0625579,0.0476358,-0.00546026,-0.99885,0.00258458,0,0,0,DISABLED,0
4.64003,0.0743591,0.00226485,0,0.0579207,0.733304,0.0580407,0.0431532,0.00218882,-0.999066,0.00604823,0,0,0,DISABLED,0
4.66003,0.0764457,0.0026078,0,0.0497665,0.73292,0.0501296,0.034999,0.00462823,-0.999377,0.0106289,0,0,0,DISABLED,0
4.68003,0.0781756,0.00258911,0,0.0450909,0.733235,0.046084,0.0303234,0.00816283,-0.999507,0.0217445,0,0,0,DISABLED,0
4.70003,0.078891,0.00311395,0,0.0445174,0.733757,0.0469428,0.0297499,0.0135448,-0.999466,0.0260067,0,0,0,DISABLED,0
4.72003,0.0792962,0.00369469,0,0.044034,0.733819,0.0469517,0.0292664,0.0149492,-0.99946,0.0267591,0,0,0,DISABLED,0
4.74003,0.0796872,0.00379656,0,0.0420065,0.732983,0.0437312,0.027239,0.010818,-0.99957,0.0264159,0,0,0,DISABLED,0
4.76003,0.0808364,0.00356207,0,0.034161,0.732078,0.0353761,0.0193935,0.00785504,-0.999781,0.0326947,0,0,0,DISABLED,0
4.78003,0.082506,0.00354311,0,0.0241756,0.731627,0.0273751,0.00940808,0.0115094,-0.999889,0.0351583,0,0,0,DISABLED,0
4.80003,0.0828199,0.00318445,0,0.0221959,0.731351,0.026093,0.00742844,0.012385,-0.999896,0.0332485,0,0,0,DISABLED,0
4.82003,0.0824524,0.00220302,0,0.0237531,0.731141,0.0266893,0.00898564,0.0108408,-0.999901,0.0322956,0,0,0,DISABLED,0
4.84004,0.0820563,0.00126314,0,0.0249042,0.731179,0.0275466,0.0101367,0.0104429,-0.999894,0.0332131,0,0,0,DISABLED,0
4.86004,0.0816559,-3.60324e-05,0,0.0250489,0.7313,0.0278308,0.0102814,0.0108006,-0.999889,0.0358243,0,0,0,DISABLED,0
4.88004,0.0812349,-0.00128762,0,0.0247816,0.731381,0.0276179,0.0100141,0.0108634,-0.999891,0.0382304,0,0,0,DISABLED,0
4.90004,0.0806987,-0.00248729,0,0.0243105,0.731456,0.0271981,0.00954297,0.0108657,-0.999895,0.0405901,0,0,0,DISABLED,0
4.92004,0.0800566,-0.00355813,0,0.0236182,0.731528,0.0265751,0.00885065,0.010851,-0.999902,0.0426567,0,0,0,DISABLED,0
4.94004,0.0793487,-0.00447539,0,0.0226813,0.731593,0.0257318,0.00791381,0.0108227,-0.99991,0.0442498,0,0,0,DISABLED,0
4.96004,0.0785879,-0.00523427,0,0.0215854,0.731654,0.0247421,0.00681787,0.0107648,-0.999919,0.0455264,0,0,0,DISABLED,0
4.98004,0.0779458,-0.00573661,0,0.0206419,0.731702,0.023874,0.00587444,0.0106672,-0.999926,0.046447,0,0,0,DISABLED,0
5.00004,0.0769468,-0.00634752,0,0.0190804,0.731765,0.0224109,0.00431287,0.0104266,-0.999936,0.0475709,0,0,0,DISABLED,0
5.02004,0.0761788,-0.00671194,0,0.0178266,0.731806,0.0212448,0.00305905,0.0102266,-0.999943,0.0482265,0,0,0,DISABLED,0
5.04004,0.0752241,-0.00706605,0,0.0162744,0.731855,0.0198344,0.0015069,0.0100071,-0.999949,0.0488235,0,0,0,DISABLED,0
5.06004,0.0743482,-0.00730857,0,0.0148778,0.731902,0.0186095,0.000110255,0.00985215,-0.999951,0.0491697,0,0,0,DISABLED,0
5.08004,0.0735652,-0.00746936,0,0.0135049,0.731945,0.0174593,-0.00126259,0.00974127,-0.999952,0.0494108,0,0,0,DISABLED,0
5.10004,0.0727123,-0.00759592,0,0.0121337,0.731989,0.0163813,-0.0026338,0.00967993,-0.99995,0.0495846,0,0,0,DISABLED,0
5.12004,0.0718878,-0.00767776,0,0.0107489,0.732024,0.0153752,-0.00401865,0.00966415,-0.999945,0.0497182,0,0,0,DISABLED,0
5.14004,0.0710214,-0.00772679,0,0.00937044,0.732052,0.0144602,-0.00539707,0.00968247,-0.999939,0.0498211,0,0,0,DISABLED,0
5.16004,0.0704207,-0.00774136,0,0.00828958,0.732068,0.0138108,-0.00647792,0.00971524,-0.999932,0.049884,0,0,0,DISABLED,0
5.18004,0.069639,-0.00774455,0,0.00686152,0.732086,0.0130519,-0.00790599,0.00977271,-0.999921,0.0499524,0,0,0,DISABLED,0
5.20004,0.0689081,-0.00774001,0,0.00552629,0.732102,0.0124489,-0.00924121,0.00982576,-0.999909,0.0500067,0,0,0,DISABLED,0
5.22004,0.0683484,-0.00773092,0,0.00440138,0.732115,0.01203,-0.0103661,0.00986342,-0.999898,0.0500518,0,0,0,DISABLED,0
5.24004,0.0677123,-0.00771107,0,0.00335744,0.732129,0.0117137,-0.0114101,0.00989464,-0.999886,0.0500948,0,0,0,DISABLED,0
5.26005,0.0671813,-0.00768238,0,0.00257641,0.732139,0.0115394,-0.0121911,0.00991756,-0.999876,0.0501281,0,0,0,DISABLED,0
5.28005,0.06679,-0.00765141,0,0.00158006,0.732145,0.0113886,-0.0131874,0.00994746,-0.999864,0.0501724,0,0,0,DISABLED,0
5.30005,0.0663007,-0.00759768,0,0.000754143,0.732152,0.0113309,-0.0140134,0.00997286,-0.999852,0.0502108,0,0,0,DISABLED,0
5.32005,0.065905,-0.0075386,0,4.01028e-06,0.732156,0.0113257,-0.0147635,0.00999631,-0.999841,0.0502476,0,0,0,DISABLED,0
5.34005,0.065621,-0.00748565,0,-0.000539318,0.732158,0.0113572,-0.0153068,0.010012,-0.999833,0.050276,0,0,0,DISABLED,0
5.36005,0.0652197,-0.00739194,0,-0.00131363,0.73216,0.0114356,-0.0160811,0.01003,-0.99982,0.0503219,0,0,0,DISABLED,0
5.38005,0.0649601,-0.00731658,0,-0.00181876,0.732161,0.0115136,-0.0165863,0.0100379,-0.999812,0.0503568,0,0,0,DISABLED,0
5.40005,0.0647608,-0.00724869,0,-0.00220948,0.732162,0.0115858,-0.016977,0.0100416,-0.999805,0.0503878,0,0,0,DISABLED,0
5.42005,0.0645584,-0.00716813,0,-0.00260877,0.732162,0.0116678,-0.0173763,0.010042,-0.999799,0.0504253,0,0,0,DISABLED,0
5.44005,0.0644109,-0.00709924,0,-0.00290158,0.732162,0.0117341,-0.0176691,0.0100387,-0.999793,0.0504592,0,0,0,DISABLED,0
5.46005,0.0643057,-0.00704192,0,-0.00311322,0.732162,0.0117848,-0.0178807,0.0100334,-0.99979,0.05049,0,0,0,DISABLED,0
5.48005,0.0642167,-0.006984,0,-0.00329763,0.732162,0.0118251,-0.0180651,0.0100275,-0.999787,0.0505246,0,0,0,DISABLED,0
5.50005,0.0641502,-0.00692828,0,-0.00344718,0.73216,0.0118654,-0.0182147,0.0100219,-0.999784,0.0505643,0,0,0,DISABLED,0
5.52005,0.0641155,-0.00688543,0,-0.00353349,0.732158,0.0118855,-0.018301,0.0100183,-0.999782,0.0506004,0,0,0,DISABLED,0
5.54005,0.0641024,-0.00684981,0,-0.00359583,0.732155,0.0119055,-0.0183633,0.0100151,-0.999781,0.0506465,0,0,0,DISABLED,0
5.56005,0.0641046,-0.00682074,0,-0.00363055,0.732152,0.0119105,-0.0183981,0.0100122,-0.999781,0.0506976,0,0,0,DISABLED,0
5.58005,0.0641158,-0.00679955,0,-0.00365272,0.732148,0.0119155,-0.0184202,0.0100094,-0.99978,0.0507565,0,0,0,DISABLED,0
5.60005,0.0641388,-0.00677876,0,-0.00366812,0.732143,0.0119155,-0.0184356,0.0100052,-0.99978,0.0508312,0,0,0,DISABLED,0
5.62005,0.0641602,-0.00676628,0,-0.00367515,0.732138,0.0119155,-0.0184427,0.0100003,-0.99978,0.0508995,0,0,0,DISABLED,0
5.64005,0.0641943,-0.00675172,0,-0.00367817,0.732132,0.0119055,-0.0184457,0.00999347,-0.99978,0.050981,0,0,0,DISABLED,0
5.66005,0.0642321,-0.00673923,0,-0.00367665,0.732126,0.0118955,-0.0184442,0.00998441,-0.99978,0.0510754,0,0,0,DISABLED,0
5.68005,0.0642683,-0.00672914,0,-0.0036718,0.73212,0.0118855,-0.0184393,0.0099751,-0.99978,0.0511633,0,0,0,DISABLED,0
5.70006,0.0643018,-0.00672085,0,-0.00366518,0.732115,0.0118754,-0.0184327,0.00996602,-0.99978,0.0512429,0,0,0,DISABLED,0
5.72006,0.0643432,-0.00671154,0,-0.00365481,0.732109,0.0118654,-0.0184223,0.00995417,-0.999781,0.0513401,0,0,0,DISABLED,0
5.74006,0.0643808,-0.00670372,0,-0.00364359,0.732104,0.0118453,-0.0184111,0.00994278,-0.999781,0.0514275,0,0,0,DISABLED,0
5.76006,0.064418,-0.00669641,0,-0.00363106,0.732098,0.0118302,-0.0183986,0.00993086,-0.999781,0.0515138,0,0,0,DISABLED,0
5.78006,0.0644509,-0.00669025,0,-0.0036189,0.732094,0.0118201,-0.0183864,0.00991969,-0.999782,0.0515904,0,0,0,DISABLED,0
5.80006,0.0644902,-0.00668322,0,-0.00360331,0.732089,0.0117999,-0.0183708,0.00990558,-0.999782,0.0516828,0,0,0,DISABLED,0
5.82006,0.0645249,-0.00667725,0,-0.00359034,0.732084,0.0117848,-0.0183578,0.00989379,-0.999783,0.0517576,0,0,0,DISABLED,0
5.84006,0.0645587,-0.00667165,0,-0.00357443,0.732079,0.0117645,-0.0183419,0.00987914,-0.999783,0.0518482,0,0,0,DISABLED,0
5.86006,0.0645914,-0.00666638,0,-0.00355998,0.732075,0.0117493,-0.0183275,0.00986562,-0.999783,0.0519296,0,0,0,DISABLED,0
5.88006,0.0646231,-0.00666146,0,-0.00354565,0.732071,0.0117341,-0.0183132,0.00985192,-0.999784,0.0520103,0,0,0,DISABLED,0
5.90006,0.0646506,-0.00665729,0,-0.00353149,0.732068,0.0117137,-0.018299,0.00983808,-0.999784,0.0520901,0,0,0,DISABLED,0
5.92006,0.0646773,-0.00665337,0,-0.0035203,0.732064,0.0116985,-0.0182878,0.00982692,-0.999784,0.0521532,0,0,0,DISABLED,0
5.94006,0.0647117,-0.00664845,0,-0.00350514,0.73206,0.0116832,-0.0182726,0.00981146,-0.999785,0.052239,0,0,0,DISABLED,0
5.96006,0.0647393,-0.0066446,0,-0.00349154,0.732057,0.0116627,-0.018259,0.00979732,-0.999785,0.0523158,0,0,0,DISABLED,0
5.98006,0.0647659,-0.00664097,0,-0.00347682,0.732054,0.0116423,-0.0182443,0.00978169,-0.999786,0.0523991,0,0,0,DISABLED,0
6.00006,0.0647916,-0.00663761,0,-0.00346371,0.732051,0.0116269,-0.0182312,0.0097674,-0.999786,0.0524741,0,0,0,DISABLED,0
6.02006,0.0648164,-0.00663452,0,-0.00345088,0.732048,0.0116115,-0.0182184,0.00975304,-0.999786,0.0525483,0,0,0,DISABLED,0
6.04006,0.0648379,-0.00663195,0,-0.00343956,0.732046,0.011591,-0.0182071,0.00974005,-0.999787,0.0526144,0,0,0,DISABLED,0
6.06006,0.0648609,-0.00662929,0,-0.00342601,0.732043,0.0115704,-0.0181935,0.00972411,-0.999787,0.0526942,0,0,0,DISABLED,0
6.08006,0.0648832,-0.00662682,0,-0.00341395,0.732041,0.0115549,-0.0181814,0.00970959,-0.999788,0.0527658,0,0,0,DISABLED,0
6.10006,0.0649068,-0.00662435,0,-0.00340215,0.732038,0.0115394,-0.0181697,0.00969504,-0.999788,0.0528366,0,0,0,DISABLED,0
6.12006,0.0649274,-0.00662233,0,-0.00339063,0.732036,0.0115187,-0.0181581,0.00968046,-0.999788,0.0529067,0,0,0,DISABLED,0
6.14007,0.0649414,-0.00662104,0,-0.00338272,0.732034,0.0115084,-0.0181502,0.00967024,-0.999789,0.0529554,0,0,0,DISABLED,0
6.16007,0.0649665,-0.00661888,0,-0.00336835,0.732032,0.0114877,-0.0181359,0.00965123,-0.999789,0.0530448,0,0,0,DISABLED,0
6.18007,0.0649851,-0.0066174,0,-0.00335752,0.73203,0.0114669,-0.018125,0.00963661,-0.999789,0.0531127,0,0,0,DISABLED,0
6.20007,0.0650013,-0.00661623,0,-0.00334799,0.732028,0.0114513,-0.0181155,0.00962345,-0.99979,0.0531732,0,0,0,DISABLED,0
6.22007,0.0650204,-0.00661504,0,-0.00333662,0.732026,0.0114356,-0.0181041,0.00960736,-0.99979,0.0532466,0,0,0,DISABLED,0
6.24007,0.0650372,-0.00661416,0,-0.00332753,0.732025,0.01142,-0.018095,0.00959418,-0.99979,0.0533061,0,0,0,DISABLED,0
6.26007,0.0650534,-0.00661344,0,-0.00331863,0.732023,0.0114043,-0.0180861,0.00958101,-0.999791,0.0533652,0,0,0,DISABLED,0
6.28007,0.0650691,-0.00661287,0,-0.00330701,0.732022,0.0113834,-0.0180745,0.00956345,-0.999791,0.0534431,0,0,0,DISABLED,0
6.30007,0.0650828,-0.00661249,0,-0.00329849,0.73202,0.0113677,-0.018066,0.0095503,-0.999791,0.053501,0,0,0,DISABLED,0
6.32007,0.0650976,-0.00661212,0,-0.00328924,0.732019,0.0113519,-0.0180567,0.00953575,-0.999792,0.0535647,0,0,0,DISABLED,0
6.34007,0.0651133,-0.00661173,0,-0.00327928,0.732018,0.0113362,-0.0180468,0.00951986,-0.999792,0.0536339,0,0,0,DISABLED,0
6.36007,0.0651271,-0.00661139,0,-0.00327042,0.732017,0.0113204,-0.0180379,0.00950551,-0.999792,0.0536961,0,0,0,DISABLED,0
6.38007,0.0651405,-0.00661105,0,-0.00326175,0.732015,0.0113046,-0.0180293,0.00949125,-0.999792,0.0537576,0,0,0,DISABLED,0
6.40007,0.0651535,-0.00661073,0,-0.00325326,0.732014,0.0112888,-0.0180208,0.0094771,-0.999793,0.0538184,0,0,0,DISABLED,0
6.42007,0.0651661,-0.00661041,0,-0.00324495,0.732013,0.0112676,-0.0180125,0.00946303,-0.999793,0.0538786,0,0,0,DISABLED,0
6.44007,0.0651784,-0.0066101,0,-0.00323761,0.732012,0.011257,-0.0180051,0.00945045,-0.999793,0.0539323,0,0,0,DISABLED,0
6.46007,0.0651891,-0.00660982,0,-0.0032296,0.732011,0.0112411,-0.0179971,0.00943655,-0.999794,0.0539914,0,0,0,DISABLED,0
6.48007,0.0652007,-0.00660953,0,-0.00322172,0.73201,0.0112252,-0.0179892,0.00942274,-0.999794,0.0540499,0,0,0,DISABLED,0
6.50007,0.0652132,-0.00660921,0,-0.00321323,0.732009,0.0112093,-0.0179807,0.00940766,-0.999794,0.0541138,0,0,0,DISABLED,0
6.52007,0.0652231,-0.00660896,0,-0.0032064,0.732008,0.0111933,-0.0179739,0.00939539,-0.999794,0.0541655,0,0,0,DISABLED,0
6.54007,0.0652329,-0.00660872,0,-0.00319969,0.732008,0.0111827,-0.0179672,0.00938321,-0.999795,0.0542169,0,0,0,DISABLED,0
6.56007,0.0652444,-0.00660843,0,-0.00319164,0.732007,0.0111613,-0.0179591,0.00936841,-0.999795,0.0542793,0,0,0,DISABLED,0
6.58008,0.0652547,-0.00660818,0,-0.00318442,0.732006,0.0111506,-0.0179519,0.00935504,-0.999795,0.0543356,0,0,0,DISABLED,0
6.60008,0.0652647,-0.00660794,0,-0.00317733,0.732005,0.0111346,-0.0179448,0.00934177,-0.999795,0.0543913,0,0,0,DISABLED,0
6.62008,0.0652755,-0.00660768,0,-0.00316968,0.732004,0.0111185,-0.0179372,0.00932726,-0.999796,0.0544522,0,0,0,DISABLED,0
6.64008,0.0652841,-0.00660749,0,-0.00316353,0.732004,0.0111024,-0.017931,0.00931547,-0.999796,0.0545016,0,0,0,DISABLED,0
6.66008,0.0652934,-0.00660727,0,-0.0031568,0.732003,0.0110917,-0.0179243,0.00930246,-0.999796,0.0545562,0,0,0,DISABLED,0
6.68008,0.0653034,-0.00660705,0,-0.00314953,0.732002,0.0110755,-0.017917,0.00928824,-0.999796,0.0546158,0,0,0,DISABLED,0
6.70008,0.0653123,-0.00660685,0,-0.00314304,0.732001,0.0110594,-0.0179105,0.00927541,-0.999797,0.0546695,0,0,0,DISABLED,0
6.72008,0.0653201,-0.00660669,0,-0.0031373,0.732001,0.0110486,-0.0179048,0.00926393,-0.999797,0.0547176,0,0,0,DISABLED,0
6.74008,0.0653287,-0.00660651,0,-0.00313165,0.732,0.0110378,-0.0178992,0.00925251,-0.999797,0.0547654,0,0,0,DISABLED,0
6.76008,0.065337,-0.00660634,0,-0.00312486,0.732,0.0110216,-0.0178924,0.00923864,-0.999797,0.0548235,0,0,0,DISABLED,0
6.78008,0.0653452,-0.00660618,0,-0.00311816,0.731999,0.0110054,-0.0178857,0.00922486,-0.999797,0.0548812,0,0,0,DISABLED,0
6.80008,0.0653532,-0.00660603,0,-0.00311278,0.731998,0.0109945,-0.0178803,0.00921365,-0.999798,0.0549281,0,0,0,DISABLED,0
6.82008,0.0653618,-0.00660588,0,-0.00310632,0.731998,0.0109782,-0.0178738,0.00920005,-0.999798,0.0549851,0,0,0,DISABLED,0
6.84008,0.0653695,-0.00660576,0,-0.0031017,0.731997,0.0109674,-0.0178692,0.00919022,-0.999798,0.0550264,0,0,0,DISABLED,0
6.86008,0.065377,-0.00660564,0,-0.00309542,0.731997,0.0109511,-0.0178629,0.00917678,-0.999798,0.0550828,0,0,0,DISABLED,0
6.88008,0.0653844,-0.00660553,0,-0.00308979,0.731996,0.0109402,-0.0178573,0.00916462,-0.999799,0.0551338,0,0,0,DISABLED,0
6.90008,0.0653916,-0.00660543,0,-0.00308426,0.731996,0.0109238,-0.0178518,0.00915254,-0.999799,0.0551845,0,0,0,DISABLED,0
6.92008,0.0653987,-0.00660534,0,-0.00307881,0.731995,0.0109129,-0.0178463,0.00914053,-0.999799,0.0552349,0,0,0,DISABLED,0
6.94008,0.0654057,-0.00660526,0,-0.00307291,0.731995,0.010902,-0.0178404,0.00912742,-0.999799,0.05529,0,0,0,DISABLED,0
6.96008,0.0654119,-0.0066052,0,-0.00306764,0.731994,0.010891,-0.0178351,0.00911558,-0.999799,0.0553399,0,0,0,DISABLED,0
6.98008,0.0654193,-0.00660514,0,-0.00306246,0.731994,0.0108746,-0.01783,0.0091038,-0.9998,0.0553895,0,0,0,DISABLED,0
7.00008,0.0654252,-0.00660509,0,-0.00305786,0.731993,0.0108581,-0.0178254,0.00909326,-0.9998,0.0554339,0,0,0,DISABLED,0
7.02009,0.0654324,-0.00660505,0,-0.00305282,0.731993,0.0108472,-0.0178203,0.00908161,-0.9998,0.0554831,0,0,0,DISABLED,0
7.04009,0.0654387,-0.00660502,0,-0.00304784,0.731992,0.0108362,-0.0178153,0.00907001,-0.9998,0.055532,0,0,0,DISABLED,0
7.06009,0.065445,-0.00660499,0,-0.00304245,0.731992,0.0108251,-0.0178099,0.00905733,-0.9998,0.0555856,0,0,0,DISABLED,0
7.08009,0.0654506,-0.00660498,0,-0.0030381,0.731991,0.0108086,-0.0178056,0.00904701,-0.999801,0.0556292,0,0,0,DISABLED,0
7.10009,0.0654567,-0.00660498,0,-0.00303287,0.731991,0.0107976,-0.0178004,0.00903448,-0.999801,0.0556823,0,0,0,DISABLED,0
7.12009,0.0654633,-0.00660499,0,-0.00302817,0.73199,0.0107865,-0.0177957,0.00902315,-0.999801,0.0557303,0,0,0,DISABLED,0
7.14009,0.0654692,-0.00660501,0,-0.00302355,0.73199,0.0107755,-0.017791,0.00901189,-0.999801,0.0557781,0,0,0,DISABLED,0
7.16009,0.0654749,-0.00660504,0,-0.00301899,0.73199,0.0107644,-0.0177865,0.00900068,-0.999801,0.0558257,0,0,0,DISABLED,0
7.18009,0.0654807,-0.00660508,0,-0.00301493,0.731989,0.0107533,-0.0177824,0.00899064,-0.999801,0.0558684,0,0,0,DISABLED,0
7.20009,0.0654863,-0.00660512,0,-0.00301004,0.731989,0.0107422,-0.0177775,0.00897844,-0.999802,0.0559202,0,0,0,DISABLED,0
7.22009,0.0654918,-0.00660518,0,-0.00300566,0.731988,0.0107311,-0.0177732,0.00896741,-0.999802,0.0559672,0,0,0,DISABLED,0
7.24009,0.0654962,-0.00660523,0,-0.00300306,0.731988,0.01072,-0.0177706,0.00896082,-0.999802,0.0559953,0,0,0,DISABLED,0
7.26009,0.0655026,-0.00660532,0,-0.00299707,0.731988,0.0107033,-0.0177646,0.00894551,-0.999802,0.0560605,0,0,0,DISABLED,0
7.28009,0.0655079,-0.0066054,0,-0.00299327,0.731987,0.0106922,-0.0177608,0.00893572,-0.999802,0.0561023,0,0,0,DISABLED,0
7.30009,0.0655126,-0.00660549,0,-0.0029891,0.731987,0.010681,-0.0177566,0.0089249,-0.999803,0.0561485,0,0,0,DISABLED,0
7.32009,0.0655183,-0.00660561,0,-0.00298458,0.731986,0.0106699,-0.0177521,0.00891306,-0.999803,0.0561992,0,0,0,DISABLED,0
7.34009,0.0655234,-0.00660572,0,-0.00298053,0.731986,0.0106531,-0.017748,0.00890235,-0.999803,0.0562451,0,0,0,DISABLED,0
7.36009,0.0655285,-0.00660585,0,-0.00297653,0.731986,0.0106475,-0.017744,0.0088917,-0.999803,0.0562908,0,0,0,DISABLED,0
7.38009,0.0655334,-0.00660598,0,-0.00297259,0.731985,0.0106363,-0.0177401,0.0088811,-0.999803,0.0563364,0,0,0,DISABLED,0
7.40009,0.0655383,-0.00660613,0,-0.00296908,0.731985,0.0106251,-0.0177366,0.0088716,-0.999803,0.0563772,0,0,0,DISABLED,0
7.42009,0.0655427,-0.00660626,0,-0.00296522,0.731985,0.0106139,-0.0177327,0.00886108,-0.999803,0.0564224,0,0,0,DISABLED,0
7.44009,0.0655479,-0.00660644,0,-0.00296104,0.731984,0.0106026,-0.0177285,0.00884957,-0.999804,0.0564719,0,0,0,DISABLED,0
7.4601,0.0655522,-0.0066066,0,-0.00295766,0.731984,0.0105914,-0.0177252,0.0088402,-0.999804,0.0565123,0,0,0,DISABLED,0
7.4801,0.0655573,-0.0066068,0,-0.00295394,0.731983,0.0105801,-0.0177214,0.00882983,-0.999804,0.056557,0,0,0,DISABLED,0
7.5001,0.0655615,-0.00660697,0,-0.0029499,0.731983,0.0105688,-0.0177174,0.00881847,-0.999804,0.056606,0,0,0,DISABLED,0
7.5201,0.0655665,-0.00660719,0,-0.00294664,0.731983,0.0105632,-0.0177141,0.00880922,-0.999804,0.0566459,0,0,0,DISABLED,0
7.5401,0.0655706,-0.00660738,0,-0.00294304,0.731982,0.0105462,-0.0177105,0.00879899,-0.999804,0.0566901,0,0,0,DISABLED,0
7.5601,0.0655755,-0.00660762,0,-0.00293914,0.731982,0.0105349,-0.0177066,0.00878778,-0.999805,0.0567386,0,0,0,DISABLED,0
7.5801,0.0655791,-0.0066078,0,-0.00293633,0.731982,0.0105293,-0.0177038,0.00877967,-0.999805,0.0567738,0,0,0,DISABLED,0
7.6001,0.0655839,-0.00660806,0,-0.00293249,0.731981,0.0105123,-0.0177,0.00876854,-0.999805,0.056822,0,0,0,DISABLED,0
7.6201,0.0655882,-0.00660831,0,-0.00292904,0.731981,0.0105066,-0.0176965,0.00875847,-0.999805,0.0568657,0,0,0,DISABLED,0
7.6401,0.0655925,-0.00660857,0,-0.00292563,0.731981,0.0104953,-0.0176931,0.00874845,-0.999805,0.0569091,0,0,0,DISABLED,0
7.6601,0.0655972,-0.00660886,0,-0.00292192,0.73198,0.0104839,-0.0176894,0.00873747,-0.999805,0.0569567,0,0,0,DISABLED,0
7.6801,0.0656014,-0.00660913,0,-0.00291859,0.73198,0.0104725,-0.0176861,0.00872755,-0.999806,0.0569999,0,0,0,DISABLED,0
7.7001,0.0656056,-0.00660942,0,-0.0029153,0.731979,0.0104611,-0.0176828,0.00871766,-0.999806,0.0570429,0,0,0,DISABLED,0
7.7201,0.0656101,-0.00660974,0,-0.00291204,0.731979,0.0104497,-0.0176795,0.00870781,-0.999806,0.0570858,0,0,0,DISABLED,0
7.7401,0.0656138,-0.00661002,0,-0.00290913,0.731979,0.010444,-0.0176766,0.00869897,-0.999806,0.0571243,0,0,0,DISABLED,0
7.7601,0.0656174,-0.0066103,0,-0.00290592,0.731978,0.0104326,-0.0176734,0.00868918,-0.999806,0.057167,0,0,0,DISABLED,0
7.7801,0.0656218,-0.00661065,0,-0.00290243,0.731978,0.0104212,-0.0176699,0.00867846,-0.999806,0.0572137,0,0,0,DISABLED,0
7.8001,0.0656258,-0.00661098,0,-0.00289959,0.731978,0.0104097,-0.0176671,0.00866971,-0.999806,0.0572519,0,0,0,DISABLED,0
7.8201,0.0656293,-0.00661129,0,-0.00289648,0.731977,0.010404,-0.017664,0.00866003,-0.999806,0.0572941,0,0,0,DISABLED,0
7.8401,0.0656332,-0.00661163,0,-0.002894,0.731977,0.0103925,-0.0176615,0.00865232,-0.999807,0.0573277,0,0,0,DISABLED,0
7.8601,0.0656363,-0.00661192,0,-0.00289155,0.731977,0.0103868,-0.0176591,0.00864463,-0.999807,0.0573613,0,0,0,DISABLED,0
7.88011,0.0656413,-0.00661239,0,-0.00288697,0.731976,0.0103753,-0.0176545,0.00863024,-0.999807,0.0574241,0,0,0,DISABLED,0
7.90011,0.0656447,-0.00661273,0,-0.00288425,0.731976,0.0103638,-0.0176518,0.00862164,-0.999807,0.0574617,0,0,0,DISABLED,0
7.92011,0.0656488,-0.00661321,0,-0.00288097,0.731976,0.0103523,-0.0176485,0.00861116,-0.999807,0.0575075,0,0,0,DISABLED,0
7.94011,0.0656522,-0.00661369,0,-0.00287804,0.731975,0.0103408,-0.0176455,0.00860164,-0.999807,0.0575491,0,0,0,DISABLED,0
7.96011,0.0656562,-0.00661441,0,-0.00287514,0.731975,0.010335,-0.0176426,0.0085921,-0.999807,0.0575908,0,0,0,DISABLED,0
7.98011,0.0656599,-0.0066152,0,-0.00287228,0.731975,0.0103177,-0.0176398,0.00858253,-0.999808,0.0576326,0,0,0,DISABLED,0
8.00011,0.0656635,-0.00661614,0,-0.00286973,0.731974,0.0103119,-0.0176372,0.00857387,-0.999808,0.0576702,0,0,0,DISABLED,0
8.02011,0.065667,-0.00661722,0,-0.00286696,0.731974,0.0103003,-0.0176345,0.00856422,-0.999808,0.057712,0,0,0,DISABLED,0
8.04011,0.0656705,-0.00661845,0,-0.00286395,0.731974,0.0102888,-0.0176315,0.00855357,-0.999808,0.0577581,0,0,0,DISABLED,0
8.06011,0.065674,-0.00661983,0,-0.00286126,0.731973,0.010283,-0.0176288,0.00854384,-0.999808,0.0578001,0,0,0,DISABLED,0
8.08011,0.0656774,-0.00662136,0,-0.00285864,0.731973,0.0102656,-0.0176261,0.00853409,-0.999808,0.0578421,0,0,0,DISABLED,0
8.10011,0.0656805,-0.00662286,0,-0.00285631,0.731973,0.0102598,-0.0176238,0.00852528,-0.999808,0.0578799,0,0,0,DISABLED,0
8.12011,0.0656841,-0.00662484,0,-0.00285352,0.731973,0.0102481,-0.017621,0.00851448,-0.999808,0.0579262,0,0,0,DISABLED,0
8.14011,0.0656874,-0.00662678,0,-0.00285102,0.731972,0.0102423,-0.0176185,0.00850463,-0.999809,0.0579683,0,0,0,DISABLED,0
8.16011,0.0656906,-0.00662885,0,-0.00284858,0.731972,0.0102307,-0.0176161,0.00849475,-0.999809,0.0580104,0,0,0,DISABLED,0
8.18011,0.0656935,-0.00663081,0,-0.00284785,0.731972,0.0102248,-0.0176154,0.00849179,-0.999809,0.058023,0,0,0,DISABLED,0
8.20011,0.0656967,-0.00663309,0,-0.00284405,0.731971,0.0102132,-0.0176116,0.00847594,-0.999809,0.0580902,0,0,0,DISABLED,0
8.22011,0.0657001,-0.00663572,0,-0.00284148,0.731971,0.0102015,-0.017609,0.008465,-0.999809,0.0581365,0,0,0,DISABLED,0
8.24011,0.0657032,-0.00663825,0,-0.00283919,0.731971,0.010184,-0.0176067,0.00845503,-0.999809,0.0581786,0,0,0,DISABLED,0
8.26011,0.065706,-0.00664063,0,-0.00283718,0.731971,0.010184,-0.0176047,0.00844605,-0.999809,0.0582165,0,0,0,DISABLED,0
8.28011,0.0657093,-0.00664367,0,-0.00283477,0.73197,0.0101664,-0.0176023,0.00843508,-0.99981,0.0582627,0,0,0,DISABLED,0
8.30011,0.0657123,-0.00664651,0,-0.00283261,0.73197,0.0101547,-0.0176001,0.00842509,-0.99981,0.0583047,0,0,0,DISABLED,0
8.32012,0.0657152,-0.00664944,0,-0.00283048,0.73197,0.0101488,-0.017598,0.0084151,-0.99981,0.0583465,0,0,0,DISABLED,0
8.34012,0.0657181,-0.00665245,0,-0.0028284,0.731969,0.010137,-0.0175959,0.00840511,-0.99981,0.0583882,0,0,0,DISABLED,0
8.36012,0.0657207,-0.00665522,0,-0.00282636,0.731969,0.0101253,-0.0175939,0.00839512,-0.99981,0.0584298,0,0,0,DISABLED,0
8.38012,0.0657238,-0.0066587,0,-0.00282436,0.731969,0.0101194,-0.0175919,0.00838513,-0.99981,0.0584715,0,0,0,DISABLED,0
8.40012,0.0657263,-0.00666162,0,-0.00282278,0.731969,0.0101135,-0.0175903,0.00837714,-0.99981,0.0585047,0,0,0,DISABLED,0
8.42012,0.0657294,-0.00666527,0,-0.00282045,0.731968,0.0100958,-0.0175879,0.00836515,-0.99981,0.0585545,0,0,0,DISABLED,0
8.44012,0.0657319,-0.00666832,0,-0.00281853,0.731968,0.010084,-0.017586,0.00835515,-0.99981,0.0585959,0,0,0,DISABLED,0
8.46012,0.0657348,-0.00667213,0,-0.00281665,0.731968,0.0100781,-0.0175842,0.00834516,-0.999811,0.0586373,0,0,0,DISABLED,0
8.48012,0.0657375,-0.00667566,0,-0.00281499,0.731968,0.0100721,-0.0175825,0.00833617,-0.999811,0.0586745,0,0,0,DISABLED,0
8.50012,0.0657396,-0.00667854,0,-0.00281299,0.731967,0.0100544,-0.0175805,0.0083252,-0.999811,0.0587198,0,0,0,DISABLED,0
8.52012,0.0657425,-0.00668256,0,-0.0028112,0.731967,0.0100425,-0.0175787,0.00831522,-0.999811,0.0587609,0,0,0,DISABLED,0
8.54012,0.0657443,-0.00668515,0,-0.00281014,0.731967,0.0100366,-0.0175776,0.00830924,-0.999811,0.0587856,0,0,0,DISABLED,0
8.56012,0.065748,-0.00669042,0,-0.0028077,0.731967,0.0100306,-0.0175752,0.0082953,-0.999811,0.0588429,0,0,0,DISABLED,0
8.58012,0.0657505,-0.00669424,0,-0.00280599,0.731966,0.0100187,-0.0175735,0.00828534,-0.999811,0.0588838,0,0,0,DISABLED,0
8.60012,0.065753,-0.00669813,0,-0.00280447,0.731966,0.0100068,-0.017572,0.00827639,-0.999811,0.0589206,0,0,0,DISABLED,0
8.62012,0.0657555,-0.00670209,0,-0.00280266,0.731966,0.00999491,-0.0175702,0.00826546,-0.999811,0.0589655,0,0,0,DISABLED,0
8.64012,0.065758,-0.00670609,0,-0.00280103,0.731966,0.00998298,-0.0175685,0.00825554,-0.999812,0.0590061,0,0,0,DISABLED,0
8.66012,0.0657605,-0.00671013,0,-0.00279957,0.731965,0.00998298,-0.0175671,0.00824662,-0.999812,0.0590427,0,0,0,DISABLED,0
8.68012,0.0657629,-0.00671422,0,-0.00279783,0.731965,0.00997103,-0.0175653,0.00823572,-0.999812,0.0590873,0,0,0,DISABLED,0
8.70012,0.0657651,-0.00671795,0,-0.00279626,0.731965,0.00995906,-0.0175638,0.00822583,-0.999812,0.0591277,0,0,0,DISABLED,0
8.72012,0.0657674,-0.00672212,0,-0.00279472,0.731965,0.00994709,-0.0175622,0.00821596,-0.999812,0.059168,0,0,0,DISABLED,0
8.74012,0.0657698,-0.00672633,0,-0.0027932,0.731964,0.00993509,-0.0175607,0.0082061,-0.999812,0.0592083,0,0,0,DISABLED,0
8.76013,0.0657724,-0.00673101,0,-0.00279185,0.731964,0.00992309,-0.0175594,0.00819724,-0.999812,0.0592445,0,0,0,DISABLED,0
8.78013,0.0657747,-0.00673531,0,-0.00279022,0.731964,0.00991708,-0.0175577,0.00818642,-0.999812,0.0592886,0,0,0,DISABLED,0
8.80013,0.065777,-0.00673964,0,-0.0027889,0.731964,0.00991107,-0.0175564,0.00817759,-0.999812,0.0593245,0,0,0,DISABLED,0
8.82013,0.0657786,-0.00674269,0,-0.00278774,0.731964,0.00989903,-0.0175552,0.00816974,-0.999813,0.0593565,0,0,0,DISABLED,0
8.84013,0.0657816,-0.00674838,0,-0.00278588,0.731963,0.00988698,-0.0175534,0.00815703,-0.999813,0.0594081,0,0,0,DISABLED,0
8.86013,0.0657836,-0.00675236,0,-0.00278447,0.731963,0.00987492,-0.017552,0.00814727,-0.999813,0.0594478,0,0,0,DISABLED,0
8.88013,0.0657856,-0.00675638,0,-0.00278335,0.731963,0.00986888,-0.0175509,0.00813947,-0.999813,0.0594795,0,0,0,DISABLED,0
8.90013,0.0657883,-0.00676178,0,-0.00278184,0.731963,0.00985679,-0.0175493,0.00812874,-0.999813,0.0595232,0,0,0,DISABLED,0
8.92013,0.0657905,-0.00676632,0,-0.00278034,0.731962,0.00984469,-0.0175478,0.00811803,-0.999813,0.0595668,0,0,0,DISABLED,0
8.94013,0.0657927,-0.00677089,0,-0.00277899,0.731962,0.00983863,-0.0175465,0.00810831,-0.999813,0.0596062,0,0,0,DISABLED,0
8.96013,0.0657948,-0.00677548,0,-0.00277766,0.731962,0.00983257,-0.0175452,0.00809862,-0.999813,0.0596456,0,0,0,DISABLED,0
8.98013,0.065797,-0.0067801,0,-0.00277635,0.731962,0.00982044,-0.0175439,0.00808895,-0.999813,0.0596848,0,0,0,DISABLED,0
9.00013,0.0657992,-0.00678473,0,-0.00277505,0.731961,0.0098083,-0.0175426,0.0080793,-0.999813,0.0597239,0,0,0,DISABLED,0
9.02013,0.0658009,-0.00678846,0,-0.00277402,0.731961,0.00980222,-0.0175415,0.00807159,-0.999814,0.0597551,0,0,0,DISABLED,0
9.04013,0.0658034,-0.00679406,0,-0.00277249,0.731961,0.00979005,-0.01754,0.00806006,-0.999814,0.0598018,0,0,0,DISABLED,0
9.06013,0.0658055,-0.00679876,0,-0.00277123,0.731961,0.00977786,-0.0175387,0.00805046,-0.999814,0.0598407,0,0,0,DISABLED,0
9.08013,0.0658076,-0.00680347,0,-0.0027701,0.73196,0.00977177,-0.0175376,0.00804185,-0.999814,0.0598755,0,0,0,DISABLED,0
9.10013,0.0658096,-0.00680821,0,-0.00276875,0.73196,0.00975956,-0.0175363,0.00803133,-0.999814,0.0599181,0,0,0,DISABLED,0
9.12013,0.0658113,-0.00681202,0,-0.00276777,0.73196,0.00975956,-0.0175353,0.0080237,-0.999814,0.059949,0,0,0,DISABLED,0
9.14013,0.0658135,-0.00681726,0,-0.00276643,0.73196,0.00974734,-0.0175339,0.00801323,-0.999814,0.0599913,0,0,0,DISABLED,0
9.16013,0.0658158,-0.00682253,0,-0.00276511,0.73196,0.0097351,-0.0175326,0.00800279,-0.999814,0.0600335,0,0,0,DISABLED,0
9.18013,0.0658178,-0.00682734,0,-0.00276391,0.731959,0.00972897,-0.0175314,0.0079933,-0.999814,0.0600719,0,0,0,DISABLED,0
9.20014,0.0658198,-0.00683217,0,-0.00276274,0.731959,0.00971671,-0.0175302,0.00798384,-0.999814,0.0601102,0,0,0,DISABLED,0
9.22014,0.0658216,-0.00683654,0,-0.00276169,0.731959,0.00970444,-0.0175292,0.00797534,-0.999815,0.0601446,0,0,0,DISABLED,0
9.24014,0.0658238,-0.00684189,0,-0.00276041,0.731959,0.00969829,-0.0175279,0.00796497,-0.999815,0.0601865,0,0,0,DISABLED,0
9.26014,0.0658258,-0.00684677,0,-0.00275937,0.731959,0.00968599,-0.0175269,0.0079565,-0.999815,0.0602207,0,0,0,DISABLED,0
9.28014,0.0658277,-0.00685166,0,-0.00275811,0.731958,0.00967368,-0.0175256,0.00794617,-0.999815,0.0602624,0,0,0,DISABLED,0
9.30014,0.0658297,-0.00685656,0,-0.00275743,0.731958,0.00967368,-0.0175249,0.00794055,-0.999815,0.0602851,0,0,0,DISABLED,0
9.32014,0.0658316,-0.00686146,0,-0.00275585,0.731958,0.00965517,-0.0175234,0.00792747,-0.999815,0.0603378,0,0,0,DISABLED,0
9.34014,0.0658334,-0.00686589,0,-0.00275473,0.731958,0.009649,-0.0175222,0.00791815,-0.999815,0.0603754,0,0,0,DISABLED,0
9.36014,0.0658355,-0.00687132,0,-0.00275373,0.731957,0.00963664,-0.0175212,0.00790977,-0.999815,0.0604093,0,0,0,DISABLED,0
9.38014,0.0658374,-0.00687627,0,-0.00275253,0.731957,0.00963664,-0.01752,0.00789955,-0.999815,0.0604505,0,0,0,DISABLED,0
9.40014,0.0658391,-0.00688073,0,-0.00275144,0.731957,0.00962426,-0.0175189,0.00789029,-0.999815,0.0604879,0,0,0,DISABLED,0
9.42014,0.0658412,-0.00688619,0,-0.00275035,0.731957,0.00961806,-0.0175179,0.00788104,-0.999815,0.0605252,0,0,0,DISABLED,0
9.44014,0.0658431,-0.00689116,0,-0.00274927,0.731957,0.00960566,-0.0175168,0.00787182,-0.999816,0.0605624,0,0,0,DISABLED,0
9.46014,0.0658444,-0.00689464,0,-0.00274852,0.731956,0.00959945,-0.017516,0.00786538,-0.999816,0.0605883,0,0,0,DISABLED,0
9.48014,0.0658468,-0.00690112,0,-0.00274714,0.731956,0.00958703,-0.0175146,0.00785344,-0.999816,0.0606365,0,0,0,DISABLED,0
9.50014,0.0658485,-0.0069056,0,-0.00274618,0.731956,0.00958081,-0.0175137,0.0078452,-0.999816,0.0606696,0,0,0,DISABLED,0
9.52014,0.0658505,-0.0069111,0,-0.00274502,0.731956,0.00956836,-0.0175125,0.00783513,-0.999816,0.0607102,0,0,0,DISABLED,0
9.54014,0.0658524,-0.00691611,0,-0.00274408,0.731955,0.00956212,-0.0175116,0.00782692,-0.999816,0.0607433,0,0,0,DISABLED,0
9.56014,0.0658542,-0.00692113,0,-0.00274304,0.731955,0.00954965,-0.0175105,0.00781781,-0.999816,0.06078,0,0,0,DISABLED,0
9.58014,0.0658557,-0.00692515,0,-0.00274211,0.731955,0.00954341,-0.0175096,0.00780963,-0.999816,0.060813,0,0,0,DISABLED,0
9.60014,0.0658577,-0.00693068,0,-0.00274097,0.731955,0.00953091,-0.0175085,0.00779965,-0.999816,0.0608532,0,0,0,DISABLED,0
9.62014,0.0658595,-0.00693571,0,-0.00273994,0.731955,0.00952465,-0.0175074,0.00779059,-0.999816,0.0608896,0,0,0,DISABLED,0
9.64015,0.0658614,-0.00694125,0,-0.00273882,0.731954,0.00951213,-0.0175063,0.00778066,-0.999816,0.0609296,0,0,0,DISABLED,0
9.66015,0.0658632,-0.00694629,0,-0.00273791,0.731954,0.00950586,-0.0175054,0.00777255,-0.999817,0.0609622,0,0,0,DISABLED,0
9.68015,0.065865,-0.00695133,0,-0.0027374,0.731954,0.00949958,-0.0175049,0.00776806,-0.999817,0.0609804,0,0,0,DISABLED,0
9.70015,0.0658668,-0.00695639,0,-0.00273579,0.731954,0.00948703,-0.0175033,0.00775368,-0.999817,0.0610383,0,0,0,DISABLED,0
9.72015,0.0658686,-0.00696144,0,-0.00273478,0.731954,0.00947445,-0.0175023,0.00774472,-0.999817,0.0610744,0,0,0,DISABLED,0
9.74015,0.0658704,-0.00696651,0,-0.00273388,0.731953,0.00946816,-0.0175014,0.00773667,-0.999817,0.0611067,0,0,0,DISABLED,0
9.76015,0.0658721,-0.00697157,0,-0.00273279,0.731953,0.00946186,-0.0175003,0.00772687,-0.999817,0.0611461,0,0,0,DISABLED,0
9.78015,0.0658739,-0.00697662,0,-0.0027318,0.731953,0.00945556,-0.0174993,0.00771799,-0.999817,0.0611818,0,0,0,DISABLED,0
9.80015,0.0658756,-0.00698167,0,-0.00273081,0.731953,0.00944295,-0.0174983,0.00770913,-0.999817,0.0612174,0,0,0,DISABLED,0
9.82015,0.0658774,-0.00698671,0,-0.00272983,0.731953,0.00943663,-0.0174973,0.0077003,-0.999817,0.0612529,0,0,0,DISABLED,0
9.84015,0.0658791,-0.00699174,0,-0.00272886,0.731952,0.00942399,-0.0174964,0.00769149,-0.999817,0.0612883,0,0,0,DISABLED,0
9.86015,0.0658808,-0.00699679,0,-0.00272788,0.731952,0.00941766,-0.0174954,0.00768269,-0.999817,0.0613237,0,0,0,DISABLED,0
9.88015,0.0658827,-0.00700233,0,-0.00272682,0.731952,0.00941133,-0.0174943,0.00767304,-0.999817,0.0613624,0,0,0,DISABLED,0
9.90015,0.0658841,-0.00700637,0,-0.00272604,0.731952,0.00939866,-0.0174935,0.00766602,-0.999818,0.0613907,0,0,0,DISABLED,0
9.92015,0.065886,-0.00701193,0,-0.00272498,0.731951,0.00939231,-0.0174925,0.00765639,-0.999818,0.0614294,0,0,0,DISABLED,0
9.94015,0.0658877,-0.00701698,0,-0.00272421,0.731951,0.00938596,-0.0174917,0.00764941,-0.999818,0.0614574,0,0,0,DISABLED,0
9.96015,0.065889,-0.00702101,0,-0.00272325,0.731951,0.00937325,-0.0174908,0.0076407,-0.999818,0.0614924,0,0,0,DISABLED,0
9.98015,0.0658911,-0.00702707,0,-0.0027221,0.731951,0.00936689,-0.0174896,0.00763027,-0.999818,0.0615342,0,0,0,DISABLED,0
10.0002,0.0658924,-0.00703111,0,-0.00272134,0.731951,0.00936053,-0.0174888,0.00762333,-0.999818,0.061562,0,0,0,DISABLED,0
10.0202,0.0659244,-0.00703647,0,-0.0028156,0.731947,0.00937961,-0.0175831,0.00761541,-0.999816,0.0616056,0,0,0,DISABLED,0
10.0402,0.0675109,-0.00701754,0,-0.00719203,0.731695,0.0115807,-0.0219595,0.00774921,-0.999729,0.0617814,0,0,0,DISABLED,0
10.0602,0.0703593,-0.00701161,0,-0.0119204,0.731082,0.015188,-0.0266879,0.00808538,-0.999611,0.062233,0,0,0,DISABLED,0
10.0802,0.0739515,-0.00701414,0,-0.0136604,0.730369,0.0168583,-0.0284279,0.00854664,-0.999559,0.062548,0,0,0,DISABLED,0
10.1002,0.0782471,-0.00700031,0,-0.0123602,0.729706,0.0160281,-0.0271277,0.00887538,-0.999593,0.0627337,0,0,0,DISABLED,0
10.1202,0.0811309,-0.00697798,0,-0.0101889,0.729348,0.0144313,-0.0249564,0.00889094,-0.999649,0.0628286,0,0,0,DISABLED,0
10.1402,0.0888453,-0.00688236,0,-0.00280591,0.728621,0.0100484,-0.0175734,0.00831459,-0.999811,0.0628493,0,0,0,DISABLED,0
10.1602,0.0946245,-0.0068347,0,0.00251664,0.728359,0.00904313,-0.0122509,0.00735229,-0.999898,0.0629508,0,0,0,DISABLED,0
10.1802,0.102656,-0.00676875,0,0.00782984,0.728547,0.0106978,-0.00693767,0.00595843,-0.999958,0.0632398,0,0,0,DISABLED,0
10.2002,0.110972,-0.00664512,0,0.0119012,0.729309,0.0131611,-0.00286631,0.00429089,-0.999987,0.0640662,0,0,0,DISABLED,0
10.2202,0.120336,-0.00638066,0,0.0144467,0.730613,0.0148667,-0.000320761,0.00218808,-0.999998,0.0658058,0,0,0,DISABLED,0
10.2402,0.128355,-0.00589941,0,0.0210419,0.732228,0.0210815,0.00627435,-2.81038e-06,-0.99998,0.0678109,0,0,0,DISABLED,0
10.2602,0.136833,-0.00500995,0,0.0290818,0.734322,0.0292225,0.0143143,-0.0041861,-0.999889,0.0697715,0,0,0,DISABLED,0
10.2802,0.146,-0.0034498,0,0.0355153,0.736992,0.0375602,0.0207478,-0.0135489,-0.999693,0.0734965,0,0,0,DISABLED,0
10.3002,0.15338,-0.00167356,0,0.0390104,0.739444,0.0443473,0.0242429,-0.0224116,-0.999455,0.0803315,0,0,0,DISABLED,0
10.3202,0.162484,0.00104157,0,0.0402542,0.741859,0.0459064,0.0254867,-0.0233839,-0.999402,0.0918835,0,0,0,DISABLED,0
10.3402,0.170041,0.00348592,0,0.0393258,0.742272,0.0409268,0.0245583,-0.0126546,-0.999618,0.104354,0,0,0,DISABLED,0
10.3602,0.178953,0.00624366,0,0.0341189,0.739789,0.0378039,0.0193514,0.0149481,-0.999701,0.124406,0,0,0,DISABLED,0
10.3802,0.191525,0.00684274,0,0.0182578,0.738283,0.0269604,0.00349031,0.0185061,-0.999823,0.140816,0,0,0,DISABLED,0
10.4002,0.19849,0.00721894,0,0.0132556,0.739182,0.0267428,-0.00151188,0.0218956,-0.999759,0.151304,0,0,0,DISABLED,0
10.4202,0.206425,0.00870716,0,0.0116499,0.741025,0.0358016,-0.00311758,0.0325199,-0.999466,0.160882,0,0,0,DISABLED,0
10.4402,0.212032,0.00973615,0,0.00987856,0.741826,0.0394915,-0.00488894,0.036899,-0.999307,0.166818,0,0,0,DISABLED,0
10.4602,0.219838,0.0104324,0,0.00442403,0.741765,0.0388737,-0.0103435,0.0372836,-0.999251,0.173606,0,0,0,DISABLED,0
10.4802,0.227988,0.00997948,0,-0.00487776,0.740322,0.0343154,-0.0196453,0.0326288,-0.999274,0.17772,0,0,0,DISABLED,0
10.5002,0.236002,0.00883975,0,-0.0175181,0.737701,0.0315852,-0.0322856,0.024944,-0.999167,0.182728,0,0,0,DISABLED,0
10.5202,0.244212,0.00892586,0,-0.0334199,0.735895,0.0436412,-0.0481874,0.0266964,-0.998482,0.188182,0,0,0,DISABLED,0
10.5402,0.250796,0.00898481,0,-0.0425556,0.734796,0.0487902,-0.0573231,0.0224554,-0.998103,0.188848,0,0,0,DISABLED,0
10.5602,0.255381,0.0089856,0,-0.0423896,0.733646,0.0459232,-0.0571572,0.0162477,-0.998233,0.19209,0,0,0,DISABLED,0
10.5802,0.256662,0.00909809,0,-0.0342336,0.733036,0.0412808,-0.0490011,0.0216975,-0.998563,0.197525,0,0,0,DISABLED,0
10.6002,0.26108,0.0100561,0,-0.0271723,0.7312,0.0444922,-0.0419398,0.0338711,-0.998546,0.202602,0,0,0,DISABLED,0
10.6202,0.265005,0.00967539,0,-0.0248478,0.73115,0.0430414,-0.0396153,0.0337894,-0.998644,0.206499,0,0,0,DISABLED,0
10.6402,0.268283,0.00925226,0,-0.0215252,0.731237,0.0403222,-0.0362927,0.0327451,-0.998805,0.214232,0,0,0,DISABLED,0
10.6602,0.271795,0.00909506,0,-0.0160258,0.731171,0.037089,-0.0307933,0.0321055,-0.99901,0.220609,0,0,0,DISABLED,0
10.6802,0.274144,0.00900458,0,-0.0120762,0.731083,0.0354687,-0.0268437,0.032011,-0.999127,0.223418,0,0,0,DISABLED,0
10.7002,0.277466,0.00847238,0,-0.00746947,0.730972,0.0335565,-0.022237,0.0313756,-0.99926,0.227925,0,0,0,DISABLED,0
10.7202,0.280005,0.00786774,0,-0.00368161,0.730932,0.0317377,-0.0184491,0.0301876,-0.999374,0.230592,0,0,0,DISABLED,0
10.7402,0.282134,0.00724067,0,-0.000837065,0.730939,0.0299439,-0.0156046,0.0285985,-0.999469,0.231873,0,0,0,DISABLED,0
10.7602,0.284283,0.00648511,0,0.00233453,0.730981,0.0281333,-0.012433,0.0267066,-0.999566,0.233004,0,0,0,DISABLED,0
10.7802,0.286363,0.00548575,0,0.00575835,0.731081,0.0261546,-0.00900916,0.024183,-0.999667,0.234758,0,0,0,DISABLED,0
10.8002,0.287856,0.00449096,0,0.00871501,0.731204,0.0245316,-0.00605249,0.0216013,-0.999748,0.236727,0,0,0,DISABLED,0
10.8202,0.289255,0.0032629,0,0.0113632,0.731375,0.0237864,-0.00340426,0.0195665,-0.999803,0.238411,0,0,0,DISABLED,0
10.8402,0.290391,0.00198929,0,0.0131145,0.731562,0.023691,-0.00165304,0.0183985,-0.999829,0.239518,0,0,0,DISABLED,0
10.8602,0.291375,0.000560286,0,0.0169389,0.731739,0.0245801,0.00217142,0.0164784,-0.999862,0.242248,0,0,0,DISABLED,0
10.8802,0.292043,-0.000761982,0,0.0195694,0.731859,0.0260724,0.0048019,0.0158973,-0.999862,0.24459,0,0,0,DISABLED,0
10.9002,0.292479,-0.00192669,0,0.0213474,0.731926,0.0274924,0.0065799,0.0159924,-0.99985,0.246339,0,0,0,DISABLED,0
10.9202,0.292772,-0.00302469,0,0.0226805,0.731963,0.0287226,0.00791296,0.0162904,-0.999836,0.247871,0,0,0,DISABLED,0
10.9402,0.292936,-0.00425452,0,0.0237694,0.731977,0.0298921,0.00900189,0.016793,-0.999818,0.249997,0,0,0,DISABLED,0
10.9602,0.292885,-0.00535278,0,0.0242148,0.731963,0.0305451,0.00944725,0.0172878,-0.999806,0.251773,0,0,0,DISABLED,0
10.9802,0.292793,-0.00580461,0,0.0243302,0.73195,0.0308442,0.00956266,0.0176284,-0.999799,0.252838,0,0,0,DISABLED,0
11.0002,0.29227,-0.00697292,0,0.0243333,0.731896,0.0313465,0.00956576,0.0184297,-0.999784,0.255255,0,0,0,DISABLED,0
11.0202,0.291753,-0.00759957,0,0.0240544,0.731862,0.0314415,0.00928687,0.0189151,-0.999778,0.256895,0,0,0,DISABLED,0
11.0402,0.291125,-0.00811204,0,0.0234978,0.73183,0.0313256,0.00873032,0.0193839,-0.999774,0.258412,0,0,0,DISABLED,0
11.0602,0.290422,-0.0085274,0,0.0225898,0.731834,0.0307532,0.00782228,0.0195338,-0.999779,0.259468,0,0,0,DISABLED,0
11.0802,0.289904,-0.0087863,0,0.0217898,0.731869,0.0300711,0.00702231,0.0193939,-0.999787,0.259869,0,0,0,DISABLED,0
11.1002,0.28888,-0.00919349,0,0.0202506,0.731933,0.0288406,0.00548309,0.0192039,-0.999801,0.260369,0,0,0,DISABLED,0
11.1202,0.288217,-0.00939565,0,0.018963,0.731965,0.02788,0.00419545,0.0191058,-0.999809,0.260659,0,0,0,DISABLED,0
11.1402,0.287187,-0.00963917,0,0.0171374,0.732009,0.0265662,0.00236991,0.0189708,-0.999817,0.261023,0,0,0,DISABLED,0
11.1602,0.286313,-0.00979443,0,0.0155828,0.732042,0.0255061,0.000815307,0.0188603,-0.999822,0.261316,0,0,0,DISABLED,0
11.1802,0.285526,-0.0099015,0,0.0143399,0.73207,0.0247035,-0.000427623,0.0187864,-0.999823,0.261542,0,0,0,DISABLED,0
11.2002,0.284579,-0.00999287,0,0.0124899,0.732099,0.0236179,-0.00227759,0.0187157,-0.999822,0.261856,0,0,0,DISABLED,0
11.2202,0.28399,-0.0100292,0,0.0109823,0.732116,0.0228325,-0.00378523,0.0186876,-0.999818,0.262092,0,0,0,DISABLED,0
11.2402,0.283007,-0.0100555,0,0.00967165,0.732143,0.0222159,-0.00509585,0.018671,-0.999813,0.262285,0,0,0,DISABLED,0
11.2602,0.282144,-0.0100521,0,0.00827799,0.732166,0.0216341,-0.00648951,0.0186585,-0.999805,0.262481,0,0,0,DISABLED,0
11.2802,0.281394,-0.0100302,0,0.00695166,0.732185,0.0211577,-0.00781585,0.0186519,-0.999795,0.262652,0,0,0,DISABLED,0
11.3002,0.280681,-0.00998733,0,0.0055709,0.732201,0.0207451,-0.00919661,0.0186502,-0.999784,0.262813,0,0,0,DISABLED,0
11.3202,0.280007,-0.00992233,0,0.00438937,0.732214,0.0204587,-0.0103781,0.0186511,-0.999772,0.262939,0,0,0,DISABLED,0
11.3402,0.279373,-0.00983851,0,0.0032813,0.732224,0.0202508,-0.0114862,0.018652,-0.99976,0.263048,0,0,0,DISABLED,0
11.3602,0.278782,-0.00974265,0,0.00224826,0.732231,0.020109,-0.0125192,0.0186525,-0.999748,0.263145,0,0,0,DISABLED,0
11.3802,0.278291,-0.00965195,0,0.00138689,0.732235,0.0200318,-0.0133806,0.018652,-0.999736,0.263224,0,0,0,DISABLED,0
11.4002,0.277841,-0.00956009,0,0.000593768,0.732237,0.0199871,-0.0141737,0.0186513,-0.999726,0.263298,0,0,0,DISABLED,0
11.4202,0.277303,-0.00943998,0,-0.000275321,0.732239,0.0199781,-0.0150428,0.0186495,-0.999713,0.263383,0,0,0,DISABLED,0
11.4402,0.276946,-0.00935454,0,-0.000967486,0.732241,0.019996,-0.015735,0.0186443,-0.999702,0.263461,0,0,0,DISABLED,0
11.4602,0.276595,-0.00926622,0,-0.00162628,0.732243,0.0200288,-0.0163938,0.0186353,-0.999692,0.263548,0,0,0,DISABLED,0
11.4802,0.276293,-0.00918666,0,-0.00209006,0.732244,0.0200645,-0.0168576,0.0186262,-0.999684,0.263621,0,0,0,DISABLED,0
11.5002,0.276014,-0.0091121,0,-0.0025696,0.732246,0.020109,-0.0173371,0.0186136,-0.999676,0.263715,0,0,0,DISABLED,0
11.5202,0.275805,-0.00905669,0,-0.00292382,0.732248,0.0201445,-0.0176913,0.0186008,-0.99967,0.263802,0,0,0,DISABLED,0
11.5402,0.275636,-0.00901285,0,-0.00320656,0.73225,0.0201711,-0.0179741,0.018586,-0.999666,0.263895,0,0,0,DISABLED,0
11.5602,0.275504,-0.00898007,0,-0.00342711,0.732252,0.0201918,-0.0181946,0.0185703,-0.999662,0.263993,0,0,0,DISABLED,0
11.5802,0.275406,-0.00895883,0,-0.00359538,0.732254,0.0202066,-0.0183629,0.0185557,-0.999659,0.264101,0,0,0,DISABLED,0
11.6002,0.275339,-0.00894972,0,-0.00371835,0.732254,0.0202184,-0.0184859,0.0185423,-0.999657,0.26422,0,0,0,DISABLED,0
11.6202,0.275302,-0.00894835,0,-0.00379287,0.732255,0.0202184,-0.0185604,0.0185287,-0.999656,0.264336,0,0,0,DISABLED,0
11.6402,0.275283,-0.00894841,0,-0.00384162,0.732255,0.0202066,-0.0186091,0.018509,-0.999655,0.264491,0,0,0,DISABLED,0
11.6602,0.275282,-0.00894859,0,-0.0038602,0.732254,0.0201918,-0.0186277,0.018491,-0.999655,0.264627,0,0,0,DISABLED,0
11.6802,0.27529,-0.00894876,0,-0.00387084,0.732252,0.0201741,-0.0186383,0.0184697,-0.999656,0.264789,0,0,0,DISABLED,0
11.7002,0.275307,-0.00894892,0,-0.00387502,0.73225,0.0201504,-0.0186425,0.0184454,-0.999656,0.264975,0,0,0,DISABLED,0
11.7202,0.275329,-0.00894905,0,-0.00387376,0.732247,0.0201268,-0.0186413,0.0184227,-0.999656,0.265149,0,0,0,DISABLED,0
11.7402,0.275352,-0.00894916,0,-0.00386942,0.732244,0.020106,-0.0186369,0.0184018,-0.999657,0.265309,0,0,0,DISABLED,0
11.7602,0.27538,-0.00894926,0,-0.00386087,0.732241,0.0200823,-0.0186284,0.0183758,-0.999658,0.265506,0,0,0,DISABLED,0
11.7802,0.275409,-0.00894936,0,-0.00385172,0.732238,0.0200556,-0.0186192,0.018354,-0.999658,0.265667,0,0,0,DISABLED,0
11.8002,0.27544,-0.00894947,0,-0.00383852,0.732235,0.0200288,-0.018606,0.018327,-0.999659,0.265863,0,0,0,DISABLED,0
11.8202,0.275474,-0.00894959,0,-0.00382507,0.732231,0.020002,-0.0185926,0.0183022,-0.99966,0.266041,0,0,0,DISABLED,0
11.8402,0.275506,-0.00894971,0,-0.00381059,0.732228,0.0199722,-0.0185781,0.018277,-0.99966,0.266217,0,0,0,DISABLED,0
11.8602,0.275537,-0.00894984,0,-0.00380151,0.732224,0.0199572,-0.018569,0.0182618,-0.999661,0.266321,0,0,0,DISABLED,0
11.8802,0.275568,-0.00894998,0,-0.0037794,0.732221,0.0199154,-0.0185469,0.018226,-0.999662,0.266562,0,0,0,DISABLED,0
11.9002,0.275599,-0.00895014,0,-0.00376294,0.732218,0.0198884,-0.0185304,0.0182002,-0.999663,0.266732,0,0,0,DISABLED,0
11.9202,0.275626,-0.00895029,0,-0.00374791,0.732216,0.0198614,-0.0185154,0.0181768,-0.999663,0.266883,0,0,0,DISABLED,0
11.9402,0.275662,-0.00895053,0,-0.00372774,0.732212,0.0198254,-0.0184952,0.0181455,-0.999664,0.267082,0,0,0,DISABLED,0
11.9602,0.275685,-0.00895071,0,-0.00371421,0.73221,0.0198043,-0.0184817,0.0181245,-0.999665,0.267213,0,0,0,DISABLED,0
11.9802,0.275713,-0.00895094,0,-0.00369549,0.732207,0.0197712,-0.018463,0.0180956,-0.999666,0.267391,0,0,0,DISABLED,0
12.0002,0.275744,-0.00895121,0,-0.00368014,0.732205,0.0197471,-0.0184476,0.0180718,-0.999667,0.267535,0,0,0,DISABLED,0
12.0202,0.275768,-0.00895146,0,-0.00366311,0.732202,0.0197168,-0.0184306,0.0180453,-0.999667,0.267693,0,0,0,DISABLED,0
12.0402,0.275797,-0.00895177,0,-0.0036444,0.7322,0.0196836,-0.0184119,0.0180161,-0.999668,0.267865,0,0,0,DISABLED,0
12.0602,0.27582,-0.00895205,0,-0.00362752,0.732198,0.0196563,-0.018395,0.0179896,-0.999669,0.268019,0,0,0,DISABLED,0
12.0802,0.275847,-0.00895242,0,-0.00361077,0.732195,0.0196259,-0.0183783,0.017963,-0.99967,0.268172,0,0,0,DISABLED,0
12.1002,0.275872,-0.00895277,0,-0.00359417,0.732193,0.0195986,-0.0183617,0.0179365,-0.999671,0.268324,0,0,0,DISABLED,0
12.1202,0.275893,-0.0089531,0,-0.0035777,0.732191,0.0195681,-0.0183452,0.0179099,-0.999671,0.268474,0,0,0,DISABLED,0
12.1402,0.275919,-0.00895362,0,-0.00356299,0.732189,0.0195407,-0.0183305,0.017886,-0.999672,0.268608,0,0,0,DISABLED,0
12.1602,0.275939,-0.00895423,0,-0.00354679,0.732188,0.0195132,-0.0183143,0.0178594,-0.999673,0.268756,0,0,0,DISABLED,0
12.1802,0.275959,-0.00895508,0,-0.00353076,0.732186,0.0194827,-0.0182983,0.0178326,-0.999674,0.268903,0,0,0,DISABLED,0
12.2002,0.275985,-0.00895665,0,-0.00351347,0.732184,0.019452,-0.018281,0.017803,-0.999674,0.269064,0,0,0,DISABLED,0
12.2202,0.276006,-0.00895839,0,-0.00349815,0.732182,0.0194214,-0.0182656,0.017776,-0.999675,0.26921,0,0,0,DISABLED,0
12.2402,0.276025,-0.0089603,0,-0.0034832,0.732181,0.0193937,-0.0182507,0.0177488,-0.999676,0.269356,0,0,0,DISABLED,0
12.2602,0.276047,-0.00896308,0,-0.00346864,0.732179,0.019363,-0.0182361,0.0177216,-0.999677,0.269501,0,0,0,DISABLED,0
12.2802,0.276067,-0.00896601,0,-0.00345444,0.732178,0.0193353,-0.0182219,0.0176943,-0.999677,0.269646,0,0,0,DISABLED,0
12.3002,0.276086,-0.0089693,0,-0.00344061,0.732177,0.0193044,-0.0182081,0.0176669,-0.999678,0.26979,0,0,0,DISABLED,0
12.3202,0.276103,-0.00897256,0,-0.00342847,0.732176,0.0192766,-0.018196,0.0176422,-0.999679,0.26992,0,0,0,DISABLED,0
12.3402,0.276124,-0.00897694,0,-0.00341403,0.732174,0.0192456,-0.0181815,0.0176119,-0.99968,0.270078,0,0,0,DISABLED,0
12.3602,0.276142,-0.00898128,0,-0.00340253,0.732173,0.0192208,-0.01817,0.017587,-0.99968,0.270206,0,0,0,DISABLED,0
12.3802,0.276159,-0.00898594,0,-0.00338886,0.732172,0.0191867,-0.0181564,0.0175566,-0.999681,0.270363,0,0,0,DISABLED,0
12.4002,0.276177,-0.00899094,0,-0.00337677,0.732171,0.0191587,-0.0181443,0.0175289,-0.999682,0.270505,0,0,0,DISABLED,0
12.4202,0.276192,-0.00899571,0,-0.00336502,0.73217,0.0191276,-0.0181325,0.0175012,-0.999682,0.270646,0,0,0,DISABLED,0
12.4402,0.276211,-0.00900187,0,-0.0033536,0.732169,0.0190995,-0.0181211,0.0174734,-0.999683,0.270788,0,0,0,DISABLED,0
12.4602,0.276224,-0.00900658,0,-0.00334359,0.732168,0.0190714,-0.0181111,0.0174484,-0.999684,0.270914,0,0,0,DISABLED,0
12.4802,0.276243,-0.00901396,0,-0.00333166,0.732167,0.0190401,-0.0180992,0.0174178,-0.999684,0.271068,0,0,0,DISABLED,0
12.5002,0.276259,-0.00902039,0,-0.00332114,0.732166,0.0190088,-0.0180886,0.01739,-0.999685,0.271208,0,0,0,DISABLED,0
12.5202,0.276273,-0.0090264,0,-0.00331193,0.732165,0.0189837,-0.0180794,0.0173649,-0.999686,0.271333,0,0,0,DISABLED,0
12.5402,0.276289,-0.00903403,0,-0.00330098,0.732165,0.0189523,-0.0180685,0.0173343,-0.999686,0.271486,0,0,0,DISABLED,0
12.5602,0.276304,-0.00904122,0,-0.00329131,0.732164,0.0189239,-0.0180588,0.0173065,-0.999687,0.271624,0,0,0,DISABLED,0
12.5802,0.276319,-0.00904863,0,-0.00328191,0.732163,0.0188956,-0.0180494,0.0172787,-0.999688,0.271762,0,0,0,DISABLED,0
12.6002,0.276333,-0.00905628,0,-0.00327277,0.732162,0.018864,-0.0180403,0.0172509,-0.999688,0.271899,0,0,0,DISABLED,0
12.6202,0.276346,-0.00906334,0,-0.00326477,0.732162,0.0188419,-0.0180323,0.0172259,-0.999689,0.272022,0,0,0,DISABLED,0
12.6402,0.276361,-0.00907221,0,-0.00325524,0.732161,0.018807,-0.0180227,0.0171953,-0.99969,0.272173,0,0,0,DISABLED,0
12.6602,0.276375,-0.00908047,0,-0.00324682,0.73216,0.0187785,-0.0180143,0.0171675,-0.99969,0.272309,0,0,0,DISABLED,0
12.6802,0.276387,-0.00908808,0,-0.00323944,0.73216,0.0187531,-0.0180069,0.0171426,-0.999691,0.272431,0,0,0,DISABLED,0
12.7002,0.276398,-0.00909496,0,-0.00323305,0.732159,0.0187308,-0.0180005,0.0171204,-0.999691,0.272539,0,0,0,DISABLED,0
12.7202,0.276415,-0.00910639,0,-0.00322292,0.732158,0.0186926,-0.0179904,0.0170845,-0.999692,0.272714,0,0,0,DISABLED,0
12.7402,0.276428,-0.00911538,0,-0.00321536,0.732158,0.0186639,-0.0179829,0.0170568,-0.999693,0.272849,0,0,0,DISABLED,0
12.7602,0.276434,-0.00911995,0,-0.00321166,0.732158,0.0186511,-0.0179792,0.017043,-0.999693,0.272916,0,0,0,DISABLED,0
12.7802,0.276453,-0.0091339,0,-0.0032016,0.732157,0.0186095,-0.0179691,0.0170044,-0.999694,0.273103,0,0,0,DISABLED,0
12.8002,0.276465,-0.00914245,0,-0.0031946,0.732156,0.0185806,-0.0179621,0.0169769,-0.999695,0.273236,0,0,0,DISABLED,0
12.8202,0.276478,-0.00915308,0,-0.00318777,0.732156,0.018555,-0.0179553,0.0169494,-0.999695,0.27337,0,0,0,DISABLED,0
12.8402,0.27649,-0.00916293,0,-0.00318052,0.732155,0.0185228,-0.017948,0.0169192,-0.999696,0.273516,0,0,0,DISABLED,0
12.8602,0.276502,-0.00917292,0,-0.00317411,0.732155,0.018497,-0.0179416,0.0168918,-0.999696,0.273648,0,0,0,DISABLED,0
12.8802,0.276514,-0.00918303,0,-0.00316849,0.732154,0.0184712,-0.017936,0.0168672,-0.999697,0.273767,0,0,0,DISABLED,0
12.9002,0.276525,-0.00919224,0,-0.00316239,0.732154,0.0184389,-0.0179299,0.0168399,-0.999697,0.273898,0,0,0,DISABLED,0
12.9202,0.276538,-0.00920362,0,-0.00315586,0.732154,0.0184098,-0.0179234,0.0168099,-0.999698,0.274042,0,0,0,DISABLED,0
12.9402,0.276548,-0.00921305,0,-0.00315065,0.732153,0.0183839,-0.0179182,0.0167854,-0.999699,0.27416,0,0,0,DISABLED,0
12.9602,0.27656,-0.00922471,0,-0.00314446,0.732153,0.0183547,-0.017912,0.0167555,-0.999699,0.274303,0,0,0,DISABLED,0
12.9802,0.27657,-0.00923436,0,-0.00313953,0.732152,0.018332,-0.017907,0.0167311,-0.9997,0.27442,0,0,0,DISABLED,0
13.0002,0.276583,-0.00924629,0,-0.00313365,0.732152,0.0182994,-0.0179011,0.0167014,-0.9997,0.274563,0,0,0,DISABLED,0
13.0202,0.276594,-0.00925724,0,-0.00312844,0.732151,0.0182733,-0.0178959,0.0166744,-0.999701,0.274693,0,0,0,DISABLED,0
13.0402,0.276601,-0.00926496,0,-0.00312488,0.732151,0.0182537,-0.0178924,0.0166556,-0.999701,0.274783,0,0,0,DISABLED,0
13.0602,0.276616,-0.00927944,0,-0.00311842,0.732151,0.0182178,-0.0178859,0.0166206,-0.999702,0.27495,0,0,0,DISABLED,0
13.0802,0.276626,-0.00929068,0,-0.00311405,0.73215,0.0181949,-0.0178816,0.0165964,-0.999702,0.275066,0,0,0,DISABLED,0
13.1002,0.276636,-0.0093009,0,-0.00310886,0.73215,0.0181654,-0.0178764,0.016567,-0.999703,0.275207,0,0,0,DISABLED,0
13.1202,0.276648,-0.0093135,0,-0.00310429,0.73215,0.0181358,-0.0178718,0.0165403,-0.999703,0.275334,0,0,0,DISABLED,0
13.1402,0.276657,-0.00932388,0,-0.00310028,0.732149,0.0181128,-0.0178678,0.0165163,-0.999704,0.275449,0,0,0,DISABLED,0
13.1602,0.276665,-0.00933316,0,-0.00309678,0.732149,0.0180897,-0.0178643,0.016495,-0.999704,0.275551,0,0,0,DISABLED,0
13.1802,0.276679,-0.00934834,0,-0.00309164,0.732148,0.0180601,-0.0178591,0.0164632,-0.999705,0.275703,0,0,0,DISABLED,0
13.2002,0.276689,-0.0093601,0,-0.00308705,0.732148,0.018027,-0.0178546,0.016434,-0.999706,0.275842,0,0,0,DISABLED,0
13.2202,0.276696,-0.0093684,0,-0.0030846,0.732148,0.0180105,-0.0178521,0.0164182,-0.999706,0.275918,0,0,0,DISABLED,0
13.2402,0.27671,-0.00938391,0,-0.00307903,0.732147,0.0179773,-0.0178465,0.0163812,-0.999707,0.276094,0,0,0,DISABLED,0
13.2602,0.276719,-0.0093947,0,-0.00307516,0.732147,0.0179475,-0.0178427,0.0163549,-0.999707,0.27622,0,0,0,DISABLED,0
13.2802,0.27673,-0.00940799,0,-0.00307137,0.732147,0.0179242,-0.0178389,0.0163287,-0.999708,0.276345,0,0,0,DISABLED,0
13.3002,0.276739,-0.00941891,0,-0.00306805,0.732146,0.0178976,-0.0178356,0.0163052,-0.999708,0.276457,0,0,0,DISABLED,0
13.3202,0.276748,-0.00942987,0,-0.0030648,0.732146,0.0178743,-0.0178323,0.0162817,-0.999708,0.27657,0,0,0,DISABLED,0
13.3402,0.276758,-0.00944334,0,-0.00306088,0.732146,0.0178442,-0.0178284,0.016253,-0.999709,0.276706,0,0,0,DISABLED,0
13.3602,0.276769,-0.00945687,0,-0.00305705,0.732145,0.0178175,-0.0178246,0.0162244,-0.999709,0.276843,0,0,0,DISABLED,0
13.3802,0.276779,-0.00946924,0,-0.00305366,0.732145,0.0177907,-0.0178212,0.0161985,-0.99971,0.276967,0,0,0,DISABLED,0
13.4002,0.276789,-0.00948166,0,-0.00305068,0.732145,0.0177672,-0.0178182,0.0161752,-0.99971,0.277078,0,0,0,DISABLED,0
13.4202,0.276798,-0.00949413,0,-0.00304743,0.732144,0.0177404,-0.0178149,0.0161494,-0.999711,0.277201,0,0,0,DISABLED,0
13.4402,0.276807,-0.00950539,0,-0.00304392,0.732144,0.0177135,-0.0178114,0.0161211,-0.999711,0.277336,0,0,0,DISABLED,0
13.4602,0.276818,-0.00951922,0,-0.00304078,0.732143,0.0176865,-0.0178083,0.0160954,-0.999712,0.277459,0,0,0,DISABLED,0
13.4802,0.276826,-0.00953058,0,-0.00303803,0.732143,0.0176629,-0.0178055,0.0160724,-0.999712,0.277569,0,0,0,DISABLED,0
13.5002,0.276836,-0.00954324,0,-0.00303503,0.732143,0.0176359,-0.0178025,0.0160468,-0.999713,0.277691,0,0,0,DISABLED,0
13.5202,0.276843,-0.0095534,0,-0.00303208,0.732143,0.0176122,-0.0177996,0.0160213,-0.999713,0.277813,0,0,0,DISABLED,0
13.5402,0.276855,-0.00956996,0,-0.00302917,0.732142,0.0175885,-0.0177967,0.0159958,-0.999714,0.277934,0,0,0,DISABLED,0
13.5602,0.276865,-0.00958276,0,-0.00302632,0.732142,0.0175614,-0.0177938,0.0159704,-0.999714,0.278055,0,0,0,DISABLED,0
13.5802,0.276873,-0.00959432,0,-0.00302353,0.732141,0.0175376,-0.017791,0.0159451,-0.999715,0.278176,0,0,0,DISABLED,0
13.6002,0.27688,-0.00960463,0,-0.00302132,0.732141,0.0175172,-0.0177888,0.0159248,-0.999715,0.278273,0,0,0,DISABLED,0
13.6202,0.276892,-0.00962141,0,-0.0030178,0.732141,0.0174831,-0.0177853,0.0158921,-0.999716,0.278429,0,0,0,DISABLED,0
13.6402,0.276902,-0.00963436,0,-0.00301515,0.73214,0.0174558,-0.0177827,0.0158669,-0.999716,0.278549,0,0,0,DISABLED,0
13.6602,0.27691,-0.00964604,0,-0.00301282,0.73214,0.0174353,-0.0177803,0.0158443,-0.999716,0.278657,0,0,0,DISABLED,0
13.6802,0.27692,-0.00966035,0,-0.00301002,0.73214,0.0174046,-0.0177775,0.0158168,-0.999717,0.278789,0,0,0,DISABLED,0
13.7002,0.276929,-0.00967338,0,-0.00300751,0.732139,0.0173806,-0.017775,0.0157919,-0.999717,0.278908,0,0,0,DISABLED,0
13.7202,0.276937,-0.00968513,0,-0.00300528,0.732139,0.0173565,-0.0177728,0.0157695,-0.999718,0.279015,0,0,0,DISABLED,0
13.7402,0.276947,-0.00969952,0,-0.00300261,0.732139,0.0173325,-0.0177701,0.0157421,-0.999718,0.279146,0,0,0,DISABLED,0
13.7602,0.276955,-0.00971131,0,-0.00300046,0.732139,0.0173118,-0.017768,0.0157198,-0.999719,0.279252,0,0,0,DISABLED,0
13.7802,0.276964,-0.00972443,0,-0.00299786,0.732138,0.0172843,-0.0177654,0.0156926,-0.999719,0.279382,0,0,0,DISABLED,0
13.8002,0.276974,-0.0097389,0,-0.00299555,0.732138,0.0172601,-0.017763,0.015668,-0.999719,0.2795,0,0,0,DISABLED,0
13.8202,0.276982,-0.00975207,0,-0.00299326,0.732138,0.0172359,-0.0177608,0.0156434,-0.99972,0.279618,0,0,0,DISABLED,0
13.8402,0.27699,-0.00976263,0,-0.00299146,0.732137,0.0172152,-0.017759,0.0156237,-0.99972,0.279711,0,0,0,DISABLED,0
13.8602,0.276999,-0.00977717,0,-0.00298879,0.732137,0.017184,-0.0177563,0.0155943,-0.999721,0.279852,0,0,0,DISABLED,0
13.8802,0.277009,-0.00979175,0,-0.00298658,0.732137,0.0171597,-0.0177541,0.0155698,-0.999721,0.279969,0,0,0,DISABLED,0
13.9002,0.277017,-0.00980371,0,-0.00298462,0.732136,0.0171388,-0.0177521,0.0155479,-0.999722,0.280074,0,0,0,DISABLED,0
13.9202,0.277025,-0.00981701,0,-0.00298248,0.732136,0.0171144,-0.01775,0.0155235,-0.999722,0.28019,0,0,0,DISABLED,0
13.9402,0.277035,-0.00983164,0,-0.00298015,0.732136,0.0170866,-0.0177477,0.0154968,-0.999722,0.280318,0,0,0,DISABLED,0
13.9602,0.277043,-0.00984363,0,-0.00297827,0.732135,0.0170656,-0.0177458,0.015475,-0.999723,0.280422,0,0,0,DISABLED,0
13.9802,0.277051,-0.00985696,0,-0.00297599,0.732135,0.0170412,-0.0177435,0.0154484,-0.999723,0.280549,0,0,0,DISABLED,0
14.0002,0.27706,-0.00987031,0,-0.00297396,0.732135,0.0170166,-0.0177415,0.0154243,-0.999724,0.280665,0,0,0,DISABLED,0
14.0202,0.277069,-0.009885,0,-0.00297195,0.732134,0.0169886,-0.0177394,0.0154003,-0.999724,0.28078,0,0,0,DISABLED,0
14.0402,0.277078,-0.00989835,0,-0.00296996,0.732134,0.016964,-0.0177375,0.0153763,-0.999724,0.280895,0,0,0,DISABLED,0
14.0602,0.277086,-0.0099104,0,-0.00296799,0.732134,0.0169394,-0.0177355,0.0153523,-0.999725,0.281009,0,0,0,DISABLED,0
14.0802,0.277094,-0.0099238,0,-0.00296623,0.732133,0.0169183,-0.0177337,0.0153308,-0.999725,0.281112,0,0,0,DISABLED,0
14.1002,0.277103,-0.00993855,0,-0.00296409,0.732133,0.0168936,-0.0177316,0.0153045,-0.999726,0.281238,0,0,0,DISABLED,0
14.1202,0.277109,-0.00994795,0,-0.00296254,0.732133,0.016876,-0.01773,0.0152855,-0.999726,0.281329,0,0,0,DISABLED,0
14.1402,0.27712,-0.0099654,0,-0.00296025,0.732132,0.0168477,-0.0177278,0.0152569,-0.999726,0.281465,0,0,0,DISABLED,0
14.1602,0.277129,-0.00997883,0,-0.00295836,0.732132,0.0168229,-0.0177259,0.0152333,-0.999727,0.281579,0,0,0,DISABLED,0
14.1802,0.277136,-0.0099909,0,-0.00295668,0.732132,0.0168016,-0.0177242,0.015212,-0.999727,0.28168,0,0,0,DISABLED,0
14.2002,0.277144,-0.0100043,0,-0.00295484,0.732131,0.0167768,-0.0177223,0.0151884,-0.999728,0.281793,0,0,0,DISABLED,0
14.2202,0.277154,-0.0100191,0,-0.00295282,0.732131,0.0167519,-0.0177203,0.0151626,-0.999728,0.281916,0,0,0,DISABLED,0
14.2402,0.277162,-0.0100325,0,-0.002951,0.732131,0.0167305,-0.0177185,0.0151391,-0.999728,0.282029,0,0,0,DISABLED,0
14.2603,0.27717,-0.0100459,0,-0.00294919,0.73213,0.0167056,-0.0177167,0.0151158,-0.999729,0.282141,0,0,0,DISABLED,0
14.2803,0.277178,-0.0100593,0,-0.00294741,0.73213,0.0166877,-0.0177149,0.0150924,-0.999729,0.282252,0,0,0,DISABLED,0
14.3003,0.277186,-0.0100714,0,-0.00294582,0.73213,0.0166663,-0.0177133,0.0150715,-0.99973,0.282353,0,0,0,DISABLED,0
14.3203,0.277194,-0.0100848,0,-0.00294387,0.73213,0.0166412,-0.0177114,0.0150459,-0.99973,0.282475,0,0,0,DISABLED,0
14.3403,0.277203,-0.0100996,0,-0.00294212,0.732129,0.0166161,-0.0177096,0.0150227,-0.99973,0.282586,0,0,0,DISABLED,0
14.3603,0.27721,-0.0101116,0,-0.00294055,0.732129,0.0165946,-0.0177081,0.0150019,-0.999731,0.282686,0,0,0,DISABLED,0
14.3803,0.277219,-0.0101264,0,-0.00293864,0.732129,0.0165694,-0.0177061,0.0149765,-0.999731,0.282807,0,0,0,DISABLED,0
14.4003,0.277227,-0.0101398,0,-0.00293709,0.732128,0.0165478,-0.0177046,0.0149558,-0.999731,0.282906,0,0,0,DISABLED,0
14.4203,0.277234,-0.0101519,0,-0.00293538,0.732128,0.0165262,-0.0177029,0.0149327,-0.999732,0.283016,0,0,0,DISABLED,0
14.4403,0.277243,-0.0101667,0,-0.0029335,0.732128,0.0165009,-0.017701,0.0149075,-0.999732,0.283137,0,0,0,DISABLED,0
14.4603,0.277249,-0.010176,0,-0.00293231,0.732127,0.0164865,-0.0176998,0.0148915,-0.999732,0.283214,0,0,0,DISABLED,0
14.4803,0.277259,-0.0101935,0,-0.00293011,0.732127,0.0164575,-0.0176976,0.0148617,-0.999733,0.283356,0,0,0,DISABLED,0
14.5003,0.277267,-0.0102069,0,-0.00292859,0.732127,0.0164358,-0.0176961,0.0148412,-0.999733,0.283454,0,0,0,DISABLED,0
14.5203,0.277275,-0.0102203,0,-0.00292675,0.732126,0.0164104,-0.0176942,0.0148161,-0.999734,0.283574,0,0,0,DISABLED,0
14.5403,0.277283,-0.0102324,0,-0.00292509,0.732126,0.0163885,-0.0176926,0.0147935,-0.999734,0.283682,0,0,0,DISABLED,0
14.5603,0.277291,-0.0102458,0,-0.00292344,0.732126,0.0163631,-0.0176909,0.0147708,-0.999734,0.283791,0,0,0,DISABLED,0
14.5803,0.277299,-0.0102605,0,-0.00292178,0.732125,0.0163412,-0.0176893,0.0147482,-0.999735,0.283899,0,0,0,DISABLED,0
14.6003,0.277306,-0.0102712,0,-0.00292047,0.732125,0.0163229,-0.017688,0.0147301,-0.999735,0.283986,0,0,0,DISABLED,0
14.6203,0.277315,-0.0102873,0,-0.00291848,0.732125,0.0162974,-0.017686,0.014703,-0.999735,0.284115,0,0,0,DISABLED,0
14.6403,0.277322,-0.0102993,0,-0.00291684,0.732125,0.0162754,-0.0176843,0.0146806,-0.999736,0.284222,0,0,0,DISABLED,0
14.6603,0.277331,-0.010314,0,-0.0029152,0.732124,0.0162534,-0.0176827,0.0146581,-0.999736,0.284329,0,0,0,DISABLED,0
14.6803,0.277339,-0.0103274,0,-0.00291357,0.732124,0.0162314,-0.0176811,0.0146358,-0.999737,0.284436,0,0,0,DISABLED,0
14.7003,0.277346,-0.0103407,0,-0.00291196,0.732124,0.0162094,-0.0176795,0.0146135,-0.999737,0.284543,0,0,0,DISABLED,0
14.7203,0.277354,-0.010354,0,-0.00291033,0.732123,0.0161873,-0.0176778,0.0145912,-0.999737,0.284649,0,0,0,DISABLED,0
14.7403,0.277362,-0.0103673,0,-0.00290872,0.732123,0.0161652,-0.0176762,0.014569,-0.999738,0.284756,0,0,0,DISABLED,0
14.7603,0.27737,-0.0103806,0,-0.0029071,0.732123,0.016143,-0.0176746,0.0145468,-0.999738,0.284862,0,0,0,DISABLED,0
14.7803,0.277378,-0.0103939,0,-0.00290549,0.732122,0.0161172,-0.017673,0.0145247,-0.999738,0.284967,0,0,0,DISABLED,0
14.8003,0.277385,-0.0104072,0,-0.00290388,0.732122,0.0160949,-0.0176714,0.0145026,-0.999739,0.285073,0,0,0,DISABLED,0
14.8203,0.277393,-0.0104205,0,-0.00290228,0.732122,0.0160764,-0.0176698,0.0144805,-0.999739,0.285178,0,0,0,DISABLED,0
14.8403,0.2774,-0.0104324,0,-0.002901,0.732121,0.0160579,-0.0176685,0.0144629,-0.999739,0.285262,0,0,0,DISABLED,0
14.8603,0.277408,-0.010447,0,-0.00289907,0.732121,0.0160319,-0.0176666,0.0144366,-0.99974,0.285388,0,0,0,DISABLED,0
14.8803,0.277416,-0.0104602,0,-0.00289763,0.732121,0.0160133,-0.0176651,0.0144169,-0.99974,0.285482,0,0,0,DISABLED,0
14.9003,0.277424,-0.0104734,0,-0.00289586,0.732121,0.0159872,-0.0176634,0.0143928,-0.99974,0.285597,0,0,0,DISABLED,0
14.9203,0.277429,-0.0104827,0,-0.00289442,0.73212,0.0159685,-0.0176619,0.0143731,-0.999741,0.285691,0,0,0,DISABLED,0
14.9403,0.277439,-0.0104999,0,-0.00289267,0.73212,0.0159461,-0.0176602,0.0143492,-0.999741,0.285805,0,0,0,DISABLED,0
14.9603,0.277447,-0.0105131,0,-0.00289107,0.73212,0.0159237,-0.0176586,0.0143274,-0.999741,0.285909,0,0,0,DISABLED,0
14.9803,0.277454,-0.0105263,0,-0.00288948,0.732119,0.0159012,-0.017657,0.0143057,-0.999742,0.286012,0,0,0,DISABLED,0
15.0003,0.277462,-0.0105394,0,-0.00288789,0.732119,0.0158787,-0.0176554,0.0142841,-0.999742,0.286115,0,0,0,DISABLED,0
15.0203,0.277468,-0.0105513,0,-0.00288646,0.732119,0.0158599,-0.017654,0.0142647,-0.999742,0.286208,0,0,0,DISABLED,0
15.0403,0.277477,-0.0105657,0,-0.0028847,0.732118,0.0158373,-0.0176522,0.0142409,-0.999743,0.286321,0,0,0,DISABLED,0
15.0603,0.277484,-0.0105788,0,-0.00288311,0.732118,0.0158147,-0.0176506,0.0142194,-0.999743,0.286424,0,0,0,DISABLED,0
15.0803,0.277492,-0.010592,0,-0.00288152,0.732118,0.0157921,-0.017649,0.014198,-0.999743,0.286526,0,0,0,DISABLED,0
15.1003,0.277499,-0.010605,0,-0.00287993,0.732117,0.0157732,-0.0176474,0.0141765,-0.999744,0.286628,0,0,0,DISABLED,0
15.1203,0.277506,-0.0106168,0,-0.00287834,0.732117,0.0157505,-0.0176458,0.0141552,-0.999744,0.28673,0,0,0,DISABLED,0
15.1403,0.277514,-0.0106312,0,-0.00287691,0.732117,0.0157316,-0.0176444,0.014136,-0.999744,0.286821,0,0,0,DISABLED,0
15.1603,0.27752,-0.0106416,0,-0.00287548,0.732117,0.0157127,-0.017643,0.0141168,-0.999745,0.286913,0,0,0,DISABLED,0
15.1803,0.277528,-0.0106559,0,-0.00287372,0.732116,0.0156899,-0.0176412,0.0140934,-0.999745,0.287024,0,0,0,DISABLED,0
15.2003,0.277536,-0.0106702,0,-0.00287228,0.732116,0.0156709,-0.0176398,0.0140743,-0.999745,0.287115,0,0,0,DISABLED,0
15.2203,0.277544,-0.0106833,0,-0.00287036,0.732116,0.015648,-0.0176379,0.0140489,-0.999746,0.287236,0,0,0,DISABLED,0
15.2403,0.27755,-0.010695,0,-0.00286893,0.732115,0.0156252,-0.0176364,0.0140298,-0.999746,0.287326,0,0,0,DISABLED,0
15.2603,0.277559,-0.0107093,0,-0.00286718,0.732115,0.0156023,-0.0176347,0.0140066,-0.999746,0.287437,0,0,0,DISABLED,0
15.2803,0.277565,-0.0107209,0,-0.00286574,0.732115,0.0155831,-0.0176332,0.0139877,-0.999747,0.287527,0,0,0,DISABLED,0
15.3003,0.277573,-0.0107352,0,-0.00286399,0.732114,0.0155602,-0.0176315,0.0139646,-0.999747,0.287637,0,0,0,DISABLED,0
15.3203,0.27758,-0.0107468,0,-0.00286255,0.732114,0.015541,-0.0176301,0.0139457,-0.999747,0.287727,0,0,0,DISABLED,0
15.3403,0.277587,-0.0107597,0,-0.00286095,0.732114,0.0155218,-0.0176285,0.0139248,-0.999748,0.287826,0,0,0,DISABLED,0
15.3603,0.277595,-0.0107739,0,-0.00285935,0.732114,0.0155026,-0.0176269,0.0139039,-0.999748,0.287926,0,0,0,DISABLED,0
15.3803,0.277603,-0.0107868,0,-0.00285758,0.732113,0.0154795,-0.0176251,0.0138809,-0.999748,0.288035,0,0,0,DISABLED,0
15.4003,0.27761,-0.0107997,0,-0.00285614,0.732113,0.0154603,-0.0176236,0.0138622,-0.999749,0.288124,0,0,0,DISABLED,0
15.4203,0.277617,-0.0108125,0,-0.00285437,0.732113,0.0154371,-0.0176219,0.0138393,-0.999749,0.288232,0,0,0,DISABLED,0
15.4403,0.277624,-0.0108241,0,-0.00285277,0.732112,0.0154178,-0.0176203,0.0138186,-0.999749,0.288331,0,0,0,DISABLED,0
15.4603,0.277631,-0.0108369,0,-0.00285116,0.732112,0.0153984,-0.0176187,0.0137979,-0.99975,0.288429,0,0,0,DISABLED,0
15.4803,0.277639,-0.010851,0,-0.00284972,0.732112,0.0153791,-0.0176172,0.0137793,-0.99975,0.288517,0,0,0,DISABLED,0
15.5003,0.277646,-0.0108637,0,-0.00284795,0.732111,0.0153558,-0.0176155,0.0137566,-0.99975,0.288625,0,0,0,DISABLED,0
15.5203,0.277653,-0.0108765,0,-0.00284633,0.732111,0.0153325,-0.0176138,0.0137361,-0.99975,0.288722,0,0,0,DISABLED,0
15.5403,0.27766,-0.0108879,0,-0.00284472,0.732111,0.015313,-0.0176122,0.0137156,-0.999751,0.28882,0,0,0,DISABLED,0
15.5603,0.277667,-0.0109019,0,-0.00284311,0.732111,0.0152897,-0.0176106,0.0136951,-0.999751,0.288917,0,0,0,DISABLED,0
15.5803,0.277675,-0.0109146,0,-0.00284149,0.73211,0.0152702,-0.017609,0.0136747,-0.999751,0.289014,0,0,0,DISABLED,0
15.6003,0.277682,-0.0109273,0,-0.00283987,0.73211,0.0152506,-0.0176074,0.0136543,-0.999752,0.289111,0,0,0,DISABLED,0
15.6203,0.277689,-0.0109399,0,-0.00283825,0.73211,0.0152311,-0.0176058,0.0136339,-0.999752,0.289207,0,0,0,DISABLED,0
15.6403,0.277696,-0.0109526,0,-0.00283663,0.732109,0.0152115,-0.0176041,0.0136136,-0.999752,0.289303,0,0,0,DISABLED,0
15.6603,0.277703,-0.0109652,0,-0.00283517,0.732109,0.0151919,-0.0176027,0.0135954,-0.999753,0.289389,0,0,0,DISABLED,0
15.6803,0.277709,-0.0109765,0,-0.00283355,0.732109,0.0151723,-0.0176011,0.0135751,-0.999753,0.289485,0,0,0,DISABLED,0
15.7003,0.277717,-0.0109903,0,-0.00283175,0.732108,0.0151526,-0.0175993,0.0135529,-0.999753,0.28959,0,0,0,DISABLED,0
15.7203,0.277725,-0.0110041,0,-0.00282996,0.732108,0.015129,-0.0175975,0.0135308,-0.999754,0.289695,0,0,0,DISABLED,0
15.7403,0.277731,-0.0110154,0,-0.00282865,0.732108,0.0151132,-0.0175962,0.0135147,-0.999754,0.289772,0,0,0,DISABLED,0
15.7603,0.277738,-0.0110279,0,-0.00282686,0.732108,0.0150895,-0.0175944,0.0134926,-0.999754,0.289876,0,0,0,DISABLED,0
15.7803,0.277745,-0.0110404,0,-0.00282523,0.732107,0.0150698,-0.0175927,0.0134725,-0.999754,0.289971,0,0,0,DISABLED,0
15.8003,0.277751,-0.0110516,0,-0.00282375,0.732107,0.0150539,-0.0175913,0.0134546,-0.999755,0.290056,0,0,0,DISABLED,0
15.8203,0.277759,-0.0110653,0,-0.00282195,0.732107,0.0150302,-0.0175894,0.0134326,-0.999755,0.29016,0,0,0,DISABLED,0
15.8403,0.277765,-0.0110765,0,-0.0028203,0.732106,0.0150103,-0.0175878,0.0134127,-0.999755,0.290254,0,0,0,DISABLED,0
15.8603,0.277773,-0.0110902,0,-0.00281865,0.732106,0.0149944,-0.0175862,0.0133928,-0.999756,0.290348,0,0,0,DISABLED,0
15.8803,0.27778,-0.0111026,0,-0.00281701,0.732106,0.0149745,-0.0175845,0.0133729,-0.999756,0.290442,0,0,0,DISABLED,0
15.9003,0.277787,-0.011115,0,-0.00281536,0.732106,0.0149546,-0.0175829,0.0133531,-0.999756,0.290535,0,0,0,DISABLED,0
15.9203,0.277794,-0.0111273,0,-0.00281371,0.732105,0.0149347,-0.0175812,0.0133334,-0.999757,0.290629,0,0,0,DISABLED,0
15.9403,0.277801,-0.0111396,0,-0.00281206,0.732105,0.0149147,-0.0175796,0.0133136,-0.999757,0.290722,0,0,0,DISABLED,0
15.9603,0.277807,-0.0111507,0,-0.00281057,0.732105,0.0148947,-0.0175781,0.0132959,-0.999757,0.290806,0,0,0,DISABLED,0
15.9803,0.277814,-0.0111642,0,-0.00280891,0.732104,0.0148747,-0.0175764,0.0132763,-0.999757,0.290898,0,0,0,DISABLED,0
16.0003,0.27782,-0.0111741,0,-0.00280758,0.732104,0.0148587,-0.0175751,0.0132606,-0.999758,0.290972,0,0,0,DISABLED,0
16.0203,0.277828,-0.0111888,0,-0.00280558,0.732104,0.0148346,-0.0175731,0.0132371,-0.999758,0.291083,0,0,0,DISABLED,0
16.0403,0.277835,-0.011201,0,-0.0028039,0.732103,0.0148145,-0.0175714,0.0132175,-0.999758,0.291175,0,0,0,DISABLED,0
16.0603,0.277842,-0.0112132,0,-0.00280207,0.732103,0.0147943,-0.0175696,0.013196,-0.999759,0.291276,0,0,0,DISABLED,0
16.0803,0.277849,-0.0112266,0,-0.00280024,0.732103,0.0147701,-0.0175677,0.0131746,-0.999759,0.291377,0,0,0,DISABLED,0
16.1003,0.277855,-0.0112364,0,-0.00279875,0.732103,0.014754,-0.0175663,0.0131571,-0.999759,0.29146,0,0,0,DISABLED,0
16.1203,0.277862,-0.0112497,0,-0.00279708,0.732102,0.0147338,-0.0175646,0.0131378,-0.999759,0.291551,0,0,0,DISABLED,0
16.1403,0.277869,-0.0112619,0,-0.00279541,0.732102,0.0147176,-0.0175629,0.0131184,-0.99976,0.291642,0,0,0,DISABLED,0
16.1603,0.277876,-0.011274,0,-0.00279373,0.732102,0.0146973,-0.0175612,0.0130991,-0.99976,0.291733,0,0,0,DISABLED,0
16.1803,0.277882,-0.011286,0,-0.00279206,0.732101,0.014677,-0.0175596,0.0130799,-0.99976,0.291824,0,0,0,DISABLED,0
16.2003,0.277889,-0.011298,0,-0.00279038,0.732101,0.0146567,-0.0175579,0.0130607,-0.999761,0.291914,0,0,0,DISABLED,0
16.2203,0.277895,-0.0113089,0,-0.00278871,0.732101,0.0146404,-0.0175562,0.0130415,-0.999761,0.292004,0,0,0,DISABLED,0
16.2403,0.277902,-0.0113209,0,-0.0027872,0.732101,0.0146241,-0.0175547,0.0130243,-0.999761,0.292086,0,0,0,DISABLED,0
16.2603,0.277908,-0.0113316,0,-0.00278568,0.7321,0.0146037,-0.0175532,0.0130071,-0.999761,0.292167,0,0,0,DISABLED,0
16.2803,0.277916,-0.011346,0,-0.00278365,0.7321,0.0145833,-0.0175512,0.0129842,-0.999762,0.292274,0,0,0,DISABLED,0
16.3003,0.277922,-0.0113579,0,-0.00278197,0.7321,0.0145629,-0.0175495,0.0129651,-0.999762,0.292364,0,0,0,DISABLED,0
16.3203,0.277929,-0.0113698,0,-0.00278028,0.732099,0.0145424,-0.0175478,0.0129461,-0.999762,0.292453,0,0,0,DISABLED,0
16.3403,0.277936,-0.0113817,0,-0.0027786,0.732099,0.014526,-0.0175461,0.0129272,-0.999762,0.292542,0,0,0,DISABLED,0
16.3603,0.277941,-0.0113912,0,-0.00277725,0.732099,0.0145096,-0.0175448,0.012912,-0.999763,0.292613,0,0,0,DISABLED,0
16.3803,0.277949,-0.0114055,0,-0.00277522,0.732099,0.014489,-0.0175427,0.0128893,-0.999763,0.29272,0,0,0,DISABLED,0
16.4003,0.277956,-0.0114173,0,-0.00277352,0.732098,0.0144684,-0.017541,0.0128705,-0.999763,0.292808,0,0,0,DISABLED,0
16.4203,0.277961,-0.0114279,0,-0.00277199,0.732098,0.0144519,-0.0175395,0.0128535,-0.999764,0.292888,0,0,0,DISABLED,0
16.4403,0.277968,-0.0114397,0,-0.0027703,0.732098,0.0144313,-0.0175378,0.0128347,-0.999764,0.292976,0,0,0,DISABLED,0
16.4603,0.277975,-0.0114527,0,-0.00276843,0.732097,0.0144106,-0.0175359,0.0128141,-0.999764,0.293073,0,0,0,DISABLED,0
16.4803,0.277982,-0.0114645,0,-0.00276673,0.732097,0.0143941,-0.0175342,0.0127954,-0.999764,0.293161,0,0,0,DISABLED,0
16.5003,0.277987,-0.0114738,0,-0.00276537,0.732097,0.0143775,-0.0175329,0.0127804,-0.999765,0.293231,0,0,0,DISABLED,0
16.5203,0.277994,-0.0114856,0,-0.00276384,0.732097,0.0143609,-0.0175313,0.0127636,-0.999765,0.29331,0,0,0,DISABLED,0
16.5403,0.278001,-0.0114996,0,-0.00276161,0.732096,0.014336,-0.0175291,0.0127394,-0.999765,0.293423,0,0,0,DISABLED,0
16.5603,0.278008,-0.0115113,0,-0.00275989,0.732096,0.0143193,-0.0175274,0.0127208,-0.999765,0.29351,0,0,0,DISABLED,0
16.5803,0.278014,-0.011523,0,-0.00275819,0.732096,0.0142985,-0.0175257,0.0127022,-0.999766,0.293597,0,0,0,DISABLED,0
16.6003,0.278021,-0.0115346,0,-0.00275649,0.732095,0.0142818,-0.017524,0.0126837,-0.999766,0.293684,0,0,0,DISABLED,0
16.6203,0.278027,-0.0115462,0,-0.00275478,0.732095,0.0142651,-0.0175223,0.0126653,-0.999766,0.29377,0,0,0,DISABLED,0
16.6403,0.278034,-0.0115578,0,-0.00275324,0.732095,0.0142484,-0.0175207,0.0126487,-0.999766,0.293848,0,0,0,DISABLED,0
16.6603,0.27804,-0.0115693,0,-0.00275153,0.732095,0.0142275,-0.017519,0.0126303,-0.999767,0.293934,0,0,0,DISABLED,0
16.6803,0.278046,-0.0115797,0,-0.00274981,0.732094,0.0142107,-0.0175173,0.0126119,-0.999767,0.29402,0,0,0,DISABLED,0
16.7003,0.278053,-0.0115924,0,-0.00274792,0.732094,0.0141897,-0.0175154,0.0125917,-0.999767,0.294114,0,0,0,DISABLED,0
16.7203,0.278059,-0.0116039,0,-0.00274621,0.732094,0.0141729,-0.0175137,0.0125734,-0.999768,0.2942,0,0,0,DISABLED,0
16.7403,0.278065,-0.0116142,0,-0.0027445,0.732094,0.0141519,-0.017512,0.0125552,-0.999768,0.294285,0,0,0,DISABLED,0
16.7603,0.278072,-0.0116257,0,-0.00274296,0.732093,0.014135,-0.0175105,0.0125388,-0.999768,0.294362,0,0,0,DISABLED,0
16.7803,0.278079,-0.0116382,0,-0.00274124,0.732093,0.0141181,-0.0175087,0.0125206,-0.999768,0.294447,0,0,0,DISABLED,0
16.8003,0.278085,-0.0116496,0,-0.00273952,0.732093,0.0141012,-0.017507,0.0125024,-0.999769,0.294532,0,0,0,DISABLED,0
16.8203,0.278091,-0.011661,0,-0.00273762,0.732092,0.0140801,-0.0175051,0.0124825,-0.999769,0.294625,0,0,0,DISABLED,0
16.8403,0.278096,-0.0116701,0,-0.00273625,0.732092,0.0140674,-0.0175038,0.012468,-0.999769,0.294692,0,0,0,DISABLED,0
16.8603,0.278104,-0.0116837,0,-0.00273436,0.732092,0.0140462,-0.0175019,0.0124481,-0.999769,0.294785,0,0,0,DISABLED,0
16.8803,0.27811,-0.0116951,0,-0.00273246,0.732092,0.0140292,-0.0175,0.0124283,-0.99977,0.294878,0,0,0,DISABLED,0
16.9003,0.278116,-0.0117064,0,-0.00273073,0.732091,0.0140122,-0.0174982,0.0124103,-0.99977,0.294961,0,0,0,DISABLED,0
16.9203,0.278123,-0.0117177,0,-0.00272902,0.732091,0.0139951,-0.0174965,0.0123924,-0.99977,0.295045,0,0,0,DISABLED,0
16.9403,0.278128,-0.0117267,0,-0.00272764,0.732091,0.0139781,-0.0174951,0.012378,-0.99977,0.295112,0,0,0,DISABLED,0
16.9603,0.278135,-0.0117401,0,-0.00272574,0.73209,0.013961,-0.0174932,0.0123584,-0.999771,0.295203,0,0,0,DISABLED,0
16.9803,0.278141,-0.0117513,0,-0.00272401,0.73209,0.0139397,-0.0174915,0.0123405,-0.999771,0.295287,0,0,0,DISABLED,0
17.0003,0.278148,-0.0117625,0,-0.00272211,0.73209,0.0139226,-0.0174896,0.0123209,-0.999771,0.295378,0,0,0,DISABLED,0
