t,drift_x,drift_y,lean,dpitch,base_z,tilt_rad,gx,gy,gz,yaw_delta,cmd_vx,cmd_vy,cmd_yaw,meta_selected,meta_safety_hold
0.0199962,0,0,0,0,0.732803,0,-0.0200387,-0.00313155,-0.999794,0,0.4,0,0,DISABLED,0
0.0399961,1.94917e-05,5.4948e-08,0,-7.92742e-06,0.732799,0,-0.0200466,-0.00313687,-0.999794,2.89653e-06,0.4,0,0,DISABLED,0
0.0599961,0.00013012,1.13575e-06,0,-0.000139186,0.732781,0,-0.0201779,-0.00314744,-0.999791,1.04926e-05,0.4,0,0,DISABLED,0
0.0799961,0.000433292,-1.49459e-05,0,-0.000909301,0.732761,0.000845728,-0.020948,-0.00323411,-0.999775,1.14131e-05,0.4,0,0,DISABLED,0
0.0999961,0.00112766,-6.08931e-05,0,-0.00236277,0.732744,0.00236703,-0.0224015,-0.00334015,-0.999743,-1.37651e-05,0.4,0,0,DISABLED,0
0.119996,0.00181127,3.72189e-05,0,-0.00279208,0.73276,0.00278363,-0.0228308,-0.0030926,-0.999735,-1.81892e-05,0.4,0,0,DISABLED,0
0.139996,0.00276153,0.000713998,0,-0.00181804,0.732822,0.00417188,-0.0218568,0.00062792,-0.999761,-0.000300457,0.4,0,0,DISABLED,0
0.159996,0.00396245,0.00173818,0,-0.00113352,0.732852,0.00715962,-0.0211722,0.0039421,-0.999768,-0.00143393,0.4,0,0,DISABLED,0
0.179996,0.00524159,0.00266321,0,-0.00172809,0.732934,0.00693979,-0.0217668,0.00358884,-0.999757,-0.00259994,0.4,0,0,DISABLED,0
0.199996,0.00760343,0.0044457,0,-0.00290485,0.733077,0.00527028,-0.0229436,0.00126607,-0.999736,-0.00360273,0.4,0,0,DISABLED,0
0.219996,0.00943966,0.00609247,0,-0.00324937,0.733096,0.00415757,-0.0232881,-0.000555454,-0.999729,-0.00346151,0.4,0,0,DISABLED,0
0.239996,0.0119425,0.00843476,0,-0.00342209,0.733091,0.00350408,-0.0234608,-0.00237115,-0.999722,-0.00327819,0.4,0,0,DISABLED,0
0.259996,0.0144586,0.0107919,0,-0.00319733,0.733099,0.00336525,-0.023236,-0.00420705,-0.999721,-0.00236862,0.4,0,0,DISABLED,0
0.279996,0.0172566,0.0133227,0,-0.00277138,0.733103,0.0038292,-0.0228101,-0.00578408,-0.999723,-0.00147484,0.4,0,0,DISABLED,0
0.299996,0.0203538,0.0160234,0,-0.00190703,0.733072,0.00503901,-0.0219457,-0.00779817,-0.999729,-0.0010217,0.4,0,0,DISABLED,0
0.319996,0.0237902,0.0189155,0,-0.000948614,0.732978,0.00601004,-0.0209873,-0.00907461,-0.999739,-0.00071426,0.4,0,0,DISABLED,0
0.339996,0.0271117,0.0217226,0,0.000355294,0.732786,0.00639444,-0.0196834,-0.00951429,-0.999761,-0.000731465,0.4,0,0,DISABLED,0
0.359996,0.0313376,0.0254985,0,0.00304228,0.732291,0.00606925,-0.0169964,-0.00839029,-0.99982,-0.000680652,0.4,0,0,DISABLED,0
0.379996,0.0351875,0.0287178,0,0.0046277,0.731516,0.00587969,-0.015411,-0.00675366,-0.999858,-9.7882e-06,0.4,0,0,DISABLED,0
0.399996,0.0396761,0.0321582,0,0.00566035,0.730309,0.00824316,-0.0143784,-0.00912298,-0.999855,0.00207876,0.4,0,0,DISABLED,0
0.419996,0.0429551,0.0341058,0,0.00551204,0.730037,0.0136064,-0.0145267,-0.0155729,-0.999773,0.00183866,0.4,0,0,DISABLED,0
0.439996,0.0495346,0.0385185,0,0.0051216,0.730379,0.0132108,-0.0149171,-0.0153134,-0.999771,0.00505123,0.4,0,0,DISABLED,0
0.459996,0.0552054,0.0411753,0,0.000716807,0.730978,0.00195313,-0.0193219,-0.00496472,-0.999801,0.0131642,0.4,0,0,DISABLED,0
0.479996,0.0607547,0.0433899,0,-0.00296763,0.731442,0.00588982,-0.0230063,0.00195694,-0.999733,0.0170453,0.4,0,0,DISABLED,0
0.499996,0.065322,0.0452648,0,-0.00290938,0.731715,0.00810461,-0.0229481,0.00443769,-0.999727,0.0189573,0.4,0,0,DISABLED,0
0.519996,0.0703191,0.0472657,0,-0.00174617,0.731964,0.0100721,-0.0217849,0.00678725,-0.99974,0.0207144,0.4,0,0,DISABLED,0
0.539996,0.075591,0.0489184,0,-0.00138329,0.732179,0.0124249,-0.021422,0.00921685,-0.999728,0.0222432,0.4,0,0,DISABLED,0
0.559996,0.0812002,0.0501107,0,-0.00187655,0.732324,0.0154062,-0.0219153,0.0121607,-0.999686,0.0241671,0.4,0,0,DISABLED,0
0.579996,0.087657,0.0509805,0,-0.00225385,0.732338,0.0177034,-0.0222926,0.0144287,-0.999647,0.0250109,0.4,0,0,DISABLED,0
0.599996,0.0931126,0.0513522,0,-0.00207455,0.732197,0.0193537,-0.0221133,0.0161106,-0.999626,0.0254833,0.4,0,0,DISABLED,0
0.619996,0.100012,0.0514021,0,-0.00112799,0.731845,0.0201416,-0.0211667,0.0169752,-0.999632,0.0261089,0.4,0,0,DISABLED,0
0.639996,0.106456,0.0510911,0,0.00091986,0.731328,0.0205459,-0.0191189,0.0173949,-0.999666,0.0275879,0.4,0,0,DISABLED,0
0.659996,0.113255,0.0507783,0,0.00286303,0.730716,0.0214181,-0.0171757,0.0180944,-0.999689,0.0270384,0.4,0,0,DISABLED,0
0.679996,0.119424,0.0505084,0,0.0046624,0.730048,0.0215844,-0.0153763,0.0179442,-0.999721,0.0257177,0.4,0,0,DISABLED,0
0.699996,0.126288,0.0499218,0,0.00578572,0.729105,0.0183936,-0.014253,0.0143306,-0.999796,0.0244025,0.4,0,0,DISABLED,0
0.719995,0.133911,0.0495949,0,0.00405154,0.729056,0.020627,-0.0159872,0.0170952,-0.999726,0.0209513,0.4,0,0,DISABLED,0
0.739995,0.140028,0.0490438,0,0.00160658,0.729687,0.0216946,-0.0184321,0.0185038,-0.999659,0.0159486,0.4,0,0,DISABLED,0
0.759995,0.145486,0.0481755,0,-0.000803731,0.730167,0.0200318,-0.0208424,0.0168833,-0.99964,0.0121163,0.4,0,0,DISABLED,0
0.779995,0.154108,0.0467521,0,-0.00451973,0.730991,0.0142609,-0.0245584,0.0103916,-0.999644,0.00636438,0.4,0,0,DISABLED,0
0.799995,0.161215,0.0459525,0,-0.00513503,0.731387,0.0100366,-0.0251737,0.00548948,-0.999668,0.00333975,0.4,0,0,DISABLED,0
0.819995,0.168435,0.0457567,0,-0.00508634,0.731414,0.00849949,-0.025125,0.00367629,-0.999678,0.0023182,0.4,0,0,DISABLED,0
0.839995,0.175931,0.0460569,0,-0.00562473,0.731295,0.00741321,-0.0256634,0.0016968,-0.999669,0.000618416,0.4,0,0,DISABLED,0
0.859995,0.184327,0.0466826,0,-0.00631314,0.731178,0.00646859,-0.0263519,-0.00173444,-0.999651,-0.000638522,0.4,0,0,DISABLED,0
0.879995,0.191928,0.0473758,0,-0.00611402,0.731105,0.00657823,-0.0261527,-0.00554821,-0.999643,-0.000610149,0.4,0,0,DISABLED,0
0.899995,0.198694,0.0481494,0,-0.00488695,0.731074,0.00734861,-0.0249257,-0.0086192,-0.999652,0.000484619,0.4,0,0,DISABLED,0
0.919995,0.206124,0.0492875,0,-0.00222305,0.731039,0.00877552,-0.0222618,-0.0116202,-0.999685,0.000905069,0.4,0,0,DISABLED,0
0.939995,0.214257,0.0508843,0,0.00193573,0.73089,0.0111292,-0.018103,-0.0140935,-0.999737,0.000584437,0.4,0,0,DISABLED,0
0.959995,0.221627,0.0525735,0,0.00633601,0.730536,0.0136371,-0.0137027,-0.0152101,-0.99979,0.000211738,0.4,0,0,DISABLED,0
0.979995,0.228159,0.0543217,0,0.0104207,0.729991,0.0152037,-0.00961804,-0.0142072,-0.999853,-5.75348e-05,0.4,0,0,DISABLED,0
0.999995,0.234701,0.0563605,0,0.0132669,0.729159,0.0147984,-0.00677182,-0.00968651,-0.99993,0.00135262,0.4,0,0,DISABLED,0
1.02,0.243855,0.0584792,0,0.0124057,0.728646,0.0156785,-0.00763301,-0.0127218,-0.99989,0.00302049,0.4,0,0,DISABLED,0
1.04,0.250754,0.0600472,0,0.0094115,0.729055,0.017524,-0.0106272,-0.0179161,-0.999783,0.00681637,0.4,0,0,DISABLED,0
1.06,0.257622,0.0619418,0,0.00649726,0.729418,0.0134522,-0.0135415,-0.0149137,-0.999797,0.0113859,0.4,0,0,DISABLED,0
1.08,0.266596,0.0642614,0,0.00348375,0.729878,0.00470882,-0.016555,-0.00629357,-0.999843,0.0156092,0.4,0,0,DISABLED,0
1.1,0.273846,0.0657208,0,0.00278926,0.730069,0.00278363,-0.0172495,-0.00330202,-0.999846,0.018149,0.4,0,0,DISABLED,0
1.12,0.281001,0.0669498,0,0.00299895,0.730117,0.00353794,-0.0170398,-0.00122795,-0.999854,0.0219939,0.4,0,0,DISABLED,0
1.14,0.288199,0.0679159,0,0.00330132,0.730159,0.00494348,-0.0167374,0.000533286,-0.99986,0.023876,0.4,0,0,DISABLED,0
1.16,0.2955,0.0685015,0,0.00335265,0.730221,0.00705901,-0.0166861,0.00308219,-0.999856,0.0252183,0.4,0,0,DISABLED,0
1.18,0.302789,0.0687003,0,0.00388887,0.730244,0.00961186,-0.0161498,0.00566063,-0.999854,0.0252467,0.4,0,0,DISABLED,0
1.2,0.309263,0.0685326,0,0.00496925,0.730182,0.0112464,-0.0150695,0.00695687,-0.999862,0.024979,0.4,0,0,DISABLED,0
1.22,0.317092,0.0679021,0,0.00696732,0.729995,0.0131882,-0.0130714,0.00806146,-0.999882,0.0240167,0.4,0,0,DISABLED,0
1.24,0.324152,0.0669823,0,0.00971091,0.729723,0.0156099,-0.0103278,0.00909073,-0.999905,0.0242586,0.4,0,0,DISABLED,0
1.25999,0.330485,0.0659719,0,0.011706,0.729525,0.0169324,-0.00833271,0.00909963,-0.999924,0.0246841,0.4,0,0,DISABLED,0
1.27999,0.338262,0.0643938,0,0.0129628,0.729418,0.0161578,-0.00707593,0.00651447,-0.999954,0.0246164,0.4,0,0,DISABLED,0
1.29999,0.345558,0.0625743,0,0.0117735,0.729217,0.0128726,-0.00826522,0.00206731,-0.999964,0.0242164,0.4,0,0,DISABLED,0
1.31999,0.35156,0.0614564,0,0.00783056,0.729432,0.00961806,-0.0122082,0.00244962,-0.999922,0.0219966,0.4,0,0,DISABLED,0
1.33999,0.359437,0.0601133,0,0.00366469,0.730321,0.00949331,-0.016374,0.00562834,-0.99985,0.0141851,0.4,0,0,DISABLED,0
1.35999,0.36633,0.0583413,0,0.00205117,0.731057,0.00768172,-0.0179875,0.0042748,-0.999829,0.0102815,0.4,0,0,DISABLED,0
1.37999,0.374018,0.0562787,0,0.00128858,0.731743,0.00294996,-0.0187501,-0.000471122,-0.999824,0.00773218,0.4,0,0,DISABLED,0
1.39999,0.379684,0.0551427,0,0.00168016,0.73192,0.00189111,-0.0183586,-0.00222695,-0.999829,0.00705146,0.4,0,0,DISABLED,0
1.41999,0.387853,0.0543255,0,0.00143208,0.731698,0.00158221,-0.0186066,-0.00378455,-0.99982,0.00276906,0.4,0,0,DISABLED,0
1.43999,0.396189,0.0539666,0,0.000815218,0.731286,0.00169146,-0.0192235,-0.00464803,-0.999804,0.00377488,0.4,0,0,DISABLED,0
1.45999,0.403054,0.0539115,0,0.000187386,0.731095,0.00367024,-0.0198513,-0.00679956,-0.99978,0.00482657,0.4,0,0,DISABLED,0
1.47999,0.41069,0.0541028,0,4.42509e-05,0.730994,0.00734049,-0.0199945,-0.0104741,-0.999745,0.00460674,0.4,0,0,DISABLED,0
1.49999,0.418278,0.0545683,0,0.000920646,0.730892,0.0108801,-0.0191181,-0.0139763,-0.99972,0.00416045,0.4,0,0,DISABLED,0
1.51999,0.425044,0.0552613,0,0.00278284,0.730748,0.0133589,-0.0172559,-0.0161981,-0.99972,0.00436583,0.4,0,0,DISABLED,0
1.53999,0.43399,0.0566724,0,0.00640634,0.730399,0.016191,-0.0136324,-0.0180006,-0.999745,0.00388733,0.4,0,0,DISABLED,0
1.55999,0.441395,0.0582376,0,0.0109894,0.729908,0.0187658,-0.00904932,-0.0183443,-0.999791,0.00284539,0.4,0,0,DISABLED,0
1.57999,0.448759,0.060155,0,0.0145957,0.729317,0.019738,-0.00544305,-0.0164171,-0.99985,0.00220934,0.4,0,0,DISABLED,0
1.59999,0.456182,0.0623702,0,0.0171436,0.728574,0.0185357,-0.00289516,-0.0101765,-0.999944,0.00349458,0.4,0,0,DISABLED,0
1.61999,0.463014,0.0638314,0,0.0163042,0.728366,0.0185325,-0.0037345,-0.0119385,-0.999922,0.00479944,0.4,0,0,DISABLED,0
1.63999,0.471633,0.0654197,0,0.0121227,0.729104,0.0184745,-0.00791603,-0.0170766,-0.999823,0.00913792,0.4,0,0,DISABLED,0
1.65999,0.476886,0.0667741,0,0.0100336,0.729513,0.015278,-0.0100051,-0.0146556,-0.999843,0.0115297,0.4,0,0,DISABLED,0
1.67999,0.485808,0.069049,0,0.00677315,0.730109,0.00681849,-0.0132656,-0.00388128,-0.999904,0.015939,0.4,0,0,DISABLED,0
1.69999,0.492975,0.0703745,0,0.00596091,0.730361,0.00722592,-0.0140778,0.000950346,-0.9999,0.0188717,0.4,0,0,DISABLED,0
1.71999,0.500798,0.0714703,0,0.00606786,0.730441,0.00830081,-0.0139708,0.00253193,-0.999899,0.0220503,0.4,0,0,DISABLED,0
1.73999,0.508009,0.0722867,0,0.00604537,0.730454,0.00992909,-0.0139933,0.00474024,-0.999891,0.0253954,0.4,0,0,DISABLED,0
1.75999,0.513865,0.0726941,0,0.005845,0.730414,0.0120745,-0.0141937,0.00743096,-0.999872,0.0288543,0.4,0,0,DISABLED,0
1.77999,0.521958,0.0729468,0,0.00530504,0.730227,0.0137546,-0.0147337,0.00955826,-0.999846,0.0286525,0.4,0,0,DISABLED,0
1.79999,0.5291,0.0727197,0,0.00596296,0.730004,0.0144189,-0.0140757,0.00999826,-0.999851,0.0265767,0.4,0,0,DISABLED,0
1.81999,0.536824,0.0719007,0,0.007133,0.729734,0.0152506,-0.0129057,0.0103451,-0.999863,0.0264467,0.4,0,0,DISABLED,0
1.83999,0.543782,0.0707688,0,0.00876579,0.729442,0.0167732,-0.0112729,0.0111639,-0.999874,0.0263612,0.4,0,0,DISABLED,0
1.85999,0.54993,0.06943,0,0.010763,0.729149,0.0180138,-0.00927574,0.0113117,-0.999893,0.0273408,0.4,0,0,DISABLED,0
1.87999,0.556816,0.0676201,0,0.0119097,0.728985,0.0168512,-0.00812899,0.00878738,-0.999928,0.0286897,0.4,0,0,DISABLED,0
1.89999,0.564651,0.0655239,0,0.0104517,0.728906,0.0118905,-0.00958697,0.00253969,-0.999951,0.0274593,0.4,0,0,DISABLED,0
1.91999,0.571861,0.0642314,0,0.00693248,0.729593,0.00915449,-0.0131062,0.00284263,-0.99991,0.0238971,0.4,0,0,DISABLED,0
1.93999,0.578761,0.0628196,0,0.00451974,0.730664,0.00768172,-0.015519,0.00307582,-0.999875,0.0187962,0.4,0,0,DISABLED,0
1.95999,0.584952,0.0611036,0,0.00295361,0.731406,0.00460644,-0.0170851,0.000409221,-0.999854,0.0157237,0.4,0,0,DISABLED,0
1.97999,0.592008,0.059119,0,0.00223631,0.732038,0.00244141,-0.0178024,-0.00409851,-0.999833,0.0142508,0.4,0,0,DISABLED,0
1.99999,0.599815,0.0574208,0,0.00265785,0.732222,0.00543728,-0.0173809,-0.00788326,-0.999818,0.0134711,0.4,0,0,DISABLED,0
2.01999,0.603408,0.0568639,0,0.0028575,0.732153,0.00659633,-0.0171812,-0.00907896,-0.999811,0.0135168,0.4,0,0,DISABLED,0
2.03999,0.614523,0.0558595,0,0.00243296,0.731719,0.0105801,-0.0176058,-0.0134292,-0.999755,0.0113914,0.4,0,0,DISABLED,0
2.05999,0.622078,0.055569,0,0.00192568,0.731397,0.0133455,-0.018113,-0.0163374,-0.999702,0.0120975,0.4,0,0,DISABLED,0
2.07999,0.629589,0.0555345,0,0.00217782,0.73115,0.0159797,-0.0178609,-0.0189607,-0.999661,0.0130424,0.4,0,0,DISABLED,0
2.09999,0.636292,0.0557469,0,0.00351839,0.730985,0.0188608,-0.0165203,-0.0216599,-0.999629,0.0132125,0.4,0,0,DISABLED,0
2.11999,0.642945,0.0562366,0,0.00575116,0.730804,0.0212645,-0.0142876,-0.0236041,-0.999619,0.0124386,0.4,0,0,DISABLED,0
2.13999,0.651781,0.0573891,0,0.00941957,0.730414,0.0234965,-0.0106191,-0.0246548,-0.99964,0.0112239,0.4,0,0,DISABLED,0
2.15999,0.659157,0.0588353,0,0.0130035,0.730013,0.0245704,-0.00703522,-0.023979,-0.999688,0.00989556,0.4,0,0,DISABLED,0
2.17999,0.66663,0.0607092,0,0.0154985,0.729718,0.0231076,-0.00454024,-0.0202688,-0.999784,0.00986861,0.4,0,0,DISABLED,0
2.19999,0.673382,0.0626278,0,0.016576,0.729392,0.0196259,-0.00346275,-0.0136331,-0.999901,0.0115829,0.4,0,0,DISABLED,0
2.21999,0.681054,0.0644512,0,0.0147092,0.729219,0.0165514,-0.00532948,-0.0107111,-0.999928,0.0138993,0.4,0,0,DISABLED,0
2.23999,0.689628,0.0658714,0,0.0110922,0.730015,0.0152232,-0.00894651,-0.0135536,-0.999868,0.0177412,0.4,0,0,DISABLED,0
2.25999,0.696366,0.0673914,0,0.00853708,0.730536,0.0113414,-0.0115016,-0.0105974,-0.999878,0.0215723,0.4,0,0,DISABLED,0
2.27999,0.703543,0.0691834,0,0.00709566,0.73093,0.00710111,-0.0129431,-0.00296544,-0.999912,0.0237437,0.4,0,0,DISABLED,0
2.29999,0.710499,0.0706322,0,0.00716316,0.731122,0.0088701,-0.0128756,0.00209522,-0.999915,0.0259435,0.4,0,0,DISABLED,0
2.31999,0.718142,0.071916,0,0.00776302,0.731152,0.010902,-0.0122757,0.00452033,-0.999914,0.0294996,0.4,0,0,DISABLED,0
2.33999,0.7252,0.0728616,0,0.00778802,0.731127,0.0123044,-0.0122507,0.00639379,-0.999905,0.0320177,0.4,0,0,DISABLED,0
2.35999,0.732328,0.0734352,0,0.0074546,0.731111,0.0134832,-0.0125841,0.00809927,-0.999888,0.033482,0.4,0,0,DISABLED,0
2.37999,0.73802,0.073588,0,0.00719153,0.731085,0.0145219,-0.0128472,0.00948547,-0.999873,0.0344475,0.4,0,0,DISABLED,0
2.39999,0.745786,0.0733559,0,0.00730643,0.730947,0.0156556,-0.0127323,0.0107135,-0.999862,0.0356444,0.4,0,0,DISABLED,0
2.41999,0.753507,0.0726095,0,0.00786628,0.730635,0.0166627,-0.0121724,0.0115557,-0.999859,0.0367865,0.4,0,0,DISABLED,0
2.43999,0.760437,0.0715012,0,0.00907456,0.730218,0.0180369,-0.0109641,0.0124561,-0.999862,0.037875,0.4,0,0,DISABLED,0
2.45999,0.767275,0.0699481,0,0.0109133,0.729782,0.0190589,-0.00912537,0.0124922,-0.99988,0.0398684,0.4,0,0,DISABLED,0
2.47999,0.774173,0.0680168,0,0.0117104,0.729496,0.0179906,-0.00832833,0.0105215,-0.99991,0.0414138,0.4,0,0,DISABLED,0
2.49999,0.780488,0.0661179,0,0.0108598,0.729332,0.0126954,-0.00917894,0.0034355,-0.999952,0.041487,0.4,0,0,DISABLED,0
2.51999,0.786365,0.064692,0,0.00842126,0.729514,0.00939231,-0.0116174,0.00102322,-0.999932,0.0403352,0.4,0,0,DISABLED,0
2.53999,0.795071,0.0630005,0,0.00628023,0.730764,0.00803073,-0.0137585,0.00187212,-0.999904,0.0327058,0.4,0,0,DISABLED,0
2.55999,0.801107,0.0615282,0,0.0047519,0.731547,0.00567332,-0.0152868,-3.07158e-05,-0.999883,0.0260591,0.4,0,0,DISABLED,0
2.57999,0.808694,0.0591525,0,0.00358078,0.732332,0.00404125,-0.0164579,-0.00503387,-0.999852,0.0244976,0.4,0,0,DISABLED,0
2.59999,0.814156,0.0575737,0,0.00428843,0.732578,0.0072424,-0.0157503,-0.00896694,-0.999836,0.024291,0.4,0,0,DISABLED,0
2.61999,0.822413,0.0559281,0,0.00517066,0.73245,0.00958081,-0.0148681,-0.011203,-0.999827,0.0241417,0.4,0,0,DISABLED,0
2.63999,0.828778,0.0551117,0,0.00520538,0.732188,0.011498,-0.0148333,-0.0133859,-0.9998,0.0240663,0.4,0,0,DISABLED,0
2.65999,0.836701,0.0544555,0,0.00471754,0.731892,0.0143775,-0.0153212,-0.0167143,-0.999743,0.0244031,0.4,0,0,DISABLED,0
2.67999,0.843976,0.0541828,0,0.00448042,0.731664,0.0173256,-0.0155583,-0.0198651,-0.999682,0.0247684,0.4,0,0,DISABLED,0
2.69999,0.850531,0.0542081,0,0.00492966,0.731479,0.0199901,-0.0151091,-0.0225036,-0.999633,0.0249512,0.4,0,0,DISABLED,0
2.71999,0.857759,0.0545485,0,0.00628469,0.73127,0.0220381,-0.013754,-0.0242531,-0.999611,0.0247711,0.4,0,0,DISABLED,0
2.73999,0.864927,0.0552819,0,0.00878149,0.731007,0.0238765,-0.0112572,-0.0253312,-0.999616,0.0238855,0.4,0,0,DISABLED,0
2.75999,0.872807,0.0566315,0,0.0116869,0.730658,0.0248335,-0.00835186,-0.0250423,-0.999651,0.0223068,0.4,0,0,DISABLED,0
2.77999,0.880049,0.0583317,0,0.0139791,0.730421,0.0231179,-0.00605964,-0.0215452,-0.99975,0.0222385,0.4,0,0,DISABLED,0
2.79999,0.887322,0.0603637,0,0.0147862,0.730153,0.0192859,-0.00525254,-0.0155106,-0.999866,0.0230916,0.4,0,0,DISABLED,0
2.81999,0.893946,0.0620484,0,0.0134969,0.729978,0.0160579,-0.00654178,-0.0118278,-0.999909,0.0242559,0.4,0,0,DISABLED,0
2.83999,0.900667,0.0631626,0,0.0110566,0.73047,0.0154332,-0.00898215,-0.0138979,-0.999863,0.0250887,0.4,0,0,DISABLED,0
2.85999,0.90959,0.0648629,0,0.00670641,0.731075,0.00996505,-0.0133323,-0.0105007,-0.999856,0.0299649,0.4,0,0,DISABLED,0
2.87999,0.916077,0.0662034,0,0.00451217,0.731343,0.00456746,-0.0155265,-0.00377058,-0.999872,0.0320075,0.4,0,0,DISABLED,0
2.89999,0.923703,0.0675272,0,0.00412228,0.731467,0.00604958,-0.0159164,0.00129195,-0.999873,0.0337654,0.4,0,0,DISABLED,0
2.91999,0.930598,0.068493,0,0.00480228,0.73143,0.00841491,-0.0152364,0.0037746,-0.999877,0.0371311,0.4,0,0,DISABLED,0
2.93999,0.937642,0.0692901,0,0.00496251,0.7314,0.0100484,-0.0150762,0.00559834,-0.999871,0.0388887,0.4,0,0,DISABLED,0
2.95999,0.944814,0.0697596,0,0.00468382,0.731391,0.0125964,-0.0153549,0.00856196,-0.999845,0.0406922,0.4,0,0,DISABLED,0
2.97999,0.952003,0.0697912,0,0.00456605,0.731343,0.0145997,-0.0154727,0.0107401,-0.999823,0.0416398,0.4,0,0,DISABLED,0
2.99999,0.959169,0.0694016,0,0.00475709,0.731197,0.0159611,-0.0152816,0.0121059,-0.99981,0.0420023,0.4,0,0,DISABLED,0
3.01999,0.966271,0.0685894,0,0.0056157,0.730911,0.0172013,-0.014423,0.0131261,-0.99981,0.0426977,0.4,0,0,DISABLED,0
3.03999,0.972617,0.0675505,0,0.00723082,0.730552,0.0188387,-0.0128079,0.014265,-0.999816,0.0435882,0.4,0,0,DISABLED,0
3.05999,0.979601,0.066037,0,0.00888155,0.730099,0.0197682,-0.0111572,0.0145311,-0.999832,0.0446187,0.4,0,0,DISABLED,0
3.08,0.986588,0.0641126,0,0.00983646,0.729733,0.0181095,-0.0102022,0.0120745,-0.999875,0.0460113,0.4,0,0,DISABLED,0
3.1,0.994488,0.0618843,0,0.0088928,0.729486,0.0128308,-0.0111459,0.00611265,-0.999919,0.0457947,0.4,0,0,DISABLED,0
3.12,1.00172,0.0605181,0,0.00539584,0.730124,0.00995906,-0.0146429,0.00523533,-0.999879,0.0425649,0.4,0,0,DISABLED,0
3.14,1.00856,0.0591524,0,0.00341229,0.731156,0.0085205,-0.0166264,0.00468106,-0.999851,0.0358163,0.4,0,0,DISABLED,0
3.16,1.01475,0.05746,0,0.00187704,0.731863,0.00513277,-0.0181617,0.00165542,-0.999834,0.0319269,0.4,0,0,DISABLED,0
3.18,1.02247,0.0551581,0,0.00130597,0.732502,0.00142357,-0.0187327,-0.00251508,-0.999821,0.0307545,0.4,0,0,DISABLED,0
3.2,1.02948,0.0534901,0,0.00169917,0.732633,0.00371864,-0.0183395,-0.00645347,-0.999811,0.0304792,0.4,0,0,DISABLED,0
3.22,1.03588,0.0524405,0,0.00195926,0.732471,0.00605942,-0.0180795,-0.00886964,-0.999797,0.0307148,0.4,0,0,DISABLED,0
3.24,1.04313,0.0516548,0,0.00176802,0.732189,0.0090563,-0.0182707,-0.0120089,-0.999761,0.030659,0.4,0,0,DISABLED,0
3.26,1.05121,0.0511684,0,0.0014764,0.73191,0.0122607,-0.0185623,-0.0153002,-0.999711,0.0313836,0.4,0,0,DISABLED,0
3.28,1.05865,0.0510782,0,0.00147989,0.731686,0.0156175,-0.0185588,-0.018678,-0.999653,0.0312934,0.4,0,0,DISABLED,0
3.3,1.06534,0.0512503,0,0.00227037,0.7315,0.0183742,-0.0177683,-0.021363,-0.999614,0.0315628,0.4,0,0,DISABLED,0
3.32,1.07199,0.0517026,0,0.00402891,0.731284,0.0205111,-0.0160098,-0.0232405,-0.999602,0.0308699,0.4,0,0,DISABLED,0
3.34,1.08007,0.0526957,0,0.00759864,0.730926,0.0225884,-0.0124401,-0.0244001,-0.999625,0.0293057,0.4,0,0,DISABLED,0
3.36,1.08817,0.0542308,0,0.0107444,0.730508,0.0232362,-0.0092943,-0.023734,-0.999675,0.0283319,0.4,0,0,DISABLED,0
3.38,1.09557,0.056112,0,0.0131264,0.730222,0.0216451,-0.00691228,-0.0203444,-0.999769,0.0283273,0.4,0,0,DISABLED,0
3.4,1.10227,0.0580598,0,0.0140235,0.729935,0.0184001,-0.00601525,-0.0150396,-0.999869,0.0289826,0.4,0,0,DISABLED,0
3.42,1.10979,0.0599586,0,0.0129682,0.729762,0.0155295,-0.00707051,-0.01167,-0.999907,0.0306809,0.4,0,0,DISABLED,0
3.44,1.11668,0.0611667,0,0.0101048,0.730285,0.0150222,-0.00993388,-0.0142541,-0.999849,0.032212,0.4,0,0,DISABLED,0
3.46,1.12584,0.0630267,0,0.00556854,0.730824,0.009405,-0.0144702,-0.0107151,-0.999838,0.0379144,0.4,0,0,DISABLED,0
3.48,1.13303,0.0646495,0,0.00394608,0.731102,0.00398182,-0.0160926,-0.00355689,-0.999864,0.0395473,0.4,0,0,DISABLED,0
3.5,1.1393,0.0658516,0,0.00406096,0.731215,0.0055993,-0.0159778,0.000706996,-0.999872,0.0413183,0.4,0,0,DISABLED,0
3.52001,1.14692,0.0670529,0,0.0049899,0.731192,0.0080233,-0.0150488,0.00314867,-0.999882,0.0449089,0.4,0,0,DISABLED,0
3.54001,1.15399,0.0679159,0,0.00518093,0.731173,0.00941133,-0.0148578,0.00472112,-0.999878,0.0466437,0.4,0,0,DISABLED,0
3.56001,1.16118,0.0684109,0,0.0048246,0.731195,0.0111239,-0.0152141,0.0068896,-0.999861,0.0479596,0.4,0,0,DISABLED,0
3.58001,1.16765,0.0684864,0,0.00459535,0.731192,0.0128448,-0.0154434,0.00886144,-0.999841,0.0488449,0.4,0,0,DISABLED,0
3.60001,1.17552,0.0681094,0,0.00486816,0.731038,0.0144106,-0.0151706,0.0104353,-0.99983,0.0496775,0.4,0,0,DISABLED,0
3.62001,1.18262,0.0673222,0,0.00560445,0.730747,0.0155295,-0.0144343,0.0113515,-0.999831,0.0501392,0.4,0,0,DISABLED,0
3.64001,1.18827,0.0664401,0,0.0067796,0.730437,0.0171909,-0.0132591,0.0126658,-0.999832,0.0506369,0.4,0,0,DISABLED,0
3.66001,1.19593,0.0647554,0,0.00896978,0.72996,0.0183385,-0.0110689,0.0128619,-0.999856,0.0522872,0.4,0,0,DISABLED,0
3.68001,1.20358,0.0625664,0,0.0102326,0.729566,0.0162827,-0.00980614,0.00953497,-0.999906,0.0540617,0.4,0,0,DISABLED,0
3.70001,1.20931,0.0608943,0,0.00950303,0.729373,0.0125395,-0.0105357,0.00505171,-0.999932,0.0544888,0.4,0,0,DISABLED,0
3.72001,1.21816,0.0590489,0,0.00538054,0.729959,0.00775124,-0.0146582,0.00244162,-0.99989,0.0493224,0.4,0,0,DISABLED,0
3.74001,1.2248,0.0575443,0,0.00442036,0.730969,0.0072424,-0.0156184,0.00260022,-0.999875,0.0447935,0.4,0,0,DISABLED,0
3.76001,1.23088,0.0558082,0,0.00353715,0.731696,0.0053711,-0.0165016,0.000909785,-0.999863,0.0420384,0.4,0,0,DISABLED,0
3.78001,1.23852,0.0534766,0,0.00300546,0.732366,0.0031074,-0.0170333,-0.00396812,-0.999847,0.0396406,0.4,0,0,DISABLED,0
3.80001,1.24546,0.0517724,0,0.00345118,0.732486,0.00563114,-0.0165875,-0.00759265,-0.999834,0.0389182,0.4,0,0,DISABLED,0
3.82001,1.25251,0.0506226,0,0.00359309,0.732245,0.00786574,-0.0164456,-0.0101386,-0.999813,0.0393374,0.4,0,0,DISABLED,0
3.84001,1.25971,0.0498933,0,0.00316482,0.731925,0.010444,-0.0168739,-0.0130899,-0.999772,0.0398278,0.4,0,0,DISABLED,0
3.86001,1.26554,0.0495578,0,0.00270754,0.731701,0.0130062,-0.0173312,-0.0158536,-0.999724,0.0402063,0.4,0,0,DISABLED,0
3.88001,1.27436,0.0494483,0,0.00252979,0.731421,0.0169535,-0.0175089,-0.0198957,-0.999649,0.0404716,0.4,0,0,DISABLED,0
3.90001,1.28174,0.0496902,0,0.00327326,0.731197,0.0196168,-0.0167654,-0.0224716,-0.999607,0.0405588,0.4,0,0,DISABLED,0
3.92001,1.28903,0.0502542,0,0.00529342,0.73097,0.0217331,-0.0147453,-0.0242083,-0.999598,0.040572,0.4,0,0,DISABLED,0
3.94001,1.29626,0.0512066,0,0.00832522,0.730712,0.0236406,-0.0117135,-0.0252569,-0.999612,0.0398604,0.4,0,0,DISABLED,0
3.96002,1.30204,0.0523093,0,0.0109106,0.730512,0.0244513,-0.00912811,-0.0250112,-0.999645,0.0388636,0.4,0,0,DISABLED,0
3.98002,1.31071,0.0545646,0,0.0139863,0.730265,0.0227829,-0.00605244,-0.0211155,-0.999759,0.0387063,0.4,0,0,DISABLED,0
4.00002,1.31808,0.0567664,0,0.0150552,0.73005,0.0188766,-0.00498353,-0.0145167,-0.999882,0.0396129,0.4,0,0,DISABLED,0
4.02002,1.32557,0.0587886,0,0.0136671,0.729894,0.0154487,-0.0063716,-0.0103311,-0.999926,0.0403804,0.4,0,0,DISABLED,0
4.04002,1.3324,0.0601818,0,0.0125656,0.730534,0.015811,-0.00747314,-0.0127261,-0.999891,0.0415166,0.4,0,0,DISABLED,0
4.06002,1.33771,0.0616443,0,0.0126691,0.731144,0.014754,-0.0073696,-0.0106911,-0.999916,0.0430098,0.4,0,0,DISABLED,0
4.08002,1.34294,0.0633256,0,0.0129937,0.731733,0.0130291,-0.00704506,-0.00409427,-0.999967,0.0441369,0.4,0,0,DISABLED,0
4.10002,1.34669,0.0644576,0,0.0132615,0.732125,0.0135097,-0.00677725,-0.000554277,-0.999977,0.0451025,0.4,0,0,DISABLED,0
4.12002,1.35188,0.0658276,0,0.012826,0.732663,0.0137112,-0.00721276,0.00171682,-0.999973,0.0468632,0.4,0,0,DISABLED,0
4.14002,1.35623,0.0668419,0,0.0114946,0.733127,0.0134389,-0.00854407,0.00383008,-0.999956,0.0486053,0.4,0,0,DISABLED,0
4.16002,1.35983,0.0674994,0,0.00961121,0.733526,0.0135318,-0.0104275,0.00639431,-0.999925,0.0496092,0.4,0,0,DISABLED,0
4.18002,1.36307,0.067777,0,0.00709336,0.733938,0.0137762,-0.0129454,0.00867543,-0.999879,0.0491261,0.4,0,0,DISABLED,0
4.20002,1.36561,0.0676777,0,0.00512046,0.73428,0.0143277,-0.0149182,0.0102507,-0.999836,0.0480709,0.4,0,0,DISABLED,0
4.22002,1.36759,0.0673033,0,0.00418665,0.734511,0.0148787,-0.0158521,0.0111483,-0.999812,0.0474199,0.4,0,0,DISABLED,0
4.24002,1.37112,0.0661375,0,0.00165441,0.734638,0.0151997,-0.0183843,0.0119759,-0.999759,0.0466996,0.4,0,0,DISABLED,0
4.26002,1.37454,0.0648396,0,-0.00222426,0.734415,0.0161762,-0.022263,0.0128891,-0.999669,0.046721,0.4,0,0,DISABLED,0
4.28002,1.37824,0.0631647,0,-0.00473092,0.733859,0.0167981,-0.0247696,0.0129824,-0.999609,0.0471254,0.4,0,0,DISABLED,0
4.30002,1.38147,0.0615974,0,-0.00694813,0.733146,0.0163485,-0.0269868,0.0116642,-0.999568,0.0470274,0.4,0,0,DISABLED,0
4.32002,1.38625,0.0598158,0,-0.0102918,0.732392,0.0221837,-0.0303305,0.0165163,-0.999403,0.0462736,0.4,0,0,DISABLED,0
4.34002,1.39074,0.0580436,0,-0.0130933,0.731663,0.0278436,-0.033132,0.0214357,-0.999221,0.0482994,0.4,0,0,DISABLED,0
4.36002,1.39543,0.0561175,0,-0.0150343,0.731374,0.0274425,-0.035073,0.0198183,-0.999188,0.0474829,0.4,0,0,DISABLED,0
4.38002,1.39997,0.0544261,0,-0.0174786,0.731772,0.0235497,-0.0375173,0.0126391,-0.999216,0.0463392,0.4,0,0,DISABLED,0
4.40003,1.40422,0.0531811,0,-0.0202236,0.73223,0.0212505,-0.0402623,0.00337148,-0.999183,0.0456796,0.4,0,0,DISABLED,0
4.42003,1.40936,0.052198,0,-0.0215038,0.732568,0.0215236,-0.0415425,-0.00376092,-0.99913,0.0456434,0.4,0,0,DISABLED,0
4.44003,1.41367,0.0516756,0,-0.021965,0.732762,0.0224481,-0.0420037,-0.00771076,-0.999088,0.0461724,0.4,0,0,DISABLED,0
4.46003,1.41909,0.0513343,0,-0.0222223,0.733008,0.0236482,-0.042261,-0.0111781,-0.999044,0.0469781,0.4,0,0,DISABLED,0
4.48003,1.42369,0.0512858,0,-0.0222037,0.733186,0.0247469,-0.0422424,-0.014027,-0.999009,0.0480136,0.4,0,0,DISABLED,0
4.50003,1.42898,0.0514555,0,-0.0218033,0.73334,0.0254921,-0.041842,-0.0163113,-0.998991,0.0494394,0.4,0,0,DISABLED,0
4.52003,1.43446,0.0518999,0,-0.0209633,0.733457,0.025478,-0.041002,-0.0175896,-0.999004,0.0504924,0.4,0,0,DISABLED,0
4.54003,1.44014,0.052681,0,-0.0195757,0.733543,0.0246044,-0.0396144,-0.0180181,-0.999053,0.0513612,0.4,0,0,DISABLED,0
4.56003,1.44657,0.0540211,0,-0.017745,0.733565,0.0229938,-0.0377837,-0.0177413,-0.999128,0.0518964,0.4,0,0,DISABLED,0
4.58003,1.4525,0.0557101,0,-0.0143339,0.733429,0.0196199,-0.0343726,-0.0165197,-0.999273,0.0520437,0.4,0,0,DISABLED,0
4.60003,1.45839,0.0578239,0,-0.0102643,0.732942,0.0152389,-0.030303,-0.0143922,-0.999437,0.0514846,0.4,0,0,DISABLED,0
4.62003,1.46416,0.060297,0,-0.00621069,0.731872,0.00934778,-0.0262494,-0.0101098,-0.999604,0.0515557,0.4,0,0,DISABLED,0
4.64003,1.47022,0.0620145,0,-0.00386316,0.731484,0.0123382,-0.0239019,-0.0148461,-0.999604,0.0520383,0.4,0,0,DISABLED,0
4.66003,1.47717,0.0639738,0,-0.00409156,0.731709,0.014311,-0.0241303,-0.0168412,-0.999567,0.0546013,0.4,0,0,DISABLED,0
4.68003,1.48248,0.0655535,0,-0.00619709,0.731861,0.0107478,-0.0262358,-0.0119076,-0.999585,0.0577183,0.4,0,0,DISABLED,0
4.70003,1.48923,0.0674449,0,-0.0088478,0.732207,0.00900349,-0.0288865,-0.00149871,-0.999582,0.0601436,0.4,0,0,DISABLED,0
4.72003,1.4964,0.0690431,0,-0.00881574,0.732536,0.0119055,-0.0288545,0.00486126,-0.999572,0.0625811,0.4,0,0,DISABLED,0
4.74003,1.50277,0.0701716,0,-0.00724208,0.732716,0.0134744,-0.0272808,0.00822712,-0.999594,0.0654204,0.4,0,0,DISABLED,0
4.76003,1.5092,0.0711122,0,-0.00495935,0.732845,0.0156747,-0.0249981,0.0117371,-0.999619,0.0671145,0.4,0,0,DISABLED,0
4.78003,1.51588,0.0716943,0,-0.00355231,0.732926,0.0185967,-0.023591,0.0151215,-0.999607,0.0683214,0.4,0,0,DISABLED,0
4.80003,1.5221,0.071871,0,-0.00264279,0.732895,0.0210984,-0.0226815,0.0177978,-0.999584,0.0690541,0.4,0,0,DISABLED,0
4.82003,1.52843,0.0716865,0,-0.00149245,0.732696,0.0229185,-0.0215312,0.0197364,-0.999573,0.0701545,0.4,0,0,DISABLED,0
4.84004,1.53631,0.0710431,0,0.000562634,0.732217,0.0242407,-0.0194761,0.0211003,-0.999588,0.0715394,0.4,0,0,DISABLED,0
4.86004,1.54436,0.0701237,0,0.00236531,0.731532,0.0256529,-0.0176734,0.0224102,-0.999593,0.0721103,0.4,0,0,DISABLED,0
4.88004,1.55173,0.0690131,0,0.00426924,0.730735,0.026291,-0.0157695,0.0228065,-0.999615,0.0729372,0.4,0,0,DISABLED,0
4.90004,1.55844,0.0677743,0,0.00493977,0.730004,0.0228116,-0.0150989,0.0191404,-0.999703,0.073719,0.4,0,0,DISABLED,0
4.92004,1.56678,0.0666124,0,0.0033725,0.729964,0.018426,-0.0166662,0.0149826,-0.999749,0.0716173,0.4,0,0,DISABLED,0
4.94004,1.57318,0.0659357,0,0.0026374,0.730755,0.016702,-0.0174013,0.0133593,-0.999759,0.0678026,0.4,0,0,DISABLED,0
4.96004,1.58121,0.0648451,0,0.000528704,0.731756,0.0121973,-0.01951,0.00905593,-0.999769,0.061585,0.4,0,0,DISABLED,0
4.98004,1.58802,0.0636939,0,-0.0011525,0.732436,0.00645937,-0.0211912,0.00322485,-0.99977,0.0589708,0.4,0,0,DISABLED,0
5.00004,1.59705,0.0624172,0,-0.00129527,0.73278,0.00179406,-0.021334,-0.00435988,-0.999763,0.0560243,0.4,0,0,DISABLED,0
5.02004,1.60307,0.0619276,0,-0.000847252,0.732653,0.00433994,-0.020886,-0.00738801,-0.999755,0.0563876,0.4,0,0,DISABLED,0
5.04004,1.61073,0.0616799,0,-0.000862151,0.732335,0.00745331,-0.0209009,-0.0105361,-0.999726,0.0566353,0.4,0,0,DISABLED,0
5.06004,1.61925,0.0616985,0,-0.000978371,0.732027,0.0113624,-0.0210171,-0.014451,-0.999675,0.0574733,0.4,0,0,DISABLED,0
5.08004,1.62624,0.0619194,0,-0.000629321,0.731821,0.0156518,-0.020668,-0.0187654,-0.99961,0.0585804,0.4,0,0,DISABLED,0
5.10004,1.63399,0.0624469,0,0.000546783,0.731579,0.019326,-0.0194919,-0.0224476,-0.999558,0.0586579,0.4,0,0,DISABLED,0
5.12004,1.64165,0.0633201,0,0.00309706,0.731267,0.0224162,-0.0169417,-0.025334,-0.999536,0.0584289,0.4,0,0,DISABLED,0
5.14004,1.64998,0.0647285,0,0.00703058,0.730799,0.024689,-0.0130081,-0.0267979,-0.999556,0.0576486,0.4,0,0,DISABLED,0
5.16004,1.65679,0.0662743,0,0.0104132,0.730359,0.0253231,-0.00962554,-0.0262118,-0.99961,0.0566057,0.4,0,0,DISABLED,0
5.18004,1.66519,0.0686673,0,0.0114391,0.729942,0.0248718,-0.00859963,-0.0252162,-0.999645,0.0565383,0.4,0,0,DISABLED,0
5.20004,1.67291,0.0711138,0,0.0140704,0.729471,0.0176629,-0.00596836,-0.0138086,-0.999887,0.0574594,0.4,0,0,DISABLED,0
5.22004,1.68082,0.0729302,0,0.0120103,0.729356,0.0149865,-0.00802842,-0.0120945,-0.999895,0.0590075,0.4,0,0,DISABLED,0
5.24004,1.68878,0.0743959,0,0.00834528,0.729959,0.0147621,-0.0116934,-0.015311,-0.999814,0.0620215,0.4,0,0,DISABLED,0
5.26005,1.69642,0.0763238,0,0.00569092,0.730419,0.0106475,-0.0143478,-0.0121348,-0.999823,0.065091,0.4,0,0,DISABLED,0
5.28005,1.7038,0.0783152,0,0.00388009,0.730732,0.00417188,-0.0161586,-0.00462502,-0.999859,0.0673612,0.4,0,0,DISABLED,0
5.30005,1.71027,0.0797748,0,0.00369106,0.73084,0.00496753,-0.0163477,0.000180978,-0.999866,0.0701617,0.4,0,0,DISABLED,0
5.32005,1.7182,0.0812801,0,0.00402592,0.730777,0.00645937,-0.0160128,0.00191856,-0.99987,0.0736273,0.4,0,0,DISABLED,0
5.34005,1.72628,0.0825791,0,0.00389243,0.730733,0.00798607,-0.0161463,0.00383911,-0.999862,0.0753162,0.4,0,0,DISABLED,0
5.36005,1.73225,0.0832393,0,0.00364266,0.730718,0.0092129,-0.0163961,0.00533675,-0.999851,0.0765291,0.4,0,0,DISABLED,0
5.38005,1.74046,0.0836388,0,0.00302177,0.730662,0.0122558,-0.0170169,0.0087463,-0.999817,0.0781632,0.4,0,0,DISABLED,0
5.40005,1.74787,0.0835495,0,0.00337369,0.730495,0.0132153,-0.016665,0.00964929,-0.999815,0.0779371,0.4,0,0,DISABLED,0
5.42005,1.7552,0.0830324,0,0.00456087,0.730218,0.0147095,-0.0154778,0.0108549,-0.999821,0.0781419,0.4,0,0,DISABLED,0
5.44005,1.76241,0.0820638,0,0.0064644,0.72987,0.0164611,-0.0135743,0.0120109,-0.999836,0.0791136,0.4,0,0,DISABLED,0
5.46005,1.7696,0.0806793,0,0.00817561,0.729603,0.0168936,-0.0118631,0.0116472,-0.999862,0.0804211,0.4,0,0,DISABLED,0
5.48005,1.77616,0.0791973,0,0.00864782,0.729522,0.0147054,-0.0113909,0.00875919,-0.999897,0.0809978,0.4,0,0,DISABLED,0
5.50005,1.78134,0.077969,0,0.00802788,0.729474,0.011097,-0.0120108,0.0045312,-0.999918,0.0804824,0.4,0,0,DISABLED,0
5.52005,1.78984,0.0764885,0,0.00319986,0.729785,0.00539325,-0.0168389,0.001202,-0.999857,0.076789,0.4,0,0,DISABLED,0
5.54005,1.79929,0.0752064,0,-0.000313966,0.731111,0.00447518,-0.0203527,0.00134927,-0.999792,0.0676689,0.4,0,0,DISABLED,0
5.56005,1.80624,0.073461,0,-0.000979282,0.731945,0.00169146,-0.021018,-0.00172365,-0.999778,0.0644363,0.4,0,0,DISABLED,0
5.58005,1.81325,0.0714172,0,-0.00032902,0.732552,0.00271864,-0.0203677,-0.00583927,-0.999776,0.0643814,0.4,0,0,DISABLED,0
5.60005,1.82024,0.0697826,0,0.00124749,0.732695,0.00595023,-0.0187912,-0.00895141,-0.999783,0.0635741,0.4,0,0,DISABLED,0
5.62005,1.82735,0.068722,0,0.0020715,0.732488,0.0076194,-0.0179672,-0.0104668,-0.999784,0.0637032,0.4,0,0,DISABLED,0
5.64005,1.8346,0.0680645,0,0.00206926,0.732204,0.0100781,-0.0179695,-0.0129982,-0.999754,0.0639342,0.4,0,0,DISABLED,0
5.66005,1.84122,0.0677885,0,0.00170459,0.731969,0.0127843,-0.0183341,-0.0157999,-0.999707,0.0641053,0.4,0,0,DISABLED,0
5.68005,1.84939,0.0678508,0,0.00149211,0.731685,0.0160504,-0.0185466,-0.0191114,-0.999645,0.0637307,0.4,0,0,DISABLED,0
5.70006,1.85678,0.0682414,0,0.00213401,0.731449,0.0184389,-0.0179047,-0.0214449,-0.99961,0.0642587,0.4,0,0,DISABLED,0
5.72006,1.86411,0.0689736,0,0.00393896,0.7312,0.0203096,-0.0160998,-0.0230537,-0.999605,0.0637824,0.4,0,0,DISABLED,0
5.74006,1.87138,0.0701098,0,0.0063733,0.730913,0.021837,-0.0136654,-0.0240167,-0.999618,0.0630858,0.4,0,0,DISABLED,0
5.76006,1.87856,0.0717555,0,0.00968844,0.730581,0.0228586,-0.0103503,-0.0238342,-0.999662,0.0612818,0.4,0,0,DISABLED,0
5.78006,1.88505,0.0736472,0,0.0124278,0.730334,0.0215982,-0.00761091,-0.020796,-0.999755,0.0606924,0.4,0,0,DISABLED,0
5.80006,1.89232,0.0760546,0,0.0136759,0.730065,0.0177873,-0.00636277,-0.0145035,-0.999875,0.0612906,0.4,0,0,DISABLED,0
5.82006,1.90043,0.078458,0,0.0132724,0.729888,0.0153014,-0.0067663,-0.0107442,-0.999919,0.0619649,0.4,0,0,DISABLED,0
5.84006,1.90803,0.0800088,0,0.00943743,0.730583,0.0137329,-0.0106013,-0.0131062,-0.999858,0.0667864,0.4,0,0,DISABLED,0
5.86006,1.91455,0.0817616,0,0.00633781,0.731098,0.0090563,-0.0137009,-0.00959623,-0.99986,0.0698761,0.4,0,0,DISABLED,0
5.88006,1.92155,0.0838146,0,0.0047227,0.731455,0.00475918,-0.015316,-0.0025454,-0.999879,0.071829,0.4,0,0,DISABLED,0
5.90006,1.92903,0.0857188,0,0.00455234,0.731622,0.00668608,-0.0154864,0.00175668,-0.999879,0.0741062,0.4,0,0,DISABLED,0
5.92006,1.93585,0.0871938,0,0.0046799,0.731625,0.00827924,-0.0153588,0.003695,-0.999875,0.0765961,0.4,0,0,DISABLED,0
5.94006,1.94213,0.0883252,0,0.00438605,0.731604,0.00985679,-0.0156527,0.00569387,-0.999861,0.0788271,0.4,0,0,DISABLED,0
5.96006,1.94993,0.0893235,0,0.0035789,0.731569,0.011729,-0.0164598,0.00804105,-0.999832,0.0804788,0.4,0,0,DISABLED,0
5.98006,1.95635,0.0897411,0,0.00305949,0.731516,0.0131611,-0.0169792,0.00966935,-0.999809,0.0812778,0.4,0,0,DISABLED,0
6.00006,1.96275,0.0897909,0,0.00303011,0.731392,0.0145301,-0.0170086,0.0110814,-0.999794,0.0820467,0.4,0,0,DISABLED,0
6.02006,1.97056,0.0893626,0,0.00381138,0.731118,0.0159573,-0.0162273,0.0123664,-0.999792,0.0827187,0.4,0,0,DISABLED,0
6.04006,1.9776,0.0885362,0,0.00539968,0.730702,0.0176359,-0.014639,0.0136589,-0.9998,0.08367,0.4,0,0,DISABLED,0
6.06006,1.98532,0.0871501,0,0.00729922,0.730136,0.0191058,-0.0127395,0.014526,-0.999813,0.0847819,0.4,0,0,DISABLED,0
6.08006,1.99235,0.0854126,0,0.00881069,0.729679,0.0178141,-0.011228,0.0123502,-0.999861,0.0865818,0.4,0,0,DISABLED,0
6.10006,1.99882,0.0837018,0,0.00812827,0.729395,0.0120548,-0.0119104,0.00576422,-0.999912,0.086679,0.4,0,0,DISABLED,0
6.12006,2.0068,0.0822903,0,0.00557546,0.729906,0.00953091,-0.0144633,0.00460029,-0.999885,0.0834654,0.4,0,0,DISABLED,0
6.14007,2.01356,0.0811012,0,0.00432644,0.730929,0.00878231,-0.0157123,0.00450746,-0.999866,0.079013,0.4,0,0,DISABLED,0
6.16007,2.01982,0.0797016,0,0.00280065,0.731706,0.00588982,-0.0172381,0.00205573,-0.999849,0.0754855,0.4,0,0,DISABLED,0
6.18007,2.02767,0.077794,0,0.00186576,0.732445,0.00185932,-0.018173,-0.00331849,-0.999829,0.0726591,0.4,0,0,DISABLED,0
6.20007,2.03332,0.0766559,0,0.00223442,0.732618,0.00468343,-0.0178043,-0.00725312,-0.999815,0.0721676,0.4,0,0,DISABLED,0
6.22007,2.04195,0.0756206,0,0.00250379,0.732393,0.00794866,-0.0175349,-0.0106748,-0.999789,0.0720608,0.4,0,0,DISABLED,0
6.24007,2.04929,0.0751996,0,0.00217221,0.732058,0.0107533,-0.0178665,-0.0136609,-0.999747,0.0722325,0.4,0,0,DISABLED,0
6.26007,2.05593,0.0750463,0,0.00189242,0.731802,0.0137025,-0.0181463,-0.0167008,-0.999696,0.0732921,0.4,0,0,DISABLED,0
6.28007,2.06337,0.0751494,0,0.00197177,0.731566,0.0176595,-0.0180669,-0.0206766,-0.999623,0.0736961,0.4,0,0,DISABLED,0
6.30007,2.07153,0.0756175,0,0.00290018,0.731322,0.0205488,-0.0171385,-0.0234709,-0.999578,0.0738893,0.4,0,0,DISABLED,0
6.32007,2.07888,0.076397,0,0.00502388,0.731076,0.0227515,-0.0150148,-0.0253183,-0.999567,0.0736399,0.4,0,0,DISABLED,0
6.34007,2.08543,0.0774299,0,0.00771888,0.730823,0.024334,-0.0123198,-0.0262063,-0.999581,0.0729282,0.4,0,0,DISABLED,0
6.36007,2.09268,0.0790101,0,0.0110359,0.730511,0.0251673,-0.00900282,-0.0257461,-0.999628,0.0715389,0.4,0,0,DISABLED,0
6.38007,2.09999,0.0810612,0,0.0136725,0.730282,0.0229835,-0.00636622,-0.0216085,-0.999746,0.0715913,0.4,0,0,DISABLED,0
6.40007,2.10811,0.0836744,0,0.0144266,0.730015,0.018845,-0.00561214,-0.0152533,-0.999868,0.0725961,0.4,0,0,DISABLED,0
6.42007,2.1156,0.0858186,0,0.0130619,0.729907,0.015629,-0.00697678,-0.0117127,-0.999907,0.0736523,0.4,0,0,DISABLED,0
6.44007,2.12325,0.0873976,0,0.0096052,0.73055,0.0145137,-0.0104335,-0.0140141,-0.999847,0.0759525,0.4,0,0,DISABLED,0
6.46007,2.13068,0.0892684,0,0.00694219,0.731039,0.0111399,-0.0130965,-0.0118433,-0.999844,0.0784372,0.4,0,0,DISABLED,0
6.48007,2.13782,0.0911469,0,0.00472839,0.731333,0.00473407,-0.0153103,-0.00324542,-0.999878,0.0810997,0.4,0,0,DISABLED,0
6.50007,2.1448,0.0926952,0,0.00458693,0.731447,0.00620522,-0.0154518,0.0010486,-0.99988,0.0830387,0.4,0,0,DISABLED,0
6.52007,2.15109,0.093921,0,0.00489971,0.73143,0.00795616,-0.015139,0.00313559,-0.99988,0.0853464,0.4,0,0,DISABLED,0
6.54007,2.15748,0.0950141,0,0.00497714,0.73137,0.00979613,-0.0150616,0.00530741,-0.999873,0.0878095,0.4,0,0,DISABLED,0
6.56007,2.16541,0.0959844,0,0.00466587,0.731317,0.01203,-0.0153728,0.00795762,-0.99985,0.089645,0.4,0,0,DISABLED,0
6.58008,2.17267,0.0964009,0,0.00448537,0.731274,0.0140122,-0.0155533,0.0101434,-0.999828,0.0903717,0.4,0,0,DISABLED,0
6.60008,2.17991,0.0963402,0,0.00485411,0.731109,0.0158072,-0.0151846,0.0119145,-0.999814,0.0921687,0.4,0,0,DISABLED,0
6.62008,2.18789,0.0958415,0,0.00556427,0.730787,0.0169359,-0.0144744,0.0128663,-0.999812,0.0922721,0.4,0,0,DISABLED,0
6.64008,2.19503,0.0950089,0,0.00704133,0.730404,0.0185646,-0.0129974,0.0140472,-0.999817,0.0927281,0.4,0,0,DISABLED,0
6.66008,2.20142,0.0939406,0,0.00854959,0.73007,0.0195621,-0.0114891,0.0144654,-0.999829,0.0936596,0.4,0,0,DISABLED,0
6.68008,2.20856,0.092409,0,0.00947876,0.729829,0.0177337,-0.0105599,0.0118528,-0.999874,0.0950272,0.4,0,0,DISABLED,0
6.70008,2.21584,0.0907675,0,0.00845323,0.729645,0.0121631,-0.0115855,0.00560495,-0.999917,0.0942649,0.4,0,0,DISABLED,0
6.72008,2.22341,0.0897217,0,0.00410214,0.730159,0.00772042,-0.0159366,0.0034117,-0.999867,0.0896587,0.4,0,0,DISABLED,0
6.74008,2.2309,0.0884433,0,0.00303243,0.731185,0.00707588,-0.0170063,0.00326436,-0.99985,0.0864962,0.4,0,0,DISABLED,0
6.76008,2.23711,0.0870595,0,0.00207687,0.731855,0.00524761,-0.0179618,0.00169376,-0.999837,0.0839347,0.4,0,0,DISABLED,0
6.78008,2.24425,0.0853452,0,0.0014395,0.73245,0.00158221,-0.0185992,-0.00245831,-0.999824,0.081672,0.4,0,0,DISABLED,0
6.80008,2.25208,0.0838947,0,0.00175779,0.732613,0.0031074,-0.0182809,-0.00570624,-0.999817,0.0815736,0.4,0,0,DISABLED,0
6.82008,2.25859,0.0831666,0,0.00193501,0.73242,0.0056943,-0.0181037,-0.00849532,-0.9998,0.0811679,0.4,0,0,DISABLED,0
6.84008,2.26665,0.0827117,0,0.00178331,0.732069,0.00845025,-0.0182554,-0.0113937,-0.999768,0.0812261,0.4,0,0,DISABLED,0
6.86008,2.27333,0.0826367,0,0.00148403,0.731811,0.0119305,-0.0185547,-0.0149691,-0.999716,0.0815019,0.4,0,0,DISABLED,0
6.88008,2.28154,0.0828682,0,0.00158992,0.731549,0.0152311,-0.0184488,-0.0182807,-0.999663,0.0819425,0.4,0,0,DISABLED,0
6.90008,2.28896,0.0833862,0,0.00242877,0.731365,0.0177135,-0.0176099,-0.0206766,-0.999631,0.0829991,0.4,0,0,DISABLED,0
6.92008,2.29556,0.0841675,0,0.00484193,0.731189,0.0206386,-0.0151968,-0.0231922,-0.999615,0.0819791,0.4,0,0,DISABLED,0
6.94008,2.30285,0.0854074,0,0.00756168,0.730918,0.0224985,-0.012477,-0.0243196,-0.999626,0.08104,0.4,0,0,DISABLED,0
6.96008,2.3101,0.0870956,0,0.0111413,0.730597,0.0234253,-0.00889739,-0.0237364,-0.999679,0.0799474,0.4,0,0,DISABLED,0
6.98008,2.31733,0.0892758,0,0.0134857,0.730325,0.0220516,-0.00655301,-0.0205775,-0.999767,0.0797402,0.4,0,0,DISABLED,0
7.00008,2.32465,0.0917743,0,0.0145549,0.730039,0.0185357,-0.00548378,-0.0146081,-0.999878,0.080403,0.4,0,0,DISABLED,0
7.02009,2.33205,0.0940874,0,0.0135318,0.729789,0.0154023,-0.00650691,-0.0104827,-0.999924,0.0816109,0.4,0,0,DISABLED,0
7.04009,2.33666,0.0950256,0,0.0113888,0.730127,0.0147621,-0.00864993,-0.0125212,-0.999884,0.0837052,0.4,0,0,DISABLED,0
7.06009,2.34717,0.0975675,0,0.00603196,0.730852,0.00971058,-0.0140068,-0.0107499,-0.999844,0.0880188,0.4,0,0,DISABLED,0
7.08009,2.35521,0.0996565,0,0.00281706,0.731188,0.00318321,-0.0172216,-0.00159455,-0.99985,0.0911492,0.4,0,0,DISABLED,0
7.10009,2.36215,0.101295,0,0.00246231,0.731316,0.00660536,-0.0175764,0.00300385,-0.999841,0.0926831,0.4,0,0,DISABLED,0
7.12009,2.36901,0.102817,0,0.003196,0.731335,0.0089237,-0.0168427,0.00520809,-0.999845,0.0953992,0.4,0,0,DISABLED,0
7.14009,2.37599,0.104181,0,0.00347734,0.731362,0.0109674,-0.0165614,0.00727698,-0.999836,0.0973681,0.4,0,0,DISABLED,0
7.16009,2.38311,0.105182,0,0.00317203,0.731428,0.012997,-0.0168667,0.00947553,-0.999813,0.0984325,0.4,0,0,DISABLED,0
7.18009,2.39025,0.105761,0,0.00298371,0.731441,0.0148506,-0.017055,0.0114175,-0.999789,0.099389,0.4,0,0,DISABLED,0
7.20009,2.39667,0.105953,0,0.003083,0.731365,0.0159237,-0.0169557,0.0124906,-0.999778,0.0994127,0.4,0,0,DISABLED,0
7.22009,2.40446,0.105708,0,0.00400977,0.731097,0.0171527,-0.0160289,0.0135448,-0.99978,0.100301,0.4,0,0,DISABLED,0
7.24009,2.41151,0.105078,0,0.00510507,0.73071,0.0183514,-0.0149336,0.0144954,-0.999783,0.101058,0.4,0,0,DISABLED,0
7.26009,2.41848,0.103987,0,0.00683977,0.730243,0.0191681,-0.0131989,0.0147757,-0.999804,0.102774,0.4,0,0,DISABLED,0
7.28009,2.42483,0.102647,0,0.00789576,0.729905,0.017177,-0.0121429,0.0121245,-0.999853,0.104798,0.4,0,0,DISABLED,0
7.30009,2.4328,0.100893,0,0.00659166,0.729599,0.0104097,-0.0134471,0.00491931,-0.999897,0.104419,0.4,0,0,DISABLED,0
7.32009,2.43936,0.100033,0,0.00330098,0.730035,0.00725062,-0.0167377,0.0033329,-0.999854,0.100543,0.4,0,0,DISABLED,0
7.34009,2.44547,0.0991684,0,0.00195763,0.730913,0.00674819,-0.0180811,0.00333046,-0.999831,0.0969609,0.4,0,0,DISABLED,0
7.36009,2.45374,0.0975091,0,0.0001815,0.731852,0.00371864,-0.0198572,0.000597055,-0.999803,0.0923613,0.4,0,0,DISABLED,0
7.38009,2.46087,0.0959325,0,-0.000711938,0.732432,0.000976562,-0.0207507,-0.00384422,-0.999777,0.091351,0.4,0,0,DISABLED,0
7.40009,2.46794,0.0946943,0,-0.000328062,0.732585,0.00387561,-0.0203668,-0.00699636,-0.999768,0.0910911,0.4,0,0,DISABLED,0
7.42009,2.47436,0.0940199,0,0.000191558,0.732401,0.00642235,-0.0198472,-0.00955697,-0.999757,0.0907656,0.4,0,0,DISABLED,0
7.44009,2.48234,0.0936417,0,0.000285333,0.732048,0.00971671,-0.0197534,-0.0128461,-0.999722,0.0906434,0.4,0,0,DISABLED,0
7.4601,2.48749,0.0935923,0,7.13505e-05,0.731838,0.0118805,-0.0199674,-0.0150093,-0.999688,0.0909503,0.4,0,0,DISABLED,0
7.4801,2.49711,0.0938692,0,5.22919e-05,0.731533,0.016191,-0.0199864,-0.0193195,-0.999614,0.0914601,0.4,0,0,DISABLED,0
7.5001,2.50377,0.0943579,0,0.000735298,0.73135,0.0186543,-0.0193034,-0.0217711,-0.999577,0.0914935,0.4,0,0,DISABLED,0
7.5201,2.50964,0.095009,0,0.00294407,0.731201,0.0208426,-0.0170946,-0.0237647,-0.999571,0.0914538,0.4,0,0,DISABLED,0
7.5401,2.51832,0.0964633,0,0.00576562,0.730915,0.022355,-0.0142731,-0.0247275,-0.999592,0.0906141,0.4,0,0,DISABLED,0
7.5601,2.52617,0.098403,0,0.0100379,0.730523,0.0237036,-0.0100008,-0.0246043,-0.999647,0.0882674,0.4,0,0,DISABLED,0
7.5801,2.532,0.100173,0,0.0121287,0.730325,0.0229367,-0.00791003,-0.0225999,-0.999713,0.087699,0.4,0,0,DISABLED,0
7.6001,2.54074,0.103251,0,0.0135898,0.730008,0.018497,-0.00644888,-0.0156763,-0.999856,0.0896409,0.4,0,0,DISABLED,0
7.6201,2.54817,0.105619,0,0.0124386,0.729796,0.0143152,-0.00760007,-0.0102086,-0.999919,0.0925225,0.4,0,0,DISABLED,0
7.6401,2.55578,0.107382,0,0.00907347,0.730404,0.0133544,-0.0109652,-0.0129278,-0.999856,0.0947079,0.4,0,0,DISABLED,0
7.6601,2.56315,0.109449,0,0.0062506,0.73094,0.00970444,-0.0137881,-0.0105599,-0.999849,0.0978137,0.4,0,0,DISABLED,0
7.6801,2.56956,0.111391,0,0.00414233,0.73125,0.00417188,-0.0158964,-0.00272623,-0.99987,0.100471,0.4,0,0,DISABLED,0
7.7001,2.5772,0.113433,0,0.00389938,0.731424,0.00656916,-0.0161393,0.00215474,-0.999867,0.10267,0.4,0,0,DISABLED,0
7.7201,2.58344,0.114908,0,0.00429285,0.731425,0.00881618,-0.0157459,0.00456973,-0.999866,0.105292,0.4,0,0,DISABLED,0
7.7401,2.59048,0.116385,0,0.00437898,0.731387,0.0108251,-0.0156597,0.00677374,-0.999854,0.107454,0.4,0,0,DISABLED,0
7.7601,2.59763,0.11754,0,0.00418858,0.731362,0.0126484,-0.0158501,0.00880458,-0.999836,0.108697,0.4,0,0,DISABLED,0
7.7801,2.60484,0.118258,0,0.00406078,0.731329,0.0144849,-0.0159779,0.010774,-0.999814,0.109471,0.4,0,0,DISABLED,0
7.8001,2.61205,0.118538,0,0.00426464,0.731211,0.0156061,-0.0157741,0.0118814,-0.999805,0.10995,0.4,0,0,DISABLED,0
7.8201,2.61922,0.118381,0,0.00537028,0.730966,0.0170446,-0.0146684,0.0130443,-0.999807,0.110974,0.4,0,0,DISABLED,0
7.8401,2.62634,0.117822,0,0.00698769,0.730579,0.0185453,-0.013051,0.0140493,-0.999816,0.112056,0.4,0,0,DISABLED,0
7.8601,2.63414,0.116721,0,0.00860167,0.730099,0.0194888,-0.011437,0.0143569,-0.999831,0.113421,0.4,0,0,DISABLED,0
7.88011,2.64135,0.115337,0,0.00950801,0.729819,0.0172636,-0.0105307,0.0112773,-0.999881,0.114972,0.4,0,0,DISABLED,0
7.90011,2.64874,0.113828,0,0.00786616,0.729622,0.0108141,-0.0121726,0.00428177,-0.999917,0.114731,0.4,0,0,DISABLED,0
7.92011,2.65621,0.112871,0,0.00626843,0.730086,0.0086455,-0.0137703,0.00281823,-0.999901,0.113573,0.4,0,0,DISABLED,0
7.94011,2.66307,0.112058,0,0.00371477,0.731061,0.00675702,-0.0163239,0.00250838,-0.999864,0.106497,0.4,0,0,DISABLED,0
7.96011,2.6701,0.110894,0,0.00260126,0.731902,0.00424271,-0.0174375,0.000234935,-0.999848,0.101459,0.4,0,0,DISABLED,0
7.98011,2.67663,0.10955,0,0.00198196,0.732496,0.0024657,-0.0180567,-0.00459789,-0.999826,0.100724,0.4,0,0,DISABLED,0
8.00011,2.68449,0.108169,0,0.003103,0.732747,0.00603971,-0.0169357,-0.00831968,-0.999822,0.100004,0.4,0,0,DISABLED,0
8.02011,2.69163,0.107448,0,0.00432641,0.732581,0.00845025,-0.0157123,-0.0103953,-0.999822,0.0995459,0.4,0,0,DISABLED,0
8.04011,2.69888,0.107114,0,0.00461522,0.732323,0.010597,-0.0154235,-0.0126735,-0.999801,0.10012,0.4,0,0,DISABLED,0
8.06011,2.70623,0.107108,0,0.00441909,0.732083,0.0133321,-0.0156196,-0.0157077,-0.999755,0.100993,0.4,0,0,DISABLED,0
8.08011,2.71287,0.107401,0,0.00441903,0.731885,0.0161541,-0.0156197,-0.0186677,-0.999704,0.100921,0.4,0,0,DISABLED,0
8.10011,2.72023,0.108043,0,0.00500522,0.731655,0.0189239,-0.0150335,-0.0213829,-0.999658,0.100591,0.4,0,0,DISABLED,0
8.12011,2.72824,0.109139,0,0.0068328,0.731369,0.0213065,-0.0132059,-0.0233088,-0.999641,0.100208,0.4,0,0,DISABLED,0
8.14011,2.73545,0.110552,0,0.00941193,0.731034,0.0232414,-0.0106268,-0.0243785,-0.999646,0.0991645,0.4,0,0,DISABLED,0
8.16011,2.74047,0.111814,0,0.0119053,0.730781,0.0240679,-0.0081334,-0.0240477,-0.999678,0.0982784,0.4,0,0,DISABLED,0
8.18011,2.7483,0.114308,0,0.0140356,0.730442,0.0229289,-0.00600315,-0.0212613,-0.999756,0.0980025,0.4,0,0,DISABLED,0
8.20011,2.75614,0.11723,0,0.0153998,0.730126,0.0190683,-0.00463891,-0.0143689,-0.999886,0.0994369,0.4,0,0,DISABLED,0
8.22011,2.76418,0.120019,0,0.0143116,0.72985,0.015648,-0.00572713,-0.00945285,-0.999939,0.0992713,0.4,0,0,DISABLED,0
8.24011,2.77164,0.121795,0,0.010523,0.730378,0.0141139,-0.00951572,-0.0125365,-0.999876,0.101798,0.4,0,0,DISABLED,0
8.26011,2.77819,0.123635,0,0.00712018,0.730824,0.00958703,-0.0129185,-0.00954601,-0.999871,0.104842,0.4,0,0,DISABLED,0
8.28011,2.78593,0.125995,0,0.00489954,0.731172,0.00494348,-0.0151392,-0.00254265,-0.999882,0.107114,0.4,0,0,DISABLED,0
8.30011,2.79204,0.127666,0,0.00455886,0.731254,0.00702516,-0.0154799,0.00221245,-0.999878,0.109445,0.4,0,0,DISABLED,0
8.32012,2.79951,0.129412,0,0.004786,0.731183,0.00878231,-0.0152527,0.00422779,-0.999875,0.112314,0.4,0,0,DISABLED,0
8.34012,2.80654,0.130819,0,0.00423443,0.731145,0.0100721,-0.0158043,0.00600293,-0.999857,0.114505,0.4,0,0,DISABLED,0
8.36012,2.81298,0.131835,0,0.00337253,0.731161,0.0119754,-0.0166662,0.00836063,-0.999826,0.115683,0.4,0,0,DISABLED,0
8.38012,2.82016,0.132564,0,0.00298091,0.731153,0.0139738,-0.0170578,0.0105211,-0.999799,0.116538,0.4,0,0,DISABLED,0
8.40012,2.82733,0.132844,0,0.00315651,0.731041,0.0153053,-0.0168822,0.0118444,-0.999787,0.116995,0.4,0,0,DISABLED,0
8.42012,2.83521,0.132643,0,0.00403772,0.730755,0.0164937,-0.016001,0.012864,-0.999789,0.117742,0.4,0,0,DISABLED,0
8.44012,2.84235,0.132052,0,0.00546836,0.730374,0.018093,-0.0145703,0.0141157,-0.999794,0.118633,0.4,0,0,DISABLED,0
8.46012,2.84944,0.131028,0,0.00715401,0.729975,0.0188861,-0.0128847,0.0143479,-0.999814,0.119984,0.4,0,0,DISABLED,0
8.48012,2.85731,0.129441,0,0.00813152,0.729646,0.0165009,-0.0119072,0.0112249,-0.999866,0.121485,0.4,0,0,DISABLED,0
8.50012,2.86393,0.128037,0,0.00704358,0.729469,0.0106643,-0.0129951,0.00486827,-0.999904,0.121165,0.4,0,0,DISABLED,0
8.52012,2.87052,0.127128,0,0.0045686,0.729877,0.00821419,-0.0154701,0.00369768,-0.999874,0.118706,0.4,0,0,DISABLED,0
8.54012,2.87748,0.126341,0,0.00253979,0.730897,0.00750908,-0.0174989,0.00393633,-0.999839,0.111426,0.4,0,0,DISABLED,0
8.56012,2.88519,0.124906,0,0.000918128,0.731842,0.00431239,-0.0191206,0.00108323,-0.999817,0.107548,0.4,0,0,DISABLED,0
8.58012,2.89165,0.123521,0,0.000378357,0.73244,0.000345267,-0.0196604,-0.00341113,-0.999801,0.106269,0.4,0,0,DISABLED,0
8.60012,2.89876,0.122281,0,0.0010526,0.732656,0.00436732,-0.0189861,-0.00737916,-0.999793,0.106015,0.4,0,0,DISABLED,0
8.62012,2.90592,0.121583,0,0.0016383,0.732486,0.00693979,-0.0184004,-0.00987864,-0.999782,0.105978,0.4,0,0,DISABLED,0
8.64012,2.91396,0.1213,0,0.00151213,0.732152,0.00978396,-0.0185266,-0.0127985,-0.999746,0.105705,0.4,0,0,DISABLED,0
8.66012,2.92135,0.121349,0,0.0011323,0.731879,0.013061,-0.0189064,-0.0161409,-0.999691,0.106254,0.4,0,0,DISABLED,0
8.68012,2.928,0.121646,0,0.00113227,0.731689,0.0159237,-0.0189064,-0.0190143,-0.99964,0.107237,0.4,0,0,DISABLED,0
8.70012,2.93538,0.122295,0,0.00185319,0.731503,0.018845,-0.0181855,-0.0218827,-0.999595,0.107104,0.4,0,0,DISABLED,0
8.72012,2.94341,0.123399,0,0.00390814,0.731261,0.0210617,-0.0161306,-0.0238247,-0.999586,0.10662,0.4,0,0,DISABLED,0
8.74012,2.94993,0.124645,0,0.0064385,0.730988,0.02248,-0.0136002,-0.0246668,-0.999603,0.105817,0.4,0,0,DISABLED,0
8.76013,2.95711,0.126474,0,0.0100018,0.730632,0.0234024,-0.0100369,-0.0242864,-0.999655,0.104321,0.4,0,0,DISABLED,0
8.78013,2.96501,0.129046,0,0.0125816,0.730314,0.0218015,-0.00745708,-0.0209374,-0.999753,0.104223,0.4,0,0,DISABLED,0
8.80013,2.97223,0.131733,0,0.0136812,0.730012,0.0180897,-0.00635754,-0.0149627,-0.999868,0.105025,0.4,0,0,DISABLED,0
8.82013,2.97881,0.13399,0,0.0126418,0.729807,0.0152232,-0.00739695,-0.0116129,-0.999905,0.106344,0.4,0,0,DISABLED,0
8.84013,2.98634,0.135868,0,0.00932085,0.730401,0.0144065,-0.0107179,-0.01412,-0.999843,0.108724,0.4,0,0,DISABLED,0
8.86013,2.99442,0.138251,0,0.00614667,0.730953,0.009649,-0.013892,-0.0105748,-0.999848,0.111814,0.4,0,0,DISABLED,0
8.88013,3.00145,0.14042,0,0.00457644,0.731263,0.00460644,-0.0154623,-0.00359836,-0.999874,0.113766,0.4,0,0,DISABLED,0
8.90013,3.00766,0.14211,0,0.00440379,0.731395,0.00573601,-0.0156349,0.000545671,-0.999878,0.115584,0.4,0,0,DISABLED,0
8.92013,3.01458,0.14378,0,0.00473846,0.731395,0.00780489,-0.0153003,0.00306998,-0.999878,0.118407,0.4,0,0,DISABLED,0
8.94013,3.02163,0.145238,0,0.00477922,0.731342,0.00971671,-0.0152595,0.00532639,-0.999869,0.120839,0.4,0,0,DISABLED,0
8.96013,3.02882,0.146347,0,0.00444867,0.731294,0.0116781,-0.01559,0.00766901,-0.999849,0.12245,0.4,0,0,DISABLED,0
8.98013,3.03606,0.147002,0,0.00427605,0.731224,0.013492,-0.0157627,0.009667,-0.999829,0.123552,0.4,0,0,DISABLED,0
9.00013,3.04404,0.147202,0,0.00458941,0.731037,0.0150935,-0.0154493,0.0112486,-0.999817,0.124601,0.4,0,0,DISABLED,0
9.02013,3.0484,0.147098,0,0.0053987,0.730883,0.0162681,-0.01464,0.0122163,-0.999818,0.125021,0.4,0,0,DISABLED,0
9.04013,3.05844,0.1463,0,0.00727737,0.730355,0.0182243,-0.0127613,0.0135798,-0.999826,0.125974,0.4,0,0,DISABLED,0
9.06013,3.06553,0.145193,0,0.00951187,0.729869,0.0193691,-0.0105268,0.0137408,-0.99985,0.128002,0.4,0,0,DISABLED,0
9.08013,3.07131,0.144066,0,0.0104029,0.729594,0.0182178,-0.00963581,0.0118201,-0.999884,0.12941,0.4,0,0,DISABLED,0
9.10013,3.08021,0.142267,0,0.00935353,0.729344,0.012168,-0.0106852,0.00464998,-0.999932,0.128585,0.4,0,0,DISABLED,0
9.12013,3.08758,0.141402,0,0.00662234,0.729908,0.00961186,-0.0134164,0.00383142,-0.999903,0.125411,0.4,0,0,DISABLED,0
9.14013,3.0938,0.140647,0,0.00516107,0.730796,0.0089237,-0.0148776,0.00414382,-0.999881,0.120623,0.4,0,0,DISABLED,0
9.16013,3.10088,0.139439,0,0.00358061,0.731583,0.00629107,-0.0164581,0.00203718,-0.999862,0.116945,0.4,0,0,DISABLED,0
9.18013,3.10891,0.137856,0,0.00260471,0.732246,0.00260671,-0.017434,-0.00285908,-0.999844,0.114802,0.4,0,0,DISABLED,0
9.20014,3.11609,0.136794,0,0.00326242,0.732394,0.00480902,-0.0167763,-0.00668024,-0.999837,0.114843,0.4,0,0,DISABLED,0
9.22014,3.12335,0.136305,0,0.0039367,0.73218,0.00750908,-0.016102,-0.00953826,-0.999825,0.114707,0.4,0,0,DISABLED,0
9.24014,3.13071,0.136188,0,0.00396714,0.731897,0.00994709,-0.0160716,-0.0122534,-0.999796,0.115475,0.4,0,0,DISABLED,0
9.26014,3.13815,0.136361,0,0.00376213,0.731654,0.0132198,-0.0162766,-0.0158054,-0.999743,0.115809,0.4,0,0,DISABLED,0
9.28014,3.14485,0.136754,0,0.00392555,0.731467,0.0163193,-0.0161132,-0.0189725,-0.99969,0.116341,0.4,0,0,DISABLED,0
9.30014,3.15152,0.13741,0,0.00474003,0.731296,0.0191182,-0.0152987,-0.0216515,-0.999649,0.116305,0.4,0,0,DISABLED,0
9.32014,3.16031,0.138729,0,0.0069176,0.731004,0.0219378,-0.0131211,-0.0239504,-0.999627,0.115215,0.4,0,0,DISABLED,0
9.34014,3.16685,0.140074,0,0.0097027,0.730713,0.0237714,-0.010336,-0.0248297,-0.999638,0.114198,0.4,0,0,DISABLED,0
9.36014,3.17407,0.141993,0,0.0131204,0.730337,0.0247421,-0.00691831,-0.0241053,-0.999685,0.112789,0.4,0,0,DISABLED,0
9.38014,3.18203,0.144649,0,0.0151558,0.730035,0.0234406,-0.00488294,-0.0210154,-0.999767,0.112705,0.4,0,0,DISABLED,0
9.40014,3.18713,0.146546,0,0.0160126,0.729862,0.0207968,-0.00402614,-0.0163999,-0.999857,0.113502,0.4,0,0,DISABLED,0
9.42014,3.19599,0.149633,0,0.0147787,0.729583,0.01629,-0.00525999,-0.00998404,-0.999936,0.116989,0.4,0,0,DISABLED,0
9.44014,3.20355,0.151499,0,0.0114743,0.7302,0.0150698,-0.00856446,-0.0128979,-0.99988,0.119079,0.4,0,0,DISABLED,0
9.46014,3.21092,0.153629,0,0.00805542,0.730743,0.0108031,-0.0119833,-0.0103268,-0.999875,0.123207,0.4,0,0,DISABLED,0
9.48014,3.21796,0.155878,0,0.00606962,0.731092,0.00607906,-0.0139691,-0.00334965,-0.999897,0.12575,0.4,0,0,DISABLED,0
9.50014,3.22478,0.157869,0,0.00584022,0.731259,0.0073729,-0.0141985,0.00135228,-0.999898,0.128112,0.4,0,0,DISABLED,0
9.52014,3.23229,0.15986,0,0.00620705,0.731262,0.00922584,-0.0138317,0.00369509,-0.999898,0.131168,0.4,0,0,DISABLED,0
9.54014,3.23927,0.161482,0,0.00606592,0.731212,0.010902,-0.0139728,0.00592115,-0.999885,0.133882,0.4,0,0,DISABLED,0
9.56014,3.24566,0.162648,0,0.0055303,0.731181,0.0123141,-0.0145084,0.0078653,-0.999864,0.135245,0.4,0,0,DISABLED,0
9.58014,3.2535,0.163583,0,0.00507174,0.731134,0.0139183,-0.014967,0.00983026,-0.99984,0.136111,0.4,0,0,DISABLED,0
9.60014,3.25991,0.163945,0,0.0051418,0.731021,0.0149745,-0.0148969,0.0109344,-0.999829,0.136573,0.4,0,0,DISABLED,0
9.62014,3.2677,0.163895,0,0.00588835,0.730745,0.0161762,-0.0141504,0.0119355,-0.999829,0.137238,0.4,0,0,DISABLED,0
9.64015,3.27475,0.163429,0,0.00721362,0.730374,0.0176528,-0.0128251,0.0129808,-0.999833,0.138071,0.4,0,0,DISABLED,0
9.66015,3.28173,0.162513,0,0.00924373,0.729939,0.0186926,-0.010795,0.0131111,-0.999856,0.139945,0.4,0,0,DISABLED,0
9.68015,3.28882,0.161219,0,0.010122,0.729622,0.0171214,-0.00991668,0.0106765,-0.999894,0.141495,0.4,0,0,DISABLED,0
9.70015,3.29536,0.15988,0,0.0094678,0.729425,0.0121582,-0.0105709,0.00449084,-0.999934,0.141704,0.4,0,0,DISABLED,0
9.72015,3.30346,0.158807,0,0.00622635,0.72984,0.00823593,-0.0138124,0.00224861,-0.999902,0.139506,0.4,0,0,DISABLED,0
9.74015,3.30951,0.15812,0,0.00492047,0.730706,0.00796365,-0.0151182,0.0031269,-0.999881,0.13449,0.4,0,0,DISABLED,0
9.76015,3.31708,0.156868,0,0.0033352,0.731607,0.00575676,-0.0167035,0.00154787,-0.999859,0.130189,0.4,0,0,DISABLED,0
9.78015,3.32419,0.155447,0,0.00210838,0.732255,0.00212837,-0.0179303,-0.00356034,-0.999833,0.127825,0.4,0,0,DISABLED,0
9.80015,3.33123,0.154332,0,0.00247773,0.732447,0.00488282,-0.017561,-0.00733557,-0.999819,0.127315,0.4,0,0,DISABLED,0
9.82015,3.33761,0.15382,0,0.00284115,0.732293,0.00754866,-0.0171976,-0.0101306,-0.999801,0.127612,0.4,0,0,DISABLED,0
9.84015,3.34479,0.153655,0,0.00264732,0.732028,0.00974734,-0.0173914,-0.0125104,-0.99977,0.128232,0.4,0,0,DISABLED,0
9.86015,3.35209,0.153807,0,0.00205549,0.731795,0.0135185,-0.0179832,-0.0164924,-0.999702,0.128349,0.4,0,0,DISABLED,0
9.88015,3.35942,0.154247,0,0.00187241,0.731592,0.0166555,-0.0181663,-0.0196784,-0.999641,0.128902,0.4,0,0,DISABLED,0
9.90015,3.36744,0.155101,0,0.00257898,0.731405,0.019632,-0.0174597,-0.0225927,-0.999592,0.12927,0.4,0,0,DISABLED,0
9.92015,3.37392,0.156086,0,0.00444984,0.731229,0.021744,-0.0155889,-0.0244109,-0.99958,0.128828,0.4,0,0,DISABLED,0
9.94015,3.38177,0.157693,0,0.0072556,0.730943,0.0235243,-0.0127831,-0.0255078,-0.999593,0.12792,0.4,0,0,DISABLED,0
9.96015,3.38886,0.159644,0,0.0102611,0.730678,0.0241397,-0.00977765,-0.0249778,-0.99964,0.126944,0.4,0,0,DISABLED,0
9.98015,3.39592,0.16207,0,0.0127223,0.730473,0.0223657,-0.00731637,-0.0215279,-0.999741,0.127004,0.4,0,0,DISABLED,0
10.0002,3.40233,0.164539,0,0.0134896,0.730273,0.0190025,-0.00654916,-0.016514,-0.999842,0.127226,0.4,0,0,DISABLED,0
10.0202,3.41026,0.1674,0,0.0123041,0.730036,0.014673,-0.00773466,-0.0111166,-0.999908,0.129568,0.4,0,0,DISABLED,0
10.0402,3.41593,0.169445,0,0.0140537,0.730685,0.0172636,-0.00598499,-0.0131606,-0.999896,0.129902,0.4,0,0,DISABLED,0
10.0602,3.41856,0.170764,0,0.0158268,0.731179,0.0185582,-0.00421188,-0.0128224,-0.999909,0.131052,0.4,0,0,DISABLED,0
10.0802,3.42247,0.173671,0,0.0192531,0.73216,0.0193568,-0.000785633,-0.00510182,-0.999987,0.130934,0.4,0,0,DISABLED,0
10.1002,3.42479,0.175936,0,0.0202268,0.733058,0.0203565,0.000188135,-0.000867269,-1,0.130783,0.4,0,0,DISABLED,0
10.1202,3.42615,0.177833,0,0.0195765,0.733936,0.0200347,-0.000462169,0.00112438,-0.999999,0.13126,0.4,0,0,DISABLED,0
10.1402,3.42658,0.179402,0,0.0174348,0.734749,0.018571,-0.00260393,0.00325524,-0.999991,0.131764,0.4,0,0,DISABLED,0
10.1602,3.42628,0.180792,0,0.0142604,0.73562,0.0170761,-0.00577827,0.00626009,-0.999964,0.130893,0.4,0,0,DISABLED,0
10.1802,3.42515,0.18192,0,0.0109366,0.736479,0.0167661,-0.00910212,0.00957515,-0.999913,0.129545,0.4,0,0,DISABLED,0
10.2002,3.42342,0.182652,0,0.0082312,0.737136,0.0172981,-0.0118075,0.0120785,-0.999857,0.128321,0.4,0,0,DISABLED,0
10.2202,3.42048,0.183163,0,0.00546226,0.73784,0.0181818,-0.0145765,0.0142129,-0.999793,0.127438,0.4,0,0,DISABLED,0
10.2402,3.41877,0.183243,0,2.78316e-05,0.738258,0.0179475,-0.0200109,0.0148133,-0.99969,0.127766,0.4,0,0,DISABLED,0
10.2602,3.41754,0.183008,0,-0.00737243,0.738476,0.0197893,-0.0274111,0.0152326,-0.999508,0.129396,0.4,0,0,DISABLED,0
10.2802,3.41668,0.18258,0,-0.0128273,0.738422,0.0218425,-0.032866,0.0145411,-0.999354,0.131756,0.4,0,0,DISABLED,0
10.3002,3.41587,0.181757,0,-0.0157336,0.73795,0.0207336,-0.0357723,0.0103595,-0.999306,0.132653,0.4,0,0,DISABLED,0
10.3202,3.41563,0.180708,0,-0.0181976,0.736972,0.0184454,-0.0382363,-0.000156784,-0.999269,0.132617,0.4,0,0,DISABLED,0
10.3402,3.41548,0.179843,0,-0.0190376,0.735829,0.0192642,-0.0390763,-0.00601673,-0.999218,0.132315,0.4,0,0,DISABLED,0
10.3602,3.41575,0.179857,0,-0.0257971,0.735795,0.0258842,-0.0458358,-0.00115919,-0.998948,0.132428,0.4,0,0,DISABLED,0
10.3802,3.41594,0.178932,0,-0.0286235,0.735822,0.0286436,-0.0486622,-0.00357586,-0.998809,0.134151,0.4,0,0,DISABLED,0
10.4002,3.41601,0.177662,0,-0.0297014,0.735786,0.0304513,-0.0497402,-0.00975566,-0.998715,0.137478,0.4,0,0,DISABLED,0
10.4202,3.4163,0.176736,0,-0.0307768,0.735577,0.0325665,-0.0508155,-0.0137117,-0.998614,0.140638,0.4,0,0,DISABLED,0
10.4402,3.41713,0.176602,0,-0.0323478,0.735275,0.0347487,-0.0523865,-0.0157538,-0.998503,0.142038,0.4,0,0,DISABLED,0
10.4602,3.41783,0.176873,0,-0.0331609,0.735224,0.0360257,-0.0531997,-0.0171399,-0.998437,0.142381,0.4,0,0,DISABLED,0
10.4802,3.41918,0.177596,0,-0.0331395,0.735276,0.0367256,-0.0531782,-0.0188937,-0.998406,0.144084,0.4,0,0,DISABLED,0
10.5002,3.42066,0.178476,0,-0.032693,0.735339,0.0365417,-0.0527317,-0.0193919,-0.99842,0.145705,0.4,0,0,DISABLED,0
10.5202,3.42228,0.179544,0,-0.0321066,0.735366,0.0358881,-0.0521453,-0.0191052,-0.998457,0.147158,0.4,0,0,DISABLED,0
10.5402,3.42458,0.181328,0,-0.0311802,0.735382,0.0344904,-0.0512189,-0.0178157,-0.998529,0.148945,0.4,0,0,DISABLED,0
10.5602,3.42694,0.183559,0,-0.0300364,0.735359,0.0325061,-0.0500751,-0.0155025,-0.998625,0.150334,0.4,0,0,DISABLED,0
10.5802,3.42955,0.186373,0,-0.0287666,0.735194,0.0302352,-0.0488053,-0.012372,-0.998732,0.151698,0.4,0,0,DISABLED,0
10.6002,3.43218,0.189631,0,-0.0258902,0.734572,0.0260541,-0.0459289,-0.00593287,-0.998927,0.155725,0.4,0,0,DISABLED,0
10.6202,3.43467,0.192714,0,-0.0229333,0.733659,0.0230663,-0.0429721,-0.000788001,-0.999076,0.159188,0.4,0,0,DISABLED,0
10.6402,3.43824,0.195478,0,-0.0220813,0.733583,0.0221729,-0.04212,-0.00500074,-0.9991,0.160246,0.4,0,0,DISABLED,0
10.6602,3.44221,0.198346,0,-0.021272,0.733509,0.0212953,-0.0413107,-0.00392346,-0.999139,0.161594,0.4,0,0,DISABLED,0
10.6802,3.44624,0.200903,0,-0.0191121,0.73366,0.0199632,-0.0391509,0.00260387,-0.99923,0.16225,0.4,0,0,DISABLED,0
10.7002,3.45087,0.203125,0,-0.0157832,0.734,0.0213958,-0.0358219,0.0113032,-0.999294,0.163006,0.4,0,0,DISABLED,0
10.7202,3.45527,0.204576,0,-0.012425,0.734207,0.0232619,-0.0324637,0.0165293,-0.999336,0.163735,0.4,0,0,DISABLED,0
10.7402,3.46001,0.205618,0,-0.00872108,0.734273,0.0259831,-0.0287598,0.0213393,-0.999359,0.165245,0.4,0,0,DISABLED,0
10.7602,3.46498,0.206373,0,-0.00588103,0.7342,0.0279952,-0.0259197,0.0242345,-0.99937,0.165411,0.4,0,0,DISABLED,0
10.7802,3.47037,0.20689,0,-0.00348525,0.734023,0.0306425,-0.023524,0.0273065,-0.99935,0.165738,0.4,0,0,DISABLED,0
10.8002,3.47614,0.20714,0,-0.00118569,0.733701,0.0330409,-0.0212244,0.0298828,-0.999328,0.166409,0.4,0,0,DISABLED,0
10.8202,3.48222,0.207171,0,0.00116899,0.733216,0.0343466,-0.0188697,0.0311905,-0.999335,0.166932,0.4,0,0,DISABLED,0
10.8402,3.48858,0.207073,0,0.00387957,0.732608,0.03543,-0.0161591,0.0320796,-0.999355,0.167347,0.4,0,0,DISABLED,0
10.8602,3.49445,0.206907,0,0.00700028,0.731954,0.0367531,-0.0130384,0.032944,-0.999372,0.167729,0.4,0,0,DISABLED,0
10.8802,3.50107,0.206664,0,0.0102262,0.731072,0.0375173,-0.00981254,0.03296,-0.999408,0.167969,0.4,0,0,DISABLED,0
10.9002,3.5084,0.206179,0,0.0124068,0.729906,0.0339802,-0.00763194,0.0285008,-0.999565,0.168067,0.4,0,0,DISABLED,0
10.9202,3.51441,0.206148,0,0.0120522,0.729663,0.0309638,-0.00798654,0.0253891,-0.999646,0.164405,0.4,0,0,DISABLED,0
10.9402,3.52103,0.206297,0,0.00917102,0.730356,0.0288654,-0.0108677,0.0242364,-0.999647,0.158958,0.4,0,0,DISABLED,0
10.9602,3.52642,0.206245,0,0.00650938,0.730933,0.025852,-0.0135293,0.0218881,-0.999669,0.154446,0.4,0,0,DISABLED,0
10.9802,3.53278,0.205962,0,0.00235144,0.731623,0.0188007,-0.0176873,0.0155221,-0.999723,0.148674,0.4,0,0,DISABLED,0
11.0002,3.54258,0.205784,0,-0.000346426,0.732266,0.0106866,-0.0203851,0.00755087,-0.999764,0.146162,0.4,0,0,DISABLED,0
11.0202,3.5489,0.20621,0,-0.00130159,0.732265,0.00723416,-0.0213403,0.00398375,-0.999764,0.146031,0.4,0,0,DISABLED,0
11.0402,3.55609,0.207082,0,-0.00282932,0.732116,0.00411433,-0.022868,-0.000145548,-0.999738,0.145987,0.4,0,0,DISABLED,0
11.0602,3.56344,0.208238,0,-0.00427162,0.731937,0.00455439,-0.0243103,-0.00470918,-0.999693,0.145597,0.4,0,0,DISABLED,0
11.0802,3.57151,0.209629,0,-0.00479265,0.73179,0.00795616,-0.0248314,-0.00947775,-0.999647,0.146864,0.4,0,0,DISABLED,0
11.1002,3.5788,0.211098,0,-0.00414333,0.731671,0.0116372,-0.024182,-0.0140062,-0.999609,0.147781,0.4,0,0,DISABLED,0
11.1202,3.58602,0.212823,0,-0.00217068,0.731529,0.0145013,-0.0222094,-0.0174668,-0.999601,0.148919,0.4,0,0,DISABLED,0
11.1402,3.59314,0.214847,0,0.00117789,0.731263,0.0168865,-0.0188608,-0.0199784,-0.999623,0.149123,0.4,0,0,DISABLED,0
11.1602,3.60018,0.217161,0,0.00529348,0.730784,0.0189239,-0.0147452,-0.0212987,-0.999664,0.148959,0.4,0,0,DISABLED,0
11.1802,3.60638,0.219572,0,0.00897817,0.730212,0.0187531,-0.0110605,-0.0195953,-0.999747,0.148634,0.4,0,0,DISABLED,0
11.2002,3.61327,0.222648,0,0.0114694,0.72938,0.0154294,-0.00856929,-0.013446,-0.999873,0.149708,0.4,0,0,DISABLED,0
11.2202,3.62123,0.225339,0,0.0102729,0.729229,0.0164249,-0.00976581,-0.0159491,-0.999825,0.150783,0.4,0,0,DISABLED,0
11.2402,3.62841,0.227795,0,0.00769037,0.729848,0.0178676,-0.0123483,-0.0192583,-0.999738,0.152926,0.4,0,0,DISABLED,0
11.2602,3.63486,0.230267,0,0.00430185,0.730283,0.0121729,-0.0157369,-0.0145178,-0.999771,0.157669,0.4,0,0,DISABLED,0
11.2802,3.6419,0.232899,0,0.00179424,0.730692,0.00472146,-0.0182445,-0.00750334,-0.999805,0.160369,0.4,0,0,DISABLED,0
11.3002,3.64874,0.235087,0,0.000810372,0.730903,0.000845728,-0.0192283,-0.0028729,-0.999811,0.163751,0.4,0,0,DISABLED,0
11.3202,3.65628,0.237241,0,0.000784991,0.730952,0.00251358,-0.0192537,-0.000750025,-0.999814,0.166783,0.4,0,0,DISABLED,0
11.3402,3.66326,0.238985,0,0.000653246,0.730986,0.00479661,-0.0193855,0.00162339,-0.999811,0.167926,0.4,0,0,DISABLED,0
11.3602,3.66897,0.240084,0,0.00042483,0.731031,0.00730794,-0.0196139,0.00416411,-0.999799,0.168288,0.4,0,0,DISABLED,0
11.3802,3.67768,0.241164,0,0.000435213,0.731012,0.00994709,-0.0196035,0.00681141,-0.999785,0.168765,0.4,0,0,DISABLED,0
11.4002,3.68428,0.241527,0,0.00112609,0.730865,0.0115652,-0.0189126,0.00838098,-0.999786,0.168424,0.4,0,0,DISABLED,0
11.4202,3.69242,0.241471,0,0.00245754,0.730542,0.0125443,-0.0175812,0.00917217,-0.999803,0.168244,0.4,0,0,DISABLED,0
11.4402,3.69986,0.241088,0,0.00405688,0.730137,0.0138668,-0.0159818,0.0101297,-0.999821,0.168004,0.4,0,0,DISABLED,0
11.4602,3.70726,0.240443,0,0.0062609,0.729662,0.0153558,-0.0137778,0.0108921,-0.999846,0.16834,0.4,0,0,DISABLED,0
11.4802,3.71393,0.239604,0,0.00808045,0.729266,0.0142693,-0.0119583,0.00862459,-0.999891,0.169076,0.4,0,0,DISABLED,0
11.5002,3.72229,0.238416,0,0.00759743,0.728899,0.00969214,-0.0124413,0.00288085,-0.999918,0.168299,0.4,0,0,DISABLED,0
11.5202,3.72757,0.237987,0,0.00550539,0.729196,0.00867303,-0.0145333,0.00356818,-0.999888,0.165363,0.4,0,0,DISABLED,0
11.5402,3.73633,0.23729,0,0.00294299,0.730332,0.00710111,-0.0170957,0.00333679,-0.999848,0.157355,0.4,0,0,DISABLED,0
11.5602,3.74376,0.236222,0,0.00108051,0.731181,0.00375056,-0.0189582,0.000462064,-0.99982,0.154668,0.4,0,0,DISABLED,0
11.5802,3.74983,0.235344,0,0.000159519,0.73169,0,-0.0198792,-0.00327129,-0.999797,0.153106,0.4,0,0,DISABLED,0
11.6002,3.75965,0.234467,0,0.000390362,0.731887,0.00512114,-0.0196484,-0.00823335,-0.999773,0.1508,0.4,0,0,DISABLED,0
11.6202,3.76645,0.234393,0,0.000876755,0.731659,0.00734861,-0.019162,-0.0104272,-0.999762,0.15016,0.4,0,0,DISABLED,0
11.6402,3.77409,0.234716,0,0.00100189,0.731327,0.0100721,-0.0190368,-0.0131525,-0.999732,0.150033,0.4,0,0,DISABLED,0
11.6602,3.78251,0.235487,0,0.00112125,0.731018,0.0134123,-0.0189175,-0.0164976,-0.999685,0.150312,0.4,0,0,DISABLED,0
11.6802,3.79013,0.236512,0,0.00168353,0.730767,0.0163193,-0.0183552,-0.019362,-0.999644,0.150146,0.4,0,0,DISABLED,0
11.7002,3.79764,0.23783,0,0.00366142,0.730512,0.0193753,-0.0163773,-0.0221562,-0.99962,0.149842,0.4,0,0,DISABLED,0
11.7202,3.80499,0.239496,0,0.00677595,0.730227,0.0215568,-0.0132628,-0.023592,-0.999634,0.149523,0.4,0,0,DISABLED,0
11.7402,3.81153,0.241341,0,0.010186,0.729932,0.0233795,-0.00985273,-0.0241728,-0.999659,0.148679,0.4,0,0,DISABLED,0
11.7602,3.81867,0.243838,0,0.0143651,0.7295,0.0247397,-0.00567364,-0.0232724,-0.999713,0.146659,0.4,0,0,DISABLED,0
11.7802,3.82596,0.246793,0,0.0168629,0.729231,0.0235573,-0.00317577,-0.0195788,-0.999803,0.14589,0.4,0,0,DISABLED,0
11.8002,3.83334,0.24997,0,0.0173509,0.728954,0.0200377,-0.00268784,-0.0131476,-0.99991,0.147566,0.4,0,0,DISABLED,0
11.8202,3.84087,0.252838,0,0.0154125,0.728832,0.0169851,-0.00462624,-0.0102658,-0.999937,0.149734,0.4,0,0,DISABLED,0
11.8402,3.84861,0.255174,0,0.0111271,0.72956,0.0153674,-0.00891164,-0.0137273,-0.999866,0.152945,0.4,0,0,DISABLED,0
11.8602,3.85665,0.258118,0,0.00783515,0.730168,0.0106307,-0.0122036,-0.0103101,-0.999872,0.156167,0.4,0,0,DISABLED,0
11.8802,3.86359,0.260704,0,0.00619497,0.730548,0.00621482,-0.0138437,-0.00262228,-0.999901,0.158795,0.4,0,0,DISABLED,0
11.9002,3.87039,0.262967,0,0.00618278,0.730734,0.00755655,-0.0138559,0.0011965,-0.999903,0.161105,0.4,0,0,DISABLED,0
11.9202,3.87724,0.265056,0,0.0064004,0.730782,0.00906288,-0.0136383,0.00328501,-0.999902,0.163928,0.4,0,0,DISABLED,0
11.9402,3.88421,0.266928,0,0.00623645,0.730779,0.0103696,-0.0138023,0.00515063,-0.999891,0.166142,0.4,0,0,DISABLED,0
11.9602,3.89129,0.2684,0,0.00558172,0.730812,0.011673,-0.014457,0.00711605,-0.99987,0.167179,0.4,0,0,DISABLED,0
11.9802,3.89839,0.269404,0,0.00525516,0.730783,0.0132423,-0.0147836,0.00902299,-0.99985,0.16869,0.4,0,0,DISABLED,0
12.0002,3.90548,0.269992,0,0.0052931,0.730664,0.0141434,-0.0147456,0.00998909,-0.999841,0.168487,0.4,0,0,DISABLED,0
12.0202,3.91184,0.270147,0,0.00607309,0.730482,0.0153519,-0.0139656,0.0109734,-0.999842,0.168553,0.4,0,0,DISABLED,0
12.0402,3.91882,0.269891,0,0.00704229,0.730163,0.0163704,-0.0129964,0.0116485,-0.999848,0.16922,0.4,0,0,DISABLED,0
12.0602,3.92579,0.269199,0,0.00896422,0.729817,0.0178609,-0.0110745,0.0123117,-0.999863,0.170948,0.4,0,0,DISABLED,0
12.0802,3.93286,0.268126,0,0.010256,0.729582,0.0160393,-0.00978273,0.00919893,-0.99991,0.173166,0.4,0,0,DISABLED,0
12.1002,3.94017,0.266966,0,0.00910808,0.729435,0.011188,-0.0109306,0.00336669,-0.999935,0.173442,0.4,0,0,DISABLED,0
12.1202,3.9475,0.2664,0,0.00587122,0.729903,0.00767396,-0.0141675,0.00180063,-0.999898,0.171069,0.4,0,0,DISABLED,0
12.1402,3.9543,0.265971,0,0.00404168,0.730928,0.00635705,-0.015997,0.0017628,-0.99987,0.163756,0.4,0,0,DISABLED,0
12.1602,3.96121,0.265051,0,0.00251749,0.731805,0.00336525,-0.0175212,-0.000886091,-0.999846,0.160073,0.4,0,0,DISABLED,0
12.1802,3.96764,0.263954,0,0.0019436,0.73243,0.00234172,-0.0180951,-0.00448211,-0.999826,0.159087,0.4,0,0,DISABLED,0
12.2002,3.97611,0.26285,0,0.00243187,0.732667,0.00557797,-0.0176068,-0.00815786,-0.999812,0.158401,0.4,0,0,DISABLED,0
12.2202,3.98249,0.26254,0,0.00313888,0.732482,0.00883644,-0.0168998,-0.0113906,-0.999792,0.158295,0.4,0,0,DISABLED,0
12.2402,3.98898,0.262574,0,0.00297245,0.732178,0.010781,-0.0170663,-0.0134958,-0.999763,0.158339,0.4,0,0,DISABLED,0
12.2602,3.99699,0.262949,0,0.00244664,0.731833,0.0140589,-0.0175921,-0.0169749,-0.999701,0.158951,0.4,0,0,DISABLED,0
12.2802,4.0043,0.263622,0,0.0022691,0.731587,0.0169464,-0.0177696,-0.0199254,-0.999644,0.159557,0.4,0,0,DISABLED,0
12.3002,4.0123,0.264721,0,0.00296543,0.731369,0.0197168,-0.0170733,-0.0226194,-0.999598,0.159602,0.4,0,0,DISABLED,0
12.3202,4.01875,0.265896,0,0.00461021,0.731193,0.0215485,-0.0154285,-0.0241779,-0.999589,0.159676,0.4,0,0,DISABLED,0
12.3402,4.02651,0.26778,0,0.00785245,0.730911,0.0235041,-0.0121863,-0.0252813,-0.999606,0.15842,0.4,0,0,DISABLED,0
12.3602,4.0335,0.269994,0,0.0110388,0.730615,0.024221,-0.00899989,-0.0246897,-0.999655,0.157026,0.4,0,0,DISABLED,0
12.3802,4.04053,0.27267,0,0.0129971,0.730418,0.0228195,-0.0070416,-0.021888,-0.999736,0.157057,0.4,0,0,DISABLED,0
12.4002,4.04754,0.275684,0,0.0139931,0.730176,0.0184228,-0.00604559,-0.0151088,-0.999868,0.15863,0.4,0,0,DISABLED,0
12.4202,4.05466,0.278558,0,0.0128466,0.729977,0.0148987,-0.00719211,-0.0106736,-0.999917,0.160185,0.4,0,0,DISABLED,0
12.4402,4.06119,0.280596,0,0.0096934,0.730466,0.0141729,-0.0103453,-0.0134691,-0.999856,0.160875,0.4,0,0,DISABLED,0
12.4602,4.06905,0.283304,0,0.00670689,0.730981,0.0102248,-0.0133318,-0.0108584,-0.999852,0.162911,0.4,0,0,DISABLED,0
12.4802,4.07528,0.285502,0,0.00448325,0.731254,0.00458049,-0.0155555,-0.00402799,-0.999871,0.165078,0.4,0,0,DISABLED,0
12.5002,4.08208,0.287651,0,0.00397763,0.731397,0.00575676,-0.0160611,0.00101797,-0.99987,0.167492,0.4,0,0,DISABLED,0
12.5202,4.08958,0.289797,0,0.00417803,0.731373,0.00757231,-0.0158607,0.00317617,-0.999869,0.169772,0.4,0,0,DISABLED,0
12.5402,4.09656,0.291576,0,0.00406381,0.731335,0.00980222,-0.0159749,0.005786,-0.999856,0.171589,0.4,0,0,DISABLED,0
12.5602,4.10368,0.292996,0,0.00379438,0.731326,0.01181,-0.0162443,0.00805168,-0.999836,0.172446,0.4,0,0,DISABLED,0
12.5802,4.10798,0.293628,0,0.00372682,0.731313,0.0139909,-0.0163119,0.010354,-0.999813,0.172899,0.4,0,0,DISABLED,0
12.6002,4.11735,0.294438,0,0.00403587,0.73118,0.0153984,-0.0160028,0.0117292,-0.999803,0.173345,0.4,0,0,DISABLED,0
12.6202,4.1253,0.294556,0,0.00515086,0.730887,0.0168583,-0.0148879,0.0129207,-0.999806,0.174147,0.4,0,0,DISABLED,0
12.6402,4.13252,0.29428,0,0.00649039,0.730494,0.0183579,-0.0135483,0.0140419,-0.99981,0.174852,0.4,0,0,DISABLED,0
12.6602,4.139,0.293693,0,0.00823767,0.730121,0.0194888,-0.011801,0.0145306,-0.999825,0.176102,0.4,0,0,DISABLED,0
12.6802,4.14699,0.292529,0,0.00943712,0.729766,0.0171319,-0.0106016,0.0111645,-0.999881,0.177936,0.4,0,0,DISABLED,0
12.7002,4.15371,0.291514,0,0.00843684,0.729559,0.0121287,-0.0116019,0.0055796,-0.999917,0.177655,0.4,0,0,DISABLED,0
12.7202,4.1619,0.291009,0,0.0050134,0.730161,0.0092129,-0.0150253,0.00458898,-0.999877,0.173449,0.4,0,0,DISABLED,0
12.7402,4.16824,0.290594,0,0.00321583,0.731109,0.00821419,-0.0168229,0.00443187,-0.999849,0.167809,0.4,0,0,DISABLED,0
12.7602,4.1753,0.289589,0,0.00209505,0.731918,0.00521342,-0.0179437,0.00165276,-0.999838,0.164402,0.4,0,0,DISABLED,0
12.7802,4.18256,0.288442,0,0.0016454,0.732549,0.00161945,-0.0183933,-0.0032043,-0.999826,0.162487,0.4,0,0,DISABLED,0
12.8002,4.19047,0.287621,0,0.00242649,0.732722,0.00480902,-0.0176122,-0.00729081,-0.999818,0.161893,0.4,0,0,DISABLED,0
12.8202,4.19771,0.287443,0,0.00277673,0.732529,0.0072424,-0.017262,-0.00981924,-0.999803,0.162118,0.4,0,0,DISABLED,0
12.8402,4.20508,0.287644,0,0.00247908,0.732242,0.010084,-0.0175596,-0.0129103,-0.999762,0.162303,0.4,0,0,DISABLED,0
12.8602,4.20953,0.287917,0,0.00205331,0.732073,0.0135141,-0.0179854,-0.0164892,-0.999702,0.162645,0.4,0,0,DISABLED,0
12.8802,4.2199,0.288994,0,0.00202359,0.731736,0.0164067,-0.0180151,-0.0194096,-0.999649,0.163274,0.4,0,0,DISABLED,0
12.9002,4.22506,0.289773,0,0.00254651,0.731579,0.018769,-0.0174922,-0.0217241,-0.999611,0.163196,0.4,0,0,DISABLED,0
12.9202,4.23453,0.291664,0,0.00490741,0.731249,0.0214459,-0.0151313,-0.0240049,-0.999597,0.162369,0.4,0,0,DISABLED,0
12.9402,4.24174,0.293534,0,0.0077608,0.730874,0.0229341,-0.0122779,-0.0247109,-0.999619,0.161241,0.4,0,0,DISABLED,0
12.9602,4.24817,0.295585,0,0.0106415,0.730491,0.023824,-0.00939717,-0.0244468,-0.999657,0.160126,0.4,0,0,DISABLED,0
12.9802,4.25589,0.298681,0,0.0138659,0.730054,0.0226016,-0.00617282,-0.0209777,-0.999761,0.159738,0.4,0,0,DISABLED,0
13.0002,4.26295,0.301877,0,0.0159067,0.729726,0.0193661,-0.00413203,-0.0141757,-0.999891,0.160328,0.4,0,0,DISABLED,0
13.0202,4.26942,0.304644,0,0.0155762,0.729474,0.0169535,-0.00446247,-0.00982195,-0.999942,0.160656,0.4,0,0,DISABLED,0
13.0402,4.27772,0.307106,0,0.0120149,0.730204,0.0152545,-0.0080238,-0.0125268,-0.999889,0.166045,0.4,0,0,DISABLED,0
13.0602,4.28478,0.309753,0,0.00950769,0.730806,0.0115343,-0.010531,-0.00965967,-0.999898,0.1682,0.4,0,0,DISABLED,0
13.0802,4.29162,0.312477,0,0.00768315,0.731192,0.00769723,-0.0123556,-0.00278665,-0.99992,0.170598,0.4,0,0,DISABLED,0
13.1002,4.29832,0.314934,0,0.00708785,0.731373,0.0085971,-0.0129509,0.0017237,-0.999915,0.172918,0.4,0,0,DISABLED,0
13.1202,4.30437,0.316967,0,0.00698266,0.731391,0.00995906,-0.0130561,0.003962,-0.999907,0.175829,0.4,0,0,DISABLED,0
13.1402,4.31197,0.319237,0,0.00632248,0.731347,0.0114513,-0.0137162,0.0064144,-0.999885,0.179419,0.4,0,0,DISABLED,0
13.1602,4.31834,0.320805,0,0.00532543,0.731336,0.0124249,-0.0147133,0.00809197,-0.999859,0.180512,0.4,0,0,DISABLED,0
13.1802,4.32616,0.322259,0,0.00456483,0.731302,0.0140207,-0.0154739,0.0101237,-0.999829,0.181685,0.4,0,0,DISABLED,0
13.2002,4.33257,0.323053,0,0.00458734,0.7312,0.0154255,-0.0154514,0.0115958,-0.999813,0.182648,0.4,0,0,DISABLED,0
13.2202,4.33827,0.323469,0,0.00497668,0.731031,0.0164031,-0.015062,0.0124986,-0.999808,0.182887,0.4,0,0,DISABLED,0
13.2402,4.34745,0.323477,0,0.00705023,0.730553,0.0185967,-0.0129885,0.0140764,-0.999817,0.184912,0.4,0,0,DISABLED,0
13.2602,4.35379,0.323018,0,0.00895983,0.730102,0.0195803,-0.0110789,0.0142786,-0.999837,0.187308,0.4,0,0,DISABLED,0
13.2802,4.35957,0.322406,0,0.0098152,0.729793,0.0176528,-0.0102235,0.0115425,-0.999881,0.188721,0.4,0,0,DISABLED,0
13.3002,4.36917,0.321175,0,0.00891035,0.729465,0.0126153,-0.0111284,0.00579717,-0.999921,0.188397,0.4,0,0,DISABLED,0
13.3202,4.37661,0.320854,0,0.00530387,0.729998,0.00861096,-0.0147348,0.00364101,-0.999885,0.184667,0.4,0,0,DISABLED,0
13.3402,4.38342,0.320458,0,0.00406153,0.730989,0.00795616,-0.0159772,0.00370546,-0.999865,0.18008,0.4,0,0,DISABLED,0
13.3602,4.3897,0.319841,0,0.00265598,0.731652,0.00519051,-0.0173827,0.00133018,-0.999848,0.173626,0.4,0,0,DISABLED,0
13.3802,4.39697,0.318859,0,0.00144789,0.732261,0.00150498,-0.0185908,-0.00276273,-0.999823,0.172836,0.4,0,0,DISABLED,0
13.4002,4.40478,0.318116,0,0.00241296,0.7325,0.00443504,-0.0176258,-0.00687115,-0.999821,0.173768,0.4,0,0,DISABLED,0
13.4202,4.41186,0.318013,0,0.00359366,0.732387,0.00726705,-0.0164451,-0.00944781,-0.99982,0.174562,0.4,0,0,DISABLED,0
13.4402,4.41836,0.318252,0,0.00399583,0.732171,0.00969829,-0.0160429,-0.0119725,-0.9998,0.175082,0.4,0,0,DISABLED,0
13.4602,4.42562,0.318788,0,0.00412496,0.731939,0.0130199,-0.0159138,-0.0154842,-0.999753,0.176054,0.4,0,0,DISABLED,0
13.4802,4.4329,0.319621,0,0.0043943,0.731744,0.0159162,-0.0156444,-0.01843,-0.999708,0.176921,0.4,0,0,DISABLED,0
13.5002,4.44012,0.320792,0,0.00532866,0.731562,0.0190495,-0.0147101,-0.0214202,-0.999662,0.176983,0.4,0,0,DISABLED,0
13.5202,4.44797,0.322494,0,0.00722418,0.731327,0.0216561,-0.0128145,-0.0235444,-0.999641,0.176381,0.4,0,0,DISABLED,0
13.5402,4.45291,0.323813,0,0.00932585,0.73114,0.0233948,-0.0107129,-0.0245857,-0.99964,0.175649,0.4,0,0,DISABLED,0
13.5602,4.46196,0.326862,0,0.0131885,0.730716,0.0247565,-0.00685024,-0.0240804,-0.999687,0.173887,0.4,0,0,DISABLED,0
13.5802,4.46891,0.329707,0,0.0152371,0.730449,0.0231566,-0.00480163,-0.0205689,-0.999777,0.174064,0.4,0,0,DISABLED,0
13.6002,4.47518,0.332548,0,0.0157511,0.730172,0.019452,-0.00428765,-0.0145441,-0.999885,0.17482,0.4,0,0,DISABLED,0
13.6202,4.48301,0.335798,0,0.0141236,0.729965,0.0162241,-0.00591511,-0.0111117,-0.999921,0.176351,0.4,0,0,DISABLED,0
13.6402,4.49027,0.338208,0,0.0112371,0.730505,0.0154718,-0.00880157,-0.0137618,-0.999867,0.177277,0.4,0,0,DISABLED,0
13.6602,4.4974,0.340802,0,0.00747634,0.730945,0.0103983,-0.0125624,-0.0103567,-0.999867,0.181798,0.4,0,0,DISABLED,0
13.6802,4.50425,0.343362,0,0.0056867,0.731232,0.00570475,-0.014352,-0.00344481,-0.999891,0.183745,0.4,0,0,DISABLED,0
13.7002,4.51096,0.345613,0,0.00550545,0.731352,0.00666823,-0.0145333,0.000621958,-0.999894,0.185457,0.4,0,0,DISABLED,0
13.7202,4.5177,0.347662,0,0.00595149,0.731328,0.00878909,-0.0140872,0.00332683,-0.999895,0.188658,0.4,0,0,DISABLED,0
13.7402,4.5225,0.348983,0,0.0060021,0.731302,0.00993509,-0.0140366,0.00478488,-0.99989,0.189992,0.4,0,0,DISABLED,0
13.7602,4.52881,0.350442,0,0.00566444,0.731345,0.0110486,-0.0143743,0.00635424,-0.999876,0.189904,0.4,0,0,DISABLED,0
13.7802,4.53876,0.351999,0,0.00556013,0.731322,0.0143526,-0.0144786,0.0101029,-0.999844,0.193124,0.4,0,0,DISABLED,0
13.8002,4.54524,0.352601,0,0.00567709,0.731158,0.0157619,-0.0143616,0.0115748,-0.99983,0.193517,0.4,0,0,DISABLED,0
13.8202,4.55316,0.352831,0,0.00672478,0.730773,0.0172636,-0.0133139,0.0127671,-0.99983,0.19419,0.4,0,0,DISABLED,0
13.8402,4.56033,0.352638,0,0.00834127,0.730313,0.0189837,-0.0116974,0.0139204,-0.999835,0.195104,0.4,0,0,DISABLED,0
13.8602,4.56752,0.352054,0,0.00999416,0.729891,0.0197289,-0.0100446,0.0138824,-0.999853,0.196369,0.4,0,0,DISABLED,0
13.8802,4.57482,0.351143,0,0.010782,0.729621,0.0174182,-0.00925671,0.0105486,-0.999902,0.197404,0.4,0,0,DISABLED,0
13.9002,4.58153,0.350316,0,0.00966095,0.729469,0.0128679,-0.0103778,0.00536553,-0.999932,0.196813,0.4,0,0,DISABLED,0
13.9202,4.58902,0.350005,0,0.00617799,0.730024,0.00962426,-0.0138607,0.00424858,-0.999895,0.192562,0.4,0,0,DISABLED,0
13.9402,4.59669,0.349526,0,0.00421871,0.731086,0.0086455,-0.01582,0.00441632,-0.999865,0.187672,0.4,0,0,DISABLED,0
13.9602,4.60381,0.348667,0,0.00281237,0.731823,0.00552428,-0.0172263,0.00162318,-0.99985,0.184365,0.4,0,0,DISABLED,0
13.9802,4.61037,0.347861,0,0.00201106,0.732298,0.00210018,-0.0180277,-0.00243201,-0.999835,0.183288,0.4,0,0,DISABLED,0
14.0002,4.61833,0.347316,0,0.00209194,0.732415,0.00327549,-0.0179468,-0.00566234,-0.999823,0.183116,0.4,0,0,DISABLED,0
14.0202,4.62558,0.347362,0,0.00207268,0.732184,0.00558864,-0.017966,-0.0083208,-0.999804,0.182992,0.4,0,0,DISABLED,0
14.0402,4.63289,0.347784,0,0.00163131,0.731914,0.00854146,-0.0184074,-0.0115123,-0.999764,0.183328,0.4,0,0,DISABLED,0
14.0602,4.64025,0.348545,0,0.00119973,0.731693,0.0116576,-0.018839,-0.0147317,-0.999714,0.183958,0.4,0,0,DISABLED,0
14.0802,4.64689,0.349531,0,0.00112246,0.73151,0.0152193,-0.0189163,-0.0183053,-0.999653,0.183924,0.4,0,0,DISABLED,0
14.1002,4.65423,0.350937,0,0.00187465,0.731283,0.0180468,-0.0181641,-0.0210788,-0.999613,0.18354,0.4,0,0,DISABLED,0
14.1202,4.66217,0.352868,0,0.0041224,0.730984,0.0201475,-0.0159163,-0.0228502,-0.999612,0.183092,0.4,0,0,DISABLED,0
14.1402,4.66858,0.3548,0,0.00721888,0.730659,0.0218043,-0.0128198,-0.0237028,-0.999637,0.181957,0.4,0,0,DISABLED,0
14.1602,4.67562,0.357374,0,0.0106358,0.730263,0.0226964,-0.00940291,-0.0231798,-0.999687,0.180444,0.4,0,0,DISABLED,0
14.1802,4.6812,0.359798,0,0.0127265,0.729998,0.0218589,-0.00731219,-0.0209061,-0.999755,0.179933,0.4,0,0,DISABLED,0
14.2002,4.68961,0.36379,0,0.0144927,0.729617,0.0174593,-0.00554603,-0.0128682,-0.999902,0.181404,0.4,0,0,DISABLED,0
14.2202,4.69752,0.367074,0,0.0131824,0.729534,0.0154332,-0.0068563,-0.0111547,-0.999914,0.182929,0.4,0,0,DISABLED,0
14.2402,4.70488,0.369638,0,0.00987529,0.730215,0.0146608,-0.0101634,-0.0139693,-0.999851,0.184737,0.4,0,0,DISABLED,0
14.2603,4.70985,0.371589,0,0.00779407,0.730548,0.0120696,-0.0122446,-0.0123497,-0.999849,0.186335,0.4,0,0,DISABLED,0
14.2803,4.71886,0.375274,0,0.00493468,0.73094,0.00499147,-0.015104,-0.00245948,-0.999883,0.18979,0.4,0,0,DISABLED,0
14.3003,4.72564,0.377634,0,0.00452703,0.731034,0.00667716,-0.0155117,0.00176027,-0.999878,0.191576,0.4,0,0,DISABLED,0
14.3203,4.73246,0.379743,0,0.00469687,0.731011,0.00840783,-0.0153418,0.00383394,-0.999875,0.194777,0.4,0,0,DISABLED,0
14.3403,4.7394,0.381718,0,0.00467285,0.731003,0.0103003,-0.0153659,0.00604583,-0.999864,0.196836,0.4,0,0,DISABLED,0
14.3603,4.74646,0.383381,0,0.00450354,0.73103,0.0123189,-0.0155352,0.00833893,-0.999845,0.197696,0.4,0,0,DISABLED,0
14.3803,4.75359,0.384615,0,0.00445988,0.731024,0.0143568,-0.0155788,0.0105188,-0.999823,0.198204,0.4,0,0,DISABLED,0
14.4003,4.76077,0.385401,0,0.00478471,0.730921,0.0157581,-0.015254,0.011886,-0.999813,0.198777,0.4,0,0,DISABLED,0
14.4203,4.76724,0.385742,0,0.00573125,0.73071,0.017097,-0.0143075,0.0129749,-0.999813,0.199808,0.4,0,0,DISABLED,0
14.4403,4.77443,0.38577,0,0.00715664,0.730361,0.0186479,-0.0128821,0.0140904,-0.999818,0.200636,0.4,0,0,DISABLED,0
14.4603,4.7823,0.385288,0,0.00908531,0.729905,0.0196836,-0.0109534,0.0143315,-0.999837,0.202349,0.4,0,0,DISABLED,0
14.4803,4.7896,0.384456,0,0.010217,0.729629,0.0174934,-0.00982169,0.0110664,-0.999891,0.204272,0.4,0,0,DISABLED,0
14.5003,4.79636,0.383656,0,0.00915612,0.729466,0.0125822,-0.0108826,0.00549799,-0.999926,0.204099,0.4,0,0,DISABLED,0
14.5203,4.80097,0.383425,0,0.00695312,0.729646,0.00958081,-0.0130856,0.00345835,-0.999908,0.201995,0.4,0,0,DISABLED,0
14.5403,4.81161,0.383303,0,0.00372097,0.731174,0.00782015,-0.0163177,0.00373937,-0.99986,0.191204,0.4,0,0,DISABLED,0
14.5603,4.81877,0.382627,0,0.00228588,0.732036,0.00417188,-0.0177528,0.000368961,-0.999842,0.186371,0.4,0,0,DISABLED,0
14.5803,4.82534,0.381617,0,0.00213978,0.732612,0.00260671,-0.0178989,-0.00462097,-0.999829,0.186052,0.4,0,0,DISABLED,0
14.6003,4.8332,0.380772,0,0.00345908,0.732799,0.0058083,-0.0165796,-0.00781466,-0.999832,0.185612,0.4,0,0,DISABLED,0
14.6203,4.83962,0.380616,0,0.00438192,0.73261,0.00765062,-0.0156568,-0.00940467,-0.999833,0.18514,0.4,0,0,DISABLED,0
14.6403,4.84613,0.380841,0,0.00441089,0.732309,0.00932863,-0.0156278,-0.011351,-0.999813,0.184826,0.4,0,0,DISABLED,0
14.6603,4.85419,0.381511,0,0.00375778,0.731967,0.0120498,-0.0162809,-0.0145827,-0.999761,0.185077,0.4,0,0,DISABLED,0
14.6803,4.86154,0.382487,0,0.00341159,0.731682,0.015235,-0.0166271,-0.0179794,-0.9997,0.185007,0.4,0,0,DISABLED,0
14.7003,4.86883,0.383788,0,0.00389424,0.731407,0.0178108,-0.0161445,-0.0205085,-0.999659,0.185042,0.4,0,0,DISABLED,0
14.7203,4.876,0.38541,0,0.00538031,0.731152,0.0197983,-0.0146584,-0.0221844,-0.999646,0.185206,0.4,0,0,DISABLED,0
14.7403,4.88301,0.387449,0,0.00810892,0.730852,0.021744,-0.0119298,-0.0233064,-0.999657,0.184323,0.4,0,0,DISABLED,0
14.7603,4.88994,0.389974,0,0.0111802,0.730495,0.0228378,-0.00885851,-0.0230452,-0.999695,0.182837,0.4,0,0,DISABLED,0
14.7803,4.89688,0.392961,0,0.013553,0.730224,0.021393,-0.0064857,-0.0196868,-0.999785,0.182475,0.4,0,0,DISABLED,0
14.8003,4.90442,0.396608,0,0.0146905,0.729883,0.0178409,-0.00534819,-0.0132567,-0.999898,0.183907,0.4,0,0,DISABLED,0
14.8203,4.91146,0.399699,0,0.013503,0.729747,0.0151919,-0.00653576,-0.0100905,-0.999928,0.185201,0.4,0,0,DISABLED,0
14.8403,4.91789,0.401985,0,0.0105607,0.730278,0.0146892,-0.009478,-0.0133363,-0.999866,0.185891,0.4,0,0,DISABLED,0
14.8603,4.92563,0.404977,0,0.00762014,0.730828,0.0106643,-0.0124186,-0.0105932,-0.999867,0.188965,0.4,0,0,DISABLED,0
14.8803,4.93183,0.407434,0,0.00488159,0.731133,0.0049193,-0.0151571,-0.00255908,-0.999882,0.19192,0.4,0,0,DISABLED,0
14.9003,4.93854,0.409833,0,0.00435826,0.73128,0.00656008,-0.0156805,0.001762,-0.999875,0.193835,0.4,0,0,DISABLED,0
14.9203,4.94594,0.412213,0,0.00450961,0.731249,0.00870733,-0.0155291,0.00431244,-0.99987,0.196958,0.4,0,0,DISABLED,0
14.9403,4.95215,0.41403,0,0.00428395,0.731227,0.0102248,-0.0157548,0.00614989,-0.999857,0.198229,0.4,0,0,DISABLED,0
14.9603,4.95993,0.415894,0,0.00376437,0.731261,0.0123865,-0.0162743,0.0086749,-0.99983,0.199405,0.4,0,0,DISABLED,0
14.9803,4.96707,0.417134,0,0.00360357,0.731247,0.0149387,-0.0164351,0.0113687,-0.9998,0.200955,0.4,0,0,DISABLED,0
15.0003,4.97428,0.417953,0,0.00381161,0.731113,0.0164466,-0.0162271,0.0128661,-0.999786,0.201405,0.4,0,0,DISABLED,0
15.0203,4.98079,0.418306,0,0.00477618,0.730881,0.0177168,-0.0152625,0.0139299,-0.999786,0.202235,0.4,0,0,DISABLED,0
15.0403,4.98799,0.418304,0,0.00625193,0.730494,0.0191432,-0.0137868,0.0149631,-0.999793,0.203374,0.4,0,0,DISABLED,0
15.0603,4.99449,0.417952,0,0.00826658,0.730097,0.0201652,-0.0117721,0.0152647,-0.999814,0.205372,0.4,0,0,DISABLED,0
15.0803,5.00182,0.417192,0,0.00921398,0.729764,0.0178709,-0.0108247,0.0121786,-0.999867,0.207052,0.4,0,0,DISABLED,0
15.1003,5.01084,0.416151,0,0.0083498,0.729526,0.0126954,-0.0116889,0.00643086,-0.999911,0.206708,0.4,0,0,DISABLED,0
15.1203,5.01836,0.415941,0,0.00486126,0.730111,0.00911534,-0.0151775,0.00457671,-0.999874,0.202339,0.4,0,0,DISABLED,0
15.1403,5.0246,0.415678,0,0.00359096,0.731001,0.00866616,-0.0164478,0.00476079,-0.999853,0.197483,0.4,0,0,DISABLED,0
15.1603,5.03245,0.414909,0,0.00204628,0.731842,0.00571519,-0.0179924,0.00221058,-0.999836,0.193164,0.4,0,0,DISABLED,0
15.1803,5.03688,0.414343,0,0.00142997,0.732229,0.00294996,-0.0186087,-0.000545762,-0.999827,0.191902,0.4,0,0,DISABLED,0
15.2003,5.04558,0.413484,0,0.0019916,0.732534,0.00294996,-0.0180471,-0.00530622,-0.999823,0.191849,0.4,0,0,DISABLED,0
15.2203,5.05426,0.41343,0,0.0027582,0.732349,0.00593016,-0.0172805,-0.00839483,-0.999815,0.192529,0.4,0,0,DISABLED,0
15.2403,5.06089,0.41379,0,0.00265049,0.732101,0.00849949,-0.0173882,-0.0112048,-0.999786,0.193178,0.4,0,0,DISABLED,0
15.2603,5.06903,0.414578,0,0.00244463,0.731816,0.0121582,-0.0175941,-0.0150412,-0.999732,0.19422,0.4,0,0,DISABLED,0
15.2803,5.0764,0.415619,0,0.00263114,0.7316,0.0150658,-0.0174076,-0.0179643,-0.999687,0.195098,0.4,0,0,DISABLED,0
15.3003,5.08079,0.416401,0,0.0031783,0.731471,0.0172981,-0.0168604,-0.0201323,-0.999655,0.195056,0.4,0,0,DISABLED,0
15.3203,5.09089,0.418726,0,0.00584872,0.731134,0.0204295,-0.01419,-0.022707,-0.999641,0.194343,0.4,0,0,DISABLED,0
15.3403,5.09801,0.420836,0,0.00874044,0.730783,0.0221326,-0.0112983,-0.0234632,-0.999661,0.193324,0.4,0,0,DISABLED,0
15.3603,5.10435,0.423111,0,0.0114702,0.730447,0.0230042,-0.00856853,-0.0230718,-0.999697,0.192542,0.4,0,0,DISABLED,0
15.3803,5.112,0.426432,0,0.0142301,0.730131,0.0215319,-0.00580866,-0.0192909,-0.999797,0.192609,0.4,0,0,DISABLED,0
15.4003,5.11901,0.429761,0,0.0149633,0.729834,0.0181555,-0.00507541,-0.0134109,-0.999897,0.193157,0.4,0,0,DISABLED,0
15.4203,5.12544,0.4325,0,0.0140847,0.729731,0.0158034,-0.00595404,-0.0102904,-0.999929,0.19485,0.4,0,0,DISABLED,0
15.4403,5.13297,0.435037,0,0.0100028,0.730509,0.0140334,-0.0100359,-0.0129757,-0.999865,0.200277,0.4,0,0,DISABLED,0
15.4603,5.1407,0.438261,0,0.00728731,0.731187,0.00946816,-0.0127514,-0.00917364,-0.999877,0.205241,0.4,0,0,DISABLED,0
15.4803,5.1467,0.441042,0,0.00627457,0.731528,0.00636642,-0.0137641,-0.00207851,-0.999903,0.206707,0.4,0,0,DISABLED,0
15.5003,5.15319,0.443816,0,0.00655703,0.731696,0.00914798,-0.0134817,0.00323707,-0.999904,0.208695,0.4,0,0,DISABLED,0
15.5203,5.16037,0.446507,0,0.00738891,0.731718,0.0114877,-0.0126498,0.00566105,-0.999904,0.212008,0.4,0,0,DISABLED,0
15.5403,5.16642,0.44849,0,0.00746395,0.731695,0.0127843,-0.0125748,0.00724527,-0.999895,0.214606,0.4,0,0,DISABLED,0
15.5603,5.17328,0.450382,0,0.00700245,0.731662,0.0139226,-0.0130363,0.00890093,-0.999875,0.216324,0.4,0,0,DISABLED,0
15.5803,5.18095,0.451975,0,0.00647214,0.731584,0.0148185,-0.0135666,0.0101931,-0.999856,0.217683,0.4,0,0,DISABLED,0
15.6003,5.18797,0.453001,0,0.0063822,0.731447,0.0157657,-0.0136565,0.0112825,-0.999843,0.21851,0.4,0,0,DISABLED,0
15.6203,5.19495,0.453559,0,0.00725783,0.731182,0.0173703,-0.0127809,0.0126497,-0.999838,0.219773,0.4,0,0,DISABLED,0
15.6403,5.20124,0.45368,0,0.00855877,0.730834,0.0189397,-0.0114799,0.0137634,-0.999839,0.220591,0.4,0,0,DISABLED,0
15.6603,5.20822,0.453382,0,0.010196,0.730408,0.0198824,-0.00984269,0.0139411,-0.999854,0.222105,0.4,0,0,DISABLED,0
15.6803,5.2153,0.452693,0,0.0111665,0.730068,0.0177639,-0.00887226,0.0106815,-0.999904,0.224099,0.4,0,0,DISABLED,0
15.7003,5.22255,0.451886,0,0.00993171,0.729813,0.0124871,-0.010107,0.00443001,-0.999939,0.223894,0.4,0,0,DISABLED,0
15.7203,5.2306,0.451599,0,0.00691606,0.730229,0.00902333,-0.0131226,0.00265856,-0.99991,0.221645,0.4,0,0,DISABLED,0
15.7403,5.23663,0.451429,0,0.00515615,0.731062,0.00800843,-0.0148826,0.00298955,-0.999885,0.215805,0.4,0,0,DISABLED,0
15.7603,5.24422,0.450844,0,0.00354451,0.731943,0.0053711,-0.0164942,0.000899517,-0.999864,0.212143,0.4,0,0,DISABLED,0
15.7803,5.25135,0.450114,0,0.00264829,0.732554,0.00267443,-0.0173904,-0.00367519,-0.999842,0.21022,0.4,0,0,DISABLED,0
15.8003,5.25844,0.449736,0,0.0027047,0.73271,0.0049193,-0.017334,-0.00725356,-0.999823,0.209909,0.4,0,0,DISABLED,0
15.8203,5.26553,0.449848,0,0.00272346,0.732515,0.00733237,-0.0173153,-0.00994273,-0.999801,0.210231,0.4,0,0,DISABLED,0
15.8403,5.26981,0.450091,0,0.00253143,0.732345,0.0089237,-0.0175073,-0.0116905,-0.999778,0.210747,0.4,0,0,DISABLED,0
15.8603,5.27992,0.451156,0,0.00179107,0.731974,0.0132648,-0.0182476,-0.0162759,-0.999701,0.210953,0.4,0,0,DISABLED,0
15.8803,5.28648,0.452205,0,0.00142076,0.731717,0.0166806,-0.018618,-0.0197507,-0.999632,0.210516,0.4,0,0,DISABLED,0
15.9003,5.29376,0.453658,0,0.00178416,0.731429,0.0192518,-0.0182546,-0.0222961,-0.999585,0.21084,0.4,0,0,DISABLED,0
15.9203,5.30093,0.455427,0,0.0036308,0.731148,0.0214987,-0.0164079,-0.0243181,-0.99957,0.210315,0.4,0,0,DISABLED,0
15.9403,5.30867,0.457798,0,0.00650106,0.730804,0.0231102,-0.0135377,-0.0253071,-0.999588,0.209463,0.4,0,0,DISABLED,0
15.9603,5.31558,0.46044,0,0.00988065,0.730452,0.0238939,-0.0101581,-0.0248848,-0.999639,0.208171,0.4,0,0,DISABLED,0
15.9803,5.32247,0.463551,0,0.0123732,0.730224,0.0222882,-0.00766548,-0.0216668,-0.999736,0.208099,0.4,0,0,DISABLED,0
16.0003,5.32868,0.466623,0,0.0133028,0.730009,0.0183254,-0.00673591,-0.0157359,-0.999853,0.208722,0.4,0,0,DISABLED,0
16.0203,5.33645,0.470139,0,0.0119726,0.729865,0.0152858,-0.00806614,-0.0126336,-0.999888,0.209877,0.4,0,0,DISABLED,0
16.0403,5.34307,0.472564,0,0.00880141,0.730478,0.014526,-0.0112373,-0.0146918,-0.999829,0.212779,0.4,0,0,DISABLED,0
16.0603,5.34999,0.475518,0,0.00621749,0.731011,0.00972897,-0.0138212,-0.0106143,-0.999848,0.215417,0.4,0,0,DISABLED,0
16.0803,5.3574,0.478702,0,0.00489565,0.731375,0.0049314,-0.0151431,-0.00365894,-0.999879,0.217237,0.4,0,0,DISABLED,0
16.1003,5.3634,0.481019,0,0.00472958,0.731506,0.00588982,-0.0153091,0.000369437,-0.999883,0.219053,0.4,0,0,DISABLED,0
16.1203,5.37009,0.483396,0,0.00506279,0.731516,0.00807514,-0.0149759,0.00316243,-0.999883,0.222034,0.4,0,0,DISABLED,0
16.1403,5.3776,0.485779,0,0.00508538,0.731485,0.00976566,-0.0149533,0.00520924,-0.999875,0.223607,0.4,0,0,DISABLED,0
16.1603,5.38457,0.487586,0,0.00487497,0.731459,0.0119055,-0.0151637,0.00772609,-0.999855,0.224884,0.4,0,0,DISABLED,0
16.1803,5.39093,0.488828,0,0.00482545,0.731417,0.0137589,-0.0152133,0.00975241,-0.999837,0.225561,0.4,0,0,DISABLED,0
16.2003,5.39873,0.489875,0,0.00521256,0.731247,0.0151093,-0.0148262,0.0110547,-0.999829,0.225926,0.4,0,0,DISABLED,0
16.2203,5.40584,0.490364,0,0.00631682,0.730941,0.0165442,-0.0137219,0.0121576,-0.999832,0.226655,0.4,0,0,DISABLED,0
16.2403,5.41295,0.490462,0,0.00768073,0.73052,0.0181358,-0.012358,0.0132983,-0.999835,0.227368,0.4,0,0,DISABLED,0
16.2603,5.42007,0.490148,0,0.00953173,0.730096,0.019062,-0.010507,0.0133751,-0.999855,0.228908,0.4,0,0,DISABLED,0
16.2803,5.42365,0.489833,0,0.0103557,0.729921,0.0172221,-0.00968299,0.0106264,-0.999897,0.230375,0.4,0,0,DISABLED,0
16.3003,5.43398,0.488856,0,0.00896471,0.729601,0.0114096,-0.011074,0.00392802,-0.999931,0.229613,0.4,0,0,DISABLED,0
16.3203,5.44139,0.488686,0,0.00615863,0.730061,0.00854843,-0.0138801,0.00279376,-0.9999,0.227035,0.4,0,0,DISABLED,0
16.3403,5.44897,0.488586,0,0.00418211,0.731154,0.00734049,-0.0158566,0.00289361,-0.99987,0.220055,0.4,0,0,DISABLED,0
16.3603,5.45603,0.488045,0,0.00256158,0.731941,0.00436732,-0.0174771,0.000408684,-0.999847,0.216148,0.4,0,0,DISABLED,0
16.3803,5.46111,0.487512,0,0.00186849,0.732392,0.00189111,-0.0181702,-0.00282883,-0.999831,0.214934,0.4,0,0,DISABLED,0
16.4003,5.47044,0.486887,0,0.00221416,0.732676,0.0049314,-0.0178246,-0.00754247,-0.999813,0.214346,0.4,0,0,DISABLED,0
16.4203,5.47688,0.486974,0,0.00272197,0.732503,0.00754866,-0.0173167,-0.0101783,-0.999798,0.214075,0.4,0,0,DISABLED,0
16.4403,5.48338,0.487396,0,0.00264644,0.732244,0.0101135,-0.0173923,-0.0128893,-0.999766,0.214447,0.4,0,0,DISABLED,0
16.4603,5.49141,0.488296,0,0.0022149,0.73195,0.0133142,-0.0178238,-0.0162575,-0.999709,0.214555,0.4,0,0,DISABLED,0
16.4803,5.49872,0.489446,0,0.00204093,0.731716,0.0168016,-0.0179978,-0.019806,-0.999642,0.214683,0.4,0,0,DISABLED,0
16.5003,5.50598,0.49089,0,0.00257828,0.731496,0.0191836,-0.0174604,-0.0221373,-0.999602,0.214749,0.4,0,0,DISABLED,0
16.5203,5.51242,0.492458,0,0.00428397,0.731266,0.0216258,-0.0157547,-0.0243269,-0.99958,0.213506,0.4,0,0,DISABLED,0
16.5403,5.5209,0.495036,0,0.00719403,0.730851,0.023154,-0.0128447,-0.0251363,-0.999601,0.212364,0.4,0,0,DISABLED,0
16.5603,5.5279,0.497686,0,0.0101003,0.730467,0.0236583,-0.00993841,-0.024525,-0.99965,0.211428,0.4,0,0,DISABLED,0
16.5803,5.53483,0.500815,0,0.0122645,0.730169,0.0223283,-0.00777418,-0.0217899,-0.999732,0.211312,0.4,0,0,DISABLED,0
16.6003,5.54173,0.504278,0,0.0135674,0.729854,0.0185099,-0.00647131,-0.0157194,-0.999856,0.212582,0.4,0,0,DISABLED,0
16.6203,5.54803,0.507223,0,0.0128722,0.729663,0.0150737,-0.00716651,-0.0109753,-0.999914,0.214892,0.4,0,0,DISABLED,0
16.6403,5.55597,0.510151,0,0.00968048,0.73031,0.0147176,-0.0103582,-0.0142189,-0.999845,0.216656,0.4,0,0,DISABLED,0
16.6603,5.56229,0.512761,0,0.00688315,0.730765,0.0108472,-0.0131556,-0.0115186,-0.999847,0.219477,0.4,0,0,DISABLED,0
16.6803,5.56982,0.515984,0,0.00437895,0.731115,0.00440808,-0.0156598,-0.00351647,-0.999871,0.222392,0.4,0,0,DISABLED,0
16.7003,5.57582,0.518309,0,0.00398596,0.731232,0.0053377,-0.0160528,0.000407076,-0.999871,0.224087,0.4,0,0,DISABLED,0
16.7203,5.58253,0.520679,0,0.00415346,0.731216,0.0071095,-0.0158853,0.00263786,-0.99987,0.227175,0.4,0,0,DISABLED,0
16.7403,5.58941,0.5229,0,0.00392669,0.731181,0.00923875,-0.016112,0.00522182,-0.999857,0.229566,0.4,0,0,DISABLED,0
16.7603,5.59715,0.524983,0,0.00352684,0.731171,0.0114617,-0.0165119,0.00777633,-0.999833,0.230433,0.4,0,0,DISABLED,0
16.7803,5.60355,0.526288,0,0.00347147,0.731141,0.0133856,-0.0165672,0.00979732,-0.999815,0.230874,0.4,0,0,DISABLED,0
16.8003,5.61142,0.527366,0,0.00397178,0.730999,0.0151172,-0.0160669,0.0114552,-0.999805,0.231473,0.4,0,0,DISABLED,0
16.8203,5.6179,0.527854,0,0.00493055,0.73075,0.0163412,-0.0151082,0.0124462,-0.999808,0.232171,0.4,0,0,DISABLED,0
16.8403,5.62582,0.528017,0,0.00676555,0.730287,0.0181128,-0.0132732,0.0136707,-0.999818,0.233086,0.4,0,0,DISABLED,0
16.8603,5.63302,0.527733,0,0.00850641,0.729827,0.0190339,-0.0115323,0.0138952,-0.999837,0.234423,0.4,0,0,DISABLED,0
16.8803,5.64037,0.527111,0,0.00959854,0.72952,0.0172117,-0.0104402,0.0111548,-0.999883,0.235974,0.4,0,0,DISABLED,0
16.9003,5.64715,0.526504,0,0.0087078,0.729332,0.0118704,-0.0113309,0.0049308,-0.999924,0.23544,0.4,0,0,DISABLED,0
16.9203,5.65487,0.526521,0,0.00461758,0.729866,0.00740517,-0.0154211,0.00265607,-0.999878,0.230176,0.4,0,0,DISABLED,0
16.9403,5.66248,0.52629,0,0.00344159,0.731006,0.00680974,-0.0165971,0.00274352,-0.999858,0.226504,0.4,0,0,DISABLED,0
16.9603,5.6688,0.525743,0,0.00251686,0.731774,0.00436732,-0.0175219,0.00045415,-0.999846,0.222148,0.4,0,0,DISABLED,0
16.9803,5.67683,0.524842,0,0.00201709,0.732518,0.00223759,-0.0180216,-0.00412653,-0.999829,0.219537,0.4,0,0,DISABLED,0
17.0003,5.68404,0.524338,0,0.00259916,0.732675,0.00523624,-0.0174396,-0.00767832,-0.999818,0.218763,0.4,0,0,DISABLED,0
