t,drift_x,drift_y,lean,dpitch,base_z,tilt_rad,gx,gy,gz,yaw_delta,cmd_vx,cmd_vy,cmd_yaw,meta_selected,meta_safety_hold
0.0199962,0,0,0,0,0.732801,0.000345267,-0.0200335,-0.00311659,-0.999794,0,0,0,0,DISABLED,0
0.0399961,3.19537e-06,-4.61005e-08,0,9.49949e-08,0.7328,0.000345267,-0.0200334,-0.00311724,-0.999794,2.2637e-06,0,0,0,DISABLED,0
0.0599961,6.37397e-06,-9.17353e-08,0,2.01166e-07,0.7328,0.000345267,-0.0200333,-0.00311796,-0.999794,4.82728e-06,0,0,0,DISABLED,0
0.0799961,8.90531e-06,-1.28523e-07,0,3.1665e-07,0.732799,0.000345267,-0.0200332,-0.00311867,-0.999794,7.44499e-06,0,0,0,DISABLED,0
0.0999961,1.23717e-05,-1.77883e-07,0,4.58211e-07,0.732798,0.000345267,-0.0200331,-0.00311945,-0.999794,1.03804e-05,0,0,0,DISABLED,0
0.119996,1.58222e-05,-2.27708e-07,0,5.79283e-07,0.732798,0.000345267,-0.020033,-0.00312009,-0.999794,1.28243e-05,0,0,0,DISABLED,0
0.139996,1.89636e-05,-2.64496e-07,0,6.74278e-07,0.732797,0.000345267,-0.0200329,-0.00312053,-0.999794,1.54058e-05,0,0,0,DISABLED,0
0.159996,2.21478e-05,-2.86382e-07,0,7.93487e-07,0.732797,0,-0.0200327,-0.00311997,-0.999794,1.74318e-05,0,0,0,DISABLED,0
0.179996,2.53106e-05,-3.05939e-07,0,1.16602e-06,0.732796,0,-0.0200324,-0.0031194,-0.999794,1.87408e-05,0,0,0,DISABLED,0
0.199996,2.81176e-05,-3.23169e-07,0,1.74902e-06,0.732796,0,-0.0200318,-0.00311884,-0.999794,1.96195e-05,0,0,0,DISABLED,0
0.219996,3.14964e-05,-3.46918e-07,0,2.41771e-06,0.732796,0,-0.0200311,-0.00311846,-0.999794,2.01749e-05,0,0,0,DISABLED,0
0.239996,3.45241e-05,-3.71132e-07,0,3.04729e-06,0.732795,0.000345267,-0.0200305,-0.0031182,-0.999794,2.04145e-05,0,0,0,DISABLED,0
0.259996,3.75276e-05,-3.98606e-07,0,3.84636e-06,0.732795,0,-0.0200297,-0.00311795,-0.999795,2.04822e-05,0,0,0,DISABLED,0
0.279996,4.0221e-05,-4.24683e-07,0,4.60073e-06,0.732794,0,-0.0200289,-0.00311773,-0.999795,2.02951e-05,0,0,0,DISABLED,0
0.299996,4.32106e-05,-4.55417e-07,0,5.30481e-06,0.732794,0,-0.0200282,-0.00311754,-0.999795,1.99454e-05,0,0,0,DISABLED,0
0.319996,4.62094e-05,-4.87547e-07,0,6.12251e-06,0.732793,0.000345267,-0.0200274,-0.00311732,-0.999795,1.9397e-05,0,0,0,DISABLED,0
0.339996,4.92251e-05,-5.20609e-07,0,6.98678e-06,0.732793,0,-0.0200266,-0.0031171,-0.999795,1.86701e-05,0,0,0,DISABLED,0
0.359996,5.13503e-05,-5.44358e-07,0,7.62939e-06,0.732793,0,-0.0200259,-0.00311693,-0.999795,1.80887e-05,0,0,0,DISABLED,0
0.379996,5.53345e-05,-5.88596e-07,0,9.00403e-06,0.732792,0.000345267,-0.0200245,-0.0031166,-0.999795,1.67801e-05,0,0,0,DISABLED,0
0.399996,5.84321e-05,-6.22589e-07,0,9.9577e-06,0.732792,0,-0.0200236,-0.0031164,-0.999795,1.58357e-05,0,0,0,DISABLED,0
0.419996,6.1553e-05,-6.56117e-07,0,1.11815e-05,0.732791,0,-0.0200224,-0.00311617,-0.999795,1.45715e-05,0,0,0,DISABLED,0
0.439996,6.50007e-05,-6.92438e-07,0,1.23456e-05,0.732791,0,-0.0200212,-0.00311598,-0.999795,1.33351e-05,0,0,0,DISABLED,0
0.459996,6.81439e-05,-7.24569e-07,0,1.35619e-05,0.73279,0,-0.02002,-0.00311579,-0.999795,1.20141e-05,0,0,0,DISABLED,0
0.479996,7.12974e-05,-7.56234e-07,0,1.48285e-05,0.73279,0.000345267,-0.0200187,-0.00311562,-0.999795,1.06244e-05,0,0,0,DISABLED,0
0.499996,7.4463e-05,-7.86968e-07,0,1.61417e-05,0.732789,0,-0.0200174,-0.00311546,-0.999795,9.16014e-06,0,0,0,DISABLED,0
0.519996,7.73231e-05,-8.14442e-07,0,1.75014e-05,0.732789,0.000345267,-0.020016,-0.00311531,-0.999795,7.6195e-06,0,0,0,DISABLED,0
0.539996,8.05138e-05,-8.43778e-07,0,1.87661e-05,0.732788,0,-0.0200148,-0.00311518,-0.999795,6.16699e-06,0,0,0,DISABLED,0
0.559996,8.4037e-05,-8.75909e-07,0,2.03606e-05,0.732788,0.000345267,-0.0200132,-0.00311502,-0.999795,4.30783e-06,0,0,0,DISABLED,0
0.579996,8.72528e-05,-9.03849e-07,0,2.18581e-05,0.732787,0,-0.0200117,-0.00311488,-0.999795,2.54705e-06,0,0,0,DISABLED,0
0.599996,8.98317e-05,-9.25735e-07,0,2.30838e-05,0.732787,0,-0.0200105,-0.00311477,-0.999795,1.0808e-06,0,0,0,DISABLED,0
0.619996,9.33828e-05,-9.55071e-07,0,2.49743e-05,0.732786,0,-0.0200086,-0.00311459,-0.999795,-1.20478e-06,0,0,0,DISABLED,0
0.639996,9.69404e-05,-9.83477e-07,0,2.64309e-05,0.732786,0.000345267,-0.0200071,-0.00311446,-0.999795,-2.98512e-06,0,0,0,DISABLED,0
0.659996,9.95304e-05,-1.00397e-06,0,2.79155e-05,0.732786,0,-0.0200056,-0.00311433,-0.999795,-4.82111e-06,0,0,0,DISABLED,0
0.679996,0.000103417,-1.0333e-06,0,2.97688e-05,0.732785,0,-0.0200038,-0.00311416,-0.999795,-7.14383e-06,0,0,0,DISABLED,0
0.699996,0.000106009,-1.05193e-06,0,3.14899e-05,0.732785,0,-0.020002,-0.00311401,-0.999795,-9.32184e-06,0,0,0,DISABLED,0
0.719995,0.000109573,-1.07754e-06,0,3.32445e-05,0.732784,0,-0.0200003,-0.00311386,-0.999795,-1.15611e-05,0,0,0,DISABLED,0
0.739995,0.000113133,-1.10175e-06,0,3.50233e-05,0.732784,0.000345267,-0.0199985,-0.00311372,-0.999795,-1.38619e-05,0,0,0,DISABLED,0
0.759995,0.000116041,-1.12131e-06,0,3.70089e-05,0.732783,0,-0.0199965,-0.00311356,-0.999795,-1.64604e-05,0,0,0,DISABLED,0
0.779995,0.000119588,-1.14366e-06,0,3.86573e-05,0.732783,0,-0.0199949,-0.00311342,-0.999795,-1.86334e-05,0,0,0,DISABLED,0
0.799995,0.000122806,-1.16369e-06,0,4.05144e-05,0.732782,0,-0.019993,-0.00311328,-0.999795,-2.10989e-05,0,0,0,DISABLED,0
0.819995,0.000126019,-1.18278e-06,0,4.23938e-05,0.732782,0,-0.0199911,-0.00311313,-0.999795,-2.36203e-05,0,0,0,DISABLED,0
0.839995,0.000129228,-1.20141e-06,0,4.4493e-05,0.732781,0,-0.019989,-0.00311296,-0.999795,-2.64565e-05,0,0,0,DISABLED,0
0.859995,0.000131793,-1.21538e-06,0,4.60371e-05,0.732781,0,-0.0199875,-0.00311284,-0.999795,-2.85599e-05,0,0,0,DISABLED,0
0.879995,0.000135315,-1.234e-06,0,4.81792e-05,0.732781,0,-0.0199854,-0.00311268,-0.999795,-3.15019e-05,0,0,0,DISABLED,0
0.899995,0.000138512,-1.2503e-06,0,5.01554e-05,0.73278,0,-0.0199834,-0.00311251,-0.999795,-3.42387e-05,0,0,0,DISABLED,0
0.919995,0.000141387,-1.26427e-06,0,5.19529e-05,0.73278,0,-0.0199816,-0.00311237,-0.999795,-3.67451e-05,0,0,0,DISABLED,0
0.939995,0.000145213,-1.28197e-06,0,5.4175e-05,0.732779,0,-0.0199794,-0.00311218,-0.999796,-3.98624e-05,0,0,0,DISABLED,0
0.959995,0.000147759,-1.29314e-06,0,5.60079e-05,0.732779,0.000345267,-0.0199775,-0.00311204,-0.999796,-4.24533e-05,0,0,0,DISABLED,0
0.979995,0.000151252,-1.30758e-06,0,5.84796e-05,0.732778,0.000345267,-0.0199751,-0.00311183,-0.999796,-4.59725e-05,0,0,0,DISABLED,0
0.999995,0.000154737,-1.32155e-06,0,6.03478e-05,0.732778,0,-0.0199732,-0.00311168,-0.999796,-4.86569e-05,0,0,0,DISABLED,0
1.02,0.000157894,-1.33319e-06,0,6.26463e-05,0.732777,0,-0.0199709,-0.00311148,-0.999796,-5.19876e-05,0,0,0,DISABLED,0
1.04,0.000160095,-1.34064e-06,0,6.41178e-05,0.732777,0,-0.0199694,-0.00311136,-0.999796,-5.41335e-05,0,0,0,DISABLED,0
1.06,0.00016386,-1.35321e-06,0,6.66603e-05,0.732777,0,-0.0199669,-0.00311114,-0.999796,-5.78556e-05,0,0,0,DISABLED,0
1.08,0.000166991,-1.36252e-06,0,6.90166e-05,0.732776,0,-0.0199645,-0.00311093,-0.999796,-6.13244e-05,0,0,0,DISABLED,0
1.1,0.000170118,-1.37091e-06,0,7.07414e-05,0.732776,0,-0.0199628,-0.00311078,-0.999796,-6.38822e-05,0,0,0,DISABLED,0
1.12,0.000173235,-1.37929e-06,0,7.312e-05,0.732775,0.000345267,-0.0199604,-0.00311058,-0.999796,-6.74403e-05,0,0,0,DISABLED,0
1.14,0.000176344,-1.38627e-06,0,7.48616e-05,0.732775,0,-0.0199587,-0.00311042,-0.999796,-7.00622e-05,0,0,0,DISABLED,0
1.16,0.000179445,-1.39279e-06,0,7.74972e-05,0.732774,0,-0.019956,-0.00311018,-0.999796,-7.40398e-05,0,0,0,DISABLED,0
1.18,0.000182852,-1.39885e-06,0,7.97119e-05,0.732774,0,-0.0199538,-0.00310997,-0.999796,-7.74012e-05,0,0,0,DISABLED,0
1.2,0.00018594,-1.4035e-06,0,8.19322e-05,0.732774,0.000345267,-0.0199516,-0.00310976,-0.999796,-8.08071e-05,0,0,0,DISABLED,0
1.22,0.000189017,-1.40769e-06,0,8.41636e-05,0.732773,0,-0.0199494,-0.00310955,-0.999796,-8.42515e-05,0,0,0,DISABLED,0
1.24,0.000191774,-1.41095e-06,0,8.64044e-05,0.732773,0,-0.0199471,-0.00310934,-0.999796,-8.77313e-05,0,0,0,DISABLED,0
1.25999,0.000195133,-1.41375e-06,0,8.86563e-05,0.732772,0,-0.0199449,-0.00310912,-0.999796,-9.12448e-05,0,0,0,DISABLED,0
1.27999,0.000197872,-1.41514e-06,0,9.11467e-05,0.732772,0.000345267,-0.0199424,-0.00310888,-0.999796,-9.51508e-05,0,0,0,DISABLED,0
1.29999,0.000201209,-1.41654e-06,0,9.34135e-05,0.732772,0,-0.0199401,-0.00310866,-0.999796,-9.87389e-05,0,0,0,DISABLED,0
1.31999,0.000203627,-1.41701e-06,0,9.56878e-05,0.732771,0,-0.0199379,-0.00310843,-0.999796,-0.000102362,0,0,0,DISABLED,0
1.33999,0.000207243,-1.41561e-06,0,9.79546e-05,0.732771,0,-0.0199356,-0.00310821,-0.999796,-0.000105877,0,0,0,DISABLED,0
1.35999,0.000209952,-1.40769e-06,0,0.000100113,0.73277,0.000345267,-0.0199334,-0.00310796,-0.999796,-0.000108478,0,0,0,DISABLED,0
1.37999,0.000213262,-1.3914e-06,0,0.000102224,0.73277,0,-0.0199313,-0.00310771,-0.999797,-0.000110658,0,0,0,DISABLED,0
1.39999,0.000216265,-1.37137e-06,0,0.000104319,0.73277,0,-0.0199292,-0.0031075,-0.999797,-0.000112493,0,0,0,DISABLED,0
1.41999,0.000218962,-1.34902e-06,0,0.000105994,0.732769,0.000345267,-0.0199275,-0.00310734,-0.999797,-0.000113755,0,0,0,DISABLED,0
1.43999,0.000222255,-1.31968e-06,0,0.000108525,0.732769,0.000345267,-0.019925,-0.00310713,-0.999797,-0.000115561,0,0,0,DISABLED,0
1.45999,0.000224952,-1.29407e-06,0,0.000110658,0.732769,0,-0.0199229,-0.00310699,-0.999797,-0.000117013,0,0,0,DISABLED,0
1.47999,0.000228248,-1.26148e-06,0,0.000112811,0.732768,0,-0.0199207,-0.00310686,-0.999797,-0.00011842,0,0,0,DISABLED,0
1.49999,0.00023124,-1.23167e-06,0,0.000114763,0.732768,0.000345267,-0.0199188,-0.00310676,-0.999797,-0.000119644,0,0,0,DISABLED,0
1.51999,0.000233931,-1.20467e-06,0,0.00011716,0.732767,0.000345267,-0.0199164,-0.00310663,-0.999797,-0.000121084,0,0,0,DISABLED,0
1.53999,0.00023722,-1.17067e-06,0,0.000119356,0.732767,0,-0.0199142,-0.0031065,-0.999797,-0.000122339,0,0,0,DISABLED,0
1.55999,0.000239911,-1.14273e-06,0,0.000121338,0.732767,0,-0.0199122,-0.00310639,-0.999797,-0.000123427,0,0,0,DISABLED,0
1.57999,0.000242898,-1.11153e-06,0,0.000123547,0.732766,0.000345267,-0.01991,-0.00310625,-0.999797,-0.000124595,0,0,0,DISABLED,0
1.59999,0.000246185,-1.07661e-06,0,0.000125764,0.732766,0,-0.0199078,-0.00310611,-0.999797,-0.000125719,0,0,0,DISABLED,0
1.61999,0.000249174,-1.04448e-06,0,0.000128211,0.732766,0,-0.0199053,-0.00310593,-0.999797,-0.000126909,0,0,0,DISABLED,0
1.63999,0.000251265,-1.02213e-06,0,0.000129772,0.732765,0,-0.0199038,-0.00310582,-0.999797,-0.000127641,0,0,0,DISABLED,0
1.65999,0.000255145,-9.79751e-07,0,0.000132447,0.732765,0.000345267,-0.0199011,-0.0031056,-0.999797,-0.000128854,0,0,0,DISABLED,0
1.67999,0.000258129,-9.47155e-07,0,0.000134911,0.732764,0.000345267,-0.0198986,-0.00310539,-0.999797,-0.000129919,0,0,0,DISABLED,0
1.69999,0.000261107,-9.14093e-07,0,0.00013693,0.732764,0,-0.0198966,-0.00310521,-0.999797,-0.000130756,0,0,0,DISABLED,0
1.71999,0.000264077,-8.81031e-07,0,0.000139397,0.732764,0,-0.0198941,-0.00310499,-0.999797,-0.00013174,0,0,0,DISABLED,0
1.73999,0.000266738,-8.50763e-07,0,0.000141636,0.732763,0,-0.0198919,-0.00310478,-0.999797,-0.000132592,0,0,0,DISABLED,0
1.75999,0.000269393,-8.20495e-07,0,0.000143426,0.732763,0,-0.0198901,-0.00310462,-0.999797,-0.000133243,0,0,0,DISABLED,0
1.77999,0.000272041,-7.89762e-07,0,0.000146093,0.732763,0,-0.0198874,-0.00310437,-0.999797,-0.000134206,0,0,0,DISABLED,0
1.79999,0.000275875,-7.45989e-07,0,0.000148308,0.732762,0,-0.0198852,-0.00310418,-0.999797,-0.000135008,0,0,0,DISABLED,0
1.81999,0.000278823,-7.13393e-07,0,0.000150524,0.732762,0,-0.019883,-0.00310398,-0.999798,-0.000135806,0,0,0,DISABLED,0
1.83999,0.000281475,-6.85453e-07,0,0.000152515,0.732762,0.000345267,-0.019881,-0.00310378,-0.999798,-0.000136515,0,0,0,DISABLED,0
1.85999,0.000284713,-6.52857e-07,0,0.000154948,0.732761,0,-0.0198786,-0.00310352,-0.999798,-0.000137374,0,0,0,DISABLED,0
1.87999,0.000287361,-6.27711e-07,0,0.000156952,0.732761,0,-0.0198766,-0.00310328,-0.999798,-0.000138064,0,0,0,DISABLED,0
1.89999,0.000290592,-5.97909e-07,0,0.000159413,0.732761,0,-0.0198741,-0.00310296,-0.999798,-0.000138881,0,0,0,DISABLED,0
1.91999,0.000293525,-5.71366e-07,0,0.000161657,0.73276,0.000345267,-0.0198719,-0.00310264,-0.999798,-0.000139602,0,0,0,DISABLED,0
1.93999,0.00029616,-5.47618e-07,0,0.000163676,0.73276,0,-0.0198699,-0.00310235,-0.999798,-0.000140233,0,0,0,DISABLED,0
1.95999,0.000299079,-5.21541e-07,0,0.000165924,0.73276,0,-0.0198676,-0.00310202,-0.999798,-0.000140914,0,0,0,DISABLED,0
1.97999,0.000302288,-4.93135e-07,0,0.000168396,0.732759,0,-0.0198651,-0.00310165,-0.999798,-0.000141644,0,0,0,DISABLED,0
1.99999,0.000304908,-4.69387e-07,0,0.000170421,0.732759,0.000345267,-0.0198631,-0.00310135,-0.999798,-0.000142217,0,0,0,DISABLED,0
2.01999,0.000307523,-4.46104e-07,0,0.000172449,0.732759,0,-0.0198611,-0.00310105,-0.999798,-0.000142776,0,0,0,DISABLED,0
2.03999,0.000310714,-4.17233e-07,0,0.000174925,0.732758,0,-0.0198586,-0.00310067,-0.999798,-0.000143443,0,0,0,DISABLED,0
2.05999,0.000313614,-3.91155e-07,0,0.000177182,0.732758,0,-0.0198564,-0.00310032,-0.999798,-0.000144029,0,0,0,DISABLED,0
2.07999,0.000316218,-3.67872e-07,0,0.000179218,0.732758,0.000345267,-0.0198543,-0.00310001,-0.999798,-0.000144539,0,0,0,DISABLED,0
2.09999,0.000319397,-3.39001e-07,0,0.000181697,0.732757,0.000345267,-0.0198518,-0.00309961,-0.999798,-0.000145153,0,0,0,DISABLED,0
2.11999,0.000322281,-3.12924e-07,0,0.000184188,0.732757,0,-0.0198494,-0.00309923,-0.999798,-0.000145744,0,0,0,DISABLED,0
2.13999,0.000325443,-2.84053e-07,0,0.000186455,0.732757,0,-0.0198471,-0.00309888,-0.999798,-0.000146258,0,0,0,DISABLED,0
2.15999,0.000328304,-2.57511e-07,0,0.000188714,0.732756,0,-0.0198448,-0.00309854,-0.999798,-0.000146752,0,0,0,DISABLED,0
2.17999,0.000331154,-2.30968e-07,0,0.00019097,0.732756,0.000345267,-0.0198426,-0.00309819,-0.999798,-0.000147225,0,0,0,DISABLED,0
2.19999,0.000333711,-2.07219e-07,0,0.000192996,0.732756,0,-0.0198405,-0.00309789,-0.999798,-0.000147634,0,0,0,DISABLED,0
2.21999,0.000336548,-1.80677e-07,0,0.000195235,0.732755,0,-0.0198383,-0.00309753,-0.999798,-0.00014818,0,0,0,DISABLED,0
2.23999,0.000339385,-1.55531e-07,0,0.000197465,0.732755,0,-0.0198361,-0.00309716,-0.999798,-0.000148774,0,0,0,DISABLED,0
2.25999,0.000342508,-1.29919e-07,0,0.000199689,0.732755,0.000345267,-0.0198338,-0.00309677,-0.999798,-0.000149441,0,0,0,DISABLED,0
2.27999,0.000345349,-1.08033e-07,0,0.000201911,0.732754,0.000345267,-0.0198316,-0.00309635,-0.999799,-0.000150152,0,0,0,DISABLED,0
2.29999,0.000347908,-8.98726e-08,0,0.00020412,0.732754,0,-0.0198294,-0.00309591,-0.999799,-0.000150918,0,0,0,DISABLED,0
2.31999,0.000351036,-6.93835e-08,0,0.000206325,0.732754,0,-0.0198272,-0.00309546,-0.999799,-0.000151724,0,0,0,DISABLED,0
2.33999,0.000353879,-5.16884e-08,0,0.000208754,0.732753,0.000345267,-0.0198248,-0.00309494,-0.999799,-0.000152607,0,0,0,DISABLED,0
2.35999,0.000356437,-3.67872e-08,0,0.000210742,0.732753,0.000345267,-0.0198228,-0.00309452,-0.999799,-0.000153324,0,0,0,DISABLED,0
2.37999,0.000359274,-2.04891e-08,0,0.000212951,0.732753,0,-0.0198206,-0.00309406,-0.999799,-0.000154107,0,0,0,DISABLED,0
2.39999,0.000362392,-2.79397e-09,0,0.000215374,0.732752,0,-0.0198182,-0.00309355,-0.999799,-0.000154958,0,0,0,DISABLED,0
2.41999,0.000364942,1.11759e-08,0,0.000217358,0.732752,0.000345267,-0.0198162,-0.00309314,-0.999799,-0.000155645,0,0,0,DISABLED,0
2.43999,0.00036749,2.51457e-08,0,0.000219556,0.732752,0.000345267,-0.019814,-0.00309267,-0.999799,-0.000156404,0,0,0,DISABLED,0
2.45999,0.000370603,4.19095e-08,0,0.000221536,0.732751,0,-0.019812,-0.00309225,-0.999799,-0.000157081,0,0,0,DISABLED,0
2.47999,0.000372583,5.21541e-08,0,0.000223957,0.732751,0,-0.0198096,-0.00309175,-0.999799,-0.000157885,0,0,0,DISABLED,0
2.49999,0.000375978,6.98492e-08,0,0.000226157,0.732751,0.000345267,-0.0198074,-0.0030913,-0.999799,-0.000158599,0,0,0,DISABLED,0
2.51999,0.000379086,8.56817e-08,0,0.000228355,0.73275,0.000345267,-0.0198052,-0.00309086,-0.999799,-0.000159294,0,0,0,DISABLED,0
2.53999,0.000381904,1.00117e-07,0,0.000230551,0.73275,0,-0.019803,-0.00309042,-0.999799,-0.000159977,0,0,0,DISABLED,0
2.55999,0.000384717,1.14087e-07,0,0.000232957,0.73275,0,-0.0198006,-0.00308993,-0.999799,-0.000160715,0,0,0,DISABLED,0
2.57999,0.000386964,1.24797e-07,0,0.000234487,0.73275,0.000345267,-0.0197991,-0.00308962,-0.999799,-0.00016117,0,0,0,DISABLED,0
2.59999,0.000390326,1.41095e-07,0,0.000237105,0.732749,0.000345267,-0.0197964,-0.0030891,-0.999799,-0.000161929,0,0,0,DISABLED,0
2.61999,0.000393126,1.54134e-07,0,0.000239283,0.732749,0.000345267,-0.0197943,-0.00308867,-0.999799,-0.00016254,0,0,0,DISABLED,0
2.63999,0.000395925,1.66707e-07,0,0.000241462,0.732749,0,-0.0197921,-0.00308823,-0.999799,-0.000163139,0,0,0,DISABLED,0
2.65999,0.000398997,1.80677e-07,0,0.000243852,0.732748,0.000345267,-0.0197897,-0.00308776,-0.999799,-0.000163776,0,0,0,DISABLED,0
2.67999,0.000401782,1.92784e-07,0,0.00024602,0.732748,0.000345267,-0.0197875,-0.00308733,-0.999799,-0.000164339,0,0,0,DISABLED,0
2.69999,0.000404277,2.0396e-07,0,0.000247966,0.732748,0.000345267,-0.0197856,-0.00308696,-0.999799,-0.000164816,0,0,0,DISABLED,0
2.71999,0.000407042,2.15601e-07,0,0.000250122,0.732747,0,-0.0197834,-0.00308655,-0.9998,-0.000165325,0,0,0,DISABLED,0
2.73999,0.000410081,2.2864e-07,0,0.000252491,0.732747,0.000345267,-0.019781,-0.00308609,-0.9998,-0.000165861,0,0,0,DISABLED,0
2.75999,0.000412842,2.39816e-07,0,0.000254426,0.732747,0.000345267,-0.0197791,-0.00308572,-0.9998,-0.000166281,0,0,0,DISABLED,0
2.77999,0.000415324,2.49594e-07,0,0.000256576,0.732746,0.000345267,-0.019777,-0.00308531,-0.9998,-0.000166732,0,0,0,DISABLED,0
2.79999,0.000418354,2.61236e-07,0,0.000258934,0.732746,0,-0.0197746,-0.00308486,-0.9998,-0.000167206,0,0,0,DISABLED,0
2.81999,0.000420829,2.70549e-07,0,0.000260863,0.732746,0.000345267,-0.0197727,-0.00308449,-0.9998,-0.000167574,0,0,0,DISABLED,0
2.83999,0.000423574,2.80328e-07,0,0.000263004,0.732745,0.000345267,-0.0197705,-0.00308408,-0.9998,-0.000167963,0,0,0,DISABLED,0
2.85999,0.000425219,2.86382e-07,0,0.000264285,0.732745,0.000345267,-0.0197693,-0.00308384,-0.9998,-0.000168187,0,0,0,DISABLED,0
2.87999,0.000429054,2.99886e-07,0,0.000267494,0.732745,0,-0.019766,-0.00308322,-0.9998,-0.000168706,0,0,0,DISABLED,0
2.89999,0.000431248,3.07336e-07,0,0.000268992,0.732745,0.000345267,-0.0197645,-0.00308294,-0.9998,-0.000168936,0,0,0,DISABLED,0
2.91999,0.000434809,3.18512e-07,0,0.000271561,0.732744,0.000345267,-0.019762,-0.00308245,-0.9998,-0.000169306,0,0,0,DISABLED,0
2.93999,0.000437541,3.26894e-07,0,0.000273693,0.732744,0,-0.0197598,-0.00308205,-0.9998,-0.000169594,0,0,0,DISABLED,0
2.95999,0.000440262,3.35276e-07,0,0.000276037,0.732744,0.000345267,-0.0197575,-0.00308161,-0.9998,-0.000169882,0,0,0,DISABLED,0
2.97999,0.000442971,3.43192e-07,0,0.000277948,0.732743,0.000345267,-0.0197556,-0.00308126,-0.9998,-0.000170088,0,0,0,DISABLED,0
2.99999,0.00044567,3.51109e-07,0,0.00028006,0.732743,0.000345267,-0.0197535,-0.00308087,-0.9998,-0.000170294,0,0,0,DISABLED,0
3.01999,0.000447015,3.54834e-07,0,0.00028217,0.732743,0,-0.0197514,-0.00308048,-0.9998,-0.000170472,0,0,0,DISABLED,0
3.03999,0.000451048,3.65078e-07,0,0.000284269,0.732742,0.000345267,-0.0197493,-0.00308009,-0.9998,-0.000170624,0,0,0,DISABLED,0
3.05999,0.000453733,3.72063e-07,0,0.000286371,0.732742,0.000345267,-0.0197472,-0.0030797,-0.9998,-0.000170753,0,0,0,DISABLED,0
3.08,0.000456147,3.77651e-07,0,0.000288466,0.732742,0.000345267,-0.0197451,-0.00307932,-0.9998,-0.000170861,0,0,0,DISABLED,0
3.1,0.000459095,3.84171e-07,0,0.00029056,0.732741,0.000345267,-0.019743,-0.00307893,-0.9998,-0.000170949,0,0,0,DISABLED,0
3.12,0.000461503,3.88827e-07,0,0.000292655,0.732741,0.000345267,-0.0197409,-0.00307855,-0.9998,-0.000171012,0,0,0,DISABLED,0
3.14,0.000464441,3.94415e-07,0,0.000294955,0.732741,0.000345267,-0.0197386,-0.00307813,-0.9998,-0.000171051,0,0,0,DISABLED,0
3.16,0.000467106,3.99537e-07,0,0.000297042,0.73274,0,-0.0197365,-0.00307775,-0.999801,-0.000171057,0,0,0,DISABLED,0
3.18,0.000469762,4.04194e-07,0,0.000298917,0.73274,0.000345267,-0.0197346,-0.00307742,-0.999801,-0.000171039,0,0,0,DISABLED,0
3.2,0.000472412,4.08385e-07,0,0.000301203,0.73274,0.000345267,-0.0197323,-0.00307702,-0.999801,-0.000170987,0,0,0,DISABLED,0
3.22,0.000475056,4.1211e-07,0,0.000303067,0.73274,0.000345267,-0.0197305,-0.00307669,-0.999801,-0.00017092,0,0,0,DISABLED,0
3.24,0.000477696,4.1537e-07,0,0.000305139,0.732739,0.000345267,-0.0197284,-0.00307632,-0.999801,-0.000170821,0,0,0,DISABLED,0
3.26,0.000480333,4.18629e-07,0,0.000307413,0.732739,0.000345267,-0.0197261,-0.00307592,-0.999801,-0.000170685,0,0,0,DISABLED,0
3.28,0.000482967,4.20958e-07,0,0.00030927,0.732739,0.000345267,-0.0197243,-0.0030756,-0.999801,-0.000170551,0,0,0,DISABLED,0
3.3,0.000485334,4.23286e-07,0,0.00031133,0.732738,0.000345267,-0.0197222,-0.00307524,-0.999801,-0.000170379,0,0,0,DISABLED,0
3.32,0.000488222,4.25149e-07,0,0.000313595,0.732738,0.000345267,-0.0197199,-0.00307484,-0.999801,-0.000170159,0,0,0,DISABLED,0
3.34,0.000490841,4.27011e-07,0,0.000315446,0.732738,0.000345267,-0.0197181,-0.00307452,-0.999801,-0.000169956,0,0,0,DISABLED,0
3.36,0.000493194,4.27943e-07,0,0.000317501,0.732737,0.000345267,-0.019716,-0.00307417,-0.999801,-0.000169712,0,0,0,DISABLED,0
3.38,0.000496062,4.27943e-07,0,0.00031955,0.732737,0.000345267,-0.019714,-0.0030738,-0.999801,-0.000169458,0,0,0,DISABLED,0
3.4,0.000498666,4.27477e-07,0,0.000321804,0.732737,0.000345267,-0.0197117,-0.00307339,-0.999801,-0.000169168,0,0,0,DISABLED,0
3.42,0.000501004,4.26546e-07,0,0.000323646,0.732737,0.000345267,-0.0197099,-0.00307306,-0.999801,-0.000168921,0,0,0,DISABLED,0
3.44,0.000503854,4.24217e-07,0,0.000325687,0.732736,0.000345267,-0.0197079,-0.00307268,-0.999801,-0.000168637,0,0,0,DISABLED,0
3.46,0.000505921,4.21889e-07,0,0.000327524,0.732736,0.000345267,-0.019706,-0.00307234,-0.999801,-0.000168372,0,0,0,DISABLED,0
3.48,0.000508762,4.18164e-07,0,0.000329971,0.732736,0.000345267,-0.0197036,-0.00307187,-0.999801,-0.000168009,0,0,0,DISABLED,0
3.5,0.00051134,4.13973e-07,0,0.000331808,0.732735,0.000488281,-0.0197017,-0.00307153,-0.999801,-0.000167729,0,0,0,DISABLED,0
3.52001,0.000514167,4.08385e-07,0,0.000333846,0.732735,0.000345267,-0.0196997,-0.00307114,-0.999801,-0.000167409,0,0,0,DISABLED,0
3.54001,0.00051673,4.02797e-07,0,0.000336086,0.732735,0.000345267,-0.0196975,-0.00307072,-0.999801,-0.000167048,0,0,0,DISABLED,0
3.56001,0.000519031,3.96743e-07,0,0.00033812,0.732735,0.000345267,-0.0196954,-0.00307033,-0.999801,-0.000166707,0,0,0,DISABLED,0
3.58001,0.000521579,3.89758e-07,0,0.00033995,0.732734,0.000345267,-0.0196936,-0.00306999,-0.999801,-0.000166396,0,0,0,DISABLED,0
3.60001,0.000524375,3.80911e-07,0,0.000341976,0.732734,0.000345267,-0.0196916,-0.0030696,-0.999801,-0.000166046,0,0,0,DISABLED,0
3.62001,0.000526913,3.72063e-07,0,0.000344004,0.732734,0.000345267,-0.0196895,-0.00306921,-0.999801,-0.000165689,0,0,0,DISABLED,0
3.64001,0.000528941,3.64613e-07,0,0.000346031,0.732733,0.000345267,-0.0196875,-0.00306882,-0.999801,-0.000165329,0,0,0,DISABLED,0
3.66001,0.000531979,3.5204e-07,0,0.000348264,0.732733,0.000345267,-0.0196853,-0.0030684,-0.999802,-0.000164922,0,0,0,DISABLED,0
3.68001,0.000534507,3.4133e-07,0,0.000350291,0.732733,0.000345267,-0.0196832,-0.00306801,-0.999802,-0.000164555,0,0,0,DISABLED,0
3.70001,0.000536773,3.3062e-07,0,0.000352113,0.732732,0.000488281,-0.0196814,-0.00306766,-0.999802,-0.000164218,0,0,0,DISABLED,0
3.72001,0.000539538,3.17115e-07,0,0.000354338,0.732732,0.000345267,-0.0196792,-0.00306723,-0.999802,-0.000163805,0,0,0,DISABLED,0
3.74001,0.00054206,3.05939e-07,0,0.000356123,0.732732,0.000345267,-0.0196774,-0.00306674,-0.999802,-0.00016354,0,0,0,DISABLED,0
3.76001,0.000544604,2.96161e-07,0,0.000358094,0.732732,0.000488281,-0.0196754,-0.00306595,-0.999802,-0.000163448,0,0,0,DISABLED,0
3.78001,0.000547157,2.86382e-07,0,0.000360135,0.732731,0.000345267,-0.0196734,-0.00306514,-0.999802,-0.000163552,0,0,0,DISABLED,0
3.80001,0.00054946,2.77068e-07,0,0.000362232,0.732731,0.000345267,-0.0196713,-0.00306432,-0.999802,-0.000163866,0,0,0,DISABLED,0
3.82001,0.000552025,2.6729e-07,0,0.000364373,0.732731,0.000345267,-0.0196692,-0.00306346,-0.999802,-0.000164379,0,0,0,DISABLED,0
3.84001,0.000554837,2.55182e-07,0,0.000366572,0.732731,0.000488281,-0.019667,-0.00306267,-0.999802,-0.000165033,0,0,0,DISABLED,0
3.86001,0.000557379,2.44472e-07,0,0.000369051,0.73273,0.000488281,-0.0196645,-0.00306189,-0.999802,-0.000165856,0,0,0,DISABLED,0
3.88001,0.00055915,2.3609e-07,0,0.000370877,0.73273,0.000345267,-0.0196627,-0.00306136,-0.999802,-0.000166505,0,0,0,DISABLED,0
3.90001,0.000562427,2.21189e-07,0,0.000373404,0.73273,0.000345267,-0.0196601,-0.00306066,-0.999802,-0.000167461,0,0,0,DISABLED,0
3.92001,0.000564943,2.09082e-07,0,0.000375954,0.73273,0.000345267,-0.0196576,-0.00305998,-0.999802,-0.000168476,0,0,0,DISABLED,0
3.94001,0.000567457,1.96509e-07,0,0.000378286,0.732729,0.000488281,-0.0196553,-0.00305937,-0.999802,-0.000169444,0,0,0,DISABLED,0
3.96002,0.000569967,1.83936e-07,0,0.000380402,0.732729,0.000488281,-0.0196531,-0.00305883,-0.999802,-0.000170353,0,0,0,DISABLED,0
3.98002,0.000571472,1.76486e-07,0,0.000382056,0.732729,0.000345267,-0.0196515,-0.00305841,-0.999802,-0.000171086,0,0,0,DISABLED,0
4.00002,0.000574733,1.59722e-07,0,0.000384673,0.732729,0.000345267,-0.0196489,-0.00305775,-0.999802,-0.000172274,0,0,0,DISABLED,0
4.02002,0.00057725,1.46218e-07,0,0.000387805,0.732728,0.000345267,-0.0196457,-0.00305697,-0.999802,-0.000173753,0,0,0,DISABLED,0
4.04002,0.000235581,1.24332e-07,0,0.00137844,0.732775,0.00138107,-0.0186551,-0.00306082,-0.999821,-0.000169872,0,0,0,DISABLED,0
4.06002,-0.00122907,7.12462e-08,0,0.00433368,0.733049,0.00435365,-0.0156999,-0.00306454,-0.999872,-0.000165469,0,0,0,DISABLED,0
4.08002,-0.00273766,6.28643e-08,0,0.00556788,0.733326,0.00557797,-0.0144657,-0.00305259,-0.999891,-0.000166077,0,0,0,DISABLED,0
4.10002,-0.00475659,2.67755e-07,0,0.00571283,0.733611,0.00572561,-0.0143207,-0.00302392,-0.999893,-0.000160873,0,0,0,DISABLED,0
4.12002,-0.00711884,7.70669e-07,0,0.00434941,0.733831,0.00435365,-0.0156841,-0.00300297,-0.999873,-0.000152778,0,0,0,DISABLED,0
4.14002,-0.00979129,1.32201e-06,0,0.00138991,0.733992,0.00138107,-0.0186436,-0.00299256,-0.999822,-0.000157,0,0,0,DISABLED,0
4.16002,-0.0127429,1.80397e-06,0,-0.00190487,0.73412,0.00192237,-0.0219384,-0.00301136,-0.999755,-0.000143965,0,0,0,DISABLED,0
4.18002,-0.0162673,1.96462e-06,0,-0.00658475,0.734243,0.00658729,-0.0266183,-0.00305852,-0.999641,-6.8998e-05,0,0,0,DISABLED,0
4.20002,-0.0196895,-1.16415e-06,0,-0.010731,0.734349,0.0107367,-0.0307646,-0.00306574,-0.999522,0.000113638,0,0,0,DISABLED,0
4.22002,-0.0232953,-5.06174e-07,0,-0.015894,0.734497,0.0159049,-0.0359275,-0.0027548,-0.999351,0.000683459,0,0,0,DISABLED,0
4.24002,-0.0262742,1.08648e-05,0,-0.0218386,0.734683,0.0218861,-0.0418721,-0.00189315,-0.999121,0.00161753,0,0,0,DISABLED,0
4.26002,-0.0290423,2.81706e-05,0,-0.0277092,0.734884,0.0278222,-0.0477427,-0.000818418,-0.998859,0.00255389,0,0,0,DISABLED,0
4.28002,-0.0316488,5.93821e-05,0,-0.0325285,0.735121,0.0327564,-0.052562,0.000536195,-0.998618,0.00336339,0,0,0,DISABLED,0
4.30002,-0.0343365,0.000131192,0,-0.0354667,0.735409,0.0358166,-0.0555002,0.00167246,-0.998457,0.00368882,0,0,0,DISABLED,0
4.32002,-0.0365191,0.000223827,0,-0.0375786,0.735564,0.0380444,-0.0576122,0.00262339,-0.998336,0.00430523,0,0,0,DISABLED,0
4.34002,-0.038202,0.000308897,0,-0.0395488,0.735552,0.0400656,-0.0595823,0.00307776,-0.998219,0.00490852,0,0,0,DISABLED,0
4.36002,-0.0397301,0.000400211,0,-0.0420005,0.735398,0.0425215,-0.062034,0.00326611,-0.998069,0.0054521,0,0,0,DISABLED,0
4.38002,-0.0409867,0.000580579,0,-0.0445711,0.735174,0.0450952,-0.0646047,0.00344138,-0.997905,0.00584213,0,0,0,DISABLED,0
4.40003,-0.041794,0.000862351,0,-0.047635,0.735007,0.0481852,-0.0676686,0.00379416,-0.997701,0.00655472,0,0,0,DISABLED,0
4.42003,-0.0423353,0.00124444,0,-0.0499148,0.734903,0.0504864,-0.0699483,0.00407242,-0.997542,0.00736343,0,0,0,DISABLED,0
4.44003,-0.0426297,0.0016914,0,-0.0516587,0.734796,0.0522361,-0.0716922,0.00420853,-0.997418,0.0082605,0,0,0,DISABLED,0
4.46003,-0.0426505,0.00218762,0,-0.0530938,0.734607,0.0536685,-0.0731274,0.00425733,-0.997313,0.0088874,0,0,0,DISABLED,0
4.48003,-0.0423806,0.00271743,0,-0.0544235,0.734325,0.0549879,-0.074457,0.00425987,-0.997215,0.00899265,0,0,0,DISABLED,0
4.50003,-0.0418964,0.00316777,0,-0.0555643,0.73405,0.0560917,-0.0755979,0.00401741,-0.99713,0.00890167,0,0,0,DISABLED,0
4.52003,-0.0410983,0.00359567,0,-0.0566702,0.733809,0.05712,-0.0767038,0.00341478,-0.997048,0.00882829,0,0,0,DISABLED,0
4.54003,-0.039971,0.00402026,0,-0.0572315,0.733594,0.0576334,-0.0772651,0.00299944,-0.997006,0.00881778,0,0,0,DISABLED,0
4.56003,-0.0387471,0.00434912,0,-0.0572186,0.733409,0.057563,-0.0772521,0.00243687,-0.997009,0.00882213,0,0,0,DISABLED,0
4.58003,-0.0373385,0.00459191,0,-0.0568167,0.733196,0.0570761,-0.0768503,0.00147378,-0.997042,0.00883901,0,0,0,DISABLED,0
4.60003,-0.0368783,0.00465012,0,-0.0566484,0.733126,0.0568825,-0.0766819,0.0011325,-0.997055,0.008847,0,0,0,DISABLED,0
4.62003,-0.0339417,0.004875,0,-0.0555652,0.732695,0.0556873,-0.0755988,-0.00074033,-0.997138,0.00887481,0,0,0,DISABLED,0
4.64003,-0.0321823,0.0049889,0,-0.054638,0.73257,0.0547521,-0.0746716,-0.000890038,-0.997208,0.00887734,0,0,0,DISABLED,0
4.66003,-0.0301554,0.00505615,0,-0.0528038,0.732491,0.0529087,-0.0728373,-0.00103387,-0.997343,0.00887314,0,0,0,DISABLED,0
4.68003,-0.0280997,0.00506459,0,-0.0505886,0.732449,0.0506833,-0.0706222,-0.00117826,-0.997502,0.00887208,0,0,0,DISABLED,0
4.70003,-0.0260122,0.00502114,0,-0.0476645,0.732426,0.0477489,-0.0676981,-0.00132426,-0.997705,0.00886346,0,0,0,DISABLED,0
4.72003,-0.0238896,0.00493247,0,-0.0445644,0.732404,0.0446394,-0.0645979,-0.00145356,-0.99791,0.00885207,0,0,0,DISABLED,0
4.74003,-0.0215467,0.00480313,0,-0.0414421,0.732376,0.0415098,-0.0614756,-0.00154119,-0.998107,0.00882833,0,0,0,DISABLED,0
4.76003,-0.0194383,0.00465669,0,-0.0380169,0.732346,0.0380773,-0.0580504,-0.00162865,-0.998312,0.00873232,0,0,0,DISABLED,0
4.78003,-0.017573,0.00450612,0,-0.0349271,0.732317,0.034983,-0.0549606,-0.00170733,-0.998487,0.00856016,0,0,0,DISABLED,0
4.80003,-0.0153527,0.00430044,0,-0.0318679,0.732287,0.0319175,-0.0519015,-0.00178524,-0.998651,0.00837782,0,0,0,DISABLED,0
4.82003,-0.0134056,0.00409649,0,-0.0291477,0.732265,0.0291919,-0.0491812,-0.00190313,-0.998788,0.00816944,0,0,0,DISABLED,0
4.84004,-0.0115363,0.00387946,0,-0.0259056,0.732248,0.0259394,-0.0459391,-0.00209332,-0.998942,0.00787572,0,0,0,DISABLED,0
4.86004,-0.00975536,0.00365192,0,-0.023079,0.732232,0.0231076,-0.0431125,-0.00228842,-0.999068,0.00757294,0,0,0,DISABLED,0
4.88004,-0.00839975,0.0034625,0,-0.0209124,0.732221,0.0209339,-0.040946,-0.00244122,-0.999158,0.00732781,0,0,0,DISABLED,0
4.90004,-0.00648393,0.00316809,0,-0.0181058,0.732206,0.0181194,-0.0381393,-0.00262131,-0.999269,0.00701164,0,0,0,DISABLED,0
4.92004,-0.00500104,0.00291985,0,-0.015716,0.732198,0.0157316,-0.0357496,-0.00274776,-0.999357,0.00670446,0,0,0,DISABLED,0
4.94004,-0.00376077,0.00269785,0,-0.0147937,0.732195,0.0148064,-0.0348272,-0.00278661,-0.999389,0.00658452,0,0,0,DISABLED,0
4.96004,-0.00248963,0.0024556,0,-0.0113032,0.732195,0.0113099,-0.0313367,-0.00291132,-0.999505,0.00612459,0,0,0,DISABLED,0
4.98004,-0.00122126,0.00220118,0,-0.00947617,0.732199,0.00948074,-0.0295097,-0.00296535,-0.99956,0.00590365,0,0,0,DISABLED,0
5.00004,-0.000185627,0.00198662,0,-0.00739306,0.732205,0.00740517,-0.0274266,-0.00301717,-0.999619,0.00564795,0,0,0,DISABLED,0
5.02004,0.000652761,0.001808,0,-0.00565402,0.732213,0.00566281,-0.0256876,-0.00307198,-0.999665,0.00544431,0,0,0,DISABLED,0
5.04004,0.00155996,0.00161082,0,-0.00406669,0.732226,0.00407064,-0.0241002,-0.00313401,-0.999705,0.0052723,0,0,0,DISABLED,0
5.06004,0.00227606,0.00145594,0,-0.00263752,0.73224,0.00265205,-0.0226711,-0.00319533,-0.999738,0.00512949,0,0,0,DISABLED,0
5.08004,0.00289286,0.00132784,0,-0.00137078,0.732256,0.00138107,-0.0214043,-0.00324485,-0.999766,0.0049973,0,0,0,DISABLED,0
5.10004,0.00341464,0.00122714,0,-0.000163849,0.732272,0,-0.0201974,-0.00329479,-0.999791,0.00485925,0,0,0,DISABLED,0
5.12004,0.00384774,0.00115172,0,0.000677725,0.732287,0.000690534,-0.0193558,-0.00333227,-0.999807,0.00475307,0,0,0,DISABLED,0
5.14004,0.00416785,0.00110086,0,0.00146149,0.732297,0.00150498,-0.0185721,-0.003365,-0.999822,0.00463722,0,0,0,DISABLED,0
5.16004,0.00447652,0.00105478,0,0.00214589,0.732307,0.00215619,-0.0178876,-0.00339196,-0.999834,0.00451644,0,0,0,DISABLED,0
5.18004,0.00466735,0.00102597,0,0.00258241,0.732313,0.00258374,-0.0174511,-0.00340826,-0.999842,0.00443529,0,0,0,DISABLED,0
5.20004,0.00482013,0.00100087,0,0.002955,0.732318,0.0029701,-0.0170785,-0.00342067,-0.999848,0.00435431,0,0,0,DISABLED,0
5.22004,0.00491589,0.000981185,0,0.00323539,0.732325,0.00325724,-0.0167982,-0.00342749,-0.999853,0.00428464,0,0,0,DISABLED,0
5.24004,0.00496272,0.000963738,0,0.00345761,0.732333,0.00348703,-0.0165759,-0.00343144,-0.999857,0.00422134,0,0,0,DISABLED,0
5.26005,0.00496358,0.000950038,0,0.00357858,0.732342,0.00360469,-0.016455,-0.00343445,-0.999859,0.00417849,0,0,0,DISABLED,0
5.28005,0.00493378,0.000937096,0,0.00366085,0.732352,0.00368644,-0.0163727,-0.00343819,-0.99986,0.0041387,0,0,0,DISABLED,0
5.30005,0.00487681,0.000924234,0,0.00370568,0.732363,0.00373464,-0.0163279,-0.00344264,-0.999861,0.00410375,0,0,0,DISABLED,0
5.32005,0.00479607,0.000911222,0,0.00373675,0.732376,0.00376642,-0.0162968,-0.00344859,-0.999861,0.00406719,0,0,0,DISABLED,0
5.34005,0.00469615,0.000897958,0,0.00375701,0.732391,0.00379794,-0.0162765,-0.00345437,-0.999862,0.00403559,0,0,0,DISABLED,0
5.36005,0.00459373,0.00088581,0,0.00376914,0.732405,0.0038136,-0.0162644,-0.00345973,-0.999862,0.00400841,0,0,0,DISABLED,0
5.38005,0.00446961,0.000872158,0,0.00377589,0.732421,0.00379794,-0.0162576,-0.00346634,-0.999862,0.0039766,0,0,0,DISABLED,0
5.40005,0.00433776,0.000858467,0,0.00377437,0.732438,0.0038136,-0.0162592,-0.00347227,-0.999862,0.00394881,0,0,0,DISABLED,0
5.42005,0.00417356,0.000842166,0,0.00376292,0.732458,0.00378221,-0.0162706,-0.0034791,-0.999862,0.00391667,0,0,0,DISABLED,0
5.44005,0.00406247,0.000831482,0,0.00374931,0.732471,0.00378221,-0.0162842,-0.00348344,-0.999861,0.00389583,0,0,0,DISABLED,0
5.46005,0.00392403,0.000818405,0,0.00372911,0.732487,0.00376642,-0.0163044,-0.00348808,-0.999861,0.00387296,0,0,0,DISABLED,0
5.48005,0.00377352,0.000804428,0,0.00369837,0.732505,0.00373464,-0.0163352,-0.00349338,-0.99986,0.00384572,0,0,0,DISABLED,0
5.50005,0.00363939,0.000792115,0,0.00366826,0.73252,0.00370258,-0.0163653,-0.0034973,-0.99986,0.00382401,0,0,0,DISABLED,0
5.52005,0.00350951,0.000780174,0,0.0036227,0.732533,0.00365396,-0.0164108,-0.00350112,-0.999859,0.00380049,0,0,0,DISABLED,0
5.54005,0.00338476,0.000768593,0,0.00355225,0.732546,0.00358812,-0.0164813,-0.00350468,-0.999858,0.0037752,0,0,0,DISABLED,0
5.56005,0.00326525,0.000757337,0,0.00348166,0.732557,0.00352105,-0.0165519,-0.00350722,-0.999857,0.00375497,0,0,0,DISABLED,0
5.58005,0.00315097,0.000746401,0,0.00338435,0.732566,0.00343536,-0.0166492,-0.00351002,-0.999855,0.00373085,0,0,0,DISABLED,0
5.60005,0.00304187,0.000735763,0,0.00330054,0.732575,0.00331169,-0.016733,-0.00351211,-0.999854,0.00371187,0,0,0,DISABLED,0
5.62005,0.0029377,0.000725416,0,0.00320048,0.732584,0.00323889,-0.0168331,-0.00351437,-0.999852,0.00368975,0,0,0,DISABLED,0
5.64005,0.00284815,0.000716375,0,0.00311434,0.732591,0.00312653,-0.0169192,-0.00351616,-0.999851,0.00367053,0,0,0,DISABLED,0
5.66005,0.00274429,0.000705732,0,0.0030333,0.732599,0.00304932,-0.0170002,-0.00351764,-0.999849,0.00365202,0,0,0,DISABLED,0
5.68005,0.00265525,0.00069649,0,0.00296489,0.732606,0.0029901,-0.0170686,-0.0035187,-0.999848,0.00363593,0,0,0,DISABLED,0
5.70006,0.00257131,0.000687707,0,0.00288724,0.732612,0.00290927,-0.0171463,-0.00351966,-0.999847,0.00361688,0,0,0,DISABLED,0
5.72006,0.00250001,0.00068022,0,0.00283486,0.732618,0.00284715,-0.0171987,-0.00352012,-0.999846,0.0036034,0,0,0,DISABLED,0
5.74006,0.00241822,0.000671623,0,0.00276834,0.732624,0.00280496,-0.0172652,-0.00352039,-0.999845,0.00358539,0,0,0,DISABLED,0
5.76006,0.00234876,0.000664368,0,0.00271314,0.732629,0.00274047,-0.0173204,-0.00352028,-0.999844,0.00356942,0,0,0,DISABLED,0
5.78006,0.00228384,0.000657655,0,0.00266268,0.732634,0.00267443,-0.0173709,-0.00351982,-0.999843,0.00355384,0,0,0,DISABLED,0
5.80006,0.00222331,0.000651494,0,0.00261239,0.732639,0.00265205,-0.0174211,-0.00351889,-0.999842,0.00353716,0,0,0,DISABLED,0
5.82006,0.00217249,0.000646423,0,0.00258314,0.732642,0.00262948,-0.0174504,-0.00351808,-0.999842,0.00352679,0,0,0,DISABLED,0
5.84006,0.00213007,0.000642282,0,0.00254505,0.732646,0.00258374,-0.0174885,-0.00351664,-0.999841,0.00351226,0,0,0,DISABLED,0
5.86006,0.00206616,0.000636228,0,0.00250418,0.73265,0.00251358,-0.0175294,-0.0035145,-0.99984,0.00349532,0,0,0,DISABLED,0
5.88006,0.00202957,0.000632904,0,0.00247579,0.732653,0.00251358,-0.0175577,-0.00351266,-0.99984,0.00348284,0,0,0,DISABLED,0
5.90006,0.00198222,0.000628793,0,0.00244335,0.732656,0.0024657,-0.0175902,-0.00351026,-0.999839,0.0034677,0,0,0,DISABLED,0
5.92006,0.00194183,0.000625459,0,0.00241572,0.732659,0.00244141,-0.0176178,-0.00350795,-0.999839,0.00345409,0,0,0,DISABLED,0
5.94006,0.00189997,0.000622126,0,0.00238967,0.732662,0.00241687,-0.0176439,-0.00350555,-0.999838,0.00344056,0,0,0,DISABLED,0
5.96006,0.00186392,0.000619308,0,0.00236261,0.732664,0.00241687,-0.0176709,-0.00350277,-0.999838,0.00342585,0,0,0,DISABLED,0
5.98006,0.00182956,0.000616637,0,0.00233927,0.732666,0.00236703,-0.0176943,-0.00350012,-0.999837,0.00341264,0,0,0,DISABLED,0
6.00006,0.00179994,0.000614327,0,0.00231916,0.732668,0.00234172,-0.0177144,-0.00349768,-0.999837,0.00340091,0,0,0,DISABLED,0
6.02006,0.00176524,0.000611605,0,0.00229561,0.73267,0.00231612,-0.0177379,-0.00349461,-0.999837,0.00338676,0,0,0,DISABLED,0
6.04006,0.00173498,0.000609206,0,0.00227508,0.732672,0.00231612,-0.0177585,-0.00349175,-0.999836,0.00337401,0,0,0,DISABLED,0
6.06006,0.00170585,0.000606862,0,0.00225527,0.732673,0.00229024,-0.0177783,-0.00348886,-0.999836,0.00336138,0,0,0,DISABLED,0
6.08006,0.00167777,0.00060457,0,0.00223617,0.732675,0.00226407,-0.0177974,-0.00348592,-0.999836,0.00334884,0,0,0,DISABLED,0
6.10006,0.00165334,0.000602542,0,0.00221772,0.732676,0.00226407,-0.0178158,-0.00348297,-0.999835,0.00333641,0,0,0,DISABLED,0
6.12006,0.00162448,0.000600098,0,0.00220162,0.732677,0.00223759,-0.0178319,-0.00348029,-0.999835,0.00332531,0,0,0,DISABLED,0
6.14007,0.00159913,0.000597903,0,0.00218257,0.732679,0.00221079,-0.017851,-0.003477,-0.999835,0.00331188,0,0,0,DISABLED,0
6.16007,0.00157456,0.000595735,0,0.0021658,0.73268,0.00221079,-0.0178677,-0.00347401,-0.999834,0.00329979,0,0,0,DISABLED,0
6.18007,0.00155311,0.000593811,0,0.00214952,0.732681,0.00218366,-0.017884,-0.00347102,-0.999834,0.00328785,0,0,0,DISABLED,0
6.20007,0.00152998,0.000591711,0,0.00213373,0.732682,0.00215619,-0.0178998,-0.00346804,-0.999834,0.00327607,0,0,0,DISABLED,0
6.22007,0.00150537,0.000589454,0,0.00211993,0.732683,0.00215619,-0.0179136,-0.00346537,-0.999834,0.0032656,0,0,0,DISABLED,0
6.24007,0.00148583,0.000587647,0,0.00210503,0.732683,0.00212837,-0.0179285,-0.00346241,-0.999833,0.0032541,0,0,0,DISABLED,0
6.26007,0.0014647,0.000585686,0,0.00209056,0.732684,0.00210018,-0.017943,-0.00345945,-0.999833,0.00324274,0,0,0,DISABLED,0
6.28007,0.00144416,0.000583776,0,0.00207648,0.732685,0.00210018,-0.0179571,-0.00345651,-0.999833,0.0032315,0,0,0,DISABLED,0
6.30007,0.00142222,0.00058174,0,0.00206143,0.732686,0.00210018,-0.0179721,-0.00345327,-0.999833,0.00321928,0,0,0,DISABLED,0
6.32007,0.00140289,0.000579953,0,0.00204946,0.732686,0.0020716,-0.0179841,-0.00345064,-0.999832,0.00320939,0,0,0,DISABLED,0
6.34007,0.00138411,0.000578224,0,0.00203525,0.732687,0.00204263,-0.0179983,-0.00344742,-0.999832,0.00319745,0,0,0,DISABLED,0
6.36007,0.00136588,0.000576549,0,0.00202274,0.732687,0.00204263,-0.0180108,-0.00344451,-0.999832,0.00318673,0,0,0,DISABLED,0
6.38007,0.00134816,0.000574926,0,0.00201178,0.732688,0.00204263,-0.0180218,-0.0034419,-0.999832,0.00317718,0,0,0,DISABLED,0
6.40007,0.00133094,0.000573353,0,0.00199877,0.732688,0.00204263,-0.0180348,-0.00343871,-0.999831,0.00316564,0,0,0,DISABLED,0
6.42007,0.00131584,0.000571981,0,0.00198843,0.732689,0.00201324,-0.0180451,-0.00343611,-0.999831,0.0031563,0,0,0,DISABLED,0
6.44007,0.00129949,0.000570502,0,0.00197724,0.732689,0.00201324,-0.0180563,-0.00343322,-0.999831,0.00314603,0,0,0,DISABLED,0
6.46007,0.00128357,0.000569074,0,0.00196528,0.73269,0.00198341,-0.0180683,-0.00343006,-0.999831,0.00313486,0,0,0,DISABLED,0
6.48007,0.00126806,0.000567697,0,0.00195473,0.73269,0.00198341,-0.0180788,-0.0034272,-0.999831,0.00312482,0,0,0,DISABLED,0
6.50007,0.00125148,0.000566239,0,0.00194552,0.73269,0.00195313,-0.018088,-0.00342462,-0.999831,0.00311587,0,0,0,DISABLED,0
6.52007,0.00123826,0.000565092,0,0.00193462,0.732691,0.00195313,-0.0180989,-0.00342149,-0.99983,0.00310507,0,0,0,DISABLED,0
6.54007,0.00122249,0.00056374,0,0.00192597,0.732691,0.00195313,-0.0181076,-0.00341893,-0.99983,0.00309632,0,0,0,DISABLED,0
6.56007,0.0012099,0.00056267,0,0.00191662,0.732691,0.00192237,-0.0181169,-0.0034161,-0.99983,0.00308672,0,0,0,DISABLED,0
6.58008,0.00119621,0.000561523,0,0.00190664,0.732692,0.00192237,-0.0181269,-0.00341299,-0.99983,0.00307628,0,0,0,DISABLED,0
6.60008,0.00118285,0.000560418,0,0.0018987,0.732692,0.00192237,-0.0181348,-0.00341046,-0.99983,0.00306783,0,0,0,DISABLED,0
6.62008,0.00116851,0.000559252,0,0.00188927,0.732692,0.00189111,-0.0181443,-0.00340737,-0.99983,0.00305761,0,0,0,DISABLED,0
6.64008,0.00115579,0.000558231,0,0.00188177,0.732692,0.00189111,-0.0181518,-0.00340486,-0.999829,0.00304934,0,0,0,DISABLED,0
6.66008,0.00114337,0.000557241,0,0.00187286,0.732693,0.00189111,-0.0181607,-0.00340179,-0.999829,0.00303933,0,0,0,DISABLED,0
6.68008,0.00113243,0.000556376,0,0.00186577,0.732693,0.00189111,-0.0181678,-0.00339928,-0.999829,0.0030312,0,0,0,DISABLED,0
6.70008,0.00112172,0.000555533,0,0.00185811,0.732693,0.00189111,-0.0181754,-0.0033965,-0.999829,0.00302227,0,0,0,DISABLED,0
6.72008,0.00111007,0.000554618,0,0.00185139,0.732693,0.00185932,-0.0181821,-0.00339401,-0.999829,0.0030143,0,0,0,DISABLED,0
6.74008,0.00109644,0.000553551,0,0.00184269,0.732694,0.00189111,-0.0181908,-0.0033907,-0.999829,0.00300378,0,0,0,DISABLED,0
6.76008,0.00108645,0.000552773,0,0.00183704,0.732694,0.00185932,-0.0181965,-0.0033885,-0.999829,0.00299683,0,0,0,DISABLED,0
6.78008,0.00107452,0.00055185,0,0.00182881,0.732694,0.00182698,-0.0182047,-0.00338522,-0.999829,0.00298649,0,0,0,DISABLED,0
6.80008,0.00106394,0.000551035,0,0.00182216,0.732694,0.00182698,-0.0182114,-0.0033825,-0.999828,0.00297798,0,0,0,DISABLED,0
6.82008,0.00105362,0.00055024,0,0.00181572,0.732694,0.00182698,-0.0182178,-0.0033798,-0.999828,0.00296955,0,0,0,DISABLED,0
6.84008,0.00104357,0.000549477,0,0.00180944,0.732695,0.00182698,-0.0182241,-0.00337696,-0.999828,0.00296116,0,0,0,DISABLED,0
6.86008,0.00103379,0.00054875,0,0.00180396,0.732695,0.00179406,-0.0182296,-0.00337422,-0.999828,0.00295355,0,0,0,DISABLED,0
6.88008,0.00102708,0.000548257,0,0.00179869,0.732695,0.00182698,-0.0182349,-0.00337149,-0.999828,0.00294588,0,0,0,DISABLED,0
6.90008,0.00101491,0.000547364,0,0.00179248,0.732695,0.00182698,-0.0182411,-0.00336814,-0.999828,0.0029364,0,0,0,DISABLED,0
6.92008,0.00100576,0.000546692,0,0.00178651,0.732695,0.00179406,-0.018247,-0.00336489,-0.999828,0.00292686,0,0,0,DISABLED,0
6.94008,0.000996808,0.000546037,0,0.0017818,0.732695,0.00182698,-0.0182517,-0.00336232,-0.999828,0.00291906,0,0,0,DISABLED,0
6.96008,0.000988936,0.000545463,0,0.00177625,0.732695,0.00179406,-0.0182573,-0.00335923,-0.999828,0.00290956,0,0,0,DISABLED,0
6.98008,0.000980392,0.000544841,0,0.00177139,0.732696,0.00176052,-0.0182621,-0.00335646,-0.999828,0.00290096,0,0,0,DISABLED,0
7.00008,0.000972056,0.000544234,0,0.00176671,0.732696,0.00179406,-0.0182668,-0.00335372,-0.999828,0.00289241,0,0,0,DISABLED,0
7.02009,0.000963122,0.000543583,0,0.00176221,0.732696,0.00179406,-0.0182713,-0.00335101,-0.999827,0.00288389,0,0,0,DISABLED,0
7.04009,0.000955207,0.000543009,0,0.00175829,0.732696,0.00176052,-0.0182752,-0.00334858,-0.999827,0.00287624,0,0,0,DISABLED,0
7.06009,0.000947482,0.000542449,0,0.00175369,0.732696,0.00176052,-0.0182798,-0.00334563,-0.999827,0.00286693,0,0,0,DISABLED,0
7.08009,0.000940682,0.000541958,0,0.00174966,0.732696,0.00176052,-0.0182839,-0.00334297,-0.999827,0.0028585,0,0,0,DISABLED,0
7.10009,0.000933302,0.000541429,0,0.00174617,0.732696,0.00176052,-0.0182874,-0.00334059,-0.999827,0.00285093,0,0,0,DISABLED,0
7.12009,0.000925391,0.000540866,0,0.00174206,0.732696,0.00176052,-0.0182915,-0.00333769,-0.999827,0.00284172,0,0,0,DISABLED,0
7.14009,0.000918383,0.00054037,0,0.00173882,0.732696,0.00176052,-0.0182947,-0.00333534,-0.999827,0.0028342,0,0,0,DISABLED,0
7.16009,0.0009129,0.000539983,0,0.00173569,0.732696,0.00176052,-0.0182979,-0.00333299,-0.999827,0.00282685,0,0,0,DISABLED,0
7.18009,0.000905531,0.000539473,0,0.00173198,0.732696,0.00176052,-0.0183016,-0.00333013,-0.999827,0.0028181,0,0,0,DISABLED,0
7.20009,0.00089835,0.000539001,0,0.0017284,0.732697,0.00176052,-0.0183051,-0.0033273,-0.999827,0.00280957,0,0,0,DISABLED,0
7.22009,0.000891993,0.00053861,0,0.00172526,0.732697,0.00176052,-0.0183083,-0.00332477,-0.999827,0.00280201,0,0,0,DISABLED,0
7.24009,0.000886421,0.000538271,0,0.00172255,0.732697,0.00172634,-0.018311,-0.00332254,-0.999827,0.00279531,0,0,0,DISABLED,0
7.26009,0.000880392,0.000537899,0,0.00171966,0.732697,0.00172634,-0.0183139,-0.0033201,-0.999827,0.00278807,0,0,0,DISABLED,0
7.28009,0.000873941,0.000537491,0,0.00171663,0.732697,0.00172634,-0.0183169,-0.00331748,-0.999827,0.00278036,0,0,0,DISABLED,0
7.30009,0.000868233,0.000537123,0,0.00171424,0.732697,0.00172634,-0.0183193,-0.00331538,-0.999827,0.00277417,0,0,0,DISABLED,0
7.32009,0.000863223,0.000536794,0,0.00171169,0.732697,0.00172634,-0.0183218,-0.00331309,-0.999827,0.00276748,0,0,0,DISABLED,0
7.34009,0.000857263,0.000536394,0,0.00170925,0.732697,0.00172634,-0.0183243,-0.00331085,-0.999827,0.00276095,0,0,0,DISABLED,0
7.36009,0.000852516,0.000536068,0,0.00170715,0.732697,0.00169146,-0.0183264,-0.00330885,-0.999827,0.00275517,0,0,0,DISABLED,0
7.38009,0.000846867,0.000535672,0,0.00170447,0.732697,0.00172634,-0.0183291,-0.00330624,-0.999827,0.00274758,0,0,0,DISABLED,0
7.40009,0.000841876,0.000535312,0,0.00170236,0.732697,0.00172634,-0.0183312,-0.00330409,-0.999826,0.00274133,0,0,0,DISABLED,0
7.42009,0.000837507,0.00053499,0,0.00170055,0.732697,0.00169146,-0.018333,-0.00330217,-0.999826,0.00273578,0,0,0,DISABLED,0
7.44009,0.000832324,0.000534596,0,0.00169846,0.732697,0.00172634,-0.0183351,-0.00329985,-0.999826,0.00272908,0,0,0,DISABLED,0
7.4601,0.000827751,0.000534239,0,0.00169685,0.732697,0.00169146,-0.0183367,-0.00329796,-0.999826,0.00272366,0,0,0,DISABLED,0
7.4801,0.000823741,0.000533917,0,0.00169497,0.732697,0.00169146,-0.0183386,-0.00329567,-0.999826,0.00271712,0,0,0,DISABLED,0
7.5001,0.000819399,0.000533561,0,0.00169337,0.732697,0.00172634,-0.0183402,-0.00329361,-0.999826,0.00271124,0,0,0,DISABLED,0
7.5201,0.000815178,0.000533205,0,0.00169199,0.732697,0.00169146,-0.0183416,-0.00329176,-0.999826,0.00270601,0,0,0,DISABLED,0
7.5401,0.000810669,0.000532814,0,0.0016904,0.732697,0.00172634,-0.0183431,-0.00328951,-0.999826,0.00269968,0,0,0,DISABLED,0
7.5601,0.000806686,0.000532459,0,0.00168904,0.732697,0.00169146,-0.0183445,-0.00328749,-0.999826,0.00269399,0,0,0,DISABLED,0
7.5801,0.000803196,0.000532139,0,0.00168789,0.732697,0.00169146,-0.0183457,-0.00328568,-0.999826,0.00268892,0,0,0,DISABLED,0
7.6001,0.000799049,0.000531749,0,0.00168656,0.732697,0.00169146,-0.018347,-0.00328348,-0.999826,0.00268279,0,0,0,DISABLED,0
7.6201,0.000795383,0.000531395,0,0.00168542,0.732697,0.00169146,-0.0183481,-0.0032815,-0.999826,0.00267727,0,0,0,DISABLED,0
7.6401,0.000792171,0.000531077,0,0.00168446,0.732697,0.00169146,-0.0183491,-0.00327973,-0.999826,0.00267236,0,0,0,DISABLED,0
7.6601,0.000788699,0.000530724,0,0.00168337,0.732697,0.00169146,-0.0183502,-0.00327758,-0.999826,0.00266642,0,0,0,DISABLED,0
7.6801,0.000784996,0.000530336,0,0.00168245,0.732697,0.00169146,-0.0183511,-0.00327564,-0.999826,0.00266108,0,0,0,DISABLED,0
7.7001,0.000782056,0.000530018,0,0.0016816,0.732697,0.00169146,-0.0183519,-0.00327371,-0.999826,0.00265579,0,0,0,DISABLED,0
7.7201,0.000778884,0.000529666,0,0.00168089,0.732697,0.00169146,-0.0183527,-0.00327199,-0.999826,0.00265108,0,0,0,DISABLED,0
7.7401,0.000776111,0.00052935,0,0.00168024,0.732697,0.00169146,-0.0183533,-0.00327028,-0.999826,0.00264642,0,0,0,DISABLED,0
7.7601,0.000772527,0.000528928,0,0.00167945,0.732697,0.00169146,-0.0183541,-0.003268,-0.999826,0.00264026,0,0,0,DISABLED,0
7.7801,0.000769635,0.000528577,0,0.00167891,0.732697,0.00169146,-0.0183546,-0.00326631,-0.999826,0.00263568,0,0,0,DISABLED,0
7.8001,0.000766832,0.000528227,0,0.00167831,0.732697,0.00169146,-0.0183552,-0.00326425,-0.999826,0.00263013,0,0,0,DISABLED,0
7.8201,0.000764122,0.000527877,0,0.00167784,0.732697,0.00169146,-0.0183557,-0.0032624,-0.999826,0.00262513,0,0,0,DISABLED,0
7.8401,0.000761506,0.000527528,0,0.00167743,0.732697,0.00169146,-0.0183561,-0.00326056,-0.999826,0.00262019,0,0,0,DISABLED,0
7.8601,0.000759476,0.000527248,0,0.00167715,0.732696,0.00169146,-0.0183564,-0.00325909,-0.999826,0.00261627,0,0,0,DISABLED,0
7.88011,0.000756531,0.00052683,0,0.00167682,0.732696,0.00169146,-0.0183567,-0.00325709,-0.999826,0.00261092,0,0,0,DISABLED,0
7.90011,0.00075416,0.000526481,0,0.00167656,0.732696,0.00169146,-0.018357,-0.00325511,-0.999826,0.00260563,0,0,0,DISABLED,0
7.92011,0.000751867,0.000526133,0,0.0016764,0.732696,0.00169146,-0.0183571,-0.00325349,-0.999826,0.00260133,0,0,0,DISABLED,0
7.94011,0.000749656,0.000525786,0,0.00167625,0.732696,0.00169146,-0.0183573,-0.00325154,-0.999826,0.00259612,0,0,0,DISABLED,0
7.96011,0.000747529,0.000525439,0,0.00167617,0.732696,0.00169146,-0.0183574,-0.00324978,-0.999826,0.00259144,0,0,0,DISABLED,0
7.98011,0.000745482,0.000525092,0,0.00167616,0.732696,0.00169146,-0.0183574,-0.00324803,-0.999826,0.0025868,0,0,0,DISABLED,0
8.00011,0.000743512,0.000524746,0,0.0016762,0.732696,0.00169146,-0.0183573,-0.00324629,-0.999826,0.0025822,0,0,0,DISABLED,0
8.02011,0.000741616,0.000524401,0,0.00167628,0.732696,0.00165584,-0.0183573,-0.00324474,-0.999826,0.00257811,0,0,0,DISABLED,0
8.04011,0.000739969,0.00052409,0,0.00167643,0.732696,0.00165584,-0.0183571,-0.00324286,-0.999826,0.00257314,0,0,0,DISABLED,0
8.06011,0.000738031,0.000523711,0,0.00167662,0.732696,0.00169146,-0.0183569,-0.00324116,-0.999826,0.00256866,0,0,0,DISABLED,0
8.08011,0.000736342,0.000523366,0,0.00167685,0.732696,0.00169146,-0.0183567,-0.00323948,-0.999826,0.00256422,0,0,0,DISABLED,0
8.10011,0.000734723,0.000523023,0,0.00167713,0.732696,0.00169146,-0.0183564,-0.00323781,-0.999826,0.00255983,0,0,0,DISABLED,0
8.12011,0.000733173,0.00052268,0,0.00167741,0.732696,0.00169146,-0.0183561,-0.00323632,-0.999826,0.00255591,0,0,0,DISABLED,0
8.14011,0.000732274,0.000522475,0,0.00167767,0.732696,0.00165584,-0.0183559,-0.00323517,-0.999826,0.00255288,0,0,0,DISABLED,0
8.16011,0.000730399,0.000522029,0,0.00167819,0.732696,0.00169146,-0.0183553,-0.00323304,-0.999826,0.0025473,0,0,0,DISABLED,0
8.18011,0.000728882,0.000521653,0,0.00167867,0.732695,0.00169146,-0.0183549,-0.00323124,-0.999826,0.00254261,0,0,0,DISABLED,0
8.20011,0.000727695,0.000521346,0,0.0016791,0.732695,0.00169146,-0.0183544,-0.00322979,-0.999826,0.0025388,0,0,0,DISABLED,0
8.22011,0.000726321,0.000520972,0,0.00167967,0.732695,0.00165584,-0.0183539,-0.00322804,-0.999826,0.00253419,0,0,0,DISABLED,0
8.24011,0.000725143,0.000520632,0,0.00168024,0.732695,0.00169146,-0.0183533,-0.00322646,-0.999826,0.00253006,0,0,0,DISABLED,0
8.26011,0.000724135,0.000520327,0,0.00168086,0.732695,0.00169146,-0.0183527,-0.00322489,-0.999826,0.00252596,0,0,0,DISABLED,0
8.28011,0.000723071,0.000519988,0,0.00168145,0.732695,0.00169146,-0.0183521,-0.00322349,-0.999826,0.0025223,0,0,0,DISABLED,0
8.30011,0.000721965,0.000519615,0,0.00168214,0.732695,0.00165584,-0.0183514,-0.00322195,-0.999826,0.00251826,0,0,0,DISABLED,0
8.32012,0.000721199,0.000519345,0,0.00168265,0.732695,0.00169146,-0.0183509,-0.00322087,-0.999826,0.00251545,0,0,0,DISABLED,0
8.34012,0.0007202,0.000518973,0,0.00168363,0.732695,0.00169146,-0.0183499,-0.00321889,-0.999826,0.00251028,0,0,0,DISABLED,0
8.36012,0.000719425,0.000518669,0,0.00168442,0.732695,0.00169146,-0.0183491,-0.00321737,-0.999826,0.00250633,0,0,0,DISABLED,0
8.38012,0.000718459,0.000518265,0,0.00168532,0.732695,0.00169146,-0.0183482,-0.00321572,-0.999826,0.00250201,0,0,0,DISABLED,0
8.40012,0.000717715,0.000517929,0,0.00168609,0.732694,0.00169146,-0.0183475,-0.00321438,-0.999826,0.00249852,0,0,0,DISABLED,0
8.42012,0.000717029,0.000517595,0,0.00168698,0.732694,0.00169146,-0.0183466,-0.0032129,-0.999827,0.00249467,0,0,0,DISABLED,0
8.44012,0.000716454,0.000517293,0,0.00168791,0.732694,0.00169146,-0.0183456,-0.00321144,-0.999827,0.00249085,0,0,0,DISABLED,0
8.46012,0.000715859,0.000516958,0,0.00168897,0.732694,0.00169146,-0.0183446,-0.00320984,-0.999827,0.00248669,0,0,0,DISABLED,0
8.48012,0.00071531,0.000516624,0,0.00168987,0.732694,0.00169146,-0.0183437,-0.00320854,-0.999827,0.00248331,0,0,0,DISABLED,0
8.50012,0.000714806,0.000516291,0,0.00169079,0.732694,0.00169146,-0.0183428,-0.00320724,-0.999827,0.00247994,0,0,0,DISABLED,0
8.52012,0.000714391,0.000515991,0,0.00169205,0.732694,0.00169146,-0.0183415,-0.00320554,-0.999827,0.0024755,0,0,0,DISABLED,0
8.54012,0.000713933,0.000515625,0,0.00169302,0.732694,0.00169146,-0.0183405,-0.00320427,-0.999827,0.0024722,0,0,0,DISABLED,0
8.56012,0.000713589,0.000515326,0,0.001694,0.732694,0.00169146,-0.0183395,-0.00320302,-0.999827,0.00246892,0,0,0,DISABLED,0
8.58012,0.000713139,0.000514929,0,0.00169532,0.732694,0.00169146,-0.0183382,-0.00320135,-0.999827,0.00246459,0,0,0,DISABLED,0
8.60012,0.000712804,0.000514631,0,0.00169629,0.732693,0.00169146,-0.0183373,-0.00320011,-0.999827,0.00246136,0,0,0,DISABLED,0
8.62012,0.000712395,0.000514267,0,0.00169746,0.732693,0.00169146,-0.0183361,-0.00319861,-0.999827,0.00245745,0,0,0,DISABLED,0
8.64012,0.000712025,0.000513937,0,0.0016985,0.732693,0.00169146,-0.018335,-0.00319726,-0.999827,0.00245393,0,0,0,DISABLED,0
8.66012,0.000711657,0.000513608,0,0.00169953,0.732693,0.00172634,-0.018334,-0.00319591,-0.999827,0.00245043,0,0,0,DISABLED,0
8.68012,0.00071129,0.000513279,0,0.00170054,0.732693,0.00169146,-0.018333,-0.00319458,-0.999827,0.00244697,0,0,0,DISABLED,0
8.70012,0.000710925,0.000512951,0,0.00170144,0.732693,0.00169146,-0.0183321,-0.0031934,-0.999827,0.00244387,0,0,0,DISABLED,0
8.72012,0.000710597,0.000512655,0,0.00170241,0.732693,0.00172634,-0.0183311,-0.00319209,-0.999827,0.00244046,0,0,0,DISABLED,0
8.74012,0.000710199,0.000512294,0,0.00170347,0.732693,0.00169146,-0.0183301,-0.00319066,-0.999827,0.00243673,0,0,0,DISABLED,0
8.76013,0.000709874,0.000511999,0,0.00170432,0.732693,0.00172634,-0.0183292,-0.00318949,-0.999827,0.0024337,0,0,0,DISABLED,0
8.78013,0.000709513,0.000511672,0,0.00170525,0.732693,0.00169146,-0.0183283,-0.00318821,-0.999827,0.00243035,0,0,0,DISABLED,0
8.80013,0.000709156,0.000511346,0,0.00170616,0.732693,0.00169146,-0.0183274,-0.00318695,-0.999827,0.00242703,0,0,0,DISABLED,0
8.82013,0.000708763,0.000510987,0,0.00170715,0.732692,0.00172634,-0.0183264,-0.00318556,-0.999827,0.00242341,0,0,0,DISABLED,0
8.84013,0.000708409,0.000510661,0,0.00170794,0.732692,0.00169146,-0.0183256,-0.00318444,-0.999827,0.00242047,0,0,0,DISABLED,0
8.86013,0.000708055,0.000510336,0,0.0017088,0.732692,0.00169146,-0.0183247,-0.0031832,-0.999827,0.00241722,0,0,0,DISABLED,0
8.88013,0.000707704,0.000510011,0,0.00170973,0.732692,0.00172634,-0.0183238,-0.00318186,-0.999827,0.00241368,0,0,0,DISABLED,0
8.90013,0.000707388,0.000509719,0,0.00171047,0.732692,0.00169146,-0.0183231,-0.00318076,-0.999827,0.00241081,0,0,0,DISABLED,0
8.92013,0.000707039,0.000509395,0,0.00171137,0.732692,0.00172634,-0.0183222,-0.00317943,-0.999827,0.00240731,0,0,0,DISABLED,0
8.94013,0.000706657,0.000509039,0,0.00171209,0.732692,0.00172634,-0.0183215,-0.00317836,-0.999827,0.00240448,0,0,0,DISABLED,0
8.96013,0.000706347,0.000508749,0,0.00171286,0.732692,0.00172634,-0.0183207,-0.00317717,-0.999827,0.00240135,0,0,0,DISABLED,0
8.98013,0.000705968,0.000508394,0,0.0017137,0.732692,0.00172634,-0.0183198,-0.00317588,-0.999827,0.00239794,0,0,0,DISABLED,0
9.00013,0.000705659,0.000508104,0,0.00171437,0.732692,0.00172634,-0.0183192,-0.00317483,-0.999827,0.00239516,0,0,0,DISABLED,0
9.02013,0.000705353,0.000507814,0,0.00171503,0.732692,0.00172634,-0.0183185,-0.00317379,-0.999827,0.0023924,0,0,0,DISABLED,0
9.04013,0.000704946,0.000507428,0,0.00171582,0.732691,0.00169146,-0.0183177,-0.00317253,-0.999827,0.00238907,0,0,0,DISABLED,0
9.06013,0.000704675,0.000507171,0,0.00171645,0.732691,0.00172634,-0.0183171,-0.0031715,-0.999827,0.00238635,0,0,0,DISABLED,0
9.08013,0.000704272,0.000506786,0,0.00171726,0.732691,0.00172634,-0.0183163,-0.00317015,-0.999827,0.00238274,0,0,0,DISABLED,0
9.10013,0.000703971,0.000506498,0,0.00171793,0.732691,0.00172634,-0.0183156,-0.00316903,-0.999827,0.00237976,0,0,0,DISABLED,0
9.12013,0.000703605,0.000506147,0,0.0017185,0.732691,0.00172634,-0.018315,-0.00316803,-0.999827,0.0023771,0,0,0,DISABLED,0
9.14013,0.000703274,0.000505828,0,0.00171914,0.732691,0.00172634,-0.0183144,-0.00316693,-0.999827,0.00237416,0,0,0,DISABLED,0
9.16013,0.000702946,0.000505509,0,0.00171975,0.732691,0.00172634,-0.0183138,-0.00316584,-0.999827,0.00237125,0,0,0,DISABLED,0
9.18013,0.000702618,0.000505191,0,0.00172041,0.732691,0.00172634,-0.0183131,-0.00316466,-0.999827,0.00236807,0,0,0,DISABLED,0
9.20014,0.000702292,0.000504873,0,0.00172094,0.732691,0.00172634,-0.0183126,-0.00316369,-0.999827,0.00236548,0,0,0,DISABLED,0
9.22014,0.000701999,0.000504587,0,0.00172156,0.732691,0.00172634,-0.018312,-0.00316252,-0.999827,0.00236234,0,0,0,DISABLED,0
9.24014,0.000701677,0.00050427,0,0.00172205,0.732691,0.00172634,-0.0183115,-0.00316157,-0.999827,0.00235979,0,0,0,DISABLED,0
9.26014,0.000701356,0.000503954,0,0.00172259,0.732691,0.00172634,-0.0183109,-0.00316053,-0.999827,0.00235698,0,0,0,DISABLED,0
9.28014,0.000701005,0.000503606,0,0.00172316,0.732691,0.00172634,-0.0183104,-0.00315939,-0.999827,0.00235391,0,0,0,DISABLED,0
9.30014,0.000700719,0.000503321,0,0.00172342,0.73269,0.00172634,-0.0183101,-0.00315888,-0.999827,0.00235252,0,0,0,DISABLED,0
9.32014,0.000700402,0.000503006,0,0.0017241,0.73269,0.00172634,-0.0183094,-0.00315744,-0.999827,0.00234864,0,0,0,DISABLED,0
9.34014,0.000700087,0.00050269,0,0.00172462,0.73269,0.00172634,-0.0183089,-0.00315632,-0.999827,0.00234561,0,0,0,DISABLED,0
9.36014,0.000699744,0.000502345,0,0.00172507,0.73269,0.00172634,-0.0183085,-0.00315532,-0.999827,0.00234287,0,0,0,DISABLED,0
9.38014,0.000699433,0.000502031,0,0.00172551,0.73269,0.00172634,-0.018308,-0.00315432,-0.999827,0.00234016,0,0,0,DISABLED,0
9.40014,0.000699124,0.000501718,0,0.00172593,0.73269,0.00172634,-0.0183076,-0.00315334,-0.999827,0.00233747,0,0,0,DISABLED,0
9.42014,0.000698817,0.000501405,0,0.00172634,0.73269,0.00172634,-0.0183072,-0.00315237,-0.999827,0.00233481,0,0,0,DISABLED,0
9.44014,0.000698511,0.000501092,0,0.00172674,0.73269,0.00172634,-0.0183068,-0.0031514,-0.999827,0.00233217,0,0,0,DISABLED,0
9.46014,0.000698208,0.00050078,0,0.00172708,0.73269,0.00172634,-0.0183065,-0.00315054,-0.999827,0.00232981,0,0,0,DISABLED,0
9.48014,0.000697936,0.000500499,0,0.00172745,0.73269,0.00176052,-0.0183061,-0.00314959,-0.999827,0.0023272,0,0,0,DISABLED,0
9.50014,0.000697635,0.000500187,0,0.0017278,0.73269,0.00172634,-0.0183057,-0.00314865,-0.999828,0.0023246,0,0,0,DISABLED,0
9.52014,0.000697306,0.000499845,0,0.00172816,0.732689,0.00172634,-0.0183054,-0.00314761,-0.999828,0.00232175,0,0,0,DISABLED,0
9.54014,0.00069698,0.000499504,0,0.00172851,0.732689,0.00172634,-0.018305,-0.00314659,-0.999828,0.00231892,0,0,0,DISABLED,0
9.56014,0.000696715,0.000499225,0,0.00172877,0.732689,0.00172634,-0.0183048,-0.00314576,-0.999828,0.00231662,0,0,0,DISABLED,0
9.58014,0.00069645,0.000498946,0,0.00172904,0.732689,0.00172634,-0.0183045,-0.00314494,-0.999828,0.00231433,0,0,0,DISABLED,0
9.60014,0.000696159,0.000498637,0,0.00172931,0.732689,0.00172634,-0.0183042,-0.00314403,-0.999828,0.00231182,0,0,0,DISABLED,0
9.62014,0.00069584,0.000498297,0,0.0017296,0.732689,0.00176052,-0.0183039,-0.00314305,-0.999828,0.00230907,0,0,0,DISABLED,0
9.64015,0.000695581,0.00049802,0,0.00172983,0.732689,0.00172634,-0.0183037,-0.00314225,-0.999828,0.00230683,0,0,0,DISABLED,0
9.66015,0.000695265,0.000497681,0,0.00173008,0.732689,0.00172634,-0.0183035,-0.00314127,-0.999828,0.0023041,0,0,0,DISABLED,0
9.68015,0.000694981,0.000497373,0,0.0017303,0.732689,0.00172634,-0.0183032,-0.00314039,-0.999828,0.00230164,0,0,0,DISABLED,0
9.70015,0.000694727,0.000497097,0,0.00173048,0.732689,0.00172634,-0.0183031,-0.00313961,-0.999828,0.00229944,0,0,0,DISABLED,0
9.72015,0.000694417,0.00049676,0,0.00173069,0.732689,0.00172634,-0.0183028,-0.00313867,-0.999828,0.00229677,0,0,0,DISABLED,0
9.74015,0.000694166,0.000496484,0,0.00173086,0.732689,0.00172634,-0.0183027,-0.00313781,-0.999828,0.00229436,0,0,0,DISABLED,0
9.76015,0.000693915,0.000496209,0,0.001731,0.732689,0.00172634,-0.0183025,-0.00313713,-0.999828,0.00229244,0,0,0,DISABLED,0
9.78015,0.000693612,0.000495873,0,0.00173116,0.732688,0.00172634,-0.0183024,-0.00313621,-0.999828,0.00228982,0,0,0,DISABLED,0
9.80015,0.00069331,0.000495538,0,0.00173131,0.732688,0.00176052,-0.0183022,-0.00313529,-0.999828,0.00228721,0,0,0,DISABLED,0
9.82015,0.000693038,0.000495233,0,0.00173142,0.732688,0.00176052,-0.0183021,-0.00313454,-0.999828,0.00228509,0,0,0,DISABLED,0
9.84015,0.000692795,0.00049496,0,0.00173154,0.732688,0.00172634,-0.018302,-0.00313364,-0.999828,0.00228251,0,0,0,DISABLED,0
9.86015,0.00069258,0.000494717,0,0.00173161,0.732688,0.00172634,-0.0183019,-0.00313307,-0.999828,0.00228087,0,0,0,DISABLED,0
9.88015,0.000692233,0.000494323,0,0.0017317,0.732688,0.00172634,-0.0183018,-0.00313218,-0.999828,0.00227832,0,0,0,DISABLED,0
9.90015,0.000691967,0.00049402,0,0.00173179,0.732688,0.00172634,-0.0183017,-0.00313122,-0.999828,0.00227555,0,0,0,DISABLED,0
9.92015,0.000691704,0.000493718,0,0.00173184,0.732688,0.00172634,-0.0183017,-0.0031305,-0.999828,0.00227349,0,0,0,DISABLED,0
9.94015,0.000691443,0.000493416,0,0.00173189,0.732688,0.00172634,-0.0183017,-0.00312972,-0.999828,0.00227121,0,0,0,DISABLED,0
9.96015,0.000691183,0.000493115,0,0.00173192,0.732688,0.00172634,-0.0183016,-0.00312894,-0.999828,0.00226895,0,0,0,DISABLED,0
9.98015,0.000690951,0.000492845,0,0.00173194,0.732688,0.00172634,-0.0183016,-0.00312816,-0.999828,0.00226671,0,0,0,DISABLED,0
10.0002,0.000690695,0.000492544,0,0.00173195,0.732687,0.00172634,-0.0183016,-0.00312739,-0.999828,0.00226448,0,0,0,DISABLED,0
10.0202,0.000690441,0.000492244,0,0.00173194,0.732687,0.00172634,-0.0183016,-0.00312663,-0.999828,0.00226228,0,0,0,DISABLED,0
10.0402,-0.000471723,0.0004898,0,0.00514431,0.732842,0.00515594,-0.0148892,-0.00313501,-0.999884,0.00227449,0,0,0,DISABLED,0
10.0602,-0.0034906,0.000482976,0,0.0112098,0.733449,0.0112146,-0.00882377,-0.00312071,-0.999956,0.00228128,0,0,0,DISABLED,0
10.0802,-0.0070466,0.000477383,0,0.0140659,0.734146,0.0140716,-0.00596763,-0.00301358,-0.999978,0.00227433,0,0,0,DISABLED,0
10.1002,-0.0113613,0.00047917,0,0.0140074,0.734738,0.0140164,-0.00602612,-0.00288878,-0.999978,0.00228131,0,0,0,DISABLED,0
10.1202,-0.0163577,0.000498058,0,0.0114841,0.73514,0.0114928,-0.00854943,-0.00280037,-0.99996,0.00232532,0,0,0,DISABLED,0
10.1402,-0.0213682,0.00053262,0,0.00620966,0.735372,0.0062244,-0.0138239,-0.00274246,-0.999901,0.00233767,0,0,0,DISABLED,0
10.1602,-0.0262432,0.000600085,0,0.000740718,0.735568,0.0010358,-0.0192928,-0.00241531,-0.999811,0.00242671,0,0,0,DISABLED,0
10.1802,-0.0336748,0.000754147,0,-0.00739081,0.736054,0.00770497,-0.0274244,-0.000971726,-0.999623,0.00250059,0,0,0,DISABLED,0
10.2002,-0.0429189,0.000916096,0,-0.0147822,0.73722,0.0152506,-0.0348158,0.000614861,-0.999394,0.00283433,0,0,0,DISABLED,0
10.2202,-0.0490401,0.000970235,0,-0.0179917,0.738194,0.0186063,-0.0380252,0.00158284,-0.999276,0.00315679,0,0,0,DISABLED,0
10.2402,-0.0606082,0.000968392,0,-0.0233095,0.740228,0.0244,-0.043343,0.00404819,-0.999052,0.0050489,0,0,0,DISABLED,0
10.2602,-0.0673196,0.000891528,0,-0.0282202,0.741251,0.0298662,-0.0482538,0.00660438,-0.998813,0.00830857,0,0,0,DISABLED,0
10.2802,-0.0767379,0.000554017,0,-0.0325425,0.74221,0.0356297,-0.052576,0.0113316,-0.998553,0.0154699,0,0,0,DISABLED,0
10.3002,-0.0852814,-0.000409757,0,-0.0344319,0.742553,0.0389412,-0.0544654,0.0150143,-0.998403,0.0231078,0,0,0,DISABLED,0
10.3202,-0.0944918,-0.00180781,0,-0.034508,0.742596,0.0405419,-0.0545415,0.0181077,-0.998347,0.0355031,0,0,0,DISABLED,0
10.3402,-0.102002,-0.00281999,0,-0.0314783,0.742119,0.0351665,-0.0515118,0.0125096,-0.998594,0.0461594,0,0,0,DISABLED,0
10.3602,-0.110147,-0.00374457,0,-0.0273461,0.740536,0.0273903,-0.0473796,-0.00434637,-0.998868,0.0509555,0,0,0,DISABLED,0
10.3802,-0.118234,-0.00556134,0,-0.0239221,0.736546,0.0473526,-0.0439557,-0.0439402,-0.998067,0.0473614,0,0,0,DISABLED,0
10.4002,-0.125167,-0.00817746,0,-0.019446,0.729868,0.0960453,-0.0394795,-0.0969864,-0.994502,0.0355092,0,0,0,DISABLED,0
10.4202,-0.131691,-0.00799686,0,-0.0170775,0.728635,0.091574,-0.037111,-0.0929222,-0.994982,0.0459735,0,0,0,DISABLED,0
10.4402,-0.137258,-0.0074133,0,-0.0232886,0.729936,0.0779538,-0.0433221,-0.0773961,-0.996059,0.0666456,0,0,0,DISABLED,0
10.4602,-0.140731,-0.007087,0,-0.0285218,0.730821,0.0818919,-0.0485554,-0.0797428,-0.995632,0.0709117,0,0,0,DISABLED,0
10.4802,-0.144805,-0.00642092,0,-0.0277375,0.731797,0.0777092,-0.047771,-0.0755857,-0.995994,0.0776187,0,0,0,DISABLED,0
10.5002,-0.149303,-0.00549092,0,-0.0203317,0.73321,0.0694281,-0.0403653,-0.069417,-0.996771,0.0832091,0,0,0,DISABLED,0
10.5202,-0.152616,-0.00451236,0,-0.00996908,0.7341,0.0616135,-0.0300026,-0.063865,-0.997507,0.0878741,0,0,0,DISABLED,0
10.5402,-0.154956,-0.00342823,0,-0.00115056,0.734087,0.0538914,-0.0211841,-0.0569635,-0.998151,0.0918707,0,0,0,DISABLED,0
10.5602,-0.157199,-0.00204591,0,0.0108543,0.733241,0.0441856,-0.00917924,-0.0459344,-0.998902,0.0975401,0,0,0,DISABLED,0
10.5802,-0.159735,-0.000298694,0,0.0241128,0.731915,0.0398043,0.00407922,-0.03478,-0.999387,0.104212,0,0,0,DISABLED,0
10.6002,-0.162369,0.00136488,0,0.0390428,0.731238,0.0455949,0.0190092,-0.0266557,-0.999464,0.11461,0,0,0,DISABLED,0
10.6202,-0.165153,0.00334282,0,0.0523717,0.731051,0.0549521,0.0323381,-0.0197229,-0.999282,0.124965,0,0,0,DISABLED,0
10.6402,-0.167592,0.00555816,0,0.0599326,0.731165,0.0609733,0.0398991,-0.0142563,-0.999102,0.131122,0,0,0,DISABLED,0
10.6602,-0.16949,0.0079955,0,0.0605951,0.731688,0.0610944,0.0405616,-0.0108034,-0.999119,0.131894,0,0,0,DISABLED,0
10.6802,-0.171313,0.0105751,0,0.0573455,0.732591,0.0575413,0.0373119,-0.00772787,-0.999274,0.131092,0,0,0,DISABLED,0
10.7002,-0.173523,0.0133417,0,0.0547361,0.733513,0.0548054,0.0347025,-0.00568575,-0.999381,0.130544,0,0,0,DISABLED,0
10.7202,-0.176253,0.01635,0,0.0544521,0.733997,0.0544758,0.0344186,-0.00439192,-0.999398,0.130869,0,0,0,DISABLED,0
10.7402,-0.178698,0.0188743,0,0.0556513,0.733959,0.0556638,0.0356178,-0.00373553,-0.999359,0.131412,0,0,0,DISABLED,0
10.7602,-0.182594,0.0229917,0,0.0574853,0.733605,0.0575641,0.0374517,-0.000314298,-0.999298,0.132778,0,0,0,DISABLED,0
10.7802,-0.185802,0.026437,0,0.0577834,0.733304,0.058209,0.0377499,0.00381534,-0.99928,0.135253,0,0,0,DISABLED,0
10.8002,-0.188302,0.0290601,0,0.0569374,0.733074,0.0576158,0.0369039,0.0056239,-0.999303,0.136654,0,0,0,DISABLED,0
10.8202,-0.191971,0.0328089,0,0.0547458,0.732819,0.055915,0.0347123,0.00821206,-0.999364,0.138652,0,0,0,DISABLED,0
10.8402,-0.194657,0.0353904,0,0.0522363,0.732729,0.0541321,0.0322028,0.0110523,-0.99942,0.141501,0,0,0,DISABLED,0
10.8602,-0.197631,0.03799,0,0.0495894,0.732646,0.0525241,0.0295558,0.0141731,-0.999463,0.145512,0,0,0,DISABLED,0
10.8802,-0.200792,0.0404417,0,0.0469448,0.732739,0.0502746,0.0269113,0.0148595,-0.999527,0.148446,0,0,0,DISABLED,0
10.9002,-0.203534,0.0424449,0,0.0441216,0.732914,0.0475198,0.0240881,0.0145165,-0.999604,0.149828,0,0,0,DISABLED,0
10.9202,-0.205934,0.0441305,0,0.040781,0.733027,0.0443486,0.0207475,0.0142994,-0.999682,0.151109,0,0,0,DISABLED,0
10.9402,-0.208491,0.0458109,0,0.0373058,0.733114,0.041081,0.0172723,0.0140776,-0.999752,0.152327,0,0,0,DISABLED,0
10.9602,-0.210425,0.0470078,0,0.0344471,0.73316,0.0384311,0.0144135,0.0139192,-0.999799,0.153246,0,0,0,DISABLED,0
10.9802,-0.212907,0.0484373,0,0.0304805,0.733191,0.0348601,0.010447,0.0137958,-0.99985,0.15437,0,0,0,DISABLED,0
11.0002,-0.215383,0.0497012,0,0.0265973,0.733194,0.0315134,0.0065638,0.0137793,-0.999884,0.155292,0,0,0,DISABLED,0
11.0202,-0.217261,0.0504952,0,0.0229376,0.733183,0.0284933,0.00290407,0.0137821,-0.999901,0.156162,0,0,0,DISABLED,0
11.0402,-0.218469,0.050902,0,0.0198441,0.733169,0.0260587,-0.000189436,0.0137686,-0.999905,0.156799,0,0,0,DISABLED,0
11.0602,-0.220325,0.051297,0,0.0169868,0.73314,0.0239463,-0.00304676,0.0137595,-0.999901,0.157335,0,0,0,DISABLED,0
11.0802,-0.221785,0.0513114,0,0.0146632,0.733111,0.0223603,-0.00537032,0.0137606,-0.999891,0.157836,0,0,0,DISABLED,0
11.1002,-0.222917,0.0510492,0,0.0123954,0.733086,0.0209026,-0.00763816,0.0137087,-0.999877,0.158543,0,0,0,DISABLED,0
11.1202,-0.223783,0.0506212,0,0.0102721,0.733068,0.0195255,-0.00976141,0.0134847,-0.999861,0.15963,0,0,0,DISABLED,0
11.1402,-0.224656,0.0498771,0,0.00894772,0.733056,0.0187053,-0.0110858,0.0133091,-0.99985,0.160452,0,0,0,DISABLED,0
11.1602,-0.225231,0.0491099,0,0.00740458,0.733054,0.0178676,-0.012629,0.0131434,-0.999834,0.161443,0,0,0,DISABLED,0
11.1802,-0.225732,0.0481142,0,0.00614105,0.733056,0.0172774,-0.0138925,0.0130305,-0.999819,0.162359,0,0,0,DISABLED,0
11.2002,-0.226125,0.0468824,0,0.00521286,0.733063,0.0168795,-0.0148207,0.0129356,-0.999806,0.163162,0,0,0,DISABLED,0
11.2202,-0.226338,0.0457968,0,0.00482412,0.73307,0.0167163,-0.0152094,0.0128875,-0.999801,0.163545,0,0,0,DISABLED,0
11.2402,-0.226473,0.0445316,0,0.00396096,0.733076,0.0163667,-0.0160726,0.0127636,-0.999789,0.164588,0,0,0,DISABLED,0
11.2602,-0.226517,0.0432247,0,0.00348795,0.733077,0.0161762,-0.0165456,0.0126787,-0.999783,0.165208,0,0,0,DISABLED,0
11.2802,-0.226483,0.041771,0,0.00305115,0.733073,0.0160058,-0.0169824,0.0125923,-0.999776,0.165778,0,0,0,DISABLED,0
11.3002,-0.226395,0.0404572,0,0.00282426,0.733064,0.0159012,-0.0172093,0.0125297,-0.999773,0.166111,0,0,0,DISABLED,0
11.3202,-0.226283,0.0392877,0,0.00261168,0.733051,0.0156823,-0.0174219,0.0123446,-0.999772,0.166554,0,0,0,DISABLED,0
11.3402,-0.226132,0.0379971,0,0.00253676,0.733034,0.0153674,-0.0174968,0.0120395,-0.999774,0.167008,0,0,0,DISABLED,0
11.3602,-0.225933,0.0365935,0,0.00251213,0.73302,0.0150381,-0.0175214,0.0117097,-0.999778,0.167475,0,0,0,DISABLED,0
11.3802,-0.22577,0.0355869,0,0.00249317,0.733011,0.014673,-0.0175404,0.01134,-0.999782,0.167985,0,0,0,DISABLED,0
11.4002,-0.22553,0.0342312,0,0.00247007,0.732999,0.0142065,-0.0175635,0.0108715,-0.999787,0.168634,0,0,0,DISABLED,0
11.4202,-0.225278,0.0329207,0,0.00244286,0.732987,0.0137589,-0.0175907,0.0104211,-0.999791,0.169267,0,0,0,DISABLED,0
11.4402,-0.225046,0.0317801,0,0.00241883,0.732975,0.0134301,-0.0176147,0.0100949,-0.999794,0.169758,0,0,0,DISABLED,0
11.4602,-0.224813,0.030697,0,0.00237762,0.732963,0.0130565,-0.0176559,0.0097214,-0.999797,0.17031,0,0,0,DISABLED,0
11.4802,-0.224608,0.0297762,0,0.00233516,0.732957,0.0127329,-0.0176984,0.00939605,-0.999799,0.170721,0,0,0,DISABLED,0
11.5002,-0.224389,0.0288185,0,0.00229644,0.732952,0.012372,-0.0177371,0.00903795,-0.999802,0.171167,0,0,0,DISABLED,0
11.5202,-0.224182,0.0279341,0,0.00226847,0.732947,0.012035,-0.0177651,0.00870533,-0.999804,0.171612,0,0,0,DISABLED,0
11.5402,-0.223989,0.0271254,0,0.0022448,0.73294,0.0117239,-0.0177887,0.00839075,-0.999807,0.172054,0,0,0,DISABLED,0
11.5602,-0.223794,0.0263272,0,0.00221788,0.732935,0.0113834,-0.0178157,0.00804812,-0.999809,0.172517,0,0,0,DISABLED,0
11.5802,-0.223649,0.0257491,0,0.00219927,0.732929,0.0111239,-0.0178343,0.00778796,-0.999811,0.172893,0,0,0,DISABLED,0
11.6002,-0.223506,0.0251877,0,0.00218013,0.732923,0.0108307,-0.0178534,0.00749008,-0.999813,0.17335,0,0,0,DISABLED,0
11.6202,-0.223381,0.0247108,0,0.00216672,0.732917,0.0105688,-0.0178668,0.00722815,-0.999814,0.173757,0,0,0,DISABLED,0
11.6402,-0.223295,0.0243903,0,0.00216014,0.732913,0.0103925,-0.0178734,0.00705383,-0.999815,0.174035,0,0,0,DISABLED,0
11.6602,-0.22319,0.0240088,0,0.00215314,0.732908,0.0101135,-0.0178804,0.00676802,-0.999817,0.174492,0,0,0,DISABLED,0
11.6802,-0.223118,0.0237615,0,0.00215358,0.732903,0.00990505,-0.01788,0.00654799,-0.999819,0.174893,0,0,0,DISABLED,0
11.7002,-0.223073,0.0236153,0,0.00215766,0.732899,0.00976566,-0.0178759,0.00640815,-0.99982,0.175206,0,0,0,DISABLED,0
11.7202,-0.223043,0.0235341,0,0.00216222,0.732897,0.00968599,-0.0178713,0.00632177,-0.99982,0.175433,0,0,0,DISABLED,0
11.7402,-0.223024,0.0235064,0,0.00216586,0.732895,0.00963045,-0.0178677,0.00626578,-0.999821,0.175598,0,0,0,DISABLED,0
11.7602,-0.223014,0.0235164,0,0.0021696,0.732894,0.00956836,-0.0178639,0.00620584,-0.999821,0.175802,0,0,0,DISABLED,0
11.7802,-0.223011,0.0235577,0,0.00217133,0.732893,0.00951839,-0.0178622,0.00615297,-0.999822,0.175977,0,0,0,DISABLED,0
11.8002,-0.223011,0.0236265,0,0.00217277,0.732892,0.00947445,-0.0178608,0.00610563,-0.999822,0.176133,0,0,0,DISABLED,0
11.8202,-0.223011,0.0237083,0,0.00217644,0.73289,0.00941766,-0.0178571,0.00604855,-0.999822,0.176321,0,0,0,DISABLED,0
11.8402,-0.223011,0.0238296,0,0.00218347,0.732889,0.00935416,-0.0178501,0.00598257,-0.999823,0.17654,0,0,0,DISABLED,0
11.8602,-0.223012,0.0239428,0,0.00219168,0.732887,0.00930304,-0.0178419,0.00592351,-0.999823,0.176742,0,0,0,DISABLED,0
11.8802,-0.223012,0.0240797,0,0.00220055,0.732885,0.00925164,-0.017833,0.005867,-0.999824,0.176944,0,0,0,DISABLED,0
11.9002,-0.223013,0.0242256,0,0.00220884,0.732883,0.00920643,-0.0178247,0.00581983,-0.999824,0.177123,0,0,0,DISABLED,0
11.9202,-0.223013,0.0243935,0,0.0022191,0.73288,0.00915449,-0.0178144,0.00576766,-0.999825,0.177338,0,0,0,DISABLED,0
11.9402,-0.223013,0.0245349,0,0.00222841,0.732878,0.00912188,-0.0178051,0.00572576,-0.999825,0.177528,0,0,0,DISABLED,0
11.9602,-0.223014,0.0247103,0,0.0022376,0.732875,0.00908259,-0.0177959,0.00568881,-0.999825,0.177715,0,0,0,DISABLED,0
11.9802,-0.223014,0.0248545,0,0.00224654,0.732873,0.0090563,-0.017787,0.00565629,-0.999826,0.177899,0,0,0,DISABLED,0
12.0002,-0.223014,0.0250139,0,0.00225439,0.732871,0.00903653,-0.0177791,0.00562981,-0.999826,0.178062,0,0,0,DISABLED,0
12.0202,-0.223014,0.0251714,0,0.0022629,0.732868,0.00901011,-0.0177706,0.00560301,-0.999826,0.178241,0,0,0,DISABLED,0
12.0402,-0.223015,0.0253411,0,0.00227208,0.732865,0.00899024,-0.0177615,0.00557691,-0.999827,0.178435,0,0,0,DISABLED,0
12.0602,-0.223015,0.0254464,0,0.00227783,0.732863,0.00897033,-0.0177557,0.00556191,-0.999827,0.178557,0,0,0,DISABLED,0
12.0802,-0.223015,0.0256346,0,0.00228833,0.73286,0.00895037,-0.0177452,0.00553726,-0.999827,0.178778,0,0,0,DISABLED,0
12.1002,-0.223015,0.0257716,0,0.00229605,0.732858,0.00893704,-0.0177375,0.00552058,-0.999827,0.178946,0,0,0,DISABLED,0
12.1202,-0.223015,0.0259,0,0.00230346,0.732855,0.00893037,-0.0177301,0.00550652,-0.999828,0.17911,0,0,0,DISABLED,0
12.1402,-0.223015,0.0260186,0,0.00230964,0.732853,0.00891701,-0.0177239,0.0054952,-0.999828,0.179254,0,0,0,DISABLED,0
12.1602,-0.223015,0.0261165,0,0.00231528,0.732851,0.00891033,-0.0177183,0.0054849,-0.999828,0.179396,0,0,0,DISABLED,0
12.1802,-0.223015,0.0262247,0,0.0023214,0.732848,0.00889694,-0.0177121,0.00547376,-0.999828,0.179566,0,0,0,DISABLED,0
12.2002,-0.223015,0.0263038,0,0.00232645,0.732846,0.00889023,-0.0177071,0.0054652,-0.999828,0.179716,0,0,0,DISABLED,0
12.2202,-0.223015,0.0263741,0,0.0023316,0.732845,0.00889023,-0.0177019,0.00545627,-0.999828,0.179878,0,0,0,DISABLED,0
12.2402,-0.223015,0.0264471,0,0.00233662,0.732843,0.00887682,-0.0176969,0.00544836,-0.999829,0.180024,0,0,0,DISABLED,0
12.2602,-0.223015,0.0265008,0,0.00234165,0.732842,0.0088701,-0.0176919,0.00544171,-0.999829,0.180154,0,0,0,DISABLED,0
12.2802,-0.223015,0.0265394,0,0.00234703,0.73284,0.0088701,-0.0176865,0.00543492,-0.999829,0.180285,0,0,0,DISABLED,0
12.3002,-0.223015,0.0265762,0,0.00235439,0.732839,0.00885665,-0.0176791,0.00542252,-0.999829,0.180462,0,0,0,DISABLED,0
12.3202,-0.223015,0.0266019,0,0.00236039,0.732838,0.00884992,-0.0176731,0.00540876,-0.999829,0.180613,0,0,0,DISABLED,0
12.3402,-0.223015,0.0266232,0,0.00236559,0.732837,0.00883644,-0.0176679,0.00539411,-0.999829,0.180751,0,0,0,DISABLED,0
12.3602,-0.223015,0.0266363,0,0.0023712,0.732836,0.00881618,-0.0176623,0.00537397,-0.99983,0.180921,0,0,0,DISABLED,0
12.3802,-0.223015,0.0266473,0,0.00237537,0.732835,0.00879587,-0.0176582,0.00535412,-0.99983,0.181077,0,0,0,DISABLED,0
12.4002,-0.223014,0.0266561,0,0.00237867,0.732835,0.00878231,-0.0176549,0.00533315,-0.99983,0.181232,0,0,0,DISABLED,0
12.4202,-0.223014,0.0266617,0,0.00238119,0.732834,0.00876192,-0.0176523,0.00531132,-0.99983,0.181387,0,0,0,DISABLED,0
12.4402,-0.223014,0.0266656,0,0.00238305,0.732833,0.00873467,-0.0176505,0.00528886,-0.99983,0.18154,0,0,0,DISABLED,0
12.4602,-0.223014,0.026668,0,0.00238431,0.732832,0.00871417,-0.0176492,0.00526828,-0.99983,0.181676,0,0,0,DISABLED,0
12.4802,-0.223014,0.0266697,0,0.00238561,0.732832,0.00869363,-0.0176479,0.00524282,-0.999831,0.181841,0,0,0,DISABLED,0
12.5002,-0.223014,0.0266706,0,0.00238653,0.732831,0.00867303,-0.017647,0.00522187,-0.999831,0.181975,0,0,0,DISABLED,0
12.5202,-0.223014,0.026671,0,0.00238746,0.73283,0.00865239,-0.0176461,0.00519857,-0.999831,0.182122,0,0,0,DISABLED,0
12.5402,-0.223014,0.0266713,0,0.00238826,0.73283,0.0086317,-0.0176453,0.00517767,-0.999831,0.182252,0,0,0,DISABLED,0
12.5602,-0.223014,0.0266717,0,0.00238929,0.732829,0.00860404,-0.0176442,0.00514996,-0.999831,0.182424,0,0,0,DISABLED,0
12.5802,-0.223014,0.0266719,0,0.00239003,0.732828,0.00858323,-0.0176435,0.00512932,-0.999831,0.182551,0,0,0,DISABLED,0
12.6002,-0.223014,0.0266723,0,0.00239081,0.732827,0.00856237,-0.0176427,0.0051065,-0.999831,0.182691,0,0,0,DISABLED,0
12.6202,-0.223014,0.0266726,0,0.00239162,0.732827,0.00854146,-0.0176419,0.00508157,-0.999831,0.182844,0,0,0,DISABLED,0
12.6402,-0.223014,0.0266729,0,0.00239227,0.732826,0.0085205,-0.0176413,0.00506129,-0.999832,0.182967,0,0,0,DISABLED,0
12.6602,-0.223014,0.0266732,0,0.00239301,0.732825,0.00849247,-0.0176405,0.00503663,-0.999832,0.183116,0,0,0,DISABLED,0
12.6802,-0.223014,0.0266735,0,0.00239358,0.732825,0.00847842,-0.01764,0.00501655,-0.999832,0.183237,0,0,0,DISABLED,0
12.7002,-0.223014,0.0266737,0,0.00239424,0.732824,0.00845025,-0.0176393,0.00499211,-0.999832,0.183384,0,0,0,DISABLED,0
12.7202,-0.223014,0.026674,0,0.00239475,0.732823,0.00843614,-0.0176388,0.0049722,-0.999832,0.183503,0,0,0,DISABLED,0
12.7402,-0.223014,0.0266743,0,0.00239528,0.732823,0.00841491,-0.0176383,0.0049502,-0.999832,0.183634,0,0,0,DISABLED,0
12.7602,-0.223014,0.0266746,0,0.00239584,0.732822,0.00838653,-0.0176377,0.00492611,-0.999832,0.183777,0,0,0,DISABLED,0
12.7802,-0.223014,0.0266748,0,0.00239626,0.732821,0.00837942,-0.0176373,0.00490649,-0.999832,0.183893,0,0,0,DISABLED,0
12.8002,-0.223014,0.0266752,0,0.00239674,0.73282,0.00835092,-0.0176368,0.0048826,-0.999833,0.184033,0,0,0,DISABLED,0
12.8202,-0.223014,0.0266754,0,0.00239714,0.73282,0.00832948,-0.0176364,0.00486098,-0.999833,0.18416,0,0,0,DISABLED,0
12.8402,-0.223014,0.0266756,0,0.00239749,0.732819,0.00830798,-0.017636,0.00483948,-0.999833,0.184286,0,0,0,DISABLED,0
12.8602,-0.223014,0.0266759,0,0.00239778,0.732818,0.00829362,-0.0176358,0.00482021,-0.999833,0.184399,0,0,0,DISABLED,0
12.8802,-0.223014,0.0266761,0,0.00239808,0.732818,0.00827203,-0.0176355,0.00479889,-0.999833,0.184523,0,0,0,DISABLED,0
12.9002,-0.223014,0.0266764,0,0.00239835,0.732817,0.00825761,-0.0176352,0.00477767,-0.999833,0.184646,0,0,0,DISABLED,0
12.9202,-0.223014,0.0266766,0,0.00239861,0.732816,0.00822868,-0.0176349,0.00475444,-0.999833,0.184781,0,0,0,DISABLED,0
12.9402,-0.223014,0.0266768,0,0.00239878,0.732816,0.00820693,-0.0176348,0.00473553,-0.999833,0.184891,0,0,0,DISABLED,0
12.9602,-0.223014,0.0266771,0,0.00239893,0.732815,0.00818511,-0.0176346,0.00471251,-0.999833,0.185024,0,0,0,DISABLED,0
12.9802,-0.223014,0.0266773,0,0.002399,0.732814,0.00817053,-0.0176345,0.00469194,-0.999833,0.185146,0,0,0,DISABLED,0
13.0002,-0.223014,0.0266774,0,0.00239883,0.732814,0.00814862,-0.0176347,0.00467218,-0.999834,0.185273,0,0,0,DISABLED,0
13.0202,-0.223014,0.0266776,0,0.00239852,0.732813,0.00813397,-0.017635,0.00465458,-0.999834,0.185388,0,0,0,DISABLED,0
13.0402,-0.223014,0.0266777,0,0.00239811,0.732813,0.0081193,-0.0176354,0.00463702,-0.999834,0.185503,0,0,0,DISABLED,0
13.0602,-0.223014,0.0266779,0,0.00239754,0.732812,0.00809725,-0.017636,0.00461557,-0.999834,0.185643,0,0,0,DISABLED,0
13.0802,-0.223014,0.026678,0,0.00239692,0.732812,0.00807514,-0.0176366,0.00459422,-0.999834,0.185783,0,0,0,DISABLED,0
13.1002,-0.223014,0.0266782,0,0.00239627,0.732811,0.00805296,-0.0176373,0.00457491,-0.999834,0.185909,0,0,0,DISABLED,0
13.1202,-0.223014,0.0266783,0,0.00239564,0.732811,0.00803815,-0.0176379,0.00455761,-0.999834,0.186022,0,0,0,DISABLED,0
13.1402,-0.223014,0.0266784,0,0.00239491,0.73281,0.0080233,-0.0176386,0.00453849,-0.999834,0.186147,0,0,0,DISABLED,0
13.1602,-0.223014,0.0266785,0,0.00239407,0.73281,0.00800098,-0.0176395,0.00451755,-0.999834,0.186285,0,0,0,DISABLED,0
13.1802,-0.223014,0.0266786,0,0.00239335,0.732809,0.0079786,-0.0176402,0.00450046,-0.999834,0.186397,0,0,0,DISABLED,0
13.2002,-0.223014,0.0266787,0,0.0023924,0.732809,0.00796365,-0.0176411,0.00447965,-0.999834,0.186534,0,0,0,DISABLED,0
13.2202,-0.223014,0.0266788,0,0.00239167,0.732808,0.00794866,-0.0176419,0.00446456,-0.999834,0.186633,0,0,0,DISABLED,0
13.2402,-0.223014,0.0266789,0,0.00239063,0.732808,0.00792614,-0.0176429,0.00444385,-0.999834,0.186769,0,0,0,DISABLED,0
13.2602,-0.223014,0.0266789,0,0.00238955,0.732807,0.00791108,-0.017644,0.00442325,-0.999835,0.186904,0,0,0,DISABLED,0
13.2802,-0.223014,0.026679,0,0.00238871,0.732807,0.007896,-0.0176448,0.00440831,-0.999835,0.187003,0,0,0,DISABLED,0
13.3002,-0.223014,0.026679,0,0.0023874,0.732806,0.00787332,-0.0176461,0.00438599,-0.999835,0.18715,0,0,0,DISABLED,0
13.3202,-0.223014,0.0266791,0,0.00238626,0.732806,0.00785816,-0.0176473,0.00436747,-0.999835,0.187272,0,0,0,DISABLED,0
13.3402,-0.223014,0.0266791,0,0.00238442,0.732805,0.00784298,-0.0176491,0.00435082,-0.999835,0.187391,0,0,0,DISABLED,0
13.3602,-0.223014,0.0266792,0,0.0023827,0.732805,0.00782015,-0.0176508,0.0043361,-0.999835,0.187495,0,0,0,DISABLED,0
13.3802,-0.223014,0.0266793,0,0.00238067,0.732805,0.00781252,-0.0176529,0.00431847,-0.999835,0.18762,0,0,0,DISABLED,0
13.4002,-0.223014,0.0266793,0,0.00237913,0.732804,0.0077896,-0.0176544,0.00430432,-0.999835,0.18772,0,0,0,DISABLED,0
13.4202,-0.223014,0.0266794,0,0.00237757,0.732804,0.00778194,-0.017656,0.00428905,-0.999835,0.187829,0,0,0,DISABLED,0
13.4402,-0.223014,0.0266795,0,0.00237622,0.732804,0.00776661,-0.0176573,0.00427389,-0.999835,0.187936,0,0,0,DISABLED,0
13.4602,-0.223014,0.0266795,0,0.00237503,0.732803,0.00774355,-0.0176585,0.00425723,-0.999835,0.188053,0,0,0,DISABLED,0
13.4802,-0.223014,0.0266796,0,0.0023742,0.732803,0.00772814,-0.0176593,0.00424352,-0.999835,0.188147,0,0,0,DISABLED,0
13.5002,-0.223014,0.0266796,0,0.00237326,0.732803,0.0077127,-0.0176603,0.0042267,-0.999835,0.188262,0,0,0,DISABLED,0
13.5202,-0.223014,0.0266796,0,0.00237246,0.732802,0.00770497,-0.0176611,0.00421143,-0.999835,0.188366,0,0,0,DISABLED,0
13.5402,-0.223014,0.0266796,0,0.00237169,0.732802,0.00768948,-0.0176618,0.00419617,-0.999835,0.188469,0,0,0,DISABLED,0
13.5602,-0.223014,0.0266797,0,0.00237099,0.732802,0.00767396,-0.0176625,0.00418248,-0.999835,0.18856,0,0,0,DISABLED,0
13.5802,-0.223014,0.0266797,0,0.0023702,0.732802,0.00765841,-0.0176633,0.00416738,-0.999835,0.188659,0,0,0,DISABLED,0
13.6002,-0.223014,0.0266797,0,0.00236966,0.732801,0.00765062,-0.0176639,0.0041569,-0.999835,0.188728,0,0,0,DISABLED,0
13.6202,-0.223014,0.0266797,0,0.00236858,0.732801,0.00762722,-0.017665,0.00413623,-0.999835,0.188863,0,0,0,DISABLED,0
13.6402,-0.223014,0.0266797,0,0.00236782,0.732801,0.0076194,-0.0176657,0.00412172,-0.999835,0.188958,0,0,0,DISABLED,0
13.6602,-0.223014,0.0266797,0,0.0023671,0.7328,0.00760373,-0.0176664,0.00410884,-0.999835,0.189042,0,0,0,DISABLED,0
13.6802,-0.223014,0.0266796,0,0.0023663,0.7328,0.00758804,-0.0176672,0.00409472,-0.999836,0.189134,0,0,0,DISABLED,0
13.7002,-0.223014,0.0266796,0,0.00236553,0.7328,0.00757231,-0.017668,0.00408081,-0.999836,0.189225,0,0,0,DISABLED,0
13.7202,-0.223014,0.0266795,0,0.00236478,0.732799,0.00756444,-0.0176688,0.00406708,-0.999836,0.189314,0,0,0,DISABLED,0
13.7402,-0.223014,0.0266795,0,0.00236402,0.732799,0.00754866,-0.0176695,0.0040535,-0.999836,0.189404,0,0,0,DISABLED,0
13.7602,-0.223014,0.0266794,0,0.00236326,0.732799,0.00753285,-0.0176703,0.00404004,-0.999836,0.189492,0,0,0,DISABLED,0
13.7802,-0.223014,0.0266793,0,0.00236249,0.732798,0.00752494,-0.0176711,0.00402668,-0.999836,0.189581,0,0,0,DISABLED,0
13.8002,-0.223014,0.0266792,0,0.0023617,0.732798,0.00750908,-0.0176718,0.00401339,-0.999836,0.189668,0,0,0,DISABLED,0
13.8202,-0.223014,0.0266792,0,0.00236089,0.732798,0.00749319,-0.0176726,0.00400015,-0.999836,0.189756,0,0,0,DISABLED,0
13.8402,-0.223014,0.0266791,0,0.00236007,0.732798,0.00748523,-0.0176735,0.00398695,-0.999836,0.189842,0,0,0,DISABLED,0
13.8602,-0.223014,0.026679,0,0.00235931,0.732797,0.00746928,-0.0176742,0.00397512,-0.999836,0.18992,0,0,0,DISABLED,0
13.8802,-0.223014,0.0266788,0,0.00235826,0.732797,0.00745331,-0.0176753,0.00395938,-0.999836,0.190023,0,0,0,DISABLED,0
13.9002,-0.223014,0.0266787,0,0.00235745,0.732796,0.00744531,-0.0176761,0.00394764,-0.999836,0.1901,0,0,0,DISABLED,0
13.9202,-0.223014,0.0266786,0,0.00235644,0.732796,0.00742928,-0.0176771,0.00393332,-0.999836,0.190193,0,0,0,DISABLED,0
13.9402,-0.223013,0.0266785,0,0.00235588,0.732796,0.00742928,-0.0176777,0.00392554,-0.999836,0.190244,0,0,0,DISABLED,0
13.9602,-0.223013,0.0266784,0,0.00235455,0.732795,0.00740517,-0.017679,0.00390743,-0.999836,0.190361,0,0,0,DISABLED,0
13.9802,-0.223013,0.0266782,0,0.00235358,0.732795,0.00739712,-0.01768,0.00389455,-0.999836,0.190444,0,0,0,DISABLED,0
14.0002,-0.223013,0.0266781,0,0.00235257,0.732795,0.00738098,-0.017681,0.0038817,-0.999836,0.190527,0,0,0,DISABLED,0
14.0202,-0.223013,0.0266779,0,0.00235154,0.732794,0.0073729,-0.017682,0.00386891,-0.999836,0.190609,0,0,0,DISABLED,0
14.0402,-0.223013,0.0266778,0,0.00235082,0.732794,0.00736481,-0.0176827,0.00385999,-0.999836,0.190667,0,0,0,DISABLED,0
14.0602,-0.223013,0.0266776,0,0.00234946,0.732794,0.00734049,-0.0176841,0.00384349,-0.999836,0.190772,0,0,0,DISABLED,0
14.0802,-0.223013,0.0266775,0,0.00234851,0.732793,0.00733237,-0.017685,0.00383211,-0.999836,0.190845,0,0,0,DISABLED,0
14.1002,-0.223013,0.0266773,0,0.00234731,0.732793,0.00732424,-0.0176862,0.00381825,-0.999836,0.190933,0,0,0,DISABLED,0
14.1202,-0.223013,0.0266772,0,0.00234643,0.732793,0.00730794,-0.0176871,0.00380822,-0.999836,0.190997,0,0,0,DISABLED,0
14.1402,-0.223013,0.026677,0,0.0023452,0.732792,0.00729978,-0.0176883,0.00379447,-0.999836,0.191084,0,0,0,DISABLED,0
14.1602,-0.223013,0.0266768,0,0.00234397,0.732792,0.00728343,-0.0176896,0.00378078,-0.999836,0.19117,0,0,0,DISABLED,0
14.1802,-0.223013,0.0266766,0,0.00234294,0.732792,0.00727524,-0.0176906,0.00376963,-0.999836,0.191241,0,0,0,DISABLED,0
14.2002,-0.223013,0.0266764,0,0.00234169,0.732791,0.00725884,-0.0176918,0.00375604,-0.999836,0.191326,0,0,0,DISABLED,0
14.2202,-0.223013,0.0266762,0,0.00234066,0.732791,0.00725062,-0.0176929,0.00374495,-0.999836,0.191396,0,0,0,DISABLED,0
14.2402,-0.223013,0.026676,0,0.00233952,0.732791,0.00723416,-0.017694,0.00373267,-0.999837,0.191473,0,0,0,DISABLED,0
14.2603,-0.223013,0.0266758,0,0.00233837,0.73279,0.00722592,-0.0176952,0.00372041,-0.999837,0.19155,0,0,0,DISABLED,0
14.2803,-0.223013,0.0266756,0,0.0023371,0.73279,0.00721766,-0.0176964,0.00370697,-0.999837,0.191633,0,0,0,DISABLED,0
14.3003,-0.223013,0.0266754,0,0.00233594,0.73279,0.00720113,-0.0176976,0.0036948,-0.999837,0.191709,0,0,0,DISABLED,0
14.3203,-0.223013,0.0266751,0,0.00233478,0.732789,0.00719285,-0.0176988,0.00368265,-0.999837,0.191784,0,0,0,DISABLED,0
14.3403,-0.223013,0.0266749,0,0.00233374,0.732789,0.00717625,-0.0176998,0.00367177,-0.999837,0.191851,0,0,0,DISABLED,0
14.3603,-0.223013,0.0266747,0,0.00233248,0.732789,0.00716794,-0.0177011,0.0036585,-0.999837,0.191933,0,0,0,DISABLED,0
14.3803,-0.223013,0.0266745,0,0.00233144,0.732788,0.00715962,-0.0177021,0.00364767,-0.999837,0.191999,0,0,0,DISABLED,0
14.4003,-0.223013,0.0266742,0,0.00233017,0.732788,0.00714295,-0.0177034,0.00363447,-0.999837,0.19208,0,0,0,DISABLED,0
14.4203,-0.223013,0.026674,0,0.00232901,0.732788,0.0071346,-0.0177045,0.00362251,-0.999837,0.192153,0,0,0,DISABLED,0
14.4403,-0.223013,0.0266737,0,0.00232798,0.732787,0.00711788,-0.0177056,0.00361179,-0.999837,0.192219,0,0,0,DISABLED,0
14.4603,-0.223013,0.0266734,0,0.00232672,0.732787,0.0071095,-0.0177068,0.00359872,-0.999837,0.192298,0,0,0,DISABLED,0
14.4803,-0.223013,0.0266732,0,0.00232557,0.732787,0.00710111,-0.017708,0.00358688,-0.999837,0.19237,0,0,0,DISABLED,0
14.5003,-0.223013,0.0266729,0,0.00232454,0.732786,0.0070843,-0.017709,0.00357626,-0.999837,0.192434,0,0,0,DISABLED,0
14.5203,-0.223012,0.0266727,0,0.0023234,0.732786,0.00707588,-0.0177101,0.00356448,-0.999837,0.192505,0,0,0,DISABLED,0
14.5403,-0.223012,0.0266724,0,0.00232215,0.732786,0.00705901,-0.0177114,0.00355158,-0.999837,0.192583,0,0,0,DISABLED,0
14.5603,-0.223012,0.0266721,0,0.00232112,0.732785,0.00705057,-0.0177124,0.00354105,-0.999837,0.192646,0,0,0,DISABLED,0
14.5803,-0.223012,0.0266718,0,0.00231988,0.732785,0.00704211,-0.0177137,0.00352823,-0.999837,0.192723,0,0,0,DISABLED,0
14.6003,-0.223012,0.0266715,0,0.00231886,0.732785,0.00702516,-0.0177147,0.00351777,-0.999837,0.192785,0,0,0,DISABLED,0
14.6203,-0.223012,0.0266712,0,0.00231773,0.732784,0.00701667,-0.0177158,0.00350619,-0.999837,0.192854,0,0,0,DISABLED,0
14.6403,-0.223012,0.026671,0,0.0023166,0.732784,0.00700817,-0.0177169,0.00349463,-0.999837,0.192923,0,0,0,DISABLED,0
14.6603,-0.223012,0.0266707,0,0.00231539,0.732784,0.00699114,-0.0177181,0.00348279,-0.999837,0.192991,0,0,0,DISABLED,0
14.6803,-0.223012,0.0266703,0,0.00231406,0.732783,0.00698261,-0.0177195,0.00346966,-0.999837,0.193067,0,0,0,DISABLED,0
14.7003,-0.223012,0.02667,0,0.00231287,0.732783,0.00697407,-0.0177207,0.0034577,-0.999837,0.193136,0,0,0,DISABLED,0
14.7203,-0.223012,0.0266697,0,0.00231185,0.732783,0.00695695,-0.0177217,0.00344698,-0.999837,0.193198,0,0,0,DISABLED,0
14.7403,-0.223012,0.0266694,0,0.00231079,0.732782,0.00694838,-0.0177227,0.00343511,-0.999837,0.193267,0,0,0,DISABLED,0
14.7603,-0.223012,0.0266691,0,0.00230983,0.732782,0.00693979,-0.0177237,0.00342339,-0.999837,0.193335,0,0,0,DISABLED,0
14.7803,-0.223012,0.0266687,0,0.00230892,0.732782,0.0069226,-0.0177246,0.00341179,-0.999837,0.193404,0,0,0,DISABLED,0
14.8003,-0.223012,0.0266684,0,0.00230795,0.732781,0.00691398,-0.0177256,0.00339913,-0.999837,0.193479,0,0,0,DISABLED,0
14.8203,-0.223012,0.0266681,0,0.00230717,0.732781,0.00689672,-0.0177264,0.00338884,-0.999837,0.19354,0,0,0,DISABLED,0
14.8403,-0.223012,0.0266677,0,0.00230632,0.732781,0.00688807,-0.0177272,0.00337743,-0.999837,0.193607,0,0,0,DISABLED,0
14.8603,-0.223012,0.0266673,0,0.00230541,0.73278,0.00687941,-0.0177281,0.00336495,-0.999837,0.193681,0,0,0,DISABLED,0
14.8803,-0.223011,0.026667,0,0.00230461,0.73278,0.00687074,-0.0177289,0.00335365,-0.999837,0.193748,0,0,0,DISABLED,0
14.9003,-0.223011,0.0266666,0,0.00230388,0.73278,0.00686206,-0.0177297,0.0033435,-0.999837,0.193807,0,0,0,DISABLED,0
14.9203,-0.223011,0.0266662,0,0.0023031,0.732779,0.00684466,-0.0177304,0.00333227,-0.999837,0.193874,0,0,0,DISABLED,0
14.9403,-0.223011,0.0266659,0,0.00230234,0.732779,0.00683595,-0.0177312,0.00332108,-0.999837,0.19394,0,0,0,DISABLED,0
14.9603,-0.223011,0.0266655,0,0.00230152,0.732779,0.00682723,-0.017732,0.00330881,-0.999837,0.194012,0,0,0,DISABLED,0
14.9803,-0.223011,0.0266651,0,0.00230085,0.732778,0.00680974,-0.0177327,0.00329879,-0.999837,0.19407,0,0,0,DISABLED,0
15.0003,-0.223011,0.0266647,0,0.00230004,0.732778,0.00680098,-0.0177335,0.00328658,-0.999837,0.194142,0,0,0,DISABLED,0
15.0203,-0.223011,0.0266642,0,0.00229939,0.732778,0.00680098,-0.0177342,0.00327661,-0.999837,0.1942,0,0,0,DISABLED,0
15.0403,-0.223011,0.0266636,0,0.00229859,0.732777,0.00678343,-0.017735,0.00326442,-0.999837,0.194271,0,0,0,DISABLED,0
15.0603,-0.223011,0.0266629,0,0.00229793,0.732777,0.00677464,-0.0177356,0.00325446,-0.999837,0.194329,0,0,0,DISABLED,0
15.0803,-0.223011,0.0266621,0,0.00229711,0.732777,0.00675702,-0.0177364,0.00324227,-0.999837,0.1944,0,0,0,DISABLED,0
15.1003,-0.223011,0.0266615,0,0.00229659,0.732777,0.00675702,-0.017737,0.00323451,-0.999837,0.194445,0,0,0,DISABLED,0
15.1203,-0.223011,0.0266602,0,0.00229559,0.732776,0.00674819,-0.0177379,0.00322008,-0.999837,0.194528,0,0,0,DISABLED,0
15.1403,-0.223011,0.026659,0,0.00229482,0.732776,0.00673051,-0.0177387,0.00320899,-0.999838,0.194592,0,0,0,DISABLED,0
15.1603,-0.223011,0.0266578,0,0.00229412,0.732776,0.00672164,-0.0177394,0.003199,-0.999838,0.194649,0,0,0,DISABLED,0
15.1803,-0.22301,0.0266564,0,0.00229333,0.732775,0.00670388,-0.0177402,0.00318789,-0.999838,0.194712,0,0,0,DISABLED,0
15.2003,-0.22301,0.0266552,0,0.0022926,0.732775,0.00669499,-0.0177409,0.00317789,-0.999838,0.194769,0,0,0,DISABLED,0
15.2203,-0.22301,0.0266533,0,0.00229163,0.732774,0.00668608,-0.0177419,0.00316454,-0.999838,0.194844,0,0,0,DISABLED,0
15.2403,-0.22301,0.0266516,0,0.00229079,0.732774,0.00666823,-0.0177427,0.00315342,-0.999838,0.194907,0,0,0,DISABLED,0
15.2603,-0.22301,0.0266498,0,0.00229003,0.732774,0.00666823,-0.0177435,0.0031434,-0.999838,0.194963,0,0,0,DISABLED,0
15.2803,-0.22301,0.0266479,0,0.00228918,0.732774,0.00665928,-0.0177444,0.00313228,-0.999838,0.195025,0,0,0,DISABLED,0
15.3003,-0.22301,0.0266459,0,0.00228823,0.732773,0.00664136,-0.0177453,0.00312004,-0.999838,0.195093,0,0,0,DISABLED,0
15.3203,-0.22301,0.0266438,0,0.00228735,0.732773,0.00663237,-0.0177462,0.00310891,-0.999838,0.195155,0,0,0,DISABLED,0
15.3403,-0.22301,0.0266418,0,0.00228655,0.732773,0.00662338,-0.017747,0.0030989,-0.999838,0.19521,0,0,0,DISABLED,0
15.3603,-0.22301,0.0266393,0,0.00228566,0.732772,0.00661438,-0.0177479,0.00308778,-0.999838,0.195272,0,0,0,DISABLED,0
15.3803,-0.22301,0.0266372,0,0.00228474,0.732772,0.00659633,-0.0177488,0.00307664,-0.999838,0.195333,0,0,0,DISABLED,0
15.4003,-0.22301,0.0266348,0,0.00228373,0.732772,0.00658729,-0.0177498,0.00306443,-0.999838,0.1954,0,0,0,DISABLED,0
15.4203,-0.22301,0.0266326,0,0.002283,0.732771,0.00658729,-0.0177505,0.00305555,-0.999838,0.195448,0,0,0,DISABLED,0
15.4403,-0.223009,0.0266296,0,0.00228197,0.732771,0.00656916,-0.0177516,0.00304336,-0.999838,0.195514,0,0,0,DISABLED,0
15.4603,-0.223009,0.0266272,0,0.00228104,0.732771,0.00656008,-0.0177525,0.00303229,-0.999838,0.195574,0,0,0,DISABLED,0
15.4803,-0.223009,0.0266243,0,0.00228009,0.73277,0.00655099,-0.0177534,0.00302122,-0.999838,0.195634,0,0,0,DISABLED,0
15.5003,-0.223009,0.0266218,0,0.00227914,0.73277,0.00653277,-0.0177544,0.00301017,-0.999838,0.195694,0,0,0,DISABLED,0
15.5203,-0.223009,0.0266187,0,0.00227795,0.73277,0.00652364,-0.0177556,0.00299821,-0.999838,0.19576,0,0,0,DISABLED,0
15.5403,-0.223009,0.0266157,0,0.00227671,0.73277,0.0065145,-0.0177568,0.0029875,-0.999838,0.195822,0,0,0,DISABLED,0
15.5603,-0.223009,0.0266125,0,0.00227549,0.732769,0.00650534,-0.0177581,0.00297789,-0.999838,0.195879,0,0,0,DISABLED,0
15.5803,-0.223009,0.0266092,0,0.00227389,0.732769,0.00649617,-0.0177596,0.00296618,-0.999838,0.195948,0,0,0,DISABLED,0
15.6003,-0.223009,0.0266061,0,0.00227242,0.732769,0.00648699,-0.0177611,0.00295545,-0.999838,0.196011,0,0,0,DISABLED,0
15.6203,-0.223009,0.0266026,0,0.00227108,0.732769,0.00647779,-0.0177625,0.00294573,-0.999838,0.196068,0,0,0,DISABLED,0
15.6403,-0.223009,0.0265998,0,0.00226989,0.732768,0.00646859,-0.0177636,0.00293704,-0.999838,0.196118,0,0,0,DISABLED,0
15.6603,-0.223009,0.0265953,0,0.00226795,0.732768,0.00645013,-0.0177656,0.00292289,-0.999838,0.196199,0,0,0,DISABLED,0
15.6803,-0.223008,0.0265917,0,0.00226676,0.732768,0.00644088,-0.0177668,0.00291417,-0.999838,0.196249,0,0,0,DISABLED,0
15.7003,-0.223008,0.0265886,0,0.00226495,0.732768,0.00643162,-0.0177686,0.00290109,-0.999838,0.196324,0,0,0,DISABLED,0
15.7203,-0.223008,0.026585,0,0.0022636,0.732767,0.00642235,-0.0177699,0.00289128,-0.999838,0.19638,0,0,0,DISABLED,0
15.7403,-0.223008,0.0265811,0,0.00226192,0.732767,0.00640376,-0.0177716,0.00287928,-0.999838,0.196448,0,0,0,DISABLED,0
15.7603,-0.223008,0.0265779,0,0.00226039,0.732767,0.00639444,-0.0177731,0.00286838,-0.999838,0.19651,0,0,0,DISABLED,0
15.7803,-0.223008,0.026574,0,0.002259,0.732767,0.00638512,-0.0177745,0.00285857,-0.999838,0.196565,0,0,0,DISABLED,0
15.8003,-0.223008,0.0265704,0,0.00225745,0.732766,0.00637577,-0.0177761,0.00284768,-0.999838,0.196627,0,0,0,DISABLED,0
15.8203,-0.223008,0.0265673,0,0.00225588,0.732766,0.00636642,-0.0177777,0.0028368,-0.999838,0.196688,0,0,0,DISABLED,0
15.8403,-0.223008,0.0265634,0,0.00225431,0.732766,0.00635705,-0.0177792,0.00282593,-0.999838,0.196749,0,0,0,DISABLED,0
15.8603,-0.223008,0.0265605,0,0.00225289,0.732766,0.00634767,-0.0177807,0.00281616,-0.999838,0.196804,0,0,0,DISABLED,0
15.8803,-0.223007,0.026557,0,0.00225129,0.732765,0.00633827,-0.0177823,0.00280532,-0.999838,0.196865,0,0,0,DISABLED,0
15.9003,-0.223007,0.0265531,0,0.00224953,0.732765,0.00632886,-0.017784,0.00279341,-0.999838,0.196931,0,0,0,DISABLED,0
15.9203,-0.223007,0.0265496,0,0.00224774,0.732765,0.00631943,-0.0177858,0.00278153,-0.999838,0.196998,0,0,0,DISABLED,0
15.9403,-0.223007,0.0265461,0,0.00224627,0.732765,0.00630999,-0.0177873,0.00277182,-0.999838,0.197052,0,0,0,DISABLED,0
15.9603,-0.223007,0.0265422,0,0.00224463,0.732764,0.00629107,-0.0177889,0.00276103,-0.999838,0.197112,0,0,0,DISABLED,0
15.9803,-0.223007,0.0265387,0,0.00224297,0.732764,0.00628159,-0.0177906,0.00275025,-0.999838,0.197172,0,0,0,DISABLED,0
16.0003,-0.223007,0.0265352,0,0.00224113,0.732764,0.0062721,-0.0177924,0.00273841,-0.999838,0.197238,0,0,0,DISABLED,0
16.0203,-0.223007,0.026532,0,0.00223962,0.732764,0.00626259,-0.0177939,0.00272873,-0.999838,0.197292,0,0,0,DISABLED,0
16.0403,-0.223007,0.0265285,0,0.00223794,0.732763,0.00625306,-0.0177956,0.00271799,-0.999838,0.197352,0,0,0,DISABLED,0
16.0603,-0.223006,0.0265246,0,0.00223625,0.732763,0.00624352,-0.0177973,0.00270727,-0.999838,0.197411,0,0,0,DISABLED,0
16.0803,-0.223006,0.0265211,0,0.00223454,0.732763,0.00623397,-0.017799,0.00269657,-0.999838,0.197471,0,0,0,DISABLED,0
16.1003,-0.223006,0.0265176,0,0.002233,0.732763,0.0062244,-0.0178005,0.00268696,-0.999838,0.197524,0,0,0,DISABLED,0
16.1203,-0.223006,0.0265141,0,0.00223111,0.732762,0.00620522,-0.0178024,0.00267522,-0.999838,0.197589,0,0,0,DISABLED,0
16.1403,-0.223006,0.0265106,0,0.0022292,0.732762,0.0061956,-0.0178043,0.00266351,-0.999838,0.197653,0,0,0,DISABLED,0
16.1603,-0.223006,0.0265071,0,0.00222746,0.732762,0.00618598,-0.0178061,0.00265287,-0.999838,0.197712,0,0,0,DISABLED,0
16.1803,-0.223006,0.0265036,0,0.00222589,0.732762,0.00617633,-0.0178077,0.00264332,-0.999838,0.197765,0,0,0,DISABLED,0
16.2003,-0.223006,0.0265001,0,0.00222394,0.732761,0.00616668,-0.0178096,0.00263165,-0.999838,0.197829,0,0,0,DISABLED,0
16.2203,-0.223006,0.026497,0,0.00222236,0.732761,0.006157,-0.0178112,0.00262213,-0.999838,0.197881,0,0,0,DISABLED,0
16.2403,-0.223005,0.0264932,0,0.0022204,0.732761,0.00613761,-0.0178131,0.00261051,-0.999838,0.197945,0,0,0,DISABLED,0
16.2603,-0.223005,0.0264901,0,0.00221878,0.732761,0.00612789,-0.0178148,0.00260102,-0.999838,0.197997,0,0,0,DISABLED,0
16.2803,-0.223005,0.0264867,0,0.00221697,0.73276,0.00611816,-0.0178166,0.0025905,-0.999838,0.198055,0,0,0,DISABLED,0
16.3003,-0.223005,0.026483,0,0.00221497,0.73276,0.00610841,-0.0178186,0.00257902,-0.999838,0.198117,0,0,0,DISABLED,0
16.3203,-0.223005,0.02648,0,0.00221332,0.73276,0.00609864,-0.0178202,0.00256969,-0.999838,0.198167,0,0,0,DISABLED,0
16.3403,-0.223005,0.0264763,0,0.00221131,0.73276,0.00609864,-0.0178222,0.00255838,-0.999838,0.198228,0,0,0,DISABLED,0
16.3603,-0.223005,0.026473,0,0.00220946,0.732759,0.00607906,-0.0178241,0.00254818,-0.999838,0.198283,0,0,0,DISABLED,0
16.3803,-0.223004,0.0264697,0,0.0022078,0.732759,0.00606925,-0.0178257,0.00253905,-0.999838,0.198333,0,0,0,DISABLED,0
16.4003,-0.223004,0.0264674,0,0.00220631,0.732759,0.00605942,-0.0178272,0.00253099,-0.999838,0.198376,0,0,0,DISABLED,0
16.4203,-0.223004,0.0264635,0,0.00220407,0.732759,0.00604958,-0.0178295,0.00251898,-0.999838,0.198441,0,0,0,DISABLED,0
16.4403,-0.223004,0.0264599,0,0.00220219,0.732759,0.00603971,-0.0178313,0.00250904,-0.999838,0.198494,0,0,0,DISABLED,0
16.4603,-0.223004,0.0264566,0,0.00220011,0.732758,0.00602984,-0.0178334,0.00249816,-0.999838,0.198552,0,0,0,DISABLED,0
16.4803,-0.223004,0.0264536,0,0.00219819,0.732758,0.00602984,-0.0178353,0.00248834,-0.999838,0.198605,0,0,0,DISABLED,0
16.5003,-0.223004,0.0264503,0,0.00219646,0.732758,0.00601004,-0.0178371,0.00247952,-0.999838,0.198652,0,0,0,DISABLED,0
16.5203,-0.223004,0.0264467,0,0.0021944,0.732758,0.00600011,-0.0178391,0.00247017,-0.999838,0.198704,0,0,0,DISABLED,0
16.5403,-0.223003,0.0264435,0,0.00219236,0.732757,0.00599017,-0.0178412,0.00246095,-0.999838,0.198755,0,0,0,DISABLED,0
16.5603,-0.223003,0.0264407,0,0.00219035,0.732757,0.00598021,-0.0178432,0.00245185,-0.999838,0.198805,0,0,0,DISABLED,0
16.5803,-0.223003,0.0264373,0,0.00218816,0.732757,0.00598021,-0.0178454,0.00244197,-0.999838,0.19886,0,0,0,DISABLED,0
16.6003,-0.223003,0.0264352,0,0.00218675,0.732757,0.00597023,-0.0178468,0.00243579,-0.999838,0.198894,0,0,0,DISABLED,0
16.6203,-0.223003,0.0264314,0,0.00218418,0.732756,0.00595023,-0.0178494,0.00242434,-0.999838,0.198956,0,0,0,DISABLED,0
16.6403,-0.223003,0.0264288,0,0.00218223,0.732756,0.00594021,-0.0178513,0.00241562,-0.999838,0.199003,0,0,0,DISABLED,0
16.6603,-0.223003,0.0264258,0,0.00218029,0.732756,0.00594021,-0.0178532,0.0024071,-0.999838,0.199049,0,0,0,DISABLED,0
16.6803,-0.223002,0.0264232,0,0.00217845,0.732756,0.00593016,-0.0178551,0.00239857,-0.999838,0.199095,0,0,0,DISABLED,0
16.7003,-0.223002,0.0264206,0,0.00217667,0.732756,0.0059201,-0.0178569,0.00239019,-0.999838,0.19914,0,0,0,DISABLED,0
16.7203,-0.223002,0.0264181,0,0.00217517,0.732755,0.00591003,-0.0178584,0.00238261,-0.999838,0.19918,0,0,0,DISABLED,0
16.7403,-0.223002,0.0264156,0,0.00217339,0.732755,0.00589993,-0.0178602,0.00237329,-0.999838,0.199229,0,0,0,DISABLED,0
16.7603,-0.223002,0.0264131,0,0.00217181,0.732755,0.00588982,-0.0178617,0.00236482,-0.999838,0.199273,0,0,0,DISABLED,0
16.7803,-0.223002,0.0264107,0,0.00217025,0.732755,0.00588982,-0.0178633,0.00235635,-0.999838,0.199317,0,0,0,DISABLED,0
16.8003,-0.223002,0.0264083,0,0.00216871,0.732755,0.00587969,-0.0178648,0.0023479,-0.999838,0.199361,0,0,0,DISABLED,0
16.8203,-0.223001,0.0264059,0,0.00216734,0.732754,0.00586955,-0.0178662,0.0023403,-0.999838,0.1994,0,0,0,DISABLED,0
16.8403,-0.223001,0.0264038,0,0.00216583,0.732754,0.00585938,-0.0178677,0.00233188,-0.999838,0.199443,0,0,0,DISABLED,0
16.8603,-0.223001,0.0264012,0,0.00216419,0.732754,0.0058492,-0.0178693,0.00232263,-0.999838,0.19949,0,0,0,DISABLED,0
16.8803,-0.223001,0.0263991,0,0.00216286,0.732754,0.0058492,-0.0178707,0.00231509,-0.999838,0.199529,0,0,0,DISABLED,0
16.9003,-0.223001,0.026397,0,0.00216154,0.732754,0.005839,-0.017872,0.00230756,-0.999838,0.199567,0,0,0,DISABLED,0
16.9203,-0.223001,0.0263942,0,0.00215979,0.732753,0.00582879,-0.0178737,0.00229755,-0.999838,0.199618,0,0,0,DISABLED,0
16.9403,-0.223,0.0263921,0,0.00215835,0.732753,0.00582879,-0.0178752,0.00228923,-0.999838,0.19966,0,0,0,DISABLED,0
16.9603,-0.223,0.0263896,0,0.00215692,0.732753,0.00581855,-0.0178766,0.00228094,-0.999838,0.199703,0,0,0,DISABLED,0
16.9803,-0.223,0.0263876,0,0.00215564,0.732753,0.0058083,-0.0178779,0.00227349,-0.999838,0.19974,0,0,0,DISABLED,0
17.0003,-0.223,0.0263853,0,0.00215423,0.732752,0.00579803,-0.0178793,0.00226523,-0.999838,0.199782,0,0,0,DISABLED,0
