t,drift_x,drift_y,lean,dpitch,base_z,tilt_rad,gx,gy,gz,yaw_delta,cmd_vx,cmd_vy,cmd_yaw,meta_selected,meta_safety_hold
0.0199962,0,0,0,0,0.732862,0.000345267,-0.0156834,-0.000407855,-0.999877,0,0.4,0,0,DISABLED,0
0.0399961,1.10017e-05,-1.7928e-07,0,-4.40888e-06,0.732859,0,-0.0156878,-0.000408113,-0.999877,4.2537e-06,0.4,0,0,DISABLED,0
0.0599961,5.22826e-05,-1.70898e-07,0,-1.21687e-05,0.732851,0,-0.0156955,-0.000407729,-0.999877,9.91474e-06,0.4,0,0,DISABLED,0
0.0799961,0.000300685,-4.0289e-05,0,-0.000388104,0.732801,0.000345267,-0.0160715,-0.000427708,-0.999871,1.82744e-05,0.4,0,0,DISABLED,0
0.0999961,0.00071056,-9.52426e-05,0,-0.00102567,0.732715,0.0010358,-0.0167091,-0.000518404,-0.99986,-3.18377e-05,0.4,0,0,DISABLED,0
0.119996,0.00135935,-6.46892e-05,0,-0.00196136,0.732661,0.00198341,-0.0176447,-0.000577278,-0.999844,0.000315552,0.4,0,0,DISABLED,0
0.139996,0.00209443,0.000354374,0,-0.00215512,0.732582,0.00244141,-0.0178385,0.000698361,-0.999841,0.000384692,0.4,0,0,DISABLED,0
0.159996,0.00277369,0.00122987,0,-0.00157341,0.732491,0.00253718,-0.0172568,0.00155492,-0.99985,0.000579131,0.4,0,0,DISABLED,0
0.179996,0.00373531,0.00228224,0,-0.00150628,0.732702,0.00265205,-0.0171897,-0.00259381,-0.999849,0.00142647,0.4,0,0,DISABLED,0
0.199996,0.00561397,0.00403536,0,-0.0020427,0.73325,0.00673936,-0.0177261,-0.00682304,-0.99982,0.00235097,0.4,0,0,DISABLED,0
0.219996,0.00741328,0.00580023,0,-0.00194974,0.733599,0.00825039,-0.0176331,-0.00841625,-0.999809,0.00376021,0.4,0,0,DISABLED,0
0.239996,0.00938948,0.007776,0,-0.0014316,0.733843,0.00895703,-0.017115,-0.00925116,-0.999811,0.004836,0.4,0,0,DISABLED,0
0.259996,0.0109441,0.00927086,0,-0.00117903,0.734,0.00963664,-0.0168624,-0.0099702,-0.999808,0.0055201,0.4,0,0,DISABLED,0
0.279996,0.0142778,0.0123046,0,-0.00103843,0.734251,0.0110378,-0.0167218,-0.0113933,-0.999795,0.00567472,0.4,0,0,DISABLED,0
0.299996,0.0171787,0.0148597,0,-0.000669057,0.734309,0.011188,-0.0163524,-0.0115709,-0.999799,0.00586266,0.4,0,0,DISABLED,0
0.319996,0.0202698,0.0176213,0,0.000521895,0.734221,0.0103638,-0.0151615,-0.0107557,-0.999827,0.00606495,0.4,0,0,DISABLED,0
0.339996,0.0235386,0.020668,0,0.00254918,0.733988,0.00874831,-0.0131342,-0.00877532,-0.999875,0.0057634,0.4,0,0,DISABLED,0
0.359996,0.0266035,0.0236509,0,0.00507632,0.733583,0.0074613,-0.0106071,-0.00587329,-0.999927,0.00540517,0.4,0,0,DISABLED,0
0.379996,0.0306037,0.0275007,0,0.0080323,0.732615,0.00812664,-0.00765108,-0.00160068,-0.999969,0.00510125,0.4,0,0,DISABLED,0
0.399996,0.0343146,0.0305986,0,0.0100529,0.732087,0.0110324,-0.0056305,-0.00494065,-0.999972,0.00795574,0.4,0,0,DISABLED,0
0.419996,0.0382828,0.033647,0,0.00974075,0.732274,0.0120696,-0.00594263,-0.00752689,-0.999954,0.00822977,0.4,0,0,DISABLED,0
0.439996,0.0427915,0.0366222,0,0.00644675,0.732852,0.00701667,-0.00923663,-0.00316589,-0.999952,0.0111278,0.4,0,0,DISABLED,0
0.459996,0.0477526,0.039274,0,0.00172684,0.733605,0.00424271,-0.0139565,0.00347232,-0.999897,0.015382,0.4,0,0,DISABLED,0
0.479996,0.0526356,0.041664,0,-0.00148242,0.734142,0.0081413,-0.0171658,0.00759384,-0.999824,0.0177424,0.4,0,0,DISABLED,0
0.499996,0.0575695,0.0436988,0,-0.00365879,0.734338,0.00975956,-0.0193422,0.00863643,-0.999776,0.0185002,0.4,0,0,DISABLED,0
0.519996,0.0627346,0.0452307,0,-0.00555097,0.734377,0.0105066,-0.0212344,0.00851601,-0.999738,0.0185973,0.4,0,0,DISABLED,0
0.539996,0.0680967,0.0462422,0,-0.00690125,0.734399,0.0113204,-0.0225846,0.00856928,-0.999708,0.0183182,0.4,0,0,DISABLED,0
0.559996,0.0735971,0.0467678,0,-0.00739633,0.734387,0.0118302,-0.0230797,0.00881907,-0.999695,0.0180927,0.4,0,0,DISABLED,0
0.579996,0.0791858,0.0469179,0,-0.00697177,0.734292,0.012035,-0.0226552,0.00940427,-0.999699,0.0181264,0.4,0,0,DISABLED,0
0.599996,0.0842526,0.0467807,0,-0.00580096,0.734128,0.0121041,-0.0214843,0.010213,-0.999717,0.018136,0.4,0,0,DISABLED,0
0.619996,0.0904382,0.0462284,0,-0.00321772,0.733771,0.0119055,-0.0189011,0.011051,-0.99976,0.0189521,0.4,0,0,DISABLED,0
0.639996,0.0954966,0.045467,0,-0.00138493,0.733321,0.0117645,-0.0170683,0.0112701,-0.999791,0.0195137,0.4,0,0,DISABLED,0
0.659996,0.101654,0.0441371,0,0.00323366,0.732543,0.011673,-0.0124497,0.0108093,-0.999864,0.0214033,0.4,0,0,DISABLED,0
0.679996,0.107347,0.0425441,0,0.00649437,0.731694,0.0107976,-0.00918901,0.00821839,-0.999924,0.0234943,0.4,0,0,DISABLED,0
0.699996,0.113068,0.0408778,0,0.0078551,0.731067,0.0102132,-0.00782828,0.00611586,-0.999951,0.0221619,0.4,0,0,DISABLED,0
0.719995,0.11846,0.0396142,0,0.00715196,0.73137,0.0106195,-0.00853142,0.00743748,-0.999936,0.0201839,0.4,0,0,DISABLED,0
0.739995,0.12518,0.0378187,0,0.00393265,0.732143,0.00554582,-0.0117507,0.00349962,-0.999925,0.0136087,0.4,0,0,DISABLED,0
0.759995,0.131457,0.0362482,0,0.0007284,0.732821,0.00316443,-0.014955,-0.00347646,-0.999882,0.0103192,0.4,0,0,DISABLED,0
0.779995,0.137684,0.0349129,0,-0.00183129,0.733451,0.00991107,-0.0175147,-0.0101447,-0.999795,0.00963276,0.4,0,0,DISABLED,0
0.799995,0.143139,0.0339986,0,-0.00263212,0.733786,0.0144354,-0.0183155,-0.0146017,-0.999726,0.00920712,0.4,0,0,DISABLED,0
0.819995,0.14977,0.0331733,0,-0.00211,0.733931,0.0172325,-0.0177934,-0.0175101,-0.999688,0.00881514,0.4,0,0,DISABLED,0
0.839995,0.15596,0.0326837,0,-0.00108391,0.733961,0.0190464,-0.0167673,-0.0194228,-0.999671,0.00889103,0.4,0,0,DISABLED,0
0.859995,0.162395,0.0324566,0,-3.78676e-05,0.733957,0.0204383,-0.0157212,-0.0208439,-0.999659,0.00861459,0.4,0,0,DISABLED,0
0.879995,0.168361,0.0324045,0,0.000956454,0.733929,0.0221056,-0.0147269,-0.0224923,-0.999639,0.00818402,0.4,0,0,DISABLED,0
0.899995,0.175063,0.0324756,0,0.00259812,0.733823,0.024771,-0.0130853,-0.0250395,-0.999601,0.00780604,0.4,0,0,DISABLED,0
0.919995,0.18235,0.0327224,0,0.00560212,0.733536,0.0287702,-0.0100813,-0.028624,-0.999539,0.00761462,0.4,0,0,DISABLED,0
0.939995,0.188857,0.0332108,0,0.00902379,0.733128,0.0323203,-0.00665959,-0.031437,-0.999484,0.00766074,0.4,0,0,DISABLED,0
0.959995,0.195277,0.034158,0,0.0122208,0.732777,0.0330697,-0.00346259,-0.0311317,-0.999509,0.00777104,0.4,0,0,DISABLED,0
0.979995,0.200432,0.0352509,0,0.0139341,0.732597,0.0309079,-0.00174925,-0.0279953,-0.999607,0.00776181,0.4,0,0,DISABLED,0
0.999995,0.208188,0.0370644,0,0.0150993,0.732256,0.0260427,-0.000584056,-0.0216257,-0.999766,0.00797273,0.4,0,0,DISABLED,0
1.02,0.214603,0.0383321,0,0.0149273,0.732253,0.0233897,-0.000756074,-0.0184126,-0.99983,0.00941898,0.4,0,0,DISABLED,0
1.04,0.221113,0.0393179,0,0.0134622,0.732637,0.0202596,-0.00222121,-0.0155447,-0.999877,0.0120982,0.4,0,0,DISABLED,0
1.06,0.227856,0.0403584,0,0.0112918,0.733074,0.0151997,-0.00439157,-0.0105783,-0.999934,0.0147921,0.4,0,0,DISABLED,0
1.08,0.234698,0.0414308,0,0.00977869,0.733424,0.0106699,-0.00590469,-0.00467607,-0.999972,0.0163028,0.4,0,0,DISABLED,0
1.1,0.241506,0.0422579,0,0.00964492,0.733525,0.00968599,-0.00603846,-0.00125987,-0.999981,0.01701,0.4,0,0,DISABLED,0
1.12,0.248527,0.042661,0,0.00937643,0.733488,0.00944295,-0.00630695,0.000689243,-0.99998,0.0178008,0.4,0,0,DISABLED,0
1.14,0.255706,0.0426787,0,0.00891767,0.733487,0.00950586,-0.00676571,0.00287894,-0.999973,0.0185731,0.4,0,0,DISABLED,0
1.16,0.26283,0.0424448,0,0.0089947,0.733528,0.0108472,-0.00668868,0.00564741,-0.999962,0.019396,0.4,0,0,DISABLED,0
1.18,0.267046,0.0422409,0,0.00978689,0.733539,0.0130199,-0.00589649,0.00817821,-0.999949,0.0196137,0.4,0,0,DISABLED,0
1.2,0.276679,0.0416714,0,0.0113601,0.733409,0.0159049,-0.00432333,0.010721,-0.999933,0.0204341,0.4,0,0,DISABLED,0
1.22,0.282725,0.0412142,0,0.0132137,0.733207,0.0183774,-0.00246968,0.0123615,-0.999921,0.0210926,0.4,0,0,DISABLED,0
1.24,0.29012,0.040349,0,0.0149293,0.733039,0.019559,-0.000754102,0.0122262,-0.999925,0.0211112,0.4,0,0,DISABLED,0
1.25999,0.297,0.0391611,0,0.015154,0.733081,0.0187372,-0.000529345,0.0106118,-0.999944,0.021159,0.4,0,0,DISABLED,0
1.27999,0.30191,0.0380563,0,0.0145207,0.733108,0.017177,-0.00116272,0.00876554,-0.999961,0.0214016,0.4,0,0,DISABLED,0
1.29999,0.311146,0.0354863,0,0.0114937,0.732502,0.0122315,-0.00418969,0.00377948,-0.999984,0.0204307,0.4,0,0,DISABLED,0
1.31999,0.318615,0.0336165,0,0.00666168,0.732553,0.00818511,-0.0090217,0.00434152,-0.99995,0.0167608,0.4,0,0,DISABLED,0
1.33999,0.325857,0.0315463,0,0.00345373,0.733029,0.00367024,-0.0122297,0.000806544,-0.999925,0.0146449,0.4,0,0,DISABLED,0
1.35999,0.332721,0.0297645,0,0.00262999,0.733572,0.00479661,-0.0130534,-0.00441656,-0.999905,0.013384,0.4,0,0,DISABLED,0
1.37999,0.33952,0.028578,0,0.0022807,0.733935,0.00740517,-0.0134027,-0.00745174,-0.999882,0.0127532,0.4,0,0,DISABLED,0
1.39999,0.345659,0.0279158,0,0.00209557,0.734032,0.00914798,-0.0135878,-0.00930695,-0.999864,0.0119903,0.4,0,0,DISABLED,0
1.41999,0.353264,0.0275107,0,0.00209824,0.73396,0.0111667,-0.0135851,-0.0113707,-0.999843,0.0106188,0.4,0,0,DISABLED,0
1.43999,0.36034,0.0274616,0,0.00220438,0.733877,0.0125538,-0.013479,-0.0127644,-0.999828,0.00968612,0.4,0,0,DISABLED,0
1.45999,0.36755,0.0276463,0,0.00254232,0.733787,0.0139738,-0.0131411,-0.0141473,-0.999814,0.00880087,0.4,0,0,DISABLED,0
1.47999,0.374812,0.0279898,0,0.00334161,0.733652,0.0158034,-0.0123418,-0.0158502,-0.999798,0.00834785,0.4,0,0,DISABLED,0
1.49999,0.382017,0.0283975,0,0.00498466,0.733494,0.018526,-0.0106987,-0.0182482,-0.999776,0.00857046,0.4,0,0,DISABLED,0
1.51999,0.38912,0.0289496,0,0.00757927,0.733311,0.0219568,-0.00810411,-0.0210141,-0.999746,0.00833338,0.4,0,0,DISABLED,0
1.53999,0.39617,0.0298056,0,0.0103324,0.733213,0.0239413,-0.00535101,-0.0220048,-0.999744,0.00803104,0.4,0,0,DISABLED,0
1.55999,0.403226,0.0309766,0,0.0123032,0.733324,0.0231849,-0.00338018,-0.0200581,-0.999793,0.00857106,0.4,0,0,DISABLED,0
1.57999,0.410352,0.0323256,0,0.0129508,0.733497,0.0204995,-0.00273253,-0.0162951,-0.999864,0.0100628,0.4,0,0,DISABLED,0
1.59999,0.417433,0.0338941,0,0.0128473,0.733366,0.0163339,-0.00283604,-0.0104944,-0.999941,0.0114795,0.4,0,0,DISABLED,0
1.61999,0.424451,0.0354498,0,0.0118219,0.733183,0.0135053,-0.00386148,-0.00693502,-0.999968,0.0128964,0.4,0,0,DISABLED,0
1.63999,0.43155,0.0367003,0,0.00971386,0.733318,0.0109674,-0.00596952,-0.00549621,-0.999967,0.0146132,0.4,0,0,DISABLED,0
1.65999,0.438748,0.0377883,0,0.00787512,0.733547,0.00822868,-0.00780826,-0.00280556,-0.999966,0.017669,0.4,0,0,DISABLED,0
1.67999,0.445909,0.038816,0,0.00728804,0.733721,0.0073729,-0.00839534,0.000706113,-0.999965,0.0190842,0.4,0,0,DISABLED,0
1.69999,0.452365,0.0395041,0,0.00748679,0.733695,0.00797113,-0.00819659,0.00231653,-0.999964,0.0199005,0.4,0,0,DISABLED,0
1.71999,0.46047,0.0398253,0,0.00735569,0.73354,0.00822144,-0.00832769,0.00325411,-0.99996,0.0217593,0.4,0,0,DISABLED,0
1.73999,0.467945,0.039713,0,0.00696701,0.733442,0.00842907,-0.00871637,0.00432947,-0.999953,0.0231238,0.4,0,0,DISABLED,0
1.75999,0.475312,0.0393472,0,0.00701352,0.73339,0.0092129,-0.00866986,0.0055561,-0.999947,0.0240967,0.4,0,0,DISABLED,0
1.77999,0.482497,0.0388489,0,0.0079555,0.733328,0.0109129,-0.00772788,0.00706247,-0.999945,0.0253575,0.4,0,0,DISABLED,0
1.79999,0.489554,0.0383214,0,0.00940476,0.733194,0.012997,-0.00627862,0.00855747,-0.999944,0.0266822,0.4,0,0,DISABLED,0
1.81999,0.496529,0.0377723,0,0.0110039,0.73302,0.0149347,-0.00467948,0.00968622,-0.999942,0.0273159,0.4,0,0,DISABLED,0
1.83999,0.50342,0.0370059,0,0.0124457,0.73288,0.015976,-0.0032377,0.00960728,-0.999949,0.0278403,0.4,0,0,DISABLED,0
1.85999,0.510453,0.0359109,0,0.0128017,0.732912,0.0153674,-0.00288168,0.00809329,-0.999963,0.0282393,0.4,0,0,DISABLED,0
1.87999,0.517676,0.034372,0,0.0115094,0.732933,0.0129372,-0.00417394,0.00550113,-0.999976,0.0288258,0.4,0,0,DISABLED,0
1.89999,0.524883,0.0322825,0,0.00941297,0.732508,0.00943663,-0.00627041,0.000269785,-0.99998,0.0265888,0.4,0,0,DISABLED,0
1.91999,0.532332,0.0301415,0,0.00540631,0.732307,0.00548095,-0.0102771,0.000469804,-0.999947,0.0245465,0.4,0,0,DISABLED,0
1.93999,0.539715,0.0280675,0,0.00182912,0.732721,0.00195313,-0.0138543,-0.00102065,-0.999904,0.021057,0.4,0,0,DISABLED,0
1.95999,0.546784,0.0262235,0,0.000236767,0.733355,0.00514437,-0.0154466,-0.0055435,-0.999865,0.0183078,0.4,0,0,DISABLED,0
1.97999,0.553735,0.0249704,0,-0.000496866,0.733851,0.00817053,-0.0161802,-0.00856083,-0.999832,0.0168956,0.4,0,0,DISABLED,0
1.99999,0.560636,0.0241882,0,-0.000609888,0.733996,0.0100425,-0.0162933,-0.0104233,-0.999813,0.0152553,0.4,0,0,DISABLED,0
2.01999,0.567595,0.0236969,0,-0.000372529,0.733921,0.0114721,-0.0160559,-0.011869,-0.999801,0.0144227,0.4,0,0,DISABLED,0
2.03999,0.573997,0.0235011,0,-0.000108175,0.733831,0.0126106,-0.0157916,-0.0130157,-0.999791,0.0135647,0.4,0,0,DISABLED,0
2.05999,0.582015,0.023538,0,0.000253629,0.733714,0.0139054,-0.0154298,-0.014308,-0.999779,0.0127297,0.4,0,0,DISABLED,0
2.07999,0.589371,0.0237486,0,0.00106361,0.733572,0.0156556,-0.0146198,-0.0160242,-0.999765,0.0121929,0.4,0,0,DISABLED,0
2.09999,0.596673,0.0240316,0,0.00282257,0.733396,0.0183969,-0.0128608,-0.0185854,-0.999745,0.0121741,0.4,0,0,DISABLED,0
2.11999,0.603869,0.0244505,0,0.00560505,0.7332,0.0216616,-0.0100783,-0.0213321,-0.999722,0.0123004,0.4,0,0,DISABLED,0
2.13999,0.610993,0.0251613,0,0.00867391,0.733088,0.023829,-0.00700947,-0.0226019,-0.99972,0.0120766,0.4,0,0,DISABLED,0
2.15999,0.618101,0.0261966,0,0.0110438,0.733191,0.0233029,-0.00463956,-0.0209263,-0.99977,0.0126106,0.4,0,0,DISABLED,0
2.17999,0.625279,0.0274275,0,0.0120184,0.733391,0.0209083,-0.00366495,-0.0175138,-0.99984,0.0138461,0.4,0,0,DISABLED,0
2.19999,0.632402,0.0288717,0,0.0121765,0.733298,0.0167056,-0.00350686,-0.0118417,-0.999924,0.0149714,0.4,0,0,DISABLED,0
2.21999,0.639399,0.0302307,0,0.0116354,0.733158,0.0142484,-0.00404794,-0.00862554,-0.999955,0.0169854,0.4,0,0,DISABLED,0
2.23999,0.646526,0.0313811,0,0.00988063,0.733296,0.0120102,-0.00580275,-0.00723004,-0.999957,0.018464,0.4,0,0,DISABLED,0
2.25999,0.654521,0.0325035,0,0.0079496,0.733583,0.00897697,-0.00773378,-0.00457439,-0.99996,0.0221542,0.4,0,0,DISABLED,0
2.27999,0.661034,0.0333749,0,0.0070122,0.733765,0.00701667,-0.00867118,-0.000155003,-0.999962,0.0242716,0.4,0,0,DISABLED,0
2.29999,0.668246,0.0340775,0,0.00732906,0.733749,0.00766619,-0.00835432,0.00183826,-0.999963,0.0249166,0.4,0,0,DISABLED,0
2.31999,0.674865,0.0343114,0,0.0074516,0.733614,0.00803815,-0.00823178,0.00260226,-0.999963,0.0259834,0.4,0,0,DISABLED,0
2.33999,0.682314,0.0341909,0,0.00723927,0.733524,0.00831515,-0.00844411,0.0036864,-0.999958,0.0269305,0.4,0,0,DISABLED,0
2.35999,0.690451,0.033726,0,0.00725307,0.733504,0.00925808,-0.00843031,0.00534832,-0.99995,0.0279922,0.4,0,0,DISABLED,0
2.37999,0.697649,0.0331506,0,0.00815955,0.733445,0.0109891,-0.00752383,0.0069471,-0.999948,0.0293858,0.4,0,0,DISABLED,0
2.39999,0.705418,0.032531,0,0.00970056,0.733293,0.0132918,-0.00598282,0.00867519,-0.999944,0.030122,0.4,0,0,DISABLED,0
2.41999,0.710938,0.0320295,0,0.0112373,0.733127,0.015125,-0.00444607,0.0097088,-0.999943,0.0310991,0.4,0,0,DISABLED,0
2.43999,0.718588,0.0311226,0,0.0124203,0.733053,0.0157959,-0.00326308,0.00934958,-0.999951,0.0311532,0.4,0,0,DISABLED,0
2.45999,0.72566,0.0299568,0,0.0122897,0.733137,0.0146811,-0.00339363,0.00762373,-0.999965,0.0309331,0.4,0,0,DISABLED,0
2.47999,0.732872,0.0283301,0,0.0108582,0.733125,0.0120052,-0.00482514,0.00470424,-0.999977,0.0311378,0.4,0,0,DISABLED,0
2.49999,0.740093,0.0261463,0,0.00850432,0.732578,0.0085135,-0.00717906,-0.000182032,-0.999974,0.0298063,0.4,0,0,DISABLED,0
2.51999,0.747564,0.0239986,0,0.00425856,0.732368,0.00432619,-0.0114248,0.000350458,-0.999935,0.0277683,0.4,0,0,DISABLED,0
2.53999,0.754975,0.021895,0,0.000614526,0.732758,0.00142357,-0.0150689,-0.00169616,-0.999885,0.02421,0.4,0,0,DISABLED,0
2.55999,0.762057,0.0200576,0,-0.000848671,0.733372,0.00599017,-0.0165321,-0.00633013,-0.999843,0.0217416,0.4,0,0,DISABLED,0
2.57999,0.769014,0.0188484,0,-0.00135634,0.733832,0.00876872,-0.0170397,-0.00907029,-0.999814,0.0204419,0.4,0,0,DISABLED,0
2.59999,0.775946,0.0181078,0,-0.00137206,0.73398,0.0104554,-0.0170554,-0.010765,-0.999797,0.0192284,0.4,0,0,DISABLED,0
2.61999,0.782961,0.0176743,0,-0.00111243,0.733932,0.0120152,-0.0167958,-0.01237,-0.999782,0.0180215,0.4,0,0,DISABLED,0
2.63999,0.790129,0.0175122,0,-0.000730002,0.733852,0.0132513,-0.0164134,-0.0136339,-0.999772,0.0170281,0.4,0,0,DISABLED,0
2.65999,0.797436,0.0176036,0,-0.000148827,0.73372,0.014526,-0.0158322,-0.0149311,-0.999763,0.0152875,0.4,0,0,DISABLED,0
2.67999,0.804834,0.0178457,0,0.000651177,0.733546,0.0157468,-0.0150322,-0.0161424,-0.999757,0.0153846,0.4,0,0,DISABLED,0
2.69999,0.812184,0.0181725,0,0.00258917,0.733381,0.0184938,-0.0130942,-0.0187177,-0.999739,0.0155983,0.4,0,0,DISABLED,0
2.71999,0.819405,0.0186506,0,0.00517208,0.733212,0.0213261,-0.0105113,-0.0210972,-0.999722,0.0153655,0.4,0,0,DISABLED,0
2.73999,0.826555,0.0194158,0,0.00828721,0.733123,0.0233591,-0.00739616,-0.0222462,-0.999725,0.0149875,0.4,0,0,DISABLED,0
2.75999,0.833704,0.0205005,0,0.0106429,0.733243,0.0227855,-0.00504046,-0.0205541,-0.999776,0.0153524,0.4,0,0,DISABLED,0
2.77999,0.84093,0.0217819,0,0.0115635,0.733453,0.0204179,-0.00411983,-0.0172333,-0.999843,0.0162723,0.4,0,0,DISABLED,0
2.79999,0.848095,0.0232478,0,0.0116814,0.733381,0.0162204,-0.00400202,-0.0116599,-0.999924,0.0178954,0.4,0,0,DISABLED,0
2.81999,0.855167,0.0247169,0,0.0110222,0.733214,0.0133499,-0.00466117,-0.00793961,-0.999958,0.0196501,0.4,0,0,DISABLED,0
2.83999,0.862281,0.0258795,0,0.00935953,0.73334,0.0111185,-0.00632385,-0.00640949,-0.999959,0.0214165,0.4,0,0,DISABLED,0
2.85999,0.868851,0.0268153,0,0.00760231,0.733542,0.00837942,-0.00808107,-0.00392441,-0.99996,0.0248359,0.4,0,0,DISABLED,0
2.87999,0.876848,0.0279551,0,0.00679206,0.733755,0.00689672,-0.00889132,0.00075299,-0.99996,0.0266516,0.4,0,0,DISABLED,0
2.89999,0.884025,0.0287022,0,0.00750817,0.733731,0.00812664,-0.00817521,0.00270754,-0.999963,0.026876,0.4,0,0,DISABLED,0
2.91999,0.891391,0.028966,0,0.00785193,0.733609,0.00880941,-0.00783145,0.00357768,-0.999963,0.0277256,0.4,0,0,DISABLED,0
2.93999,0.898869,0.0288323,0,0.00778224,0.733532,0.0093414,-0.00790114,0.00475477,-0.999958,0.0289946,0.4,0,0,DISABLED,0
2.95999,0.906265,0.0284424,0,0.00795154,0.733484,0.0105179,-0.00773184,0.00647477,-0.999949,0.0305971,0.4,0,0,DISABLED,0
2.97999,0.913489,0.0279377,0,0.00879547,0.733403,0.0120943,-0.00688791,0.00789133,-0.999945,0.0315255,0.4,0,0,DISABLED,0
2.99999,0.920578,0.0274303,0,0.0101406,0.73326,0.0141139,-0.00554282,0.00940949,-0.99994,0.0322211,0.4,0,0,DISABLED,0
3.01999,0.927537,0.0268695,0,0.0117613,0.733092,0.0160393,-0.00392211,0.0104956,-0.999937,0.0327549,0.4,0,0,DISABLED,0
3.03999,0.934472,0.0260922,0,0.0129085,0.733025,0.0166448,-0.00277488,0.0100987,-0.999945,0.0327567,0.4,0,0,DISABLED,0
3.05999,0.941516,0.0249812,0,0.0128885,0.733116,0.0155984,-0.00279492,0.00837655,-0.999961,0.0327057,0.4,0,0,DISABLED,0
3.08,0.946534,0.0239404,0,0.0114402,0.733175,0.0129188,-0.00424318,0.00559347,-0.999975,0.033265,0.4,0,0,DISABLED,0
3.1,0.955931,0.0213,0,0.00903434,0.732662,0.00908259,-0.00664904,0.000534234,-0.999978,0.0319307,0.4,0,0,DISABLED,0
3.12,0.96266,0.0194018,0,0.00515807,0.73242,0.00524761,-0.0105253,0.000543641,-0.999944,0.0295533,0.4,0,0,DISABLED,0
3.14,0.968634,0.0177801,0,0.00189798,0.732679,0.00198341,-0.0137854,0.000116294,-0.999905,0.0265938,0.4,0,0,DISABLED,0
3.16,0.977771,0.0153432,0,0.000253787,0.733475,0.00594021,-0.0154296,-0.00633625,-0.999861,0.0224662,0.4,0,0,DISABLED,0
3.18,0.984699,0.0141572,0,2.87518e-05,0.733967,0.0092838,-0.0156546,-0.00968836,-0.999831,0.0210826,0.4,0,0,DISABLED,0
3.2,0.991627,0.0134724,0,0.000169101,0.734102,0.0109129,-0.0155143,-0.0113177,-0.999816,0.0199916,0.4,0,0,DISABLED,0
3.22,0.998625,0.0130987,0,0.000496664,0.73403,0.012212,-0.0151867,-0.0126079,-0.999805,0.0186387,0.4,0,0,DISABLED,0
3.24,1.00578,0.0129508,0,0.000770278,0.733953,0.0134434,-0.0149131,-0.013828,-0.999793,0.0176437,0.4,0,0,DISABLED,0
3.26,1.01307,0.013019,0,0.00113763,0.733866,0.0147419,-0.0145458,-0.0151044,-0.99978,0.0168324,0.4,0,0,DISABLED,0
3.28,1.02041,0.0132449,0,0.00186419,0.733739,0.0163958,-0.0138192,-0.016693,-0.999765,0.016772,0.4,0,0,DISABLED,0
3.3,1.0277,0.0135502,0,0.00351333,0.733583,0.0192518,-0.0121701,-0.019339,-0.999739,0.01644,0.4,0,0,DISABLED,0
3.32,1.03488,0.0139788,0,0.00625265,0.733364,0.0228534,-0.00943072,-0.02239,-0.999705,0.0158734,0.4,0,0,DISABLED,0
3.34,1.0413,0.0145972,0,0.0088255,0.733234,0.0247686,-0.00685788,-0.023552,-0.999699,0.0157981,0.4,0,0,DISABLED,0
3.36,1.04842,0.0156023,0,0.0112879,0.733287,0.0241372,-0.00439546,-0.0217408,-0.999754,0.0163941,0.4,0,0,DISABLED,0
3.38,1.05631,0.0169397,0,0.0121459,0.733474,0.0216479,-0.0035375,-0.0183229,-0.999826,0.0174284,0.4,0,0,DISABLED,0
3.4,1.06344,0.0183771,0,0.0122099,0.733363,0.0172048,-0.00347349,-0.0125264,-0.999915,0.0185436,0.4,0,0,DISABLED,0
3.42,1.06972,0.019595,0,0.0115643,0.733207,0.0144602,-0.00411911,-0.00908734,-0.99995,0.0202473,0.4,0,0,DISABLED,0
3.44,1.07754,0.0208687,0,0.00953831,0.733315,0.0118855,-0.00614507,-0.00749383,-0.999953,0.0221589,0.4,0,0,DISABLED,0
3.46,1.08475,0.0218962,0,0.00793009,0.733567,0.00949331,-0.00775329,-0.00562941,-0.999954,0.0244442,0.4,0,0,DISABLED,0
3.48,1.09198,0.0228712,0,0.00677557,0.733783,0.00678343,-0.00890781,-0.000679203,-0.99996,0.0272702,0.4,0,0,DISABLED,0
3.5,1.0992,0.0235632,0,0.00701679,0.733772,0.00726705,-0.00866659,0.00145502,-0.999961,0.0281534,0.4,0,0,DISABLED,0
3.52001,1.10657,0.0237995,0,0.00710526,0.733614,0.00762722,-0.00857812,0.00237042,-0.99996,0.029021,0.4,0,0,DISABLED,0
3.54001,1.11403,0.0236338,0,0.0070115,0.733463,0.00806036,-0.00867188,0.00355589,-0.999956,0.0305663,0.4,0,0,DISABLED,0
3.56001,1.12142,0.0232204,0,0.00710419,0.733384,0.00879587,-0.00857919,0.00477849,-0.999952,0.0314516,0.4,0,0,DISABLED,0
3.58001,1.12865,0.0226798,0,0.00785386,0.733333,0.0102772,-0.00782952,0.00622189,-0.99995,0.0323555,0.4,0,0,DISABLED,0
3.60001,1.13574,0.0221187,0,0.00920228,0.73324,0.0123816,-0.0064811,0.00787256,-0.999948,0.0332826,0.4,0,0,DISABLED,0
3.62001,1.1427,0.0215231,0,0.0109027,0.733102,0.0145013,-0.00478068,0.00914885,-0.999947,0.0340482,0.4,0,0,DISABLED,0
3.64001,1.14823,0.0208956,0,0.0120944,0.733022,0.0153829,-0.00358896,0.00909513,-0.999952,0.0343732,0.4,0,0,DISABLED,0
3.66001,1.15663,0.0195524,0,0.0125361,0.733056,0.0146526,-0.00314727,0.00717871,-0.999969,0.034204,0.4,0,0,DISABLED,0
3.68001,1.1639,0.017955,0,0.0109262,0.733078,0.0121091,-0.00475717,0.00481297,-0.999977,0.0348217,0.4,0,0,DISABLED,0
3.70001,1.17041,0.0160152,0,0.00856187,0.732659,0.00856933,-0.00712151,-0.000190388,-0.999975,0.0331638,0.4,0,0,DISABLED,0
3.72001,1.17861,0.0136756,0,0.0044013,0.732461,0.00443504,-0.0112821,0.000132875,-0.999936,0.0307895,0.4,0,0,DISABLED,0
3.74001,1.18529,0.0118139,0,0.00103613,0.732854,0.00146484,-0.0146473,-0.00142755,-0.999892,0.0273858,0.4,0,0,DISABLED,0
3.76001,1.19236,0.00991354,0,-0.00042404,0.733488,0.00601994,-0.0161074,-0.00640749,-0.99985,0.0245734,0.4,0,0,DISABLED,0
3.78001,1.19999,0.00854606,0,-0.000774484,0.734004,0.00975956,-0.0164579,-0.0101332,-0.999813,0.0221259,0.4,0,0,DISABLED,0
3.80001,1.20412,0.00804681,0,-0.000727614,0.734118,0.0106587,-0.016411,-0.0110394,-0.999804,0.0218545,0.4,0,0,DISABLED,0
3.82001,1.21325,0.00742977,0,-0.00059629,0.734024,0.0124536,-0.0162797,-0.0128416,-0.999785,0.0196749,0.4,0,0,DISABLED,0
3.84001,1.22121,0.00727084,0,-0.000479022,0.733869,0.0135009,-0.0161624,-0.0138969,-0.999773,0.018611,0.4,0,0,DISABLED,0
3.86001,1.2286,0.00733646,0,-7.34236e-05,0.733738,0.0145792,-0.0157568,-0.014985,-0.999764,0.0177392,0.4,0,0,DISABLED,0
3.88001,1.23605,0.00755578,0,0.000857653,0.733584,0.0161836,-0.0148257,-0.0165697,-0.999753,0.0169415,0.4,0,0,DISABLED,0
3.90001,1.24344,0.00785507,0,0.00262035,0.733411,0.0189931,-0.013063,-0.0192212,-0.99973,0.0164996,0.4,0,0,DISABLED,0
3.92001,1.25072,0.00829041,0,0.00534526,0.73323,0.0222293,-0.0103381,-0.0219855,-0.999705,0.0164456,0.4,0,0,DISABLED,0
3.94001,1.2572,0.008951,0,0.00809093,0.733145,0.0239861,-0.00759245,-0.0229881,-0.999707,0.0161039,0.4,0,0,DISABLED,0
3.96002,1.26442,0.010031,0,0.0104513,0.733236,0.0233591,-0.00523212,-0.0212958,-0.99976,0.0161991,0.4,0,0,DISABLED,0
3.98002,1.27246,0.0114636,0,0.0114586,0.733475,0.0207652,-0.00422479,-0.0177233,-0.999834,0.0168574,0.4,0,0,DISABLED,0
4.00002,1.27969,0.0129551,0,0.0115965,0.733402,0.0162461,-0.00408692,-0.011785,-0.999922,0.0181993,0.4,0,0,DISABLED,0
4.02002,1.2868,0.0143722,0,0.0109602,0.733235,0.0134256,-0.00472319,-0.00816255,-0.999956,0.0201624,0.4,0,0,DISABLED,0
4.04002,1.29399,0.0155494,0,0.00901988,0.733377,0.0109565,-0.0066635,-0.00663073,-0.999956,0.0220032,0.4,0,0,DISABLED,0
4.06002,1.30127,0.016639,0,0.00723988,0.733657,0.00800843,-0.0084435,-0.00382691,-0.999957,0.0251367,0.4,0,0,DISABLED,0
4.08002,1.3085,0.0177175,0,0.00676012,0.733873,0.00676584,-0.00892326,-0.000126725,-0.99996,0.0259892,0.4,0,0,DISABLED,0
4.10002,1.31428,0.0183815,0,0.00710808,0.733882,0.00738905,-0.0085753,0.0015929,-0.999962,0.0266933,0.4,0,0,DISABLED,0
4.12002,1.3217,0.0187922,0,0.00728836,0.7337,0.00799353,-0.00839502,0.00285485,-0.999961,0.0299651,0.4,0,0,DISABLED,0
4.14002,1.33079,0.0187621,0,0.00705143,0.733466,0.0080233,-0.00863194,0.00340855,-0.999957,0.0304765,0.4,0,0,DISABLED,0
4.16002,1.33827,0.0183983,0,0.00719819,0.73336,0.00874149,-0.00848518,0.00455078,-0.999954,0.0310893,0.4,0,0,DISABLED,0
4.18002,1.34555,0.017864,0,0.00809885,0.73328,0.0103061,-0.00758453,0.00596001,-0.999953,0.0320137,0.4,0,0,DISABLED,0
4.20002,1.35269,0.0173082,0,0.00948225,0.733166,0.0123768,-0.00620113,0.00754666,-0.999952,0.0329004,0.4,0,0,DISABLED,0
4.22002,1.35971,0.0167256,0,0.0111501,0.733008,0.0144478,-0.00453329,0.00877734,-0.999951,0.0336266,0.4,0,0,DISABLED,0
4.24002,1.36669,0.0159318,0,0.0123861,0.732918,0.015313,-0.00329731,0.00859691,-0.999958,0.0339927,0.4,0,0,DISABLED,0
4.26002,1.37236,0.015065,0,0.0125776,0.732969,0.0146608,-0.00310577,0.00711945,-0.99997,0.0341804,0.4,0,0,DISABLED,0
4.28002,1.37966,0.0136032,0,0.0106158,0.733032,0.0113519,-0.00506753,0.00361952,-0.999981,0.0347385,0.4,0,0,DISABLED,0
4.30002,1.38839,0.011164,0,0.00845359,0.732526,0.0084573,-0.00722978,-0.00067843,-0.999974,0.0322138,0.4,0,0,DISABLED,0
4.32002,1.3959,0.00899569,0,0.00446966,0.732401,0.00447518,-0.0112137,-0.00060757,-0.999937,0.0301911,0.4,0,0,DISABLED,0
4.34002,1.40325,0.00687874,0,0.00160548,0.732821,0.00302971,-0.0140779,-0.00294987,-0.999897,0.026435,0.4,0,0,DISABLED,0
4.36002,1.41032,0.00506603,0,0.000570089,0.733429,0.00714295,-0.0151133,-0.00752222,-0.999857,0.0239147,0.4,0,0,DISABLED,0
4.38002,1.4173,0.00394144,0,0.000201015,0.733851,0.00944295,-0.0154824,-0.00984712,-0.999832,0.0228517,0.4,0,0,DISABLED,0
4.40003,1.42286,0.00340029,0,0.000235886,0.733945,0.0105688,-0.0154475,-0.0109732,-0.99982,0.0216768,0.4,0,0,DISABLED,0
4.42003,1.43128,0.00295155,0,0.000728497,0.73384,0.0125869,-0.0149549,-0.0129732,-0.999804,0.0200485,0.4,0,0,DISABLED,0
4.44003,1.43702,0.00288252,0,0.00108018,0.733734,0.0135713,-0.0146032,-0.0139353,-0.999796,0.0191929,0.4,0,0,DISABLED,0
4.46003,1.44435,0.0030212,0,0.00162865,0.733575,0.0150302,-0.0140547,-0.0153467,-0.999783,0.0171422,0.4,0,0,DISABLED,0
4.48003,1.45327,0.00342412,0,0.00255704,0.733307,0.0164466,-0.0131263,-0.0166533,-0.999775,0.0168665,0.4,0,0,DISABLED,0
4.50003,1.45993,0.00380868,0,0.00395667,0.733111,0.018555,-0.0117267,-0.0185328,-0.999759,0.0171818,0.4,0,0,DISABLED,0
4.52003,1.46794,0.00442996,0,0.00688815,0.7329,0.0223657,-0.00879523,-0.0216872,-0.999726,0.0165809,0.4,0,0,DISABLED,0
4.54003,1.47513,0.00528699,0,0.0099338,0.732835,0.0245194,-0.00574958,-0.0228248,-0.999723,0.0159399,0.4,0,0,DISABLED,0
4.56003,1.48235,0.00643498,0,0.0119688,0.733004,0.0241643,-0.00371462,-0.021398,-0.999764,0.0161737,0.4,0,0,DISABLED,0
4.58003,1.48891,0.00761842,0,0.0129558,0.733256,0.0220165,-0.00272759,-0.0182054,-0.999831,0.0174101,0.4,0,0,DISABLED,0
4.60003,1.49689,0.00927217,0,0.0130775,0.733281,0.0175987,-0.00260587,-0.0121833,-0.999922,0.0194977,0.4,0,0,DISABLED,0
4.62003,1.50403,0.010848,0,0.012446,0.733097,0.014677,-0.0032374,-0.00818667,-0.999961,0.0207674,0.4,0,0,DISABLED,0
4.64003,1.51122,0.0120732,0,0.010711,0.733239,0.0123865,-0.00497241,-0.00663103,-0.999966,0.0229206,0.4,0,0,DISABLED,0
4.66003,1.51845,0.0131976,0,0.009164,0.733557,0.00990505,-0.00651938,-0.00415914,-0.99997,0.0252974,0.4,0,0,DISABLED,0
4.68003,1.52572,0.0142992,0,0.008462,0.733809,0.00846435,-0.00722138,-6.34949e-05,-0.999974,0.0275225,0.4,0,0,DISABLED,0
4.70003,1.53294,0.0151445,0,0.00879798,0.733797,0.00913494,-0.0068854,0.00205561,-0.999974,0.028635,0.4,0,0,DISABLED,0
4.72003,1.5403,0.0155516,0,0.00893762,0.73363,0.00954341,-0.00674576,0.00293801,-0.999973,0.0296561,0.4,0,0,DISABLED,0
4.74003,1.54773,0.0155741,0,0.00881648,0.733503,0.00991107,-0.0068669,0.00412377,-0.999968,0.0304992,0.4,0,0,DISABLED,0
4.76003,1.55507,0.0153181,0,0.00895563,0.733442,0.0107755,-0.00672775,0.00557913,-0.999962,0.031121,0.4,0,0,DISABLED,0
4.78003,1.56294,0.0148631,0,0.00973209,0.733355,0.0122607,-0.00595128,0.00705091,-0.999957,0.0322866,0.4,0,0,DISABLED,0
4.80003,1.5693,0.0144984,0,0.0109728,0.733237,0.0142693,-0.00471056,0.00871644,-0.999951,0.0329455,0.4,0,0,DISABLED,0
4.82003,1.57624,0.0140398,0,0.0124147,0.733069,0.016069,-0.00326869,0.0097914,-0.999947,0.0334534,0.4,0,0,DISABLED,0
4.84004,1.58312,0.0133655,0,0.0135657,0.732977,0.0167448,-0.00211767,0.00940456,-0.999954,0.0335143,0.4,0,0,DISABLED,0
4.86004,1.59013,0.0123537,0,0.0135172,0.733051,0.0158637,-0.00216622,0.00789013,-0.999967,0.0336782,0.4,0,0,DISABLED,0
4.88004,1.59728,0.0108845,0,0.0120753,0.73309,0.0132962,-0.00360805,0.00515337,-0.99998,0.0340672,0.4,0,0,DISABLED,0
4.90004,1.60444,0.00885683,0,0.00968014,0.732617,0.00969214,-0.00600324,9.80418e-05,-0.999982,0.033092,0.4,0,0,DISABLED,0
4.92004,1.61108,0.00707974,0,0.00533807,0.732428,0.00547006,-0.0103453,0.00081042,-0.999946,0.0306241,0.4,0,0,DISABLED,0
4.94004,1.61846,0.0051029,0,0.00181526,0.732812,0.00182698,-0.0138681,-0.000540558,-0.999904,0.0277235,0.4,0,0,DISABLED,0
4.96004,1.62617,0.00320788,0,-0.000100808,0.73348,0.00475918,-0.0157842,-0.0051644,-0.999862,0.0257106,0.4,0,0,DISABLED,0
4.98004,1.63309,0.002097,0,-0.000789909,0.733951,0.00770497,-0.0164733,-0.00806772,-0.999832,0.0239143,0.4,0,0,DISABLED,0
5.00004,1.63997,0.00142276,0,-0.000982203,0.73407,0.0100425,-0.0166656,-0.0103984,-0.999807,0.0224916,0.4,0,0,DISABLED,0
5.02004,1.64693,0.00104966,0,-0.000750458,0.733954,0.0113467,-0.0164338,-0.0117226,-0.999796,0.0214397,0.4,0,0,DISABLED,0
5.04004,1.65118,0.00094284,0,-0.000478875,0.733869,0.0123189,-0.0161623,-0.0127169,-0.999789,0.020733,0.4,0,0,DISABLED,0
5.06004,1.66136,0.00104097,0,-9.5915e-05,0.73372,0.0135273,-0.0157793,-0.0139309,-0.999778,0.0197018,0.4,0,0,DISABLED,0
5.08004,1.66726,0.0012728,0,0.000468993,0.733618,0.0148346,-0.0152144,-0.0152314,-0.999768,0.0190339,0.4,0,0,DISABLED,0
5.10004,1.67606,0.00172826,0,0.00236582,0.733412,0.0178843,-0.0133176,-0.018133,-0.999747,0.0185503,0.4,0,0,DISABLED,0
5.12004,1.68329,0.00225599,0,0.00514956,0.733193,0.0209823,-0.0105338,-0.0207482,-0.999729,0.0184262,0.4,0,0,DISABLED,0
5.14004,1.69044,0.00306414,0,0.00832137,0.733041,0.0232209,-0.00736201,-0.0220863,-0.999729,0.018129,0.4,0,0,DISABLED,0
5.16004,1.69755,0.00420858,0,0.0109406,0.73311,0.0229107,-0.0047428,-0.0205338,-0.999778,0.0184258,0.4,0,0,DISABLED,0
5.18004,1.70476,0.00555413,0,0.0121232,0.733288,0.0206703,-0.00356014,-0.0171479,-0.999847,0.0193271,0.4,0,0,DISABLED,0
5.20004,1.71191,0.00710123,0,0.0124104,0.733191,0.0167697,-0.00327294,-0.0116859,-0.999926,0.0203674,0.4,0,0,DISABLED,0
5.22004,1.71755,0.00828849,0,0.0120828,0.733074,0.0147943,-0.00360058,-0.00894328,-0.999954,0.0224767,0.4,0,0,DISABLED,0
5.24004,1.72536,0.00965817,0,0.0100932,0.733176,0.0120449,-0.00559016,-0.00698309,-0.99996,0.0246181,0.4,0,0,DISABLED,0
5.26005,1.73055,0.0103462,0,0.00820277,0.733326,0.00958081,-0.00748061,-0.00535028,-0.999958,0.0274496,0.4,0,0,DISABLED,0
5.28005,1.74081,0.0117884,0,0.00671788,0.733617,0.00674819,-0.0089655,0.000175049,-0.99996,0.029493,0.4,0,0,DISABLED,0
5.30005,1.748,0.0125073,0,0.0074573,0.733586,0.00788845,-0.00822608,0.00216985,-0.999964,0.0300344,0.4,0,0,DISABLED,0
5.32005,1.75539,0.0127533,0,0.00782168,0.733435,0.00854146,-0.0078617,0.00302535,-0.999965,0.0310219,0.4,0,0,DISABLED,0
5.34005,1.76289,0.0126076,0,0.00775868,0.733339,0.00910225,-0.0079247,0.0043443,-0.999959,0.0321168,0.4,0,0,DISABLED,0
5.36005,1.76809,0.0123373,0,0.00781246,0.73331,0.00979005,-0.00787092,0.00548492,-0.999954,0.0330934,0.4,0,0,DISABLED,0
5.38005,1.77753,0.0116625,0,0.00883171,0.733246,0.0120102,-0.00685167,0.00772916,-0.999947,0.0348695,0.4,0,0,DISABLED,0
5.40005,1.78468,0.0111099,0,0.0101319,0.733108,0.0140079,-0.00555148,0.00926313,-0.999942,0.0357475,0.4,0,0,DISABLED,0
5.42005,1.79169,0.0105318,0,0.0117812,0.732926,0.0159349,-0.00390218,0.0103206,-0.999939,0.036258,0.4,0,0,DISABLED,0
5.44005,1.79866,0.00972164,0,0.0130625,0.732851,0.016555,-0.00262092,0.00976193,-0.999949,0.0362899,0.4,0,0,DISABLED,0
5.46005,1.80506,0.00870177,0,0.0130471,0.73296,0.0157392,-0.0026363,0.00839007,-0.999961,0.0365684,0.4,0,0,DISABLED,0
5.48005,1.81306,0.00697207,0,0.011518,0.73304,0.0128029,-0.00416533,0.00518591,-0.999978,0.0365473,0.4,0,0,DISABLED,0
5.50005,1.82036,0.00479989,0,0.00905235,0.732566,0.00906945,-0.00663103,0.000172297,-0.999978,0.0351823,0.4,0,0,DISABLED,0
5.52005,1.82718,0.00284133,0,0.00511599,0.732359,0.00517901,-0.0105674,0.000307468,-0.999944,0.0331314,0.4,0,0,DISABLED,0
5.54005,1.83466,0.000741186,0,0.00142007,0.732739,0.00158221,-0.0142633,-0.00107116,-0.999898,0.0294488,0.4,0,0,DISABLED,0
5.56005,1.84247,-0.00131933,0,0.000121184,0.733437,0.00600011,-0.0155622,-0.00640874,-0.999858,0.0262457,0.4,0,0,DISABLED,0
5.58005,1.84804,-0.00233544,0,-0.00011125,0.73384,0.0084432,-0.0157946,-0.00884617,-0.999836,0.0250777,0.4,0,0,DISABLED,0
5.60005,1.85639,-0.00323444,0,-8.5216e-05,0.734019,0.0103003,-0.0157686,-0.0107012,-0.999818,0.0231664,0.4,0,0,DISABLED,0
5.62005,1.86344,-0.00363451,0,0.000105946,0.733922,0.0116115,-0.0155774,-0.0120156,-0.999806,0.0215882,0.4,0,0,DISABLED,0
5.64005,1.87064,-0.00380856,0,0.000348281,0.733807,0.0128122,-0.0153351,-0.0132117,-0.999795,0.020596,0.4,0,0,DISABLED,0
5.66005,1.87723,-0.00377288,0,0.000662381,0.733698,0.0138108,-0.015021,-0.0142024,-0.999786,0.019912,0.4,0,0,DISABLED,0
5.68005,1.88536,-0.00353344,0,0.00145602,0.733536,0.0156785,-0.0142274,-0.0160161,-0.999771,0.0191863,0.4,0,0,DISABLED,0
5.70006,1.89124,-0.00328983,0,0.00267117,0.733403,0.0178108,-0.0130122,-0.0180166,-0.999753,0.0189085,0.4,0,0,DISABLED,0
5.72006,1.8999,-0.00278139,0,0.00591425,0.73316,0.0219351,-0.00976913,-0.0215322,-0.99972,0.0185175,0.4,0,0,DISABLED,0
5.74006,1.90705,-0.00204309,0,0.00899976,0.733027,0.0240704,-0.00668362,-0.0227316,-0.999719,0.0181769,0.4,0,0,DISABLED,0
5.76006,1.91419,-0.000982466,0,0.0114284,0.73311,0.0235345,-0.004255,-0.0209773,-0.999771,0.0187019,0.4,0,0,DISABLED,0
5.78006,1.92139,0.0002617,0,0.0124631,0.733309,0.0214431,-0.00322027,-0.0178518,-0.999835,0.0194566,0.4,0,0,DISABLED,0
5.80006,1.92853,0.00171078,0,0.0126929,0.733209,0.0172739,-0.00299043,-0.0121249,-0.999922,0.0208443,0.4,0,0,DISABLED,0
5.82006,1.93556,0.00308075,0,0.0121271,0.733077,0.0148947,-0.00355629,-0.00905479,-0.999953,0.0229,0.4,0,0,DISABLED,0
5.84006,1.93987,0.0037981,0,0.0103508,0.733152,0.0128076,-0.00533255,-0.00794648,-0.999954,0.0240165,0.4,0,0,DISABLED,0
5.86006,1.94999,0.0052798,0,0.00819845,0.733476,0.00929663,-0.00748492,-0.00478659,-0.999961,0.0276383,0.4,0,0,DISABLED,0
5.88006,1.95726,0.00624058,0,0.007315,0.733662,0.00733237,-0.00836838,-0.000901448,-0.999965,0.0289852,0.4,0,0,DISABLED,0
5.90006,1.9645,0.00693409,0,0.00753009,0.733613,0.00767396,-0.00815329,0.00103901,-0.999966,0.0297472,0.4,0,0,DISABLED,0
5.92006,1.97188,0.00715817,0,0.00762515,0.733447,0.00797113,-0.00805823,0.00191443,-0.999966,0.0311004,0.4,0,0,DISABLED,0
5.94006,1.97939,0.00698309,0,0.0074109,0.733348,0.00799353,-0.00827248,0.0025725,-0.999962,0.0320705,0.4,0,0,DISABLED,0
5.96006,1.98685,0.00652096,0,0.00705535,0.733338,0.00862479,-0.00862803,0.00454303,-0.999952,0.0333943,0.4,0,0,DISABLED,0
5.98006,1.99415,0.00590009,0,0.00785492,0.733287,0.010381,-0.00782846,0.00637833,-0.999949,0.035098,0.4,0,0,DISABLED,0
6.00006,2.00059,0.0053644,0,0.00906313,0.733176,0.0122558,-0.00662025,0.00783859,-0.999947,0.0357535,0.4,0,0,DISABLED,0
6.02006,2.0083,0.00468385,0,0.011184,0.732985,0.0148225,-0.00449937,0.00931723,-0.999946,0.0368746,0.4,0,0,DISABLED,0
6.04006,2.01459,0.0039471,0,0.0124065,0.732921,0.0157354,-0.00327686,0.00926723,-0.999952,0.0373608,0.4,0,0,DISABLED,0
6.06006,2.02244,0.00271192,0,0.0126674,0.733024,0.0148987,-0.00301598,0.00743246,-0.999968,0.0369759,0.4,0,0,DISABLED,0
6.08006,2.02979,0.00112255,0,0.0111956,0.733066,0.0122898,-0.00448781,0.00466238,-0.999979,0.0370061,0.4,0,0,DISABLED,0
6.10006,2.03714,-0.00106583,0,0.00883819,0.732575,0.00884318,-0.00684519,-0.000176951,-0.999977,0.0362378,0.4,0,0,DISABLED,0
6.12006,2.04395,-0.00293866,0,0.00507917,0.732434,0.00515594,-0.0106042,0.000397702,-0.999944,0.0334406,0.4,0,0,DISABLED,0
6.14007,2.05224,-0.00519701,0,0.000947664,0.732958,0.00169146,-0.0147357,-0.00178067,-0.99989,0.0280482,0.4,0,0,DISABLED,0
6.16007,2.05937,-0.00705905,0,-0.000313565,0.733623,0.00645013,-0.0159969,-0.00684517,-0.999849,0.0257157,0.4,0,0,DISABLED,0
6.18007,2.06426,-0.00797517,0,-0.000646388,0.733969,0.0091675,-0.0163298,-0.00954975,-0.999821,0.0246359,0.4,0,0,DISABLED,0
6.20007,2.07329,-0.00899837,0,-0.000633663,0.734135,0.0105349,-0.016317,-0.0109198,-0.999807,0.0228547,0.4,0,0,DISABLED,0
6.22007,2.08031,-0.00944288,0,-0.000483988,0.734017,0.0117188,-0.0161674,-0.0121147,-0.999796,0.0218111,0.4,0,0,DISABLED,0
6.24007,2.0875,-0.00960574,0,-0.000288174,0.733876,0.0130245,-0.0159716,-0.0134255,-0.999782,0.0203314,0.4,0,0,DISABLED,0
6.26007,2.09484,-0.00953913,0,-6.4794e-05,0.73374,0.0141097,-0.0157482,-0.0145126,-0.999771,0.0197632,0.4,0,0,DISABLED,0
6.28007,2.10224,-0.00929736,0,0.000650144,0.733586,0.0158072,-0.0150332,-0.0162018,-0.999756,0.0192376,0.4,0,0,DISABLED,0
6.30007,2.10957,-0.00896841,0,0.00235886,0.733411,0.0185131,-0.0133245,-0.0187674,-0.999735,0.0189979,0.4,0,0,DISABLED,0
6.32007,2.11678,-0.00850153,0,0.00511567,0.73323,0.021457,-0.0105677,-0.0212466,-0.999718,0.0190912,0.4,0,0,DISABLED,0
6.34007,2.12391,-0.00775244,0,0.00826151,0.733116,0.0235218,-0.00742187,-0.0224294,-0.999721,0.0186334,0.4,0,0,DISABLED,0
6.36007,2.13102,-0.00666832,0,0.0107769,0.733198,0.0230249,-0.00490644,-0.0207535,-0.999773,0.0188333,0.4,0,0,DISABLED,0
6.38007,2.13531,-0.0059117,0,0.0116176,0.733314,0.0218015,-0.0040658,-0.0188549,-0.999814,0.0193437,0.4,0,0,DISABLED,0
6.40007,2.14533,-0.00395039,0,0.0120193,0.733298,0.0163448,-0.00366408,-0.0114818,-0.999927,0.0211954,0.4,0,0,DISABLED,0
6.42007,2.1517,-0.00275983,0,0.011183,0.733153,0.0135229,-0.00450038,-0.00800925,-0.999958,0.0232705,0.4,0,0,DISABLED,0
6.44007,2.15954,-0.00151626,0,0.00935226,0.733335,0.0111239,-0.00633112,-0.00642639,-0.999959,0.0247982,0.4,0,0,DISABLED,0
6.46007,2.16692,-0.000436937,0,0.00690826,0.73362,0.00735672,-0.00877512,-0.0029225,-0.999957,0.0300533,0.4,0,0,DISABLED,0
6.48007,2.17414,0.000744772,0,0.00632232,0.733846,0.00661438,-0.00936106,0.00154113,-0.999955,0.0306173,0.4,0,0,DISABLED,0
6.50007,2.18123,0.00160628,0,0.00744205,0.733881,0.00854146,-0.00824133,0.00378399,-0.999959,0.0308743,0.4,0,0,DISABLED,0
6.52007,2.18854,0.00196485,0,0.00817299,0.733812,0.00977177,-0.00751039,0.00494299,-0.99996,0.0321563,0.4,0,0,DISABLED,0
6.54007,2.19597,0.00192608,0,0.00838559,0.733748,0.0106251,-0.00729779,0.006115,-0.999955,0.033102,0.4,0,0,DISABLED,0
6.56007,2.20332,0.00162146,0,0.0087884,0.733684,0.0117188,-0.00689498,0.00734408,-0.999949,0.0340171,0.4,0,0,DISABLED,0
6.58008,2.21048,0.00119904,0,0.00977116,0.733583,0.0132468,-0.00591222,0.00853269,-0.999946,0.034714,0.4,0,0,DISABLED,0
6.60008,2.21683,0.000795927,0,0.0109286,0.73344,0.0148747,-0.00475479,0.00968022,-0.999942,0.0352551,0.4,0,0,DISABLED,0
6.62008,2.22442,0.000215483,0,0.0127772,0.733161,0.0170131,-0.0029062,0.0108237,-0.999937,0.0364351,0.4,0,0,DISABLED,0
6.64008,2.23135,-0.000529205,0,0.0136866,0.732985,0.0174695,-0.00199673,0.0104471,-0.999943,0.0367615,0.4,0,0,DISABLED,0
6.66008,2.23839,-0.00158521,0,0.013424,0.733019,0.0161725,-0.00225934,0.00861267,-0.99996,0.0367279,0.4,0,0,DISABLED,0
6.68008,2.24554,-0.00306807,0,0.0119214,0.733034,0.0133589,-0.00376199,0.00560943,-0.999977,0.0371145,0.4,0,0,DISABLED,0
6.70008,2.25268,-0.00507763,0,0.00951623,0.732554,0.00954341,-0.00616715,0.00029036,-0.999981,0.0354857,0.4,0,0,DISABLED,0
6.72008,2.26011,-0.00705238,0,0.00497745,0.732405,0.00514437,-0.0107059,0.000864231,-0.999942,0.0330861,0.4,0,0,DISABLED,0
6.74008,2.26744,-0.00907544,0,0.00122088,0.732863,0.00142357,-0.0144625,-0.00103417,-0.999895,0.02993,0.4,0,0,DISABLED,0
6.76008,2.27443,-0.0108851,0,-0.000185106,0.733518,0.00552428,-0.0158685,-0.00592741,-0.999857,0.0274456,0.4,0,0,DISABLED,0
6.78008,2.28132,-0.0120718,0,-0.000691788,0.734014,0.00873467,-0.0163752,-0.00911089,-0.999824,0.0254499,0.4,0,0,DISABLED,0
6.80008,2.2875,-0.0127294,0,-0.000752609,0.734171,0.0101722,-0.016436,-0.0105505,-0.999809,0.0244389,0.4,0,0,DISABLED,0
6.82008,2.29516,-0.0131556,0,-0.000641719,0.734081,0.0117544,-0.0163251,-0.0121435,-0.999793,0.0226247,0.4,0,0,DISABLED,0
6.84008,2.30229,-0.0132686,0,-0.000452353,0.733972,0.0128957,-0.0161357,-0.0132935,-0.999781,0.0216346,0.4,0,0,DISABLED,0
6.86008,2.30885,-0.0131776,0,-0.000147881,0.733879,0.0139011,-0.0158313,-0.0143037,-0.999772,0.0209591,0.4,0,0,DISABLED,0
6.88008,2.31694,-0.0128913,0,0.000346526,0.733754,0.0146851,-0.0153369,-0.0150867,-0.999769,0.0215897,0.4,0,0,DISABLED,0
6.90008,2.32426,-0.0125103,0,0.00254593,0.733583,0.0181325,-0.0131375,-0.0183594,-0.999745,0.0199972,0.4,0,0,DISABLED,0
6.92008,2.33006,-0.012131,0,0.00473881,0.733385,0.0206386,-0.0109446,-0.0204962,-0.99973,0.0196662,0.4,0,0,DISABLED,0
6.94008,2.33867,-0.0112965,0,0.00845669,0.733162,0.0233973,-0.00722669,-0.0222251,-0.999727,0.019781,0.4,0,0,DISABLED,0
6.96008,2.34576,-0.010238,0,0.0112692,0.733169,0.0233489,-0.00441421,-0.0208528,-0.999773,0.0200714,0.4,0,0,DISABLED,0
6.98008,2.35222,-0.00908031,0,0.0124579,0.733285,0.0218561,-0.00322545,-0.018363,-0.999826,0.0206167,0.4,0,0,DISABLED,0
7.00008,2.35868,-0.00775884,0,0.0128618,0.733231,0.0180336,-0.00282162,-0.0130457,-0.999911,0.0221854,0.4,0,0,DISABLED,0
7.02009,2.36713,-0.0061617,0,0.0124505,0.732909,0.0150421,-0.00323293,-0.00884441,-0.999956,0.0268899,0.4,0,0,DISABLED,0
7.04009,2.37427,-0.00506717,0,0.0103966,0.733068,0.012974,-0.00528678,-0.00816483,-0.999953,0.029032,0.4,0,0,DISABLED,0
7.06009,2.38157,-0.00393946,0,0.0080577,0.733366,0.0092129,-0.00762568,-0.00486676,-0.999959,0.0331569,0.4,0,0,DISABLED,0
7.08009,2.38876,-0.00284125,0,0.00730941,0.733582,0.00732424,-0.00837397,-0.000846134,-0.999965,0.0347168,0.4,0,0,DISABLED,0
7.10009,2.3952,-0.00210587,0,0.0075819,0.733567,0.00770497,-0.00810148,0.000909757,-0.999967,0.0354082,0.4,0,0,DISABLED,0
7.12009,2.4018,-0.00174997,0,0.00766247,0.733423,0.00803815,-0.00802091,0.00201922,-0.999966,0.0371415,0.4,0,0,DISABLED,0
7.14009,2.41077,-0.00179554,0,0.00737811,0.733291,0.00819966,-0.00830527,0.00316882,-0.99996,0.0382028,0.4,0,0,DISABLED,0
7.16009,2.41744,-0.00211127,0,0.00740889,0.733265,0.00890363,-0.00827449,0.00451777,-0.999956,0.0389564,0.4,0,0,DISABLED,0
7.18009,2.42539,-0.00265865,0,0.00827112,0.733245,0.0106587,-0.00741226,0.00630636,-0.999953,0.03989,0.4,0,0,DISABLED,0
7.20009,2.43247,-0.00317458,0,0.00962195,0.733172,0.0127983,-0.00606142,0.00802639,-0.999949,0.0406796,0.4,0,0,DISABLED,0
7.22009,2.43805,-0.00361342,0,0.0107882,0.733079,0.0143401,-0.00489522,0.00903574,-0.999947,0.0412083,0.4,0,0,DISABLED,0
7.24009,2.44632,-0.00452128,0,0.012712,0.732965,0.0157354,-0.00297134,0.00886436,-0.999956,0.0413689,0.4,0,0,DISABLED,0
7.26009,2.45341,-0.00563077,0,0.0126631,0.733027,0.0147984,-0.00302026,0.00724885,-0.999969,0.0414593,0.4,0,0,DISABLED,0
7.28009,2.4599,-0.00702144,0,0.0115502,0.733035,0.0125585,-0.00413314,0.00453069,-0.999981,0.0414746,0.4,0,0,DISABLED,0
7.30009,2.46785,-0.00930162,0,0.00906055,0.732433,0.00908259,-0.00662283,-0.00100402,-0.999978,0.0403188,0.4,0,0,DISABLED,0
7.32009,2.47539,-0.011253,0,0.00439468,0.732383,0.00442158,-0.0112887,0.000104579,-0.999936,0.0375372,0.4,0,0,DISABLED,0
7.34009,2.4821,-0.0131338,0,0.00089689,0.732796,0.00198341,-0.0147865,-0.00218857,-0.999888,0.0351903,0.4,0,0,DISABLED,0
7.36009,2.48849,-0.0148797,0,-0.000267968,0.733384,0.00745331,-0.0159513,-0.00785581,-0.999842,0.0317631,0.4,0,0,DISABLED,0
7.38009,2.49683,-0.0163883,0,-0.000554416,0.734003,0.0109999,-0.0162378,-0.0113858,-0.999803,0.030705,0.4,0,0,DISABLED,0
7.40009,2.5038,-0.0170393,0,-0.000476876,0.734153,0.0124393,-0.0161603,-0.0128344,-0.999787,0.0291961,0.4,0,0,DISABLED,0
7.42009,2.51085,-0.0173776,0,-0.000189561,0.734097,0.0136196,-0.0158729,-0.0140243,-0.999776,0.0282616,0.4,0,0,DISABLED,0
7.44009,2.51804,-0.0174475,0,0.00025068,0.734009,0.0146323,-0.0154327,-0.0150349,-0.999768,0.0269262,0.4,0,0,DISABLED,0
7.4601,2.52538,-0.0173048,0,0.000778127,0.733897,0.0155141,-0.0149053,-0.0159017,-0.999762,0.0257958,0.4,0,0,DISABLED,0
7.4801,2.53279,-0.0169928,0,0.00167215,0.733728,0.016883,-0.0140112,-0.0172064,-0.999754,0.025094,0.4,0,0,DISABLED,0
7.5001,2.54014,-0.0165931,0,0.00315217,0.733517,0.0190558,-0.0125312,-0.0192018,-0.999737,0.0247749,0.4,0,0,DISABLED,0
7.5201,2.54737,-0.0160521,0,0.00619963,0.733232,0.0229705,-0.00948374,-0.0225275,-0.999701,0.0236041,0.4,0,0,DISABLED,0
7.5401,2.55387,-0.0153323,0,0.0090082,0.733053,0.0247156,-0.00667518,-0.0234226,-0.999703,0.0235383,0.4,0,0,DISABLED,0
7.5601,2.56179,-0.0140896,0,0.0112676,0.733094,0.023869,-0.00441577,-0.0214468,-0.99976,0.024042,0.4,0,0,DISABLED,0
7.5801,2.56904,-0.0127579,0,0.0123034,0.733276,0.0216065,-0.00338,-0.0181693,-0.999829,0.0247173,0.4,0,0,DISABLED,0
7.6001,2.57624,-0.0112535,0,0.0125354,0.733195,0.0174968,-0.00314802,-0.0126141,-0.999915,0.0262864,0.4,0,0,DISABLED,0
7.6201,2.58336,-0.00973964,0,0.0119208,0.733021,0.0146892,-0.00376259,-0.00898931,-0.999952,0.0279185,0.4,0,0,DISABLED,0
7.6401,2.59048,-0.00853071,0,0.0104471,0.733159,0.0127516,-0.00523625,-0.00772247,-0.999956,0.0289914,0.4,0,0,DISABLED,0
7.6601,2.59776,-0.00747462,0,0.00872206,0.733393,0.00985074,-0.00696132,-0.00498467,-0.999963,0.0324218,0.4,0,0,DISABLED,0
7.6801,2.60509,-0.00644824,0,0.00769328,0.733576,0.00772042,-0.0079901,-0.00106348,-0.999968,0.0341025,0.4,0,0,DISABLED,0
7.7001,2.61236,-0.0056831,0,0.00777515,0.733544,0.00788089,-0.00790823,0.00087428,-0.999968,0.0343164,0.4,0,0,DISABLED,0
7.7201,2.61977,-0.00537148,0,0.00772399,0.7334,0.00810461,-0.00795939,0.00203691,-0.999966,0.0356236,0.4,0,0,DISABLED,0
7.7401,2.62727,-0.0054383,0,0.00752383,0.733301,0.00842907,-0.00815955,0.00338704,-0.999961,0.0365396,0.4,0,0,DISABLED,0
7.7601,2.63467,-0.00577555,0,0.00775373,0.733255,0.00948703,-0.00792965,0.0050616,-0.999956,0.0373314,0.4,0,0,DISABLED,0
7.7801,2.6419,-0.00624158,0,0.00874392,0.733197,0.0112623,-0.00693946,0.00668836,-0.999954,0.0379554,0.4,0,0,DISABLED,0
7.8001,2.64829,-0.00667035,0,0.0100435,0.733102,0.0132693,-0.00563985,0.00825898,-0.99995,0.0385198,0.4,0,0,DISABLED,0
7.8201,2.65597,-0.00727086,0,0.0119752,0.732926,0.0156328,-0.00370815,0.00964184,-0.999947,0.0393082,0.4,0,0,DISABLED,0
7.8401,2.66296,-0.00806108,0,0.0131296,0.732869,0.0162241,-0.00255377,0.00912277,-0.999955,0.0392069,0.4,0,0,DISABLED,0
7.8601,2.67008,-0.00919931,0,0.0130544,0.73298,0.0152702,-0.00262895,0.00750705,-0.999968,0.0392837,0.4,0,0,DISABLED,0
7.88011,2.67734,-0.0108003,0,0.0117395,0.733003,0.0126766,-0.00394385,0.00437627,-0.999983,0.0393428,0.4,0,0,DISABLED,0
7.90011,2.68463,-0.0129407,0,0.00940135,0.732493,0.009405,-0.00628203,-0.000615964,-0.99998,0.0378245,0.4,0,0,DISABLED,0
7.92011,2.69061,-0.0145957,0,0.00622657,0.732335,0.00623397,-0.00945681,-0.000120232,-0.999955,0.0362183,0.4,0,0,DISABLED,0
7.94011,2.69972,-0.0169901,0,0.00123442,0.732843,0.00212837,-0.014449,-0.0021583,-0.999893,0.0306513,0.4,0,0,DISABLED,0
7.96011,2.70615,-0.0186336,0,-2.48663e-06,0.733433,0.00653277,-0.0156859,-0.00693518,-0.999853,0.0280401,0.4,0,0,DISABLED,0
7.98011,2.71381,-0.0199517,0,-0.000249101,0.73395,0.00976566,-0.0159325,-0.0101702,-0.999821,0.0267599,0.4,0,0,DISABLED,0
8.00011,2.72073,-0.0206342,0,-7.1438e-05,0.734069,0.0112782,-0.0157548,-0.0116824,-0.999808,0.025166,0.4,0,0,DISABLED,0
8.02011,2.72702,-0.0209916,0,0.000143221,0.734,0.0122898,-0.0155402,-0.0126936,-0.999799,0.0240052,0.4,0,0,DISABLED,0
8.04011,2.73416,-0.0211154,0,0.000431197,0.733873,0.0136064,-0.0152522,-0.0140025,-0.999786,0.0221862,0.4,0,0,DISABLED,0
8.06011,2.74223,-0.020962,0,0.00066993,0.733713,0.0147378,-0.0150134,-0.0151274,-0.999773,0.0208358,0.4,0,0,DISABLED,0
8.08011,2.74815,-0.0207138,0,0.00114744,0.733574,0.0158298,-0.0145359,-0.016196,-0.999763,0.0202397,0.4,0,0,DISABLED,0
8.10011,2.75698,-0.0202482,0,0.00297187,0.733335,0.018968,-0.0127115,-0.0191442,-0.999736,0.0192368,0.4,0,0,DISABLED,0
8.12011,2.76423,-0.0197479,0,0.00564354,0.733126,0.0220921,-0.0100398,-0.0217682,-0.999713,0.019258,0.4,0,0,DISABLED,0
8.14011,2.77139,-0.018974,0,0.00876675,0.733009,0.0242579,-0.00691663,-0.0230244,-0.999711,0.0189508,0.4,0,0,DISABLED,0
8.16011,2.77854,-0.0178882,0,0.0113024,0.733124,0.0239014,-0.00438097,-0.021466,-0.99976,0.0192534,0.4,0,0,DISABLED,0
8.18011,2.78577,-0.0166083,0,0.0123923,0.73334,0.0216616,-0.00329111,-0.0181712,-0.999829,0.0202272,0.4,0,0,DISABLED,0
8.20011,2.79225,-0.0152614,0,0.0125753,0.733296,0.0179641,-0.00310805,-0.0132334,-0.999908,0.0208929,0.4,0,0,DISABLED,0
8.22011,2.80005,-0.0137068,0,0.0118827,0.733088,0.0148064,-0.00380067,-0.0092371,-0.99995,0.0238433,0.4,0,0,DISABLED,0
8.24011,2.80723,-0.0125519,0,0.00983164,0.733211,0.0123237,-0.00585174,-0.00783309,-0.999952,0.0261183,0.4,0,0,DISABLED,0
8.26011,2.81449,-0.0114848,0,0.00801827,0.73349,0.0092838,-0.00766511,-0.00509332,-0.999958,0.0292648,0.4,0,0,DISABLED,0
8.28011,2.81813,-0.0109588,0,0.00744414,0.733627,0.00750908,-0.00823924,-0.00135528,-0.999965,0.0307206,0.4,0,0,DISABLED,0
8.30011,2.82893,-0.00970811,0,0.00779223,0.733663,0.00785816,-0.00789115,0.000599771,-0.999969,0.0318082,0.4,0,0,DISABLED,0
8.32012,2.83631,-0.00942157,0,0.00786693,0.733494,0.00805296,-0.00781645,0.00131449,-0.999969,0.0326825,0.4,0,0,DISABLED,0
8.34012,2.8438,-0.00955889,0,0.00758193,0.73339,0.00811196,-0.00810145,0.00248745,-0.999964,0.0336964,0.4,0,0,DISABLED,0
8.36012,2.85121,-0.00999156,0,0.00761942,0.733348,0.00882969,-0.00806396,0.00404434,-0.999959,0.0347737,0.4,0,0,DISABLED,0
8.38012,2.857,-0.01044,0,0.00826878,0.733312,0.0100899,-0.0074146,0.00536997,-0.999958,0.0354694,0.4,0,0,DISABLED,0
8.40012,2.86412,-0.0110174,0,0.0095687,0.733221,0.0120844,-0.00611468,0.0069721,-0.999957,0.0363469,0.4,0,0,DISABLED,0
8.42012,2.87244,-0.0117758,0,0.0117267,0.732985,0.0146933,-0.00395672,0.00843869,-0.999957,0.0381861,0.4,0,0,DISABLED,0
8.44012,2.87941,-0.0126135,0,0.0129615,0.732862,0.0155602,-0.0027219,0.00819864,-0.999963,0.0386806,0.4,0,0,DISABLED,0
8.46012,2.8865,-0.0137665,0,0.013075,0.732915,0.0147863,-0.00260837,0.00649674,-0.999976,0.0384711,0.4,0,0,DISABLED,0
8.48012,2.89373,-0.01536,0,0.0118739,0.732899,0.0124776,-0.00380944,0.00341878,-0.999987,0.038229,0.4,0,0,DISABLED,0
8.50012,2.90101,-0.0174966,0,0.00955034,0.732363,0.00960566,-0.00613304,-0.00138712,-0.99998,0.0364039,0.4,0,0,DISABLED,0
8.52012,2.90857,-0.0195684,0,0.0051858,0.732266,0.00519051,-0.0104976,-0.000324972,-0.999945,0.0337365,0.4,0,0,DISABLED,0
8.54012,2.91526,-0.0214787,0,0.00203074,0.732678,0.00262948,-0.0136526,-0.00206672,-0.999905,0.0310504,0.4,0,0,DISABLED,0
8.56012,2.92309,-0.0235067,0,0.000492447,0.733415,0.00720113,-0.0151909,-0.00758586,-0.999856,0.027736,0.4,0,0,DISABLED,0
8.58012,2.93009,-0.0246578,0,4.31444e-05,0.733899,0.00992309,-0.0156402,-0.0103279,-0.999824,0.0260783,0.4,0,0,DISABLED,0
8.60012,2.93706,-0.0253426,0,0.000112952,0.734031,0.0115497,-0.0155704,-0.0119562,-0.999807,0.0246369,0.4,0,0,DISABLED,0
8.62012,2.9441,-0.0257166,0,0.000426592,0.733917,0.0129695,-0.0152568,-0.013369,-0.999794,0.02306,0.4,0,0,DISABLED,0
8.64012,2.94839,-0.0258211,0,0.000719197,0.73383,0.013841,-0.0149642,-0.0142294,-0.999787,0.0224123,0.4,0,0,DISABLED,0
8.66012,2.95643,-0.0257859,0,0.00100877,0.733691,0.0147863,-0.0146746,-0.0151574,-0.999777,0.0212382,0.4,0,0,DISABLED,0
8.68012,2.96608,-0.0254226,0,0.00189108,0.733464,0.0168264,-0.0137923,-0.0171239,-0.999758,0.0197752,0.4,0,0,DISABLED,0
8.70012,2.97349,-0.0250417,0,0.00348391,0.73324,0.0192828,-0.0121995,-0.019376,-0.999738,0.0197714,0.4,0,0,DISABLED,0
8.72012,2.98077,-0.024537,0,0.00623774,0.733022,0.022363,-0.00944564,-0.0218824,-0.999716,0.0198545,0.4,0,0,DISABLED,0
8.74012,2.98723,-0.0238555,0,0.00942953,0.732926,0.0245559,-0.00625385,-0.0230787,-0.999714,0.0194764,0.4,0,0,DISABLED,0
8.76013,2.99515,-0.022684,0,0.0118418,0.733081,0.0242604,-0.00384157,-0.0215774,-0.99976,0.0197924,0.4,0,0,DISABLED,0
8.78013,3.00244,-0.0214164,0,0.0127656,0.733348,0.022084,-0.00291774,-0.0184253,-0.999826,0.0204728,0.4,0,0,DISABLED,0
8.80013,3.00893,-0.0200822,0,0.0130311,0.733316,0.0181883,-0.0026523,-0.0130993,-0.999911,0.0215136,0.4,0,0,DISABLED,0
8.82013,3.01682,-0.0185359,0,0.0122287,0.733146,0.0150341,-0.00345467,-0.0091533,-0.999952,0.0246623,0.4,0,0,DISABLED,0
8.84013,3.02398,-0.0173327,0,0.0105947,0.733268,0.0128772,-0.00508871,-0.00772503,-0.999957,0.026398,0.4,0,0,DISABLED,0
8.86013,3.03124,-0.0162303,0,0.00898525,0.733536,0.0101076,-0.00669813,-0.00503296,-0.999965,0.0295869,0.4,0,0,DISABLED,0
8.88013,3.03849,-0.0151758,0,0.00838568,0.733738,0.0084432,-0.0072977,-0.0013884,-0.999972,0.0310349,0.4,0,0,DISABLED,0
8.90013,3.04355,-0.0145909,0,0.00853975,0.733734,0.0085554,-0.00714363,4.37912e-05,-0.999974,0.0315416,0.4,0,0,DISABLED,0
8.92013,3.05316,-0.0141248,0,0.00836913,0.733525,0.00861788,-0.00731425,0.00164353,-0.999972,0.0344444,0.4,0,0,DISABLED,0
8.94013,3.06071,-0.0142805,0,0.00813753,0.733314,0.0086455,-0.00754585,0.00249284,-0.999968,0.0362267,0.4,0,0,DISABLED,0
8.96013,3.06813,-0.0146274,0,0.00807737,0.733179,0.00880264,-0.00760601,0.00308209,-0.999966,0.0358131,0.4,0,0,DISABLED,0
8.98013,3.07533,-0.0151485,0,0.00918015,0.733104,0.0105462,-0.00650323,0.00477621,-0.999967,0.0364757,0.4,0,0,DISABLED,0
9.00013,3.08245,-0.0156965,0,0.0105114,0.732999,0.0125395,-0.00517201,0.00642504,-0.999966,0.0374124,0.4,0,0,DISABLED,0
9.02013,3.08946,-0.0162819,0,0.0121442,0.732838,0.0145751,-0.00353913,0.00765211,-0.999964,0.037992,0.4,0,0,DISABLED,0
9.04013,3.09641,-0.0171061,0,0.0135667,0.732752,0.0156023,-0.00211668,0.00729122,-0.999971,0.038354,0.4,0,0,DISABLED,0
9.06013,3.10348,-0.0182585,0,0.0137249,0.732856,0.015046,-0.00195852,0.0057586,-0.999982,0.0384222,0.4,0,0,DISABLED,0
9.08013,3.11076,-0.0198475,0,0.0122358,0.732889,0.0127282,-0.00344755,0.00309291,-0.999989,0.0387731,0.4,0,0,DISABLED,0
9.10013,3.11803,-0.021974,0,0.00992563,0.732382,0.0100187,-0.00575775,-0.00176853,-0.999982,0.0365607,0.4,0,0,DISABLED,0
9.12013,3.12559,-0.0240834,0,0.00557948,0.732301,0.00558864,-0.0101039,-0.000681665,-0.999949,0.034061,0.4,0,0,DISABLED,0
9.14013,3.13301,-0.0262534,0,0.00226143,0.73278,0.00362119,-0.013422,-0.00322495,-0.999905,0.0308577,0.4,0,0,DISABLED,0
9.16013,3.14009,-0.0281195,0,0.0016322,0.733474,0.00605942,-0.0140512,-0.00624189,-0.999882,0.0291955,0.4,0,0,DISABLED,0
9.18013,3.14708,-0.0292628,0,0.000831057,0.733968,0.0106475,-0.0148523,-0.0110182,-0.999829,0.0262958,0.4,0,0,DISABLED,0
9.20014,3.15334,-0.0298812,0,0.00103463,0.73408,0.0118302,-0.0146487,-0.0121915,-0.999818,0.024806,0.4,0,0,DISABLED,0
9.22014,3.1611,-0.0302894,0,0.00143251,0.733858,0.012854,-0.0142509,-0.0131793,-0.999812,0.0231941,0.4,0,0,DISABLED,0
9.24014,3.16832,-0.0303792,0,0.00168577,0.733617,0.0132063,-0.0139976,-0.0135041,-0.999811,0.0224843,0.4,0,0,DISABLED,0
9.26014,3.17573,-0.0302299,0,0.00182331,0.733442,0.0139568,-0.0138601,-0.0142398,-0.999803,0.0216126,0.4,0,0,DISABLED,0
9.28014,3.18318,-0.029906,0,0.0023937,0.733289,0.0156709,-0.0132897,-0.0158933,-0.999785,0.0210988,0.4,0,0,DISABLED,0
9.30014,3.19055,-0.029489,0,0.00402973,0.733126,0.0186766,-0.0116537,-0.0186414,-0.999758,0.0207533,0.4,0,0,DISABLED,0
9.32014,3.19776,-0.0289214,0,0.00673042,0.732966,0.0221137,-0.00895296,-0.0214722,-0.999729,0.0204098,0.4,0,0,DISABLED,0
9.34014,3.20488,-0.0280232,0,0.00995726,0.732844,0.0247902,-0.00572612,-0.0231109,-0.999717,0.0191636,0.4,0,0,DISABLED,0
9.36014,3.21203,-0.0268004,0,0.0122803,0.732954,0.0242628,-0.00340306,-0.0213299,-0.999767,0.0193651,0.4,0,0,DISABLED,0
9.38014,3.21924,-0.0254384,0,0.0131732,0.733177,0.0218261,-0.00251018,-0.0178057,-0.999838,0.0205906,0.4,0,0,DISABLED,0
9.40014,3.22639,-0.0239344,0,0.0132702,0.733127,0.0179442,-0.00241315,-0.0124847,-0.999919,0.0221081,0.4,0,0,DISABLED,0
9.42014,3.23347,-0.0224232,0,0.0125212,0.732979,0.0151447,-0.00316219,-0.00892302,-0.999955,0.0238351,0.4,0,0,DISABLED,0
9.44014,3.24059,-0.0212348,0,0.0107869,0.733145,0.0129418,-0.0048965,-0.0075541,-0.999959,0.025709,0.4,0,0,DISABLED,0
9.46014,3.24794,-0.0201704,0,0.0086221,0.733409,0.00956836,-0.00706128,-0.0045486,-0.999965,0.0301137,0.4,0,0,DISABLED,0
9.48014,3.25514,-0.0190781,0,0.00816731,0.733615,0.00817053,-0.00751607,-0.000566125,-0.999972,0.0308258,0.4,0,0,DISABLED,0
9.50014,3.26229,-0.0182792,0,0.00897453,0.733622,0.00919996,-0.00670885,0.00161049,-0.999976,0.0311743,0.4,0,0,DISABLED,0
9.52014,3.26962,-0.0179743,0,0.00941581,0.733532,0.00994109,-0.00626757,0.00277856,-0.999977,0.0322084,0.4,0,0,DISABLED,0
9.54014,3.27705,-0.0180707,0,0.00939609,0.733474,0.0104782,-0.00628729,0.00422479,-0.999971,0.0332856,0.4,0,0,DISABLED,0
9.56014,3.28438,-0.0184285,0,0.00963352,0.733435,0.0114721,-0.00604986,0.0058219,-0.999965,0.0342259,0.4,0,0,DISABLED,0
9.58014,3.29154,-0.018902,0,0.0104967,0.733369,0.0130382,-0.00518663,0.00732876,-0.99996,0.0348298,0.4,0,0,DISABLED,0
9.60014,3.29788,-0.0193417,0,0.0117365,0.733262,0.0150024,-0.0039469,0.00893117,-0.999952,0.0354772,0.4,0,0,DISABLED,0
9.62014,3.30547,-0.0199554,0,0.0132625,0.733083,0.0168441,-0.00242085,0.00997602,-0.999947,0.0361569,0.4,0,0,DISABLED,0
9.64015,3.31236,-0.0207426,0,0.0141616,0.733032,0.0172255,-0.00152179,0.00939811,-0.999955,0.036065,0.4,0,0,DISABLED,0
9.66015,3.31937,-0.0218495,0,0.0138413,0.733145,0.0160616,-0.00184212,0.00773798,-0.999968,0.0360376,0.4,0,0,DISABLED,0
9.68015,3.32651,-0.0234039,0,0.0122174,0.733184,0.0132873,-0.00346599,0.00480689,-0.999982,0.0362766,0.4,0,0,DISABLED,0
9.70015,3.33366,-0.0255182,0,0.00967875,0.732674,0.00967984,-0.00600463,-0.000411292,-0.999982,0.0352466,0.4,0,0,DISABLED,0
9.72015,3.34108,-0.0275548,0,0.00510799,0.732468,0.00516749,-0.0105754,0.000363141,-0.999944,0.0329836,0.4,0,0,DISABLED,0
9.74015,3.34839,-0.0296011,0,0.00134749,0.732876,0.00161945,-0.0143359,-0.00127862,-0.999896,0.030132,0.4,0,0,DISABLED,0
9.76015,3.3554,-0.0313924,0,-0.000214826,0.733514,0.00568382,-0.0158982,-0.00608015,-0.999855,0.0271378,0.4,0,0,DISABLED,0
9.78015,3.3623,-0.0325506,0,-0.000911623,0.733993,0.00846435,-0.016595,-0.00882078,-0.999823,0.0253464,0.4,0,0,DISABLED,0
9.80015,3.36917,-0.0332488,0,-0.00105342,0.734139,0.0100781,-0.0167368,-0.010427,-0.999806,0.0240188,0.4,0,0,DISABLED,0
9.82015,3.37612,-0.0336451,0,-0.000913743,0.734081,0.0115601,-0.0165971,-0.0119288,-0.999791,0.0228735,0.4,0,0,DISABLED,0
9.84015,3.38251,-0.0337686,0,-0.000708144,0.734009,0.0126766,-0.0163915,-0.0130606,-0.99978,0.0219683,0.4,0,0,DISABLED,0
9.86015,3.38977,-0.0336656,0,-0.000407029,0.733919,0.0137762,-0.0160904,-0.0141765,-0.99977,0.0209009,0.4,0,0,DISABLED,0
9.88015,3.39785,-0.0333504,0,0.000379146,0.733766,0.0154139,-0.0153042,-0.0158188,-0.999758,0.0201068,0.4,0,0,DISABLED,0
9.90015,3.40518,-0.0329472,0,0.00200815,0.733539,0.0180534,-0.0136752,-0.0183499,-0.999738,0.0187653,0.4,0,0,DISABLED,0
9.92015,3.41101,-0.032571,0,0.0039045,0.733354,0.0200971,-0.0117789,-0.0201209,-0.999728,0.019507,0.4,0,0,DISABLED,0
9.94015,3.4196,-0.03172,0,0.00769567,0.733133,0.0232003,-0.00798771,-0.0222936,-0.99972,0.0193902,0.4,0,0,DISABLED,0
9.96015,3.4267,-0.0306468,0,0.0104874,0.733147,0.0231025,-0.00519601,-0.0209915,-0.999766,0.0196587,0.4,0,0,DISABLED,0
9.98015,3.43461,-0.0292192,0,0.0119293,0.733265,0.0204266,-0.00375407,-0.0169862,-0.999849,0.0208689,0.4,0,0,DISABLED,0
10.0002,3.44033,-0.028021,0,0.0122162,0.733149,0.0176156,-0.00346719,-0.0130959,-0.999908,0.0211355,0.4,0,0,DISABLED,0
10.0202,3.44812,-0.0265328,0,0.0115601,0.732972,0.0145751,-0.00412332,-0.0092786,-0.999948,0.0246924,0.4,0,0,DISABLED,0
10.0402,3.45449,-0.0255265,0,0.0101984,0.733081,0.012789,-0.005485,-0.00812135,-0.999952,0.0261889,0.4,0,0,DISABLED,0
10.0602,3.46257,-0.0244426,0,0.00780661,0.73336,0.00899687,-0.00787677,-0.00487527,-0.999957,0.0304403,0.4,0,0,DISABLED,0
10.0802,3.46986,-0.0235182,0,0.00699036,0.733554,0.00701667,-0.00869301,-0.000999255,-0.999962,0.0318933,0.4,0,0,DISABLED,0
10.1002,3.47709,-0.0228704,0,0.00739448,0.7335,0.00748523,-0.0082889,0.000735872,-0.999965,0.0324401,0.4,0,0,DISABLED,0
10.1202,3.48524,-0.0226959,0,0.00752571,0.733329,0.00774355,-0.00815767,0.00141416,-0.999966,0.0332144,0.4,0,0,DISABLED,0
10.1402,3.49201,-0.0229399,0,0.00732497,0.733232,0.00799353,-0.00835841,0.0027821,-0.999961,0.0352811,0.4,0,0,DISABLED,0
10.1602,3.49948,-0.0234567,0,0.00735338,0.733184,0.00873467,-0.00833,0.00429354,-0.999956,0.0361754,0.4,0,0,DISABLED,0
10.1802,3.50674,-0.0241186,0,0.00825672,0.733123,0.010404,-0.00742666,0.0059265,-0.999955,0.0372077,0.4,0,0,DISABLED,0
10.2002,3.51387,-0.024781,0,0.0096423,0.733024,0.0125347,-0.00604108,0.0076045,-0.999953,0.0378524,0.4,0,0,DISABLED,0
10.2202,3.52087,-0.0254923,0,0.011341,0.73291,0.0146078,-0.0043424,0.00879215,-0.999952,0.0384665,0.4,0,0,DISABLED,0
10.2402,3.52786,-0.0264291,0,0.0125648,0.7329,0.0153091,-0.00311862,0.00833833,-0.99996,0.0383954,0.4,0,0,DISABLED,0
10.2602,3.53497,-0.0277017,0,0.0126535,0.733037,0.0146323,-0.00302986,0.0069359,-0.999971,0.0383411,0.4,0,0,DISABLED,0
10.2802,3.54223,-0.0294285,0,0.0113881,0.733049,0.0120399,-0.00429527,0.00349622,-0.999985,0.0379776,0.4,0,0,DISABLED,0
10.3002,3.54806,-0.0312388,0,0.00964646,0.732635,0.009649,-0.00603692,-0.000750331,-0.999982,0.0369332,0.4,0,0,DISABLED,0
10.3202,3.55717,-0.0338971,0,0.00446274,0.732365,0.00447518,-0.0112206,-4.1318e-05,-0.999937,0.0336225,0.4,0,0,DISABLED,0
10.3402,3.56466,-0.0361257,0,0.000917935,0.732789,0.00210018,-0.0147654,-0.0022925,-0.999888,0.0298039,0.4,0,0,DISABLED,0
10.3602,3.57177,-0.0381028,0,-0.00020148,0.733444,0.00674819,-0.0158849,-0.00714985,-0.999848,0.0272222,0.4,0,0,DISABLED,0
10.3802,3.57875,-0.0394017,0,-0.000497881,0.733955,0.00912188,-0.0161813,-0.00951158,-0.999824,0.0258822,0.4,0,0,DISABLED,0
10.4002,3.5857,-0.0402064,0,-0.000463644,0.734124,0.0106866,-0.016147,-0.0110789,-0.999808,0.0239833,0.4,0,0,DISABLED,0
10.4202,3.59272,-0.0406981,0,-0.000254065,0.734042,0.012168,-0.0159374,-0.0125712,-0.999794,0.022505,0.4,0,0,DISABLED,0
10.4402,3.59917,-0.0409106,0,-4.73559e-05,0.733937,0.013061,-0.0157307,-0.0134641,-0.999786,0.0221456,0.4,0,0,DISABLED,0
10.4602,3.60722,-0.0408738,0,0.000301884,0.733777,0.0143152,-0.0153815,-0.0147187,-0.999773,0.0209681,0.4,0,0,DISABLED,0
10.4802,3.6146,-0.0406678,0,0.00103888,0.73359,0.0160095,-0.0146445,-0.0163806,-0.999759,0.020561,0.4,0,0,DISABLED,0
10.5002,3.62191,-0.040386,0,0.00273024,0.733377,0.0187213,-0.0129531,-0.0189287,-0.999737,0.0206226,0.4,0,0,DISABLED,0
10.5202,3.6284,-0.0400122,0,0.00548669,0.733184,0.0218561,-0.0101967,-0.0215646,-0.999715,0.0206541,0.4,0,0,DISABLED,0
10.5402,3.63623,-0.0392443,0,0.00868156,0.733006,0.0241446,-0.00700182,-0.0229357,-0.999712,0.0200874,0.4,0,0,DISABLED,0
10.5602,3.64192,-0.0384365,0,0.011092,0.733053,0.0236633,-0.00459138,-0.0213077,-0.999762,0.0205358,0.4,0,0,DISABLED,0
10.5802,3.65051,-0.0369865,0,0.0121329,0.73327,0.0213037,-0.00355052,-0.0179167,-0.999833,0.0217209,0.4,0,0,DISABLED,0
10.6002,3.65762,-0.0355764,0,0.0123406,0.733197,0.0173153,-0.00334281,-0.0125518,-0.999916,0.0230255,0.4,0,0,DISABLED,0
10.6202,3.66393,-0.0343264,0,0.011789,0.733073,0.0146323,-0.00389434,-0.00907514,-0.999951,0.0247501,0.4,0,0,DISABLED,0
10.6402,3.67172,-0.0330644,0,0.0101928,0.733198,0.0124153,-0.00549056,-0.00749282,-0.999957,0.0266842,0.4,0,0,DISABLED,0
10.6602,3.67901,-0.0320697,0,0.00825616,0.733463,0.00927738,-0.00742722,-0.00463374,-0.999962,0.0305923,0.4,0,0,DISABLED,0
10.6802,3.68623,-0.0310505,0,0.00767756,0.733677,0.00768948,-0.00800581,-0.000683565,-0.999968,0.0314709,0.4,0,0,DISABLED,0
10.7002,3.69341,-0.0303271,0,0.00823281,0.733683,0.00843614,-0.00745057,0.00142602,-0.999971,0.0320269,0.4,0,0,DISABLED,0
10.7202,3.70078,-0.0300786,0,0.00852138,0.733545,0.00902333,-0.007162,0.00254521,-0.999971,0.0336652,0.4,0,0,DISABLED,0
10.7402,3.70826,-0.0302177,0,0.00840553,0.733445,0.00932863,-0.00727785,0.00362796,-0.999967,0.0339755,0.4,0,0,DISABLED,0
10.7602,3.71565,-0.0306578,0,0.00859316,0.733402,0.0102365,-0.00709022,0.00515278,-0.999962,0.0348425,0.4,0,0,DISABLED,0
10.7802,3.72285,-0.0312399,0,0.0095533,0.733343,0.0119455,-0.00613008,0.00676537,-0.999958,0.0359035,0.4,0,0,DISABLED,0
10.8002,3.72992,-0.0318238,0,0.0109533,0.733219,0.0140716,-0.00473003,0.0084248,-0.999953,0.0365499,0.4,0,0,DISABLED,0
10.8202,3.73687,-0.0324633,0,0.0125783,0.733061,0.016017,-0.00310508,0.00950768,-0.99995,0.0370115,0.4,0,0,DISABLED,0
10.8402,3.74379,-0.0333286,0,0.0136771,0.733001,0.016573,-0.0020063,0.00895295,-0.999958,0.036903,0.4,0,0,DISABLED,0
10.8602,3.75086,-0.0345317,0,0.0134542,0.733106,0.0155487,-0.00222919,0.00738081,-0.99997,0.0370524,0.4,0,0,DISABLED,0
10.8802,3.75806,-0.0361895,0,0.0119685,0.733118,0.0128818,-0.00371492,0.00435367,-0.999984,0.0371694,0.4,0,0,DISABLED,0
10.9002,3.76527,-0.0383848,0,0.00950206,0.732548,0.00950586,-0.00618132,-0.00060474,-0.999981,0.0360033,0.4,0,0,DISABLED,0
10.9202,3.77285,-0.0404977,0,0.00463396,0.732341,0.00472146,-0.0110494,0.0004935,-0.999939,0.0324354,0.4,0,0,DISABLED,0
10.9402,3.78021,-0.0427499,0,0.00122975,0.732734,0.00176052,-0.0144536,-0.00165437,-0.999894,0.0299408,0.4,0,0,DISABLED,0
10.9602,3.78652,-0.0445473,0,0.000199388,0.733304,0.00565227,-0.015484,-0.00605552,-0.999862,0.027947,0.4,0,0,DISABLED,0
10.9802,3.79276,-0.0457812,0,-0.000158364,0.733784,0.00914146,-0.0158417,-0.00954724,-0.999829,0.0252442,0.4,0,0,DISABLED,0
11.0002,3.80105,-0.0467636,0,-0.000101512,0.734007,0.0106251,-0.0157849,-0.011028,-0.999815,0.023427,0.4,0,0,DISABLED,0
11.0202,3.80735,-0.0471885,0,7.88355e-05,0.733949,0.0117035,-0.0156045,-0.0121072,-0.999805,0.0225199,0.4,0,0,DISABLED,0
11.0402,3.81523,-0.047403,0,0.000310265,0.733879,0.012997,-0.0153731,-0.013399,-0.999792,0.0214813,0.4,0,0,DISABLED,0
11.0602,3.82256,-0.0473442,0,0.000635832,0.73379,0.014336,-0.0150475,-0.0147271,-0.999778,0.0201971,0.4,0,0,DISABLED,0
11.0802,3.82919,-0.0471713,0,0.00132549,0.733654,0.0157883,-0.0143579,-0.0161378,-0.999767,0.0198472,0.4,0,0,DISABLED,0
11.1002,3.83724,-0.0468796,0,0.00313337,0.733437,0.0187404,-0.01255,-0.0188847,-0.999743,0.0196338,0.4,0,0,DISABLED,0
11.1202,3.84446,-0.0464849,0,0.00577439,0.733218,0.0220083,-0.00990899,-0.0216429,-0.999717,0.0196302,0.4,0,0,DISABLED,0
11.1402,3.85159,-0.0457981,0,0.00873007,0.733078,0.0241224,-0.00695331,-0.022895,-0.999714,0.0193723,0.4,0,0,DISABLED,0
11.1602,3.8587,-0.044787,0,0.0110654,0.733157,0.0236759,-0.00461799,-0.0213369,-0.999762,0.0198257,0.4,0,0,DISABLED,0
11.1802,3.86588,-0.0435757,0,0.0120317,0.73334,0.0214209,-0.00365169,-0.0181272,-0.999829,0.0209009,0.4,0,0,DISABLED,0
11.2002,3.873,-0.0421569,0,0.012156,0.73325,0.0172877,-0.0035274,-0.0126975,-0.999913,0.0219032,0.4,0,0,DISABLED,0
11.2202,3.88,-0.040827,0,0.0115736,0.733113,0.014758,-0.00410979,-0.00956381,-0.999946,0.0237953,0.4,0,0,DISABLED,0
11.2402,3.8871,-0.0397197,0,0.0096648,0.733254,0.0123237,-0.00601858,-0.00805412,-0.999949,0.0256594,0.4,0,0,DISABLED,0
11.2602,3.89432,-0.0387164,0,0.00780026,0.733514,0.00919348,-0.00788312,-0.00526806,-0.999955,0.028724,0.4,0,0,DISABLED,0
11.2802,3.90082,-0.0378359,0,0.00707817,0.733709,0.0072094,-0.0086052,-0.00176325,-0.999961,0.0299143,0.4,0,0,DISABLED,0
11.3002,3.90875,-0.0370539,0,0.00734982,0.733691,0.00742928,-0.00833356,0.000631846,-0.999965,0.0311282,0.4,0,0,DISABLED,0
11.3202,3.91538,-0.0368243,0,0.00744846,0.733548,0.00764283,-0.00823492,0.00127909,-0.999965,0.0319293,0.4,0,0,DISABLED,0
11.3402,3.92364,-0.0370213,0,0.00719664,0.733404,0.00781252,-0.00848674,0.00262606,-0.999961,0.0336411,0.4,0,0,DISABLED,0
11.3602,3.9311,-0.0374829,0,0.00719764,0.733365,0.00845025,-0.00848574,0.00401352,-0.999956,0.0339522,0.4,0,0,DISABLED,0
11.3802,3.93691,-0.0379672,0,0.00782803,0.733341,0.0097351,-0.00785535,0.0053734,-0.999955,0.0347609,0.4,0,0,DISABLED,0
11.4002,3.94547,-0.0387219,0,0.00917575,0.73323,0.0118905,-0.00650763,0.00715042,-0.999953,0.0358206,0.4,0,0,DISABLED,0
11.4202,3.95247,-0.0393933,0,0.0113097,0.73306,0.014567,-0.00437372,0.00877254,-0.999952,0.0371182,0.4,0,0,DISABLED,0
11.4402,3.95803,-0.0400611,0,0.0125131,0.732927,0.0155525,-0.00317023,0.00882928,-0.999956,0.0375874,0.4,0,0,DISABLED,0
11.4602,3.96651,-0.0414458,0,0.0132634,0.732915,0.0150658,-0.00242003,0.00674154,-0.999974,0.0375717,0.4,0,0,DISABLED,0
11.4802,3.97378,-0.0430753,0,0.012071,0.732877,0.0127796,-0.00361236,0.00378386,-0.999986,0.0375635,0.4,0,0,DISABLED,0
11.5002,3.98112,-0.0452671,0,0.0096541,0.732365,0.00966751,-0.00602928,-0.000841568,-0.999981,0.0360237,0.4,0,0,DISABLED,0
11.5202,3.98869,-0.047405,0,0.00531317,0.732287,0.0053377,-0.0103702,0.000140068,-0.999946,0.033416,0.4,0,0,DISABLED,0
11.5402,3.99613,-0.0495913,0,0.00188343,0.732768,0.00262948,-0.0138,-0.00225557,-0.999902,0.0300155,0.4,0,0,DISABLED,0
11.5602,4.00325,-0.05148,0,0.000423573,0.733439,0.00673936,-0.0152598,-0.00712882,-0.999858,0.0274887,0.4,0,0,DISABLED,0
11.5802,4.01025,-0.0526994,0,-0.000188867,0.733926,0.00951213,-0.0158722,-0.0099147,-0.999825,0.0258487,0.4,0,0,DISABLED,0
11.6002,4.01721,-0.0534473,0,-0.000241268,0.734065,0.0112464,-0.0159246,-0.0116476,-0.999805,0.0242575,0.4,0,0,DISABLED,0
11.6202,4.02353,-0.0538621,0,-2.10106e-05,0.73399,0.0125157,-0.0157044,-0.0129226,-0.999793,0.0232379,0.4,0,0,DISABLED,0
11.6402,4.0307,-0.0540563,0,0.000336362,0.733864,0.0136589,-0.015347,-0.0140573,-0.999783,0.0220947,0.4,0,0,DISABLED,0
11.6602,4.03879,-0.0539817,0,0.000776649,0.733707,0.0148104,-0.0149067,-0.0151919,-0.999773,0.0209394,0.4,0,0,DISABLED,0
11.6802,4.04546,-0.0537683,0,0.00149226,0.733546,0.0161467,-0.0141911,-0.0164827,-0.999763,0.020588,0.4,0,0,DISABLED,0
11.7002,4.05358,-0.0533949,0,0.0033688,0.733314,0.0191743,-0.0123146,-0.0192828,-0.999738,0.0196989,0.4,0,0,DISABLED,0
11.7202,4.06085,-0.0529282,0,0.00611853,0.733093,0.022363,-0.00956485,-0.0219184,-0.999714,0.0196574,0.4,0,0,DISABLED,0
11.7402,4.06803,-0.0521729,0,0.00921719,0.732976,0.0244,-0.00646619,-0.0229991,-0.999715,0.0194304,0.4,0,0,DISABLED,0
11.7602,4.07521,-0.0510999,0,0.0116087,0.733099,0.0239089,-0.00407468,-0.0213058,-0.999765,0.0198299,0.4,0,0,DISABLED,0
11.7802,4.08247,-0.049837,0,0.0125749,0.73334,0.0218534,-0.00310852,-0.0182774,-0.999828,0.0205619,0.4,0,0,DISABLED,0
11.8002,4.08896,-0.0485374,0,0.0127832,0.733327,0.0185935,-0.00290021,-0.0139074,-0.999899,0.0217238,0.4,0,0,DISABLED,0
11.8202,4.09683,-0.0469708,0,0.0120982,0.733132,0.0148265,-0.00358521,-0.00897835,-0.999953,0.0253376,0.4,0,0,DISABLED,0
11.8402,4.104,-0.0458606,0,0.0104139,0.733268,0.0126813,-0.00526949,-0.00763974,-0.999957,0.0273541,0.4,0,0,DISABLED,0
11.8602,4.11125,-0.0448046,0,0.00887606,0.733525,0.00983257,-0.00680732,-0.00463966,-0.999966,0.030523,0.4,0,0,DISABLED,0
11.8802,4.11847,-0.0437643,0,0.00835547,0.733706,0.0083723,-0.00732791,-0.000776621,-0.999973,0.0319633,0.4,0,0,DISABLED,0
11.9002,4.12569,-0.0430034,0,0.00866962,0.733649,0.00880264,-0.00701376,0.00108955,-0.999975,0.0326687,0.4,0,0,DISABLED,0
11.9202,4.13307,-0.0427043,0,0.00864443,0.733493,0.00895703,-0.00703894,0.00193179,-0.999973,0.033294,0.4,0,0,DISABLED,0
11.9402,4.14054,-0.0428221,0,0.00835358,0.733406,0.00914146,-0.0073298,0.00330456,-0.999968,0.0346624,0.4,0,0,DISABLED,0
11.9602,4.14791,-0.0432593,0,0.0085366,0.733318,0.0103061,-0.00714678,0.00536581,-0.99996,0.0375953,0.4,0,0,DISABLED,0
11.9802,4.15516,-0.0437697,0,0.0090934,0.733213,0.0114825,-0.00658998,0.00660609,-0.999956,0.0376823,0.4,0,0,DISABLED,0
12.0002,4.16228,-0.0442432,0,0.0102161,0.733106,0.0133455,-0.00546727,0.00818043,-0.999952,0.0376458,0,0,0,DISABLED,0
12.0202,4.16919,-0.0448091,0,0.0120779,0.732985,0.0155026,-0.00360548,0.0093063,-0.99995,0.0383454,0,0,0,DISABLED,0
12.0402,4.17607,-0.0456209,0,0.0132795,0.732992,0.0161467,-0.00240384,0.0087725,-0.999959,0.038329,0,0,0,DISABLED,0
12.0602,4.18236,-0.0466545,0,0.0129493,0.733162,0.0148265,-0.00273405,0.00680878,-0.999973,0.0380972,0,0,0,DISABLED,0
12.0802,4.18945,-0.0482353,0,0.0114846,0.733356,0.0123624,-0.00419882,0.00416308,-0.999983,0.0379649,0,0,0,DISABLED,0
12.1002,4.19659,-0.0504635,0,0.00916699,0.733015,0.0091805,-0.00651639,-0.000931902,-0.999978,0.0381731,0,0,0,DISABLED,0
12.1202,4.20439,-0.052992,0,0.00490919,0.732579,0.00495552,-0.0107742,-0.00111022,-0.999941,0.0363197,0,0,0,DISABLED,0
12.1402,4.21113,-0.055195,0,0.00134469,0.733076,0.00182698,-0.0143387,-0.00164244,-0.999896,0.0336551,0,0,0,DISABLED,0
12.1602,4.21699,-0.0572323,0,0.000838259,0.733812,0.00562055,-0.0148451,-0.00596624,-0.999872,0.0315018,0,0,0,DISABLED,0
12.1802,4.22233,-0.0586283,0,0.00121733,0.734353,0.0086317,-0.014466,-0.00895333,-0.999855,0.0284175,0,0,0,DISABLED,0
12.2002,4.2274,-0.0595162,0,0.00162906,0.7345,0.00993509,-0.0140543,-0.0102039,-0.999849,0.0262154,0,0,0,DISABLED,0
12.2202,4.23231,-0.0599566,0,0.00170027,0.734353,0.0106922,-0.0139831,-0.0109591,-0.999842,0.0243818,0,0,0,DISABLED,0
12.2402,4.23613,-0.0600079,0,0.00162246,0.73417,0.0109402,-0.0140609,-0.0112279,-0.999838,0.0234507,0,0,0,DISABLED,0
12.2602,4.24173,-0.0596245,0,0.00122596,0.733932,0.0111613,-0.0144574,-0.0114981,-0.999829,0.0220969,0,0,0,DISABLED,0
12.2802,4.24644,-0.0590391,0,-7.68732e-05,0.733755,0.0112093,-0.0157603,-0.0116142,-0.999808,0.0212468,0,0,0,DISABLED,0
12.3002,4.25048,-0.0584552,0,-0.00118524,0.733442,0.0107865,-0.0168686,-0.0111251,-0.999796,0.0201614,0,0,0,DISABLED,0
12.3202,4.25494,-0.057663,0,-0.00148281,0.732668,0.0092129,-0.0171662,-0.00949909,-0.999808,0.0191126,0,0,0,DISABLED,0
12.3402,4.25867,-0.056839,0,-0.00191616,0.731457,0.00721766,-0.0175995,-0.00736273,-0.999818,0.0187716,0,0,0,DISABLED,0
12.3602,4.2625,-0.0561902,0,-0.00463067,0.730733,0.0118503,-0.020314,-0.0113167,-0.99973,0.0184776,0,0,0,DISABLED,0
12.3802,4.26588,-0.0556727,0,-0.00682352,0.730568,0.0149984,-0.0225069,-0.0137598,-0.999652,0.0201614,0,0,0,DISABLED,0
12.4002,4.26875,-0.0552517,0,-0.00759137,0.730386,0.0161393,-0.0232747,-0.0146463,-0.999622,0.0211856,0,0,0,DISABLED,0
12.4202,4.27133,-0.0550715,0,-0.0075787,0.73005,0.0182309,-0.0232621,-0.0169853,-0.999585,0.0208988,0,0,0,DISABLED,0
12.4402,4.27357,-0.0550175,0,-0.00640383,0.729705,0.0205604,-0.0220872,-0.0199426,-0.999557,0.0191667,0,0,0,DISABLED,0
12.4602,4.27529,-0.0549261,0,-0.00457421,0.729625,0.0203711,-0.0202576,-0.0202574,-0.99959,0.0175296,0,0,0,DISABLED,0
12.4802,4.27701,-0.0548055,0,-0.00255263,0.729826,0.018845,-0.018236,-0.0190779,-0.999652,0.0168268,0,0,0,DISABLED,0
12.5002,4.27864,-0.054765,0,-0.000270387,0.730044,0.0180402,-0.0159538,-0.0184449,-0.999703,0.016377,0,0,0,DISABLED,0
12.5202,4.27991,-0.0546947,0,0.00160862,0.730182,0.0176088,-0.0140748,-0.0179413,-0.99974,0.015875,0,0,0,DISABLED,0
12.5402,4.28098,-0.0546106,0,0.00327751,0.730244,0.0175172,-0.0124059,-0.0176137,-0.999768,0.0153788,0,0,0,DISABLED,0
12.5602,4.28185,-0.0545515,0,0.00478212,0.730255,0.0177135,-0.0109013,-0.0174606,-0.999788,0.014769,0,0,0,DISABLED,0
12.5802,4.28251,-0.0545486,0,0.00606084,0.730246,0.0180864,-0.00962254,-0.0174447,-0.999802,0.0140724,0,0,0,DISABLED,0
12.6002,4.283,-0.054615,0,0.00708955,0.730234,0.0185614,-0.00859383,-0.0175586,-0.999809,0.013426,0,0,0,DISABLED,0
12.6202,4.28321,-0.0546882,0,0.00772869,0.730225,0.018968,-0.00795469,-0.0177249,-0.999811,0.0130249,0,0,0,DISABLED,0
12.6402,4.28349,-0.0549318,0,0.00830249,0.730219,0.019363,-0.00738089,-0.0178997,-0.999813,0.012753,0,0,0,DISABLED,0
12.6602,4.28355,-0.0551531,0,0.00846332,0.730221,0.0194857,-0.00722006,-0.0179592,-0.999813,0.0126257,0,0,0,DISABLED,0
12.6802,4.28352,-0.0554142,0,0.00848428,0.730235,0.0195224,-0.0071991,-0.0179863,-0.999812,0.0125225,0,0,0,DISABLED,0
12.7002,4.28346,-0.0555928,0,0.00848216,0.730248,0.0195499,-0.00720121,-0.0180185,-0.999812,0.0124817,0,0,0,DISABLED,0
12.7202,4.28321,-0.0560808,0,0.00846632,0.730291,0.0196684,-0.00721705,-0.0181575,-0.999809,0.0124498,0,0,0,DISABLED,0
12.7402,4.28295,-0.0564841,0,0.00841809,0.730331,0.0198854,-0.00726529,-0.0184227,-0.999804,0.0124392,0,0,0,DISABLED,0
12.7602,4.28265,-0.0569249,0,0.00832612,0.730374,0.0200585,-0.00735726,-0.0186573,-0.999799,0.0124405,0,0,0,DISABLED,0
12.7802,4.28234,-0.0573475,0,0.00823421,0.730414,0.0201564,-0.00744917,-0.0188033,-0.999795,0.0124442,0,0,0,DISABLED,0
12.8002,4.28192,-0.0578848,0,0.00789962,0.730461,0.0203389,-0.00778376,-0.0191474,-0.999786,0.0124602,0,0,0,DISABLED,0
12.8202,4.2815,-0.0583759,0,0.00754133,0.730501,0.0204033,-0.00814205,-0.0193635,-0.999779,0.0124778,0,0,0,DISABLED,0
12.8402,4.28106,-0.0588569,0,0.00709441,0.730538,0.0204237,-0.00858897,-0.0195593,-0.999772,0.0124979,0,0,0,DISABLED,0
12.8602,4.28059,-0.0593201,0,0.00656992,0.730573,0.0204208,-0.00911345,-0.0197408,-0.999764,0.0125208,0,0,0,DISABLED,0
12.8802,4.2801,-0.05976,0,0.00597609,0.730606,0.0203945,-0.00970729,-0.0199048,-0.999755,0.0125488,0,0,0,DISABLED,0
12.9002,4.27965,-0.0601324,0,0.00539998,0.730635,0.0203653,-0.0102834,-0.0200447,-0.999746,0.0125773,0,0,0,DISABLED,0
12.9202,4.27909,-0.0605527,0,0.00465498,0.730669,0.020333,-0.0110284,-0.0202008,-0.999735,0.0126216,0,0,0,DISABLED,0
12.9402,4.27857,-0.0608978,0,0.00401934,0.730699,0.0203096,-0.011664,-0.020314,-0.999726,0.0126666,0,0,0,DISABLED,0
12.9602,4.27805,-0.0612046,0,0.00322244,0.730729,0.0202861,-0.0124609,-0.0204365,-0.999713,0.0127329,0,0,0,DISABLED,0
12.9802,4.27753,-0.0614713,0,0.00248989,0.730759,0.0202802,-0.0131935,-0.0205342,-0.999702,0.0128022,0,0,0,DISABLED,0
13.0002,4.27701,-0.0616983,0,0.00176009,0.730789,0.020289,-0.0139233,-0.020621,-0.99969,0.0128776,0,0,0,DISABLED,0
13.0202,4.2765,-0.0618877,0,0.00103972,0.730818,0.0203154,-0.0146437,-0.0206962,-0.999679,0.0129567,0,0,0,DISABLED,0
13.0402,4.276,-0.0620409,0,0.000332385,0.730847,0.0203477,-0.015351,-0.0207526,-0.999667,0.0130339,0,0,0,DISABLED,0
13.0602,4.27565,-0.0621274,0,-0.000359647,0.730867,0.0203857,-0.016043,-0.0207899,-0.999655,0.0131065,0,0,0,DISABLED,0
13.0802,4.27502,-0.0622435,0,-0.00103299,0.730904,0.0204354,-0.0167164,-0.0208165,-0.999644,0.0131754,0,0,0,DISABLED,0
13.1002,4.27456,-0.0622969,0,-0.00169147,0.730932,0.0204965,-0.0173748,-0.0208309,-0.999632,0.0132415,0,0,0,DISABLED,0
13.1202,4.27411,-0.0623252,0,-0.00233591,0.730959,0.0205546,-0.0180193,-0.0208268,-0.999621,0.0132963,0,0,0,DISABLED,0
13.1402,4.27368,-0.0623341,0,-0.00296778,0.730985,0.0206125,-0.0186512,-0.0208046,-0.99961,0.0133373,0,0,0,DISABLED,0
13.1602,4.27326,-0.0623325,0,-0.00358184,0.731009,0.020679,-0.0192652,-0.0207708,-0.999599,0.0133712,0,0,0,DISABLED,0
13.1802,4.27286,-0.062323,0,-0.00417256,0.731034,0.020748,-0.0198559,-0.0207281,-0.999588,0.0133962,0,0,0,DISABLED,0
13.2002,4.27248,-0.0623076,0,-0.00473726,0.731057,0.0208226,-0.0204206,-0.0206819,-0.999578,0.0134161,0,0,0,DISABLED,0
13.2202,4.27212,-0.062289,0,-0.00527545,0.731079,0.0209083,-0.0209588,-0.0206359,-0.999567,0.0134331,0,0,0,DISABLED,0
13.2402,4.27178,-0.0622691,0,-0.00578671,0.731099,0.0210022,-0.0214701,-0.0205921,-0.999557,0.0134482,0,0,0,DISABLED,0
13.2602,4.27145,-0.0622495,0,-0.00627042,0.731118,0.0211013,-0.0219538,-0.0205513,-0.999548,0.0134623,0,0,0,DISABLED,0
13.2802,4.27115,-0.062231,0,-0.00668168,0.731135,0.0211943,-0.0223651,-0.0205178,-0.999539,0.0134744,0,0,0,DISABLED,0
13.3002,4.27087,-0.0622139,0,-0.00715318,0.731151,0.0213121,-0.0228366,-0.0204806,-0.999529,0.0134883,0,0,0,DISABLED,0
13.3202,4.27063,-0.0621997,0,-0.00751279,0.731164,0.0214125,-0.0231962,-0.020453,-0.999522,0.0134989,0,0,0,DISABLED,0
13.3402,4.27036,-0.0621838,0,-0.00792013,0.731178,0.0215291,-0.0236035,-0.0204224,-0.999513,0.0135109,0,0,0,DISABLED,0
13.3602,4.27014,-0.0621708,0,-0.00825998,0.73119,0.0216313,-0.0239434,-0.0203977,-0.999505,0.0135207,0,0,0,DISABLED,0
13.3802,4.26993,-0.0621592,0,-0.00857124,0.731201,0.0217358,-0.0242546,-0.020376,-0.999498,0.0135295,0,0,0,DISABLED,0
13.4002,4.26975,-0.0621491,0,-0.00885483,0.731211,0.0218316,-0.0245382,-0.0203573,-0.999492,0.0135372,0,0,0,DISABLED,0
13.4202,4.26958,-0.0621403,0,-0.00911202,0.73122,0.0219242,-0.0247954,-0.0203415,-0.999486,0.0135439,0,0,0,DISABLED,0
13.4402,4.26942,-0.0621329,0,-0.00934411,0.731229,0.0220083,-0.0250275,-0.0203282,-0.99948,0.0135497,0,0,0,DISABLED,0
13.4602,4.2693,-0.0621273,0,-0.00951263,0.731235,0.0220705,-0.025196,-0.0203195,-0.999476,0.0135535,0,0,0,DISABLED,0
13.4802,4.26917,-0.0621224,0,-0.00973841,0.731242,0.0221622,-0.0254218,-0.0203092,-0.99947,0.0135582,0,0,0,DISABLED,0
13.5002,4.26905,-0.0621182,0,-0.00990328,0.731249,0.0222293,-0.0255867,-0.0203029,-0.999466,0.013561,0,0,0,DISABLED,0
13.5202,4.26895,-0.0621156,0,-0.0100483,0.731254,0.0222882,-0.0257317,-0.0202988,-0.999463,0.013563,0,0,0,DISABLED,0
13.5402,4.26887,-0.062114,0,-0.0101749,0.731259,0.0223443,-0.0258582,-0.0202964,-0.99946,0.013564,0,0,0,DISABLED,0
13.5602,4.26879,-0.0621133,0,-0.010284,0.731263,0.0223923,-0.0259674,-0.0202958,-0.999457,0.0135641,0,0,0,DISABLED,0
13.5802,4.26874,-0.062113,0,-0.0103325,0.731266,0.0224189,-0.0260158,-0.020296,-0.999455,0.0135637,0,0,0,DISABLED,0
13.6002,4.26868,-0.0621127,0,-0.010455,0.73127,0.0224747,-0.0261383,-0.0202984,-0.999452,0.0135609,0,0,0,DISABLED,0
13.6202,4.26863,-0.0621125,0,-0.0105191,0.731273,0.0225091,-0.0262024,-0.0203012,-0.999451,0.0135576,0,0,0,DISABLED,0
13.6402,4.2686,-0.0621124,0,-0.0105563,0.731275,0.0225277,-0.0262397,-0.0203037,-0.999449,0.0135546,0,0,0,DISABLED,0
13.6602,4.26857,-0.0621122,0,-0.0106104,0.731277,0.0225594,-0.0262937,-0.0203093,-0.999448,0.0135477,0,0,0,DISABLED,0
13.6802,4.26855,-0.0621121,0,-0.0106418,0.731279,0.0225779,-0.0263252,-0.0203143,-0.999447,0.0135412,0,0,0,DISABLED,0
13.7002,4.26853,-0.062112,0,-0.0106653,0.731279,0.0225937,-0.0263487,-0.0203194,-0.999446,0.0135345,0,0,0,DISABLED,0
13.7202,4.26852,-0.062112,0,-0.0106853,0.73128,0.0226095,-0.0263687,-0.0203248,-0.999446,0.0135271,0,0,0,DISABLED,0
13.7402,4.26851,-0.062112,0,-0.0107072,0.73128,0.0226254,-0.0263906,-0.0203322,-0.999445,0.0135163,0,0,0,DISABLED,0
13.7602,4.26851,-0.062112,0,-0.0107193,0.73128,0.0226359,-0.0264027,-0.0203373,-0.999444,0.0135087,0,0,0,DISABLED,0
13.7802,4.26824,-0.062073,0,-0.00919788,0.731294,0.0220138,-0.0248813,-0.0204018,-0.999482,0.0130012,0,0,0,DISABLED,0
13.8002,4.26764,-0.0619608,0,-0.00541402,0.73143,0.0208111,-0.0210974,-0.0204971,-0.999567,0.0119679,0,0,0,DISABLED,0
13.8202,4.2672,-0.061864,0,-0.00242616,0.73163,0.0202419,-0.0181095,-0.020502,-0.999626,0.0112327,0,0,0,DISABLED,0
13.8402,4.26679,-0.0617654,0,1.89096e-05,0.731863,0.0199752,-0.0156645,-0.0203818,-0.99967,0.0107676,0,0,0,DISABLED,0
13.8602,4.26645,-0.0616488,0,0.00136591,0.732011,0.0197078,-0.0143175,-0.0200688,-0.999696,0.0106277,0,0,0,DISABLED,0
13.8802,4.26613,-0.0615525,0,0.00205213,0.732112,0.0194827,-0.0136312,-0.0197806,-0.999711,0.0104863,0,0,0,DISABLED,0
13.9002,4.26578,-0.0615172,0,0.00224294,0.732184,0.0193383,-0.0134404,-0.0196167,-0.999717,0.010398,0,0,0,DISABLED,0
13.9202,4.26545,-0.0615304,0,0.00217314,0.732233,0.0192487,-0.0135102,-0.0195356,-0.999718,0.0103455,0,0,0,DISABLED,0
13.9402,4.26503,-0.0615849,0,0.00190028,0.732281,0.0191525,-0.0137831,-0.0194653,-0.999716,0.0102739,0,0,0,DISABLED,0
13.9602,4.26464,-0.061653,0,0.00153881,0.732314,0.0190245,-0.0141446,-0.0193679,-0.999712,0.0101718,0,0,0,DISABLED,0
13.9802,4.26425,-0.061724,0,0.00096862,0.732342,0.0188229,-0.0147148,-0.0192035,-0.999707,0.0100035,0,0,0,DISABLED,0
14.0002,4.26389,-0.061783,0,0.000565168,0.732366,0.0186926,-0.0151182,-0.0190932,-0.999703,0.00988192,0,0,0,DISABLED,0
14.0202,4.26356,-0.0618271,0,0.000153942,0.732387,0.0185774,-0.0155294,-0.018984,-0.999699,0.00975065,0,0,0,DISABLED,0
14.0402,4.26303,-0.061873,0,-0.000527568,0.73242,0.0184066,-0.0162109,-0.0188054,-0.999692,0.00951992,0,0,0,DISABLED,0
14.0602,4.26262,-0.0618815,0,-0.00106188,0.732444,0.0182929,-0.0167453,-0.0186715,-0.999685,0.00933737,0,0,0,DISABLED,0
14.0802,4.2623,-0.0618746,0,-0.00149226,0.732462,0.0182243,-0.0171756,-0.0185696,-0.99968,0.00919464,0,0,0,DISABLED,0
14.1002,4.2619,-0.0618496,0,-0.00202857,0.732484,0.0181555,-0.0177119,-0.0184491,-0.999673,0.00901728,0,0,0,DISABLED,0
14.1202,4.26143,-0.0617979,0,-0.00266592,0.732509,0.0181062,-0.0183493,-0.0183132,-0.999664,0.00880516,0,0,0,DISABLED,0
14.1402,4.26109,-0.0617463,0,-0.00319038,0.732526,0.0180765,-0.0188738,-0.0182021,-0.999656,0.00862293,0,0,0,DISABLED,0
14.1602,4.26069,-0.0616728,0,-0.00370692,0.732546,0.0180667,-0.0193903,-0.0180887,-0.999648,0.00842825,0,0,0,DISABLED,0
14.1802,4.26034,-0.0615995,0,-0.00421322,0.732562,0.0180667,-0.0198966,-0.0179734,-0.99964,0.00822171,0,0,0,DISABLED,0
14.2002,4.26,-0.0615227,0,-0.00470657,0.732577,0.0180765,-0.0203899,-0.0178581,-0.999633,0.0080062,0,0,0,DISABLED,0
14.2202,4.25971,-0.0614524,0,-0.00513731,0.73259,0.018093,-0.0208207,-0.0177557,-0.999626,0.00780708,0,0,0,DISABLED,0
14.2402,4.25934,-0.0613586,0,-0.00568803,0.732605,0.0181325,-0.0213714,-0.0176228,-0.999616,0.00753724,0,0,0,DISABLED,0
14.2603,4.25907,-0.0612896,0,-0.00608164,0.732615,0.0181686,-0.021765,-0.017527,-0.999609,0.00733461,0,0,0,DISABLED,0
14.2803,4.2588,-0.0612151,0,-0.00649844,0.732625,0.0182178,-0.0221818,-0.0174252,-0.999602,0.00711011,0,0,0,DISABLED,0
14.3003,4.25854,-0.0611437,0,-0.00689314,0.732634,0.0182733,-0.0225765,-0.0173283,-0.999595,0.00688947,0,0,0,DISABLED,0
14.3203,4.2583,-0.0610761,0,-0.0072289,0.732642,0.0183254,-0.0229123,-0.0172457,-0.999589,0.00669631,0,0,0,DISABLED,0
14.3403,4.25807,-0.0610121,0,-0.00761327,0.732649,0.0183969,-0.0232967,-0.0171507,-0.999581,0.00646463,0,0,0,DISABLED,0
14.3603,4.25786,-0.0609516,0,-0.00793753,0.732655,0.0184583,-0.0236209,-0.0170695,-0.999575,0.00625699,0,0,0,DISABLED,0
14.3803,4.25767,-0.0608946,0,-0.00823811,0.732661,0.0185196,-0.0239215,-0.0169929,-0.999569,0.00605131,0,0,0,DISABLED,0
14.4003,4.25753,-0.0608512,0,-0.00846161,0.732664,0.018571,-0.024145,-0.0169348,-0.999565,0.00588896,0,0,0,DISABLED,0
14.4203,4.25735,-0.060795,0,-0.00874464,0.732669,0.0186351,-0.024428,-0.016859,-0.999559,0.00566943,0,0,0,DISABLED,0
14.4403,4.25721,-0.0607469,0,-0.0089784,0.732672,0.0186894,-0.0246618,-0.0167943,-0.999555,0.00547251,0,0,0,DISABLED,0
14.4603,4.25707,-0.0606974,0,-0.00921084,0.732675,0.0187435,-0.0248942,-0.0167275,-0.99955,0.00525804,0,0,0,DISABLED,0
14.4803,4.25695,-0.0606553,0,-0.00940043,0.732677,0.018788,-0.0250838,-0.0166704,-0.999546,0.00506541,0,0,0,DISABLED,0
14.5003,4.25685,-0.0606158,0,-0.00957004,0.732678,0.0188292,-0.0252534,-0.0166168,-0.999543,0.00487533,0,0,0,DISABLED,0
14.5203,4.25676,-0.0605789,0,-0.00972039,0.732679,0.0188608,-0.0254038,-0.0165664,-0.99954,0.00468775,0,0,0,DISABLED,0
14.5403,4.25669,-0.0605444,0,-0.00983985,0.732679,0.0188861,-0.0255232,-0.0165236,-0.999538,0.00452103,0,0,0,DISABLED,0
14.5603,4.25662,-0.0605123,0,-0.00996582,0.73268,0.0189082,-0.0256492,-0.0164745,-0.999535,0.00432013,0,0,0,DISABLED,0
14.5803,4.25657,-0.0604824,0,-0.010062,0.73268,0.0189239,-0.0257453,-0.0164325,-0.999533,0.0041403,0,0,0,DISABLED,0
14.6003,4.25653,-0.0604545,0,-0.0101417,0.732679,0.0189365,-0.0258251,-0.0163931,-0.999532,0.00396311,0,0,0,DISABLED,0
14.6203,4.25649,-0.0604287,0,-0.0102066,0.732679,0.0189397,-0.0258899,-0.0163559,-0.999531,0.00378865,0,0,0,DISABLED,0
14.6403,4.25647,-0.0604047,0,-0.0102579,0.732678,0.0189365,-0.0259413,-0.016321,-0.99953,0.00361698,0,0,0,DISABLED,0
14.6603,4.25645,-0.0603847,0,-0.0102934,0.732677,0.0189302,-0.0259768,-0.0162912,-0.99953,0.00346487,0,0,0,DISABLED,0
14.6803,4.25644,-0.060364,0,-0.0103182,0.732676,0.0189239,-0.0260016,-0.0162661,-0.99953,0.00333106,0,0,0,DISABLED,0
14.7003,4.25644,-0.0603431,0,-0.0103495,0.732674,0.0189082,-0.0260328,-0.0162274,-0.999529,0.00311806,0,0,0,DISABLED,0
14.7203,4.25644,-0.0603274,0,-0.010367,0.732672,0.0188987,-0.0260504,-0.0162018,-0.999529,0.00297401,0,0,0,DISABLED,0
14.7403,4.25644,-0.0603093,0,-0.0103871,0.73267,0.0188829,-0.0260704,-0.0161712,-0.999529,0.00280158,0,0,0,DISABLED,0
14.7603,4.25644,-0.0602939,0,-0.0104047,0.732668,0.0188672,-0.0260881,-0.016144,-0.999529,0.00264888,0,0,0,DISABLED,0
14.7803,4.25644,-0.0602793,0,-0.010422,0.732666,0.0188577,-0.0261054,-0.0161172,-0.999529,0.00249951,0,0,0,DISABLED,0
14.8003,4.25644,-0.0602654,0,-0.0104389,0.732664,0.018845,-0.0261223,-0.0160907,-0.999529,0.00235301,0,0,0,DISABLED,0
14.8203,4.25644,-0.060252,0,-0.0104553,0.732662,0.0188292,-0.0261387,-0.0160646,-0.999529,0.00220941,0,0,0,DISABLED,0
14.8403,4.25644,-0.0602391,0,-0.0104712,0.732661,0.0188165,-0.0261546,-0.0160388,-0.999529,0.00206852,0,0,0,DISABLED,0
14.8603,4.25644,-0.0602267,0,-0.0104866,0.732659,0.0188039,-0.02617,-0.0160133,-0.999529,0.00193015,0,0,0,DISABLED,0
14.8803,4.25644,-0.0602146,0,-0.0105015,0.732658,0.0187943,-0.0261849,-0.015988,-0.999529,0.00179417,0,0,0,DISABLED,0
14.9003,4.25644,-0.0602029,0,-0.0105172,0.732656,0.0187785,-0.0262006,-0.0159605,-0.999529,0.00164731,0,0,0,DISABLED,0
14.9203,4.25644,-0.0601949,0,-0.0105283,0.732655,0.018769,-0.0262117,-0.0159407,-0.999529,0.00154209,0,0,0,DISABLED,0
14.9403,4.25644,-0.0601805,0,-0.0105417,0.732653,0.0187562,-0.0262251,-0.0159162,-0.999529,0.00141259,0,0,0,DISABLED,0
14.9603,4.25644,-0.0601698,0,-0.0105559,0.732652,0.0187404,-0.0262393,-0.0158894,-0.999529,0.00127262,0,0,0,DISABLED,0
14.9803,4.25644,-0.0601593,0,-0.0105671,0.732651,0.0187276,-0.0262505,-0.0158678,-0.999529,0.00115974,0,0,0,DISABLED,0
15.0003,4.25644,-0.0601491,0,-0.0105802,0.732649,0.0187149,-0.0262636,-0.0158415,-0.99953,0.00102376,0,0,0,DISABLED,0
15.0203,4.25644,-0.0601391,0,-0.0105917,0.732648,0.0187021,-0.0262751,-0.0158178,-0.99953,0.000902046,0,0,0,DISABLED,0
15.0403,4.25644,-0.0601303,0,-0.0106016,0.732647,0.0186926,-0.026285,-0.0157967,-0.99953,0.000793871,0,0,0,DISABLED,0
15.0603,4.25644,-0.0601198,0,-0.0106133,0.732646,0.0186766,-0.0262966,-0.015771,-0.99953,0.000663284,0,0,0,DISABLED,0
15.0803,4.25644,-0.0601104,0,-0.0106234,0.732645,0.0186607,-0.0263068,-0.0157479,-0.99953,0.000546032,0,0,0,DISABLED,0
15.1003,4.25644,-0.0601012,0,-0.0106331,0.732644,0.0186511,-0.0263165,-0.0157249,-0.99953,0.00043011,0,0,0,DISABLED,0
15.1203,4.25644,-0.060093,0,-0.0106415,0.732643,0.0186383,-0.0263249,-0.0157043,-0.99953,0.00032686,0,0,0,DISABLED,0
15.1403,4.25644,-0.0600832,0,-0.0106513,0.732642,0.0186223,-0.0263347,-0.0156793,-0.99953,0.000202014,0,0,0,DISABLED,0
15.1603,4.25644,-0.0600744,0,-0.0106598,0.732642,0.0186095,-0.0263432,-0.0156568,-0.99953,8.9729e-05,0,0,0,DISABLED,0
15.1803,4.25644,-0.0600684,0,-0.0106656,0.732641,0.0185999,-0.0263489,-0.0156411,-0.99953,1.1786e-05,0,0,0,DISABLED,0
15.2003,4.25644,-0.0600573,0,-0.0106749,0.73264,0.0185838,-0.0263583,-0.0156143,-0.999531,-0.000120673,0,0,0,DISABLED,0
15.2203,4.25644,-0.060049,0,-0.0106831,0.732639,0.0185678,-0.0263665,-0.01559,-0.999531,-0.000240749,0,0,0,DISABLED,0
15.2403,4.25644,-0.0600423,0,-0.0106888,0.732639,0.018555,-0.0263721,-0.0155723,-0.999531,-0.000327377,0,0,0,DISABLED,0
15.2603,4.25644,-0.0600333,0,-0.0106968,0.732638,0.0185389,-0.0263802,-0.0155461,-0.999531,-0.000456229,0,0,0,DISABLED,0
15.2803,4.25644,-0.0600244,0,-0.0107032,0.732637,0.018526,-0.0263866,-0.0155243,-0.999531,-0.000562635,0,0,0,DISABLED,0
15.3003,4.25644,-0.0600172,0,-0.0107086,0.732637,0.0185131,-0.026392,-0.0155048,-0.999531,-0.000657741,0,0,0,DISABLED,0
15.3203,4.25644,-0.0600085,0,-0.0107149,0.732636,0.018497,-0.0263983,-0.0154811,-0.999532,-0.000773153,0,0,0,DISABLED,0
15.3403,4.25644,-0.0600006,0,-0.0107203,0.732636,0.0184841,-0.0264037,-0.0154596,-0.999532,-0.000877306,0,0,0,DISABLED,0
15.3603,4.25644,-0.0599928,0,-0.0107254,0.732635,0.0184712,-0.0264088,-0.0154383,-0.999532,-0.000980758,0,0,0,DISABLED,0
15.3803,4.25644,-0.0599851,0,-0.0107302,0.732635,0.0184519,-0.0264136,-0.0154171,-0.999532,-0.00108353,0,0,0,DISABLED,0
15.4003,4.25644,-0.0599774,0,-0.0107347,0.732635,0.0184389,-0.0264181,-0.015396,-0.999532,-0.00118566,0,0,0,DISABLED,0
15.4203,4.25644,-0.0599698,0,-0.010739,0.732634,0.0184228,-0.0264224,-0.015375,-0.999533,-0.00128717,0,0,0,DISABLED,0
15.4403,4.25644,-0.0599637,0,-0.0107423,0.732634,0.0184131,-0.0264257,-0.0153582,-0.999533,-0.00136794,0,0,0,DISABLED,0
15.4603,4.25644,-0.0599562,0,-0.0107459,0.732634,0.0184001,-0.0264292,-0.0153395,-0.999533,-0.00145835,0,0,0,DISABLED,0
15.4803,4.25645,-0.0599473,0,-0.0107507,0.732633,0.0183807,-0.0264341,-0.0153125,-0.999533,-0.00158815,0,0,0,DISABLED,0
15.5003,4.25645,-0.0599391,0,-0.0107542,0.732633,0.0183677,-0.0264376,-0.0152919,-0.999533,-0.00168739,0,0,0,DISABLED,0
15.5203,4.25645,-0.0599325,0,-0.0107575,0.732633,0.0183514,-0.0264409,-0.0152714,-0.999534,-0.00178608,0,0,0,DISABLED,0
15.5403,4.25645,-0.0599259,0,-0.0107606,0.732633,0.0183385,-0.026444,-0.0152509,-0.999534,-0.00188424,0,0,0,DISABLED,0
15.5603,4.25645,-0.0599178,0,-0.0107635,0.732633,0.0183222,-0.0264469,-0.0152305,-0.999534,-0.00198195,0,0,0,DISABLED,0
15.5803,4.25645,-0.0599105,0,-0.0107663,0.732632,0.0183059,-0.0264497,-0.0152102,-0.999534,-0.00207923,0,0,0,DISABLED,0
15.6003,4.25645,-0.0599032,0,-0.0107689,0.732632,0.0182929,-0.0264522,-0.01519,-0.999535,-0.00217608,0,0,0,DISABLED,0
15.6203,4.25645,-0.0598988,0,-0.010771,0.732632,0.0182766,-0.0264544,-0.0151719,-0.999535,-0.00226285,0,0,0,DISABLED,0
15.6403,4.25645,-0.0598887,0,-0.0107735,0.732632,0.0182635,-0.0264569,-0.0151499,-0.999535,-0.00236842,0,0,0,DISABLED,0
15.6603,4.25645,-0.0598815,0,-0.0107755,0.732632,0.0182505,-0.0264589,-0.01513,-0.999535,-0.00246395,0,0,0,DISABLED,0
15.6803,4.25645,-0.0598744,0,-0.0107774,0.732632,0.0182341,-0.0264608,-0.0151101,-0.999536,-0.00255908,0,0,0,DISABLED,0
15.7003,4.25645,-0.0598672,0,-0.0107792,0.732632,0.0182178,-0.0264626,-0.0150903,-0.999536,-0.00265381,0,0,0,DISABLED,0
15.7203,4.25645,-0.0598601,0,-0.0107808,0.732632,0.0182047,-0.0264642,-0.0150706,-0.999536,-0.00274815,0,0,0,DISABLED,0
15.7403,4.25645,-0.0598529,0,-0.0107822,0.732631,0.0181883,-0.0264656,-0.015051,-0.999536,-0.00284214,0,0,0,DISABLED,0
15.7603,4.25645,-0.0598458,0,-0.0107835,0.732631,0.0181719,-0.0264669,-0.0150314,-0.999537,-0.00293577,0,0,0,DISABLED,0
15.7803,4.25645,-0.0598394,0,-0.0107846,0.732631,0.0181588,-0.0264679,-0.0150138,-0.999537,-0.00301974,0,0,0,DISABLED,0
15.8003,4.25645,-0.059833,0,-0.0107855,0.732631,0.0181457,-0.0264689,-0.0149963,-0.999537,-0.00310342,0,0,0,DISABLED,0
15.8203,4.25645,-0.0598245,0,-0.0107866,0.732631,0.0181292,-0.0264699,-0.0149731,-0.999537,-0.00321457,0,0,0,DISABLED,0
15.8403,4.25645,-0.0598175,0,-0.0107873,0.732631,0.0181128,-0.0264707,-0.0149538,-0.999538,-0.00330685,0,0,0,DISABLED,0
15.8603,4.25645,-0.0598104,0,-0.0107879,0.732631,0.0180996,-0.0264713,-0.0149345,-0.999538,-0.00339879,0,0,0,DISABLED,0
15.8803,4.25645,-0.0598033,0,-0.0107884,0.732632,0.0180831,-0.0264718,-0.0149153,-0.999538,-0.00349038,0,0,0,DISABLED,0
15.9003,4.25645,-0.0597962,0,-0.0107888,0.732632,0.01807,-0.0264721,-0.0148962,-0.999539,-0.00358167,0,0,0,DISABLED,0
15.9203,4.25645,-0.0597891,0,-0.010789,0.732632,0.0180534,-0.0264724,-0.0148771,-0.999539,-0.00367268,0,0,0,DISABLED,0
15.9403,4.25645,-0.0597821,0,-0.0107891,0.732632,0.0180369,-0.0264725,-0.0148581,-0.999539,-0.0037634,0,0,0,DISABLED,0
15.9603,4.25645,-0.059775,0,-0.0107891,0.732632,0.0180237,-0.0264725,-0.0148392,-0.999539,-0.00385382,0,0,0,DISABLED,0
15.9803,4.25645,-0.0597679,0,-0.010789,0.732632,0.0180072,-0.0264724,-0.0148203,-0.99954,-0.00394394,0,0,0,DISABLED,0
16.0003,4.25645,-0.0597609,0,-0.0107888,0.732632,0.0179906,-0.0264722,-0.0148015,-0.99954,-0.00403378,0,0,0,DISABLED,0
16.0203,4.25645,-0.0597538,0,-0.0107885,0.732632,0.017974,-0.0264719,-0.0147827,-0.99954,-0.00412333,0,0,0,DISABLED,0
16.0403,4.25645,-0.0597468,0,-0.0107881,0.732632,0.0179608,-0.0264714,-0.014764,-0.999541,-0.0042126,0,0,0,DISABLED,0
16.0603,4.25645,-0.0597397,0,-0.0107875,0.732632,0.0179475,-0.0264709,-0.0147453,-0.999541,-0.00430161,0,0,0,DISABLED,0
16.0803,4.25645,-0.0597327,0,-0.010787,0.732633,0.0179342,-0.0264704,-0.0147305,-0.999541,-0.00437263,0,0,0,DISABLED,0
16.1003,4.25645,-0.0597256,0,-0.0107862,0.732633,0.0179176,-0.0264696,-0.0147082,-0.999541,-0.00447884,0,0,0,DISABLED,0
16.1203,4.25645,-0.0597186,0,-0.0107854,0.732633,0.0179009,-0.0264688,-0.0146897,-0.999542,-0.00456708,0,0,0,DISABLED,0
16.1403,4.25645,-0.0597122,0,-0.0107845,0.732633,0.0178843,-0.0264679,-0.0146712,-0.999542,-0.00465507,0,0,0,DISABLED,0
16.1603,4.25645,-0.0597058,0,-0.0107837,0.732633,0.0178743,-0.0264671,-0.0146565,-0.999542,-0.00472526,0,0,0,DISABLED,0
16.1803,4.25645,-0.0596974,0,-0.0107825,0.732634,0.0178576,-0.0264659,-0.0146363,-0.999543,-0.00482152,0,0,0,DISABLED,0
16.2003,4.25645,-0.0596924,0,-0.0107816,0.732634,0.0178442,-0.026465,-0.0146217,-0.999543,-0.00489136,0,0,0,DISABLED,0
16.2203,4.25645,-0.0596832,0,-0.01078,0.732634,0.0178242,-0.0264634,-0.0145979,-0.999543,-0.00500456,0,0,0,DISABLED,0
16.2403,4.25645,-0.0596761,0,-0.0107787,0.732634,0.0178074,-0.0264621,-0.0145797,-0.999543,-0.00509136,0,0,0,DISABLED,0
16.2603,4.25646,-0.059669,0,-0.0107773,0.732635,0.0177941,-0.0264606,-0.0145616,-0.999544,-0.0051779,0,0,0,DISABLED,0
16.2803,4.25646,-0.0596619,0,-0.0107758,0.732635,0.0177773,-0.0264592,-0.0145434,-0.999544,-0.00526419,0,0,0,DISABLED,0
16.3003,4.25646,-0.0596548,0,-0.0107742,0.732635,0.0177639,-0.0264576,-0.0145253,-0.999544,-0.00535026,0,0,0,DISABLED,0
16.3203,4.25646,-0.0596477,0,-0.0107725,0.732635,0.0177471,-0.0264558,-0.0145055,-0.999545,-0.00544468,0,0,0,DISABLED,0
16.3403,4.25646,-0.0596406,0,-0.0107709,0.732636,0.0177303,-0.0264543,-0.0144893,-0.999545,-0.00552175,0,0,0,DISABLED,0
16.3603,4.25646,-0.0596335,0,-0.0107692,0.732636,0.0177168,-0.0264525,-0.0144714,-0.999545,-0.00560714,0,0,0,DISABLED,0
16.3803,4.25646,-0.0596271,0,-0.0107673,0.732636,0.0177,-0.0264507,-0.0144535,-0.999546,-0.0056923,0,0,0,DISABLED,0
16.4003,4.25646,-0.0596193,0,-0.0107654,0.732636,0.0176865,-0.0264488,-0.0144357,-0.999546,-0.00577725,0,0,0,DISABLED,0
16.4203,4.25646,-0.0596122,0,-0.0107635,0.732637,0.017673,-0.0264469,-0.0144179,-0.999546,-0.005862,0,0,0,DISABLED,0
16.4403,4.25646,-0.0596051,0,-0.0107615,0.732637,0.0176562,-0.0264448,-0.0144002,-0.999547,-0.0059465,0,0,0,DISABLED,0
16.4603,4.25646,-0.059598,0,-0.0107594,0.732637,0.0176393,-0.0264428,-0.0143825,-0.999547,-0.0060308,0,0,0,DISABLED,0
16.4803,4.25646,-0.059591,0,-0.0107572,0.732638,0.0176258,-0.0264406,-0.0143649,-0.999547,-0.00611483,0,0,0,DISABLED,0
16.5003,4.25646,-0.0595839,0,-0.0107551,0.732638,0.0176088,-0.0264384,-0.0143473,-0.999547,-0.00619851,0,0,0,DISABLED,0
16.5203,4.25646,-0.0595768,0,-0.0107528,0.732638,0.0175953,-0.0264362,-0.0143298,-0.999548,-0.0062819,0,0,0,DISABLED,0
16.5403,4.25646,-0.0595697,0,-0.0107505,0.732639,0.0175817,-0.0264339,-0.0143124,-0.999548,-0.00636492,0,0,0,DISABLED,0
16.5603,4.25646,-0.0595627,0,-0.0107482,0.732639,0.0175614,-0.0264315,-0.014295,-0.999548,-0.00644761,0,0,0,DISABLED,0
16.5803,4.25646,-0.0595556,0,-0.0107458,0.732639,0.0175478,-0.0264291,-0.0142777,-0.999549,-0.00652997,0,0,0,DISABLED,0
16.6003,4.25646,-0.0595485,0,-0.0107433,0.73264,0.0175342,-0.0264267,-0.0142604,-0.999549,-0.00661206,0,0,0,DISABLED,0
16.6203,4.25646,-0.0595415,0,-0.0107408,0.73264,0.0175206,-0.0264242,-0.0142432,-0.999549,-0.0066939,0,0,0,DISABLED,0
16.6403,4.25646,-0.0595344,0,-0.0107383,0.732641,0.017507,-0.0264216,-0.0142261,-0.99955,-0.00677539,0,0,0,DISABLED,0
16.6603,4.25646,-0.0595273,0,-0.0107357,0.732641,0.0174866,-0.026419,-0.014209,-0.99955,-0.0068566,0,0,0,DISABLED,0
16.6803,4.25646,-0.0595202,0,-0.010733,0.732641,0.0174729,-0.0264164,-0.014192,-0.99955,-0.00693753,0,0,0,DISABLED,0
16.7003,4.25646,-0.0595131,0,-0.0107303,0.732642,0.0174593,-0.0264137,-0.014175,-0.999551,-0.00701816,0,0,0,DISABLED,0
16.7203,4.25646,-0.059506,0,-0.0107276,0.732642,0.0174456,-0.026411,-0.014158,-0.999551,-0.00709857,0,0,0,DISABLED,0
16.7403,4.25646,-0.0594995,0,-0.0107248,0.732642,0.0174285,-0.0264082,-0.0141411,-0.999551,-0.00717879,0,0,0,DISABLED,0
16.7603,4.25646,-0.0594917,0,-0.010722,0.732643,0.0174114,-0.0264054,-0.0141242,-0.999552,-0.00725882,0,0,0,DISABLED,0
16.7803,4.25646,-0.0594845,0,-0.0107191,0.732643,0.0173977,-0.0264025,-0.0141073,-0.999552,-0.00733876,0,0,0,DISABLED,0
16.8003,4.25646,-0.059478,0,-0.0107165,0.732644,0.017384,-0.0263999,-0.0140921,-0.999552,-0.00741052,0,0,0,DISABLED,0
16.8203,4.25646,-0.0594701,0,-0.0107133,0.732644,0.0173668,-0.0263966,-0.0140737,-0.999552,-0.00749798,0,0,0,DISABLED,0
16.8403,4.25646,-0.0594629,0,-0.0107102,0.732644,0.0173531,-0.0263936,-0.0140569,-0.999553,-0.00757729,0,0,0,DISABLED,0
16.8603,4.25646,-0.0594557,0,-0.0107072,0.732645,0.0173394,-0.0263906,-0.0140402,-0.999553,-0.00765639,0,0,0,DISABLED,0
16.8803,4.25646,-0.0594492,0,-0.0107044,0.732645,0.0173256,-0.0263878,-0.0140251,-0.999553,-0.00772742,0,0,0,DISABLED,0
16.9003,4.25646,-0.0594413,0,-0.010701,0.732646,0.0173084,-0.0263844,-0.0140068,-0.999554,-0.00781401,0,0,0,DISABLED,0
16.9203,4.25647,-0.0594341,0,-0.0106978,0.732646,0.0172946,-0.0263812,-0.0139902,-0.999554,-0.00789258,0,0,0,DISABLED,0
16.9403,4.25647,-0.0594269,0,-0.0106953,0.732647,0.0172808,-0.0263787,-0.0139769,-0.999554,-0.00795529,0,0,0,DISABLED,0
16.9603,4.25647,-0.0594197,0,-0.0106914,0.732647,0.0172636,-0.0263748,-0.013957,-0.999555,-0.00804913,0,0,0,DISABLED,0
16.9803,4.25647,-0.0594125,0,-0.0106882,0.732647,0.0172497,-0.0263716,-0.0139405,-0.999555,-0.00812714,0,0,0,DISABLED,0
17.0003,4.25647,-0.0594053,0,-0.0106849,0.732648,0.0172359,-0.0263683,-0.013924,-0.999555,-0.00820497,0,0,0,DISABLED,0
17.0203,4.25647,-0.0594003,0,-0.0106826,0.732648,0.0172221,-0.026366,-0.0139125,-0.999556,-0.00825934,0,0,0,DISABLED,0
17.0403,4.25647,-0.0593917,0,-0.0106786,0.732649,0.0172013,-0.026362,-0.0138928,-0.999556,-0.00835234,0,0,0,DISABLED,0
17.0603,4.25647,-0.0593838,0,-0.0106749,0.732649,0.0171909,-0.0263583,-0.0138748,-0.999556,-0.00843736,0,0,0,DISABLED,0
17.0803,4.25647,-0.0593773,0,-0.0106718,0.73265,0.0171736,-0.0263552,-0.0138601,-0.999557,-0.00850679,0,0,0,DISABLED,0
17.1003,4.25647,-0.0593694,0,-0.0106681,0.73265,0.0171597,-0.0263515,-0.0138421,-0.999557,-0.00859144,0,0,0,DISABLED,0
17.1203,4.25647,-0.0593622,0,-0.0106647,0.732651,0.0171458,-0.026348,-0.0138258,-0.999557,-0.00866821,0,0,0,DISABLED,0
17.1403,4.25647,-0.0593565,0,-0.0106619,0.732651,0.0171284,-0.0263453,-0.0138128,-0.999557,-0.00872951,0,0,0,DISABLED,0
17.1603,4.25647,-0.0593486,0,-0.0106584,0.732651,0.0171144,-0.0263418,-0.0137966,-0.999558,-0.00880599,0,0,0,DISABLED,0
17.1803,4.25647,-0.0593407,0,-0.0106543,0.732652,0.0171005,-0.0263376,-0.0137772,-0.999558,-0.00889754,0,0,0,DISABLED,0
17.2003,4.25647,-0.0593343,0,-0.0106508,0.732652,0.0170866,-0.0263341,-0.0137611,-0.999558,-0.00897367,0,0,0,DISABLED,0
17.2203,4.25647,-0.0593264,0,-0.0106472,0.732653,0.0170691,-0.0263306,-0.0137449,-0.999559,-0.00904964,0,0,0,DISABLED,0
17.2403,4.25647,-0.0593192,0,-0.0106437,0.732653,0.0170551,-0.0263271,-0.0137288,-0.999559,-0.00912541,0,0,0,DISABLED,0
17.2603,4.25647,-0.059312,0,-0.0106401,0.732654,0.0170412,-0.0263235,-0.0137128,-0.999559,-0.009201,0,0,0,DISABLED,0
17.2803,4.25647,-0.0593049,0,-0.0106366,0.732654,0.0170237,-0.0263199,-0.0136968,-0.99956,-0.00927644,0,0,0,DISABLED,0
17.3003,4.25647,-0.0592977,0,-0.010633,0.732655,0.0170096,-0.0263164,-0.0136808,-0.99956,-0.0093517,0,0,0,DISABLED,0
17.3203,4.25647,-0.0592906,0,-0.0106294,0.732655,0.0169956,-0.0263128,-0.0136649,-0.99956,-0.0094268,0,0,0,DISABLED,0
17.3403,4.25647,-0.0592835,0,-0.0106258,0.732656,0.0169816,-0.0263091,-0.013649,-0.999561,-0.00950172,0,0,0,DISABLED,0
17.3603,4.25647,-0.0592763,0,-0.0106221,0.732656,0.016964,-0.0263055,-0.0136331,-0.999561,-0.00957648,0,0,0,DISABLED,0
17.3803,4.25647,-0.0592692,0,-0.0106185,0.732657,0.01695,-0.0263019,-0.0136173,-0.999561,-0.00965107,0,0,0,DISABLED,0
17.4003,4.25647,-0.059265,0,-0.0106163,0.732657,0.0169429,-0.0262997,-0.0136078,-0.999561,-0.00969576,0,0,0,DISABLED,0
17.4203,4.25647,-0.0592558,0,-0.0106116,0.732658,0.0169218,-0.026295,-0.0135873,-0.999562,-0.00979231,0,0,0,DISABLED,0
17.4403,4.25647,-0.059248,0,-0.0106075,0.732658,0.0169077,-0.0262909,-0.01357,-0.999562,-0.00987383,0,0,0,DISABLED,0
17.4603,4.25647,-0.0592423,0,-0.0106046,0.732659,0.0168936,-0.026288,-0.0135575,-0.999563,-0.00993302,0,0,0,DISABLED,0
17.4803,4.25647,-0.0592353,0,-0.0106009,0.732659,0.0168795,-0.0262843,-0.0135418,-0.999563,-0.0100069,0,0,0,DISABLED,0
17.5003,4.25647,-0.059226,0,-0.0105965,0.73266,0.0168654,-0.0262799,-0.013523,-0.999563,-0.0100953,0,0,0,DISABLED,0
17.5203,4.25647,-0.0592204,0,-0.0105932,0.73266,0.0168512,-0.0262766,-0.0135089,-0.999563,-0.0101615,0,0,0,DISABLED,0
17.5403,4.25648,-0.059214,0,-0.0105899,0.73266,0.0168406,-0.0262733,-0.0134949,-0.999564,-0.0102276,0,0,0,DISABLED,0
17.5603,4.25648,-0.0592055,0,-0.0105858,0.732661,0.0168229,-0.0262692,-0.0134778,-0.999564,-0.0103081,0,0,0,DISABLED,0
17.5803,4.25648,-0.0591991,0,-0.0105821,0.732661,0.0168087,-0.0262655,-0.0134622,-0.999564,-0.0103812,0,0,0,DISABLED,0
17.6003,4.25648,-0.0591921,0,-0.010578,0.732662,0.016791,-0.0262614,-0.0134452,-0.999565,-0.0104615,0,0,0,DISABLED,0
17.6203,4.25648,-0.0591843,0,-0.0105743,0.732662,0.0167768,-0.0262577,-0.0134297,-0.999565,-0.0105342,0,0,0,DISABLED,0
17.6403,4.25648,-0.0591772,0,-0.0105706,0.732663,0.0167625,-0.026254,-0.0134143,-0.999565,-0.0106069,0,0,0,DISABLED,0
17.6603,4.25648,-0.0591702,0,-0.0105669,0.732663,0.0167483,-0.0262503,-0.0133989,-0.999566,-0.0106793,0,0,0,DISABLED,0
17.6803,4.25648,-0.0591631,0,-0.0105632,0.732664,0.0167341,-0.0262465,-0.0133835,-0.999566,-0.0107517,0,0,0,DISABLED,0
17.7003,4.25648,-0.0591561,0,-0.0105594,0.732664,0.0167198,-0.0262428,-0.0133682,-0.999566,-0.0108238,0,0,0,DISABLED,0
17.7203,4.25648,-0.0591491,0,-0.0105557,0.732665,0.0167091,-0.0262391,-0.0133529,-0.999566,-0.0108959,0,0,0,DISABLED,0
17.7403,4.25648,-0.0591421,0,-0.010552,0.732665,0.0166948,-0.0262354,-0.0133376,-0.999567,-0.0109677,0,0,0,DISABLED,0
17.7603,4.25648,-0.0591351,0,-0.0105482,0.732666,0.0166806,-0.0262316,-0.0133224,-0.999567,-0.0110394,0,0,0,DISABLED,0
17.7803,4.25648,-0.0591282,0,-0.0105445,0.732666,0.0166663,-0.0262279,-0.0133072,-0.999567,-0.011111,0,0,0,DISABLED,0
17.8003,4.25648,-0.0591212,0,-0.0105408,0.732667,0.0166519,-0.0262242,-0.013292,-0.999568,-0.0111824,0,0,0,DISABLED,0
17.8203,4.25648,-0.0591142,0,-0.010537,0.732667,0.0166376,-0.0262204,-0.0132768,-0.999568,-0.0112537,0,0,0,DISABLED,0
17.8403,4.25648,-0.059108,0,-0.0105337,0.732668,0.0166233,-0.0262171,-0.0132632,-0.999568,-0.0113177,0,0,0,DISABLED,0
17.8603,4.25648,-0.0591003,0,-0.0105296,0.732668,0.0166089,-0.026213,-0.0132466,-0.999569,-0.0113958,0,0,0,DISABLED,0
17.8803,4.25648,-0.0590934,0,-0.0105258,0.732669,0.0165946,-0.0262092,-0.0132316,-0.999569,-0.0114667,0,0,0,DISABLED,0
17.9003,4.25648,-0.0590865,0,-0.0105221,0.732669,0.0165802,-0.0262055,-0.0132165,-0.999569,-0.0115374,0,0,0,DISABLED,0
17.9203,4.25648,-0.0590796,0,-0.0105184,0.73267,0.0165658,-0.0262018,-0.0132015,-0.999569,-0.0116079,0,0,0,DISABLED,0
17.9403,4.25648,-0.0590726,0,-0.0105147,0.73267,0.0165514,-0.026198,-0.0131866,-0.99957,-0.0116783,0,0,0,DISABLED,0
17.9603,4.25648,-0.0590657,0,-0.0105109,0.732671,0.0165406,-0.0261943,-0.0131716,-0.99957,-0.0117486,0,0,0,DISABLED,0
17.9803,4.25648,-0.0590589,0,-0.0105072,0.732671,0.0165262,-0.0261906,-0.0131567,-0.99957,-0.0118187,0,0,0,DISABLED,0
18.0003,4.25648,-0.059052,0,-0.0105035,0.732672,0.0165117,-0.0261869,-0.0131418,-0.999571,-0.0118887,0,0,0,DISABLED,0
