t,drift_x,drift_y,lean,dpitch,base_z,tilt_rad,gx,gy,gz,yaw_delta,cmd_vx,cmd_vy,cmd_yaw,meta_selected,meta_safety_hold
0.0199962,0,0,0,0,0.732862,0,-0.0157328,-0.000443575,-0.999876,0,0.4,0,0,DISABLED,0
0.0399961,1.09207e-05,-2.04425e-07,0,-4.39957e-06,0.732858,0,-0.0157372,-0.00044367,-0.999876,3.45032e-06,0.4,0,0,DISABLED,0
0.0599961,6.07362e-05,-1.98372e-07,0,-1.38637e-05,0.732849,0,-0.0157467,-0.00044299,-0.999876,9.64466e-06,0.4,0,0,DISABLED,0
0.0799961,0.000239918,-2.02754e-05,0,-0.000222025,0.732816,0,-0.0159549,-0.000449167,-0.999873,1.88185e-05,0.4,0,0,DISABLED,0
0.0999961,0.000531757,-5.33471e-05,0,-0.000826195,0.732756,0.000845728,-0.016559,-0.000512933,-0.999863,-4.06774e-05,0.4,0,0,DISABLED,0
0.119996,0.00124471,-2.19783e-05,0,-0.00189291,0.732673,0.00189111,-0.0176257,-0.000576284,-0.999844,0.00028035,0.4,0,0,DISABLED,0
0.139996,0.00206433,0.000486329,0,-0.00219187,0.73257,0.00256057,-0.0179247,0.000907755,-0.999839,0.000239906,0.4,0,0,DISABLED,0
0.159996,0.00259921,0.00118926,0,-0.00194115,0.732468,0.00314553,-0.017674,0.00201743,-0.999842,0.000159681,0.4,0,0,DISABLED,0
0.179996,0.00384264,0.00261091,0,-0.00167093,0.732742,0.00304932,-0.0174038,-0.00298806,-0.999844,0.00122325,0.4,0,0,DISABLED,0
0.199996,0.00542436,0.00411999,0,-0.00221746,0.73325,0.00712625,-0.0179503,-0.00721536,-0.999813,0.00239522,0.4,0,0,DISABLED,0
0.219996,0.00739959,0.00613604,0,-0.00210595,0.73367,0.00881618,-0.0178388,-0.00900596,-0.9998,0.00392207,0.4,0,0,DISABLED,0
0.239996,0.0093665,0.00816022,0,-0.00146778,0.733934,0.00957458,-0.0172006,-0.00990162,-0.999803,0.00503815,0.4,0,0,DISABLED,0
0.259996,0.0116406,0.0103646,0,-0.00108974,0.734153,0.0106139,-0.0168226,-0.0109975,-0.999798,0.00585687,0.4,0,0,DISABLED,0
0.279996,0.0139702,0.012519,0,-0.000937968,0.734304,0.0112729,-0.0166708,-0.0116753,-0.999793,0.00633486,0.4,0,0,DISABLED,0
0.299996,0.0171233,0.0153399,0,-0.000533426,0.734371,0.0113257,-0.0162663,-0.0117541,-0.999799,0.00693381,0.4,0,0,DISABLED,0
0.319996,0.0202004,0.0181321,0,0.000790045,0.734298,0.0106251,-0.0149428,-0.0110346,-0.999827,0.00691383,0.4,0,0,DISABLED,0
0.339996,0.023448,0.0212284,0,0.0028764,0.734063,0.00904971,-0.0128564,-0.00902526,-0.999877,0.00669987,0.4,0,0,DISABLED,0
0.359996,0.026832,0.0246119,0,0.00541983,0.733565,0.00776661,-0.010313,-0.00600419,-0.999929,0.0064553,0.4,0,0,DISABLED,0
0.379996,0.0303863,0.0282401,0,0.00880688,0.732639,0.00883644,-0.00692596,-0.00110426,-0.999975,0.0063254,0.4,0,0,DISABLED,0
0.399996,0.033754,0.0311055,0,0.0102863,0.732133,0.0109129,-0.00544657,-0.00408135,-0.999977,0.00785128,0.4,0,0,DISABLED,0
0.419996,0.03818,0.0344271,0,0.00940506,0.732301,0.0113204,-0.00632777,-0.00673985,-0.999957,0.00852627,0.4,0,0,DISABLED,0
0.439996,0.0417912,0.036769,0,0.00613213,0.732745,0.00665032,-0.0096007,-0.00299723,-0.999949,0.0110236,0.4,0,0,DISABLED,0
0.459996,0.0478207,0.0398824,0,0.00104866,0.733636,0.00460644,-0.0146842,0.00404978,-0.999884,0.0161819,0.4,0,0,DISABLED,0
0.479996,0.0526706,0.0422388,0,-0.00220806,0.734147,0.009405,-0.0179409,0.00869756,-0.999801,0.0186783,0.4,0,0,DISABLED,0
0.499996,0.0570909,0.0440755,0,-0.00390394,0.734315,0.010681,-0.0196368,0.00949577,-0.999762,0.0193612,0.4,0,0,DISABLED,0
0.519996,0.0627891,0.0457669,0,-0.00571642,0.734352,0.0113729,-0.0214493,0.00939443,-0.999726,0.0197127,0.4,0,0,DISABLED,0
0.539996,0.0682062,0.0467478,0,-0.00721216,0.734379,0.0121484,-0.022945,0.00933418,-0.999693,0.0193522,0.4,0,0,DISABLED,0
0.559996,0.0731926,0.0472111,0,-0.00776255,0.734359,0.0126672,-0.0234954,0.00956585,-0.999678,0.0197136,0.4,0,0,DISABLED,0
0.579996,0.0793761,0.0473814,0,-0.00722325,0.734204,0.0126672,-0.0229561,0.00996388,-0.999687,0.0203239,0.4,0,0,DISABLED,0
0.599996,0.0850695,0.0472206,0,-0.00583828,0.73395,0.0123624,-0.0215711,0.010455,-0.999713,0.0204105,0.4,0,0,DISABLED,0
0.619996,0.0902042,0.0467894,0,-0.00354222,0.733631,0.0120893,-0.0192751,0.0111193,-0.999752,0.0209244,0.4,0,0,DISABLED,0
0.639996,0.0964447,0.0458558,0,-0.000423934,0.733083,0.0119953,-0.0161568,0.0115428,-0.999803,0.0218074,0.4,0,0,DISABLED,0
0.659996,0.101517,0.0447904,0,0.0030057,0.732513,0.01203,-0.0127271,0.0112052,-0.999856,0.023124,0.4,0,0,DISABLED,0
0.679996,0.107699,0.0430902,0,0.00586659,0.731686,0.0107089,-0.00986625,0.00851526,-0.999915,0.0242447,0.4,0,0,DISABLED,0
0.699996,0.113455,0.0414163,0,0.00670561,0.73114,0.00956836,-0.00902723,0.00637494,-0.999939,0.0225012,0.4,0,0,DISABLED,0
0.719995,0.11947,0.0399516,0,0.00498101,0.73148,0.00902993,-0.0107518,0.00708185,-0.999917,0.0188705,0.4,0,0,DISABLED,0
0.739995,0.125584,0.0382112,0,0.00263387,0.73217,0.00483374,-0.013099,0.00361975,-0.999908,0.0145252,0.4,0,0,DISABLED,0
0.759995,0.131679,0.0364976,0,8.27927e-05,0.732893,0.00314553,-0.01565,-0.00359527,-0.999871,0.0124419,0.4,0,0,DISABLED,0
0.779995,0.137835,0.035135,0,-0.00192938,0.733525,0.0100009,-0.0176622,-0.0102555,-0.999791,0.010777,0.4,0,0,DISABLED,0
0.799995,0.143893,0.034168,0,-0.00247504,0.733836,0.0143734,-0.0182079,-0.014603,-0.999728,0.0103691,0.4,0,0,DISABLED,0
0.819995,0.149952,0.0334785,0,-0.00177923,0.733946,0.0171319,-0.0175121,-0.0174825,-0.999694,0.0104395,0.4,0,0,DISABLED,0
0.839995,0.154293,0.0331516,0,-0.00098474,0.733987,0.0183709,-0.0167176,-0.0187868,-0.999684,0.010538,0.4,0,0,DISABLED,0
0.859995,0.162677,0.032891,0,0.000630808,0.734022,0.0202567,-0.015102,-0.0206896,-0.999672,0.00942717,0.4,0,0,DISABLED,0
0.879995,0.168675,0.0328899,0,0.00203647,0.733976,0.0221326,-0.0136964,-0.0224794,-0.999653,0.00848268,0.4,0,0,DISABLED,0
0.899995,0.175415,0.0329901,0,0.00368651,0.733833,0.0244854,-0.0120463,-0.0246492,-0.999624,0.00855319,0.4,0,0,DISABLED,0
0.919995,0.179442,0.0331232,0,0.00519435,0.733686,0.0265617,-0.0105385,-0.0264909,-0.999593,0.00825875,0.4,0,0,DISABLED,0
0.939995,0.188075,0.033644,0,0.00914129,0.733227,0.031655,-0.00659155,-0.0307472,-0.999505,0.00792877,0.4,0,0,DISABLED,0
0.959995,0.195907,0.034743,0,0.0126604,0.732815,0.032139,-0.00307246,-0.0299815,-0.999546,0.00784857,0.4,0,0,DISABLED,0
0.979995,0.201807,0.0359542,0,0.014192,0.732592,0.0293914,-0.00154084,-0.0261805,-0.999656,0.00770741,0.4,0,0,DISABLED,0
0.999995,0.209012,0.0376219,0,0.0149031,0.732254,0.024989,-0.000829689,-0.0205024,-0.999789,0.00789024,0.4,0,0,DISABLED,0
1.02,0.214821,0.0388798,0,0.0148179,0.732221,0.0225144,-0.000914953,-0.0173936,-0.999848,0.00812505,0.4,0,0,DISABLED,0
1.04,0.222097,0.0399527,0,0.013304,0.73265,0.019559,-0.00242887,-0.0147796,-0.999888,0.0114338,0.4,0,0,DISABLED,0
1.06,0.228959,0.0409029,0,0.0108878,0.733066,0.0142985,-0.00484501,-0.00970929,-0.999941,0.0155622,0.4,0,0,DISABLED,0
1.08,0.235838,0.0419206,0,0.00965827,0.733394,0.0104269,-0.00607456,-0.004369,-0.999972,0.0166246,0.4,0,0,DISABLED,0
1.1,0.242634,0.0426672,0,0.00976532,0.73348,0.00978396,-0.00596752,-0.00105011,-0.999982,0.0166538,0.4,0,0,DISABLED,0
1.12,0.248932,0.0429577,0,0.00982626,0.733444,0.00992309,-0.00590658,0.000936213,-0.999982,0.018002,0.4,0,0,DISABLED,0
1.14,0.255386,0.0429335,0,0.0095237,0.733423,0.0100068,-0.00620914,0.0026166,-0.999977,0.0186509,0.4,0,0,DISABLED,0
1.16,0.263983,0.0425481,0,0.00955348,0.733451,0.0114043,-0.00617935,0.00578218,-0.999964,0.0202007,0.4,0,0,DISABLED,0
1.18,0.27031,0.0421084,0,0.0102945,0.733427,0.0133901,-0.00543832,0.00811676,-0.999952,0.0211897,0.4,0,0,DISABLED,0
1.2,0.277228,0.0415924,0,0.0117069,0.733308,0.0160504,-0.00402594,0.0105343,-0.999936,0.0217817,0.4,0,0,DISABLED,0
1.22,0.283333,0.0410685,0,0.0136766,0.73313,0.0187149,-0.00205626,0.0123331,-0.999922,0.0224729,0.4,0,0,DISABLED,0
1.24,0.291436,0.0400676,0,0.0154379,0.732956,0.0199423,-0.000294893,0.0121769,-0.999926,0.0225095,0.4,0,0,DISABLED,0
1.25999,0.298314,0.0388406,0,0.0157996,0.733003,0.0192425,6.67895e-05,0.01054,-0.999944,0.0223782,0.4,0,0,DISABLED,0
1.27999,0.303971,0.0375187,0,0.0151169,0.733067,0.0178007,-0.000615928,0.00895743,-0.99996,0.0229384,0.4,0,0,DISABLED,0
1.29999,0.312523,0.0349214,0,0.012582,0.732638,0.013061,-0.00315079,0.00306554,-0.99999,0.0208454,0.4,0,0,DISABLED,0
1.31999,0.318399,0.0331546,0,0.00901878,0.732424,0.00954965,-0.00671406,0.00268875,-0.999974,0.0185971,0.4,0,0,DISABLED,0
1.33999,0.327221,0.0306787,0,0.00427568,0.732898,0.00516749,-0.0114572,0.00245108,-0.999931,0.0144028,0.4,0,0,DISABLED,0
1.35999,0.334145,0.0287631,0,0.00228848,0.733508,0.00320188,-0.0134444,-0.00268053,-0.999906,0.0101544,0.4,0,0,DISABLED,0
1.37999,0.340916,0.0273047,0,0.0013356,0.734019,0.00597023,-0.0143972,-0.00626625,-0.999877,0.00863857,0.4,0,0,DISABLED,0
1.39999,0.346965,0.0264042,0,0.000820251,0.734194,0.00770497,-0.0149126,-0.00810861,-0.999856,0.0075301,0.4,0,0,DISABLED,0
1.41999,0.353734,0.0257653,0,0.000532975,0.734159,0.00937961,-0.0151999,-0.00980441,-0.999836,0.00582355,0.4,0,0,DISABLED,0
1.43999,0.360671,0.0254349,0,0.000321655,0.734108,0.0107755,-0.0154112,-0.0112115,-0.999818,0.00478939,0.4,0,0,DISABLED,0
1.45999,0.367786,0.0253824,0,0.000337659,0.734042,0.0125632,-0.0153952,-0.0130005,-0.999797,0.00305599,0.4,0,0,DISABLED,0
1.47999,0.372827,0.0254422,0,0.000772201,0.733962,0.0144272,-0.0149606,-0.0148451,-0.999778,0.00265653,0.4,0,0,DISABLED,0
1.49999,0.382905,0.025659,0,0.00194645,0.73373,0.0168547,-0.0137864,-0.0171876,-0.999757,0.00221107,0.4,0,0,DISABLED,0
1.51999,0.389316,0.0259059,0,0.00420898,0.733535,0.020008,-0.0115239,-0.020006,-0.999733,0.00222676,0.4,0,0,DISABLED,0
1.53999,0.394953,0.0262749,0,0.00684988,0.733349,0.022678,-0.00888296,-0.0220642,-0.999717,0.00198163,0.4,0,0,DISABLED,0
1.55999,0.404014,0.0273241,0,0.0102522,0.73319,0.0232465,-0.00548065,-0.0213064,-0.999758,0.00207842,0.4,0,0,DISABLED,0
1.57999,0.411044,0.028415,0,0.0116624,0.733199,0.020874,-0.00407045,-0.017755,-0.999834,0.00285345,0.4,0,0,DISABLED,0
1.59999,0.418055,0.0296345,0,0.0118825,0.732974,0.0170342,-0.00385034,-0.0126455,-0.999913,0.00423914,0.4,0,0,DISABLED,0
1.61999,0.42431,0.0306609,0,0.0111871,0.732884,0.0148907,-0.00454573,-0.0102698,-0.999937,0.00601241,0.4,0,0,DISABLED,0
1.63999,0.432051,0.0317454,0,0.00922996,0.733081,0.0121484,-0.00650287,-0.00833491,-0.999944,0.00779215,0.4,0,0,DISABLED,0
1.65999,0.43921,0.032613,0,0.00708165,0.733371,0.00825761,-0.00865119,-0.00468542,-0.999952,0.0109599,0.4,0,0,DISABLED,0
1.67999,0.445704,0.033339,0,0.0060181,0.733603,0.00601994,-0.00971474,-0.000308814,-0.999953,0.0123931,0.4,0,0,DISABLED,0
1.69999,0.452833,0.0339035,0,0.00621426,0.733625,0.00653277,-0.00951857,0.00157296,-0.999953,0.012723,0.4,0,0,DISABLED,0
1.71999,0.460848,0.0339919,0,0.00628441,0.733468,0.00690535,-0.00944843,0.00240793,-0.999952,0.0141566,0.4,0,0,DISABLED,0
1.73999,0.468297,0.0336467,0,0.00588953,0.73337,0.00706745,-0.00984331,0.00345974,-0.999946,0.015097,0.4,0,0,DISABLED,0
1.75999,0.474945,0.0330984,0,0.00581542,0.733363,0.0077127,-0.00991742,0.00462247,-0.99994,0.0153384,0.4,0,0,DISABLED,0
1.77999,0.482839,0.0322331,0,0.00698451,0.733336,0.0100068,-0.00874832,0.00672262,-0.999939,0.0170251,0.4,0,0,DISABLED,0
1.79999,0.487784,0.0316707,0,0.00808602,0.733266,0.0116012,-0.00764682,0.00787895,-0.99994,0.0177949,0.4,0,0,DISABLED,0
1.81999,0.496137,0.0307293,0,0.0104054,0.733067,0.0144106,-0.00532747,0.00952657,-0.99994,0.0184831,0.4,0,0,DISABLED,0
1.83999,0.503702,0.0296109,0,0.0124359,0.732899,0.0157164,-0.00329697,0.00916508,-0.999953,0.0189739,0.4,0,0,DISABLED,0
1.85999,0.510729,0.0282389,0,0.0128946,0.732918,0.0152193,-0.00283826,0.00763674,-0.999967,0.0189917,0.4,0,0,DISABLED,0
1.87999,0.517931,0.0264071,0,0.0117925,0.732856,0.0126248,-0.0039403,0.00407037,-0.999984,0.0189006,0.4,0,0,DISABLED,0
1.89999,0.525181,0.0240868,0,0.00952496,0.732287,0.00952465,-0.00620787,-0.000536173,-0.999981,0.0168111,0.4,0,0,DISABLED,0
1.91999,0.531953,0.0220543,0,0.00525576,0.732237,0.00531532,-0.0104771,0.000346687,-0.999945,0.014207,0.4,0,0,DISABLED,0
1.93999,0.539355,0.0196984,0,0.0021662,0.732682,0.00323889,-0.0135666,-0.00285617,-0.999904,0.0110518,0.4,0,0,DISABLED,0
1.95999,0.547138,0.0174746,0,0.00104331,0.73337,0.00732424,-0.0146895,-0.00769797,-0.999862,0.00891067,0.4,0,0,DISABLED,0
1.97999,0.554106,0.0161535,0,0.000713171,0.733808,0.00996505,-0.0150197,-0.0103834,-0.999833,0.00744251,0.4,0,0,DISABLED,0
1.99999,0.560357,0.0153578,0,0.000808994,0.73394,0.0115755,-0.0149238,-0.0119882,-0.999817,0.00639746,0.4,0,0,DISABLED,0
2.01999,0.56667,0.0148292,0,0.00112847,0.733896,0.0130793,-0.0146044,-0.0134729,-0.999803,0.00508776,0.4,0,0,DISABLED,0
2.03999,0.575291,0.0145093,0,0.00169349,0.733741,0.0146119,-0.0140393,-0.0149558,-0.99979,0.00280768,0.4,0,0,DISABLED,0
2.05999,0.582666,0.0144829,0,0.00214056,0.733582,0.0154603,-0.0135923,-0.0157546,-0.999784,0.00222323,0.4,0,0,DISABLED,0
2.07999,0.589351,0.0145971,0,0.00292007,0.733421,0.0169007,-0.0128128,-0.0170868,-0.999772,0.00164078,0.4,0,0,DISABLED,0
2.09999,0.597461,0.0148367,0,0.00478578,0.733213,0.0200615,-0.0109471,-0.0199275,-0.999741,0.000977169,0.4,0,0,DISABLED,0
2.11999,0.603994,0.0151579,0,0.00713061,0.733068,0.0229211,-0.00860223,-0.0222268,-0.999716,0.000849733,0.4,0,0,DISABLED,0
2.13999,0.611891,0.0158928,0,0.0103447,0.732996,0.02507,-0.00538815,-0.0232778,-0.999714,0.000221381,0.4,0,0,DISABLED,0
2.15999,0.619092,0.0168827,0,0.012405,0.733152,0.0242653,-0.00332784,-0.0212962,-0.999768,0.000639675,0.4,0,0,DISABLED,0
2.17999,0.626372,0.0180635,0,0.0131388,0.733404,0.021837,-0.00259406,-0.0178865,-0.999837,0.0016697,0.4,0,0,DISABLED,0
2.19999,0.633603,0.0194606,0,0.0131668,0.733364,0.0177337,-0.00256599,-0.0123244,-0.999921,0.00241478,0.4,0,0,DISABLED,0
2.21999,0.640673,0.0208302,0,0.0126373,0.733162,0.0149347,-0.00309549,-0.00840832,-0.99996,0.00336136,0.4,0,0,DISABLED,0
2.23999,0.647184,0.0217362,0,0.0106799,0.733255,0.0126907,-0.00505298,-0.00729923,-0.999961,0.00471171,0.4,0,0,DISABLED,0
2.25999,0.654532,0.0226198,0,0.00858633,0.733482,0.00954965,-0.00714651,-0.0046267,-0.999964,0.00826635,0.4,0,0,DISABLED,0
2.27999,0.662547,0.0235524,0,0.00792313,0.733685,0.00792614,-0.00780971,-0.000326441,-0.999969,0.00997016,0.4,0,0,DISABLED,0
2.29999,0.669048,0.024094,0,0.00843378,0.733662,0.00861788,-0.00729905,0.00132042,-0.999972,0.0100047,0.4,0,0,DISABLED,0
2.31999,0.677189,0.0242488,0,0.00862161,0.733537,0.00914146,-0.00711123,0.00260356,-0.999971,0.0113837,0.4,0,0,DISABLED,0
2.33999,0.683935,0.0240609,0,0.00835797,0.733498,0.00929022,-0.00737486,0.00361815,-0.999966,0.0112639,0.4,0,0,DISABLED,0
2.35999,0.691323,0.0235334,0,0.00863189,0.733451,0.0107367,-0.00710095,0.00593943,-0.999957,0.0151711,0.4,0,0,DISABLED,0
2.37999,0.69862,0.0228925,0,0.00909657,0.733349,0.0117898,-0.00663626,0.0070528,-0.999953,0.0161085,0.4,0,0,DISABLED,0
2.39999,0.707155,0.0221425,0,0.0105708,0.733177,0.0139525,-0.005162,0.00866092,-0.999949,0.0168927,0.4,0,0,DISABLED,0
2.41999,0.713421,0.0214955,0,0.0125728,0.733002,0.0162241,-0.00316,0.00980924,-0.999947,0.0184305,0.4,0,0,DISABLED,0
2.43999,0.719707,0.0206916,0,0.0137865,0.732904,0.0170831,-0.00194631,0.00964315,-0.999952,0.0187692,0.4,0,0,DISABLED,0
2.45999,0.726817,0.0194909,0,0.0139361,0.732987,0.0166089,-0.00179669,0.00858822,-0.999961,0.0191276,0.4,0,0,DISABLED,0
2.47999,0.734789,0.0176763,0,0.0126098,0.733041,0.0139951,-0.00312305,0.00562538,-0.999979,0.0187669,0.4,0,0,DISABLED,0
2.49999,0.741328,0.0156845,0,0.0102506,0.732661,0.0103235,-0.00548222,0.000746289,-0.999985,0.0170675,0.4,0,0,DISABLED,0
2.51999,0.748132,0.0136242,0,0.00619708,0.732419,0.0062721,-0.00953576,0.000551453,-0.999954,0.0148222,0.4,0,0,DISABLED,0
2.53999,0.757162,0.0109823,0,0.00137341,0.732922,0.00138107,-0.0143594,-0.00018874,-0.999897,0.00990262,0.4,0,0,DISABLED,0
2.55999,0.762809,0.00926135,0,0.000196542,0.733451,0.0050153,-0.0155363,-0.0054497,-0.999864,0.00545508,0.4,0,0,DISABLED,0
2.57999,0.771084,0.00737183,0,-0.000120785,0.734083,0.00878231,-0.0158536,-0.00922434,-0.999832,0.00452641,0.4,0,0,DISABLED,0
2.59999,0.777954,0.00636771,0,-5.73751e-05,0.734248,0.0102598,-0.0157902,-0.0106979,-0.999818,0.00377006,0.4,0,0,DISABLED,0
2.61999,0.784896,0.00570088,0,0.000202935,0.734203,0.0120548,-0.0155299,-0.0124931,-0.999801,0.00206275,0.4,0,0,DISABLED,0
2.63999,0.791987,0.00531044,0,0.000464228,0.734085,0.0134345,-0.0152686,-0.0138672,-0.999787,0.000619348,0.4,0,0,DISABLED,0
2.65999,0.797769,0.00515824,0,0.000695212,0.733962,0.0142526,-0.0150376,-0.014674,-0.999779,0.00011247,0.4,0,0,DISABLED,0
2.67999,0.806542,0.00515153,0,0.00141124,0.733735,0.016143,-0.0143216,-0.0165205,-0.999761,-0.000711015,0.4,0,0,DISABLED,0
2.69999,0.81382,0.00524399,0,0.00271128,0.733517,0.0185517,-0.0130216,-0.0187977,-0.999739,-0.000970745,0.4,0,0,DISABLED,0
2.71999,0.818129,0.00535179,0,0.00440174,0.733367,0.0208054,-0.0113311,-0.02078,-0.99972,-0.000972731,0.4,0,0,DISABLED,0
2.73999,0.828061,0.00590421,0,0.00863105,0.732973,0.0250438,-0.00710178,-0.023953,-0.999688,-0.0017468,0.4,0,0,DISABLED,0
2.75999,0.835128,0.00670606,0,0.0115916,0.73289,0.0252312,-0.00414126,-0.0228536,-0.99973,-0.00168006,0.4,0,0,DISABLED,0
2.77999,0.841556,0.00758586,0,0.0130371,0.732932,0.0225779,-0.0026957,-0.018875,-0.999818,0.000149314,0.4,0,0,DISABLED,0
2.79999,0.847993,0.00858197,0,0.0132256,0.732851,0.0192642,-0.00250723,-0.0144493,-0.999892,0.00160565,0.4,0,0,DISABLED,0
2.81999,0.85588,0.00971952,0,0.0121662,0.732734,0.0161946,-0.00356663,-0.0111285,-0.999932,0.0059631,0.4,0,0,DISABLED,0
2.83999,0.86278,0.0106813,0,0.0113642,0.732916,0.0144519,-0.0043686,-0.00937183,-0.999947,0.00717193,0.4,0,0,DISABLED,0
2.85999,0.869941,0.0114642,0,0.00946061,0.733271,0.0113414,-0.00627223,-0.00669888,-0.999958,0.0115487,0.4,0,0,DISABLED,0
2.87999,0.877901,0.0123593,0,0.00787571,0.733573,0.00804556,-0.00785713,-0.00208526,-0.999967,0.0138347,0.4,0,0,DISABLED,0
2.89999,0.885039,0.0129291,0,0.00777058,0.733578,0.00778194,-0.00796226,-5.09433e-05,-0.999968,0.0143135,0.4,0,0,DISABLED,0
2.91999,0.890835,0.0130662,0,0.00768318,0.733484,0.00778194,-0.00804965,0.000780277,-0.999967,0.0148217,0.4,0,0,DISABLED,0
2.93999,0.896719,0.0129362,0,0.00711492,0.733436,0.00769723,-0.00861792,0.00249999,-0.99996,0.0154665,0.4,0,0,DISABLED,0
2.95999,0.906968,0.0122203,0,0.0071504,0.73347,0.00869363,-0.00858243,0.00450599,-0.999953,0.0167307,0.4,0,0,DISABLED,0
2.97999,0.914055,0.011559,0,0.00813916,0.733428,0.0105406,-0.00759368,0.00625558,-0.999952,0.0173926,0.4,0,0,DISABLED,0
2.99999,0.921016,0.0108911,0,0.00946746,0.73331,0.0125252,-0.00626538,0.00775583,-0.99995,0.0177795,0.4,0,0,DISABLED,0
3.01999,0.927184,0.0102391,0,0.0111845,0.73317,0.0146689,-0.00454834,0.009045,-0.999949,0.0182805,0.4,0,0,DISABLED,0
3.03999,0.93469,0.0091832,0,0.012596,0.733059,0.0155755,-0.00313681,0.00871706,-0.999957,0.0182138,0.4,0,0,DISABLED,0
3.05999,0.940955,0.00800121,0,0.0126248,0.733092,0.0148225,-0.003108,0.00732387,-0.999968,0.0182554,0.4,0,0,DISABLED,0
3.08,0.946601,0.0066359,0,0.0116732,0.733098,0.0127703,-0.00405967,0.00473063,-0.999981,0.0184224,0.4,0,0,DISABLED,0
3.1,0.955844,0.00381813,0,0.00885388,0.732432,0.00886338,-0.00687895,-7.26326e-06,-0.999976,0.0176337,0.4,0,0,DISABLED,0
3.12,0.963272,0.00171609,0,0.00401568,0.732434,0.00420036,-0.0117172,0.000797426,-0.999931,0.0150304,0.4,0,0,DISABLED,0
3.14,0.968503,0.000125979,0,0.000321727,0.732721,0.00165584,-0.0154111,-0.00206332,-0.999879,0.0137261,0.4,0,0,DISABLED,0
3.16,0.975576,-0.00195062,0,-0.00105432,0.733325,0.00722592,-0.0167872,-0.00758659,-0.99983,0.00984988,0.4,0,0,DISABLED,0
3.18,0.984565,-0.00370806,0,-0.00156932,0.733906,0.0107422,-0.0173022,-0.0110677,-0.999789,0.00809236,0.4,0,0,DISABLED,0
3.2,0.990788,-0.0044579,0,-0.00144709,0.734024,0.0124345,-0.0171799,-0.0127913,-0.999771,0.00764143,0.4,0,0,DISABLED,0
3.22,0.997803,-0.00498642,0,-0.00119866,0.733982,0.0138883,-0.0169315,-0.0142803,-0.999755,0.0070124,0.4,0,0,DISABLED,0
3.24,1.00569,-0.00524471,0,-0.000547662,0.733897,0.0152936,-0.0162805,-0.0157277,-0.999744,0.00566318,0.4,0,0,DISABLED,0
3.26,1.01305,-0.00524677,0,2.55369e-05,0.733825,0.0159312,-0.0157073,-0.0163751,-0.999743,0.00520064,0.4,0,0,DISABLED,0
3.28,1.02045,-0.0050733,0,0.00109103,0.733701,0.0174866,-0.0146418,-0.0178983,-0.999733,0.00422665,0.4,0,0,DISABLED,0
3.3,1.0278,-0.00481662,0,0.00296493,0.733527,0.0200942,-0.0127679,-0.0203162,-0.999712,0.00401898,0.4,0,0,DISABLED,0
3.32,1.03504,-0.00443314,0,0.00575361,0.733341,0.0231849,-0.00997923,-0.0229025,-0.999688,0.00412887,0.4,0,0,DISABLED,0
3.34,1.04222,-0.00373693,0,0.00873616,0.733252,0.0248431,-0.00699668,-0.0237005,-0.999695,0.00393814,0.4,0,0,DISABLED,0
3.36,1.04942,-0.00271897,0,0.0108963,0.73339,0.024058,-0.00483654,-0.0218949,-0.999749,0.00422631,0.4,0,0,DISABLED,0
3.38,1.05668,-0.00150515,0,0.0117301,0.7336,0.0215402,-0.00400276,-0.0185068,-0.999821,0.00584616,0.4,0,0,DISABLED,0
3.4,1.06245,-0.000360952,0,0.0118676,0.733555,0.0174251,-0.00386524,-0.0131977,-0.999905,0.00741493,0.4,0,0,DISABLED,0
3.42,1.06946,0.0010387,0,0.0116538,0.733206,0.014097,-0.00407903,-0.00837749,-0.999957,0.00899528,0.4,0,0,DISABLED,0
3.44,1.07718,0.00212445,0,0.0099316,0.73313,0.0120003,-0.00580123,-0.00718173,-0.999957,0.0100004,0.4,0,0,DISABLED,0
3.46,1.08495,0.00290659,0,0.00541627,0.733327,0.00669499,-0.0103166,-0.00438822,-0.999937,0.0163991,0.4,0,0,DISABLED,0
3.48,1.09311,0.00383629,0,0.00399871,0.733543,0.00404125,-0.0117341,0.000212169,-0.999931,0.0184559,0.4,0,0,DISABLED,0
3.5,1.10025,0.00441111,0,0.00552444,0.733505,0.00588982,-0.0102084,0.00161627,-0.999947,0.0189275,0.4,0,0,DISABLED,0
3.52001,1.10691,0.00456668,0,0.00633597,0.73338,0.00681849,-0.00939687,0.00206625,-0.999954,0.0198747,0.4,0,0,DISABLED,0
3.54001,1.1145,0.00434703,0,0.00635957,0.7333,0.00734049,-0.00937327,0.00322428,-0.999951,0.0212466,0.4,0,0,DISABLED,0
3.56001,1.12203,0.00381244,0,0.00658885,0.733275,0.00827203,-0.00914398,0.00456807,-0.999948,0.02249,0.4,0,0,DISABLED,0
3.58001,1.13007,0.00307667,0,0.00744845,0.733236,0.00970444,-0.00828439,0.00578216,-0.999949,0.0232874,0.4,0,0,DISABLED,0
3.60001,1.13724,0.00239035,0,0.00900827,0.733146,0.0120251,-0.00672457,0.00752162,-0.999949,0.024317,0.4,0,0,DISABLED,0
3.62001,1.14431,0.00165092,0,0.0106327,0.733036,0.013884,-0.00510014,0.00848262,-0.999951,0.0249875,0.4,0,0,DISABLED,0
3.64001,1.1506,0.000787877,0,0.0119698,0.732972,0.014677,-0.00376299,0.00804366,-0.999961,0.0252454,0.4,0,0,DISABLED,0
3.66001,1.15844,-0.000638133,0,0.0121602,0.733046,0.0138496,-0.00357266,0.00618302,-0.999974,0.0252568,0.4,0,0,DISABLED,0
3.68001,1.16574,-0.00243248,0,0.0108017,0.733016,0.0113519,-0.00493109,0.00304072,-0.999983,0.025344,0.4,0,0,DISABLED,0
3.70001,1.17234,-0.00454973,0,0.00869798,0.732495,0.00876872,-0.00703486,-0.00158307,-0.999974,0.0241631,0.4,0,0,DISABLED,0
3.72001,1.18063,-0.00702571,0,0.00402838,0.732259,0.00404125,-0.0117045,-0.000721552,-0.999931,0.0218359,0.4,0,0,DISABLED,0
3.74001,1.18826,-0.00922439,0,1.35899e-05,0.732682,0.00189111,-0.0157192,-0.00233064,-0.999874,0.0180891,0.4,0,0,DISABLED,0
3.76001,1.19544,-0.011164,0,-0.00169009,0.733335,0.00750908,-0.0174229,-0.00775825,-0.999818,0.0150887,0.4,0,0,DISABLED,0
3.78001,1.20243,-0.0124149,0,-0.00160815,0.733824,0.0105406,-0.017341,-0.0108582,-0.999791,0.0122374,0.4,0,0,DISABLED,0
3.80001,1.2094,-0.0131935,0,-0.00102114,0.73397,0.0114356,-0.016754,-0.0118308,-0.99979,0.0119389,0.4,0,0,DISABLED,0
3.82001,1.2151,-0.0135196,0,-0.000777029,0.733832,0.0122071,-0.0165099,-0.012624,-0.999784,0.00965607,0.4,0,0,DISABLED,0
3.84001,1.22386,-0.0137436,0,-0.000694595,0.733605,0.0127563,-0.0164274,-0.0131798,-0.999778,0.00926385,0.4,0,0,DISABLED,0
3.86001,1.23058,-0.0137011,0,-0.000495937,0.733502,0.0137978,-0.0162288,-0.0142309,-0.999767,0.00866176,0.4,0,0,DISABLED,0
3.88001,1.23884,-0.0134546,0,0.000388286,0.733373,0.0159274,-0.0153445,-0.0163663,-0.999748,0.00770184,0.4,0,0,DISABLED,0
3.90001,1.24555,-0.0131818,0,0.00202478,0.733243,0.0184551,-0.0137081,-0.018788,-0.99973,0.00737518,0.4,0,0,DISABLED,0
3.92001,1.2536,-0.0127143,0,0.00524412,0.733069,0.0219296,-0.0104887,-0.0217375,-0.999709,0.00734683,0.4,0,0,DISABLED,0
3.94001,1.26083,-0.0119821,0,0.00827144,0.732986,0.0239114,-0.00746139,-0.0228794,-0.99971,0.00682507,0.4,0,0,DISABLED,0
3.96002,1.26807,-0.0109565,0,0.0109939,0.733129,0.0231592,-0.00473891,-0.020827,-0.999772,0.00743473,0.4,0,0,DISABLED,0
3.98002,1.27541,-0.00976027,0,0.0118552,0.733374,0.0209282,-0.00387768,-0.0176893,-0.999836,0.0077376,0.4,0,0,DISABLED,0
4.00002,1.28265,-0.00838022,0,0.0120932,0.733307,0.0172601,-0.00363966,-0.0127601,-0.999912,0.0100327,0.4,0,0,DISABLED,0
4.02002,1.28984,-0.00692635,0,0.0114079,0.733102,0.0137025,-0.00432492,-0.00803348,-0.999958,0.0125046,0.4,0,0,DISABLED,0
4.04002,1.29631,-0.00577385,0,0.0120016,0.733279,0.0135185,-0.00373128,-0.0066736,-0.999971,0.0138824,0.4,0,0,DISABLED,0
4.06002,1.30209,-0.00474693,0,0.0135956,0.733719,0.0142693,-0.00213725,-0.00477955,-0.999986,0.0153662,0.4,0,0,DISABLED,0
4.08002,1.30698,-0.00389955,0,0.0149273,0.734143,0.0149586,-0.000805508,-0.00138928,-0.999999,0.0162245,0.4,0,0,DISABLED,0
4.10002,1.31245,-0.00316515,0,0.0157214,0.734448,0.0157202,-1.14435e-05,-0.000411641,-1,0.0152221,0.4,0,0,DISABLED,0
4.12002,1.31618,-0.00299176,0,0.0155395,0.734598,0.015541,-0.000193307,-0.000114334,-1,0.0151753,0.4,0,0,DISABLED,0
4.14002,1.32134,-0.0032346,0,0.0143896,0.734853,0.0144519,-0.00134328,0.000898573,-0.999999,0.0164663,0.4,0,0,DISABLED,0
4.16002,1.3252,-0.00367058,0,0.0120056,0.735117,0.0121924,-0.00372724,0.00166345,-0.999992,0.0150461,0.4,0,0,DISABLED,0
4.18002,1.32851,-0.004265,0,0.0105341,0.735387,0.0108636,-0.00519873,0.00222719,-0.999984,0.0139781,0.4,0,0,DISABLED,0
4.20002,1.33134,-0.00491459,0,0.0092782,0.735674,0.00986888,-0.00645464,0.00291131,-0.999975,0.012585,0.4,0,0,DISABLED,0
4.22002,1.33375,-0.00559855,0,0.00863201,0.735988,0.00963045,-0.00710082,0.00383032,-0.999967,0.0113683,0.4,0,0,DISABLED,0
4.24002,1.33618,-0.00631266,0,0.00671431,0.736167,0.0085971,-0.00901853,0.00493151,-0.999947,0.0107077,0.4,0,0,DISABLED,0
4.26002,1.33928,-0.00730529,0,0.00387329,0.73607,0.00766619,-0.0118595,0.00616479,-0.999911,0.0107767,0.4,0,0,DISABLED,0
4.28002,1.34249,-0.00863593,0,0.00213119,0.735551,0.00695695,-0.0136016,0.00617114,-0.999888,0.0115683,0.4,0,0,DISABLED,0
4.30002,1.3458,-0.0104137,0,0.00142249,0.734352,0.00435365,-0.0143103,0.00366309,-0.999891,0.0120426,0.4,0,0,DISABLED,0
4.32002,1.34944,-0.0118516,0,0.000860049,0.733329,0.0108086,-0.0148728,0.010331,-0.999836,0.00929205,0.4,0,0,DISABLED,0
4.34002,1.35258,-0.0129801,0,-0.000606947,0.732958,0.0156899,-0.0163398,0.0152399,-0.99975,0.00898046,0.4,0,0,DISABLED,0
4.36002,1.35604,-0.0142219,0,-0.00450311,0.733025,0.012568,-0.0202359,0.0112891,-0.999731,0.0063328,0.4,0,0,DISABLED,0
4.38002,1.36134,-0.0155805,0,-0.0109286,0.73361,0.0118805,-0.0266615,0.00421338,-0.999636,0.00404168,0.4,0,0,DISABLED,0
4.40003,1.36569,-0.0163052,0,-0.0165505,0.733986,0.0165838,-0.0322833,-0.0014278,-0.999478,0.00318316,0.4,0,0,DISABLED,0
4.42003,1.36951,-0.0167203,0,-0.0191983,0.734171,0.0196896,-0.0349311,-0.00478496,-0.999378,0.0031763,0.4,0,0,DISABLED,0
4.44003,1.3743,-0.016943,0,-0.0208261,0.734325,0.0219541,-0.0365589,-0.00736608,-0.999304,0.0032518,0.4,0,0,DISABLED,0
4.46003,1.37846,-0.0168855,0,-0.0214032,0.734469,0.0227331,-0.0371361,-0.00808523,-0.999278,0.00320189,0.4,0,0,DISABLED,0
4.48003,1.38338,-0.0165964,0,-0.0213403,0.73469,0.0228638,-0.0370731,-0.00863388,-0.999275,0.00264406,0.4,0,0,DISABLED,0
4.50003,1.38913,-0.0160611,0,-0.0202933,0.734939,0.0222079,-0.0360261,-0.00944289,-0.999306,0.00253733,0.4,0,0,DISABLED,0
4.52003,1.3941,-0.0153775,0,-0.0187481,0.735056,0.0209482,-0.0344809,-0.00976993,-0.999358,0.00298563,0.4,0,0,DISABLED,0
4.54003,1.40039,-0.0141298,0,-0.0156919,0.734977,0.0181588,-0.0314248,-0.00957024,-0.99946,0.00277649,0.4,0,0,DISABLED,0
4.56003,1.40632,-0.0126029,0,-0.0121681,0.734612,0.0144972,-0.0279009,-0.00831846,-0.999576,0.00260395,0.4,0,0,DISABLED,0
4.58003,1.41243,-0.0107829,0,-0.00816061,0.733835,0.00988095,-0.0238934,-0.00601938,-0.999696,0.00269245,0.4,0,0,DISABLED,0
4.60003,1.41876,-0.00893756,0,-0.00450949,0.732783,0.00730794,-0.0202423,-0.00618739,-0.999776,0.00423477,0.4,0,0,DISABLED,0
4.62003,1.42521,-0.00744042,0,-0.00159556,0.732101,0.010283,-0.0173284,-0.0106008,-0.999794,0.00573955,0.4,0,0,DISABLED,0
4.64003,1.42974,-0.00651097,0,-0.00015738,0.732131,0.0116985,-0.0158902,-0.0121421,-0.9998,0.00779907,0.4,0,0,DISABLED,0
4.66003,1.43916,-0.00484517,0,-0.00208655,0.73275,0.00756444,-0.0178194,-0.00771679,-0.999811,0.0146584,0.4,0,0,DISABLED,0
4.68003,1.44675,-0.00363324,0,-0.00447518,0.733343,0.00460644,-0.020208,-0.00151589,-0.999795,0.0179607,0.4,0,0,DISABLED,0
4.70003,1.4542,-0.00276532,0,-0.00534717,0.733611,0.00575676,-0.02108,0.00167515,-0.999776,0.0190061,0.4,0,0,DISABLED,0
4.72003,1.46165,-0.0023307,0,-0.00549606,0.733618,0.00655099,-0.0212289,0.00311201,-0.99977,0.0202449,0.4,0,0,DISABLED,0
4.74003,1.46917,-0.00223056,0,-0.00547436,0.733535,0.00756444,-0.0212072,0.00476579,-0.999764,0.0212623,0.4,0,0,DISABLED,0
4.76003,1.47444,-0.00234837,0,-0.00517921,0.733456,0.00848545,-0.020912,0.00627649,-0.999762,0.0215402,0.4,0,0,DISABLED,0
4.78003,1.48338,-0.00294549,0,-0.00354299,0.733227,0.0103292,-0.0192758,0.00925773,-0.999771,0.0222605,0.4,0,0,DISABLED,0
4.80003,1.49141,-0.00382974,0,-0.0004379,0.732792,0.0121386,-0.0161707,0.0116836,-0.999801,0.0233861,0.4,0,0,DISABLED,0
4.82003,1.49777,-0.00477775,0,0.00319254,0.732309,0.0134434,-0.0125403,0.012611,-0.999842,0.024148,0.4,0,0,DISABLED,0
4.84004,1.50473,-0.00612626,0,0.00716336,0.731861,0.0144972,-0.00856948,0.0121589,-0.999889,0.024192,0.4,0,0,DISABLED,0
4.86004,1.5126,-0.00807152,0,0.00941583,0.731721,0.0139311,-0.00631701,0.00982005,-0.999932,0.0237531,0.4,0,0,DISABLED,0
4.88004,1.52002,-0.010259,0,0.00932217,0.731625,0.0118352,-0.00641067,0.00684665,-0.999956,0.0239277,0.4,0,0,DISABLED,0
4.90004,1.52756,-0.0127454,0,0.00764502,0.731333,0.0083723,-0.00808781,0.00297871,-0.999963,0.020985,0.4,0,0,DISABLED,0
4.92004,1.5352,-0.015159,0,0.00489346,0.731643,0.00541531,-0.0108394,0.00186301,-0.99994,0.0168361,0.4,0,0,DISABLED,0
4.94004,1.54205,-0.0173732,0,0.00268396,0.732249,0.00329364,-0.0130489,-0.00234467,-0.999912,0.0125456,0.4,0,0,DISABLED,0
4.96004,1.54869,-0.0193947,0,0.00183385,0.732939,0.00776661,-0.013899,-0.00798702,-0.999871,0.0104712,0.4,0,0,DISABLED,0
4.98004,1.5566,-0.0211689,0,0.00184799,0.733506,0.0122656,-0.0138848,-0.0125717,-0.999825,0.00909684,0.4,0,0,DISABLED,0
5.00004,1.56445,-0.0223938,0,0.00242232,0.733668,0.0151132,-0.0133105,-0.0153603,-0.999793,0.00808623,0.4,0,0,DISABLED,0
5.02004,1.5709,-0.0230758,0,0.00316405,0.733641,0.0169464,-0.0125688,-0.0170908,-0.999775,0.00749014,0.4,0,0,DISABLED,0
5.04004,1.57818,-0.0235004,0,0.00397184,0.733532,0.0182896,-0.011761,-0.0182974,-0.999763,0.00620283,0.4,0,0,DISABLED,0
5.06004,1.58634,-0.0236812,0,0.00462284,0.733358,0.0192704,-0.01111,-0.0191514,-0.999755,0.00583822,0.4,0,0,DISABLED,0
5.08004,1.59452,-0.0236514,0,0.00562674,0.733161,0.021482,-0.0101061,-0.0211755,-0.999725,0.00608383,0.4,0,0,DISABLED,0
5.10004,1.60112,-0.0234989,0,0.00723072,0.732953,0.0249436,-0.00850211,-0.0243145,-0.999668,0.00504513,0.4,0,0,DISABLED,0
5.12004,1.60833,-0.0231616,0,0.00947482,0.732745,0.0278072,-0.00625802,-0.026586,-0.999627,0.00551604,0.4,0,0,DISABLED,0
5.14004,1.61545,-0.0224817,0,0.0116741,0.732723,0.0286332,-0.00405873,-0.0265865,-0.999638,0.00584837,0.4,0,0,DISABLED,0
5.16004,1.62257,-0.0215199,0,0.0129514,0.732934,0.0276955,-0.00278145,-0.0249249,-0.999685,0.00621407,0.4,0,0,DISABLED,0
5.18004,1.62973,-0.0203936,0,0.0132425,0.733237,0.0251578,-0.0024903,-0.0218345,-0.999758,0.00760791,0.4,0,0,DISABLED,0
5.20004,1.63613,-0.0191859,0,0.0131168,0.733305,0.021432,-0.00261599,-0.0173904,-0.999845,0.00807957,0.4,0,0,DISABLED,0
5.22004,1.64392,-0.0175994,0,0.0121369,0.733088,0.0166734,-0.00359592,-0.0118792,-0.999923,0.00871111,0.4,0,0,DISABLED,0
5.24004,1.65024,-0.0167027,0,0.0107905,0.733192,0.0145547,-0.00494235,-0.0102126,-0.999936,0.0106227,0.4,0,0,DISABLED,0
5.26005,1.65804,-0.0156925,0,0.00919288,0.73355,0.0111399,-0.00653996,-0.00673283,-0.999956,0.0149905,0.4,0,0,DISABLED,0
5.28005,1.66581,-0.0146622,0,0.00876531,0.733802,0.00901672,-0.00696753,-0.00254493,-0.999972,0.0162865,0.4,0,0,DISABLED,0
5.30005,1.67218,-0.014037,0,0.0091473,0.733787,0.00914798,-0.00658553,-0.000408466,-0.999978,0.0172741,0.4,0,0,DISABLED,0
5.32005,1.67932,-0.0137495,0,0.00947454,0.733681,0.00954341,-0.00625829,0.000714759,-0.99998,0.0177809,0.4,0,0,DISABLED,0
5.34005,1.68655,-0.0138424,0,0.00935029,0.733635,0.00972897,-0.00638255,0.00223375,-0.999977,0.0190156,0.4,0,0,DISABLED,0
5.36005,1.69301,-0.0141554,0,0.00929529,0.733635,0.0103696,-0.00643754,0.00414998,-0.999971,0.0201843,0.4,0,0,DISABLED,0
5.38005,1.70006,-0.0146368,0,0.00985305,0.733607,0.011805,-0.00587978,0.00605939,-0.999964,0.0212061,0.4,0,0,DISABLED,0
5.40005,1.70698,-0.0151321,0,0.0108334,0.733502,0.013545,-0.00489946,0.00768704,-0.999958,0.0219288,0.4,0,0,DISABLED,0
5.42005,1.71445,-0.0157174,0,0.0125581,0.733309,0.0158712,-0.00317472,0.00925901,-0.999952,0.0228329,0.4,0,0,DISABLED,0
5.44005,1.72117,-0.016472,0,0.0139719,0.733162,0.0169781,-0.00176092,0.00920254,-0.999956,0.0234963,0.4,0,0,DISABLED,0
5.46005,1.72595,-0.0171866,0,0.0142527,0.733153,0.0167732,-0.00148018,0.00840136,-0.999964,0.0238026,0.4,0,0,DISABLED,0
5.48005,1.73498,-0.0190589,0,0.0130907,0.733131,0.0142065,-0.00264209,0.00507554,-0.999984,0.0236916,0.4,0,0,DISABLED,0
5.50005,1.74205,-0.0210996,0,0.0106002,0.73265,0.0107089,-0.00513266,0.00107691,-0.999986,0.0230176,0.4,0,0,DISABLED,0
5.52005,1.74937,-0.023156,0,0.00612325,0.732469,0.00643162,-0.00960959,0.00151785,-0.999953,0.0206128,0.4,0,0,DISABLED,0
5.54005,1.75655,-0.0251691,0,0.00247571,0.732868,0.00248976,-0.0132571,-6.76244e-05,-0.999912,0.0169678,0.4,0,0,DISABLED,0
5.56005,1.76275,-0.0268061,0,0.000891418,0.733384,0.00375056,-0.0148414,-0.00408096,-0.999882,0.0145475,0.4,0,0,DISABLED,0
5.58005,1.77023,-0.0281821,0,-0.000232654,0.733898,0.00732424,-0.0159655,-0.00776216,-0.999842,0.0131217,0.4,0,0,DISABLED,0
5.60005,1.77632,-0.0288786,0,-0.000561627,0.734054,0.00934778,-0.0162945,-0.00977511,-0.999819,0.0122049,0.4,0,0,DISABLED,0
5.62005,1.78109,-0.029227,0,-0.000439035,0.734034,0.0109456,-0.0161719,-0.0113761,-0.999804,0.0113068,0.4,0,0,DISABLED,0
5.64005,1.79085,-0.0295219,0,-0.000141168,0.733942,0.0122022,-0.015874,-0.0126436,-0.999794,0.0104028,0.4,0,0,DISABLED,0
5.66005,1.7973,-0.0294471,0,0.000214716,0.733871,0.0132063,-0.0155181,-0.013647,-0.999786,0.00966672,0.4,0,0,DISABLED,0
5.68005,1.80384,-0.0292212,0,0.000872031,0.733766,0.0146078,-0.0148608,-0.0150235,-0.999777,0.00890732,0.4,0,0,DISABLED,0
5.70006,1.81254,-0.0287915,0,0.00275546,0.73355,0.017507,-0.0129774,-0.0177334,-0.999759,0.00832112,0.4,0,0,DISABLED,0
5.72006,1.8197,-0.0283019,0,0.00545513,0.733321,0.0203974,-0.0102777,-0.0200969,-0.999745,0.00865066,0.4,0,0,DISABLED,0
5.74006,1.82607,-0.0276357,0,0.00830474,0.733166,0.0224879,-0.00742809,-0.0213446,-0.999745,0.00860471,0.4,0,0,DISABLED,0
5.76006,1.83382,-0.026436,0,0.0113568,0.733177,0.0226174,-0.00437599,-0.020003,-0.99979,0.00873698,0.4,0,0,DISABLED,0
5.78006,1.84025,-0.0252476,0,0.0125373,0.733307,0.0205749,-0.00319549,-0.0167543,-0.999855,0.00918607,0.4,0,0,DISABLED,0
5.80006,1.84808,-0.0236408,0,0.0128121,0.733165,0.016573,-0.00292076,-0.0109532,-0.999936,0.0108951,0.4,0,0,DISABLED,0
5.82006,1.85432,-0.0224217,0,0.0124283,0.733088,0.0148024,-0.00330449,-0.00848408,-0.999959,0.0124289,0.4,0,0,DISABLED,0
5.84006,1.8623,-0.0211484,0,0.00973762,0.733295,0.0117239,-0.00599522,-0.00696917,-0.999958,0.0144159,0.4,0,0,DISABLED,0
5.86006,1.86957,-0.0200653,0,0.00747389,0.733532,0.00797113,-0.00825895,-0.00321197,-0.999961,0.0172823,0.4,0,0,DISABLED,0
5.88006,1.87607,-0.0191533,0,0.00685985,0.733705,0.0069312,-0.00887299,0.00059128,-0.99996,0.0183297,0.4,0,0,DISABLED,0
5.90006,1.88399,-0.0183395,0,0.00730084,0.733666,0.00792614,-0.00843199,0.00263126,-0.999961,0.0187977,0.4,0,0,DISABLED,0
5.92006,1.89066,-0.0180967,0,0.00731069,0.733525,0.00819966,-0.00842215,0.00327978,-0.999959,0.0200123,0.4,0,0,DISABLED,0
5.94006,1.89898,-0.0182808,0,0.00685848,0.733407,0.00835805,-0.00887435,0.00432984,-0.999951,0.0219007,0.4,0,0,DISABLED,0
5.96006,1.90574,-0.0187295,0,0.00691733,0.733315,0.00963664,-0.00881551,0.00625964,-0.999942,0.0249442,0.4,0,0,DISABLED,0
5.98006,1.91381,-0.0193892,0,0.00764712,0.733192,0.0109782,-0.00808571,0.0074351,-0.99994,0.0253855,0.4,0,0,DISABLED,0
6.00006,1.92098,-0.0199901,0,0.00913092,0.733053,0.0131248,-0.00660191,0.00898503,-0.999938,0.0261643,0.4,0,0,DISABLED,0
6.02006,1.92733,-0.0205451,0,0.0106652,0.73294,0.0150421,-0.00506767,0.0101624,-0.999936,0.0266053,0.4,0,0,DISABLED,0
6.04006,1.93431,-0.0213797,0,0.0122027,0.732885,0.016017,-0.00353016,0.00993186,-0.999944,0.0268263,0.4,0,0,DISABLED,0
6.06006,1.94216,-0.0226917,0,0.0123408,0.733009,0.0150698,-0.003392,0.00820271,-0.999961,0.0270992,0.4,0,0,DISABLED,0
6.08006,1.94946,-0.0243631,0,0.0109754,0.733068,0.0124153,-0.00475747,0.00535862,-0.999974,0.0274991,0.4,0,0,DISABLED,0
6.10006,1.95677,-0.0266147,0,0.00863952,0.732607,0.00867303,-0.00709331,0.000245634,-0.999975,0.0261748,0.4,0,0,DISABLED,0
6.12006,1.96135,-0.0279992,0,0.00598138,0.732363,0.00599017,-0.00975146,-0.000206608,-0.999952,0.0238626,0.4,0,0,DISABLED,0
6.14007,1.97117,-0.0309511,0,0.00079234,0.732704,0.000845728,-0.0149405,-0.00080088,-0.999888,0.0204268,0.4,0,0,DISABLED,0
6.16007,1.97895,-0.0332457,0,-0.000166217,0.733388,0.00604958,-0.0158991,-0.0064907,-0.999853,0.0173481,0.4,0,0,DISABLED,0
6.18007,1.98592,-0.0346989,0,-0.000249444,0.733859,0.00906945,-0.0159823,-0.00950684,-0.999827,0.0161144,0.4,0,0,DISABLED,0
6.20007,1.99285,-0.0356473,0,-0.000118075,0.733997,0.0103925,-0.0158509,-0.010838,-0.999816,0.0147273,0.4,0,0,DISABLED,0
6.22007,1.99985,-0.036273,0,0.000102241,0.73397,0.0119854,-0.0156306,-0.0124241,-0.999801,0.0129759,0.4,0,0,DISABLED,0
6.24007,2.00627,-0.036596,0,0.000235734,0.733922,0.0132918,-0.0154971,-0.0137313,-0.999786,0.0121346,0.4,0,0,DISABLED,0
6.26007,2.01426,-0.036697,0,0.000603962,0.733789,0.0149307,-0.0151289,-0.0153631,-0.999768,0.010458,0.4,0,0,DISABLED,0
6.28007,2.02086,-0.0366389,0,0.00114485,0.733624,0.0163193,-0.014588,-0.0167243,-0.999754,0.010361,0.4,0,0,DISABLED,0
6.30007,2.02815,-0.0365151,0,0.00252946,0.733439,0.0189868,-0.0132034,-0.0192594,-0.999727,0.0107052,0.4,0,0,DISABLED,0
6.32007,2.03531,-0.0362685,0,0.00509073,0.733218,0.0224375,-0.0106421,-0.0222952,-0.999695,0.0103726,0.4,0,0,DISABLED,0
6.34007,2.0431,-0.0357033,0,0.00841697,0.733003,0.0249914,-0.00731586,-0.0239731,-0.999686,0.00985488,0.4,0,0,DISABLED,0
6.36007,2.05014,-0.0348589,0,0.0106988,0.733014,0.0248623,-0.00503401,-0.0228859,-0.999725,0.0100683,0.4,0,0,DISABLED,0
6.38007,2.05652,-0.0339177,0,0.0119949,0.733137,0.0226859,-0.00373795,-0.019698,-0.999799,0.0111068,0.4,0,0,DISABLED,0
6.40007,2.06429,-0.0325822,0,0.0122255,0.733057,0.0182243,-0.00350733,-0.0139586,-0.999896,0.012314,0.4,0,0,DISABLED,0
6.42007,2.07121,-0.0314479,0,0.0116964,0.732939,0.015629,-0.00403648,-0.0108095,-0.999933,0.0136389,0.4,0,0,DISABLED,0
6.44007,2.0783,-0.0305302,0,0.009498,0.733123,0.0127703,-0.00623483,-0.00898493,-0.99994,0.015841,0.4,0,0,DISABLED,0
6.46007,2.08541,-0.0296496,0,0.00791124,0.73344,0.00979005,-0.0078216,-0.00621507,-0.99995,0.0179532,0.4,0,0,DISABLED,0
6.48007,2.09257,-0.0288254,0,0.00687961,0.733688,0.00697407,-0.00885322,-0.00154848,-0.99996,0.0200707,0.4,0,0,DISABLED,0
6.50007,2.09972,-0.0282568,0,0.00711122,0.733688,0.00717625,-0.00862162,0.000563706,-0.999963,0.0207188,0.4,0,0,DISABLED,0
6.52007,2.10628,-0.0281173,0,0.00720936,0.73356,0.00742928,-0.00852348,0.00138126,-0.999963,0.0214114,0.4,0,0,DISABLED,0
6.54007,2.11369,-0.0283457,0,0.00703054,0.733459,0.00767396,-0.0087023,0.00262705,-0.999959,0.0225269,0.4,0,0,DISABLED,0
6.56007,2.12034,-0.0288175,0,0.00707985,0.73343,0.0085971,-0.00865299,0.00443137,-0.999953,0.0239179,0.4,0,0,DISABLED,0
6.58008,2.12903,-0.0296283,0,0.00782941,0.73339,0.0101722,-0.00790342,0.00605137,-0.99995,0.024794,0.4,0,0,DISABLED,0
6.60008,2.13609,-0.0303158,0,0.00927476,0.733296,0.0124057,-0.00645808,0.00779816,-0.999949,0.0256193,0.4,0,0,DISABLED,0
6.62008,2.14302,-0.0310398,0,0.0111405,0.733165,0.0146689,-0.00459237,0.00909856,-0.999948,0.0263469,0.4,0,0,DISABLED,0
6.64008,2.14992,-0.0319826,0,0.0125165,0.733096,0.0156518,-0.00321633,0.00894951,-0.999955,0.0266112,0.4,0,0,DISABLED,0
6.66008,2.157,-0.0332573,0,0.0126469,0.733178,0.0148947,-0.00308589,0.00742323,-0.999968,0.02682,0.4,0,0,DISABLED,0
6.68008,2.16421,-0.0349723,0,0.0113381,0.733162,0.0122071,-0.00439477,0.00408104,-0.999982,0.0259948,0.4,0,0,DISABLED,0
6.70008,2.17144,-0.0372127,0,0.00899201,0.732634,0.00899024,-0.00674083,-0.000471605,-0.999977,0.0239222,0.4,0,0,DISABLED,0
6.72008,2.17821,-0.0391858,0,0.0050301,0.732553,0.00508611,-0.0107027,0.000313134,-0.999943,0.0215092,0.4,0,0,DISABLED,0
6.74008,2.18632,-0.0416743,0,0.00142992,0.733047,0.00258374,-0.0143029,-0.00260754,-0.999894,0.0175068,0.4,0,0,DISABLED,0
6.76008,2.19265,-0.0434824,0,0.000423541,0.733613,0.00681849,-0.0153093,-0.00725174,-0.999857,0.0153666,0.4,0,0,DISABLED,0
6.78008,2.1996,-0.0448629,0,4.93377e-05,0.734073,0.00974122,-0.0156835,-0.0101807,-0.999825,0.0141194,0.4,0,0,DISABLED,0
6.80008,2.20721,-0.045797,0,7.98292e-05,0.734194,0.0114669,-0.015653,-0.0119067,-0.999807,0.012317,0.4,0,0,DISABLED,0
6.82008,2.21351,-0.0463028,0,0.000328642,0.734134,0.0126201,-0.0154042,-0.0130574,-0.999796,0.0116562,0.4,0,0,DISABLED,0
6.84008,2.22139,-0.046605,0,0.000743289,0.734011,0.014097,-0.0149895,-0.0145217,-0.999782,0.00983184,0.4,0,0,DISABLED,0
6.86008,2.22872,-0.0466387,0,0.00115359,0.733864,0.0151132,-0.0145792,-0.0155109,-0.999773,0.00895313,0.4,0,0,DISABLED,0
6.88008,2.23611,-0.0465113,0,0.00183196,0.73368,0.0165081,-0.0139009,-0.0168511,-0.999761,0.00843675,0.4,0,0,DISABLED,0
6.90008,2.24271,-0.0463331,0,0.00341858,0.733503,0.0191525,-0.0123143,-0.0192894,-0.999738,0.0082872,0.4,0,0,DISABLED,0
6.92008,2.24994,-0.046,0,0.0060957,0.733276,0.0224879,-0.00963713,-0.0220906,-0.99971,0.007922,0.4,0,0,DISABLED,0
6.94008,2.25781,-0.0453025,0,0.00939019,0.733086,0.0247854,-0.00634264,-0.0233805,-0.999707,0.0075105,0.4,0,0,DISABLED,0
6.96008,2.26496,-0.0443024,0,0.0117674,0.733127,0.0241594,-0.00396542,-0.0215411,-0.99976,0.00774634,0.4,0,0,DISABLED,0
6.98008,2.27145,-0.0432267,0,0.0127548,0.733284,0.0221944,-0.00297804,-0.0186063,-0.999822,0.00827399,0.4,0,0,DISABLED,0
7.00008,2.27934,-0.0417279,0,0.0130233,0.7332,0.017646,-0.00270953,-0.0123518,-0.99992,0.00960776,0.4,0,0,DISABLED,0
7.02009,2.2864,-0.0404634,0,0.0124275,0.733047,0.0150816,-0.00330531,-0.0089839,-0.999954,0.0117001,0.4,0,0,DISABLED,0
7.04009,2.29283,-0.0395284,0,0.0106917,0.733199,0.0130016,-0.00504114,-0.00784009,-0.999957,0.0129465,0.4,0,0,DISABLED,0
7.06009,2.29867,-0.0387704,0,0.00852667,0.733418,0.00963664,-0.00720617,-0.00493142,-0.999962,0.0171013,0.4,0,0,DISABLED,0
7.08009,2.30811,-0.0375207,0,0.00762098,0.733726,0.0076194,-0.00811186,-0.000320038,-0.999967,0.0185121,0.4,0,0,DISABLED,0
7.10009,2.31459,-0.0369045,0,0.00804258,0.733735,0.00834378,-0.00769026,0.00178163,-0.999969,0.0191203,0.4,0,0,DISABLED,0
7.12009,2.32265,-0.0366768,0,0.00831481,0.733624,0.00899687,-0.00741802,0.00299538,-0.999968,0.0202788,0.4,0,0,DISABLED,0
7.14009,2.33009,-0.0368859,0,0.00818616,0.733544,0.00950586,-0.00754668,0.00437951,-0.999962,0.0218969,0.4,0,0,DISABLED,0
7.16009,2.33744,-0.0373303,0,0.00832919,0.733489,0.010444,-0.00740364,0.00585665,-0.999955,0.0229219,0.4,0,0,DISABLED,0
7.18009,2.34462,-0.0378834,0,0.00910236,0.733425,0.0118704,-0.00663048,0.00717543,-0.999952,0.0233454,0.4,0,0,DISABLED,0
7.20009,2.35029,-0.0383242,0,0.0103176,0.733364,0.013841,-0.00541519,0.00877994,-0.999947,0.0239244,0.4,0,0,DISABLED,0
7.22009,2.35788,-0.0389926,0,0.012101,0.733224,0.0159386,-0.00363181,0.00993069,-0.999944,0.0247996,0.4,0,0,DISABLED,0
7.24009,2.36543,-0.0399195,0,0.0133308,0.733142,0.0165982,-0.00240208,0.00944619,-0.999952,0.0248763,0.4,0,0,DISABLED,0
7.26009,2.37246,-0.0411246,0,0.0130834,0.733239,0.0154525,-0.00264943,0.00777508,-0.999966,0.0251916,0.4,0,0,DISABLED,0
7.28009,2.37959,-0.042788,0,0.0116267,0.733222,0.0126201,-0.00410616,0.0044679,-0.999982,0.025176,0.4,0,0,DISABLED,0
7.30009,2.38459,-0.0443112,0,0.00996535,0.732878,0.0100306,-0.00576748,0.000672794,-0.999983,0.0247795,0.4,0,0,DISABLED,0
7.32009,2.39349,-0.0469258,0,0.00467344,0.732397,0.00473407,-0.0110594,0.000252584,-0.999939,0.0213075,0.4,0,0,DISABLED,0
7.34009,2.4016,-0.0492415,0,0.000273103,0.732777,0.000845728,-0.0154597,-0.00118594,-0.99988,0.0167685,0.4,0,0,DISABLED,0
7.36009,2.40786,-0.0510025,0,-0.000896584,0.733353,0.00527028,-0.0166294,-0.00563481,-0.999846,0.0139056,0.4,0,0,DISABLED,0
7.38009,2.41538,-0.0524892,0,-0.00131193,0.733946,0.00834378,-0.0170448,-0.00868435,-0.999817,0.0119863,0.4,0,0,DISABLED,0
7.40009,2.42219,-0.0533421,0,-0.00133212,0.734144,0.00985679,-0.017065,-0.010208,-0.999802,0.0106483,0.4,0,0,DISABLED,0
7.42009,2.42909,-0.053857,0,-0.00121673,0.73409,0.0113624,-0.0169496,-0.0117371,-0.999787,0.00917185,0.4,0,0,DISABLED,0
7.44009,2.43543,-0.0540745,0,-0.00105579,0.733995,0.0124393,-0.0167886,-0.0128357,-0.999777,0.00849536,0.4,0,0,DISABLED,0
7.4601,2.44336,-0.0540578,0,-0.00079545,0.733864,0.0135318,-0.0165283,-0.0139508,-0.999766,0.00775201,0.4,0,0,DISABLED,0
7.4801,2.45064,-0.0538784,0,-9.65241e-05,0.733713,0.0151487,-0.0158294,-0.0155934,-0.999753,0.00753554,0.4,0,0,DISABLED,0
7.5001,2.45715,-0.0536604,0,0.00135927,0.733569,0.0172636,-0.0143736,-0.0176542,-0.999741,0.00810249,0.4,0,0,DISABLED,0
7.5201,2.46427,-0.0532791,0,0.00446798,0.733367,0.0206905,-0.0112649,-0.0206455,-0.999723,0.00793004,0.4,0,0,DISABLED,0
7.5401,2.47203,-0.0525728,0,0.00757523,0.733172,0.0228638,-0.00815761,-0.0220157,-0.999724,0.00771867,0.4,0,0,DISABLED,0
7.5601,2.47833,-0.0517076,0,0.0100203,0.733169,0.022843,-0.00571253,-0.0209708,-0.999764,0.0078873,0.4,0,0,DISABLED,0
7.5801,2.48607,-0.0504214,0,0.0115884,0.73328,0.0202861,-0.00414439,-0.0170916,-0.999845,0.00940199,0.4,0,0,DISABLED,0
7.6001,2.49308,-0.0490723,0,0.0119051,0.733143,0.0167697,-0.00382774,-0.0122567,-0.999918,0.0105038,0.4,0,0,DISABLED,0
7.6201,2.49931,-0.0479299,0,0.0113016,0.733039,0.0141645,-0.00443125,-0.00898528,-0.99995,0.0132037,0.4,0,0,DISABLED,0
7.6401,2.50624,-0.0468295,0,0.0100713,0.733165,0.0123044,-0.00566156,-0.00751171,-0.999956,0.0149007,0.4,0,0,DISABLED,0
7.6601,2.51418,-0.045799,0,0.00788482,0.733493,0.00895037,-0.00784801,-0.00467763,-0.999958,0.0189767,0.4,0,0,DISABLED,0
7.6801,2.52138,-0.0448893,0,0.0067225,0.733735,0.00673936,-0.00901034,2.24974e-05,-0.999959,0.0208488,0.4,0,0,DISABLED,0
7.7001,2.52851,-0.0442701,0,0.00698387,0.733741,0.00732424,-0.00874897,0.00176825,-0.99996,0.0208242,0.4,0,0,DISABLED,0
7.7201,2.53584,-0.0441234,0,0.00709286,0.733608,0.00783538,-0.00863998,0.00288047,-0.999959,0.0223494,0.4,0,0,DISABLED,0
7.7401,2.54105,-0.0442554,0,0.00691329,0.733542,0.00808989,-0.00881955,0.00375803,-0.999954,0.0231113,0.4,0,0,DISABLED,0
7.7601,2.54994,-0.0448296,0,0.00689897,0.733491,0.00914146,-0.00883386,0.00554634,-0.999946,0.0245811,0.4,0,0,DISABLED,0
7.7801,2.55791,-0.0455669,0,0.00788611,0.733391,0.0109999,-0.00784673,0.00721943,-0.999943,0.0262502,0.4,0,0,DISABLED,0
7.8001,2.5643,-0.0461633,0,0.00918919,0.733243,0.0128587,-0.00654364,0.00855307,-0.999942,0.0268717,0.4,0,0,DISABLED,0
7.8201,2.57198,-0.046906,0,0.0109621,0.733053,0.0150341,-0.00477072,0.00984706,-0.99994,0.0273451,0.4,0,0,DISABLED,0
7.8401,2.5782,-0.0477121,0,0.0126322,0.732961,0.0162241,-0.00310062,0.00973718,-0.999948,0.027756,0.4,0,0,DISABLED,0
7.8601,2.58597,-0.0490654,0,0.0129099,0.733027,0.0154371,-0.0028229,0.00801554,-0.999964,0.0277926,0.4,0,0,DISABLED,0
7.88011,2.59321,-0.0507785,0,0.0118417,0.733028,0.0132783,-0.00389112,0.00557199,-0.999977,0.0280896,0.4,0,0,DISABLED,0
7.90011,2.59973,-0.0527926,0,0.00968816,0.73258,0.00974122,-0.00604467,0.000588589,-0.999982,0.0262532,0.4,0,0,DISABLED,0
7.92011,2.60801,-0.0552022,0,0.00496365,0.732447,0.00528158,-0.0107692,0.00135623,-0.999941,0.0227539,0.4,0,0,DISABLED,0
7.94011,2.61534,-0.0574513,0,0.00175138,0.732939,0.00185932,-0.0139815,-0.00110395,-0.999902,0.0197789,0.4,0,0,DISABLED,0
7.96011,2.62169,-0.0592502,0,0.000468505,0.733539,0.00522484,-0.0152643,-0.00564239,-0.999868,0.0173471,0.4,0,0,DISABLED,0
7.98011,2.62864,-0.0606308,0,-0.000256272,0.734027,0.00806775,-0.0159891,-0.00850874,-0.999836,0.0156006,0.4,0,0,DISABLED,0
8.00011,2.63625,-0.0615897,0,-0.000488028,0.734158,0.00992309,-0.0162209,-0.0103528,-0.999815,0.0136888,0.4,0,0,DISABLED,0
8.02011,2.64255,-0.062111,0,-0.000385789,0.734087,0.0112199,-0.0161186,-0.0116546,-0.999802,0.0131279,0.4,0,0,DISABLED,0
8.04011,2.65043,-0.0624097,0,-0.000158457,0.733956,0.0127376,-0.0158913,-0.0131786,-0.999787,0.0115466,0.4,0,0,DISABLED,0
8.06011,2.65777,-0.0624363,0,8.20495e-05,0.733827,0.0138108,-0.0156508,-0.0142518,-0.999776,0.0110951,0.4,0,0,DISABLED,0
8.08011,2.66516,-0.0623133,0,0.000857101,0.733674,0.015518,-0.0148757,-0.0159341,-0.999762,0.0111123,0.4,0,0,DISABLED,0
8.10011,2.67174,-0.062129,0,0.00244217,0.733527,0.0180005,-0.0132907,-0.0182798,-0.999745,0.0111714,0.4,0,0,DISABLED,0
8.12011,2.67964,-0.0617325,0,0.00525747,0.7333,0.0214542,-0.0104754,-0.0212432,-0.999719,0.0107478,0.4,0,0,DISABLED,0
8.14011,2.68679,-0.0610669,0,0.0085676,0.733139,0.0238315,-0.00716524,-0.0226823,-0.999717,0.010402,0.4,0,0,DISABLED,0
8.16011,2.6932,-0.0601787,0,0.0108602,0.733173,0.0231128,-0.00487266,-0.0208432,-0.999771,0.0109266,0.4,0,0,DISABLED,0
8.18011,2.70108,-0.0588671,0,0.0118124,0.733331,0.0209539,-0.00392047,-0.0177492,-0.999835,0.0118832,0.4,0,0,DISABLED,0
8.20011,2.70748,-0.0576145,0,0.0120782,0.73323,0.0168865,-0.00365468,-0.0122453,-0.999918,0.0129222,0.4,0,0,DISABLED,0
8.22011,2.71451,-0.0563196,0,0.011628,0.733052,0.0143068,-0.00410481,-0.00877913,-0.999953,0.015538,0.4,0,0,DISABLED,0
8.24011,2.72164,-0.0552838,0,0.00975899,0.733191,0.0119405,-0.00597384,-0.00732052,-0.999955,0.0179172,0.4,0,0,DISABLED,0
8.26011,2.72887,-0.0543328,0,0.00791139,0.733463,0.00891701,-0.00782145,-0.00455135,-0.999959,0.0217383,0.4,0,0,DISABLED,0
8.28011,2.73619,-0.0533657,0,0.00675007,0.733721,0.00689672,-0.00898276,0.000990832,-0.999959,0.0250019,0.4,0,0,DISABLED,0
8.30011,2.74329,-0.05264,0,0.00737602,0.733718,0.00794866,-0.00835681,0.0025269,-0.999962,0.0247277,0.4,0,0,DISABLED,0
8.32012,2.75056,-0.0524195,0,0.007698,0.733565,0.00848545,-0.00803484,0.00313272,-0.999963,0.0260168,0.4,0,0,DISABLED,0
8.34012,2.75877,-0.0526576,0,0.00723527,0.733448,0.00878231,-0.00849757,0.00452646,-0.999954,0.0279644,0.4,0,0,DISABLED,0
8.36012,2.76615,-0.0531478,0,0.00713597,0.733388,0.00966135,-0.00859687,0.0060663,-0.999945,0.0290736,0.4,0,0,DISABLED,0
8.38012,2.77333,-0.053756,0,0.00793255,0.733311,0.0112146,-0.00780028,0.00747959,-0.999942,0.02976,0.4,0,0,DISABLED,0
8.40012,2.78037,-0.0543377,0,0.00909132,0.733214,0.0130473,-0.00664151,0.00891684,-0.999938,0.0300466,0.4,0,0,DISABLED,0
8.42012,2.78726,-0.0549759,0,0.0110539,0.733077,0.0155026,-0.0046789,0.0104208,-0.999935,0.030927,0.4,0,0,DISABLED,0
8.44012,2.79414,-0.0558472,0,0.012355,0.732997,0.0162204,-0.00337788,0.0100672,-0.999944,0.0311739,0.4,0,0,DISABLED,0
8.46012,2.80115,-0.0570587,0,0.0123539,0.733068,0.0151683,-0.00337893,0.00835606,-0.999959,0.0312562,0.4,0,0,DISABLED,0
8.48012,2.80831,-0.0587326,0,0.0110046,0.73307,0.0123816,-0.00472823,0.00522754,-0.999975,0.031392,0.4,0,0,DISABLED,0
8.50012,2.8155,-0.0609525,0,0.00888841,0.732551,0.00893704,-0.00684443,0.000542304,-0.999976,0.0302663,0.4,0,0,DISABLED,0
8.52012,2.82223,-0.062892,0,0.00451585,0.732353,0.00465791,-0.011217,0.000705599,-0.999937,0.0274831,0.4,0,0,DISABLED,0
8.54012,2.82978,-0.0649909,0,-4.65829e-05,0.732763,0.000345267,-0.0157794,-0.000325985,-0.999875,0.0222608,0.4,0,0,DISABLED,0
8.56012,2.83677,-0.0670592,0,-0.00132161,0.73344,0.00535999,-0.0170544,-0.00564308,-0.999839,0.0194872,0.4,0,0,DISABLED,0
8.58012,2.84428,-0.0686439,0,-0.00143028,0.734058,0.00927738,-0.0171631,-0.00961227,-0.999807,0.0179972,0.4,0,0,DISABLED,0
8.60012,2.85111,-0.0695364,0,-0.00123303,0.734274,0.0111132,-0.0169659,-0.0114853,-0.99979,0.0168636,0.4,0,0,DISABLED,0
8.62012,2.85804,-0.0700724,0,-0.000960512,0.73424,0.0126389,-0.0166933,-0.0130438,-0.999776,0.0151591,0.4,0,0,DISABLED,0
8.64012,2.86512,-0.0703587,0,-0.000636242,0.734142,0.0137762,-0.0163691,-0.0142001,-0.999765,0.0140081,0.4,0,0,DISABLED,0
8.66012,2.87234,-0.0704239,0,-0.000247827,0.734022,0.0146445,-0.0159807,-0.0150869,-0.999758,0.0134381,0.4,0,0,DISABLED,0
8.68012,2.87891,-0.0703343,0,0.00034607,0.733887,0.0158298,-0.0153868,-0.0162688,-0.999749,0.0132399,0.4,0,0,DISABLED,0
8.70012,2.88689,-0.0701252,0,0.00207185,0.733702,0.0185325,-0.013661,-0.0188604,-0.999729,0.0130703,0.4,0,0,DISABLED,0
8.72012,2.89403,-0.0698066,0,0.00475712,0.733492,0.0215927,-0.0109757,-0.0215066,-0.999708,0.0129839,0.4,0,0,DISABLED,0
8.74012,2.90037,-0.0692999,0,0.00761838,0.7333,0.0237413,-0.00811445,-0.0229281,-0.999704,0.0126152,0.4,0,0,DISABLED,0
8.76013,2.90738,-0.0684275,0,0.0102975,0.733257,0.0237964,-0.00543534,-0.0218971,-0.999745,0.0127422,0.4,0,0,DISABLED,0
8.78013,2.91445,-0.0673254,0,0.0116037,0.733342,0.0214931,-0.00412914,-0.0185355,-0.99982,0.013726,0.4,0,0,DISABLED,0
8.80013,2.92223,-0.0659372,0,0.0117261,0.733204,0.0170481,-0.00400676,-0.012817,-0.99991,0.0154713,0.4,0,0,DISABLED,0
8.82013,2.92921,-0.0647021,0,0.010969,0.733057,0.0142943,-0.00476383,-0.00960876,-0.999942,0.0169945,0.4,0,0,DISABLED,0
8.84013,2.9348,-0.0638795,0,0.00963357,0.733168,0.0123286,-0.00609927,-0.00814382,-0.999948,0.0182325,0.4,0,0,DISABLED,0
8.86013,2.94336,-0.0627933,0,0.00740081,0.733541,0.00835805,-0.00833203,-0.00433769,-0.999956,0.0229798,0.4,0,0,DISABLED,0
8.88013,2.95052,-0.0618735,0,0.00647025,0.733799,0.00646859,-0.00926258,-0.000216719,-0.999957,0.0239164,0.4,0,0,DISABLED,0
8.90013,2.95766,-0.0612022,0,0.00669462,0.733818,0.00718456,-0.00903822,0.00216624,-0.999957,0.0245516,0.4,0,0,DISABLED,0
8.92013,2.96346,-0.0609758,0,0.00692958,0.733688,0.00773585,-0.00880326,0.00298657,-0.999957,0.0258168,0.4,0,0,DISABLED,0
8.94013,2.97232,-0.0611466,0,0.00687667,0.733447,0.00819239,-0.00885617,0.00401671,-0.999953,0.0284146,0.4,0,0,DISABLED,0
8.96013,2.97975,-0.0615821,0,0.00671281,0.733325,0.00862479,-0.00902002,0.00496771,-0.999947,0.0285433,0.4,0,0,DISABLED,0
8.98013,2.98628,-0.0621137,0,0.00727689,0.733264,0.00989903,-0.00845595,0.00626756,-0.999945,0.0289014,0.4,0,0,DISABLED,0
9.00013,2.99407,-0.0628225,0,0.00882154,0.733162,0.012372,-0.0069113,0.00823274,-0.999942,0.029866,0.4,0,0,DISABLED,0
9.02013,3.00035,-0.0634126,0,0.0104043,0.733053,0.0144272,-0.00532853,0.00955023,-0.99994,0.0303943,0.4,0,0,DISABLED,0
9.04013,3.00792,-0.0643608,0,0.0121497,0.732939,0.015724,-0.00358316,0.009541,-0.999948,0.0308493,0.4,0,0,DISABLED,0
9.06013,3.01488,-0.0655638,0,0.0128472,0.732958,0.0151801,-0.00288561,0.00764493,-0.999967,0.0306723,0.4,0,0,DISABLED,0
9.08013,3.0221,-0.0672153,0,0.0115712,0.732986,0.0128865,-0.00416163,0.00522933,-0.999978,0.0314014,0.4,0,0,DISABLED,0
9.10013,3.02857,-0.0692129,0,0.0094252,0.732567,0.00944295,-0.00630764,0.00018184,-0.99998,0.0304874,0.4,0,0,DISABLED,0
9.12013,3.03599,-0.0713573,0,0.00566081,0.732364,0.00581855,-0.010072,0.000930534,-0.999949,0.0277219,0.4,0,0,DISABLED,0
9.14013,3.04274,-0.0732957,0,0.00177936,0.732755,0.00185932,-0.0139535,0.000127565,-0.999903,0.0246815,0.4,0,0,DISABLED,0
9.16013,3.04912,-0.0752009,0,0.000205715,0.733364,0.00485834,-0.0155271,-0.00529879,-0.999865,0.0210176,0.4,0,0,DISABLED,0
9.18013,3.05819,-0.0770458,0,-0.000896517,0.734095,0.00887682,-0.0166294,-0.00927013,-0.999819,0.0209046,0.4,0,0,DISABLED,0
9.20014,3.06374,-0.0777569,0,-0.000988064,0.73426,0.0108362,-0.0167209,-0.0112297,-0.999797,0.0195374,0.4,0,0,DISABLED,0
9.22014,3.0714,-0.0784488,0,-0.000533892,0.734237,0.0126672,-0.0162667,-0.0130977,-0.999782,0.0189114,0.4,0,0,DISABLED,0
9.24014,3.07851,-0.0787598,0,0.000107365,0.734106,0.0139568,-0.0156255,-0.0143986,-0.999774,0.0170421,0.4,0,0,DISABLED,0
9.26014,3.08506,-0.0788486,0,0.000496112,0.733952,0.0145424,-0.0152367,-0.0149738,-0.999772,0.0163937,0.4,0,0,DISABLED,0
9.28014,3.09317,-0.078744,0,0.00128042,0.733739,0.0162167,-0.0144524,-0.0166083,-0.999758,0.0155877,0.4,0,0,DISABLED,0
9.30014,3.10125,-0.078509,0,0.00279201,0.733508,0.0187435,-0.0129408,-0.0189792,-0.999736,0.0157536,0.4,0,0,DISABLED,0
9.32014,3.10846,-0.0781403,0,0.00509407,0.733292,0.0214431,-0.0106388,-0.0212722,-0.999717,0.0157613,0.4,0,0,DISABLED,0
9.34014,3.11558,-0.0774773,0,0.00839155,0.73314,0.0237388,-0.00734129,-0.0226497,-0.999717,0.0151594,0.4,0,0,DISABLED,0
9.36014,3.122,-0.0765935,0,0.0104789,0.733194,0.0233948,-0.00525398,-0.0213612,-0.999758,0.0152804,0.4,0,0,DISABLED,0
9.38014,3.1299,-0.075262,0,0.0115468,0.733371,0.0206761,-0.004186,-0.0175927,-0.999836,0.0163746,0.4,0,0,DISABLED,0
9.40014,3.13704,-0.0738464,0,0.0116573,0.733266,0.0163885,-0.00407557,-0.0119638,-0.99992,0.0171789,0.4,0,0,DISABLED,0
9.42014,3.14332,-0.07267,0,0.0112967,0.73314,0.0142149,-0.00443616,-0.0090709,-0.999949,0.0186102,0.4,0,0,DISABLED,0
9.44014,3.14972,-0.0716733,0,0.00955591,0.733231,0.0119355,-0.00617693,-0.00759514,-0.999952,0.0197953,0.4,0,0,DISABLED,0
9.46014,3.15783,-0.070673,0,0.00646459,0.733539,0.00769723,-0.00926824,-0.00461871,-0.999946,0.0258751,0.4,0,0,DISABLED,0
9.48014,3.1651,-0.0696957,0,0.00523114,0.733804,0.00524761,-0.0105017,-4.36153e-05,-0.999945,0.0272289,0.4,0,0,DISABLED,0
9.50014,3.17218,-0.0689289,0,0.00614897,0.733848,0.00694838,-0.00958387,0.00279679,-0.99995,0.0276744,0.4,0,0,DISABLED,0
9.52014,3.17936,-0.0686545,0,0.00722616,0.733706,0.0081413,-0.00850668,0.00330895,-0.999958,0.028356,0.4,0,0,DISABLED,0
9.54014,3.18752,-0.0688488,0,0.00728359,0.733582,0.0086386,-0.00844925,0.00420497,-0.999955,0.029735,0.4,0,0,DISABLED,0
9.56014,3.19496,-0.069322,0,0.00715539,0.733535,0.00946186,-0.00857745,0.0057403,-0.999947,0.0309479,0.4,0,0,DISABLED,0
9.58014,3.20077,-0.0698149,0,0.00790539,0.733507,0.0110108,-0.00782745,0.0072214,-0.999943,0.032311,0.4,0,0,DISABLED,0
9.60014,3.20926,-0.0705606,0,0.00938104,0.733391,0.0132693,-0.0063518,0.0089429,-0.99994,0.0335059,0.4,0,0,DISABLED,0
9.62014,3.21621,-0.0711756,0,0.0110352,0.733258,0.015313,-0.00469761,0.0101729,-0.999937,0.0339575,0.4,0,0,DISABLED,0
9.64015,3.2224,-0.0719231,0,0.0123816,0.733173,0.016069,-0.00335122,0.00979974,-0.999946,0.0343467,0.4,0,0,DISABLED,0
9.66015,3.23013,-0.0731934,0,0.0123308,0.733243,0.0150262,-0.00340205,0.00813811,-0.999961,0.0345639,0.4,0,0,DISABLED,0
9.68015,3.2366,-0.0746219,0,0.0106991,0.733252,0.0120647,-0.0050337,0.00513184,-0.999974,0.0349362,0.4,0,0,DISABLED,0
9.70015,3.2445,-0.0769746,0,0.00820575,0.73267,0.00820693,-0.00752708,-0.000152674,-0.999972,0.0330617,0.4,0,0,DISABLED,0
9.72015,3.25194,-0.0790671,0,0.0036654,0.732489,0.00379794,-0.0120674,0.000534355,-0.999927,0.0308234,0.4,0,0,DISABLED,0
9.74015,3.25923,-0.0811469,0,0.000195481,0.732901,0.00114512,-0.0155374,-0.00157775,-0.999878,0.0276506,0.4,0,0,DISABLED,0
9.76015,3.26555,-0.0827818,0,-0.00118269,0.733455,0.00541531,-0.0169155,-0.00571584,-0.999841,0.0252223,0.4,0,0,DISABLED,0
9.78015,3.27316,-0.084074,0,-0.00190176,0.73394,0.00835092,-0.0176346,-0.00857973,-0.999808,0.0234384,0.4,0,0,DISABLED,0
9.80015,3.27799,-0.0845949,0,-0.00200648,0.734053,0.00939866,-0.0177393,-0.00962157,-0.999796,0.0227192,0.4,0,0,DISABLED,0
9.82015,3.28711,-0.0851316,0,-0.00193183,0.733957,0.0114877,-0.0176647,-0.0117644,-0.999775,0.0205217,0.4,0,0,DISABLED,0
9.84015,3.2936,-0.0852094,0,-0.00176269,0.733832,0.012468,-0.0174955,-0.0127847,-0.999765,0.0191811,0.4,0,0,DISABLED,0
9.86015,3.30098,-0.0850806,0,-0.00140284,0.733717,0.0133589,-0.0171357,-0.0137291,-0.999759,0.0181192,0.4,0,0,DISABLED,0
9.88015,3.3092,-0.0847062,0,-0.000457602,0.733559,0.0152975,-0.0161904,-0.0157379,-0.999745,0.0154999,0.4,0,0,DISABLED,0
9.90015,3.31665,-0.0843087,0,0.00124039,0.733396,0.0173462,-0.0144924,-0.0177443,-0.999738,0.0158421,0.4,0,0,DISABLED,0
9.92015,3.32397,-0.0837604,0,0.0041922,0.733224,0.0203448,-0.0115406,-0.0203525,-0.999726,0.0155349,0.4,0,0,DISABLED,0
9.94015,3.32978,-0.0831204,0,0.00721507,0.733138,0.0224481,-0.00851777,-0.0217012,-0.999728,0.0148578,0.4,0,0,DISABLED,0
9.96015,3.33849,-0.0817277,0,0.0102418,0.733231,0.0224003,-0.00549104,-0.0203643,-0.999778,0.0147087,0.4,0,0,DISABLED,0
9.98015,3.34588,-0.080314,0,0.0113603,0.733452,0.0203389,-0.00437258,-0.0173119,-0.999841,0.0142063,0.4,0,0,DISABLED,0
10.0002,3.35243,-0.0789282,0,0.0118008,0.733367,0.0162351,-0.00393205,-0.0115919,-0.999925,0.0155951,0.4,0,0,DISABLED,0
10.0202,3.36025,-0.0773863,0,0.0114585,0.733146,0.0136938,-0.00427435,-0.0079413,-0.999959,0.0178458,0.4,0,0,DISABLED,0
10.0402,3.36547,-0.0763584,0,0.0133665,0.73338,0.0148024,-0.0023663,-0.00680045,-0.999974,0.0189838,0.4,0,0,DISABLED,0
10.0602,3.36989,-0.0753054,0,0.0175677,0.733941,0.0181457,0.00183489,-0.00499358,-0.999986,0.0194218,0.4,0,0,DISABLED,0
10.0802,3.37337,-0.0743272,0,0.0208671,0.734623,0.0209965,0.00513424,-0.0027852,-0.999983,0.0175238,0.4,0,0,DISABLED,0
10.1002,3.3763,-0.0735722,0,0.0221762,0.735223,0.0222025,0.00644333,-0.00149939,-0.999978,0.0155462,0.4,0,0,DISABLED,0
10.1202,3.37811,-0.0733783,0,0.021475,0.735668,0.0215097,0.00574217,-0.00161817,-0.999982,0.0136853,0.4,0,0,DISABLED,0
10.1402,3.37909,-0.0735731,0,0.0191402,0.736154,0.0191805,0.0034074,-0.00169006,-0.999993,0.0118617,0.4,0,0,DISABLED,0
10.1602,3.37923,-0.074007,0,0.0153866,0.736689,0.01541,-0.000346266,-0.00128944,-0.999999,0.00977068,0.4,0,0,DISABLED,0
10.1802,3.37863,-0.0745065,0,0.0117892,0.737189,0.0117898,-0.00394367,-0.000690321,-0.999992,0.00768018,0.4,0,0,DISABLED,0
10.2002,3.37691,-0.0751252,0,0.00893491,0.737806,0.00894371,-0.00679793,-0.000124106,-0.999977,0.00546231,0.4,0,0,DISABLED,0
10.2202,3.37449,-0.0756804,0,0.00612798,0.738363,0.00618598,-0.00960485,0.000369482,-0.999954,0.00253255,0.4,0,0,DISABLED,0
10.2402,3.37291,-0.0763059,0,0.000149368,0.738636,0.0010358,-0.0155835,0.000543589,-0.999878,0.00129555,0.4,0,0,DISABLED,0
10.2602,3.37198,-0.077034,0,-0.00907811,0.738384,0.00907602,-0.0248109,-0.000558478,-0.999692,0.000890597,0.4,0,0,DISABLED,0
10.2802,3.37119,-0.0779789,0,-0.0160311,0.737509,0.0162864,-0.031764,-0.00329143,-0.99949,-0.000292604,0.4,0,0,DISABLED,0
10.3002,3.37046,-0.0794698,0,-0.0214143,0.735949,0.0227331,-0.0371471,-0.00805723,-0.999277,-0.0018467,0.4,0,0,DISABLED,0
10.3202,3.36983,-0.0804185,0,-0.026893,0.735649,0.0269161,-0.0426259,0.000350463,-0.999091,-0.00317373,0.4,0,0,DISABLED,0
10.3402,3.36952,-0.0823945,0,-0.0317426,0.735702,0.0318446,-0.0474755,0.00186899,-0.998871,0.000550544,0.4,0,0,DISABLED,0
10.3602,3.36919,-0.0848277,0,-0.0353472,0.735775,0.0356698,-0.05108,-0.00506578,-0.998682,0.00738272,0.4,0,0,DISABLED,0
10.3802,3.36953,-0.0868611,0,-0.0386654,0.735785,0.0401354,-0.0543982,-0.0111033,-0.998458,0.01015,0.4,0,0,DISABLED,0
10.4002,3.37025,-0.0880197,0,-0.0414718,0.735609,0.0435249,-0.0572046,-0.0135462,-0.998271,0.0112202,0.4,0,0,DISABLED,0
10.4202,3.37136,-0.0891245,0,-0.0437486,0.735262,0.0460684,-0.0594815,-0.0147594,-0.99812,0.0125426,0.4,0,0,DISABLED,0
10.4402,3.37239,-0.0898429,0,-0.0444774,0.734971,0.0468373,-0.0602102,-0.0149969,-0.998073,0.0144436,0.4,0,0,DISABLED,0
10.4602,3.37386,-0.0904003,0,-0.0443213,0.734629,0.0464371,-0.0600542,-0.0141729,-0.998094,0.0165962,0.4,0,0,DISABLED,0
10.4802,3.37537,-0.0905309,0,-0.0430706,0.734349,0.0447555,-0.0588034,-0.0124788,-0.998192,0.0179167,0.4,0,0,DISABLED,0
10.5002,3.37688,-0.0902861,0,-0.0407091,0.734125,0.0418217,-0.0564419,-0.00989047,-0.998357,0.018868,0.4,0,0,DISABLED,0
10.5202,3.37891,-0.0894505,0,-0.0373853,0.733877,0.0378858,-0.0531181,-0.00642825,-0.998568,0.0195522,0.4,0,0,DISABLED,0
10.5402,3.38075,-0.0883037,0,-0.0336209,0.733645,0.0337089,-0.0493537,-0.00259097,-0.998778,0.0199875,0.4,0,0,DISABLED,0
10.5602,3.38319,-0.0863232,0,-0.0279156,0.733237,0.0282074,-0.0436485,0.00350813,-0.999041,0.0211117,0.4,0,0,DISABLED,0
10.5802,3.38534,-0.0846589,0,-0.0226311,0.733138,0.0233208,-0.038364,0.00515651,-0.999251,0.0225403,0.4,0,0,DISABLED,0
10.6002,3.38834,-0.0828198,0,-0.0179577,0.733542,0.0183644,-0.0336905,0.00338452,-0.999427,0.0223354,0.4,0,0,DISABLED,0
10.6202,3.39193,-0.0804764,0,-0.0132247,0.73384,0.0145383,-0.0289575,0.0055871,-0.999565,0.021851,0.4,0,0,DISABLED,0
10.6402,3.39642,-0.0779883,0,-0.00791533,0.734039,0.0117949,-0.0236482,0.00830311,-0.999686,0.0208424,0.4,0,0,DISABLED,0
10.6602,3.40107,-0.0761051,0,-0.00234892,0.734178,0.0115549,-0.0180818,0.0108684,-0.999777,0.0195574,0.4,0,0,DISABLED,0
10.6802,3.40582,-0.0746974,0,0.00141494,0.734215,0.0137719,-0.0143179,0.0132557,-0.99981,0.0187535,0.4,0,0,DISABLED,0
10.7002,3.41224,-0.0734363,0,0.00423534,0.734034,0.0169253,-0.0114975,0.015941,-0.999807,0.0189687,0.4,0,0,DISABLED,0
10.7202,3.41713,-0.072812,0,0.00679121,0.733746,0.0192084,-0.00894163,0.0175245,-0.999806,0.0162114,0.4,0,0,DISABLED,0
10.7402,3.42412,-0.0723681,0,0.00962578,0.733257,0.0224508,-0.00610705,0.0198356,-0.999785,0.0144585,0.4,0,0,DISABLED,0
10.7602,3.43141,-0.0722386,0,0.0123085,0.732646,0.026474,-0.0034243,0.0229967,-0.99973,0.0134955,0.4,0,0,DISABLED,0
10.7802,3.43809,-0.0723744,0,0.0157869,0.731921,0.0310638,5.40395e-05,0.0263074,-0.999654,0.0128227,0.4,0,0,DISABLED,0
10.8002,3.44338,-0.0727329,0,0.0187544,0.731247,0.0339837,0.00302154,0.0278934,-0.999606,0.012737,0.4,0,0,DISABLED,0
10.8202,3.45133,-0.0738377,0,0.0227684,0.730349,0.0366231,0.00703555,0.0282381,-0.999576,0.0123439,0.4,0,0,DISABLED,0
10.8402,3.45741,-0.075231,0,0.0246034,0.730158,0.0365368,0.00887057,0.0265647,-0.999608,0.0117524,0.4,0,0,DISABLED,0
10.8602,3.4651,-0.0773975,0,0.0256109,0.730506,0.0345612,0.00987809,0.022761,-0.999692,0.00880934,0.4,0,0,DISABLED,0
10.8802,3.47231,-0.0798707,0,0.0252543,0.730983,0.0322058,0.00952148,0.0195377,-0.999764,0.00780005,0.4,0,0,DISABLED,0
10.9002,3.47885,-0.0824129,0,0.0245144,0.731198,0.0290281,0.0087816,0.0150993,-0.999847,0.0059878,0.4,0,0,DISABLED,0
10.9202,3.48692,-0.0852711,0,0.0229963,0.731937,0.0272988,0.00726347,0.0142673,-0.999872,0.00241928,0.4,0,0,DISABLED,0
10.9402,3.49412,-0.0878741,0,0.0218632,0.732758,0.0235775,0.00613039,0.00838009,-0.999946,-1.00757e-06,0.4,0,0,DISABLED,0
10.9602,3.5011,-0.0901272,0,0.0213095,0.733475,0.0215208,0.00557663,0.00255191,-0.999981,-0.00056851,0.4,0,0,DISABLED,0
10.9802,3.50724,-0.0915929,0,0.0200829,0.733769,0.0203125,0.00435005,-0.003499,-0.999984,-0.00168237,0.4,0,0,DISABLED,0
11.0002,3.51465,-0.0928305,0,0.018968,0.733693,0.0200645,0.00323518,-0.00698232,-0.99997,-0.0043728,0.4,0,0,DISABLED,0
11.0202,3.52132,-0.0935511,0,0.0178876,0.733479,0.0202743,0.00215473,-0.00998738,-0.999948,-0.00511957,0.4,0,0,DISABLED,0
11.0402,3.52805,-0.0938431,0,0.0169717,0.733282,0.0205256,0.00123886,-0.0119852,-0.999927,-0.00576772,0.4,0,0,DISABLED,0
11.0602,3.53417,-0.0938544,0,0.0157919,0.733163,0.0209908,5.90578e-05,-0.0142734,-0.999898,-0.0056009,0.4,0,0,DISABLED,0
11.0802,3.54098,-0.0936754,0,0.0149967,0.733045,0.0224349,-0.000736183,-0.0171305,-0.999853,-0.00573486,0.4,0,0,DISABLED,0
11.1002,3.54843,-0.0933596,0,0.0148895,0.732852,0.025457,-0.000843315,-0.0210922,-0.999777,-0.00617063,0.4,0,0,DISABLED,0
11.1202,3.5551,-0.0929459,0,0.0152218,0.73266,0.0274859,-0.000511069,-0.0233319,-0.999728,-0.00647802,0.4,0,0,DISABLED,0
11.1402,3.56162,-0.0923046,0,0.0165919,0.732584,0.0302273,0.000859033,-0.0257104,-0.999669,-0.00667886,0.4,0,0,DISABLED,0
11.1602,3.56812,-0.0914399,0,0.0172224,0.732688,0.029678,0.00148958,-0.0246122,-0.999696,-0.00623307,0.4,0,0,DISABLED,0
11.1802,3.57468,-0.0904587,0,0.0165442,0.732914,0.0275033,0.000811405,-0.0224147,-0.999748,-0.00505809,0.4,0,0,DISABLED,0
11.2002,3.58125,-0.0892699,0,0.0152766,0.732976,0.0236381,-0.00045628,-0.0184794,-0.999829,-0.00484464,0.4,0,0,DISABLED,0
11.2202,3.58774,-0.0880245,0,0.0130941,0.732872,0.0183547,-0.0026387,-0.013306,-0.999908,-0.00461224,0.4,0,0,DISABLED,0
11.2402,3.59352,-0.0872757,0,0.0107616,0.733085,0.0147782,-0.00497121,-0.0105738,-0.999932,-0.00180504,0.4,0,0,DISABLED,0
11.2602,3.60003,-0.0865752,0,0.00887552,0.733583,0.0112093,-0.00685732,-0.0072886,-0.99995,0.0011272,0.4,0,0,DISABLED,0
11.2802,3.60728,-0.0858714,0,0.00769966,0.73404,0.0079786,-0.00803318,-0.00251975,-0.999965,0.00358515,0.4,0,0,DISABLED,0
11.3002,3.61387,-0.0854995,0,0.0077685,0.734112,0.0077896,-0.00796434,0.000103261,-0.999968,0.00500485,0.4,0,0,DISABLED,0
11.3202,3.61996,-0.0855027,0,0.00764514,0.734005,0.00775893,-0.0080877,0.000857566,-0.999967,0.00605943,0.4,0,0,DISABLED,0
11.3402,3.62685,-0.0858228,0,0.00723968,0.733928,0.00755655,-0.00849316,0.00172372,-0.999962,0.00675874,0.4,0,0,DISABLED,0
11.3602,3.63371,-0.0864108,0,0.00694088,0.733951,0.00775893,-0.00879196,0.00301135,-0.999957,0.00786916,0.4,0,0,DISABLED,0
11.3802,3.6405,-0.0871587,0,0.0070467,0.733995,0.0084573,-0.00868613,0.00423182,-0.999953,0.0091347,0.4,0,0,DISABLED,0
11.4002,3.64788,-0.0880058,0,0.00771539,0.734001,0.00976566,-0.00801744,0.00554325,-0.999952,0.0100145,0.4,0,0,DISABLED,0
11.4202,3.65448,-0.0887804,0,0.00910416,0.73391,0.0117086,-0.00662868,0.00691623,-0.999954,0.0110356,0.4,0,0,DISABLED,0
11.4402,3.66099,-0.0896921,0,0.0108969,0.733739,0.0135318,-0.00483591,0.0075825,-0.99996,0.0126323,0.4,0,0,DISABLED,0
11.4602,3.66692,-0.0907566,0,0.0117961,0.733628,0.0137632,-0.00393671,0.00665034,-0.99997,0.0135072,0.4,0,0,DISABLED,0
11.4802,3.67427,-0.0925143,0,0.0115258,0.733332,0.0120003,-0.00420705,0.00289693,-0.999987,0.0130502,0.4,0,0,DISABLED,0
11.5002,3.68112,-0.0945409,0,0.00976623,0.732663,0.00976566,-0.00596661,-0.000316475,-0.999982,0.0109328,0.4,0,0,DISABLED,0
11.5202,3.68824,-0.0965423,0,0.00521087,0.732582,0.00531532,-0.010522,0.000627407,-0.999944,0.00804066,0.4,0,0,DISABLED,0
11.5402,3.69521,-0.0985857,0,0.0028891,0.733001,0.00288871,-0.0128437,-0.000331833,-0.999917,0.00617566,0.4,0,0,DISABLED,0
11.5602,3.70205,-0.100314,0,0.000701756,0.733581,0.00456746,-0.0150311,-0.00494953,-0.999875,0.00237933,0.4,0,0,DISABLED,0
11.5802,3.70883,-0.101479,0,-0.00132323,0.734023,0.0106754,-0.0170561,-0.0110331,-0.999794,-0.000187743,0.4,0,0,DISABLED,0
11.6002,3.71489,-0.102151,0,-0.00133562,0.734123,0.0126153,-0.0170685,-0.0129862,-0.99977,-0.00081123,0.4,0,0,DISABLED,0
11.6202,3.72234,-0.102635,0,-0.000552345,0.734001,0.0136283,-0.0162852,-0.0140582,-0.999769,-0.00105829,0.4,0,0,DISABLED,0
11.6402,3.72862,-0.102814,0,9.82489e-05,0.733896,0.0141519,-0.0156346,-0.0145898,-0.999771,-0.0014534,0.4,0,0,DISABLED,0
11.6602,3.73581,-0.102784,0,0.000698602,0.733782,0.0151093,-0.0150342,-0.0155356,-0.999766,-0.00273786,0.4,0,0,DISABLED,0
11.6802,3.74313,-0.102552,0,0.00154735,0.733613,0.0169956,-0.0141855,-0.0173714,-0.999748,-0.00481562,0.4,0,0,DISABLED,0
11.7002,3.75116,-0.102193,0,0.00332792,0.733366,0.0193968,-0.0124049,-0.019553,-0.999732,-0.00426833,0.4,0,0,DISABLED,0
11.7202,3.75834,-0.101699,0,0.00611506,0.733155,0.022355,-0.00961777,-0.0219477,-0.999713,-0.00413052,0.4,0,0,DISABLED,0
11.7402,3.76474,-0.100986,0,0.00890535,0.733073,0.0239612,-0.00682748,-0.0226875,-0.999719,-0.00442686,0.4,0,0,DISABLED,0
11.7602,3.77187,-0.0998575,0,0.0113417,0.733187,0.0233412,-0.00439111,-0.0208417,-0.999773,-0.00437549,0.4,0,0,DISABLED,0
11.7802,3.77983,-0.098354,0,0.0124098,0.733418,0.0207164,-0.00332302,-0.0170313,-0.999849,-0.00349575,0.4,0,0,DISABLED,0
11.8002,3.78628,-0.0969122,0,0.0126734,0.733304,0.0163704,-0.00305945,-0.0108037,-0.999937,-0.0030336,0.4,0,0,DISABLED,0
11.8202,3.79339,-0.0954774,0,0.0119991,0.733134,0.0137329,-0.00373372,-0.00712533,-0.999968,-0.000183062,0.4,0,0,DISABLED,0
11.8402,3.80136,-0.094163,0,0.00974573,0.733323,0.0111506,-0.0059871,-0.00586618,-0.999965,0.00142783,0.4,0,0,DISABLED,0
11.8602,3.80864,-0.0930467,0,0.00779812,0.733565,0.00804556,-0.00793472,-0.00244254,-0.999966,0.00495013,0.4,0,0,DISABLED,0
11.8802,3.81579,-0.0919563,0,0.00755131,0.733724,0.00770497,-0.00818153,0.00108586,-0.999966,0.00581565,0.4,0,0,DISABLED,0
11.9002,3.82298,-0.0911687,0,0.00791088,0.733669,0.00854146,-0.00782195,0.00278329,-0.999966,0.00668267,0.4,0,0,DISABLED,0
11.9202,3.82884,-0.0908896,0,0.0079805,0.733572,0.00886338,-0.00775233,0.00342385,-0.999964,0.00729472,0.4,0,0,DISABLED,0
11.9402,3.83776,-0.0910269,0,0.00772005,0.733462,0.00926452,-0.00801279,0.00467712,-0.999957,0.0095335,0.4,0,0,DISABLED,0
11.9602,3.84437,-0.0913826,0,0.00775652,0.733383,0.0100899,-0.00797632,0.00600807,-0.99995,0.0108299,0.4,0,0,DISABLED,0
11.9802,3.85155,-0.0919037,0,0.00866768,0.733248,0.0117239,-0.00706516,0.00744453,-0.999947,0.0118513,0.4,0,0,DISABLED,0
12.0002,3.8586,-0.0924459,0,0.0100549,0.733048,0.0135977,-0.00567792,0.0087109,-0.999946,0.0126961,0.4,0,0,DISABLED,0
12.0202,3.86623,-0.0930898,0,0.0119096,0.732786,0.0157354,-0.0038232,0.00983805,-0.999944,0.0134497,0.4,0,0,DISABLED,0
12.0402,3.87243,-0.0938212,0,0.0132346,0.732663,0.0165154,-0.00249823,0.00943292,-0.999952,0.0137907,0.4,0,0,DISABLED,0
12.0602,3.88014,-0.0950953,0,0.0133503,0.732753,0.0158637,-0.00238258,0.00812262,-0.999964,0.0141041,0.4,0,0,DISABLED,0
12.0802,3.88658,-0.0965344,0,0.0122092,0.73285,0.0136545,-0.00352369,0.00566639,-0.999978,0.0144905,0.4,0,0,DISABLED,0
12.1002,3.89376,-0.0986481,0,0.00996484,0.732529,0.0100544,-0.005768,0.000879053,-0.999983,0.0131047,0.4,0,0,DISABLED,0
12.1202,3.90121,-0.100841,0,0.00573607,0.732342,0.00581855,-0.00999677,0.000549703,-0.99995,0.00978592,0.4,0,0,DISABLED,0
12.1402,3.90646,-0.10233,0,0.00200343,0.732613,0.00204263,-0.0137294,-0.00078918,-0.999905,0.00572378,0.4,0,0,DISABLED,0
12.1602,3.91419,-0.104665,0,0.00102166,0.733301,0.00467069,-0.0147112,-0.00499402,-0.999879,0.00288778,0.4,0,0,DISABLED,0
12.1802,3.92313,-0.106573,0,0.00056109,0.733997,0.00879587,-0.0151717,-0.00921885,-0.999842,0.0011871,0.4,0,0,DISABLED,0
12.2002,3.92931,-0.107373,0,0.000575125,0.734142,0.0104896,-0.0151577,-0.0109149,-0.999826,-0.000411443,0.4,0,0,DISABLED,0
12.2202,3.93627,-0.107928,0,0.00071069,0.734017,0.01203,-0.0150221,-0.0124512,-0.99981,-0.00257887,0.4,0,0,DISABLED,0
12.2402,3.94338,-0.108227,0,0.000874941,0.733836,0.0130062,-0.0148579,-0.0134188,-0.9998,-0.0038728,0.4,0,0,DISABLED,0
12.2602,3.95141,-0.108305,0,0.00106466,0.733661,0.0141645,-0.0146682,-0.0145644,-0.999786,-0.00505265,0.4,0,0,DISABLED,0
12.2802,3.95877,-0.108214,0,0.00160152,0.733499,0.0156556,-0.0141313,-0.0160132,-0.999772,-0.00556009,0.4,0,0,DISABLED,0
12.3002,3.96607,-0.108048,0,0.00331926,0.733326,0.018826,-0.0124136,-0.0189763,-0.999743,-0.00590062,0.4,0,0,DISABLED,0
12.3202,3.97325,-0.107757,0,0.00598538,0.733143,0.0222668,-0.00974745,-0.0218917,-0.999713,-0.00598175,0.4,0,0,DISABLED,0
12.3402,3.97965,-0.107239,0,0.00872744,0.73305,0.024334,-0.00700539,-0.0231575,-0.999707,-0.00637292,0.4,0,0,DISABLED,0
12.3602,3.98675,-0.106353,0,0.0113045,0.733149,0.0238565,-0.00442834,-0.0214472,-0.99976,-0.00596614,0.4,0,0,DISABLED,0
12.3802,3.99463,-0.105138,0,0.0122245,0.733365,0.021744,-0.00350833,-0.0184247,-0.999824,-0.00457954,0.4,0,0,DISABLED,0
12.4002,4.00178,-0.103813,0,0.0122943,0.733313,0.0175138,-0.00343851,-0.0129198,-0.999911,-0.0036824,0.4,0,0,DISABLED,0
12.4202,4.0088,-0.102534,0,0.0116685,0.733129,0.0146201,-0.00406434,-0.00925553,-0.999949,-0.00185082,0.4,0,0,DISABLED,0
12.4402,4.01526,-0.101643,0,0.00957018,0.733226,0.0121336,-0.00616265,-0.0078975,-0.99995,0.000122811,0.4,0,0,DISABLED,0
12.4602,4.02322,-0.100628,0,0.00740809,0.733538,0.0086799,-0.00832475,-0.00495794,-0.999953,0.00432106,0.4,0,0,DISABLED,0
12.4802,4.02965,-0.0997706,0,0.0066748,0.733756,0.00669499,-0.00905804,-0.000865928,-0.999959,0.00559149,0.4,0,0,DISABLED,0
12.5002,4.03751,-0.0990101,0,0.00718632,0.733792,0.00751701,-0.00854652,0.00176862,-0.999962,0.00647223,0.4,0,0,DISABLED,0
12.5202,4.04478,-0.0988047,0,0.00760849,0.733667,0.00826482,-0.00812435,0.00278437,-0.999963,0.00769091,0.4,0,0,DISABLED,0
12.5402,4.05214,-0.0989832,0,0.00763752,0.733595,0.00879587,-0.00809531,0.00391936,-0.99996,0.0082921,0.4,0,0,DISABLED,0
12.5602,4.0594,-0.099427,0,0.00790568,0.733585,0.00985074,-0.00782716,0.00543778,-0.999955,0.0089532,0.4,0,0,DISABLED,0
12.5802,4.06578,-0.0999363,0,0.00865981,0.733567,0.0112835,-0.00707303,0.00678612,-0.999952,0.00936631,0.4,0,0,DISABLED,0
12.6002,4.07343,-0.100606,0,0.0101695,0.733446,0.0135625,-0.00556331,0.00853049,-0.999948,0.0103304,0.4,0,0,DISABLED,0
12.6202,4.07959,-0.101199,0,0.011576,0.733282,0.0152584,-0.0041568,0.00949866,-0.999946,0.0109045,0.4,0,0,DISABLED,0
12.6402,4.08706,-0.102141,0,0.0128588,0.73313,0.0161135,-0.00287405,0.00926863,-0.999953,0.0110743,0.4,0,0,DISABLED,0
12.6602,4.09396,-0.103342,0,0.0129014,0.733149,0.015129,-0.00283139,0.00746256,-0.999968,0.0111976,0.4,0,0,DISABLED,0
12.6802,4.10028,-0.104808,0,0.0116715,0.73314,0.0128726,-0.00406135,0.0049812,-0.999979,0.0115922,0.4,0,0,DISABLED,0
12.7002,4.10732,-0.106966,0,0.0093166,0.732679,0.00932863,-0.00641623,3.00375e-05,-0.999979,0.0107106,0.4,0,0,DISABLED,0
12.7202,4.11536,-0.109291,0,0.00494961,0.732484,0.00502717,-0.0107832,0.000420268,-0.999942,0.00799883,0.4,0,0,DISABLED,0
12.7402,4.12179,-0.111184,0,0.00127178,0.732853,0.00142357,-0.0144611,-0.00109584,-0.999895,0.00438601,0.4,0,0,DISABLED,0
12.7602,4.1287,-0.113094,0,-0.000405075,0.73347,0.00563114,-0.0161379,-0.00606025,-0.999851,0.00103233,0.4,0,0,DISABLED,0
12.7802,4.13621,-0.114523,0,-0.00124605,0.734001,0.00906288,-0.0169789,-0.00942261,-0.999811,-0.000820879,0.4,0,0,DISABLED,0
12.8002,4.14231,-0.115283,0,-0.00139248,0.734156,0.0106026,-0.0171253,-0.0109517,-0.999793,-0.00167651,0.4,0,0,DISABLED,0
12.8202,4.14851,-0.115779,0,-0.001321,0.73411,0.0120102,-0.0170538,-0.0123802,-0.999778,-0.00298008,0.4,0,0,DISABLED,0
12.8402,4.15482,-0.116037,0,-0.0010825,0.734004,0.0132603,-0.0168153,-0.0136559,-0.999765,-0.00469516,0.4,0,0,DISABLED,0
12.8602,4.16352,-0.116077,0,-0.000831682,0.733846,0.0143027,-0.0165645,-0.0147262,-0.999754,-0.00587398,0.4,0,0,DISABLED,0
12.8802,4.17163,-0.115882,0,-3.00296e-05,0.733649,0.0157619,-0.0157629,-0.0162071,-0.999744,-0.00671476,0.4,0,0,DISABLED,0
12.9002,4.17824,-0.115655,0,0.00145192,0.733466,0.0178108,-0.0142809,-0.0181978,-0.999732,-0.0068219,0.4,0,0,DISABLED,0
12.9202,4.18621,-0.115251,0,0.00459752,0.733227,0.021393,-0.0111353,-0.0213375,-0.99971,-0.00705775,0.4,0,0,DISABLED,0
12.9402,4.19268,-0.114693,0,0.00788836,0.733091,0.0237488,-0.00784448,-0.0228454,-0.999708,-0.00736881,0.4,0,0,DISABLED,0
12.9602,4.19986,-0.113753,0,0.0106145,0.733146,0.0233973,-0.00511834,-0.0212918,-0.99976,-0.00707878,0.4,0,0,DISABLED,0
12.9802,4.20562,-0.112826,0,0.0119224,0.733262,0.0212953,-0.00381042,-0.018087,-0.999829,-0.00540406,0.4,0,0,DISABLED,0
13.0002,4.21434,-0.111213,0,0.0122943,0.733134,0.0169253,-0.00343855,-0.0120738,-0.999921,-0.00596533,0.4,0,0,DISABLED,0
13.0202,4.22007,-0.110366,0,0.0118514,0.73302,0.0153829,-0.00388147,-0.0102511,-0.99994,-0.00315685,0.4,0,0,DISABLED,0
13.0402,4.22959,-0.109006,0,0.00868218,0.733187,0.011591,-0.00705066,-0.00812131,-0.999942,-0.00196481,0.4,0,0,DISABLED,0
13.0602,4.23622,-0.108101,0,0.00674331,0.733378,0.00816323,-0.00898952,-0.00504492,-0.999947,-0.000322815,0.4,0,0,DISABLED,0
13.0802,4.24281,-0.107188,0,0.00596685,0.733551,0.00599017,-0.00976598,-0.000891473,-0.999952,0.000832077,0.4,0,0,DISABLED,0
13.1002,4.24928,-0.106469,0,0.00651022,0.733565,0.00673936,-0.00922261,0.00130077,-0.999957,0.00132738,0.4,0,0,DISABLED,0
13.1202,4.25893,-0.106131,0,0.00695712,0.733357,0.00747726,-0.00877572,0.00229435,-0.999959,0.00420525,0.4,0,0,DISABLED,0
13.1402,4.26504,-0.106289,0,0.0066868,0.73324,0.00754076,-0.00904604,0.0030332,-0.999954,0.00529227,0.4,0,0,DISABLED,0
13.1602,4.27335,-0.106848,0,0.00681249,0.733147,0.00867303,-0.00892034,0.00492347,-0.999948,0.00686329,0.4,0,0,DISABLED,0
13.1802,4.28068,-0.10755,0,0.00767417,0.733079,0.010219,-0.00805867,0.00630477,-0.999948,0.00761618,0.4,0,0,DISABLED,0
13.2002,4.28928,-0.108406,0,0.00914921,0.732957,0.0124584,-0.00658362,0.00801195,-0.999946,0.00852953,0.4,0,0,DISABLED,0
13.2202,4.29421,-0.108936,0,0.0108234,0.732848,0.0145915,-0.00490945,0.00934118,-0.999944,0.00971701,0.4,0,0,DISABLED,0
13.2402,4.30263,-0.110072,0,0.0123874,0.732745,0.0156556,-0.00334544,0.00912907,-0.999953,0.0100802,0.4,0,0,DISABLED,0
13.2602,4.30836,-0.111085,0,0.0124385,0.732825,0.0148104,-0.00329432,0.00759481,-0.999966,0.0103167,0.4,0,0,DISABLED,0
13.2802,4.31706,-0.11314,0,0.0113804,0.732933,0.0124249,-0.00435239,0.00454193,-0.99998,0.00996408,0.4,0,0,DISABLED,0
13.3002,4.32435,-0.115485,0,0.00884331,0.73251,0.00884992,-0.00688952,-0.000850651,-0.999976,0.00895143,0.4,0,0,DISABLED,0
13.3202,4.3319,-0.117778,0,0.00450248,0.732369,0.00451496,-0.0112304,-0.00024927,-0.999937,0.00663454,0.4,0,0,DISABLED,0
13.3402,4.3397,-0.119998,0,-0.000685556,0.732883,0.0010358,-0.0164184,-0.00117382,-0.999865,-0.000333274,0.4,0,0,DISABLED,0
13.3602,4.34678,-0.1223,0,-0.0018162,0.733591,0.00589993,-0.017549,-0.00604786,-0.999828,-0.00259973,0.4,0,0,DISABLED,0
13.3802,4.35362,-0.124034,0,-0.00144196,0.734154,0.0102132,-0.0171748,-0.0105552,-0.999797,-0.00308529,0.4,0,0,DISABLED,0
13.4002,4.36049,-0.125167,0,-0.000757482,0.734365,0.01203,-0.0164903,-0.0124483,-0.999787,-0.00384532,0.4,0,0,DISABLED,0
13.4202,4.36748,-0.125909,0,-7.37831e-05,0.734306,0.0132513,-0.0158066,-0.0136915,-0.999781,-0.0053321,0.4,0,0,DISABLED,0
13.4402,4.37461,-0.126422,0,0.000557318,0.734206,0.0141687,-0.0151755,-0.0145964,-0.999778,-0.00588339,0.4,0,0,DISABLED,0
13.4602,4.38189,-0.126706,0,0.00123188,0.734069,0.0152115,-0.014501,-0.0156029,-0.999773,-0.00696168,0.4,0,0,DISABLED,0
13.4802,4.38925,-0.126813,0,0.0020043,0.733881,0.0165298,-0.0137285,-0.0168479,-0.999764,-0.00684393,0.4,0,0,DISABLED,0
13.5002,4.39582,-0.126825,0,0.00334482,0.733694,0.018826,-0.012388,-0.0189706,-0.999743,-0.0066284,0.4,0,0,DISABLED,0
13.5202,4.403,-0.126722,0,0.00581054,0.733445,0.0222186,-0.0099223,-0.0218889,-0.999711,-0.00680021,0.4,0,0,DISABLED,0
13.5402,4.41011,-0.126367,0,0.00866742,0.73321,0.0245364,-0.00706542,-0.0233991,-0.999701,-0.00708013,0.4,0,0,DISABLED,0
13.5602,4.41791,-0.125599,0,0.0111623,0.733159,0.0241397,-0.00457053,-0.0218492,-0.999751,-0.00659964,0.4,0,0,DISABLED,0
13.5802,4.42435,-0.124788,0,0.0119839,0.73325,0.0222668,-0.00374894,-0.0192095,-0.999808,-0.00613104,0.4,0,0,DISABLED,0
13.6002,4.43216,-0.123639,0,0.0121195,0.733128,0.0180634,-0.00361335,-0.0138398,-0.999898,-0.00419223,0.4,0,0,DISABLED,0
13.6202,4.43852,-0.122703,0,0.0113052,0.732977,0.0150064,-0.00442764,-0.0103116,-0.999937,-0.00214804,0.4,0,0,DISABLED,0
13.6402,4.44626,-0.121869,0,0.00972148,0.733173,0.012761,-0.00601135,-0.00871071,-0.999944,9.59259e-05,0.4,0,0,DISABLED,0
13.6602,4.45337,-0.121145,0,0.00803327,0.733527,0.00930304,-0.00769957,-0.00512506,-0.999957,0.00389438,0.4,0,0,DISABLED,0
13.6802,4.46056,-0.120401,0,0.00705062,0.733807,0.00707588,-0.00868221,-0.00107987,-0.999962,0.00559138,0.4,0,0,DISABLED,0
13.7002,4.46769,-0.119891,0,0.00720796,0.733811,0.00744531,-0.00852488,0.00141804,-0.999963,0.00651333,0.4,0,0,DISABLED,0
13.7202,4.47276,-0.119798,0,0.00729514,0.733699,0.00769723,-0.0084377,0.00199262,-0.999962,0.00752513,0.4,0,0,DISABLED,0
13.7402,4.48239,-0.120171,0,0.00687189,0.733537,0.007896,-0.00886095,0.00344141,-0.999955,0.00928876,0.4,0,0,DISABLED,0
13.7602,4.48905,-0.120711,0,0.00666684,0.733512,0.00843614,-0.009066,0.00472501,-0.999948,0.00911392,0.4,0,0,DISABLED,0
13.7802,4.49625,-0.121478,0,0.00751054,0.733479,0.010254,-0.00822229,0.00653796,-0.999945,0.0105294,0.4,0,0,DISABLED,0
13.8002,4.5033,-0.122266,0,0.00901225,0.73337,0.0125964,-0.00672058,0.00835831,-0.999942,0.0118585,0.4,0,0,DISABLED,0
13.8202,4.51094,-0.123116,0,0.0109936,0.733194,0.0150856,-0.00473919,0.00988484,-0.99994,0.0125093,0.4,0,0,DISABLED,0
13.8402,4.5178,-0.12412,0,0.0126844,0.733051,0.0162277,-0.00304842,0.00967769,-0.999949,0.0130471,0.4,0,0,DISABLED,0
13.8602,4.5241,-0.12531,0,0.0130763,0.733065,0.0157543,-0.00265654,0.00834238,-0.999962,0.0133515,0.4,0,0,DISABLED,0
13.8802,4.53198,-0.127251,0,0.0120058,0.733014,0.0134567,-0.00372702,0.00563648,-0.999977,0.0137258,0.4,0,0,DISABLED,0
13.9002,4.53843,-0.129308,0,0.00995203,0.73251,0.0100247,-0.00578081,0.000773801,-0.999983,0.011974,0.4,0,0,DISABLED,0
13.9202,4.54439,-0.131073,0,0.00558539,0.732293,0.00610841,-0.0101474,0.00201189,-0.999946,0.00821567,0.4,0,0,DISABLED,0
13.9402,4.55398,-0.133987,0,0.00185259,0.732911,0.00204263,-0.0138802,0.000391788,-0.999904,0.00297763,0.4,0,0,DISABLED,0
13.9602,4.56091,-0.136118,0,0.000584341,0.733619,0.00541531,-0.0151485,-0.0058303,-0.999868,-0.000112317,0.4,0,0,DISABLED,0
13.9802,4.56773,-0.13761,0,0.000245659,0.734106,0.0086386,-0.0154872,-0.00907151,-0.999839,-0.00110193,0.4,0,0,DISABLED,0
14.0002,4.57385,-0.138521,0,0.000235745,0.734238,0.0101781,-0.0154971,-0.0106221,-0.999824,-0.00182568,0.4,0,0,DISABLED,0
14.0202,4.58142,-0.139253,0,0.00038158,0.734138,0.0120201,-0.0153513,-0.0124564,-0.999805,-0.00345616,0.4,0,0,DISABLED,0
14.0402,4.58847,-0.139648,0,0.000516303,0.734031,0.0131701,-0.0152165,-0.0136015,-0.999792,-0.00376204,0.4,0,0,DISABLED,0
14.0602,4.59566,-0.139789,0,0.000826847,0.7339,0.0145956,-0.014906,-0.0150128,-0.999776,-0.00463228,0.4,0,0,DISABLED,0
14.0802,4.60292,-0.139766,0,0.00162381,0.733723,0.0166484,-0.014109,-0.0170158,-0.999756,-0.0052246,0.4,0,0,DISABLED,0
14.1002,4.61015,-0.139667,0,0.00324437,0.733507,0.0194152,-0.0124885,-0.019587,-0.99973,-0.00510142,0.4,0,0,DISABLED,0
14.1202,4.61657,-0.13946,0,0.00564216,0.733291,0.0222695,-0.0100907,-0.0219854,-0.999707,-0.00499004,0.4,0,0,DISABLED,0
14.1402,4.62363,-0.138986,0,0.00901894,0.733108,0.024771,-0.00671389,-0.0235133,-0.999701,-0.00525335,0.4,0,0,DISABLED,0
14.1602,4.63067,-0.138196,0,0.011019,0.733146,0.0247445,-0.00471379,-0.0225987,-0.999734,-0.00508139,0.4,0,0,DISABLED,0
14.1802,4.63846,-0.137068,0,0.0125317,0.733304,0.0219568,-0.00320118,-0.0184719,-0.999824,-0.00262492,0.4,0,0,DISABLED,0
14.2002,4.64557,-0.135818,0,0.012684,0.733236,0.0178442,-0.00304885,-0.0129903,-0.999911,-0.00212909,0.4,0,0,DISABLED,0
14.2202,4.65261,-0.134679,0,0.011988,0.733104,0.0150183,-0.00374482,-0.00948601,-0.999948,0.000953717,0.4,0,0,DISABLED,0
14.2402,4.65956,-0.133657,0,0.0107811,0.733238,0.012928,-0.00495175,-0.00757327,-0.999959,0.00207028,0.4,0,0,DISABLED,0
14.2603,4.66523,-0.132934,0,0.00941604,0.733482,0.0106643,-0.0063168,-0.00544909,-0.999965,0.0046954,0.4,0,0,DISABLED,0
14.2803,4.67172,-0.132112,0,0.00804182,0.733757,0.00808989,-0.00769101,-0.00134712,-0.99997,0.00712582,0.4,0,0,DISABLED,0
14.3003,4.68099,-0.131248,0,0.00786158,0.733862,0.0081413,-0.00787126,0.00166952,-0.999968,0.00754453,0.4,0,0,DISABLED,0
14.3203,4.68685,-0.131074,0,0.00782709,0.733767,0.00848545,-0.00790575,0.00283805,-0.999965,0.00895307,0.4,0,0,DISABLED,0
14.3403,4.69567,-0.131215,0,0.0078585,0.733575,0.0090957,-0.00787434,0.00413663,-0.99996,0.00983063,0.4,0,0,DISABLED,0
14.3603,4.70294,-0.131618,0,0.00815415,0.733451,0.00988095,-0.00757869,0.00513396,-0.999958,0.0105021,0.4,0,0,DISABLED,0
14.3803,4.71008,-0.132151,0,0.00863377,0.733358,0.0107589,-0.00709906,0.00597303,-0.999957,0.0111351,0.4,0,0,DISABLED,0
14.4003,4.71711,-0.132737,0,0.010183,0.733221,0.0132648,-0.00554979,0.00806035,-0.999952,0.0122713,0.4,0,0,DISABLED,0
14.4203,4.72335,-0.133319,0,0.01184,0.733023,0.015348,-0.00389284,0.00932148,-0.999949,0.0133995,0.4,0,0,DISABLED,0
14.4403,4.73021,-0.134148,0,0.0133786,0.732814,0.0165081,-0.00235426,0.00923216,-0.999955,0.0139043,0.4,0,0,DISABLED,0
14.4603,4.73784,-0.13546,0,0.013972,0.732802,0.0159872,-0.00176087,0.00732348,-0.999972,0.0140356,0.4,0,0,DISABLED,0
14.4803,4.74424,-0.136923,0,0.0127964,0.732837,0.0137632,-0.00293643,0.0046318,-0.999985,0.0142654,0.4,0,0,DISABLED,0
14.5003,4.75069,-0.138861,0,0.010987,0.732515,0.0110486,-0.00474586,0.000735308,-0.999988,0.0135787,0.4,0,0,DISABLED,0
14.5203,4.75954,-0.141455,0,0.0060933,0.732212,0.00613761,-0.00963954,0.000316223,-0.999954,0.0105659,0.4,0,0,DISABLED,0
14.5403,4.76697,-0.14346,0,0.0021809,0.732645,0.00226407,-0.0135519,-0.00106046,-0.999908,0.00672528,0.4,0,0,DISABLED,0
14.5603,4.77264,-0.144952,0,0.000490571,0.733157,0.00525896,-0.0152423,-0.00568656,-0.999868,0.00395336,0.4,0,0,DISABLED,0
14.5803,4.78095,-0.146451,0,-6.74333e-05,0.73373,0.00883644,-0.0158003,-0.00928353,-0.999832,0.00249632,0.4,0,0,DISABLED,0
14.6003,4.78786,-0.147193,0,8.82912e-05,0.733826,0.0102714,-0.0156445,-0.010712,-0.99982,0.00147621,0.4,0,0,DISABLED,0
14.6203,4.79276,-0.14755,0,0.000390456,0.733776,0.0114669,-0.0153424,-0.0119019,-0.999811,0.00126062,0.4,0,0,DISABLED,0
14.6403,4.80134,-0.147823,0,0.000691716,0.73367,0.0125775,-0.0150411,-0.0130031,-0.999802,0.00031086,0.4,0,0,DISABLED,0
14.6603,4.80944,-0.147733,0,0.0012278,0.733542,0.0144519,-0.014505,-0.0148415,-0.999785,-0.0012139,0.4,0,0,DISABLED,0
14.6803,4.81688,-0.147478,0,0.00209265,0.733354,0.016202,-0.0136402,-0.0165064,-0.999771,-0.00161946,0.4,0,0,DISABLED,0
14.7003,4.82352,-0.147199,0,0.00394359,0.733177,0.0189491,-0.0117892,-0.0189783,-0.99975,-0.00114375,0.4,0,0,DISABLED,0
14.7203,4.83151,-0.146689,0,0.00687242,0.732989,0.0225012,-0.00886041,-0.0218687,-0.999722,-0.00134193,0.4,0,0,DISABLED,0
14.7403,4.83728,-0.14609,0,0.00935836,0.732945,0.0243829,-0.00637448,-0.0229574,-0.999716,-0.00172191,0.4,0,0,DISABLED,0
14.7603,4.84454,-0.145039,0,0.0115649,0.7331,0.023864,-0.00416789,-0.0213154,-0.999764,-0.00143197,0.4,0,0,DISABLED,0
14.7803,4.85334,-0.143538,0,0.0124432,0.733416,0.0205024,-0.00328959,-0.0167367,-0.999855,0.000576208,0.4,0,0,DISABLED,0
14.8003,4.85919,-0.142357,0,0.0124359,0.733416,0.016971,-0.00329696,-0.0119952,-0.999923,0.00160645,0.4,0,0,DISABLED,0
14.8203,4.86702,-0.140742,0,0.0119116,0.733183,0.0136938,-0.00382125,-0.00719982,-0.999967,0.00325569,0.4,0,0,DISABLED,0
14.8403,4.87442,-0.139704,0,0.00913229,0.733299,0.0106475,-0.00660055,-0.00591071,-0.999961,0.00651171,0.4,0,0,DISABLED,0
14.8603,4.88034,-0.138895,0,0.00721743,0.733495,0.00777428,-0.0085154,-0.00332211,-0.999958,0.0100071,0.4,0,0,DISABLED,0
14.8803,4.8897,-0.137554,0,0.00713417,0.733763,0.00723416,-0.00859866,0.00076826,-0.999963,0.0112189,0.4,0,0,DISABLED,0
14.9003,4.89694,-0.136835,0,0.00795965,0.733746,0.0086317,-0.00777319,0.0028989,-0.999966,0.0123381,0.4,0,0,DISABLED,0
14.9203,4.90362,-0.136583,0,0.00846322,0.733616,0.00954341,-0.00726962,0.0039578,-0.999966,0.0138722,0.4,0,0,DISABLED,0
14.9403,4.91185,-0.136713,0,0.00861068,0.733462,0.0100958,-0.00712216,0.00482736,-0.999963,0.0151863,0.4,0,0,DISABLED,0
14.9603,4.91922,-0.137112,0,0.00898587,0.733359,0.0110809,-0.00674697,0.0060431,-0.999959,0.016743,0.4,0,0,DISABLED,0
14.9803,4.925,-0.137521,0,0.00961868,0.733277,0.0121924,-0.00611416,0.00704352,-0.999956,0.0175329,0.4,0,0,DISABLED,0
15.0003,4.93208,-0.138093,0,0.0109431,0.733121,0.0141434,-0.00478975,0.0085165,-0.999952,0.0190433,0.4,0,0,DISABLED,0
15.0203,4.9405,-0.138835,0,0.012393,0.732881,0.0160393,-0.00333983,0.00973917,-0.999947,0.019905,0.4,0,0,DISABLED,0
15.0403,4.94745,-0.139672,0,0.0132641,0.732765,0.0164684,-0.00246874,0.00931389,-0.999954,0.0200611,0.4,0,0,DISABLED,0
15.0603,4.9545,-0.140844,0,0.0132169,0.732831,0.0155487,-0.00251594,0.00774552,-0.999967,0.0203254,0.4,0,0,DISABLED,0
15.0803,4.96166,-0.142472,0,0.0117419,0.732878,0.0127936,-0.00399092,0.00463519,-0.999981,0.0205511,0.4,0,0,DISABLED,0
15.1003,4.96813,-0.144433,0,0.00952898,0.732497,0.00956212,-0.00620386,0.000302193,-0.999981,0.0203219,0.4,0,0,DISABLED,0
15.1203,4.97636,-0.146812,0,0.00459994,0.732322,0.00470882,-0.0111329,0.000572733,-0.999938,0.0171682,0.4,0,0,DISABLED,0
15.1403,4.98366,-0.148981,0,0.00143465,0.732767,0.00146484,-0.0142982,-0.000867355,-0.999897,0.0137927,0.4,0,0,DISABLED,0
15.1603,4.99064,-0.150934,0,0.000210494,0.733415,0.00551348,-0.0155223,-0.0059617,-0.999862,0.0107333,0.4,0,0,DISABLED,0
15.1803,4.99753,-0.152225,0,-0.000231002,0.733902,0.00860404,-0.0159638,-0.00904579,-0.999832,0.00953685,0.4,0,0,DISABLED,0
15.2003,5.00442,-0.153028,0,-0.000198817,0.734063,0.0104269,-0.0159317,-0.0108666,-0.999814,0.00833938,0.4,0,0,DISABLED,0
15.2203,5.01137,-0.153536,0,0.000210063,0.734023,0.0120992,-0.0155228,-0.0125428,-0.999801,0.00748642,0.4,0,0,DISABLED,0
15.2403,5.01845,-0.153765,0,0.000741391,0.733925,0.0134434,-0.0149914,-0.0138657,-0.999792,0.00649524,0.4,0,0,DISABLED,0
15.2603,5.02496,-0.153771,0,0.00119468,0.733807,0.0144024,-0.0145382,-0.0147911,-0.999785,0.00611913,0.4,0,0,DISABLED,0
15.2803,5.03154,-0.153627,0,0.00188049,0.733657,0.0158486,-0.0138524,-0.0161781,-0.999773,0.0057495,0.4,0,0,DISABLED,0
15.3003,5.04026,-0.153306,0,0.00379942,0.733413,0.0191432,-0.0119334,-0.0192067,-0.999744,0.00539227,0.4,0,0,DISABLED,0
15.3203,5.04743,-0.15289,0,0.00621223,0.733164,0.0220056,-0.0095206,-0.0215538,-0.999722,0.00541513,0.4,0,0,DISABLED,0
15.3403,5.05452,-0.152193,0,0.00958426,0.732997,0.024461,-0.00614858,-0.0229499,-0.999718,0.00523268,0.4,0,0,DISABLED,0
15.3603,5.06159,-0.151192,0,0.0120442,0.733065,0.0240778,-0.00368865,-0.0212892,-0.999767,0.00571251,0.4,0,0,DISABLED,0
15.3803,5.06873,-0.150008,0,0.0130916,0.733253,0.0219487,-0.00264121,-0.0180601,-0.999833,0.00681384,0.4,0,0,DISABLED,0
15.4003,5.0758,-0.148632,0,0.0133084,0.733163,0.0182341,-0.00242447,-0.0129082,-0.999914,0.0073084,0.4,0,0,DISABLED,0
15.4203,5.08201,-0.147466,0,0.0130542,0.733055,0.0161541,-0.00267864,-0.00995795,-0.999947,0.00877648,0.4,0,0,DISABLED,0
15.4403,5.08995,-0.146378,0,0.0102239,0.733229,0.0127516,-0.00550893,-0.00806019,-0.999952,0.0121981,0.4,0,0,DISABLED,0
15.4603,5.09647,-0.145504,0,0.00838211,0.733465,0.00961186,-0.00735073,-0.00515471,-0.99996,0.0141305,0.4,0,0,DISABLED,0
15.4803,5.10439,-0.144488,0,0.00779544,0.733703,0.0077896,-0.00793739,-0.00032924,-0.999968,0.0157136,0.4,0,0,DISABLED,0
15.5003,5.11155,-0.143879,0,0.00841189,0.733684,0.0086317,-0.00732095,0.00149586,-0.999972,0.0161285,0.4,0,0,DISABLED,0
15.5203,5.11894,-0.143742,0,0.00855193,0.733546,0.00902333,-0.00718091,0.0024372,-0.999971,0.0173197,0.4,0,0,DISABLED,0
15.5403,5.12567,-0.14396,0,0.00837674,0.733451,0.00933502,-0.0073561,0.00366676,-0.999966,0.0183347,0.4,0,0,DISABLED,0
15.5603,5.13235,-0.144435,0,0.0084136,0.733413,0.009977,-0.00731924,0.00491458,-0.999961,0.019381,0.4,0,0,DISABLED,0
15.5803,5.14102,-0.145274,0,0.00953831,0.733315,0.012035,-0.00619453,0.00689557,-0.999957,0.0217502,0.4,0,0,DISABLED,0
15.6003,5.14603,-0.145747,0,0.0105097,0.733222,0.0135141,-0.00522309,0.00805534,-0.999954,0.0220425,0.4,0,0,DISABLED,0
15.6203,5.1551,-0.146662,0,0.0126696,0.732991,0.016069,-0.00306319,0.00944079,-0.999951,0.023126,0.4,0,0,DISABLED,0
15.6403,5.16205,-0.147614,0,0.0139478,0.732896,0.0169077,-0.00178507,0.00910953,-0.999957,0.0234929,0.4,0,0,DISABLED,0
15.6603,5.16771,-0.148613,0,0.0141353,0.732958,0.0163667,-0.00159751,0.00781007,-0.999968,0.0236246,0.4,0,0,DISABLED,0
15.6803,5.17556,-0.150446,0,0.0133259,0.73303,0.0141097,-0.00240697,0.00418609,-0.999988,0.0222409,0.4,0,0,DISABLED,0
15.7003,5.18288,-0.152715,0,0.0108609,0.732582,0.0108965,-0.00487198,0.000429333,-0.999988,0.0240784,0.4,0,0,DISABLED,0
15.7203,5.19126,-0.155084,0,0.00557422,0.732405,0.0059201,-0.0101586,0.00154721,-0.999947,0.0196519,0.4,0,0,DISABLED,0
15.7403,5.198,-0.157118,0,0.00200487,0.732823,0.00204263,-0.013728,-2.828e-05,-0.999906,0.0165462,0.4,0,0,DISABLED,0
15.7603,5.20504,-0.159206,0,0.000548779,0.73348,0.00517901,-0.0151841,-0.00559174,-0.999869,0.0138579,0.4,0,0,DISABLED,0
15.7803,5.21269,-0.160762,0,-5.82226e-05,0.734028,0.00816323,-0.0157911,-0.00860724,-0.999838,0.0120742,0.4,0,0,DISABLED,0
15.8003,5.21822,-0.161523,0,-0.000177681,0.73415,0.00962426,-0.0159105,-0.0100659,-0.999823,0.0107224,0.4,0,0,DISABLED,0
15.8203,5.22448,-0.162127,0,-4.66295e-05,0.734034,0.0112093,-0.0157795,-0.0116521,-0.999808,0.00899112,0.4,0,0,DISABLED,0
15.8403,5.23372,-0.162592,0,0.000126514,0.733754,0.0122071,-0.0156063,-0.0126467,-0.999798,0.00761067,0.4,0,0,DISABLED,0
15.8603,5.24032,-0.162685,0,0.000236838,0.733616,0.0131656,-0.015496,-0.0136032,-0.999787,0.00768195,0.4,0,0,DISABLED,0
15.8803,5.24843,-0.162604,0,0.00089985,0.733478,0.0150816,-0.014833,-0.0154967,-0.99977,0.00790365,0.4,0,0,DISABLED,0
15.9003,5.25499,-0.162444,0,0.00246909,0.733352,0.0179674,-0.0132637,-0.0182426,-0.999746,0.00742637,0.4,0,0,DISABLED,0
15.9203,5.26216,-0.162147,0,0.00521791,0.73316,0.0213512,-0.0105149,-0.0211478,-0.999721,0.00734235,0.4,0,0,DISABLED,0
15.9403,5.26996,-0.161495,0,0.00857033,0.733,0.0236431,-0.0071625,-0.0224788,-0.999722,0.0070924,0.4,0,0,DISABLED,0
15.9603,5.27703,-0.160564,0,0.0108952,0.733072,0.0230405,-0.00483768,-0.0207424,-0.999773,0.00770943,0.4,0,0,DISABLED,0
15.9803,5.28415,-0.159433,0,0.011901,0.733245,0.0206732,-0.00383187,-0.0173471,-0.999842,0.00906851,0.4,0,0,DISABLED,0
16.0003,5.29122,-0.158093,0,0.0120829,0.733162,0.0167305,-0.00364995,-0.0120175,-0.999921,0.0102847,0.4,0,0,DISABLED,0
16.0203,5.29749,-0.156911,0,0.0115509,0.733042,0.0141897,-0.00418197,-0.00869185,-0.999954,0.0120138,0.4,0,0,DISABLED,0
16.0403,5.30524,-0.155764,0,0.0101034,0.733203,0.0122704,-0.00562942,-0.00740576,-0.999957,0.013464,0.4,0,0,DISABLED,0
16.0603,5.31172,-0.154951,0,0.00831258,0.733422,0.0093414,-0.00742026,-0.00470931,-0.999961,0.0169176,0.4,0,0,DISABLED,0
16.0803,5.31681,-0.154327,0,0.00745899,0.733598,0.00754076,-0.00827384,-0.00152275,-0.999965,0.0186116,0.4,0,0,DISABLED,0
16.1003,5.32686,-0.153407,0,0.00776695,0.733644,0.00805296,-0.00796589,0.00168828,-0.999967,0.0191599,0.4,0,0,DISABLED,0
16.1203,5.33275,-0.153275,0,0.00789462,0.733553,0.00840073,-0.00783822,0.00242027,-0.999966,0.0198241,0.4,0,0,DISABLED,0
16.1403,5.34172,-0.153557,0,0.00788437,0.7334,0.00904313,-0.00784847,0.00398986,-0.999961,0.0219088,0.4,0,0,DISABLED,0
16.1603,5.3491,-0.154048,0,0.00816913,0.733333,0.00995906,-0.0075637,0.00524791,-0.999958,0.0222423,0.4,0,0,DISABLED,0
16.1803,5.35628,-0.154659,0,0.00909641,0.73328,0.0115704,-0.00663642,0.00670612,-0.999955,0.0230624,0.4,0,0,DISABLED,0
16.2003,5.36335,-0.155275,0,0.0106198,0.733195,0.0139525,-0.00511301,0.00860662,-0.99995,0.0237648,0.4,0,0,DISABLED,0
16.2203,5.36961,-0.155884,0,0.0120355,0.733086,0.0158336,-0.00369731,0.00984455,-0.999945,0.024452,0.4,0,0,DISABLED,0
16.2403,5.37722,-0.156884,0,0.013346,0.733019,0.0165045,-0.00238682,0.00926814,-0.999954,0.0244463,0.4,0,0,DISABLED,0
16.2603,5.38426,-0.158161,0,0.0132613,0.733103,0.0155026,-0.00247154,0.00758752,-0.999968,0.0246751,0.4,0,0,DISABLED,0
16.2803,5.39145,-0.159905,0,0.0120516,0.733099,0.0132153,-0.0036812,0.00498703,-0.999981,0.0249631,0.4,0,0,DISABLED,0
16.3003,5.39791,-0.161949,0,0.00975919,0.732622,0.00975956,-0.00597364,-0.000124622,-0.999982,0.0236386,0.4,0,0,DISABLED,0
16.3203,5.40613,-0.164359,0,0.00539602,0.732404,0.00548095,-0.0103368,0.000510617,-0.999946,0.0208179,0.4,0,0,DISABLED,0
16.3403,5.41343,-0.166551,0,0.00153157,0.732839,0.00192237,-0.0142013,-0.00162156,-0.999898,0.0169946,0.4,0,0,DISABLED,0
16.3603,5.41975,-0.168301,0,0.00019424,0.733421,0.00560993,-0.0155386,-0.00605457,-0.999861,0.0143249,0.4,0,0,DISABLED,0
16.3803,5.42667,-0.169644,0,-0.000473566,0.733909,0.0083723,-0.0162064,-0.0087995,-0.99983,0.0127012,0.4,0,0,DISABLED,0
16.4003,5.43424,-0.170562,0,-0.000627682,0.734056,0.0100721,-0.0163605,-0.0104956,-0.999811,0.0108091,0.4,0,0,DISABLED,0
16.4203,5.44123,-0.171081,0,-0.000533279,0.733964,0.0115239,-0.0162661,-0.0119489,-0.999796,0.00953233,0.4,0,0,DISABLED,0
16.4403,5.44765,-0.171311,0,-0.000393273,0.733861,0.0125869,-0.0161261,-0.0130203,-0.999785,0.0086817,0.4,0,0,DISABLED,0
16.4603,5.45495,-0.171319,0,-0.000186777,0.733741,0.0136763,-0.0159196,-0.0141153,-0.999774,0.00770726,0.4,0,0,DISABLED,0
16.4803,5.46306,-0.171125,0,0.000545589,0.733574,0.0155372,-0.0151872,-0.0159729,-0.999757,0.00684118,0.4,0,0,DISABLED,0
16.5003,5.47038,-0.170866,0,0.00224963,0.73339,0.0181555,-0.0134832,-0.0184608,-0.999739,0.00677694,0.4,0,0,DISABLED,0
16.5203,5.47758,-0.17047,0,0.00504848,0.733206,0.0211746,-0.0106844,-0.0210057,-0.999722,0.00709599,0.4,0,0,DISABLED,0
16.5403,5.48471,-0.169783,0,0.0081331,0.733125,0.0231334,-0.00759974,-0.0221008,-0.999727,0.00689878,0.4,0,0,DISABLED,0
16.5603,5.49182,-0.168778,0,0.0103496,0.733243,0.0228743,-0.00538323,-0.0208405,-0.999768,0.00712932,0.4,0,0,DISABLED,0
16.5803,5.49829,-0.1677,0,0.0114779,0.733429,0.0207308,-0.00425492,-0.0177046,-0.999834,0.00821723,0.4,0,0,DISABLED,0
16.6003,5.50543,-0.16632,0,0.0116976,0.733389,0.0162314,-0.00403529,-0.0116929,-0.999923,0.0100882,0.4,0,0,DISABLED,0
16.6203,5.51316,-0.164847,0,0.0110745,0.733223,0.013545,-0.00465837,-0.00823984,-0.999955,0.0120958,0.4,0,0,DISABLED,0
16.6403,5.51953,-0.163845,0,0.00956115,0.733354,0.0115858,-0.00617168,-0.00699012,-0.999957,0.013048,0.4,0,0,DISABLED,0
16.6603,5.5274,-0.162735,0,0.00781554,0.733628,0.00842907,-0.0079173,-0.00358765,-0.999962,0.0165027,0.4,0,0,DISABLED,0
16.6803,5.53468,-0.161772,0,0.0067435,0.733832,0.00682723,-0.00898934,0.000644809,-0.999959,0.0183033,0.4,0,0,DISABLED,0
16.7003,5.53756,-0.161434,0,0.00676498,0.733846,0.00719285,-0.00896785,0.00200607,-0.999958,0.0185155,0.4,0,0,DISABLED,0
16.7203,5.54925,-0.160824,0,0.00704616,0.733621,0.00787332,-0.00868667,0.00307709,-0.999958,0.0193597,0.4,0,0,DISABLED,0
16.7403,5.55684,-0.161,0,0.00651562,0.73342,0.00801587,-0.00921721,0.00422522,-0.999949,0.0230683,0.4,0,0,DISABLED,0
16.7603,5.56293,-0.161306,0,0.00618489,0.733278,0.00827203,-0.00954795,0.00505842,-0.999942,0.0240429,0.4,0,0,DISABLED,0
16.7803,5.57106,-0.161877,0,0.0069725,0.733117,0.00989301,-0.00876033,0.0065723,-0.99994,0.0249203,0.4,0,0,DISABLED,0
16.8003,5.57826,-0.16245,0,0.00857113,0.732985,0.0121386,-0.0071617,0.00815127,-0.999941,0.0261042,0.4,0,0,DISABLED,0
16.8203,5.58535,-0.163013,0,0.0102867,0.732847,0.0144725,-0.00544609,0.00973423,-0.999938,0.0270234,0.4,0,0,DISABLED,0
16.8403,5.59244,-0.163795,0,0.0119129,0.732845,0.0156633,-0.00381998,0.00972637,-0.999945,0.0276283,0.4,0,0,DISABLED,0
16.8603,5.60028,-0.165014,0,0.0124884,0.732988,0.0148707,-0.00324443,0.00762961,-0.999966,0.0272359,0.4,0,0,DISABLED,0
16.8803,5.60762,-0.166589,0,0.0113484,0.733074,0.0125869,-0.00438445,0.00500254,-0.999978,0.0272735,0.4,0,0,DISABLED,0
16.9003,5.61499,-0.168809,0,0.00915753,0.732645,0.0091675,-0.00657531,-5.98235e-05,-0.999978,0.0265712,0.4,0,0,DISABLED,0
16.9203,5.62261,-0.171009,0,0.00495542,0.732484,0.0050034,-0.0107774,0.000281492,-0.999942,0.0239725,0.4,0,0,DISABLED,0
16.9403,5.63016,-0.173198,0,0.00134126,0.732906,0.00176052,-0.0143916,-0.0016078,-0.999895,0.0205439,0.4,0,0,DISABLED,0
16.9603,5.63732,-0.175111,0,4.1578e-05,0.73352,0.00505083,-0.0156913,-0.00549528,-0.999862,0.0189357,0.4,0,0,DISABLED,0
16.9803,5.64438,-0.176392,0,-0.000603443,0.733983,0.00847139,-0.0163363,-0.00889238,-0.999827,0.0168499,0.4,0,0,DISABLED,0
17.0003,5.65069,-0.17714,0,-0.000661122,0.734113,0.0101135,-0.016394,-0.0105376,-0.99981,0.015386,0.4,0,0,DISABLED,0
