t,drift_x,drift_y,lean,dpitch,base_z,tilt_rad,gx,gy,gz,yaw_delta,cmd_vx,cmd_vy,cmd_yaw,meta_selected,meta_safety_hold
0.0199962,0,0,0,0,0.732862,0.000345267,-0.0157537,-0.000452185,-0.999876,0,0.6,0,0,DISABLED,0
0.0399961,1.39615e-05,-1.83471e-07,0,-6.33299e-06,0.732858,0,-0.0157601,-0.000451954,-0.999876,3.75288e-06,0.6,0,0,DISABLED,0
0.0599961,0.000121624,-2.34251e-05,0,-0.000183886,0.732835,0.000345267,-0.0159376,-0.000440396,-0.999873,1.24276e-05,0.6,0,0,DISABLED,0
0.0799961,0.000691252,-0.000262323,0,-0.00185678,0.732828,0.00218366,-0.0176105,-0.00153913,-0.999844,0.000405428,0.6,0,0,DISABLED,0
0.0999961,0.00145386,-0.000682552,0,-0.00344823,0.732844,0.00439453,-0.019202,-0.00316241,-0.999811,0.000982401,0.6,0,0,DISABLED,0
0.119996,0.00236309,-0.00115348,0,-0.00411386,0.732815,0.00556727,-0.0198676,-0.00419199,-0.999794,0.000781382,0.6,0,0,DISABLED,0
0.139996,0.00291939,-0.00125316,0,-0.00353523,0.732785,0.00458049,-0.019289,-0.00333528,-0.999808,-6.60726e-05,0.6,0,0,DISABLED,0
0.159996,0.00422504,-0.000951959,0,-0.000898944,0.732509,0.000976562,-0.0166527,-0.000768531,-0.999861,0.000165695,0.6,0,0,DISABLED,0
0.179996,0.00634627,-0.000363998,0,-0.000619333,0.732724,0.00531532,-0.0163731,-0.00572392,-0.99985,0.00064708,0.6,0,0,DISABLED,0
0.199996,0.00843476,0.000414974,0,-0.00109773,0.733081,0.0101664,-0.0168515,-0.0105549,-0.999802,0.00123361,0.6,0,0,DISABLED,0
0.219996,0.0112322,0.00171771,0,-0.000767654,0.73342,0.0125917,-0.0165214,-0.0130142,-0.999779,0.00187657,0.6,0,0,DISABLED,0
0.239996,0.0140437,0.00311698,0,-1.88313e-05,0.733633,0.0137978,-0.0157726,-0.0142491,-0.999774,0.00276709,0.6,0,0,DISABLED,0
0.259996,0.0169631,0.00455728,0,0.00040454,0.73383,0.0151526,-0.0153492,-0.0155933,-0.999761,0.00364018,0.6,0,0,DISABLED,0
0.279996,0.021074,0.00653259,0,0.0007061,0.734026,0.0164901,-0.0150476,-0.0169286,-0.999743,0.00329122,0.6,0,0,DISABLED,0
0.299996,0.0251943,0.00848887,0,0.00176832,0.734068,0.0174934,-0.0139854,-0.0178577,-0.999743,0.00296589,0.6,0,0,DISABLED,0
0.319996,0.0296195,0.0106781,0,0.00421692,0.733931,0.0180005,-0.0115368,-0.0179461,-0.999772,0.00235536,0.6,0,0,DISABLED,0
0.339996,0.0344311,0.0131465,0,0.00709687,0.733638,0.0182243,-0.00865686,-0.0172368,-0.999814,0.00198436,0.6,0,0,DISABLED,0
0.359996,0.039516,0.0158488,0,0.0109124,0.733108,0.0186639,-0.00484128,-0.0155912,-0.999867,0.00144623,0.6,0,0,DISABLED,0
0.379996,0.0448446,0.0187115,0,0.015287,0.732193,0.0198944,-0.000466729,-0.0131797,-0.999913,0.000556746,0.6,0,0,DISABLED,0
0.399996,0.0498415,0.0210188,0,0.0185144,0.731547,0.0240432,0.00276072,-0.0157869,-0.999872,0.00179016,0.6,0,0,DISABLED,0
0.419996,0.0556887,0.0235648,0,0.0195416,0.731511,0.0257642,0.0037879,-0.0172415,-0.999844,0.00137253,0.6,0,0,DISABLED,0
0.439996,0.0627766,0.026086,0,0.0170767,0.732268,0.0208826,0.00132294,-0.01247,-0.999921,0.0052618,0.6,0,0,DISABLED,0
0.459996,0.0698708,0.0281592,0,0.0115693,0.733213,0.0119655,-0.00418446,-0.00350821,-0.999985,0.0119263,0.6,0,0,DISABLED,0
0.479996,0.0769632,0.0301967,0,0.00837319,0.733954,0.00888353,-0.00738053,0.00251713,-0.99997,0.0144132,0.6,0,0,DISABLED,0
0.499996,0.0841044,0.0319334,0,0.00653275,0.734258,0.00897697,-0.00922098,0.00570091,-0.999941,0.0166406,0.6,0,0,DISABLED,0
0.519996,0.0915526,0.0331575,0,0.00560388,0.734318,0.00882969,-0.0101498,0.00636068,-0.999928,0.0176052,0.6,0,0,DISABLED,0
0.539996,0.0977881,0.0337254,0,0.00516028,0.734282,0.00948703,-0.0105935,0.00750854,-0.999916,0.0199758,0.6,0,0,DISABLED,0
0.559996,0.107531,0.0341717,0,0.00445638,0.734206,0.010781,-0.0112974,0.00936123,-0.999892,0.0175844,0.6,0,0,DISABLED,0
0.579996,0.114073,0.0341816,0,0.00501954,0.734078,0.0133811,-0.0107342,0.0119481,-0.999871,0.0176962,0.6,0,0,DISABLED,0
0.599996,0.123816,0.0338121,0,0.00772986,0.733583,0.0178108,-0.00802387,0.0155894,-0.999846,0.0191461,0.6,0,0,DISABLED,0
0.619996,0.131828,0.0332557,0,0.011323,0.732874,0.0215817,-0.00443075,0.0179178,-0.99983,0.0199628,0.6,0,0,DISABLED,0
0.639996,0.139712,0.0323631,0,0.0154887,0.73207,0.024115,-0.000264978,0.0180282,-0.999837,0.0206135,0.6,0,0,DISABLED,0
0.659996,0.147735,0.0309932,0,0.018291,0.73155,0.0238065,0.00253727,0.0147815,-0.999888,0.0207364,0.6,0,0,DISABLED,0
0.679996,0.156067,0.0292241,0,0.0186711,0.731318,0.0210843,0.00291741,0.00933859,-0.999952,0.0203216,0.6,0,0,DISABLED,0
0.699996,0.164742,0.0272419,0,0.0165265,0.731112,0.0172705,0.000772776,0.00455733,-0.999989,0.0182018,0.6,0,0,DISABLED,0
0.719995,0.171974,0.0256988,0,0.0130823,0.731302,0.0135318,-0.00267148,0.00298625,-0.999992,0.0156828,0.6,0,0,DISABLED,0
0.739995,0.181765,0.0235925,0,0.00969026,0.732082,0.00981437,-0.00606347,-0.00199313,-0.99998,0.0106732,0.6,0,0,DISABLED,0
0.759995,0.191557,0.0217276,0,0.00761083,0.733141,0.0116474,-0.00814289,-0.00927103,-0.999924,0.00754706,0.6,0,0,DISABLED,0
0.779995,0.200541,0.0205162,0,0.00646379,0.733795,0.0157657,-0.00928993,-0.0148315,-0.999847,0.00576164,0.6,0,0,DISABLED,0
0.799995,0.208605,0.0197972,0,0.00641567,0.734001,0.0190902,-0.00933806,-0.0184286,-0.999787,0.00516587,0.6,0,0,DISABLED,0
0.819995,0.217662,0.0193253,0,0.00713852,0.734016,0.0221622,-0.00861521,-0.0214327,-0.999733,0.00469419,0.6,0,0,DISABLED,0
0.839995,0.227894,0.0191382,0,0.00871321,0.733887,0.0253161,-0.00704052,-0.0242216,-0.999682,0.00235199,0.6,0,0,DISABLED,0
0.859995,0.235542,0.0191275,0,0.0102535,0.733714,0.0268807,-0.00550021,-0.0252997,-0.999665,0.00196613,0.6,0,0,DISABLED,0
0.879995,0.247164,0.0192829,0,0.0138699,0.733266,0.0307086,-0.00188383,-0.0278468,-0.99961,0.000225325,0.6,0,0,DISABLED,0
0.899995,0.256922,0.019544,0,0.0176906,0.732697,0.0360356,0.00193692,-0.031842,-0.999491,-0.00106569,0.6,0,0,DISABLED,0
0.919995,0.266616,0.0201219,0,0.021856,0.732085,0.0407048,0.0061023,-0.0347842,-0.999376,-0.00207084,0.6,0,0,DISABLED,0
0.939995,0.276322,0.0212703,0,0.02518,0.731742,0.0412186,0.0094263,-0.0330788,-0.999408,-0.00258608,0.6,0,0,DISABLED,0
0.959995,0.286288,0.0228195,0,0.0263422,0.731732,0.0385658,0.0105885,-0.0286123,-0.999534,-0.00234053,0.6,0,0,DISABLED,0
0.979995,0.295525,0.0243538,0,0.025816,0.731932,0.0350273,0.0100623,-0.0241246,-0.999658,-0.0018711,0.6,0,0,DISABLED,0
0.999995,0.305927,0.0261329,0,0.0244524,0.732042,0.0296177,0.00869865,-0.0171605,-0.999815,-0.000788515,0.6,0,0,DISABLED,0
1.02,0.31757,0.0279416,0,0.0223662,0.732185,0.0254218,0.00661246,-0.0125296,-0.9999,0.000959158,0.6,0,0,DISABLED,0
1.04,0.326815,0.0291756,0,0.0214738,0.73269,0.0236204,0.00572008,-0.0102875,-0.999931,0.00301499,0.6,0,0,DISABLED,0
1.06,0.33713,0.0306084,0,0.0204798,0.733371,0.021073,0.00472607,-0.00541475,-0.999974,0.00641509,0.6,0,0,DISABLED,0
1.08,0.348541,0.0321359,0,0.0197831,0.733866,0.0197863,0.00402933,-0.000643619,-0.999992,0.00735464,0.6,0,0,DISABLED,0
1.1,0.358036,0.0330826,0,0.0193623,0.733932,0.0196138,0.00360856,0.00268024,-0.99999,0.00936325,0.6,0,0,DISABLED,0
1.12,0.369803,0.0337732,0,0.019274,0.733802,0.0199543,0.0035203,0.0047048,-0.999983,0.0103019,0.6,0,0,DISABLED,0
1.14,0.380612,0.0340615,0,0.0192808,0.733652,0.0209453,0.00352703,0.00772781,-0.999964,0.0109157,0.6,0,0,DISABLED,0
1.16,0.391285,0.0341471,0,0.0200756,0.733403,0.0232849,0.00432189,0.0113404,-0.999926,0.0122422,0.6,0,0,DISABLED,0
1.18,0.401731,0.034153,0,0.0219239,0.732985,0.0269228,0.00617017,0.0151687,-0.999866,0.0135771,0.6,0,0,DISABLED,0
1.2,0.412043,0.0339935,0,0.0239107,0.732517,0.0297442,0.00815693,0.0172327,-0.999818,0.0137225,0.6,0,0,DISABLED,0
1.22,0.422406,0.033583,0,0.024439,0.73233,0.0300433,0.00868524,0.0170176,-0.999817,0.0125669,0.6,0,0,DISABLED,0
1.24,0.432874,0.0328575,0,0.0239454,0.732526,0.028952,0.00819168,0.0158185,-0.999841,0.0116527,0.6,0,0,DISABLED,0
1.25999,0.443558,0.031736,0,0.022263,0.73295,0.0264334,0.00650929,0.0137966,-0.999884,0.0111681,0.6,0,0,DISABLED,0
1.27999,0.454531,0.0301369,0,0.0189717,0.733301,0.0221487,0.00321793,0.0109724,-0.999935,0.01185,0.6,0,0,DISABLED,0
1.29999,0.465539,0.0280061,0,0.0150745,0.733037,0.0159087,-0.000679232,0.00462623,-0.999989,0.0111832,0.6,0,0,DISABLED,0
1.31999,0.476895,0.0259152,0,0.0095449,0.732603,0.00989301,-0.00620883,0.00215586,-0.999978,0.00927596,0.6,0,0,DISABLED,0
1.33999,0.486922,0.0244382,0,0.00574674,0.732774,0.005839,-0.010007,0.000560354,-0.99995,0.00596717,0.6,0,0,DISABLED,0
1.35999,0.498676,0.0230174,0,0.00465338,0.733405,0.00535999,-0.0111004,-0.00309521,-0.999934,0.00416701,0.6,0,0,DISABLED,0
1.37999,0.509259,0.0222832,0,0.00437983,0.733787,0.00748523,-0.0113739,-0.00652114,-0.999914,0.00179409,0.6,0,0,DISABLED,0
1.39999,0.519838,0.0219636,0,0.00443774,0.73375,0.00944925,-0.011316,-0.00879649,-0.999897,0.000466706,0.6,0,0,DISABLED,0
1.41999,0.530617,0.0220112,0,0.00441751,0.733452,0.0111132,-0.0113362,-0.0106452,-0.999879,-0.00145444,0.6,0,0,DISABLED,0
1.43999,0.540477,0.0222421,0,0.0047055,0.733178,0.0124057,-0.0110482,-0.0119286,-0.999868,-0.00303002,0.6,0,0,DISABLED,0
1.45999,0.552662,0.0226396,0,0.00609229,0.732881,0.0144396,-0.00966144,-0.0135378,-0.999862,-0.0052816,0.6,0,0,DISABLED,0
1.47999,0.563728,0.0229775,0,0.00880847,0.732573,0.0174968,-0.00694526,-0.0155674,-0.999855,-0.00635189,0.6,0,0,DISABLED,0
1.49999,0.574678,0.0232952,0,0.0129073,0.732261,0.0224083,-0.00284646,-0.0187688,-0.99982,-0.0081946,0.6,0,0,DISABLED,0
1.51999,0.584492,0.0237673,0,0.016793,0.732138,0.0260335,0.00103926,-0.0203438,-0.999793,-0.00980326,0.6,0,0,DISABLED,0
1.53999,0.596718,0.0246794,0,0.0196877,0.73236,0.0272616,0.00393397,-0.0193058,-0.999806,-0.00993783,0.6,0,0,DISABLED,0
1.55999,0.606945,0.0256677,0,0.0201371,0.732849,0.0263476,0.00438333,-0.0174423,-0.999838,-0.00899899,0.6,0,0,DISABLED,0
1.57999,0.618479,0.0269327,0,0.0191794,0.733552,0.0237312,0.00342567,-0.014426,-0.99989,-0.00651843,0.6,0,0,DISABLED,0
1.59999,0.630022,0.0284736,0,0.0180735,0.733915,0.020514,0.00231978,-0.0101511,-0.999946,-0.00563415,0.6,0,0,DISABLED,0
1.61999,0.639215,0.0299155,0,0.0167575,0.733686,0.0174353,0.00100381,-0.0052632,-0.999986,-0.00455878,0.6,0,0,DISABLED,0
1.63999,0.653536,0.0317714,0,0.0111126,0.733331,0.0115394,-0.00464111,-0.00356317,-0.999983,-0.00346731,0.6,0,0,DISABLED,0
1.65999,0.664917,0.0330376,0,0.00910648,0.733419,0.0092452,-0.00664725,-0.00201868,-0.999976,-0.000517347,0.6,0,0,DISABLED,0
1.67999,0.67701,0.0344369,0,0.0103115,0.733734,0.0107089,-0.00544224,0.00242231,-0.999982,0.00202521,0.6,0,0,DISABLED,0
1.69999,0.686842,0.0354184,0,0.0123288,0.733814,0.0128957,-0.00342497,0.00332732,-0.999989,0.00246194,0.6,0,0,DISABLED,0
1.71999,0.699252,0.0361877,0,0.0135059,0.733756,0.0143484,-0.0022478,0.00439039,-0.999988,0.00593216,0.6,0,0,DISABLED,0
1.73999,0.71062,0.0364907,0,0.014109,0.733673,0.0155372,-0.00164469,0.00605196,-0.99998,0.00872771,0.6,0,0,DISABLED,0
1.75999,0.721809,0.036592,0,0.0150578,0.733543,0.0172636,-0.0006959,0.00798792,-0.999968,0.00993331,0.6,0,0,DISABLED,0
1.77999,0.72837,0.0365993,0,0.0158923,0.7334,0.0186095,0.000138546,0.00922721,-0.999957,0.0109,0.6,0,0,DISABLED,0
1.79999,0.7434,0.0364627,0,0.0181511,0.733014,0.0217221,0.00239732,0.011477,-0.999931,0.0121417,0.6,0,0,DISABLED,0
1.81999,0.754054,0.0361496,0,0.0185821,0.732838,0.021965,0.00282834,0.0112577,-0.999933,0.0117145,0.6,0,0,DISABLED,0
1.83999,0.764745,0.0355848,0,0.0180659,0.732973,0.021073,0.00231221,0.0103929,-0.999943,0.0111571,0.6,0,0,DISABLED,0
1.85999,0.773376,0.0348799,0,0.0164727,0.733266,0.018699,0.000718927,0.00839372,-0.999965,0.0109119,0.6,0,0,DISABLED,0
1.87999,0.785435,0.0333968,0,0.0135787,0.733745,0.0148587,-0.00217499,0.00558149,-0.999982,0.0114818,0.6,0,0,DISABLED,0
1.89999,0.797741,0.0311847,0,0.00865441,0.733669,0.00867303,-0.00709932,4.32188e-05,-0.999975,0.0131511,0.6,0,0,DISABLED,0
1.91999,0.809121,0.0289384,0,0.00260605,0.732891,0.00506261,-0.0131477,-0.0047789,-0.999902,0.011315,0.6,0,0,DISABLED,0
1.93999,0.82069,0.0272983,0,-0.00394126,0.732734,0.00502717,-0.019695,-0.00355482,-0.9998,0.00794696,0.6,0,0,DISABLED,0
1.95999,0.831652,0.0259193,0,-0.00619316,0.733117,0.00779725,-0.0219469,-0.00519031,-0.999746,0.00479584,0.6,0,0,DISABLED,0
1.97999,0.842367,0.0249233,0,-0.00610626,0.733629,0.00991708,-0.02186,-0.00826046,-0.999727,0.00192746,0.6,0,0,DISABLED,0
1.99999,0.853079,0.0243789,0,-0.00529608,0.733885,0.0116423,-0.0210498,-0.0108214,-0.99972,0.000160576,0.6,0,0,DISABLED,0
2.01999,0.863971,0.0242478,0,-0.00444875,0.733846,0.012974,-0.0202025,-0.0126433,-0.999716,-0.00205051,0.6,0,0,DISABLED,0
2.03999,0.875025,0.0243505,0,-0.00318618,0.733703,0.0136283,-0.0189399,-0.0137033,-0.999727,-0.00380768,0.6,0,0,DISABLED,0
2.05999,0.88512,0.0245319,0,-0.0017222,0.733547,0.0140546,-0.0174759,-0.0144018,-0.999744,-0.00521778,0.6,0,0,DISABLED,0
2.07999,0.897539,0.0247703,0,0.00143429,0.733253,0.0151723,-0.0143194,-0.0155543,-0.999776,-0.00646406,0.6,0,0,DISABLED,0
2.09999,0.908788,0.0249603,0,0.00629664,0.732833,0.0189365,-0.00945708,-0.0183053,-0.999788,-0.00870801,0.6,0,0,DISABLED,0
2.11999,0.919981,0.0252408,0,0.0116674,0.732322,0.023839,-0.00408637,-0.021237,-0.999766,-0.011113,0.6,0,0,DISABLED,0
2.13999,0.931248,0.0259114,0,0.0163282,0.732127,0.0256808,0.000574475,-0.0202698,-0.999794,-0.0118359,0.6,0,0,DISABLED,0
2.15999,0.942792,0.0268405,0,0.018643,0.73239,0.0250129,0.00288927,-0.0171253,-0.999849,-0.0111701,0.6,0,0,DISABLED,0
2.17999,0.954644,0.0278992,0,0.0185962,0.732922,0.0229757,0.00284249,-0.013939,-0.999899,-0.00917228,0.6,0,0,DISABLED,0
2.19999,0.965369,0.0290887,0,0.0177602,0.733252,0.0197017,0.00200646,-0.0089773,-0.999958,-0.00674058,0.6,0,0,DISABLED,0
2.21999,0.978467,0.0309343,0,0.0164071,0.733028,0.0168406,0.000653395,-0.00423752,-0.999991,-0.00564284,0.6,0,0,DISABLED,0
2.23999,0.99034,0.0324507,0,0.0136256,0.732747,0.0137155,-0.00212808,-0.00201741,-0.999996,-0.00499203,0.6,0,0,DISABLED,0
2.25999,1.00192,0.0333926,0,0.0122754,0.732884,0.0123575,-0.00347833,-0.00186951,-0.999992,-0.00252183,0.6,0,0,DISABLED,0
2.27999,1.01345,0.0342238,0,0.0117502,0.733123,0.0117544,-0.00400357,-0.000372173,-0.999992,-0.000773719,0.6,0,0,DISABLED,0
2.29999,1.02373,0.0348209,0,0.012678,0.733153,0.0127796,-0.00307575,0.00115213,-0.999995,0.000929587,0.6,0,0,DISABLED,0
2.31999,1.03541,0.0351837,0,0.0131845,0.733016,0.0134655,-0.00256918,0.00226861,-0.999994,0.00382785,0.6,0,0,DISABLED,0
2.33999,1.046,0.035205,0,0.0138136,0.732838,0.0145711,-0.00194013,0.00417098,-0.999989,0.00662124,0.6,0,0,DISABLED,0
2.35999,1.0588,0.0349716,0,0.0150275,0.732609,0.016573,-0.000726212,0.00652746,-0.999978,0.00851807,0.6,0,0,DISABLED,0
2.37999,1.07016,0.0346454,0,0.0171909,0.7324,0.0198644,0.00143722,0.00949724,-0.999954,0.0103771,0.6,0,0,DISABLED,0
2.39999,1.08247,0.0341463,0,0.0187961,0.732281,0.0220192,0.0030424,0.0110134,-0.999935,0.0108912,0.6,0,0,DISABLED,0
2.41999,1.09365,0.033484,0,0.0193711,0.732435,0.0225541,0.00361734,0.0110995,-0.999932,0.0100238,0.6,0,0,DISABLED,0
2.43999,1.10498,0.032574,0,0.0184394,0.732934,0.0214042,0.00268572,0.0104148,-0.999942,0.00908151,0.6,0,0,DISABLED,0
2.45999,1.11649,0.0312884,0,0.0164705,0.73358,0.018734,0.00071678,0.00847159,-0.999964,0.0084538,0.6,0,0,DISABLED,0
2.47999,1.12231,0.0304434,0,0.0138381,0.733855,0.0151801,-0.00191564,0.00578209,-0.999981,0.00901725,0.6,0,0,DISABLED,0
2.49999,1.13874,0.0272217,0,0.0103233,0.733696,0.010335,-0.00543044,-0.000978938,-0.999985,0.00929511,0.6,0,0,DISABLED,0
2.51999,1.15205,0.0244683,0,0.00418709,0.732707,0.0058492,-0.0115666,-0.00453752,-0.999923,0.006581,0.6,0,0,DISABLED,0
2.53999,1.16407,0.022518,0,-0.000551926,0.732641,0.0031074,-0.0163057,-0.00349175,-0.999861,0.00286819,0.6,0,0,DISABLED,0
2.55999,1.17535,0.0208221,0,-0.000772655,0.733195,0.00628159,-0.0165264,-0.00667912,-0.999841,-0.000824156,0.6,0,0,DISABLED,0
2.57999,1.18528,0.0197803,0,0.000234377,0.733674,0.00820693,-0.0155194,-0.00865106,-0.999842,-0.0027918,0.6,0,0,DISABLED,0
2.59999,1.19753,0.0191126,0,0.00102684,0.733802,0.0102423,-0.0147269,-0.0106381,-0.999835,-0.0064598,0.6,0,0,DISABLED,0
2.61999,1.20885,0.0189248,0,0.00138664,0.733594,0.0115961,-0.0143671,-0.0119605,-0.999825,-0.00824107,0.6,0,0,DISABLED,0
2.63999,1.21804,0.0189736,0,0.00174673,0.733358,0.0126436,-0.014007,-0.0129673,-0.999818,-0.0101899,0.6,0,0,DISABLED,0
2.65999,1.23197,0.0191388,0,0.00319565,0.732957,0.0141897,-0.0125581,-0.0142716,-0.999819,-0.0137478,0.6,0,0,DISABLED,0
2.67999,1.24361,0.0192389,0,0.00568973,0.732535,0.0161172,-0.010064,-0.0155308,-0.999829,-0.0149989,0.6,0,0,DISABLED,0
2.69999,1.2551,0.0192787,0,0.00973724,0.732138,0.0200674,-0.00601648,-0.0179983,-0.99982,-0.0165468,0.6,0,0,DISABLED,0
2.71999,1.26646,0.0194833,0,0.0145922,0.73191,0.0244,-0.00116154,-0.0200062,-0.999799,-0.0192722,0.6,0,0,DISABLED,0
2.73999,1.27797,0.0199619,0,0.0179456,0.732097,0.0256622,0.00219189,-0.0187927,-0.999821,-0.0194137,0.6,0,0,DISABLED,0
2.75999,1.28979,0.0206762,0,0.0187683,0.732639,0.024771,0.00301459,-0.0166129,-0.999857,-0.0182193,0.6,0,0,DISABLED,0
2.77999,1.30184,0.0215817,0,0.0179076,0.733375,0.0224375,0.00215387,-0.0139702,-0.9999,-0.0159474,0.6,0,0,DISABLED,0
2.79999,1.31391,0.022799,0,0.0167303,0.733795,0.0189868,0.000976564,-0.0094247,-0.999955,-0.0139238,0.6,0,0,DISABLED,0
2.81999,1.32465,0.0242267,0,0.0154961,0.733528,0.01589,-0.000257631,-0.0039537,-0.999992,-0.0135976,0.6,0,0,DISABLED,0
2.83999,1.33672,0.025695,0,0.0128912,0.73305,0.0129142,-0.00286253,-0.00122884,-0.999995,-0.0143995,0.6,0,0,DISABLED,0
2.85999,1.3496,0.0264636,0,0.0105223,0.733166,0.0105745,-0.00523143,-0.00146622,-0.999985,-0.0105778,0.6,0,0,DISABLED,0
2.87999,1.36124,0.0270722,0,0.00973199,0.733568,0.00985679,-0.00602174,0.00109191,-0.999981,-0.00555399,0.6,0,0,DISABLED,0
2.89999,1.37267,0.0276984,0,0.0107129,0.733702,0.0110162,-0.00504083,0.0020877,-0.999985,-0.00455112,0.6,0,0,DISABLED,0
2.91999,1.38422,0.0280543,0,0.0115633,0.733609,0.0119655,-0.00419044,0.00262991,-0.999988,-0.00226488,0.6,0,0,DISABLED,0
2.93999,1.39576,0.0280788,0,0.0122436,0.733517,0.0130062,-0.00351015,0.00393059,-0.999986,-0.000371675,0.6,0,0,DISABLED,0
2.95999,1.40718,0.0278648,0,0.0131096,0.733398,0.0147459,-0.00264411,0.00629506,-0.999977,0.00147138,0.6,0,0,DISABLED,0
2.97999,1.41832,0.027518,0,0.0147824,0.733146,0.0173703,-0.00097136,0.00866524,-0.999962,0.00352534,0.6,0,0,DISABLED,0
2.99999,1.42819,0.0271351,0,0.0162248,0.732927,0.0191774,0.000471072,0.00976413,-0.999952,0.00362102,0.6,0,0,DISABLED,0
3.01999,1.44015,0.0264646,0,0.0171986,0.732883,0.0199662,0.00144487,0.00969073,-0.999952,0.00315076,0.6,0,0,DISABLED,0
3.03999,1.45111,0.0255987,0,0.0168757,0.733129,0.0193044,0.00112196,0.00892084,-0.99996,0.00265596,0.6,0,0,DISABLED,0
3.05999,1.46228,0.0243703,0,0.0149148,0.733582,0.016759,-0.000838905,0.00718157,-0.999974,0.00249626,0.6,0,0,DISABLED,0
3.08,1.47369,0.0226143,0,0.0114074,0.733934,0.0123865,-0.00434635,0.00437133,-0.999981,0.00324327,0.6,0,0,DISABLED,0
3.1,1.48504,0.0202218,0,0.00736561,0.733517,0.00767396,-0.00838812,-0.00256683,-0.999961,0.00301512,0.6,0,0,DISABLED,0
3.12,1.49678,0.0177962,0,0.00115357,0.732762,0.00483374,-0.0146002,-0.00514344,-0.99988,0.000897684,0.6,0,0,DISABLED,0
3.14,1.50843,0.015842,0,-0.00363184,0.732748,0.0057464,-0.0193856,-0.00490019,-0.9998,-0.0024992,0.6,0,0,DISABLED,0
3.16,1.51943,0.0141805,0,-0.00458509,0.733257,0.009405,-0.0203388,-0.00866172,-0.999756,-0.00601371,0.6,0,0,DISABLED,0
3.18,1.53026,0.0130977,0,-0.00383709,0.733729,0.011591,-0.0195908,-0.0113901,-0.999743,-0.00774554,0.6,0,0,DISABLED,0
3.2,1.54117,0.0125114,0,-0.00280728,0.733843,0.0135318,-0.018561,-0.0136903,-0.999734,-0.0103109,0.6,0,0,DISABLED,0
3.22,1.55335,0.0123056,0,-0.00163606,0.733638,0.0144931,-0.0173898,-0.0148528,-0.999738,-0.0121961,0.6,0,0,DISABLED,0
3.24,1.5635,0.0123752,0,-0.000150444,0.733352,0.0158486,-0.0159042,-0.0162991,-0.999741,-0.0166509,0.6,0,0,DISABLED,0
3.26,1.57498,0.0124229,0,0.00128382,0.733067,0.0160987,-0.0144699,-0.0164997,-0.999759,-0.0169569,0.6,0,0,DISABLED,0
3.28,1.58643,0.0124741,0,0.00467444,0.732752,0.0181358,-0.0110793,-0.0179719,-0.999777,-0.0187579,0.6,0,0,DISABLED,0
3.3,1.59663,0.0124802,0,0.00922545,0.732444,0.0223603,-0.00652827,-0.0208163,-0.999762,-0.0208637,0.6,0,0,DISABLED,0
3.32,1.60897,0.0126595,0,0.0144143,0.73214,0.0269648,-0.00133942,-0.0232402,-0.999729,-0.0241391,0.6,0,0,DISABLED,0
3.34,1.62036,0.0131681,0,0.0179534,0.732255,0.0279014,0.00219967,-0.0218094,-0.99976,-0.0246551,0.6,0,0,DISABLED,0
3.36,1.63205,0.013906,0,0.0189517,0.732754,0.0264807,0.00319799,-0.0189421,-0.999815,-0.0236035,0.6,0,0,DISABLED,0
3.38,1.64037,0.0145179,0,0.0184514,0.733253,0.02473,0.00269767,-0.0169123,-0.999853,-0.0224316,0.6,0,0,DISABLED,0
3.4,1.65587,0.0159474,0,0.017326,0.733854,0.0203272,0.00157225,-0.0110833,-0.999937,-0.0194151,0.6,0,0,DISABLED,0
3.42,1.66774,0.0173846,0,0.0161227,0.733533,0.0168689,0.000369013,-0.00539877,-0.999985,-0.0185555,0.6,0,0,DISABLED,0
3.44,1.67953,0.0186443,0,0.01335,0.733169,0.0136064,-0.00240375,-0.00305233,-0.999992,-0.0198644,0.6,0,0,DISABLED,0
3.46,1.6912,0.0193399,0,0.0111632,0.73329,0.0113939,-0.00459055,-0.00273054,-0.999986,-0.017479,0.6,0,0,DISABLED,0
3.48,1.70269,0.0199736,0,0.010647,0.73356,0.0106475,-0.0051067,-0.000632122,-0.999987,-0.0159678,0.6,0,0,DISABLED,0
3.5,1.7141,0.020461,0,0.0115216,0.733634,0.0116012,-0.00423208,0.000910036,-0.999991,-0.0140119,0.6,0,0,DISABLED,0
3.52001,1.72568,0.0206738,0,0.012259,0.73354,0.0124919,-0.00349473,0.00195142,-0.999992,-0.0117783,0.6,0,0,DISABLED,0
3.54001,1.73613,0.0205911,0,0.0129612,0.733453,0.0136196,-0.0027925,0.00372297,-0.999989,-0.00978935,0.6,0,0,DISABLED,0
3.56001,1.74877,0.0202483,0,0.0140437,0.733341,0.0155563,-0.00170999,0.00623952,-0.999979,-0.00811783,0.6,0,0,DISABLED,0
3.58001,1.75993,0.0197887,0,0.0162169,0.733072,0.0188545,0.000463172,0.00916149,-0.999958,-0.00479795,0.6,0,0,DISABLED,0
3.60001,1.77102,0.0192644,0,0.0176413,0.732828,0.0207135,0.00188753,0.0103995,-0.999944,-0.0049155,0.6,0,0,DISABLED,0
3.62001,1.78205,0.0185428,0,0.0185088,0.732825,0.0214598,0.00275509,0.0104066,-0.999942,-0.00573464,0.6,0,0,DISABLED,0
3.64001,1.79314,0.0175815,0,0.0181185,0.73313,0.0206703,0.00236478,0.00949377,-0.999952,-0.00649445,0.6,0,0,DISABLED,0
3.66001,1.8044,0.016252,0,0.0165181,0.733606,0.0183547,0.000764409,0.00755047,-0.999971,-0.00709751,0.6,0,0,DISABLED,0
3.68001,1.81471,0.0145947,0,0.0138351,0.733941,0.0148947,-0.0019186,0.00506846,-0.999985,-0.00655668,0.6,0,0,DISABLED,0
3.70001,1.82735,0.0118513,0,0.0094853,0.733476,0.00967368,-0.00626843,-0.0023569,-0.999978,-0.00577565,0.6,0,0,DISABLED,0
3.72001,1.83926,0.00943504,0,0.00315849,0.732744,0.00468343,-0.0125952,-0.00390921,-0.999913,-0.00788581,0.6,0,0,DISABLED,0
3.74001,1.85124,0.0074173,0,-0.00254596,0.732726,0.00411433,-0.0182997,-0.0036728,-0.999826,-0.0120741,0.6,0,0,DISABLED,0
3.76001,1.86243,0.00561857,0,-0.00342184,0.733199,0.00719285,-0.0191756,-0.0067734,-0.999793,-0.0139352,0.6,0,0,DISABLED,0
3.78001,1.87233,0.00449822,0,-0.00251818,0.733609,0.010219,-0.0182719,-0.0103548,-0.999779,-0.0168959,0.6,0,0,DISABLED,0
3.80001,1.88334,0.00374294,0,-0.00134733,0.733737,0.0119854,-0.0171011,-0.0123571,-0.999777,-0.0191668,0.6,0,0,DISABLED,0
3.82001,1.89566,0.00339525,0,1.02334e-05,0.733487,0.0133321,-0.0157435,-0.0137804,-0.999781,-0.0217911,0.6,0,0,DISABLED,0
3.84001,1.90706,0.00333055,0,0.00144774,0.733175,0.0141012,-0.014306,-0.0144743,-0.999793,-0.0240275,0.6,0,0,DISABLED,0
3.86001,1.9163,0.00330854,0,0.00291766,0.732937,0.0148466,-0.0128361,-0.0150048,-0.999805,-0.0254523,0.6,0,0,DISABLED,0
3.88001,1.92901,0.00327232,0,0.00621333,0.732538,0.017524,-0.00954039,-0.0168338,-0.999813,-0.028095,0.6,0,0,DISABLED,0
3.90001,1.94046,0.00322153,0,0.0109772,0.732117,0.0222749,-0.00477656,-0.0198316,-0.999792,-0.0309118,0.6,0,0,DISABLED,0
3.92001,1.95069,0.00330366,0,0.0152331,0.731841,0.025822,-0.000520614,-0.0212981,-0.999773,-0.033237,0.6,0,0,DISABLED,0
3.94001,1.96454,0.00379224,0,0.0187485,0.731988,0.0270773,0.00299477,-0.0199855,-0.999796,-0.0340994,0.6,0,0,DISABLED,0
3.96002,1.97639,0.00444417,0,0.0196235,0.732557,0.0261135,0.00386978,-0.0176783,-0.999836,-0.0333453,0.6,0,0,DISABLED,0
3.98002,1.98482,0.00501337,0,0.0190332,0.733111,0.0240184,0.00327944,-0.0151001,-0.999881,-0.0316988,0.6,0,0,DISABLED,0
4.00002,2.00052,0.00640487,0,0.0183082,0.733815,0.020679,0.00255452,-0.0100624,-0.999946,-0.0289363,0.6,0,0,DISABLED,0
4.02002,2.01128,0.00779457,0,0.0174175,0.733528,0.0177907,0.00166376,-0.00406024,-0.99999,-0.0287763,0.6,0,0,DISABLED,0
4.04002,2.02479,0.00915745,0,0.0131151,0.733063,0.0132423,-0.00263862,-0.00224371,-0.999994,-0.0285194,0.6,0,0,DISABLED,0
4.06002,2.03658,0.00992343,0,0.0110401,0.73316,0.0111827,-0.00471367,-0.00218725,-0.999986,-0.0266373,0.6,0,0,DISABLED,0
4.08002,2.04697,0.0105586,0,0.0109079,0.733448,0.0109129,-0.00484586,-0.000221518,-0.999988,-0.0246899,0.6,0,0,DISABLED,0
4.10002,2.05958,0.0111959,0,0.012086,0.733585,0.012212,-0.00366773,0.00130146,-0.999992,-0.0217644,0.6,0,0,DISABLED,0
4.12002,2.07003,0.0114734,0,0.0128698,0.73357,0.0131248,-0.00288392,0.00210163,-0.999994,-0.0198533,0.6,0,0,DISABLED,0
4.14002,2.08286,0.0114346,0,0.0134559,0.733511,0.0141981,-0.00229784,0.00407109,-0.999989,-0.0171119,0.6,0,0,DISABLED,0
4.16002,2.09436,0.0111937,0,0.0145017,0.733394,0.0161061,-0.00125198,0.00654815,-0.999978,-0.0149381,0.6,0,0,DISABLED,0
4.18002,2.10449,0.0109336,0,0.0159219,0.733231,0.0183839,0.000168165,0.00873351,-0.999962,-0.0138531,0.6,0,0,DISABLED,0
4.20002,2.11441,0.0105804,0,0.0175796,0.733058,0.020572,0.00182586,0.0102307,-0.999946,-0.0130477,0.6,0,0,DISABLED,0
4.22002,2.12646,0.00991881,0,0.018625,0.733018,0.0214654,0.00287123,0.0102208,-0.999944,-0.0132624,0.6,0,0,DISABLED,0
4.24002,2.13861,0.00895679,0,0.0180106,0.733301,0.0204965,0.00225684,0.00932825,-0.999954,-0.0137213,0.6,0,0,DISABLED,0
4.26002,2.14868,0.00784266,0,0.0163633,0.733704,0.0182603,0.00060961,0.00764994,-0.999971,-0.0138372,0.6,0,0,DISABLED,0
4.28002,2.15893,0.00631428,0,0.0135373,0.734085,0.0147297,-0.00221641,0.00534652,-0.999983,-0.0129405,0.6,0,0,DISABLED,0
4.30002,2.17267,0.00347829,0,0.00894915,0.733778,0.00899687,-0.00680457,-0.00136722,-0.999976,-0.0123158,0.6,0,0,DISABLED,0
4.32002,2.18202,0.00141524,0,0.00296461,0.733057,0.00602984,-0.0127891,-0.00569474,-0.999902,-0.014481,0.6,0,0,DISABLED,0
4.34002,2.19636,-0.00106438,0,-0.00426075,0.732789,0.00572561,-0.0200145,-0.00426079,-0.999791,-0.0188075,0.6,0,0,DISABLED,0
4.36002,2.20639,-0.0027136,0,-0.00557865,0.733109,0.00803073,-0.0213324,-0.0062248,-0.999753,-0.021982,0.6,0,0,DISABLED,0
4.38002,2.21839,-0.00423429,0,-0.00501702,0.733654,0.00945556,-0.0207707,-0.00846396,-0.999748,-0.0244265,0.6,0,0,DISABLED,0
4.40003,2.22821,-0.00501842,0,-0.00406183,0.733873,0.0108472,-0.0198156,-0.0105105,-0.999748,-0.0266257,0.6,0,0,DISABLED,0
4.42003,2.24046,-0.00545036,0,-0.00271453,0.733807,0.0129372,-0.0184683,-0.0131043,-0.999744,-0.0307113,0.6,0,0,DISABLED,0
4.44003,2.25182,-0.00555992,0,-0.00166376,0.733576,0.0139183,-0.0174175,-0.0142735,-0.999746,-0.0333366,0.6,0,0,DISABLED,0
4.46003,2.26329,-0.00565808,0,0.000120537,0.733312,0.0141939,-0.0156332,-0.0146421,-0.999771,-0.0341384,0.6,0,0,DISABLED,0
4.48003,2.27475,-0.00579057,0,0.00313165,0.732997,0.0156861,-0.0126221,-0.0158207,-0.999795,-0.0350794,0.6,0,0,DISABLED,0
4.50003,2.28497,-0.00594038,0,0.00695007,0.732661,0.0191151,-0.00880366,-0.0182542,-0.999795,-0.0366976,0.6,0,0,DISABLED,0
4.52003,2.29623,-0.00593404,0,0.0117947,0.732361,0.0230663,-0.00395907,-0.0202715,-0.999787,-0.0394046,0.6,0,0,DISABLED,0
4.54003,2.30876,-0.00550703,0,0.0157682,0.732404,0.0243633,1.44686e-05,-0.0190244,-0.999819,-0.041397,0.6,0,0,DISABLED,0
4.56003,2.31925,-0.00493073,0,0.0170221,0.732763,0.0234635,0.00126838,-0.0165979,-0.999861,-0.040911,0.6,0,0,DISABLED,0
4.58003,2.33232,-0.00403169,0,0.0165752,0.733436,0.0208855,0.000821522,-0.0131599,-0.999913,-0.0382494,0.6,0,0,DISABLED,0
4.60003,2.34425,-0.00295457,0,0.0155612,0.733817,0.0176764,-0.0001925,-0.00883553,-0.999961,-0.0363039,0.6,0,0,DISABLED,0
4.62003,2.35608,-0.00154386,0,0.0141421,0.733505,0.0143484,-0.0016116,-0.00287876,-0.999995,-0.0351096,0.6,0,0,DISABLED,0
4.64003,2.36555,-0.000523516,0,0.0120174,0.733208,0.0120449,-0.0037363,-0.00123374,-0.999992,-0.035977,0.6,0,0,DISABLED,0
4.66003,2.37602,7.91932e-05,0,0.00996619,0.733282,0.0100068,-0.00578754,-0.00134449,-0.999982,-0.0319604,0.6,0,0,DISABLED,0
4.68003,2.39131,0.000745576,0,0.00765454,0.733869,0.00956836,-0.00809918,0.00528442,-0.999953,-0.0217538,0.6,0,0,DISABLED,0
4.70003,2.40254,0.00120766,0,0.00953431,0.734021,0.0121435,-0.00621941,0.00706201,-0.999956,-0.0230093,0.6,0,0,DISABLED,0
4.72003,2.41375,0.00128247,0,0.0118903,0.73392,0.0137978,-0.00386343,0.00654054,-0.999971,-0.0231424,0.6,0,0,DISABLED,0
4.74003,2.42529,0.00099519,0,0.012589,0.733838,0.015129,-0.00316475,0.00793067,-0.999964,-0.0194898,0.6,0,0,DISABLED,0
4.76003,2.43569,0.000563546,0,0.0127394,0.733755,0.0164756,-0.00301428,0.00999168,-0.999946,-0.0171108,0.6,0,0,DISABLED,0
4.78003,2.44805,-5.91222e-05,0,0.01397,0.733518,0.0189711,-0.00178375,0.0123821,-0.999922,-0.0147389,0.6,0,0,DISABLED,0
4.80003,2.45897,-0.000633216,0,0.0157403,0.733286,0.0211858,-1.34483e-05,0.0137222,-0.999906,-0.0139509,0.6,0,0,DISABLED,0
4.82003,2.4687,-0.00127218,0,0.0168083,0.733249,0.0220327,0.00105459,0.0137933,-0.999904,-0.0140142,0.6,0,0,DISABLED,0
4.84004,2.48067,-0.00233522,0,0.0165862,0.73349,0.0211492,0.000832442,0.0126664,-0.999919,-0.0146697,0.6,0,0,DISABLED,0
4.86004,2.49185,-0.00369704,0,0.0143504,0.733959,0.0183774,-0.00140334,0.011022,-0.999938,-0.0145227,0.6,0,0,DISABLED,0
4.88004,2.50201,-0.00536266,0,0.0110153,0.734286,0.013672,-0.00473847,0.00763905,-0.99996,-0.0140507,0.6,0,0,DISABLED,0
4.90004,2.51445,-0.00808281,0,0.00686992,0.733945,0.00700817,-0.00888381,0.00089262,-0.99996,-0.0137702,0.6,0,0,DISABLED,0
4.92004,2.52613,-0.010764,0,0.00051011,0.73301,0.00288871,-0.0152436,-0.00328122,-0.999878,-0.0141054,0.6,0,0,DISABLED,0
4.94004,2.53773,-0.0127296,0,-0.00480759,0.732802,0.00534886,-0.0205613,-0.00278276,-0.999785,-0.0168588,0.6,0,0,DISABLED,0
4.96004,2.54882,-0.0142843,0,-0.00651856,0.733189,0.00780489,-0.0222723,-0.00474362,-0.999741,-0.0198874,0.6,0,0,DISABLED,0
4.98004,2.55865,-0.0153147,0,-0.00641418,0.733595,0.00958703,-0.0221679,-0.00757121,-0.999726,-0.0222023,0.6,0,0,DISABLED,0
5.00004,2.56955,-0.0160564,0,-0.00568708,0.733748,0.0107755,-0.0214408,-0.00960369,-0.999724,-0.0239407,0.6,0,0,DISABLED,0
5.02004,2.58062,-0.0164188,0,-0.00478056,0.733617,0.0117594,-0.0205343,-0.0111961,-0.999726,-0.0261301,0.6,0,0,DISABLED,0
5.04004,2.59191,-0.0165297,0,-0.0036619,0.733434,0.0125014,-0.0194156,-0.0124056,-0.999735,-0.0284878,0.6,0,0,DISABLED,0
5.06004,2.60454,-0.0165592,0,-0.00191197,0.733261,0.0130519,-0.0176657,-0.0133677,-0.999755,-0.0300306,0.6,0,0,DISABLED,0
5.08004,2.61602,-0.0165811,0,0.00186568,0.732969,0.0152037,-0.013888,-0.0155383,-0.999783,-0.0331911,0.6,0,0,DISABLED,0
5.10004,2.62749,-0.0166745,0,0.00628885,0.732603,0.0187404,-0.00946488,-0.0181028,-0.999791,-0.0343689,0.6,0,0,DISABLED,0
5.12004,2.63772,-0.0166113,0,0.0110446,0.732332,0.0225435,-0.00470917,-0.0201019,-0.999787,-0.0368356,0.6,0,0,DISABLED,0
5.14004,2.65036,-0.0161404,0,0.0155764,0.732424,0.0240233,-0.000177287,-0.0187393,-0.999824,-0.0382996,0.6,0,0,DISABLED,0
5.16004,2.66218,-0.0154545,0,0.0170073,0.732901,0.0227672,0.00125352,-0.015587,-0.999878,-0.0374464,0.6,0,0,DISABLED,0
5.18004,2.67428,-0.0146333,0,0.01641,0.733588,0.020412,0.000656298,-0.0125879,-0.999921,-0.0354075,0.6,0,0,DISABLED,0
5.20004,2.68638,-0.0134582,0,0.015463,0.733948,0.0170412,-0.000290743,-0.0076118,-0.999971,-0.0341631,0.6,0,0,DISABLED,0
5.22004,2.69833,-0.0119737,0,0.0146896,0.733607,0.0148346,-0.00106417,-0.00250253,-0.999996,-0.0330508,0.6,0,0,DISABLED,0
5.24004,2.71046,-0.0108041,0,0.0108999,0.733211,0.0109074,-0.00485382,-0.000206588,-0.999988,-0.0310303,0.6,0,0,DISABLED,0
5.26005,2.72233,-0.0101173,0,0.00855171,0.733324,0.00856237,-0.00720202,-0.00025181,-0.999974,-0.0288331,0.6,0,0,DISABLED,0
5.28005,2.73389,-0.00950308,0,0.00823857,0.733579,0.00866616,-0.00751516,0.00222871,-0.999969,-0.0264795,0.6,0,0,DISABLED,0
5.30005,2.74535,-0.00903238,0,0.00941746,0.73363,0.0101194,-0.00633627,0.00325012,-0.999975,-0.0245892,0.6,0,0,DISABLED,0
5.32005,2.75231,-0.00887941,0,0.0102582,0.733589,0.0111506,-0.00549551,0.00391673,-0.999977,-0.0230955,0.6,0,0,DISABLED,0
5.34005,2.76748,-0.00898609,0,0.0111805,0.733469,0.0127936,-0.00457325,0.00576644,-0.999973,-0.0199088,0.6,0,0,DISABLED,0
5.36005,2.78018,-0.00940451,0,0.0126346,0.73328,0.0151408,-0.00311908,0.00789211,-0.999964,-0.0171772,0.6,0,0,DISABLED,0
5.38005,2.79037,-0.00977482,0,0.0142162,0.733079,0.0175002,-0.00153753,0.00974947,-0.999951,-0.0164895,0.6,0,0,DISABLED,0
5.40005,2.80253,-0.0103734,0,0.0166394,0.732833,0.020336,0.000885688,0.0112389,-0.999936,-0.0155156,0.6,0,0,DISABLED,0
5.42005,2.81242,-0.0110514,0,0.0177233,0.732837,0.0211661,0.0019696,0.0111179,-0.999936,-0.0158171,0.6,0,0,DISABLED,0
5.44005,2.82349,-0.0120535,0,0.0174236,0.73312,0.020514,0.00166983,0.0103737,-0.999945,-0.0164253,0.6,0,0,DISABLED,0
5.46005,2.83479,-0.0134427,0,0.0156002,0.733641,0.0181555,-0.000153512,0.00883353,-0.999961,-0.0163324,0.6,0,0,DISABLED,0
5.48005,2.84743,-0.0155817,0,0.0120485,0.734091,0.0134744,-0.0037052,0.00557121,-0.999978,-0.0154749,0.6,0,0,DISABLED,0
5.50005,2.85776,-0.0179233,0,0.0081979,0.73377,0.00823593,-0.00755583,-0.00119345,-0.999971,-0.0144074,0.6,0,0,DISABLED,0
5.52005,2.87075,-0.0207746,0,0.00219133,0.732944,0.00384473,-0.0135624,-0.00361077,-0.999902,-0.0173964,0.6,0,0,DISABLED,0
5.54005,2.88256,-0.0229654,0,-0.00273453,0.732962,0.00376642,-0.0184883,-0.00304084,-0.999824,-0.0205269,0.6,0,0,DISABLED,0
5.56005,2.89369,-0.0249245,0,-0.00368296,0.733502,0.00765841,-0.0194367,-0.00715361,-0.999785,-0.0237384,0.6,0,0,DISABLED,0
5.58005,2.90464,-0.0262858,0,-0.00290047,0.734003,0.0101429,-0.0186542,-0.0101647,-0.999774,-0.0254863,0.6,0,0,DISABLED,0
5.60005,2.91567,-0.0271257,0,-0.0019594,0.734117,0.0122315,-0.0177131,-0.012523,-0.999765,-0.0280008,0.6,0,0,DISABLED,0
5.62005,2.92684,-0.027583,0,-0.000890955,0.733928,0.0133231,-0.0166447,-0.0137388,-0.999767,-0.029358,0.6,0,0,DISABLED,0
5.64005,2.93817,-0.0278309,0,0.000454718,0.733684,0.0141645,-0.015299,-0.014605,-0.999776,-0.0308615,0.6,0,0,DISABLED,0
5.66005,2.94967,-0.0280175,0,0.00234504,0.73339,0.0153868,-0.0134087,-0.0156563,-0.999788,-0.0326599,0.6,0,0,DISABLED,0
5.68005,2.95772,-0.0281516,0,0.0046277,0.733114,0.0170726,-0.011126,-0.0168853,-0.999796,-0.0337734,0.6,0,0,DISABLED,0
5.70006,2.97028,-0.0283984,0,0.0085555,0.732622,0.0209482,-0.00719823,-0.019572,-0.999783,-0.0354972,0.6,0,0,DISABLED,0
5.72006,2.98388,-0.0284353,0,0.0140484,0.732202,0.0257202,-0.00170529,-0.0219962,-0.999757,-0.0388451,0.6,0,0,DISABLED,0
5.74006,2.99301,-0.0281912,0,0.0169335,0.732231,0.0264695,0.00117979,-0.0207943,-0.999783,-0.0393289,0.6,0,0,DISABLED,0
5.76006,3.00704,-0.0276029,0,0.0185595,0.732715,0.0251056,0.00280582,-0.0173546,-0.999845,-0.0375633,0.6,0,0,DISABLED,0
5.78006,3.01902,-0.0269367,0,0.0178709,0.733371,0.0229887,0.00211714,-0.014911,-0.999887,-0.0358124,0.6,0,0,DISABLED,0
5.80006,3.03101,-0.0259333,0,0.0170113,0.733738,0.0198584,0.00125762,-0.0106974,-0.999942,-0.033586,0.6,0,0,DISABLED,0
5.82006,3.04176,-0.0246937,0,0.0154023,0.733475,0.0158223,-0.000351393,-0.0040689,-0.999992,-0.0322197,0.6,0,0,DISABLED,0
5.84006,3.05493,-0.0233906,0,0.0129729,0.733081,0.0130519,-0.0027808,-0.00186092,-0.999994,-0.0324406,0.6,0,0,DISABLED,0
5.86006,3.06538,-0.022863,0,0.0119137,0.733188,0.0120152,-0.00384,-0.001994,-0.999991,-0.0306015,0.6,0,0,DISABLED,0
5.88006,3.0781,-0.0223618,0,0.0115692,0.733516,0.0116115,-0.00418455,0.000481667,-0.999991,-0.0272785,0.6,0,0,DISABLED,0
5.90006,3.0896,-0.0220637,0,0.0125637,0.733597,0.0128262,-0.00319005,0.00211098,-0.999993,-0.0249295,0.6,0,0,DISABLED,0
5.92006,3.10119,-0.0220347,0,0.0133385,0.733548,0.0138668,-0.00241521,0.0033298,-0.999992,-0.0234487,0.6,0,0,DISABLED,0
5.94006,3.11159,-0.0222771,0,0.0142542,0.733518,0.0154371,-0.00149957,0.00547396,-0.999984,-0.0213594,0.6,0,0,DISABLED,0
5.96006,3.12414,-0.0228051,0,0.0155121,0.733409,0.0179242,-0.000241632,0.0085264,-0.999964,-0.0180408,0.6,0,0,DISABLED,0
5.98006,3.13535,-0.0233086,0,0.0169918,0.733231,0.0204412,0.00123807,0.0109064,-0.99994,-0.017037,0.6,0,0,DISABLED,0
6.00006,3.14632,-0.0239352,0,0.0184281,0.73311,0.022232,0.00267434,0.011981,-0.999925,-0.0167894,0.6,0,0,DISABLED,0
6.02006,3.15506,-0.0245857,0,0.0191186,0.733168,0.0227305,0.00336492,0.0118425,-0.999924,-0.0173228,0.6,0,0,DISABLED,0
6.04006,3.16827,-0.0258538,0,0.0184248,0.733499,0.0215927,0.00267103,0.0108018,-0.999938,-0.0186575,0.6,0,0,DISABLED,0
6.06006,3.17963,-0.0273428,0,0.015807,0.734004,0.0187021,5.32292e-05,0.00954524,-0.999954,-0.018349,0.6,0,0,DISABLED,0
6.08006,3.18994,-0.0291666,0,0.0142941,0.734345,0.016591,-0.00145963,0.00796085,-0.999967,-0.0179095,0.6,0,0,DISABLED,0
6.10006,3.20245,-0.0320404,0,0.0087159,0.733884,0.00879587,-0.00703783,-0.00160507,-0.999974,-0.0176922,0.6,0,0,DISABLED,0
6.12006,3.21302,-0.0343973,0,0.0034586,0.733019,0.00544823,-0.0122951,-0.00465857,-0.999914,-0.019416,0.6,0,0,DISABLED,0
6.14007,3.2261,-0.0366641,0,-0.0030389,0.732856,0.00379794,-0.0187926,-0.00269364,-0.99982,-0.0236895,0.6,0,0,DISABLED,0
6.16007,3.23715,-0.0385969,0,-0.0038069,0.733292,0.00637577,-0.0195606,-0.0055532,-0.999793,-0.0269237,0.6,0,0,DISABLED,0
6.18007,3.24798,-0.0400713,0,-0.00306239,0.733761,0.00828643,-0.0188161,-0.00814776,-0.99979,-0.0290649,0.6,0,0,DISABLED,0
6.20007,3.2567,-0.0408769,0,-0.00233753,0.733907,0.0103119,-0.0180913,-0.0104896,-0.999781,-0.0318096,0.6,0,0,DISABLED,0
6.22007,3.26783,-0.0414512,0,-0.00214054,0.733743,0.0122315,-0.0178943,-0.0124914,-0.999762,-0.0358619,0.6,0,0,DISABLED,0
6.24007,3.2814,-0.0417324,0,-0.00146987,0.733301,0.0132648,-0.0172236,-0.0136378,-0.999759,-0.039254,0.6,0,0,DISABLED,0
6.26007,3.2929,-0.0418977,0,-0.000171499,0.732978,0.0134478,-0.0159252,-0.0138961,-0.999777,-0.0400712,0.6,0,0,DISABLED,0
6.28007,3.30322,-0.0420689,0,0.00237256,0.732678,0.0148426,-0.0133812,-0.0150979,-0.999796,-0.0416215,0.6,0,0,DISABLED,0
6.30007,3.3146,-0.0423388,0,0.0066468,0.732321,0.0185292,-0.00910692,-0.0177467,-0.999801,-0.0437037,0.6,0,0,DISABLED,0
6.32007,3.32701,-0.0424821,0,0.0122364,0.73203,0.0233105,-0.00351732,-0.0202925,-0.999788,-0.0468775,0.6,0,0,DISABLED,0
6.34007,3.33841,-0.0422664,0,0.0161908,0.732144,0.0247373,0.000437073,-0.0191517,-0.999816,-0.048016,0.6,0,0,DISABLED,0
6.36007,3.3442,-0.0420785,0,0.0173331,0.732357,0.0245729,0.00157937,-0.0178677,-0.999839,-0.0476774,0.6,0,0,DISABLED,0
6.38007,3.36204,-0.0412843,0,0.0173182,0.733351,0.0214931,0.00156448,-0.0131777,-0.999912,-0.0434303,0.6,0,0,DISABLED,0
6.40007,3.37418,-0.0404623,0,0.0155435,0.733839,0.0180468,-0.000210247,-0.00961966,-0.999954,-0.041242,0.6,0,0,DISABLED,0
6.42007,3.3837,-0.0394153,0,0.0143595,0.733678,0.0149745,-0.00139426,-0.00469127,-0.999988,-0.0411107,0.6,0,0,DISABLED,0
6.44007,3.39818,-0.0380225,0,0.0104199,0.733217,0.0104497,-0.00533387,-0.00114776,-0.999985,-0.039935,0.6,0,0,DISABLED,0
6.46007,3.40985,-0.0374497,0,0.00839228,0.733339,0.00840073,-0.00736145,-0.000827083,-0.999973,-0.0375541,0.6,0,0,DISABLED,0
6.48007,3.4213,-0.0369635,0,0.00816093,0.733627,0.00832232,-0.0075928,0.00113963,-0.99997,-0.0358588,0.6,0,0,DISABLED,0
6.50007,3.43268,-0.0365911,0,0.00923683,0.733708,0.00969214,-0.00651689,0.00247421,-0.999976,-0.0336476,0.6,0,0,DISABLED,0
6.52007,3.44422,-0.0364768,0,0.0101957,0.733609,0.0107644,-0.00555802,0.00299394,-0.99998,-0.0315122,0.6,0,0,DISABLED,0
6.54007,3.45582,-0.036713,0,0.0109816,0.733546,0.0120052,-0.00477208,0.00438918,-0.999979,-0.0297758,0.6,0,0,DISABLED,0
6.56007,3.46732,-0.0371948,0,0.0120873,0.733468,0.0141476,-0.00366644,0.00689719,-0.999969,-0.0273892,0.6,0,0,DISABLED,0
6.58008,3.47857,-0.0377279,0,0.0137987,0.733315,0.0169359,-0.00195505,0.00936398,-0.999954,-0.0264828,0.6,0,0,DISABLED,0
6.60008,3.48844,-0.0383176,0,0.0153879,0.733136,0.0189586,-0.000365856,0.0106171,-0.999944,-0.0256959,0.6,0,0,DISABLED,0
6.62008,3.49826,-0.0390659,0,0.0169813,0.733069,0.0204325,0.00122759,0.0109066,-0.99994,-0.0257434,0.6,0,0,DISABLED,0
6.64008,3.51148,-0.0403607,0,0.0165515,0.733232,0.0193722,0.000797745,0.00960893,-0.999954,-0.0267798,0.6,0,0,DISABLED,0
6.66008,3.52165,-0.04166,0,0.01452,0.733592,0.0170796,-0.00123369,0.00853339,-0.999963,-0.026527,0.6,0,0,DISABLED,0
6.68008,3.53307,-0.0436057,0,0.010874,0.733976,0.0122266,-0.0048797,0.00513606,-0.999975,-0.0254444,0.6,0,0,DISABLED,0
6.70008,3.54551,-0.0464276,0,0.00738934,0.733655,0.00754076,-0.00836438,-0.00197044,-0.999963,-0.0256383,0.6,0,0,DISABLED,0
6.72008,3.55599,-0.0488602,0,0.0024538,0.732958,0.00532653,-0.0132999,-0.00516274,-0.999898,-0.0268814,0.6,0,0,DISABLED,0
6.74008,3.56549,-0.0506279,0,-0.00242551,0.732822,0.00439453,-0.0181792,-0.00410547,-0.999826,-0.0295339,0.6,0,0,DISABLED,0
6.76008,3.57888,-0.0529892,0,-0.00402879,0.733358,0.0085135,-0.0197825,-0.00794793,-0.999773,-0.0345366,0.6,0,0,DISABLED,0
6.78008,3.59084,-0.0545265,0,-0.00262792,0.733993,0.0120893,-0.0183816,-0.0122533,-0.999756,-0.0370209,0.6,0,0,DISABLED,0
6.80008,3.6018,-0.0553645,0,-0.00101268,0.734165,0.0141476,-0.0167664,-0.0145624,-0.999753,-0.0389573,0.6,0,0,DISABLED,0
6.82008,3.61187,-0.0557269,0,8.06954e-05,0.733968,0.0151958,-0.015673,-0.0156481,-0.999755,-0.0416685,0.6,0,0,DISABLED,0
6.84008,3.62322,-0.0559263,0,0.00127361,0.73365,0.015564,-0.0144801,-0.0159598,-0.999768,-0.0436579,0.6,0,0,DISABLED,0
6.86008,3.63242,-0.0560526,0,0.0027201,0.733404,0.0165081,-0.0130336,-0.0167311,-0.999775,-0.0458116,0.6,0,0,DISABLED,0
6.88008,3.64397,-0.0562273,0,0.00537132,0.733036,0.0184454,-0.0103824,-0.0180946,-0.999782,-0.0476416,0.6,0,0,DISABLED,0
6.90008,3.65887,-0.0565039,0,0.0103377,0.732421,0.0231411,-0.00541603,-0.0211531,-0.999762,-0.0503432,0.6,0,0,DISABLED,0
6.92008,3.67026,-0.0566072,0,0.0151716,0.732051,0.0272551,-0.000582125,-0.0230943,-0.999733,-0.0526245,0.6,0,0,DISABLED,0
6.94008,3.68175,-0.0564095,0,0.0188952,0.732105,0.0285769,0.00314148,-0.021891,-0.999755,-0.0532314,0.6,0,0,DISABLED,0
6.96008,3.69236,-0.0560568,0,0.0201878,0.732522,0.0278757,0.00443411,-0.0196689,-0.999797,-0.052236,0.6,0,0,DISABLED,0
6.98008,3.70563,-0.0554205,0,0.019638,0.73332,0.0255784,0.00388428,-0.0168388,-0.999851,-0.0499453,0.6,0,0,DISABLED,0
7.00008,3.71775,-0.054521,0,0.0184959,0.733774,0.0220192,0.00274219,-0.0123936,-0.999919,-0.0483784,0.6,0,0,DISABLED,0
7.02009,3.72847,-0.053336,0,0.0175318,0.733433,0.0183742,0.00177802,-0.00594044,-0.999981,-0.0483178,0.6,0,0,DISABLED,0
7.04009,3.74186,-0.052374,0,0.0134623,0.73302,0.0140122,-0.00229143,-0.00433965,-0.999988,-0.0467978,0.6,0,0,DISABLED,0
7.06009,3.75251,-0.0519335,0,0.0110644,0.733142,0.0116115,-0.00468932,-0.00396886,-0.999981,-0.0441527,0.6,0,0,DISABLED,0
7.08009,3.76527,-0.0514334,0,0.0106856,0.733467,0.0107033,-0.0050681,-0.00106979,-0.999987,-0.0418553,0.6,0,0,DISABLED,0
7.10009,3.77672,-0.0511525,0,0.0118947,0.733531,0.0119105,-0.00385905,7.45379e-05,-0.999993,-0.0401421,0.6,0,0,DISABLED,0
7.12009,3.78605,-0.0511441,0,0.0125179,0.733433,0.0125964,-0.00323584,0.000949521,-0.999994,-0.0372348,0.6,0,0,DISABLED,0
7.14009,3.7966,-0.0513973,0,0.0131004,0.733318,0.0134478,-0.00265331,0.00257801,-0.999993,-0.0347577,0.6,0,0,DISABLED,0
7.16009,3.81171,-0.0522051,0,0.0140432,0.733123,0.0152193,-0.0017105,0.00540531,-0.999984,-0.0309907,0.6,0,0,DISABLED,0
7.18009,3.82309,-0.0529277,0,0.0154821,0.7329,0.0175308,-0.000271647,0.00776645,-0.99997,-0.0296525,0.6,0,0,DISABLED,0
7.20009,3.83419,-0.0537571,0,0.0173142,0.732789,0.0198043,0.00156048,0.00915524,-0.999957,-0.0292471,0.6,0,0,DISABLED,0
7.22009,3.84408,-0.0546667,0,0.0184205,0.732895,0.0208598,0.00266673,0.00933053,-0.999953,-0.0293173,0.6,0,0,DISABLED,0
7.24009,3.85628,-0.0560331,0,0.0181129,0.733331,0.0202537,0.00235915,0.00860456,-0.99996,-0.0298392,0.6,0,0,DISABLED,0
7.26009,3.86765,-0.0576703,0,0.0160361,0.733918,0.0177202,0.000282363,0.00708591,-0.999975,-0.0298018,0.6,0,0,DISABLED,0
7.28009,3.87811,-0.0595832,0,0.0125902,0.734337,0.0139653,-0.00316357,0.00559173,-0.999979,-0.0275415,0.6,0,0,DISABLED,0
7.30009,3.89068,-0.0626514,0,0.00900876,0.733951,0.00935416,-0.00674497,-0.00295674,-0.999973,-0.0313078,0.6,0,0,DISABLED,0
7.32009,3.90263,-0.0656859,0,0.00230639,0.733134,0.00642235,-0.0134473,-0.00644058,-0.999889,-0.0310838,0.6,0,0,DISABLED,0
7.34009,3.91089,-0.067392,0,-0.00092734,0.733008,0.00485834,-0.0166811,-0.00520326,-0.999847,-0.0317411,0.6,0,0,DISABLED,0
7.36009,3.9232,-0.0696851,0,-0.00254228,0.733489,0.00891701,-0.018296,-0.00899518,-0.999792,-0.0380917,0.6,0,0,DISABLED,0
7.38009,3.93529,-0.0713473,0,-0.00176454,0.734132,0.0111933,-0.0175183,-0.0114979,-0.99978,-0.0404697,0.6,0,0,DISABLED,0
7.40009,3.94632,-0.0724051,0,-0.00029031,0.734287,0.0134078,-0.016044,-0.0138558,-0.999775,-0.0424212,0.6,0,0,DISABLED,0
7.42009,3.95646,-0.0730202,0,0.000373216,0.734098,0.0145874,-0.0153805,-0.0150319,-0.999769,-0.044126,0.6,0,0,DISABLED,0
7.44009,3.96791,-0.0734481,0,0.00114998,0.733743,0.0160207,-0.0146038,-0.0164311,-0.999758,-0.0481548,0.6,0,0,DISABLED,0
7.4601,3.98191,-0.073944,0,0.00231176,0.733305,0.0171005,-0.013442,-0.0173975,-0.999758,-0.0503424,0.6,0,0,DISABLED,0
7.4801,3.9935,-0.0743982,0,0.00485026,0.732843,0.0191276,-0.0109035,-0.0189532,-0.999761,-0.0526027,0.6,0,0,DISABLED,0
7.5001,4.00504,-0.0749339,0,0.00915543,0.732379,0.0231797,-0.0065983,-0.0217457,-0.999742,-0.0542698,0.6,0,0,DISABLED,0
7.5201,4.01535,-0.0752947,0,0.0133784,0.732109,0.0267004,-0.00237533,-0.0235586,-0.99972,-0.0565093,0.6,0,0,DISABLED,0
7.5401,4.02459,-0.0754034,0,0.0169019,0.732142,0.0278179,0.00114812,-0.0225456,-0.999745,-0.0572999,0.6,0,0,DISABLED,0
7.5601,4.03877,-0.0753016,0,0.0182001,0.732698,0.0267384,0.00244633,-0.0200361,-0.999796,-0.0563948,0.6,0,0,DISABLED,0
7.5801,4.05086,-0.0750277,0,0.0175922,0.733395,0.0240134,0.00183843,-0.0167946,-0.999857,-0.0536507,0.6,0,0,DISABLED,0
7.6001,4.06426,-0.0743621,0,0.0161919,0.733851,0.0195681,0.000438177,-0.0114355,-0.999934,-0.0504397,0.6,0,0,DISABLED,0
7.6201,4.07652,-0.0732409,0,0.0141425,0.733547,0.0148667,-0.00161126,-0.00502404,-0.999986,-0.0507455,0.6,0,0,DISABLED,0
7.6401,4.08733,-0.0721991,0,0.0123997,0.733007,0.0124249,-0.00335401,-0.00122684,-0.999994,-0.0535906,0.6,0,0,DISABLED,0
7.6601,4.09924,-0.0719862,0,0.00986269,0.733022,0.00996505,-0.00589104,-0.0018547,-0.999981,-0.0489231,0.6,0,0,DISABLED,0
7.6801,4.11227,-0.0718915,0,0.00856958,0.733431,0.0086386,-0.00718415,0.000626105,-0.999974,-0.0444516,0.6,0,0,DISABLED,0
7.7001,4.12145,-0.0718052,0,0.00939905,0.733564,0.00964282,-0.00635467,0.00170756,-0.999978,-0.0438372,0.6,0,0,DISABLED,0
7.7201,4.13525,-0.0720313,0,0.0109058,0.73364,0.0112729,-0.00484788,0.00238172,-0.999985,-0.042219,0.6,0,0,DISABLED,0
7.7401,4.14692,-0.0725609,0,0.0114298,0.733671,0.0126011,-0.00432397,0.00484498,-0.999979,-0.0388815,0.6,0,0,DISABLED,0
7.7601,4.15841,-0.0732449,0,0.012398,0.733574,0.0145383,-0.00335576,0.00714225,-0.999969,-0.0376035,0.6,0,0,DISABLED,0
7.7801,4.16957,-0.073973,0,0.0143923,0.733359,0.017229,-0.00136141,0.00900973,-0.999958,-0.0367198,0.6,0,0,DISABLED,0
7.8001,4.17944,-0.0746746,0,0.0163525,0.733231,0.0194122,0.000598761,0.0100049,-0.99995,-0.0370841,0.6,0,0,DISABLED,0
7.8201,4.18924,-0.0755456,0,0.0172744,0.733288,0.0201593,0.00152067,0.00993962,-0.999949,-0.0375334,0.6,0,0,DISABLED,0
7.8401,4.20128,-0.0769048,0,0.0170195,0.733596,0.0193013,0.00126582,0.00864898,-0.999962,-0.0386268,0.6,0,0,DISABLED,0
7.8601,4.21363,-0.0787337,0,0.0147371,0.734125,0.0164937,-0.00101659,0.00694732,-0.999975,-0.038628,0.6,0,0,DISABLED,0
7.88011,4.22501,-0.0809621,0,0.0111966,0.734411,0.0119005,-0.00455717,0.00355995,-0.999983,-0.0380099,0.6,0,0,DISABLED,0
7.90011,4.2363,-0.0838409,0,0.00713207,0.733845,0.00800098,-0.00862166,-0.0040754,-0.999955,-0.038468,0.6,0,0,DISABLED,0
7.92011,4.24802,-0.0867084,0,0.00148922,0.733007,0.00616668,-0.0142645,-0.00643609,-0.999878,-0.0404806,0.6,0,0,DISABLED,0
7.94011,4.25956,-0.0891118,0,-0.00402399,0.732968,0.00701667,-0.0197777,-0.0061858,-0.999785,-0.0439299,0.6,0,0,DISABLED,0
7.96011,4.27055,-0.0911216,0,-0.00496852,0.733434,0.00979005,-0.0207223,-0.00888786,-0.999746,-0.0463791,0.6,0,0,DISABLED,0
7.98011,4.28034,-0.0924604,0,-0.00457849,0.733835,0.0118604,-0.0203322,-0.0113913,-0.999728,-0.0487819,0.6,0,0,DISABLED,0
8.00011,4.29015,-0.0934161,0,-0.00383086,0.73395,0.0133321,-0.0195846,-0.0132253,-0.999721,-0.0512424,0.6,0,0,DISABLED,0
8.02011,4.30348,-0.0941775,0,-0.00282168,0.73372,0.0145956,-0.0185754,-0.0147751,-0.999718,-0.054787,0.6,0,0,DISABLED,0
8.04011,4.31484,-0.0945634,0,-0.00175443,0.733448,0.0151369,-0.0175082,-0.0154886,-0.999727,-0.0572381,0.6,0,0,DISABLED,0
8.06011,4.32636,-0.0949096,0,1.52625e-05,0.733178,0.0156328,-0.0157385,-0.0160855,-0.999747,-0.0592149,0.6,0,0,DISABLED,0
8.08011,4.33787,-0.095289,0,0.00310734,0.732842,0.0172601,-0.0126464,-0.0174275,-0.999768,-0.0610874,0.6,0,0,DISABLED,0
8.10011,4.34929,-0.0957033,0,0.0074462,0.732472,0.020914,-0.00830753,-0.0199924,-0.999766,-0.0631616,0.6,0,0,DISABLED,0
8.12011,4.35949,-0.095899,0,0.011892,0.732244,0.0243021,-0.00386172,-0.0216465,-0.999758,-0.0655326,0.6,0,0,DISABLED,0
8.14011,4.37213,-0.0957662,0,0.0153275,0.732378,0.0252925,-0.000426207,-0.02057,-0.999788,-0.0666027,0.6,0,0,DISABLED,0
8.16011,4.38396,-0.0954224,0,0.0167278,0.732878,0.0234431,0.000974086,-0.0168747,-0.999857,-0.0652315,0.6,0,0,DISABLED,0
8.18011,4.39481,-0.095012,0,0.0160459,0.733536,0.0215347,0.00029217,-0.0148129,-0.99989,-0.064488,0.6,0,0,DISABLED,0
8.20011,4.40803,-0.0942125,0,0.0151241,0.733935,0.0171874,-0.00062966,-0.00861805,-0.999963,-0.0604141,0.6,0,0,DISABLED,0
8.22011,4.42005,-0.0931145,0,0.0134073,0.733617,0.0136589,-0.0023464,-0.00305467,-0.999993,-0.0601264,0.6,0,0,DISABLED,0
8.24011,4.43092,-0.0922513,0,0.0106881,0.733324,0.0106978,-0.00506565,-0.000882454,-0.999987,-0.0609649,0.6,0,0,DISABLED,0
8.26011,4.44151,-0.091866,0,0.00895041,0.733437,0.00895703,-0.00680331,-6.16433e-05,-0.999977,-0.0575496,0.6,0,0,DISABLED,0
8.28011,4.45426,-0.0914943,0,0.00894824,0.733798,0.00955589,-0.00680549,0.00290204,-0.999973,-0.0547502,0.6,0,0,DISABLED,0
8.30011,4.46683,-0.0912783,0,0.0108145,0.733917,0.0119704,-0.00493926,0.00467011,-0.999977,-0.0532722,0.6,0,0,DISABLED,0
8.32012,4.47841,-0.0914206,0,0.0122998,0.73384,0.013545,-0.00345394,0.00520712,-0.99998,-0.0518261,0.6,0,0,DISABLED,0
8.34012,4.49002,-0.0919191,0,0.0135388,0.733739,0.0153403,-0.00221492,0.00675142,-0.999975,-0.0490741,0.6,0,0,DISABLED,0
8.36012,4.5015,-0.0926007,0,0.0147431,0.733583,0.0174524,-0.00101064,0.0088857,-0.99996,-0.0470843,0.6,0,0,DISABLED,0
8.38012,4.51274,-0.0933363,0,0.0162398,0.733344,0.0198884,0.000486085,0.0110284,-0.999939,-0.0459148,0.6,0,0,DISABLED,0
8.40012,4.52372,-0.0941921,0,0.0177488,0.733136,0.0217166,0.00199504,0.0120597,-0.999925,-0.0455071,0.6,0,0,DISABLED,0
8.42012,4.53461,-0.0952429,0,0.0183882,0.733141,0.0221218,0.00263451,0.0118418,-0.999926,-0.046014,0.6,0,0,DISABLED,0
8.44012,4.54557,-0.0965506,0,0.0177239,0.733435,0.0210984,0.00197018,0.0109911,-0.999938,-0.0467961,0.6,0,0,DISABLED,0
8.46012,4.55676,-0.0982386,0,0.0154858,0.733939,0.0182178,-0.000267884,0.00913671,-0.999958,-0.0469156,0.6,0,0,DISABLED,0
8.48012,4.56804,-0.100444,0,0.0122815,0.734288,0.0137242,-0.00347223,0.00567564,-0.999978,-0.0463296,0.6,0,0,DISABLED,0
8.50012,4.57933,-0.10326,0,0.00818347,0.733873,0.00822144,-0.00757026,-0.00119601,-0.999971,-0.0457518,0.6,0,0,DISABLED,0
8.52012,4.591,-0.106088,0,0.00186403,0.733022,0.00421452,-0.0138897,-0.00422277,-0.999895,-0.0481262,0.6,0,0,DISABLED,0
8.54012,4.60146,-0.108226,0,-0.00295009,0.73291,0.00450173,-0.0187038,-0.00385404,-0.999818,-0.0506564,0.6,0,0,DISABLED,0
8.56012,4.61358,-0.110441,0,-0.00430262,0.733374,0.00769723,-0.0200563,-0.00682777,-0.999776,-0.0534935,0.6,0,0,DISABLED,0
8.58012,4.62448,-0.111904,0,-0.00397549,0.733804,0.00998894,-0.0197292,-0.00961665,-0.999759,-0.0556844,0.6,0,0,DISABLED,0
8.60012,4.63434,-0.112859,0,-0.00332501,0.733898,0.0116525,-0.0190787,-0.0116215,-0.99975,-0.0571681,0.6,0,0,DISABLED,0
8.62012,4.64663,-0.11361,0,-0.00254356,0.733681,0.0132198,-0.0182973,-0.0134246,-0.999742,-0.0598303,0.6,0,0,DISABLED,0
8.64012,4.65689,-0.113954,0,-0.00164857,0.733386,0.0146078,-0.0174023,-0.0149661,-0.999737,-0.0641394,0.6,0,0,DISABLED,0
8.66012,4.66961,-0.114373,0,-6.7981e-05,0.73306,0.0148506,-0.0158217,-0.0153033,-0.999758,-0.0644409,0.6,0,0,DISABLED,0
8.68012,4.67998,-0.114701,0,0.00306544,0.732763,0.0165226,-0.0126883,-0.0166827,-0.99978,-0.0659091,0.6,0,0,DISABLED,0
8.70012,4.69257,-0.115145,0,0.00749363,0.732395,0.0202743,-0.00826009,-0.0192908,-0.99978,-0.0676999,0.6,0,0,DISABLED,0
8.72012,4.70392,-0.115354,0,0.0124294,0.732228,0.023864,-0.00332437,-0.0208206,-0.999778,-0.0698197,0.6,0,0,DISABLED,0
8.74012,4.71543,-0.115259,0,0.0159405,0.732425,0.0249245,0.00018676,-0.0196082,-0.999808,-0.070414,0.6,0,0,DISABLED,0
8.76013,4.72724,-0.114927,0,0.0170311,0.732975,0.0235775,0.00127738,-0.0167564,-0.999859,-0.0691904,0.6,0,0,DISABLED,0
8.78013,4.7393,-0.11445,0,0.01638,0.733704,0.0212111,0.000626268,-0.0139266,-0.999903,-0.0673418,0.6,0,0,DISABLED,0
8.80013,4.75135,-0.113655,0,0.0153729,0.73404,0.01749,-0.000380794,-0.00878637,-0.999961,-0.0663213,0.6,0,0,DISABLED,0
8.82013,4.76207,-0.1127,0,0.014203,0.733694,0.0144767,-0.00155074,-0.00326183,-0.999994,-0.0658871,0.6,0,0,DISABLED,0
8.84013,4.7754,-0.111829,0,0.0107709,0.733266,0.0107976,-0.00498287,-0.00116957,-0.999987,-0.0661596,0.6,0,0,DISABLED,0
8.86013,4.78486,-0.111612,0,0.00866286,0.733309,0.0086799,-0.00709087,-0.00101664,-0.999974,-0.0633221,0.6,0,0,DISABLED,0
8.88013,4.79644,-0.111404,0,0.00857282,0.733577,0.00884318,-0.00718091,0.0017015,-0.999973,-0.0603426,0.6,0,0,DISABLED,0
8.90013,4.81017,-0.11135,0,0.0104842,0.733685,0.0113046,-0.00526953,0.00376295,-0.999979,-0.0580674,0.6,0,0,DISABLED,0
8.92013,4.82181,-0.111655,0,0.0118624,0.733583,0.0127843,-0.00389134,0.00431512,-0.999983,-0.0559249,0.6,0,0,DISABLED,0
8.94013,4.83355,-0.112321,0,0.0127828,0.733428,0.0143068,-0.00297098,0.00596609,-0.999978,-0.051982,0.6,0,0,DISABLED,0
8.96013,4.84513,-0.113148,0,0.0136571,0.733275,0.0159461,-0.00209659,0.00777419,-0.999968,-0.0505576,0.6,0,0,DISABLED,0
8.98013,4.85639,-0.114055,0,0.015257,0.733086,0.0186255,-0.000496724,0.0102315,-0.999948,-0.0486578,0.6,0,0,DISABLED,0
9.00013,4.86629,-0.11496,0,0.0170256,0.732919,0.0210135,0.00127192,0.0118615,-0.999929,-0.0472844,0.6,0,0,DISABLED,0
9.02013,4.87721,-0.116136,0,0.0177008,0.7329,0.0215982,0.00194708,0.0119219,-0.999927,-0.0472344,0.6,0,0,DISABLED,0
9.04013,4.88826,-0.117517,0,0.0170727,0.733187,0.0208712,0.00131895,0.0115494,-0.999932,-0.0475958,0.6,0,0,DISABLED,0
9.06013,4.90062,-0.119451,0,0.0145577,0.733738,0.0175851,-0.00119604,0.00941124,-0.999955,-0.0479665,0.6,0,0,DISABLED,0
9.08013,4.91202,-0.121751,0,0.011173,0.734104,0.0130519,-0.00458076,0.00628984,-0.99997,-0.0474142,0.6,0,0,DISABLED,0
9.10013,4.92226,-0.124398,0,0.00756114,0.733818,0.00761157,-0.00819259,0.000374885,-0.999966,-0.0470752,0.6,0,0,DISABLED,0
9.12013,4.93507,-0.127946,0,0.00107024,0.732742,0.00520198,-0.0146835,-0.00553637,-0.999877,-0.0506992,0.6,0,0,DISABLED,0
9.14013,4.94589,-0.130534,0,-0.00534035,0.732432,0.00610841,-0.0210941,-0.00340425,-0.999772,-0.051857,0.6,0,0,DISABLED,0
9.16013,4.95694,-0.133082,0,-0.00635022,0.732783,0.00791861,-0.022104,-0.00517975,-0.999742,-0.0564144,0.6,0,0,DISABLED,0
9.18013,4.96875,-0.135346,0,-0.00482826,0.733473,0.00876192,-0.020582,-0.00776714,-0.999758,-0.0594106,0.6,0,0,DISABLED,0
9.20014,4.97851,-0.136709,0,-0.00294674,0.73381,0.0103868,-0.0187005,-0.01041,-0.999771,-0.0626879,0.6,0,0,DISABLED,0
9.22014,4.98962,-0.137774,0,-0.00158885,0.733837,0.0121091,-0.0173426,-0.0124508,-0.999772,-0.0665278,0.6,0,0,DISABLED,0
9.24014,5.00206,-0.138645,0,-0.000407424,0.733657,0.0125585,-0.0161612,-0.0129997,-0.999785,-0.0683099,0.6,0,0,DISABLED,0
9.26014,5.01352,-0.139385,0,0.00127587,0.733448,0.0132018,-0.0144779,-0.0135901,-0.999803,-0.0700504,0.6,0,0,DISABLED,0
9.28014,5.025,-0.140157,0,0.00392132,0.733186,0.0149427,-0.0118324,-0.0148685,-0.999819,-0.0712827,0.6,0,0,DISABLED,0
9.30014,5.03633,-0.140987,0,0.00759604,0.732815,0.0186127,-0.00815768,-0.0174403,-0.999815,-0.0728646,0.6,0,0,DISABLED,0
9.32014,5.04755,-0.141655,0,0.0129195,0.73249,0.0233744,-0.00283423,-0.0199276,-0.999797,-0.0757911,0.6,0,0,DISABLED,0
9.34014,5.05886,-0.14198,0,0.0167006,0.732506,0.0246165,0.000946879,-0.0185314,-0.999828,-0.0766308,0.6,0,0,DISABLED,0
9.36014,5.07045,-0.142083,0,0.0180727,0.732848,0.023804,0.002319,-0.0159427,-0.99987,-0.0754807,0.6,0,0,DISABLED,0
9.38014,5.08227,-0.14199,0,0.017714,0.733418,0.021946,0.00196024,-0.0134075,-0.999908,-0.0740924,0.6,0,0,DISABLED,0
9.40014,5.09416,-0.141624,0,0.0166699,0.73373,0.0186543,0.000916162,-0.00881928,-0.999961,-0.0718673,0.6,0,0,DISABLED,0
9.42014,5.10599,-0.140932,0,0.014937,0.7334,0.0152311,-0.000816755,-0.00342446,-0.999994,-0.0716907,0.6,0,0,DISABLED,0
9.44014,5.11792,-0.140396,0,0.0116499,0.733032,0.011673,-0.00410385,-0.00112723,-0.999991,-0.0718189,0.6,0,0,DISABLED,0
9.46014,5.12958,-0.140375,0,0.00942035,0.733176,0.00942399,-0.00633338,-0.00068627,-0.99998,-0.0689677,0.6,0,0,DISABLED,0
9.48014,5.14096,-0.140439,0,0.00940182,0.733483,0.00952465,-0.00635191,0.00107248,-0.999979,-0.0677474,0.6,0,0,DISABLED,0
9.50014,5.15238,-0.14067,0,0.0103909,0.733615,0.0108636,-0.00536278,0.00272104,-0.999982,-0.065257,0.6,0,0,DISABLED,0
9.52014,5.16278,-0.14111,0,0.011178,0.733623,0.0119255,-0.00457569,0.00369878,-0.999983,-0.0637644,0.6,0,0,DISABLED,0
9.54014,5.17552,-0.142053,0,0.012169,0.733591,0.0137372,-0.00358476,0.00591791,-0.999976,-0.0605439,0.6,0,0,DISABLED,0
9.56014,5.18699,-0.143124,0,0.0133958,0.733498,0.0159984,-0.00235795,0.00828676,-0.999963,-0.0585598,0.6,0,0,DISABLED,0
9.58014,5.1982,-0.144235,0,0.0152832,0.733316,0.0189428,-0.000470544,0.0107357,-0.999942,-0.057408,0.6,0,0,DISABLED,0
9.60014,5.20918,-0.145444,0,0.0174222,0.733148,0.021543,0.00166846,0.012216,-0.999924,-0.0568941,0.6,0,0,DISABLED,0
9.62014,5.21901,-0.146696,0,0.0185287,0.733201,0.0224269,0.00277498,0.0121814,-0.999922,-0.0573717,0.6,0,0,DISABLED,0
9.64015,5.2311,-0.148477,0,0.0183238,0.733542,0.0216396,0.00257009,0.0110582,-0.999936,-0.0584758,0.6,0,0,DISABLED,0
9.66015,5.24118,-0.150264,0,0.0167942,0.733987,0.0195102,0.00104046,0.00947394,-0.999955,-0.0587364,0.6,0,0,DISABLED,0
9.68015,5.25372,-0.153026,0,0.0132439,0.734385,0.0149785,-0.00250983,0.00654491,-0.999975,-0.0573017,0.6,0,0,DISABLED,0
9.70015,5.26503,-0.156192,0,0.00950576,0.733919,0.00951839,-0.00624797,-0.000803746,-0.99998,-0.058075,0.6,0,0,DISABLED,0
9.72015,5.27671,-0.159408,0,0.00364133,0.733138,0.00450173,-0.0121124,-0.00308438,-0.999922,-0.059967,0.6,0,0,DISABLED,0
9.74015,5.28726,-0.161907,0,-0.00113529,0.733076,0.00231612,-0.016889,-0.00246832,-0.999854,-0.0625208,0.6,0,0,DISABLED,0
9.76015,5.29942,-0.16466,0,-0.00194892,0.733615,0.00699114,-0.0177026,-0.00715465,-0.999818,-0.0673369,0.6,0,0,DISABLED,0
9.78015,5.30918,-0.166376,0,-0.000754623,0.734098,0.0101547,-0.0165084,-0.0105711,-0.999808,-0.0700304,0.6,0,0,DISABLED,0
9.80015,5.32117,-0.167814,0,0.000866433,0.734258,0.0116883,-0.0148873,-0.0121052,-0.999816,-0.0715514,0.6,0,0,DISABLED,0
9.82015,5.33233,-0.168659,0,0.00166574,0.734096,0.0128122,-0.014088,-0.0131525,-0.999814,-0.0731981,0.6,0,0,DISABLED,0
9.84015,5.3426,-0.16924,0,0.00219406,0.73388,0.0141645,-0.0135597,-0.0144409,-0.999804,-0.0753197,0.6,0,0,DISABLED,0
9.86015,5.35412,-0.16987,0,0.00372768,0.733579,0.0158599,-0.0120261,-0.0158635,-0.999802,-0.0778622,0.6,0,0,DISABLED,0
9.88015,5.36676,-0.170601,0,0.00654437,0.733101,0.0181916,-0.00920936,-0.0174235,-0.999806,-0.079488,0.6,0,0,DISABLED,0
9.90015,5.37701,-0.171238,0,0.0106444,0.73267,0.0222508,-0.00510933,-0.0199891,-0.999787,-0.0816039,0.6,0,0,DISABLED,0
9.92015,5.38831,-0.171808,0,0.0155077,0.732241,0.0272748,-0.000246061,-0.0228889,-0.999738,-0.0859241,0.6,0,0,DISABLED,0
9.94015,5.40088,-0.172064,0,0.0190144,0.732233,0.0279142,0.00326066,-0.0208872,-0.999777,-0.0859054,0.6,0,0,DISABLED,0
9.96015,5.41266,-0.172118,0,0.0199081,0.732647,0.0262683,0.00415438,-0.0175841,-0.999837,-0.0842348,0.6,0,0,DISABLED,0
9.98015,5.4235,-0.172066,0,0.0192397,0.733231,0.0244829,0.00348599,-0.0155914,-0.999872,-0.0825602,0.6,0,0,DISABLED,0
10.0002,5.43679,-0.171656,0,0.0177508,0.733633,0.0201001,0.00199708,-0.00987932,-0.999949,-0.078869,0.6,0,0,DISABLED,0
10.0202,5.44888,-0.170886,0,0.0160731,0.733307,0.0166053,0.000319356,-0.00462166,-0.999989,-0.0789467,0.6,0,0,DISABLED,0
10.0402,5.46107,-0.170343,0,0.0121361,0.732994,0.0122607,-0.00361766,-0.00219707,-0.999991,-0.0789824,0.6,0,0,DISABLED,0
10.0602,5.47169,-0.170276,0,0.010334,0.73313,0.0104383,-0.00541977,-0.00191438,-0.999983,-0.0761647,0.6,0,0,DISABLED,0
10.0802,5.48327,-0.17024,0,0.0102006,0.733453,0.0102888,-0.00555314,0.00089873,-0.999984,-0.0732055,0.6,0,0,DISABLED,0
10.1002,5.49585,-0.170356,0,0.0118969,0.73358,0.0123044,-0.00385684,0.00267041,-0.999989,-0.0710675,0.6,0,0,DISABLED,0
10.1202,5.5074,-0.170797,0,0.0130682,0.733552,0.0135977,-0.00268554,0.00330114,-0.999991,-0.0697624,0.6,0,0,DISABLED,0
10.1402,5.519,-0.171597,0,0.0141174,0.733506,0.0152975,-0.00163637,0.00543582,-0.999984,-0.0663397,0.6,0,0,DISABLED,0
10.1602,5.53047,-0.172552,0,0.0150915,0.733434,0.0171388,-0.000662226,0.00766875,-0.99997,-0.0647266,0.6,0,0,DISABLED,0
10.1802,5.54166,-0.173571,0,0.0165619,0.73328,0.0196259,0.000808153,0.0100748,-0.999949,-0.0632053,0.6,0,0,DISABLED,0
10.2002,5.55153,-0.174589,0,0.0178845,0.733189,0.0213568,0.00213078,0.0112166,-0.999935,-0.0627652,0.6,0,0,DISABLED,0
10.2202,5.56346,-0.176077,0,0.0187055,0.733274,0.0219215,0.00295177,0.010975,-0.999935,-0.0629415,0.6,0,0,DISABLED,0
10.2402,5.57333,-0.177491,0,0.0179916,0.733572,0.0208997,0.00223784,0.0101773,-0.999946,-0.0636915,0.6,0,0,DISABLED,0
10.2602,5.58448,-0.179419,0,0.015836,0.734068,0.0181358,8.22662e-05,0.00838592,-0.999965,-0.0637712,0.6,0,0,DISABLED,0
10.2802,5.5957,-0.181902,0,0.0129133,0.734438,0.0139397,-0.00284047,0.0047887,-0.999985,-0.0631622,0.6,0,0,DISABLED,0
10.3002,5.60813,-0.185354,0,0.00838392,0.734072,0.00849949,-0.00736981,-0.00183935,-0.999971,-0.0616432,0.6,0,0,DISABLED,0
10.3202,5.61853,-0.188327,0,0.00234491,0.733169,0.00563114,-0.0134088,-0.0055606,-0.999895,-0.0631625,0.6,0,0,DISABLED,0
10.3402,5.63029,-0.190966,0,-0.00314457,0.732903,0.00477169,-0.0188983,-0.0040251,-0.999813,-0.0660527,0.6,0,0,DISABLED,0
10.3602,5.64141,-0.193334,0,-0.00464666,0.733299,0.00841491,-0.0204004,-0.00745348,-0.999764,-0.0727893,0.6,0,0,DISABLED,0
10.3802,5.65209,-0.195327,0,-0.00311411,0.733856,0.00982651,-0.0188678,-0.00976859,-0.999774,-0.0722081,0.6,0,0,DISABLED,0
10.4002,5.66405,-0.196826,0,-0.00180733,0.73413,0.0117086,-0.0175611,-0.0120172,-0.999774,-0.0738991,0.6,0,0,DISABLED,0
10.4202,5.67408,-0.197638,0,-0.00130442,0.734113,0.012997,-0.0170581,-0.0133783,-0.999765,-0.0755137,0.6,0,0,DISABLED,0
10.4402,5.68543,-0.198286,0,-0.000513684,0.733953,0.0143734,-0.0162674,-0.014818,-0.999758,-0.078515,0.6,0,0,DISABLED,0
10.4602,5.69806,-0.198953,0,0.00101308,0.733674,0.0152428,-0.0147406,-0.0156575,-0.999769,-0.0806509,0.6,0,0,DISABLED,0
10.4802,5.70954,-0.199633,0,0.00376971,0.733308,0.0166591,-0.011984,-0.0166774,-0.999789,-0.0812633,0.6,0,0,DISABLED,0
10.5002,5.71865,-0.200212,0,0.00700411,0.732973,0.0192456,-0.00874962,-0.018374,-0.999793,-0.0821067,0.6,0,0,DISABLED,0
10.5202,5.73215,-0.200902,0,0.0127514,0.732484,0.0247132,-0.00300231,-0.0216188,-0.999762,-0.0867792,0.6,0,0,DISABLED,0
10.5402,5.74356,-0.20108,0,0.0171562,0.732419,0.0261865,0.00140249,-0.020232,-0.999794,-0.0886661,0.6,0,0,DISABLED,0
10.5602,5.7541,-0.201044,0,0.0185662,0.7327,0.0246552,0.00281248,-0.0166719,-0.999857,-0.0876503,0.6,0,0,DISABLED,0
10.5802,5.76726,-0.200905,0,0.0180652,0.733323,0.02224,0.00231148,-0.0134232,-0.999907,-0.0852483,0.6,0,0,DISABLED,0
10.6002,5.77927,-0.200488,0,0.0172245,0.73364,0.0192425,0.00147077,-0.00903046,-0.999958,-0.0830189,0.6,0,0,DISABLED,0
10.6202,5.79128,-0.199697,0,0.0154545,0.733288,0.0155831,-0.000299274,-0.0024442,-0.999997,-0.0816675,0.6,0,0,DISABLED,0
10.6402,5.80316,-0.199084,0,0.0131836,0.73286,0.0131837,-0.0025701,-0.000314515,-0.999997,-0.08206,0.6,0,0,DISABLED,0
10.6602,5.81368,-0.199101,0,0.0114822,0.732988,0.0114928,-0.00427152,-0.000828182,-0.999991,-0.0797269,0.6,0,0,DISABLED,0
10.6802,5.82643,-0.199217,0,0.0108742,0.733366,0.0111292,-0.00487953,0.00190123,-0.999986,-0.0763222,0.6,0,0,DISABLED,0
10.7002,5.8379,-0.19945,0,0.0117765,0.733463,0.0123624,-0.00397723,0.00329574,-0.999987,-0.0747043,0.6,0,0,DISABLED,0
10.7202,5.84951,-0.199975,0,0.0126675,0.733371,0.0135669,-0.00308621,0.00439474,-0.999986,-0.0717091,0.6,0,0,DISABLED,0
10.7402,5.86114,-0.200809,0,0.0133026,0.733277,0.0148506,-0.00245108,0.00614398,-0.999978,-0.068911,0.6,0,0,DISABLED,0
10.7602,5.87264,-0.201832,0,0.0141566,0.733179,0.0167376,-0.00159714,0.00847643,-0.999963,-0.0668295,0.6,0,0,DISABLED,0
10.7802,5.88385,-0.202917,0,0.0157826,0.73304,0.0194796,2.88566e-05,0.0109642,-0.99994,-0.0649212,0.6,0,0,DISABLED,0
10.8002,5.89484,-0.204086,0,0.0174084,0.732977,0.0215596,0.00165464,0.0122674,-0.999923,-0.0644317,0.6,0,0,DISABLED,0
10.8202,5.90466,-0.205303,0,0.0181107,0.733085,0.0221191,0.00235695,0.0122409,-0.999922,-0.0646928,0.6,0,0,DISABLED,0
10.8402,5.91679,-0.20706,0,0.0174519,0.733495,0.0210673,0.00169822,0.0113449,-0.999934,-0.065496,0.6,0,0,DISABLED,0
10.8602,5.92467,-0.20841,0,0.0159584,0.733895,0.0192797,0.000204622,0.0103587,-0.999946,-0.0655193,0.6,0,0,DISABLED,0
10.8802,5.9382,-0.211367,0,0.0124277,0.73438,0.0138022,-0.00332602,0.00554707,-0.999979,-0.06523,0.6,0,0,DISABLED,0
10.9002,5.94955,-0.214507,0,0.00895741,0.734075,0.00897033,-0.00679632,8.44718e-06,-0.999977,-0.064129,0.6,0,0,DISABLED,0
10.9202,5.95885,-0.217274,0,0.00450401,0.733303,0.00594021,-0.0112497,-0.00432084,-0.999927,-0.0647935,0.6,0,0,DISABLED,0
10.9402,5.97424,-0.220799,0,-0.00267127,0.732805,0.00353794,-0.018425,-0.00275378,-0.999826,-0.0689721,0.6,0,0,DISABLED,0
10.9602,5.98435,-0.222836,0,-0.00416562,0.733113,0.00563114,-0.0199194,-0.00423049,-0.999793,-0.0743377,0.6,0,0,DISABLED,0
10.9802,5.99529,-0.224843,0,-0.00349407,0.733626,0.00731609,-0.0192478,-0.006872,-0.999791,-0.0760727,0.6,0,0,DISABLED,0
11.0002,6.00517,-0.226178,0,-0.0026337,0.733849,0.00887682,-0.0183874,-0.00892546,-0.999791,-0.0790727,0.6,0,0,DISABLED,0
11.0202,6.01743,-0.227275,0,-0.00204946,0.733736,0.00989301,-0.0178032,-0.0101215,-0.99979,-0.0825976,0.6,0,0,DISABLED,0
11.0402,6.02992,-0.228045,0,-0.0013494,0.733424,0.0107145,-0.0171031,-0.0110731,-0.999792,-0.0853791,0.6,0,0,DISABLED,0
11.0602,6.0403,-0.22858,0,1.22935e-05,0.733122,0.0115961,-0.0157414,-0.0120449,-0.999804,-0.0879848,0.6,0,0,DISABLED,0
11.0802,6.05301,-0.229244,0,0.00294365,0.732669,0.0133633,-0.0128101,-0.0134819,-0.999827,-0.0902513,0.6,0,0,DISABLED,0
11.1002,6.06444,-0.22993,0,0.00723751,0.732247,0.0171458,-0.00851622,-0.0159933,-0.999836,-0.0921381,0.6,0,0,DISABLED,0
11.1202,6.07576,-0.230443,0,0.0124166,0.73198,0.0215264,-0.00333712,-0.0180353,-0.999832,-0.095281,0.6,0,0,DISABLED,0
11.1402,6.08722,-0.230654,0,0.0162931,0.732142,0.0228482,0.000539346,-0.0164663,-0.999864,-0.0960747,0.6,0,0,DISABLED,0
11.1602,6.09903,-0.230659,0,0.0174988,0.732678,0.0219677,0.00174512,-0.0137291,-0.999904,-0.0951633,0.6,0,0,DISABLED,0
11.1802,6.11109,-0.230489,0,0.016779,0.733415,0.0200793,0.0010253,-0.0114775,-0.999934,-0.0935446,0.6,0,0,DISABLED,0
11.2002,6.12317,-0.229947,0,0.0157011,0.733808,0.0169429,-5.26697e-05,-0.00681508,-0.999977,-0.0915297,0.6,0,0,DISABLED,0
11.2202,6.13518,-0.229021,0,0.0139111,0.733467,0.0139397,-0.00184268,-0.00131641,-0.999997,-0.0913639,0.6,0,0,DISABLED,0
11.2402,6.14713,-0.228417,0,0.0111771,0.73314,0.011188,-0.00457666,1.01018e-05,-0.99999,-0.0912183,0.6,0,0,DISABLED,0
11.2602,6.15878,-0.228402,0,0.00950161,0.73333,0.00951213,-0.00625212,-4.61937e-05,-0.99998,-0.088722,0.6,0,0,DISABLED,0
11.2802,6.1703,-0.228508,0,0.0094303,0.73364,0.00981437,-0.00632343,0.00225735,-0.999977,-0.0857934,0.6,0,0,DISABLED,0
11.3002,6.18177,-0.228761,0,0.0104231,0.733696,0.011027,-0.00533065,0.00313405,-0.999981,-0.084303,0.6,0,0,DISABLED,0
11.3202,6.19343,-0.229317,0,0.011008,0.733573,0.0118855,-0.00474572,0.00402905,-0.999981,-0.08202,0.6,0,0,DISABLED,0
11.3402,6.20505,-0.230195,0,0.0117862,0.733463,0.0131746,-0.00396749,0.00542616,-0.999977,-0.0804254,0.6,0,0,DISABLED,0
11.3602,6.2165,-0.231298,0,0.0131134,0.733328,0.0153946,-0.00264031,0.00760836,-0.999968,-0.0782574,0.6,0,0,DISABLED,0
11.3802,6.2255,-0.232214,0,0.0145933,0.733175,0.017646,-0.00116042,0.00946656,-0.999955,-0.0771201,0.6,0,0,DISABLED,0
11.4002,6.23872,-0.23368,0,0.0170259,0.732939,0.0207365,0.00127222,0.0113807,-0.999934,-0.075953,0.6,0,0,DISABLED,0
11.4202,6.24967,-0.235099,0,0.018059,0.732925,0.0215402,0.00230523,0.0112843,-0.999934,-0.0762586,0.6,0,0,DISABLED,0
11.4402,6.25958,-0.236583,0,0.0178546,0.733129,0.020894,0.00210082,0.0103967,-0.999944,-0.0770136,0.6,0,0,DISABLED,0
11.4602,6.27188,-0.238829,0,0.0160308,0.733628,0.0183644,0.000277078,0.00850084,-0.999964,-0.0770156,0.6,0,0,DISABLED,0
11.4802,6.2833,-0.241424,0,0.0125986,0.733984,0.0139824,-0.00315513,0.00560786,-0.999979,-0.0760256,0.6,0,0,DISABLED,0
11.5002,6.29459,-0.244636,0,0.00879672,0.733557,0.00884992,-0.00695701,-0.00142504,-0.999975,-0.0761022,0.6,0,0,DISABLED,0
11.5202,6.30389,-0.24731,0,0.00428897,0.732898,0.0057464,-0.0114648,-0.0042735,-0.999925,-0.0773581,0.6,0,0,DISABLED,0
11.5402,6.3144,-0.249841,0,-0.000461861,0.732736,0.00320188,-0.0162156,-0.00360864,-0.999862,-0.0793646,0.6,0,0,DISABLED,0
11.5602,6.32888,-0.252895,0,-0.00198686,0.733362,0.00745331,-0.0177406,-0.0076307,-0.999813,-0.0851847,0.6,0,0,DISABLED,0
11.5802,6.3398,-0.254655,0,-0.000990476,0.733821,0.0105801,-0.0167442,-0.0109797,-0.999799,-0.0871334,0.6,0,0,DISABLED,0
11.6002,6.35083,-0.255921,0,0.000177214,0.733866,0.0124105,-0.0155765,-0.0128559,-0.999796,-0.0888464,0.6,0,0,DISABLED,0
11.6202,6.36203,-0.256827,0,0.00125653,0.73363,0.0134699,-0.0144972,-0.0138588,-0.999799,-0.0906277,0.6,0,0,DISABLED,0
11.6402,6.37343,-0.257564,0,0.00240765,0.733323,0.0145342,-0.0133461,-0.0147852,-0.999802,-0.0927985,0.6,0,0,DISABLED,0
11.6602,6.38496,-0.258277,0,0.00411141,0.732989,0.0159199,-0.0116423,-0.0158268,-0.999807,-0.0944449,0.6,0,0,DISABLED,0
11.6802,6.39643,-0.259004,0,0.00706018,0.732605,0.018555,-0.00869355,-0.0176088,-0.999807,-0.0953715,0.6,0,0,DISABLED,0
11.7002,6.40662,-0.259636,0,0.0107433,0.732304,0.0221272,-0.00501047,-0.0197933,-0.999792,-0.0965556,0.6,0,0,DISABLED,0
11.7202,6.41903,-0.260109,0,0.0154409,0.732207,0.0258451,-0.000312789,-0.0211736,-0.999776,-0.0996206,0.6,0,0,DISABLED,0
11.7402,6.42939,-0.260261,0,0.0176227,0.732463,0.0261432,0.00186893,-0.0197606,-0.999803,-0.0995971,0.6,0,0,DISABLED,0
11.7602,6.43993,-0.260268,0,0.0181843,0.733006,0.0251412,0.0024306,-0.0178117,-0.999838,-0.0984977,0.6,0,0,DISABLED,0
11.7802,6.45422,-0.26006,0,0.0172911,0.733879,0.0218316,0.00153733,-0.0137747,-0.999904,-0.0946686,0.6,0,0,DISABLED,0
11.8002,6.46503,-0.259599,0,0.016025,0.734214,0.0184841,0.000271249,-0.00966417,-0.999953,-0.0940248,0.6,0,0,DISABLED,0
11.8202,6.47821,-0.258687,0,0.0139057,0.733813,0.0141139,-0.00184806,-0.0028627,-0.999994,-0.0931778,0.6,0,0,DISABLED,0
11.8402,6.49019,-0.25807,0,0.0109262,0.733424,0.0109293,-0.00482752,-0.000536154,-0.999988,-0.0937126,0.6,0,0,DISABLED,0
11.8602,6.50061,-0.258003,0,0.00979729,0.733514,0.00980222,-0.00595644,-0.000475733,-0.999982,-0.0921485,0.6,0,0,DISABLED,0
11.8802,6.51327,-0.258067,0,0.00941986,0.733863,0.00982651,-0.00633386,0.00233946,-0.999977,-0.0880715,0.6,0,0,DISABLED,0
11.9002,6.52465,-0.258287,0,0.0113417,0.733948,0.0124297,-0.00441205,0.00463455,-0.99998,-0.0849285,0.6,0,0,DISABLED,0
11.9202,6.53271,-0.258622,0,0.0124058,0.733876,0.0135185,-0.00334792,0.00492402,-0.999982,-0.0835154,0.6,0,0,DISABLED,0
11.9402,6.54776,-0.259662,0,0.0133709,0.733717,0.0150381,-0.00238286,0.00642247,-0.999977,-0.0806107,0.6,0,0,DISABLED,0
11.9602,6.5581,-0.260596,0,0.0141511,0.733573,0.0168512,-0.00160261,0.00869535,-0.999961,-0.077229,0.6,0,0,DISABLED,0
11.9802,6.56712,-0.26145,0,0.0150779,0.733382,0.018699,-0.000675867,0.0106023,-0.999944,-0.0753105,0.6,0,0,DISABLED,0
12.0002,6.58141,-0.262887,0,0.0171449,0.733057,0.0215762,0.00139112,0.0126441,-0.999919,-0.0737469,0,0,0,DISABLED,0
12.0202,6.59221,-0.264162,0,0.0183373,0.732967,0.0225541,0.00258354,0.0126747,-0.999916,-0.0733831,0,0,0,DISABLED,0
12.0402,6.60306,-0.265665,0,0.0181033,0.73325,0.022111,0.00234954,0.0122389,-0.999922,-0.0736109,0,0,0,DISABLED,0
12.0602,6.61293,-0.267319,0,0.0163614,0.733744,0.0198374,0.000607627,0.0107646,-0.999942,-0.0738914,0,0,0,DISABLED,0
12.0802,6.62404,-0.269618,0,0.0124402,0.73425,0.0150341,-0.00331352,0.00798544,-0.999963,-0.0734251,0,0,0,DISABLED,0
12.1002,6.63514,-0.272578,0,0.00839104,0.734031,0.00889023,-0.00736269,0.0024678,-0.99997,-0.0727182,0,0,0,DISABLED,0
12.1202,6.6472,-0.276195,0,0.00441727,0.732839,0.00553506,-0.0113365,-0.0037821,-0.999929,-0.0731914,0,0,0,DISABLED,0
12.1402,6.65777,-0.27883,0,-0.00301348,0.732694,0.00355474,-0.0187672,-0.00232902,-0.999821,-0.0727514,0,0,0,DISABLED,0
12.1602,6.66708,-0.281084,0,-0.00456357,0.733224,0.00549181,-0.0203173,-0.00350658,-0.999787,-0.0732193,0,0,0,DISABLED,0
12.1802,6.67563,-0.282968,0,-0.00454374,0.733751,0.00666823,-0.0202975,-0.00532164,-0.99978,-0.0729114,0,0,0,DISABLED,0
12.2002,6.68367,-0.284254,0,-0.0037543,0.733889,0.00729978,-0.019508,-0.00670181,-0.999787,-0.0741719,0,0,0,DISABLED,0
12.2202,6.69151,-0.284915,0,-0.00313322,0.73376,0.00775124,-0.0188869,-0.00753126,-0.999793,-0.0758661,0,0,0,DISABLED,0
12.2402,6.69922,-0.28505,0,-0.0029828,0.733552,0.00773585,-0.0187365,-0.00758433,-0.999796,-0.0769444,0,0,0,DISABLED,0
12.2602,6.70593,-0.284897,0,-0.00270088,0.73338,0.00767396,-0.0184546,-0.00763013,-0.999801,-0.0779429,0,0,0,DISABLED,0
12.2802,6.71376,-0.284464,0,-0.00221637,0.733274,0.00777428,-0.0179701,-0.007901,-0.999807,-0.0787664,0,0,0,DISABLED,0
12.3002,6.72052,-0.283789,0,-0.000694949,0.733302,0.00891033,-0.0164487,-0.00932811,-0.999821,-0.0807801,0,0,0,DISABLED,0
12.3202,6.72632,-0.282972,0,0.000784473,0.733394,0.010137,-0.0149693,-0.0105592,-0.999832,-0.0823275,0,0,0,DISABLED,0
12.3402,6.73302,-0.281738,0,0.0027257,0.733581,0.0112782,-0.013028,-0.0113953,-0.99985,-0.0842931,0,0,0,DISABLED,0
12.3602,6.73899,-0.280489,0,0.00400341,0.733649,0.0112411,-0.0117503,-0.010955,-0.999871,-0.0873587,0,0,0,DISABLED,0
12.3802,6.74479,-0.279182,0,0.00423266,0.732612,0.00550266,-0.0115211,-0.00395522,-0.999926,-0.0890106,0,0,0,DISABLED,0
12.4002,6.75028,-0.278575,0,0.00246324,0.731338,0.0057464,-0.0132905,-0.00563773,-0.999896,-0.0887626,0,0,0,DISABLED,0
12.4202,6.75562,-0.278274,0,-0.00193345,0.731042,0.0102365,-0.0176872,-0.0104956,-0.999788,-0.0894894,0,0,0,DISABLED,0
12.4402,6.76026,-0.277728,0,-0.00467946,0.730977,0.0120201,-0.0204332,-0.0115254,-0.999725,-0.0909471,0,0,0,DISABLED,0
12.4602,6.76386,-0.277501,0,-0.00545531,0.730724,0.0136371,-0.021209,-0.0129485,-0.999691,-0.0924593,0,0,0,DISABLED,0
12.4802,6.76743,-0.277746,0,-0.00397834,0.73,0.0168052,-0.0197321,-0.016781,-0.999664,-0.0934265,0,0,0,DISABLED,0
12.5002,6.77057,-0.27817,0,-0.00396754,0.72938,0.0209282,-0.0197213,-0.0209987,-0.999585,-0.0947685,0,0,0,DISABLED,0
12.5202,6.77343,-0.278472,0,-0.00491607,0.728992,0.0219839,-0.0206698,-0.0218747,-0.999547,-0.0959149,0,0,0,DISABLED,0
12.5402,6.77641,-0.279078,0,-0.00449483,0.728835,0.021601,-0.0202486,-0.0215751,-0.999562,-0.0979009,0,0,0,DISABLED,0
12.5602,6.77838,-0.279684,0,-0.00275552,0.729013,0.0204558,-0.0185092,-0.0207184,-0.999614,-0.0992553,0,0,0,DISABLED,0
12.5802,6.78037,-0.28038,0,0.000267595,0.729404,0.0187626,-0.0154861,-0.0192114,-0.999695,-0.100023,0,0,0,DISABLED,0
12.6002,6.78202,-0.280938,0,0.00255266,0.729735,0.0176088,-0.0132011,-0.0178777,-0.999753,-0.100502,0,0,0,DISABLED,0
12.6202,6.78352,-0.281443,0,0.00386799,0.729947,0.0171353,-0.0118857,-0.0171417,-0.999782,-0.100721,0,0,0,DISABLED,0
12.6402,6.78477,-0.28192,0,0.00630647,0.730041,0.0174968,-0.00944726,-0.0167688,-0.999815,-0.100838,0,0,0,DISABLED,0
12.6602,6.78566,-0.282312,0,0.00812826,0.730073,0.0183969,-0.00762547,-0.0169527,-0.999827,-0.100933,0,0,0,DISABLED,0
12.6802,6.78642,-0.28271,0,0.0100991,0.730081,0.0197138,-0.00565464,-0.0173785,-0.999833,-0.101354,0,0,0,DISABLED,0
12.7002,6.78703,-0.283134,0,0.0120158,0.730068,0.0213205,-0.00373797,-0.0180616,-0.99983,-0.101872,0,0,0,DISABLED,0
12.7202,6.78737,-0.283525,0,0.0134538,0.73004,0.0227357,-0.0022999,-0.0187749,-0.999821,-0.102285,0,0,0,DISABLED,0
12.7402,6.78756,-0.283918,0,0.0148732,0.730005,0.0242972,-0.000880567,-0.0196634,-0.999806,-0.10273,0,0,0,DISABLED,0
12.7602,6.78761,-0.284306,0,0.0157134,0.729964,0.0254077,-4.03263e-05,-0.0204172,-0.999792,-0.103039,0,0,0,DISABLED,0
12.7802,6.78754,-0.284677,0,0.0161407,0.729919,0.026191,0.000386956,-0.021076,-0.999778,-0.103307,0,0,0,DISABLED,0
12.8002,6.78735,-0.285025,0,0.0162483,0.729876,0.0267451,0.000494533,-0.021693,-0.999765,-0.103568,0,0,0,DISABLED,0
12.8202,6.78703,-0.285344,0,0.0162369,0.729846,0.0272135,0.000483173,-0.0222902,-0.999751,-0.103869,0,0,0,DISABLED,0
12.8402,6.78671,-0.285562,0,0.0161034,0.729854,0.0274338,0.000349639,-0.0226631,-0.999743,-0.103962,0,0,0,DISABLED,0
12.8602,6.78628,-0.285766,0,0.0158161,0.729893,0.0274946,6.23476e-05,-0.022943,-0.999737,-0.103994,0,0,0,DISABLED,0
12.8802,6.78556,-0.285994,0,0.0152861,0.729974,0.0273359,-0.000467629,-0.0231145,-0.999733,-0.104016,0,0,0,DISABLED,0
12.9002,6.78494,-0.286125,0,0.0148894,0.730042,0.0271653,-0.000864374,-0.0231721,-0.999731,-0.104035,0,0,0,DISABLED,0
12.9202,6.78426,-0.286219,0,0.0139953,0.730114,0.0267183,-0.00175841,-0.023212,-0.999729,-0.104075,0,0,0,DISABLED,0
12.9402,6.78361,-0.286275,0,0.0131941,0.73018,0.0263114,-0.00255963,-0.0232167,-0.999727,-0.104105,0,0,0,DISABLED,0
12.9602,6.78292,-0.286309,0,0.0124927,0.730247,0.0259578,-0.00326098,-0.0232059,-0.999725,-0.104127,0,0,0,DISABLED,0
12.9802,6.78221,-0.286321,0,0.0116457,0.730315,0.0255388,-0.00410807,-0.0231824,-0.999723,-0.104147,0,0,0,DISABLED,0
13.0002,6.78115,-0.286315,0,0.0104208,0.73041,0.0249484,-0.00533296,-0.0231188,-0.999718,-0.104171,0,0,0,DISABLED,0
13.0202,6.7804,-0.286289,0,0.00931777,0.730473,0.0244147,-0.00643596,-0.0230189,-0.999714,-0.104192,0,0,0,DISABLED,0
13.0402,6.77946,-0.286233,0,0.00804155,0.730547,0.0238265,-0.00771217,-0.0228802,-0.999708,-0.104217,0,0,0,DISABLED,0
13.0602,6.77862,-0.286158,0,0.00684875,0.73061,0.0233284,-0.00890497,-0.0227512,-0.999701,-0.104239,0,0,0,DISABLED,0
13.0802,6.77777,-0.286063,0,0.00563907,0.73067,0.0228821,-0.0101147,-0.0226264,-0.999693,-0.104258,0,0,0,DISABLED,0
13.1002,6.77693,-0.285951,0,0.00443091,0.730727,0.0225038,-0.0113228,-0.0225128,-0.999682,-0.104275,0,0,0,DISABLED,0
13.1202,6.77611,-0.285826,0,0.0032366,0.730781,0.0221944,-0.0125171,-0.022408,-0.999671,-0.104291,0,0,0,DISABLED,0
13.1402,6.77531,-0.285693,0,0.00206421,0.730834,0.0219514,-0.0136895,-0.0223025,-0.999658,-0.104306,0,0,0,DISABLED,0
13.1602,6.7746,-0.28557,0,0.00103457,0.73088,0.0217796,-0.0147192,-0.0222064,-0.999645,-0.104322,0,0,0,DISABLED,0
13.1802,6.77377,-0.285416,0,-0.000187598,0.730933,0.0216368,-0.0159413,-0.0220868,-0.999629,-0.104343,0,0,0,DISABLED,0
13.2002,6.77304,-0.285275,0,-0.00126192,0.73098,0.0215623,-0.0170157,-0.021976,-0.999614,-0.104364,0,0,0,DISABLED,0
13.2202,6.77234,-0.285134,0,-0.00229609,0.731025,0.0215374,-0.0180498,-0.0218661,-0.999598,-0.104387,0,0,0,DISABLED,0
13.2402,6.77167,-0.284996,0,-0.00328872,0.731067,0.0215623,-0.0190424,-0.0217585,-0.999582,-0.104411,0,0,0,DISABLED,0
13.2602,6.77103,-0.284862,0,-0.00423734,0.731106,0.0216258,-0.0199911,-0.0216565,-0.999566,-0.104437,0,0,0,DISABLED,0
13.2802,6.77042,-0.284735,0,-0.00514011,0.731142,0.0217303,-0.0208938,-0.0215618,-0.999549,-0.104464,0,0,0,DISABLED,0
13.3002,6.76985,-0.284615,0,-0.00599509,0.731175,0.0218643,-0.0217488,-0.0214749,-0.999533,-0.104492,0,0,0,DISABLED,0
13.3202,6.76932,-0.284501,0,-0.00672349,0.731205,0.0220056,-0.0224772,-0.0214015,-0.999518,-0.104517,0,0,0,DISABLED,0
13.3402,6.76882,-0.284394,0,-0.0075599,0.731233,0.0221944,-0.0233136,-0.0213169,-0.999501,-0.10455,0,0,0,DISABLED,0
13.3602,6.7684,-0.284301,0,-0.00819959,0.731256,0.022363,-0.0239533,-0.0212516,-0.999487,-0.104577,0,0,0,DISABLED,0
13.3802,6.76793,-0.284194,0,-0.00892512,0.731281,0.02257,-0.0246788,-0.0211762,-0.999471,-0.104611,0,0,0,DISABLED,0
13.4002,6.76754,-0.284102,0,-0.00952967,0.731302,0.0227567,-0.0252834,-0.0211137,-0.999457,-0.104644,0,0,0,DISABLED,0
13.4202,6.76719,-0.284017,0,-0.0100826,0.73132,0.0229471,-0.0258364,-0.021058,-0.999444,-0.104678,0,0,0,DISABLED,0
13.4402,6.76687,-0.283938,0,-0.010537,0.731336,0.0231102,-0.0262908,-0.0210143,-0.999433,-0.104709,0,0,0,DISABLED,0
13.4602,6.7667,-0.283893,0,-0.0110376,0.731345,0.0233029,-0.0267913,-0.0209691,-0.999421,-0.104749,0,0,0,DISABLED,0
13.4802,6.76636,-0.283806,0,-0.0114025,0.73136,0.0234533,-0.0271562,-0.0209379,-0.999412,-0.104781,0,0,0,DISABLED,0
13.5002,6.76611,-0.28374,0,-0.0117947,0.731372,0.0236179,-0.0275485,-0.0209065,-0.999402,-0.104822,0,0,0,DISABLED,0
13.5202,6.76596,-0.283698,0,-0.0120443,0.731379,0.0237262,-0.027798,-0.0208885,-0.999395,-0.104853,0,0,0,DISABLED,0
13.5402,6.76576,-0.283644,0,-0.0123656,0.731388,0.0238765,-0.0281193,-0.0208681,-0.999387,-0.104898,0,0,0,DISABLED,0
13.5602,6.76562,-0.283606,0,-0.0125877,0.731394,0.0239811,-0.0283414,-0.0208563,-0.999381,-0.104936,0,0,0,DISABLED,0
13.5802,6.76552,-0.283577,0,-0.0127547,0.731399,0.024063,-0.0285084,-0.0208493,-0.999376,-0.10497,0,0,0,DISABLED,0
13.6002,6.76541,-0.283548,0,-0.0129194,0.731403,0.0241471,-0.0286731,-0.020845,-0.999371,-0.105014,0,0,0,DISABLED,0
13.6202,6.76534,-0.283526,0,-0.0130347,0.731406,0.0242087,-0.0287884,-0.0208446,-0.999368,-0.105056,0,0,0,DISABLED,0
13.6402,6.7653,-0.283511,0,-0.0131126,0.731408,0.024253,-0.0288663,-0.0208468,-0.999366,-0.105095,0,0,0,DISABLED,0
13.6602,6.76526,-0.283496,0,-0.0131771,0.73141,0.0242923,-0.0289309,-0.0208523,-0.999364,-0.105143,0,0,0,DISABLED,0
13.6802,6.76524,-0.283486,0,-0.0132085,0.731411,0.0243168,-0.0289622,-0.0208589,-0.999363,-0.105184,0,0,0,DISABLED,0
13.7002,6.76523,-0.283478,0,-0.0132282,0.731411,0.0243364,-0.0289819,-0.0208681,-0.999362,-0.10523,0,0,0,DISABLED,0
13.7202,6.76523,-0.283474,0,-0.0132392,0.731411,0.0243511,-0.0289929,-0.0208794,-0.999362,-0.105279,0,0,0,DISABLED,0
13.7402,6.76524,-0.283472,0,-0.0132449,0.73141,0.0243609,-0.0289986,-0.0208903,-0.999361,-0.105321,0,0,0,DISABLED,0
13.7602,6.76524,-0.283472,0,-0.013248,0.731408,0.0243731,-0.0290018,-0.0209015,-0.999361,-0.105361,0,0,0,DISABLED,0
13.7802,6.76525,-0.283472,0,-0.0132492,0.731407,0.0243829,-0.0290029,-0.0209125,-0.999361,-0.105401,0,0,0,DISABLED,0
13.8002,6.76526,-0.283471,0,-0.0132488,0.731405,0.0243927,-0.0290026,-0.0209233,-0.99936,-0.105439,0,0,0,DISABLED,0
13.8202,6.76527,-0.283471,0,-0.0132472,0.731404,0.0244,-0.029001,-0.0209337,-0.99936,-0.105477,0,0,0,DISABLED,0
13.8402,6.76529,-0.283471,0,-0.0132446,0.731402,0.0244073,-0.0289983,-0.0209438,-0.99936,-0.105513,0,0,0,DISABLED,0
13.8602,6.765,-0.283372,0,-0.0113794,0.731416,0.0234939,-0.0271331,-0.0210012,-0.999411,-0.106403,0,0,0,DISABLED,0
13.8802,6.76447,-0.283169,0,-0.00769205,0.731549,0.0220029,-0.0234458,-0.0210626,-0.999503,-0.107751,0,0,0,DISABLED,0
13.9002,6.76407,-0.282995,0,-0.00466655,0.73175,0.0210702,-0.0204203,-0.0209943,-0.999571,-0.108681,0,0,0,DISABLED,0
13.9202,6.76379,-0.282857,0,-0.00278389,0.731913,0.0205575,-0.0185376,-0.0208155,-0.999611,-0.109084,0,0,0,DISABLED,0
13.9402,6.76352,-0.282658,0,-0.00136648,0.732057,0.0200437,-0.0171202,-0.0204478,-0.999644,-0.109392,0,0,0,DISABLED,0
13.9602,6.7633,-0.282515,0,-0.000729069,0.732143,0.0197078,-0.0164828,-0.0201429,-0.999661,-0.10958,0,0,0,DISABLED,0
13.9802,6.76301,-0.282409,0,-0.000439387,0.732217,0.0194827,-0.0161931,-0.0199287,-0.99967,-0.10972,0,0,0,DISABLED,0
14.0002,6.76271,-0.282372,0,-0.000444714,0.732264,0.0193999,-0.0161984,-0.019847,-0.999672,-0.109798,0,0,0,DISABLED,0
14.0202,6.7624,-0.282371,0,-0.000612162,0.732302,0.0193322,-0.0163659,-0.0197737,-0.999671,-0.109905,0,0,0,DISABLED,0
14.0402,6.76209,-0.282385,0,-0.000896975,0.732331,0.0192425,-0.0166507,-0.0196713,-0.999668,-0.110059,0,0,0,DISABLED,0
14.0602,6.76177,-0.282403,0,-0.00123806,0.732355,0.01914,-0.0169918,-0.0195498,-0.999664,-0.110239,0,0,0,DISABLED,0
14.0802,6.76149,-0.282412,0,-0.00159961,0.732375,0.0190433,-0.0173533,-0.0194275,-0.999661,-0.110433,0,0,0,DISABLED,0
14.1002,6.76115,-0.282412,0,-0.00197133,0.732398,0.0189617,-0.0177251,-0.0193078,-0.999656,-0.110631,0,0,0,DISABLED,0
14.1202,6.76083,-0.282402,0,-0.00235101,0.732418,0.0188798,-0.0181047,-0.0191845,-0.999652,-0.110836,0,0,0,DISABLED,0
14.1402,6.76056,-0.282379,0,-0.00269783,0.732435,0.0188165,-0.0184516,-0.0190753,-0.999648,-0.111021,0,0,0,DISABLED,0
14.1602,6.76023,-0.282333,0,-0.00312356,0.732455,0.0187626,-0.0188773,-0.0189506,-0.999642,-0.111243,0,0,0,DISABLED,0
14.1802,6.75997,-0.282282,0,-0.00346999,0.73247,0.0187308,-0.0192237,-0.0188561,-0.999637,-0.111421,0,0,0,DISABLED,0
14.2002,6.75967,-0.282204,0,-0.00388831,0.732487,0.0187053,-0.019642,-0.0187483,-0.999631,-0.111636,0,0,0,DISABLED,0
14.2202,6.7594,-0.282121,0,-0.00426185,0.732502,0.0186958,-0.0200156,-0.0186532,-0.999626,-0.111835,0,0,0,DISABLED,0
14.2402,6.7592,-0.28205,0,-0.00451879,0.732513,0.0186894,-0.0202725,-0.0185853,-0.999622,-0.111981,0,0,0,DISABLED,0
14.2603,6.75897,-0.281966,0,-0.00487815,0.732525,0.0186862,-0.0206319,-0.0184866,-0.999616,-0.112197,0,0,0,DISABLED,0
14.2803,6.75867,-0.281843,0,-0.0053298,0.732541,0.018683,-0.0210835,-0.0183578,-0.999609,-0.112488,0,0,0,DISABLED,0
14.3003,6.75844,-0.281748,0,-0.00566444,0.732552,0.0186926,-0.0214182,-0.0182603,-0.999604,-0.112717,0,0,0,DISABLED,0
14.3203,6.75825,-0.281664,0,-0.00595453,0.732561,0.018699,-0.0217083,-0.018175,-0.999599,-0.112923,0,0,0,DISABLED,0
14.3403,6.75803,-0.281565,0,-0.00629279,0.732572,0.0187149,-0.0220465,-0.0180741,-0.999594,-0.113174,0,0,0,DISABLED,0
14.3603,6.75784,-0.281478,0,-0.00658358,0.73258,0.018734,-0.0223373,-0.0179859,-0.999589,-0.113401,0,0,0,DISABLED,0
14.3803,6.75766,-0.281395,0,-0.00685804,0.732588,0.0187531,-0.0226118,-0.0179011,-0.999584,-0.113625,0,0,0,DISABLED,0
14.4003,6.7575,-0.281315,0,-0.00714094,0.732595,0.0187753,-0.0228947,-0.0178114,-0.999579,-0.11387,0,0,0,DISABLED,0
14.4203,6.75742,-0.281277,0,-0.00735758,0.732599,0.0187912,-0.0231113,-0.017741,-0.999575,-0.114067,0,0,0,DISABLED,0
14.4403,6.7572,-0.281168,0,-0.00758292,0.732608,0.0188134,-0.0233367,-0.0176661,-0.999572,-0.114284,0,0,0,DISABLED,0
14.4603,6.75707,-0.2811,0,-0.00779224,0.732613,0.0188324,-0.023546,-0.0175946,-0.999568,-0.114498,0,0,0,DISABLED,0
14.4803,6.75695,-0.281036,0,-0.00796706,0.732617,0.0188482,-0.0237208,-0.0175329,-0.999565,-0.114689,0,0,0,DISABLED,0
14.5003,6.75684,-0.280976,0,-0.00816357,0.732621,0.0188703,-0.0239173,-0.0174611,-0.999561,-0.114919,0,0,0,DISABLED,0
14.5203,6.75674,-0.280919,0,-0.00831062,0.732625,0.0188861,-0.0240643,-0.017405,-0.999559,-0.115104,0,0,0,DISABLED,0
14.5403,6.75665,-0.280866,0,-0.00843126,0.732628,0.0188956,-0.024185,-0.0173572,-0.999557,-0.115267,0,0,0,DISABLED,0
14.5603,6.7566,-0.280836,0,-0.00855591,0.73263,0.018905,-0.0243096,-0.0173055,-0.999555,-0.115447,0,0,0,DISABLED,0
14.5803,6.7565,-0.28077,0,-0.00872752,0.732633,0.0189145,-0.0244812,-0.0172293,-0.999552,-0.115724,0,0,0,DISABLED,0
14.6003,6.75645,-0.280735,0,-0.00881384,0.732635,0.0189176,-0.0245676,-0.017188,-0.99955,-0.115879,0,0,0,DISABLED,0
14.6203,6.75638,-0.280686,0,-0.00892817,0.732636,0.0189208,-0.0246819,-0.017129,-0.999549,-0.11611,0,0,0,DISABLED,0
14.6403,6.75633,-0.280648,0,-0.00901024,0.732638,0.0189176,-0.024764,-0.0170823,-0.999547,-0.116299,0,0,0,DISABLED,0
14.6603,6.7563,-0.280614,0,-0.00908067,0.732638,0.0189113,-0.0248344,-0.0170377,-0.999546,-0.116485,0,0,0,DISABLED,0
14.6803,6.75627,-0.280585,0,-0.00913462,0.732639,0.018905,-0.0248883,-0.0169994,-0.999546,-0.116651,0,0,0,DISABLED,0
14.7003,6.75624,-0.280552,0,-0.00918872,0.732639,0.0188924,-0.0249425,-0.0169546,-0.999545,-0.11685,0,0,0,DISABLED,0
14.7203,6.75622,-0.280528,0,-0.00922382,0.732639,0.0188798,-0.0249775,-0.0169196,-0.999545,-0.117011,0,0,0,DISABLED,0
14.7403,6.75621,-0.2805,0,-0.0092573,0.732639,0.0188577,-0.025011,-0.0168785,-0.999545,-0.117205,0,0,0,DISABLED,0
14.7603,6.7562,-0.280479,0,-0.00927952,0.732639,0.0188419,-0.0250333,-0.0168463,-0.999545,-0.117362,0,0,0,DISABLED,0
14.7803,6.7562,-0.280457,0,-0.00930036,0.732638,0.0188229,-0.0250541,-0.0168116,-0.999545,-0.117533,0,0,0,DISABLED,0
14.8003,6.75619,-0.280437,0,-0.00931636,0.732638,0.0188039,-0.0250701,-0.0167815,-0.999545,-0.117685,0,0,0,DISABLED,0
14.8203,6.75619,-0.280417,0,-0.00933511,0.732637,0.0187785,-0.0250888,-0.0167426,-0.999545,-0.117883,0,0,0,DISABLED,0
14.8403,6.75619,-0.280403,0,-0.00934839,0.732636,0.0187626,-0.0251021,-0.0167142,-0.999545,-0.118029,0,0,0,DISABLED,0
14.8603,6.75619,-0.280383,0,-0.00936417,0.732635,0.0187404,-0.0251179,-0.0166801,-0.999545,-0.118203,0,0,0,DISABLED,0
14.8803,6.75619,-0.280367,0,-0.00937814,0.732634,0.0187181,-0.0251319,-0.0166497,-0.999546,-0.118359,0,0,0,DISABLED,0
14.9003,6.75619,-0.280352,0,-0.00939174,0.732633,0.0187021,-0.0251455,-0.0166196,-0.999546,-0.118512,0,0,0,DISABLED,0
14.9203,6.75619,-0.280338,0,-0.00940494,0.732632,0.018683,-0.0251587,-0.0165898,-0.999546,-0.118663,0,0,0,DISABLED,0
14.9403,6.75619,-0.280324,0,-0.00941774,0.732631,0.0186607,-0.0251715,-0.0165604,-0.999546,-0.118812,0,0,0,DISABLED,0
14.9603,6.75619,-0.280311,0,-0.00943012,0.732631,0.0186415,-0.0251838,-0.0165312,-0.999546,-0.118958,0,0,0,DISABLED,0
14.9803,6.75619,-0.280297,0,-0.0094421,0.73263,0.0186223,-0.0251958,-0.0165022,-0.999546,-0.119103,0,0,0,DISABLED,0
15.0003,6.75619,-0.280285,0,-0.00945254,0.732629,0.0186095,-0.0252063,-0.0164763,-0.999546,-0.119232,0,0,0,DISABLED,0
15.0203,6.75619,-0.280272,0,-0.00946376,0.732629,0.0185903,-0.0252175,-0.0164478,-0.999547,-0.119373,0,0,0,DISABLED,0
15.0403,6.75619,-0.280261,0,-0.00947352,0.732628,0.0185742,-0.0252272,-0.0164224,-0.999547,-0.119499,0,0,0,DISABLED,0
15.0603,6.75619,-0.28025,0,-0.00948606,0.732627,0.0185517,-0.0252398,-0.0163887,-0.999547,-0.119665,0,0,0,DISABLED,0
15.0803,6.75619,-0.280235,0,-0.0094961,0.732627,0.0185292,-0.0252498,-0.0163608,-0.999547,-0.119801,0,0,0,DISABLED,0
15.1003,6.75619,-0.280222,0,-0.00950577,0.732626,0.0185131,-0.0252595,-0.0163332,-0.999547,-0.119936,0,0,0,DISABLED,0
15.1203,6.75619,-0.28021,0,-0.00951509,0.732626,0.0184938,-0.0252688,-0.0163057,-0.999548,-0.120069,0,0,0,DISABLED,0
15.1403,6.75619,-0.280199,0,-0.00952408,0.732625,0.0184745,-0.0252778,-0.0162784,-0.999548,-0.120202,0,0,0,DISABLED,0
15.1603,6.75619,-0.280188,0,-0.00953272,0.732625,0.0184551,-0.0252864,-0.0162513,-0.999548,-0.120332,0,0,0,DISABLED,0
15.1803,6.75619,-0.280176,0,-0.00953939,0.732624,0.0184422,-0.0252931,-0.0162298,-0.999548,-0.120436,0,0,0,DISABLED,0
15.2003,6.75619,-0.280165,0,-0.00954901,0.732624,0.0184195,-0.0253027,-0.0161977,-0.999549,-0.120591,0,0,0,DISABLED,0
15.2203,6.75619,-0.280155,0,-0.00955444,0.732623,0.0184033,-0.0253082,-0.0161791,-0.999549,-0.12068,0,0,0,DISABLED,0
15.2403,6.75619,-0.280145,0,-0.00956346,0.732623,0.0183839,-0.0253172,-0.0161474,-0.999549,-0.120831,0,0,0,DISABLED,0
15.2603,6.75619,-0.280133,0,-0.00957212,0.732623,0.0183612,-0.0253258,-0.0161159,-0.999549,-0.120981,0,0,0,DISABLED,0
15.2803,6.75619,-0.280123,0,-0.0095784,0.732623,0.018345,-0.0253321,-0.0160925,-0.99955,-0.121093,0,0,0,DISABLED,0
15.3003,6.75619,-0.280113,0,-0.00958515,0.732622,0.0183254,-0.0253389,-0.0160666,-0.99955,-0.121216,0,0,0,DISABLED,0
15.3203,6.75619,-0.280105,0,-0.00958974,0.732622,0.0183124,-0.0253435,-0.0160486,-0.99955,-0.121302,0,0,0,DISABLED,0
15.3403,6.75619,-0.280093,0,-0.00959738,0.732622,0.0182896,-0.0253511,-0.0160179,-0.99955,-0.121447,0,0,0,DISABLED,0
15.3603,6.75619,-0.280083,0,-0.00960349,0.732621,0.0182733,-0.0253572,-0.0159926,-0.999551,-0.121567,0,0,0,DISABLED,0
15.3803,6.75619,-0.280073,0,-0.00960995,0.732621,0.0182505,-0.0253637,-0.0159649,-0.999551,-0.121698,0,0,0,DISABLED,0
15.4003,6.75619,-0.280063,0,-0.0096156,0.732621,0.0182341,-0.0253693,-0.0159399,-0.999551,-0.121816,0,0,0,DISABLED,0
15.4203,6.75619,-0.280054,0,-0.00962106,0.732621,0.0182178,-0.0253748,-0.0159151,-0.999551,-0.121934,0,0,0,DISABLED,0
15.4403,6.75619,-0.280044,0,-0.00962632,0.732621,0.0181949,-0.0253801,-0.0158904,-0.999552,-0.12205,0,0,0,DISABLED,0
15.4603,6.75619,-0.280035,0,-0.00963139,0.732621,0.0181785,-0.0253851,-0.0158658,-0.999552,-0.122166,0,0,0,DISABLED,0
15.4803,6.75619,-0.280026,0,-0.00963579,0.732621,0.0181621,-0.0253895,-0.0158439,-0.999552,-0.122269,0,0,0,DISABLED,0
15.5003,6.75619,-0.280016,0,-0.00964096,0.73262,0.0181424,-0.0253947,-0.0158172,-0.999552,-0.122394,0,0,0,DISABLED,0
15.5203,6.75619,-0.280007,0,-0.00964547,0.73262,0.0181259,-0.0253992,-0.0157931,-0.999553,-0.122508,0,0,0,DISABLED,0
15.5403,6.75619,-0.279999,0,-0.00964938,0.73262,0.0181095,-0.0254031,-0.0157716,-0.999553,-0.122609,0,0,0,DISABLED,0
15.5603,6.75619,-0.279988,0,-0.009654,0.73262,0.0180897,-0.0254077,-0.0157453,-0.999553,-0.122732,0,0,0,DISABLED,0
15.5803,6.75619,-0.279979,0,-0.00965801,0.73262,0.01807,-0.0254117,-0.0157216,-0.999553,-0.122843,0,0,0,DISABLED,0
15.6003,6.75619,-0.279971,0,-0.00966186,0.73262,0.0180501,-0.0254156,-0.015698,-0.999554,-0.122954,0,0,0,DISABLED,0
15.6203,6.75619,-0.279962,0,-0.00966519,0.73262,0.0180369,-0.0254189,-0.0156768,-0.999554,-0.123053,0,0,0,DISABLED,0
15.6403,6.75619,-0.279953,0,-0.00966875,0.73262,0.0180204,-0.0254225,-0.0156534,-0.999554,-0.123162,0,0,0,DISABLED,0
15.6603,6.75619,-0.279943,0,-0.00967149,0.73262,0.0180039,-0.0254252,-0.0156348,-0.999554,-0.123249,0,0,0,DISABLED,0
15.6803,6.75619,-0.279935,0,-0.00967542,0.73262,0.017984,-0.0254292,-0.0156069,-0.999555,-0.123379,0,0,0,DISABLED,0
15.7003,6.75619,-0.279926,0,-0.00967885,0.73262,0.0179641,-0.0254326,-0.0155816,-0.999555,-0.123498,0,0,0,DISABLED,0
15.7203,6.75619,-0.279917,0,-0.00968154,0.73262,0.0179475,-0.0254353,-0.0155609,-0.999555,-0.123594,0,0,0,DISABLED,0
15.7403,6.75619,-0.279908,0,-0.00968467,0.73262,0.0179309,-0.0254384,-0.0155357,-0.999556,-0.123712,0,0,0,DISABLED,0
15.7603,6.75619,-0.2799,0,-0.00968713,0.73262,0.0179109,-0.0254409,-0.0155151,-0.999556,-0.123808,0,0,0,DISABLED,0
15.7803,6.75619,-0.27989,0,-0.00968999,0.732621,0.0178943,-0.0254437,-0.0154902,-0.999556,-0.123924,0,0,0,DISABLED,0
15.8003,6.75619,-0.279881,0,-0.00969225,0.732621,0.0178776,-0.025446,-0.0154698,-0.999556,-0.124018,0,0,0,DISABLED,0
15.8203,6.75619,-0.279872,0,-0.00969487,0.732621,0.0178576,-0.0254486,-0.015445,-0.999557,-0.124133,0,0,0,DISABLED,0
15.8403,6.75619,-0.279864,0,-0.00969689,0.732621,0.0178409,-0.0254506,-0.0154249,-0.999557,-0.124227,0,0,0,DISABLED,0
15.8603,6.75619,-0.279858,0,-0.00969843,0.732621,0.0178309,-0.0254522,-0.0154092,-0.999557,-0.124299,0,0,0,DISABLED,0
15.8803,6.75619,-0.279846,0,-0.00970132,0.732621,0.0178041,-0.025455,-0.0153782,-0.999558,-0.124443,0,0,0,DISABLED,0
15.9003,6.75619,-0.27984,0,-0.00970268,0.732621,0.0177941,-0.0254564,-0.0153627,-0.999558,-0.124514,0,0,0,DISABLED,0
15.9203,6.75619,-0.27983,0,-0.00970512,0.732622,0.0177706,-0.0254588,-0.0153341,-0.999558,-0.124647,0,0,0,DISABLED,0
15.9403,6.75619,-0.279821,0,-0.00970684,0.732622,0.0177538,-0.0254606,-0.0153123,-0.999559,-0.124748,0,0,0,DISABLED,0
15.9603,6.75619,-0.279812,0,-0.00970848,0.732622,0.0177337,-0.0254622,-0.0152905,-0.999559,-0.124848,0,0,0,DISABLED,0
15.9803,6.75619,-0.279805,0,-0.00970988,0.732622,0.0177202,-0.0254636,-0.015271,-0.999559,-0.124938,0,0,0,DISABLED,0
16.0003,6.75619,-0.279796,0,-0.00971148,0.732622,0.0177034,-0.0254652,-0.0152474,-0.999559,-0.125047,0,0,0,DISABLED,0
16.0203,6.75619,-0.279787,0,-0.00971285,0.732623,0.0176865,-0.0254666,-0.015226,-0.99956,-0.125146,0,0,0,DISABLED,0
16.0403,6.75619,-0.279779,0,-0.00971412,0.732623,0.0176663,-0.0254678,-0.0152047,-0.99956,-0.125244,0,0,0,DISABLED,0
16.0603,6.75619,-0.279772,0,-0.0097153,0.732623,0.0176494,-0.025469,-0.0151835,-0.99956,-0.125342,0,0,0,DISABLED,0
16.0803,6.75619,-0.279765,0,-0.0097161,0.732623,0.0176393,-0.0254698,-0.0151687,-0.99956,-0.12541,0,0,0,DISABLED,0
16.1003,6.75619,-0.279755,0,-0.00971734,0.732624,0.017619,-0.0254711,-0.0151435,-0.999561,-0.125526,0,0,0,DISABLED,0
16.1203,6.75619,-0.279746,0,-0.00971831,0.732624,0.0176021,-0.025472,-0.0151226,-0.999561,-0.125623,0,0,0,DISABLED,0
16.1403,6.75619,-0.279738,0,-0.00971928,0.732624,0.0175817,-0.025473,-0.0150997,-0.999561,-0.125728,0,0,0,DISABLED,0
16.1603,6.75619,-0.27973,0,-0.00972001,0.732624,0.0175682,-0.0254737,-0.015081,-0.999562,-0.125814,0,0,0,DISABLED,0
16.1803,6.75619,-0.279722,0,-0.00972074,0.732625,0.0175512,-0.0254745,-0.0150604,-0.999562,-0.125909,0,0,0,DISABLED,0
16.2003,6.75619,-0.279715,0,-0.00972152,0.732625,0.0175342,-0.0254753,-0.0150378,-0.999562,-0.126013,0,0,0,DISABLED,0
16.2203,6.75619,-0.279706,0,-0.00972214,0.732625,0.0175172,-0.0254759,-0.0150174,-0.999563,-0.126107,0,0,0,DISABLED,0
16.2403,6.75619,-0.279698,0,-0.00972268,0.732626,0.0175002,-0.0254764,-0.014997,-0.999563,-0.126201,0,0,0,DISABLED,0
16.2603,6.75619,-0.27969,0,-0.00972313,0.732626,0.0174831,-0.0254769,-0.0149788,-0.999563,-0.126285,0,0,0,DISABLED,0
16.2803,6.7562,-0.279682,0,-0.00972361,0.732626,0.0174661,-0.0254773,-0.0149566,-0.999564,-0.126387,0,0,0,DISABLED,0
16.3003,6.7562,-0.279675,0,-0.00972396,0.732626,0.0174524,-0.0254777,-0.0149385,-0.999564,-0.12647,0,0,0,DISABLED,0
16.3203,6.7562,-0.279667,0,-0.0097243,0.732627,0.0174353,-0.025478,-0.0149185,-0.999564,-0.126562,0,0,0,DISABLED,0
16.3403,6.7562,-0.279659,0,-0.00972461,0.732627,0.0174148,-0.0254783,-0.0148946,-0.999564,-0.126672,0,0,0,DISABLED,0
16.3603,6.7562,-0.279652,0,-0.0097248,0.732627,0.0174011,-0.0254785,-0.0148788,-0.999565,-0.126745,0,0,0,DISABLED,0
16.3803,6.7562,-0.279643,0,-0.00972498,0.732628,0.017384,-0.0254787,-0.014857,-0.999565,-0.126845,0,0,0,DISABLED,0
16.4003,6.7562,-0.279638,0,-0.00972506,0.732628,0.0173703,-0.0254788,-0.0148432,-0.999565,-0.126909,0,0,0,DISABLED,0
16.4203,6.7562,-0.279627,0,-0.00972515,0.732628,0.0173497,-0.0254789,-0.0148177,-0.999566,-0.127026,0,0,0,DISABLED,0
16.4403,6.7562,-0.27962,0,-0.00972517,0.732629,0.0173359,-0.0254789,-0.0147982,-0.999566,-0.127117,0,0,0,DISABLED,0
16.4603,6.7562,-0.279613,0,-0.00972514,0.732629,0.0173222,-0.0254789,-0.0147807,-0.999566,-0.127198,0,0,0,DISABLED,0
16.4803,6.7562,-0.279604,0,-0.00972508,0.73263,0.0173049,-0.0254788,-0.0147612,-0.999566,-0.127287,0,0,0,DISABLED,0
16.5003,6.7562,-0.279596,0,-0.00972497,0.73263,0.0172877,-0.0254787,-0.0147399,-0.999567,-0.127385,0,0,0,DISABLED,0
16.5203,6.7562,-0.279588,0,-0.00972481,0.73263,0.0172705,-0.0254785,-0.0147207,-0.999567,-0.127475,0,0,0,DISABLED,0
16.5403,6.7562,-0.279581,0,-0.00972461,0.732631,0.0172532,-0.0254783,-0.0147014,-0.999567,-0.127563,0,0,0,DISABLED,0
16.5603,6.7562,-0.279574,0,-0.00972439,0.732631,0.0172428,-0.0254781,-0.0146842,-0.999568,-0.127643,0,0,0,DISABLED,0
16.5803,6.7562,-0.279565,0,-0.00972407,0.732632,0.0172221,-0.0254778,-0.0146631,-0.999568,-0.12774,0,0,0,DISABLED,0
16.6003,6.7562,-0.279557,0,-0.00972372,0.732632,0.0172082,-0.0254774,-0.0146441,-0.999568,-0.127828,0,0,0,DISABLED,0
16.6203,6.7562,-0.27955,0,-0.00972332,0.732632,0.0171909,-0.025477,-0.0146251,-0.999568,-0.127916,0,0,0,DISABLED,0
16.6403,6.7562,-0.279543,0,-0.00972292,0.732633,0.017177,-0.0254766,-0.014608,-0.999569,-0.127995,0,0,0,DISABLED,0
16.6603,6.7562,-0.279535,0,-0.00972239,0.732633,0.0171597,-0.0254761,-0.0145872,-0.999569,-0.128091,0,0,0,DISABLED,0
16.6803,6.7562,-0.279527,0,-0.00972186,0.732633,0.0171423,-0.0254756,-0.0145684,-0.999569,-0.128178,0,0,0,DISABLED,0
16.7003,6.7562,-0.279519,0,-0.00972129,0.732634,0.0171249,-0.025475,-0.0145496,-0.99957,-0.128265,0,0,0,DISABLED,0
16.7203,6.7562,-0.279512,0,-0.00972068,0.732634,0.0171144,-0.0254744,-0.0145308,-0.99957,-0.128352,0,0,0,DISABLED,0
16.7403,6.7562,-0.279503,0,-0.00972003,0.732635,0.017097,-0.0254738,-0.0145121,-0.99957,-0.128438,0,0,0,DISABLED,0
16.7603,6.7562,-0.279497,0,-0.00971949,0.732635,0.0170831,-0.0254732,-0.0144972,-0.99957,-0.128507,0,0,0,DISABLED,0
16.7803,6.7562,-0.279487,0,-0.00971863,0.732636,0.0170656,-0.0254724,-0.0144749,-0.999571,-0.12861,0,0,0,DISABLED,0
16.8003,6.7562,-0.27948,0,-0.00971786,0.732636,0.0170481,-0.0254716,-0.0144563,-0.999571,-0.128696,0,0,0,DISABLED,0
16.8203,6.7562,-0.279472,0,-0.00971707,0.732637,0.0170307,-0.0254708,-0.0144378,-0.999571,-0.128782,0,0,0,DISABLED,0
16.8403,6.7562,-0.279464,0,-0.00971625,0.732637,0.0170202,-0.02547,-0.0144194,-0.999572,-0.128867,0,0,0,DISABLED,0
16.8603,6.7562,-0.279456,0,-0.0097154,0.732638,0.0170026,-0.0254691,-0.014401,-0.999572,-0.128952,0,0,0,DISABLED,0
16.8803,6.7562,-0.279448,0,-0.00971451,0.732638,0.0169886,-0.0254682,-0.0143826,-0.999572,-0.129037,0,0,0,DISABLED,0
16.9003,6.7562,-0.279441,0,-0.00971369,0.732638,0.0169746,-0.0254674,-0.0143661,-0.999572,-0.129113,0,0,0,DISABLED,0
16.9203,6.7562,-0.279434,0,-0.00971274,0.732639,0.016957,-0.0254665,-0.0143479,-0.999573,-0.129198,0,0,0,DISABLED,0
16.9403,6.7562,-0.279425,0,-0.00971168,0.732639,0.0169429,-0.0254654,-0.0143278,-0.999573,-0.12929,0,0,0,DISABLED,0
16.9603,6.7562,-0.279417,0,-0.00971067,0.73264,0.0169253,-0.0254644,-0.0143097,-0.999573,-0.129374,0,0,0,DISABLED,0
16.9803,6.7562,-0.27941,0,-0.00970975,0.73264,0.0169077,-0.0254635,-0.0142934,-0.999574,-0.12945,0,0,0,DISABLED,0
17.0003,6.7562,-0.279402,0,-0.0097086,0.732641,0.0168936,-0.0254623,-0.0142735,-0.999574,-0.129542,0,0,0,DISABLED,0
17.0203,6.7562,-0.279394,0,-0.00970753,0.732641,0.016876,-0.0254613,-0.0142554,-0.999574,-0.129625,0,0,0,DISABLED,0
17.0403,6.7562,-0.279386,0,-0.00970643,0.732642,0.0168654,-0.0254602,-0.0142375,-0.999574,-0.129709,0,0,0,DISABLED,0
17.0603,6.7562,-0.279378,0,-0.00970542,0.732642,0.0168477,-0.0254591,-0.0142213,-0.999575,-0.129784,0,0,0,DISABLED,0
17.0803,6.7562,-0.27937,0,-0.00970429,0.732643,0.0168371,-0.025458,-0.0142034,-0.999575,-0.129866,0,0,0,DISABLED,0
17.1003,6.7562,-0.279363,0,-0.00970313,0.732643,0.0168193,-0.0254569,-0.0141856,-0.999575,-0.129949,0,0,0,DISABLED,0
17.1203,6.7562,-0.279355,0,-0.00970183,0.732644,0.0168052,-0.0254556,-0.014166,-0.999576,-0.13004,0,0,0,DISABLED,0
17.1403,6.7562,-0.279347,0,-0.00970062,0.732644,0.0167874,-0.0254544,-0.0141482,-0.999576,-0.130122,0,0,0,DISABLED,0
17.1603,6.7562,-0.27934,0,-0.00969953,0.732645,0.0167732,-0.0254533,-0.0141323,-0.999576,-0.130196,0,0,0,DISABLED,0
17.1803,6.7562,-0.279331,0,-0.00969817,0.732645,0.0167554,-0.0254519,-0.0141128,-0.999576,-0.130286,0,0,0,DISABLED,0
17.2003,6.7562,-0.279324,0,-0.00969692,0.732646,0.0167412,-0.0254507,-0.0140952,-0.999577,-0.130368,0,0,0,DISABLED,0
17.2203,6.7562,-0.279316,0,-0.00969565,0.732646,0.0167269,-0.0254494,-0.0140776,-0.999577,-0.13045,0,0,0,DISABLED,0
17.2403,6.7562,-0.279308,0,-0.00969437,0.732647,0.0167091,-0.0254481,-0.01406,-0.999577,-0.130531,0,0,0,DISABLED,0
17.2603,6.7562,-0.2793,0,-0.00969307,0.732647,0.0166984,-0.0254468,-0.0140425,-0.999578,-0.130612,0,0,0,DISABLED,0
17.2803,6.7562,-0.279293,0,-0.00969175,0.732648,0.0166806,-0.0254455,-0.014025,-0.999578,-0.130693,0,0,0,DISABLED,0
17.3003,6.7562,-0.279285,0,-0.00969069,0.732648,0.0166698,-0.0254444,-0.0140111,-0.999578,-0.130758,0,0,0,DISABLED,0
17.3203,6.7562,-0.279277,0,-0.00968908,0.732649,0.0166519,-0.0254428,-0.0139902,-0.999578,-0.130855,0,0,0,DISABLED,0
17.3403,6.7562,-0.27927,0,-0.00968786,0.732649,0.0166376,-0.0254416,-0.0139746,-0.999579,-0.130927,0,0,0,DISABLED,0
17.3603,6.7562,-0.279262,0,-0.00968635,0.73265,0.0166197,-0.0254401,-0.0139556,-0.999579,-0.131015,0,0,0,DISABLED,0
17.3803,6.7562,-0.279255,0,-0.00968511,0.73265,0.0166089,-0.0254388,-0.01394,-0.999579,-0.131088,0,0,0,DISABLED,0
17.4003,6.7562,-0.279247,0,-0.00968358,0.732651,0.016591,-0.0254373,-0.0139211,-0.999579,-0.131175,0,0,0,DISABLED,0
17.4203,6.7562,-0.279238,0,-0.00968219,0.732652,0.0165766,-0.0254359,-0.0139039,-0.99958,-0.131255,0,0,0,DISABLED,0
17.4403,6.7562,-0.279231,0,-0.00968078,0.732652,0.0165622,-0.0254345,-0.0138867,-0.99958,-0.131335,0,0,0,DISABLED,0
17.4603,6.7562,-0.279224,0,-0.0096795,0.732652,0.0165514,-0.0254332,-0.0138713,-0.99958,-0.131406,0,0,0,DISABLED,0
17.4803,6.7562,-0.279215,0,-0.00967794,0.732653,0.0165334,-0.0254317,-0.0138525,-0.999581,-0.131494,0,0,0,DISABLED,0
17.5003,6.7562,-0.279207,0,-0.00967664,0.732654,0.0165226,-0.0254304,-0.0138372,-0.999581,-0.131565,0,0,0,DISABLED,0
17.5203,6.7562,-0.279201,0,-0.00967519,0.732654,0.0165045,-0.0254289,-0.0138202,-0.999581,-0.131644,0,0,0,DISABLED,0
17.5403,6.7562,-0.279192,0,-0.00967359,0.732655,0.0164901,-0.0254273,-0.0138016,-0.999581,-0.13173,0,0,0,DISABLED,0
17.5603,6.75621,-0.279186,0,-0.00967242,0.732655,0.0164756,-0.0254261,-0.013788,-0.999582,-0.131793,0,0,0,DISABLED,0
17.5803,6.75621,-0.279177,0,-0.00967065,0.732656,0.0164611,-0.0254244,-0.0137678,-0.999582,-0.131887,0,0,0,DISABLED,0
17.6003,6.75621,-0.279169,0,-0.00966917,0.732656,0.016443,-0.0254229,-0.0137509,-0.999582,-0.131966,0,0,0,DISABLED,0
17.6203,6.75621,-0.279161,0,-0.00966768,0.732657,0.0164321,-0.0254214,-0.0137341,-0.999582,-0.132044,0,0,0,DISABLED,0
17.6403,6.75621,-0.279154,0,-0.00966619,0.732657,0.016414,-0.0254199,-0.0137174,-0.999583,-0.132122,0,0,0,DISABLED,0
17.6603,6.75621,-0.279146,0,-0.0096647,0.732658,0.0164031,-0.0254184,-0.0137006,-0.999583,-0.132199,0,0,0,DISABLED,0
17.6803,6.75621,-0.279139,0,-0.00966334,0.732658,0.0163885,-0.0254171,-0.0136856,-0.999583,-0.132269,0,0,0,DISABLED,0
17.7003,6.75621,-0.279131,0,-0.00966169,0.732659,0.016374,-0.0254154,-0.0136673,-0.999584,-0.132354,0,0,0,DISABLED,0
17.7203,6.75621,-0.279123,0,-0.00966017,0.732659,0.0163594,-0.0254139,-0.0136507,-0.999584,-0.132432,0,0,0,DISABLED,0
17.7403,6.75621,-0.279116,0,-0.00965864,0.73266,0.0163448,-0.0254124,-0.0136341,-0.999584,-0.132509,0,0,0,DISABLED,0
17.7603,6.75621,-0.279108,0,-0.00965726,0.73266,0.0163303,-0.025411,-0.0136192,-0.999584,-0.132578,0,0,0,DISABLED,0
17.7803,6.75621,-0.279103,0,-0.00965604,0.732661,0.0163229,-0.0254098,-0.013606,-0.999584,-0.132639,0,0,0,DISABLED,0
17.8003,6.75621,-0.279094,0,-0.00965466,0.732661,0.0163083,-0.0254084,-0.0135912,-0.999585,-0.132708,0,0,0,DISABLED,0
17.8203,6.75621,-0.279085,0,-0.0096525,0.732662,0.0162864,-0.0254062,-0.0135682,-0.999585,-0.132815,0,0,0,DISABLED,0
17.8403,6.75621,-0.279078,0,-0.0096511,0.732662,0.0162754,-0.0254048,-0.0135534,-0.999585,-0.132884,0,0,0,DISABLED,0
17.8603,6.75621,-0.27907,0,-0.00964939,0.732663,0.0162608,-0.0254031,-0.0135354,-0.999586,-0.132968,0,0,0,DISABLED,0
17.8803,6.75621,-0.279062,0,-0.00964785,0.732663,0.0162461,-0.0254016,-0.0135191,-0.999586,-0.133044,0,0,0,DISABLED,0
17.9003,6.75621,-0.279056,0,-0.00964661,0.732664,0.0162351,-0.0254003,-0.013506,-0.999586,-0.133104,0,0,0,DISABLED,0
17.9203,6.75621,-0.27905,0,-0.00964522,0.732664,0.0162241,-0.0253989,-0.0134914,-0.999586,-0.133172,0,0,0,DISABLED,0
17.9403,6.75621,-0.27904,0,-0.0096432,0.732665,0.016202,-0.0253969,-0.0134703,-0.999587,-0.133271,0,0,0,DISABLED,0
17.9603,6.75621,-0.279033,0,-0.00964195,0.732665,0.0161946,-0.0253957,-0.0134573,-0.999587,-0.133331,0,0,0,DISABLED,0
17.9803,6.75621,-0.279025,0,-0.00964022,0.732666,0.0161762,-0.0253939,-0.0134395,-0.999587,-0.133414,0,0,0,DISABLED,0
18.0003,6.75621,-0.279017,0,-0.00963849,0.732666,0.0161615,-0.0253922,-0.0134218,-0.999587,-0.133496,0,0,0,DISABLED,0
