t,drift_x,drift_y,lean,dpitch,base_z,tilt_rad,gx,gy,gz,yaw_delta,cmd_vx,cmd_vy,cmd_yaw,meta_selected,meta_safety_hold
0.0199962,0,0,0,0,0.732862,0.000345267,-0.0157014,-0.000416735,-0.999877,0,0,0,0,DISABLED,0
0.0399961,-5.7742e-08,-1.87661e-07,0,-4.35859e-06,0.732862,0.000345267,-0.0157057,-0.000416287,-0.999877,5.22146e-06,0,0,0,DISABLED,0
0.0599961,-1.07102e-07,-3.4133e-07,0,-7.91065e-06,0.732862,0.000345267,-0.0157093,-0.000415919,-0.999876,9.51404e-06,0,0,0,DISABLED,0
0.0799961,-1.62981e-07,-5.11762e-07,0,-1.18446e-05,0.732862,0.000345267,-0.0157132,-0.000415521,-0.999876,1.43097e-05,0,0,0,DISABLED,0
0.0999961,-2.26311e-07,-6.98026e-07,0,-1.6192e-05,0.732862,0.000345267,-0.0157176,-0.000415113,-0.999876,1.93585e-05,0,0,0,DISABLED,0
0.119996,-2.80328e-07,-8.51229e-07,0,-2.01464e-05,0.732862,0.000345267,-0.0157215,-0.000414733,-0.999876,2.37918e-05,0,0,0,DISABLED,0
0.139996,-3.41795e-07,-1.02306e-06,0,-2.3704e-05,0.732862,0.000345267,-0.0157251,-0.000414366,-0.999876,2.76403e-05,0,0,0,DISABLED,0
0.159996,-3.7998e-07,-1.12737e-06,0,-2.60752e-05,0.732862,0.000345267,-0.0157275,-0.000414112,-0.999876,3.0166e-05,0,0,0,DISABLED,0
0.179996,-4.77768e-07,-1.38907e-06,0,-3.20077e-05,0.732862,0.000345267,-0.0157334,-0.000413384,-0.999876,3.62906e-05,0,0,0,DISABLED,0
0.199996,-5.39236e-07,-1.54786e-06,0,-3.55504e-05,0.732862,0.000345267,-0.0157369,-0.000412927,-0.999876,3.99278e-05,0,0,0,DISABLED,0
0.219996,-6.10016e-07,-1.72667e-06,0,-3.94657e-05,0.732862,0.000345267,-0.0157409,-0.000412413,-0.999876,4.39348e-05,0,0,0,DISABLED,0
0.239996,-6.9011e-07,-1.92411e-06,0,-4.37573e-05,0.732862,0,-0.0157451,-0.000411855,-0.999876,4.83034e-05,0,0,0,DISABLED,0
0.259996,-7.64616e-07,-2.10339e-06,0,-4.76465e-05,0.732862,0,-0.015749,-0.000411337,-0.999876,5.22361e-05,0,0,0,DISABLED,0
0.279996,-8.34465e-07,-2.26451e-06,0,-5.11296e-05,0.732862,0.000345267,-0.0157525,-0.000410868,-0.999876,5.57577e-05,0,0,0,DISABLED,0
0.299996,-9.12696e-07,-2.44286e-06,0,-5.49927e-05,0.732862,0,-0.0157564,-0.00041036,-0.999876,5.96618e-05,0,0,0,DISABLED,0
0.319996,-9.93721e-07,-2.62074e-06,0,-5.8841e-05,0.732862,0,-0.0157602,-0.000409845,-0.999876,6.35391e-05,0,0,0,DISABLED,0
0.339996,-1.07661e-06,-2.79816e-06,0,-6.26743e-05,0.732862,0,-0.0157641,-0.000409335,-0.999876,6.74002e-05,0,0,0,DISABLED,0
0.359996,-1.16136e-06,-2.97558e-06,0,-6.64983e-05,0.732862,0,-0.0157679,-0.00040884,-0.999876,7.12468e-05,0,0,0,DISABLED,0
0.379996,-1.23959e-06,-3.1353e-06,0,-6.99237e-05,0.732861,0.000345267,-0.0157713,-0.000408393,-0.999876,7.46787e-05,0,0,0,DISABLED,0
0.399996,-1.33738e-06,-3.32994e-06,0,-7.4096e-05,0.732861,0,-0.0157755,-0.000407855,-0.999875,7.88454e-05,0,0,0,DISABLED,0
0.419996,-1.42772e-06,-3.50643e-06,0,-7.78772e-05,0.732861,0,-0.0157793,-0.000407379,-0.999875,8.26234e-05,0,0,0,DISABLED,0
0.439996,-1.52085e-06,-3.68338e-06,0,-8.1636e-05,0.732861,0.000345267,-0.015783,-0.000406907,-0.999875,8.63726e-05,0,0,0,DISABLED,0
0.459996,-1.61584e-06,-3.85987e-06,0,-8.53837e-05,0.732861,0.000345267,-0.0157868,-0.000406445,-0.999875,9.00961e-05,0,0,0,DISABLED,0
0.479996,-1.72202e-06,-4.05405e-06,0,-8.87457e-05,0.732861,0.000345267,-0.0157901,-0.000406037,-0.999875,9.34291e-05,0,0,0,DISABLED,0
0.499996,-1.81142e-06,-4.21191e-06,0,-9.28417e-05,0.732861,0.000345267,-0.0157942,-0.000405545,-0.999875,9.74829e-05,0,0,0,DISABLED,0
0.519996,-1.91107e-06,-4.38746e-06,0,-9.69227e-05,0.732861,0,-0.0157983,-0.000405068,-0.999875,0.000101536,0,0,0,DISABLED,0
0.539996,-2.0247e-06,-4.58071e-06,0,-0.000100609,0.732861,0.000345267,-0.015802,-0.000404637,-0.999875,0.000105196,0,0,0,DISABLED,0
0.559996,-2.11876e-06,-4.73857e-06,0,-0.000103915,0.732861,0.000345267,-0.0158053,-0.000404257,-0.999875,0.000108466,0,0,0,DISABLED,0
0.579996,-2.22493e-06,-4.91366e-06,0,-0.000107577,0.732861,0.000345267,-0.015809,-0.000403841,-0.999875,0.000112086,0,0,0,DISABLED,0
0.599996,-2.33296e-06,-5.08828e-06,0,-0.000111228,0.732861,0.000345267,-0.0158126,-0.000403428,-0.999875,0.000115702,0,0,0,DISABLED,0
0.619996,-2.44286e-06,-5.26244e-06,0,-0.000114862,0.732861,0.000345267,-0.0158163,-0.00040302,-0.999875,0.000119313,0,0,0,DISABLED,0
0.639996,-2.55462e-06,-5.43613e-06,0,-0.000118485,0.732861,0.000345267,-0.0158199,-0.000402626,-0.999875,0.000122921,0,0,0,DISABLED,0
0.659996,-2.66824e-06,-5.61029e-06,0,-0.000122091,0.732861,0.000345267,-0.0158235,-0.000402233,-0.999875,0.000126505,0,0,0,DISABLED,0
0.679996,-2.78372e-06,-5.78398e-06,0,-0.000125686,0.732861,0.000345267,-0.0158271,-0.000401847,-0.999875,0.000130073,0,0,0,DISABLED,0
0.699996,-2.902e-06,-5.95767e-06,0,-0.000129264,0.732861,0.000345267,-0.0158307,-0.000401467,-0.999875,0.00013363,0,0,0,DISABLED,0
0.719995,-3.02121e-06,-6.1309e-06,0,-0.000132829,0.732861,0.000345267,-0.0158342,-0.000401088,-0.999875,0.000137165,0,0,0,DISABLED,0
0.739995,-3.14228e-06,-6.30366e-06,0,-0.000136383,0.732861,0.000345267,-0.0158378,-0.000400722,-0.999874,0.000140699,0,0,0,DISABLED,0
0.759995,-3.26522e-06,-6.47642e-06,0,-0.00013992,0.732861,0.000345267,-0.0158413,-0.000400362,-0.999874,0.000144225,0,0,0,DISABLED,0
0.779995,-3.39001e-06,-6.64918e-06,0,-0.000143446,0.732861,0.000345267,-0.0158448,-0.000400007,-0.999874,0.000147742,0,0,0,DISABLED,0
0.799995,-3.51667e-06,-6.82147e-06,0,-0.000146955,0.732861,0,-0.0158483,-0.000399663,-0.999874,0.000151259,0,0,0,DISABLED,0
0.819995,-3.61912e-06,-6.95931e-06,0,-0.000150459,0.732861,0,-0.0158518,-0.000399334,-0.999874,0.00015478,0,0,0,DISABLED,0
0.839995,-3.77465e-06,-7.1656e-06,0,-0.000153942,0.732861,0.000345267,-0.0158553,-0.00039899,-0.999874,0.000158278,0,0,0,DISABLED,0
0.859995,-3.86685e-06,-7.28574e-06,0,-0.000157412,0.732861,0.000345267,-0.0158588,-0.00039865,-0.999874,0.000161762,0,0,0,DISABLED,0
0.879995,-4.04008e-06,-7.50879e-06,0,-0.000160869,0.732861,0.000345267,-0.0158623,-0.000398317,-0.999874,0.000165237,0,0,0,DISABLED,0
0.899995,-4.17605e-06,-7.67969e-06,0,-0.000164311,0.732861,0.000345267,-0.0158657,-0.000397991,-0.999874,0.000168706,0,0,0,DISABLED,0
0.919995,-4.32692e-06,-7.86781e-06,0,-0.000168085,0.732861,0.000345267,-0.0158695,-0.000397645,-0.999874,0.000172522,0,0,0,DISABLED,0
0.939995,-4.45265e-06,-8.02148e-06,0,-0.00017116,0.732861,0.000345267,-0.0158726,-0.000397359,-0.999874,0.00017563,0,0,0,DISABLED,0
0.959995,-4.59328e-06,-8.19191e-06,0,-0.000174563,0.732861,0.000345267,-0.015876,-0.000397048,-0.999874,0.000179074,0,0,0,DISABLED,0
0.979995,-4.73578e-06,-8.36188e-06,0,-0.000177957,0.732861,0.000345267,-0.0158793,-0.000396746,-0.999874,0.00018252,0,0,0,DISABLED,0
0.999995,-4.89503e-06,-8.54861e-06,0,-0.000181673,0.732861,0.000345267,-0.0158831,-0.000396412,-0.999874,0.000186304,0,0,0,DISABLED,0
1.02,-5.02728e-06,-8.70088e-06,0,-0.000184702,0.732861,0,-0.0158861,-0.000396141,-0.999874,0.000189392,0,0,0,DISABLED,0
1.04,-5.17536e-06,-8.87038e-06,0,-0.000188053,0.732861,0.000345267,-0.0158894,-0.000395848,-0.999874,0.000192813,0,0,0,DISABLED,0
1.06,-5.32437e-06,-9.03942e-06,0,-0.000191396,0.732861,0.000345267,-0.0158928,-0.000395564,-0.999874,0.000196236,0,0,0,DISABLED,0
1.08,-5.49108e-06,-9.22475e-06,0,-0.000194727,0.732861,0.000345267,-0.0158961,-0.000395282,-0.999874,0.000199658,0,0,0,DISABLED,0
1.1,-5.64381e-06,-9.39332e-06,0,-0.000198377,0.732861,0.000345267,-0.0158998,-0.000394975,-0.999874,0.000203405,0,0,0,DISABLED,0
1.12,-5.78351e-06,-9.54513e-06,0,-0.000201358,0.732861,0.000345267,-0.0159027,-0.00039475,-0.999873,0.000206478,0,0,0,DISABLED,0
1.14,-5.93998e-06,-9.71323e-06,0,-0.000204654,0.732861,0.000345267,-0.015906,-0.000394481,-0.999873,0.000209856,0,0,0,DISABLED,0
1.16,-6.09737e-06,-9.88087e-06,0,-0.000207944,0.732861,0.000345267,-0.0159093,-0.00039422,-0.999873,0.000213224,0,0,0,DISABLED,0
1.18,-6.25756e-06,-1.0048e-05,0,-0.00021122,0.732861,0.000345267,-0.0159126,-0.000393962,-0.999873,0.000216588,0,0,0,DISABLED,0
1.2,-6.41868e-06,-1.02147e-05,0,-0.000214487,0.732861,0.000345267,-0.0159159,-0.000393702,-0.999873,0.000219939,0,0,0,DISABLED,0
1.22,-6.56489e-06,-1.03647e-05,0,-0.000217419,0.732861,0.000345267,-0.0159188,-0.000393471,-0.999873,0.000222944,0,0,0,DISABLED,0
1.24,-6.76233e-06,-1.0564e-05,0,-0.000221319,0.732861,0.000345267,-0.0159227,-0.000393171,-0.999873,0.000226941,0,0,0,DISABLED,0
1.25999,-6.91228e-06,-1.07135e-05,0,-0.000224233,0.732861,0.000345267,-0.0159256,-0.000392949,-0.999873,0.00022993,0,0,0,DISABLED,0
1.27999,-7.08085e-06,-1.08792e-05,0,-0.000227461,0.732861,0.000345267,-0.0159289,-0.000392709,-0.999873,0.00023324,0,0,0,DISABLED,0
1.29999,-7.26711e-06,-1.10613e-05,0,-0.000231003,0.732861,0.000345267,-0.0159324,-0.000392455,-0.999873,0.000236876,0,0,0,DISABLED,0
1.31999,-7.42078e-06,-1.12099e-05,0,-0.00023389,0.732861,0.000345267,-0.0159353,-0.000392242,-0.999873,0.00023984,0,0,0,DISABLED,0
1.33999,-7.594e-06,-1.13742e-05,0,-0.000237091,0.732861,0.000345267,-0.0159385,-0.00039201,-0.999873,0.000243124,0,0,0,DISABLED,0
1.35999,-7.78586e-06,-1.15549e-05,0,-0.000240603,0.732861,0.000345267,-0.015942,-0.000391764,-0.999873,0.000246736,0,0,0,DISABLED,0
1.37999,-7.94418e-06,-1.17025e-05,0,-0.000243468,0.732861,0.000345267,-0.0159449,-0.00039156,-0.999873,0.000249681,0,0,0,DISABLED,0
1.39999,-8.12206e-06,-1.1866e-05,0,-0.000246642,0.732861,0.000345267,-0.015948,-0.000391339,-0.999873,0.000252943,0,0,0,DISABLED,0
1.41999,-8.30088e-06,-1.2029e-05,0,-0.000249807,0.732861,0.000345267,-0.0159512,-0.000391121,-0.999873,0.000256196,0,0,0,DISABLED,0
1.43999,-8.48249e-06,-1.21919e-05,0,-0.000252966,0.732861,0.000345267,-0.0159544,-0.000390907,-0.999873,0.000259442,0,0,0,DISABLED,0
1.45999,-8.66409e-06,-1.2354e-05,0,-0.000256117,0.732861,0.000488281,-0.0159575,-0.000390701,-0.999873,0.000262687,0,0,0,DISABLED,0
1.47999,-8.8485e-06,-1.25165e-05,0,-0.000259262,0.732861,0.000345267,-0.0159607,-0.000390494,-0.999873,0.000265918,0,0,0,DISABLED,0
1.49999,-9.03383e-06,-1.26781e-05,0,-0.000262396,0.732861,0.000345267,-0.0159638,-0.000390292,-0.999873,0.000269137,0,0,0,DISABLED,0
1.51999,-9.22102e-06,-1.28397e-05,0,-0.000265524,0.732861,0.000345267,-0.0159669,-0.000390093,-0.999872,0.000272346,0,0,0,DISABLED,0
1.53999,-9.41008e-06,-1.30008e-05,0,-0.000268642,0.732861,0.000345267,-0.01597,-0.000389898,-0.999872,0.000275547,0,0,0,DISABLED,0
1.55999,-9.60007e-06,-1.31615e-05,0,-0.000271752,0.732861,0.000488281,-0.0159731,-0.000389708,-0.999872,0.00027874,0,0,0,DISABLED,0
1.57999,-9.81148e-06,-1.33379e-05,0,-0.000275169,0.732861,0.000488281,-0.0159766,-0.000389508,-0.999872,0.000282251,0,0,0,DISABLED,0
1.59999,-9.98564e-06,-1.34823e-05,0,-0.000277953,0.732861,0.000345267,-0.0159793,-0.000389341,-0.999872,0.000285108,0,0,0,DISABLED,0
1.61999,-1.01803e-05,-1.3642e-05,0,-0.000281041,0.732861,0.000345267,-0.0159824,-0.00038916,-0.999872,0.000288273,0,0,0,DISABLED,0
1.63999,-1.03572e-05,-1.37854e-05,0,-0.000284433,0.732861,0.000345267,-0.0159858,-0.000388963,-0.999872,0.000291744,0,0,0,DISABLED,0
1.65999,-1.05752e-05,-1.39601e-05,0,-0.000287199,0.732861,0.000345267,-0.0159886,-0.000388803,-0.999872,0.000294577,0,0,0,DISABLED,0
1.67999,-1.07745e-05,-1.41184e-05,0,-0.000290269,0.732861,0.000488281,-0.0159917,-0.000388636,-0.999872,0.000297727,0,0,0,DISABLED,0
1.69999,-1.09756e-05,-1.42767e-05,0,-0.000293329,0.732861,0.000345267,-0.0159947,-0.000388466,-0.999872,0.000300864,0,0,0,DISABLED,0
1.71999,-1.11377e-05,-1.44024e-05,0,-0.000295773,0.732861,0.000345267,-0.0159972,-0.000388332,-0.999872,0.000303368,0,0,0,DISABLED,0
1.73999,-1.13826e-05,-1.4591e-05,0,-0.000299433,0.732861,0.000345267,-0.0160008,-0.000388134,-0.999872,0.000307119,0,0,0,DISABLED,0
1.75999,-1.15875e-05,-1.47475e-05,0,-0.000302479,0.732861,0.000345267,-0.0160039,-0.000387983,-0.999872,0.000310251,0,0,0,DISABLED,0
1.77999,-1.17747e-05,-1.48891e-05,0,-0.000305209,0.732861,0.000488281,-0.0160066,-0.000387842,-0.999872,0.000313049,0,0,0,DISABLED,0
1.79999,-1.20243e-05,-1.50767e-05,0,-0.000308856,0.732861,0.000488281,-0.0160102,-0.00038768,-0.999872,0.000316725,0,0,0,DISABLED,0
1.81999,-1.22124e-05,-1.52173e-05,0,-0.0003116,0.732861,0.000345267,-0.016013,-0.000387567,-0.999872,0.000319353,0,0,0,DISABLED,0
1.83999,-1.24453e-05,-1.53901e-05,0,-0.000314958,0.732861,0.000345267,-0.0160163,-0.000387415,-0.999872,0.000322432,0,0,0,DISABLED,0
1.85999,-1.26362e-05,-1.55326e-05,0,-0.000317704,0.732861,0.000345267,-0.0160191,-0.000387267,-0.999872,0.000324874,0,0,0,DISABLED,0
1.87999,-1.28504e-05,-1.56923e-05,0,-0.000320755,0.732861,0.000488281,-0.0160221,-0.000387088,-0.999872,0.000327512,0,0,0,DISABLED,0
1.89999,-1.30665e-05,-1.58525e-05,0,-0.000323797,0.732861,0.000488281,-0.0160252,-0.00038688,-0.999871,0.000330123,0,0,0,DISABLED,0
1.91999,-1.32835e-05,-1.60136e-05,0,-0.000326846,0.732861,0.000345267,-0.0160282,-0.000386714,-0.999871,0.000332737,0,0,0,DISABLED,0
1.93999,-1.35014e-05,-1.61757e-05,0,-0.000329887,0.732861,0.000345267,-0.0160313,-0.0003866,-0.999871,0.000335413,0,0,0,DISABLED,0
1.95999,-1.37221e-05,-1.63382e-05,0,-0.000332907,0.732861,0.000345267,-0.0160343,-0.000386499,-0.999871,0.000338147,0,0,0,DISABLED,0
1.97999,-1.39661e-05,-1.65175e-05,0,-0.000336206,0.732861,0.000488281,-0.0160376,-0.000386399,-0.999871,0.000341234,0,0,0,DISABLED,0
1.99999,-1.41896e-05,-1.66814e-05,0,-0.000338878,0.732861,0.000488281,-0.0160403,-0.00038631,-0.999871,0.000343801,0,0,0,DISABLED,0
2.01999,-1.43927e-05,-1.6829e-05,0,-0.00034182,0.732861,0.000345267,-0.0160432,-0.000386202,-0.999871,0.000346706,0,0,0,DISABLED,0
2.03999,-1.45976e-05,-1.69757e-05,0,-0.000344152,0.732861,0.000345267,-0.0160455,-0.000386081,-0.999871,0.000349043,0,0,0,DISABLED,0
2.05999,-1.48499e-05,-1.71545e-05,0,-0.000347627,0.732861,0.000488281,-0.016049,-0.00038588,-0.999871,0.00035258,0,0,0,DISABLED,0
2.07999,-1.50111e-05,-1.72686e-05,0,-0.000349645,0.732861,0.000488281,-0.016051,-0.000385755,-0.999871,0.000354654,0,0,0,DISABLED,0
2.09999,-1.53128e-05,-1.74795e-05,0,-0.000353379,0.732861,0.000488281,-0.0160548,-0.000385522,-0.999871,0.000358504,0,0,0,DISABLED,0
2.11999,-1.55456e-05,-1.7642e-05,0,-0.000355955,0.732861,0.000345267,-0.0160573,-0.00038536,-0.999871,0.000361177,0,0,0,DISABLED,0
2.13999,-1.57803e-05,-1.7805e-05,0,-0.000359092,0.732861,0.000488281,-0.0160605,-0.000385174,-0.999871,0.000364452,0,0,0,DISABLED,0
2.15999,-1.60169e-05,-1.7968e-05,0,-0.000361929,0.732861,0.000488281,-0.0160633,-0.000385,-0.999871,0.000367424,0,0,0,DISABLED,0
2.17999,-1.62544e-05,-1.8131e-05,0,-0.000364756,0.732861,0.000488281,-0.0160661,-0.000384831,-0.999871,0.000370401,0,0,0,DISABLED,0
2.19999,-1.64937e-05,-1.82935e-05,0,-0.000367012,0.732861,0.000345267,-0.0160684,-0.000384693,-0.999871,0.000372792,0,0,0,DISABLED,0
2.21999,-1.6734e-05,-1.8456e-05,0,-0.000370383,0.732861,0.000488281,-0.0160718,-0.000384484,-0.999871,0.000376389,0,0,0,DISABLED,0
2.23999,-1.69761e-05,-1.86176e-05,0,-0.000373179,0.732861,0.000488281,-0.0160746,-0.000384305,-0.999871,0.000379397,0,0,0,DISABLED,0
2.25999,-1.72192e-05,-1.87797e-05,0,-0.000375966,0.732861,0.000488281,-0.0160774,-0.000384129,-0.999871,0.000382405,0,0,0,DISABLED,0
2.27999,-1.74642e-05,-1.89417e-05,0,-0.000378741,0.732861,0.000345267,-0.0160801,-0.000383957,-0.999871,0.000385412,0,0,0,DISABLED,0
2.29999,-1.77352e-05,-1.91201e-05,0,-0.000381786,0.732861,0.000488281,-0.0160832,-0.000383779,-0.999871,0.000388736,0,0,0,DISABLED,0
2.31999,-1.7982e-05,-1.92816e-05,0,-0.000384545,0.732861,0.000488281,-0.0160859,-0.000383614,-0.999871,0.000391763,0,0,0,DISABLED,0
2.33999,-1.82064e-05,-1.94279e-05,0,-0.000387017,0.732861,0.000488281,-0.0160884,-0.000383464,-0.99987,0.000394485,0,0,0,DISABLED,0
2.35999,-1.8457e-05,-1.9589e-05,0,-0.00038976,0.732861,0.000345267,-0.0160912,-0.000383303,-0.99987,0.000397515,0,0,0,DISABLED,0
2.37999,-1.87084e-05,-1.97501e-05,0,-0.000392495,0.732861,0.000488281,-0.0160939,-0.000383147,-0.99987,0.000400562,0,0,0,DISABLED,0
2.39999,-1.89608e-05,-1.99107e-05,0,-0.00039522,0.732861,0.000488281,-0.0160966,-0.000382992,-0.99987,0.000403617,0,0,0,DISABLED,0
2.41999,-1.92411e-05,-2.00872e-05,0,-0.000398209,0.732861,0.000488281,-0.0160996,-0.000382829,-0.99987,0.000406984,0,0,0,DISABLED,0
2.43999,-1.94712e-05,-2.02316e-05,0,-0.000400648,0.732861,0.000488281,-0.016102,-0.000382702,-0.99987,0.00040974,0,0,0,DISABLED,0
2.45999,-1.97282e-05,-2.03922e-05,0,-0.00040335,0.732861,0.000488281,-0.0161047,-0.000382566,-0.99987,0.000412807,0,0,0,DISABLED,0
2.47999,-1.99862e-05,-2.05524e-05,0,-0.000406047,0.732861,0.000488281,-0.0161074,-0.000382436,-0.99987,0.000415887,0,0,0,DISABLED,0
2.49999,-2.02721e-05,-2.07284e-05,0,-0.000409005,0.732861,0.000488281,-0.0161104,-0.000382298,-0.99987,0.000419291,0,0,0,DISABLED,0
2.51999,-2.05068e-05,-2.08728e-05,0,-0.000411417,0.732861,0.000488281,-0.0161128,-0.000382184,-0.99987,0.000422075,0,0,0,DISABLED,0
2.53999,-2.07685e-05,-2.10325e-05,0,-0.00041409,0.732861,0.000488281,-0.0161155,-0.000382063,-0.99987,0.000425169,0,0,0,DISABLED,0
2.55999,-2.10321e-05,-2.11922e-05,0,-0.000416758,0.732861,0.000488281,-0.0161181,-0.000381946,-0.99987,0.000428272,0,0,0,DISABLED,0
2.57999,-2.12444e-05,-2.13194e-05,0,-0.000419682,0.732861,0.000488281,-0.0161211,-0.000381824,-0.99987,0.000431701,0,0,0,DISABLED,0
2.59999,-2.15629e-05,-2.15108e-05,0,-0.00042207,0.732861,0.000488281,-0.0161235,-0.000381725,-0.99987,0.000434506,0,0,0,DISABLED,0
2.61999,-2.18311e-05,-2.167e-05,0,-0.000424713,0.732861,0.000488281,-0.0161261,-0.000381621,-0.99987,0.000437628,0,0,0,DISABLED,0
2.63999,-2.20994e-05,-2.18288e-05,0,-0.00042735,0.732861,0.00059802,-0.0161287,-0.000381521,-0.99987,0.000440757,0,0,0,DISABLED,0
2.65999,-2.23694e-05,-2.19876e-05,0,-0.000429984,0.732861,0.000488281,-0.0161314,-0.000381425,-0.99987,0.000443901,0,0,0,DISABLED,0
2.67999,-2.26675e-05,-2.21618e-05,0,-0.000432871,0.732861,0.000488281,-0.0161343,-0.000381325,-0.99987,0.00044737,0,0,0,DISABLED,0
2.69999,-2.29133e-05,-2.23047e-05,0,-0.000435224,0.732861,0.00059802,-0.0161366,-0.000381244,-0.99987,0.000450206,0,0,0,DISABLED,0
2.71999,-2.31871e-05,-2.2463e-05,0,-0.000437835,0.732861,0.000488281,-0.0161392,-0.00038116,-0.99987,0.00045336,0,0,0,DISABLED,0
2.73999,-2.34619e-05,-2.26214e-05,0,-0.000440441,0.732861,0.000488281,-0.0161418,-0.000381079,-0.99987,0.000456522,0,0,0,DISABLED,0
2.75999,-2.37655e-05,-2.27946e-05,0,-0.0004433,0.732861,0.000488281,-0.0161447,-0.000380995,-0.99987,0.000460018,0,0,0,DISABLED,0
2.77999,-2.4016e-05,-2.29366e-05,0,-0.000445632,0.732861,0.000488281,-0.016147,-0.000380927,-0.99987,0.000462878,0,0,0,DISABLED,0
2.79999,-2.42945e-05,-2.30945e-05,0,-0.000448216,0.732861,0.000488281,-0.0161496,-0.00038086,-0.99987,0.000466065,0,0,0,DISABLED,0
2.81999,-2.45189e-05,-2.32207e-05,0,-0.000450538,0.732861,0.00059802,-0.0161519,-0.000380802,-0.999869,0.000468939,0,0,0,DISABLED,0
2.83999,-2.48561e-05,-2.34093e-05,0,-0.000453373,0.732861,0.00059802,-0.0161548,-0.000380729,-0.999869,0.000472457,0,0,0,DISABLED,0
2.85999,-2.51383e-05,-2.35662e-05,0,-0.00045594,0.732861,0.000488281,-0.0161573,-0.000380665,-0.999869,0.000475665,0,0,0,DISABLED,0
2.87999,-2.54223e-05,-2.37231e-05,0,-0.000458499,0.732861,0.000488281,-0.0161599,-0.00038061,-0.999869,0.000478878,0,0,0,DISABLED,0
2.89999,-2.57073e-05,-2.388e-05,0,-0.000461057,0.732861,0.00059802,-0.0161624,-0.000380564,-0.999869,0.000482101,0,0,0,DISABLED,0
2.91999,-2.60221e-05,-2.40528e-05,0,-0.00046386,0.732861,0.000488281,-0.0161653,-0.000380511,-0.999869,0.000485646,0,0,0,DISABLED,0
2.93999,-2.6281e-05,-2.41939e-05,0,-0.000466159,0.732861,0.000488281,-0.0161675,-0.000380493,-0.999869,0.000488531,0,0,0,DISABLED,0
2.95999,-2.65688e-05,-2.43513e-05,0,-0.000468712,0.732861,0.00059802,-0.0161701,-0.000380481,-0.999869,0.000491722,0,0,0,DISABLED,0
2.97999,-2.68584e-05,-2.45096e-05,0,-0.000471253,0.732861,0.000488281,-0.0161726,-0.000380453,-0.999869,0.000494918,0,0,0,DISABLED,0
2.99999,-2.71499e-05,-2.46684e-05,0,-0.000473779,0.732861,0.000488281,-0.0161752,-0.000380404,-0.999869,0.000498114,0,0,0,DISABLED,0
3.01999,-2.74424e-05,-2.48286e-05,0,-0.000476297,0.732861,0.00059802,-0.0161777,-0.000380343,-0.999869,0.000501314,0,0,0,DISABLED,0
3.03999,-2.77366e-05,-2.49888e-05,0,-0.000479056,0.732861,0.00059802,-0.0161804,-0.000380261,-0.999869,0.000504832,0,0,0,DISABLED,0
3.05999,-2.80319e-05,-2.51499e-05,0,-0.000481302,0.732861,0.000488281,-0.0161827,-0.000380189,-0.999869,0.000507708,0,0,0,DISABLED,0
3.08,-2.82098e-05,-2.52468e-05,0,-0.000482799,0.732861,0.00059802,-0.0161842,-0.000380141,-0.999869,0.000509625,0,0,0,DISABLED,0
3.1,-2.86261e-05,-2.54717e-05,0,-0.000486284,0.732861,0.00059802,-0.0161877,-0.000380027,-0.999869,0.000514101,0,0,0,DISABLED,0
3.12,-2.8925e-05,-2.56319e-05,0,-0.000488769,0.732861,0.000488281,-0.0161902,-0.000379943,-0.999869,0.000517319,0,0,0,DISABLED,0
3.14,-2.92249e-05,-2.57934e-05,0,-0.000491243,0.732861,0.00059802,-0.0161926,-0.000379866,-0.999869,0.000520526,0,0,0,DISABLED,0
3.16,-2.95257e-05,-2.59555e-05,0,-0.000493711,0.732861,0.00059802,-0.0161951,-0.000379797,-0.999869,0.000523717,0,0,0,DISABLED,0
3.18,-2.98284e-05,-2.61171e-05,0,-0.000496417,0.732861,0.000488281,-0.0161978,-0.000379724,-0.999869,0.000527223,0,0,0,DISABLED,0
3.2,-3.01627e-05,-2.62954e-05,0,-0.00049863,0.732861,0.00059802,-0.0162,-0.000379667,-0.999869,0.000530109,0,0,0,DISABLED,0
3.22,-3.04366e-05,-2.64407e-05,0,-0.000501078,0.732861,0.00059802,-0.0162025,-0.000379601,-0.999869,0.000533313,0,0,0,DISABLED,0
3.24,-3.0743e-05,-2.66023e-05,0,-0.00050352,0.732861,0.00059802,-0.0162049,-0.000379533,-0.999869,0.000536512,0,0,0,DISABLED,0
3.26,-3.1081e-05,-2.67797e-05,0,-0.0005062,0.732861,0.00059802,-0.0162076,-0.000379457,-0.999869,0.000540028,0,0,0,DISABLED,0
3.28,-3.13586e-05,-2.69255e-05,0,-0.000508383,0.732861,0.00059802,-0.0162098,-0.000379399,-0.999869,0.000542907,0,0,0,DISABLED,0
3.3,-3.16687e-05,-2.70871e-05,0,-0.000510804,0.732861,0.00059802,-0.0162122,-0.000379341,-0.999869,0.000546109,0,0,0,DISABLED,0
3.32,-3.20105e-05,-2.72649e-05,0,-0.000513222,0.732861,0.00059802,-0.0162146,-0.000379281,-0.999868,0.000549307,0,0,0,DISABLED,0
3.34,-3.22917e-05,-2.74107e-05,0,-0.000515632,0.732861,0.000488281,-0.016217,-0.000379221,-0.999868,0.000552507,0,0,0,DISABLED,0
3.36,-3.26047e-05,-2.75723e-05,0,-0.000518035,0.732862,0.00059802,-0.0162194,-0.000379164,-0.999868,0.000555706,0,0,0,DISABLED,0
3.38,-3.29185e-05,-2.77343e-05,0,-0.000520436,0.732862,0.00059802,-0.0162218,-0.000379112,-0.999868,0.000558908,0,0,0,DISABLED,0
3.4,-3.32659e-05,-2.79127e-05,0,-0.000523068,0.732862,0.00059802,-0.0162245,-0.000379055,-0.999868,0.000562422,0,0,0,DISABLED,0
3.42,-3.35509e-05,-2.80584e-05,0,-0.000525214,0.732862,0.00059802,-0.0162266,-0.00037901,-0.999868,0.000565294,0,0,0,DISABLED,0
3.44,-3.38685e-05,-2.82209e-05,0,-0.00052736,0.732862,0.00059802,-0.0162288,-0.000378969,-0.999868,0.000568164,0,0,0,DISABLED,0
3.46,-3.41879e-05,-2.8383e-05,0,-0.000529975,0.732862,0.00059802,-0.0162314,-0.000378921,-0.999868,0.000571679,0,0,0,DISABLED,0
3.48,-3.45074e-05,-2.8545e-05,0,-0.000532346,0.732862,0.00059802,-0.0162337,-0.000378876,-0.999868,0.000574874,0,0,0,DISABLED,0
3.5,-3.48287e-05,-2.87076e-05,0,-0.000534713,0.732862,0.00059802,-0.0162361,-0.000378841,-0.999868,0.000578085,0,0,0,DISABLED,0
3.52001,-3.51835e-05,-2.88864e-05,0,-0.00053731,0.732862,0.00059802,-0.0162387,-0.000378799,-0.999868,0.000581596,0,0,0,DISABLED,0
3.54001,-3.54741e-05,-2.9033e-05,0,-0.000539428,0.732862,0.00059802,-0.0162408,-0.000378768,-0.999868,0.000584459,0,0,0,DISABLED,0
3.56001,-3.58317e-05,-2.92123e-05,0,-0.000541776,0.732862,0.00059802,-0.0162432,-0.00037874,-0.999868,0.000587646,0,0,0,DISABLED,0
3.58001,-3.61251e-05,-2.93585e-05,0,-0.000544121,0.732862,0.00059802,-0.0162455,-0.000378708,-0.999868,0.000590829,0,0,0,DISABLED,0
3.60001,-3.6451e-05,-2.95215e-05,0,-0.000546461,0.732862,0.00059802,-0.0162479,-0.000378677,-0.999868,0.000594011,0,0,0,DISABLED,0
3.62001,-3.67789e-05,-2.9684e-05,0,-0.000548797,0.732862,0.000690534,-0.0162502,-0.000378649,-0.999868,0.000597193,0,0,0,DISABLED,0
3.64001,-3.71085e-05,-2.9847e-05,0,-0.000551127,0.732862,0.00059802,-0.0162525,-0.000378624,-0.999868,0.000600372,0,0,0,DISABLED,0
3.66001,-3.74382e-05,-3.001e-05,0,-0.000553451,0.732862,0.00059802,-0.0162548,-0.000378601,-0.999868,0.000603548,0,0,0,DISABLED,0
3.68001,-3.77698e-05,-3.0173e-05,0,-0.000555772,0.732862,0.00059802,-0.0162572,-0.000378582,-0.999868,0.000606727,0,0,0,DISABLED,0
3.70001,-3.81013e-05,-3.03364e-05,0,-0.000558088,0.732862,0.00059802,-0.0162595,-0.000378565,-0.999868,0.000609904,0,0,0,DISABLED,0
3.72001,-3.84348e-05,-3.04999e-05,0,-0.000560166,0.732862,0.000690534,-0.0162616,-0.000378549,-0.999868,0.000612759,0,0,0,DISABLED,0
3.74001,-3.88026e-05,-3.06792e-05,0,-0.000562932,0.732862,0.00059802,-0.0162643,-0.000378531,-0.999868,0.000616563,0,0,0,DISABLED,0
3.76001,-3.91053e-05,-3.08263e-05,0,-0.000565004,0.732862,0.00059802,-0.0162664,-0.000378519,-0.999868,0.000619414,0,0,0,DISABLED,0
3.78001,-3.94415e-05,-3.09902e-05,0,-0.000567298,0.732862,0.000690534,-0.0162687,-0.00037851,-0.999868,0.000622578,0,0,0,DISABLED,0
3.80001,-3.97796e-05,-3.11537e-05,0,-0.000569589,0.732862,0.00059802,-0.016271,-0.000378502,-0.999868,0.000625738,0,0,0,DISABLED,0
3.82001,-4.01186e-05,-3.13176e-05,0,-0.000571877,0.732862,0.000690534,-0.0162733,-0.000378495,-0.999867,0.000628899,0,0,0,DISABLED,0
3.84001,-4.0492e-05,-3.14973e-05,0,-0.000574159,0.732862,0.00059802,-0.0162755,-0.000378489,-0.999867,0.000632059,0,0,0,DISABLED,0
3.86001,-4.07984e-05,-3.16449e-05,0,-0.000576437,0.732862,0.00059802,-0.0162778,-0.000378486,-0.999867,0.000635218,0,0,0,DISABLED,0
3.88001,-4.11412e-05,-3.18089e-05,0,-0.000578709,0.732862,0.000690534,-0.0162801,-0.000378484,-0.999867,0.000638375,0,0,0,DISABLED,0
3.90001,-4.14839e-05,-3.19728e-05,0,-0.000580978,0.732862,0.00059802,-0.0162824,-0.000378484,-0.999867,0.00064153,0,0,0,DISABLED,0
3.92001,-4.18276e-05,-3.21371e-05,0,-0.000583241,0.732862,0.000690534,-0.0162846,-0.000378488,-0.999867,0.000644686,0,0,0,DISABLED,0
3.94001,-4.21731e-05,-3.23015e-05,0,-0.000585275,0.732862,0.00059802,-0.0162867,-0.00037849,-0.999867,0.000647523,0,0,0,DISABLED,0
3.96002,-4.25186e-05,-3.24659e-05,0,-0.00058776,0.732862,0.00059802,-0.0162892,-0.000378497,-0.999867,0.000650991,0,0,0,DISABLED,0
3.98002,-4.2866e-05,-3.26303e-05,0,-0.000590011,0.732862,0.000690534,-0.0162914,-0.000378504,-0.999867,0.000654144,0,0,0,DISABLED,0
4.00002,-4.32143e-05,-3.27947e-05,0,-0.000592258,0.732862,0.00059802,-0.0162936,-0.000378512,-0.999867,0.000657291,0,0,0,DISABLED,0
4.02002,-4.35635e-05,-3.29595e-05,0,-0.000594502,0.732862,0.000690534,-0.0162959,-0.000378526,-0.999867,0.000660436,0,0,0,DISABLED,0
4.04002,0.00039372,-3.29944e-05,0,-0.00184541,0.732798,0.00185932,-0.0175468,-0.000378989,-0.999846,0.00066342,0,0,0,DISABLED,0
4.06002,0.0014958,-3.29954e-05,0,-0.00421446,0.732585,0.00422864,-0.0199159,-0.000381878,-0.999802,0.00067231,0,0,0,DISABLED,0
4.08002,0.00346894,-3.22368e-05,0,-0.00587389,0.732209,0.00588982,-0.0215753,-0.000392293,-0.999767,0.000711392,0,0,0,DISABLED,0
4.10002,0.00545253,-2.92789e-05,0,-0.00553397,0.73192,0.00554582,-0.0212354,-0.000418028,-0.999774,0.000744633,0,0,0,DISABLED,0
4.12002,0.00752201,-2.52603e-05,0,-0.00386521,0.731702,0.00389096,-0.0195666,-0.000442479,-0.999808,0.000767252,0,0,0,DISABLED,0
4.14002,0.00989431,-1.68774e-05,0,-0.00149317,0.731503,0.00150498,-0.0171946,-0.000454903,-0.999852,0.00078138,0,0,0,DISABLED,0
4.16002,0.0131821,4.37303e-06,0,0.00236331,0.731252,0.00236703,-0.0133381,-0.000455663,-0.999911,0.000795121,0,0,0,DISABLED,0
4.18002,0.0168807,3.53898e-05,0,0.00697359,0.730973,0.00698261,-0.0087278,-0.000451246,-0.999962,0.00081156,0,0,0,DISABLED,0
4.20002,0.0202103,6.68396e-05,0,0.0108659,0.730733,0.0108691,-0.00483549,-0.000447939,-0.999988,0.000829733,0,0,0,DISABLED,0
4.22002,0.0229763,9.31346e-05,0,0.0142177,0.730565,0.0142191,-0.00148369,-0.000448931,-0.999999,0.000846299,0,0,0,DISABLED,0
4.24002,0.0283981,0.000144809,0,0.0206596,0.73057,0.0206616,0.0049582,-0.000434253,-0.999988,0.000865132,0,0,0,DISABLED,0
4.26002,0.0316864,0.000189252,0,0.0264001,0.731019,0.0264018,0.0106988,-0.000346665,-0.999943,0.000947601,0,0,0,DISABLED,0
4.28002,0.0345589,0.000261708,0,0.0302842,0.731723,0.0302864,0.0145828,-0.000168868,-0.999894,0.000988687,0,0,0,DISABLED,0
4.30002,0.0377488,0.000377236,0,0.0320166,0.73273,0.0320238,0.0163152,0.00012838,-0.999867,0.000990851,0,0,0,DISABLED,0
4.32002,0.0399315,0.000463754,0,0.0332233,0.733481,0.0332387,0.0175219,0.000498927,-0.999846,0.00099586,0,0,0,DISABLED,0
4.34002,0.0437149,0.000623319,0,0.0350066,0.734739,0.0350307,0.0193052,0.000813704,-0.999813,0.000990462,0,0,0,DISABLED,0
4.36002,0.0463368,0.000801257,0,0.0379417,0.735398,0.0379785,0.0222403,0.00119838,-0.999752,0.000978899,0,0,0,DISABLED,0
4.38002,0.0487403,0.00102793,0,0.0417179,0.735698,0.0417675,0.0260165,0.0015609,-0.99966,0.000989465,0,0,0,DISABLED,0
4.40003,0.0511515,0.00127776,0,0.045881,0.735721,0.0459427,0.0301796,0.00186799,-0.999543,0.00121697,0,0,0,DISABLED,0
4.42003,0.0531977,0.0014873,0,0.0498298,0.7356,0.0499043,0.0341284,0.00215703,-0.999415,0.00168365,0,0,0,DISABLED,0
4.44003,0.0551481,0.00170545,0,0.0523804,0.73548,0.0524673,0.036679,0.0024319,-0.999324,0.00200028,0,0,0,DISABLED,0
4.46003,0.0570136,0.0019598,0,0.054005,0.735437,0.0541057,0.0383036,0.0027289,-0.999262,0.00199571,0,0,0,DISABLED,0
4.48003,0.0582622,0.00214699,0,0.0549279,0.735458,0.0550421,0.0392265,0.00294766,-0.999226,0.00186217,0,0,0,DISABLED,0
4.50003,0.0603058,0.00245524,0,0.0555667,0.735547,0.0556884,0.0398653,0.00309663,-0.9992,0.00141692,0,0,0,DISABLED,0
4.52003,0.0619006,0.00266716,0,0.0562042,0.735646,0.0563251,0.0405028,0.0030854,-0.999175,0.000423643,0,0,0,DISABLED,0
4.54003,0.0633808,0.00281175,0,0.0571732,0.735762,0.0572795,0.0414719,0.0028459,-0.999136,-0.00102814,0,0,0,DISABLED,0
4.56003,0.064744,0.00289961,0,0.0584967,0.735895,0.0585889,0.0427953,0.00260293,-0.99908,-0.00280611,0,0,0,DISABLED,0
4.58003,0.065875,0.00296746,0,0.0599324,0.736025,0.0600229,0.044231,0.00257198,-0.999018,-0.00474823,0,0,0,DISABLED,0
4.60003,0.0671205,0.00306144,0,0.0620753,0.736168,0.0621696,0.0463739,0.00265989,-0.998921,-0.00647883,0,0,0,DISABLED,0
4.62003,0.0682476,0.0032308,0,0.0645098,0.736241,0.0646177,0.0488084,0.00293313,-0.998804,-0.00756004,0,0,0,DISABLED,0
4.64003,0.0691022,0.00346087,0,0.0666682,0.736218,0.0668017,0.0509668,0.00342474,-0.998694,-0.00832852,0,0,0,DISABLED,0
4.66003,0.0699844,0.00381057,0,0.0692637,0.736097,0.0694487,0.0535624,0.004263,-0.998555,-0.0089199,0,0,0,DISABLED,0
4.68003,0.0707965,0.00422641,0,0.0719027,0.735905,0.0721459,0.0562013,0.00510243,-0.998406,-0.00886083,0,0,0,DISABLED,0
4.70003,0.0715407,0.00469613,0,0.074129,0.735707,0.0744276,0.0584276,0.00584894,-0.998275,-0.00817365,0,0,0,DISABLED,0
4.72003,0.0722476,0.00519399,0,0.0752537,0.735595,0.0755928,0.0595524,0.00634046,-0.998205,-0.00820054,0,0,0,DISABLED,0
4.74003,0.0730024,0.00559202,0,0.0746254,0.735617,0.0749572,0.058924,0.00623578,-0.998243,-0.00871121,0,0,0,DISABLED,0
4.76003,0.0739391,0.00575382,0,0.072083,0.735676,0.0723284,0.0563816,0.00514959,-0.998396,-0.00953986,0,0,0,DISABLED,0
4.78003,0.0750828,0.00560848,0,0.0689016,0.735584,0.069011,0.0532002,0.00297371,-0.998579,-0.0111681,0,0,0,DISABLED,0
4.80003,0.0758794,0.00529948,0,0.0680034,0.735373,0.068036,0.0523021,0.000635926,-0.998631,-0.0133745,0,0,0,DISABLED,0
4.82003,0.0764556,0.00484545,0,0.0698099,0.735239,0.0698589,0.0541085,-0.00213806,-0.998533,-0.0177458,0,0,0,DISABLED,0
4.84004,0.0766298,0.00454075,0,0.0736907,0.735415,0.0738046,0.0579893,-0.00384154,-0.99831,-0.0230397,0,0,0,DISABLED,0
4.86004,0.0769131,0.00455887,0,0.0761495,0.735677,0.0762302,0.0604481,-0.00296993,-0.998167,-0.0268729,0,0,0,DISABLED,0
4.88004,0.077641,0.00507041,0,0.0765956,0.735819,0.0766439,0.0608942,0.000820273,-0.998144,-0.0316411,0,0,0,DISABLED,0
4.90004,0.078536,0.00564518,0,0.075406,0.735831,0.0755241,0.0597046,0.00311286,-0.998211,-0.0319116,0,0,0,DISABLED,0
4.92004,0.0792316,0.00604454,0,0.0740101,0.735401,0.0742342,0.0583087,0.00488781,-0.998287,-0.028574,0,0,0,DISABLED,0
4.94004,0.0798436,0.00654674,0,0.0714722,0.73443,0.0717986,0.0557708,0.00609527,-0.998425,-0.028807,0,0,0,DISABLED,0
4.96004,0.0809154,0.00707963,0,0.0656143,0.733735,0.0656552,0.0499129,0.00117692,-0.998753,-0.0337891,0,0,0,DISABLED,0
4.98004,0.0810782,0.00761153,0,0.0625381,0.734086,0.0626246,0.0468368,-0.00332403,-0.998897,-0.0318973,0,0,0,DISABLED,0
5.00004,0.0806923,0.00817769,0,0.0612466,0.734594,0.0614313,0.0455452,-0.00495193,-0.99895,-0.0299698,0,0,0,DISABLED,0
5.02004,0.0802493,0.00824312,0,0.0602655,0.734631,0.0604881,0.0445641,-0.00541188,-0.998992,-0.0301533,0,0,0,DISABLED,0
5.04004,0.0797692,0.00775607,0,0.0598033,0.73417,0.060018,0.0441019,-0.00531128,-0.999013,-0.0319404,0,0,0,DISABLED,0
5.06004,0.079169,0.00695784,0,0.0600242,0.733499,0.0602471,0.0443228,-0.00540568,-0.999003,-0.0374645,0,0,0,DISABLED,0
5.08004,0.0784732,0.00596085,0,0.0607799,0.733291,0.0611822,0.0450785,-0.00727039,-0.998957,-0.0429354,0,0,0,DISABLED,0
5.10004,0.077725,0.00519039,0,0.0619336,0.733339,0.0623238,0.0462322,-0.00722109,-0.998905,-0.0474444,0,0,0,DISABLED,0
5.12004,0.076944,0.00450989,0,0.0629927,0.733483,0.0632613,0.0472913,-0.00602423,-0.998863,-0.0505864,0,0,0,DISABLED,0
5.14004,0.0762094,0.00386877,0,0.0634114,0.73362,0.0635849,0.04771,-0.00484116,-0.99885,-0.0523434,0,0,0,DISABLED,0
5.16004,0.075114,0.00294047,0,0.0632835,0.733718,0.0634214,0.0475821,-0.00429932,-0.998858,-0.0533429,0,0,0,DISABLED,0
5.18004,0.0741759,0.00219897,0,0.0628885,0.733738,0.0630621,0.0471871,-0.00482339,-0.998874,-0.0538471,0,0,0,DISABLED,0
5.20004,0.0730408,0.00133553,0,0.0621475,0.733722,0.0624185,0.0464461,-0.00602139,-0.998903,-0.0542388,0,0,0,DISABLED,0
5.22004,0.0718549,0.000428685,0,0.0609796,0.733672,0.0614012,0.0452782,-0.00745359,-0.998947,-0.0546757,0,0,0,DISABLED,0
5.24004,0.0705095,-0.000633751,0,0.059324,0.733582,0.0599911,0.0436226,-0.00923011,-0.999005,-0.0551376,0,0,0,DISABLED,0
5.26005,0.0693623,-0.00155255,0,0.0578963,0.733481,0.0588601,0.0421949,-0.0109414,-0.999049,-0.0556382,0,0,0,DISABLED,0
5.28005,0.0680192,-0.00260521,0,0.0564433,0.73334,0.0578534,0.0407419,-0.0130488,-0.999084,-0.0565715,0,0,0,DISABLED,0
5.30005,0.0666078,-0.00365551,0,0.0551319,0.733185,0.0570918,0.0394305,-0.0151974,-0.999107,-0.0578589,0,0,0,DISABLED,0
5.32005,0.0651488,-0.00468637,0,0.0538023,0.733041,0.0563855,0.0381009,-0.0172476,-0.999125,-0.0592268,0,0,0,DISABLED,0
5.34005,0.0636515,-0.00569016,0,0.0523484,0.732923,0.0555876,0.036647,-0.0190793,-0.999146,-0.0606189,0,0,0,DISABLED,0
5.36005,0.0621103,-0.00667983,0,0.0507716,0.732829,0.054715,0.0350702,-0.0207805,-0.999169,-0.0618791,0,0,0,DISABLED,0
5.38005,0.0605309,-0.00766962,0,0.0490452,0.732743,0.053774,0.0333439,-0.0224397,-0.999192,-0.0628382,0,0,0,DISABLED,0
5.40005,0.0589278,-0.00864413,0,0.0471068,0.732657,0.0527054,0.0314054,-0.0240334,-0.999218,-0.0635377,0,0,0,DISABLED,0
5.42005,0.0572959,-0.00958841,0,0.0458603,0.732574,0.0520187,0.0301589,-0.0249476,-0.999234,-0.0638812,0,0,0,DISABLED,0
5.44005,0.0557962,-0.0104049,0,0.04304,0.732508,0.0504628,0.0273386,-0.0267438,-0.999268,-0.0645964,0,0,0,DISABLED,0
5.46005,0.0537502,-0.0114322,0,0.0403353,0.732433,0.048961,0.024634,-0.0281538,-0.9993,-0.0653266,0,0,0,DISABLED,0
5.48005,0.0523567,-0.0120688,0,0.0385231,0.73239,0.0479731,0.0228217,-0.0289918,-0.999319,-0.0659062,0,0,0,DISABLED,0
5.50005,0.0502348,-0.0129362,0,0.0357641,0.732346,0.0464153,0.0200627,-0.0299899,-0.999349,-0.066821,0,0,0,DISABLED,0
5.52005,0.0484871,-0.0135321,0,0.0337891,0.732385,0.0449071,0.0180877,-0.0299854,-0.999387,-0.0672503,0,0,0,DISABLED,0
5.54005,0.0469295,-0.0139839,0,0.0310015,0.732441,0.0426014,0.0153001,-0.0296278,-0.999444,-0.0676953,0,0,0,DISABLED,0
5.56005,0.0452233,-0.0143923,0,0.0284197,0.732499,0.0405198,0.0127183,-0.02929,-0.99949,-0.0681598,0,0,0,DISABLED,0
5.58005,0.0433872,-0.0147207,0,0.0257983,0.732552,0.0385008,0.0100969,-0.0289891,-0.999529,-0.0686503,0,0,0,DISABLED,0
5.60005,0.0422425,-0.014865,0,0.0231788,0.73258,0.0365873,0.00747737,-0.0287213,-0.99956,-0.0690701,0,0,0,DISABLED,0
5.62005,0.0403366,-0.0149804,0,0.0205406,0.732641,0.0346146,0.00483923,-0.0282745,-0.999588,-0.0693937,0,0,0,DISABLED,0
5.64005,0.0388159,-0.0149675,0,0.0178847,0.732686,0.0327527,0.00218326,-0.0278539,-0.99961,-0.0697123,0,0,0,DISABLED,0
5.66005,0.0373635,-0.0148512,0,0.0152745,0.732722,0.0310618,-0.000426934,-0.0274604,-0.999623,-0.0700691,0,0,0,DISABLED,0
5.68005,0.0359835,-0.0146219,0,0.0127615,0.732749,0.0295431,-0.00293993,-0.0270605,-0.999629,-0.0704301,0,0,0,DISABLED,0
5.70006,0.0345577,-0.0142491,0,0.0101315,0.732771,0.0280866,-0.00556992,-0.0266092,-0.99963,-0.070835,0,0,0,DISABLED,0
5.72006,0.0335823,-0.0139165,0,0.00832895,0.732783,0.0271279,-0.00737244,-0.0262343,-0.999629,-0.0711534,0,0,0,DISABLED,0
5.74006,0.0323288,-0.0133943,0,0.00601178,0.732798,0.0259693,-0.00968961,-0.0256782,-0.999623,-0.0716716,0,0,0,DISABLED,0
5.76006,0.0312784,-0.0128673,0,0.00406176,0.732811,0.0251341,-0.0116396,-0.0252203,-0.999614,-0.0721695,0,0,0,DISABLED,0
5.78006,0.0303152,-0.0122958,0,0.0022469,0.732822,0.0245316,-0.0134545,-0.0248437,-0.999601,-0.0726686,0,0,0,DISABLED,0
5.80006,0.0294402,-0.0116828,0,0.000558539,0.73283,0.0241224,-0.0151429,-0.0245307,-0.999584,-0.0731686,0,0,0,DISABLED,0
5.82006,0.0285779,-0.0109668,0,-0.0010001,0.732833,0.0238665,-0.0167015,-0.0242597,-0.999566,-0.0736728,0,0,0,DISABLED,0
5.84006,0.0279483,-0.0103557,0,-0.00241807,0.732834,0.0237262,-0.0181195,-0.0240151,-0.999547,-0.0741804,0,0,0,DISABLED,0
5.86006,0.0273264,-0.00965807,0,-0.00369151,0.732834,0.0236658,-0.0193929,-0.0237899,-0.999529,-0.0747018,0,0,0,DISABLED,0
5.88006,0.0267338,-0.00887747,0,-0.00492957,0.732833,0.0236759,-0.020631,-0.0235669,-0.999509,-0.0753028,0,0,0,DISABLED,0
5.90006,0.0262755,-0.00816526,0,-0.00582727,0.73283,0.0237337,-0.0215287,-0.0234203,-0.999494,-0.0758387,0,0,0,DISABLED,0
5.92006,0.025925,-0.00752826,0,-0.00671656,0.732826,0.023844,-0.022418,-0.0232891,-0.999477,-0.0764852,0,0,0,DISABLED,0
5.94006,0.0256295,-0.00689948,0,-0.00742335,0.73282,0.0239562,-0.0231247,-0.0231894,-0.999464,-0.0770964,0,0,0,DISABLED,0
5.96006,0.0253381,-0.00614998,0,-0.00817354,0.732808,0.02411,-0.0238749,-0.0230947,-0.999448,-0.0778716,0,0,0,DISABLED,0
5.98006,0.0251349,-0.00549356,0,-0.00875229,0.732795,0.0242456,-0.0244537,-0.0230229,-0.999436,-0.0785904,0,0,0,DISABLED,0
6.00006,0.024986,-0.0048682,0,-0.00924112,0.732781,0.0243707,-0.0249425,-0.0229614,-0.999425,-0.0793236,0,0,0,DISABLED,0
6.02006,0.0248871,-0.00427939,0,-0.00964435,0.732766,0.0244683,-0.0253457,-0.022899,-0.999416,-0.0800604,0,0,0,DISABLED,0
6.04006,0.0248341,-0.00373238,0,-0.0099945,0.732751,0.0245437,-0.0256959,-0.0228262,-0.999409,-0.0808721,0,0,0,DISABLED,0
6.06006,0.0248213,-0.0032321,0,-0.0102145,0.732736,0.0245826,-0.0259159,-0.0227682,-0.999405,-0.0815469,0,0,0,DISABLED,0
6.08006,0.0248402,-0.00278127,0,-0.0103953,0.732722,0.024585,-0.0260967,-0.022688,-0.999402,-0.0822928,0,0,0,DISABLED,0
6.10006,0.0248875,-0.00238196,0,-0.010519,0.732707,0.0245559,-0.0262203,-0.0225978,-0.999401,-0.0830323,0,0,0,DISABLED,0
6.12006,0.0249608,-0.00203551,0,-0.0105924,0.732693,0.0245024,-0.0262938,-0.0225054,-0.999401,-0.0837679,0,0,0,DISABLED,0
6.14007,0.0250572,-0.00174242,0,-0.0106201,0.73268,0.0244318,-0.0263214,-0.0224118,-0.999402,-0.0844919,0,0,0,DISABLED,0
6.16007,0.0251743,-0.0015012,0,-0.0106213,0.732666,0.0243536,-0.0263227,-0.0223231,-0.999404,-0.0852227,0,0,0,DISABLED,0
6.18007,0.0253078,-0.0013113,0,-0.0106049,0.732653,0.0242702,-0.0263063,-0.0222386,-0.999407,-0.0859367,0,0,0,DISABLED,0
6.20007,0.0254534,-0.0011758,0,-0.0105719,0.732641,0.0241865,-0.0262733,-0.0221635,-0.999409,-0.0865888,0,0,0,DISABLED,0
6.22007,0.0256235,-0.00108287,0,-0.0105189,0.732627,0.024115,-0.0262202,-0.0221098,-0.999412,-0.0872547,0,0,0,DISABLED,0
6.24007,0.0257689,-0.00104143,0,-0.0104536,0.732616,0.0240679,-0.026155,-0.0220873,-0.999414,-0.0877566,0,0,0,DISABLED,0
6.26007,0.0259379,-0.00102351,0,-0.0103592,0.732603,0.0240184,-0.0260606,-0.0220768,-0.999417,-0.088262,0,0,0,DISABLED,0
6.28007,0.0261151,-0.0010241,0,-0.0102449,0.732591,0.0239637,-0.0259463,-0.0220734,-0.99942,-0.0887302,0,0,0,DISABLED,0
6.30007,0.0263004,-0.00103714,0,-0.0101113,0.732579,0.0239064,-0.0258126,-0.0220716,-0.999423,-0.0891751,0,0,0,DISABLED,0
6.32007,0.0264932,-0.00105994,0,-0.00995935,0.732568,0.023839,-0.0256607,-0.0220693,-0.999427,-0.0896048,0,0,0,DISABLED,0
6.34007,0.0266924,-0.00109022,0,-0.00978993,0.732556,0.0237664,-0.0254913,-0.0220661,-0.999431,-0.090022,0,0,0,DISABLED,0
6.36007,0.0269178,-0.00112974,0,-0.00958425,0.732545,0.0236759,-0.0252856,-0.0220601,-0.999437,-0.0904679,0,0,0,DISABLED,0
6.38007,0.0271061,-0.00116533,0,-0.00940204,0.732536,0.0235952,-0.0251034,-0.022052,-0.999442,-0.0908246,0,0,0,DISABLED,0
6.40007,0.0273181,-0.00120724,0,-0.00918685,0.732526,0.0235015,-0.0248882,-0.0220403,-0.999447,-0.0912135,0,0,0,DISABLED,0
6.42007,0.0275536,-0.00125548,0,-0.00893717,0.732516,0.0233897,-0.0246386,-0.0220249,-0.999454,-0.0916322,0,0,0,DISABLED,0
6.44007,0.0277471,-0.00129637,0,-0.00872499,0.732508,0.0232952,-0.0244264,-0.0220105,-0.999459,-0.0919678,0,0,0,DISABLED,0
6.46007,0.0279833,-0.0013481,0,-0.00845849,0.732499,0.0231797,-0.0241599,-0.0219914,-0.999466,-0.0923696,0,0,0,DISABLED,0
6.48007,0.0281753,-0.00139196,0,-0.00823638,0.732492,0.0230844,-0.0239378,-0.0219743,-0.999472,-0.0926913,0,0,0,DISABLED,0
6.50007,0.0283865,-0.00144232,0,-0.00798716,0.732484,0.0229757,-0.0236886,-0.021954,-0.999478,-0.0930416,0,0,0,DISABLED,0
6.52007,0.0285947,-0.00149424,0,-0.00773703,0.732477,0.0228691,-0.0234384,-0.0219326,-0.999485,-0.0933844,0,0,0,DISABLED,0
6.54007,0.0287584,-0.00153667,0,-0.00753722,0.732472,0.0227855,-0.0232386,-0.0219145,-0.99949,-0.0936531,0,0,0,DISABLED,0
6.56007,0.0290183,-0.0016065,0,-0.00724026,0.732464,0.0226622,-0.0229417,-0.0218855,-0.999497,-0.0940477,0,0,0,DISABLED,0
6.58008,0.0291934,-0.00165488,0,-0.00699603,0.732459,0.0225594,-0.0226974,-0.0218607,-0.999503,-0.0943689,0,0,0,DISABLED,0
6.60008,0.0293639,-0.00170263,0,-0.00675618,0.732454,0.0224614,-0.0224576,-0.0218343,-0.999509,-0.0946837,0,0,0,DISABLED,0
6.62008,0.0295842,-0.00176441,0,-0.00649841,0.732449,0.0223577,-0.0221998,-0.021804,-0.999516,-0.0950236,0,0,0,DISABLED,0
6.64008,0.0297609,-0.00181324,0,-0.00627076,0.732444,0.0222642,-0.0219722,-0.0217733,-0.999521,-0.0953273,0,0,0,DISABLED,0
6.66008,0.0299141,-0.00185439,0,-0.00607194,0.732441,0.0221783,-0.0217733,-0.0217444,-0.999526,-0.0955985,0,0,0,DISABLED,0
6.68008,0.0300779,-0.00189636,0,-0.00585863,0.732437,0.0220894,-0.02156,-0.0217114,-0.999532,-0.0959003,0,0,0,DISABLED,0
6.70008,0.0302347,-0.00193384,0,-0.00565447,0.732433,0.0220029,-0.0213559,-0.0216764,-0.999537,-0.0962002,0,0,0,DISABLED,0
6.72008,0.0303845,-0.00196652,0,-0.00545974,0.732431,0.0219188,-0.0211611,-0.0216403,-0.999542,-0.0964982,0,0,0,DISABLED,0
6.74008,0.0305275,-0.0019942,0,-0.00527456,0.732428,0.021837,-0.0209759,-0.0216035,-0.999547,-0.0967942,0,0,0,DISABLED,0
6.76008,0.0306634,-0.0020168,0,-0.00509884,0.732426,0.0217577,-0.0208002,-0.0215642,-0.999551,-0.0970872,0,0,0,DISABLED,0
6.78008,0.0308046,-0.002036,0,-0.00491657,0.732424,0.0216699,-0.020618,-0.0215193,-0.999556,-0.0974074,0,0,0,DISABLED,0
6.80008,0.0309137,-0.00204756,0,-0.00477612,0.732422,0.0216038,-0.0204775,-0.0214801,-0.99956,-0.097667,0,0,0,DISABLED,0
6.82008,0.031028,-0.00205644,0,-0.0046288,0.732421,0.0215264,-0.0203302,-0.021435,-0.999564,-0.0979551,0,0,0,DISABLED,0
6.84008,0.031135,-0.00206144,0,-0.00449103,0.732421,0.0214487,-0.0201924,-0.0213875,-0.999567,-0.0982418,0,0,0,DISABLED,0
6.86008,0.0312349,-0.00206305,0,-0.00436299,0.73242,0.0213735,-0.0200644,-0.0213379,-0.999571,-0.0985266,0,0,0,DISABLED,0
6.88008,0.0313278,-0.00206326,0,-0.0042449,0.73242,0.0213009,-0.0199463,-0.021287,-0.999574,-0.0988079,0,0,0,DISABLED,0
6.90008,0.0314141,-0.00206318,0,-0.00413657,0.73242,0.0212308,-0.019838,-0.0212358,-0.999578,-0.0990855,0,0,0,DISABLED,0
6.92008,0.0314941,-0.00206301,0,-0.00403774,0.73242,0.0211577,-0.0197391,-0.0211839,-0.999581,-0.0993579,0,0,0,DISABLED,0
6.94008,0.0315679,-0.00206279,0,-0.00394761,0.732421,0.02109,-0.019649,-0.0211319,-0.999584,-0.0996259,0,0,0,DISABLED,0
6.96008,0.0316359,-0.00206253,0,-0.00386487,0.732421,0.021022,-0.0195663,-0.0210798,-0.999586,-0.0998908,0,0,0,DISABLED,0
6.98008,0.0316982,-0.00206222,0,-0.00378877,0.732422,0.0209595,-0.0194902,-0.0210271,-0.999589,-0.100152,0,0,0,DISABLED,0
7.00008,0.0317551,-0.00206179,0,-0.00371875,0.732423,0.0208969,-0.0194201,-0.0209746,-0.999591,-0.100411,0,0,0,DISABLED,0
7.02009,0.0317765,-0.00206157,0,-0.0036928,0.732423,0.0208683,-0.0193942,-0.0209528,-0.999592,-0.100512,0,0,0,DISABLED,0
7.04009,0.031854,-0.00206016,0,-0.00359705,0.732425,0.0207652,-0.0192984,-0.0208676,-0.999596,-0.100921,0,0,0,DISABLED,0
7.06009,0.0319007,-0.00205844,0,-0.00354136,0.732427,0.0206991,-0.0192427,-0.0208081,-0.999598,-0.101196,0,0,0,DISABLED,0
7.08009,0.0319352,-0.00205614,0,-0.00350077,0.732428,0.0206472,-0.0192022,-0.0207596,-0.9996,-0.10142,0,0,0,DISABLED,0
7.10009,0.0319729,-0.00205192,0,-0.00345547,0.73243,0.0205778,-0.0191569,-0.0207,-0.999602,-0.10169,0,0,0,DISABLED,0
7.12009,0.0320004,-0.00204713,0,-0.0034167,0.732432,0.0205169,-0.0191181,-0.0206458,-0.999604,-0.101933,0,0,0,DISABLED,0
7.14009,0.0320303,-0.00203945,0,-0.00338015,0.732434,0.0204587,-0.0190815,-0.0205917,-0.999606,-0.102175,0,0,0,DISABLED,0
7.16009,0.0320521,-0.00203168,0,-0.00334549,0.732437,0.0204003,-0.0190469,-0.0205373,-0.999608,-0.102414,0,0,0,DISABLED,0
7.18009,0.0320736,-0.00202161,0,-0.00331538,0.732439,0.0203448,-0.0190168,-0.0204883,-0.999609,-0.102629,0,0,0,DISABLED,0
7.20009,0.0320909,-0.00201136,0,-0.00328987,0.732442,0.0202978,-0.0189913,-0.0204441,-0.999611,-0.102819,0,0,0,DISABLED,0
7.22009,0.0321095,-0.00199741,0,-0.00325341,0.732445,0.0202272,-0.0189548,-0.0203778,-0.999613,-0.103104,0,0,0,DISABLED,0
7.24009,0.0321257,-0.00198201,0,-0.00322757,0.732448,0.0201741,-0.018929,-0.0203281,-0.999614,-0.103318,0,0,0,DISABLED,0
7.26009,0.0321374,-0.00196841,0,-0.00319523,0.732451,0.0201001,-0.0188966,-0.0202615,-0.999616,-0.103603,0,0,0,DISABLED,0
7.28009,0.032149,-0.00195231,0,-0.00317262,0.732455,0.0200496,-0.018874,-0.0202114,-0.999618,-0.103817,0,0,0,DISABLED,0
7.30009,0.0321593,-0.00193521,0,-0.00314909,0.732458,0.0199901,-0.0188505,-0.0201556,-0.999619,-0.104054,0,0,0,DISABLED,0
7.32009,0.0321686,-0.00191722,0,-0.00312721,0.732461,0.0199333,-0.0188286,-0.0200997,-0.999621,-0.104291,0,0,0,DISABLED,0
7.34009,0.0321761,-0.00190033,0,-0.0031089,0.732464,0.0198794,-0.0188103,-0.0200494,-0.999622,-0.104503,0,0,0,DISABLED,0
7.36009,0.0321851,-0.00187691,0,-0.00308646,0.732468,0.0198103,-0.0187879,-0.0199823,-0.999624,-0.104787,0,0,0,DISABLED,0
7.38009,0.0321912,-0.00185873,0,-0.00307112,0.732471,0.0197561,-0.0187725,-0.0199321,-0.999625,-0.104999,0,0,0,DISABLED,0
7.40009,0.0321976,-0.00183797,0,-0.00305548,0.732475,0.0196987,-0.0187569,-0.0198762,-0.999627,-0.105234,0,0,0,DISABLED,0
7.42009,0.0322036,-0.00181673,0,-0.00304122,0.732478,0.0196411,-0.0187426,-0.0198203,-0.999628,-0.10547,0,0,0,DISABLED,0
7.44009,0.0322098,-0.00179292,0,-0.00302825,0.732481,0.0195864,-0.0187296,-0.0197645,-0.999629,-0.105705,0,0,0,DISABLED,0
7.4601,0.0322135,-0.00177759,0,-0.00301875,0.732484,0.0195407,-0.0187201,-0.0197199,-0.99963,-0.105892,0,0,0,DISABLED,0
7.4801,0.0322197,-0.00175105,0,-0.00300589,0.732487,0.0194735,-0.0187073,-0.0196531,-0.999632,-0.106174,0,0,0,DISABLED,0
7.5001,0.0322247,-0.00172874,0,-0.00299645,0.73249,0.0194152,-0.0186978,-0.0195977,-0.999633,-0.106408,0,0,0,DISABLED,0
7.5201,0.0322296,-0.0017063,0,-0.0029881,0.732494,0.0193599,-0.0186895,-0.0195424,-0.999634,-0.106641,0,0,0,DISABLED,0
7.5401,0.0322345,-0.0016838,0,-0.00298069,0.732496,0.0193044,-0.0186821,-0.0194874,-0.999636,-0.106874,0,0,0,DISABLED,0
7.5601,0.0322394,-0.00166125,0,-0.00297422,0.732499,0.0192518,-0.0186756,-0.0194326,-0.999637,-0.107106,0,0,0,DISABLED,0
7.5801,0.0322444,-0.00163868,0,-0.00296859,0.732502,0.0191929,-0.01867,-0.0193781,-0.999638,-0.107337,0,0,0,DISABLED,0
7.6001,0.0322489,-0.00161836,0,-0.00296418,0.732505,0.0191463,-0.0186656,-0.0193292,-0.999639,-0.107545,0,0,0,DISABLED,0
7.6201,0.0322544,-0.00159356,0,-0.00295959,0.732507,0.0190839,-0.018661,-0.0192699,-0.99964,-0.107798,0,0,0,DISABLED,0
7.6401,0.0322595,-0.00157105,0,-0.00295613,0.73251,0.0190339,-0.0186575,-0.0192163,-0.999641,-0.108028,0,0,0,DISABLED,0
7.6601,0.0322652,-0.00154635,0,-0.00295305,0.732513,0.0189743,-0.0186544,-0.0191576,-0.999642,-0.108279,0,0,0,DISABLED,0
7.6801,0.03227,-0.0015262,0,-0.00295107,0.732515,0.0189271,-0.0186525,-0.0191099,-0.999643,-0.108484,0,0,0,DISABLED,0
7.7001,0.0322743,-0.00150834,0,-0.00294969,0.732517,0.0188861,-0.0186511,-0.0190676,-0.999644,-0.108666,0,0,0,DISABLED,0
7.7201,0.0322808,-0.00148158,0,-0.00294814,0.73252,0.0188197,-0.0186495,-0.0190045,-0.999645,-0.108937,0,0,0,DISABLED,0
7.7401,0.0322863,-0.00145936,0,-0.00294734,0.732522,0.018769,-0.0186487,-0.0189522,-0.999646,-0.109163,0,0,0,DISABLED,0
7.7601,0.0322919,-0.00143722,0,-0.002947,0.732524,0.0187181,-0.0186484,-0.0189003,-0.999647,-0.109387,0,0,0,DISABLED,0
7.7801,0.0322976,-0.00141516,0,-0.0029471,0.732526,0.0186702,-0.0186485,-0.0188485,-0.999648,-0.109611,0,0,0,DISABLED,0
7.8001,0.0323033,-0.00139317,0,-0.00294763,0.732528,0.0186127,-0.018649,-0.018792,-0.999649,-0.109856,0,0,0,DISABLED,0
7.8201,0.0323091,-0.00137127,0,-0.00294835,0.73253,0.0185678,-0.0186497,-0.018746,-0.99965,-0.110056,0,0,0,DISABLED,0
7.8401,0.0323156,-0.00134729,0,-0.00294956,0.732533,0.0185099,-0.018651,-0.01869,-0.999651,-0.110299,0,0,0,DISABLED,0
7.8601,0.0323209,-0.00132776,0,-0.00295085,0.732534,0.018468,-0.0186522,-0.0186445,-0.999652,-0.110497,0,0,0,DISABLED,0
7.88011,0.0323268,-0.00130614,0,-0.00295257,0.732536,0.0184163,-0.018654,-0.0185943,-0.999653,-0.110716,0,0,0,DISABLED,0
7.90011,0.0323327,-0.00128461,0,-0.00295454,0.732538,0.0183677,-0.0186559,-0.0185443,-0.999654,-0.110934,0,0,0,DISABLED,0
7.92011,0.0323392,-0.00126102,0,-0.00295699,0.73254,0.0183157,-0.0186584,-0.0184896,-0.999655,-0.111174,0,0,0,DISABLED,0
7.94011,0.0323446,-0.0012418,0,-0.00295923,0.732542,0.0182701,-0.0186606,-0.0184451,-0.999656,-0.111368,0,0,0,DISABLED,0
7.96011,0.0323505,-0.00122051,0,-0.00296226,0.732544,0.0182178,-0.0186637,-0.0183909,-0.999657,-0.111605,0,0,0,DISABLED,0
7.98011,0.0323565,-0.00119929,0,-0.00296522,0.732545,0.0181686,-0.0186666,-0.018342,-0.999658,-0.11182,0,0,0,DISABLED,0
8.00011,0.0323624,-0.00117815,0,-0.00296805,0.732547,0.0181292,-0.0186694,-0.0182981,-0.999658,-0.112012,0,0,0,DISABLED,0
8.02011,0.0323683,-0.00115709,0,-0.00297136,0.732549,0.0180831,-0.0186728,-0.0182497,-0.999659,-0.112225,0,0,0,DISABLED,0
8.04011,0.0323741,-0.0011361,0,-0.00297489,0.73255,0.0180336,-0.0186763,-0.0182014,-0.99966,-0.112437,0,0,0,DISABLED,0
8.06011,0.03238,-0.00111518,0,-0.00297858,0.732552,0.0179873,-0.01868,-0.0181535,-0.999661,-0.112648,0,0,0,DISABLED,0
8.08011,0.0323863,-0.00109225,0,-0.00298285,0.732554,0.0179375,-0.0186842,-0.0181009,-0.999662,-0.112879,0,0,0,DISABLED,0
8.10011,0.0323915,-0.00107355,0,-0.00298653,0.732555,0.0178943,-0.0186879,-0.0180582,-0.999662,-0.113067,0,0,0,DISABLED,0
8.12011,0.0323972,-0.00105282,0,-0.00299076,0.732557,0.0178476,-0.0186922,-0.0180108,-0.999663,-0.113275,0,0,0,DISABLED,0
8.14011,0.0324028,-0.00103213,0,-0.00299511,0.732558,0.0178007,-0.0186965,-0.0179637,-0.999664,-0.113483,0,0,0,DISABLED,0
8.16011,0.032409,-0.00100941,0,-0.00299956,0.73256,0.0177538,-0.0187009,-0.0179168,-0.999665,-0.11369,0,0,0,DISABLED,0
8.18011,0.0324139,-0.000990867,0,-0.00300413,0.732561,0.0177135,-0.0187055,-0.01787,-0.999665,-0.113896,0,0,0,DISABLED,0
8.20011,0.0324194,-0.000970281,0,-0.00300885,0.732563,0.0176663,-0.0187102,-0.0178235,-0.999666,-0.114102,0,0,0,DISABLED,0
8.22011,0.0324243,-0.000951777,0,-0.00301318,0.732564,0.0176258,-0.0187146,-0.0177817,-0.999667,-0.114286,0,0,0,DISABLED,0
8.24011,0.0324301,-0.000929181,0,-0.0030186,0.732565,0.0175784,-0.01872,-0.0177309,-0.999668,-0.11451,0,0,0,DISABLED,0
8.26011,0.0324354,-0.000908666,0,-0.00302363,0.732567,0.0175342,-0.018725,-0.0176849,-0.999668,-0.114714,0,0,0,DISABLED,0
8.28011,0.0324405,-0.000888187,0,-0.00302874,0.732568,0.01749,-0.0187301,-0.0176391,-0.999669,-0.114917,0,0,0,DISABLED,0
8.30011,0.0324451,-0.000869771,0,-0.00303343,0.73257,0.017449,-0.0187348,-0.017598,-0.99967,-0.115099,0,0,0,DISABLED,0
8.32012,0.0324506,-0.000847279,0,-0.00303926,0.732571,0.0174011,-0.0187407,-0.017548,-0.99967,-0.11532,0,0,0,DISABLED,0
8.34012,0.032456,-0.000824819,0,-0.00304517,0.732573,0.0173497,-0.0187466,-0.0174982,-0.999671,-0.115541,0,0,0,DISABLED,0
8.36012,0.0324603,-0.000806483,0,-0.00305007,0.732574,0.0173118,-0.0187515,-0.0174577,-0.999672,-0.115721,0,0,0,DISABLED,0
8.38012,0.032465,-0.000786134,0,-0.00305505,0.732575,0.0172739,-0.0187564,-0.0174173,-0.999672,-0.1159,0,0,0,DISABLED,0
8.40012,0.0324692,-0.000767842,0,-0.00306067,0.732576,0.0172325,-0.0187621,-0.0173726,-0.999673,-0.116099,0,0,0,DISABLED,0
8.42012,0.0324741,-0.000745506,0,-0.00306695,0.732578,0.017184,-0.0187683,-0.0173236,-0.999674,-0.116317,0,0,0,DISABLED,0
8.44012,0.032479,-0.000723214,0,-0.00307274,0.732579,0.0171423,-0.0187741,-0.0172794,-0.999674,-0.116514,0,0,0,DISABLED,0
8.46012,0.0324828,-0.000705008,0,-0.00307861,0.73258,0.017097,-0.01878,-0.0172352,-0.999675,-0.116711,0,0,0,DISABLED,0
8.48012,0.0324875,-0.000682787,0,-0.00308517,0.732582,0.0170516,-0.0187866,-0.0171869,-0.999676,-0.116927,0,0,0,DISABLED,0
8.50012,0.0324916,-0.000662618,0,-0.00309059,0.732583,0.0170166,-0.018792,-0.0171476,-0.999676,-0.117103,0,0,0,DISABLED,0
8.52012,0.0324956,-0.000642484,0,-0.0030973,0.732584,0.0169675,-0.0187987,-0.0170997,-0.999677,-0.117317,0,0,0,DISABLED,0
8.54012,0.0324992,-0.000624397,0,-0.00310285,0.732586,0.0169324,-0.0188042,-0.0170607,-0.999678,-0.117492,0,0,0,DISABLED,0
8.56012,0.0325031,-0.000604325,0,-0.00310911,0.732587,0.0168901,-0.0188105,-0.0170174,-0.999678,-0.117685,0,0,0,DISABLED,0
8.58012,0.0325072,-0.00058228,0,-0.00311542,0.732588,0.0168477,-0.0188168,-0.0169744,-0.999679,-0.117878,0,0,0,DISABLED,0
8.60012,0.0325106,-0.000564277,0,-0.0031218,0.732589,0.0168087,-0.0188232,-0.0169316,-0.999679,-0.11807,0,0,0,DISABLED,0
8.62012,0.032514,-0.000544482,0,-0.00312784,0.732591,0.0167697,-0.0188292,-0.016889,-0.99968,-0.118259,0,0,0,DISABLED,0
8.64012,0.0325172,-0.000524897,0,-0.00313386,0.732592,0.0167305,-0.0188352,-0.0168466,-0.999681,-0.118446,0,0,0,DISABLED,0
8.66012,0.0325205,-0.000503559,0,-0.0031406,0.732594,0.0166841,-0.018842,-0.0168003,-0.999681,-0.118649,0,0,0,DISABLED,0
8.68012,0.032523,-0.000486256,0,-0.00314625,0.732595,0.0166484,-0.0188476,-0.0167627,-0.999682,-0.118813,0,0,0,DISABLED,0
8.70012,0.0325259,-0.000465266,0,-0.00315338,0.732596,0.0166018,-0.0188548,-0.0167171,-0.999682,-0.119013,0,0,0,DISABLED,0
8.72012,0.0325281,-0.000448151,0,-0.00315946,0.732597,0.0165694,-0.0188609,-0.01668,-0.999683,-0.119176,0,0,0,DISABLED,0
8.74012,0.0325304,-0.000429233,0,-0.00316633,0.732599,0.0165298,-0.0188677,-0.0166391,-0.999683,-0.119355,0,0,0,DISABLED,0
8.76013,0.0325327,-0.000410384,0,-0.00317338,0.7326,0.0164901,-0.0188748,-0.0165985,-0.999684,-0.119534,0,0,0,DISABLED,0
8.78013,0.0325348,-0.000391588,0,-0.00318058,0.732601,0.0164539,-0.018882,-0.0165582,-0.999685,-0.119712,0,0,0,DISABLED,0
8.80013,0.0325368,-0.000372834,0,-0.0031879,0.732603,0.0164176,-0.0188893,-0.0165182,-0.999685,-0.11989,0,0,0,DISABLED,0
8.82013,0.032539,-0.000352232,0,-0.00319611,0.732604,0.016374,-0.0188975,-0.0164743,-0.999686,-0.120084,0,0,0,DISABLED,0
8.84013,0.0325407,-0.000335407,0,-0.00320289,0.732605,0.0163412,-0.0189043,-0.0164386,-0.999686,-0.120243,0,0,0,DISABLED,0
8.86013,0.0325425,-0.000316749,0,-0.0032105,0.732606,0.016301,-0.0189119,-0.0163991,-0.999687,-0.120419,0,0,0,DISABLED,0
8.88013,0.0325444,-0.000298129,0,-0.00321819,0.732607,0.0162681,-0.0189196,-0.0163598,-0.999687,-0.120594,0,0,0,DISABLED,0
8.90013,0.0325461,-0.000279543,0,-0.00322597,0.732609,0.0162277,-0.0189274,-0.0163207,-0.999688,-0.120769,0,0,0,DISABLED,0
8.92013,0.0325479,-0.000260998,0,-0.00323381,0.73261,0.016191,-0.0189352,-0.0162818,-0.999688,-0.120943,0,0,0,DISABLED,0
8.94013,0.0325497,-0.000240637,0,-0.00324252,0.732611,0.0161504,-0.0189439,-0.0162391,-0.999689,-0.121134,0,0,0,DISABLED,0
8.96013,0.0325512,-0.000224017,0,-0.00324968,0.732612,0.0161209,-0.0189511,-0.0162044,-0.999689,-0.12129,0,0,0,DISABLED,0
8.98013,0.0325527,-0.000207427,0,-0.0032561,0.732613,0.0160912,-0.0189575,-0.0161736,-0.999689,-0.121427,0,0,0,DISABLED,0
9.00013,0.0325546,-0.000187187,0,-0.00326582,0.732615,0.0160504,-0.0189672,-0.0161276,-0.99969,-0.121634,0,0,0,DISABLED,0
9.02013,0.0325562,-0.000168841,0,-0.00327398,0.732616,0.0160133,-0.0189754,-0.0160895,-0.99969,-0.121805,0,0,0,DISABLED,0
9.04013,0.0325576,-0.000152383,0,-0.00328136,0.732617,0.0159797,-0.0189828,-0.0160554,-0.999691,-0.121959,0,0,0,DISABLED,0
9.06013,0.0325594,-0.000132309,0,-0.00329047,0.732618,0.0159424,-0.0189919,-0.0160138,-0.999691,-0.122146,0,0,0,DISABLED,0
9.08013,0.032561,-0.000114105,0,-0.00329962,0.732619,0.0159012,-0.019001,-0.0159724,-0.999692,-0.122332,0,0,0,DISABLED,0
9.10013,0.0325626,-9.59649e-05,0,-0.00330711,0.73262,0.0158712,-0.0190085,-0.0159388,-0.999692,-0.122484,0,0,0,DISABLED,0
9.12013,0.0325644,-7.60877e-05,0,-0.00331631,0.732621,0.0158336,-0.0190177,-0.0158978,-0.999693,-0.122669,0,0,0,DISABLED,0
9.14013,0.0325659,-5.98864e-05,0,-0.00332385,0.732622,0.0157997,-0.0190252,-0.0158645,-0.999693,-0.12282,0,0,0,DISABLED,0
9.16013,0.0325675,-4.195e-05,0,-0.00333224,0.732623,0.0157657,-0.0190336,-0.0158276,-0.999694,-0.122987,0,0,0,DISABLED,0
9.18013,0.032569,-2.58558e-05,0,-0.00334151,0.732624,0.0157316,-0.0190429,-0.0157872,-0.999694,-0.12317,0,0,0,DISABLED,0
9.20014,0.0325709,-6.25849e-06,0,-0.00334909,0.732626,0.0156975,-0.0190505,-0.0157543,-0.999694,-0.12332,0,0,0,DISABLED,0
9.22014,0.0325725,1.14874e-05,0,-0.00335753,0.732627,0.0156633,-0.0190589,-0.015718,-0.999695,-0.123485,0,0,0,DISABLED,0
9.24014,0.0325742,2.91849e-05,0,-0.00336599,0.732628,0.0156328,-0.0190674,-0.0156817,-0.999695,-0.12365,0,0,0,DISABLED,0
9.26014,0.0325759,4.68376e-05,0,-0.00337446,0.732629,0.0156023,-0.0190758,-0.0156457,-0.999696,-0.123814,0,0,0,DISABLED,0
9.28014,0.0325776,6.44326e-05,0,-0.0033829,0.73263,0.0155678,-0.0190843,-0.0156098,-0.999696,-0.123978,0,0,0,DISABLED,0
9.30014,0.032579,7.84723e-05,0,-0.00338968,0.73263,0.015541,-0.0190911,-0.0155811,-0.999696,-0.124108,0,0,0,DISABLED,0
9.32014,0.0325811,9.94666e-05,0,-0.00339982,0.732632,0.0155026,-0.0191012,-0.0155384,-0.999697,-0.124303,0,0,0,DISABLED,0
9.34014,0.0325828,0.000116902,0,-0.00340828,0.732633,0.015468,-0.0191097,-0.0155029,-0.999697,-0.124465,0,0,0,DISABLED,0
9.36014,0.0325842,0.000130809,0,-0.00341503,0.732633,0.015441,-0.0191164,-0.0154747,-0.999698,-0.124595,0,0,0,DISABLED,0
9.38014,0.0325863,0.000151618,0,-0.00342516,0.732634,0.0154023,-0.0191266,-0.0154324,-0.999698,-0.124788,0,0,0,DISABLED,0
9.40014,0.0325881,0.000168911,0,-0.00343359,0.732635,0.0153713,-0.019135,-0.0153974,-0.999698,-0.124948,0,0,0,DISABLED,0
9.42014,0.0325899,0.000186148,0,-0.00344199,0.732636,0.0153403,-0.0191434,-0.0153625,-0.999699,-0.125108,0,0,0,DISABLED,0
9.44014,0.0325919,0.000205044,0,-0.00345121,0.732637,0.0153053,-0.0191526,-0.0153244,-0.999699,-0.125283,0,0,0,DISABLED,0
9.46014,0.0325936,0.000220451,0,-0.00345873,0.732638,0.0152741,-0.0191601,-0.0152933,-0.999699,-0.125426,0,0,0,DISABLED,0
9.48014,0.0325955,0.000237513,0,-0.00346706,0.732639,0.0152428,-0.0191684,-0.0152589,-0.9997,-0.125584,0,0,0,DISABLED,0
9.50014,0.0325974,0.000254525,0,-0.00347537,0.73264,0.0152115,-0.0191768,-0.0152246,-0.9997,-0.125742,0,0,0,DISABLED,0
9.52014,0.0325992,0.000271478,0,-0.00348365,0.732641,0.0151801,-0.019185,-0.0151905,-0.999701,-0.125899,0,0,0,DISABLED,0
9.54014,0.0326013,0.000290053,0,-0.00349274,0.732642,0.0151447,-0.0191941,-0.0151531,-0.999701,-0.126071,0,0,0,DISABLED,0
9.56014,0.032603,0.000305197,0,-0.00350014,0.732643,0.0151172,-0.0192015,-0.0151227,-0.999701,-0.126211,0,0,0,DISABLED,0
9.58014,0.032605,0.000321971,0,-0.00350835,0.732644,0.0150856,-0.0192097,-0.0150891,-0.999702,-0.126367,0,0,0,DISABLED,0
9.60014,0.0326069,0.000338703,0,-0.00351655,0.732644,0.0150539,-0.0192179,-0.0150555,-0.999702,-0.126521,0,0,0,DISABLED,0
9.62014,0.0326085,0.000352053,0,-0.0035247,0.732645,0.0150262,-0.0192261,-0.0150221,-0.999702,-0.126676,0,0,0,DISABLED,0
9.64015,0.0326108,0.000371997,0,-0.00353281,0.732646,0.0149944,-0.0192342,-0.0149889,-0.999703,-0.12683,0,0,0,DISABLED,0
9.66015,0.0326128,0.000388555,0,-0.0035409,0.732647,0.0149666,-0.0192423,-0.0149558,-0.999703,-0.126983,0,0,0,DISABLED,0
9.68015,0.0326148,0.000405067,0,-0.00354897,0.732648,0.0149347,-0.0192504,-0.0149228,-0.999703,-0.127136,0,0,0,DISABLED,0
9.70015,0.0326168,0.000421533,0,-0.003557,0.732649,0.0149067,-0.0192584,-0.0148899,-0.999704,-0.127288,0,0,0,DISABLED,0
9.72015,0.0326188,0.00043795,0,-0.00356499,0.73265,0.0148747,-0.0192664,-0.0148572,-0.999704,-0.127439,0,0,0,DISABLED,0
9.74015,0.0326208,0.000454333,0,-0.00357297,0.73265,0.0148466,-0.0192744,-0.0148246,-0.999704,-0.127591,0,0,0,DISABLED,0
9.76015,0.0326229,0.000470628,0,-0.00358094,0.732651,0.0148145,-0.0192823,-0.0147914,-0.999705,-0.127739,0,0,0,DISABLED,0
9.78015,0.032625,0.000486782,0,-0.00358879,0.732652,0.0147822,-0.0192902,-0.0147585,-0.999705,-0.127886,0,0,0,DISABLED,0
9.80015,0.0326271,0.000502778,0,-0.00359657,0.732653,0.014754,-0.019298,-0.0147259,-0.999705,-0.128032,0,0,0,DISABLED,0
9.82015,0.0326292,0.00051859,0,-0.0036043,0.732654,0.0147257,-0.0193057,-0.0146935,-0.999706,-0.128177,0,0,0,DISABLED,0
9.84015,0.0326312,0.000534194,0,-0.00361201,0.732655,0.0146973,-0.0193134,-0.0146614,-0.999706,-0.128321,0,0,0,DISABLED,0
9.86015,0.0326332,0.000549561,0,-0.00361966,0.732656,0.0146689,-0.019321,-0.0146297,-0.999706,-0.128464,0,0,0,DISABLED,0
9.88015,0.0326352,0.000564717,0,-0.00362728,0.732656,0.0146364,-0.0193287,-0.0145984,-0.999707,-0.128606,0,0,0,DISABLED,0
9.90015,0.0326363,0.000573724,0,-0.00363337,0.732657,0.014616,-0.0193348,-0.0145736,-0.999707,-0.12872,0,0,0,DISABLED,0
9.92015,0.032639,0.000594524,0,-0.00364251,0.732658,0.0145833,-0.0193439,-0.0145366,-0.999707,-0.12889,0,0,0,DISABLED,0
9.94015,0.0326408,0.000609236,0,-0.00365013,0.732659,0.0145547,-0.0193515,-0.0145061,-0.999708,-0.129031,0,0,0,DISABLED,0
9.96015,0.0326426,0.000623849,0,-0.00365774,0.732659,0.014526,-0.0193591,-0.0144756,-0.999708,-0.129171,0,0,0,DISABLED,0
9.98015,0.0326444,0.000638406,0,-0.00366538,0.73266,0.0144972,-0.0193668,-0.0144452,-0.999708,-0.129311,0,0,0,DISABLED,0
10.0002,0.0326461,0.000652909,0,-0.00367299,0.732661,0.0144767,-0.0193744,-0.014415,-0.999708,-0.12945,0,0,0,DISABLED,0
10.0202,0.0326479,0.000667368,0,-0.00368059,0.732662,0.0144478,-0.019382,-0.0143849,-0.999709,-0.129589,0,0,0,DISABLED,0
10.0402,0.033812,0.000651566,0,-0.00709449,0.732505,0.0157997,-0.0227959,-0.0145321,-0.999635,-0.129905,0,0,0,DISABLED,0
10.0602,0.0365343,0.000642591,0,-0.0127206,0.731958,0.019292,-0.028422,-0.0149141,-0.999485,-0.130375,0,0,0,DISABLED,0
10.0802,0.0396134,0.000651142,0,-0.0154238,0.731314,0.0215568,-0.0311252,-0.0154639,-0.999396,-0.130489,0,0,0,DISABLED,0
10.1002,0.0440791,0.000702319,0,-0.0148515,0.730576,0.0218261,-0.0305529,-0.0163997,-0.999399,-0.130675,0,0,0,DISABLED,0
10.1202,0.048875,0.000768917,0,-0.0113524,0.730041,0.0201534,-0.0270538,-0.0170617,-0.999488,-0.131156,0,0,0,DISABLED,0
10.1402,0.0550758,0.000812255,0,-0.00558145,0.729558,0.01736,-0.0212828,-0.0168505,-0.999631,-0.131297,0,0,0,DISABLED,0
10.1602,0.0616421,0.000885966,0,0.000123211,0.729274,0.0142107,-0.0155782,-0.0146242,-0.999772,-0.131192,0,0,0,DISABLED,0
10.1802,0.0683719,0.000941917,0,0.00463983,0.729259,0.0117746,-0.0110616,-0.0112316,-0.999876,-0.131229,0,0,0,DISABLED,0
10.2002,0.0776351,0.000952413,0,0.00891006,0.729729,0.0110162,-0.00679133,-0.00688853,-0.999953,-0.132188,0,0,0,DISABLED,0
10.2202,0.0860637,0.000977155,0,0.0111382,0.730641,0.0114304,-0.00456317,-0.00297838,-0.999985,-0.13361,0,0,0,DISABLED,0
10.2402,0.095182,0.000952489,0,0.0156248,0.732245,0.0157619,-7.66212e-05,0.00166478,-0.999999,-0.136839,0,0,0,DISABLED,0
10.2602,0.103719,0.000345929,0,0.0205284,0.734215,0.0223043,0.00482701,0.00829975,-0.999954,-0.139165,0,0,0,DISABLED,0
10.2802,0.113288,-0.00102192,0,0.0211193,0.736834,0.0272419,0.00541794,0.0167844,-0.999844,-0.139309,0,0,0,DISABLED,0
10.3002,0.12118,-0.00186292,0,0.0197468,0.739341,0.0290076,0.00404536,0.0208288,-0.999775,-0.139989,0,0,0,DISABLED,0
10.3202,0.129668,-0.00241005,0,0.0190966,0.741551,0.0271938,0.00339526,0.0189405,-0.999815,-0.14264,0,0,0,DISABLED,0
10.3402,0.137848,-0.00305968,0,0.0188816,0.741745,0.0201711,0.00318025,0.00667509,-0.999973,-0.151047,0,0,0,DISABLED,0
10.3602,0.145865,-0.00429295,0,0.0132982,0.739451,0.015811,-0.0024032,-0.00896893,-0.999957,-0.156058,0,0,0,DISABLED,0
10.3802,0.157084,-0.00483315,0,-0.00229607,0.737603,0.00290927,-0.0179975,-0.00216559,-0.999836,-0.15183,0,0,0,DISABLED,0
10.4002,0.166355,-0.00530182,0,-0.00980596,0.737622,0.0141645,-0.0255074,-0.0106384,-0.999618,-0.16221,0,0,0,DISABLED,0
10.4202,0.172579,-0.00621674,0,-0.0114329,0.737583,0.0213205,-0.0271343,-0.0184076,-0.999462,-0.165044,0,0,0,DISABLED,0
10.4402,0.178863,-0.00744173,0,-0.0121992,0.736863,0.0243584,-0.0279006,-0.0214915,-0.99938,-0.16439,0,0,0,DISABLED,0
10.4602,0.185054,-0.00818821,0,-0.0150113,0.73569,0.0258727,-0.0307127,-0.0214799,-0.999297,-0.164024,0,0,0,DISABLED,0
10.4802,0.191647,-0.00794305,0,-0.0238493,0.734051,0.0294299,-0.0395507,-0.0176373,-0.999062,-0.165522,0,0,0,DISABLED,0
10.5002,0.198566,-0.00811341,0,-0.0370114,0.733844,0.0432294,-0.0527128,-0.0226946,-0.998352,-0.169788,0,0,0,DISABLED,0
10.5202,0.20447,-0.00809578,0,-0.0442283,0.734923,0.0493818,-0.0599297,-0.0222851,-0.997954,-0.165558,0,0,0,DISABLED,0
10.5402,0.208422,-0.00829184,0,-0.0423709,0.735228,0.0479184,-0.0580723,-0.0227095,-0.998054,-0.16392,0,0,0,DISABLED,0
10.5602,0.211262,-0.00846267,0,-0.0363292,0.734069,0.0444252,-0.0520305,-0.0259318,-0.998309,-0.168234,0,0,0,DISABLED,0
10.5802,0.214898,-0.0078655,0,-0.0321835,0.732412,0.0367531,-0.0478849,-0.0181222,-0.998688,-0.165798,0,0,0,DISABLED,0
10.6002,0.218553,-0.00811288,0,-0.0302055,0.731726,0.035928,-0.0459069,-0.0198364,-0.998749,-0.164071,0,0,0,DISABLED,0
10.6202,0.222151,-0.00822585,0,-0.0279667,0.7314,0.0350255,-0.0436681,-0.0214707,-0.998815,-0.167326,0,0,0,DISABLED,0
10.6402,0.224498,-0.00811636,0,-0.0255136,0.731207,0.0327709,-0.041215,-0.0209594,-0.99893,-0.16891,0,0,0,DISABLED,0
10.6602,0.228281,-0.00794077,0,-0.0190015,0.731129,0.0275271,-0.0347029,-0.0203203,-0.999191,-0.171817,0,0,0,DISABLED,0
10.6802,0.230847,-0.00778891,0,-0.0134313,0.731248,0.0236583,-0.0291327,-0.0198832,-0.999378,-0.173942,0,0,0,DISABLED,0
10.7002,0.233514,-0.00751187,0,-0.00800639,0.731405,0.020336,-0.0237078,-0.0191054,-0.999536,-0.17591,0,0,0,DISABLED,0
10.7202,0.235322,-0.00730302,0,-0.00446597,0.7315,0.018699,-0.0201674,-0.0185709,-0.999624,-0.177407,0,0,0,DISABLED,0
10.7402,0.237584,-0.00702191,0,6.36652e-06,0.731616,0.017408,-0.015695,-0.0178246,-0.999718,-0.179655,0,0,0,DISABLED,0
10.7602,0.2396,-0.0067437,0,0.00395782,0.731711,0.0170412,-0.0117436,-0.0169866,-0.999787,-0.18157,0,0,0,DISABLED,0
10.7802,0.240757,-0.0065609,0,0.00623415,0.731756,0.0172048,-0.00946724,-0.0164486,-0.99982,-0.182618,0,0,0,DISABLED,0
10.8002,0.242516,-0.00625783,0,0.00976391,0.731808,0.0180732,-0.00593748,-0.0156227,-0.99986,-0.184206,0,0,0,DISABLED,0
10.8202,0.243765,-0.00607344,0,0.0123537,0.731837,0.0191805,-0.00334768,-0.0150856,-0.999881,-0.185192,0,0,0,DISABLED,0
10.8402,0.244817,-0.00598673,0,0.0146522,0.731858,0.0204907,-0.00104916,-0.0147344,-0.999891,-0.186027,0,0,0,DISABLED,0
10.8602,0.245678,-0.0059823,0,0.0169122,0.731871,0.02203,0.00121078,-0.0145316,-0.999894,-0.186926,0,0,0,DISABLED,0
10.8802,0.24642,-0.00601611,0,0.0185959,0.731882,0.0232977,0.00289452,-0.0144488,-0.999891,-0.187698,0,0,0,DISABLED,0
10.9002,0.24669,-0.00603884,0,0.0204639,0.731887,0.0248046,0.00476248,-0.0144293,-0.999885,-0.188687,0,0,0,DISABLED,0
10.9202,0.247239,-0.00612745,0,0.0218332,0.731903,0.0259693,0.0061318,-0.0144752,-0.999876,-0.189501,0,0,0,DISABLED,0
10.9402,0.247455,-0.00621659,0,0.0229103,0.731915,0.0269294,0.00720889,-0.0145652,-0.999868,-0.190208,0,0,0,DISABLED,0
10.9602,0.247538,-0.00632765,0,0.0242333,0.731925,0.0281714,0.00853189,-0.0147785,-0.999854,-0.191213,0,0,0,DISABLED,0
10.9802,0.247503,-0.0064593,0,0.0250476,0.731931,0.0289952,0.00934624,-0.0150201,-0.999844,-0.191986,0,0,0,DISABLED,0
11.0002,0.247336,-0.00662605,0,0.0256739,0.731933,0.0297041,0.00997253,-0.0153489,-0.999832,-0.192772,0,0,0,DISABLED,0
11.0202,0.247105,-0.00677942,0,0.0259919,0.731935,0.0301305,0.0102905,-0.0156519,-0.999825,-0.193319,0,0,0,DISABLED,0
11.0402,0.246772,-0.00696308,0,0.0260828,0.731952,0.0303513,0.0103814,-0.0159332,-0.999819,-0.193628,0,0,0,DISABLED,0
11.0602,0.246359,-0.00715025,0,0.0260572,0.731986,0.0304298,0.0103558,-0.0161277,-0.999816,-0.193798,0,0,0,DISABLED,0
11.0802,0.245878,-0.00733573,0,0.0259215,0.73203,0.030367,0.0102201,-0.0162287,-0.999816,-0.193899,0,0,0,DISABLED,0
11.1002,0.245342,-0.00751384,0,0.0256301,0.732077,0.0301384,0.00992872,-0.0162664,-0.999818,-0.193975,0,0,0,DISABLED,0
11.1202,0.244761,-0.00767593,0,0.0251758,0.732123,0.0297602,0.00947437,-0.0162829,-0.999823,-0.194061,0,0,0,DISABLED,0
11.1402,0.244142,-0.0078129,0,0.0245804,0.732164,0.0292613,0.00887901,-0.0162878,-0.999828,-0.194152,0,0,0,DISABLED,0
11.1602,0.243493,-0.00791512,0,0.0238587,0.732213,0.0286186,0.00815731,-0.0162182,-0.999835,-0.194218,0,0,0,DISABLED,0
11.1802,0.242817,-0.00798062,0,0.0229742,0.732265,0.0278179,0.00727282,-0.0160993,-0.999844,-0.194278,0,0,0,DISABLED,0
11.2002,0.242189,-0.00800988,0,0.0222874,0.732311,0.0272003,0.00658604,-0.0160069,-0.99985,-0.194329,0,0,0,DISABLED,0
11.2202,0.2414,-0.00801431,0,0.0212733,0.732365,0.0262978,0.00557194,-0.015871,-0.999858,-0.194412,0,0,0,DISABLED,0
11.2402,0.240668,-0.00799827,0,0.0203043,0.732413,0.0254429,0.00460291,-0.0157465,-0.999865,-0.194498,0,0,0,DISABLED,0
11.2602,0.239926,-0.00796577,0,0.0193073,0.73246,0.0245801,0.00360593,-0.0156231,-0.999871,-0.194591,0,0,0,DISABLED,0
11.2802,0.239254,-0.00792331,0,0.0182886,0.732501,0.0237161,0.00258725,-0.0155117,-0.999876,-0.194682,0,0,0,DISABLED,0
11.3002,0.238431,-0.00785337,0,0.0172503,0.732548,0.022856,0.00154894,-0.0154095,-0.99988,-0.194769,0,0,0,DISABLED,0
11.3202,0.237689,-0.00776924,0,0.0162005,0.732588,0.0220083,0.000499071,-0.0153125,-0.999883,-0.194857,0,0,0,DISABLED,0
11.3402,0.236957,-0.00766115,0,0.0151446,0.732626,0.0211718,-0.000556836,-0.0152099,-0.999884,-0.194951,0,0,0,DISABLED,0
11.3602,0.236239,-0.0075279,0,0.0140911,0.732662,0.0203623,-0.00161031,-0.0151127,-0.999884,-0.195051,0,0,0,DISABLED,0
11.3802,0.235471,-0.00735397,0,0.0129405,0.732698,0.0195102,-0.00276087,-0.0150132,-0.999883,-0.195164,0,0,0,DISABLED,0
11.4002,0.234862,-0.0071941,0,0.0120089,0.732726,0.0188355,-0.00369247,-0.0149252,-0.999882,-0.195268,0,0,0,DISABLED,0
11.4202,0.234272,-0.00702199,0,0.0109896,0.732753,0.0181128,-0.00471183,-0.0148139,-0.999879,-0.195402,0,0,0,DISABLED,0
11.4402,0.233517,-0.00677835,0,0.00999138,0.732787,0.0174251,-0.00571001,-0.0146904,-0.999876,-0.195557,0,0,0,DISABLED,0
11.4602,0.233094,-0.00663097,0,0.00920923,0.732805,0.0169007,-0.00649216,-0.0145839,-0.999873,-0.195692,0,0,0,DISABLED,0
11.4802,0.232345,-0.00635116,0,0.0079659,0.732833,0.0160987,-0.00773549,-0.0144033,-0.999866,-0.195939,0,0,0,DISABLED,0
11.5002,0.231856,-0.00615581,0,0.00712357,0.732847,0.015587,-0.00857782,-0.0142765,-0.999861,-0.196127,0,0,0,DISABLED,0
11.5202,0.231442,-0.00598302,0,0.00630035,0.732856,0.0151132,-0.00940104,-0.0141505,-0.999856,-0.196328,0,0,0,DISABLED,0
11.5402,0.23086,-0.00572747,0,0.00532684,0.732866,0.0145874,-0.0103746,-0.0139949,-0.999848,-0.196577,0,0,0,DISABLED,0
11.5602,0.23041,-0.0055201,0,0.00448481,0.732871,0.0141687,-0.0112166,-0.0138571,-0.999841,-0.19681,0,0,0,DISABLED,0
11.5802,0.229953,-0.00530053,0,0.00361526,0.732874,0.0137805,-0.0120861,-0.0137121,-0.999833,-0.197072,0,0,0,DISABLED,0
11.6002,0.229609,-0.00512891,0,0.00295092,0.732876,0.0135097,-0.0127505,-0.0135995,-0.999826,-0.19729,0,0,0,DISABLED,0
11.6202,0.229325,-0.00498333,0,0.00246566,0.732877,0.0133321,-0.0132357,-0.0135163,-0.999821,-0.197458,0,0,0,DISABLED,0
11.6402,0.228939,-0.00477836,0,0.00170143,0.732878,0.0130793,-0.014,-0.0133831,-0.999812,-0.197744,0,0,0,DISABLED,0
11.6602,0.228652,-0.00462046,0,0.00107748,0.732879,0.0129049,-0.0146239,-0.0132715,-0.999805,-0.197999,0,0,0,DISABLED,0
11.6802,0.228396,-0.00447484,0,0.000569206,0.73288,0.0127796,-0.0151322,-0.0131795,-0.999799,-0.198227,0,0,0,DISABLED,0
11.7002,0.22817,-0.00434138,0,0.000113711,0.73288,0.0126813,-0.0155877,-0.013096,-0.999793,-0.198451,0,0,0,DISABLED,0
11.7202,0.227974,-0.00421998,0,-0.000252893,0.73288,0.0126153,-0.0159543,-0.0130285,-0.999788,-0.198651,0,0,0,DISABLED,0
11.7402,0.227806,-0.00411061,0,-0.0006485,0.73288,0.0125585,-0.0163499,-0.0129565,-0.999782,-0.198892,0,0,0,DISABLED,0
11.7602,0.22769,-0.00403145,0,-0.000931172,0.73288,0.0125252,-0.0166326,-0.0129043,-0.999778,-0.199085,0,0,0,DISABLED,0
11.7802,0.227546,-0.00392568,0,-0.00123202,0.732878,0.0124919,-0.0169334,-0.0128474,-0.999774,-0.199315,0,0,0,DISABLED,0
11.8002,0.227444,-0.0038413,0,-0.00146643,0.732876,0.0124776,-0.0171678,-0.0128016,-0.999771,-0.19952,0,0,0,DISABLED,0
11.8202,0.227379,-0.00378048,0,-0.00166588,0.732873,0.0124632,-0.0173673,-0.0127607,-0.999768,-0.199719,0,0,0,DISABLED,0
11.8402,0.227327,-0.00372089,0,-0.00183222,0.732869,0.0124441,-0.0175336,-0.0127241,-0.999765,-0.199915,0,0,0,DISABLED,0
11.8602,0.227294,-0.00366902,0,-0.0019675,0.732864,0.0124345,-0.0176689,-0.0126912,-0.999763,-0.200106,0,0,0,DISABLED,0
11.8802,0.227278,-0.00362417,0,-0.00207333,0.732859,0.0124249,-0.0177747,-0.0126612,-0.999762,-0.200294,0,0,0,DISABLED,0
11.9002,0.227275,-0.0035856,0,-0.00215212,0.732854,0.0124105,-0.0178535,-0.0126334,-0.999761,-0.200477,0,0,0,DISABLED,0
11.9202,0.227281,-0.00355553,0,-0.00220569,0.73285,0.0123961,-0.0179071,-0.0126099,-0.99976,-0.200636,0,0,0,DISABLED,0
11.9402,0.227295,-0.00352645,0,-0.00225052,0.732845,0.0123816,-0.0179519,-0.0125853,-0.99976,-0.200809,0,0,0,DISABLED,0
11.9602,0.227319,-0.00349892,0,-0.00228607,0.732839,0.0123624,-0.0179875,-0.01256,-0.999759,-0.200997,0,0,0,DISABLED,0
11.9802,0.227348,-0.00347734,0,-0.00231125,0.732834,0.0123431,-0.0180126,-0.0125385,-0.999759,-0.201165,0,0,0,DISABLED,0
12.0002,0.227385,-0.00345678,0,-0.00233325,0.732827,0.0123286,-0.0180346,-0.0125164,-0.999759,-0.201349,0,0,0,DISABLED,0
12.0202,0.227419,-0.00344205,0,-0.00234757,0.732822,0.0123141,-0.018049,-0.0124992,-0.999759,-0.201497,0,0,0,DISABLED,0
12.0402,0.227454,-0.00342893,0,-0.00235892,0.732816,0.0122995,-0.0180603,-0.0124827,-0.999759,-0.201643,0,0,0,DISABLED,0
12.0602,0.2275,-0.00341472,0,-0.00236926,0.732809,0.012285,-0.0180707,-0.0124633,-0.999759,-0.201818,0,0,0,DISABLED,0
12.0802,0.227548,-0.00340217,0,-0.00237619,0.732803,0.0122656,-0.0180776,-0.0124443,-0.999759,-0.201989,0,0,0,DISABLED,0
12.1002,0.227587,-0.0033929,0,-0.00237972,0.732797,0.012251,-0.0180811,-0.0124291,-0.999759,-0.202127,0,0,0,DISABLED,0
12.1202,0.227631,-0.00338344,0,-0.00238175,0.732792,0.0122364,-0.0180831,-0.0124124,-0.999759,-0.202277,0,0,0,DISABLED,0
12.1402,0.227675,-0.00337467,0,-0.00238203,0.732786,0.0122217,-0.0180834,-0.0123957,-0.99976,-0.202425,0,0,0,DISABLED,0
12.1602,0.227719,-0.00336643,0,-0.00238074,0.732781,0.0122022,-0.0180821,-0.012379,-0.99976,-0.202569,0,0,0,DISABLED,0
12.1802,0.227766,-0.00335781,0,-0.00237777,0.732775,0.0121827,-0.0180792,-0.0123605,-0.99976,-0.202725,0,0,0,DISABLED,0
12.2002,0.227804,-0.00335099,0,-0.00237436,0.73277,0.012168,-0.0180757,-0.0123452,-0.99976,-0.20285,0,0,0,DISABLED,0
12.2202,0.227845,-0.00334355,0,-0.00236966,0.732766,0.0121484,-0.0180711,-0.0123281,-0.999761,-0.202987,0,0,0,DISABLED,0
12.2402,0.227886,-0.00333617,0,-0.00236415,0.732761,0.0121336,-0.0180655,-0.0123107,-0.999761,-0.203121,0,0,0,DISABLED,0
12.2602,0.227925,-0.00332879,0,-0.00235858,0.732757,0.0121189,-0.01806,-0.0122948,-0.999761,-0.203241,0,0,0,DISABLED,0
12.2802,0.227963,-0.00332136,0,-0.00235115,0.732753,0.0120943,-0.0180525,-0.0122752,-0.999762,-0.203384,0,0,0,DISABLED,0
12.3002,0.228,-0.00331381,0,-0.00234396,0.732749,0.0120745,-0.0180454,-0.012257,-0.999762,-0.203513,0,0,0,DISABLED,0
12.3202,0.228035,-0.00330609,0,-0.00233641,0.732745,0.0120548,-0.0180378,-0.0122384,-0.999762,-0.203641,0,0,0,DISABLED,0
12.3402,0.22807,-0.00329818,0,-0.00232856,0.732742,0.012035,-0.01803,-0.0122196,-0.999763,-0.203767,0,0,0,DISABLED,0
12.3602,0.228106,-0.00328924,0,-0.00232213,0.732739,0.0120201,-0.0180235,-0.0122044,-0.999763,-0.203866,0,0,0,DISABLED,0
12.3802,0.228135,-0.0032817,0,-0.00231238,0.732736,0.0119953,-0.0180138,-0.0121811,-0.999764,-0.204015,0,0,0,DISABLED,0
12.4002,0.228165,-0.00327309,0,-0.0023041,0.732734,0.0119754,-0.0180055,-0.0121614,-0.999764,-0.204137,0,0,0,DISABLED,0
12.4202,0.228195,-0.00326423,0,-0.00229577,0.732731,0.0119505,-0.0179972,-0.0121414,-0.999764,-0.204258,0,0,0,DISABLED,0
12.4402,0.228215,-0.00325789,0,-0.00228997,0.73273,0.0119355,-0.0179914,-0.0121273,-0.999765,-0.204342,0,0,0,DISABLED,0
12.4602,0.228253,-0.00324483,0,-0.00227842,0.732727,0.0119055,-0.0179798,-0.0120987,-0.999765,-0.20451,0,0,0,DISABLED,0
12.4802,0.228276,-0.00323617,0,-0.00227108,0.732725,0.0118855,-0.0179725,-0.01208,-0.999766,-0.204616,0,0,0,DISABLED,0
12.5002,0.228301,-0.00322631,0,-0.00226306,0.732723,0.0118654,-0.0179645,-0.012059,-0.999766,-0.204735,0,0,0,DISABLED,0
12.5202,0.228322,-0.00321721,0,-0.00225522,0.732722,0.0118453,-0.0179566,-0.0120378,-0.999766,-0.204852,0,0,0,DISABLED,0
12.5402,0.228347,-0.00320583,0,-0.00224752,0.73272,0.0118201,-0.0179489,-0.0120164,-0.999767,-0.204969,0,0,0,DISABLED,0
12.5602,0.228369,-0.00319523,0,-0.00224008,0.732719,0.0117999,-0.0179415,-0.0119948,-0.999767,-0.205086,0,0,0,DISABLED,0
12.5802,0.22839,-0.00318455,0,-0.00223286,0.732718,0.0117746,-0.0179342,-0.011973,-0.999767,-0.2052,0,0,0,DISABLED,0
12.6002,0.22841,-0.00317387,0,-0.00222602,0.732717,0.0117544,-0.0179274,-0.0119512,-0.999768,-0.205311,0,0,0,DISABLED,0
12.6202,0.228429,-0.00316315,0,-0.00221961,0.732717,0.011729,-0.017921,-0.0119294,-0.999768,-0.205421,0,0,0,DISABLED,0
12.6402,0.228449,-0.00315131,0,-0.00221423,0.732716,0.0117086,-0.0179156,-0.0119099,-0.999769,-0.205519,0,0,0,DISABLED,0
12.6602,0.228465,-0.00314156,0,-0.00220807,0.732715,0.0116832,-0.0179095,-0.011886,-0.999769,-0.205638,0,0,0,DISABLED,0
12.6802,0.228482,-0.00313065,0,-0.00220288,0.732715,0.0116627,-0.0179043,-0.0118644,-0.999769,-0.205746,0,0,0,DISABLED,0
12.7002,0.228498,-0.00311964,0,-0.00219809,0.732715,0.0116423,-0.0178995,-0.0118429,-0.99977,-0.205854,0,0,0,DISABLED,0
12.7202,0.228513,-0.00310854,0,-0.00219372,0.732714,0.0116166,-0.0178951,-0.0118213,-0.99977,-0.205962,0,0,0,DISABLED,0
12.7402,0.228528,-0.00309736,0,-0.00218978,0.732714,0.0116012,-0.0178912,-0.0117998,-0.99977,-0.206069,0,0,0,DISABLED,0
12.7602,0.228543,-0.00308612,0,-0.00218622,0.732714,0.0115755,-0.0178876,-0.0117784,-0.999771,-0.206176,0,0,0,DISABLED,0
12.7802,0.228556,-0.00307484,0,-0.002183,0.732713,0.0115549,-0.0178844,-0.0117569,-0.999771,-0.206284,0,0,0,DISABLED,0
12.8002,0.22857,-0.00306353,0,-0.00218009,0.732713,0.0115343,-0.0178815,-0.0117355,-0.999771,-0.206391,0,0,0,DISABLED,0
12.8202,0.228582,-0.00305332,0,-0.0021775,0.732713,0.0115084,-0.0178789,-0.011714,-0.999772,-0.206497,0,0,0,DISABLED,0
12.8402,0.228596,-0.00304082,0,-0.00217496,0.732713,0.0114877,-0.0178763,-0.0116905,-0.999772,-0.206614,0,0,0,DISABLED,0
12.8602,0.228609,-0.00302831,0,-0.00217292,0.732713,0.0114669,-0.0178743,-0.0116691,-0.999772,-0.206721,0,0,0,DISABLED,0
12.8802,0.228621,-0.00301693,0,-0.00217129,0.732713,0.0114461,-0.0178727,-0.0116499,-0.999772,-0.206816,0,0,0,DISABLED,0
12.9002,0.228632,-0.0030067,0,-0.00216972,0.732713,0.0114252,-0.0178711,-0.0116285,-0.999773,-0.206921,0,0,0,DISABLED,0
12.9202,0.228643,-0.00299532,0,-0.00216837,0.732713,0.0113991,-0.0178698,-0.0116072,-0.999773,-0.207027,0,0,0,DISABLED,0
12.9402,0.228655,-0.00298281,0,-0.00216713,0.732713,0.0113782,-0.0178685,-0.0115837,-0.999773,-0.207143,0,0,0,DISABLED,0
12.9602,0.228665,-0.00297257,0,-0.00216639,0.732713,0.0113624,-0.0178678,-0.0115666,-0.999773,-0.207226,0,0,0,DISABLED,0
12.9802,0.228673,-0.00296347,0,-0.00216572,0.732713,0.0113467,-0.0178671,-0.0115474,-0.999774,-0.207321,0,0,0,DISABLED,0
13.0002,0.228685,-0.00294985,0,-0.00216511,0.732713,0.0113204,-0.0178665,-0.0115212,-0.999774,-0.207445,0,0,0,DISABLED,0
13.0202,0.228695,-0.00293854,0,-0.00216462,0.732714,0.011294,-0.017866,-0.0114996,-0.999774,-0.207548,0,0,0,DISABLED,0
13.0402,0.228705,-0.00292729,0,-0.00216419,0.732714,0.0112729,-0.0178656,-0.011478,-0.999775,-0.207651,0,0,0,DISABLED,0
13.0602,0.228713,-0.00291721,0,-0.00216393,0.732714,0.011257,-0.0178653,-0.0114587,-0.999775,-0.207745,0,0,0,DISABLED,0
13.0802,0.228724,-0.00290383,0,-0.00216378,0.732714,0.0112305,-0.0178652,-0.0114332,-0.999775,-0.207869,0,0,0,DISABLED,0
13.1002,0.228732,-0.00289386,0,-0.00216385,0.732714,0.0112146,-0.0178652,-0.0114142,-0.999775,-0.207961,0,0,0,DISABLED,0
13.1202,0.228741,-0.00288284,0,-0.00216411,0.732715,0.0111933,-0.0178655,-0.0113931,-0.999775,-0.208064,0,0,0,DISABLED,0
13.1402,0.22875,-0.00287075,0,-0.00216458,0.732715,0.011172,-0.017866,-0.011372,-0.999776,-0.208166,0,0,0,DISABLED,0
13.1602,0.228757,-0.0028609,0,-0.00216521,0.732715,0.0111506,-0.0178666,-0.0113509,-0.999776,-0.208268,0,0,0,DISABLED,0
13.1802,0.228764,-0.00284997,0,-0.00216601,0.732716,0.0111292,-0.0178674,-0.0113299,-0.999776,-0.20837,0,0,0,DISABLED,0
13.2002,0.228772,-0.00283907,0,-0.00216696,0.732716,0.0111132,-0.0178684,-0.0113089,-0.999776,-0.208471,0,0,0,DISABLED,0
13.2202,0.228779,-0.00282927,0,-0.00216796,0.732716,0.0110917,-0.0178693,-0.01129,-0.999777,-0.208562,0,0,0,DISABLED,0
13.2402,0.228784,-0.00282166,0,-0.0021688,0.732717,0.0110809,-0.0178702,-0.0112754,-0.999777,-0.208633,0,0,0,DISABLED,0
13.2602,0.228793,-0.00280648,0,-0.00217069,0.732717,0.0110486,-0.0178721,-0.0112461,-0.999777,-0.208774,0,0,0,DISABLED,0
13.2802,0.228801,-0.00279457,0,-0.00217238,0.732717,0.011027,-0.0178738,-0.0112231,-0.999777,-0.208884,0,0,0,DISABLED,0
13.3002,0.228806,-0.00278484,0,-0.00217386,0.732718,0.0110108,-0.0178753,-0.0112043,-0.999777,-0.208975,0,0,0,DISABLED,0
13.3202,0.228813,-0.00277405,0,-0.00217562,0.732718,0.0109891,-0.017877,-0.0111834,-0.999778,-0.209075,0,0,0,DISABLED,0
13.3402,0.228819,-0.00276327,0,-0.00217748,0.732719,0.0109674,-0.0178789,-0.0111625,-0.999778,-0.209174,0,0,0,DISABLED,0
13.3602,0.228825,-0.0027525,0,-0.00217942,0.732719,0.0109511,-0.0178808,-0.0111417,-0.999778,-0.209274,0,0,0,DISABLED,0
13.3802,0.228831,-0.00274174,0,-0.00218147,0.732719,0.0109293,-0.0178829,-0.0111209,-0.999778,-0.209373,0,0,0,DISABLED,0
13.4002,0.228836,-0.002731,0,-0.00218363,0.73272,0.0109074,-0.017885,-0.0111001,-0.999778,-0.209472,0,0,0,DISABLED,0
13.4202,0.228842,-0.00271918,0,-0.00218616,0.73272,0.010891,-0.0178876,-0.0110772,-0.999779,-0.209581,0,0,0,DISABLED,0
13.4402,0.228847,-0.00270952,0,-0.00218831,0.732721,0.0108691,-0.0178897,-0.0110586,-0.999779,-0.209669,0,0,0,DISABLED,0
13.4602,0.228852,-0.0026988,0,-0.0021908,0.732721,0.0108526,-0.0178922,-0.0110378,-0.999779,-0.209768,0,0,0,DISABLED,0
13.4802,0.228856,-0.00269024,0,-0.00219288,0.732722,0.0108307,-0.0178943,-0.0110213,-0.999779,-0.209846,0,0,0,DISABLED,0
13.5002,0.228862,-0.00267632,0,-0.00219613,0.732723,0.0108086,-0.0178975,-0.0109965,-0.999779,-0.209964,0,0,0,DISABLED,0
13.5202,0.228866,-0.00266669,0,-0.00219895,0.732723,0.0107921,-0.0179003,-0.0109758,-0.99978,-0.210061,0,0,0,DISABLED,0
13.5402,0.228871,-0.00265601,0,-0.00220186,0.732724,0.0107699,-0.0179033,-0.0109551,-0.99978,-0.210159,0,0,0,DISABLED,0
13.5602,0.228875,-0.00264534,0,-0.00220489,0.732724,0.0107533,-0.0179063,-0.0109345,-0.99978,-0.210256,0,0,0,DISABLED,0
13.5802,0.228879,-0.00263575,0,-0.0022077,0.732725,0.0107367,-0.0179091,-0.010916,-0.99978,-0.210343,0,0,0,DISABLED,0
13.6002,0.228884,-0.00262299,0,-0.00221154,0.732725,0.0107089,-0.0179129,-0.0108914,-0.99978,-0.210459,0,0,0,DISABLED,0
13.6202,0.228887,-0.00261344,0,-0.00221451,0.732726,0.0106922,-0.0179159,-0.0108729,-0.99978,-0.210545,0,0,0,DISABLED,0
13.6402,0.228891,-0.00260284,0,-0.0022179,0.732726,0.0106754,-0.0179193,-0.0108524,-0.999781,-0.210642,0,0,0,DISABLED,0
13.6602,0.228894,-0.00259544,0,-0.00222033,0.732727,0.0106587,-0.0179217,-0.0108381,-0.999781,-0.210709,0,0,0,DISABLED,0
13.6802,0.228899,-0.0025817,0,-0.00222497,0.732727,0.0106363,-0.0179264,-0.0108115,-0.999781,-0.210833,0,0,0,DISABLED,0
13.7002,0.228901,-0.00257325,0,-0.00222863,0.732728,0.0106139,-0.01793,-0.0107911,-0.999781,-0.210929,0,0,0,DISABLED,0
13.7202,0.228905,-0.00256059,0,-0.00223237,0.732729,0.0105914,-0.0179338,-0.0107707,-0.999781,-0.211024,0,0,0,DISABLED,0
13.7402,0.228909,-0.00255007,0,-0.00223582,0.732729,0.0105801,-0.0179372,-0.0107524,-0.999781,-0.211109,0,0,0,DISABLED,0
13.7602,0.228912,-0.00253957,0,-0.00224011,0.73273,0.0105575,-0.0179415,-0.0107301,-0.999781,-0.211214,0,0,0,DISABLED,0
13.7802,0.228915,-0.00252909,0,-0.00224408,0.73273,0.0105406,-0.0179455,-0.0107099,-0.999782,-0.211308,0,0,0,DISABLED,0
13.8002,0.228918,-0.00251758,0,-0.00224853,0.732731,0.0105179,-0.0179499,-0.0106876,-0.999782,-0.211412,0,0,0,DISABLED,0
13.8202,0.228921,-0.00250819,0,-0.00225224,0.732731,0.0105009,-0.0179536,-0.0106694,-0.999782,-0.211496,0,0,0,DISABLED,0
13.8402,0.228924,-0.00249778,0,-0.00225643,0.732732,0.0104839,-0.0179578,-0.0106493,-0.999782,-0.21159,0,0,0,DISABLED,0
13.8602,0.228926,-0.00248739,0,-0.00226067,0.732733,0.0104668,-0.0179621,-0.0106292,-0.999782,-0.211684,0,0,0,DISABLED,0
13.8802,0.228929,-0.00247702,0,-0.00226499,0.732733,0.010444,-0.0179664,-0.0106091,-0.999782,-0.211777,0,0,0,DISABLED,0
13.9002,0.228931,-0.00246771,0,-0.00226892,0.732734,0.0104269,-0.0179703,-0.0105911,-0.999782,-0.211861,0,0,0,DISABLED,0
13.9202,0.228934,-0.00245637,0,-0.00227378,0.732734,0.0104097,-0.0179752,-0.0105691,-0.999783,-0.211962,0,0,0,DISABLED,0
13.9402,0.228937,-0.00244507,0,-0.00227875,0.732735,0.0103868,-0.0179801,-0.0105472,-0.999783,-0.212064,0,0,0,DISABLED,0
13.9602,0.228939,-0.00243585,0,-0.00228286,0.732735,0.0103753,-0.0179843,-0.0105293,-0.999783,-0.212147,0,0,0,DISABLED,0
13.9802,0.228941,-0.00242665,0,-0.00228704,0.732736,0.0103581,-0.0179884,-0.0105114,-0.999783,-0.21223,0,0,0,DISABLED,0
14.0002,0.228943,-0.00241542,0,-0.00229219,0.732737,0.010335,-0.0179936,-0.0104895,-0.999783,-0.212331,0,0,0,DISABLED,0
14.0202,0.228945,-0.00240523,0,-0.00229693,0.732737,0.0103177,-0.0179983,-0.0104697,-0.999783,-0.212422,0,0,0,DISABLED,0
14.0402,0.228948,-0.00239506,0,-0.00230122,0.732738,0.0103003,-0.0180026,-0.0104519,-0.999783,-0.212504,0,0,0,DISABLED,0
14.0602,0.22895,-0.00238492,0,-0.00230656,0.732738,0.0102772,-0.0180079,-0.0104301,-0.999783,-0.212605,0,0,0,DISABLED,0
14.0802,0.228952,-0.0023748,0,-0.00231145,0.732739,0.0102598,-0.0180128,-0.0104104,-0.999784,-0.212695,0,0,0,DISABLED,0
14.1002,0.228953,-0.0023647,0,-0.00231637,0.732739,0.0102423,-0.0180178,-0.0103907,-0.999784,-0.212786,0,0,0,DISABLED,0
14.1202,0.228955,-0.00235463,0,-0.00232135,0.73274,0.0102248,-0.0180227,-0.0103711,-0.999784,-0.212876,0,0,0,DISABLED,0
14.1402,0.228957,-0.0023446,0,-0.00232637,0.732741,0.0102132,-0.0180278,-0.0103515,-0.999784,-0.212966,0,0,0,DISABLED,0
14.1602,0.228959,-0.00233459,0,-0.00233141,0.732741,0.0101898,-0.0180328,-0.0103319,-0.999784,-0.213056,0,0,0,DISABLED,0
14.1802,0.228961,-0.00232362,0,-0.00233649,0.732742,0.0101722,-0.0180379,-0.0103124,-0.999784,-0.213145,0,0,0,DISABLED,0
14.2002,0.228963,-0.00231468,0,-0.00234162,0.732742,0.0101547,-0.018043,-0.0102929,-0.999784,-0.213234,0,0,0,DISABLED,0
14.2202,0.228964,-0.00230774,0,-0.00234522,0.732743,0.0101429,-0.0180466,-0.0102793,-0.999784,-0.213296,0,0,0,DISABLED,0
14.2402,0.228966,-0.00229487,0,-0.00235199,0.732743,0.0101194,-0.0180534,-0.0102541,-0.999784,-0.213412,0,0,0,DISABLED,0
14.2603,0.228967,-0.00228499,0,-0.00235723,0.732744,0.0101017,-0.0180586,-0.0102348,-0.999785,-0.2135,0,0,0,DISABLED,0
14.2803,0.228969,-0.00227514,0,-0.00236249,0.732744,0.010084,-0.0180639,-0.0102155,-0.999785,-0.213589,0,0,0,DISABLED,0
14.3003,0.228971,-0.00226434,0,-0.00236834,0.732745,0.0100662,-0.0180697,-0.0101942,-0.999785,-0.213685,0,0,0,DISABLED,0
14.3203,0.228972,-0.00225551,0,-0.00237315,0.732745,0.0100544,-0.0180745,-0.0101769,-0.999785,-0.213764,0,0,0,DISABLED,0
14.3403,0.228974,-0.00224476,0,-0.00237902,0.732746,0.0100306,-0.0180804,-0.0101558,-0.999785,-0.213861,0,0,0,DISABLED,0
14.3603,0.228975,-0.00223599,0,-0.00238384,0.732746,0.0100128,-0.0180852,-0.0101386,-0.999785,-0.213939,0,0,0,DISABLED,0
14.3803,0.228976,-0.0022263,0,-0.00238922,0.732747,0.0100009,-0.0180906,-0.0101195,-0.999785,-0.214026,0,0,0,DISABLED,0
14.4003,0.228978,-0.00221663,0,-0.00239462,0.732747,0.009977,-0.018096,-0.0101004,-0.999785,-0.214113,0,0,0,DISABLED,0
14.4203,0.228979,-0.00220699,0,-0.00240006,0.732748,0.00996505,-0.0181015,-0.0100814,-0.999785,-0.2142,0,0,0,DISABLED,0
14.4403,0.22898,-0.00219738,0,-0.00240606,0.732748,0.00994709,-0.0181074,-0.0100605,-0.999785,-0.214295,0,0,0,DISABLED,0
14.4603,0.228982,-0.00218781,0,-0.00241098,0.732749,0.00992909,-0.0181124,-0.0100434,-0.999786,-0.214372,0,0,0,DISABLED,0
14.4803,0.228983,-0.00218017,0,-0.00241538,0.732749,0.00991107,-0.0181168,-0.0100283,-0.999786,-0.214441,0,0,0,DISABLED,0
14.5003,0.228984,-0.00216876,0,-0.00242198,0.73275,0.00989301,-0.0181234,-0.0100056,-0.999786,-0.214543,0,0,0,DISABLED,0
14.5203,0.228985,-0.00215928,0,-0.00242752,0.73275,0.00988095,-0.0181289,-0.00998673,-0.999786,-0.214629,0,0,0,DISABLED,0
14.5403,0.228987,-0.00214983,0,-0.00243307,0.732751,0.00986284,-0.0181345,-0.0099679,-0.999786,-0.214714,0,0,0,DISABLED,0
14.5603,0.228988,-0.0021404,0,-0.00243865,0.732751,0.00984469,-0.01814,-0.00994907,-0.999786,-0.214799,0,0,0,DISABLED,0
14.5803,0.228989,-0.00213004,0,-0.00244481,0.732752,0.00982651,-0.0181462,-0.00992838,-0.999786,-0.214893,0,0,0,DISABLED,0
14.6003,0.22899,-0.00212159,0,-0.00244984,0.732752,0.0098083,-0.0181512,-0.00991151,-0.999786,-0.214969,0,0,0,DISABLED,0
14.6203,0.228991,-0.00211223,0,-0.00245599,0.732753,0.00979613,-0.0181574,-0.00989094,-0.999786,-0.215062,0,0,0,DISABLED,0
14.6403,0.228992,-0.0021029,0,-0.00246102,0.732753,0.00977786,-0.0181624,-0.00987415,-0.999786,-0.215138,0,0,0,DISABLED,0
14.6603,0.228993,-0.00209361,0,-0.00246662,0.732754,0.00975956,-0.018168,-0.00985553,-0.999786,-0.215221,0,0,0,DISABLED,0
14.6803,0.228994,-0.00208527,0,-0.00247224,0.732754,0.00974734,-0.0181736,-0.00983695,-0.999786,-0.215305,0,0,0,DISABLED,0
14.7003,0.228995,-0.00207512,0,-0.00247786,0.732755,0.00972284,-0.0181792,-0.0098184,-0.999787,-0.215389,0,0,0,DISABLED,0
14.7203,0.228997,-0.00206499,0,-0.00248349,0.732755,0.00971058,-0.0181849,-0.00979989,-0.999787,-0.215472,0,0,0,DISABLED,0
14.7403,0.228997,-0.00205765,0,-0.00248856,0.732756,0.00969829,-0.01819,-0.00978326,-0.999787,-0.215547,0,0,0,DISABLED,0
14.7603,0.228998,-0.00204757,0,-0.00249479,0.732756,0.00967368,-0.0181962,-0.00976293,-0.999787,-0.215638,0,0,0,DISABLED,0
14.7803,0.228999,-0.00203843,0,-0.00250044,0.732757,0.00966135,-0.0182018,-0.00974451,-0.999787,-0.215721,0,0,0,DISABLED,0
14.8003,0.229,-0.00202931,0,-0.00250609,0.732757,0.009649,-0.0182075,-0.00972613,-0.999787,-0.215803,0,0,0,DISABLED,0
14.8203,0.229001,-0.00201931,0,-0.00251232,0.732758,0.00962426,-0.0182137,-0.00970594,-0.999787,-0.215894,0,0,0,DISABLED,0
14.8403,0.229002,-0.00201115,0,-0.00251743,0.732758,0.00961186,-0.0182188,-0.00968944,-0.999787,-0.215968,0,0,0,DISABLED,0
14.8603,0.229003,-0.0020021,0,-0.00252308,0.732758,0.00959945,-0.0182245,-0.00967116,-0.999787,-0.21605,0,0,0,DISABLED,0
14.8803,0.229004,-0.00199309,0,-0.00252873,0.732759,0.00958081,-0.0182301,-0.00965294,-0.999787,-0.216132,0,0,0,DISABLED,0
14.9003,0.229005,-0.00198411,0,-0.00253438,0.732759,0.00956836,-0.0182358,-0.00963476,-0.999787,-0.216213,0,0,0,DISABLED,0
14.9203,0.229006,-0.00197517,0,-0.00253889,0.73276,0.00955589,-0.0182403,-0.00962025,-0.999787,-0.216278,0,0,0,DISABLED,0
14.9403,0.229007,-0.00196625,0,-0.00254512,0.73276,0.00953091,-0.0182465,-0.00960033,-0.999787,-0.216367,0,0,0,DISABLED,0
14.9603,0.229008,-0.00195734,0,-0.00255135,0.732761,0.00951839,-0.0182527,-0.00958043,-0.999788,-0.216456,0,0,0,DISABLED,0
14.9803,0.229009,-0.00194846,0,-0.00255702,0.732761,0.00949958,-0.0182584,-0.00956237,-0.999788,-0.216537,0,0,0,DISABLED,0
15.0003,0.229009,-0.00194048,0,-0.00256211,0.732761,0.00948703,-0.0182635,-0.00954614,-0.999788,-0.216609,0,0,0,DISABLED,0
15.0203,0.22901,-0.00193076,0,-0.00256835,0.732762,0.00947445,-0.0182697,-0.00952635,-0.999788,-0.216697,0,0,0,DISABLED,0
15.0403,0.229011,-0.00192194,0,-0.00257399,0.732762,0.00945556,-0.0182754,-0.00950842,-0.999788,-0.216778,0,0,0,DISABLED,0
15.0603,0.229012,-0.00191228,0,-0.00258019,0.732763,0.00943663,-0.0182816,-0.00948874,-0.999788,-0.216865,0,0,0,DISABLED,0
15.0803,0.229013,-0.00190441,0,-0.00258525,0.732763,0.00942399,-0.0182866,-0.00947268,-0.999788,-0.216937,0,0,0,DISABLED,0
15.1003,0.229014,-0.0018957,0,-0.00259087,0.732763,0.009405,-0.0182923,-0.00945488,-0.999788,-0.217016,0,0,0,DISABLED,0
15.1203,0.229015,-0.00188614,0,-0.00259705,0.732764,0.00939231,-0.0182984,-0.00943534,-0.999788,-0.217103,0,0,0,DISABLED,0
15.1403,0.229015,-0.00187836,0,-0.00260209,0.732764,0.00937961,-0.0183035,-0.00941941,-0.999788,-0.217174,0,0,0,DISABLED,0
15.1603,0.229016,-0.00186974,0,-0.00260825,0.732765,0.00936053,-0.0183096,-0.00939998,-0.999788,-0.217261,0,0,0,DISABLED,0
15.1803,0.229017,-0.00186029,0,-0.00261328,0.732765,0.00934778,-0.0183147,-0.00938412,-0.999788,-0.217331,0,0,0,DISABLED,0
15.2003,0.229018,-0.00185258,0,-0.00261831,0.732765,0.00933502,-0.0183197,-0.00936829,-0.999788,-0.217402,0,0,0,DISABLED,0
15.2203,0.229019,-0.00184319,0,-0.002625,0.732766,0.00931585,-0.0183264,-0.00934724,-0.999788,-0.217495,0,0,0,DISABLED,0
15.2403,0.229019,-0.00183638,0,-0.00262945,0.732766,0.00930304,-0.0183308,-0.00933323,-0.999788,-0.217558,0,0,0,DISABLED,0
15.2603,0.22902,-0.00182705,0,-0.00263558,0.732767,0.0092838,-0.018337,-0.00931401,-0.999788,-0.217643,0,0,0,DISABLED,0
15.2803,0.229021,-0.00181858,0,-0.00264115,0.732767,0.00927095,-0.0183425,-0.00929656,-0.999789,-0.21772,0,0,0,DISABLED,0
15.3003,0.229022,-0.00181012,0,-0.00264672,0.732767,0.00925808,-0.0183481,-0.00927913,-0.999789,-0.217798,0,0,0,DISABLED,0
15.3203,0.229022,-0.00180168,0,-0.00265226,0.732768,0.00923875,-0.0183537,-0.00926176,-0.999789,-0.217875,0,0,0,DISABLED,0
15.3403,0.229023,-0.00179327,0,-0.00265779,0.732768,0.00922584,-0.0183592,-0.00924443,-0.999789,-0.217952,0,0,0,DISABLED,0
15.3603,0.229024,-0.00178488,0,-0.00266332,0.732769,0.0092129,-0.0183647,-0.00922712,-0.999789,-0.218028,0,0,0,DISABLED,0
15.3803,0.229024,-0.00177818,0,-0.00266827,0.732769,0.00919996,-0.0183697,-0.00921159,-0.999789,-0.218097,0,0,0,DISABLED,0
15.4003,0.229025,-0.00176816,0,-0.00267432,0.732769,0.0091805,-0.0183757,-0.00919264,-0.999789,-0.218181,0,0,0,DISABLED,0
15.4203,0.229026,-0.00175901,0,-0.00268035,0.73277,0.0091675,-0.0183817,-0.00917375,-0.999789,-0.218265,0,0,0,DISABLED,0
15.4403,0.229027,-0.00175155,0,-0.00268527,0.73277,0.00914798,-0.0183867,-0.00915834,-0.999789,-0.218333,0,0,0,DISABLED,0
15.4603,0.229027,-0.00174328,0,-0.00269073,0.73277,0.00913494,-0.0183921,-0.00914125,-0.999789,-0.218408,0,0,0,DISABLED,0
15.4803,0.229028,-0.00173504,0,-0.00269618,0.732771,0.00912188,-0.0183976,-0.00912419,-0.999789,-0.218484,0,0,0,DISABLED,0
15.5003,0.229029,-0.00172682,0,-0.00270107,0.732771,0.0091088,-0.0184025,-0.00910889,-0.999789,-0.218551,0,0,0,DISABLED,0
15.5203,0.22903,-0.00171781,0,-0.00270758,0.732772,0.00908915,-0.018409,-0.00908852,-0.999789,-0.218641,0,0,0,DISABLED,0
15.5403,0.22903,-0.00171372,0,-0.00271083,0.732772,0.00908259,-0.0184122,-0.00907836,-0.999789,-0.218686,0,0,0,DISABLED,0
15.5603,0.229031,-0.00170312,0,-0.00271786,0.732772,0.00906288,-0.0184192,-0.00905641,-0.999789,-0.218783,0,0,0,DISABLED,0
15.5803,0.229031,-0.00169417,0,-0.00272328,0.732773,0.00904313,-0.0184247,-0.00903953,-0.999789,-0.218857,0,0,0,DISABLED,0
15.6003,0.229032,-0.00168606,0,-0.00272867,0.732773,0.00903653,-0.0184301,-0.00902271,-0.999789,-0.218931,0,0,0,DISABLED,0
15.6203,0.229033,-0.00167877,0,-0.00273351,0.732773,0.00902333,-0.0184349,-0.00900759,-0.999789,-0.218998,0,0,0,DISABLED,0
15.6403,0.229033,-0.00166988,0,-0.00273942,0.732774,0.00900349,-0.0184408,-0.00898916,-0.99979,-0.219079,0,0,0,DISABLED,0
15.6603,0.229034,-0.00166182,0,-0.00274478,0.732774,0.00899024,-0.0184462,-0.00897245,-0.99979,-0.219153,0,0,0,DISABLED,0
15.6803,0.229035,-0.00165379,0,-0.00275011,0.732774,0.00897697,-0.0184515,-0.00895578,-0.99979,-0.219226,0,0,0,DISABLED,0
15.7003,0.229035,-0.00164499,0,-0.00275597,0.732775,0.00895703,-0.0184574,-0.0089375,-0.99979,-0.219306,0,0,0,DISABLED,0
15.7203,0.229036,-0.00163781,0,-0.00276075,0.732775,0.00894371,-0.0184621,-0.00892259,-0.99979,-0.219372,0,0,0,DISABLED,0
15.7403,0.229036,-0.00162906,0,-0.00276657,0.732776,0.00893704,-0.018468,-0.0089044,-0.99979,-0.219452,0,0,0,DISABLED,0
15.7603,0.229037,-0.00162197,0,-0.00277131,0.732776,0.0089237,-0.0184727,-0.00888954,-0.99979,-0.219517,0,0,0,DISABLED,0
15.7803,0.229038,-0.00161338,0,-0.00277708,0.732776,0.00890363,-0.0184785,-0.00887146,-0.99979,-0.219595,0,0,0,DISABLED,0
15.8003,0.229038,-0.00160564,0,-0.00278234,0.732777,0.00889023,-0.0184837,-0.00885513,-0.99979,-0.219665,0,0,0,DISABLED,0
15.8203,0.229039,-0.00159873,0,-0.00278706,0.732777,0.00887682,-0.0184885,-0.00884052,-0.99979,-0.219728,0,0,0,DISABLED,0
15.8403,0.229039,-0.00159261,0,-0.00279128,0.732777,0.0088701,-0.0184927,-0.00882759,-0.99979,-0.219784,0,0,0,DISABLED,0
15.8603,0.22904,-0.00158347,0,-0.00279763,0.732778,0.00884992,-0.018499,-0.00880831,-0.99979,-0.219867,0,0,0,DISABLED,0
15.8803,0.22904,-0.00157663,0,-0.0028024,0.732778,0.00883644,-0.0185038,-0.00879392,-0.99979,-0.219929,0,0,0,DISABLED,0
15.9003,0.22904,-0.00156755,0,-0.00280876,0.732778,0.00882293,-0.0185102,-0.00877485,-0.99979,-0.220011,0,0,0,DISABLED,0
15.9203,0.229041,-0.00156378,0,-0.00281142,0.732779,0.00881618,-0.0185128,-0.00876695,-0.99979,-0.220045,0,0,0,DISABLED,0
15.9403,0.229041,-0.00155325,0,-0.00281884,0.732779,0.00879587,-0.0185202,-0.00874492,-0.99979,-0.22014,0,0,0,DISABLED,0
15.9603,0.229041,-0.00154575,0,-0.00282412,0.732779,0.00878909,-0.0185255,-0.00872929,-0.99979,-0.220207,0,0,0,DISABLED,0
15.9803,0.229042,-0.00153828,0,-0.00282938,0.73278,0.00877552,-0.0185308,-0.00871375,-0.99979,-0.220274,0,0,0,DISABLED,0
16.0003,0.229042,-0.00153083,0,-0.00283462,0.73278,0.00875512,-0.018536,-0.00869828,-0.99979,-0.220341,0,0,0,DISABLED,0
16.0203,0.229043,-0.00152338,0,-0.00283986,0.73278,0.00874831,-0.0185413,-0.00868287,-0.99979,-0.220408,0,0,0,DISABLED,0
16.0403,0.229043,-0.0015152,0,-0.0028456,0.732781,0.00873467,-0.018547,-0.008666,-0.99979,-0.220481,0,0,0,DISABLED,0
16.0603,0.229043,-0.00150853,0,-0.00285027,0.732781,0.00872101,-0.0185517,-0.00865224,-0.99979,-0.220541,0,0,0,DISABLED,0
16.0803,0.229044,-0.00150114,0,-0.00285597,0.732781,0.00870733,-0.0185574,-0.00863547,-0.99979,-0.220613,0,0,0,DISABLED,0
16.1003,0.229044,-0.00149377,0,-0.00286062,0.732782,0.00869363,-0.018562,-0.0086218,-0.999791,-0.220672,0,0,0,DISABLED,0
16.1203,0.229044,-0.00148642,0,-0.00286579,0.732782,0.00868677,-0.0185672,-0.00860664,-0.999791,-0.220738,0,0,0,DISABLED,0
16.1403,0.229045,-0.00147982,0,-0.00287043,0.732782,0.00867303,-0.0185718,-0.00859302,-0.999791,-0.220797,0,0,0,DISABLED,0
16.1603,0.229045,-0.00147177,0,-0.00287607,0.732783,0.00865239,-0.0185775,-0.00857643,-0.999791,-0.220868,0,0,0,DISABLED,0
16.1803,0.229045,-0.00146666,0,-0.00287966,0.732783,0.0086455,-0.0185811,-0.00856591,-0.999791,-0.220914,0,0,0,DISABLED,0
16.2003,0.229046,-0.00145721,0,-0.00288682,0.732783,0.0086317,-0.0185882,-0.00854491,-0.999791,-0.221004,0,0,0,DISABLED,0
16.2203,0.229046,-0.00144923,0,-0.0028914,0.732784,0.00862479,-0.0185928,-0.00853145,-0.999791,-0.221062,0,0,0,DISABLED,0
16.2403,0.229047,-0.00144274,0,-0.00289647,0.732784,0.00860404,-0.0185979,-0.00851655,-0.999791,-0.221127,0,0,0,DISABLED,0
16.2603,0.229047,-0.00143482,0,-0.00290205,0.732784,0.0085971,-0.0186034,-0.00850021,-0.999791,-0.221197,0,0,0,DISABLED,0
16.2803,0.229047,-0.00142837,0,-0.00290658,0.732785,0.00858323,-0.018608,-0.00848688,-0.999791,-0.221254,0,0,0,DISABLED,0
16.3003,0.229048,-0.00142122,0,-0.00291161,0.732785,0.00857628,-0.018613,-0.00847211,-0.999791,-0.221318,0,0,0,DISABLED,0
16.3203,0.229048,-0.00141338,0,-0.00291712,0.732785,0.0085554,-0.0186185,-0.00845592,-0.999791,-0.221388,0,0,0,DISABLED,0
16.3403,0.229049,-0.001407,0,-0.00292162,0.732785,0.00854843,-0.018623,-0.00844271,-0.999791,-0.221444,0,0,0,DISABLED,0
16.3603,0.229049,-0.00139992,0,-0.00292659,0.732786,0.00853448,-0.018628,-0.00842808,-0.999791,-0.221507,0,0,0,DISABLED,0
16.3803,0.229049,-0.00139287,0,-0.00293106,0.732786,0.00852749,-0.0186325,-0.00841494,-0.999791,-0.221564,0,0,0,DISABLED,0
16.4003,0.22905,-0.00138513,0,-0.002937,0.732786,0.0085065,-0.0186384,-0.00839747,-0.999791,-0.221639,0,0,0,DISABLED,0
16.4203,0.22905,-0.00138092,0,-0.00294044,0.732787,0.0085065,-0.0186418,-0.00838731,-0.999791,-0.221682,0,0,0,DISABLED,0
16.4403,0.22905,-0.00137183,0,-0.00294634,0.732787,0.00848545,-0.0186477,-0.00836992,-0.999791,-0.221757,0,0,0,DISABLED,0
16.4603,0.229051,-0.00136485,0,-0.00295125,0.732787,0.00847842,-0.0186526,-0.00835548,-0.999791,-0.221819,0,0,0,DISABLED,0
16.4803,0.229051,-0.00135719,0,-0.00295661,0.732788,0.00846435,-0.018658,-0.00833965,-0.999791,-0.221887,0,0,0,DISABLED,0
16.5003,0.229052,-0.00135095,0,-0.00296098,0.732788,0.0084573,-0.0186624,-0.00832673,-0.999791,-0.221942,0,0,0,DISABLED,0
16.5203,0.229052,-0.00134403,0,-0.00296583,0.732788,0.00843614,-0.0186672,-0.00831242,-0.999791,-0.222004,0,0,0,DISABLED,0
16.5403,0.229052,-0.00133716,0,-0.00297068,0.732788,0.00842907,-0.0186721,-0.00829801,-0.999791,-0.222064,0,0,0,DISABLED,0
16.5603,0.229053,-0.00133034,0,-0.00297545,0.732789,0.00841491,-0.0186768,-0.00828373,-0.999791,-0.222125,0,0,0,DISABLED,0
16.5803,0.229053,-0.0013229,0,-0.00298063,0.732789,0.00840783,-0.018682,-0.00826809,-0.999791,-0.222191,0,0,0,DISABLED,0
16.6003,0.229053,-0.00131686,0,-0.00298481,0.732789,0.00839364,-0.0186862,-0.00825539,-0.999791,-0.222245,0,0,0,DISABLED,0
16.6203,0.229054,-0.0013102,0,-0.00298939,0.73279,0.00838653,-0.0186908,-0.00824141,-0.999791,-0.222305,0,0,0,DISABLED,0
16.6403,0.229054,-0.0013049,0,-0.00299348,0.73279,0.0083723,-0.0186949,-0.0082289,-0.999791,-0.222359,0,0,0,DISABLED,0
16.6603,0.229055,-0.001297,0,-0.00299844,0.73279,0.00836518,-0.0186998,-0.00821371,-0.999791,-0.222424,0,0,0,DISABLED,0
16.6803,0.229055,-0.00129046,0,-0.00300203,0.73279,0.00835092,-0.0187034,-0.0082027,-0.999791,-0.222472,0,0,0,DISABLED,0
16.7003,0.229055,-0.00128394,0,-0.00300739,0.732791,0.00833663,-0.0187088,-0.00818624,-0.999791,-0.222543,0,0,0,DISABLED,0
16.7203,0.229055,-0.0012794,0,-0.00301051,0.732791,0.00832948,-0.0187119,-0.00817666,-0.999792,-0.222584,0,0,0,DISABLED,0
16.7403,0.229056,-0.00127097,0,-0.00301627,0.732791,0.00831515,-0.0187177,-0.00815891,-0.999792,-0.22266,0,0,0,DISABLED,0
16.7603,0.229056,-0.00126451,0,-0.00302069,0.732792,0.00830081,-0.0187221,-0.0081453,-0.999792,-0.222719,0,0,0,DISABLED,0
16.7803,0.229057,-0.00125806,0,-0.00302509,0.732792,0.00829362,-0.0187265,-0.00813172,-0.999792,-0.222777,0,0,0,DISABLED,0
16.8003,0.229057,-0.00125099,0,-0.0030299,0.732792,0.00827924,-0.0187313,-0.00811684,-0.999792,-0.222841,0,0,0,DISABLED,0
16.8203,0.229057,-0.00124522,0,-0.00303382,0.732792,0.00827203,-0.0187352,-0.00810471,-0.999792,-0.222894,0,0,0,DISABLED,0
16.8403,0.229058,-0.00123885,0,-0.00303815,0.732793,0.00825761,-0.0187395,-0.00809128,-0.999792,-0.222951,0,0,0,DISABLED,0
16.8603,0.229058,-0.00123249,0,-0.00304247,0.732793,0.00825039,-0.0187439,-0.00807788,-0.999792,-0.223009,0,0,0,DISABLED,0
16.8803,0.229059,-0.00122552,0,-0.00304718,0.732793,0.00823593,-0.0187486,-0.00806319,-0.999792,-0.223072,0,0,0,DISABLED,0
16.9003,0.229059,-0.00121985,0,-0.00305102,0.732793,0.00822868,-0.0187524,-0.00805122,-0.999792,-0.223124,0,0,0,DISABLED,0
16.9203,0.229059,-0.00121355,0,-0.00305527,0.732794,0.00822144,-0.0187567,-0.00803793,-0.999792,-0.223181,0,0,0,DISABLED,0
16.9403,0.22906,-0.00120728,0,-0.00305951,0.732794,0.00820693,-0.0187609,-0.00802469,-0.999792,-0.223238,0,0,0,DISABLED,0
16.9603,0.22906,-0.00120164,0,-0.0030633,0.732794,0.00819966,-0.0187647,-0.00801281,-0.999792,-0.223289,0,0,0,DISABLED,0
16.9803,0.22906,-0.00119477,0,-0.00306792,0.732794,0.00818511,-0.0187693,-0.00799831,-0.999792,-0.223351,0,0,0,DISABLED,0
17.0003,0.229061,-0.00118855,0,-0.00307208,0.732795,0.00817782,-0.0187735,-0.00798519,-0.999792,-0.223407,0,0,0,DISABLED,0
